source	chrom	pos	end	id	ref_len	alt_len	len_diff	gt	called	qual	filter	truvari	aardvark	vg_truvari	pg_truvari	applied_h1	applied_h2	in_sv_benchmark	svtype	TRFperiod	MatchId	overlaps_span_edge
truth_stvar	chr18	79248852	79248852	.	1	1	0	1|0	.	.	.	.	.	-	-	yes	ref	1	.	.	.	0
truth_smvar	chr18	79248852	79248852	.	1	1	0	1|0	.	.	.	.	.	-	-	no:duplicate_of_stvar	ref	1	.	.	.	0
vg	chr18	79248852	79248852	>94481525>94481528	1	1	0	1|0	1	88.0185	PASS	-	-	.	.	.	.	.	.	.	.	0
pangenie	chr18	79248852	79248852	chr18-79248852-SNV->95657491>95657493>95657494-1	1	1	0	0/1	1	.	PASS	-	-	.	.	.	.	.	.	.	.	0
truth_stvar	chr18	79248908	79248908	.	1	1	0	1|0	.	.	.	.	.	-	-	yes	ref	1	.	.	.	0
truth_smvar	chr18	79248908	79248908	.	1	1	0	1|0	.	.	.	.	.	-	-	no:duplicate_of_stvar	ref	1	.	.	.	0
vg	chr18	79248908	79248908	>94481544>94481547	1	1	0	1|0	1	27.8557	PASS	-	-	.	.	.	.	.	.	.	.	0
pangenie	chr18	79248908	79248908	chr18-79248908-SNV->95657510>95657512>95657513-1	1	1	0	0/1	1	.	PASS	-	-	.	.	.	.	.	.	.	.	0
truth_stvar	chr18	79248915	79249869	.	955	1	954	1|0	.	.	.	.	.	FN	FN	yes	ref	1	DEL	53	.	0
truth_smvar	chr18	79248915	79249869	.	955	1	954	1|0	.	.	.	.	.	-	-	no:duplicate_of_stvar	ref	1	.	53	.	0
vg	chr18	79248917	79263080	>94481540>94513747	14164	3829	-10335	1|2	1	1145.28	PASS	FP	-	.	.	.	.	.	.	.	416.2,416.0	0
vg	chr18	79248917	79263080	>94481540>94513747	14164	14488	324	1|2	1	1145.28	PASS	FP	-	.	.	.	.	.	.	.	416.12,416.1	0
pangenie	chr18	79248917	79263080	chr18-79248917-COMPLEX->95657513>95657515>95657517>95657518>95657520>95657521>95657523>95657524>95657525>95657527>95657529>95657530>95657533>95657553>95657555>95657556>95657558>95657559>95657560>95657562>95657564>95657565>95657567>95657568>95657569>95657571>95657573>95657574>95657575>95657577>95657579>95657580>95657582>95657583>95657585>95657586>95657587>95657589>95657590>95657593>95657594>95657595>95657596>95657597>95657598>95657599>95657600>95657603>95657604>95657930>95657931>95657933>95657934>95657937>95657939>95657940>95657944>95657947>95657948>95657949>95657951>95657953>95657954>95657955>95658010>95658014>95658069>95658071>95658073>95658074>95658077>95658078>95658079>95658081>95658083>95658084>95658086>95658087>95658089>95658091>95658092>95658094>95658095>95658097>95658098>95658099>95658103>95658104>95658107>95658108>95658110>95658111>95658113>95658114>95658117>95658120>95658121>95658123>95658124>95658126>95658127>95658130>95658131>95658133>95658134>95658136>95658138>95658139>95658141>95658143>95658144>95658145>95658148>95658149>95658151>95658152>95658153>95658158>95658159>95658161>95658163>95658164>95658166>95658169>95658170>95658171>95658173>95658174>95658176>95658177>95658179>95658180>95658182>95658183>95658184>95658187>95658188>95658189>95658191>95658192>95658194>95658195>95658199>95658201>95658204>95658205>95658206>95658208>95658209>95658212>95658213>95658215>95658216>95658217>95658220>95658221>95658222>95658224>95658226>95658227>95658229>95658230>95658233>95658235>95658236>95658237>95658239>95658241>95658242>95658245>95658246>95658248>95658249>95658251>95658252>95658254>95658255>95658257>95658259>95658261>95658264>95658265>95658267>95658269>95658270>95658274>95658275>95658276>95658279>95658280>95658282>95658284>95658285>95658287>95658289>95658290>95658293>95658294>95658295>95658297>95658299>95658301>95658302>95658305>95658306>95658307>95658309>95658310>95658312>95658313>95658316>95658317>95658318>95658320>95658321>95658323>95658325>95658326>95658328>95658330>95658331>95658332>95658336>95658337>95658339>95658341>95658342>95658345>95658346>95658348>95658349>95658351>95658353>95658355>95658356>95658359>95658360>95658361>95658363>95658364>95658367>95658368>95658369>95658371>95658372>95658375>95658376>95658377>95658379>95658382>95658383>95658384>95658386>95658387>95658388>95658390>95658392>95658393>95658395>95658396>95658397>95658398>95658401>95658402>95658403>95658404>95658406>95658407>95658408>95658411>95658412>95658414>95658415>95658417>95658419>95658420>95658422>95658423>95658424>95658425>95658428>95658429>95658431>95658433>95658434>95658609>95658882>95658883>95658884>95658885>95658887>95658888>95658889>95658894>95658898>95658899>95658900>95658903>95658904>95658905>95658906>95658909>95658910>95658912>95658913>95658915>95658916>95658917>95658920>95658921>95658923>95658924>95658927>95658929>95658930>95658933>95658934>95658937>95658938>95658939>95658941>95658943>95658944>95658947>95658948>95658949>95658951>95658952>95658953>95658957>95658958>95658959>95658961>95658962>95658964>95658965>95658969>95658971>95658972>95658974>95658977>95658979>95658980>95658982>95658983>95658985>95659642>95659644>95659645>95659647>95659648>95659652>95659653>95659654>95659655>95659656>95659659>95659661>95659663>95659664>95659665>95659667>95659668>95659671>95659673>95659674>95659676>95659679>95659680>95659681>95659683>95659685>95659686>95659687>95659690>95659691>95659693>95659694>95659696>95659697>95659698>95659699>95659702>95659703>95659704>95659707>95659708>95659709>95659711>95659712>95659714>95659715>95659718>95659721>95659722>95659725>95659726>95659727>95659730>95659733>95659734>95659735>95659738>95659739>95659740>95659742>95659743>95659745>95659746>95659749>95659750>95659752>95659753>95659754>95659757>95659758>95659760>95659761>95659763>95659765>95659766>95659768>95659769>95659772>95659773>95659775>95659776>95659779>95659780>95659781>95659784>95659785>95659787>95659788>95659790>95659791>95659793>95659795>95659796>95659798>95659799>95659801>95659802>95659803>95659806>95659807>95659809>95659812>95659813>95659816>95659817>95659818>95659820>95659821>95659824>95659825>95659826>95659828>95659830>95659832>95659835>95659836>95659837>95659838>95659839>95659841>95659842>95659844>95659845>95659847>95659848>95659850>95659852>95659854>95659855>95659856>95659858>95659861>95659862>95659864>95659865>95659866>95659867>95659868>95659871>95659872>95659873>95659876>95659877>95659878>95659880>95659881>95659883>95659884>95659885>95659888>95659889>95659891>95659892>95659894>95659895>95659899>95659900>95659902>95659904>95659906>95659907>95659909>95659910>95659912>95659913>95659914>95662579>95662580>95662584>95662585>95662586>95662588>95662589>95662591>95662592>95662594>95662596>95662597>95662598>95662600>95662603>95662605>95662606>95662607>95662610>95662611>95662612>95662614>95662615>95662619>95662620>95662621>95662623>95662626>95662628>95662629>95662631>95662635>95662636>95662637>95662639>95662642>95662644>95662645>95662646>95662648>95662650>95662651>95662652>95662654>95662658>95662659>95662660>95662664>95662665>95662666>95662668>95662669>95662672>95662673>95662675>95662677>95662678>95662680>95662681>95662683>95662685>95662687>95662688>95662689>95662692>95662695>95662696>95664289>95664290>95664292>95664293>95664295>95664296>95664298>95664299>95664302>95664304>95664305>95664308>95664310>95664311>95664314>95664315>95664317>95664319>95664321>95664322>95664324>95664325>95664328>95664330>95664331>95664332>95664335>95664337>95664338>95664340>95664341>95664343>95664344>95664346>95664347>95664349>95664350>95664355>95664356>95664357>95664359>95664361>95664362>95664364>95664365>95664366>95664368>95664370>95664372>95664373>95664374>95664376>95664377>95664378>95664381>95664382>95664385>95664386>95664390>95664391>95664392>95664395>95664396>95664398>95664399>95664401>95664402>95664406>95664407>95664408>95664409>95664411>95664412>95664413>95664415>95664416>95664418>95664419>95664422>95664423>95664424>95664426>95664427>95664429>95664431>95664433>95664434>95664436>95664438>95664439>95664441>95664442>95664443>95664445>95664446>95664448>95664449>95664451>95664452>95664454>95664457>95664458>95664459>95664462>95664463>95664465>95664466>95664467>95664468>95664471>95664472>95664474>95664476>95664477>95664478>95664480>95664481>95664483>95664484>95664487>95664488>95664490>95664492>95664494>95664495>95664497>95664498>95664500>95664501>95664502>95664503>95664506>95664507>95664510>95664511>95664512>95664513>95664515>95664516>95664518>95664519>95664521>95664522>95664524>95664526>95664527>95664531>95664532>95664535>95664536>95664538>95664540>95664541>95664543>95664544>95664546>95664547>95664552>95664553>95664555>95664556>95664557>95664558>95664560>95664561>95664563>95664564>95664566>95664567>95664569>95664570>95664573>95664574>95664575>95664580>95664581>95664582>95664585>95664586>95664588>95664589>95664591>95664592>95664594>95664595>95664597>95664599>95664600>95664603>95664604>95664605>95664606>95664609>95664611>95664612>95664614>95664615>95664617>95664618>95664621>95664624>95664627>95664628>95664629>95664634>95664635>95664636>95664637>95664638>95664640>95664641>95664644>95664645>95664647>95664648>95664650>95664652>95664653>95664654>95664657>95664658>95664660>95664661>95664663>95664664>95664666>95664667>95664668>95664671>95664672>95664675>95664677>95664680>95664681>95664682>95664684>95664686>95664688>95664689>95664690>95664691>95664692>95664693>95664696>95664698>95664700>95664703>95664704>95664706>95664707>95664709>95664710>95664712>95664716>95664717>95664720>95664721>95664724>95664725>95664726>95664728>95664729>95664731>95664733>95664734>95664736>95664737>95664739>95664741>95664742>95664743>95664747>95664748>95664749>95664751>95664752>95664754>95664755>95664758>95664761>95664762>95664766>95664767>95664770>95664771>95664772>95664774>95664775>95665368>95665369>95665371>95665373>95665374>95665376>95665378>95665379>95665381>95665382>95665384>95665385>95665387>95665388>95665391>95665392>95665395>95665396>95665398>95665401>95665402>95665404>95665405>95665407>95665409>95665410>95665411>95665413>95665416>95665418>95665419>95665420>95665423>95665424>95665425>95665427>95665428>95665430>95665432>95665435>95665437>95665438>95665439>95665442>95665444>95665446>95665447>95665449>95665451>95665452>95665453>95665455>95665458>95665459>95665461>95665463>95665464>95665467>95665468>95665469>95665471>95665472>95665474>95665475>95665477>95665478>95665480>95665482>95665483>95665486>95665487>95665488>95665491>95665492>95665494>95665497>95665498>95665500>95665502>95665503>95665504>95665506>95665507>95665509>95665510>95665514>95665515>95665518>95665519>95665521>95665522>95665525>95665526>95665527>95665529>95665563>95665564>95665566>95665567>95665569>95665570>95665572>95665573>95665576>95665579>95665580>95665585>95665586>95665587>95665590>95665591>95665593>95665594>95665596>95665598>95665599>95665601>95665602>95665604>95665606>95665609>95665610>95665611>95665614>95665615>95665617>95665618>95665620>95665621>95665623>95665624>95665626>95665628>95665629>95665630>95665632>95665635>95665636>95665638>95665639>95665640>95665644>95665645>95665646>95665649>95665651>95665652>95665654>95665655>95665657>95665658>95665660>95665661>95665663>95665665>95665666>95665669>95665670>95665671>95665675>95665676>95665677>95665679>95665680>95665682>95665683>95665685>95665686>95665688>95665689>95665691>95665692>95665694>95665697>95665698>95665700>95665702>95665704>95665705>95665708>95665709>95665799>95665800>95665802>95665803>95665804>95665806>95665808>95665809>95665810>95665813>95665814>95665815>95665817>95665818>95665820>95665821>95665824>95665826>95665827>95665830>95665832>95665833>95665835>95665836>95665838>95665839>95665840>95665842>95665843>95665846>95665847>95665849>95665850>95665852>95665853>95665855>95665857>95665858>95665860>95665861>95665863>95665864>95665866>95665867>95665869>95665870>95665873>95665874>95665877>95665879>95665880>95665884>95665885>95665886>95665888>95665891>95665892>95665893>95665895>95665896>95665899>95665900>95665903>95665904>95665905>95665906>95665908>95666074>95666077>95666078>95666081>95666083>95666084>95666086>95666087>95666089>95666090>95666092>95666093>95666095>95666096>95666097>95666100>95666101>95666103>95666105>95666106>95666108>95666111>95666112>95666114>95666116>95666117>95666119>95666120>95666122>95666123>95666125>95666126>95666128>95666129>95666133>95666135>95666136>95666137>95666140>95666141>95666143>95666144>95666146>95666147>95666149>95666150>95666154>95666156>95666157>95666161>95666162>95666163>95666165>95666166>95666169>95666170>95666172>95666173>95666175>95666176>95666178>95666179>95666181>95666184>95666224>95666226>95666227>95666230>95666232>95666233>95666235>95666236>95666237>95666239>95666242>95666244>95666245>95666246>95666249>95666250>95666253>95666254>95666256>95666258>95666259>95666261>95666262>95666264>95666268>95666269>95666270>95666271>95666272>95666275>95666276>95666278>95666279>95666281>95666282>95666284>95666286>95666288>95666291>95666293>95666294>95669001>95669013>95669014>95669015>95669030>95669031>95669034>95669035>95669036>95669038>95669042>95669043>95669044>95669045>95669046>95669048>95669050>95669051>95669055>95669056>95669059>95669060>95669061>95669063>95669064>95669066>95669068>95669069>95669070>95669072>95669073>95669075>95669077>95669078>95669082>95669083>95669084>95669088>95669089>95669090>95669092>95669094>95669095>95669097>95669098>95669100>95669101>95669103>95669105>95669107>95669108>95669112>95669113>95669116>95669117>95669119>95669120>95669122>95669123>95669125>95669128>95669129>95669130>95669132>95669133>95669135>95669136>95669141>95669142>95669143>95669145>95669146>95669148>95669149>95669150>95669152>95669163>95669164>95669165>95669167>95669168>95669169>95669170>95669172>95669173>95669175>95669176>95669178>95669179>95669180>95669182>95669184>95669185>95669186>95669188>95669189>95669190>95669192>95669194>95669195>95669196>95669200>95669201>95669202>95669204>95669205>95669207>95669209>95669210>95669212>95669213>95669216>95669217>95669219>95669744>95669745>95669748>95669749>95669750>95669752>95669753>95669754>95669755>95669757>95669758>95669759>95669760>95669762>95669763>95669765>95669766>95669768>95669770>95669771>95669775>95669776>95669778>95669780>95669782>95669783>95669785>95669787>95669788>95669790>95669791>95669792>95669794>95669796>95669798>95669799>95669801>95669802>95669805>95669806>95669808>95669809>95669811>95669812>95669815>95669816>95669817>95669821>95669822>95669823>95669824>95669826>95669827>95669829>95669830>95669832>95669834>95669835>95669837>95669838>95669840>95669841>95669843>95669844>95669846>95669847>95669849>95669850>95669852>95669853>95669855>95669858>95669859>95669862>95669863>95669865>95669867>95669868>95669869>95669873>95669874>95669876>95669878>95669881>95669882>95669885>95669887>95669888>95669889>95669891>95669892>95669893>95669896>95669897>95669899>95669900>95669902>95669904>95669905>95669907>95669909>95669910>95669911>95669913>95669914>95669917>95669918>95669919>95669921>95669922>95669924>95669925>95669927>95669928>95669929>95669932>95669933>95669934>95669936>95669937>95669938>95669941>95669943>95669945>95669947>95669948>95669949>95669951>95669952>95669954>95669957>95669959>95669962>95669963>95669964>95669968>95669969>95669971>95669972>95669975>95669976>95669978>95669979>95669980>95669981>95669983>95669984>95669986>95669988>95669989>95669992>95669993>95669994>95669998>95669999>95670003>95670004>95670006>95670008>95670009>95670011>95670012>95670015>95670018>95670019>95670020>95670022>95670023>95670025>95670026>95670028>95670029>95670031>95670032>95670034>95670035>95670037>95670038>95670039>95670043>95670044>95670048>95670049>95670051>95670055>95670056>95670057>95670059>95670060>95670061>95670063>95670067>95670068>95670069>95670071>95670072>95670647>95670649>95670650>95670652>95670653>95670655>95670656>95670658>95670660>95670661>95670664>95670666>95670667>95670669>95670672>95670673>95670675>95670678>95670679>95670680>95670683>95670684>95670686>95670687>95670688>95670689>95670692>95670694>95670696>95670697>95670699>95671134>95671136>95671137>95671139>95671141>95671142>95671144>95671147>95671148>95671150>95671151>95671153>95671154>95671156>95671157>95671160>95671162>95671163>95671165>95671168>95671169>95671170>95671174>95671175>95671176>95671177>95671178>95671181>95671183>95671184>95671187>95671189>95671191>95671192>95671193>95671196>95671197>95671200>95671201>95671203>95671204>95671206>95671207>95671209>95671210>95671212>95671214>95671215>95671218>95671219>95671220>95671225>95671226>95671228>95671229>95671232>95671233>95671236>95671237>95671240>95671241>95671243>95671244>95671246>95671247>95671249>95671250>95671252>95671254>95671257>95671258>95671259>95671262>95671263>95671265>95671267>95671268>95671269>95671271>95671272>95671274>95671276>95671277>95671279>95671280>95671283>95671284>95671287>95671288>95671291>95671292>95671294>95671295>95671297>95671299>95671300>95671302>95671303>95671304>95671305>95671307>95671308>95671310>95671311>95671313>95671315>95671317>95671318>95671320>95671321>95671323>95671324>95671326>95671327>95671329>95671330>95671332>95671335>95671337>95671339>95671340>95671342>95671344>95671346>95671348>95671349>95671350>95671352>95671354>95671356>95671357>95671358>95671360>95671362>95671364>95671365>95671367>95671368>95671370>95671371>95671373>95671374>95671376>95671377>95671378>95671381>95671382>95689640>95689641-14164	14164	3720	-10444	0/1	1	.	PASS	FP	-	.	.	.	.	.	.	.	403.2,403.0	0
truth_stvar	chr18	79249703	79249703	.	1	1	0	1|0	.	.	.	.	.	-	-	no:star_allele	ref	1	.	.	.	0
truth_stvar	chr18	79249703	79249703	.	1	1	0	0|1	.	.	.	.	.	-	-	ref	yes	1	.	.	.	0
truth_smvar	chr18	79249703	79249703	.	1	1,1	0	2|1	.	.	.	.	.	-	-	no:star_allele	no:duplicate_of_stvar	1	.	.	.	0
vg	chr18	79249703	79249703	>94482629>94482632	1	1	0	.|1	1	43.5945	PASS	-	-	.	.	.	.	.	.	.	.	0
truth_stvar	chr18	79249710	79249710	.	1	1	0	1|0	.	.	.	.	.	-	-	no:star_allele	ref	1	.	.	.	0
truth_stvar	chr18	79249710	79249710	.	1	1	0	0|1	.	.	.	.	.	-	-	ref	yes	1	.	.	.	0
truth_smvar	chr18	79249710	79249710	.	1	1,1	0	2|1	.	.	.	.	.	-	-	no:star_allele	no:duplicate_of_stvar	1	.	.	.	0
vg	chr18	79249710	79249710	>94482632>94482635	1	1	0	.|1	1	60.1186	PASS	-	-	.	.	.	.	.	.	.	.	0
truth_stvar	chr18	79249718	79249718	.	1	1	0	1|0	.	.	.	.	.	-	-	no:star_allele	ref	1	.	.	.	0
truth_stvar	chr18	79249718	79249718	.	1	1	0	0|1	.	.	.	.	.	-	-	ref	yes	1	.	.	.	0
truth_smvar	chr18	79249718	79249718	.	1	1,1	0	2|1	.	.	.	.	.	-	-	no:star_allele	no:duplicate_of_stvar	1	.	.	.	0
vg	chr18	79249718	79249718	>94482635>94482640	1	1	0	.|1	1	77.7544	PASS	-	-	.	.	.	.	.	.	.	.	0
vg	chr18	79249727	79249780	>94482647>94482661	54	1	-53	.|1	1	98.323	PASS	TP	-	.	.	.	.	.	.	.	416.3,416.2	0
truth_stvar	chr18	79249748	79249748	.	1	1	0	1|0	.	.	.	.	.	-	-	no:star_allele	ref	1	.	.	.	0
truth_stvar	chr18	79249748	79249748	.	1	1	0	0|1	.	.	.	.	.	-	-	ref	yes	1	.	.	.	0
truth_smvar	chr18	79249748	79249748	.	1	1,1	0	2|1	.	.	.	.	.	-	-	no:star_allele	no:duplicate_of_stvar	1	.	.	.	0
truth_stvar	chr18	79249763	79249816	.	54	1	0	1|0	.	.	.	.	.	-	-	no:star_allele	ref	1	DEL	53	.	0
truth_stvar	chr18	79249763	79249816	.	54	1	53	0|1	.	.	.	.	.	TP	FN	ref	yes	1	DEL	53	.	0
truth_smvar	chr18	79249763	79249816	.	54	1,1	53	2|1	.	.	.	.	.	-	-	no:star_allele	no:duplicate_of_stvar	1	.	53	.	0
vg	chr18	79249793	79249846	>94482661>94482829	54	1	-53	.|1	1	80.8191	PASS	TP	-	.	.	.	.	.	.	.	416.1,416.3	0
truth_stvar	chr18	79249823	79249823	.	1	1	0	1|0	.	.	.	.	.	-	-	no:star_allele	ref	1	.	.	.	0
truth_stvar	chr18	79249823	79249823	.	1	1	0	0|1	.	.	.	.	.	-	-	ref	yes	1	.	.	.	0
truth_smvar	chr18	79249823	79249823	.	1	1,1	0	2|1	.	.	.	.	.	-	-	no:star_allele	no:duplicate_of_stvar	1	.	.	.	0
vg	chr18	79249868	79249921	>94482841>94482908	54	1	-53	.|1	1	76.2324	PASS	FP	-	.	.	.	.	.	.	.	416.1,416.4	0
truth_stvar	chr18	79249871	79249871	.	1	1	0	1|0	.	.	.	.	.	-	-	yes	ref	1	.	.	.	0
truth_smvar	chr18	79249871	79249871	.	1	1	0	1|0	.	.	.	.	.	-	-	no:duplicate_of_stvar	ref	1	.	.	.	0
truth_stvar	chr18	79249898	79249898	.	1	1	0	1|0	.	.	.	.	.	-	-	yes	ref	1	.	.	.	0
truth_smvar	chr18	79249898	79249898	.	1	1	0	1|0	.	.	.	.	.	-	-	no:duplicate_of_stvar	ref	1	.	.	.	0
truth_stvar	chr18	79249907	79252505	.	2599	1	2598	1|0	.	.	.	.	.	FN	FN	yes	ref	1	DEL	53	.	0
truth_smvar	chr18	79249907	79252505	.	2599	1	2598	1|0	.	.	.	.	.	-	-	no:duplicate_of_stvar	ref	1	.	53	.	0
vg	chr18	79249922	79249975	>94482841>94482908	54	1	-53	.|1	1	76.2324	PASS	FP	-	.	.	.	.	.	.	.	416.1,416.5	0
vg	chr18	79249982	79249982	>94482908>94482914	1	1	0	.|1	1	62.1753	PASS	-	-	.	.	.	.	.	.	.	.	0
vg	chr18	79250036	79250036	>94497377>94497382	1	1	0	.|1	1	38.6479	PASS	-	-	.	.	.	.	.	.	.	.	0
vg	chr18	79250081	79250081	>94497408>94497411	1	1	0	.|1	1	39.8583	PASS	-	-	.	.	.	.	.	.	.	.	0
vg	chr18	79250088	79250088	>94497411>94497416	1	1	0	.|1	1	0.411241	PASS	-	-	.	.	.	.	.	.	.	.	0
truth_stvar	chr18	79250141	79250141	.	1	1	0	1|0	.	.	.	.	.	-	-	no:star_allele	ref	1	.	.	.	0
truth_stvar	chr18	79250141	79250141	.	1	1	0	0|1	.	.	.	.	.	-	-	ref	yes	1	.	.	.	0
truth_smvar	chr18	79250141	79250141	.	1	1,1	0	2|1	.	.	.	.	.	-	-	no:star_allele	no:duplicate_of_stvar	1	.	.	.	0
truth_stvar	chr18	79250146	79250146	.	1	1	0	1|0	.	.	.	.	.	-	-	no:star_allele	ref	1	.	.	.	0
truth_stvar	chr18	79250146	79250146	.	1	1	0	0|1	.	.	.	.	.	-	-	ref	yes	1	.	.	.	0
truth_smvar	chr18	79250146	79250146	.	1	1,1	0	2|1	.	.	.	.	.	-	-	no:star_allele	no:duplicate_of_stvar	1	.	.	.	0
truth_stvar	chr18	79250147	79250199	.	53	1	0	1|0	.	.	.	.	.	-	-	no:star_allele	ref	1	DEL	53	.	0
truth_stvar	chr18	79250147	79250199	.	53	1	52	0|1	.	.	.	.	.	TP	FN	ref	yes	1	DEL	53	.	0
truth_smvar	chr18	79250147	79250199	.	53	1,1	52	2|1	.	.	.	.	.	-	-	no:star_allele	no:duplicate_of_stvar	1	.	53	.	0
vg	chr18	79250172	79250172	>94497457>94497814	1	1221	1220	.|1	1	203.821	PASS	FP	-	.	.	.	.	.	.	.	416.14,416.6	0
truth_stvar	chr18	79250247	79250247	.	1	1	0	1|0	.	.	.	.	.	-	-	no:star_allele	ref	1	.	.	.	0
truth_stvar	chr18	79250247	79250247	.	1	1	0	0|1	.	.	.	.	.	-	-	ref	yes	1	.	.	.	0
truth_smvar	chr18	79250247	79250247	.	1	1,1	0	2|1	.	.	.	.	.	-	-	no:star_allele	no:duplicate_of_stvar	1	.	.	.	0
vg	chr18	79250278	79250278	>94497869>94497875	1	1	0	.|1	1	3.80049	PASS	-	-	.	.	.	.	.	.	.	.	0
vg	chr18	79250293	79250293	>94497884>94497887	1	1	0	.|1	1	3.63905	PASS	-	-	.	.	.	.	.	.	.	.	0
vg	chr18	79250300	79250300	>94497887>94497892	1	1	0	.|1	1	7.78412	PASS	-	-	.	.	.	.	.	.	.	.	0
truth_stvar	chr18	79250331	79250331	.	1	1	0	1|0	.	.	.	.	.	-	-	no:star_allele	ref	1	.	.	.	0
truth_stvar	chr18	79250331	79250331	.	1	1	0	0|1	.	.	.	.	.	-	-	ref	yes	1	.	.	.	0
truth_smvar	chr18	79250331	79250331	.	1	1,1	0	2|1	.	.	.	.	.	-	-	no:star_allele	no:duplicate_of_stvar	1	.	.	.	0
vg	chr18	79250346	79250346	>94497910>94497913	1	1	0	.|1	1	12.5447	PASS	-	-	.	.	.	.	.	.	.	.	0
truth_stvar	chr18	79250353	79250353	.	1	1	0	1|0	.	.	.	.	.	-	-	no:star_allele	ref	1	.	.	.	0
truth_stvar	chr18	79250353	79250353	.	1	1	0	0|1	.	.	.	.	.	-	-	ref	yes	1	.	.	.	0
truth_smvar	chr18	79250353	79250353	.	1	1,1	0	2|1	.	.	.	.	.	-	-	no:star_allele	no:duplicate_of_stvar	1	.	.	.	0
truth_stvar	chr18	79250354	79250354	.	1	1	0	1|0	.	.	.	.	.	-	-	no:star_allele	ref	1	.	.	.	0
truth_stvar	chr18	79250354	79250354	.	1	1	0	0|1	.	.	.	.	.	-	-	ref	yes	1	.	.	.	0
truth_smvar	chr18	79250354	79250354	.	1	1,1	0	2|1	.	.	.	.	.	-	-	no:star_allele	no:duplicate_of_stvar	1	.	.	.	0
truth_stvar	chr18	79250358	79250358	.	1	1	0	1|0	.	.	.	.	.	-	-	no:star_allele	ref	1	.	.	.	0
truth_stvar	chr18	79250358	79250358	.	1	1	0	0|1	.	.	.	.	.	-	-	ref	yes	1	.	.	.	0
truth_smvar	chr18	79250358	79250358	.	1	1,1	0	2|1	.	.	.	.	.	-	-	no:star_allele	no:duplicate_of_stvar	1	.	.	.	0
vg	chr18	79250702	79250702	>94498149>94498153	1	1	0	.|1	1	1.43385	PASS	-	-	.	.	.	.	.	.	.	.	0
vg	chr18	79250717	79250717	>94498156>94498159	1	1	0	.|1	1	5.29736	PASS	-	-	.	.	.	.	.	.	.	.	0
truth_stvar	chr18	79250982	79250982	.	1	1	0	1|0	.	.	.	.	.	-	-	no:star_allele	ref	1	.	.	.	0
truth_stvar	chr18	79250982	79250982	.	1	160	159	0|1	.	.	.	.	.	FN	FN	ref	yes	1	INS	53	.	0
truth_smvar	chr18	79250982	79250982	.	1	160,1	159	2|1	.	.	.	.	.	-	-	no:star_allele	no:duplicate_of_stvar	1	.	53	.	0
vg	chr18	79251337	79251338	>94498882>94498889	2	2	0	.|1	1	0.152229	PASS	-	-	.	.	.	.	.	.	.	.	0
vg	chr18	79251360	79251360	>94498903>94498908	1	1	0	.|1	1	3.64948	PASS	-	-	.	.	.	.	.	.	.	.	0
vg	chr18	79251406	79251406	>94498937>94498940	1	1	0	.|1	1	11.095	PASS	-	-	.	.	.	.	.	.	.	.	0
vg	chr18	79251413	79251414	>94498940>94498944	2	1	-1	.|1	1	12.087	PASS	-	-	.	.	.	.	.	.	.	.	0
vg	chr18	79251418	79251418	>94498945>94498948	1	2	1	.|1	1	14.8155	PASS	-	-	.	.	.	.	.	.	.	.	0
vg	chr18	79251444	79251444	>94498979>94498985	1	1	0	.|1	1	0.883023	PASS	-	-	.	.	.	.	.	.	.	.	0
vg	chr18	79251467	79251467	>94498999>94499004	1	1	0	.|1	1	14.9079	PASS	-	-	.	.	.	.	.	.	.	.	0
vg	chr18	79251471	79251471	>94499004>94499009	1	1	0	.|1	1	18.9975	PASS	-	-	.	.	.	.	.	.	.	.	0
vg	chr18	79251497	79251497	>94499021>94499025	1	1	0	.|1	1	8.19199	PASS	-	-	.	.	.	.	.	.	.	.	0
truth_stvar	chr18	79251529	79251529	.	1	1	0	1|0	.	.	.	.	.	-	-	no:star_allele	ref	1	.	.	.	0
truth_stvar	chr18	79251529	79251529	.	1	1	0	0|1	.	.	.	.	.	-	-	ref	yes	1	.	.	.	0
truth_smvar	chr18	79251529	79251529	.	1	1,1	0	2|1	.	.	.	.	.	-	-	no:star_allele	no:duplicate_of_stvar	1	.	.	.	0
truth_stvar	chr18	79251544	79251544	.	1	1	0	1|0	.	.	.	.	.	-	-	no:star_allele	ref	1	.	.	.	0
truth_stvar	chr18	79251544	79251544	.	1	1	0	0|1	.	.	.	.	.	-	-	ref	yes	1	.	.	.	0
truth_smvar	chr18	79251544	79251544	.	1	1,1	0	2|1	.	.	.	.	.	-	-	no:star_allele	no:duplicate_of_stvar	1	.	.	.	0
truth_stvar	chr18	79251549	79251549	.	1	1	0	1|0	.	.	.	.	.	-	-	no:star_allele	ref	1	.	.	.	0
truth_stvar	chr18	79251549	79251549	.	1	1	0	0|1	.	.	.	.	.	-	-	ref	yes	1	.	.	.	0
truth_smvar	chr18	79251549	79251549	.	1	1,1	0	2|1	.	.	.	.	.	-	-	no:star_allele	no:duplicate_of_stvar	1	.	.	.	0
truth_stvar	chr18	79251550	79251550	.	1	1	0	1|0	.	.	.	.	.	-	-	no:star_allele	ref	1	.	.	.	0
truth_stvar	chr18	79251550	79251550	.	1	1	0	0|1	.	.	.	.	.	-	-	ref	yes	1	.	.	.	0
truth_smvar	chr18	79251550	79251550	.	1	1,1	0	2|1	.	.	.	.	.	-	-	no:star_allele	no:duplicate_of_stvar	1	.	.	.	0
truth_stvar	chr18	79251572	79251572	.	1	1	0	1|0	.	.	.	.	.	-	-	no:star_allele	ref	1	.	.	.	0
truth_stvar	chr18	79251572	79251572	.	1	1	0	0|1	.	.	.	.	.	-	-	ref	yes	1	.	.	.	0
truth_smvar	chr18	79251572	79251572	.	1	1,1	0	2|1	.	.	.	.	.	-	-	no:star_allele	no:duplicate_of_stvar	1	.	.	.	0
truth_stvar	chr18	79251625	79251625	.	1	1	0	1|0	.	.	.	.	.	-	-	no:star_allele	ref	1	.	.	.	0
truth_stvar	chr18	79251625	79251625	.	1	1	0	0|1	.	.	.	.	.	-	-	ref	yes	1	.	.	.	0
truth_smvar	chr18	79251625	79251625	.	1	1,1	0	2|1	.	.	.	.	.	-	-	no:star_allele	no:duplicate_of_stvar	1	.	.	.	0
truth_stvar	chr18	79251650	79251650	.	1	1	0	1|0	.	.	.	.	.	-	-	no:star_allele	ref	1	.	.	.	0
truth_stvar	chr18	79251650	79251650	.	1	1	0	0|1	.	.	.	.	.	-	-	ref	yes	1	.	.	.	0
truth_smvar	chr18	79251650	79251650	.	1	1,1	0	2|1	.	.	.	.	.	-	-	no:star_allele	no:duplicate_of_stvar	1	.	.	.	0
truth_stvar	chr18	79251655	79251655	.	1	1	0	1|0	.	.	.	.	.	-	-	no:star_allele	ref	1	.	.	.	0
truth_stvar	chr18	79251655	79251655	.	1	1	0	0|1	.	.	.	.	.	-	-	ref	yes	1	.	.	.	0
truth_smvar	chr18	79251655	79251655	.	1	1,1	0	2|1	.	.	.	.	.	-	-	no:star_allele	no:duplicate_of_stvar	1	.	.	.	0
truth_stvar	chr18	79251656	79251656	.	1	1	0	1|0	.	.	.	.	.	-	-	no:star_allele	ref	1	.	.	.	0
truth_stvar	chr18	79251656	79251656	.	1	1	0	0|1	.	.	.	.	.	-	-	ref	yes	1	.	.	.	0
truth_smvar	chr18	79251656	79251656	.	1	1,1	0	2|1	.	.	.	.	.	-	-	no:star_allele	no:duplicate_of_stvar	1	.	.	.	0
vg	chr18	79251656	79251656	>94499104>94503466	1	1	0	.|1	1	180.839	PASS	-	-	.	.	.	.	.	.	.	.	0
vg	chr18	79251671	79251671	>94499120>94499123	1	1	0	.|1	1	1.45427	PASS	-	-	.	.	.	.	.	.	.	.	0
vg	chr18	79251677	79251677	>94499123>94499128	1	3	2	.|1	1	3.25097	PASS	-	-	.	.	.	.	.	.	.	.	0
vg	chr18	79251681	79251683	>94499131>94499135	3	1	-2	.|1	1	1.68918	PASS	-	-	.	.	.	.	.	.	.	.	0
vg	chr18	79251737	79251737	>94499163>94499253	1	213	212	.|1	1	9.26305	PASS	FP	-	.	.	.	.	.	.	.	416.19,416.7	0
truth_stvar	chr18	79251762	79251762	.	1	1	0	1|0	.	.	.	.	.	-	-	no:star_allele	ref	1	.	.	.	0
truth_stvar	chr18	79251762	79251762	.	1	1	0	0|1	.	.	.	.	.	-	-	ref	yes	1	.	.	.	0
truth_smvar	chr18	79251762	79251762	.	1	1,1	0	2|1	.	.	.	.	.	-	-	no:star_allele	no:duplicate_of_stvar	1	.	.	.	0
truth_stvar	chr18	79251784	79251784	.	1	1	0	1|0	.	.	.	.	.	-	-	no:star_allele	ref	1	.	.	.	0
truth_stvar	chr18	79251784	79251784	.	1	1	0	0|1	.	.	.	.	.	-	-	ref	yes	1	.	.	.	0
truth_smvar	chr18	79251784	79251784	.	1	1,1	0	2|1	.	.	.	.	.	-	-	no:star_allele	no:duplicate_of_stvar	1	.	.	.	0
truth_stvar	chr18	79251815	79251815	.	1	1	0	1|0	.	.	.	.	.	-	-	no:star_allele	ref	1	.	.	.	0
truth_stvar	chr18	79251815	79251815	.	1	1	0	0|1	.	.	.	.	.	-	-	ref	yes	1	.	.	.	0
truth_smvar	chr18	79251815	79251815	.	1	1,1	0	2|1	.	.	.	.	.	-	-	no:star_allele	no:duplicate_of_stvar	1	.	.	.	0
truth_stvar	chr18	79251837	79251837	.	1	1	0	1|0	.	.	.	.	.	-	-	no:star_allele	ref	1	.	.	.	0
truth_stvar	chr18	79251837	79251837	.	1	1	0	0|1	.	.	.	.	.	-	-	ref	yes	1	.	.	.	0
truth_smvar	chr18	79251837	79251837	.	1	1,1	0	2|1	.	.	.	.	.	-	-	no:star_allele	no:duplicate_of_stvar	1	.	.	.	0
vg	chr18	79251837	79251837	>94499291>94499294	1	2	1	.|1	1	4.49413	PASS	-	-	.	.	.	.	.	.	.	.	0
vg	chr18	79251841	79251842	>94499294>94499300	2	2	0	.|1	1	2.90035	PASS	-	-	.	.	.	.	.	.	.	.	0
vg	chr18	79251868	79253748	>94499300>94503184	1881	5544	3663	.|1	1	189.26	PASS	FP	-	.	.	.	.	.	.	.	416.2,416.8	0
truth_stvar	chr18	79251895	79251895	.	1	1	0	1|0	.	.	.	.	.	-	-	no:star_allele	ref	1	.	.	.	0
truth_stvar	chr18	79251895	79251895	.	1	1	0	0|1	.	.	.	.	.	-	-	ref	yes	1	.	.	.	0
truth_smvar	chr18	79251895	79251895	.	1	1,1	0	2|1	.	.	.	.	.	-	-	no:star_allele	no:duplicate_of_stvar	1	.	.	.	0
truth_stvar	chr18	79251896	79251896	.	1	1	0	1|0	.	.	.	.	.	-	-	no:star_allele	ref	1	.	.	.	0
truth_stvar	chr18	79251896	79251896	.	1	53	52	0|1	.	.	.	.	.	FN	FN	ref	yes	1	INS	53	.	0
truth_smvar	chr18	79251896	79251896	.	1	53,1	52	2|1	.	.	.	.	.	-	-	no:star_allele	no:duplicate_of_stvar	1	.	53	.	0
truth_stvar	chr18	79251929	79251929	.	1	1	0	1|0	.	.	.	.	.	-	-	no:star_allele	ref	1	.	.	.	0
truth_stvar	chr18	79251929	79251929	.	1	1	0	0|1	.	.	.	.	.	-	-	ref	yes	1	.	.	.	0
truth_smvar	chr18	79251929	79251929	.	1	1,1	0	2|1	.	.	.	.	.	-	-	no:star_allele	no:duplicate_of_stvar	1	.	.	.	0
truth_stvar	chr18	79251945	79251945	.	1	1	0	1|0	.	.	.	.	.	-	-	no:star_allele	ref	1	.	.	.	0
truth_stvar	chr18	79251945	79251945	.	1	1	0	0|1	.	.	.	.	.	-	-	ref	yes	1	.	.	.	0
truth_smvar	chr18	79251945	79251945	.	1	1,1	0	2|1	.	.	.	.	.	-	-	no:star_allele	no:duplicate_of_stvar	1	.	.	.	0
truth_stvar	chr18	79251949	79251949	.	1	1	0	1|0	.	.	.	.	.	-	-	no:star_allele	ref	1	.	.	.	0
truth_stvar	chr18	79251949	79251949	.	1	1	0	0|1	.	.	.	.	.	-	-	ref	yes	1	.	.	.	0
truth_smvar	chr18	79251949	79251949	.	1	1,1	0	2|1	.	.	.	.	.	-	-	no:star_allele	no:duplicate_of_stvar	1	.	.	.	0
truth_stvar	chr18	79252007	79252007	.	1	1	0	1|0	.	.	.	.	.	-	-	no:star_allele	ref	1	.	.	.	0
truth_stvar	chr18	79252007	79252007	.	1	1	0	0|1	.	.	.	.	.	-	-	ref	yes	1	.	.	.	0
truth_smvar	chr18	79252007	79252007	.	1	1,1	0	2|1	.	.	.	.	.	-	-	no:star_allele	no:duplicate_of_stvar	1	.	.	.	0
truth_stvar	chr18	79252103	79252103	.	1	1	0	1|0	.	.	.	.	.	-	-	no:star_allele	ref	1	.	.	.	0
truth_stvar	chr18	79252103	79252103	.	1	1	0	0|1	.	.	.	.	.	-	-	ref	yes	1	.	.	.	0
truth_smvar	chr18	79252103	79252103	.	1	1,1	0	2|1	.	.	.	.	.	-	-	no:star_allele	no:duplicate_of_stvar	1	.	.	.	0
truth_stvar	chr18	79252104	79252104	.	1	1	0	1|0	.	.	.	.	.	-	-	no:star_allele	ref	1	.	.	.	0
truth_stvar	chr18	79252104	79252104	.	1	1	0	0|1	.	.	.	.	.	-	-	ref	yes	1	.	.	.	0
truth_smvar	chr18	79252104	79252104	.	1	1,1	0	2|1	.	.	.	.	.	-	-	no:star_allele	no:duplicate_of_stvar	1	.	.	.	0
truth_stvar	chr18	79252128	79252128	.	1	1	0	1|0	.	.	.	.	.	-	-	no:star_allele	ref	1	.	.	.	0
truth_stvar	chr18	79252128	79252128	.	1	1	0	0|1	.	.	.	.	.	-	-	ref	yes	1	.	.	.	0
truth_smvar	chr18	79252128	79252128	.	1	1,1	0	2|1	.	.	.	.	.	-	-	no:star_allele	no:duplicate_of_stvar	1	.	.	.	0
truth_stvar	chr18	79252133	79252133	.	1	1	0	1|0	.	.	.	.	.	-	-	no:star_allele	ref	1	.	.	.	0
truth_stvar	chr18	79252133	79252133	.	1	1	0	0|1	.	.	.	.	.	-	-	ref	yes	1	.	.	.	0
truth_smvar	chr18	79252133	79252133	.	1	1,1	0	2|1	.	.	.	.	.	-	-	no:star_allele	no:duplicate_of_stvar	1	.	.	.	0
truth_stvar	chr18	79252134	79252134	.	1	1	0	1|0	.	.	.	.	.	-	-	no:star_allele	ref	1	.	.	.	0
truth_stvar	chr18	79252134	79252134	.	1	1	0	0|1	.	.	.	.	.	-	-	ref	yes	1	.	.	.	0
truth_smvar	chr18	79252134	79252134	.	1	1,1	0	2|1	.	.	.	.	.	-	-	no:star_allele	no:duplicate_of_stvar	1	.	.	.	0
truth_stvar	chr18	79252136	79252136	.	1	1	0	1|0	.	.	.	.	.	-	-	no:star_allele	ref	1	.	.	.	0
truth_stvar	chr18	79252136	79252136	.	1	1	0	0|1	.	.	.	.	.	-	-	ref	yes	1	.	.	.	0
truth_smvar	chr18	79252136	79252136	.	1	1,1	0	2|1	.	.	.	.	.	-	-	no:star_allele	no:duplicate_of_stvar	1	.	.	.	0
truth_stvar	chr18	79252156	79252156	.	1	1	0	1|0	.	.	.	.	.	-	-	no:star_allele	ref	1	.	.	.	0
truth_stvar	chr18	79252156	79252156	.	1	1	0	0|1	.	.	.	.	.	-	-	ref	yes	1	.	.	.	0
truth_smvar	chr18	79252156	79252156	.	1	1,1	0	2|1	.	.	.	.	.	-	-	no:star_allele	no:duplicate_of_stvar	1	.	.	.	0
truth_stvar	chr18	79252187	79252187	.	1	1	0	1|0	.	.	.	.	.	-	-	no:star_allele	ref	1	.	.	.	0
truth_stvar	chr18	79252187	79252187	.	1	1	0	0|1	.	.	.	.	.	-	-	ref	yes	1	.	.	.	0
truth_smvar	chr18	79252187	79252187	.	1	1,1	0	2|1	.	.	.	.	.	-	-	no:star_allele	no:duplicate_of_stvar	1	.	.	.	0
truth_stvar	chr18	79252242	79252242	.	1	1	0	1|0	.	.	.	.	.	-	-	no:star_allele	ref	1	.	.	.	0
truth_stvar	chr18	79252242	79252242	.	1	1	0	0|1	.	.	.	.	.	-	-	ref	yes	1	.	.	.	0
truth_smvar	chr18	79252242	79252242	.	1	1,1	0	2|1	.	.	.	.	.	-	-	no:star_allele	no:duplicate_of_stvar	1	.	.	.	0
truth_stvar	chr18	79252295	79252295	.	1	1	0	1|0	.	.	.	.	.	-	-	no:star_allele	ref	1	.	.	.	0
truth_stvar	chr18	79252295	79252295	.	1	1	0	0|1	.	.	.	.	.	-	-	ref	yes	1	.	.	.	0
truth_smvar	chr18	79252295	79252295	.	1	1,1	0	2|1	.	.	.	.	.	-	-	no:star_allele	no:duplicate_of_stvar	1	.	.	.	0
truth_stvar	chr18	79252348	79252348	.	1	1	0	1|0	.	.	.	.	.	-	-	no:star_allele	ref	1	.	.	.	0
truth_stvar	chr18	79252348	79252348	.	1	1	0	0|1	.	.	.	.	.	-	-	ref	yes	1	.	.	.	0
truth_smvar	chr18	79252348	79252348	.	1	1,1	0	2|1	.	.	.	.	.	-	-	no:star_allele	no:duplicate_of_stvar	1	.	.	.	0
truth_stvar	chr18	79252368	79252368	.	1	1	0	1|0	.	.	.	.	.	-	-	no:star_allele	ref	1	.	.	.	0
truth_stvar	chr18	79252368	79252368	.	1	1	0	0|1	.	.	.	.	.	-	-	ref	yes	1	.	.	.	0
truth_smvar	chr18	79252368	79252368	.	1	1,1	0	2|1	.	.	.	.	.	-	-	no:star_allele	no:duplicate_of_stvar	1	.	.	.	0
truth_stvar	chr18	79252420	79252420	.	1	1	0	1|0	.	.	.	.	.	-	-	no:star_allele	ref	1	.	.	.	0
truth_stvar	chr18	79252420	79252420	.	1	2	1	0|1	.	.	.	.	.	-	-	ref	yes	1	.	.	.	0
truth_smvar	chr18	79252420	79252420	.	1	2,1	1	2|1	.	.	.	.	.	-	-	no:star_allele	no:duplicate_of_stvar	1	.	.	.	0
truth_stvar	chr18	79252505	79252505	.	1	1	0	1|0	.	.	.	.	.	-	-	no:star_allele	ref	1	.	.	.	0
truth_stvar	chr18	79252505	79252505	.	1	1	0	0|1	.	.	.	.	.	-	-	ref	yes	1	.	.	.	0
truth_smvar	chr18	79252505	79252505	.	1	1,1	0	2|1	.	.	.	.	.	-	-	no:star_allele	no:duplicate_of_stvar	1	.	.	.	0
truth_stvar	chr18	79252508	79252508	.	1	1	0	1|0	.	.	.	.	.	-	-	yes	ref	1	.	.	.	0
truth_smvar	chr18	79252508	79252508	.	1	1	0	1|0	.	.	.	.	.	-	-	no:duplicate_of_stvar	ref	1	.	.	.	0
truth_stvar	chr18	79252513	79252513	.	1	1	0	0|1	.	.	.	.	.	-	-	ref	yes	1	.	.	.	0
truth_smvar	chr18	79252513	79252513	.	1	1	0	0|1	.	.	.	.	.	-	-	ref	no:duplicate_of_stvar	1	.	.	.	0
truth_stvar	chr18	79252524	79252524	.	1	1	0	1|0	.	.	.	.	.	-	-	yes	ref	1	.	.	.	0
truth_smvar	chr18	79252524	79252524	.	1	1	0	1|0	.	.	.	.	.	-	-	no:duplicate_of_stvar	ref	1	.	.	.	0
truth_stvar	chr18	79252525	79252525	.	1	1	0	1|0	.	.	.	.	.	-	-	yes	ref	1	.	.	.	0
truth_smvar	chr18	79252525	79252525	.	1	1	0	1|0	.	.	.	.	.	-	-	no:duplicate_of_stvar	ref	1	.	.	.	0
truth_stvar	chr18	79252539	79252539	.	1	1	0	1|0	.	.	.	.	.	-	-	yes	ref	1	.	.	.	0
truth_smvar	chr18	79252539	79252539	.	1	1	0	1|0	.	.	.	.	.	-	-	no:duplicate_of_stvar	ref	1	.	.	.	0
truth_stvar	chr18	79252554	79252554	.	1	1	0	1|0	.	.	.	.	.	-	-	yes	ref	1	.	.	.	0
truth_smvar	chr18	79252554	79252554	.	1	1	0	1|0	.	.	.	.	.	-	-	no:duplicate_of_stvar	ref	1	.	.	.	0
truth_stvar	chr18	79252557	79252557	.	1	1	0	1|0	.	.	.	.	.	-	-	yes	ref	1	.	.	.	0
truth_smvar	chr18	79252557	79252557	.	1	1	0	1|0	.	.	.	.	.	-	-	no:duplicate_of_stvar	ref	1	.	.	.	0
truth_stvar	chr18	79252558	79252558	.	1	1	0	1|0	.	.	.	.	.	-	-	yes	ref	1	.	.	.	0
truth_smvar	chr18	79252558	79252558	.	1	1	0	1|0	.	.	.	.	.	-	-	no:duplicate_of_stvar	ref	1	.	.	.	0
truth_stvar	chr18	79252560	79252560	.	1	1	0	0|1	.	.	.	.	.	-	-	ref	yes	1	.	.	.	0
truth_smvar	chr18	79252560	79252560	.	1	1	0	0|1	.	.	.	.	.	-	-	ref	no:duplicate_of_stvar	1	.	.	.	0
truth_stvar	chr18	79252561	79252561	.	1	1	0	1|0	.	.	.	.	.	-	-	yes	ref	1	.	.	.	0
truth_smvar	chr18	79252561	79252561	.	1	1	0	1|0	.	.	.	.	.	-	-	no:duplicate_of_stvar	ref	1	.	.	.	0
truth_stvar	chr18	79252573	79252573	.	1	1	0	0|1	.	.	.	.	.	-	-	ref	yes	1	.	.	.	0
truth_smvar	chr18	79252573	79252573	.	1	1	0	0|1	.	.	.	.	.	-	-	ref	no:duplicate_of_stvar	1	.	.	.	0
truth_stvar	chr18	79252579	79252579	.	1	4	3	1|0	.	.	.	.	.	-	-	yes	ref	1	.	.	.	0
truth_smvar	chr18	79252579	79252579	.	1	4	3	1|0	.	.	.	.	.	-	-	no:duplicate_of_stvar	ref	1	.	.	.	0
truth_stvar	chr18	79252580	79252580	.	1	1	0	0|1	.	.	.	.	.	-	-	ref	yes	1	.	.	.	0
truth_smvar	chr18	79252580	79252580	.	1	1	0	0|1	.	.	.	.	.	-	-	ref	no:duplicate_of_stvar	1	.	.	.	0
truth_stvar	chr18	79252611	79252611	.	1	1	0	1|1	.	.	.	.	.	-	-	yes	yes	1	.	.	.	0
truth_smvar	chr18	79252611	79252611	.	1	1	0	1|1	.	.	.	.	.	-	-	no:duplicate_of_stvar	no:duplicate_of_stvar	1	.	.	.	0
truth_stvar	chr18	79252626	79252626	.	1	1	0	0|1	.	.	.	.	.	-	-	ref	yes	1	.	.	.	0
truth_smvar	chr18	79252626	79252626	.	1	1	0	0|1	.	.	.	.	.	-	-	ref	no:duplicate_of_stvar	1	.	.	.	0
truth_stvar	chr18	79252633	79252633	.	1	1	0	1|0	.	.	.	.	.	-	-	yes	ref	1	.	.	.	0
truth_smvar	chr18	79252633	79252633	.	1	1	0	1|0	.	.	.	.	.	-	-	no:duplicate_of_stvar	ref	1	.	.	.	0
truth_stvar	chr18	79252634	79252634	.	1	1	0	1|0	.	.	.	.	.	-	-	yes	ref	1	.	.	.	0
truth_smvar	chr18	79252634	79252634	.	1	1	0	1|0	.	.	.	.	.	-	-	no:duplicate_of_stvar	ref	1	.	.	.	0
truth_stvar	chr18	79252638	79252638	.	1	1	0	1|0	.	.	.	.	.	-	-	yes	ref	1	.	.	.	0
truth_smvar	chr18	79252638	79252638	.	1	1	0	1|0	.	.	.	.	.	-	-	no:duplicate_of_stvar	ref	1	.	.	.	0
truth_stvar	chr18	79252686	79252686	.	1	1	0	0|1	.	.	.	.	.	-	-	ref	yes	1	.	.	.	0
truth_smvar	chr18	79252686	79252686	.	1	1	0	0|1	.	.	.	.	.	-	-	ref	no:duplicate_of_stvar	1	.	.	.	0
truth_stvar	chr18	79252711	79252711	.	1	1	0	1|1	.	.	.	.	.	-	-	yes	yes	1	.	.	.	0
truth_smvar	chr18	79252711	79252711	.	1	1	0	1|1	.	.	.	.	.	-	-	no:duplicate_of_stvar	no:duplicate_of_stvar	1	.	.	.	0
truth_stvar	chr18	79252719	79252719	.	1	1	0	0|1	.	.	.	.	.	-	-	ref	yes	1	.	.	.	0
truth_smvar	chr18	79252719	79252719	.	1	1	0	0|1	.	.	.	.	.	-	-	ref	no:duplicate_of_stvar	1	.	.	.	0
truth_stvar	chr18	79252724	79252724	.	1	1	0	1|0	.	.	.	.	.	-	-	yes	ref	1	.	.	.	0
truth_smvar	chr18	79252724	79252724	.	1	1	0	1|0	.	.	.	.	.	-	-	no:duplicate_of_stvar	ref	1	.	.	.	0
truth_stvar	chr18	79252732	79252732	.	1	1	0	1|0	.	.	.	.	.	-	-	yes	ref	1	.	.	.	0
truth_smvar	chr18	79252732	79252732	.	1	1	0	1|0	.	.	.	.	.	-	-	no:duplicate_of_stvar	ref	1	.	.	.	0
truth_stvar	chr18	79252739	79252739	.	1	1	0	0|1	.	.	.	.	.	-	-	ref	yes	1	.	.	.	0
truth_smvar	chr18	79252739	79252739	.	1	1	0	0|1	.	.	.	.	.	-	-	ref	no:duplicate_of_stvar	1	.	.	.	0
truth_stvar	chr18	79252741	79252741	.	1	2	1	1|0	.	.	.	.	.	-	-	yes	ref	1	.	.	.	0
truth_smvar	chr18	79252741	79252741	.	1	2	1	1|0	.	.	.	.	.	-	-	no:duplicate_of_stvar	ref	1	.	.	.	0
truth_stvar	chr18	79252744	79252744	.	1	1	0	1|0	.	.	.	.	.	-	-	yes	ref	1	.	.	.	0
truth_smvar	chr18	79252744	79252744	.	1	1	0	1|0	.	.	.	.	.	-	-	no:duplicate_of_stvar	ref	1	.	.	.	0
truth_stvar	chr18	79252770	79252770	.	1	1	0	0|1	.	.	.	.	.	-	-	ref	yes	1	.	.	.	0
truth_smvar	chr18	79252770	79252770	.	1	1	0	0|1	.	.	.	.	.	-	-	ref	no:duplicate_of_stvar	1	.	.	.	0
truth_stvar	chr18	79252778	79252778	.	1	1	0	1|1	.	.	.	.	.	-	-	yes	yes	1	.	.	.	0
truth_smvar	chr18	79252778	79252778	.	1	1	0	1|1	.	.	.	.	.	-	-	no:duplicate_of_stvar	no:duplicate_of_stvar	1	.	.	.	0
truth_stvar	chr18	79252823	79252823	.	1	1	0	1|0	.	.	.	.	.	-	-	yes	ref	1	.	.	.	0
truth_smvar	chr18	79252823	79252823	.	1	1	0	1|0	.	.	.	.	.	-	-	no:duplicate_of_stvar	ref	1	.	.	.	0
truth_stvar	chr18	79252830	79252830	.	1	1	0	1|0	.	.	.	.	.	-	-	yes	ref	1	.	.	.	0
truth_smvar	chr18	79252830	79252830	.	1	1	0	1|0	.	.	.	.	.	-	-	no:duplicate_of_stvar	ref	1	.	.	.	0
truth_stvar	chr18	79252838	79252838	.	1	1	0	1|0	.	.	.	.	.	-	-	yes	ref	1	.	.	.	0
truth_smvar	chr18	79252838	79252838	.	1	1	0	1|0	.	.	.	.	.	-	-	no:duplicate_of_stvar	ref	1	.	.	.	0
truth_stvar	chr18	79252847	79252847	.	1	2	1	1|0	.	.	.	.	.	-	-	yes	ref	1	.	.	.	0
truth_smvar	chr18	79252847	79252847	.	1	2	1	1|0	.	.	.	.	.	-	-	no:duplicate_of_stvar	ref	1	.	.	.	0
truth_stvar	chr18	79252850	79252850	.	1	1	0	1|0	.	.	.	.	.	-	-	yes	ref	1	.	.	.	0
truth_smvar	chr18	79252850	79252850	.	1	1	0	1|0	.	.	.	.	.	-	-	no:duplicate_of_stvar	ref	1	.	.	.	0
truth_stvar	chr18	79252897	79252898	.	2	1	1	0|1	.	.	.	.	.	-	-	ref	yes	1	.	.	.	0
truth_smvar	chr18	79252897	79252898	.	2	1	1	0|1	.	.	.	.	.	-	-	ref	no:duplicate_of_stvar	1	.	.	.	0
truth_stvar	chr18	79252903	79252903	.	1	1	0	0|1	.	.	.	.	.	-	-	ref	yes	1	.	.	.	0
truth_smvar	chr18	79252903	79252903	.	1	1	0	0|1	.	.	.	.	.	-	-	ref	no:duplicate_of_stvar	1	.	.	.	0
truth_stvar	chr18	79252904	79252904	.	1	1	0	0|1	.	.	.	.	.	-	-	ref	yes	1	.	.	.	0
truth_smvar	chr18	79252904	79252904	.	1	1	0	0|1	.	.	.	.	.	-	-	ref	no:duplicate_of_stvar	1	.	.	.	0
truth_stvar	chr18	79252930	79252930	.	1	1	0	1|0	.	.	.	.	.	-	-	yes	ref	1	.	.	.	0
truth_smvar	chr18	79252930	79252930	.	1	1	0	1|0	.	.	.	.	.	-	-	no:duplicate_of_stvar	ref	1	.	.	.	0
truth_stvar	chr18	79252937	79252937	.	1	1	0	1|1	.	.	.	.	.	-	-	yes	yes	1	.	.	.	0
truth_smvar	chr18	79252937	79252937	.	1	1	0	1|1	.	.	.	.	.	-	-	no:duplicate_of_stvar	no:duplicate_of_stvar	1	.	.	.	0
truth_stvar	chr18	79252945	79252945	.	1	1	0	1|1	.	.	.	.	.	-	-	yes	yes	1	.	.	.	0
truth_smvar	chr18	79252945	79252945	.	1	1	0	1|1	.	.	.	.	.	-	-	no:duplicate_of_stvar	no:duplicate_of_stvar	1	.	.	.	0
truth_stvar	chr18	79252952	79252952	.	1	1	0	1|1	.	.	.	.	.	-	-	yes	yes	1	.	.	.	0
truth_smvar	chr18	79252952	79252952	.	1	1	0	1|1	.	.	.	.	.	-	-	no:duplicate_of_stvar	no:duplicate_of_stvar	1	.	.	.	0
truth_stvar	chr18	79252983	79252983	.	1	1	0	0|1	.	.	.	.	.	-	-	ref	yes	1	.	.	.	0
truth_smvar	chr18	79252983	79252983	.	1	1	0	0|1	.	.	.	.	.	-	-	ref	no:duplicate_of_stvar	1	.	.	.	0
truth_stvar	chr18	79252986	79252986	.	1	1	0	1|0	.	.	.	.	.	-	-	yes	ref	1	.	.	.	0
truth_smvar	chr18	79252986	79252986	.	1	1	0	1|0	.	.	.	.	.	-	-	no:duplicate_of_stvar	ref	1	.	.	.	0
truth_stvar	chr18	79252991	79252991	.	1	1	0	1|0	.	.	.	.	.	-	-	yes	ref	1	.	.	.	0
truth_smvar	chr18	79252991	79252991	.	1	1	0	1|0	.	.	.	.	.	-	-	no:duplicate_of_stvar	ref	1	.	.	.	0
truth_stvar	chr18	79253005	79253005	.	1	1	0	1|0	.	.	.	.	.	-	-	yes	ref	1	.	.	.	0
truth_smvar	chr18	79253005	79253005	.	1	1	0	1|0	.	.	.	.	.	-	-	no:duplicate_of_stvar	ref	1	.	.	.	0
truth_stvar	chr18	79253036	79253036	.	1	1	0	0|1	.	.	.	.	.	-	-	ref	yes	1	.	.	.	0
truth_smvar	chr18	79253036	79253036	.	1	1	0	0|1	.	.	.	.	.	-	-	ref	no:duplicate_of_stvar	1	.	.	.	0
truth_stvar	chr18	79253043	79253043	.	1	1	0	1|0	.	.	.	.	.	-	-	yes	ref	1	.	.	.	0
truth_smvar	chr18	79253043	79253043	.	1	1	0	1|0	.	.	.	.	.	-	-	no:duplicate_of_stvar	ref	1	.	.	.	0
truth_stvar	chr18	79253044	79253044	.	1	1	0	1|1	.	.	.	.	.	-	-	yes	yes	1	.	.	.	0
truth_smvar	chr18	79253044	79253044	.	1	1	0	1|1	.	.	.	.	.	-	-	no:duplicate_of_stvar	no:duplicate_of_stvar	1	.	.	.	0
truth_stvar	chr18	79253051	79253051	.	1	1	0	1|0	.	.	.	.	.	-	-	yes	ref	1	.	.	.	0
truth_smvar	chr18	79253051	79253051	.	1	1	0	1|0	.	.	.	.	.	-	-	no:duplicate_of_stvar	ref	1	.	.	.	0
truth_stvar	chr18	79253057	79253058	.	2	1	1	0|1	.	.	.	.	.	-	-	ref	yes	1	.	.	.	0
truth_smvar	chr18	79253057	79253058	.	2	1	1	0|1	.	.	.	.	.	-	-	ref	no:duplicate_of_stvar	1	.	.	.	0
truth_stvar	chr18	79253061	79253061	.	1	1	0	1|0	.	.	.	.	.	-	-	yes	ref	1	.	.	.	0
truth_smvar	chr18	79253061	79253061	.	1	1	0	1|0	.	.	.	.	.	-	-	no:duplicate_of_stvar	ref	1	.	.	.	0
truth_stvar	chr18	79253063	79253063	.	1	1	0	1|1	.	.	.	.	.	-	-	yes	yes	1	.	.	.	0
truth_smvar	chr18	79253063	79253063	.	1	1	0	1|1	.	.	.	.	.	-	-	no:duplicate_of_stvar	no:duplicate_of_stvar	1	.	.	.	0
truth_stvar	chr18	79253064	79253064	.	1	1	0	0|1	.	.	.	.	.	-	-	ref	yes	1	.	.	.	0
truth_smvar	chr18	79253064	79253064	.	1	1	0	0|1	.	.	.	.	.	-	-	ref	no:duplicate_of_stvar	1	.	.	.	0
truth_stvar	chr18	79253121	79253121	.	1	1	0	1|0	.	.	.	.	.	-	-	yes	ref	1	.	.	.	0
truth_smvar	chr18	79253121	79253121	.	1	1	0	1|0	.	.	.	.	.	-	-	no:duplicate_of_stvar	ref	1	.	.	.	0
truth_stvar	chr18	79253150	79253150	.	1	1	0	1|0	.	.	.	.	.	-	-	yes	ref	1	.	.	.	0
truth_smvar	chr18	79253150	79253150	.	1	1	0	1|0	.	.	.	.	.	-	-	no:duplicate_of_stvar	ref	1	.	.	.	0
truth_stvar	chr18	79253164	79253164	.	1	2	1	1|0	.	.	.	.	.	-	-	yes	ref	1	.	.	.	0
truth_smvar	chr18	79253164	79253164	.	1	2	1	1|0	.	.	.	.	.	-	-	no:duplicate_of_stvar	ref	1	.	.	.	0
truth_stvar	chr18	79253165	79253165	.	1	1	0	0|1	.	.	.	.	.	-	-	ref	yes	1	.	.	.	0
truth_smvar	chr18	79253165	79253165	.	1	1	0	0|1	.	.	.	.	.	-	-	ref	no:duplicate_of_stvar	1	.	.	.	0
truth_stvar	chr18	79253167	79253167	.	1	1	0	1|0	.	.	.	.	.	-	-	yes	ref	1	.	.	.	0
truth_smvar	chr18	79253167	79253167	.	1	1	0	1|0	.	.	.	.	.	-	-	no:duplicate_of_stvar	ref	1	.	.	.	0
truth_stvar	chr18	79253170	79253170	.	1	1	0	1|0	.	.	.	.	.	-	-	yes	ref	1	.	.	.	0
truth_smvar	chr18	79253170	79253170	.	1	1	0	1|0	.	.	.	.	.	-	-	no:duplicate_of_stvar	ref	1	.	.	.	0
truth_stvar	chr18	79253196	79253196	.	1	1	0	1|0	.	.	.	.	.	-	-	yes	ref	1	.	.	.	0
truth_smvar	chr18	79253196	79253196	.	1	1	0	1|0	.	.	.	.	.	-	-	no:duplicate_of_stvar	ref	1	.	.	.	0
truth_stvar	chr18	79253204	79253204	.	1	1	0	1|0	.	.	.	.	.	-	-	yes	ref	1	.	.	.	0
truth_smvar	chr18	79253204	79253204	.	1	1	0	1|0	.	.	.	.	.	-	-	no:duplicate_of_stvar	ref	1	.	.	.	0
truth_stvar	chr18	79253211	79253211	.	1	1	0	1|1	.	.	.	.	.	-	-	yes	yes	1	.	.	.	0
truth_smvar	chr18	79253211	79253211	.	1	1	0	1|1	.	.	.	.	.	-	-	no:duplicate_of_stvar	no:duplicate_of_stvar	1	.	.	.	0
truth_stvar	chr18	79253218	79253218	.	1	1	0	1|1	.	.	.	.	.	-	-	yes	yes	1	.	.	.	0
truth_smvar	chr18	79253218	79253218	.	1	1	0	1|1	.	.	.	.	.	-	-	no:duplicate_of_stvar	no:duplicate_of_stvar	1	.	.	.	0
truth_stvar	chr18	79253219	79253219	.	1	1	0	1|0	.	.	.	.	.	-	-	yes	ref	1	.	.	.	0
truth_smvar	chr18	79253219	79253219	.	1	1	0	1|0	.	.	.	.	.	-	-	no:duplicate_of_stvar	ref	1	.	.	.	0
truth_stvar	chr18	79253249	79253249	.	1	1	0	1|0	.	.	.	.	.	-	-	yes	ref	1	.	.	.	0
truth_smvar	chr18	79253249	79253249	.	1	1	0	1|0	.	.	.	.	.	-	-	no:duplicate_of_stvar	ref	1	.	.	.	0
truth_stvar	chr18	79253264	79253264	.	1	55	54	0|1	.	.	.	.	.	FN	FN	ref	yes	1	INS	53	.	0
truth_smvar	chr18	79253264	79253264	.	1	55	54	0|1	.	.	.	.	.	-	-	ref	no:duplicate_of_stvar	1	.	53	.	0
truth_stvar	chr18	79253266	79253266	.	1	1	0	1|0	.	.	.	.	.	-	-	yes	ref	1	.	.	.	0
truth_smvar	chr18	79253266	79253266	.	1	1	0	1|0	.	.	.	.	.	-	-	no:duplicate_of_stvar	ref	1	.	.	.	0
truth_stvar	chr18	79253271	79253271	.	1	1	0	0|1	.	.	.	.	.	-	-	ref	yes	1	.	.	.	0
truth_smvar	chr18	79253271	79253271	.	1	1	0	0|1	.	.	.	.	.	-	-	ref	no:duplicate_of_stvar	1	.	.	.	0
truth_stvar	chr18	79253296	79253296	.	1	1	0	1|1	.	.	.	.	.	-	-	yes	yes	1	.	.	.	0
truth_smvar	chr18	79253296	79253296	.	1	1	0	1|1	.	.	.	.	.	-	-	no:duplicate_of_stvar	no:duplicate_of_stvar	1	.	.	.	0
truth_stvar	chr18	79253305	79253305	.	1	1	0	1|0	.	.	.	.	.	-	-	yes	ref	1	.	.	.	0
truth_smvar	chr18	79253305	79253305	.	1	1	0	1|0	.	.	.	.	.	-	-	no:duplicate_of_stvar	ref	1	.	.	.	0
truth_stvar	chr18	79253310	79253310	.	1	1	0	0|1	.	.	.	.	.	-	-	ref	yes	1	.	.	.	0
truth_smvar	chr18	79253310	79253310	.	1	1	0	0|1	.	.	.	.	.	-	-	ref	no:duplicate_of_stvar	1	.	.	.	0
truth_stvar	chr18	79253329	79253542	.	214	1	213	1|0	.	.	.	.	.	FN	FN	yes	ref	1	DEL	53	.	0
truth_smvar	chr18	79253329	79253542	.	214	1	213	1|0	.	.	.	.	.	-	-	no:duplicate_of_stvar	ref	1	.	53	.	0
truth_stvar	chr18	79253357	79253357	.	1	1	0	1|0	.	.	.	.	.	-	-	no:star_allele	ref	1	.	.	.	0
truth_stvar	chr18	79253357	79253357	.	1	1	0	0|1	.	.	.	.	.	-	-	ref	yes	1	.	.	.	0
truth_smvar	chr18	79253357	79253357	.	1	1,1	0	2|1	.	.	.	.	.	-	-	no:star_allele	no:duplicate_of_stvar	1	.	.	.	0
truth_stvar	chr18	79253377	79253377	.	1	1	0	1|0	.	.	.	.	.	-	-	no:star_allele	ref	1	.	.	.	0
truth_stvar	chr18	79253377	79253377	.	1	1	0	0|1	.	.	.	.	.	-	-	ref	yes	1	.	.	.	0
truth_smvar	chr18	79253377	79253377	.	1	1,1	0	2|1	.	.	.	.	.	-	-	no:star_allele	no:duplicate_of_stvar	1	.	.	.	0
truth_stvar	chr18	79253423	79253423	.	1	1	0	1|0	.	.	.	.	.	-	-	no:star_allele	ref	1	.	.	.	0
truth_stvar	chr18	79253423	79253423	.	1	1	0	0|1	.	.	.	.	.	-	-	ref	yes	1	.	.	.	0
truth_smvar	chr18	79253423	79253423	.	1	1,1	0	2|1	.	.	.	.	.	-	-	no:star_allele	no:duplicate_of_stvar	1	.	.	.	0
truth_stvar	chr18	79253431	79253431	.	1	1	0	1|0	.	.	.	.	.	-	-	no:star_allele	ref	1	.	.	.	0
truth_stvar	chr18	79253431	79253431	.	1	1	0	0|1	.	.	.	.	.	-	-	ref	yes	1	.	.	.	0
truth_smvar	chr18	79253431	79253431	.	1	1,1	0	2|1	.	.	.	.	.	-	-	no:star_allele	no:duplicate_of_stvar	1	.	.	.	0
truth_stvar	chr18	79253435	79253435	.	1	1	0	1|0	.	.	.	.	.	-	-	no:star_allele	ref	1	.	.	.	0
truth_stvar	chr18	79253435	79253435	.	1	1	0	0|1	.	.	.	.	.	-	-	ref	yes	1	.	.	.	0
truth_smvar	chr18	79253435	79253435	.	1	1,1	0	2|1	.	.	.	.	.	-	-	no:star_allele	no:duplicate_of_stvar	1	.	.	.	0
truth_stvar	chr18	79253461	79253461	.	1	1	0	1|0	.	.	.	.	.	-	-	no:star_allele	ref	1	.	.	.	0
truth_stvar	chr18	79253461	79253461	.	1	1	0	0|1	.	.	.	.	.	-	-	ref	yes	1	.	.	.	0
truth_smvar	chr18	79253461	79253461	.	1	1,1	0	2|1	.	.	.	.	.	-	-	no:star_allele	no:duplicate_of_stvar	1	.	.	.	0
truth_stvar	chr18	79253469	79253469	.	1	1	0	1|0	.	.	.	.	.	-	-	no:star_allele	ref	1	.	.	.	0
truth_stvar	chr18	79253469	79253469	.	1	1	0	0|1	.	.	.	.	.	-	-	ref	yes	1	.	.	.	0
truth_smvar	chr18	79253469	79253469	.	1	1,1	0	2|1	.	.	.	.	.	-	-	no:star_allele	no:duplicate_of_stvar	1	.	.	.	0
truth_stvar	chr18	79253514	79253514	.	1	1	0	1|0	.	.	.	.	.	-	-	no:star_allele	ref	1	.	.	.	0
truth_stvar	chr18	79253514	79253514	.	1	1	0	0|1	.	.	.	.	.	-	-	ref	yes	1	.	.	.	0
truth_smvar	chr18	79253514	79253514	.	1	1,1	0	2|1	.	.	.	.	.	-	-	no:star_allele	no:duplicate_of_stvar	1	.	.	.	0
truth_stvar	chr18	79253529	79253529	.	1	1	0	1|0	.	.	.	.	.	-	-	no:star_allele	ref	1	.	.	.	0
truth_stvar	chr18	79253529	79253529	.	1	1	0	0|1	.	.	.	.	.	-	-	ref	yes	1	.	.	.	0
truth_smvar	chr18	79253529	79253529	.	1	1,1	0	2|1	.	.	.	.	.	-	-	no:star_allele	no:duplicate_of_stvar	1	.	.	.	0
truth_stvar	chr18	79253540	79253541	.	2	1	0	1|0	.	.	.	.	.	-	-	no:star_allele	ref	1	.	.	.	0
truth_stvar	chr18	79253540	79253541	.	2	1	1	0|1	.	.	.	.	.	-	-	ref	yes	1	.	.	.	0
truth_smvar	chr18	79253540	79253541	.	2	1,1	1	2|1	.	.	.	.	.	-	-	no:star_allele	no:duplicate_of_stvar	1	.	.	.	0
truth_stvar	chr18	79253542	79253542	.	1	1	0	1|0	.	.	.	.	.	-	-	no:star_allele	ref	1	.	.	.	0
truth_stvar	chr18	79253542	79253542	.	1	1	0	0|1	.	.	.	.	.	-	-	ref	yes	1	.	.	.	0
truth_smvar	chr18	79253542	79253542	.	1	1,1	0	2|1	.	.	.	.	.	-	-	no:star_allele	no:duplicate_of_stvar	1	.	.	.	0
truth_stvar	chr18	79253575	79253575	.	1	1	0	0|1	.	.	.	.	.	-	-	ref	yes	1	.	.	.	0
truth_smvar	chr18	79253575	79253575	.	1	1	0	0|1	.	.	.	.	.	-	-	ref	no:duplicate_of_stvar	1	.	.	.	0
truth_stvar	chr18	79253592	79253592	.	1	2	1	1|0	.	.	.	.	.	-	-	yes	ref	1	.	.	.	0
truth_smvar	chr18	79253592	79253592	.	1	2	1	1|0	.	.	.	.	.	-	-	no:duplicate_of_stvar	ref	1	.	.	.	0
truth_stvar	chr18	79253595	79253595	.	1	1	0	0|1	.	.	.	.	.	-	-	ref	yes	1	.	.	.	0
truth_stvar	chr18	79253595	79253595	.	1	1	0	1|0	.	.	.	.	.	-	-	yes	ref	1	.	.	.	0
truth_smvar	chr18	79253595	79253595	.	1	1,1	0	2|1	.	.	.	.	.	-	-	no:duplicate_of_stvar	no:duplicate_of_stvar	1	.	.	.	0
truth_stvar	chr18	79253623	79253623	.	1	1	0	1|1	.	.	.	.	.	-	-	yes	yes	1	.	.	.	0
truth_smvar	chr18	79253623	79253623	.	1	1	0	1|1	.	.	.	.	.	-	-	no:duplicate_of_stvar	no:duplicate_of_stvar	1	.	.	.	0
truth_stvar	chr18	79253636	79253636	.	1	1	0	0|1	.	.	.	.	.	-	-	ref	yes	1	.	.	.	0
truth_smvar	chr18	79253636	79253636	.	1	1	0	0|1	.	.	.	.	.	-	-	ref	no:duplicate_of_stvar	1	.	.	.	0
truth_stvar	chr18	79253643	79253643	.	1	1	0	1|0	.	.	.	.	.	-	-	yes	ref	1	.	.	.	0
truth_smvar	chr18	79253643	79253643	.	1	1	0	1|0	.	.	.	.	.	-	-	no:duplicate_of_stvar	ref	1	.	.	.	0
truth_stvar	chr18	79253668	79253668	.	1	1	0	0|1	.	.	.	.	.	-	-	ref	yes	1	.	.	.	0
truth_smvar	chr18	79253668	79253668	.	1	1	0	0|1	.	.	.	.	.	-	-	ref	no:duplicate_of_stvar	1	.	.	.	0
truth_stvar	chr18	79253673	79253673	.	1	1	0	0|1	.	.	.	.	.	-	-	ref	yes	1	.	.	.	0
truth_smvar	chr18	79253673	79253673	.	1	1	0	0|1	.	.	.	.	.	-	-	ref	no:duplicate_of_stvar	1	.	.	.	0
truth_stvar	chr18	79253674	79253674	.	1	1	0	0|1	.	.	.	.	.	-	-	ref	yes	1	.	.	.	0
truth_smvar	chr18	79253674	79253674	.	1	1	0	0|1	.	.	.	.	.	-	-	ref	no:duplicate_of_stvar	1	.	.	.	0
truth_stvar	chr18	79253696	79253696	.	1	1	0	0|1	.	.	.	.	.	-	-	ref	yes	1	.	.	.	0
truth_smvar	chr18	79253696	79253696	.	1	1	0	0|1	.	.	.	.	.	-	-	ref	no:duplicate_of_stvar	1	.	.	.	0
truth_stvar	chr18	79253701	79253701	.	1	1	0	1|0	.	.	.	.	.	-	-	yes	ref	1	.	.	.	0
truth_smvar	chr18	79253701	79253701	.	1	1	0	1|0	.	.	.	.	.	-	-	no:duplicate_of_stvar	ref	1	.	.	.	0
truth_stvar	chr18	79253702	79254284	.	583	1	582	1|0	.	.	.	.	.	FN	FN	yes	ref	1	DEL	53	.	0
truth_smvar	chr18	79253702	79254284	.	583	1	582	1|0	.	.	.	.	.	-	-	no:duplicate_of_stvar	ref	1	.	53	.	0
truth_stvar	chr18	79253727	79253727	.	1	1	0	1|0	.	.	.	.	.	-	-	no:star_allele	ref	1	.	.	.	0
truth_stvar	chr18	79253727	79253727	.	1	1	0	0|1	.	.	.	.	.	-	-	ref	yes	1	.	.	.	0
truth_smvar	chr18	79253727	79253727	.	1	1,1	0	2|1	.	.	.	.	.	-	-	no:star_allele	no:duplicate_of_stvar	1	.	.	.	0
truth_stvar	chr18	79253742	79253742	.	1	1	0	1|0	.	.	.	.	.	-	-	no:star_allele	ref	1	.	.	.	0
truth_stvar	chr18	79253742	79253742	.	1	1	0	0|1	.	.	.	.	.	-	-	ref	yes	1	.	.	.	0
truth_smvar	chr18	79253742	79253742	.	1	1,1	0	2|1	.	.	.	.	.	-	-	no:star_allele	no:duplicate_of_stvar	1	.	.	.	0
truth_stvar	chr18	79253751	79253751	.	1	1	0	1|0	.	.	.	.	.	-	-	no:star_allele	ref	1	.	.	.	0
truth_stvar	chr18	79253751	79253751	.	1	2	1	0|1	.	.	.	.	.	-	-	ref	yes	1	.	.	.	0
truth_smvar	chr18	79253751	79253751	.	1	2,1	1	2|1	.	.	.	.	.	-	-	no:star_allele	no:duplicate_of_stvar	1	.	.	.	0
truth_stvar	chr18	79253754	79253754	.	1	1	0	1|0	.	.	.	.	.	-	-	no:star_allele	ref	1	.	.	.	0
truth_stvar	chr18	79253754	79253754	.	1	1	0	0|1	.	.	.	.	.	-	-	ref	yes	1	.	.	.	0
truth_smvar	chr18	79253754	79253754	.	1	1,1	0	2|1	.	.	.	.	.	-	-	no:star_allele	no:duplicate_of_stvar	1	.	.	.	0
truth_stvar	chr18	79253802	79253802	.	1	1	0	1|0	.	.	.	.	.	-	-	no:star_allele	ref	1	.	.	.	0
truth_stvar	chr18	79253802	79253802	.	1	1	0	0|1	.	.	.	.	.	-	-	ref	yes	1	.	.	.	0
truth_smvar	chr18	79253802	79253802	.	1	1,1	0	2|1	.	.	.	.	.	-	-	no:star_allele	no:duplicate_of_stvar	1	.	.	.	0
truth_stvar	chr18	79253835	79253835	.	1	1	0	1|0	.	.	.	.	.	-	-	no:star_allele	ref	1	.	.	.	0
truth_stvar	chr18	79253835	79253835	.	1	1	0	0|1	.	.	.	.	.	-	-	ref	yes	1	.	.	.	0
truth_smvar	chr18	79253835	79253835	.	1	1,1	0	2|1	.	.	.	.	.	-	-	no:star_allele	no:duplicate_of_stvar	1	.	.	.	0
vg	chr18	79253835	79253835	>94501426>94501429	1	1	0	.|1	1	0.866389	PASS	-	-	.	.	.	.	.	.	.	.	0
truth_stvar	chr18	79253855	79253855	.	1	1	0	1|0	.	.	.	.	.	-	-	no:star_allele	ref	1	.	.	.	0
truth_stvar	chr18	79253855	79253855	.	1	1	0	0|1	.	.	.	.	.	-	-	ref	yes	1	.	.	.	0
truth_smvar	chr18	79253855	79253855	.	1	1,1	0	2|1	.	.	.	.	.	-	-	no:star_allele	no:duplicate_of_stvar	1	.	.	.	0
truth_stvar	chr18	79253886	79253886	.	1	1	0	1|0	.	.	.	.	.	-	-	no:star_allele	ref	1	.	.	.	0
truth_stvar	chr18	79253886	79253886	.	1	1	0	0|1	.	.	.	.	.	-	-	ref	yes	1	.	.	.	0
truth_smvar	chr18	79253886	79253886	.	1	1,1	0	2|1	.	.	.	.	.	-	-	no:star_allele	no:duplicate_of_stvar	1	.	.	.	0
vg	chr18	79253886	79253886	>94501458>94501462	1	1	0	.|1	1	2.54686	PASS	-	-	.	.	.	.	.	.	.	.	0
truth_stvar	chr18	79253939	79253939	.	1	1	0	1|0	.	.	.	.	.	-	-	no:star_allele	ref	1	.	.	.	0
truth_stvar	chr18	79253939	79253939	.	1	1	0	0|1	.	.	.	.	.	-	-	ref	yes	1	.	.	.	0
truth_smvar	chr18	79253939	79253939	.	1	1,1	0	2|1	.	.	.	.	.	-	-	no:star_allele	no:duplicate_of_stvar	1	.	.	.	0
truth_stvar	chr18	79253941	79253941	.	1	1	0	1|0	.	.	.	.	.	-	-	no:star_allele	ref	1	.	.	.	0
truth_stvar	chr18	79253941	79253941	.	1	1	0	0|1	.	.	.	.	.	-	-	ref	yes	1	.	.	.	0
truth_smvar	chr18	79253941	79253941	.	1	1,1	0	2|1	.	.	.	.	.	-	-	no:star_allele	no:duplicate_of_stvar	1	.	.	.	0
vg	chr18	79253941	79253941	>94501492>94501495	1	1	0	.|1	1	4.7718	PASS	-	-	.	.	.	.	.	.	.	.	0
vg	chr18	79253961	79253961	>94501503>94501507	1	1	0	.|1	1	7.39219	PASS	-	-	.	.	.	.	.	.	.	.	0
truth_stvar	chr18	79254014	79254014	.	1	1	0	1|0	.	.	.	.	.	-	-	no:star_allele	ref	1	.	.	.	0
truth_stvar	chr18	79254014	79254014	.	1	1	0	0|1	.	.	.	.	.	-	-	ref	yes	1	.	.	.	0
truth_smvar	chr18	79254014	79254014	.	1	1,1	0	2|1	.	.	.	.	.	-	-	no:star_allele	no:duplicate_of_stvar	1	.	.	.	0
vg	chr18	79254014	79254014	>94501917>94501920	1	1	0	.|1	1	1.2529	PASS	-	-	.	.	.	.	.	.	.	.	0
vg	chr18	79254045	79254045	>94501931>94501934	1	1	0	.|1	1	3.66342	PASS	-	-	.	.	.	.	.	.	.	.	0
truth_stvar	chr18	79254052	79254052	.	1	1	0	1|0	.	.	.	.	.	-	-	no:star_allele	ref	1	.	.	.	0
truth_stvar	chr18	79254052	79254052	.	1	1	0	0|1	.	.	.	.	.	-	-	ref	yes	1	.	.	.	0
truth_smvar	chr18	79254052	79254052	.	1	1,1	0	2|1	.	.	.	.	.	-	-	no:star_allele	no:duplicate_of_stvar	1	.	.	.	0
vg	chr18	79254052	79254052	>94501937>94501942	1	1	0	.|1	1	4.9403	PASS	-	-	.	.	.	.	.	.	.	.	0
truth_stvar	chr18	79254060	79254060	.	1	1	0	1|0	.	.	.	.	.	-	-	no:star_allele	ref	1	.	.	.	0
truth_stvar	chr18	79254060	79254060	.	1	1	0	0|1	.	.	.	.	.	-	-	ref	yes	1	.	.	.	0
truth_smvar	chr18	79254060	79254060	.	1	1,1	0	2|1	.	.	.	.	.	-	-	no:star_allele	no:duplicate_of_stvar	1	.	.	.	0
vg	chr18	79254060	79254060	>94501942>94501945	1	1	0	.|1	1	3.66381	PASS	-	-	.	.	.	.	.	.	.	.	0
truth_stvar	chr18	79254100	79254100	.	1	1	0	1|0	.	.	.	.	.	-	-	no:star_allele	ref	1	.	.	.	0
truth_stvar	chr18	79254100	79254100	.	1	1	0	0|1	.	.	.	.	.	-	-	ref	yes	1	.	.	.	0
truth_smvar	chr18	79254100	79254100	.	1	1,1	0	2|1	.	.	.	.	.	-	-	no:star_allele	no:duplicate_of_stvar	1	.	.	.	0
truth_stvar	chr18	79254120	79254120	.	1	1	0	1|0	.	.	.	.	.	-	-	no:star_allele	ref	1	.	.	.	0
truth_stvar	chr18	79254120	79254120	.	1	1	0	0|1	.	.	.	.	.	-	-	ref	yes	1	.	.	.	0
truth_smvar	chr18	79254120	79254120	.	1	1,1	0	2|1	.	.	.	.	.	-	-	no:star_allele	no:duplicate_of_stvar	1	.	.	.	0
truth_stvar	chr18	79254173	79254173	.	1	1	0	1|0	.	.	.	.	.	-	-	no:star_allele	ref	1	.	.	.	0
truth_stvar	chr18	79254173	79254173	.	1	1	0	0|1	.	.	.	.	.	-	-	ref	yes	1	.	.	.	0
truth_smvar	chr18	79254173	79254173	.	1	1,1	0	2|1	.	.	.	.	.	-	-	no:star_allele	no:duplicate_of_stvar	1	.	.	.	0
vg	chr18	79254173	79254173	>94502017>94502020	1	1	0	.|1	1	3.52917	PASS	-	-	.	.	.	.	.	.	.	.	0
truth_stvar	chr18	79254211	79254211	.	1	1	0	1|0	.	.	.	.	.	-	-	no:star_allele	ref	1	.	.	.	0
truth_stvar	chr18	79254211	79254211	.	1	1	0	0|1	.	.	.	.	.	-	-	ref	yes	1	.	.	.	0
truth_smvar	chr18	79254211	79254211	.	1	1,1	0	2|1	.	.	.	.	.	-	-	no:star_allele	no:duplicate_of_stvar	1	.	.	.	0
vg	chr18	79254211	79254211	>94502038>94502043	1	1	0	.|1	1	5.13031	PASS	-	-	.	.	.	.	.	.	.	.	0
vg	chr18	79254219	79254219	>94502046>94502049	1	1	0	.|1	1	3.52917	PASS	-	-	.	.	.	.	.	.	.	.	0
truth_stvar	chr18	79254226	79254226	.	1	1	0	1|0	.	.	.	.	.	-	-	no:star_allele	ref	1	.	.	.	0
truth_stvar	chr18	79254226	79254226	.	1	1	0	0|1	.	.	.	.	.	-	-	ref	yes	1	.	.	.	0
truth_smvar	chr18	79254226	79254226	.	1	1,1	0	2|1	.	.	.	.	.	-	-	no:star_allele	no:duplicate_of_stvar	1	.	.	.	0
truth_stvar	chr18	79254257	79254257	.	1	1	0	1|0	.	.	.	.	.	-	-	no:star_allele	ref	1	.	.	.	0
truth_stvar	chr18	79254257	79254257	.	1	1	0	0|1	.	.	.	.	.	-	-	ref	yes	1	.	.	.	0
truth_smvar	chr18	79254257	79254257	.	1	1,1	0	2|1	.	.	.	.	.	-	-	no:star_allele	no:duplicate_of_stvar	1	.	.	.	0
vg	chr18	79254279	79254279	>94502090>94502094	1	1	0	.|1	1	4.62471	PASS	-	-	.	.	.	.	.	.	.	.	0
truth_stvar	chr18	79254304	79254304	.	1	1	0	0|1	.	.	.	.	.	-	-	ref	yes	1	.	.	.	0
truth_smvar	chr18	79254304	79254304	.	1	1	0	0|1	.	.	.	.	.	-	-	ref	no:duplicate_of_stvar	1	.	.	.	0
vg	chr18	79254304	79254304	>94502099>94502102	1	1	0	.|1	1	3.12299	PASS	-	-	.	.	.	.	.	.	.	.	0
truth_stvar	chr18	79254309	79254309	.	1	1	0	0|1	.	.	.	.	.	-	-	ref	yes	1	.	.	.	0
truth_smvar	chr18	79254309	79254309	.	1	1	0	0|1	.	.	.	.	.	-	-	ref	no:duplicate_of_stvar	1	.	.	.	0
vg	chr18	79254309	79254310	>94502102>94502107	2	2	0	.|1	1	3.12311	PASS	-	-	.	.	.	.	.	.	.	.	0
truth_stvar	chr18	79254310	79254310	.	1	1	0	0|1	.	.	.	.	.	-	-	ref	yes	1	.	.	.	0
truth_smvar	chr18	79254310	79254310	.	1	1	0	0|1	.	.	.	.	.	-	-	ref	no:duplicate_of_stvar	1	.	.	.	0
vg	chr18	79254317	79254317	>94502107>94503114	1	4091	4090	.|1	1	90.38	PASS	FP	-	.	.	.	.	.	.	.	416.2,416.9	0
vg	chr18	79254325	79254325	>94503118>94503121	1	1	0	.|1	1	2.90046	PASS	-	-	.	.	.	.	.	.	.	.	0
truth_stvar	chr18	79254336	79254336	.	1	2	1	0|1	.	.	.	.	.	-	-	ref	yes	1	.	.	.	0
truth_smvar	chr18	79254336	79254336	.	1	2	1	0|1	.	.	.	.	.	-	-	ref	no:duplicate_of_stvar	1	.	.	.	0
truth_stvar	chr18	79254337	79254337	.	1	1	0	0|1	.	.	.	.	.	-	-	ref	yes	1	.	.	.	0
truth_smvar	chr18	79254337	79254337	.	1	1	0	0|1	.	.	.	.	.	-	-	ref	no:duplicate_of_stvar	1	.	.	.	0
truth_stvar	chr18	79254363	79254363	.	1	1	0	1|1	.	.	.	.	.	-	-	yes	yes	1	.	.	.	0
truth_smvar	chr18	79254363	79254363	.	1	1	0	1|1	.	.	.	.	.	-	-	no:duplicate_of_stvar	no:duplicate_of_stvar	1	.	.	.	0
vg	chr18	79254363	79254371	>94499300>94503184	9	9	0	.|1	1	189.26	PASS	-	-	.	.	.	.	.	.	.	.	0
truth_stvar	chr18	79254370	79254370	.	1	1	0	0|1	.	.	.	.	.	-	-	ref	yes	1	.	.	.	0
truth_smvar	chr18	79254370	79254370	.	1	1	0	0|1	.	.	.	.	.	-	-	ref	no:duplicate_of_stvar	1	.	.	.	0
truth_stvar	chr18	79254378	79254378	.	1	1	0	0|1	.	.	.	.	.	-	-	ref	yes	1	.	.	.	0
truth_smvar	chr18	79254378	79254378	.	1	1	0	0|1	.	.	.	.	.	-	-	ref	no:duplicate_of_stvar	1	.	.	.	0
truth_stvar	chr18	79254390	79254814	.	425	1	424	1|0	.	.	.	.	.	FN	FN	yes	ref	1	DEL	53	.	0
truth_smvar	chr18	79254390	79254814	.	425	1	424	1|0	.	.	.	.	.	-	-	no:duplicate_of_stvar	ref	1	.	53	.	0
vg	chr18	79254391	79254444	>94503202>94503238	54	1	-53	.|1	1	7.20929	PASS	FP	-	.	.	.	.	.	.	.	416.10,416.10	0
truth_stvar	chr18	79254418	79254418	.	1	1	0	1|0	.	.	.	.	.	-	-	no:star_allele	ref	1	.	.	.	0
truth_stvar	chr18	79254418	79254418	.	1	1	0	0|1	.	.	.	.	.	-	-	ref	yes	1	.	.	.	0
truth_smvar	chr18	79254418	79254418	.	1	1,1	0	2|1	.	.	.	.	.	-	-	no:star_allele	no:duplicate_of_stvar	1	.	.	.	0
truth_stvar	chr18	79254436	79254436	.	1	1	0	1|0	.	.	.	.	.	-	-	no:star_allele	ref	1	.	.	.	0
truth_stvar	chr18	79254436	79254436	.	1	1	0	0|1	.	.	.	.	.	-	-	ref	yes	1	.	.	.	0
truth_smvar	chr18	79254436	79254436	.	1	1,1	0	2|1	.	.	.	.	.	-	-	no:star_allele	no:duplicate_of_stvar	1	.	.	.	0
truth_stvar	chr18	79254845	79254845	.	1	1	0	1|0	.	.	.	.	.	-	-	yes	ref	1	.	.	.	0
truth_smvar	chr18	79254845	79254845	.	1	1	0	1|0	.	.	.	.	.	-	-	no:duplicate_of_stvar	ref	1	.	.	.	0
truth_stvar	chr18	79254847	79254847	.	1	1	0	1|0	.	.	.	.	.	-	-	yes	ref	1	.	.	.	0
truth_smvar	chr18	79254847	79254847	.	1	1	0	1|0	.	.	.	.	.	-	-	no:duplicate_of_stvar	ref	1	.	.	.	0
truth_stvar	chr18	79254894	79254894	.	1	1	0	1|0	.	.	.	.	.	-	-	yes	ref	1	.	.	.	0
truth_smvar	chr18	79254894	79254894	.	1	1	0	1|0	.	.	.	.	.	-	-	no:duplicate_of_stvar	ref	1	.	.	.	0
truth_stvar	chr18	79254920	79254920	.	1	2	1	1|0	.	.	.	.	.	-	-	yes	ref	1	.	.	.	0
truth_smvar	chr18	79254920	79254920	.	1	2	1	1|0	.	.	.	.	.	-	-	no:duplicate_of_stvar	ref	1	.	.	.	0
truth_stvar	chr18	79254921	79254921	.	1	1	0	1|0	.	.	.	.	.	-	-	yes	ref	1	.	.	.	0
truth_smvar	chr18	79254921	79254921	.	1	1	0	1|0	.	.	.	.	.	-	-	no:duplicate_of_stvar	ref	1	.	.	.	0
vg	chr18	79254946	79254947	>94499104>94503466	2	2	0	.|1	1	180.839	PASS	-	-	.	.	.	.	.	.	.	.	0
truth_stvar	chr18	79254947	79254947	.	1	1	0	1|0	.	.	.	.	.	-	-	yes	ref	1	.	.	.	0
truth_smvar	chr18	79254947	79254947	.	1	1	0	1|0	.	.	.	.	.	-	-	no:duplicate_of_stvar	ref	1	.	.	.	0
truth_stvar	chr18	79254964	79254964	.	1	1	0	1|0	.	.	.	.	.	-	-	yes	ref	1	.	.	.	0
truth_smvar	chr18	79254964	79254964	.	1	1	0	1|0	.	.	.	.	.	-	-	no:duplicate_of_stvar	ref	1	.	.	.	0
vg	chr18	79254982	79254982	>94503497>94503530	1	54	53	.|1	1	1.59648	PASS	FP	-	.	.	.	.	.	.	.	416.27,416.11	0
truth_stvar	chr18	79255007	79255007	.	1	1	0	1|0	.	.	.	.	.	-	-	yes	ref	1	.	.	.	0
truth_smvar	chr18	79255007	79255007	.	1	1	0	1|0	.	.	.	.	.	-	-	no:duplicate_of_stvar	ref	1	.	.	.	0
truth_stvar	chr18	79255015	79255015	.	1	1	0	1|0	.	.	.	.	.	-	-	yes	ref	1	.	.	.	0
truth_smvar	chr18	79255015	79255015	.	1	1	0	1|0	.	.	.	.	.	-	-	no:duplicate_of_stvar	ref	1	.	.	.	0
truth_stvar	chr18	79255021	79255021	.	1	2	1	1|0	.	.	.	.	.	-	-	yes	ref	1	.	.	.	0
truth_smvar	chr18	79255021	79255021	.	1	2	1	1|0	.	.	.	.	.	-	-	no:duplicate_of_stvar	ref	1	.	.	.	0
truth_stvar	chr18	79255022	79255075	.	54	1	53	0|1	.	.	.	.	.	FN	FN	ref	yes	1	DEL	53	.	0
truth_smvar	chr18	79255022	79255075	.	54	1	53	0|1	.	.	.	.	.	-	-	ref	no:duplicate_of_stvar	1	.	53	.	0
truth_stvar	chr18	79255027	79255027	.	1	1	0	0|1	.	.	.	.	.	-	-	ref	no:star_allele	1	.	.	.	0
truth_stvar	chr18	79255027	79255027	.	1	1	0	1|0	.	.	.	.	.	-	-	yes	ref	1	.	.	.	0
truth_smvar	chr18	79255027	79255027	.	1	1,1	0	1|2	.	.	.	.	.	-	-	no:duplicate_of_stvar	no:star_allele	1	.	.	.	0
truth_stvar	chr18	79255074	79255074	.	1	1	0	0|1	.	.	.	.	.	-	-	ref	no:star_allele	1	.	.	.	0
truth_stvar	chr18	79255074	79255074	.	1	2	1	1|0	.	.	.	.	.	-	-	yes	ref	1	.	.	.	0
truth_smvar	chr18	79255074	79255074	.	1	2,1	1	1|2	.	.	.	.	.	-	-	no:duplicate_of_stvar	no:star_allele	1	.	.	.	0
truth_stvar	chr18	79255079	79255079	.	1	1	0	1|0	.	.	.	.	.	-	-	yes	ref	1	.	.	.	0
truth_smvar	chr18	79255079	79255079	.	1	1	0	1|0	.	.	.	.	.	-	-	no:duplicate_of_stvar	ref	1	.	.	.	0
truth_stvar	chr18	79255080	79255080	.	1	1	0	1|0	.	.	.	.	.	-	-	yes	ref	1	.	.	.	0
truth_smvar	chr18	79255080	79255080	.	1	1	0	1|0	.	.	.	.	.	-	-	no:duplicate_of_stvar	ref	1	.	.	.	0
truth_stvar	chr18	79255180	79257039	.	1860	1	1859	1|0	.	.	.	.	.	FN	FN	yes	ref	1	DEL	53	.	0
truth_smvar	chr18	79255180	79257039	.	1860	1	1859	1|0	.	.	.	.	.	-	-	no:duplicate_of_stvar	ref	1	.	53	.	0
vg	chr18	79255206	79255206	>94503687>94503690	1	1	0	.|1	1	46.3901	PASS	-	-	.	.	.	.	.	.	.	.	0
vg	chr18	79255211	79255212	>94503690>94503697	2	2	0	.|1	1	50.5165	PASS	-	-	.	.	.	.	.	.	.	.	0
vg	chr18	79255265	79255265	>94503724>94503730	1	1	0	.|1	1	32.3241	PASS	-	-	.	.	.	.	.	.	.	.	0
vg	chr18	79255287	79255288	>94503748>94503753	2	2	0	.|1	1	29.5797	PASS	-	-	.	.	.	.	.	.	.	.	0
truth_stvar	chr18	79255312	79255312	.	1	1	0	1|0	.	.	.	.	.	-	-	no:star_allele	ref	1	.	.	.	0
truth_stvar	chr18	79255312	79255312	.	1	1	0	0|1	.	.	.	.	.	-	-	ref	yes	1	.	.	.	0
truth_smvar	chr18	79255312	79255312	.	1	1,1	0	2|1	.	.	.	.	.	-	-	no:star_allele	no:duplicate_of_stvar	1	.	.	.	0
truth_stvar	chr18	79255317	79255317	.	1	1	0	1|0	.	.	.	.	.	-	-	no:star_allele	ref	1	.	.	.	0
truth_stvar	chr18	79255317	79255317	.	1	1	0	0|1	.	.	.	.	.	-	-	ref	yes	1	.	.	.	0
truth_smvar	chr18	79255317	79255317	.	1	1,1	0	2|1	.	.	.	.	.	-	-	no:star_allele	no:duplicate_of_stvar	1	.	.	.	0
truth_stvar	chr18	79255318	79255318	.	1	1	0	1|0	.	.	.	.	.	-	-	no:star_allele	ref	1	.	.	.	0
truth_stvar	chr18	79255318	79255318	.	1	1	0	0|1	.	.	.	.	.	-	-	ref	yes	1	.	.	.	0
truth_smvar	chr18	79255318	79255318	.	1	1,1	0	2|1	.	.	.	.	.	-	-	no:star_allele	no:duplicate_of_stvar	1	.	.	.	0
vg	chr18	79255320	79256303	>94503764>94504234	984	876	-108	.|1	1	6.56165	PASS	FP	-	.	.	.	.	.	.	.	416.11,416.12	0
vg	chr18	79255371	79255371	>94503784>94503788	1	1	0	.|1	1	2.49126	PASS	-	-	.	.	.	.	.	.	.	.	0
truth_stvar	chr18	79255393	79255393	.	1	1	0	1|0	.	.	.	.	.	-	-	no:star_allele	ref	1	.	.	.	0
truth_stvar	chr18	79255393	79255393	.	1	1	0	0|1	.	.	.	.	.	-	-	ref	yes	1	.	.	.	0
truth_smvar	chr18	79255393	79255393	.	1	1,1	0	2|1	.	.	.	.	.	-	-	no:star_allele	no:duplicate_of_stvar	1	.	.	.	0
truth_stvar	chr18	79255394	79255394	.	1	1	0	1|0	.	.	.	.	.	-	-	no:star_allele	ref	1	.	.	.	0
truth_stvar	chr18	79255394	79255394	.	1	1	0	0|1	.	.	.	.	.	-	-	ref	yes	1	.	.	.	0
truth_smvar	chr18	79255394	79255394	.	1	1,1	0	2|1	.	.	.	.	.	-	-	no:star_allele	no:duplicate_of_stvar	1	.	.	.	0
truth_stvar	chr18	79255404	79255404	.	1	1	0	1|0	.	.	.	.	.	-	-	no:star_allele	ref	1	.	.	.	0
truth_stvar	chr18	79255404	79255404	.	1	1	0	0|1	.	.	.	.	.	-	-	ref	yes	1	.	.	.	0
truth_smvar	chr18	79255404	79255404	.	1	1,1	0	2|1	.	.	.	.	.	-	-	no:star_allele	no:duplicate_of_stvar	1	.	.	.	0
vg	chr18	79255404	79255404	>94503806>94503809	1	1	0	.|1	1	2.3959	PASS	-	-	.	.	.	.	.	.	.	.	0
truth_stvar	chr18	79255426	79255426	.	1	1	0	1|0	.	.	.	.	.	-	-	no:star_allele	ref	1	.	.	.	0
truth_stvar	chr18	79255426	79255426	.	1	1	0	0|1	.	.	.	.	.	-	-	ref	yes	1	.	.	.	0
truth_smvar	chr18	79255426	79255426	.	1	1,1	0	2|1	.	.	.	.	.	-	-	no:star_allele	no:duplicate_of_stvar	1	.	.	.	0
vg	chr18	79255426	79255426	>94503815>94503818	1	1	0	.|1	1	2.21236	PASS	-	-	.	.	.	.	.	.	.	.	0
truth_stvar	chr18	79255432	79255432	.	1	1	0	1|0	.	.	.	.	.	-	-	no:star_allele	ref	1	.	.	.	0
truth_stvar	chr18	79255432	79255432	.	1	1	0	0|1	.	.	.	.	.	-	-	ref	yes	1	.	.	.	0
truth_smvar	chr18	79255432	79255432	.	1	1,1	0	2|1	.	.	.	.	.	-	-	no:star_allele	no:duplicate_of_stvar	1	.	.	.	0
vg	chr18	79255432	79255432	>94503818>94503821	1	1	0	.|1	1	2.39409	PASS	-	-	.	.	.	.	.	.	.	.	0
truth_stvar	chr18	79255471	79255471	.	1	1	0	1|0	.	.	.	.	.	-	-	no:star_allele	ref	1	.	.	.	0
truth_stvar	chr18	79255471	79255471	.	1	1	0	0|1	.	.	.	.	.	-	-	ref	yes	1	.	.	.	0
truth_smvar	chr18	79255471	79255471	.	1	1,1	0	2|1	.	.	.	.	.	-	-	no:star_allele	no:duplicate_of_stvar	1	.	.	.	0
vg	chr18	79255471	79255471	>94503824>94503827	1	1	0	.|1	1	2.59072	PASS	-	-	.	.	.	.	.	.	.	.	0
truth_stvar	chr18	79255476	79255476	.	1	1	0	1|0	.	.	.	.	.	-	-	no:star_allele	ref	1	.	.	.	0
truth_stvar	chr18	79255476	79255476	.	1	1	0	0|1	.	.	.	.	.	-	-	ref	yes	1	.	.	.	0
truth_smvar	chr18	79255476	79255476	.	1	1,1	0	2|1	.	.	.	.	.	-	-	no:star_allele	no:duplicate_of_stvar	1	.	.	.	0
vg	chr18	79255476	79255477	>94503827>94503832	2	2	0	.|1	1	4.06139	PASS	-	-	.	.	.	.	.	.	.	.	0
truth_stvar	chr18	79255477	79255477	.	1	1	0	1|0	.	.	.	.	.	-	-	no:star_allele	ref	1	.	.	.	0
truth_stvar	chr18	79255477	79255477	.	1	1	0	0|1	.	.	.	.	.	-	-	ref	yes	1	.	.	.	0
truth_smvar	chr18	79255477	79255477	.	1	1,1	0	2|1	.	.	.	.	.	-	-	no:star_allele	no:duplicate_of_stvar	1	.	.	.	0
truth_stvar	chr18	79255485	79255485	.	1	1	0	1|0	.	.	.	.	.	-	-	no:star_allele	ref	1	.	.	.	0
truth_stvar	chr18	79255485	79255485	.	1	1	0	0|1	.	.	.	.	.	-	-	ref	yes	1	.	.	.	0
truth_smvar	chr18	79255485	79255485	.	1	1,1	0	2|1	.	.	.	.	.	-	-	no:star_allele	no:duplicate_of_stvar	1	.	.	.	0
vg	chr18	79255485	79255485	>94503832>94503835	1	1	0	.|1	1	2.79506	PASS	-	-	.	.	.	.	.	.	.	.	0
truth_stvar	chr18	79255499	79255499	.	1	1	0	1|0	.	.	.	.	.	-	-	no:star_allele	ref	1	.	.	.	0
truth_stvar	chr18	79255499	79255499	.	1	1	0	0|1	.	.	.	.	.	-	-	ref	yes	1	.	.	.	0
truth_smvar	chr18	79255499	79255499	.	1	1,1	0	2|1	.	.	.	.	.	-	-	no:star_allele	no:duplicate_of_stvar	1	.	.	.	0
vg	chr18	79255530	79255530	>94503846>94503850	1	1	0	.|1	1	4.68532	PASS	-	-	.	.	.	.	.	.	.	.	0
truth_stvar	chr18	79255532	79255532	.	1	1	0	1|0	.	.	.	.	.	-	-	no:star_allele	ref	1	.	.	.	0
truth_stvar	chr18	79255532	79255532	.	1	1	0	0|1	.	.	.	.	.	-	-	ref	yes	1	.	.	.	0
truth_smvar	chr18	79255532	79255532	.	1	1,1	0	2|1	.	.	.	.	.	-	-	no:star_allele	no:duplicate_of_stvar	1	.	.	.	0
truth_stvar	chr18	79255538	79255538	.	1	1	0	1|0	.	.	.	.	.	-	-	no:star_allele	ref	1	.	.	.	0
truth_stvar	chr18	79255538	79255538	.	1	1	0	0|1	.	.	.	.	.	-	-	ref	yes	1	.	.	.	0
truth_smvar	chr18	79255538	79255538	.	1	1,1	0	2|1	.	.	.	.	.	-	-	no:star_allele	no:duplicate_of_stvar	1	.	.	.	0
vg	chr18	79255538	79255538	>94503850>94503853	1	1	0	.|1	1	4.98643	PASS	-	-	.	.	.	.	.	.	.	.	0
vg	chr18	79255552	79255552	>94503856>94503860	1	1	0	.|1	1	4.62498	PASS	-	-	.	.	.	.	.	.	.	.	0
truth_stvar	chr18	79255556	79255557	.	2	1	0	1|0	.	.	.	.	.	-	-	no:star_allele	ref	1	.	.	.	0
truth_stvar	chr18	79255556	79255557	.	2	1	1	0|1	.	.	.	.	.	-	-	ref	yes	1	.	.	.	0
truth_smvar	chr18	79255556	79255557	.	2	1,1	1	2|1	.	.	.	.	.	-	-	no:star_allele	no:duplicate_of_stvar	1	.	.	.	0
vg	chr18	79255557	79255558	>94503861>94503865	2	1	-1	.|1	1	4.68936	PASS	-	-	.	.	.	.	.	.	.	.	0
truth_stvar	chr18	79255558	79255558	.	1	1	0	1|0	.	.	.	.	.	-	-	no:star_allele	ref	1	.	.	.	0
truth_stvar	chr18	79255558	79255558	.	1	1	0	0|1	.	.	.	.	.	-	-	ref	yes	1	.	.	.	0
truth_smvar	chr18	79255558	79255558	.	1	1,1	0	2|1	.	.	.	.	.	-	-	no:star_allele	no:duplicate_of_stvar	1	.	.	.	0
vg	chr18	79255578	79255578	>94503865>94503868	1	1	0	.|1	1	2.58799	PASS	-	-	.	.	.	.	.	.	.	.	0
vg	chr18	79255599	79255599	>94503876>94503879	1	1	0	.|1	1	4.91897	PASS	-	-	.	.	.	.	.	.	.	.	0
truth_stvar	chr18	79255606	79255927	.	322	1	0	1|0	.	.	.	.	.	-	-	no:star_allele	ref	1	DEL	53	.	0
truth_stvar	chr18	79255606	79255927	.	322	1	321	0|1	.	.	.	.	.	FN	FN	ref	yes	1	DEL	53	.	0
truth_smvar	chr18	79255606	79255927	.	322	1,1	321	2|1	.	.	.	.	.	-	-	no:star_allele	no:duplicate_of_stvar	1	.	53	.	0
vg	chr18	79255606	79255608	>94503879>94503884	3	1	-2	.|1	1	6.03305	PASS	-	-	.	.	.	.	.	.	.	.	0
vg	chr18	79255612	79255612	>94503884>94503886	1	2	1	.|1	1	4.68849	PASS	-	-	.	.	.	.	.	.	.	.	0
vg	chr18	79255632	79255632	>94503891>94503894	1	1	0	.|1	1	4.91943	PASS	-	-	.	.	.	.	.	.	.	.	0
vg	chr18	79255637	79255638	>94503894>94503899	2	2	0	.|1	1	4.98811	PASS	-	-	.	.	.	.	.	.	.	.	0
vg	chr18	79255719	79255719	>94503940>94503965	1	55	54	.|1	1	6.66739	PASS	FP	-	.	.	.	.	.	.	.	416.6,416.13	0
truth_stvar	chr18	79255958	79255958	.	1	1	0	1|0	.	.	.	.	.	-	-	no:star_allele	ref	1	.	.	.	0
truth_stvar	chr18	79255958	79255958	.	1	1	0	0|1	.	.	.	.	.	-	-	ref	yes	1	.	.	.	0
truth_smvar	chr18	79255958	79255958	.	1	1,1	0	2|1	.	.	.	.	.	-	-	no:star_allele	no:duplicate_of_stvar	1	.	.	.	0
truth_stvar	chr18	79255960	79255960	.	1	1	0	1|0	.	.	.	.	.	-	-	no:star_allele	ref	1	.	.	.	0
truth_stvar	chr18	79255960	79255960	.	1	1	0	0|1	.	.	.	.	.	-	-	ref	yes	1	.	.	.	0
truth_smvar	chr18	79255960	79255960	.	1	1,1	0	2|1	.	.	.	.	.	-	-	no:star_allele	no:duplicate_of_stvar	1	.	.	.	0
truth_stvar	chr18	79255980	79255980	.	1	1	0	1|0	.	.	.	.	.	-	-	no:star_allele	ref	1	.	.	.	0
truth_stvar	chr18	79255980	79255980	.	1	1	0	0|1	.	.	.	.	.	-	-	ref	yes	1	.	.	.	0
truth_smvar	chr18	79255980	79255980	.	1	1,1	0	2|1	.	.	.	.	.	-	-	no:star_allele	no:duplicate_of_stvar	1	.	.	.	0
truth_stvar	chr18	79256005	79256005	.	1	1	0	1|0	.	.	.	.	.	-	-	no:star_allele	ref	1	.	.	.	0
truth_stvar	chr18	79256005	79256005	.	1	1	0	0|1	.	.	.	.	.	-	-	ref	yes	1	.	.	.	0
truth_smvar	chr18	79256005	79256005	.	1	1,1	0	2|1	.	.	.	.	.	-	-	no:star_allele	no:duplicate_of_stvar	1	.	.	.	0
truth_stvar	chr18	79256026	79256026	.	1	1	0	1|0	.	.	.	.	.	-	-	no:star_allele	ref	1	.	.	.	0
truth_stvar	chr18	79256026	79256026	.	1	1	0	0|1	.	.	.	.	.	-	-	ref	yes	1	.	.	.	0
truth_smvar	chr18	79256026	79256026	.	1	1,1	0	2|1	.	.	.	.	.	-	-	no:star_allele	no:duplicate_of_stvar	1	.	.	.	0
truth_stvar	chr18	79256033	79256033	.	1	1	0	1|0	.	.	.	.	.	-	-	no:star_allele	ref	1	.	.	.	0
truth_stvar	chr18	79256033	79256033	.	1	1	0	0|1	.	.	.	.	.	-	-	ref	yes	1	.	.	.	0
truth_smvar	chr18	79256033	79256033	.	1	1,1	0	2|1	.	.	.	.	.	-	-	no:star_allele	no:duplicate_of_stvar	1	.	.	.	0
truth_stvar	chr18	79256037	79256037	.	1	1	0	1|0	.	.	.	.	.	-	-	no:star_allele	ref	1	.	.	.	0
truth_stvar	chr18	79256037	79256037	.	1	1	0	0|1	.	.	.	.	.	-	-	ref	yes	1	.	.	.	0
truth_smvar	chr18	79256037	79256037	.	1	1,1	0	2|1	.	.	.	.	.	-	-	no:star_allele	no:duplicate_of_stvar	1	.	.	.	0
truth_stvar	chr18	79256038	79256038	.	1	1	0	1|0	.	.	.	.	.	-	-	no:star_allele	ref	1	.	.	.	0
truth_stvar	chr18	79256038	79256038	.	1	1	0	0|1	.	.	.	.	.	-	-	ref	yes	1	.	.	.	0
truth_smvar	chr18	79256038	79256038	.	1	1,1	0	2|1	.	.	.	.	.	-	-	no:star_allele	no:duplicate_of_stvar	1	.	.	.	0
vg	chr18	79256079	79256079	>94504118>94504121	1	1	0	.|1	1	4.70479	PASS	-	-	.	.	.	.	.	.	.	.	0
truth_stvar	chr18	79256087	79256087	.	1	1	0	1|0	.	.	.	.	.	-	-	no:star_allele	ref	1	.	.	.	0
truth_stvar	chr18	79256087	79256087	.	1	1	0	0|1	.	.	.	.	.	-	-	ref	yes	1	.	.	.	0
truth_smvar	chr18	79256087	79256087	.	1	1,1	0	2|1	.	.	.	.	.	-	-	no:star_allele	no:duplicate_of_stvar	1	.	.	.	0
truth_stvar	chr18	79256091	79256091	.	1	1	0	1|0	.	.	.	.	.	-	-	no:star_allele	ref	1	.	.	.	0
truth_stvar	chr18	79256091	79256091	.	1	1	0	0|1	.	.	.	.	.	-	-	ref	yes	1	.	.	.	0
truth_smvar	chr18	79256091	79256091	.	1	1,1	0	2|1	.	.	.	.	.	-	-	no:star_allele	no:duplicate_of_stvar	1	.	.	.	0
vg	chr18	79256132	79256132	>94504146>94504149	1	1	0	.|1	1	2.75704	PASS	-	-	.	.	.	.	.	.	.	.	0
truth_stvar	chr18	79256138	79256138	.	1	1	0	1|0	.	.	.	.	.	-	-	no:star_allele	ref	1	.	.	.	0
truth_stvar	chr18	79256138	79256138	.	1	2	1	0|1	.	.	.	.	.	-	-	ref	yes	1	.	.	.	0
truth_smvar	chr18	79256138	79256138	.	1	2,1	1	2|1	.	.	.	.	.	-	-	no:star_allele	no:duplicate_of_stvar	1	.	.	.	0
truth_stvar	chr18	79256141	79256141	.	1	1	0	1|0	.	.	.	.	.	-	-	no:star_allele	ref	1	.	.	.	0
truth_stvar	chr18	79256141	79256141	.	1	1	0	0|1	.	.	.	.	.	-	-	ref	yes	1	.	.	.	0
truth_smvar	chr18	79256141	79256141	.	1	1,1	0	2|1	.	.	.	.	.	-	-	no:star_allele	no:duplicate_of_stvar	1	.	.	.	0
truth_stvar	chr18	79256144	79256144	.	1	1	0	1|0	.	.	.	.	.	-	-	no:star_allele	ref	1	.	.	.	0
truth_stvar	chr18	79256144	79256144	.	1	1	0	0|1	.	.	.	.	.	-	-	ref	yes	1	.	.	.	0
truth_smvar	chr18	79256144	79256144	.	1	1,1	0	2|1	.	.	.	.	.	-	-	no:star_allele	no:duplicate_of_stvar	1	.	.	.	0
truth_stvar	chr18	79256223	79256223	.	1	1	0	1|0	.	.	.	.	.	-	-	no:star_allele	ref	1	.	.	.	0
truth_stvar	chr18	79256223	79256223	.	1	1	0	0|1	.	.	.	.	.	-	-	ref	yes	1	.	.	.	0
truth_smvar	chr18	79256223	79256223	.	1	1,1	0	2|1	.	.	.	.	.	-	-	no:star_allele	no:duplicate_of_stvar	1	.	.	.	0
vg	chr18	79256223	79256223	>94504190>94504195	1	1	0	.|1	1	5.1185	PASS	-	-	.	.	.	.	.	.	.	.	0
truth_stvar	chr18	79256329	79256329	.	1	1	0	1|0	.	.	.	.	.	-	-	no:star_allele	ref	1	.	.	.	0
truth_stvar	chr18	79256329	79256329	.	1	1	0	0|1	.	.	.	.	.	-	-	ref	yes	1	.	.	.	0
truth_smvar	chr18	79256329	79256329	.	1	1,1	0	2|1	.	.	.	.	.	-	-	no:star_allele	no:duplicate_of_stvar	1	.	.	.	0
truth_stvar	chr18	79256344	79256344	.	1	1	0	1|0	.	.	.	.	.	-	-	no:star_allele	ref	1	.	.	.	0
truth_stvar	chr18	79256344	79256344	.	1	1	0	0|1	.	.	.	.	.	-	-	ref	yes	1	.	.	.	0
truth_smvar	chr18	79256344	79256344	.	1	1,1	0	2|1	.	.	.	.	.	-	-	no:star_allele	no:duplicate_of_stvar	1	.	.	.	0
vg	chr18	79256344	79256344	>94504236>94504239	1	1	0	.|1	1	2.63958	PASS	-	-	.	.	.	.	.	.	.	.	0
vg	chr18	79256351	79256351	>94504240>94504246	1	1	0	.|1	1	5.99014	PASS	-	-	.	.	.	.	.	.	.	.	0
truth_stvar	chr18	79256457	79256457	.	1	1	0	1|0	.	.	.	.	.	-	-	no:star_allele	ref	1	.	.	.	0
truth_stvar	chr18	79256457	79256457	.	1	1	0	0|1	.	.	.	.	.	-	-	ref	yes	1	.	.	.	0
truth_smvar	chr18	79256457	79256457	.	1	1,1	0	2|1	.	.	.	.	.	-	-	no:star_allele	no:duplicate_of_stvar	1	.	.	.	0
truth_stvar	chr18	79256468	79256468	.	1	1	0	1|0	.	.	.	.	.	-	-	no:star_allele	ref	1	.	.	.	0
truth_stvar	chr18	79256468	79256468	.	1	1	0	0|1	.	.	.	.	.	-	-	ref	yes	1	.	.	.	0
truth_smvar	chr18	79256468	79256468	.	1	1,1	0	2|1	.	.	.	.	.	-	-	no:star_allele	no:duplicate_of_stvar	1	.	.	.	0
truth_stvar	chr18	79256496	79256496	.	1	1	0	1|0	.	.	.	.	.	-	-	no:star_allele	ref	1	.	.	.	0
truth_stvar	chr18	79256496	79256496	.	1	1	0	0|1	.	.	.	.	.	-	-	ref	yes	1	.	.	.	0
truth_smvar	chr18	79256496	79256496	.	1	1,1	0	2|1	.	.	.	.	.	-	-	no:star_allele	no:duplicate_of_stvar	1	.	.	.	0
vg	chr18	79256523	79256576	>94504366>94504405	54	1	-53	.|1	1	10.5	PASS	FP	-	.	.	.	.	.	.	.	416.10,416.14	0
truth_stvar	chr18	79256535	79256535	.	1	1	0	1|0	.	.	.	.	.	-	-	no:star_allele	ref	1	.	.	.	0
truth_stvar	chr18	79256535	79256535	.	1	1	0	0|1	.	.	.	.	.	-	-	ref	yes	1	.	.	.	0
truth_smvar	chr18	79256535	79256535	.	1	1,1	0	2|1	.	.	.	.	.	-	-	no:star_allele	no:duplicate_of_stvar	1	.	.	.	0
truth_stvar	chr18	79256540	79256540	.	1	1	0	1|0	.	.	.	.	.	-	-	no:star_allele	ref	1	.	.	.	0
truth_stvar	chr18	79256540	79256540	.	1	1	0	0|1	.	.	.	.	.	-	-	ref	yes	1	.	.	.	0
truth_smvar	chr18	79256540	79256540	.	1	1,1	0	2|1	.	.	.	.	.	-	-	no:star_allele	no:duplicate_of_stvar	1	.	.	.	0
truth_stvar	chr18	79256541	79256541	.	1	1	0	1|0	.	.	.	.	.	-	-	no:star_allele	ref	1	.	.	.	0
truth_stvar	chr18	79256541	79256541	.	1	1	0	0|1	.	.	.	.	.	-	-	ref	yes	1	.	.	.	0
truth_smvar	chr18	79256541	79256541	.	1	1,1	0	2|1	.	.	.	.	.	-	-	no:star_allele	no:duplicate_of_stvar	1	.	.	.	0
truth_stvar	chr18	79256549	79256549	.	1	1	0	1|0	.	.	.	.	.	-	-	no:star_allele	ref	1	.	.	.	0
truth_stvar	chr18	79256549	79256549	.	1	1	0	0|1	.	.	.	.	.	-	-	ref	yes	1	.	.	.	0
truth_smvar	chr18	79256549	79256549	.	1	1,1	0	2|1	.	.	.	.	.	-	-	no:star_allele	no:duplicate_of_stvar	1	.	.	.	0
truth_stvar	chr18	79256563	79256563	.	1	1	0	1|0	.	.	.	.	.	-	-	no:star_allele	ref	1	.	.	.	0
truth_stvar	chr18	79256563	79256563	.	1	1	0	0|1	.	.	.	.	.	-	-	ref	yes	1	.	.	.	0
truth_smvar	chr18	79256563	79256563	.	1	1,1	0	2|1	.	.	.	.	.	-	-	no:star_allele	no:duplicate_of_stvar	1	.	.	.	0
vg	chr18	79256594	79256594	>94504408>94504414	1	1	0	.|1	1	23.0262	PASS	-	-	.	.	.	.	.	.	.	.	0
truth_stvar	chr18	79256602	79256602	.	1	1	0	1|0	.	.	.	.	.	-	-	no:star_allele	ref	1	.	.	.	0
truth_stvar	chr18	79256602	79256602	.	1	1	0	0|1	.	.	.	.	.	-	-	ref	yes	1	.	.	.	0
truth_smvar	chr18	79256602	79256602	.	1	1,1	0	2|1	.	.	.	.	.	-	-	no:star_allele	no:duplicate_of_stvar	1	.	.	.	0
truth_stvar	chr18	79256615	79256615	.	1	1	0	1|0	.	.	.	.	.	-	-	no:star_allele	ref	1	.	.	.	0
truth_stvar	chr18	79256615	79256615	.	1	2	1	0|1	.	.	.	.	.	-	-	ref	yes	1	.	.	.	0
truth_smvar	chr18	79256615	79256615	.	1	2,1	1	2|1	.	.	.	.	.	-	-	no:star_allele	no:duplicate_of_stvar	1	.	.	.	0
truth_stvar	chr18	79256620	79256620	.	1	1	0	1|0	.	.	.	.	.	-	-	no:star_allele	ref	1	.	.	.	0
truth_stvar	chr18	79256620	79256620	.	1	1	0	0|1	.	.	.	.	.	-	-	ref	yes	1	.	.	.	0
truth_smvar	chr18	79256620	79256620	.	1	1,1	0	2|1	.	.	.	.	.	-	-	no:star_allele	no:duplicate_of_stvar	1	.	.	.	0
truth_stvar	chr18	79256621	79256621	.	1	1	0	1|0	.	.	.	.	.	-	-	no:star_allele	ref	1	.	.	.	0
truth_stvar	chr18	79256621	79256621	.	1	1	0	0|1	.	.	.	.	.	-	-	ref	yes	1	.	.	.	0
truth_smvar	chr18	79256621	79256621	.	1	1,1	0	2|1	.	.	.	.	.	-	-	no:star_allele	no:duplicate_of_stvar	1	.	.	.	0
truth_stvar	chr18	79256647	79256647	.	1	1	0	1|0	.	.	.	.	.	-	-	no:star_allele	ref	1	.	.	.	0
truth_stvar	chr18	79256647	79256647	.	1	1	0	0|1	.	.	.	.	.	-	-	ref	yes	1	.	.	.	0
truth_smvar	chr18	79256647	79256647	.	1	1,1	0	2|1	.	.	.	.	.	-	-	no:star_allele	no:duplicate_of_stvar	1	.	.	.	0
vg	chr18	79256647	79256647	>94504448>94504452	1	1	0	.|1	1	21.1246	PASS	-	-	.	.	.	.	.	.	.	.	0
truth_stvar	chr18	79256668	79256668	.	1	1	0	1|0	.	.	.	.	.	-	-	no:star_allele	ref	1	.	.	.	0
truth_stvar	chr18	79256668	79256668	.	1	2	1	0|1	.	.	.	.	.	-	-	ref	yes	1	.	.	.	0
truth_smvar	chr18	79256668	79256668	.	1	2,1	1	2|1	.	.	.	.	.	-	-	no:star_allele	no:duplicate_of_stvar	1	.	.	.	0
truth_stvar	chr18	79256669	79256669	.	1	1	0	1|0	.	.	.	.	.	-	-	no:star_allele	ref	1	.	.	.	0
truth_stvar	chr18	79256669	79256669	.	1	1	0	0|1	.	.	.	.	.	-	-	ref	yes	1	.	.	.	0
truth_smvar	chr18	79256669	79256669	.	1	1,1	0	2|1	.	.	.	.	.	-	-	no:star_allele	no:duplicate_of_stvar	1	.	.	.	0
truth_stvar	chr18	79256694	79256694	.	1	1	0	1|0	.	.	.	.	.	-	-	no:star_allele	ref	1	.	.	.	0
truth_stvar	chr18	79256694	79256694	.	1	1	0	0|1	.	.	.	.	.	-	-	ref	yes	1	.	.	.	0
truth_smvar	chr18	79256694	79256694	.	1	1,1	0	2|1	.	.	.	.	.	-	-	no:star_allele	no:duplicate_of_stvar	1	.	.	.	0
truth_stvar	chr18	79256699	79256699	.	1	1	0	1|0	.	.	.	.	.	-	-	no:star_allele	ref	1	.	.	.	0
truth_stvar	chr18	79256699	79256699	.	1	1	0	0|1	.	.	.	.	.	-	-	ref	yes	1	.	.	.	0
truth_smvar	chr18	79256699	79256699	.	1	1,1	0	2|1	.	.	.	.	.	-	-	no:star_allele	no:duplicate_of_stvar	1	.	.	.	0
truth_stvar	chr18	79256700	79256700	.	1	1	0	1|0	.	.	.	.	.	-	-	no:star_allele	ref	1	.	.	.	0
truth_stvar	chr18	79256700	79256700	.	1	1	0	0|1	.	.	.	.	.	-	-	ref	yes	1	.	.	.	0
truth_smvar	chr18	79256700	79256700	.	1	1,1	0	2|1	.	.	.	.	.	-	-	no:star_allele	no:duplicate_of_stvar	1	.	.	.	0
truth_stvar	chr18	79256708	79256708	.	1	1	0	1|0	.	.	.	.	.	-	-	no:star_allele	ref	1	.	.	.	0
truth_stvar	chr18	79256708	79256708	.	1	1	0	0|1	.	.	.	.	.	-	-	ref	yes	1	.	.	.	0
truth_smvar	chr18	79256708	79256708	.	1	1,1	0	2|1	.	.	.	.	.	-	-	no:star_allele	no:duplicate_of_stvar	1	.	.	.	0
truth_stvar	chr18	79256747	79256747	.	1	1	0	1|0	.	.	.	.	.	-	-	no:star_allele	ref	1	.	.	.	0
truth_stvar	chr18	79256747	79256747	.	1	1	0	0|1	.	.	.	.	.	-	-	ref	yes	1	.	.	.	0
truth_smvar	chr18	79256747	79256747	.	1	1,1	0	2|1	.	.	.	.	.	-	-	no:star_allele	no:duplicate_of_stvar	1	.	.	.	0
truth_stvar	chr18	79256752	79256752	.	1	1	0	1|0	.	.	.	.	.	-	-	no:star_allele	ref	1	.	.	.	0
truth_stvar	chr18	79256752	79256752	.	1	1	0	0|1	.	.	.	.	.	-	-	ref	yes	1	.	.	.	0
truth_smvar	chr18	79256752	79256752	.	1	1,1	0	2|1	.	.	.	.	.	-	-	no:star_allele	no:duplicate_of_stvar	1	.	.	.	0
truth_stvar	chr18	79256753	79256753	.	1	1	0	1|0	.	.	.	.	.	-	-	no:star_allele	ref	1	.	.	.	0
truth_stvar	chr18	79256753	79256753	.	1	1	0	0|1	.	.	.	.	.	-	-	ref	yes	1	.	.	.	0
truth_smvar	chr18	79256753	79256753	.	1	1,1	0	2|1	.	.	.	.	.	-	-	no:star_allele	no:duplicate_of_stvar	1	.	.	.	0
truth_stvar	chr18	79256761	79256761	.	1	1	0	1|0	.	.	.	.	.	-	-	no:star_allele	ref	1	.	.	.	0
truth_stvar	chr18	79256761	79256761	.	1	1	0	0|1	.	.	.	.	.	-	-	ref	yes	1	.	.	.	0
truth_smvar	chr18	79256761	79256761	.	1	1,1	0	2|1	.	.	.	.	.	-	-	no:star_allele	no:duplicate_of_stvar	1	.	.	.	0
truth_stvar	chr18	79256768	79256768	.	1	1	0	1|0	.	.	.	.	.	-	-	no:star_allele	ref	1	.	.	.	0
truth_stvar	chr18	79256768	79256768	.	1	1	0	0|1	.	.	.	.	.	-	-	ref	yes	1	.	.	.	0
truth_smvar	chr18	79256768	79256768	.	1	1,1	0	2|1	.	.	.	.	.	-	-	no:star_allele	no:duplicate_of_stvar	1	.	.	.	0
vg	chr18	79256768	79256768	>94504516>94504519	1	1	0	.|1	1	0.113144	PASS	-	-	.	.	.	.	.	.	.	.	0
truth_stvar	chr18	79256775	79256775	.	1	1	0	1|0	.	.	.	.	.	-	-	no:star_allele	ref	1	.	.	.	0
truth_stvar	chr18	79256775	79256775	.	1	1	0	0|1	.	.	.	.	.	-	-	ref	yes	1	.	.	.	0
truth_smvar	chr18	79256775	79256775	.	1	1,1	0	2|1	.	.	.	.	.	-	-	no:star_allele	no:duplicate_of_stvar	1	.	.	.	0
truth_stvar	chr18	79256821	79256821	.	1	1	0	1|0	.	.	.	.	.	-	-	no:star_allele	ref	1	.	.	.	0
truth_stvar	chr18	79256821	79256821	.	1	1	0	0|1	.	.	.	.	.	-	-	ref	yes	1	.	.	.	0
truth_smvar	chr18	79256821	79256821	.	1	1,1	0	2|1	.	.	.	.	.	-	-	no:star_allele	no:duplicate_of_stvar	1	.	.	.	0
truth_stvar	chr18	79256827	79256827	.	1	1	0	1|0	.	.	.	.	.	-	-	no:star_allele	ref	1	.	.	.	0
truth_stvar	chr18	79256827	79256827	.	1	2	1	0|1	.	.	.	.	.	-	-	ref	yes	1	.	.	.	0
truth_smvar	chr18	79256827	79256827	.	1	2,1	1	2|1	.	.	.	.	.	-	-	no:star_allele	no:duplicate_of_stvar	1	.	.	.	0
vg	chr18	79256828	79256828	>94504549>94504555	1	1	0	.|1	1	4.84423	PASS	-	-	.	.	.	.	.	.	.	.	0
truth_stvar	chr18	79256832	79256832	.	1	1	0	1|0	.	.	.	.	.	-	-	no:star_allele	ref	1	.	.	.	0
truth_stvar	chr18	79256832	79256832	.	1	1	0	0|1	.	.	.	.	.	-	-	ref	yes	1	.	.	.	0
truth_smvar	chr18	79256832	79256832	.	1	1,1	0	2|1	.	.	.	.	.	-	-	no:star_allele	no:duplicate_of_stvar	1	.	.	.	0
truth_stvar	chr18	79256833	79256833	.	1	1	0	1|0	.	.	.	.	.	-	-	no:star_allele	ref	1	.	.	.	0
truth_stvar	chr18	79256833	79256833	.	1	1	0	0|1	.	.	.	.	.	-	-	ref	yes	1	.	.	.	0
truth_smvar	chr18	79256833	79256833	.	1	1,1	0	2|1	.	.	.	.	.	-	-	no:star_allele	no:duplicate_of_stvar	1	.	.	.	0
vg	chr18	79256834	79256994	>94504561>94504644	161	1	-160	.|1	1	8.78702	PASS	FP	-	.	.	.	.	.	.	.	416.4,416.15	0
truth_stvar	chr18	79256858	79256858	.	1	1	0	1|0	.	.	.	.	.	-	-	no:star_allele	ref	1	.	.	.	0
truth_stvar	chr18	79256858	79256858	.	1	1	0	0|1	.	.	.	.	.	-	-	ref	yes	1	.	.	.	0
truth_smvar	chr18	79256858	79256858	.	1	1,1	0	2|1	.	.	.	.	.	-	-	no:star_allele	no:duplicate_of_stvar	1	.	.	.	0
truth_stvar	chr18	79256859	79256859	.	1	1	0	1|0	.	.	.	.	.	-	-	no:star_allele	ref	1	.	.	.	0
truth_stvar	chr18	79256859	79256859	.	1	1	0	0|1	.	.	.	.	.	-	-	ref	yes	1	.	.	.	0
truth_smvar	chr18	79256859	79256859	.	1	1,1	0	2|1	.	.	.	.	.	-	-	no:star_allele	no:duplicate_of_stvar	1	.	.	.	0
truth_stvar	chr18	79256862	79256862	.	1	1	0	1|0	.	.	.	.	.	-	-	no:star_allele	ref	1	.	.	.	0
truth_stvar	chr18	79256862	79256862	.	1	1	0	0|1	.	.	.	.	.	-	-	ref	yes	1	.	.	.	0
truth_smvar	chr18	79256862	79256862	.	1	1,1	0	2|1	.	.	.	.	.	-	-	no:star_allele	no:duplicate_of_stvar	1	.	.	.	0
truth_stvar	chr18	79256914	79256914	.	1	1	0	1|0	.	.	.	.	.	-	-	no:star_allele	ref	1	.	.	.	0
truth_stvar	chr18	79256914	79256914	.	1	1	0	0|1	.	.	.	.	.	-	-	ref	yes	1	.	.	.	0
truth_smvar	chr18	79256914	79256914	.	1	1,1	0	2|1	.	.	.	.	.	-	-	no:star_allele	no:duplicate_of_stvar	1	.	.	.	0
truth_stvar	chr18	79256933	79256934	.	2	1	0	1|0	.	.	.	.	.	-	-	no:star_allele	ref	1	.	.	.	0
truth_stvar	chr18	79256933	79256934	.	2	1	1	0|1	.	.	.	.	.	-	-	ref	yes	1	.	.	.	0
truth_smvar	chr18	79256933	79256934	.	2	1,1	1	2|1	.	.	.	.	.	-	-	no:star_allele	no:duplicate_of_stvar	1	.	.	.	0
truth_stvar	chr18	79256935	79256935	.	1	1	0	1|0	.	.	.	.	.	-	-	no:star_allele	ref	1	.	.	.	0
truth_stvar	chr18	79256935	79256935	.	1	1	0	0|1	.	.	.	.	.	-	-	ref	yes	1	.	.	.	0
truth_smvar	chr18	79256935	79256935	.	1	1,1	0	2|1	.	.	.	.	.	-	-	no:star_allele	no:duplicate_of_stvar	1	.	.	.	0
truth_stvar	chr18	79256988	79256988	.	1	1	0	1|0	.	.	.	.	.	-	-	no:star_allele	ref	1	.	.	.	0
truth_stvar	chr18	79256988	79256988	.	1	1	0	0|1	.	.	.	.	.	-	-	ref	yes	1	.	.	.	0
truth_smvar	chr18	79256988	79256988	.	1	1,1	0	2|1	.	.	.	.	.	-	-	no:star_allele	no:duplicate_of_stvar	1	.	.	.	0
truth_stvar	chr18	79257013	79257013	.	1	1	0	1|0	.	.	.	.	.	-	-	no:star_allele	ref	1	.	.	.	0
truth_stvar	chr18	79257013	79257013	.	1	1	0	0|1	.	.	.	.	.	-	-	ref	yes	1	.	.	.	0
truth_smvar	chr18	79257013	79257013	.	1	1,1	0	2|1	.	.	.	.	.	-	-	no:star_allele	no:duplicate_of_stvar	1	.	.	.	0
vg	chr18	79257013	79257013	>94504644>94504647	1	1	0	.|1	1	3.23854	PASS	-	-	.	.	.	.	.	.	.	.	0
truth_stvar	chr18	79257019	79257019	.	1	1	0	1|0	.	.	.	.	.	-	-	no:star_allele	ref	1	.	.	.	0
truth_stvar	chr18	79257019	79257019	.	1	1	0	0|1	.	.	.	.	.	-	-	ref	yes	1	.	.	.	0
truth_smvar	chr18	79257019	79257019	.	1	1,1	0	2|1	.	.	.	.	.	-	-	no:star_allele	no:duplicate_of_stvar	1	.	.	.	0
vg	chr18	79257019	79257019	>94504650>94504657	1	1	0	.|1	1	6.72418	PASS	-	-	.	.	.	.	.	.	.	.	0
truth_stvar	chr18	79257034	79257034	.	1	1	0	1|0	.	.	.	.	.	-	-	no:star_allele	ref	1	.	.	.	0
truth_stvar	chr18	79257034	79257034	.	1	1	0	0|1	.	.	.	.	.	-	-	ref	yes	1	.	.	.	0
truth_smvar	chr18	79257034	79257034	.	1	1,1	0	2|1	.	.	.	.	.	-	-	no:star_allele	no:duplicate_of_stvar	1	.	.	.	0
truth_stvar	chr18	79257040	79257040	.	1	1	0	1|0	.	.	.	.	.	-	-	yes	ref	1	.	.	.	0
truth_smvar	chr18	79257040	79257040	.	1	1	0	1|0	.	.	.	.	.	-	-	no:duplicate_of_stvar	ref	1	.	.	.	0
vg	chr18	79257047	79257100	>94504682>94504703	54	1	-53	.|1	1	4.49092	PASS	TP	-	.	.	.	.	.	.	.	416.13,416.16	0
truth_stvar	chr18	79257075	79257075	.	1	1	0	1|0	.	.	.	.	.	-	-	yes	ref	1	.	.	.	0
truth_smvar	chr18	79257075	79257075	.	1	1	0	1|0	.	.	.	.	.	-	-	no:duplicate_of_stvar	ref	1	.	.	.	0
truth_stvar	chr18	79257080	79257080	.	1	1	0	1|0	.	.	.	.	.	-	-	yes	ref	1	.	.	.	0
truth_smvar	chr18	79257080	79257080	.	1	1	0	1|0	.	.	.	.	.	-	-	no:duplicate_of_stvar	ref	1	.	.	.	0
truth_stvar	chr18	79257094	79257094	.	1	1	0	1|0	.	.	.	.	.	-	-	yes	ref	1	.	.	.	0
truth_smvar	chr18	79257094	79257094	.	1	1	0	1|0	.	.	.	.	.	-	-	no:duplicate_of_stvar	ref	1	.	.	.	0
truth_stvar	chr18	79257125	79257125	.	1	1	0	1|1	.	.	.	.	.	-	-	yes	yes	1	.	.	.	0
truth_smvar	chr18	79257125	79257125	.	1	1	0	1|1	.	.	.	.	.	-	-	no:duplicate_of_stvar	no:duplicate_of_stvar	1	.	.	.	0
vg	chr18	79257125	79257125	>94504707>94504712	1	1	0	.|1	1	17.9611	PASS	-	-	.	.	.	.	.	.	.	.	0
truth_stvar	chr18	79257140	79257140	.	1	1	0	1|1	.	.	.	.	.	-	-	yes	yes	1	.	.	.	0
truth_smvar	chr18	79257140	79257140	.	1	1	0	1|1	.	.	.	.	.	-	-	no:duplicate_of_stvar	no:duplicate_of_stvar	1	.	.	.	0
truth_stvar	chr18	79257178	79257178	.	1	1	0	1|0	.	.	.	.	.	-	-	yes	ref	1	.	.	.	0
truth_smvar	chr18	79257178	79257178	.	1	1	0	1|0	.	.	.	.	.	-	-	no:duplicate_of_stvar	ref	1	.	.	.	0
truth_stvar	chr18	79257200	79257252	.	53	1	52	1|0	.	.	.	.	.	TP	FN	yes	ref	1	DEL	53	.	0
truth_smvar	chr18	79257200	79257252	.	53	1	52	1|0	.	.	.	.	.	-	-	no:duplicate_of_stvar	ref	1	.	53	.	0
vg	chr18	79257200	79257200	>94504778>94504782	1	1	0	.|1	1	0.0781171	PASS	-	-	.	.	.	.	.	.	.	.	0
truth_stvar	chr18	79257225	79257225	.	1	1	0	1|0	.	.	.	.	.	-	-	no:star_allele	ref	1	.	.	.	0
truth_stvar	chr18	79257225	79257225	.	1	1	0	0|1	.	.	.	.	.	-	-	ref	yes	1	.	.	.	0
truth_smvar	chr18	79257225	79257225	.	1	1,1	0	2|1	.	.	.	.	.	-	-	no:star_allele	no:duplicate_of_stvar	1	.	.	.	0
vg	chr18	79257225	79257225	>94504789>94504792	1	1	0	.|1	1	17.8511	PASS	-	-	.	.	.	.	.	.	.	.	0
truth_stvar	chr18	79257231	79257231	.	1	1	0	1|0	.	.	.	.	.	-	-	no:star_allele	ref	1	.	.	.	0
truth_stvar	chr18	79257231	79257231	.	1	1	0	0|1	.	.	.	.	.	-	-	ref	yes	1	.	.	.	0
truth_smvar	chr18	79257231	79257231	.	1	1,1	0	2|1	.	.	.	.	.	-	-	no:star_allele	no:duplicate_of_stvar	1	.	.	.	0
vg	chr18	79257231	79257231	>94504793>94504797	1	1	0	.|1	1	17.417	PASS	-	-	.	.	.	.	.	.	.	.	0
vg	chr18	79257253	79257253	>94504811>94504814	1	1	0	.|1	1	17.1986	PASS	-	-	.	.	.	.	.	.	.	.	0
truth_stvar	chr18	79257287	79257287	.	1	1	0	1|0	.	.	.	.	.	-	-	yes	ref	1	.	.	.	0
truth_smvar	chr18	79257287	79257287	.	1	1	0	1|0	.	.	.	.	.	-	-	no:duplicate_of_stvar	ref	1	.	.	.	0
truth_stvar	chr18	79257292	79257292	.	1	1	0	1|0	.	.	.	.	.	-	-	yes	ref	1	.	.	.	0
truth_smvar	chr18	79257292	79257292	.	1	1	0	1|0	.	.	.	.	.	-	-	no:duplicate_of_stvar	ref	1	.	.	.	0
truth_stvar	chr18	79257306	79257306	.	1	1	0	0|1	.	.	.	.	.	-	-	ref	yes	1	.	.	.	0
truth_stvar	chr18	79257306	79257306	.	1	2	1	1|0	.	.	.	.	.	-	-	yes	ref	1	.	.	.	0
truth_smvar	chr18	79257306	79257306	.	1	1,2	1	2|1	.	.	.	.	.	-	-	no:duplicate_of_stvar	no:duplicate_of_stvar	1	.	.	.	0
truth_stvar	chr18	79257337	79257337	.	1	1	0	1|0	.	.	.	.	.	-	-	yes	ref	1	.	.	.	0
truth_smvar	chr18	79257337	79257337	.	1	1	0	1|0	.	.	.	.	.	-	-	no:duplicate_of_stvar	ref	1	.	.	.	0
truth_stvar	chr18	79257340	79257340	.	1	1	0	1|0	.	.	.	.	.	-	-	yes	ref	1	.	.	.	0
truth_smvar	chr18	79257340	79257340	.	1	1	0	1|0	.	.	.	.	.	-	-	no:duplicate_of_stvar	ref	1	.	.	.	0
truth_stvar	chr18	79257345	79257345	.	1	1	0	1|0	.	.	.	.	.	-	-	yes	ref	1	.	.	.	0
truth_smvar	chr18	79257345	79257345	.	1	1	0	1|0	.	.	.	.	.	-	-	no:duplicate_of_stvar	ref	1	.	.	.	0
truth_stvar	chr18	79257352	79257352	.	1	1	0	1|1	.	.	.	.	.	-	-	yes	yes	1	.	.	.	0
truth_smvar	chr18	79257352	79257352	.	1	1	0	1|1	.	.	.	.	.	-	-	no:duplicate_of_stvar	no:duplicate_of_stvar	1	.	.	.	0
truth_stvar	chr18	79257359	79257359	.	1	1	0	1|0	.	.	.	.	.	-	-	yes	ref	1	.	.	.	0
truth_smvar	chr18	79257359	79257359	.	1	1	0	1|0	.	.	.	.	.	-	-	no:duplicate_of_stvar	ref	1	.	.	.	0
truth_stvar	chr18	79257397	79257397	.	1	1	0	1|0	.	.	.	.	.	-	-	yes	ref	1	.	.	.	0
truth_smvar	chr18	79257397	79257397	.	1	1	0	1|0	.	.	.	.	.	-	-	no:duplicate_of_stvar	ref	1	.	.	.	0
truth_stvar	chr18	79257405	79257405	.	1	1	0	1|0	.	.	.	.	.	-	-	yes	ref	1	.	.	.	0
truth_smvar	chr18	79257405	79257405	.	1	1	0	1|0	.	.	.	.	.	-	-	no:duplicate_of_stvar	ref	1	.	.	.	0
truth_stvar	chr18	79257414	79257414	.	1	2	1	1|0	.	.	.	.	.	-	-	yes	ref	1	.	.	.	0
truth_smvar	chr18	79257414	79257414	.	1	2	1	1|0	.	.	.	.	.	-	-	no:duplicate_of_stvar	ref	1	.	.	.	0
truth_stvar	chr18	79257417	79257417	.	1	1	0	1|0	.	.	.	.	.	-	-	yes	ref	1	.	.	.	0
truth_smvar	chr18	79257417	79257417	.	1	1	0	1|0	.	.	.	.	.	-	-	no:duplicate_of_stvar	ref	1	.	.	.	0
truth_stvar	chr18	79257443	79257443	.	1	1	0	1|0	.	.	.	.	.	-	-	yes	ref	1	.	.	.	0
truth_smvar	chr18	79257443	79257443	.	1	1	0	1|0	.	.	.	.	.	-	-	no:duplicate_of_stvar	ref	1	.	.	.	0
truth_stvar	chr18	79257450	79257450	.	1	1	0	1|0	.	.	.	.	.	-	-	yes	ref	1	.	.	.	0
truth_smvar	chr18	79257450	79257450	.	1	1	0	1|0	.	.	.	.	.	-	-	no:duplicate_of_stvar	ref	1	.	.	.	0
truth_stvar	chr18	79257464	79257464	.	1	2	1	1|0	.	.	.	.	.	-	-	yes	ref	1	.	.	.	0
truth_smvar	chr18	79257464	79257464	.	1	2	1	1|0	.	.	.	.	.	-	-	no:duplicate_of_stvar	ref	1	.	.	.	0
truth_stvar	chr18	79257467	79257467	.	1	1	0	1|0	.	.	.	.	.	-	-	yes	ref	1	.	.	.	0
truth_smvar	chr18	79257467	79257467	.	1	1	0	1|0	.	.	.	.	.	-	-	no:duplicate_of_stvar	ref	1	.	.	.	0
truth_stvar	chr18	79257470	79257470	.	1	1	0	1|0	.	.	.	.	.	-	-	yes	ref	1	.	.	.	0
truth_smvar	chr18	79257470	79257470	.	1	1	0	1|0	.	.	.	.	.	-	-	no:duplicate_of_stvar	ref	1	.	.	.	0
truth_stvar	chr18	79257503	79257503	.	1	1	0	1|0	.	.	.	.	.	-	-	yes	ref	1	.	.	.	0
truth_smvar	chr18	79257503	79257503	.	1	1	0	1|0	.	.	.	.	.	-	-	no:duplicate_of_stvar	ref	1	.	.	.	0
truth_stvar	chr18	79257549	79257549	.	1	1	0	1|0	.	.	.	.	.	-	-	yes	ref	1	.	.	.	0
truth_smvar	chr18	79257549	79257549	.	1	1	0	1|0	.	.	.	.	.	-	-	no:duplicate_of_stvar	ref	1	.	.	.	0
truth_stvar	chr18	79257566	79257566	.	1	1	0	1|0	.	.	.	.	.	-	-	yes	ref	1	.	.	.	0
truth_smvar	chr18	79257566	79257566	.	1	1	0	1|0	.	.	.	.	.	-	-	no:duplicate_of_stvar	ref	1	.	.	.	0
truth_stvar	chr18	79257602	79258876	.	1275	1	1274	1|0	.	.	.	.	.	FN	FN	yes	ref	1	DEL	53	.	0
truth_smvar	chr18	79257602	79258876	.	1275	1	1274	1|0	.	.	.	.	.	-	-	no:duplicate_of_stvar	ref	1	.	53	.	0
vg	chr18	79257623	79257624	>94505089>94505127	2	1	-1	.|1	1	13.0468	PASS	-	-	.	.	.	.	.	.	.	.	0
vg	chr18	79257625	79257678	>94505089>94505127	54	1	-53	.|1	1	13.0468	PASS	FP	-	.	.	.	.	.	.	.	416.13,416.17	0
truth_stvar	chr18	79257915	79258021	.	107	1	0	1|0	.	.	.	.	.	-	-	no:star_allele	ref	1	DEL	53	.	0
truth_stvar	chr18	79257915	79258021	.	107	1	106	0|1	.	.	.	.	.	FN	FN	ref	yes	1	DEL	53	.	0
truth_smvar	chr18	79257915	79258021	.	107	1,1	106	2|1	.	.	.	.	.	-	-	no:star_allele	no:duplicate_of_stvar	1	.	53	.	0
vg	chr18	79257915	79257915	>94505274>94505277	1	1	0	.|1	1	16.795	PASS	-	-	.	.	.	.	.	.	.	.	0
vg	chr18	79257937	79258361	>94505299>94505546	425	1	-424	.|1	1	8.80974	PASS	FP	-	.	.	.	.	.	.	.	416.9,416.18	0
vg	chr18	79258631	79258632	>94505747>94505751	2	1	-1	.|1	1	5.6755	PASS	-	-	.	.	.	.	.	.	.	.	0
truth_stvar	chr18	79258785	79258891	.	107	1	0	1|0	.	.	.	.	.	-	-	no:star_allele	ref	1	DEL	53	.	0
truth_stvar	chr18	79258785	79258891	.	107	1	106	0|1	.	.	.	.	.	FN	FN	ref	yes	1	DEL	53	.	0
truth_smvar	chr18	79258785	79258891	.	107	1,1	106	2|1	.	.	.	.	.	-	-	no:star_allele	no:duplicate_of_stvar	1	.	53	.	0
truth_stvar	chr18	79258879	79258879	.	1	1	0	0|1	.	.	.	.	.	-	-	ref	no:star_allele	1	.	.	.	0
truth_stvar	chr18	79258879	79258879	.	1	1	0	1|0	.	.	.	.	.	-	-	yes	ref	1	.	.	.	0
truth_smvar	chr18	79258879	79258879	.	1	1,1	0	1|2	.	.	.	.	.	-	-	no:duplicate_of_stvar	no:star_allele	1	.	.	.	0
truth_stvar	chr18	79258884	79258884	.	1	1	0	0|1	.	.	.	.	.	-	-	ref	no:star_allele	1	.	.	.	0
truth_stvar	chr18	79258884	79258884	.	1	1	0	1|0	.	.	.	.	.	-	-	yes	ref	1	.	.	.	0
truth_smvar	chr18	79258884	79258884	.	1	1,1	0	1|2	.	.	.	.	.	-	-	no:duplicate_of_stvar	no:star_allele	1	.	.	.	0
truth_stvar	chr18	79258923	79258923	.	1	1	0	0|1	.	.	.	.	.	-	-	ref	yes	1	.	.	.	0
truth_smvar	chr18	79258923	79258923	.	1	1	0	0|1	.	.	.	.	.	-	-	ref	no:duplicate_of_stvar	1	.	.	.	0
truth_stvar	chr18	79258928	79258928	.	1	1	0	0|1	.	.	.	.	.	-	-	ref	yes	1	.	.	.	0
truth_smvar	chr18	79258928	79258928	.	1	1	0	0|1	.	.	.	.	.	-	-	ref	no:duplicate_of_stvar	1	.	.	.	0
truth_stvar	chr18	79258929	79258929	.	1	1	0	0|1	.	.	.	.	.	-	-	ref	yes	1	.	.	.	0
truth_smvar	chr18	79258929	79258929	.	1	1	0	0|1	.	.	.	.	.	-	-	ref	no:duplicate_of_stvar	1	.	.	.	0
truth_stvar	chr18	79258956	79258956	.	1	1	0	1|0	.	.	.	.	.	-	-	yes	ref	1	.	.	.	0
truth_smvar	chr18	79258956	79258956	.	1	1	0	1|0	.	.	.	.	.	-	-	no:duplicate_of_stvar	ref	1	.	.	.	0
truth_stvar	chr18	79258957	79259381	.	425	1	424	1|0	.	.	.	.	.	FN	FN	yes	ref	1	DEL	53	.	0
truth_smvar	chr18	79258957	79259381	.	425	1	424	1|0	.	.	.	.	.	-	-	no:duplicate_of_stvar	ref	1	.	53	.	0
truth_stvar	chr18	79259110	79259110	.	1	1	0	1|0	.	.	.	.	.	-	-	no:star_allele	ref	1	.	.	.	0
truth_stvar	chr18	79259110	79259110	.	1	1	0	0|1	.	.	.	.	.	-	-	ref	yes	1	.	.	.	0
truth_smvar	chr18	79259110	79259110	.	1	1,1	0	2|1	.	.	.	.	.	-	-	no:star_allele	no:duplicate_of_stvar	1	.	.	.	0
truth_stvar	chr18	79259407	79259407	.	1	1	0	1|0	.	.	.	.	.	-	-	yes	ref	1	.	.	.	0
truth_smvar	chr18	79259407	79259407	.	1	1	0	1|0	.	.	.	.	.	-	-	no:duplicate_of_stvar	ref	1	.	.	.	0
truth_stvar	chr18	79259424	79259424	.	1	1	0	1|0	.	.	.	.	.	-	-	yes	ref	1	.	.	.	0
truth_smvar	chr18	79259424	79259424	.	1	1	0	1|0	.	.	.	.	.	-	-	no:duplicate_of_stvar	ref	1	.	.	.	0
truth_stvar	chr18	79259429	79259429	.	1	1	0	1|0	.	.	.	.	.	-	-	yes	ref	1	.	.	.	0
truth_smvar	chr18	79259429	79259429	.	1	1	0	1|0	.	.	.	.	.	-	-	no:duplicate_of_stvar	ref	1	.	.	.	0
truth_stvar	chr18	79259463	79259463	.	1	1	0	1|0	.	.	.	.	.	-	-	yes	ref	1	.	.	.	0
truth_smvar	chr18	79259463	79259463	.	1	1	0	1|0	.	.	.	.	.	-	-	no:duplicate_of_stvar	ref	1	.	.	.	0
truth_stvar	chr18	79259468	79259468	.	1	1	0	1|0	.	.	.	.	.	-	-	yes	ref	1	.	.	.	0
truth_smvar	chr18	79259468	79259468	.	1	1	0	1|0	.	.	.	.	.	-	-	no:duplicate_of_stvar	ref	1	.	.	.	0
truth_stvar	chr18	79259538	79259538	.	1	1	0	1|0	.	.	.	.	.	-	-	yes	ref	1	.	.	.	0
truth_smvar	chr18	79259538	79259538	.	1	1	0	1|0	.	.	.	.	.	-	-	no:duplicate_of_stvar	ref	1	.	.	.	0
truth_stvar	chr18	79259540	79260072	.	533	1	532	1|0	.	.	.	.	.	FN	FN	yes	ref	1	DEL	.	.	0
truth_smvar	chr18	79259540	79260072	.	533	1	532	1|0	.	.	.	.	.	-	-	no:duplicate_of_stvar	ref	1	.	.	.	0
truth_stvar	chr18	79260099	79260099	.	1	1	0	1|0	.	.	.	.	.	-	-	yes	ref	1	.	.	.	0
truth_smvar	chr18	79260099	79260099	.	1	1	0	1|0	.	.	.	.	.	-	-	no:duplicate_of_stvar	ref	1	.	.	.	0
truth_stvar	chr18	79260114	79260114	.	1	1	0	1|0	.	.	.	.	.	-	-	yes	ref	1	.	.	.	0
truth_smvar	chr18	79260114	79260114	.	1	1	0	1|0	.	.	.	.	.	-	-	no:duplicate_of_stvar	ref	1	.	.	.	0
truth_stvar	chr18	79260176	79260176	.	1	2	1	1|0	.	.	.	.	.	-	-	yes	ref	1	.	.	.	0
truth_smvar	chr18	79260176	79260176	.	1	2	1	1|0	.	.	.	.	.	-	-	no:duplicate_of_stvar	ref	1	.	.	.	0
truth_stvar	chr18	79260179	79260179	.	1	1	0	1|0	.	.	.	.	.	-	-	yes	ref	1	.	.	.	0
truth_smvar	chr18	79260179	79260179	.	1	1	0	1|0	.	.	.	.	.	-	-	no:duplicate_of_stvar	ref	1	.	.	.	0
truth_stvar	chr18	79260213	79260213	.	1	1	0	1|0	.	.	.	.	.	-	-	yes	ref	1	.	.	.	0
truth_stvar	chr18	79260213	79260425	.	213	1	212	0|1	.	.	.	.	.	FN	FN	ref	yes	1	DEL	2	.	0
truth_smvar	chr18	79260213	79260425	.	213	1,213	212	2|1	.	.	.	.	.	-	-	no:overlaps_applied_stvar	no:duplicate_of_stvar	1	.	2	.	0
truth_stvar	chr18	79260227	79260227	.	1	1	0	0|1	.	.	.	.	.	-	-	ref	no:star_allele	1	.	.	.	0
truth_stvar	chr18	79260227	79260227	.	1	1	0	1|0	.	.	.	.	.	-	-	yes	ref	1	.	.	.	0
truth_smvar	chr18	79260227	79260227	.	1	1,1	0	1|2	.	.	.	.	.	-	-	no:duplicate_of_stvar	no:star_allele	1	.	.	.	0
truth_stvar	chr18	79260261	79260261	.	1	1	0	0|1	.	.	.	.	.	-	-	ref	no:star_allele	1	.	.	.	0
truth_stvar	chr18	79260261	79260261	.	1	1	0	1|0	.	.	.	.	.	-	-	yes	ref	1	.	.	.	0
truth_smvar	chr18	79260261	79260261	.	1	1,1	0	1|2	.	.	.	.	.	-	-	no:duplicate_of_stvar	no:star_allele	1	.	.	.	0
truth_stvar	chr18	79260280	79260280	.	1	1	0	0|1	.	.	.	.	.	-	-	ref	no:star_allele	1	.	.	.	0
truth_stvar	chr18	79260280	79260280	.	1	1	0	1|0	.	.	.	.	.	-	-	yes	ref	1	.	.	.	0
truth_smvar	chr18	79260280	79260280	.	1	1,1	0	1|2	.	.	.	.	.	-	-	no:duplicate_of_stvar	no:star_allele	1	.	.	.	0
vg	chr18	79260280	79260280	>94506723>94506727	1	1	0	.|1	1	3.23854	PASS	-	-	.	.	.	.	.	.	.	.	0
truth_stvar	chr18	79260281	79260281	.	1	1	0	0|1	.	.	.	.	.	-	-	ref	no:star_allele	1	.	.	.	0
truth_stvar	chr18	79260281	79260281	.	1	1	0	1|0	.	.	.	.	.	-	-	yes	ref	1	.	.	.	0
truth_smvar	chr18	79260281	79260281	.	1	1,1	0	1|2	.	.	.	.	.	-	-	no:duplicate_of_stvar	no:star_allele	1	.	.	.	0
truth_stvar	chr18	79260285	79260285	.	1	1	0	0|1	.	.	.	.	.	-	-	ref	no:star_allele	1	.	.	.	0
truth_stvar	chr18	79260285	79260285	.	1	1	0	1|0	.	.	.	.	.	-	-	yes	ref	1	.	.	.	0
truth_smvar	chr18	79260285	79260285	.	1	1,1	0	1|2	.	.	.	.	.	-	-	no:duplicate_of_stvar	no:star_allele	1	.	.	.	0
truth_stvar	chr18	79260360	79260360	.	1	1	0	0|1	.	.	.	.	.	-	-	ref	no:star_allele	1	.	.	.	0
truth_stvar	chr18	79260360	79260360	.	1	1	0	1|0	.	.	.	.	.	-	-	yes	ref	1	.	.	.	0
truth_smvar	chr18	79260360	79260360	.	1	1,1	0	1|2	.	.	.	.	.	-	-	no:duplicate_of_stvar	no:star_allele	1	.	.	.	0
truth_stvar	chr18	79260363	79260363	.	1	1	0	0|1	.	.	.	.	.	-	-	ref	no:star_allele	1	.	.	.	0
truth_stvar	chr18	79260363	79260363	.	1	1	0	1|0	.	.	.	.	.	-	-	yes	ref	1	.	.	.	0
truth_smvar	chr18	79260363	79260363	.	1	1,1	0	1|2	.	.	.	.	.	-	-	no:duplicate_of_stvar	no:star_allele	1	.	.	.	0
truth_stvar	chr18	79260364	79260364	.	1	1	0	0|1	.	.	.	.	.	-	-	ref	no:star_allele	1	.	.	.	0
truth_stvar	chr18	79260364	79260364	.	1	1	0	1|0	.	.	.	.	.	-	-	yes	ref	1	.	.	.	0
truth_smvar	chr18	79260364	79260364	.	1	1,1	0	1|2	.	.	.	.	.	-	-	no:duplicate_of_stvar	no:star_allele	1	.	.	.	0
truth_stvar	chr18	79260367	79260367	.	1	1	0	0|1	.	.	.	.	.	-	-	ref	no:star_allele	1	.	.	.	0
truth_stvar	chr18	79260367	79260367	.	1	1	0	1|0	.	.	.	.	.	-	-	yes	ref	1	.	.	.	0
truth_smvar	chr18	79260367	79260367	.	1	1,1	0	1|2	.	.	.	.	.	-	-	no:duplicate_of_stvar	no:star_allele	1	.	.	.	0
truth_stvar	chr18	79260413	79260413	.	1	1	0	0|1	.	.	.	.	.	-	-	ref	no:star_allele	1	.	.	.	0
truth_stvar	chr18	79260413	79260413	.	1	1	0	1|0	.	.	.	.	.	-	-	yes	ref	1	.	.	.	0
truth_smvar	chr18	79260413	79260413	.	1	1,1	0	1|2	.	.	.	.	.	-	-	no:duplicate_of_stvar	no:star_allele	1	.	.	.	0
truth_stvar	chr18	79260416	79260416	.	1	1	0	0|1	.	.	.	.	.	-	-	ref	no:star_allele	1	.	.	.	0
truth_stvar	chr18	79260416	79260416	.	1	1	0	1|0	.	.	.	.	.	-	-	yes	ref	1	.	.	.	0
truth_smvar	chr18	79260416	79260416	.	1	1,1	0	1|2	.	.	.	.	.	-	-	no:duplicate_of_stvar	no:star_allele	1	.	.	.	0
truth_stvar	chr18	79260417	79260417	.	1	1	0	0|1	.	.	.	.	.	-	-	ref	no:star_allele	1	.	.	.	0
truth_stvar	chr18	79260417	79260417	.	1	1	0	1|0	.	.	.	.	.	-	-	yes	ref	1	.	.	.	0
truth_smvar	chr18	79260417	79260417	.	1	1,1	0	1|2	.	.	.	.	.	-	-	no:duplicate_of_stvar	no:star_allele	1	.	.	.	0
truth_stvar	chr18	79260420	79260420	.	1	1	0	0|1	.	.	.	.	.	-	-	ref	no:star_allele	1	.	.	.	0
truth_stvar	chr18	79260420	79260420	.	1	1	0	1|0	.	.	.	.	.	-	-	yes	ref	1	.	.	.	0
truth_smvar	chr18	79260420	79260420	.	1	1,1	0	1|2	.	.	.	.	.	-	-	no:duplicate_of_stvar	no:star_allele	1	.	.	.	0
truth_stvar	chr18	79260466	79260466	.	1	1	0	1|0	.	.	.	.	.	-	-	yes	ref	1	.	.	.	0
truth_smvar	chr18	79260466	79260466	.	1	1	0	1|0	.	.	.	.	.	-	-	no:duplicate_of_stvar	ref	1	.	.	.	0
truth_stvar	chr18	79260469	79260469	.	1	1	0	1|0	.	.	.	.	.	-	-	yes	ref	1	.	.	.	0
truth_smvar	chr18	79260469	79260469	.	1	1	0	1|0	.	.	.	.	.	-	-	no:duplicate_of_stvar	ref	1	.	.	.	0
truth_stvar	chr18	79260470	79260470	.	1	1	0	1|0	.	.	.	.	.	-	-	yes	ref	1	.	.	.	0
truth_smvar	chr18	79260470	79260470	.	1	1	0	1|0	.	.	.	.	.	-	-	no:duplicate_of_stvar	ref	1	.	.	.	0
truth_stvar	chr18	79260473	79260473	.	1	1	0	1|0	.	.	.	.	.	-	-	yes	ref	1	.	.	.	0
truth_smvar	chr18	79260473	79260473	.	1	1	0	1|0	.	.	.	.	.	-	-	no:duplicate_of_stvar	ref	1	.	.	.	0
truth_stvar	chr18	79260478	79260478	.	1	1	0	1|0	.	.	.	.	.	-	-	yes	ref	1	.	.	.	0
truth_smvar	chr18	79260478	79260478	.	1	1	0	1|0	.	.	.	.	.	-	-	no:duplicate_of_stvar	ref	1	.	.	.	0
truth_stvar	chr18	79260492	79260492	.	1	1	0	1|0	.	.	.	.	.	-	-	yes	ref	1	.	.	.	0
truth_smvar	chr18	79260492	79260492	.	1	1	0	1|0	.	.	.	.	.	-	-	no:duplicate_of_stvar	ref	1	.	.	.	0
truth_stvar	chr18	79260517	79260517	.	1	1	0	1|0	.	.	.	.	.	-	-	yes	ref	1	.	.	.	0
truth_smvar	chr18	79260517	79260517	.	1	1	0	1|0	.	.	.	.	.	-	-	no:duplicate_of_stvar	ref	1	.	.	.	0
vg	chr18	79260517	79260550	>94506837>94506894	34	34	0	.|1	1	8.28501	PASS	-	-	.	.	.	.	.	.	.	.	0
vg	chr18	79260517	79260517	>94506841>94506844	1	1	0	.|1	1	3.66038	PASS	-	-	.	.	.	.	.	.	.	.	0
truth_stvar	chr18	79260519	79260519	.	1	1	0	1|0	.	.	.	.	.	-	-	yes	ref	1	.	.	.	0
truth_smvar	chr18	79260519	79260519	.	1	1	0	1|0	.	.	.	.	.	-	-	no:duplicate_of_stvar	ref	1	.	.	.	0
vg	chr18	79260523	79260523	>94506844>94506849	1	1	0	.|1	1	5.05227	PASS	-	-	.	.	.	.	.	.	.	.	0
truth_stvar	chr18	79260526	79260526	.	1	1	0	1|0	.	.	.	.	.	-	-	yes	ref	1	.	.	.	0
truth_smvar	chr18	79260526	79260526	.	1	1	0	1|0	.	.	.	.	.	-	-	no:duplicate_of_stvar	ref	1	.	.	.	0
vg	chr18	79260570	79260570	>94506894>94506897	1	1	0	.|1	1	1.5534	PASS	-	-	.	.	.	.	.	.	.	.	0
vg	chr18	79260584	79260584	>94506903>94506906	1	1	0	.|1	1	1.95744	PASS	-	-	.	.	.	.	.	.	.	.	0
truth_stvar	chr18	79260598	79260598	.	1	1	0	1|0	.	.	.	.	.	-	-	yes	ref	1	.	.	.	0
truth_smvar	chr18	79260598	79260598	.	1	1	0	1|0	.	.	.	.	.	-	-	no:duplicate_of_stvar	ref	1	.	.	.	0
vg	chr18	79260598	79260598	>94506911>94506914	1	1	0	.|1	1	4.39653	PASS	-	-	.	.	.	.	.	.	.	.	0
truth_stvar	chr18	79260689	79260689	.	1	1	0	1|0	.	.	.	.	.	-	-	yes	ref	1	.	.	.	0
truth_smvar	chr18	79260689	79260689	.	1	1	0	1|0	.	.	.	.	.	-	-	no:duplicate_of_stvar	ref	1	.	.	.	0
truth_stvar	chr18	79260690	79260690	.	1	1	0	1|0	.	.	.	.	.	-	-	yes	ref	1	.	.	.	0
truth_smvar	chr18	79260690	79260690	.	1	1	0	1|0	.	.	.	.	.	-	-	no:duplicate_of_stvar	ref	1	.	.	.	0
truth_stvar	chr18	79260705	79261024	.	320	1	319	1|0	.	.	.	.	.	FN	FN	yes	ref	1	DEL	2	.	0
truth_smvar	chr18	79260705	79261024	.	320	1	319	1|0	.	.	.	.	.	-	-	no:duplicate_of_stvar	ref	1	.	2	.	0
truth_stvar	chr18	79260923	79261294	.	372	1	0	1|0	.	.	.	.	.	-	-	no:star_allele	ref	1	DEL	2	.	0
truth_stvar	chr18	79260923	79261294	.	372	1	371	0|1	.	.	.	.	.	FN	FN	ref	yes	1	DEL	2	.	0
truth_smvar	chr18	79260923	79261294	.	372	1,1	371	2|1	.	.	.	.	.	-	-	no:star_allele	no:duplicate_of_stvar	1	.	2	.	0
truth_stvar	chr18	79261034	79261034	.	1	1	0	0|1	.	.	.	.	.	-	-	ref	no:star_allele	1	.	.	.	0
truth_stvar	chr18	79261034	79261034	.	1	1	0	1|0	.	.	.	.	.	-	-	yes	ref	1	.	.	.	0
truth_smvar	chr18	79261034	79261034	.	1	1,1	0	1|2	.	.	.	.	.	-	-	no:duplicate_of_stvar	no:star_allele	1	.	.	.	0
truth_stvar	chr18	79261055	79261055	.	1	1	0	0|1	.	.	.	.	.	-	-	ref	no:star_allele	1	.	.	.	0
truth_stvar	chr18	79261055	79261055	.	1	1	0	1|0	.	.	.	.	.	-	-	yes	ref	1	.	.	.	0
truth_smvar	chr18	79261055	79261055	.	1	1,1	0	1|2	.	.	.	.	.	-	-	no:duplicate_of_stvar	no:star_allele	1	.	.	.	0
truth_stvar	chr18	79261107	79261266	.	160	1	0	0|1	.	.	.	.	.	-	-	ref	no:star_allele	1	DEL	2	.	0
truth_stvar	chr18	79261107	79261266	.	160	1	159	1|0	.	.	.	.	.	FN	FN	yes	ref	1	DEL	2	.	0
truth_smvar	chr18	79261107	79261266	.	160	1,1	159	1|2	.	.	.	.	.	-	-	no:duplicate_of_stvar	no:star_allele	1	.	2	.	0
truth_stvar	chr18	79261301	79261301	.	1	1	0	1|0	.	.	.	.	.	-	-	yes	ref	1	.	.	.	0
truth_smvar	chr18	79261301	79261301	.	1	1	0	1|0	.	.	.	.	.	-	-	no:duplicate_of_stvar	ref	1	.	.	.	0
truth_stvar	chr18	79261316	79261316	.	1	1	0	1|0	.	.	.	.	.	-	-	yes	ref	1	.	.	.	0
truth_smvar	chr18	79261316	79261316	.	1	1	0	1|0	.	.	.	.	.	-	-	no:duplicate_of_stvar	ref	1	.	.	.	0
truth_stvar	chr18	79261319	79261319	.	1	1	0	1|0	.	.	.	.	.	-	-	yes	ref	1	.	.	.	0
truth_smvar	chr18	79261319	79261319	.	1	1	0	1|0	.	.	.	.	.	-	-	no:duplicate_of_stvar	ref	1	.	.	.	0
truth_stvar	chr18	79261347	79261347	.	1	1	0	1|0	.	.	.	.	.	-	-	yes	ref	1	.	.	.	0
truth_smvar	chr18	79261347	79261347	.	1	1	0	1|0	.	.	.	.	.	-	-	no:duplicate_of_stvar	ref	1	.	.	.	0
truth_stvar	chr18	79261348	79261348	.	1	1	0	1|0	.	.	.	.	.	-	-	yes	ref	1	.	.	.	0
truth_smvar	chr18	79261348	79261348	.	1	1	0	1|0	.	.	.	.	.	-	-	no:duplicate_of_stvar	ref	1	.	.	.	0
truth_stvar	chr18	79261353	79261353	.	1	1	0	1|0	.	.	.	.	.	-	-	yes	ref	1	.	.	.	0
truth_smvar	chr18	79261353	79261353	.	1	1	0	1|0	.	.	.	.	.	-	-	no:duplicate_of_stvar	ref	1	.	.	.	0
truth_stvar	chr18	79261374	79261374	.	1	1	0	1|0	.	.	.	.	.	-	-	yes	ref	1	.	.	.	0
truth_smvar	chr18	79261374	79261374	.	1	1	0	1|0	.	.	.	.	.	-	-	no:duplicate_of_stvar	ref	1	.	.	.	0
truth_stvar	chr18	79261392	79261392	.	1	1	0	1|0	.	.	.	.	.	-	-	yes	ref	1	.	.	.	0
truth_smvar	chr18	79261392	79261392	.	1	1	0	1|0	.	.	.	.	.	-	-	no:duplicate_of_stvar	ref	1	.	.	.	0
truth_stvar	chr18	79261396	79261396	.	1	1	0	1|1	.	.	.	.	.	-	-	yes	yes	1	.	.	.	0
truth_smvar	chr18	79261396	79261396	.	1	1	0	1|1	.	.	.	.	.	-	-	no:duplicate_of_stvar	no:duplicate_of_stvar	1	.	.	.	0
truth_stvar	chr18	79261401	79261401	.	1	1	0	0|1	.	.	.	.	.	-	-	ref	yes	1	.	.	.	0
truth_smvar	chr18	79261401	79261401	.	1	1	0	0|1	.	.	.	.	.	-	-	ref	no:duplicate_of_stvar	1	.	.	.	0
truth_stvar	chr18	79261402	79261878	.	477	1	476	0|1	.	.	.	.	.	FN	FN	ref	yes	1	DEL	2	.	0
truth_smvar	chr18	79261402	79261878	.	477	1	476	0|1	.	.	.	.	.	-	-	ref	no:duplicate_of_stvar	1	.	2	.	0
truth_stvar	chr18	79261434	79261434	.	1	1	0	0|1	.	.	.	.	.	-	-	ref	no:star_allele	1	.	.	.	0
truth_stvar	chr18	79261434	79261434	.	1	1	0	1|0	.	.	.	.	.	-	-	yes	ref	1	.	.	.	0
truth_smvar	chr18	79261434	79261434	.	1	1,1	0	1|2	.	.	.	.	.	-	-	no:duplicate_of_stvar	no:star_allele	1	.	.	.	0
truth_stvar	chr18	79261442	79261442	.	1	1	0	0|1	.	.	.	.	.	-	-	ref	no:star_allele	1	.	.	.	0
truth_stvar	chr18	79261442	79261442	.	1	1	0	1|0	.	.	.	.	.	-	-	yes	ref	1	.	.	.	0
truth_smvar	chr18	79261442	79261442	.	1	1,1	0	1|2	.	.	.	.	.	-	-	no:duplicate_of_stvar	no:star_allele	1	.	.	.	0
truth_stvar	chr18	79261488	79261488	.	1	1	0	0|1	.	.	.	.	.	-	-	ref	no:star_allele	1	.	.	.	0
truth_stvar	chr18	79261488	79261488	.	1	1	0	1|0	.	.	.	.	.	-	-	yes	ref	1	.	.	.	0
truth_smvar	chr18	79261488	79261488	.	1	1,1	0	1|2	.	.	.	.	.	-	-	no:duplicate_of_stvar	no:star_allele	1	.	.	.	0
truth_stvar	chr18	79261502	79261502	.	1	1	0	0|1	.	.	.	.	.	-	-	ref	no:star_allele	1	.	.	.	0
truth_stvar	chr18	79261502	79261502	.	1	1	0	1|0	.	.	.	.	.	-	-	yes	ref	1	.	.	.	0
truth_smvar	chr18	79261502	79261502	.	1	1,1	0	1|2	.	.	.	.	.	-	-	no:duplicate_of_stvar	no:star_allele	1	.	.	.	0
truth_stvar	chr18	79261548	79261548	.	1	1	0	0|1	.	.	.	.	.	-	-	ref	no:star_allele	1	.	.	.	0
truth_stvar	chr18	79261548	79261548	.	1	1	0	1|0	.	.	.	.	.	-	-	yes	ref	1	.	.	.	0
truth_smvar	chr18	79261548	79261548	.	1	1,1	0	1|2	.	.	.	.	.	-	-	no:duplicate_of_stvar	no:star_allele	1	.	.	.	0
truth_stvar	chr18	79261580	79261580	.	1	1	0	0|1	.	.	.	.	.	-	-	ref	no:star_allele	1	.	.	.	0
truth_stvar	chr18	79261580	79261580	.	1	1	0	1|0	.	.	.	.	.	-	-	yes	ref	1	.	.	.	0
truth_smvar	chr18	79261580	79261580	.	1	1,1	0	1|2	.	.	.	.	.	-	-	no:duplicate_of_stvar	no:star_allele	1	.	.	.	0
truth_stvar	chr18	79261586	79261586	.	1	1	0	0|1	.	.	.	.	.	-	-	ref	no:star_allele	1	.	.	.	0
truth_stvar	chr18	79261586	79261586	.	1	1	0	1|0	.	.	.	.	.	-	-	yes	ref	1	.	.	.	0
truth_smvar	chr18	79261586	79261586	.	1	1,1	0	1|2	.	.	.	.	.	-	-	no:duplicate_of_stvar	no:star_allele	1	.	.	.	0
truth_stvar	chr18	79261589	79261589	.	1	1	0	0|1	.	.	.	.	.	-	-	ref	no:star_allele	1	.	.	.	0
truth_stvar	chr18	79261589	79261589	.	1	1	0	1|0	.	.	.	.	.	-	-	yes	ref	1	.	.	.	0
truth_smvar	chr18	79261589	79261589	.	1	1,1	0	1|2	.	.	.	.	.	-	-	no:duplicate_of_stvar	no:star_allele	1	.	.	.	0
truth_stvar	chr18	79261608	79261608	.	1	1	0	0|1	.	.	.	.	.	-	-	ref	no:star_allele	1	.	.	.	0
truth_stvar	chr18	79261608	79261608	.	1	1	0	1|0	.	.	.	.	.	-	-	yes	ref	1	.	.	.	0
truth_smvar	chr18	79261608	79261608	.	1	1,1	0	1|2	.	.	.	.	.	-	-	no:duplicate_of_stvar	no:star_allele	1	.	.	.	0
truth_stvar	chr18	79261639	79261639	.	1	1	0	0|1	.	.	.	.	.	-	-	ref	no:star_allele	1	.	.	.	0
truth_stvar	chr18	79261639	79261639	.	1	1	0	1|0	.	.	.	.	.	-	-	yes	ref	1	.	.	.	0
truth_smvar	chr18	79261639	79261639	.	1	1,1	0	1|2	.	.	.	.	.	-	-	no:duplicate_of_stvar	no:star_allele	1	.	.	.	0
truth_stvar	chr18	79261671	79261671	.	1	1	0	0|1	.	.	.	.	.	-	-	ref	no:star_allele	1	.	.	.	0
truth_stvar	chr18	79261671	79261671	.	1	1	0	1|0	.	.	.	.	.	-	-	yes	ref	1	.	.	.	0
truth_smvar	chr18	79261671	79261671	.	1	1,1	0	1|2	.	.	.	.	.	-	-	no:duplicate_of_stvar	no:star_allele	1	.	.	.	0
truth_stvar	chr18	79261707	79261707	.	1	1	0	0|1	.	.	.	.	.	-	-	ref	no:star_allele	1	.	.	.	0
truth_stvar	chr18	79261707	79261707	.	1	1	0	1|0	.	.	.	.	.	-	-	yes	ref	1	.	.	.	0
truth_smvar	chr18	79261707	79261707	.	1	1,1	0	1|2	.	.	.	.	.	-	-	no:duplicate_of_stvar	no:star_allele	1	.	.	.	0
truth_stvar	chr18	79261710	79261710	.	1	1	0	0|1	.	.	.	.	.	-	-	ref	no:star_allele	1	.	.	.	0
truth_stvar	chr18	79261710	79261710	.	1	1	0	1|0	.	.	.	.	.	-	-	yes	ref	1	.	.	.	0
truth_smvar	chr18	79261710	79261710	.	1	1,1	0	1|2	.	.	.	.	.	-	-	no:duplicate_of_stvar	no:star_allele	1	.	.	.	0
truth_stvar	chr18	79261714	79261714	.	1	1	0	0|1	.	.	.	.	.	-	-	ref	no:star_allele	1	.	.	.	0
truth_stvar	chr18	79261714	79261714	.	1	1	0	1|0	.	.	.	.	.	-	-	yes	ref	1	.	.	.	0
truth_smvar	chr18	79261714	79261714	.	1	1,1	0	1|2	.	.	.	.	.	-	-	no:duplicate_of_stvar	no:star_allele	1	.	.	.	0
truth_stvar	chr18	79261760	79261760	.	1	1	0	0|1	.	.	.	.	.	-	-	ref	no:star_allele	1	.	.	.	0
truth_stvar	chr18	79261760	79261760	.	1	1	0	1|0	.	.	.	.	.	-	-	yes	ref	1	.	.	.	0
truth_smvar	chr18	79261760	79261760	.	1	1,1	0	1|2	.	.	.	.	.	-	-	no:duplicate_of_stvar	no:star_allele	1	.	.	.	0
truth_stvar	chr18	79261801	79261801	.	1	1	0	0|1	.	.	.	.	.	-	-	ref	no:star_allele	1	.	.	.	0
truth_stvar	chr18	79261801	79261801	.	1	1	0	1|0	.	.	.	.	.	-	-	yes	ref	1	.	.	.	0
truth_smvar	chr18	79261801	79261801	.	1	1,1	0	1|2	.	.	.	.	.	-	-	no:duplicate_of_stvar	no:star_allele	1	.	.	.	0
truth_stvar	chr18	79261806	79262285	.	480	1	0	0|1	.	.	.	.	.	-	-	ref	no:star_allele	1	DEL	2	.	0
truth_stvar	chr18	79261806	79262285	.	480	1	479	1|0	.	.	.	.	.	FN	FN	yes	ref	1	DEL	2	.	0
truth_smvar	chr18	79261806	79262285	.	480	1,1	479	1|2	.	.	.	.	.	-	-	no:duplicate_of_stvar	no:star_allele	1	.	2	.	0
truth_stvar	chr18	79261912	79261912	.	1	1	0	1|0	.	.	.	.	.	-	-	no:star_allele	ref	1	.	.	.	0
truth_stvar	chr18	79261912	79261912	.	1	1	0	0|1	.	.	.	.	.	-	-	ref	yes	1	.	.	.	0
truth_smvar	chr18	79261912	79261912	.	1	1,1	0	2|1	.	.	.	.	.	-	-	no:star_allele	no:duplicate_of_stvar	1	.	.	.	0
truth_stvar	chr18	79262039	79262039	.	1	1	0	1|0	.	.	.	.	.	-	-	no:star_allele	ref	1	.	.	.	0
truth_stvar	chr18	79262039	79262039	.	1	1	0	0|1	.	.	.	.	.	-	-	ref	yes	1	.	.	.	0
truth_smvar	chr18	79262039	79262039	.	1	1,1	0	2|1	.	.	.	.	.	-	-	no:star_allele	no:duplicate_of_stvar	1	.	.	.	0
truth_stvar	chr18	79262087	79262087	.	1	1	0	1|0	.	.	.	.	.	-	-	no:star_allele	ref	1	.	.	.	0
truth_stvar	chr18	79262087	79262087	.	1	1	0	0|1	.	.	.	.	.	-	-	ref	yes	1	.	.	.	0
truth_smvar	chr18	79262087	79262087	.	1	1,1	0	2|1	.	.	.	.	.	-	-	no:star_allele	no:duplicate_of_stvar	1	.	.	.	0
truth_stvar	chr18	79262118	79262118	.	1	1	0	1|0	.	.	.	.	.	-	-	no:star_allele	ref	1	.	.	.	0
truth_stvar	chr18	79262118	79262118	.	1	1	0	0|1	.	.	.	.	.	-	-	ref	yes	1	.	.	.	0
truth_smvar	chr18	79262118	79262118	.	1	1,1	0	2|1	.	.	.	.	.	-	-	no:star_allele	no:duplicate_of_stvar	1	.	.	.	0
truth_stvar	chr18	79262133	79262133	.	1	1	0	1|0	.	.	.	.	.	-	-	no:star_allele	ref	1	.	.	.	0
truth_stvar	chr18	79262133	79262133	.	1	1	0	0|1	.	.	.	.	.	-	-	ref	yes	1	.	.	.	0
truth_smvar	chr18	79262133	79262133	.	1	1,1	0	2|1	.	.	.	.	.	-	-	no:star_allele	no:duplicate_of_stvar	1	.	.	.	0
truth_stvar	chr18	79262145	79262145	.	1	1	0	1|0	.	.	.	.	.	-	-	no:star_allele	ref	1	.	.	.	0
truth_stvar	chr18	79262145	79262145	.	1	1	0	0|1	.	.	.	.	.	-	-	ref	yes	1	.	.	.	0
truth_smvar	chr18	79262145	79262145	.	1	1,1	0	2|1	.	.	.	.	.	-	-	no:star_allele	no:duplicate_of_stvar	1	.	.	.	0
truth_stvar	chr18	79262146	79262304	.	159	1	0	1|0	.	.	.	.	.	-	-	no:star_allele	ref	1	DEL	2	.	0
truth_stvar	chr18	79262146	79262304	.	159	1	158	0|1	.	.	.	.	.	FN	FN	ref	yes	1	DEL	2	.	0
truth_smvar	chr18	79262146	79262304	.	159	1,1	158	2|1	.	.	.	.	.	-	-	no:star_allele	no:duplicate_of_stvar	1	.	2	.	0
truth_stvar	chr18	79262291	79262291	.	1	1	0	0|1	.	.	.	.	.	-	-	ref	no:star_allele	1	.	.	.	0
truth_stvar	chr18	79262291	79262291	.	1	1	0	1|0	.	.	.	.	.	-	-	yes	ref	1	.	.	.	0
truth_smvar	chr18	79262291	79262291	.	1	1,1	0	1|2	.	.	.	.	.	-	-	no:duplicate_of_stvar	no:star_allele	1	.	.	.	0
truth_stvar	chr18	79262299	79262299	.	1	1	0	0|1	.	.	.	.	.	-	-	ref	no:star_allele	1	.	.	.	0
truth_stvar	chr18	79262299	79262299	.	1	1	0	1|0	.	.	.	.	.	-	-	yes	ref	1	.	.	.	0
truth_smvar	chr18	79262299	79262299	.	1	1,1	0	1|2	.	.	.	.	.	-	-	no:duplicate_of_stvar	no:star_allele	1	.	.	.	0
truth_stvar	chr18	79262311	79262311	.	1	1	0	1|0	.	.	.	.	.	-	-	yes	ref	1	.	.	.	0
truth_smvar	chr18	79262311	79262311	.	1	1	0	1|0	.	.	.	.	.	-	-	no:duplicate_of_stvar	ref	1	.	.	.	0
truth_stvar	chr18	79262326	79262326	.	1	1	0	1|0	.	.	.	.	.	-	-	yes	ref	1	.	.	.	0
truth_smvar	chr18	79262326	79262326	.	1	1	0	1|0	.	.	.	.	.	-	-	no:duplicate_of_stvar	ref	1	.	.	.	0
truth_stvar	chr18	79262329	79262329	.	1	1	0	0|1	.	.	.	.	.	-	-	ref	yes	1	.	.	.	0
truth_smvar	chr18	79262329	79262329	.	1	1	0	0|1	.	.	.	.	.	-	-	ref	no:duplicate_of_stvar	1	.	.	.	0
truth_stvar	chr18	79262353	79263046	.	694	1	693	1|0	.	.	.	.	.	FN	FN	yes	ref	1	DEL	2	.	0
truth_smvar	chr18	79262353	79263046	.	694	1	693	1|0	.	.	.	.	.	-	-	no:duplicate_of_stvar	ref	1	.	2	.	0
truth_stvar	chr18	79262383	79262383	.	1	1	0	1|0	.	.	.	.	.	-	-	no:star_allele	ref	1	.	.	.	0
truth_stvar	chr18	79262383	79262383	.	1	1	0	0|1	.	.	.	.	.	-	-	ref	yes	1	.	.	.	0
truth_smvar	chr18	79262383	79262383	.	1	1,1	0	2|1	.	.	.	.	.	-	-	no:star_allele	no:duplicate_of_stvar	1	.	.	.	0
truth_stvar	chr18	79262391	79262391	.	1	1	0	1|0	.	.	.	.	.	-	-	no:star_allele	ref	1	.	.	.	0
truth_stvar	chr18	79262391	79262391	.	1	1	0	0|1	.	.	.	.	.	-	-	ref	yes	1	.	.	.	0
truth_smvar	chr18	79262391	79262391	.	1	1,1	0	2|1	.	.	.	.	.	-	-	no:star_allele	no:duplicate_of_stvar	1	.	.	.	0
truth_stvar	chr18	79262409	79262410	.	2	1	0	1|0	.	.	.	.	.	-	-	no:star_allele	ref	1	.	.	.	0
truth_stvar	chr18	79262409	79262410	.	2	1	1	0|1	.	.	.	.	.	-	-	ref	yes	1	.	.	.	0
truth_smvar	chr18	79262409	79262410	.	2	1,1	1	2|1	.	.	.	.	.	-	-	no:star_allele	no:duplicate_of_stvar	1	.	.	.	0
truth_stvar	chr18	79262411	79262411	.	1	1	0	1|0	.	.	.	.	.	-	-	no:star_allele	ref	1	.	.	.	0
truth_stvar	chr18	79262411	79262411	.	1	1	0	0|1	.	.	.	.	.	-	-	ref	yes	1	.	.	.	0
truth_smvar	chr18	79262411	79262411	.	1	1,1	0	2|1	.	.	.	.	.	-	-	no:star_allele	no:duplicate_of_stvar	1	.	.	.	0
vg	chr18	79262412	79262412	>94510205>94510464	1	53	52	.|1	1	31.7718	PASS	FP	-	.	.	.	.	.	.	.	416.1,416.20	0
vg	chr18	79262451	79262451	>94510486>94510519	1	55	54	.|1	1	20.9945	PASS	FP	-	.	.	.	.	.	.	.	416.6,416.19	0
truth_stvar	chr18	79262459	79262459	.	1	1	0	1|0	.	.	.	.	.	-	-	no:star_allele	ref	1	.	.	.	0
truth_stvar	chr18	79262459	79262459	.	1	1	0	0|1	.	.	.	.	.	-	-	ref	yes	1	.	.	.	0
truth_smvar	chr18	79262459	79262459	.	1	1,1	0	2|1	.	.	.	.	.	-	-	no:star_allele	no:duplicate_of_stvar	1	.	.	.	0
vg	chr18	79262470	79262604	>94510528>94510586	135	188	53	.|1	1	26.1264	PASS	FP	-	.	.	.	.	.	.	.	416.27,416.21	0
truth_stvar	chr18	79262551	79262604	.	54	1	0	1|0	.	.	.	.	.	-	-	no:star_allele	ref	1	DEL	2	.	0
truth_stvar	chr18	79262551	79262604	.	54	1	53	0|1	.	.	.	.	.	TP	FN	ref	yes	1	DEL	2	.	0
truth_smvar	chr18	79262551	79262604	.	54	1,1	53	2|1	.	.	.	.	.	-	-	no:star_allele	no:duplicate_of_stvar	1	.	2	.	0
vg	chr18	79262551	79262604	>94510576>94510578	54	1	-53	.|1	1	1.51051	PASS	TP	-	.	.	.	.	.	.	.	416.27,416.22	0
truth_stvar	chr18	79263056	79263056	.	1	1	0	1|0	.	.	.	.	.	-	-	yes	ref	1	.	.	.	0
truth_smvar	chr18	79263056	79263056	.	1	1	0	1|0	.	.	.	.	.	-	-	no:duplicate_of_stvar	ref	1	.	.	.	0
truth_stvar	chr18	79263080	79263080	.	1	1	0	1|0	.	.	.	.	.	-	-	yes	ref	1	.	.	.	0
truth_smvar	chr18	79263080	79263080	.	1	1	0	1|0	.	.	.	.	.	-	-	no:duplicate_of_stvar	ref	1	.	.	.	0
vg	chr18	79263086	79263086	>94513532>94513538	1	1	0	1|0	1	2.61813	PASS	-	-	.	.	.	.	.	.	.	.	0
pangenie	chr18	79263086	79263086	chr18-79263086-SNV->95689642>95689643>95689647-1	1	1	0	0/1	1	.	PASS	-	-	.	.	.	.	.	.	.	.	0
vg	chr18	79263099	79263099	>94513541>94513544	1	1	0	1|0	1	35.0438	PASS	-	-	.	.	.	.	.	.	.	.	0
pangenie	chr18	79263099	79263099	chr18-79263099-SNV->95689651>95689653>95689654-1	1	1	0	0/1	1	.	PASS	-	-	.	.	.	.	.	.	.	.	0
pangenie	chr18	79263104	79263210	chr18-79263128-DEL->95689678>95689698-106	107	1	-106	0/1	1	.	PASS	FP	-	.	.	.	.	.	.	.	403.16,403.1	0
truth_stvar	chr18	79263109	79263109	.	1	1	0	1|0	.	.	.	.	.	-	-	yes	ref	1	.	.	.	0
truth_smvar	chr18	79263109	79263109	.	1	1	0	1|0	.	.	.	.	.	-	-	no:duplicate_of_stvar	ref	1	.	.	.	0
vg	chr18	79263109	79263109	>94513547>94513550	1	1	0	1|0	1	2.28242	PASS	-	-	.	.	.	.	.	.	.	.	0
pangenie	chr18	79263109	79263109	chr18-79263109-SNV->95689657>95689659>95689660-1	1	1	0	0/1	1	.	PASS	-	-	.	.	.	.	.	.	.	.	0
vg	chr18	79263111	79263111	>94513550>94513553	1	1	0	1|0	1	2.25528	PASS	-	-	.	.	.	.	.	.	.	.	0
pangenie	chr18	79263111	79263111	chr18-79263111-SNV->95689660>95689662>95689663-1	1	1	0	0/1	1	.	PASS	-	-	.	.	.	.	.	.	.	.	0
vg	chr18	79263127	79263233	>94513568>94513588	107	1	-106	1|0	1	42.6382	PASS	FP	-	.	.	.	.	.	.	.	416.16,416.23	0
truth_stvar	chr18	79263133	79263133	.	1	1	0	1|0	.	.	.	.	.	-	-	yes	ref	1	.	.	.	0
truth_smvar	chr18	79263133	79263133	.	1	1	0	1|0	.	.	.	.	.	-	-	no:duplicate_of_stvar	ref	1	.	.	.	0
truth_stvar	chr18	79263138	79263138	.	1	1	0	1|0	.	.	.	.	.	-	-	yes	ref	1	.	.	.	0
truth_smvar	chr18	79263138	79263138	.	1	1	0	1|0	.	.	.	.	.	-	-	no:duplicate_of_stvar	ref	1	.	.	.	0
truth_stvar	chr18	79263139	79263139	.	1	1	0	1|0	.	.	.	.	.	-	-	yes	ref	1	.	.	.	0
truth_smvar	chr18	79263139	79263139	.	1	1	0	1|0	.	.	.	.	.	-	-	no:duplicate_of_stvar	ref	1	.	.	.	0
truth_stvar	chr18	79263162	79263162	.	1	1	0	1|0	.	.	.	.	.	-	-	yes	ref	1	.	.	.	0
truth_smvar	chr18	79263162	79263162	.	1	1	0	1|0	.	.	.	.	.	-	-	no:duplicate_of_stvar	ref	1	.	.	.	0
truth_stvar	chr18	79263164	79263164	.	1	1	0	1|0	.	.	.	.	.	-	-	yes	ref	1	.	.	.	0
truth_smvar	chr18	79263164	79263164	.	1	1	0	1|0	.	.	.	.	.	-	-	no:duplicate_of_stvar	ref	1	.	.	.	0
truth_stvar	chr18	79263182	79263182	.	1	1	0	1|0	.	.	.	.	.	-	-	yes	ref	1	.	.	.	0
truth_smvar	chr18	79263182	79263182	.	1	1	0	1|0	.	.	.	.	.	-	-	no:duplicate_of_stvar	ref	1	.	.	.	0
truth_stvar	chr18	79263193	79263193	.	1	1	0	1|0	.	.	.	.	.	-	-	yes	ref	1	.	.	.	0
truth_smvar	chr18	79263193	79263193	.	1	1	0	1|0	.	.	.	.	.	-	-	no:duplicate_of_stvar	ref	1	.	.	.	0
truth_stvar	chr18	79263206	79263206	.	1	1	0	1|0	.	.	.	.	.	-	-	yes	ref	1	.	.	.	0
truth_smvar	chr18	79263206	79263206	.	1	1	0	1|0	.	.	.	.	.	-	-	no:duplicate_of_stvar	ref	1	.	.	.	0
truth_stvar	chr18	79263210	79263210	.	1	1	0	1|0	.	.	.	.	.	-	-	yes	ref	1	.	.	.	0
truth_smvar	chr18	79263210	79263210	.	1	1	0	1|0	.	.	.	.	.	-	-	no:duplicate_of_stvar	ref	1	.	.	.	0
truth_stvar	chr18	79263211	79263744	.	534	1	533	1|0	.	.	.	.	.	FN	FN	yes	ref	1	DEL	2	.	0
truth_smvar	chr18	79263211	79263744	.	534	1	533	1|0	.	.	.	.	.	-	-	no:duplicate_of_stvar	ref	1	.	2	.	0
vg	chr18	79263243	79263243	>94513591>94513594	1	1	0	1|0	1	51.1917	PASS	-	-	.	.	.	.	.	.	.	.	0
pangenie	chr18	79263243	79263243	chr18-79263243-SNV->95689704>95689706>95689707-1	1	1	0	0/1	1	.	PASS	-	-	.	.	.	.	.	.	.	.	0
pangenie	chr18	79263246	79263246	chr18-79263246-SNV->95689709>95689711>95689712-1	1	1	0	0/1	1	.	PASS	-	-	.	.	.	.	.	.	.	.	0
vg	chr18	79263288	79263556	>94481540>94513747	269	2	-267	1|0	1	1145.28	PASS	FP	-	.	.	.	.	.	.	.	416.20,416.24	0
pangenie	chr18	79263288	79263556	chr18-79263288-COMPLEX->95689721>95689779>95689781-269	269	2	-267	0/1	1	.	PASS	FP	-	.	.	.	.	.	.	.	403.20,403.2	0
pangenie	chr18	79263556	79263769	chr18-79263570-DEL->95689790>95689855-213	214	1	-213	0/1	1	.	PASS	FP	-	.	.	.	.	.	.	.	403.7,403.3	0
vg	chr18	79263570	79263783	>94481540>94513747	214	1	-213	1|0	1	1145.28	PASS	FP	-	.	.	.	.	.	.	.	416.7,416.25	0
vg	chr18	79263813	79263813	>94513756>94513759	1	1	0	0|1	1	34.4265	PASS	-	-	.	.	.	.	.	.	.	.	0
vg	chr18	79263864	79263917	>94513778>94513786	54	1	-53	0|1	1	58.1905	PASS	FP	-	.	.	.	.	.	.	.	416.10,416.26	0
