region_id	stratum	method	size.nodes_per_kb	size.node_len_mean	size.node_len_median	size.node_frac_1bp	size.edges_per_kb	size.bubbles	size.largest_bubble_alleles	size.distinct_walks	alignment.all_cost_over_opt	alignment.all_pair_ratio_median	alignment.all_excess_per_kb	alignment.all_frac_pairs_optimal	alignment.ref_cost_over_opt	alignment.affine_all_cost_over_opt	alignment.affine_ref_cost_over_opt	alignment.affine_all_excess_per_kb	alignment.all_U_per_kb	inflation.sv_pieces_median	inflation.sv_pieces_mean	inflation.anchored_over_free	inflation.indel_bp_ratio	inflation.indel_bp_excess_per_kb	redundancy.kmer_frac_extra	redundancy.kmer_extra_per_kb	truth.d_graph_sum	truth.h1_d_graph	truth.h2_d_graph	truth.d_panel_sum	truth.truvari.raw_f1	truth.truvari.refined_f1	truth.truvari.phab_f1	truth.truvari.records_sv	reads.all_unique	reads.all_redundant_only	reads.all_tandem	reads.all_ratio_mean	reads.mqlt5_redundant_only	reads.mqlt5_ratio_mean
L000034	hotspot_vntr	mc	3923.95	3.164	1	0.6912	5700.85	34	387	394	1.969	2.1128	406.28	0.0	2.0231	1.8036	1.8085	797.08	61.96	10.5	9.8326	2.0236	2.0766	399.07	0.80875	36254.65														
L000289	hotspot_vntr	mc	5451.18	2.075	1.0	0.7905	8183.51	33	436	436	1.4757	1.5197	323.24	0.0	2.0154	1.4352	1.8715	640.3	78.38	12.0	10.8713	2.0154	2.0113	465.84	0.87709	81590.81														
L000308	control_vntr_matched	mc	62.56	16.875	1	0.5798	84.23	36	31	58	1.5601	1.048	97.77	0.3022	1.0524	1.3144	1.035	133.5	3.37	2.0	1.5264	1.052	1.069	11.45	0.08289	118.55														
L000381	control_vntr_matched	mc	91.09	11.942	1	0.6224	121.74	190	2	99	1.0219	1.0	0.4	0.6099	1.0433	1.0155	1.0315	0.74	0.0	1.0	0.9482	1.0433	1.565	9.39	0.02643	43.75														
L000407	control_vntr_correct	mc	111.68	11.868	2.0	0.4967	156.14	66	17	84	1.5335	1.02	15.98	0.342	1.1216	1.5119	1.1393	36.73	9.03	1.0	0.7938	1.1216	1.2687	6.78	0.19863	394.56														
L000506	control_nontr_sv	mc	46.94	21.717	1	0.6792	70.86	8	21	27	1.0	1.0	0.0	1.0	1.0	1.0	1.0	0.0	0.0	1.0	0.5692	1.0	1.0	0.0	0.00601	7.09														
L000698	control_vntr_correct	mc	69.05	18.871	1	0.6058	95.42	47	26	87	1.0236	1.0	0.47	0.537	1.0389	1.0231	1.0145	1.1	0.43	1.0	1.2549	1.0389	1.1133	24.34	0.04372	73.93														
L000709	control_vntr_matched	mc	26.99	37.367	1	0.6627	35.78	50	2	46	1.0	1.0	0.0	0.9957	1.0	1.0	1.0	0.0	0.0	0.0	0.2456	1.0	1.0	0.0	0.0023	2.72														
L001084	hotspot_vntr	mc	3624.28	6.637	1	0.7279	4958.87	1	428	428	1.2616	1.2424	168.32	0.0	1.4245	1.2349	1.3999	317.16	154.45	11.0	11.3879	1.424	1.4338	177.75	0.76112	38037.34														
L001264	hotspot_vntr	mc	2796.84	2.086	1	0.7679	4098.18	49	334	439	1.4928	1.3652	346.1	0.0	1.5959	1.4636	1.5472	686.23	36.26	5.0	5.6308	1.5952	1.5581	293.19	0.81585	32102.09														
L001491	control_vntr_correct	mc	276.09	5.649	1.0	0.6339	375.51	56	11	50	1.0506	1.0088	9.71	0.4222	1.0362	1.0271	1.0221	11.25	0.28	0.0	0.4196	1.0362	1.0265	3.74	0.1791	562.04														
L001527	control_nontr_sv	mc	60.9	16.754	1	0.6522	87.38	14	17	30	1.0001	1.0	0.02	0.9828	1.0	1.0	1.0	0.0	0.0	0.0	0.3523	1.0	1.0	0.0	0.00665	8.83														
L001894	control_vntr_matched	mc	70.89	16.891	1.0	0.5917	95.96	81	40	84	1.4429	1.0	10.55	0.5112	1.5604	1.1816	1.2134	12.21	0.59	2.0	1.8612	1.5604	6.4908	32.46	0.09538	156.79														
L001899	control_vntr_matched	mc	553.34	7.838	1.0	0.5397	802.45	13	118	122	1.3404	1.1201	98.0	0.1458	1.3916	1.312	1.3601	198.16	72.58	2.0	3.1802	1.3914	1.3629	68.2	0.55909	4187.34														
L001909	hotspot_vntr	mc	1232.63	8.474	1	0.5775	1821.33	168	53	448	1.8407	1.8627	280.32	0.0	1.8827	1.5587	1.8532	418.63	48.13	17.0	17.2961	1.8814	1.8952	260.37	0.80824	17040.49														
L001922	control_vntr_correct	mc	582.44	11.334	1	0.6243	812.25	37	95	107	1.4657	1.1203	138.67	0.1049	1.5718	1.4103	1.5003	267.84	29.64	1.0	2.6711	1.5717	1.6094	102.65	0.45419	4438.17														
L002013	hotspot_vntr	mc	5145.4	6.79	1.0	0.6924	7449.44	22	447	447	1.4348	1.2963	289.59	0.0	1.5055	1.4272	1.4982	603.36	47.82	11.0	10.589	1.5068	1.502	260.39	0.83919	65839.53														
L002096	hotspot_vntr	mc	963.88	4.534	1	0.618	1418.55	32	276	280	1.451	1.273	198.23	0.0237	2.0025	1.4132	1.7806	394.04	27.78	7.0	7.6703	2.003	2.0172	350.64	0.58917	6848.21														
L002143	hotspot_vntr	mc	478.52	6.407	1.0	0.6606	652.93	123	139	192	1.8998	1.327	58.83	0.3776	5.4326	1.8024	5.1162	118.67	11.02	12.0	12.2842	5.4322	6.0545	179.89	0.60475	3456.5														
L002182	hotspot_vntr	mc	3580.82	2.923	1	0.7672	5196.82	14	402	408	1.4453	1.2625	247.43	0.0067	1.8845	1.4289	1.7946	503.32	108.22	5.0	5.0757	1.8859	1.8476	360.13	0.88297	41435.09														
L002292	control_nontr_sv	mc	33.9	29.811	1.0	0.5811	46.27	12	9	31	1.0001	1.0	0.01	0.9721	1.0001	1.0	1.0	0.0	0.0	0.0	0.0879	1.0001	1.0001	0.0	0.00077	0.92														
L002884	control_vntr_matched	mc	108.03	10.616	2	0.4914	150.29	101	18	112	1.0341	1.0	1.83	0.6512	1.0277	1.031	1.0221	3.56	0.17	1.0	0.6879	1.0277	1.055	2.59	0.09837	188.06														
L002940	hotspot_other	mc	423.2	5.039	2.0	0.431	705.18	27	346	359	1.4627	1.6114	98.79	0.0168	1.5529	1.4218	1.5059	211.64	29.8	0.0	2.2212	1.5529	1.7492	95.68	0.60434	3376.72														
L003119	control_vntr_correct	mc	34.72	29.119	1	0.6139	46.41	32	2	42	1.0221	1.0	0.08	0.8529	1.002	1.0242	1.0024	0.34	0.0	1.0	1.0	1.002	1.0022	1.03	0.0	0.0														
L003171	control_nontr_sv	mc	54.51	18.724	1.0	0.6379	78.95	9	19	24	1.0031	1.0029	0.58	0.4706	1.0028	1.0	1.0	0.0	0.0	0.0	0.2864	1.0028	1.0	0.0	0.00752	9.4														
L003672	control_vntr_correct	mc	78.2	14.297	1.0	0.5396	106.08	53	4	58	1.1897	1.1773	12.89	0.2358	1.2076	1.076	1.0876	12.43	0.04	1.0	0.677	1.2076	1.3931	15.38	0.08443	131.63														
L003695	hotspot_other	mc	322.35	6.843	2.0	0.4832	479.91	19	96	114	1.5394	1.5554	86.32	0.039	1.778	1.553	1.7655	203.29	10.44	3.0	3.2987	1.7772	1.87	101.75	0.53728	2322.8														
L003826	control_vntr_matched	mc	607.34	3.388	1.0	0.6475	902.63	65	366	411	2.1559	2.339	173.98	0.01	2.556	1.7027	1.9073	308.89	16.1	7.0	6.7812	2.556	4.1063	237.44	0.36615	2579.89														
L003828	hotspot_other	mc	1492.11	2.443	1.0	0.7294	2417.49	19	292	393	1.1748	1.1486	89.32	0.0	1.1242	1.2211	1.1741	237.52	52.8	14.0	12.104	1.1242	1.1092	72.07	0.6355	13445.7														
L003872	control_vntr_matched	mc	177.33	6.168	2.0	0.4504	250.76	106	44	89	1.218	1.2095	17.67	0.4149	1.2111	1.1248	1.1266	28.67	0.49	0.0	0.7121	1.2114	1.6831	22.57	0.15273	337.39														
L003883	control_nontr_sv	mc	126.81	35.667	1	0.6381	167.87	9	24	29	1.0004	1.0003	0.22	0.4217	1.0004	1.0	1.0	0.0	0.0	1.0	0.6733	1.0004	1.0	0.0	0.0	0.0														
L004021	control_vntr_matched	mc	184.83	8.81	1.0	0.621	237.43	102	172	233	1.0035	1.0	0.09	0.7559	1.0113	1.0061	1.0213	0.34	5.78	1.0	1.122	1.0113	1.071	1.49	0.11578	293.52														
L004145	hotspot_vntr	mc	459.67	4.491	1.0	0.5955	680.72	196	388	436	2.0589	1.9517	123.35	0.01	1.8787	1.4216	1.4895	61.53	39.86	7.0	9.432	1.8778	2.5536	97.77	0.32135	1742.94														
L004620	control_nontr_sv	mc	45.27	22.545	1.0	0.5455	59.67	10	6	14	1.0	1.0	0.01	0.9958	1.0	1.0	1.0	0.0	0.0	1.0	0.5121	1.0	1.0001	0.01	0.00832	10.29														
L004848	hotspot_other	mc	1587.09	2.115	1.0	0.7512	2382.53	12	337	359	1.2342	1.1746	90.93	0.0	1.2799	1.3055	1.3397	258.12	24.76	5.0	5.0949	1.2789	1.2286	78.95	0.80454	18560.51														
L004989	hotspot_other	mc	659.62	4.498	1.0	0.5978	1041.71	33	217	247	1.2286	1.1632	58.26	0.0521	1.1265	1.2455	1.1823	136.63	23.27	6.0	6.0221	1.1265	1.1007	46.35	0.58868	4332.59														
L005064	hotspot_other	mc	639.06	4.011	2	0.4859	976.77	32	215	240	2.0438	1.9162	107.21	0.0505	2.2008	1.8235	1.831	220.04	23.33	2.0	2.6615	2.2057	2.5523	117.54	0.67499	4875.92														
L005261	hotspot_other	mc	2518.04	3.699	1	0.5511	3735.74	23	176	209	1.1862	1.1135	76.24	0.0106	1.1329	1.233	1.2187	201.66	7.22	1.0	1.1498	1.1329	1.113	28.23	0.75808	23266.59														
L005411	hotspot_vntr	mc	1330.71	4.613	1.0	0.6914	1921.14	53	420	421	1.9725	2.0847	310.8	0.0	1.9248	1.8476	1.8003	620.8	78.54	9.0	7.5868	1.924	1.9588	214.26	0.83412	15466.55														
L005481	hotspot_vntr	mc	667.0	4.66	1	0.5912	975.48	42	179	232	2.2336	2.3372	188.8	0.0546	3.4589	2.0684	2.9236	383.34	109.69	7.0	6.8593	3.469	4.3065	359.89	0.66852	4897.61														
L005618	hotspot_other	mc	1177.28	3.589	1	0.6569	1773.03	25	433	442	1.4015	1.3585	155.88	0.0	1.1913	1.4229	1.2694	364.41	21.07	5.0	4.8158	1.1912	1.1587	62.15	0.83962	19180.9														
L005688	control_nontr_sv	mc	216.29	6.682	1.0	0.6429	287.92	44	6	18	1.0158	1.0	2.03	0.6058	1.0161	1.0028	1.0029	0.86	4.31	1.0	0.8128	1.0161	1.0158	3.99	0.0	0.0														
L005990	hotspot_vntr	mc	760.38	3.627	1	0.5911	1211.34	86	353	368	1.4778	1.5082	112.09	0.0033	1.6716	1.4729	1.6488	242.05	27.62	8.0	8.3498	1.6716	1.7175	131.55	0.64619	6409.31														
L006556	control_nontr_sv	mc	64.79	15.75	1.0	0.6833	86.39	8	15	22	1.0031	1.0	0.39	0.6667	1.003	1.0	1.0	0.0	0.0	0.0	0.1977	1.003	1.0	0.0	0.00394	5.4														
L006952	hotspot_vntr	mc	1156.47	2.581	1	0.6754	1759.05	18	302	310	1.0907	1.0231	52.5	0.0445	1.1326	1.142	1.1725	170.21	17.77	7.0	6.4364	1.132	1.1131	65.16	0.83085	15632.96														
L007009	hotspot_vntr	mc	2060.4	2.952	1	0.7153	2876.67	27	284	285	1.0895	1.0109	87.1	0.0211	1.1474	1.0941	1.1389	186.66	195.9	7.0	11.87	1.1476	1.1406	106.12	0.8035	17345.69														
L007033	control_vntr_correct	mc	606.86	3.6	1	0.6712	822.95	18	179	187	1.0556	1.0019	42.24	0.0083	1.0958	1.0553	1.0937	84.82	71.37	1.0	2.1359	1.0952	1.1024	54.44	0.56118	3177.44														
L007040	hotspot_vntr	mc	1413.23	4.364	1	0.7144	2009.17	117	268	354	1.5151	1.5369	383.47	0.0	1.4361	1.0322	1.416	84.23	111.17	13.0	15.3341	1.4341	1.4275	299.3	0.84903	15875.13														
L007065	control_vntr_matched	mc	45.84	22.415	1	0.5436	60.65	27	29	49	1.0012	1.0	0.01	0.9773	1.0003	1.0024	1.0009	0.06	0.0	0.0	0.1978	1.0003	1.0329	0.14	0.03433	44.43														
L007081	hotspot_vntr	mc	4017.41	6.284	1.0	0.7574	6243.13	27	427	432	1.2425	1.1177	119.81	0.0033	1.0748	1.2865	1.1393	304.44	41.69	7.0	7.9172	1.075	1.0669	38.66	0.77554	53871.4														
L007161	hotspot_other	mc	1062.95	3.214	1.0	0.58	1458.47	17	144	147	1.4046	1.2676	172.8	0.0495	1.3842	1.3846	1.3299	364.69	190.56	3.0	3.1264	1.3842	1.3848	171.31	0.63053	5371.95														
L007172	control_vntr_matched	mc	254.57	6.594	1.0	0.5405	359.59	40	98	141	1.2024	1.0255	28.78	0.1818	1.3067	1.1454	1.2199	45.62	3.96	1.0	1.307	1.3058	1.36	37.42	0.28843	897.31														
L007184	hotspot_other	mc	244.02	8.161	1.0	0.5285	372.97	9	144	170	1.1603	1.0084	29.35	0.3614	1.4747	1.18	1.4706	69.0	11.31	1.0	1.6026	1.4776	1.4665	171.35	0.46699	1720.46														
L007192	control_nontr_sv	mc	75.91	18.038	1.0	0.6154	100.73	11	6	20	1.0004	1.0	0.01	0.9912	1.0	1.003	1.0022	0.23	0.0	0.0	0.0177	1.0	1.0	0.0	0.00944	16.06														
L007376	control_vntr_matched	mc	60.56	18.789	1.0	0.6323	81.28	20	141	149	1.006	1.0	0.08	0.7257	1.0234	1.0	1.0114	0.0	0.0	1.0	0.9383	1.0234	1.0203	0.39	0.05787	83.76														
L007480	hotspot_other	mc	778.9	4.088	1.0	0.691	1137.52	8	197	199	1.3434	1.2384	85.68	0.1073	1.4384	1.3404	1.4453	180.73	53.41	3.0	2.6942	1.4407	1.4347	81.02	0.53794	3979.25														
L007687	control_vntr_matched	mc	165.97	7.822	1	0.6378	226.09	40	36	47	1.1965	1.0	7.06	0.8578	1.0979	1.1605	1.0701	12.61	1.57	0.0	0.256	1.0979	1.2449	3.32	0.30681	648.77														
L007717	control_vntr_matched	mc	193.4	8.551	2.0	0.4813	274.29	127	48	127	1.2522	1.0395	25.09	0.1324	1.1669	1.1452	1.0821	36.84	0.08	0.0	0.9385	1.1667	1.326	18.56	0.25169	750.79														
L007798	hotspot_other	mc	2867.43	5.187	1.0	0.5976	4084.63	50	370	374	1.2666	1.2256	175.52	0.0067	1.3479	1.2649	1.3346	361.26	39.36	7.0	7.0219	1.3468	1.3503	191.41	0.72782	25132.11														
L007844	hotspot_other	mc	3203.22	1.817	1.0	0.7363	4669.01	51	424	436	1.7118	1.7836	228.45	0.0033	1.7082	1.6744	1.6916	525.73	30.17	6.0	6.4505	1.71	1.6527	241.13	0.88158	51038.73														
L008216	hotspot_vntr	mc	664.55	6.743	1	0.6591	923.15	57	169	204	3.8713	3.9841	382.98	0.0743	4.3705	3.3763	3.7061	759.88	42.31	6.5	6.6585	4.387	5.8886	358.97	0.59555	5101.24														
L008631	control_nontr_sv	mc	58.32	25.512	1	0.6341	76.81	9	6	15	1.0	1.0	0.0	1.0	1.0	1.0	1.0	0.0	0.0	0.0	0.0141	1.0	1.0	0.0	0.00818	14.22														
L008864	hotspot_vntr	mc	5360.86	3.486	1.0	0.62	8207.88	20	334	342	1.6102	1.8697	335.39	0.0101	1.8008	1.5715	1.754	688.14	63.24	8.0	9.0088	1.8022	1.7742	327.84	0.82493	54257.16														
L008877	hotspot_other	mc	2623.37	4.601	1	0.5765	3984.37	8	390	390	1.574	1.3957	160.72	0.0268	1.1707	1.4828	1.163	325.16	215.37	7.0	6.8728	1.1712	1.1626	89.01	0.74668	25213.99														
L008887	control_vntr_correct	mc	81.79	21.708	2.0	0.4764	110.34	26	35	56	1.1249	1.0	7.33	0.5683	1.1539	1.1221	1.1507	15.16	3.17	2.0	1.6742	1.1539	1.1712	19.06	0.12855	284.72														
L008902	control_vntr_correct	mc	113.99	15.146	2	0.3925	161.22	61	15	73	1.1	1.0148	5.88	0.3947	1.0789	1.0368	1.0332	5.65	0.0	0.0	0.4668	1.0789	1.4661	9.76	0.14094	355.11														
L008976	hotspot_vntr	mc	5405.08	2.815	1.0	0.7658	7647.31	14	434	434	1.266	1.2403	208.4	0.0	1.3053	1.2541	1.2882	414.25	154.38	6.0	6.1648	1.3053	1.2985	177.31	0.81533	50123.78														
L009000	hotspot_vntr	mc	1412.32	2.402	1	0.6938	2134.27	23	449	450	1.2742	1.1805	181.55	0.0	1.1461	1.2972	1.1662	429.21	19.28	17.0	17.4747	1.1457	1.1287	132.17	0.86315	21855.67														
L009283	control_nontr_sv	mc	72.7	14.035	1	0.5614	96.94	16	4	19	1.0054	1.0	0.32	0.7545	1.0035	1.0	1.0	0.0	0.02	0.0	0.1018	1.0035	1.0	0.0	0.01988	29.34														
L009398	hotspot_vntr	mc	253.2	10.128	2.0	0.3765	369.55	21	43	166	1.5919	1.0534	178.4	0.058	1.979	1.6184	2.0087	385.98	13.81	7.0	5.8136	1.9734	2.0953	252.96	0.34846	1377.75														
L009448	hotspot_vntr	mc	3668.36	2.823	1	0.7585	5644.05	26	405	405	1.7233	1.8306	300.49	0.0	2.0542	1.7288	1.9902	730.93	34.83	11.0	11.9051	2.057	1.9654	271.25	0.86075	73667.29														
L009600	control_nontr_sv	mc	35.57	31.194	1.0	0.5833	41.5	7	2	8	1.0005	1.0	0.04	0.9548	1.0004	1.0	1.0	0.0	0.0	1.0	0.6157	1.0004	1.0	0.0	0.00161	1.98														
L009656	hotspot_vntr	mc	507.64	6.728	2.0	0.4949	742.81	19	207	250	4.3424	2.3957	357.17	0.1017	6.4843	3.6877	5.3947	715.62	27.88	9.0	5.8866	6.4843	8.0145	438.9	0.61151	4065.29														
L009658	hotspot_vntr	mc	994.92	6.357	1.0	0.5722	1460.53	40	367	377	2.3988	2.7888	472.45	0.0	1.5973	2.2136	1.5505	930.67	120.22	17.0	16.3807	1.5971	1.609	306.5	0.80868	10851.17														
L009770	control_vntr_matched	mc	128.15	10.91	1.0	0.5533	173.0	34	64	87	1.0735	1.0028	12.52	0.2066	1.087	1.0632	1.0831	22.19	9.21	1.0	1.0238	1.087	1.0849	14.4	0.26416	551.69														
L009771	control_vntr_correct	mc	46.93	24.618	1	0.5273	61.43	18	2	15	1.005	1.0	0.34	0.9874	1.0037	1.0273	1.031	3.88	0.0	1.0	0.8872	1.0037	1.0056	0.41	0.02374	33.28														
L009803	hotspot_vntr	mc	1316.95	1.69	1.0	0.7901	1940.51	28	432	442	1.4917	1.5304	210.71	0.0	1.2927	1.5118	1.3516	491.45	16.03	12.0	11.0307	1.2923	1.2278	103.61	0.8188	15958.07														
L009885	control_vntr_correct	mc	145.84	8.077	2.0	0.4408	211.56	23	199	212	1.4246	1.2908	13.73	0.1429	1.3923	1.3845	1.3632	32.36	1.07	1.0	0.875	1.3923	1.6147	21.69	0.27196	600.86														
L010060	hotspot_other	mc	514.81	5.498	1.0	0.5997	767.63	20	196	247	2.2718	2.2532	175.81	0.0134	2.5025	1.8207	1.9393	303.55	23.97	4.0	3.7077	2.5022	2.992	185.1	0.49603	3175.64														
L010113	control_vntr_correct	mc	95.94	14.066	1.0	0.559	129.58	64	4	56	1.0465	1.0	1.47	0.8482	1.0083	1.0326	1.0081	2.28	0.03	0.0	0.2885	1.0083	1.0286	0.45	0.16899	310.79														
L010328	hotspot_vntr	mc	5124.49	3.86	1.0	0.5493	7540.82	28	380	393	1.7124	1.9274	346.57	0.0	1.892	1.6793	1.8268	715.27	67.85	8.0	8.9133	1.8945	1.8668	310.46	0.82348	50398.98														
L010350	control_vntr_matched	mc	41.89	26.314	1	0.5696	57.34	85	16	71	1.3553	1.0	8.28	0.5775	1.4221	1.3338	1.3952	16.84	0.08	0.0	0.468	1.4221	1.8257	5.92	0.02825	38.23														
L010452	control_nontr_sv	mc	44.83	24.222	1.0	0.6111	57.29	11	2	9	1.0004	1.0	0.02	0.9866	1.0007	1.0004	1.0012	0.03	0.0	0.0	0.1659	1.0007	1.0	0.0	0.00567	7.47														
L010508	control_vntr_correct	mc	102.89	10.675	1	0.6226	140.87	80	11	75	1.0862	1.0	1.25	0.7407	1.0504	1.0639	1.0395	2.23	0.06	1.0	0.6372	1.0504	1.1719	2.09	0.09746	168.37														
L011121	control_vntr_correct	mc	85.85	15.32	1	0.5753	116.03	37	8	54	1.0547	1.0	3.23	0.7509	1.0168	1.0441	1.013	5.41	0.02	1.0	0.956	1.0167	1.0224	2.39	0.10164	184.63														
L011138	hotspot_vntr	mc	1892.02	6.178	1.0	0.7043	2591.5	36	352	363	1.4103	1.2821	181.24	0.01	1.7336	1.344	1.646	306.68	366.51	5.0	7.7384	1.7338	1.7705	223.44	0.85918	20381.03														
L011224	control_vntr_correct	mc	192.08	7.622	1	0.5071	271.25	106	25	126	1.3352	1.0193	38.31	0.2361	1.3412	1.1839	1.1903	51.64	0.23	2.0	1.4013	1.3412	1.5415	47.01	0.11156	309.66														
L011227	control_vntr_matched	mc	173.26	7.573	1.0	0.5064	242.73	95	13	81	1.0634	1.0	2.56	0.7985	1.0133	1.0396	1.0153	3.55	0.24	1.0	0.7694	1.0133	1.0232	0.78	0.28315	624.14														
L011430	control_vntr_matched	mc	252.55	6.058	2.0	0.3934	384.4	63	100	161	1.2576	1.1808	9.47	0.1575	1.1322	1.1499	1.0901	16.68	3.01	0.0	0.2954	1.1322	2.333	20.96	0.3196	1099.66														
L011463	hotspot_vntr	mc	390.27	4.54	1.0	0.5815	565.67	196	150	386	1.6381	1.6116	113.55	0.0367	1.6538	1.3411	1.3485	163.54	8.9	9.0	7.6879	1.6534	2.2124	129.19	0.33499	1493.88														
L011931	control_nontr_sv	mc	88.08	21.671	1	0.7059	132.64	8	38	51	1.0012	1.0012	0.42	0.3632	1.0012	1.0	1.0	0.0	0.0	1.0	0.5311	1.0012	1.0	0.0	0.01027	23.83														
L012184	hotspot_vntr	mc	10137.0	5.486	1.0	0.69	15262.24	3	364	364	1.4676	1.4818	279.19	0.0101	1.2839	1.4535	1.3157	585.22	89.33	8.0	8.7848	1.2857	1.2805	148.35	0.70657	98188.7														
L012256	hotspot_other	mc	467.96	15.824	2	0.3833	666.75	12	223	281	1.3936	1.1395	189.94	0.0833	2.4723	1.3928	2.395	393.61	67.48	6.0	5.5818	2.4723	2.4783	533.51	0.67301	6725.53														
L012272	hotspot_vntr	mc	167.42	14.529	1	0.7136	231.85	1	406	406	1.189	1.1557	10.5	0.1405	1.1896	1.0009	1.1804	0.15	410.29	6.0	6.7445	1.1888	1.2628	15.56	0.30863	1091.32														
L012294	hotspot_vntr	mc	1971.28	8.982	2	0.4943	2943.67	18	441	449	1.4693	1.2901	258.02	0.0	1.6604	1.4735	1.6421	549.17	42.83	9.0	9.5253	1.6609	1.6649	263.69	0.73456	23767.43														
L012313	control_vntr_matched	mc	54.08	20.566	1	0.6416	72.52	49	2	65	1.0929	1.0	2.08	0.605	1.2046	1.0063	1.0	0.34	0.0	1.0	1.1422	1.2046	1.6984	11.73	0.03646	51.89														
L012489	hotspot_other	mc	298.01	5.822	1.0	0.5883	429.59	72	240	280	1.8951	1.873	69.9	0.0268	2.4029	1.6145	1.8936	129.67	11.92	4.0	3.7247	2.3993	3.549	104.53	0.30386	1189.19														
L012530	control_nontr_sv	mc	59.13	17.217	1.0	0.5435	82.26	11	9	20	1.0	1.0	0.0	1.0	1.0	1.0	1.0	0.0	0.0	0.0	0.2018	1.0	1.034	1.06	0.0	0.0														
L013000	control_vntr_correct	mc	139.72	9.135	1.0	0.6204	200.0	1	174	174	1.0338	1.0	6.91	0.677	1.0373	1.0259	1.0297	11.0	0.76	1.0	1.1532	1.0373	1.057	16.04	0.22507	510.05														
L013064	hotspot_other	mc	722.7	3.886	1.0	0.5209	1118.77	28	269	284	2.148	2.0926	151.13	0.0202	2.3767	1.7851	1.9602	309.25	19.48	3.0	2.6404	2.3757	2.6479	168.61	0.60597	5960.24														
L013074	control_vntr_correct	mc	23.23	43.371	1	0.6855	31.71	28	28	52	1.0012	1.0	0.84	0.5485	1.0012	1.0	1.0	0.0	0.0	1.0	0.7581	1.0012	1.0	0.0	0.01205	13.88														
L013244	hotspot_vntr	mc	647.03	12.09	1	0.5707	909.85	24	173	190	1.4743	1.5477	175.07	0.1065	1.707	1.4721	1.6897	361.71	144.33	7.0	10.0333	1.7002	1.7071	151.99	0.66294	7626.66														
L013399	control_nontr_sv	mc	28.88	75.947	1	0.5789	36.47	6	2	7	1.0001	1.0	0.06	0.9404	1.0	1.0	1.0	0.0	0.0	0.0	0.3618	1.0	1.0	0.0	0.0	0.0														
L013531	hotspot_other	mc	970.95	4.42	1.0	0.5866	1532.11	16	250	251	1.4488	1.4755	107.61	0.0203	1.2045	1.4084	1.2052	220.89	39.62	4.0	4.1911	1.2037	1.2177	65.3	0.67359	8712.16														
L014111	control_vntr_matched	mc	68.07	15.645	1	0.5993	92.5	90	8	46	1.1079	1.0987	4.29	0.468	1.0942	1.0033	1.0028	0.36	0.0	0.0	0.5492	1.0942	3.8552	15.71	0.02855	42.93														
L014160	hotspot_vntr	mc	814.45	3.185	1.0	0.6403	1221.81	158	415	432	2.2201	2.1701	168.87	0.0	2.3829	1.77	1.8726	315.72	33.08	9.0	7.8458	2.385	3.3529	183.15	0.53076	4638.78														
L014181	control_vntr_matched	mc	375.79	6.946	1.0	0.5183	512.68	124	9	95	1.4836	1.2679	58.83	0.0688	1.2721	1.228	1.1879	71.74	2.44	3.0	2.6305	1.2721	1.5093	48.9	0.38297	1659.62														
L014210	hotspot_vntr	mc	880.24	6.209	1.0	0.656	1227.81	24	186	206	1.716	1.6928	330.33	0.0811	1.8046	1.6588	1.7044	654.94	74.94	9.0	9.5033	1.8051	1.9137	330.24	0.7632	8678.37														
L014297	hotspot_vntr	mc	2233.4	3.635	1	0.5992	3195.88	43	293	299	1.8336	1.7045	327.31	0.0034	2.3483	1.7857	2.2144	667.95	62.18	9.0	7.3838	2.3514	2.3521	354.31	0.75945	19731.41														
L014324	control_vntr_correct	mc	253.38	12.779	1	0.6295	348.05	20	50	59	2.2638	2.4923	154.53	0.2068	3.1789	2.2105	3.0967	315.48	120.81	3.0	2.4088	3.1656	3.2524	205.63	0.56056	2560.86														
L014358	hotspot_vntr	mc	983.79	5.447	1.0	0.5745	1456.66	34	242	352	1.5105	1.1651	165.76	0.0067	1.4238	1.5246	1.4616	359.04	38.07	2.0	1.9224	1.4238	1.4136	106.01	0.63506	8194.5														
L014426	control_vntr_correct	mc	64.69	15.811	1.0	0.5164	89.08	17	9	42	1.0194	1.0	0.39	0.9027	1.0029	1.0123	1.0	0.58	0.02	0.0	0.0703	1.0029	1.0738	1.33	0.06433	90.67														
L014899	control_nontr_sv	mc	25.0	40.32	1	0.56	32.0	8	2	7	1.0	1.0	0.0	1.0	1.0	1.0	1.0	0.0	0.0	1.0	0.9167	1.0	1.0199	0.92	0.00441	5.0														
L015126	hotspot_other	mc	1302.52	2.478	1.0	0.6588	1978.35	25	368	369	1.6411	1.6283	153.49	0.0133	1.7978	1.6526	1.7595	354.61	23.22	5.0	4.8813	1.7947	1.8073	149.99	0.82099	12513.9														
L015223	control_vntr_matched	mc	135.54	13.898	2	0.445	190.41	93	16	79	1.101	1.1005	21.91	0.3682	1.1053	1.012	1.0138	6.07	0.63	0.0	0.9496	1.1053	1.119	24.45	0.08717	241.64														
L015285	control_vntr_correct	mc	130.18	9.226	1	0.6103	176.43	49	21	47	1.2063	1.0049	14.88	0.244	1.227	1.1626	1.1747	25.62	1.41	0.0	0.4879	1.227	1.2942	7.39	0.25005	453.94														
L015331	hotspot_vntr	mc	1408.87	3.734	1.0	0.6412	1987.46	60	370	373	1.9291	1.8074	252.99	0.0067	1.9701	1.8736	1.9095	520.37	67.51	6.0	6.0595	1.9679	2.0557	202.09	0.79177	11486.42														
L015347	hotspot_vntr	mc	4861.02	6.919	1	0.5872	6872.21	15	370	370	1.7999	1.9034	380.97	0.0	1.9306	2.753	1.7652	741.23	257.44	14.0	14.4651	1.9334	1.9976	327.51	0.90298	62100.08														
L015415	hotspot_vntr	mc	1157.23	4.683	1	0.6304	1629.59	58	115	222	1.4383	1.2919	236.72	0.0137	1.5822	1.4308	1.5444	478.44	25.69	6.0	5.9934	1.5822	1.56	222.98	0.69558	9116.03														
L015708	hotspot_other	mc	193.72	6.793	1	0.5258	274.52	136	21	232	2.4989	2.294	48.5	0.1275	2.9806	2.0966	2.4158	97.87	0.2	3.0	2.807	2.9822	4.3868	66.78	0.23635	629.14														
L015743	control_vntr_correct	mc	29.63	78.859	1.0	0.5704	40.48	20	27	55	1.0024	1.0	1.13	0.6413	1.0394	1.0023	1.0393	2.18	13.97	1.0	1.0287	1.0393	1.0411	26.6	0.01281	31.72														
L015847	hotspot_other	mc	536.49	3.638	1	0.6002	798.32	19	261	290	1.3818	1.3554	140.87	0.0441	1.4428	1.2981	1.3367	271.46	10.62	14.0	10.8729	1.4412	1.5257	193.06	0.32744	1830.73														
L015904	hotspot_other	mc	3505.82	3.535	1.0	0.6417	5429.5	23	428	428	2.0476	2.1454	325.39	0.0	1.812	1.9321	1.7936	684.98	64.48	11.0	10.6303	1.8133	1.7857	290.16	0.83385	38844.76														
L016040	control_nontr_sv	mc	54.32	21.769	1	0.5385	71.03	12	3	11	1.0001	1.0	0.01	0.9945	1.0	1.0	1.0	0.0	0.0	0.0	0.4634	1.0	1.0003	0.01	0.01046	15.32														
L016062	control_vntr_correct	mc	333.08	5.971	1.0	0.6998	447.15	127	18	78	1.8738	1.0077	77.86	0.32	1.7303	1.8405	1.6921	161.36	0.54	1.0	1.5483	1.757	1.7278	32.55	0.40312	1503.8														
L016124	control_vntr_matched	mc	140.67	8.62	1.0	0.6088	191.95	124	13	50	1.4042	1.15	21.27	0.129	1.3945	1.171	1.165	24.33	0.0	0.0	0.8505	1.3945	1.6177	12.34	0.22571	420.94														
L016274	control_nontr_sv	mc	51.21	33.684	1.0	0.6053	66.04	11	3	13	1.0002	1.0	0.03	0.9821	1.0	1.0	1.0	0.0	0.0	0.0	0.0333	1.0	1.0	0.0	0.01744	35.04														
L016523	control_vntr_correct	mc	50.24	21.217	1.0	0.5507	67.71	36	4	38	1.0102	1.0	0.29	0.9611	1.0161	1.0	1.0024	0.0	0.06	1.0	0.7965	1.0161	1.2471	6.86	0.02798	38.22														
L016830	control_vntr_correct	mc	146.01	11.091	1	0.5121	203.29	45	100	124	1.0223	1.005	3.61	0.3273	1.0224	1.0131	1.0095	4.44	0.16	1.0	0.819	1.0224	1.0412	5.61	0.27409	696.1														
L016870	hotspot_other	mc	2946.82	8.158	1	0.5538	4563.83	24	146	155	1.0905	1.0176	94.98	0.1685	1.1841	1.0952	1.1951	203.15	22.0	15.0	12.5546	1.1841	1.1884	188.48	0.6858	32089.89														
L016884	control_vntr_correct	mc	286.26	6.097	1.0	0.5517	434.64	17	254	274	1.3668	1.3738	52.78	0.0134	1.5688	1.2686	1.4596	95.64	4.63	1.0	1.7251	1.5688	1.7466	69.05	0.44629	1946.56														
L017097	control_nontr_sv	mc	103.67	20.797	1	0.6329	137.8	15	12	20	1.0012	1.0	0.24	0.7468	1.0021	1.0	1.0	0.0	0.0	1.0	0.8446	1.0021	1.0	0.0	0.0	0.0														
L017325	control_vntr_matched	mc	163.18	8.673	2	0.4226	236.52	19	186	196	1.2372	1.0434	42.79	0.2399	1.1886	1.1857	1.1782	75.57	110.69	1.0	1.8118	1.1886	1.1909	100.63	0.46364	1181.88														
TR101140	control_vntr_matched	mc	451.76	4.668	1	0.6632	612.16	151	119	147	1.6354	1.0	31.4	0.8551	1.773	1.5486	1.6511	60.93	30.77	0.0	0.3114	1.773	1.6317	14.63	0.29669	1255.81														
TR368009	control_vntr_matched	mc	126.23	10.913	1.0	0.6192	166.55	175	81	114	1.0577	1.0	5.31	0.5929	1.0483	1.0437	1.0359	8.27	0.3	0.0	0.4868	1.0483	1.055	3.26	0.14802	285.57														
TR423938	control_vntr_matched	mc	101.95	15.391	3.0	0.4652	140.07	27	25	42	1.4616	1.1654	39.83	0.3939	1.468	1.1409	1.1438	32.58	0.04	0.0	0.4452	1.468	1.6853	19.96	0.16492	348.85														
TR424743	control_vntr_matched	mc	183.7	29.864	1.0	0.529	243.63	17	77	96	1.0086	1.0013	3.63	0.1972	1.0081	1.0115	1.0108	9.77	183.94	0.0	0.5	1.0081	1.0077	2.98	0.13398	852.42														
TR446002	control_vntr_matched	mc	55.75	18.225	1	0.5504	73.9	23	9	34	1.0052	1.0	0.03	0.9673	1.0004	1.0812	1.0826	1.48	0.21	0.0	0.0024	1.0004	1.019	0.04	0.02587	33.71														
TR455654	control_vntr_matched	mc	64.92	16.154	1.0	0.5833	91.14	37	15	53	1.1393	1.0571	0.75	0.4647	1.1939	1.1274	1.1978	2.17	0.0	0.0	0.0022	1.1946	1.9068	1.88	0.02532	36.62														
TR460913	control_vntr_matched	mc	130.24	9.632	1	0.5965	171.36	15	30	42	1.1581	1.0	2.1	0.8402	1.1923	1.1788	1.2117	5.79	0.18	0.0	0.0114	1.1923	1.175	0.39	0.17026	325.21														
TR499275	control_vntr_matched	mc	29.92	34.7	1.0	0.6154	40.05	39	7	45	1.0002	1.0	0.0	0.9963	1.0003	1.0	1.0	0.0	0.0	0.0	0.0044	1.0003	1.0006	0.0	0.00225	2.76														
TR499276	control_vntr_matched	mc	40.82	24.825	1	0.6721	54.2	60	3	64	1.0	1.0	0.0	1.0	1.0	1.0	1.0	0.0	0.0	0.0	0.0	1.0	1.0	0.0	0.0	0.0														
TR573259	control_vntr_matched	mc	372.73	9.499	1.5	0.5	535.46	107	35	84	2.1673	1.8559	218.0	0.2043	1.728	1.9932	1.6331	424.99	12.71	4.0	3.3055	1.7285	1.7554	181.31	0.54383	3164.44														
TR668316	control_vntr_matched	mc	168.46	8.764	1.0	0.5736	232.13	102	27	123	1.4928	1.0095	33.38	0.4088	1.6669	1.4657	1.6173	67.45	0.0	0.0	1.1883	1.6596	1.704	24.46	0.28601	718.9														
TR687433	control_vntr_matched	mc	250.0	7.554	1.0	0.6122	330.25	35	32	47	1.4668	1.5889	80.13	0.1099	1.5351	1.4067	1.4933	152.0	57.69	2.0	2.5596	1.5351	1.5457	67.43	0.42278	1235.68														
TR687489	control_vntr_matched	mc	150.86	11.396	1.0	0.5121	204.32	54	16	53	1.3059	1.0	6.34	0.9048	1.3413	1.2942	1.3005	13.11	2.39	0.0	0.0824	1.3411	1.2777	2.7	0.23797	601.24														
TR724750	control_vntr_matched	mc	367.36	5.08	1.0	0.6618	512.09	25	57	76	2.1229	2.8935	136.05	0.1098	2.6621	1.8468	2.1247	257.89	12.98	4.0	2.8928	2.6621	3.3434	153.71	0.51318	1973.81														
TR743754	control_vntr_matched	mc	48.24	21.652	1	0.6241	64.32	23	23	42	1.0057	1.0	0.13	0.6312	1.0059	1.0	1.0	0.0	0.0	0.0	0.3268	1.0059	1.0	0.0	0.00509	6.84														
TR831034	control_vntr_matched	mc	679.17	3.304	1	0.6206	1010.43	509	255	322	1.5771	1.4573	43.23	0.0233	1.5298	1.3272	1.3138	71.55	8.21	1.0	2.3519	1.5298	4.707	58.33	0.20527	1461.62														
L000034	hotspot_vntr	mafft_fftns2	4144.53	4.803	1.0	0.7486	6622.91	33	394	394	1.3621	1.3731	151.81	0.0	1.4452	1.3149	1.3597	312.37	16.36	10.0	10.2031	1.4456	1.4282	158.72	0.83345	42903.12														
L000308	control_vntr_matched	mafft_fftns2	55.01	18.757	1.0	0.5885	75.95	37	31	58	1.5634	1.1012	98.35	0.3246	1.0502	1.3142	1.029	133.4	0.0	2.0	1.4053	1.0498	1.0655	10.86	0.0423	57.94														
L000381	control_vntr_matched	mafft_fftns2	87.35	12.387	1	0.6425	118.43	188	6	99	1.0262	1.0	0.48	0.6099	1.0551	1.0174	1.0414	0.83	0.0	1.0	0.9482	1.0551	1.565	9.39	0.02728	45.19														
L000407	control_vntr_correct	mafft_fftns2	99.56	13.952	2	0.4871	144.01	41	37	84	1.2866	1.0	8.59	0.5576	1.1341	1.254	1.1209	18.23	0.17	1.0	0.9512	1.1341	1.3014	7.6	0.18214	354.52														
L000506	control_nontr_sv	mafft_fftns2	45.17	22.569	1	0.6667	69.09	8	21	27	1.0	1.0	0.0	1.0	1.0	1.0	1.0	0.0	0.0	1.0	0.5692	1.0	1.0	0.0	0.0	0.0														
L000698	control_vntr_correct	mafft_fftns2	68.19	18.857	1.0	0.6471	97.42	50	37	87	1.0254	1.0	0.51	0.537	1.0315	1.0092	1.0109	0.44	0.1	1.0	0.9804	1.0315	1.0975	20.96	0.03522	59.03														
L000709	control_vntr_matched	mafft_fftns2	30.99	37.314	1.0	0.6031	41.69	54	4	46	2.9146	1.0	34.72	0.5345	2.9187	2.8669	2.8663	70.36	0.06	0.0	0.7367	2.9187	3.0014	18.2	0.11985	160.68														
L001264	hotspot_vntr	mafft_fftns2	3598.18	6.788	1	0.7129	5699.1	32	439	439	1.3223	1.1758	226.37	0.0033	1.2671	1.3069	1.2542	454.26	26.65	9.0	10.2901	1.2663	1.2318	121.8	0.86629	46947.73														
L001491	control_vntr_correct	mafft_fftns2	292.52	5.146	1.0	0.6348	401.81	58	9	50	1.0565	1.0371	10.85	0.4222	1.0451	1.063	1.0638	26.15	0.0	0.0	0.8214	1.0451	1.0072	1.01	0.18698	592.44														
L001527	control_nontr_sv	mafft_fftns2	60.9	16.754	1	0.6522	87.38	14	17	30	1.0001	1.0	0.02	0.9828	1.0	1.0	1.0	0.0	0.0	0.0	0.3523	1.0	1.0	0.0	0.00665	8.83														
L001894	control_vntr_matched	mafft_fftns2	110.35	11.606	1	0.5554	152.3	75	44	84	2.2257	1.0814	29.21	0.4478	2.8822	1.8495	2.2282	57.09	0.07	4.0	3.5947	2.8822	11.808	63.9	0.17712	320.07														
L001899	control_vntr_matched	mafft_fftns2	850.43	5.664	1.0	0.6248	1293.52	16	122	122	1.3119	1.3166	89.79	0.0104	1.4979	1.3084	1.4851	195.87	7.09	3.0	3.2615	1.5005	1.4806	90.34	0.63635	5778.46														
L001922	control_vntr_correct	mafft_fftns2	909.09	5.751	1.0	0.7217	1322.7	27	102	107	1.197	1.1963	58.66	0.0175	1.1585	1.1905	1.1594	124.34	5.26	1.0	2.2362	1.1589	1.1165	19.62	0.48602	5043.2														
L002013	hotspot_vntr	mafft_fftns2	6336.0	5.221	1.0	0.7358	10224.15	20	447	447	1.2678	1.1753	178.33	0.0033	1.3641	1.2608	1.3506	368.26	25.38	12.0	13.2747	1.3653	1.3439	178.36	0.82711	60356.54														
L002096	hotspot_vntr	mafft_fftns2	1167.42	7.985	1	0.6852	1812.43	28	272	280	1.2116	1.07	92.98	0.0542	1.3058	1.1993	1.2565	190.03	11.43	5.0	4.7275	1.3058	1.2344	80.79	0.71284	11854.12														
L002143	hotspot_vntr	mafft_fftns2	1137.4	6.691	1	0.6996	1687.38	28	192	192	4.0276	6.479	197.95	0.0374	9.0802	3.9161	8.9791	431.24	3.75	19.0	19.7674	9.0847	9.4893	302.14	0.85227	13033.5														
L002182	hotspot_vntr	mafft_fftns2	5795.64	3.565	1.0	0.7798	9727.39	16	408	408	1.3055	1.1828	169.73	0.0	1.4207	1.3403	1.4026	399.34	23.5	7.0	7.4388	1.4222	1.3709	157.59	0.92414	66901.59														
L002292	control_nontr_sv	mafft_fftns2	29.78	33.938	1	0.5846	42.6	12	9	31	1.0001	1.0	0.01	0.9721	1.0001	1.0	1.0	0.0	0.0	0.0	0.0879	1.0001	1.0001	0.0	0.0	0.0														
L002884	control_vntr_matched	mafft_fftns2	119.65	11.062	2	0.4614	171.42	104	21	112	1.3274	1.006	17.59	0.2313	1.2547	1.3169	1.2428	36.3	0.79	1.0	1.1473	1.2547	1.2922	13.77	0.17922	376.39														
L002940	hotspot_other	mafft_fftns2	1457.28	3.398	1.0	0.7767	2513.06	18	357	359	1.28	1.3547	59.79	0.0201	1.3422	1.3164	1.3567	158.79	6.74	0.0	1.6018	1.3422	1.4943	63.13	0.77288	7522.8														
L003119	control_vntr_correct	mafft_fftns2	31.97	31.624	1	0.6129	43.66	32	2	42	1.0221	1.0	0.08	0.8529	1.002	1.0242	1.0024	0.34	0.0	1.0	1.0	1.002	1.0022	1.03	0.0	0.0														
L003171	control_nontr_sv	mafft_fftns2	48.87	20.904	1.0	0.6154	73.31	9	19	24	1.0031	1.0029	0.58	0.4706	1.0028	1.0	1.0	0.0	0.01	0.0	0.2864	1.0028	1.0	0.0	0.00752	9.4														
L003672	control_vntr_correct	mafft_fftns2	80.14	14.556	1	0.5024	111.89	52	12	58	1.3119	1.3171	21.19	0.1616	1.299	1.1811	1.1693	29.64	0.36	1.0	0.677	1.299	1.5061	19.81	0.11349	182.73														
L003695	hotspot_other	mafft_fftns2	1081.72	3.576	1.0	0.6849	1677.65	13	114	114	2.0164	2.193	162.64	0.0	1.9188	1.9879	1.8689	363.16	8.91	1.0	2.213	1.9186	1.9422	110.19	0.73658	5593.68														
L003826	control_vntr_matched	mafft_fftns2	1254.84	3.701	1	0.7773	2068.19	36	398	411	1.7499	1.8625	112.87	0.0033	1.7087	1.5202	1.443	228.67	10.1	3.0	3.5974	1.7087	2.4737	112.65	0.59538	6571.51														
L003828	hotspot_other	mafft_fftns2	3235.2	3.376	1.0	0.7918	5442.36	50	393	393	1.2315	1.1581	118.26	0.0067	1.1777	1.2386	1.1847	256.25	19.94	10.0	9.8075	1.1777	1.1579	104.23	0.7362	21522.93														
L003872	control_vntr_matched	mafft_fftns2	154.65	6.873	2	0.477	219.29	82	44	89	1.1283	1.1531	10.39	0.2234	1.1117	1.059	1.0556	13.55	0.26	0.0	0.3582	1.112	1.4338	14.33	0.04275	83.59														
L003883	control_nontr_sv	mafft_fftns2	123.19	36.716	1.0	0.6275	164.25	9	24	29	1.0004	1.0003	0.22	0.4217	1.0004	1.0	1.0	0.0	0.0	1.0	0.6733	1.0004	1.0	0.0	0.0	0.0														
L004021	control_vntr_matched	mafft_fftns2	230.19	7.322	1	0.6435	317.05	170	180	233	1.2488	1.0	6.05	0.8034	1.1261	1.224	1.1122	12.56	0.04	1.0	1.189	1.1259	1.1551	3.25	0.19959	559.0														
L004145	hotspot_vntr	mafft_fftns2	652.66	3.691	1.0	0.6881	1008.59	221	278	436	1.5817	1.5995	67.76	0.02	1.482	1.0928	1.2328	13.54	4.22	6.0	6.9232	1.4813	1.8857	55.74	0.3872	2325.75														
L004620	control_nontr_sv	mafft_fftns2	39.09	26.105	1.0	0.5526	53.5	10	6	14	1.0	1.0	0.01	0.9958	1.0	1.0	1.0	0.0	0.0	1.0	0.5121	1.0	1.0001	0.01	0.00584	7.2														
L004848	hotspot_other	mafft_fftns2	2983.39	2.47	1.0	0.8279	5018.51	24	359	359	1.2348	1.1563	91.17	0.0067	1.4547	1.2569	1.4211	217.1	11.23	4.0	3.9117	1.4528	1.403	139.16	0.8668	29344.09														
L004989	hotspot_other	mafft_fftns2	1456.62	4.034	1	0.7751	2299.22	13	242	247	1.1921	1.0913	48.95	0.0521	1.1538	1.1893	1.1686	105.35	17.74	2.0	2.4845	1.1538	1.131	60.31	0.73699	8482.76														
L005064	hotspot_other	mafft_fftns2	742.97	5.375	1	0.5858	1161.37	39	222	240	1.4087	1.3307	41.98	0.0976	1.461	1.2785	1.2714	74.42	1.99	1.0	1.0527	1.4637	1.6563	49.7	0.70995	5746.64														
L005261	hotspot_other	mafft_fftns2	2945.29	3.557	1.0	0.7209	4938.3	16	205	209	1.0837	1.1111	34.26	0.0739	1.0846	1.0934	1.0949	80.81	8.83	1.0	1.0198	1.0847	1.0746	18.65	0.76847	24643.77														
L005411	hotspot_vntr	mafft_fftns2	1031.8	5.989	1	0.6812	1613.41	30	421	421	1.3096	1.285	98.94	0.0034	1.2662	1.261	1.219	191.19	5.65	2.0	3.8505	1.2658	1.2744	61.32	0.78173	11015.74														
L005481	hotspot_vntr	mafft_fftns2	1163.35	6.535	1	0.6819	1832.67	16	229	232	1.6628	1.5956	101.43	0.0239	2.1077	1.6321	1.9649	226.8	5.22	3.0	3.3495	2.1104	2.4126	153.75	0.8214	11168.65														
L005618	hotspot_other	mafft_fftns2	2255.44	3.812	1	0.7492	3866.28	27	440	442	1.2703	1.1807	104.96	0.0067	1.2119	1.2586	1.2378	222.8	11.08	5.0	4.8289	1.2117	1.1732	67.83	0.88073	27054.44														
L005688	control_nontr_sv	mafft_fftns2	216.29	6.63	1.0	0.6494	289.33	45	6	18	1.0225	1.0	2.89	0.6058	1.023	1.0	1.0	0.0	0.0	1.0	0.8128	1.023	1.0158	3.99	0.0	0.0														
L005990	hotspot_vntr	mafft_fftns2	1083.32	4.683	1	0.6999	1918.81	85	362	368	1.1873	1.1294	43.94	0.0167	1.6987	1.2003	1.6401	102.52	7.73	8.0	7.803	1.6987	1.7301	133.86	0.71371	8748.82														
L006556	control_nontr_sv	mafft_fftns2	59.4	17.182	1	0.6909	80.99	8	15	22	1.0031	1.0	0.39	0.6667	1.003	1.0	1.0	0.0	0.0	0.0	0.1977	1.003	1.0	0.0	0.00706	9.72														
L006952	hotspot_vntr	mafft_fftns2	2085.73	2.406	1.0	0.7676	3507.7	29	308	310	1.0746	1.0157	43.21	0.0685	1.1405	1.0924	1.157	110.8	5.87	2.0	2.3838	1.1398	1.1218	70.18	0.87362	22000.0														
L007033	control_vntr_correct	mafft_fftns2	663.64	7.219	1	0.6542	1003.94	17	184	187	1.09	1.0019	68.32	0.0165	1.2209	1.0926	1.2257	142.08	3.9	4.0	3.9332	1.2196	1.2047	108.8	0.71043	6095.82														
L007065	control_vntr_matched	mafft_fftns2	56.89	19.764	1.0	0.5702	77.57	30	30	49	1.1979	1.0	1.99	0.6023	1.1297	1.2005	1.132	4.6	0.06	0.0	0.2222	1.1287	1.1764	0.75	0.13406	193.46														
L007081	hotspot_vntr	mafft_fftns2	6046.89	6.439	1.0	0.7165	10770.26	15	432	432	1.2809	1.2215	138.79	0.0	1.1154	1.2984	1.1474	317.09	19.03	7.0	7.8412	1.1157	1.1015	58.66	0.81712	69665.1														
L007161	hotspot_other	mafft_fftns2	1280.54	2.007	1	0.8422	2025.29	21	145	147	1.1689	1.1381	72.16	0.0	1.1596	1.1898	1.183	179.93	13.04	8.0	6.2921	1.1596	1.0989	44.01	0.66737	6315.32														
L007172	control_vntr_matched	mafft_fftns2	290.46	6.055	1.0	0.5755	413.76	68	55	141	1.0804	1.0235	11.43	0.1783	1.076	1.0695	1.0387	21.79	1.16	2.0	2.25	1.0758	1.1116	11.59	0.30701	980.72														
L007184	hotspot_other	mafft_fftns2	370.66	8.717	1.0	0.5604	616.22	4	170	170	1.1068	1.0119	19.55	0.3439	1.119	1.1089	1.1342	41.76	7.84	2.0	2.6755	1.1204	1.1179	43.31	0.58904	2814.67														
L007192	control_nontr_sv	mafft_fftns2	59.85	22.927	1	0.6098	84.67	10	6	20	1.0	1.0	0.0	1.0	1.0	1.0	1.0	0.0	0.89	0.0	0.0177	1.0	1.0	0.0	0.03107	54.01														
L007376	control_vntr_matched	mafft_fftns2	70.17	17.569	1.0	0.6016	94.51	22	141	149	1.0382	1.0	0.52	0.684	1.0285	1.0	1.015	0.0	0.0	1.0	0.9868	1.0285	1.0302	0.58	0.1204	186.64														
L007480	hotspot_other	mafft_fftns2	1297.57	5.626	1	0.7556	1957.32	8	199	199	1.2476	1.1098	61.77	0.0865	1.2262	1.2654	1.2499	140.89	6.91	2.0	2.0938	1.2274	1.1985	37.0	0.74016	9736.22														
L007687	control_vntr_matched	mafft_fftns2	259.74	6.103	1	0.7045	361.81	18	41	47	3.2264	20.0	79.94	0.2133	4.2821	3.3742	4.4732	186.6	0.9	2.0	2.2298	4.2821	4.6391	49.28	0.51392	1549.72														
L007717	control_vntr_matched	mafft_fftns2	231.36	7.069	1.0	0.5547	325.8	122	25	127	1.0844	1.0358	8.4	0.1812	1.0774	1.0295	1.0246	7.47	0.52	0.0	1.0484	1.0774	1.1926	10.96	0.23304	678.26														
L007798	hotspot_other	mafft_fftns2	3599.77	4.744	1	0.7011	5442.43	43	374	374	1.1369	1.1081	90.13	0.0033	1.2529	1.1423	1.2481	194.07	13.4	7.0	7.5	1.2522	1.2149	117.42	0.73545	26128.44														
L007844	hotspot_other	mafft_fftns2	6363.68	2.709	1	0.8348	11649.9	20	436	436	1.587	1.5528	188.39	0.0	1.468	1.5799	1.4694	452.09	14.4	8.0	8.2659	1.4685	1.3654	135.01	0.93916	105842.56														
L008216	hotspot_vntr	mafft_fftns2	949.21	5.915	1	0.6962	1383.23	40	200	204	2.781	2.9943	237.55	0.0203	2.6577	2.5016	2.3591	480.2	8.6	6.0	5.5871	2.6621	3.4189	177.62	0.69727	7979.62														
L008631	control_nontr_sv	mafft_fftns2	45.52	32.688	1.0	0.5938	64.01	9	6	15	1.0	1.0	0.0	1.0	1.0	1.0	1.0	0.0	0.0	0.0	0.0141	1.0	1.0	0.0	0.00818	14.22														
L008864	hotspot_vntr	mafft_fftns2	6280.15	4.061	1	0.7396	10714.69	27	336	342	1.253	1.2426	139.08	0.0369	1.2489	1.2534	1.2264	305.09	26.7	4.0	5.5705	1.2489	1.2369	100.34	0.83985	60383.39														
L008877	hotspot_other	mafft_fftns2	4159.66	3.363	1	0.7367	7107.55	20	390	390	1.453	1.4383	126.83	0.0134	1.1074	1.4052	1.0907	272.95	11.4	7.0	7.1952	1.1076	1.0948	51.93	0.78702	31610.35														
L008887	control_vntr_correct	mafft_fftns2	76.39	22.965	1.0	0.5051	106.1	26	34	56	1.0317	1.0	1.86	0.5904	1.0304	1.0235	1.0212	2.92	0.02	2.0	1.6831	1.0303	1.04	4.45	0.10613	229.17														
L008902	control_vntr_correct	mafft_fftns2	112.57	15.457	2	0.4069	161.58	61	31	73	1.1019	1.0143	5.99	0.4887	1.0871	1.0415	1.0437	6.37	0.01	0.0	0.4668	1.0871	1.4689	9.82	0.12879	319.96														
L009000	hotspot_vntr	mafft_fftns2	1907.15	4.402	1.0	0.6948	3299.15	14	450	450	1.2957	1.2108	195.77	0.0033	1.1631	1.2921	1.1674	421.89	21.35	29.0	28.411	1.1626	1.1383	141.99	0.88126	25717.44														
L009283	control_nontr_sv	mafft_fftns2	70.15	14.545	1	0.5636	94.39	16	4	19	1.0057	1.0	0.35	0.7545	1.0035	1.0007	1.0	0.09	0.02	0.0	0.1018	1.0035	1.0	0.0	0.0	0.0														
L009398	hotspot_vntr	mafft_fftns2	432.09	10.581	2	0.4093	701.18	23	164	166	1.2524	1.1174	76.08	0.0102	1.4257	1.2765	1.4544	172.57	7.71	4.0	3.7237	1.4233	1.4372	100.98	0.57622	3502.82														
L009448	hotspot_vntr	mafft_fftns2	7330.31	2.409	1.0	0.7953	13640.98	143	405	405	1.5774	1.7023	239.87	0.0	1.6947	1.5909	1.6958	592.67	19.78	11.0	12.3942	1.6973	1.5419	152.26	0.87912	86673.3														
L009600	control_nontr_sv	mafft_fftns2	20.75	53.476	1	0.5714	26.68	7	2	8	1.0005	1.0	0.04	0.9548	1.0004	1.0	1.0	0.0	0.0	1.0	0.6157	1.0004	1.0	0.0	0.0	0.0														
L009656	hotspot_vntr	mafft_fftns2	631.67	5.854	1	0.6183	960.51	14	248	250	1.3711	1.2647	39.66	0.0915	1.4029	1.2735	1.3054	72.82	2.34	1.0	1.449	1.4029	1.6221	38.93	0.63603	4513.2														
L009658	hotspot_vntr	mafft_fftns2	1682.85	5.195	1	0.695	2692.18	14	377	377	1.68	1.9263	229.67	0.0	1.625	1.632	1.5814	484.66	14.29	9.0	9.5181	1.6239	1.6164	310.26	0.86366	16261.56														
L009770	control_vntr_matched	mafft_fftns2	461.13	5.887	1	0.56	648.44	75	77	87	1.9102	1.2808	155.13	0.0369	1.6943	1.9751	1.7975	342.11	2.78	5.0	3.5873	1.6943	1.6258	106.15	0.69303	3469.46														
L009771	control_vntr_correct	mafft_fftns2	43.52	26.608	1	0.549	58.87	17	4	15	1.005	1.0	0.34	0.9874	1.0037	1.0039	1.0029	0.55	0.0	1.0	0.7124	1.0037	1.0056	0.41	0.01896	26.45														
L009803	hotspot_vntr	mafft_fftns2	3214.75	3.693	1.0	0.7802	5418.18	12	442	442	1.4469	1.4137	191.52	0.0	1.3286	1.451	1.3531	433.02	17.87	12.0	11.7917	1.3276	1.2639	120.03	0.90883	35203.24														
L009885	control_vntr_correct	mafft_fftns2	137.92	8.753	1	0.5217	207.96	15	152	212	1.118	1.0511	3.82	0.3435	1.1638	1.1105	1.1681	9.3	0.23	0.0	0.0951	1.1638	1.3019	10.65	0.20882	424.56														
L010060	hotspot_other	mafft_fftns2	880.68	5.602	1	0.6333	1370.88	19	239	247	1.6628	1.4136	91.63	0.0235	1.7195	1.3168	1.3233	117.18	4.86	2.0	2.1121	1.7175	1.9943	92.4	0.6457	5880.27														
L010113	control_vntr_correct	mafft_fftns2	123.92	11.651	1.0	0.5968	170.22	78	5	56	1.2784	1.0	8.82	0.8132	1.1484	1.2579	1.1462	18.04	0.1	0.0	0.293	1.1476	1.2012	3.17	0.25676	527.98														
L010328	hotspot_vntr	mafft_fftns2	7926.87	3.918	1	0.7645	12996.6	20	393	393	1.3615	1.4215	175.85	0.0	1.358	1.4203	1.4281	442.54	14.79	4.0	5.8133	1.3597	1.2578	92.34	0.9035	101146.6														
L010350	control_vntr_matched	mafft_fftns2	40.67	27.11	1.0	0.58	57.07	81	18	71	1.0094	1.0089	0.22	0.3756	1.0116	1.0223	1.0286	1.13	0.0	0.0	0.3333	1.0116	1.2602	1.87	0.02756	37.28														
L010452	control_nontr_sv	mafft_fftns2	41.1	26.424	1	0.6364	53.55	10	3	9	1.0002	1.0	0.01	0.9933	1.0	1.0	1.0	0.0	0.0	0.0	0.1659	1.0	1.0	0.0	0.0	0.0														
L010508	control_vntr_correct	mafft_fftns2	170.63	8.304	1.0	0.6279	238.1	112	8	75	2.8738	2.8442	27.21	0.3444	2.8045	2.7091	2.7067	59.66	0.26	2.0	1.2412	2.8045	3.2088	26.84	0.32412	747.73														
L011121	control_vntr_correct	mafft_fftns2	368.87	5.509	1	0.6567	516.66	109	19	54	2.3529	1.0698	79.76	0.2454	1.2732	2.4908	1.3578	183.13	3.23	2.0	1.7473	1.2723	1.2038	21.82	0.59571	2404.55														
L011224	control_vntr_correct	mafft_fftns2	230.5	6.342	1.0	0.5438	329.84	107	41	126	1.2043	1.0187	23.35	0.2465	1.1684	1.0941	1.0585	26.42	1.02	1.0	1.0965	1.1684	1.3019	26.21	0.13608	388.44														
L011227	control_vntr_matched	mafft_fftns2	107.11	16.457	1	0.5271	151.67	57	26	81	1.3033	1.0	12.27	0.7873	1.1901	1.2439	1.1751	21.83	0.01	1.0	0.7646	1.1894	1.142	4.75	0.31661	732.08														
L011430	control_vntr_matched	mafft_fftns2	357.78	3.582	1.0	0.5536	539.46	119	42	161	1.2399	1.1936	8.82	0.1301	1.245	1.1227	1.163	13.65	0.82	0.0	0.2451	1.245	2.4413	22.66	0.26255	833.49														
L011463	hotspot_vntr	mafft_fftns2	654.47	4.671	1	0.6137	1007.32	191	288	386	1.4581	1.4634	81.53	0.0133	1.6458	1.279	1.4015	133.78	6.14	7.0	7.8681	1.6448	2.1259	119.97	0.49105	2861.35														
L011931	control_nontr_sv	mafft_fftns2	87.05	21.929	1.0	0.6905	131.61	8	38	51	1.0012	1.0012	0.42	0.3632	1.0012	1.0	1.0	0.0	0.0	1.0	0.5311	1.0012	1.0	0.0	0.00045	1.04														
L012184	hotspot_vntr	mafft_fftns2	13500.95	2.913	1	0.8075	23260.77	131	362	364	1.2101	1.1356	125.47	0.0135	1.1104	1.225	1.1433	290.33	9.89	13.0	14.5471	1.1109	1.0954	50.47	0.70031	95286.82														
L012256	hotspot_other	mafft_fftns2	558.78	8.893	1	0.5616	878.91	30	243	281	1.1214	1.0311	58.6	0.0633	1.1398	1.118	1.134	118.22	5.27	8.0	7.4665	1.1398	1.1428	51.52	0.55191	4024.72														
L012294	hotspot_vntr	mafft_fftns2	3032.63	9.2	1	0.5514	5474.9	12	449	449	1.3328	1.284	182.94	0.01	1.8721	1.3438	1.8108	398.8	26.18	12.0	13.1187	1.8729	1.9087	360.35	0.79481	33267.71														
L012313	control_vntr_matched	mafft_fftns2	82.53	16.352	1.0	0.5985	110.97	58	13	65	2.8773	1.0075	42.05	0.3808	5.0633	2.5022	3.8907	81.68	0.01	3.0	2.9277	5.0633	7.5419	109.86	0.21995	386.68														
L012489	hotspot_other	mafft_fftns2	472.62	5.892	1	0.5937	738.98	50	263	280	1.6173	1.5825	48.2	0.0336	1.7835	1.4343	1.5016	91.64	2.72	0.0	0.7357	1.7825	2.5457	63.38	0.46561	2373.76														
L012530	control_nontr_sv	mafft_fftns2	56.56	18.0	1.5	0.5	79.69	11	9	20	1.0164	1.0	1.18	0.636	1.031	1.0334	1.0639	5.26	0.0	0.0	0.2018	1.0312	1.0721	2.24	0.02164	29.56														
L013000	control_vntr_correct	mafft_fftns2	183.64	8.372	1.0	0.6336	263.55	1	174	174	1.0415	1.0204	8.47	0.3883	1.1294	1.0392	1.1297	16.61	0.64	3.0	2.8271	1.1294	1.1438	40.48	0.28542	701.4														
L013064	hotspot_other	mafft_fftns2	1019.63	3.851	1.0	0.6752	1674.89	49	266	284	1.7218	1.6504	95.02	0.0741	1.7991	1.5128	1.5826	202.0	9.59	1.0	1.5811	1.7988	1.9109	93.2	0.60733	5994.46														
L013074	control_vntr_correct	mafft_fftns2	23.23	43.371	1	0.673	31.71	29	11	52	1.0012	1.0	0.84	0.5485	1.0012	1.0006	1.0006	0.86	0.0	2.0	1.5161	1.0012	1.0	0.0	0.01205	13.88														
L013244	hotspot_vntr	mafft_fftns2	963.5	9.839	1	0.6065	1455.52	22	190	190	1.3857	1.348	142.37	0.0137	1.3831	1.4182	1.4191	320.46	9.91	9.0	7.7119	1.377	1.355	76.31	0.73141	10559.08														
L013399	control_nontr_sv	mafft_fftns2	27.36	80.167	1.0	0.5556	34.95	6	2	7	1.0001	1.0	0.06	0.9404	1.0	1.0	1.0	0.0	0.0	0.0	0.3618	1.0	1.0	0.0	0.0	0.0														
L013531	hotspot_other	mafft_fftns2	1569.19	4.507	1	0.7189	2658.26	28	251	251	1.3226	1.2424	77.35	0.0983	1.2587	1.2882	1.2705	155.88	10.45	3.0	3.1378	1.2578	1.2555	76.65	0.7429	12198.78														
L014111	control_vntr_matched	mafft_fftns2	82.31	13.53	1	0.5965	112.9	96	8	46	1.3064	1.1225	12.19	0.164	1.416	1.1748	1.2781	18.99	0.04	0.0	0.2801	1.416	5.0995	22.56	0.07565	119.54														
L014160	hotspot_vntr	mafft_fftns2	1631.16	4.072	1.0	0.7756	2674.92	163	429	432	1.939	1.9072	129.96	0.0	2.3212	1.6129	1.8371	251.3	7.86	6.0	7.8216	2.3211	3.1814	169.8	0.75219	12447.86														
L014181	control_vntr_matched	mafft_fftns2	407.51	6.3	1.0	0.5979	573.47	50	56	95	1.3783	1.2996	46.02	0.0906	1.4178	1.1584	1.3353	49.86	1.41	3.0	2.8916	1.4178	1.6605	63.41	0.37454	1601.22														
L014210	hotspot_vntr	mafft_fftns2	793.55	6.831	1.0	0.6944	1166.43	18	204	206	1.238	1.1274	109.8	0.0135	1.2101	1.2428	1.213	241.33	8.47	10.0	9.4396	1.2092	1.2038	73.65	0.74478	7857.46														
L014297	hotspot_vntr	mafft_fftns2	2973.11	4.842	1	0.6466	4817.73	34	299	299	1.4609	1.343	180.98	0.0	1.6178	1.475	1.6171	403.76	19.1	6.0	7.7588	1.6203	1.5405	141.63	0.81522	27572.71														
L014324	control_vntr_correct	mafft_fftns2	264.92	10.857	1.0	0.6351	372.71	22	46	59	1.3794	1.0658	46.39	0.1654	1.2444	1.3671	1.246	95.67	3.66	1.0	1.0132	1.2453	1.2417	22.06	0.53706	2328.96														
L014358	hotspot_vntr	mafft_fftns2	1463.0	11.107	1.0	0.5959	2417.9	17	346	352	1.3778	1.1244	122.65	0.0201	1.3132	1.373	1.3095	255.26	12.64	1.0	1.6386	1.3132	1.314	80.49	0.80201	19075.41														
L014426	control_vntr_correct	mafft_fftns2	107.1	10.5	1.0	0.5198	155.89	20	10	42	1.3157	1.3571	6.28	0.1323	1.1914	1.3812	1.2117	17.85	0.63	0.0	0.0747	1.1918	1.2281	4.1	0.17293	275.72														
L014899	control_nontr_sv	mafft_fftns2	23.0	43.826	1	0.5217	30.0	8	2	7	1.0	1.0	0.0	1.0	1.0	1.0	1.0	0.0	0.0	1.0	0.9167	1.0	1.0199	0.92	0.0	0.0														
L015126	hotspot_other	mafft_fftns2	3005.82	2.703	1.0	0.8167	5234.97	23	369	369	1.4382	1.4389	104.9	0.0	1.3425	1.5011	1.4199	272.3	10.22	1.0	1.767	1.3413	1.2503	46.5	0.92054	31607.95														
L015223	control_vntr_matched	mafft_fftns2	124.64	17.691	2	0.4606	176.6	90	7	79	1.0982	1.0984	21.31	0.361	1.1001	1.0081	1.0074	4.09	0.22	0.0	2.8465	1.1001	1.1098	22.57	0.16419	497.09														
L015285	control_vntr_correct	mafft_fftns2	400.97	4.433	1	0.6921	555.02	32	24	47	2.2983	2.3073	93.66	0.0909	2.3773	2.2552	2.3135	197.73	28.22	0.0	0.989	2.3773	2.5031	37.79	0.59227	1977.62														
L015331	hotspot_vntr	mafft_fftns2	2083.58	7.048	1.0	0.717	3223.36	19	373	373	1.6925	1.7624	188.57	0.0	2.6066	1.6758	2.5154	402.52	12.19	13.0	12.7533	2.6052	2.6277	311.6	0.87426	21003.25														
L015415	hotspot_vntr	mafft_fftns2	1338.48	9.826	1	0.6048	2049.43	13	221	222	1.2337	1.1231	126.24	0.0034	1.2357	1.2405	1.2341	267.04	21.92	7.0	7.3786	1.2357	1.1904	75.82	0.80993	17001.37														
L015708	hotspot_other	mafft_fftns2	347.38	7.267	1.0	0.5159	550.07	58	217	232	2.5052	2.4655	48.71	0.0	2.3491	2.1821	2.0863	105.5	2.96	0.0	0.3399	2.3521	3.3152	45.65	0.48906	1945.79														
L015743	control_vntr_correct	mafft_fftns2	29.84	122.888	1	0.5455	42.99	18	20	55	1.0259	1.0031	12.16	0.2152	1.03	1.0267	1.0305	25.18	0.95	1.0	1.0596	1.0299	1.03	19.42	0.35601	1351.0														
L015847	hotspot_other	mafft_fftns2	695.03	3.526	1	0.6833	1075.54	25	215	290	1.1797	1.1609	66.32	0.1186	1.2102	1.127	1.1552	115.62	5.4	9.0	7.0743	1.2094	1.2427	89.14	0.40251	2533.22														
L015904	hotspot_other	mafft_fftns2	6084.52	3.903	1.0	0.7652	10890.9	15	428	428	1.5359	1.5362	166.46	0.0	1.3723	1.567	1.4402	416.65	13.92	5.0	5.5857	1.3748	1.2652	97.92	0.90515	73859.85														
L016040	control_nontr_sv	mafft_fftns2	48.75	24.257	1	0.5429	65.46	12	3	11	1.0001	1.0	0.01	0.9945	1.0	1.0	1.0	0.0	0.0	0.0	0.4634	1.0	1.0003	0.01	0.0	0.0														
L016062	control_vntr_correct	mafft_fftns2	584.41	5.477	1	0.7267	828.52	15	73	78	3.2239	4.8571	198.17	0.0182	6.5511	3.2287	6.413	427.9	7.39	8.0	7.3865	6.5585	6.6615	253.18	0.65141	4160.84														
L016124	control_vntr_matched	mafft_fftns2	401.07	5.149	1.0	0.6493	572.62	43	43	50	2.0217	1.1667	53.77	0.0737	1.8258	1.8172	1.6673	116.32	0.68	1.0	1.0813	1.8258	1.9247	18.47	0.62731	2430.6														
L016274	control_nontr_sv	mafft_fftns2	45.82	37.647	1.0	0.5882	60.65	11	3	13	1.0002	1.0	0.03	0.9821	1.0	1.0	1.0	0.0	0.0	0.0	0.0333	1.0	1.0	0.0	0.0	0.0														
L016523	control_vntr_correct	mafft_fftns2	57.88	18.497	1	0.566	79.72	49	5	38	1.0102	1.0	0.29	0.9611	1.0139	1.0	1.0009	0.0	0.06	1.0	0.794	1.0139	1.2447	6.79	0.05296	74.26														
L016830	control_vntr_correct	mafft_fftns2	144.14	11.312	1.0	0.5419	203.08	65	77	124	1.0174	1.0035	2.82	0.3455	1.0193	1.0072	1.0053	2.44	0.59	1.0	0.8411	1.0193	1.0375	5.11	0.27788	709.44														
L016870	hotspot_other	mafft_fftns2	4996.83	2.288	1.0	0.7773	8243.54	23	149	155	1.0221	1.0083	23.23	0.1505	1.0442	1.0301	1.06	64.33	7.13	8.0	11.5664	1.0442	1.0364	36.44	0.5806	20353.07														
L016884	control_vntr_correct	mafft_fftns2	575.86	5.283	1	0.5982	940.84	21	267	273	1.3949	1.4449	56.82	0.0134	1.4681	1.3046	1.3696	108.46	4.84	1.0	1.2398	1.4681	1.6112	56.53	0.57347	3247.14														
L017097	control_nontr_sv	mafft_fftns2	101.05	21.338	1	0.6234	135.17	15	12	20	1.0012	1.0	0.24	0.7468	1.0021	1.0	1.0	0.0	0.0	1.0	0.8446	1.0021	1.0	0.0	0.0	0.0														
L017325	control_vntr_matched	mafft_fftns2	153.54	13.336	2	0.4805	229.22	23	186	196	1.1598	1.0577	28.83	0.2939	1.3634	1.109	1.355	44.34	9.02	2.0	3.2618	1.3634	1.3621	190.89	0.55293	1691.02														
TR101140	control_vntr_matched	mafft_fftns2	462.7	7.313	1.0	0.6787	634.19	71	98	147	2.5464	1.0	76.41	0.8152	2.6535	2.3548	2.4258	150.47	0.17	0.0	0.443	2.6534	2.4897	34.5	0.45946	2530.41														
TR368009	control_vntr_matched	mafft_fftns2	1223.0	4.228	1	0.7693	1730.76	131	70	114	6.2249	266.5	481.27	0.0071	7.9571	6.4345	8.1833	1029.21	3.33	10.0	10.2093	7.9645	7.2378	369.08	0.85323	9555.64														
TR423938	control_vntr_matched	mafft_fftns2	131.65	15.431	1	0.5253	181.74	22	31	42	2.7379	1.6259	149.96	0.1869	2.6893	2.126	2.086	260.26	0.19	0.0	0.9709	2.6893	3.3842	69.45	0.33594	893.62														
TR424743	control_vntr_matched	mafft_fftns2	161.02	56.224	1	0.553	227.11	20	75	96	1.1482	1.0137	62.65	0.1021	1.0065	1.1487	1.0056	126.61	63.39	0.0	0.9235	1.0065	1.0086	3.34	0.44363	4393.45														
TR446002	control_vntr_matched	mafft_fftns2	45.81	22.198	1.0	0.5849	65.25	22	9	34	1.0522	1.0714	0.28	0.3673	1.0486	1.0503	1.0563	0.92	0.01	0.0	0.0024	1.0485	1.0171	0.04	0.01937	25.06														
TR455654	control_vntr_matched	mafft_fftns2	69.08	15.127	1.0	0.6386	99.04	32	15	53	1.0424	1.0	0.23	0.7435	1.0905	1.0548	1.1199	0.93	0.0	0.0	0.0022	1.091	1.755	1.57	0.05153	76.57														
TR460913	control_vntr_matched	mafft_fftns2	99.01	12.285	1.0	0.5923	134.04	15	29	42	1.2142	1.0	2.84	0.8557	1.2432	1.1995	1.2183	6.46	0.0	0.0	0.0182	1.2432	1.2531	0.56	0.13038	237.62														
TR499275	control_vntr_matched	mafft_fftns2	29.92	35.662	1.0	0.6077	40.28	39	8	45	1.0002	1.0	0.0	0.9963	1.0003	1.0	1.0	0.0	0.32	0.0	0.0044	1.0003	1.0006	0.0	0.0233	29.23														
TR499276	control_vntr_matched	mafft_fftns2	40.37	25.099	1	0.6685	53.76	60	3	64	1.0	1.0	0.0	1.0	1.0	1.0	1.0	0.0	0.0	0.0	0.0	1.0	1.0	0.0	0.0	0.0														
TR573259	control_vntr_matched	mafft_fftns2	274.41	12.257	1	0.5256	398.42	107	4	84	1.1299	1.1216	24.26	0.2766	1.1221	1.131	1.1262	56.05	1.77	7.0	5.3231	1.1221	1.1003	24.06	0.46347	2292.91														
TR668316	control_vntr_matched	mafft_fftns2	238.98	13.672	1.0	0.5246	346.72	32	96	123	3.0517	3.0588	138.96	0.0292	3.6016	2.997	3.5569	289.23	2.74	3.0	2.6361	3.5886	3.7854	96.76	0.60086	2701.6														
TR687433	control_vntr_matched	mafft_fftns2	355.61	6.784	1.0	0.6602	499.7	31	41	47	1.4593	1.0652	78.85	0.0513	1.2435	1.4473	1.2713	167.16	5.39	4.0	3.3321	1.2435	1.1929	23.83	0.609	2627.68														
TR687489	control_vntr_matched	mafft_fftns2	91.18	25.032	1	0.5301	126.69	42	17	53	2.5463	1.0163	32.07	0.4199	6.348	2.4973	5.77	66.71	3.05	2.0	1.5234	6.3701	5.9928	48.54	0.3134	878.8														
TR724750	control_vntr_matched	mafft_fftns2	565.82	5.741	1	0.7145	796.17	10	70	76	1.6	1.5329	72.69	0.0871	1.8271	1.4861	1.5952	148.03	3.23	3.0	2.4245	1.8271	2.1264	73.88	0.70057	4380.79														
TR743754	control_vntr_matched	mafft_fftns2	67.4	19.0	1	0.5635	92.03	19	30	42	2.4787	1.0114	33.25	0.2624	2.679	2.361	2.4747	68.46	0.03	1.0	0.8487	2.6956	2.5831	16.98	0.18389	301.4														
TR831034	control_vntr_matched	mafft_fftns2	998.12	2.564	1	0.7177	1523.03	679	126	322	1.637	1.4597	47.72	0.0167	1.4989	1.379	1.2899	82.89	1.37	2.0	2.3167	1.4989	4.4262	53.91	0.28157	2217.84														
L000308	control_vntr_matched	mafft_fftnsi	54.77	18.84	1	0.5911	75.71	37	31	58	1.5634	1.1012	98.35	0.3246	1.0502	1.3142	1.029	133.4	0.0	2.0	1.4053	1.0498	1.0655	10.86	0.04705	64.75														
L000381	control_vntr_matched	mafft_fftnsi	87.49	12.367	1.0	0.6414	118.58	188	6	99	1.0262	1.0	0.48	0.6099	1.0551	1.0174	1.0414	0.83	0.0	1.0	0.9482	1.0551	1.565	9.39	0.02635	43.6														
L000407	control_vntr_correct	mafft_fftnsi	96.99	14.295	2.0	0.4735	141.44	40	36	84	1.285	1.0	8.54	0.5465	1.1328	1.2601	1.1228	18.67	0.03	1.0	0.9512	1.1328	1.3014	7.6	0.18044	350.48														
L000506	control_nontr_sv	mafft_fftnsi	45.17	22.569	1	0.6667	69.09	8	21	27	1.0	1.0	0.0	1.0	1.0	1.0	1.0	0.0	0.0	1.0	0.5692	1.0	1.0	0.0	0.0	0.0														
L000698	control_vntr_correct	mafft_fftnsi	67.34	19.098	1	0.6426	96.28	50	37	87	1.0254	1.0	0.51	0.537	1.0315	1.0092	1.0109	0.44	0.1	1.0	0.9804	1.0315	1.0975	20.96	0.03654	61.32														
L000709	control_vntr_matched	mafft_fftnsi	28.59	39.67	1	0.6257	38.33	49	4	46	1.0	1.0	0.0	0.9957	1.0432	1.0	1.0421	0.0	14.66	0.0	0.2544	1.0432	1.0304	0.28	0.0966	126.18														
L001491	control_vntr_correct	mafft_fftnsi	292.52	5.146	1.0	0.6348	401.81	58	9	50	1.0565	1.0371	10.85	0.4222	1.0451	1.063	1.0638	26.15	0.0	0.0	0.8214	1.0451	1.0072	1.01	0.18698	592.44														
L001527	control_nontr_sv	mafft_fftnsi	60.9	16.754	1	0.6522	87.38	14	17	30	1.0001	1.0	0.02	0.9828	1.0	1.0	1.0	0.0	0.0	0.0	0.3523	1.0	1.0	0.0	0.00665	8.83														
L001894	control_vntr_matched	mafft_fftnsi	106.18	11.443	1.0	0.5758	145.18	77	43	84	1.4446	1.0043	10.59	0.4739	1.6014	1.2849	1.3688	19.15	0.66	0.0	0.4405	1.6014	5.8482	28.66	0.13293	227.98														
L001899	control_vntr_matched	mafft_fftnsi	879.53	4.842	1	0.6338	1317.51	16	122	122	1.2779	1.2716	80.01	0.0243	1.3959	1.2808	1.4041	178.35	3.35	2.0	3.022	1.3976	1.366	68.8	0.62152	5422.66														
L001922	control_vntr_correct	mafft_fftnsi	845.29	6.054	1.0	0.7071	1223.32	23	101	107	1.1896	1.1673	56.46	0.021	1.1495	1.1801	1.1479	117.57	3.91	1.0	1.9382	1.1498	1.1066	17.96	0.46903	4711.18														
L002292	control_nontr_sv	mafft_fftnsi	29.78	33.938	1	0.5846	42.14	12	9	31	1.0001	1.0	0.01	0.9721	1.0001	1.0	1.0	0.0	0.0	0.0	0.0879	1.0001	1.0001	0.0	0.0	0.0														
L002884	control_vntr_matched	mafft_fftnsi	125.2	10.065	2.0	0.4831	179.34	104	15	112	1.1996	1.006	10.72	0.242	1.1696	1.2032	1.1651	23.28	1.03	1.0	0.7319	1.1696	1.1931	9.1	0.16494	340.46														
L002940	hotspot_other	mafft_fftnsi	1108.9	3.5	1	0.7756	1788.84	18	357	359	1.1876	1.1374	40.06	0.057	1.2211	1.1992	1.2094	99.96	4.11	0.0	1.5597	1.2211	1.3534	45.13	0.71923	5663.13														
L003119	control_vntr_correct	mafft_fftnsi	31.97	31.624	1	0.6129	43.66	32	2	42	1.0221	1.0	0.08	0.8529	1.002	1.0242	1.0024	0.34	0.0	1.0	1.0	1.002	1.0022	1.03	0.0	0.0														
L003171	control_nontr_sv	mafft_fftnsi	48.87	20.904	1.0	0.6154	73.31	9	19	24	1.0031	1.0029	0.58	0.4706	1.0028	1.0	1.0	0.0	0.01	0.0	0.2864	1.0028	1.0	0.0	0.00752	9.4														
L003672	control_vntr_correct	mafft_fftnsi	74.72	15.358	1	0.5285	104.14	49	6	58	1.2884	1.3169	19.59	0.1659	1.2791	1.1599	1.1511	26.17	0.46	1.0	0.677	1.2791	1.4814	18.84	0.09075	142.47														
L003695	hotspot_other	mafft_fftnsi	962.98	3.617	1	0.6831	1486.23	13	114	114	1.988	2.1954	158.09	0.0	1.8978	1.9571	1.8394	351.86	6.2	2.0	2.1532	1.8976	1.9277	108.49	0.7186	5108.35														
L003826	control_vntr_matched	mafft_fftnsi	1162.38	2.72	1	0.7827	1859.87	34	398	411	1.6275	1.7051	94.44	0.0033	1.6496	1.4183	1.3887	183.88	8.18	3.0	2.8993	1.6496	2.3484	103.07	0.53139	5064.43														
L003872	control_vntr_matched	mafft_fftnsi	150.25	7.074	2.0	0.4662	215.23	78	44	89	1.1259	1.1531	10.2	0.227	1.111	1.053	1.0526	12.17	0.11	0.0	0.3582	1.1113	1.4339	14.34	0.05518	109.31														
L003883	control_nontr_sv	mafft_fftnsi	123.19	36.716	1.0	0.6275	164.25	9	24	29	1.0004	1.0003	0.22	0.4217	1.0004	1.0	1.0	0.0	0.0	1.0	0.6733	1.0004	1.0	0.0	0.0	0.0														
L004620	control_nontr_sv	mafft_fftnsi	39.09	26.105	1.0	0.5526	53.5	10	6	14	1.0	1.0	0.01	0.9958	1.0	1.0	1.0	0.0	0.0	1.0	0.5121	1.0	1.0001	0.01	0.00584	7.2														
L004848	hotspot_other	mafft_fftnsi	2745.61	2.413	1	0.8465	4525.87	24	359	359	1.1755	1.119	68.14	0.0067	1.4144	1.2019	1.3866	170.62	4.6	4.0	4.0331	1.4127	1.3615	124.82	0.85867	27396.3														
L004989	hotspot_other	mafft_fftnsi	1301.45	3.137	1.0	0.7568	2045.05	13	240	247	1.1748	1.074	44.55	0.0694	1.0861	1.1724	1.1001	95.94	13.83	2.0	2.7146	1.0861	1.0722	33.24	0.67682	6339.82														
L005064	hotspot_other	mafft_fftnsi	722.8	5.334	1	0.57	1123.47	37	218	240	1.4076	1.2886	41.86	0.1481	1.4383	1.2686	1.2356	71.77	0.99	1.0	1.0374	1.441	1.6292	47.64	0.70574	5630.81														
L005261	hotspot_other	mafft_fftnsi	2732.25	2.939	1	0.7115	4578.58	17	205	209	1.0722	1.0833	29.57	0.081	1.0762	1.0843	1.0904	72.98	6.74	1.0	1.0507	1.0763	1.0704	17.58	0.73899	21022.12														
L005481	hotspot_vntr	mafft_fftnsi	1129.56	5.889	1	0.6861	1743.21	16	227	232	1.6004	1.4757	91.89	0.0307	2.039	1.5743	1.9015	206.05	3.15	3.0	3.6242	2.0414	2.3361	145.42	0.80905	10288.93														
L005688	control_nontr_sv	mafft_fftnsi	216.29	6.63	1.0	0.6494	289.33	45	6	18	1.0225	1.0	2.89	0.6058	1.023	1.0	1.0	0.0	0.0	1.0	0.8128	1.023	1.0158	3.99	0.0	0.0														
L005990	hotspot_vntr	mafft_fftnsi	1051.7	4.313	1	0.7031	1883.99	82	359	368	1.1713	1.1192	40.19	0.02	1.9278	1.1846	1.8244	94.49	7.03	8.0	8.1552	1.9278	1.9593	175.89	0.70203	8268.06														
L006556	control_nontr_sv	mafft_fftnsi	59.4	17.182	1	0.6909	80.99	8	15	22	1.0031	1.0	0.39	0.6667	1.003	1.0	1.0	0.0	0.0	0.0	0.1977	1.003	1.0	0.0	0.00706	9.72														
L006952	hotspot_vntr	mafft_fftnsi	1665.83	2.217	1	0.7564	2655.01	29	308	310	1.0423	1.0169	24.5	0.0548	1.1014	1.0602	1.1167	72.21	2.16	2.0	2.2895	1.1009	1.0777	44.76	0.85822	19265.92														
L007033	control_vntr_correct	mafft_fftnsi	635.25	5.879	1	0.671	941.25	17	184	187	1.0668	1.0019	50.76	0.0165	1.1898	1.0698	1.1954	107.07	1.78	3.0	3.2962	1.1887	1.1746	92.79	0.67036	5052.84														
L007065	control_vntr_matched	mafft_fftnsi	51.25	21.326	1.0	0.5826	69.58	29	30	49	1.0972	1.0	0.98	0.6098	1.0419	1.1087	1.0529	2.49	0.35	0.0	0.2111	1.0418	1.0915	0.39	0.09684	133.99														
L007161	hotspot_other	mafft_fftnsi	1231.39	1.913	1.0	0.8443	1916.93	22	145	147	1.1665	1.1339	71.09	0.0318	1.1515	1.1803	1.1706	170.95	11.11	8.0	6.9607	1.1515	1.0899	40.04	0.64953	5833.86														
L007172	control_vntr_matched	mafft_fftnsi	289.13	6.094	1.0	0.5805	411.1	65	55	141	1.0791	1.0235	11.25	0.1853	1.0752	1.0673	1.0373	21.13	1.14	2.0	2.2456	1.0751	1.111	11.54	0.30895	989.7														
L007184	hotspot_other	mafft_fftnsi	348.26	7.111	1	0.5654	565.25	4	170	170	1.0921	1.0107	16.86	0.3579	1.089	1.0941	1.1002	36.06	5.96	3.0	3.1832	1.0904	1.0881	32.36	0.50917	2037.07														
L007192	control_nontr_sv	mafft_fftnsi	59.85	22.927	1	0.6098	84.67	10	6	20	1.0	1.0	0.0	1.0	1.0	1.0	1.0	0.0	0.89	0.0	0.0177	1.0	1.0	0.0	0.03107	54.01														
L007480	hotspot_other	mafft_fftnsi	1294.61	4.206	1.0	0.7596	1933.02	8	199	199	1.1783	1.0806	44.48	0.1003	1.1975	1.1978	1.2267	104.99	5.08	2.0	2.096	1.1988	1.1687	31.44	0.70212	8056.31														
L007687	control_vntr_matched	mafft_fftnsi	254.44	6.031	1	0.7058	354.63	19	41	47	2.5166	4.9257	54.46	0.2222	3.0697	2.6922	3.3191	133.0	0.71	2.0	1.2582	3.0697	3.119	28.7	0.50161	1475.24														
L007717	control_vntr_matched	mafft_fftnsi	226.16	6.93	1	0.5504	319.93	115	25	127	1.0828	1.0371	8.24	0.1429	1.0778	1.0246	1.0228	6.25	0.34	0.0	1.0615	1.0777	1.196	11.16	0.22137	634.66														
L007844	hotspot_other	mafft_fftnsi	4992.45	2.455	1	0.8691	8532.7	28	436	436	1.3576	1.325	114.78	0.0	1.3791	1.3862	1.3968	301.02	5.94	7.0	7.6418	1.3796	1.2725	100.67	0.93012	91255.53														
L008216	hotspot_vntr	mafft_fftnsi	980.29	5.093	1.0	0.7035	1419.65	40	199	204	2.6864	2.9309	224.93	0.0203	2.5637	2.4236	2.2835	455.23	9.43	6.0	5.558	2.5663	3.293	168.38	0.68643	7584.03														
L008631	control_nontr_sv	mafft_fftnsi	45.52	32.688	1.0	0.5938	64.01	9	6	15	1.0	1.0	0.0	1.0	1.0	1.0	1.0	0.0	0.0	0.0	0.0141	1.0	1.0	0.0	0.00818	14.22														
L008887	control_vntr_correct	mafft_fftnsi	72.92	23.825	2	0.4868	101.47	26	34	56	1.0278	1.0	1.63	0.5904	1.0303	1.0197	1.0212	2.45	0.03	2.0	1.6831	1.0302	1.0387	4.31	0.10373	223.38														
L008902	control_vntr_correct	mafft_fftnsi	111.86	15.556	2	0.4127	161.22	60	31	73	1.103	1.0148	6.06	0.297	1.0885	1.0432	1.0457	6.64	0.01	0.0	0.4668	1.0885	1.4689	9.82	0.133	332.03														
L009283	control_nontr_sv	mafft_fftnsi	70.15	14.545	1	0.5636	94.39	16	4	19	1.0057	1.0	0.35	0.7545	1.0035	1.0007	1.0	0.09	0.02	0.0	0.1018	1.0035	1.0	0.0	0.0	0.0														
L009398	hotspot_vntr	mafft_fftnsi	364.43	9.574	2	0.3924	567.91	22	164	166	1.192	1.0926	57.86	0.0102	1.382	1.2115	1.408	132.04	6.11	3.0	3.2325	1.3799	1.3912	90.35	0.48959	2471.04														
L009600	control_nontr_sv	mafft_fftnsi	20.75	53.476	1	0.5714	26.68	7	2	8	1.0005	1.0	0.04	0.9548	1.0004	1.0	1.0	0.0	0.0	1.0	0.6157	1.0004	1.0	0.0	0.0	0.0														
L009656	hotspot_vntr	mafft_fftnsi	594.17	6.097	1.0	0.6212	899.38	14	248	250	1.3566	1.2538	38.11	0.1085	1.3612	1.2558	1.265	68.1	2.26	1.0	1.4875	1.3612	1.5739	35.91	0.62952	4388.37														
L009770	control_vntr_matched	mafft_fftnsi	443.4	5.779	1.0	0.5568	619.61	72	76	87	1.8542	1.1803	145.59	0.059	1.6924	1.9155	1.7983	321.22	3.39	4.0	3.1878	1.6924	1.6197	105.11	0.67695	3220.21														
L009771	control_vntr_correct	mafft_fftnsi	43.52	26.608	1	0.549	58.87	17	4	15	1.005	1.0	0.34	0.9874	1.0037	1.0039	1.0029	0.55	0.0	1.0	0.7124	1.0037	1.0056	0.41	0.01896	26.45														
L009885	control_vntr_correct	mafft_fftnsi	137.2	8.64	1.0	0.507	205.56	16	187	212	1.1209	1.0554	3.91	0.3231	1.1652	1.1051	1.1613	8.84	0.04	0.0	0.0951	1.1652	1.2978	10.51	0.20677	419.29														
L010060	hotspot_other	mafft_fftnsi	858.16	5.383	1	0.649	1333.33	18	239	247	1.6551	1.4023	90.57	0.0235	1.7114	1.3088	1.3153	114.23	3.41	2.0	2.0593	1.7095	1.9881	91.82	0.63278	5559.87														
L010113	control_vntr_correct	mafft_fftnsi	119.92	11.853	1.0	0.5944	164.56	74	5	56	1.233	1.0	7.38	0.8132	1.1204	1.2127	1.1167	14.87	0.08	0.0	0.2907	1.1197	1.174	2.74	0.23482	469.02														
L010350	control_vntr_matched	mafft_fftnsi	40.8	26.947	1	0.5847	57.07	82	18	71	1.0017	1.0	0.04	0.8685	1.0009	1.0027	1.0014	0.14	0.01	0.0	0.3333	1.0009	1.2478	1.78	0.02483	33.48														
L010452	control_nontr_sv	mafft_fftnsi	41.1	26.424	1	0.6364	53.55	10	3	9	1.0002	1.0	0.01	0.9933	1.0	1.0	1.0	0.0	0.0	0.0	0.1659	1.0	1.0	0.0	0.0	0.0														
L010508	control_vntr_correct	mafft_fftnsi	161.0	8.241	1.0	0.6391	223.36	113	15	75	2.7287	2.8205	25.11	0.3667	2.7353	2.576	2.6425	55.01	0.34	2.0	1.2279	2.7353	3.1292	25.87	0.28512	621.88														
L011121	control_vntr_correct	mafft_fftnsi	368.48	5.196	1.0	0.6617	513.92	118	19	54	2.2679	1.0698	74.75	0.2416	1.2776	2.4022	1.3598	172.24	3.54	2.0	1.8769	1.2767	1.2153	23.05	0.58039	2257.15														
L011224	control_vntr_correct	mafft_fftnsi	217.69	6.693	1	0.5508	312.77	98	40	126	1.2004	1.0186	22.91	0.2465	1.1682	1.0883	1.058	24.79	2.22	1.0	1.0965	1.1681	1.3017	26.19	0.14029	402.41														
L011227	control_vntr_matched	mafft_fftnsi	112.1	15.696	1	0.5235	158.32	62	25	81	1.2996	1.0	12.12	0.7873	1.1883	1.2413	1.1738	21.59	0.01	1.0	0.767	1.1875	1.1406	4.7	0.32092	746.75														
L011430	control_vntr_matched	mafft_fftnsi	351.9	3.6	1	0.5453	528.01	123	41	161	1.2088	1.1649	7.68	0.1336	1.1201	1.09	1.06	10.01	0.57	0.0	0.2451	1.1201	2.2763	20.07	0.26463	842.46														
L011931	control_nontr_sv	mafft_fftnsi	87.05	21.929	1.0	0.6905	131.61	8	38	51	1.0012	1.0012	0.42	0.3632	1.0012	1.0	1.0	0.0	0.0	1.0	0.5311	1.0012	1.0	0.0	0.00045	1.04														
L012313	control_vntr_matched	mafft_fftnsi	89.72	14.592	1	0.6237	120.04	62	13	65	1.274	1.0	6.14	0.5516	1.325	1.1605	1.0913	8.73	15.82	1.0	1.2121	1.325	1.8661	14.55	0.20251	348.23														
L012489	hotspot_other	mafft_fftnsi	471.91	4.662	1	0.6081	726.17	51	263	280	1.5707	1.5623	44.57	0.0268	1.7662	1.3959	1.4846	83.54	2.45	1.0	1.4251	1.7654	2.5154	62.14	0.40446	1850.28														
L012530	control_nontr_sv	mafft_fftnsi	55.27	18.419	1	0.5581	78.41	11	9	20	1.0	1.0	0.0	1.0	1.0	1.0	1.0	0.0	0.0	0.0	0.2018	1.0	1.034	1.06	0.00763	10.28														
L013000	control_vntr_correct	mafft_fftnsi	160.51	9.457	1	0.6405	230.61	1	174	174	1.0405	1.0204	8.26	0.3883	1.1283	1.038	1.1286	16.1	0.2	3.0	2.8162	1.1283	1.1424	40.09	0.2534	596.03														
L013064	hotspot_other	mafft_fftnsi	981.38	3.603	1.0	0.6795	1609.96	52	257	284	1.6985	1.6132	91.96	0.0673	1.7324	1.4886	1.5222	192.47	7.9	1.0	1.386	1.7315	1.8337	85.3	0.594	5670.36														
L013074	control_vntr_correct	mafft_fftnsi	23.23	43.371	1	0.673	31.71	29	11	52	1.0012	1.0	0.84	0.5485	1.0012	1.0006	1.0006	0.86	0.0	2.0	1.5161	1.0012	1.0	0.0	0.01205	13.88														
L013399	control_nontr_sv	mafft_fftnsi	27.36	80.167	1.0	0.5556	34.95	6	2	7	1.0001	1.0	0.06	0.9404	1.0	1.0	1.0	0.0	0.0	0.0	0.3618	1.0	1.0	0.0	0.0	0.0														
L013531	hotspot_other	mafft_fftnsi	1555.81	4.103	1.0	0.7248	2649.08	27	251	251	1.2722	1.2063	65.27	0.0949	1.2296	1.247	1.2406	133.6	6.56	3.0	2.98	1.2288	1.2263	67.87	0.73559	11744.65														
L014111	control_vntr_matched	mafft_fftnsi	78.27	14.115	1.0	0.5939	107.21	91	8	46	1.2974	1.1225	11.83	0.164	1.416	1.1677	1.278	18.21	0.09	0.0	0.2801	1.416	5.0908	22.51	0.06584	102.94														
L014181	control_vntr_matched	mafft_fftnsi	393.23	6.36	1.0	0.5921	552.06	58	55	95	1.3394	1.2566	41.28	0.0616	1.3928	1.1288	1.32	40.53	2.11	3.0	3.2522	1.3928	1.6291	60.4	0.36501	1537.0														
L014297	hotspot_vntr	mafft_fftnsi	2576.36	3.365	1.0	0.6705	4011.95	33	299	299	1.3463	1.2701	135.97	0.0	1.4749	1.3577	1.4787	304.12	8.53	7.0	7.1842	1.4765	1.4058	106.35	0.77241	21210.82														
L014324	control_vntr_correct	mafft_fftnsi	280.83	9.102	1.0	0.6487	394.19	21	46	59	1.2244	1.0109	27.44	0.2744	1.1201	1.2124	1.1166	55.37	10.5	1.0	0.6791	1.1195	1.1174	10.72	0.51081	2096.26														
L014358	hotspot_vntr	mafft_fftnsi	1416.49	7.645	1.0	0.601	2261.45	17	344	352	1.2888	1.0947	93.77	0.0235	1.3027	1.2905	1.3	198.84	6.35	1.0	1.5322	1.3027	1.3142	80.54	0.74712	13912.61														
L014426	control_vntr_correct	mafft_fftnsi	80.59	13.079	1.0	0.5329	115.06	24	9	42	1.0985	1.0769	1.96	0.4241	1.0679	1.1182	1.0813	5.54	0.32	0.0	0.1011	1.068	1.1027	1.85	0.10668	157.48														
L014899	control_nontr_sv	mafft_fftnsi	23.0	43.826	1	0.5217	30.0	8	2	7	1.0	1.0	0.0	1.0	1.0	1.0	1.0	0.0	0.0	1.0	0.9167	1.0	1.0199	0.92	0.0	0.0														
L015126	hotspot_other	mafft_fftnsi	2113.45	2.761	1	0.8212	3527.47	30	369	369	1.2509	1.2462	60.06	0.0033	1.1403	1.3074	1.1931	167.03	4.61	1.0	1.6725	1.1397	1.073	13.56	0.88552	21104.72														
L015223	control_vntr_matched	mafft_fftnsi	122.09	18.06	2.0	0.4613	173.69	88	7	79	1.0982	1.0984	21.3	0.361	1.1001	1.0078	1.0074	3.96	0.22	0.0	2.8465	1.1001	1.1098	22.57	0.16549	501.82														
L015285	control_vntr_correct	mafft_fftnsi	385.68	4.444	1.0	0.6944	533.38	35	23	47	1.4741	1.039	34.2	0.1053	1.5023	1.4796	1.4971	75.55	2.34	0.0	0.4923	1.5023	1.4735	11.9	0.57852	1868.71														
L015415	hotspot_vntr	mafft_fftnsi	1217.3	4.928	1.0	0.6244	1815.31	13	221	222	1.1727	1.082	93.26	0.0034	1.1538	1.1819	1.1577	202.01	11.86	6.0	6.744	1.1538	1.1093	43.5	0.70954	9745.97														
L015708	hotspot_other	mafft_fftnsi	311.81	6.152	1	0.5138	480.32	59	215	232	2.3623	2.2691	44.08	0.0	2.2898	2.0718	2.0349	95.65	2.66	0.0	0.3246	2.2929	3.2112	43.6	0.40124	1362.22														
L015743	control_vntr_correct	mafft_fftnsi	28.59	119.62	1	0.5474	40.69	24	7	55	1.0259	1.0031	12.15	0.2152	1.03	1.0266	1.0304	25.13	0.04	1.0	1.0574	1.0299	1.03	19.42	0.31096	1102.88														
L015847	hotspot_other	mafft_fftnsi	685.71	3.26	1	0.6896	1054.79	25	213	290	1.1722	1.1598	63.53	0.1186	1.1989	1.1149	1.141	104.67	3.87	10.0	7.5803	1.1981	1.2293	84.2	0.38907	2394.73														
L016040	control_nontr_sv	mafft_fftnsi	48.75	24.257	1	0.5429	65.46	12	3	11	1.0001	1.0	0.01	0.9945	1.0	1.0	1.0	0.0	0.0	0.0	0.4634	1.0	1.0003	0.01	0.0	0.0														
L016062	control_vntr_correct	mafft_fftnsi	562.36	5.487	1	0.7316	795.06	16	66	78	3.2262	4.8571	198.37	0.0218	6.5356	3.2335	6.4018	428.8	4.99	8.0	7.2271	6.5431	6.6445	252.42	0.64155	3985.17														
L016124	control_vntr_matched	mafft_fftnsi	390.6	4.575	1	0.6735	552.21	58	41	50	1.9375	1.1667	49.34	0.0968	1.7806	1.7562	1.6359	107.64	0.85	0.0	1.0022	1.7806	1.8507	17.0	0.59647	2134.5														
L016274	control_nontr_sv	mafft_fftnsi	45.82	37.647	1.0	0.5882	60.65	11	3	13	1.0002	1.0	0.03	0.9821	1.0	1.0	1.0	0.0	0.0	0.0	0.0333	1.0	1.0	0.0	0.0	0.0														
L016523	control_vntr_correct	mafft_fftnsi	57.88	18.497	1	0.5723	79.72	48	5	38	1.0102	1.0	0.29	0.9611	1.0139	1.0	1.0009	0.0	0.01	1.0	0.794	1.0139	1.2447	6.79	0.05566	78.27														
L016830	control_vntr_correct	mafft_fftnsi	143.51	11.353	1	0.537	202.04	66	77	124	1.0174	1.0035	2.82	0.3455	1.0193	1.0072	1.0052	2.44	0.59	1.0	0.8411	1.0193	1.0375	5.11	0.27776	709.02														
L016884	control_vntr_correct	mafft_fftnsi	492.84	4.423	1	0.6157	777.19	20	266	273	1.3352	1.3298	48.23	0.0235	1.3917	1.2522	1.3072	89.79	3.17	1.0	1.2222	1.3917	1.5162	47.74	0.49697	2385.97														
L017097	control_nontr_sv	mafft_fftnsi	101.05	21.338	1	0.6234	135.17	15	12	20	1.0012	1.0	0.24	0.7468	1.0021	1.0	1.0	0.0	0.0	1.0	0.8446	1.0021	1.0	0.0	0.0	0.0														
L017325	control_vntr_matched	mafft_fftnsi	153.83	13.367	2	0.4748	228.34	20	186	196	1.2178	1.0381	39.29	0.2669	1.3718	1.1587	1.3625	64.6	3.14	2.0	3.05	1.3718	1.3693	194.72	0.55837	1728.71														
TR423938	control_vntr_matched	mafft_fftnsi	131.21	15.551	1.0	0.5338	181.74	27	28	42	2.7318	1.6259	149.43	0.1869	2.688	2.1168	2.0813	258.15	0.19	0.0	0.9732	2.688	3.388	69.56	0.33804	902.04														
TR446002	control_vntr_matched	mafft_fftnsi	45.81	22.208	1.0	0.5755	65.25	22	9	34	1.0522	1.0714	0.28	0.3673	1.0486	1.0503	1.0563	0.92	0.01	0.0	0.0024	1.0485	1.0171	0.04	0.01969	25.5														
TR455654	control_vntr_matched	mafft_fftnsi	69.08	15.127	1.0	0.6386	99.04	32	15	53	1.0424	1.0	0.23	0.7435	1.0905	1.0548	1.1199	0.93	0.0	0.0	0.0022	1.091	1.755	1.57	0.05179	76.99														
TR460913	control_vntr_matched	mafft_fftnsi	95.96	12.246	1.0	0.6111	128.71	15	29	42	1.0214	1.0	0.28	0.8918	1.0291	1.0326	1.0431	1.06	0.0	0.0	0.0046	1.0291	1.0	0.0	0.09796	172.12														
TR499275	control_vntr_matched	mafft_fftnsi	30.38	34.515	1.0	0.6061	40.97	42	3	45	1.0002	1.0	0.0	0.9963	1.0003	1.0004	1.0	0.01	0.12	0.0	0.0066	1.0003	1.0006	0.0	0.00912	11.28														
TR499276	control_vntr_matched	mafft_fftnsi	40.37	25.099	1	0.6685	53.76	60	3	64	1.0	1.0	0.0	1.0	1.0	1.0	1.0	0.0	0.0	0.0	0.0	1.0	1.0	0.0	0.0	0.0														
TR573259	control_vntr_matched	mafft_fftnsi	273.04	12.345	1	0.5295	396.71	104	4	84	1.1313	1.1216	24.52	0.2766	1.1221	1.1337	1.1285	57.23	1.7	7.0	5.3297	1.1221	1.1003	24.06	0.46447	2302.16														
TR668316	control_vntr_matched	mafft_fftnsi	238.98	12.578	1.0	0.5301	345.74	31	93	123	2.9985	2.9781	135.36	0.0292	3.5973	2.9505	3.5539	282.5	2.93	3.0	2.6209	3.5843	3.756	95.74	0.578	2458.05														
TR687433	control_vntr_matched	mafft_fftnsi	344.57	5.988	1	0.6779	479.42	28	41	47	1.433	1.0752	74.34	0.0513	1.2418	1.4267	1.2766	159.47	2.45	4.0	3.5235	1.2418	1.1851	22.87	0.57443	2277.15														
TR687489	control_vntr_matched	mafft_fftnsi	90.44	25.012	1	0.5425	125.23	42	17	53	2.4623	3.0	30.33	0.1429	6.3167	2.4835	5.8506	66.1	1.0	2.0	1.4922	6.3392	5.9115	47.74	0.31025	865.98														
TR724750	control_vntr_matched	mafft_fftnsi	562.12	5.542	1.0	0.7115	788.45	11	70	76	1.5788	1.5304	70.13	0.0871	1.8326	1.4691	1.5977	142.87	2.95	3.0	2.4967	1.8326	2.1369	74.57	0.69401	4246.81														
TR743754	control_vntr_matched	mafft_fftnsi	68.76	18.194	1	0.5821	92.71	22	29	42	1.2672	1.0	6.01	0.597	1.2755	1.2396	1.2341	12.05	11.73	0.0	0.364	1.2753	1.243	2.61	0.1604	255.56														
L000308	control_vntr_matched	mafft_linsi	54.28	18.928	1	0.5874	74.98	32	31	58	1.5322	1.0497	92.9	0.3246	1.0225	1.2918	1.0073	123.91	0.0	2.0	1.8811	1.0223	1.0332	5.51	0.04264	58.42														
L000407	control_vntr_correct	mafft_linsi	97.35	13.774	2	0.4906	140.71	40	20	84	1.0409	1.0	1.23	0.5725	1.0158	1.0291	1.0044	2.09	0.0	1.0	0.9379	1.0158	1.1717	4.33	0.17388	335.05														
L000506	control_nontr_sv	mafft_linsi	45.17	22.569	1	0.6667	69.09	8	21	27	1.0	1.0	0.0	1.0	1.0	1.0	1.0	0.0	0.0	1.0	0.5692	1.0	1.0	0.0	0.0	0.0														
L000698	control_vntr_correct	mafft_linsi	64.47	19.898	1	0.64	92.55	47	26	87	1.0261	1.0	0.52	0.5407	1.0457	1.0058	1.0206	0.28	0.05	1.0	1.2549	1.0457	1.1226	26.34	0.0181	29.8														
L000709	control_vntr_matched	mafft_linsi	26.35	38.273	1	0.6667	35.14	50	2	46	1.0	1.0	0.0	0.9957	1.0	1.0	1.0	0.0	0.0	0.0	0.2456	1.0	1.0	0.0	0.00027	0.32														
L001491	control_vntr_correct	mafft_linsi	286.77	5.241	1	0.6332	393.59	51	13	50	1.0563	1.0371	10.82	0.4259	1.045	1.068	1.069	28.23	0.78	0.0	0.4152	1.045	1.0072	1.01	0.17846	559.57														
L001527	control_nontr_sv	mafft_linsi	61.78	16.514	1.0	0.6429	88.26	14	17	30	1.0001	1.0	0.02	0.9828	1.0	1.0	1.0	0.0	0.0	0.0	0.3523	1.0	1.0	0.0	0.0	0.0														
L001894	control_vntr_matched	mafft_linsi	179.69	6.356	1	0.5487	242.84	283	29	84	1.1611	1.0	3.84	0.5224	1.1687	1.0816	1.0693	5.48	0.01	0.0	0.4273	1.1687	3.792	16.51	0.17294	310.94														
L001899	control_vntr_matched	mafft_linsi	704.95	4.74	1	0.6749	1044.92	19	118	122	1.1174	1.0583	33.81	0.191	1.0837	1.1102	1.0776	70.01	4.61	3.0	2.3099	1.0836	1.0575	10.8	0.52622	3667.69														
L001922	control_vntr_correct	mafft_linsi	629.31	8.249	1	0.6981	887.35	51	92	107	1.0836	1.041	24.9	0.2098	1.0772	1.08	1.0767	52.25	1.36	1.0	1.9095	1.0772	1.0317	5.34	0.38099	3282.61														
L002292	control_nontr_sv	mafft_linsi	98.95	10.75	1.0	0.5139	134.22	60	9	31	1.0877	1.0	10.64	0.8327	1.0877	1.1531	1.1533	37.95	0.81	0.0	0.1758	1.0877	1.0324	2.0	0.09667	126.43														
L003119	control_vntr_correct	mafft_linsi	34.38	29.44	1.0	0.59	47.1	33	2	42	1.0232	1.0	0.09	0.8529	1.0026	1.0268	1.0089	0.37	0.01	2.0	2.0	1.0026	1.0009	0.44	0.01231	14.78														
L003171	control_nontr_sv	mafft_linsi	49.81	20.509	1	0.6038	74.25	9	19	24	1.0031	1.0029	0.58	0.4706	1.0028	1.0	1.0	0.0	0.01	0.0	0.2864	1.0028	1.0	0.0	0.0	0.0														
L003672	control_vntr_correct	mafft_linsi	80.14	13.899	1	0.5652	110.72	51	9	58	1.1045	1.0182	7.1	0.1659	1.0992	1.0277	1.0257	4.53	0.0	2.0	1.1925	1.0992	1.2515	9.84	0.08169	126.98														
L003695	hotspot_other	mafft_linsi	586.46	4.068	1	0.6282	860.05	17	101	114	1.2685	1.1984	42.97	0.0922	1.4781	1.2498	1.4474	91.83	5.51	1.0	1.2208	1.4796	1.4726	55.28	0.54254	2372.46														
L003872	control_vntr_matched	mafft_linsi	185.79	5.867	2	0.4663	261.25	91	38	89	1.1751	1.1786	14.19	0.3688	1.1485	1.1125	1.0962	25.85	0.99	0.0	0.6659	1.1488	1.4371	14.44	0.07415	149.92														
L003883	control_nontr_sv	mafft_linsi	439.61	10.794	1.0	0.5467	589.37	95	23	29	1.0616	1.0617	35.75	0.4217	1.0617	1.1328	1.1331	154.54	2.41	1.0	0.6733	1.0617	1.0021	2.25	0.07393	423.91														
L004620	control_nontr_sv	mafft_linsi	39.09	26.105	1.0	0.5526	53.5	11	5	14	1.0	1.0	0.01	0.9915	1.0032	1.0	1.0062	0.02	0.0	1.0	0.5121	1.0032	1.0001	0.01	0.0	0.0														
L004989	hotspot_other	mafft_linsi	1118.46	2.634	1	0.7668	1729.14	20	229	247	1.1064	1.0556	27.12	0.0764	1.0497	1.0879	1.0602	48.92	4.87	1.0	1.3164	1.0497	1.0289	13.31	0.59732	4490.55														
L005261	hotspot_other	mafft_linsi	2501.75	2.373	1	0.6985	4003.49	20	195	209	1.0563	1.0541	23.07	0.0528	1.0767	1.0656	1.0895	56.75	2.4	1.0	1.1674	1.0767	1.0467	11.66	0.70564	17798.6														
L005688	control_nontr_sv	mafft_linsi	216.29	6.63	1.0	0.6494	289.33	45	6	18	1.0225	1.0	2.89	0.6058	1.023	1.0	1.0	0.0	0.0	1.0	0.8128	1.023	1.0158	3.99	0.0	0.0														
L006556	control_nontr_sv	mafft_linsi	183.59	5.841	1.0	0.6765	249.46	50	12	22	1.1828	1.0	22.86	0.6508	1.1848	1.344	1.3464	89.91	0.26	0.0	0.1977	1.1848	1.0392	2.65	0.18858	317.49														
L006952	hotspot_vntr	mafft_linsi	1386.6	1.697	1.0	0.7617	2094.47	33	302	310	1.0345	1.0145	19.97	0.1404	1.0794	1.0413	1.0873	49.47	0.44	1.0	2.1557	1.079	1.047	27.09	0.8397	16671.66														
L007065	control_vntr_matched	mafft_linsi	75.22	13.878	1.0	0.6031	101.79	67	32	49	1.0091	1.0	0.09	0.9773	1.0115	1.0144	1.0187	0.33	0.0	0.0	0.1978	1.0114	1.0368	0.16	0.09221	126.94														
L007161	hotspot_other	mafft_linsi	1265.59	1.754	1	0.8662	1899.97	48	139	147	1.1694	1.1074	72.35	0.0636	1.1703	1.1699	1.1858	161.08	4.63	6.0	5.177	1.1703	1.0894	39.81	0.60386	4798.22														
L007184	hotspot_other	mafft_linsi	256.37	6.401	1.0	0.5392	390.73	9	151	170	1.069	1.0081	12.64	0.393	1.0307	1.0658	1.0354	25.21	0.43	1.0	1.4746	1.0307	1.026	9.54	0.34812	1048.65														
L007192	control_nontr_sv	mafft_linsi	62.77	21.86	1	0.6279	87.59	11	6	20	1.0	1.0	0.0	1.0	1.0	1.0003	1.0	0.03	0.47	0.0	0.0177	1.0	1.0	0.0	0.0212	36.5														
L007480	hotspot_other	mafft_linsi	1007.11	2.999	1	0.7781	1484.88	10	197	199	1.1606	1.0901	40.08	0.0519	1.2556	1.169	1.2801	89.69	7.86	2.0	2.1362	1.2567	1.2322	43.28	0.57168	4561.94														
L007687	control_vntr_matched	mafft_linsi	159.55	7.438	1.0	0.673	218.15	27	31	47	1.0805	1.0	2.89	0.8533	1.0542	1.0708	1.0483	5.56	0.08	0.0	0.256	1.0542	1.1185	1.6	0.27923	567.86														
L008216	hotspot_vntr	mafft_linsi	615.77	4.677	1	0.7254	871.7	47	176	204	1.2594	1.12	34.61	0.0507	1.274	1.2004	1.1947	64.09	1.08	2.0	2.2277	1.2742	1.5352	39.3	0.50636	3553.63														
L008631	control_nontr_sv	mafft_linsi	46.94	31.697	1	0.5758	65.43	9	6	15	1.0	1.0	0.0	1.0	1.0	1.0	1.0	0.0	0.0	0.0	0.0141	1.0	1.0	0.0	0.0	0.0														
L008887	control_vntr_correct	mafft_linsi	108.8	16.032	1.0	0.5355	150.46	49	31	56	1.0242	1.0	1.42	0.5904	1.0183	1.023	1.0112	2.85	0.0	2.0	1.6742	1.0183	1.0271	3.01	0.15361	350.31														
L008902	control_vntr_correct	mafft_linsi	168.68	10.343	1	0.5263	238.64	79	3	73	1.0585	1.0132	3.44	0.4887	1.0332	1.0271	1.0184	4.17	0.13	0.0	0.4403	1.0332	1.3452	7.23	0.16358	423.3														
L009283	control_nontr_sv	mafft_linsi	70.15	14.545	1	0.5636	94.39	16	4	19	1.0057	1.0	0.35	0.7545	1.0035	1.0007	1.0	0.09	0.02	0.0	0.1018	1.0035	1.0	0.0	0.0	0.0														
L009398	hotspot_vntr	mafft_linsi	254.74	10.191	2	0.4245	386.47	24	156	166	1.0446	1.0292	13.44	0.0478	1.0402	1.0467	1.0497	29.18	0.64	1.0	0.6864	1.0401	1.0201	4.64	0.35655	1427.47														
L009600	control_nontr_sv	mafft_linsi	20.75	53.476	1	0.5714	26.68	7	2	8	1.0005	1.0	0.04	0.9548	1.0004	1.0	1.0	0.0	0.0	1.0	0.6157	1.0004	1.0	0.0	0.0	0.0														
L009770	control_vntr_matched	mafft_linsi	88.85	14.659	1.0	0.6082	120.67	36	67	87	1.0168	1.0038	2.87	0.2251	1.006	1.0075	1.0037	2.64	0.0	1.0	0.9021	1.006	1.0015	0.25	0.15868	289.83														
L009771	control_vntr_correct	mafft_linsi	42.66	27.08	1.0	0.56	57.17	17	3	15	1.005	1.0	0.34	0.9874	1.0037	1.0039	1.0029	0.55	0.0	1.0	0.7146	1.0037	1.0082	0.6	0.0062	8.53														
L010113	control_vntr_correct	mafft_linsi	95.6	14.003	1	0.5749	130.58	78	3	56	1.0567	1.0	1.8	0.8949	1.016	1.0466	1.0227	3.26	0.0	0.0	0.2709	1.0159	1.0287	0.45	0.15631	283.14														
L010452	control_nontr_sv	mafft_linsi	41.1	26.424	1	0.6364	53.55	10	3	9	1.0002	1.0	0.01	0.9933	1.0	1.0	1.0	0.0	0.0	0.0	0.1659	1.0	1.0	0.0	0.0	0.0														
L010508	control_vntr_correct	mafft_linsi	104.31	10.511	1.0	0.6304	142.01	70	13	75	1.0042	1.0	0.06	0.9481	1.001	1.0015	1.0	0.05	0.01	1.0	0.6327	1.001	1.0935	1.14	0.08332	141.72														
L011121	control_vntr_correct	mafft_linsi	89.77	14.694	1	0.5895	122.3	35	17	54	1.051	1.0	3.0	0.7546	1.0148	1.0404	1.0113	4.96	0.0	1.0	0.9516	1.0148	1.0209	2.24	0.08626	154.06														
L011224	control_vntr_correct	mafft_linsi	217.31	6.673	1.0	0.5321	309.27	98	41	126	1.1942	1.0252	22.2	0.2361	1.1644	1.087	1.0667	24.42	8.55	1.0	1.0724	1.1644	1.2761	23.97	0.11907	333.33														
L011227	control_vntr_matched	mafft_linsi	127.32	11.635	1.0	0.5304	176.86	77	29	81	1.0715	1.0	2.89	0.8097	1.0174	1.0363	1.0143	3.24	0.01	1.0	0.7549	1.0174	1.0245	0.82	0.22104	448.38														
L011430	control_vntr_matched	mafft_linsi	366.45	3.463	1.0	0.56	545.96	108	76	161	1.2069	1.1235	7.61	0.1438	1.1182	1.0898	1.063	9.99	0.49	0.0	0.2451	1.1182	2.2096	19.02	0.24886	775.61														
L011931	control_nontr_sv	mafft_linsi	87.05	21.929	1.0	0.6905	131.61	8	38	51	1.0012	1.0012	0.42	0.3632	1.0012	1.0	1.0	0.0	0.0	1.0	0.5311	1.0012	1.0	0.0	0.00045	1.04														
L012313	control_vntr_matched	mafft_linsi	50.95	21.834	1	0.6503	67.52	49	7	65	1.0897	1.0	2.01	0.8754	1.2046	1.001	1.0	0.05	0.0	1.0	1.1422	1.2046	1.6984	11.73	0.03327	47.2														
L012530	control_nontr_sv	mafft_linsi	56.56	18.0	1.0	0.5455	79.69	11	9	20	1.0	1.0	0.0	1.0	1.0	1.0	1.0	0.0	0.0	0.0	0.2018	1.0	1.034	1.06	0.0	0.0														
L013074	control_vntr_correct	mafft_linsi	23.38	43.131	1.0	0.6625	32.0	29	23	52	1.0023	1.001	1.61	0.4854	1.0022	1.0022	1.0027	3.08	0.0	1.0	0.7581	1.0022	1.0	0.0	0.01418	16.36														
L013399	control_nontr_sv	mafft_linsi	27.36	80.167	1.0	0.5556	34.95	6	2	7	1.0001	1.0	0.06	0.9404	1.0	1.0	1.0	0.0	0.0	0.0	0.3618	1.0	1.0	0.0	0.0	0.0														
L014111	control_vntr_matched	mafft_linsi	74.48	14.344	1.0	0.6146	101.28	101	8	46	1.1495	1.1414	5.94	0.468	1.1331	1.0571	1.0536	6.2	0.01	0.0	0.5492	1.1331	3.8552	15.71	0.02993	45.07														
L014181	control_vntr_matched	mafft_linsi	492.86	4.771	1	0.6059	687.37	176	30	95	1.4809	1.2208	58.49	0.1848	1.5164	1.2359	1.4143	74.22	0.31	4.0	3.5442	1.5164	1.7685	73.78	0.38165	1650.37														
L014324	control_vntr_correct	mafft_linsi	262.53	7.339	1.0	0.6773	366.35	46	41	59	1.0387	1.0109	4.73	0.3308	1.0246	1.0358	1.0245	9.34	0.35	0.0	0.5407	1.0245	1.0161	1.47	0.4117	1404.93														
L014426	control_vntr_correct	mafft_linsi	75.29	13.704	1.0	0.5563	105.51	26	9	42	1.056	1.0196	1.11	0.4708	1.0659	1.0865	1.0923	4.05	0.04	0.0	0.0703	1.066	1.0794	1.43	0.05902	82.71														
L014899	control_nontr_sv	mafft_linsi	23.0	43.826	1	0.5217	30.0	8	2	7	1.0	1.0	0.0	1.0	1.0	1.0	1.0	0.0	0.0	1.0	0.9167	1.0	1.0199	0.92	0.0	0.0														
L015223	control_vntr_matched	mafft_linsi	172.24	10.962	2.0	0.4852	239.46	111	4	79	1.0832	1.0812	18.05	0.361	1.0858	1.0097	1.0099	4.9	0.83	0.0	2.375	1.0859	1.0745	15.31	0.10292	290.33														
L015285	control_vntr_correct	mafft_linsi	186.87	6.054	1	0.6786	255.5	34	34	47	1.046	1.0049	3.32	0.3493	1.0125	1.04	1.0041	6.3	0.01	0.0	0.2826	1.0125	1.0231	0.58	0.30884	608.36														
L015415	hotspot_vntr	mafft_linsi	831.1	4.734	1	0.6663	1198.42	51	215	222	1.0336	1.033	18.15	0.0377	1.0483	1.0416	1.0543	46.19	2.56	1.0	2.8053	1.0483	1.0052	2.09	0.58448	5612.08														
L015743	control_vntr_correct	mafft_linsi	179.47	13.538	1.0	0.5337	243.32	95	23	55	1.0331	1.0529	15.51	0.2108	1.0547	1.0656	1.1102	61.92	0.76	1.0	0.9934	1.0547	1.0062	4.03	0.10012	271.91														
L016040	control_nontr_sv	mafft_linsi	48.75	24.257	1	0.5429	65.46	12	3	11	1.0001	1.0	0.01	0.9945	1.0	1.0	1.0	0.0	0.0	0.0	0.4634	1.0	1.0003	0.01	0.0	0.0														
L016062	control_vntr_correct	mafft_linsi	268.82	7.407	1	0.6846	367.3	88	7	78	1.0733	1.0	6.53	0.6618	1.0232	1.0714	1.019	13.72	0.24	1.0	0.9179	1.0232	1.026	1.16	0.35556	1228.52														
L016124	control_vntr_matched	mafft_linsi	191.95	6.344	1	0.6042	261.74	161	16	50	1.0674	1.0569	3.55	0.1429	1.0621	1.0218	1.0163	3.1	0.13	0.0	0.6857	1.0621	1.0087	0.17	0.26436	518.93														
L016274	control_nontr_sv	mafft_linsi	45.82	37.647	1.0	0.5882	60.65	11	3	13	1.0002	1.0	0.03	0.9821	1.0	1.0	1.0	0.0	0.0	0.0	0.0333	1.0	1.0	0.0	0.0	0.0														
L016523	control_vntr_correct	mafft_linsi	45.14	23.613	1.0	0.5484	62.61	37	4	38	1.0102	1.0	0.29	0.9611	1.0161	1.0	1.0024	0.0	0.06	1.0	0.7965	1.0161	1.2471	6.86	0.01085	14.56														
L017097	control_nontr_sv	mafft_linsi	101.05	21.338	1	0.6234	135.17	15	12	20	1.0012	1.0	0.24	0.7468	1.0021	1.0	1.0	0.0	0.0	1.0	0.8446	1.0021	1.0	0.0	0.0	0.0														
TR423938	control_vntr_matched	mafft_linsi	270.39	6.357	1.0	0.6098	371.9	105	16	42	1.1441	1.0964	12.43	0.4444	1.1375	1.1061	1.1008	24.53	1.33	0.0	0.2662	1.1375	1.0759	2.21	0.3496	949.47														
TR446002	control_vntr_matched	mafft_linsi	44.94	22.625	1.0	0.5673	63.96	21	9	34	1.0148	1.0	0.08	0.898	1.0043	1.0116	1.0035	0.21	0.01	0.0	0.0024	1.0043	1.0227	0.05	0.01575	20.31														
TR455654	control_vntr_matched	mafft_linsi	67.42	15.494	1.0	0.6235	95.71	33	15	53	1.0404	1.0	0.22	0.7398	1.0554	1.0525	1.0715	0.89	0.02	0.0	0.0022	1.056	1.6667	1.38	0.0242	34.96														
TR460913	control_vntr_matched	mafft_linsi	178.22	6.774	1.0	0.6581	242.96	64	8	42	1.0668	1.0	0.89	0.8814	1.0615	1.11	1.0953	3.56	0.03	0.0	0.0046	1.0615	1.0063	0.01	0.21855	443.26														
TR499275	control_vntr_matched	mafft_linsi	29.23	35.52	1	0.622	39.36	40	6	45	1.0002	1.0	0.0	0.9963	1.0003	1.0	1.0	0.0	0.0	0.0	0.0044	1.0003	1.0006	0.0	0.00038	0.46														
TR499276	control_vntr_matched	mafft_linsi	40.37	25.099	1	0.6685	53.76	60	3	64	1.0	1.0	0.0	1.0	1.0	1.0	1.0	0.0	0.0	0.0	0.0	1.0	1.0	0.0	0.0	0.0														
TR573259	control_vntr_matched	mafft_linsi	286.4	11.63	1.0	0.5096	415.55	117	2	84	1.0928	1.071	17.32	0.2766	1.0991	1.0941	1.1079	40.27	1.23	4.0	3.2066	1.0991	1.0672	16.12	0.45575	2222.68														
TR668316	control_vntr_matched	mafft_linsi	156.38	9.891	1	0.5783	221.03	47	33	123	1.237	1.0078	16.05	0.3978	1.272	1.204	1.2268	29.55	2.9	0.0	0.8041	1.2691	1.3193	11.09	0.27984	697.36														
TR687433	control_vntr_matched	mafft_linsi	203.16	8.142	1	0.6769	277.45	107	3	47	1.1086	1.0717	18.65	0.0916	1.0805	1.1093	1.1131	40.83	0.3	2.0	1.7437	1.0805	1.0224	2.77	0.377	1020.88														
TR687489	control_vntr_matched	mafft_linsi	121.93	13.817	1	0.5465	168.07	54	4	53	1.0246	1.0	0.51	0.9004	1.0267	1.0397	1.0346	1.77	0.0	0.0	0.0646	1.0267	1.0248	0.24	0.19418	463.93														
TR724750	control_vntr_matched	mafft_linsi	387.84	4.583	1	0.7221	540.3	43	61	76	1.1325	1.0722	16.05	0.1439	1.1474	1.1174	1.1135	35.77	0.51	1.0	0.8534	1.1474	1.1584	10.39	0.52395	2060.78														
TR743754	control_vntr_matched	mafft_linsi	76.29	13.892	1	0.5785	101.61	25	23	42	1.0149	1.0	0.34	0.6198	1.0153	1.0172	1.0167	0.86	0.01	0.0	0.3268	1.0152	1.0	0.0	0.06055	86.21														
L000308	control_vntr_matched	mafft_einsi	53.07	19.353	1.0	0.578	73.27	30	31	58	1.5303	1.0463	92.57	0.3246	1.0207	1.2887	1.0039	122.57	0.0	2.0	1.8811	1.0206	1.0332	5.51	0.03923	53.55														
L000407	control_vntr_correct	mafft_einsi	84.5	16.091	2.0	0.4696	121.6	39	43	84	1.0647	1.0	1.94	0.5836	1.0192	1.0456	1.0057	3.27	0.0	1.0	0.9202	1.0192	1.173	4.36	0.13977	258.63														
L000506	control_nontr_sv	mafft_einsi	44.29	23.02	1.0	0.66	67.32	8	21	27	1.0	1.0	0.0	1.0	1.0	1.0	1.0	0.0	0.0	1.0	0.5692	1.0	1.0	0.0	0.0	0.0														
L000709	control_vntr_matched	mafft_einsi	26.35	38.273	1	0.6667	35.14	50	2	46	1.0	1.0	0.0	0.9957	1.0	1.0	1.0	0.0	0.0	0.0	0.2456	1.0	1.0	0.0	0.00027	0.32														
L001491	control_vntr_correct	mafft_einsi	271.98	5.502	1	0.6254	373.05	48	17	50	1.0396	1.0109	7.61	0.4259	1.029	1.013	1.0111	5.41	0.03	0.0	0.4152	1.029	1.0203	2.87	0.15018	455.22														
L001527	control_nontr_sv	mafft_einsi	61.78	16.514	1.0	0.6429	88.26	14	17	30	1.0001	1.0	0.02	0.9828	1.0	1.0	1.0	0.0	0.0	0.0	0.3523	1.0	1.0	0.0	0.0	0.0														
L001899	control_vntr_matched	mafft_einsi	534.97	8.86	1.0	0.6193	792.75	14	120	122	1.2361	1.1366	67.99	0.2083	1.2967	1.2045	1.2551	129.89	9.98	3.0	2.9802	1.2965	1.2889	54.3	0.55272	4080.65														
L001922	control_vntr_correct	mafft_einsi	547.43	9.75	1	0.6998	775.83	26	96	107	1.1371	1.0432	40.82	0.1853	1.0654	1.1203	1.0574	78.56	3.94	1.0	1.5541	1.0653	1.0265	4.47	0.35874	2983.63														
L002292	control_nontr_sv	mafft_einsi	29.78	33.938	1	0.5846	42.14	12	9	31	1.0001	1.0	0.01	0.9721	1.0001	1.0	1.0	0.0	0.0	0.0	0.0879	1.0001	1.0001	0.0	0.0	0.0														
L003119	control_vntr_correct	mafft_einsi	31.97	31.624	1	0.6129	43.66	32	2	42	1.0221	1.0	0.08	0.8529	1.002	1.0242	1.0024	0.34	0.0	1.0	1.0	1.002	1.0022	1.03	0.0	0.0														
L003171	control_nontr_sv	mafft_einsi	49.81	20.509	1	0.6038	74.25	9	19	24	1.0031	1.0029	0.58	0.4706	1.0028	1.0	1.0	0.0	0.01	0.0	0.2864	1.0028	1.0	0.0	0.0	0.0														
L003672	control_vntr_correct	mafft_einsi	77.04	15.377	1	0.5477	107.24	49	10	58	1.1319	1.0182	8.96	0.1659	1.1146	1.0504	1.0388	8.25	0.0	2.0	1.2102	1.1146	1.2732	10.69	0.10856	173.83														
L003695	hotspot_other	mafft_einsi	557.11	7.557	1.0	0.6118	824.83	27	101	114	1.5508	1.4264	88.15	0.1206	2.0521	1.4943	1.8858	181.72	4.4	3.0	3.2779	2.0555	2.0851	126.9	0.67779	4208.13														
L003872	control_vntr_matched	mafft_einsi	157.7	6.768	2.0	0.4635	222.67	80	44	89	1.1713	1.1961	13.88	0.3936	1.1527	1.0967	1.0919	22.22	0.9	0.0	0.6659	1.1531	1.4494	14.85	0.04026	78.51														
L003883	control_nontr_sv	mafft_einsi	123.19	36.716	1.0	0.6275	164.25	9	24	29	1.0004	1.0003	0.22	0.4217	1.0004	1.0	1.0	0.0	0.0	1.0	0.6733	1.0004	1.0	0.0	0.0	0.0														
L004620	control_nontr_sv	mafft_einsi	40.12	25.436	1	0.5385	55.56	10	7	14	1.0	1.0	0.01	0.9958	1.0004	1.0	1.0008	0.0	0.69	1.0	0.5121	1.0004	1.0001	0.01	0.00584	7.2														
L004989	hotspot_other	mafft_einsi	1050.06	5.833	1.0	0.7119	1627.92	14	238	247	1.2497	1.1499	63.63	0.0938	1.1566	1.2121	1.1512	118.03	13.78	3.0	2.7898	1.1566	1.1527	70.33	0.70341	7179.64														
L005261	hotspot_other	mafft_einsi	2554.13	4.184	1.0	0.665	4091.97	20	206	209	1.12	1.0688	49.14	0.0951	1.0806	1.12	1.0854	103.87	7.99	1.0	0.9471	1.0806	1.0595	14.85	0.73712	20819.56														
L005688	control_nontr_sv	mafft_einsi	216.29	6.63	1.0	0.6494	289.33	45	6	18	1.0225	1.0	2.89	0.6058	1.023	1.0	1.0	0.0	0.0	1.0	0.8128	1.023	1.0158	3.99	0.0	0.0														
L006556	control_nontr_sv	mafft_einsi	60.48	16.875	1.0	0.6786	82.07	9	14	22	1.0041	1.0	0.51	0.6627	1.003	1.0019	1.0	0.49	0.0	0.0	0.1977	1.003	1.0	0.0	0.0	0.0														
L007065	control_vntr_matched	mafft_einsi	39.02	26.319	1.0	0.5602	53.13	26	29	49	1.0006	1.0	0.01	0.9886	1.0	1.0004	1.0	0.01	0.0	0.0	0.1978	1.0	1.0329	0.14	0.01592	20.22														
L007184	hotspot_other	mafft_einsi	275.68	11.126	2	0.4846	467.18	6	169	170	1.1345	1.0054	24.62	0.4281	1.1319	1.1253	1.1293	48.04	14.99	2.0	1.8874	1.1336	1.136	49.94	0.54451	2347.49														
L007192	control_nontr_sv	mafft_einsi	59.85	22.878	1	0.5854	84.67	11	6	20	1.0	1.0	0.0	1.0	1.0	1.0003	1.0	0.03	0.01	0.0	0.0177	1.0	1.0	0.0	0.00944	16.06														
L007687	control_vntr_matched	mafft_einsi	102.08	11.393	1.0	0.6333	138.75	23	33	47	1.0668	1.0	2.4	0.8578	1.0421	1.0443	1.0249	3.48	0.03	0.0	0.2363	1.0421	1.1185	1.6	0.14716	252.93														
L008631	control_nontr_sv	mafft_einsi	46.94	31.697	1	0.5758	65.43	9	6	15	1.0	1.0	0.0	1.0	1.0	1.0	1.0	0.0	0.0	0.0	0.0141	1.0	1.0	0.0	0.0	0.0														
L008887	control_vntr_correct	mafft_einsi	69.44	24.872	1.0	0.5111	96.45	26	34	56	1.0248	1.0	1.45	0.5941	1.0298	1.0163	1.0206	2.02	0.03	2.0	1.6831	1.0297	1.0384	4.27	0.08353	175.93														
L008902	control_vntr_correct	mafft_einsi	137.07	12.762	2.0	0.4637	194.96	76	28	73	1.0643	1.0144	3.78	0.4887	1.0424	1.0254	1.0193	3.91	0.51	0.0	0.4712	1.0424	1.3798	7.95	0.14528	367.9														
L009283	control_nontr_sv	mafft_einsi	70.15	14.545	1	0.5636	94.39	16	4	19	1.0057	1.0	0.35	0.7545	1.0035	1.0007	1.0	0.09	0.02	0.0	0.1018	1.0035	1.0	0.0	0.0	0.0														
L009398	hotspot_vntr	mafft_einsi	207.59	18.874	2	0.3827	335.73	17	160	166	1.0551	1.0187	16.61	0.1706	1.0282	1.0541	1.0287	33.75	6.29	1.0	1.2566	1.0282	1.0197	4.56	0.48567	2432.6														
L009600	control_nontr_sv	mafft_einsi	20.75	53.476	1	0.5714	26.68	7	2	8	1.0005	1.0	0.04	0.9548	1.0004	1.0	1.0	0.0	0.0	1.0	0.6157	1.0004	1.0	0.0	0.0	0.0														
L009771	control_vntr_correct	mafft_einsi	42.66	27.08	1.0	0.56	57.17	17	3	15	1.005	1.0	0.34	0.9874	1.0037	1.0039	1.0029	0.55	0.0	1.0	0.7146	1.0037	1.0082	0.6	0.0062	8.53														
L010113	control_vntr_correct	mafft_einsi	79.28	18.613	1.0	0.5546	108.59	64	6	56	1.0527	1.0	1.67	0.8638	1.0074	1.0346	1.0048	2.42	0.05	0.0	0.2709	1.0073	1.0322	0.51	0.18421	345.1														
L010452	control_nontr_sv	mafft_einsi	41.1	26.424	1	0.6364	53.55	10	3	9	1.0002	1.0	0.01	0.9933	1.0	1.0	1.0	0.0	0.0	0.0	0.1659	1.0	1.0	0.0	0.0	0.0														
L010508	control_vntr_correct	mafft_einsi	104.31	10.511	1.0	0.6304	142.01	70	13	75	1.0042	1.0	0.06	0.9481	1.001	1.0015	1.0	0.05	0.01	1.0	0.6327	1.001	1.0935	1.14	0.08332	141.72														
L011121	control_vntr_correct	mafft_einsi	92.12	14.536	1	0.5915	125.44	35	17	54	1.0348	1.0	2.05	0.7472	1.0084	1.0257	1.0051	3.16	0.0	1.0	0.9363	1.0083	1.0157	1.68	0.10125	183.85														
L011227	control_vntr_matched	mafft_einsi	104.9	18.86	1	0.5198	147.8	56	28	81	1.0481	1.0	1.94	0.8209	1.0156	1.0118	1.0117	1.05	1.05	1.0	0.7791	1.0155	1.0231	0.77	0.36616	912.81														
L011931	control_nontr_sv	mafft_einsi	88.08	21.671	1	0.7059	135.75	8	41	51	1.0012	1.0012	0.42	0.3632	1.0012	1.0	1.0	0.0	0.01	1.0	0.5311	1.0012	1.0	0.0	0.00045	1.04														
L012313	control_vntr_matched	mafft_einsi	50.33	22.099	1	0.646	66.9	46	10	65	1.0897	1.0	2.01	0.879	1.2045	1.001	1.0	0.05	0.0	1.0	1.1422	1.2045	1.6984	11.73	0.02878	40.64														
L012530	control_nontr_sv	mafft_einsi	56.56	18.0	1.0	0.5455	79.69	11	9	20	1.0	1.0	0.0	1.0	1.0	1.0	1.0	0.0	0.0	0.0	0.2018	1.0	1.034	1.06	0.0	0.0														
L013074	control_vntr_correct	mafft_einsi	23.23	43.377	1	0.6667	32.14	29	11	52	1.0012	1.0	0.84	0.5485	1.0012	1.0006	1.0006	0.86	0.0	2.0	1.5161	1.0012	1.0	0.02	0.01168	13.44														
L013399	control_nontr_sv	mafft_einsi	27.36	80.167	1.0	0.5556	34.95	6	2	7	1.0001	1.0	0.06	0.9404	1.0	1.0	1.0	0.0	0.0	0.0	0.3618	1.0	1.0	0.0	0.0	0.0														
L014111	control_vntr_matched	mafft_einsi	66.65	15.982	1	0.605	91.08	90	8	46	1.108	1.0987	4.29	0.468	1.0943	1.0034	1.0029	0.36	0.01	0.0	0.5492	1.0943	3.8552	15.71	0.02005	29.89														
L014324	control_vntr_correct	mafft_einsi	159.51	18.751	1	0.6434	220.37	24	51	59	1.1099	1.0066	13.44	0.4511	1.0152	1.0944	1.0097	24.6	5.3	0.0	0.5187	1.0152	1.0279	2.55	0.47339	1804.69														
L014426	control_vntr_correct	mafft_einsi	57.79	17.706	3	0.4679	82.18	19	9	42	1.0222	1.0	0.44	0.9377	1.0075	1.0137	1.0063	0.64	0.02	0.0	0.0703	1.0075	1.0799	1.44	0.02547	34.46														
L014899	control_nontr_sv	mafft_einsi	23.0	43.826	1	0.5217	30.0	8	2	7	1.0	1.0	0.0	1.0	1.0	1.0	1.0	0.0	0.0	1.0	0.9167	1.0	1.0199	0.92	0.0	0.0														
L015223	control_vntr_matched	mafft_einsi	151.16	14.601	2.0	0.4856	211.12	112	2	79	1.0832	1.0812	18.06	0.361	1.0859	1.0097	1.01	4.92	0.83	0.0	2.375	1.0859	1.0745	15.31	0.17964	554.14														
L015285	control_vntr_correct	mafft_einsi	111.9	10.077	1.0	0.58	155.54	13	42	47	1.0583	1.0049	4.21	0.3158	1.0502	1.0226	1.0138	3.55	0.37	0.0	0.2936	1.0502	1.0913	2.3	0.17737	293.55														
L015743	control_vntr_correct	mafft_einsi	25.88	100.597	1.0	0.5726	37.77	14	35	55	1.0248	1.0024	11.61	0.2108	1.0085	1.0236	1.0071	22.29	42.68	1.0	0.9978	1.0085	1.0052	3.38	0.1024	278.8														
L016040	control_nontr_sv	mafft_einsi	48.75	24.257	1	0.5429	65.46	12	3	11	1.0001	1.0	0.01	0.9945	1.0	1.0	1.0	0.0	0.0	0.0	0.4634	1.0	1.0003	0.01	0.0	0.0														
L016062	control_vntr_correct	mafft_einsi	202.66	14.792	1	0.6266	276.43	36	45	78	1.1762	1.0	15.7	0.68	1.2259	1.1445	1.1841	27.74	2.65	1.0	0.9034	1.2252	1.239	10.69	0.449	1814.45														
L016124	control_vntr_matched	mafft_einsi	121.07	9.854	1	0.5632	164.56	85	31	50	1.0701	1.0569	3.69	0.1429	1.0744	1.0168	1.018	2.39	0.13	0.0	0.6879	1.0744	1.0336	0.67	0.13521	225.77														
L016274	control_nontr_sv	mafft_einsi	45.82	37.647	1.0	0.5882	60.65	11	3	13	1.0002	1.0	0.03	0.9821	1.0	1.0	1.0	0.0	0.0	0.0	0.0333	1.0	1.0	0.0	0.0	0.0														
L016523	control_vntr_correct	mafft_einsi	45.14	23.613	1.0	0.5484	62.61	37	4	38	1.0102	1.0	0.29	0.9611	1.0161	1.0	1.0024	0.0	0.06	1.0	0.7965	1.0161	1.2471	6.86	0.01085	14.56														
L017097	control_nontr_sv	mafft_einsi	101.05	21.338	1	0.6234	135.17	15	12	20	1.0012	1.0	0.24	0.7468	1.0021	1.0	1.0	0.0	0.0	1.0	0.8446	1.0021	1.0	0.0	0.0	0.0														
TR423938	control_vntr_matched	mafft_einsi	92.2	17.957	1.0	0.5096	128.1	34	25	42	1.5588	1.3721	48.22	0.4646	1.4997	1.2176	1.1712	50.3	0.26	0.0	0.4855	1.4997	1.7258	21.14	0.17117	364.8														
TR446002	control_vntr_matched	mafft_einsi	44.94	22.635	1.0	0.5577	63.53	22	9	34	1.0161	1.0	0.09	0.898	1.0043	1.0122	1.0035	0.22	0.01	0.0	0.0024	1.0043	1.0265	0.06	0.0131	16.85														
TR455654	control_vntr_matched	mafft_einsi	69.91	14.958	1.0	0.6369	100.71	34	15	53	1.0229	1.0	0.12	0.8922	1.0445	1.0314	1.0602	0.54	0.04	0.0	0.0022	1.0444	1.7567	1.57	0.04295	63.25														
TR460913	control_vntr_matched	mafft_einsi	90.63	12.933	1	0.5798	124.14	14	29	42	1.0033	1.0	0.04	0.9485	1.004	1.0029	1.0041	0.09	0.01	0.0	0.0046	1.004	1.0	0.0	0.07057	120.34														
TR499275	control_vntr_matched	mafft_einsi	29.23	35.52	1	0.622	39.36	40	6	45	1.0002	1.0	0.0	0.9963	1.0003	1.0	1.0	0.0	0.0	0.0	0.0044	1.0003	1.0006	0.0	0.00038	0.46														
TR499276	control_vntr_matched	mafft_einsi	40.37	25.099	1	0.6685	53.76	60	3	64	1.0	1.0	0.0	1.0	1.0	1.0	1.0	0.0	0.0	0.0	0.0	1.0	1.0	0.0	0.0	0.0														
TR573259	control_vntr_matched	mafft_einsi	278.86	12.317	1.0	0.5098	402.19	77	24	84	1.1962	1.0873	36.64	0.2766	1.1148	1.1606	1.1038	68.72	10.35	4.0	3.3011	1.1147	1.0935	22.44	0.45628	2227.48														
TR687433	control_vntr_matched	mafft_einsi	103.22	19.78	1.0	0.5983	142.3	41	2	47	1.4056	1.0305	69.63	0.1502	1.1977	1.3414	1.1748	127.6	2.86	1.0	2.4549	1.1977	1.1921	23.74	0.34168	875.6														
TR687489	control_vntr_matched	mafft_einsi	62.98	37.651	1.0	0.5291	86.78	30	14	53	1.0028	1.0	0.06	0.9351	1.0064	1.0009	1.0025	0.04	0.0	0.0	0.0624	1.0064	1.0151	0.15	0.30005	825.34														
TR724750	control_vntr_matched	mafft_einsi	284.75	6.263	1.0	0.6816	397.58	19	67	76	1.4749	1.5114	57.53	0.1515	1.6278	1.3556	1.4281	108.31	1.07	1.0	1.0394	1.6278	1.8421	55.23	0.43281	1428.81														
TR743754	control_vntr_matched	mafft_einsi	48.58	21.507	1.0	0.6268	64.66	25	23	42	1.0058	1.0	0.13	0.6312	1.0059	1.0002	1.0	0.01	0.0	0.0	0.3268	1.0059	1.0	0.0	0.00153	2.05														
L000308	control_vntr_matched	mafft_ginsi	54.28	18.928	1	0.5874	74.98	32	31	58	1.5322	1.0497	92.9	0.3246	1.0225	1.2918	1.0073	123.91	0.0	2.0	1.8811	1.0223	1.0332	5.51	0.04264	58.42														
L000407	control_vntr_correct	mafft_ginsi	97.35	13.774	2	0.4906	140.71	40	20	84	1.0409	1.0	1.23	0.5725	1.0158	1.0291	1.0044	2.09	0.0	1.0	0.9335	1.0158	1.1717	4.33	0.17388	335.05														
L000506	control_nontr_sv	mafft_ginsi	45.17	22.569	1	0.6667	69.09	8	21	27	1.0	1.0	0.0	1.0	1.0	1.0	1.0	0.0	0.0	1.0	0.5692	1.0	1.0	0.0	0.0	0.0														
L000709	control_vntr_matched	mafft_ginsi	26.35	38.273	1	0.6667	35.14	50	2	46	1.0	1.0	0.0	0.9957	1.0	1.0	1.0	0.0	0.0	0.0	0.2456	1.0	1.0	0.0	0.00027	0.32														
L001491	control_vntr_correct	mafft_ginsi	286.77	5.241	1	0.6332	393.59	51	13	50	1.0563	1.0371	10.82	0.4259	1.045	1.068	1.069	28.23	0.78	0.0	0.4152	1.045	1.0072	1.01	0.17846	559.57														
L001527	control_nontr_sv	mafft_ginsi	61.78	16.514	1.0	0.6429	88.26	14	17	30	1.0001	1.0	0.02	0.9828	1.0	1.0	1.0	0.0	0.0	0.0	0.3523	1.0	1.0	0.0	0.0	0.0														
L001899	control_vntr_matched	mafft_ginsi	678.41	4.821	1	0.6652	1007.15	19	118	122	1.1076	1.0619	30.97	0.191	1.0836	1.1023	1.0795	64.96	3.17	2.0	2.3011	1.0836	1.0572	10.74	0.52117	3594.18														
L001922	control_vntr_correct	mafft_ginsi	643.42	7.954	1	0.7003	905.99	44	92	107	1.0786	1.0405	23.42	0.2098	1.0649	1.0748	1.0643	48.82	1.24	1.0	2.0	1.0649	1.0205	3.45	0.37995	3268.21														
L002292	control_nontr_sv	mafft_ginsi	98.95	10.75	1.0	0.5139	134.22	60	9	31	1.0877	1.0	10.64	0.8327	1.0877	1.1531	1.1533	37.95	0.81	0.0	0.1758	1.0877	1.0324	2.0	0.09667	126.43														
L003119	control_vntr_correct	mafft_ginsi	88.0	12.031	1.0	0.5547	118.25	85	2	42	1.0993	1.0	0.37	0.8529	1.1312	1.1077	1.2575	1.5	0.03	1.0	1.0	1.1312	1.0302	14.12	0.06277	79.41														
L003171	control_nontr_sv	mafft_ginsi	49.81	20.509	1	0.6038	74.25	9	19	24	1.0031	1.0029	0.58	0.4706	1.0028	1.0	1.0	0.0	0.01	0.0	0.2864	1.0028	1.0	0.0	0.0	0.0														
L003672	control_vntr_correct	mafft_ginsi	80.14	13.899	1	0.5652	110.72	51	9	58	1.1045	1.0182	7.1	0.1659	1.0992	1.0277	1.0257	4.53	0.0	2.0	1.1925	1.0992	1.2515	9.84	0.08169	126.98														
L003695	hotspot_other	mafft_ginsi	581.04	4.115	1	0.6325	854.18	15	102	114	1.2633	1.1982	42.14	0.0922	1.7108	1.2424	1.5995	89.1	6.69	2.0	2.1013	1.7139	1.7344	85.89	0.54334	2380.14														
L003872	control_vntr_matched	mafft_ginsi	216.24	5.174	2	0.4773	302.2	119	34	89	1.2053	1.1802	16.63	0.3688	1.1715	1.1559	1.1284	35.82	1.03	0.0	0.6659	1.1717	1.438	14.47	0.09402	194.25														
L003883	control_nontr_sv	mafft_ginsi	438.41	10.821	1	0.5455	588.16	95	23	29	1.0616	1.0617	35.75	0.4217	1.0617	1.1328	1.1331	154.54	2.21	1.0	0.6733	1.0617	1.0021	2.25	0.07373	422.71														
L004620	control_nontr_sv	mafft_ginsi	39.09	26.105	1.0	0.5526	53.5	11	5	14	1.0	1.0	0.01	0.9915	1.0032	1.0	1.0062	0.02	0.0	1.0	0.5121	1.0032	1.0001	0.01	0.0	0.0														
L004989	hotspot_other	mafft_ginsi	1122.36	2.672	1.0	0.779	1735.26	20	229	247	1.107	1.0504	27.26	0.0799	1.0511	1.0884	1.0618	49.18	4.92	1.0	1.4845	1.0511	1.0299	13.79	0.59887	4519.47														
L005261	hotspot_other	mafft_ginsi	2527.36	2.38	1	0.7084	4051.22	19	207	209	1.0475	1.0595	19.43	0.0563	1.0553	1.0551	1.0668	47.73	2.5	1.0	0.87	1.0553	1.023	5.75	0.70463	17712.46														
L005688	control_nontr_sv	mafft_ginsi	216.29	6.63	1.0	0.6494	289.33	45	6	18	1.0225	1.0	2.89	0.6058	1.023	1.0	1.0	0.0	0.0	1.0	0.8128	1.023	1.0158	3.99	0.0	0.0														
L006556	control_nontr_sv	mafft_ginsi	183.59	5.841	1.0	0.6765	249.46	50	12	22	1.1828	1.0	22.86	0.6508	1.1848	1.344	1.3464	89.91	0.26	0.0	0.1977	1.1848	1.0392	2.65	0.18858	317.49														
L007065	control_vntr_matched	mafft_ginsi	75.22	13.878	1.0	0.6	101.79	67	32	49	1.0091	1.0	0.09	0.9773	1.0115	1.0144	1.0187	0.33	0.0	0.0	0.1978	1.0114	1.0368	0.16	0.09252	127.41														
L007184	hotspot_other	mafft_ginsi	257.92	6.362	1.0	0.5449	391.51	9	151	170	1.0688	1.0081	12.6	0.393	1.0308	1.0654	1.0354	25.09	0.47	1.0	1.4768	1.0307	1.0261	9.58	0.35078	1061.0														
L007192	control_nontr_sv	mafft_ginsi	62.77	21.86	1	0.6279	87.59	11	6	20	1.0	1.0	0.0	1.0	1.0	1.0003	1.0	0.03	0.47	0.0	0.0177	1.0	1.0	0.0	0.0212	36.5														
L007687	control_vntr_matched	mafft_ginsi	167.11	6.991	1.0	0.6652	227.98	26	34	47	1.0259	1.0	0.93	0.8533	1.0157	1.0227	1.017	1.79	0.08	0.0	0.221	1.0157	1.0418	0.57	0.28705	590.17														
L008631	control_nontr_sv	mafft_ginsi	46.94	31.697	1	0.5758	65.43	9	6	15	1.0	1.0	0.0	1.0	1.0	1.0	1.0	0.0	0.0	0.0	0.0141	1.0	1.0	0.0	0.0	0.0														
L008887	control_vntr_correct	mafft_ginsi	139.66	12.635	1.0	0.558	192.13	65	33	56	1.0309	1.0	1.81	0.5904	1.0199	1.0366	1.0145	4.55	0.02	2.0	1.6742	1.0199	1.0271	3.01	0.16769	388.89														
L008902	control_vntr_correct	mafft_ginsi	168.68	10.343	1	0.5263	238.64	79	3	73	1.0585	1.0132	3.44	0.4887	1.0332	1.0271	1.0184	4.17	0.13	0.0	0.4403	1.0332	1.3452	7.23	0.16358	423.3														
L009283	control_nontr_sv	mafft_ginsi	70.15	14.545	1	0.5636	94.39	16	4	19	1.0057	1.0	0.35	0.7545	1.0035	1.0007	1.0	0.09	0.02	0.0	0.1018	1.0035	1.0	0.0	0.0	0.0														
L009398	hotspot_vntr	mafft_ginsi	258.33	10.05	2.0	0.4444	390.06	24	156	166	1.0446	1.0292	13.43	0.0478	1.0402	1.0467	1.0498	29.17	0.64	1.0	0.6864	1.0401	1.0201	4.64	0.35803	1436.7														
L009600	control_nontr_sv	mafft_ginsi	20.75	53.476	1	0.5714	26.68	7	2	8	1.0005	1.0	0.04	0.9548	1.0004	1.0	1.0	0.0	0.0	1.0	0.6157	1.0004	1.0	0.0	0.0	0.0														
L009771	control_vntr_correct	mafft_ginsi	42.66	27.08	1.0	0.56	57.17	17	3	15	1.005	1.0	0.34	0.9874	1.0037	1.0039	1.0029	0.55	0.0	1.0	0.7146	1.0037	1.0082	0.6	0.0062	8.53														
L010113	control_vntr_correct	mafft_ginsi	95.6	14.003	1	0.5749	130.58	78	3	56	1.0567	1.0	1.8	0.8949	1.016	1.0466	1.0227	3.26	0.0	0.0	0.2709	1.0159	1.0287	0.45	0.15631	283.14														
L010452	control_nontr_sv	mafft_ginsi	41.1	26.424	1	0.6364	53.55	10	3	9	1.0002	1.0	0.01	0.9933	1.0	1.0	1.0	0.0	0.0	0.0	0.1659	1.0	1.0	0.0	0.0	0.0														
L010508	control_vntr_correct	mafft_ginsi	104.31	10.511	1.0	0.6304	142.01	70	13	75	1.0042	1.0	0.06	0.9481	1.001	1.0015	1.0	0.05	0.01	1.0	0.6327	1.001	1.0935	1.14	0.08332	141.72														
L011121	control_vntr_correct	mafft_ginsi	89.77	14.694	1	0.5895	122.3	35	17	54	1.051	1.0	3.0	0.7546	1.0148	1.0404	1.0113	4.96	0.0	1.0	0.9516	1.0148	1.0209	2.24	0.08626	154.06														
L011227	control_vntr_matched	mafft_ginsi	128.15	11.577	1	0.5292	177.97	77	29	81	1.0715	1.0	2.89	0.8097	1.0174	1.0363	1.0143	3.24	0.02	1.0	0.7549	1.0174	1.0245	0.82	0.22189	450.6														
L011931	control_nontr_sv	mafft_ginsi	87.05	21.929	1.0	0.6905	131.61	8	38	51	1.0012	1.0012	0.42	0.3632	1.0012	1.0	1.0	0.0	0.0	1.0	0.5311	1.0012	1.0	0.0	0.00045	1.04														
L012313	control_vntr_matched	mafft_ginsi	50.95	21.834	1	0.6503	67.52	49	7	65	1.0897	1.0	2.01	0.8754	1.2046	1.001	1.0	0.05	0.0	1.0	1.1422	1.2046	1.6984	11.73	0.03327	47.2														
L012530	control_nontr_sv	mafft_ginsi	56.56	18.0	1.0	0.5455	79.69	11	9	20	1.0	1.0	0.0	1.0	1.0	1.0	1.0	0.0	0.0	0.0	0.2018	1.0	1.034	1.06	0.0	0.0														
L013074	control_vntr_correct	mafft_ginsi	23.38	43.131	1.0	0.6625	32.0	29	23	52	1.0023	1.001	1.61	0.4854	1.0022	1.0022	1.0027	3.08	0.0	1.0	0.7581	1.0022	1.0	0.0	0.01418	16.36														
L013399	control_nontr_sv	mafft_ginsi	27.36	80.167	1.0	0.5556	34.95	6	2	7	1.0001	1.0	0.06	0.9404	1.0	1.0	1.0	0.0	0.0	0.0	0.3618	1.0	1.0	0.0	0.0	0.0														
L014111	control_vntr_matched	mafft_ginsi	80.41	13.26	1	0.5959	109.35	109	8	46	1.0506	1.0395	2.01	0.468	1.0406	1.0197	1.0183	2.14	0.0	0.0	0.5492	1.0406	3.3114	12.72	0.03191	48.15														
L014324	control_vntr_correct	mafft_ginsi	267.7	6.715	1	0.679	372.32	49	36	59	1.0384	1.0109	4.7	0.3271	1.0246	1.0355	1.0246	9.25	0.12	0.0	0.5429	1.0245	1.0161	1.47	0.39332	1301.51														
L014426	control_vntr_correct	mafft_ginsi	75.29	13.704	1.0	0.5563	105.51	27	9	42	1.056	1.0196	1.11	0.4708	1.0659	1.0865	1.0923	4.05	0.04	0.0	0.0703	1.066	1.0794	1.43	0.05902	82.71														
L014899	control_nontr_sv	mafft_ginsi	23.0	43.826	1	0.5217	30.0	8	2	7	1.0	1.0	0.0	1.0	1.0	1.0	1.0	0.0	0.0	1.0	0.9167	1.0	1.0199	0.92	0.0	0.0														
L015223	control_vntr_matched	mafft_ginsi	172.24	10.962	2.0	0.4852	239.46	111	4	79	1.0832	1.0812	18.05	0.361	1.0858	1.0097	1.0099	4.9	0.83	0.0	2.8487	1.0859	1.0745	15.31	0.10269	289.61														
L015285	control_vntr_correct	mafft_ginsi	186.87	6.054	1	0.6786	255.5	34	34	47	1.046	1.0049	3.32	0.3493	1.0125	1.04	1.0041	6.3	0.01	0.0	0.2826	1.0125	1.0231	0.58	0.30884	608.36														
L015743	control_vntr_correct	mafft_ginsi	190.11	12.847	1	0.5159	256.89	98	23	55	1.0374	1.06	17.55	0.2108	1.0618	1.0735	1.1233	69.4	0.87	1.0	0.9934	1.0618	1.0086	5.58	0.10398	283.6														
L016040	control_nontr_sv	mafft_ginsi	48.75	24.257	1	0.5429	65.46	12	3	11	1.0001	1.0	0.01	0.9945	1.0	1.0	1.0	0.0	0.0	0.0	0.4634	1.0	1.0003	0.01	0.0	0.0														
L016062	control_vntr_correct	mafft_ginsi	267.3	7.531	1	0.6842	365.4	87	8	78	1.0734	1.0	6.54	0.6618	1.0232	1.0711	1.0188	13.65	0.24	1.0	0.9058	1.0232	1.026	1.16	0.35747	1238.78														
L016124	control_vntr_matched	mafft_ginsi	191.95	6.344	1	0.6042	261.74	161	16	50	1.0674	1.0569	3.55	0.1429	1.0621	1.0218	1.0163	3.1	0.13	0.0	0.6857	1.0621	1.0087	0.17	0.26436	518.93														
L016274	control_nontr_sv	mafft_ginsi	45.82	37.647	1.0	0.5882	60.65	11	3	13	1.0002	1.0	0.03	0.9821	1.0	1.0	1.0	0.0	0.0	0.0	0.0333	1.0	1.0	0.0	0.0	0.0														
L016523	control_vntr_correct	mafft_ginsi	45.14	23.613	1.0	0.5484	62.61	37	4	38	1.0102	1.0	0.29	0.9611	1.0161	1.0	1.0024	0.0	0.06	1.0	0.7965	1.0161	1.2471	6.86	0.01085	14.56														
L017097	control_nontr_sv	mafft_ginsi	101.05	21.338	1	0.6234	135.17	15	12	20	1.0012	1.0	0.24	0.7468	1.0021	1.0	1.0	0.0	0.0	1.0	0.8446	1.0021	1.0	0.0	0.0	0.0														
TR423938	control_vntr_matched	mafft_ginsi	238.03	6.419	1	0.5885	326.68	80	18	42	1.0879	1.0531	7.58	0.4444	1.0872	1.0464	1.0461	10.74	4.09	0.0	0.2864	1.0872	1.0389	1.13	0.28302	697.25														
TR446002	control_vntr_matched	mafft_ginsi	44.94	22.625	1.0	0.5673	63.96	21	9	34	1.0148	1.0	0.08	0.898	1.0043	1.0116	1.0035	0.21	0.01	0.0	0.0024	1.0043	1.0227	0.05	0.01575	20.31														
TR455654	control_vntr_matched	mafft_ginsi	67.42	15.494	1.0	0.6235	95.71	33	15	53	1.0404	1.0	0.22	0.7398	1.0554	1.0525	1.0715	0.89	0.02	0.0	0.0022	1.056	1.6667	1.38	0.0242	34.96														
TR460913	control_vntr_matched	mafft_ginsi	98.25	11.969	1	0.6279	132.52	18	26	42	1.019	1.0	0.25	0.8814	1.0258	1.0287	1.0379	0.93	0.03	0.0	0.0046	1.0258	1.0	0.0	0.1122	200.3														
TR499275	control_vntr_matched	mafft_ginsi	29.23	35.52	1	0.622	39.36	40	6	45	1.0002	1.0	0.0	0.9963	1.0003	1.0	1.0	0.0	0.0	0.0	0.0044	1.0003	1.0006	0.0	0.00038	0.46														
TR499276	control_vntr_matched	mafft_ginsi	40.37	25.099	1	0.6685	53.76	60	3	64	1.0	1.0	0.0	1.0	1.0	1.0	1.0	0.0	0.0	0.0	0.0	1.0	1.0	0.0	0.0	0.0														
TR573259	control_vntr_matched	mafft_ginsi	316.2	9.813	1	0.5179	455.98	110	2	84	1.105	1.0808	19.61	0.2766	1.1041	1.0986	1.1063	42.21	1.05	4.0	3.2901	1.104	1.0781	18.74	0.44554	2132.92														
TR687433	control_vntr_matched	mafft_ginsi	192.12	8.289	1.0	0.6599	262.83	101	19	47	1.1082	1.0717	18.58	0.1209	1.0798	1.1083	1.1119	40.48	1.06	2.0	1.7437	1.0798	1.0224	2.77	0.35231	917.66														
TR687489	control_vntr_matched	mafft_ginsi	122.67	13.734	1	0.5463	169.17	51	15	53	1.0245	1.0	0.51	0.9004	1.0265	1.0394	1.0344	1.76	0.0	0.0	0.0646	1.0265	1.0248	0.24	0.19418	463.93														
TR724750	control_vntr_matched	mafft_ginsi	386.84	4.594	1.0	0.7222	539.29	43	61	76	1.1346	1.0722	16.3	0.1364	1.1519	1.1186	1.1197	36.13	0.5	1.0	0.849	1.1519	1.1621	10.63	0.52228	2047.01														
TR743754	control_vntr_matched	mafft_ginsi	76.29	13.892	1	0.5785	101.61	25	23	42	1.0149	1.0	0.34	0.6198	1.0153	1.0172	1.0167	0.86	0.01	0.0	0.3268	1.0152	1.0	0.0	0.06055	86.21														
L000034	hotspot_vntr	poa_abpoa	3059.96	1.43	1	0.8661	4707.79	168	359	394	1.1921	1.2182	80.55	0.0	1.2671	1.2677	1.3059	265.55	6.76	6.0	6.2143	1.2676	1.1852	68.64	0.80335	35023.98														
L000308	control_vntr_matched	poa_abpoa	56.96	18.077	1.0	0.5897	78.63	38	30	58	1.5336	1.0463	93.14	0.3097	1.0224	1.2973	1.009	126.22	0.13	2.0	2.0837	1.0223	1.0332	5.52	0.05357	74.25														
L000381	control_vntr_matched	poa_abpoa	87.35	12.382	1	0.6376	118.29	195	2	99	1.0178	1.0	0.32	0.6064	1.0446	1.0136	1.0347	0.65	0.0	1.0	0.9482	1.0446	1.565	9.39	0.0238	39.29														
L000407	control_vntr_correct	poa_abpoa	276.63	4.541	1	0.5551	392.73	170	11	84	2.3514	1.2911	40.48	0.2788	1.8445	2.6914	2.0504	121.38	0.1	1.0	1.5122	1.8445	2.0071	25.4	0.34029	821.09														
L000506	control_nontr_sv	poa_abpoa	45.17	22.569	1	0.6667	69.09	8	21	27	1.0	1.0	0.0	1.0	1.0	1.0	1.0	0.0	0.0	1.0	0.5692	1.0	1.0	0.0	0.0	0.0														
L000698	control_vntr_correct	poa_abpoa	68.19	18.828	1.0	0.6387	97.13	54	21	87	1.0279	1.0	0.56	0.5111	1.0344	1.0173	1.0152	0.83	0.03	1.0	1.2325	1.0344	1.1	21.48	0.03423	57.31														
L000709	control_vntr_matched	poa_abpoa	26.35	38.273	1	0.6667	35.14	50	2	46	1.0	1.0	0.0	0.9957	1.0	1.0	1.0	0.0	0.0	0.0	0.2456	1.0	1.0	0.0	0.00027	0.32														
L001264	hotspot_vntr	poa_abpoa	1816.54	2.405	1	0.7719	2709.67	65	439	439	1.0465	1.0436	32.66	0.0	1.0668	1.0924	1.1188	136.76	2.07	8.0	10.7055	1.0668	1.026	13.68	0.73129	19719.95														
L001491	control_vntr_correct	poa_abpoa	517.67	3.038	1.0	0.6794	724.73	120	15	50	1.1862	1.1224	35.77	0.4222	1.2079	1.3989	1.4336	165.53	1.77	0.0	0.817	1.2079	1.0298	4.2	0.3481	1375.51														
L001527	control_nontr_sv	poa_abpoa	61.78	16.514	1.0	0.6429	88.26	14	17	30	1.0001	1.0	0.02	0.9828	1.0	1.0	1.0	0.0	0.0	0.0	0.3523	1.0	1.0	0.0	0.0	0.0														
L001894	control_vntr_matched	poa_abpoa	111.13	9.933	1.0	0.6086	151.83	161	10	84	1.1448	1.0	3.45	0.6418	1.1602	1.0678	1.0666	4.56	0.01	0.0	0.4405	1.1602	3.7909	16.5	0.10105	167.16														
L001899	control_vntr_matched	poa_abpoa	774.37	3.248	1	0.6816	1145.99	109	39	122	1.1494	1.1346	43.01	0.0208	1.1753	1.2514	1.305	159.67	4.05	1.0	1.6418	1.1758	1.1102	20.72	0.54263	3917.82														
L001922	control_vntr_correct	poa_abpoa	668.55	7.104	1.0	0.7327	957.09	66	45	107	1.0869	1.0809	25.89	0.1014	1.0917	1.1247	1.1341	81.4	1.8	1.0	2.2318	1.0917	1.0267	4.5	0.40101	3570.58														
L002013	hotspot_vntr	poa_abpoa	3177.13	2.297	1	0.8073	4853.23	71	446	447	1.1218	1.1274	81.09	0.0	1.1761	1.2381	1.3333	336.19	7.6	9.0	12.822	1.1764	1.1429	74.12	0.69013	28099.06														
L002096	hotspot_vntr	poa_abpoa	1098.99	2.91	1.0	0.7661	1711.01	119	228	280	1.1553	1.1013	68.23	0.0237	1.2502	1.278	1.3528	265.04	3.91	4.0	4.9582	1.2501	1.1801	62.08	0.68413	10342.48														
L002143	hotspot_vntr	poa_abpoa	556.2	3.333	1	0.7153	782.36	454	76	192	1.56	1.2451	36.62	0.3435	1.5461	1.681	1.6641	100.71	0.27	1.0	2.4651	1.5477	1.4235	15.07	0.59699	3346.53														
L002182	hotspot_vntr	poa_abpoa	2068.68	2.125	1.0	0.8476	3115.16	41	142	408	1.0589	1.0602	32.74	0.0067	1.1031	1.112	1.1451	131.37	4.24	5.0	6.5301	1.1033	1.0244	10.37	0.83615	28025.13														
L002292	control_nontr_sv	poa_abpoa	29.78	33.938	1	0.5846	42.14	12	9	31	1.0001	1.0	0.01	0.9721	1.0001	1.0	1.0	0.0	0.0	0.0	0.0879	1.0001	1.0001	0.0	0.0	0.0														
L002884	control_vntr_matched	poa_abpoa	108.29	10.524	2.0	0.4878	151.61	119	9	112	1.019	1.0098	1.02	0.4021	1.0166	1.0434	1.0394	4.97	0.0	2.0	1.1912	1.0166	1.0227	1.07	0.09937	190.17														
L002940	hotspot_other	poa_abpoa	740.15	2.395	1.0	0.7177	1123.06	104	218	359	1.2197	1.2721	46.9	0.0067	1.2779	1.346	1.3927	173.63	2.93	0.0	1.1394	1.2779	1.3189	40.73	0.60711	3416.11														
L003119	control_vntr_correct	poa_abpoa	31.63	31.957	1.0	0.6196	43.31	31	3	42	1.0221	1.0	0.08	0.8529	1.0012	1.0242	1.0005	0.34	0.0	1.0	1.0	1.0012	1.0015	0.68	0.0	0.0														
L003171	control_nontr_sv	poa_abpoa	49.81	20.491	1	0.6226	74.25	9	19	24	1.0031	1.0029	0.58	0.4706	1.0028	1.0	1.0	0.0	0.0	0.0	0.2864	1.0028	1.0	0.0	0.0	0.0														
L003672	control_vntr_correct	poa_abpoa	201.7	5.48	1	0.6027	279.91	132	8	58	1.5552	1.5845	37.72	0.1004	1.6111	1.808	1.9443	132.25	0.69	1.0	0.9712	1.6111	1.4122	16.13	0.27393	538.52														
L003695	hotspot_other	poa_abpoa	367.49	5.01	1.0	0.6057	555.3	23	101	114	1.2347	1.2216	37.56	0.039	1.3147	1.4531	1.5703	166.59	2.12	0.0	1.1065	1.3149	1.3322	38.85	0.57852	2745.82														
L003826	control_vntr_matched	poa_abpoa	781.85	1.957	1.0	0.7653	1174.52	85	385	411	1.5434	1.6023	81.79	0.0033	1.5413	1.5246	1.4713	230.59	4.51	3.0	2.4004	1.5413	2.0874	83.12	0.43901	3494.94														
L003828	hotspot_other	poa_abpoa	1594.95	1.482	1.0	0.834	2698.35	109	387	393	1.1498	1.1653	76.55	0.0	1.1142	1.5465	1.4861	587.02	14.84	4.0	6.0575	1.1142	1.0707	46.65	0.65834	14860.59														
L003872	control_vntr_matched	poa_abpoa	148.22	7.144	2.0	0.4543	211.51	88	44	89	1.0942	1.0975	7.63	0.2163	1.0823	1.0483	1.0495	11.09	0.13	0.0	0.3582	1.0826	1.4646	15.35	0.05582	110.66														
L003883	control_nontr_sv	poa_abpoa	123.19	36.716	1.0	0.6275	164.25	9	24	29	1.0004	1.0003	0.22	0.4217	1.0004	1.0	1.0	0.0	0.0	1.0	0.6733	1.0004	1.0	0.0	0.0	0.0														
L004021	control_vntr_matched	poa_abpoa	212.49	7.184	1.0	0.6977	294.82	266	6	233	1.1021	1.0	2.48	0.7966	1.0302	1.1335	1.0457	7.49	0.02	1.0	1.2943	1.0302	1.0731	1.53	0.15005	395.76														
L004145	hotspot_vntr	poa_abpoa	1062.66	1.632	1	0.7695	1621.9	1151	190	436	2.2547	2.0676	146.15	0.0033	1.9729	1.3586	2.117	52.33	3.13	4.0	6.011	1.9715	2.2414	78.12	0.46757	3232.46														
L004620	control_nontr_sv	poa_abpoa	39.09	26.105	1.0	0.5526	53.5	11	5	14	1.0	1.0	0.01	0.9915	1.0032	1.0	1.0062	0.02	0.0	1.0	0.5121	1.0032	1.0001	0.01	0.0	0.0														
L004848	hotspot_other	poa_abpoa	1575.7	1.786	1.0	0.8461	2540.1	44	350	359	1.1002	1.1093	38.92	0.0	1.1071	1.2973	1.3095	251.19	4.71	2.0	2.7991	1.1068	1.0337	11.63	0.81511	19878.97														
L004989	hotspot_other	poa_abpoa	651.84	3.312	1.0	0.7056	1035.6	66	91	247	1.1778	1.2179	45.32	0.0174	1.0684	1.4249	1.2562	236.47	2.9	5.0	4.8407	1.0684	1.0396	18.22	0.56891	3994.99														
L005064	hotspot_other	poa_abpoa	735.33	2.117	1.0	0.6554	1157.4	271	115	240	1.5406	1.5862	55.52	0.0269	1.6855	2.0364	2.1478	276.92	3.04	1.0	0.7099	1.6868	1.668	50.58	0.76305	7560.51														
L005261	hotspot_other	poa_abpoa	2039.58	2.749	1.0	0.6792	3247.96	37	81	209	1.0491	1.0973	20.11	0.007	1.077	1.1541	1.223	133.4	5.07	1.0	0.9912	1.077	1.0326	8.15	0.75428	22791.62														
L005411	hotspot_vntr	poa_abpoa	1145.29	1.696	1.0	0.7977	1672.91	296	396	421	1.0985	1.1403	31.48	0.0034	1.1357	1.1857	1.2807	136.04	2.69	4.0	4.6945	1.1358	1.0638	14.25	0.80096	12376.67														
L005481	hotspot_vntr	poa_abpoa	757.79	2.747	1	0.7547	1115.31	117	182	232	1.3545	1.3098	54.25	0.0444	1.5498	1.5454	1.6695	195.69	4.1	0.0	0.8835	1.5506	1.509	55.4	0.68929	5387.34														
L005618	hotspot_other	poa_abpoa	1158.29	1.933	1	0.791	1815.19	62	125	442	1.1458	1.1653	56.62	0.0033	1.1193	1.2552	1.2422	219.89	4.37	6.0	5.9803	1.1195	1.0582	22.81	0.82865	17719.15														
L005688	control_nontr_sv	poa_abpoa	216.29	6.63	1.0	0.6494	289.33	45	6	18	1.0225	1.0	2.89	0.6058	1.023	1.0	1.0	0.0	0.0	1.0	0.8128	1.023	1.0158	3.99	0.0	0.0														
L005990	hotspot_vntr	poa_abpoa	809.49	2.613	1.0	0.7295	1310.32	235	164	368	1.1123	1.1467	26.34	0.0	1.1724	1.2544	1.3291	130.2	1.6	4.0	4.1601	1.1724	1.1813	33.24	0.63438	6088.95														
L006556	control_nontr_sv	poa_abpoa	60.48	16.875	1.0	0.6786	82.07	9	14	22	1.0041	1.0	0.51	0.6627	1.003	1.0019	1.0	0.49	0.0	0.0	0.1977	1.003	1.0	0.0	0.0	0.0														
L006952	hotspot_vntr	poa_abpoa	1139.41	1.785	1.0	0.729	1840.62	38	294	310	1.0286	1.0139	16.57	0.0582	1.0421	1.1224	1.1454	146.8	3.35	6.0	4.5614	1.0419	1.0075	4.31	0.83067	15613.4														
L007033	control_vntr_correct	poa_abpoa	461.75	3.568	1	0.6866	654.57	18	145	187	1.0081	1.0011	6.12	0.0289	1.0147	1.0158	1.0276	24.3	0.71	2.0	2.7372	1.0147	1.0076	4.05	0.48471	2337.15														
L007065	control_vntr_matched	poa_abpoa	93.09	11.313	1.0	0.5556	127.17	43	29	49	1.0071	1.0	0.07	0.9583	1.0017	1.0622	1.0191	1.43	0.0	0.0	0.1889	1.0017	1.0196	0.08	0.15713	232.96														
L007081	hotspot_vntr	poa_abpoa	2874.08	3.397	1	0.7963	4626.26	36	404	432	1.0396	1.0549	19.55	0.0	1.0235	1.1249	1.1018	132.68	1.37	6.0	8.4564	1.0235	1.0121	7.01	0.67079	31770.26														
L007161	hotspot_other	poa_abpoa	861.74	1.704	1.0	0.7585	1345.5	169	78	147	1.1258	1.119	53.75	0.0247	1.1265	1.327	1.2958	310.07	6.05	7.0	5.5112	1.1265	1.0737	32.8	0.64322	5674.91														
L007172	control_vntr_matched	poa_abpoa	488.2	3.117	1	0.6426	712.86	145	53	141	1.4707	1.1508	66.91	0.1713	1.3639	1.5874	1.4201	184.28	0.9	3.0	2.4868	1.3628	1.4145	43.08	0.4836	2073.11														
L007184	hotspot_other	poa_abpoa	185.33	7.604	1.0	0.5417	291.12	20	5	170	1.1814	1.0444	33.21	0.0982	1.0156	1.3082	1.0985	118.15	1.08	4.0	3.4172	1.0157	1.0112	4.12	0.28527	783.78														
L007192	control_nontr_sv	poa_abpoa	59.85	22.878	1	0.6098	84.67	11	6	20	1.0004	1.0	0.01	0.9912	1.0	1.003	1.0022	0.23	0.0	0.0	0.0177	1.0	1.0	0.0	0.00944	16.06														
L007376	control_vntr_matched	poa_abpoa	76.42	14.765	1	0.6241	103.45	20	141	149	1.0288	1.0	0.39	0.7014	1.0128	1.0182	1.0157	0.73	0.01	1.0	0.9648	1.0128	1.0053	0.1	0.08017	118.84														
L007480	hotspot_other	poa_abpoa	998.22	2.375	1.0	0.8308	1454.06	21	122	199	1.084	1.1075	20.96	0.0173	1.0788	1.1785	1.1784	94.77	1.3	1.0	1.8371	1.0789	1.0076	1.41	0.5688	4508.6														
L007687	control_vntr_matched	poa_abpoa	233.65	4.934	1.0	0.6926	320.23	70	21	47	1.1418	1.0	5.09	0.6578	1.1237	1.2505	1.2198	19.68	0.03	0.0	0.2954	1.1237	1.05	0.68	0.38626	922.5														
L007717	control_vntr_matched	poa_abpoa	303.43	4.99	1	0.5503	432.22	247	13	127	1.156	1.0488	15.51	0.1498	1.1311	1.1307	1.1126	33.17	0.45	0.0	0.8615	1.131	1.2438	13.88	0.30162	964.08														
L007798	hotspot_other	poa_abpoa	2101.38	2.573	1.0	0.6855	3150.69	148	267	374	1.0416	1.0713	27.37	0.0067	1.0712	1.0979	1.1423	133.44	3.45	15.0	14.7325	1.0711	1.0376	20.54	0.5498	11477.75														
L007844	hotspot_other	poa_abpoa	2761.57	1.316	1.0	0.8909	4343.06	114	412	436	1.2054	1.2407	65.9	0.0	1.1635	1.4436	1.4004	345.82	8.52	1.0	1.5824	1.1638	1.0148	5.46	0.91385	72725.86														
L008216	hotspot_vntr	poa_abpoa	671.23	3.443	1	0.7561	947.21	144	88	204	1.3159	1.2506	42.13	0.0405	1.4975	1.3073	1.4712	98.26	1.58	2.0	2.6652	1.4984	1.7852	57.66	0.52015	3755.43														
L008631	control_nontr_sv	poa_abpoa	46.94	31.697	1	0.5758	65.43	9	6	15	1.0	1.0	0.0	1.0	1.0	1.0	1.0	0.0	0.0	0.0	0.0141	1.0	1.0	0.0	0.0	0.0														
L008864	hotspot_vntr	poa_abpoa	4840.92	1.582	1.0	0.8175	7702.02	95	318	342	1.1053	1.1731	57.87	0.0034	1.147	1.2258	1.303	271.93	4.47	1.0	5.4912	1.1473	1.0949	40.18	0.82158	53019.24														
L008877	hotspot_other	poa_abpoa	2560.48	2.012	1.0	0.8067	4126.54	141	304	390	1.3074	1.4113	86.07	0.0033	1.0888	1.5306	1.2776	357.4	6.36	5.0	5.7456	1.0889	1.046	25.19	0.74646	25185.34														
L008887	control_vntr_correct	poa_abpoa	85.65	19.667	1.0	0.5045	121.14	47	21	56	1.0112	1.0	0.66	0.786	1.008	1.0211	1.0156	2.62	0.14	2.0	1.7011	1.008	1.0233	2.6	0.12627	278.94														
L008902	control_vntr_correct	poa_abpoa	160.51	10.763	2.0	0.4624	229.4	91	4	73	1.1548	1.0128	9.11	0.3271	1.1812	1.2103	1.2446	32.3	0.18	0.0	0.6416	1.1812	1.5342	11.19	0.17018	443.89														
L009000	hotspot_vntr	poa_abpoa	878.84	1.845	1	0.7904	1417.25	68	434	450	1.067	1.0865	44.37	0.0	1.0332	1.176	1.0982	254.23	7.61	34.0	33.4352	1.0332	1.0055	5.65	0.83511	17549.58														
L009283	control_nontr_sv	poa_abpoa	71.43	14.268	1.0	0.5714	96.94	16	4	19	1.0057	1.0	0.35	0.7545	1.0035	1.0011	1.0002	0.14	0.0	0.0	0.1018	1.0035	1.0	0.0	0.0	0.0														
L009398	hotspot_vntr	poa_abpoa	216.81	10.534	2	0.4681	327.52	24	151	166	1.0303	1.0277	9.15	0.0819	1.0296	1.067	1.0669	41.85	1.38	2.0	2.7259	1.0295	1.0033	0.76	0.27725	988.21														
L009448	hotspot_vntr	poa_abpoa	3412.45	1.355	1	0.8781	6023.77	221	403	405	1.2301	1.3152	95.57	0.0	1.3344	1.612	1.7581	613.81	16.45	1.0	2.4501	1.3351	1.1107	31.11	0.84961	67326.57														
L009600	control_nontr_sv	poa_abpoa	20.75	53.476	1	0.5714	26.68	7	2	8	1.0005	1.0	0.04	0.9548	1.0004	1.0	1.0	0.0	0.0	1.0	0.6157	1.0004	1.0	0.0	0.0	0.0														
L009656	hotspot_vntr	poa_abpoa	744.0	2.269	1	0.7165	1111.93	32	247	250	1.3303	1.3874	35.3	0.0068	1.3076	1.5666	1.5579	150.87	1.58	0.0	0.4626	1.3076	1.344	21.53	0.66472	5120.26														
L009658	hotspot_vntr	poa_abpoa	940.36	2.171	1	0.7376	1448.34	384	104	377	1.329	1.51	111.12	0.0	1.162	1.5054	1.3031	387.59	7.63	21.0	20.2048	1.162	1.1117	56.21	0.76107	8177.08														
L009770	control_vntr_matched	poa_abpoa	156.56	8.187	1	0.5853	214.44	121	32	87	1.0418	1.0066	7.13	0.214	1.0181	1.072	1.0437	25.26	0.24	3.0	2.2063	1.0181	1.0002	0.04	0.27176	573.47														
L009771	control_vntr_correct	poa_abpoa	42.66	27.08	1.0	0.56	57.17	17	3	15	1.005	1.0	0.34	0.9874	1.0037	1.0088	1.0085	1.25	0.0	1.0	0.8872	1.0037	1.0056	0.41	0.01716	23.89														
L009803	hotspot_vntr	poa_abpoa	1608.54	1.287	1	0.9101	2439.05	48	437	442	1.1089	1.1484	46.68	0.0	1.1057	1.2086	1.224	200.26	5.96	8.0	7.5658	1.1056	1.005	2.28	0.86034	21754.63														
L009885	control_vntr_correct	poa_abpoa	153.03	7.171	1.0	0.5298	225.47	35	189	212	1.1428	1.1093	4.62	0.1293	1.1344	1.2094	1.2024	17.63	0.15	1.0	0.7772	1.1344	1.2842	10.03	0.23246	487.17														
L010060	hotspot_other	poa_abpoa	884.44	2.229	1.0	0.7481	1327.49	88	191	247	1.7059	1.7804	97.59	0.0101	1.6188	1.7836	1.6672	289.83	4.53	2.0	2.5495	1.6195	1.7488	69.58	0.56386	4171.46														
L010113	control_vntr_correct	poa_abpoa	240.84	5.333	1	0.6196	336.44	147	4	56	1.1443	1.0	4.57	0.5409	1.1449	1.2779	1.3011	19.43	0.26	0.0	0.0793	1.1446	1.0614	0.97	0.36787	889.41														
L010328	hotspot_vntr	poa_abpoa	3588.1	2.295	1	0.7542	5681.29	63	380	393	1.1593	1.2468	77.51	0.0	1.2038	1.3916	1.4555	412.32	11.07	2.0	4.4222	1.2042	1.0136	4.87	0.87447	75258.5														
L010350	control_vntr_matched	poa_abpoa	220.69	5.192	1.0	0.5737	300.53	462	16	71	3.8051	4.0267	65.39	0.3005	4.2004	5.9333	6.5814	248.83	0.21	0.0	0.4658	4.2004	2.9731	14.14	0.21777	366.14														
L010452	control_nontr_sv	poa_abpoa	41.1	26.424	1	0.6364	53.55	10	3	9	1.0002	1.0	0.01	0.9933	1.0	1.0	1.0	0.0	0.0	0.0	0.1659	1.0	1.0	0.0	0.0	0.0														
L010508	control_vntr_correct	poa_abpoa	197.85	5.622	1.0	0.6648	271.26	198	12	75	2.3135	1.0131	19.08	0.4852	2.7219	3.5694	4.4815	89.69	0.01	1.0	0.6283	2.7219	1.4174	5.07	0.2175	433.39														
L011121	control_vntr_correct	poa_abpoa	236.77	5.472	1.0	0.6623	323.4	129	14	54	1.0241	1.0	1.42	0.6059	1.0107	1.0254	1.0098	3.12	0.09	1.0	0.9363	1.0106	1.0113	1.21	0.32088	771.07														
L011224	control_vntr_correct	poa_abpoa	277.45	4.813	1	0.5371	398.91	178	18	126	1.3211	1.2219	36.7	0.2882	1.3445	1.3917	1.4163	109.99	1.64	2.0	1.7127	1.3445	1.4169	36.2	0.16282	479.63														
L011227	control_vntr_matched	poa_abpoa	199.0	6.561	1	0.5688	278.99	167	12	81	1.2458	1.0	9.94	0.6306	1.0807	1.2495	1.0955	22.33	0.07	1.0	0.8131	1.0804	1.0991	3.32	0.30105	680.6														
L011430	control_vntr_matched	poa_abpoa	356.55	3.308	1.0	0.5564	541.94	259	18	161	1.2781	1.2114	10.23	0.1438	1.1646	1.2413	1.1494	26.84	0.57	0.0	0.2363	1.1646	2.3892	21.85	0.29467	978.03														
L011463	hotspot_vntr	poa_abpoa	695.81	2.202	1.0	0.7203	1022.8	544	84	386	1.5188	1.5651	92.33	0.0133	1.5742	1.575	1.668	275.64	3.31	5.0	4.9385	1.5749	1.8452	90.06	0.46859	2615.01														
L011931	control_nontr_sv	poa_abpoa	87.05	21.929	1.0	0.6905	131.61	8	38	51	1.0012	1.0012	0.42	0.3632	1.0012	1.0	1.0	0.0	0.0	1.0	0.5311	1.0012	1.0	0.0	0.00045	1.04														
L012256	hotspot_other	poa_abpoa	470.99	5.849	1	0.5287	715.94	109	80	281	1.0778	1.0722	37.52	0.1233	1.0986	1.154	1.1994	154.35	0.8	8.0	7.63	1.0986	1.0727	26.24	0.37277	1941.98														
L012294	hotspot_vntr	poa_abpoa	1249.86	5.72	1.0	0.5832	1891.24	31	413	449	1.0904	1.1128	49.67	0.0	1.1631	1.1346	1.1984	156.12	1.06	7.0	7.9253	1.1632	1.1771	70.23	0.46409	7437.81														
L012313	control_vntr_matched	poa_abpoa	51.27	21.707	1.0	0.6463	70.02	49	7	65	1.0897	1.0	2.01	0.8754	1.2046	1.001	1.0	0.05	0.0	1.0	1.1422	1.2046	1.6984	11.73	0.03327	47.2														
L012489	hotspot_other	poa_abpoa	516.0	2.607	1	0.7133	757.11	198	191	280	1.4403	1.3732	34.38	0.0369	1.5791	1.7285	1.9165	153.73	1.63	0.0	0.6476	1.5805	1.9659	39.61	0.38143	1679.94														
L012530	control_nontr_sv	poa_abpoa	56.56	18.0	1.0	0.5455	79.69	11	9	20	1.0	1.0	0.0	1.0	1.0	1.0	1.0	0.0	0.0	0.0	0.2018	1.0	1.034	1.06	0.0	0.0														
L013000	control_vntr_correct	poa_abpoa	172.2	7.191	1	0.6404	247.66	1	174	174	1.0774	1.0244	15.82	0.3574	1.0336	1.0769	1.0341	32.61	0.23	4.0	3.6499	1.0336	1.0505	14.23	0.21463	479.91														
L013064	hotspot_other	poa_abpoa	766.99	2.51	1.0	0.7054	1214.39	179	153	284	1.5974	1.6049	78.64	0.0135	1.6805	1.7062	1.797	278.17	3.89	0.0	0.4101	1.6804	1.7537	77.11	0.5838	5436.34														
L013074	control_vntr_correct	poa_abpoa	23.09	43.646	1.0	0.6835	31.56	28	28	52	1.0012	1.0	0.84	0.5485	1.0012	1.0	1.0	0.0	0.0	1.0	0.7581	1.0012	1.0	0.0	0.01205	13.88														
L013244	hotspot_vntr	poa_abpoa	626.83	5.828	1.0	0.6525	908.32	76	130	190	1.1196	1.1422	44.14	0.0687	1.1592	1.2263	1.288	173.37	1.94	9.0	6.7357	1.1574	1.0653	14.05	0.4827	3618.17														
L013399	control_nontr_sv	poa_abpoa	27.36	80.167	1.0	0.5556	34.95	6	2	7	1.0001	1.0	0.06	0.9404	1.0	1.0	1.0	0.0	0.0	0.0	0.3618	1.0	1.0	0.0	0.0	0.0														
L013531	hotspot_other	poa_abpoa	1141.82	2.033	1	0.76	1872.71	63	235	251	1.2629	1.3127	63.04	0.0102	1.1951	1.5078	1.4117	274.63	5.26	2.0	2.3533	1.1945	1.1684	50.51	0.68403	9139.53														
L014111	control_vntr_matched	poa_abpoa	119.54	8.968	1.0	0.5833	162.48	149	6	46	1.1558	1.1544	6.2	0.468	1.141	1.3117	1.2974	33.84	0.02	0.0	0.0022	1.141	2.9684	10.83	0.0912	146.58														
L014160	hotspot_vntr	poa_abpoa	1030.13	1.783	1	0.7842	1564.64	256	420	432	1.7299	1.7131	101.02	0.0	1.8068	1.6461	1.7112	264.91	3.49	2.0	3.6542	1.8068	2.2597	98.05	0.60281	6224.18														
L014181	control_vntr_matched	poa_abpoa	489.96	4.271	1.0	0.6214	693.18	236	16	95	1.5177	1.3212	62.97	0.0978	1.3935	1.2893	1.3333	91.03	0.33	1.0	2.0133	1.3935	1.6112	58.68	0.40758	1839.59														
L014210	hotspot_vntr	poa_abpoa	891.47	2.404	1	0.7675	1264.52	60	190	206	1.0633	1.0788	29.19	0.0608	1.0718	1.1026	1.1016	101.98	2.19	9.0	10.3736	1.0717	1.0406	14.66	0.7089	6557.03														
L014297	hotspot_vntr	poa_abpoa	1624.17	2.086	1.0	0.7208	2427.62	132	256	299	1.0802	1.1038	31.5	0.0067	1.1276	1.1629	1.2292	138.51	2.43	1.0	3.1886	1.1276	1.0286	7.49	0.66941	12654.71														
L014324	control_vntr_correct	poa_abpoa	317.42	5.52	1.0	0.6892	441.13	91	32	59	1.1095	1.1223	13.39	0.2556	1.116	1.2451	1.2743	63.89	1.05	0.0	1.5099	1.116	1.0286	2.61	0.45556	1679.79														
L014358	hotspot_vntr	poa_abpoa	835.8	4.138	1.0	0.6332	1250.88	35	312	352	1.0388	1.0488	12.6	0.0336	1.0378	1.0717	1.0651	49.09	0.89	2.0	1.9667	1.0378	1.037	9.47	0.50748	4852.01														
L014426	control_vntr_correct	poa_abpoa	66.81	15.373	2.0	0.4921	94.38	21	6	42	1.0243	1.0	0.48	0.9222	1.0094	1.0241	1.0102	1.13	0.04	0.0	0.0681	1.0094	1.0794	1.43	0.06151	86.43														
L014899	control_nontr_sv	poa_abpoa	23.0	43.826	1	0.5217	30.0	8	2	7	1.0	1.0	0.0	1.0	1.0	1.0	1.0	0.0	0.0	1.0	0.9167	1.0	1.0199	0.92	0.0	0.0														
L015126	hotspot_other	poa_abpoa	1156.76	1.886	1	0.8075	1825.47	77	306	369	1.1687	1.2161	40.39	0.0	1.2186	1.3821	1.4549	207.61	4.37	0.0	1.5626	1.2178	1.0988	18.35	0.84938	15386.88														
L015223	control_vntr_matched	poa_abpoa	136.26	13.8	2	0.456	192.59	93	22	79	1.1014	1.1005	22.02	0.3249	1.106	1.0092	1.0113	4.64	0.0	0.0	0.9496	1.106	1.1188	24.43	0.08175	225.29														
L015285	control_vntr_correct	poa_abpoa	234.61	4.804	1	0.6932	321.89	87	25	47	1.2746	1.3028	19.81	0.2919	1.2677	1.4501	1.4581	70.9	0.3	0.0	0.3267	1.2677	1.0945	2.38	0.38769	861.99														
L015331	hotspot_vntr	poa_abpoa	1070.81	2.274	1.0	0.771	1553.52	209	325	373	1.0958	1.1211	26.09	0.0134	1.1135	1.1836	1.2262	109.35	1.46	2.0	3.5837	1.1135	1.0169	3.24	0.67688	6328.3														
L015415	hotspot_vntr	poa_abpoa	808.1	4.235	1.0	0.6954	1173.36	68	109	222	1.0222	1.03	11.99	0.0377	1.0383	1.0442	1.0607	49.12	1.54	10.0	10.2626	1.0383	1.0005	0.19	0.57763	5456.23														
L015708	hotspot_other	poa_abpoa	250.0	4.967	1.0	0.5746	354.63	200	4	232	1.2966	1.0979	9.6	0.094	1.3491	1.2799	1.2926	24.98	0.1	1.0	0.7719	1.3487	1.7727	15.23	0.28382	805.59														
L015743	control_vntr_correct	poa_abpoa	23.37	99.964	1.0	0.625	34.22	21	26	55	1.0017	1.0	0.8	0.6413	1.0024	1.0019	1.0025	1.77	0.0	1.0	1.0993	1.0024	1.0017	1.07	0.00366	8.97														
L015847	hotspot_other	poa_abpoa	795.06	2.148	1.0	0.756	1231.99	109	208	290	1.2141	1.2058	79.0	0.0136	1.2205	1.2848	1.3064	259.4	4.83	9.0	7.8369	1.2199	1.2471	90.74	0.47792	3442.29														
L015904	hotspot_other	poa_abpoa	2632.6	2.445	1	0.84	4360.93	78	424	428	1.302	1.3632	93.79	0.0	1.2242	1.6298	1.5299	462.85	12.25	2.0	2.4031	1.2247	1.1032	38.1	0.8597	47426.48														
L016040	control_nontr_sv	poa_abpoa	48.75	24.257	1	0.5429	65.46	12	3	11	1.0001	1.0	0.01	0.9945	1.0	1.0	1.0	0.0	0.0	0.0	0.4634	1.0	1.0003	0.01	0.0	0.0														
L016062	control_vntr_correct	poa_abpoa	322.43	5.691	1.0	0.7182	443.35	144	5	78	1.1598	1.1143	14.24	0.2945	1.2096	1.2991	1.3831	57.43	0.41	1.0	1.1643	1.2089	1.022	0.98	0.40518	1516.73														
L016124	control_vntr_matched	poa_abpoa	255.03	4.614	1.0	0.6526	348.99	206	12	50	1.2174	1.1	11.44	0.1244	1.2286	1.2132	1.2243	30.35	0.37	0.0	0.8549	1.2286	1.1152	2.3	0.32484	694.77														
L016274	control_nontr_sv	poa_abpoa	45.82	37.647	1.0	0.5882	60.65	11	3	13	1.0002	1.0	0.03	0.9821	1.0	1.0	1.0	0.0	0.0	0.0	0.0333	1.0	1.0	0.0	0.0	0.0														
L016523	control_vntr_correct	poa_abpoa	46.96	22.713	1	0.5504	64.8	39	4	38	1.0103	1.0	0.29	0.9556	1.0162	1.0004	1.0028	0.03	0.0	1.0	0.7965	1.0162	1.2471	6.86	0.01085	14.56														
L016830	control_vntr_correct	poa_abpoa	286.4	4.98	1	0.5869	405.75	124	74	124	1.2132	1.0184	34.62	0.2982	1.3935	1.3825	1.6907	129.37	0.51	2.0	1.8256	1.3935	1.3012	41.04	0.41454	1305.35														
L016884	control_vntr_correct	poa_abpoa	376.43	3.535	1	0.6375	566.79	33	248	273	1.32	1.3283	46.05	0.0067	1.4907	1.3499	1.557	124.58	1.5	1.0	1.5497	1.4907	1.5599	51.78	0.42944	1817.75														
L017097	control_nontr_sv	poa_abpoa	101.05	21.338	1	0.6234	135.17	15	12	20	1.0012	1.0	0.24	0.7468	1.0021	1.0	1.0	0.0	0.0	1.0	0.8446	1.0021	1.0	0.0	0.0	0.0														
L017325	control_vntr_matched	poa_abpoa	260.04	4.283	1.0	0.5247	385.24	62	119	196	1.1032	1.0799	18.62	0.2905	1.0577	1.1192	1.1288	48.5	0.88	8.0	7.1941	1.0577	1.0359	18.92	0.50226	1379.69														
TR101140	control_vntr_matched	poa_abpoa	613.11	2.754	1	0.7047	857.84	533	59	147	1.2618	1.0	12.94	0.8261	1.2159	1.2611	1.2272	29.0	3.72	0.0	0.3246	1.2158	1.1591	3.68	0.30464	1304.19														
TR368009	control_vntr_matched	poa_abpoa	142.83	9.177	1.0	0.6801	192.81	380	47	114	1.0554	1.0	5.1	0.6071	1.0494	1.0415	1.0382	7.86	0.0	0.0	0.489	1.0494	1.0538	3.19	0.16348	321.23														
TR423938	control_vntr_matched	poa_abpoa	250.89	5.896	1.0	0.5512	353.72	87	20	42	1.3711	1.1539	32.03	0.399	1.3705	1.5483	1.5579	126.73	0.26	0.0	0.2953	1.3705	1.2624	7.64	0.30599	778.81														
TR424743	control_vntr_matched	poa_abpoa	116.21	44.718	1	0.5952	160.18	47	22	96	1.0039	1.0031	1.64	0.2676	1.0033	1.0048	1.004	4.07	0.01	0.0	1.2186	1.0033	1.0049	1.89	0.06027	353.4														
TR446002	control_vntr_matched	poa_abpoa	45.38	22.429	1	0.5429	63.53	25	9	34	1.0115	1.0	0.06	0.9265	1.0059	1.1001	1.0926	1.83	0.19	0.0	0.0024	1.0059	1.019	0.04	0.01674	21.61														
TR455654	control_vntr_matched	poa_abpoa	69.08	15.114	1.0	0.6386	97.38	38	15	53	1.0791	1.0	0.43	0.6394	1.0905	1.0797	1.0867	1.36	0.33	0.0	0.0022	1.091	1.785	1.63	0.03201	46.61														
TR460913	control_vntr_matched	poa_abpoa	103.58	11.382	1.0	0.6176	139.38	20	26	42	1.0315	1.0	0.42	0.8814	1.0324	1.0506	1.0492	1.64	0.07	0.0	0.0046	1.0324	1.0031	0.01	0.12008	216.3														
TR499275	control_vntr_matched	poa_abpoa	29.23	35.52	1	0.622	39.36	40	6	45	1.0002	1.0	0.0	0.9963	1.0003	1.0	1.0	0.0	0.0	0.0	0.0044	1.0003	1.0006	0.0	0.00038	0.46														
TR499276	control_vntr_matched	poa_abpoa	40.37	25.099	1	0.6685	53.76	60	3	64	1.0	1.0	0.0	1.0	1.0	1.0	1.0	0.0	0.0	0.0	0.0	1.0	1.0	0.0	0.0	0.0														
TR573259	control_vntr_matched	poa_abpoa	420.69	5.713	1.0	0.566	608.43	258	7	84	1.1583	1.167	29.56	0.234	1.1545	1.2524	1.2611	108.01	0.7	3.0	2.3033	1.1545	1.1142	27.41	0.50425	2699.9														
TR668316	control_vntr_matched	poa_abpoa	161.93	8.885	1.0	0.5766	226.9	82	22	123	1.1252	1.043	8.48	0.3394	1.0934	1.1492	1.1118	21.61	0.0	0.0	0.5369	1.0937	1.1317	4.57	0.27288	673.52														
TR687433	control_vntr_matched	poa_abpoa	176.01	8.676	1.0	0.6475	242.24	115	4	47	1.1444	1.0484	24.8	0.0769	1.1707	1.1371	1.1724	51.22	0.29	4.0	3.1372	1.1707	1.1479	18.27	0.32137	798.93														
TR687489	control_vntr_matched	poa_abpoa	132.19	12.152	1	0.5512	182.72	69	7	53	1.0607	1.0	1.26	0.8615	1.0758	1.1052	1.1076	4.69	0.0	0.0	0.1559	1.0758	1.0562	0.55	0.20849	507.14														
TR724750	control_vntr_matched	poa_abpoa	492.61	2.914	1	0.7566	682.67	87	51	76	1.2907	1.2344	35.22	0.1136	1.4778	1.3418	1.4607	104.1	0.37	2.0	1.3151	1.4778	1.55	36.07	0.58201	2607.12														
TR743754	control_vntr_matched	poa_abpoa	47.9	21.807	1.0	0.6214	63.98	24	23	42	1.0057	1.0	0.13	0.6312	1.0059	1.0	1.0	0.0	0.0	0.0	0.3268	1.0059	1.0	0.0	0.00153	2.05														
TR831034	control_vntr_matched	poa_abpoa	1069.24	1.544	1.0	0.7964	1645.42	1088	183	322	2.0251	1.7403	76.79	0.01	1.9405	2.2273	2.1364	268.36	2.26	0.0	1.4809	1.9405	5.296	67.6	0.31602	2614.57														
L000034	hotspot_vntr	poa_spoa	3316.82	1.335	1	0.8882	5300.09	184	238	394	1.163	1.1867	68.34	0.0	1.1692	1.3024	1.2763	299.9	10.41	1.0	5.2768	1.1697	1.0732	27.14	0.8233	39947.3														
L000308	control_vntr_matched	poa_spoa	197.91	5.419	1	0.5437	276.05	242	5	58	1.0963	1.0624	16.81	0.2985	1.1386	1.1566	1.323	66.51	0.98	2.0	2.0947	1.1383	1.0754	12.51	0.27649	501.22														
L000381	control_vntr_matched	poa_spoa	91.81	11.792	1.0	0.6379	124.62	206	2	99	1.0269	1.0	0.49	0.6064	1.0337	1.0741	1.0954	3.52	0.0	1.0	0.8447	1.0337	1.5108	8.49	0.0293	48.64														
L000407	control_vntr_correct	poa_spoa	143.64	8.522	1	0.5217	205.73	101	11	84	1.0852	1.0074	2.55	0.487	1.023	1.1003	1.0343	7.2	0.77	1.0	0.9313	1.023	1.1669	4.21	0.21146	426.89														
L000506	control_nontr_sv	poa_spoa	45.17	22.569	1	0.6667	69.09	8	21	27	1.0	1.0	0.0	1.0	1.0	1.0	1.0	0.0	0.0	1.0	0.5692	1.0	1.0	0.0	0.0	0.0														
L000698	control_vntr_correct	poa_spoa	67.91	18.903	1	0.6371	96.85	55	21	87	1.0246	1.0	0.49	0.5889	1.0342	1.0339	1.0154	1.62	0.11	1.0	0.9804	1.0342	1.1	21.48	0.03916	65.9														
L000709	control_vntr_matched	poa_spoa	26.35	38.273	1	0.6667	35.14	50	2	46	1.0	1.0	0.0	0.9957	1.0	1.0	1.0	0.0	0.0	0.0	0.2456	1.0	1.0	0.0	0.00027	0.32														
L001491	control_vntr_correct	poa_spoa	423.99	3.612	1.0	0.626	587.51	116	6	50	1.1859	1.1224	35.71	0.4222	1.203	1.4212	1.4524	174.78	1.25	0.0	0.8125	1.203	1.0273	3.86	0.25851	898.11														
L001527	control_nontr_sv	poa_spoa	61.78	16.514	1.0	0.6429	88.26	14	17	30	1.0001	1.0	0.02	0.9828	1.0	1.0	1.0	0.0	0.0	0.0	0.3523	1.0	1.0	0.0	0.0	0.0														
L001894	control_vntr_matched	poa_spoa	108.96	10.055	1.0	0.5483	152.61	176	3	84	1.1589	1.0057	3.79	0.4963	1.183	1.1144	1.1242	7.69	0.02	0.0	0.4515	1.183	3.788	16.48	0.11756	198.11														
L001899	control_vntr_matched	poa_spoa	851.45	2.87	1.0	0.6805	1277.69	128	44	122	1.168	1.1739	48.36	0.0104	1.2124	1.3083	1.3929	195.81	4.0	1.0	1.1451	1.2136	1.124	23.31	0.56873	4354.77														
L002096	hotspot_vntr	poa_spoa	1272.32	2.495	1	0.7622	2077.11	154	97	280	1.0917	1.0865	40.3	0.0237	1.1573	1.3004	1.3707	286.44	6.37	3.0	3.0242	1.1575	1.101	34.8	0.73058	12949.29														
L002143	hotspot_vntr	poa_spoa	636.72	2.964	1	0.7259	911.11	502	120	192	1.2716	1.0563	17.76	0.3571	1.2467	1.4902	1.4283	72.49	0.48	1.0	2.4858	1.2462	1.0701	2.5	0.64805	4159.82														
L002182	hotspot_vntr	poa_spoa	2314.07	1.923	1.0	0.84	3618.93	54	396	408	1.0522	1.0614	29.0	0.0067	1.0827	1.1282	1.1604	150.42	5.16	5.0	5.8151	1.0828	1.0058	2.45	0.84595	30156.2														
L002292	control_nontr_sv	poa_spoa	29.78	33.938	1	0.5846	42.14	12	9	31	1.0001	1.0	0.01	0.9721	1.0001	1.0	1.0	0.0	0.0	0.0	0.0879	1.0001	1.0001	0.0	0.0	0.0														
L002884	control_vntr_matched	poa_spoa	134.97	8.382	2	0.4971	190.7	151	8	112	1.0335	1.0237	1.8	0.3274	1.0356	1.1931	1.1953	22.12	0.27	1.0	0.567	1.0356	1.0299	1.41	0.15291	311.15														
L002940	hotspot_other	poa_spoa	884.02	2.013	1	0.7727	1378.49	101	312	359	1.1966	1.2826	41.98	0.0067	1.3015	1.3925	1.5224	196.96	2.73	0.0	0.8451	1.3015	1.3029	38.69	0.65104	4124.39														
L003119	control_vntr_correct	poa_spoa	34.03	29.667	1	0.5657	47.44	35	2	42	1.0016	1.0	0.01	0.9926	1.0006	1.0076	1.0144	0.11	0.0	3.0	3.0	1.0006	1.0009	0.44	0.01316	15.81														
L003171	control_nontr_sv	poa_spoa	49.81	20.491	1	0.6226	74.25	9	19	24	1.0031	1.0029	0.58	0.4706	1.0028	1.0	1.0	0.0	0.0	0.0	0.2864	1.0028	1.0	0.0	0.0	0.0														
L003672	control_vntr_correct	poa_spoa	198.61	5.561	1	0.5965	274.87	127	8	58	1.5353	1.4267	36.36	0.1004	1.6238	1.8318	2.0138	136.13	0.41	1.0	0.9779	1.6238	1.4028	15.76	0.2571	494.0														
L003695	hotspot_other	poa_spoa	405.87	4.487	1	0.5973	627.09	29	101	114	1.2204	1.2728	35.27	0.0035	1.3006	1.4947	1.6188	181.87	2.23	0.0	0.1351	1.3011	1.3076	35.98	0.59813	2977.43														
L003826	control_vntr_matched	poa_spoa	802.95	1.88	1	0.7737	1214.68	103	248	411	1.4606	1.4941	69.33	0.0067	1.5727	1.4773	1.507	209.8	4.2	1.0	1.1926	1.5727	2.1987	91.62	0.45022	3657.32														
L003828	hotspot_other	poa_spoa	1695.93	1.31	1.0	0.8693	3073.88	135	354	393	1.1043	1.1484	53.31	0.0	1.0767	1.6121	1.5467	657.51	12.74	4.0	8.3451	1.0767	1.0492	32.5	0.71509	19356.04														
L003872	control_vntr_matched	poa_spoa	184.09	5.759	2.0	0.4816	266.33	123	9	89	1.0603	1.042	4.88	0.2057	1.0388	1.1257	1.1142	28.87	0.23	0.0	0.2813	1.0389	1.3559	11.76	0.11716	248.39														
L003883	control_nontr_sv	poa_spoa	123.19	36.716	1.0	0.6275	164.25	9	24	29	1.0004	1.0003	0.22	0.4217	1.0004	1.0	1.0	0.0	0.0	1.0	0.6733	1.0004	1.0	0.0	0.0	0.0														
L004021	control_vntr_matched	poa_spoa	259.66	5.916	1	0.667	366.55	356	16	233	1.0863	1.0	2.1	0.739	1.0305	1.1957	1.0791	10.97	0.09	1.0	1.4904	1.0304	1.0651	1.37	0.18987	525.4														
L004620	control_nontr_sv	poa_spoa	39.09	26.105	1.0	0.5526	53.5	11	5	14	1.0	1.0	0.01	0.9915	1.0032	1.0	1.0062	0.02	0.0	1.0	0.5121	1.0032	1.0001	0.01	0.0	0.0														
L004848	hotspot_other	poa_spoa	1684.86	1.661	1.0	0.8397	2885.62	55	319	359	1.0933	1.1061	36.21	0.0	1.0949	1.3676	1.3595	310.57	4.95	0.0	1.4283	1.0946	1.0241	8.32	0.82643	21470.34														
L004989	hotspot_other	poa_spoa	778.64	2.776	1.0	0.7457	1284.2	68	116	247	1.1687	1.1603	42.99	0.0243	1.0666	1.5196	1.3108	289.19	4.97	2.0	1.927	1.0666	1.0373	17.16	0.63694	5310.9														
L005064	hotspot_other	poa_spoa	818.46	1.894	1.0	0.733	1354.22	324	46	240	1.5271	1.5897	54.14	0.0168	1.5959	2.3279	2.3587	354.81	2.31	0.0	0.0681	1.5968	1.5799	43.91	0.81831	10574.27														
L005261	hotspot_other	poa_spoa	2265.42	2.457	1.0	0.6747	3703.14	36	100	209	1.0458	1.0952	18.75	0.0211	1.077	1.1788	1.2491	154.73	5.58	1.0	0.9648	1.077	1.0423	10.56	0.76723	24472.64														
L005411	hotspot_vntr	poa_spoa	1177.87	1.636	1	0.812	1774.75	313	221	421	1.0944	1.1371	30.16	0.0	1.13	1.2192	1.3127	160.54	2.63	7.0	7.1165	1.1301	1.0577	12.9	0.81235	13314.97														
L005481	hotspot_vntr	poa_spoa	842.61	2.465	1	0.7495	1263.75	121	116	232	1.3168	1.3289	48.48	0.0205	1.3408	1.5772	1.5067	207.1	2.36	0.0	0.2637	1.3418	1.2484	27.03	0.71273	6025.18														
L005618	hotspot_other	poa_spoa	1309.88	1.73	1.0	0.8259	2186.77	113	228	442	1.1224	1.1416	47.53	0.0	1.1114	1.3655	1.3626	314.91	6.29	2.0	4.1382	1.1115	1.0507	19.86	0.84906	20609.16														
L005688	control_nontr_sv	poa_spoa	212.08	6.748	1	0.6358	285.11	45	6	18	1.0158	1.0	2.03	0.6058	1.0161	1.0071	1.0079	2.19	0.12	1.0	0.8128	1.0161	1.0158	3.99	0.0	0.0														
L005990	hotspot_vntr	poa_spoa	865.74	2.407	1.0	0.7729	1441.54	271	231	368	1.1053	1.1468	24.71	0.0	1.1475	1.314	1.3725	160.71	1.6	3.0	4.1478	1.1475	1.1503	27.55	0.66968	7114.64														
L006556	control_nontr_sv	poa_spoa	60.48	16.875	1.0	0.6786	82.07	9	14	22	1.0041	1.0	0.51	0.6627	1.003	1.0019	1.0	0.49	0.0	0.0	0.1977	1.003	1.0	0.0	0.0	0.0														
L006952	hotspot_vntr	poa_spoa	1227.22	1.667	1	0.7287	2023.72	45	244	310	1.0279	1.0174	16.13	0.0479	1.0412	1.1244	1.1524	149.14	3.57	6.0	4.0219	1.041	1.0049	2.8	0.83819	16486.89														
L007033	control_vntr_correct	poa_spoa	497.63	3.314	1.0	0.6735	714.12	19	174	187	1.0069	1.0011	5.26	0.0289	1.0082	1.0177	1.0217	27.16	0.32	3.0	2.7817	1.0082	1.0032	1.73	0.50781	2563.49														
L007065	control_vntr_matched	poa_spoa	90.74	11.484	1.0	0.5959	124.59	93	9	49	1.0148	1.0	0.15	0.9508	1.0115	1.0369	1.032	0.85	0.0	0.0	0.2289	1.0114	1.0329	0.14	0.17849	271.51														
L007161	hotspot_other	poa_spoa	974.71	1.507	1	0.8104	1574.88	224	56	147	1.1242	1.1452	53.04	0.0141	1.1188	1.5269	1.4671	499.58	8.12	1.0	3.5421	1.1188	1.0495	22.03	0.7057	7547.86														
L007172	control_vntr_matched	poa_spoa	543.04	2.707	1.0	0.6512	810.9	218	23	141	1.4505	1.186	64.04	0.1713	1.5729	1.7857	1.9703	246.48	1.44	1.0	0.9035	1.5747	1.5018	52.16	0.49454	2165.84														
L007184	hotspot_other	poa_spoa	250.97	5.692	1	0.5723	391.51	21	98	170	1.0971	1.0405	17.79	0.1754	1.0263	1.2049	1.1078	78.55	0.54	2.0	2.457	1.0263	1.0161	5.92	0.33724	999.23														
L007192	control_nontr_sv	poa_spoa	59.85	22.878	1	0.6098	84.67	11	6	20	1.0004	1.0	0.01	0.9912	1.0	1.003	1.0022	0.23	0.0	0.0	0.0177	1.0	1.0	0.0	0.00944	16.06														
L007480	hotspot_other	poa_spoa	1094.25	2.192	1.0	0.8288	1599.88	20	133	199	1.0801	1.1005	19.98	0.0381	1.1565	1.1714	1.3278	91.0	1.14	2.0	2.3259	1.1565	1.0165	3.08	0.59471	5015.41														
L007687	control_vntr_matched	poa_spoa	246.12	4.777	1	0.6682	341.02	77	24	47	1.1595	1.0	5.73	0.6622	1.1311	1.2051	1.1771	16.12	0.06	0.0	0.5033	1.1311	1.1983	2.69	0.42332	1075.99														
L007717	control_vntr_matched	poa_spoa	379.8	4.01	1	0.5782	554.45	360	4	127	1.0962	1.0319	9.57	0.1882	1.0844	1.1583	1.1393	40.17	0.63	0.0	1.1956	1.0844	1.1845	10.5	0.38827	1416.85														
L007844	hotspot_other	poa_spoa	2945.67	1.252	1.0	0.9059	4763.08	101	396	436	1.1984	1.2301	63.67	0.0	1.1562	1.4652	1.4062	362.66	7.73	1.0	1.8857	1.1563	1.0028	1.03	0.92013	78988.93														
L008216	hotspot_vntr	poa_spoa	719.35	3.183	1	0.7315	1020.05	149	109	204	1.357	1.3865	47.62	0.0405	1.3612	1.3447	1.3329	110.22	0.37	2.0	2.4152	1.3619	1.6156	45.2	0.5292	3894.09														
L008631	control_nontr_sv	poa_spoa	46.94	31.697	1	0.5758	65.43	9	6	15	1.0	1.0	0.0	1.0	1.0	1.0	1.0	0.0	0.0	0.0	0.0141	1.0	1.0	0.0	0.0	0.0														
L008864	hotspot_vntr	poa_spoa	5117.32	1.476	1	0.8275	8637.73	104	293	342	1.0911	1.1618	50.09	0.0034	1.1386	1.2703	1.3629	325.49	6.84	0.0	4.2511	1.139	1.0852	36.06	0.84134	61058.66														
L008877	hotspot_other	poa_spoa	2732.04	1.808	1	0.8322	4721.25	170	299	390	1.2817	1.3952	78.87	0.0	1.0717	1.7153	1.3698	481.78	7.94	9.0	8.3947	1.0718	1.0298	16.33	0.78587	31393.38														
L008887	control_vntr_correct	poa_spoa	121.14	13.85	2.0	0.4777	172.84	65	6	56	1.02	1.0	1.17	0.5609	1.024	1.1307	1.159	16.23	0.01	1.0	0.9348	1.0241	1.018	2.0	0.1954	468.75														
L008902	control_vntr_correct	poa_spoa	280.54	6.256	1.0	0.6215	397.37	202	3	73	1.1431	1.0909	8.42	0.094	1.1822	1.2485	1.296	38.16	0.68	0.0	0.5088	1.1822	1.4556	9.54	0.25634	746.09														
L009283	control_nontr_sv	poa_spoa	75.26	13.61	1	0.5424	102.04	18	4	19	1.0062	1.0	0.38	0.75	1.0035	1.0034	1.0002	0.43	0.09	0.0	0.1018	1.0035	1.0	0.0	0.0	0.0														
L009398	hotspot_vntr	poa_spoa	213.22	10.685	2.0	0.4639	328.04	29	151	166	1.0328	1.0284	9.88	0.0887	1.0324	1.0738	1.0745	46.05	1.28	1.0	1.6535	1.0324	1.0032	0.75	0.26542	930.8														
L009600	control_nontr_sv	poa_spoa	20.75	53.476	1	0.5714	26.68	7	2	8	1.0005	1.0	0.04	0.9548	1.0004	1.0	1.0	0.0	0.0	1.0	0.6157	1.0004	1.0	0.0	0.0	0.0														
L009656	hotspot_vntr	poa_spoa	765.43	2.179	1	0.7431	1177.81	16	248	250	1.4324	1.8761	46.21	0.0305	1.5466	1.8256	1.9583	219.82	2.3	0.0	0.1882	1.5466	1.581	36.35	0.69452	5871.8														
L009770	control_vntr_matched	poa_spoa	202.48	6.419	1.0	0.5654	279.79	153	17	87	1.0295	1.018	5.03	0.214	1.0215	1.071	1.0722	24.9	0.43	4.0	2.8651	1.0215	1.0002	0.04	0.34184	798.16														
L009771	control_vntr_correct	poa_spoa	85.32	13.71	1.0	0.62	114.33	33	3	15	1.0037	1.0	0.25	0.979	1.0003	1.0119	1.0058	1.69	0.0	1.0	0.8827	1.0003	1.0003	0.02	0.16371	267.92														
L009803	hotspot_vntr	poa_spoa	1681.69	1.243	1.0	0.9163	2613.22	39	438	442	1.1097	1.156	47.0	0.0	1.0987	1.2203	1.2357	211.56	5.64	3.0	6.2434	1.0987	1.0012	0.55	0.86607	22836.16														
L009885	control_vntr_correct	poa_spoa	198.61	5.565	1.0	0.5495	294.32	40	195	212	1.2147	1.1659	6.94	0.1293	1.1954	1.3959	1.3644	33.32	0.16	0.0	0.0734	1.1954	1.3586	12.65	0.29277	665.87														
L010060	hotspot_other	poa_spoa	1035.88	1.915	1	0.8014	1614.52	121	41	247	1.6971	1.6945	96.37	0.0067	1.8199	1.99	2.0915	366.19	3.95	2.0	1.6901	1.8199	1.9016	83.78	0.62099	5286.61														
L010113	control_vntr_correct	poa_spoa	245.17	5.232	1.0	0.5978	342.44	210	2	56	1.2182	1.0964	6.92	0.3191	1.2327	1.4648	1.5055	32.51	0.15	0.0	0.0947	1.232	1.106	1.67	0.38308	949.03														
L010350	control_vntr_matched	poa_spoa	40.26	27.316	1	0.5825	55.71	83	17	71	1.0735	1.0	1.71	0.6056	1.003	1.0707	1.0047	3.57	0.05	0.0	0.3245	1.003	1.2486	1.78	0.02198	29.55														
L010452	control_nontr_sv	poa_spoa	41.1	26.424	1	0.6364	53.55	10	3	9	1.0002	1.0	0.01	0.9933	1.0	1.0	1.0	0.0	0.0	0.0	0.1659	1.0	1.0	0.0	0.0	0.0														
L010508	control_vntr_correct	poa_spoa	141.44	7.854	1	0.6593	195.29	136	5	75	1.0109	1.0	0.16	0.963	1.0038	1.0168	1.007	0.59	0.0	1.0	0.6327	1.0038	1.095	1.15	0.18528	354.59														
L011121	control_vntr_correct	poa_spoa	257.55	5.078	1	0.6225	352.41	123	13	54	1.2321	1.0388	13.69	0.4164	1.2642	1.4781	1.5575	58.72	0.34	1.0	0.8	1.2643	1.0001	0.01	0.33541	823.6														
L011224	control_vntr_correct	poa_spoa	324.02	4.168	1	0.5569	466.43	202	30	126	1.2336	1.1414	26.7	0.2465	1.2437	1.3964	1.4123	111.32	0.63	2.0	1.989	1.2437	1.2752	23.89	0.20523	636.79														
L011227	control_vntr_matched	poa_spoa	259.06	5.061	1.0	0.6026	367.56	214	7	81	1.1622	1.0	6.56	0.5858	1.066	1.2425	1.121	21.71	0.21	1.0	0.7888	1.0658	1.0468	1.56	0.39182	1017.99														
L011430	control_vntr_matched	poa_spoa	395.85	2.981	1	0.595	606.93	316	13	161	1.2568	1.2167	9.44	0.1438	1.1461	1.285	1.1716	31.71	0.53	0.0	0.0109	1.1461	2.3326	20.96	0.33322	1169.92														
L011463	hotspot_vntr	poa_spoa	664.51	2.231	1.0	0.7107	980.95	592	101	386	1.3698	1.3942	65.8	0.01	1.4239	1.4442	1.5039	212.94	3.17	3.0	3.6176	1.4242	1.6672	71.09	0.43064	2243.11														
L011931	control_nontr_sv	poa_spoa	87.05	21.929	1.0	0.6905	131.61	8	38	51	1.0012	1.0012	0.42	0.3632	1.0012	1.0	1.0	0.0	0.0	1.0	0.5311	1.0012	1.0	0.0	0.00045	1.04														
L012256	hotspot_other	poa_spoa	610.49	4.524	1.0	0.574	943.24	182	58	281	1.0357	1.0247	17.22	0.1033	1.0533	1.0927	1.14	92.85	0.87	5.0	5.874	1.0533	1.0462	16.68	0.42706	2435.67														
L012313	control_vntr_matched	poa_spoa	51.27	21.707	1.0	0.6463	70.02	49	7	65	1.0897	1.0	2.01	0.8754	1.2046	1.001	1.0	0.05	0.0	1.0	1.1422	1.2046	1.6984	11.73	0.03327	47.2														
L012489	hotspot_other	poa_spoa	492.18	2.704	1.0	0.698	729.02	192	119	280	1.2996	1.2694	23.4	0.0369	1.3727	1.4746	1.4768	100.15	1.25	0.0	0.5551	1.3717	1.8331	34.16	0.36486	1565.08														
L012530	control_nontr_sv	poa_spoa	56.56	18.0	1.0	0.5455	79.69	11	9	20	1.0	1.0	0.0	1.0	1.0	1.0	1.0	0.0	0.0	0.0	0.2018	1.0	1.034	1.06	0.0	0.0														
L013000	control_vntr_correct	poa_spoa	225.23	5.508	1.0	0.6162	325.93	1	174	174	1.0528	1.0909	10.78	0.268	1.0861	1.0647	1.0925	27.44	0.28	5.0	4.4814	1.0861	1.1059	29.81	0.24923	582.94														
L013064	hotspot_other	poa_spoa	900.86	2.123	1.0	0.7693	1467.04	243	21	284	1.5421	1.5455	71.37	0.0135	1.6837	1.8759	2.0601	345.01	5.18	0.0	0.0132	1.6836	1.6849	70.08	0.64676	7096.12														
L013074	control_vntr_correct	poa_spoa	22.94	43.917	1	0.6879	31.41	28	28	52	1.0012	1.0	0.84	0.5485	1.0012	1.0	1.0	0.01	0.0	1.0	0.7581	1.0012	1.0	0.0	0.01155	13.3														
L013399	control_nontr_sv	poa_spoa	27.36	80.167	1.0	0.5556	34.95	6	2	7	1.0001	1.0	0.06	0.9404	1.0	1.0	1.0	0.0	0.0	0.0	0.3618	1.0	1.0	0.0	0.0	0.0														
L013531	hotspot_other	poa_spoa	1325.69	1.704	1.0	0.7788	2256.88	93	228	251	1.2243	1.3072	53.77	0.0068	1.1651	1.6168	1.5518	333.58	5.36	0.0	0.9533	1.1648	1.1303	39.07	0.73277	11576.45														
L014111	control_vntr_matched	poa_spoa	89.66	11.812	1.0	0.5952	122.15	110	8	46	1.0688	1.0624	2.73	0.452	1.0558	1.0788	1.074	8.55	0.0	0.0	0.2757	1.0558	3.3187	12.76	0.05232	80.65														
L014160	hotspot_vntr	poa_spoa	1154.16	1.563	1	0.8296	1808.7	414	76	432	1.5554	1.6696	76.88	0.0	1.6651	1.7307	1.7984	299.62	4.73	1.0	1.2379	1.6652	1.922	71.76	0.65955	7944.86														
L014181	control_vntr_matched	poa_spoa	575.85	3.615	1	0.6296	834.04	374	16	95	1.7682	1.6823	93.44	0.0543	1.9075	1.8203	2.1489	258.11	1.04	6.0	4.9558	1.9075	2.0535	101.14	0.46426	2317.12														
L014210	hotspot_vntr	poa_spoa	1012.66	2.147	1	0.781	1468.6	57	155	206	1.0532	1.0701	24.54	0.0608	1.0669	1.1115	1.1245	110.89	2.74	10.0	12.8242	1.0668	1.0337	12.19	0.74132	7716.5														
L014297	hotspot_vntr	poa_spoa	1743.03	1.939	1.0	0.7265	2664.34	133	272	299	1.0689	1.0928	27.05	0.0067	1.0949	1.1861	1.2246	158.17	3.13	0.0	2.8838	1.095	1.0025	0.66	0.68068	13322.05														
L014324	control_vntr_correct	poa_spoa	366.35	4.808	1	0.6786	514.32	97	31	59	1.1241	1.14	15.17	0.2256	1.1324	1.3119	1.3464	81.29	0.92	0.0	1.0396	1.1325	1.0286	2.61	0.49781	1990.06														
L014358	hotspot_vntr	poa_spoa	897.11	3.815	1	0.6041	1372.8	40	306	352	1.038	1.0503	12.33	0.0235	1.0383	1.0902	1.0931	61.72	1.49	1.0	1.3747	1.0383	1.0357	9.14	0.51312	4962.65														
L014426	control_vntr_correct	poa_spoa	102.86	10.041	2.0	0.4794	146.34	53	9	42	1.0256	1.0	0.51	0.9222	1.0188	1.0942	1.0531	4.41	0.03	0.0	0.0681	1.0188	1.0794	1.43	0.11809	176.56														
L014899	control_nontr_sv	poa_spoa	23.0	43.826	1	0.5217	30.0	8	2	7	1.0	1.0	0.0	1.0	1.0	1.0	1.0	0.0	0.0	1.0	0.9167	1.0	1.0199	0.92	0.0	0.0														
L015126	hotspot_other	poa_spoa	1238.2	1.772	1	0.8285	2043.31	80	273	369	1.1647	1.1953	39.43	0.0	1.2092	1.4562	1.5362	247.9	5.02	0.0	0.8615	1.2085	1.0594	11.03	0.86565	17581.12														
L015223	control_vntr_matched	poa_spoa	180.23	10.331	2.0	0.4456	257.99	141	6	79	1.0205	1.0201	4.44	0.3249	1.0243	1.0373	1.0363	18.86	0.08	0.0	3.3224	1.0243	1.0269	5.53	0.1283	372.46														
L015285	control_vntr_correct	poa_spoa	249.91	4.518	1.0	0.6716	346.14	85	21	47	1.1429	1.1122	10.31	0.2153	1.1563	1.2849	1.3057	44.89	0.1	0.0	0.3201	1.1563	1.0779	1.96	0.40967	944.8														
L015331	hotspot_vntr	poa_spoa	1146.74	2.134	1	0.7799	1673.09	212	249	373	1.0939	1.1258	25.56	0.0134	1.1192	1.1886	1.2444	112.34	1.31	1.0	2.4846	1.1191	1.0167	3.2	0.68398	6538.19														
L015415	hotspot_vntr	poa_spoa	811.53	4.201	1.0	0.6781	1184.35	66	196	222	1.0243	1.0324	13.14	0.0377	1.0414	1.0555	1.0735	61.66	1.75	12.0	11.8731	1.0414	1.0003	0.11	0.57311	5356.33														
L015708	hotspot_other	poa_spoa	215.47	5.641	1.0	0.5625	309.05	171	4	232	1.3836	1.0881	12.41	0.0772	1.2645	1.3658	1.3128	32.64	0.23	0.0	0.1513	1.2665	1.649	12.8	0.23753	633.29														
L015743	control_vntr_correct	poa_spoa	25.04	93.317	1.0	0.6417	36.52	23	26	55	1.0015	1.0021	0.69	0.2287	1.0016	1.0034	1.0027	3.25	0.0	1.0	1.0993	1.0016	1.0006	0.4	0.00662	16.28														
L015847	hotspot_other	poa_spoa	860.57	1.92	1	0.7784	1369.78	159	6	290	1.1551	1.2026	57.23	0.0237	1.1515	1.3358	1.3276	305.84	5.43	6.0	5.7818	1.151	1.1588	58.32	0.51492	3991.61														
L015904	hotspot_other	poa_spoa	2913.32	2.21	1.0	0.8752	5115.14	90	349	428	1.2754	1.3453	85.55	0.0	1.2037	1.7193	1.6601	528.62	13.5	0.0	0.6637	1.2041	1.0645	23.8	0.88485	59475.64														
L016040	control_nontr_sv	poa_spoa	48.75	24.257	1	0.5429	65.46	12	3	11	1.0001	1.0	0.01	0.9945	1.0	1.0	1.0	0.0	0.0	0.0	0.4634	1.0	1.0003	0.01	0.0	0.0														
L016062	control_vntr_correct	poa_spoa	345.25	5.324	1.0	0.7015	479.47	152	22	78	1.1434	1.2723	12.78	0.1636	1.2025	1.2917	1.4021	56.0	0.41	1.0	1.1063	1.2032	1.0212	0.95	0.42868	1670.72														
L016124	control_vntr_matched	poa_spoa	246.17	4.839	1	0.639	340.13	238	3	50	1.0732	1.0668	3.85	0.1244	1.0747	1.0866	1.0899	12.33	0.3	0.0	0.2132	1.0747	1.0212	0.42	0.35232	785.5														
L016274	control_nontr_sv	poa_spoa	45.82	37.647	1.0	0.5882	60.65	11	3	13	1.0002	1.0	0.03	0.9821	1.0	1.0	1.0	0.0	0.0	0.0	0.0333	1.0	1.0	0.0	0.0	0.0														
L016523	control_vntr_correct	poa_spoa	62.61	17.128	1.0	0.5291	86.28	55	3	38	1.126	1.1255	3.6	0.4167	1.1426	1.327	1.3767	21.05	0.0	1.0	0.7915	1.1426	1.2637	7.32	0.05173	72.44														
L016830	control_vntr_correct	poa_spoa	305.14	4.631	1	0.5556	438.66	186	20	124	1.1088	1.1049	17.66	0.2836	1.1131	1.3052	1.2886	103.22	0.64	2.0	3.0949	1.1131	1.0681	9.28	0.4266	1371.59														
L016884	control_vntr_correct	poa_spoa	374.05	3.574	1.0	0.6352	565.84	47	153	273	1.267	1.2519	38.41	0.0201	1.2759	1.2758	1.2755	98.21	1.53	0.0	0.6959	1.2759	1.3951	36.54	0.40123	1618.32														
L017097	control_nontr_sv	poa_spoa	101.05	21.338	1	0.6234	135.17	15	12	20	1.0012	1.0	0.24	0.7468	1.0021	1.0	1.0	0.0	0.0	1.0	0.8446	1.0021	1.0	0.0	0.0	0.0														
L017325	control_vntr_matched	poa_spoa	302.41	3.611	1.0	0.5507	460.48	63	68	196	1.1185	1.1554	21.38	0.1047	1.0335	1.2383	1.1587	97.0	1.17	10.0	9.75	1.0335	1.0119	6.29	0.55978	1738.64														
TR101140	control_vntr_matched	poa_spoa	562.7	2.982	1.0	0.6816	778.11	484	52	147	1.2114	1.0	10.45	0.8261	1.2999	1.2154	1.2742	23.93	0.04	0.0	0.3399	1.2998	1.2655	6.15	0.30976	1335.95														
TR423938	control_vntr_matched	poa_spoa	233.6	6.311	1	0.5655	332.45	100	3	42	1.0656	1.0435	5.66	0.3889	1.0633	1.1044	1.1036	24.14	0.8	0.0	0.0761	1.0633	1.0638	1.86	0.31423	809.4														
TR446002	control_vntr_matched	poa_spoa	50.99	19.958	1.0	0.5169	72.17	30	6	34	1.0164	1.0	0.09	0.8816	1.0107	1.1096	1.103	2.0	0.19	0.0	0.0048	1.0107	1.0171	0.04	0.03673	48.4														
TR455654	control_vntr_matched	poa_spoa	69.08	15.114	1.0	0.6386	97.38	38	15	53	1.0791	1.0	0.43	0.6394	1.0905	1.0797	1.0867	1.36	0.33	0.0	0.0022	1.091	1.785	1.63	0.03201	46.61														
TR460913	control_vntr_matched	poa_spoa	117.29	10.071	1.0	0.6039	162.22	26	8	42	1.0339	1.0	0.45	0.8814	1.0476	1.0757	1.0948	2.45	0.08	0.0	0.0114	1.0476	1.0063	0.01	0.17453	335.11														
TR499275	control_vntr_matched	poa_spoa	29.23	35.52	1	0.622	39.36	40	6	45	1.0002	1.0	0.0	0.9963	1.0003	1.0	1.0	0.0	0.0	0.0	0.0044	1.0003	1.0006	0.0	0.00038	0.46														
TR499276	control_vntr_matched	poa_spoa	40.37	25.099	1	0.6685	53.76	60	3	64	1.0	1.0	0.0	1.0	1.0	1.0	1.0	0.0	0.0	0.0	0.0	1.0	1.0	0.0	0.0	0.0														
TR573259	control_vntr_matched	poa_spoa	486.47	4.932	1.0	0.5401	712.92	258	4	84	1.1179	1.1029	22.01	0.2426	1.1001	1.2616	1.2824	111.93	0.76	3.0	2.5297	1.1001	1.0539	12.93	0.52208	2899.62														
TR668316	control_vntr_matched	poa_spoa	204.37	7.099	1.0	0.5655	288.93	117	15	123	1.1308	1.0526	8.86	0.3394	1.1045	1.1853	1.145	26.84	0.16	0.0	0.598	1.1047	1.1379	4.79	0.32758	874.31														
TR687433	control_vntr_matched	poa_spoa	259.84	5.99	1	0.6693	358.29	176	7	47	1.1378	1.1176	23.66	0.0733	1.171	1.2035	1.2374	76.07	0.9	3.0	2.2419	1.171	1.0998	12.33	0.41851	1214.2														
TR687489	control_vntr_matched	poa_spoa	165.51	9.715	1.0	0.5509	232.88	87	7	53	1.3012	1.0	6.25	0.8615	1.3232	1.3788	1.3523	16.88	0.17	0.0	0.2584	1.323	1.2384	2.32	0.25291	651.78														
TR724750	control_vntr_matched	poa_spoa	569.51	2.541	1.0	0.7718	791.13	95	38	76	1.1416	1.1264	17.16	0.1023	1.1195	1.2576	1.1984	78.46	0.92	0.0	0.4705	1.1195	1.0608	3.99	0.63185	3213.57														
TR743754	control_vntr_matched	poa_spoa	70.48	14.903	1.0	0.5777	95.45	46	14	42	1.0075	1.0	0.17	0.6312	1.0059	1.0067	1.0	0.34	0.0	0.0	0.3355	1.0059	1.0	0.0	0.07148	102.98														
TR831034	control_vntr_matched	poa_spoa	954.08	1.627	1	0.7806	1467.27	1189	42	322	1.4498	1.4311	33.7	0.0033	1.456	1.6241	1.6702	136.47	1.83	1.0	1.0645	1.456	3.8537	44.9	0.25997	1987.98														
L000034	hotspot_vntr	poa_abpoa_mc	2809.09	1.517	1.0	0.8398	4136.64	53	359	394	1.5879	1.6629	246.51	0.0	1.7611	1.4973	1.6034	493.21	26.71	10.0	9.3482	1.7614	1.7912	293.28	0.7581	26869.04														
L000289	hotspot_vntr	poa_abpoa_mc	3288.23	2.051	1	0.818	4934.16	39	436	436	1.1049	1.1132	71.29	0.0	1.136	1.1027	1.129	151.08	6.58	7.0	6.823	1.136	1.0488	22.49	0.8345	57650.08														
L000308	control_vntr_matched	poa_abpoa_mc	53.55	19.2	1.0	0.5864	74.0	33	31	58	1.5304	1.0463	92.59	0.3097	1.0208	1.289	1.0041	122.69	0.02	2.0	1.8811	1.0206	1.0332	5.52	0.04553	62.56														
L000381	control_vntr_matched	poa_abpoa_mc	87.35	12.386	1	0.6392	118.29	188	7	99	1.0196	1.0	0.36	0.6064	1.0433	1.0075	1.0229	0.36	0.0	1.0	0.9459	1.0433	1.565	9.39	0.02482	41.01														
L000407	control_vntr_correct	poa_abpoa_mc	103.6	11.738	1.0	0.5177	147.32	56	20	84	1.7521	1.6852	22.53	0.3346	1.4906	1.6744	1.4499	48.4	0.05	1.0	1.4213	1.4906	1.706	17.81	0.14705	274.43														
L000506	control_nontr_sv	poa_abpoa_mc	45.17	22.569	1	0.6667	69.09	8	21	27	1.0	1.0	0.0	1.0	1.0	1.0	1.0	0.0	0.0	1.0	0.5692	1.0	1.0	0.0	0.0	0.0														
L000698	control_vntr_correct	poa_abpoa_mc	62.18	20.636	1	0.6359	88.83	48	26	87	1.0212	1.0	0.43	0.6963	1.038	1.0132	1.0158	0.63	0.1	1.0	1.0028	1.038	1.1133	24.35	0.02014	33.24														
L000709	control_vntr_matched	poa_abpoa_mc	26.35	38.273	1	0.6667	35.14	50	2	46	1.0	1.0	0.0	0.9957	1.0	1.0	1.0	0.0	0.0	0.0	0.2456	1.0	1.0	0.0	0.00027	0.32														
L001084	hotspot_vntr	poa_abpoa_mc	963.0	46.496	1.0	0.7633	1386.76	132	417	428	1.0447	1.0457	28.75	0.0	1.0661	1.0374	1.0609	50.51	9.77	9.0	8.6799	1.0667	1.0477	19.53	0.77919	42128.62														
L001264	hotspot_vntr	poa_abpoa_mc	1941.93	2.508	1	0.7981	2877.93	28	439	439	1.0717	1.058	50.34	0.0	1.0739	1.083	1.0882	122.82	5.2	11.0	10.0813	1.0739	1.035	18.39	0.74709	21405.01														
L001491	control_vntr_correct	poa_abpoa_mc	276.91	5.415	1	0.635	378.8	57	15	50	1.0397	1.0109	7.63	0.4222	1.0291	1.0132	1.0113	5.48	0.03	0.0	0.4152	1.0291	1.0203	2.87	0.16109	494.66														
L001527	control_nontr_sv	poa_abpoa_mc	61.78	16.514	1.0	0.6429	88.26	14	17	30	1.0001	1.0	0.02	0.9828	1.0	1.0	1.0	0.0	0.0	0.0	0.3523	1.0	1.0	0.0	0.0	0.0														
L001894	control_vntr_matched	poa_abpoa_mc	83.58	13.072	1.0	0.6093	113.45	73	43	84	1.1522	1.0	3.63	0.5224	1.1759	1.0698	1.0778	4.69	0.0	0.0	0.4273	1.1759	3.7949	16.52	0.04045	62.68														
L001899	control_vntr_matched	poa_abpoa_mc	592.65	4.08	1	0.6529	858.6	26	115	122	1.4279	1.2043	123.21	0.0729	1.6296	1.388	1.5668	246.41	72.89	2.0	2.0879	1.635	1.6004	112.85	0.43928	2587.03														
L001909	hotspot_vntr	poa_abpoa_mc	741.19	9.624	1	0.6706	1098.15	506	447	448	1.0879	1.0982	29.31	0.0	1.1172	1.1222	1.1422	91.59	1.95	6.0	6.0088	1.1171	1.1007	29.28	0.70599	9707.92														
L001922	control_vntr_correct	poa_abpoa_mc	666.85	7.105	1.0	0.696	934.22	25	96	107	1.2547	1.0657	75.84	0.1853	1.2863	1.2296	1.2544	149.87	16.65	1.0	2.5077	1.2863	1.2759	46.47	0.37135	3150.48														
L002013	hotspot_vntr	poa_abpoa_mc	3246.06	2.501	1	0.7895	4790.23	21	447	447	1.2871	1.2521	191.24	0.0	1.5686	1.2889	1.5452	408.03	27.19	7.0	7.4022	1.5705	1.556	288.39	0.69264	28431.64														
L002096	hotspot_vntr	poa_abpoa_mc	900.31	3.459	1.0	0.7137	1347.0	29	276	280	1.3994	1.2929	175.55	0.0305	1.6336	1.3675	1.5035	350.4	48.56	6.0	7.0264	1.6343	1.6124	211.09	0.53906	5584.58														
L002143	hotspot_vntr	poa_abpoa_mc	493.65	4.595	1.0	0.6817	688.73	124	99	192	2.2241	1.0349	80.04	0.432	2.1312	2.1418	2.0292	168.86	6.69	1.0	2.4522	2.1287	2.2736	45.33	0.57167	3015.13														
L002182	hotspot_vntr	poa_abpoa_mc	1705.61	2.498	1	0.8168	2443.05	18	400	408	1.2687	1.1235	149.28	0.0033	1.6224	1.2686	1.5505	315.18	11.41	4.0	3.8953	1.6255	1.5612	238.44	0.79294	21030.57														
L002292	control_nontr_sv	poa_abpoa_mc	29.78	33.938	1	0.5846	42.14	12	9	31	1.0001	1.0	0.01	0.9721	1.0001	1.0	1.0	0.0	0.0	0.0	0.0879	1.0001	1.0001	0.0	0.0	0.0														
L002884	control_vntr_matched	poa_abpoa_mc	102.75	10.982	2	0.491	144.22	106	22	112	1.0182	1.0049	0.98	0.4128	1.0237	1.015	1.0183	1.71	0.06	1.0	0.6857	1.0237	1.0437	2.06	0.07511	139.99														
L002940	hotspot_other	poa_abpoa_mc	811.42	2.266	1	0.7785	1189.02	33	343	359	1.3161	1.5323	67.49	0.0034	1.3447	1.3519	1.4154	176.57	33.33	0.0	1.2345	1.3447	1.3496	44.65	0.6055	3393.09														
L003119	control_vntr_correct	poa_abpoa_mc	31.28	32.308	1	0.6154	42.97	31	2	42	1.0011	1.0	0.0	0.9963	1.0012	1.0023	1.0021	0.03	0.0	1.0	1.0	1.0012	1.0015	0.68	0.00058	0.69														
L003171	control_nontr_sv	poa_abpoa_mc	49.81	20.491	1	0.6226	74.25	9	19	24	1.0031	1.0029	0.58	0.4706	1.0028	1.0	1.0	0.0	0.0	0.0	0.2864	1.0028	1.0	0.0	0.0	0.0														
L003672	control_vntr_correct	poa_abpoa_mc	75.11	14.912	1.0	0.5773	104.14	50	4	58	1.19	1.1773	12.91	0.2358	1.2076	1.0762	1.0874	12.47	0.37	1.0	0.677	1.2076	1.3931	15.38	0.07362	113.43														
L003695	hotspot_other	poa_abpoa_mc	292.1	6.272	1	0.5873	432.96	20	96	114	1.6531	1.5504	104.51	0.0319	1.817	1.6363	1.7786	233.91	5.26	3.0	3.0338	1.8168	1.8674	101.44	0.49932	1995.03														
L003826	control_vntr_matched	poa_abpoa_mc	763.65	2.002	1	0.7722	1129.15	46	390	411	1.6684	1.7645	100.6	0.0133	1.8325	1.4501	1.5347	197.83	6.86	4.0	3.8818	1.8325	2.6874	128.98	0.40566	3048.25														
L003828	hotspot_other	poa_abpoa_mc	1922.41	1.723	1.0	0.8352	3112.31	53	393	393	1.153	1.1265	78.18	0.0034	1.1054	1.2194	1.2007	235.68	8.95	6.0	6.177	1.1054	1.0549	36.26	0.65217	14459.81														
L003872	control_vntr_matched	poa_abpoa_mc	136.72	7.75	2.0	0.4505	195.26	77	44	89	1.1508	1.1869	12.22	0.2447	1.1398	1.0608	1.0652	13.97	0.36	0.0	0.6659	1.1404	1.5611	18.54	0.04209	82.23														
L003883	control_nontr_sv	poa_abpoa_mc	123.19	36.716	1.0	0.6275	164.25	9	24	29	1.0004	1.0003	0.22	0.4217	1.0004	1.0	1.0	0.0	0.0	1.0	0.6733	1.0004	1.0	0.0	0.0	0.0														
L004021	control_vntr_matched	poa_abpoa_mc	135.97	11.072	1.0	0.6568	186.51	102	172	233	1.0473	1.0	1.15	0.8508	1.0054	1.0323	1.0039	1.81	0.01	1.0	1.134	1.0054	1.0646	1.36	0.07804	189.74														
L004145	hotspot_vntr	poa_abpoa_mc	555.14	3.039	1.0	0.6925	821.23	377	359	436	2.0044	1.8227	117.0	0.0033	1.8312	1.2405	1.4587	35.11	18.6	7.0	7.9868	1.83	2.4078	88.59	0.31213	1670.21														
L004620	control_nontr_sv	poa_abpoa_mc	39.09	26.105	1.0	0.5526	53.5	11	5	14	1.0	1.0	0.01	0.9915	1.0032	1.0	1.0062	0.02	0.0	1.0	0.5121	1.0032	1.0001	0.01	0.0	0.0														
L004848	hotspot_other	poa_abpoa_mc	1646.89	1.762	1.0	0.8648	2442.34	10	355	359	1.1652	1.1573	64.13	0.0	1.2126	1.233	1.2526	196.84	19.58	3.0	3.4614	1.2118	1.1357	46.84	0.81079	19323.21														
L004989	hotspot_other	poa_abpoa_mc	959.4	2.434	1	0.8209	1472.19	25	173	247	1.2237	1.1752	57.0	0.0312	1.0714	1.3188	1.2049	177.4	12.36	4.0	3.4801	1.0714	1.0183	8.43	0.63302	5221.91														
L005064	hotspot_other	poa_abpoa_mc	693.46	2.404	1	0.643	1058.99	86	184	240	2.1726	2.1877	120.43	0.0438	1.9915	1.9976	1.7511	266.55	6.17	3.0	2.6703	1.9922	2.2026	91.06	0.70455	5598.72														
L005261	hotspot_other	poa_abpoa_mc	2303.84	2.527	1	0.7706	3385.33	33	104	209	1.0818	1.1167	33.48	0.0211	1.1043	1.1454	1.2048	125.84	3.03	1.0	1.0859	1.1043	1.0613	15.31	0.76254	23842.84														
L005411	hotspot_vntr	poa_abpoa_mc	916.89	2.075	1	0.7543	1315.76	58	315	421	1.3537	1.3678	113.03	0.0	1.2726	1.3366	1.2625	246.56	5.81	3.0	4.1802	1.2726	1.2647	59.16	0.74899	9177.87														
L005481	hotspot_vntr	poa_abpoa_mc	703.45	2.915	1	0.765	1022.86	90	176	232	2.2942	2.1058	198.07	0.0751	3.2138	2.1977	2.8741	429.74	2.71	7.0	6.5473	3.2117	3.7871	303.35	0.64515	4415.18														
L005618	hotspot_other	poa_abpoa_mc	1262.42	1.829	1.0	0.7966	1871.86	49	330	442	1.1602	1.1661	62.2	0.0033	1.1303	1.2034	1.2058	175.21	3.54	6.0	6.0548	1.1306	1.0538	21.07	0.84324	19709.38														
L005688	control_nontr_sv	poa_abpoa_mc	216.29	6.63	1.0	0.6494	289.33	45	6	18	1.0225	1.0	2.89	0.6058	1.023	1.0	1.0	0.0	0.0	1.0	0.8128	1.023	1.0158	3.99	0.0	0.0														
L005990	hotspot_vntr	poa_abpoa_mc	781.97	2.958	1	0.6663	1231.11	86	356	368	1.3826	1.3188	89.75	0.01	1.5145	1.3816	1.4856	195.35	23.52	5.0	5.6256	1.5145	1.5317	97.49	0.6626	6891.74														
L006556	control_nontr_sv	poa_abpoa_mc	60.48	16.875	1.0	0.6786	82.07	9	14	22	1.0041	1.0	0.51	0.6627	1.003	1.0019	1.0	0.49	0.0	0.0	0.1977	1.003	1.0	0.0	0.0	0.0														
L006952	hotspot_vntr	poa_abpoa_mc	1160.63	1.769	1	0.7343	1679.57	33	296	310	1.0447	1.0166	25.86	0.0548	1.0608	1.0822	1.0901	98.6	2.05	7.0	6.3048	1.0605	1.0269	15.49	0.82935	15468.16														
L007009	hotspot_vntr	poa_abpoa_mc	995.54	10.355	1.0	0.8002	1444.28	101	257	285	1.0524	1.0451	51.01	0.0141	1.0573	1.0552	1.0625	109.55	6.45	12.0	12.7354	1.0576	1.036	27.15	0.79016	15973.84														
L007033	control_vntr_correct	poa_abpoa_mc	440.85	3.73	1.0	0.6878	616.72	18	179	187	1.012	1.0019	9.1	0.0207	1.0217	1.0147	1.0262	22.56	1.74	2.0	2.1693	1.0216	1.0168	8.92	0.46787	2184.54														
L007040	hotspot_vntr	poa_abpoa_mc	655.92	13.508	1.0	0.7606	955.2	176	330	354	1.0795	1.0584	59.17	0.0	1.0786	1.0188	1.082	49.25	13.16	18.0	16.7582	1.0782	1.0615	43.03	0.81855	12733.93														
L007065	control_vntr_matched	poa_abpoa_mc	43.96	23.406	1	0.5882	59.71	26	29	49	1.0023	1.0	0.02	0.9697	1.0004	1.0043	1.0011	0.1	0.0	0.0	0.1978	1.0004	1.0329	0.14	0.03626	47.01														
L007081	hotspot_vntr	poa_abpoa_mc	3786.34	3.883	1	0.7545	5886.81	16	432	432	1.135	1.0821	66.69	0.0	1.0443	1.1774	1.0974	188.46	22.27	6.0	5.6309	1.0444	1.0324	18.7	0.7322	42631.61														
L007161	hotspot_other	poa_abpoa_mc	989.36	1.606	1.0	0.8146	1467.09	37	112	147	1.2851	1.1978	121.76	0.0177	1.2065	1.3208	1.2305	304.19	9.8	3.0	3.823	1.2065	1.1424	63.42	0.64306	5670.88														
L007172	control_vntr_matched	poa_abpoa_mc	287.8	5.375	1.0	0.5843	407.78	30	98	141	1.3492	1.0195	49.64	0.1923	1.2952	1.2869	1.22	90.01	2.19	1.0	1.2412	1.2942	1.3437	35.73	0.27329	832.5														
L007184	hotspot_other	poa_abpoa_mc	197.68	7.227	1.0	0.543	297.3	9	119	170	1.086	1.012	15.74	0.2877	1.0084	1.1087	1.029	41.65	3.4	3.0	2.6998	1.0085	1.0056	2.05	0.26183	696.53														
L007192	control_nontr_sv	poa_abpoa_mc	62.77	21.86	1	0.6047	87.59	11	6	20	1.0256	1.0	0.89	0.6842	1.0379	1.0813	1.1193	6.17	0.45	0.0	0.0177	1.0379	1.0395	0.25	0.02698	46.72														
L007376	control_vntr_matched	poa_abpoa_mc	92.6	13.243	1.0	0.6278	124.94	44	108	149	1.1887	1.0	2.56	0.7257	1.0702	1.0	1.0589	0.0	0.0	1.0	0.9758	1.07	1.0624	1.2	0.14288	227.3														
L007480	hotspot_other	poa_abpoa_mc	895.08	2.617	1.0	0.8152	1283.34	12	193	199	1.4194	1.4	104.64	0.0242	1.442	1.4287	1.473	227.57	7.31	2.0	1.9598	1.4438	1.4023	74.99	0.5344	3922.94														
L007687	control_vntr_matched	poa_abpoa_mc	107.75	10.411	1	0.6421	146.69	32	25	47	1.1469	1.0	5.27	0.8578	1.0959	1.1167	1.0745	9.17	0.61	0.0	0.2407	1.0959	1.2179	2.95	0.1522	263.14														
L007717	control_vntr_matched	poa_abpoa_mc	206.06	7.622	1.0	0.5154	289.2	89	47	127	1.2529	1.0552	25.16	0.1359	1.1711	1.1449	1.0931	36.76	3.0	0.0	0.7209	1.171	1.3169	18.04	0.19426	538.18														
L007798	hotspot_other	poa_abpoa_mc	2840.6	2.975	1	0.6918	4073.17	65	371	374	1.1166	1.1033	76.76	0.0033	1.0867	1.134	1.1109	182.77	20.42	9.0	9.2654	1.0866	1.06	32.77	0.64022	16724.77														
L007844	hotspot_other	poa_abpoa_mc	2654.93	1.338	1.0	0.863	3852.62	106	389	436	1.4123	1.425	132.31	0.0	1.2673	1.42	1.2973	327.42	3.65	3.0	2.9319	1.2677	1.1419	52.41	0.89633	59278.67														
L008216	hotspot_vntr	poa_abpoa_mc	542.27	4.079	1	0.7246	757.77	41	188	204	2.5757	2.573	210.17	0.0473	2.7691	2.2983	2.4041	415.17	20.21	4.0	4.0179	2.7776	3.5852	189.83	0.41865	2494.82														
L008631	control_nontr_sv	poa_abpoa_mc	46.94	31.697	1	0.5758	65.43	9	6	15	1.0	1.0	0.0	1.0	1.0	1.0	1.0	0.0	0.0	0.0	0.0141	1.0	1.0	0.0	0.0	0.0														
L008864	hotspot_vntr	poa_abpoa_mc	5087.28	2.113	1	0.7395	7724.07	19	334	342	1.4	1.6545	219.85	0.0034	1.6625	1.4083	1.6574	491.66	61.85	7.0	7.7247	1.6639	1.6271	265.54	0.81051	49251.06														
L008877	hotspot_other	poa_abpoa_mc	2556.38	2.282	1	0.7735	3954.6	18	390	390	1.9223	2.1473	258.23	0.0	1.1917	1.79	1.1994	532.08	29.61	7.0	6.7434	1.1916	1.1658	90.77	0.70625	20566.43														
L008887	control_vntr_correct	poa_abpoa_mc	70.22	23.89	1.0	0.5165	97.61	27	34	56	1.0243	1.0	1.43	0.631	1.0297	1.0183	1.0212	2.28	0.03	2.0	1.6831	1.0296	1.0384	4.27	0.07283	151.62														
L008902	control_vntr_correct	poa_abpoa_mc	109.02	15.814	2	0.4072	155.89	61	15	73	1.1001	1.0148	5.89	0.3308	1.0795	1.0374	1.0344	5.74	0.21	0.0	0.4668	1.0795	1.4649	9.74	0.11858	291.19														
L008976	hotspot_vntr	poa_abpoa_mc	2361.04	7.448	1	0.8093	3414.67	20	427	434	1.0701	1.0509	54.89	0.0033	1.2274	1.0735	1.2248	119.85	14.23	7.0	8.3747	1.2274	1.1816	107.86	0.73794	31969.45														
L009000	hotspot_vntr	poa_abpoa_mc	1329.82	1.888	1.0	0.7385	1996.81	16	449	450	1.1634	1.1376	108.17	0.0	1.0763	1.1861	1.1044	268.71	76.56	21.0	19.5297	1.0761	1.0532	54.68	0.86271	21773.92														
L009283	control_nontr_sv	poa_abpoa_mc	68.88	14.815	1.0	0.5741	93.11	16	4	19	1.0054	1.0	0.32	0.7545	1.0035	1.0	1.0	0.0	0.02	0.0	0.1018	1.0035	1.0	0.0	0.00701	10.2														
L009398	hotspot_vntr	poa_abpoa_mc	202.97	11.26	2.0	0.4545	298.82	23	42	166	1.1058	1.0274	31.9	0.0614	1.0931	1.1375	1.1257	85.84	7.72	2.0	2.5439	1.0927	1.0665	15.35	0.2698	951.82														
L009448	hotspot_vntr	poa_abpoa_mc	4082.14	1.327	1	0.8734	6497.8	198	404	405	1.4469	1.5878	185.64	0.0	1.8528	1.4525	1.7376	453.78	17.17	7.0	7.0316	1.8543	1.6712	188.6	0.85937	72826.9														
L009600	control_nontr_sv	poa_abpoa_mc	20.75	53.476	1	0.5714	26.68	7	2	8	1.0005	1.0	0.04	0.9548	1.0004	1.0	1.0	0.0	0.0	1.0	0.6157	1.0004	1.0	0.0	0.0	0.0														
L009656	hotspot_vntr	poa_abpoa_mc	532.25	3.214	1.0	0.6532	776.34	15	247	250	1.976	1.2468	104.3	0.0712	1.9227	1.7745	1.7454	206.22	7.8	2.0	1.932	1.9227	2.1792	73.78	0.51793	2774.76														
L009658	hotspot_vntr	poa_abpoa_mc	1013.39	2.214	1.0	0.7555	1534.58	45	241	377	1.6187	1.9219	208.95	0.0	1.1941	1.615	1.2923	471.64	24.49	11.0	11.0458	1.194	1.1206	60.69	0.76415	8317.42														
L009770	control_vntr_matched	poa_abpoa_mc	76.89	16.214	1.0	0.5917	104.66	33	60	87	1.0165	1.0036	2.81	0.2435	1.0041	1.007	1.0019	2.45	0.88	1.0	0.9259	1.0041	1.0	0.0	0.10699	184.11														
L009771	control_vntr_correct	poa_abpoa_mc	42.66	27.08	1.0	0.56	57.17	17	3	15	1.005	1.0	0.34	0.9874	1.0037	1.0088	1.0085	1.25	0.0	1.0	0.8872	1.0037	1.0056	0.41	0.01716	23.89														
L009803	hotspot_vntr	poa_abpoa_mc	1474.94	1.337	1.0	0.8801	2118.0	39	439	442	1.2771	1.2698	118.73	0.0	1.1311	1.2889	1.1844	277.4	13.28	7.0	6.5395	1.1311	1.0292	13.28	0.84109	18691.24														
L009885	control_vntr_correct	poa_abpoa_mc	132.65	8.26	1	0.5081	194.53	29	187	212	1.2537	1.2362	8.2	0.0986	1.1166	1.2384	1.1112	20.06	0.16	0.0	0.087	1.1166	1.2602	9.18	0.17505	341.33														
L010060	hotspot_other	poa_abpoa_mc	536.09	3.817	1	0.6669	793.49	17	181	247	1.8747	1.7088	120.92	0.0168	2.1298	1.4911	1.6367	181.63	23.33	4.0	3.811	2.1274	2.5547	144.47	0.43552	2489.36														
L010113	control_vntr_correct	poa_abpoa_mc	93.6	14.231	1	0.5552	128.25	62	4	56	1.0454	1.0	1.44	0.8949	1.0027	1.0295	1.0015	2.06	0.0	0.0	0.2907	1.0027	1.0251	0.4	0.15225	274.48														
L010328	hotspot_vntr	poa_abpoa_mc	7062.93	1.828	1	0.7242	9975.51	13	392	393	1.2674	1.3718	130.06	0.0034	1.4708	1.331	1.5174	348.51	53.33	6.0	6.5	1.4726	1.3532	126.51	0.87705	77068.71														
L010350	control_vntr_matched	poa_abpoa_mc	42.56	25.713	1.0	0.586	58.83	90	17	71	1.0081	1.0	0.19	0.8404	1.0019	1.0138	1.0088	0.7	0.0	0.0	0.457	1.0019	1.2486	1.78	0.01612	21.55														
L010452	control_nontr_sv	poa_abpoa_mc	41.1	26.424	1	0.6364	53.55	10	3	9	1.0002	1.0	0.01	0.9933	1.0	1.0	1.0	0.0	0.0	0.0	0.1659	1.0	1.0	0.0	0.0	0.0														
L010508	control_vntr_correct	poa_abpoa_mc	105.44	10.403	1.0	0.6532	143.71	67	14	75	1.0061	1.0	0.09	0.9444	1.0017	1.0045	1.0013	0.16	0.01	1.0	0.6327	1.0017	1.0935	1.14	0.07979	135.2														
L011121	control_vntr_correct	poa_abpoa_mc	148.96	8.616	1.0	0.6184	202.27	64	18	54	1.0525	1.0	3.1	0.7472	1.0155	1.0435	1.0127	5.34	0.01	1.0	0.9516	1.0155	1.021	2.24	0.17022	334.77														
L011138	hotspot_vntr	poa_abpoa_mc	1184.34	3.722	1	0.8176	1684.19	158	342	363	1.1684	1.1471	74.38	0.01	1.3176	1.1469	1.2908	130.98	5.79	7.0	7.9259	1.3181	1.2777	80.54	0.76371	10796.78														
L011224	control_vntr_correct	poa_abpoa_mc	230.11	5.86	1	0.543	325.96	89	14	126	1.3209	1.0131	36.68	0.2882	1.3447	1.1712	1.1907	48.08	0.15	2.0	1.4123	1.3447	1.5438	47.22	0.11317	314.71														
L011227	control_vntr_matched	poa_abpoa_mc	134.79	9.421	1	0.5257	188.76	27	62	81	1.4087	1.0	16.53	0.6381	1.1187	1.3485	1.1146	31.19	0.25	1.0	0.8155	1.1182	1.1603	5.36	0.18664	362.58														
L011430	control_vntr_matched	poa_abpoa_mc	324.98	3.671	1.5	0.5	483.44	113	38	161	1.3273	1.1915	12.03	0.1541	1.1635	1.1981	1.1066	22.04	1.16	0.0	0.3523	1.1635	2.3897	21.85	0.23418	715.88														
L011463	hotspot_vntr	poa_abpoa_mc	410.17	3.648	1	0.6487	589.83	233	161	386	1.5836	1.5227	103.86	0.0167	1.5042	1.3087	1.2564	148.02	6.49	7.0	5.9802	1.5043	1.9823	104.67	0.26944	1093.74														
L011931	control_nontr_sv	poa_abpoa_mc	87.05	21.929	1.0	0.6905	131.61	8	38	51	1.0012	1.0012	0.42	0.3632	1.0012	1.0	1.0	0.0	0.0	1.0	0.5311	1.0012	1.0	0.0	0.00045	1.04														
L012184	hotspot_vntr	poa_abpoa_mc	9130.91	4.62	1.0	0.9034	15876.65	136	361	364	1.1973	1.2037	117.81	0.0034	1.1578	1.234	1.2062	301.93	30.13	7.5	7.278	1.16	1.1388	73.39	0.68546	88864.26														
L012256	hotspot_other	poa_abpoa_mc	410.95	7.787	1	0.5359	611.0	27	186	281	1.0986	1.0333	47.56	0.09	1.134	1.0991	1.1301	99.27	8.22	5.0	4.3512	1.134	1.1374	49.59	0.41897	2356.21														
L012294	hotspot_vntr	poa_abpoa_mc	1241.49	7.671	1.0	0.5532	1854.16	21	445	449	1.1733	1.165	95.28	0.0067	1.3419	1.2021	1.3424	234.36	5.49	6.0	6.1912	1.3415	1.3554	140.92	0.53486	9876.19														
L012313	control_vntr_matched	poa_abpoa_mc	50.33	22.099	1	0.646	69.08	49	2	65	1.0891	1.0	1.99	0.8826	1.2045	1.0	1.0	0.0	0.09	1.0	1.1422	1.2045	1.6984	11.73	0.02878	40.64														
L012489	hotspot_other	poa_abpoa_mc	312.23	4.328	1.0	0.6173	445.95	84	236	280	1.5845	1.4976	45.65	0.0268	1.8016	1.4132	1.5305	87.2	1.29	1.0	1.3458	1.8029	2.5478	63.47	0.22733	801.56														
L012530	control_nontr_sv	poa_abpoa_mc	56.56	18.0	1.0	0.5455	79.69	11	9	20	1.0	1.0	0.0	1.0	1.0	1.0	1.0	0.0	0.0	0.0	0.2018	1.0	1.034	1.06	0.0	0.0														
L013000	control_vntr_correct	poa_abpoa_mc	140.89	8.642	1	0.6352	201.64	1	174	174	1.2534	1.0116	51.77	0.4742	1.0533	1.245	1.0596	103.93	5.44	3.0	2.8118	1.0533	1.0636	17.92	0.13916	283.88														
L013064	hotspot_other	poa_abpoa_mc	749.37	2.637	1	0.7065	1165.58	78	119	284	1.9175	1.8539	120.78	0.0067	2.136	1.6654	1.8182	262.11	9.51	3.0	2.6338	2.1357	2.2799	130.96	0.53922	4535.48														
L013074	control_vntr_correct	poa_abpoa_mc	23.09	43.646	1.0	0.6835	31.56	28	28	52	1.0012	1.0	0.84	0.5485	1.0012	1.0	1.0	0.0	0.0	1.0	0.7581	1.0012	1.0	0.0	0.01205	13.88														
L013244	hotspot_vntr	poa_abpoa_mc	573.68	6.654	1	0.6188	809.85	24	183	190	1.5922	1.4871	218.58	0.0893	1.6942	1.6	1.6898	459.71	65.13	6.0	5.6929	1.6836	1.6908	148.5	0.45214	3200.17														
L013399	control_nontr_sv	poa_abpoa_mc	27.36	80.167	1.0	0.5556	34.95	6	2	7	1.0001	1.0	0.06	0.9404	1.0	1.0	1.0	0.0	0.0	0.0	0.3618	1.0	1.0	0.0	0.0	0.0														
L013531	hotspot_other	poa_abpoa_mc	998.09	2.558	1	0.7468	1588.69	18	250	251	1.3216	1.352	77.1	0.0475	1.176	1.3159	1.2346	170.86	21.57	3.0	3.1178	1.1756	1.1599	47.95	0.62182	6941.51														
L014111	control_vntr_matched	poa_abpoa_mc	75.66	13.984	1	0.6019	103.65	89	8	46	1.1062	1.0987	4.22	0.468	1.0889	1.0024	1.0	0.26	0.01	0.0	0.5449	1.0889	3.8393	15.62	0.03676	55.74														
L014160	hotspot_vntr	poa_abpoa_mc	1029.01	2.258	1.0	0.7693	1535.26	183	423	432	1.8412	1.8203	116.42	0.0	1.8457	1.5479	1.52	224.66	10.13	4.0	5.4251	1.8462	2.4592	113.58	0.58032	5670.79														
L014181	control_vntr_matched	poa_abpoa_mc	425.21	5.044	1	0.6172	592.23	143	54	95	1.3492	1.341	42.48	0.087	1.1831	1.2364	1.2267	74.38	44.85	4.0	3.0243	1.1831	1.2842	27.28	0.3399	1376.85														
L014210	hotspot_vntr	poa_abpoa_mc	748.46	3.135	1	0.7094	1048.41	23	201	206	1.3396	1.2317	156.69	0.0642	1.6285	1.334	1.5775	332.02	24.96	13.0	10.9275	1.6264	1.676	244.33	0.65231	5051.73														
L014297	hotspot_vntr	poa_abpoa_mc	1595.62	2.166	1.0	0.7054	2322.71	123	254	299	1.2074	1.215	81.41	0.0034	1.274	1.2227	1.2811	189.32	1.49	4.0	3.5241	1.2743	1.1846	48.38	0.65278	11749.34														
L014324	control_vntr_correct	poa_abpoa_mc	177.01	9.784	1	0.6494	244.63	12	52	59	1.1845	1.0197	22.56	0.2519	1.1077	1.1813	1.1192	47.25	0.32	1.0	1.022	1.1072	1.0907	8.28	0.27077	745.43														
L014358	hotspot_vntr	poa_abpoa_mc	758.28	4.549	1.0	0.6264	1112.76	35	295	352	1.1397	1.0805	45.37	0.0235	1.1074	1.172	1.1579	117.71	22.55	2.0	1.7605	1.1074	1.1057	27.1	0.48836	4494.71														
L014426	control_vntr_correct	poa_abpoa_mc	56.2	18.217	2.0	0.4906	79.53	20	9	42	1.0222	1.0	0.44	0.9416	1.0069	1.0171	1.0071	0.8	0.01	0.0	0.0703	1.0069	1.0794	1.43	0.01622	21.74														
L014899	control_nontr_sv	poa_abpoa_mc	23.0	43.826	1	0.5217	30.0	8	2	7	1.0	1.0	0.0	1.0	1.0	1.0	1.0	0.0	0.0	1.0	0.9167	1.0	1.0199	0.92	0.0	0.0														
L015126	hotspot_other	poa_abpoa_mc	1203.62	1.826	1.0	0.8276	1801.23	71	230	369	1.3266	1.3034	78.2	0.0033	1.4117	1.3957	1.4517	215.01	8.42	5.0	4.5912	1.41	1.3155	58.61	0.8388	14198.13														
L015223	control_vntr_matched	poa_abpoa_mc	132.63	14.189	2	0.4493	187.5	92	22	79	1.1015	1.1013	22.02	0.3574	1.1059	1.0092	1.0111	4.64	0.0	0.0	0.9496	1.1059	1.1188	24.43	0.07823	214.75														
L015285	control_vntr_correct	poa_abpoa_mc	123.46	8.906	1	0.6375	170.09	18	38	47	1.0742	1.0049	5.35	0.2775	1.065	1.0434	1.0337	6.84	0.3	0.0	0.3002	1.065	1.1019	2.56	0.20807	357.7														
L015331	hotspot_vntr	poa_abpoa_mc	950.55	2.498	1.0	0.7511	1344.32	112	162	373	1.3455	1.3053	94.08	0.0067	1.5543	1.3753	1.5888	223.52	7.64	5.0	5.4802	1.5531	1.47	89.97	0.64836	5570.0														
L015347	hotspot_vntr	poa_abpoa_mc	1456.58	26.404	1	0.8589	2289.41	19	370	370	1.2033	1.2549	96.81	0.0	1.3255	1.4921	1.3411	208.06	19.88	7.0	6.8011	1.3259	1.2772	91.0	0.87957	48733.44														
L015415	hotspot_vntr	poa_abpoa_mc	753.86	4.518	1.0	0.674	1063.51	60	194	222	1.0679	1.0356	36.69	0.024	1.0974	1.0789	1.1004	87.67	4.97	4.0	5.477	1.0974	1.0594	23.64	0.54632	4804.33														
L015708	hotspot_other	poa_abpoa_mc	198.2	6.167	1.0	0.5819	282.8	136	6	232	1.3534	1.0638	11.44	0.1174	1.2138	1.2826	1.1859	25.22	0.2	0.0	0.1623	1.2135	1.5824	11.48	0.21423	554.21														
L015743	control_vntr_correct	poa_abpoa_mc	34.43	68.012	1	0.5818	48.83	35	11	55	1.0018	1.0	0.83	0.6323	1.0024	1.0024	1.0034	2.24	0.0	2.0	1.9338	1.0024	1.0016	1.06	0.0422	107.68														
L015847	hotspot_other	poa_abpoa_mc	683.14	2.649	1.0	0.7188	1033.81	21	261	290	1.3314	1.2659	122.28	0.0542	1.3451	1.2708	1.278	246.63	9.66	4.0	4.4508	1.3437	1.3748	137.64	0.40118	2519.24														
L015904	hotspot_other	poa_abpoa_mc	3420.87	2.147	1	0.8636	5388.1	17	427	428	1.8186	2.0103	254.25	0.0	1.7519	1.7888	1.7477	579.67	43.23	9.0	9.0824	1.7532	1.6227	229.96	0.8572	46460.54														
L016040	control_nontr_sv	poa_abpoa_mc	48.75	24.257	1	0.5429	65.46	12	3	11	1.0001	1.0	0.01	0.9945	1.0	1.0	1.0	0.0	0.0	0.0	0.4634	1.0	1.0003	0.01	0.0	0.0														
L016062	control_vntr_correct	poa_abpoa_mc	239.16	7.534	1	0.6868	327.0	36	63	78	1.1133	1.0256	10.1	0.3673	1.1059	1.1296	1.1358	24.89	1.61	1.0	1.186	1.106	1.062	2.77	0.313	1014.45														
L016124	control_vntr_matched	poa_abpoa_mc	103.62	11.355	1.0	0.5699	140.94	58	30	50	1.5295	1.1329	27.87	0.1244	1.5369	1.3	1.3046	42.71	0.42	0.0	1.0132	1.5369	1.732	14.63	0.12337	203.22														
L016274	control_nontr_sv	poa_abpoa_mc	45.82	37.647	1.0	0.5882	60.65	11	3	13	1.0002	1.0	0.03	0.9821	1.0	1.0	1.0	0.0	0.0	0.0	0.0333	1.0	1.0	0.0	0.0	0.0														
L016523	control_vntr_correct	poa_abpoa_mc	45.14	23.613	1.0	0.5484	62.61	37	4	38	1.0102	1.0	0.29	0.9611	1.0161	1.0	1.0024	0.0	0.06	1.0	0.7965	1.0161	1.2471	6.86	0.01085	14.56														
L016830	control_vntr_correct	poa_abpoa_mc	212.66	6.638	1	0.5338	297.85	41	101	124	1.0399	1.0035	6.48	0.3345	1.0343	1.0373	1.0244	12.6	1.28	1.0	0.8587	1.0343	1.052	7.09	0.3064	814.41														
L016870	hotspot_other	poa_abpoa_mc	4786.98	2.594	1	0.7541	7288.41	32	150	155	1.0435	1.0132	45.7	0.1434	1.1252	1.0537	1.1379	114.67	28.08	4.0	7.528	1.1252	1.1242	124.28	0.60287	22318.93														
L016884	control_vntr_correct	poa_abpoa_mc	330.63	4.053	1	0.6306	491.89	25	225	273	1.4155	1.4886	59.79	0.0201	1.4685	1.3375	1.4129	120.19	2.61	1.0	1.7339	1.4685	1.5855	54.15	0.34599	1277.67														
L017097	control_nontr_sv	poa_abpoa_mc	101.05	21.338	1	0.6234	135.17	15	12	20	1.0012	1.0	0.24	0.7468	1.0021	1.0	1.0	0.0	0.0	1.0	0.8446	1.0021	1.0	0.0	0.0	0.0														
L017325	control_vntr_matched	poa_abpoa_mc	169.03	6.818	2	0.4434	245.43	19	186	196	1.0956	1.0417	17.25	0.3649	1.0373	1.0527	1.0412	21.46	14.14	2.0	2.05	1.0373	1.0292	15.42	0.38642	861.07														
TR101140	control_vntr_matched	poa_abpoa_mc	413.51	4.005	1.0	0.6755	561.62	86	96	147	1.7762	1.0	38.35	0.7609	1.9516	1.7117	1.8453	79.05	5.28	0.0	0.489	1.9515	1.872	20.19	0.19667	728.78														
TR368009	control_vntr_matched	poa_abpoa_mc	154.78	8.518	1	0.6423	207.95	198	47	114	1.148	1.0	13.63	0.6071	1.1427	1.2234	1.2215	42.31	0.03	0.0	0.7247	1.1427	1.0538	3.18	0.17614	351.42														
TR423938	control_vntr_matched	poa_abpoa_mc	105.94	13.95	1	0.5439	147.16	37	10	42	2.6362	1.3175	141.19	0.3889	2.6016	2.0213	1.9944	236.06	0.13	0.0	0.6913	2.6016	3.1015	61.22	0.14098	289.89														
TR424743	control_vntr_matched	poa_abpoa_mc	129.38	42.208	1.0	0.5779	177.82	14	62	96	1.0125	1.0024	5.3	0.2113	1.0066	1.0114	1.0052	9.68	15.22	0.0	0.4945	1.0066	1.0115	4.46	0.11469	713.81														
TR446002	control_vntr_matched	poa_abpoa_mc	44.08	23.049	1.0	0.549	62.23	23	9	34	1.0052	1.0	0.03	0.9673	1.0004	1.0806	1.0819	1.47	0.22	0.0	0.0024	1.0004	1.019	0.04	0.01244	15.99														
TR455654	control_vntr_matched	poa_abpoa_mc	67.42	15.481	1.0	0.6296	95.3	39	15	53	1.3068	1.1286	1.66	0.4424	1.5561	1.2848	1.5138	4.85	0.04	0.0	0.0022	1.5584	2.7669	3.67	0.02923	42.45														
TR460913	control_vntr_matched	poa_abpoa_mc	95.96	12.246	1.0	0.619	130.24	18	26	42	1.0113	1.0	0.15	0.9021	1.0126	1.0212	1.022	0.69	0.04	0.0	0.0046	1.0126	1.0	0.0	0.09561	167.56														
TR499275	control_vntr_matched	poa_abpoa_mc	29.23	35.52	1	0.622	39.36	40	6	45	1.0002	1.0	0.0	0.9963	1.0003	1.0	1.0	0.0	0.0	0.0	0.0044	1.0003	1.0006	0.0	0.00038	0.46														
TR499276	control_vntr_matched	poa_abpoa_mc	40.37	25.099	1	0.6685	53.76	60	3	64	1.0	1.0	0.0	1.0	1.0	1.0	1.0	0.0	0.0	0.0	0.0	1.0	1.0	0.0	0.0	0.0														
TR573259	control_vntr_matched	poa_abpoa_mc	336.07	7.177	1	0.5189	483.38	46	51	84	1.2453	1.1833	45.81	0.2681	1.1966	1.2334	1.2016	99.87	53.79	4.0	3.2527	1.1965	1.1918	46.03	0.41744	1902.02														
TR668316	control_vntr_matched	poa_abpoa_mc	134.51	10.566	1.0	0.5801	187.4	55	9	123	1.5111	1.0143	34.62	0.3686	1.7135	1.4775	1.6562	69.16	0.02	1.0	1.084	1.7058	1.7529	26.16	0.21639	495.59														
TR687433	control_vntr_matched	poa_abpoa_mc	161.99	9.398	1	0.6483	221.06	70	5	47	1.4162	1.2363	71.45	0.1136	1.5214	1.382	1.5092	142.75	0.12	4.0	3.5596	1.5214	1.4951	61.18	0.2902	689.74														
TR687489	control_vntr_matched	poa_abpoa_mc	93.01	17.268	1.0	0.5236	128.52	29	10	53	1.0037	1.0	0.08	0.9221	1.0076	1.0056	1.0074	0.25	0.0	0.0	0.0913	1.0076	1.0151	0.15	0.12542	276.09														
TR724750	control_vntr_matched	poa_abpoa_mc	361.99	3.84	1.0	0.7143	498.99	41	30	76	2.339	2.4184	162.22	0.1515	3.0551	2.101	2.5492	335.32	7.1	4.0	2.9847	3.0551	3.6168	171.64	0.44661	1511.08														
TR743754	control_vntr_matched	poa_abpoa_mc	47.9	21.807	1.0	0.6214	63.98	24	23	42	1.0057	1.0	0.13	0.6312	1.0059	1.0	1.0	0.0	0.0	0.0	0.3268	1.0059	1.0	0.0	0.00281	3.76														
TR831034	control_vntr_matched	poa_abpoa_mc	894.55	1.831	1.0	0.7403	1329.08	874	207	322	1.5708	1.4075	42.76	0.04	1.4936	1.3471	1.2994	75.89	1.97	2.0	2.7742	1.4936	4.4961	55.01	0.19013	1328.51														
L000034	hotspot_vntr	unit_aware	3640.27	1.536	1.0	0.8742	6225.94	88	290	394	1.1127	1.1335	47.25	0.0	1.1193	1.1665	1.1533	165.14	4.83	3.0	8.0513	1.1193	1.0402	14.9	0.8158	37970.34														
L000289	hotspot_vntr	unit_aware	4188.18	1.651	1	0.7796	6538.97	95	435	436	1.0501	1.0735	34.03	0.0	1.0846	1.1518	1.2078	223.4	0.17	1.0	5.4805	1.0846	1.003	1.36	0.82985	55764.64														
L000308	control_vntr_matched	unit_aware	249.76	4.411	1.0	0.5643	347.86	251	5	58	1.0619	1.0431	10.81	0.306	1.064	1.0764	1.1636	32.44	0.11	4.0	4.0132	1.0642	1.0343	5.69	0.32295	625.61														
L000381	control_vntr_matched	unit_aware	90.8	11.933	1	0.6355	123.33	202	3	99	1.0291	1.0	0.53	0.5106	1.0266	1.0356	1.0268	1.69	0.0	1.0	0.8447	1.0266	1.5117	8.5	0.03715	62.17														
L000407	control_vntr_correct	unit_aware	132.26	9.228	1.0	0.5361	194.34	60	24	84	1.0149	1.0	0.45	0.7361	1.0105	1.1732	1.1712	12.43	0.1	0.0	0.1707	1.0105	1.1611	4.06	0.17858	346.07														
L000506	control_nontr_sv	unit_aware	45.17	22.569	1	0.6667	69.09	8	21	27	1.0	1.0	0.0	1.0	1.0	1.0	1.0	0.0	0.0	1.0	0.5692	1.0	1.0	0.0	0.0	0.0														
L000698	control_vntr_correct	unit_aware	64.47	19.898	1	0.64	92.55	47	26	87	1.0261	1.0	0.52	0.5407	1.0457	1.0058	1.0206	0.28	0.05	1.0	1.2549	1.0457	1.1226	26.34	0.0181	29.8														
L000709	control_vntr_matched	unit_aware	26.35	38.273	1	0.6667	35.14	50	2	46	1.0	1.0	0.0	0.9957	1.0	1.0	1.0	0.0	0.0	0.0	0.2456	1.0	1.0	0.0	0.00027	0.32														
L001084	hotspot_vntr	unit_aware	2496.21	3.103	1.0	0.7128	3682.79	269	428	428	1.0227	1.0382	14.61	0.0	1.0331	1.0364	1.0512	49.13	0.03	11.0	21.1752	1.0331	1.0151	6.19	0.54624	14371.49														
L001264	hotspot_vntr	unit_aware	2142.34	2.121	1	0.7589	3289.31	31	432	439	1.0337	1.0412	23.64	0.0	1.0453	1.0735	1.0924	108.82	0.13	10.0	13.422	1.0453	1.0064	3.38	0.73691	20296.26														
L001491	control_vntr_correct	unit_aware	285.95	5.236	1.0	0.6523	394.41	56	10	50	1.0417	1.0131	8.02	0.4259	1.0311	1.0309	1.0289	12.81	0.01	0.0	0.4152	1.0311	1.0247	3.48	0.16711	516.84														
L001527	control_nontr_sv	unit_aware	61.78	16.514	1.0	0.6429	88.26	14	17	30	1.0001	1.0	0.02	0.9828	1.0	1.0	1.0	0.0	0.0	0.0	0.3523	1.0	1.0	0.0	0.0	0.0														
L001894	control_vntr_matched	unit_aware	96.27	11.355	1.0	0.5322	133.11	121	9	84	1.1495	1.0	3.56	0.5149	1.1697	1.0701	1.0723	4.71	0.0	0.0	0.4559	1.1697	3.7891	16.49	0.07713	124.28														
L001899	control_vntr_matched	unit_aware	980.09	2.826	1.0	0.6849	1478.82	104	45	122	1.0637	1.0604	18.35	0.0208	1.0677	1.1108	1.1203	70.38	0.59	2.0	2.0923	1.0677	1.0237	4.46	0.61018	5168.96														
L001909	hotspot_vntr	unit_aware	987.04	3.056	1	0.6162	1612.13	216	412	448	1.0393	1.041	13.1	0.0	1.054	1.084	1.1043	62.97	0.47	22.5	23.2259	1.0539	1.0388	11.27	0.63106	6915.2														
L001922	control_vntr_correct	unit_aware	763.41	6.234	1.0	0.6823	1128.46	44	93	107	1.038	1.0237	11.32	0.1818	1.035	1.0637	1.0611	41.56	0.76	0.0	3.0883	1.035	1.0044	0.74	0.41703	3815.36														
L002013	hotspot_vntr	unit_aware	5781.56	1.6	1	0.8442	9567.68	33	446	447	1.0614	1.0422	40.88	0.0	1.0735	1.1197	1.1363	168.99	0.89	13.0	16.9011	1.0738	1.0515	26.71	0.7531	38481.63														
L002096	hotspot_vntr	unit_aware	1482.81	2.389	1	0.7346	2500.17	108	61	280	1.043	1.0375	18.92	0.0271	1.1027	1.1437	1.2008	137.06	1.24	2.0	3.9824	1.1029	1.0634	21.84	0.70581	11456.76														
L002143	hotspot_vntr	unit_aware	560.25	3.981	1	0.6774	801.95	344	42	192	1.0564	1.0028	3.69	0.4388	1.0893	1.0849	1.1019	12.55	0.04	1.0	2.4703	1.0893	1.1109	3.95	0.60778	3500.68														
L002182	hotspot_vntr	unit_aware	2466.5	1.969	1.0	0.8081	4026.8	39	405	408	1.0362	1.0377	20.09	0.0033	1.0793	1.0827	1.1427	97.0	2.69	4.0	4.6392	1.0795	1.0112	4.78	0.83245	27284.34														
L002292	control_nontr_sv	unit_aware	98.95	10.75	1.0	0.5139	134.22	60	9	31	1.0877	1.0	10.64	0.8327	1.0877	1.1531	1.1533	37.95	0.81	0.0	0.1758	1.0877	1.0324	2.0	0.09667	126.43														
L002884	control_vntr_matched	unit_aware	113.58	9.986	1.0	0.5093	161.12	116	13	112	1.0127	1.0025	0.68	0.4199	1.0118	1.0123	1.007	1.4	0.0	1.0	0.6352	1.0118	1.0255	1.2	0.11548	225.04														
L002940	hotspot_other	unit_aware	1235.06	1.816	1.0	0.7846	2109.34	71	94	359	1.0528	1.0288	11.28	0.104	1.0646	1.1706	1.1829	85.59	0.49	0.0	0.7987	1.0646	1.121	15.46	0.7172	5606.46														
L003119	control_vntr_correct	unit_aware	34.38	29.44	1.0	0.59	47.1	33	2	42	1.0232	1.0	0.09	0.8529	1.0026	1.0268	1.0089	0.37	0.01	2.0	2.0	1.0026	1.0009	0.44	0.01231	14.78														
L003171	control_nontr_sv	unit_aware	49.81	20.509	1	0.6038	74.25	9	19	24	1.0031	1.0029	0.58	0.4706	1.0028	1.0	1.0	0.0	0.01	0.0	0.2864	1.0028	1.0	0.0	0.0	0.0														
L003672	control_vntr_correct	unit_aware	209.83	5.55	1.0	0.5738	291.91	139	11	58	1.0972	1.0318	6.6	0.1048	1.1037	1.0559	1.0428	9.14	0.13	2.0	1.1925	1.1037	1.2506	9.81	0.26787	522.26														
L003695	hotspot_other	unit_aware	530.93	3.672	1.0	0.5918	855.98	28	74	114	1.16	1.1483	25.6	0.039	1.1906	1.2685	1.3131	98.7	0.19	0.0	0.9403	1.1911	1.2252	26.34	0.61884	3247.86														
L003826	control_vntr_matched	unit_aware	1277.95	1.491	1	0.8483	2131.46	108	171	411	1.2359	1.2485	35.5	0.0033	1.243	1.4206	1.3981	184.89	3.02	1.0	1.302	1.243	1.4968	37.98	0.61946	7270.15														
L003828	hotspot_other	unit_aware	2129.2	1.437	1.0	0.8661	3914.42	122	358	393	1.0315	1.0308	16.12	0.0101	1.0332	1.0971	1.0829	104.29	0.71	17.0	15.0973	1.0332	1.022	14.52	0.6457	14054.76														
L003872	control_vntr_matched	unit_aware	188.16	5.671	1.0	0.5036	272.08	94	45	89	1.0839	1.1024	6.8	0.3085	1.0681	1.1317	1.1308	30.26	2.51	0.0	0.0462	1.0683	1.4143	13.69	0.10531	220.3														
L003883	control_nontr_sv	unit_aware	439.61	10.794	1.0	0.5467	589.37	95	23	29	1.0616	1.0617	35.75	0.4217	1.0617	1.1328	1.1331	154.54	2.41	1.0	0.6733	1.0617	1.0021	2.25	0.07393	423.91														
L004021	control_vntr_matched	unit_aware	169.19	9.212	1	0.6119	240.79	127	6	233	1.0526	1.0	1.28	0.7797	1.0296	1.0511	1.0435	2.86	0.03	1.0	1.2129	1.0296	1.0812	1.7	0.09737	241.82														
L004145	hotspot_vntr	unit_aware	1222.27	1.606	1.0	0.8709	2177.8	858	24	436	1.2667	1.2522	31.07	0.0	1.2845	1.6649	1.4276	97.04	1.16	2.0	3.9737	1.2844	1.4893	30.79	0.67282	7569.36														
L004620	control_nontr_sv	unit_aware	39.09	26.105	1.0	0.5526	53.5	11	5	14	1.0	1.0	0.01	0.9915	1.0032	1.0	1.0062	0.02	0.0	1.0	0.5121	1.0032	1.0001	0.01	0.0	0.0														
L004848	hotspot_other	unit_aware	2457.52	1.367	1.0	0.8874	4272.9	67	332	359	1.0461	1.0528	17.92	0.0134	1.0601	1.3364	1.3686	284.21	2.83	0.0	1.0132	1.0599	1.0177	6.12	0.82983	21989.56														
L004989	hotspot_other	unit_aware	1389.32	1.791	1.0	0.8503	2433.82	45	174	247	1.0444	1.0394	11.32	0.0694	1.024	1.2122	1.1746	118.07	0.73	6.0	4.396	1.024	1.0133	6.12	0.69167	6790.88														
L005064	hotspot_other	unit_aware	1153.12	1.631	1	0.82	1962.1	160	67	240	1.1666	1.1333	17.12	0.1077	1.1305	1.6801	1.6426	181.71	0.75	0.0	0.0571	1.1308	1.1389	10.51	0.81023	10024.14														
L005261	hotspot_other	unit_aware	2711.29	2.101	1	0.5861	4951.11	23	142	209	1.0166	1.0261	6.78	0.1092	1.0156	1.1403	1.1656	121.47	2.16	0.0	0.5	1.0156	1.0121	3.01	0.73939	21065.19														
L005411	hotspot_vntr	unit_aware	1226.35	1.924	1	0.7606	1857.55	227	385	421	1.0699	1.093	22.33	0.0	1.0732	1.1313	1.1424	96.18	1.02	7.0	7.1187	1.0733	1.0489	10.93	0.79349	11818.2														
L005481	hotspot_vntr	unit_aware	954.27	2.379	1.0	0.7299	1443.01	82	89	232	1.1372	1.1044	21.0	0.1502	1.2205	1.2277	1.2948	81.69	0.46	1.0	1.1604	1.221	1.2396	26.07	0.71036	5955.93														
L005618	hotspot_other	unit_aware	1941.37	1.361	1.0	0.9163	3346.45	91	383	442	1.0727	1.0686	28.21	0.0	1.0678	1.3389	1.3337	292.02	1.05	0.0	2.1798	1.068	1.0438	17.14	0.84181	19496.93														
L005688	control_nontr_sv	unit_aware	216.29	6.63	1.0	0.6494	289.33	45	6	18	1.0225	1.0	2.89	0.6058	1.023	1.0	1.0	0.0	0.0	1.0	0.8128	1.023	1.0158	3.99	0.0	0.0														
L005990	hotspot_vntr	unit_aware	1067.81	2.148	1	0.7668	1926.41	234	151	368	1.0383	1.0367	8.98	0.0067	1.0582	1.3297	1.4052	168.75	0.86	1.0	1.8818	1.0582	1.0706	12.95	0.68451	7614.26														
L006556	control_nontr_sv	unit_aware	183.59	5.841	1.0	0.6765	249.46	50	12	22	1.1828	1.0	22.86	0.6508	1.1848	1.344	1.3464	89.91	0.26	0.0	0.1977	1.1848	1.0392	2.65	0.18858	317.49														
L006952	hotspot_vntr	unit_aware	1438.62	1.547	1	0.7087	2558.47	37	302	310	1.0148	1.0059	8.59	0.3322	1.0258	1.1865	1.2015	223.55	3.11	0.0	4.5395	1.0256	1.006	3.46	0.82412	14913.44														
L007009	hotspot_vntr	unit_aware	1392.4	2.42	1	0.774	2050.13	149	267	285	1.0198	1.0216	19.28	0.0141	1.0255	1.03	1.0418	59.57	0.26	33.0	35.8341	1.0256	1.0028	2.14	0.73793	11944.83														
L007033	control_vntr_correct	unit_aware	488.56	3.514	1	0.6893	702.29	17	180	187	1.0052	1.0011	3.97	0.0248	1.0119	1.0085	1.0202	13.02	0.22	2.0	2.8441	1.0118	1.0067	3.55	0.49202	2406.55														
L007040	hotspot_vntr	unit_aware	978.63	2.65	1	0.7375	1429.2	322	260	354	1.0273	1.0361	20.35	0.0034	1.0279	1.0191	1.0457	50.1	0.05	43.0	49.0308	1.0279	1.006	4.19	0.76114	8995.06														
L007065	control_vntr_matched	unit_aware	41.61	24.706	1	0.5706	56.65	29	29	49	1.0257	1.0	0.26	0.6326	1.0222	1.0445	1.0389	1.02	0.0	0.0	0.1978	1.0224	1.0329	0.14	0.02815	36.2														
L007081	hotspot_vntr	unit_aware	3454.79	2.956	1.0	0.7125	5695.24	26	431	432	1.0348	1.0479	17.21	0.0	1.0199	1.1172	1.1016	124.55	0.09	7.0	9.2461	1.0199	1.0115	6.64	0.68586	34042.87														
L007161	hotspot_other	unit_aware	1192.87	1.414	1.0	0.8376	2089.39	174	49	147	1.0376	1.0332	16.07	0.0106	1.0496	1.2768	1.2489	262.43	0.99	3.0	3.7753	1.0496	1.0205	9.11	0.70407	7488.93														
L007172	control_vntr_matched	unit_aware	456.96	3.54	1	0.6182	679.3	130	20	141	1.0488	1.0118	6.94	0.2098	1.056	1.086	1.0524	26.99	0.04	2.0	1.7434	1.0559	1.1007	10.47	0.41406	1564.31														
L007184	hotspot_other	unit_aware	384.56	3.892	1.0	0.6546	597.68	12	91	170	1.0438	1.012	8.02	0.2947	1.0156	1.0783	1.039	30.03	0.15	2.0	2.5695	1.0159	1.0098	3.61	0.3758	1182.24														
L007192	control_nontr_sv	unit_aware	62.77	21.86	1	0.6279	87.59	11	6	20	1.0	1.0	0.0	1.0	1.0	1.0003	1.0	0.03	0.47	0.0	0.0177	1.0	1.0	0.0	0.0212	36.5														
L007376	control_vntr_matched	unit_aware	62.63	18.152	1.0	0.6147	84.38	20	141	149	1.0123	1.0172	0.17	0.3785	1.0284	1.0	1.0214	0.0	0.0	1.0	0.9163	1.0283	1.0287	0.55	0.0487	69.81														
L007480	hotspot_other	unit_aware	1125.07	2.27	1.0	0.7866	1637.23	13	190	199	1.0597	1.0856	14.89	0.0692	1.0571	1.1008	1.0987	53.52	0.02	2.0	1.8013	1.0571	1.0116	2.16	0.58943	4906.94														
L007687	control_vntr_matched	unit_aware	240.83	4.954	1	0.6562	333.46	64	32	47	1.0146	1.0	0.52	0.84	1.0107	1.0697	1.0566	5.48	0.0	0.0	0.2429	1.0107	1.0087	0.12	0.40827	1011.34														
L007717	control_vntr_matched	unit_aware	289.88	5.337	1	0.5214	420.7	210	18	127	1.0611	1.0342	6.08	0.1498	1.0622	1.0442	1.0454	11.22	0.04	0.0	0.9429	1.0621	1.1925	10.96	0.29514	934.7														
L007798	hotspot_other	unit_aware	2842.43	2.093	1	0.717	4447.02	123	287	374	1.0247	1.039	16.24	0.0067	1.0347	1.0514	1.064	70.02	1.2	14.0	14.1996	1.0347	1.0141	7.72	0.58782	13403.67														
L007844	hotspot_other	unit_aware	3922.54	1.228	1.0	0.9195	6804.33	62	275	436	1.1235	1.1456	39.64	0.0	1.1167	1.322	1.342	251.04	4.24	0.0	1.0637	1.1169	1.0132	4.87	0.9055	65692.15														
L008216	hotspot_vntr	unit_aware	779.82	3.017	1.0	0.7326	1124.29	144	54	204	1.1359	1.0615	18.12	0.0507	1.1856	1.14	1.1598	44.77	0.06	2.0	1.9397	1.1862	1.4069	29.88	0.54734	4189.11														
L008631	control_nontr_sv	unit_aware	46.94	31.697	1	0.5758	65.43	9	6	15	1.0	1.0	0.0	1.0	1.0	1.0	1.0	0.0	0.0	0.0	0.0141	1.0	1.0	0.0	0.0	0.0														
L008864	hotspot_vntr	unit_aware	6496.48	1.448	1.0	0.8189	11206.01	67	259	342	1.0681	1.101	37.43	0.0268	1.0841	1.1649	1.1721	198.55	2.42	2.0	5.8172	1.0841	1.0652	27.63	0.84007	60482.87														
L008877	hotspot_other	unit_aware	4321.18	1.44	1	0.8898	8188.31	80	354	390	1.1239	1.154	34.7	0.0067	1.0406	1.3095	1.1988	208.43	1.73	12.0	10.7237	1.0407	1.0204	11.18	0.81388	37406.77														
L008887	control_vntr_correct	unit_aware	93.75	18.354	3	0.4321	134.65	51	6	56	1.0134	1.0056	0.79	0.262	1.0113	1.0204	1.0113	2.54	0.01	2.0	1.7326	1.0113	1.0223	2.48	0.16533	382.33														
L008902	control_vntr_correct	unit_aware	311.79	5.438	2.0	0.2882	491.12	165	13	73	1.0311	1.0	1.83	0.5263	1.0118	1.2419	1.2279	37.15	0.02	0.0	0.0199	1.0118	1.37	7.75	0.28049	843.75														
L008976	hotspot_vntr	unit_aware	3236.9	2.463	1	0.7675	4731.13	45	423	434	1.0317	1.0433	24.86	0.0	1.0433	1.0534	1.074	87.01	0.02	15.0	18.6524	1.0433	1.001	0.58	0.69933	26405.97														
L009000	hotspot_vntr	unit_aware	1028.45	1.66	1	0.7779	1790.23	60	448	450	1.0525	1.0691	34.74	0.0033	1.0278	1.1326	1.0967	191.51	0.23	60.0	53.6923	1.0278	1.0034	3.54	0.83299	17283.53														
L009283	control_nontr_sv	unit_aware	70.15	14.545	1	0.5636	94.39	16	4	19	1.0057	1.0	0.35	0.7545	1.0035	1.0007	1.0	0.09	0.02	0.0	0.1018	1.0035	1.0	0.0	0.0	0.0														
L009398	hotspot_vntr	unit_aware	273.19	8.467	2	0.3902	398.26	23	151	166	1.0249	1.0274	7.51	0.0614	1.0274	1.0552	1.062	34.43	0.03	1.0	1.9057	1.0273	1.0044	1.01	0.29539	1079.96														
L009448	hotspot_vntr	unit_aware	4564.04	1.349	1	0.8527	8335.25	209	6	405	1.1278	1.1447	53.09	0.0	1.1797	1.4326	1.5081	433.82	1.94	0.0	0.7421	1.1802	1.0803	22.56	0.83278	59349.94														
L009600	control_nontr_sv	unit_aware	20.75	53.476	1	0.5714	26.68	7	2	8	1.0005	1.0	0.04	0.9548	1.0004	1.0	1.0	0.0	0.0	1.0	0.6157	1.0004	1.0	0.0	0.0	0.0														
L009656	hotspot_vntr	unit_aware	967.65	2.098	1.0	0.7367	1570.15	19	249	250	1.078	1.0638	8.33	0.0847	1.0607	1.1968	1.1589	52.4	0.19	1.0	0.9252	1.0607	1.1733	10.84	0.70251	6098.83														
L009658	hotspot_vntr	unit_aware	1458.87	1.843	1	0.7701	2529.41	218	336	377	1.1117	1.1537	37.71	0.0	1.0854	1.2021	1.2139	154.99	1.04	25.0	23.347	1.0853	1.0448	22.56	0.81786	11527.56														
L009770	control_vntr_matched	unit_aware	169.37	7.614	1	0.5738	237.93	121	20	87	1.0215	1.0094	3.66	0.2214	1.0122	1.0353	1.0323	12.38	0.0	6.0	4.0661	1.0122	1.0003	0.05	0.29894	655.28														
L009771	control_vntr_correct	unit_aware	87.03	13.441	1.0	0.6078	116.89	34	3	15	1.01	1.0059	0.67	0.4328	1.0081	1.0556	1.0603	7.91	0.0	2.0	1.4093	1.0081	1.0003	0.02	0.16371	267.92														
L009803	hotspot_vntr	unit_aware	1955.14	1.283	1.0	0.9015	3260.19	24	432	442	1.0788	1.1066	33.78	0.0	1.073	1.1674	1.1628	160.77	2.08	3.0	7.5285	1.0729	1.0175	7.96	0.85622	21030.23														
L009885	control_vntr_correct	unit_aware	166.71	6.705	2	0.4935	250.9	33	89	212	1.0542	1.0339	1.75	0.2245	1.0707	1.0959	1.1246	8.07	0.01	0.0	0.0951	1.0707	1.2008	7.08	0.25547	551.93														
L010060	hotspot_other	unit_aware	1535.67	1.709	1	0.8449	2681.27	106	189	247	1.1856	1.0961	25.66	0.0134	1.2512	1.3278	1.3028	121.26	1.04	1.0	1.2615	1.251	1.4133	38.4	0.71235	7990.4														
L010113	control_vntr_correct	unit_aware	133.24	10.08	1.0	0.5325	184.54	100	5	56	1.0781	1.1038	2.48	0.2957	1.0754	1.1442	1.1508	10.08	0.0	0.0	0.3084	1.075	1.0556	0.88	0.24027	483.34														
L010328	hotspot_vntr	unit_aware	6450.68	1.422	1	0.9031	10483.67	31	389	393	1.0609	1.073	29.62	0.0034	1.0871	1.3283	1.3708	345.68	0.64	0.0	1.1733	1.0872	1.0414	14.82	0.85327	62825.51														
L010350	control_vntr_matched	unit_aware	43.38	25.209	1.0	0.5625	60.19	82	16	71	1.0016	1.0	0.04	0.8451	1.0008	1.0072	1.0067	0.36	0.0	0.0	0.4614	1.0008	1.2478	1.78	0.02708	36.6														
L010452	control_nontr_sv	unit_aware	41.1	26.424	1	0.6364	53.55	10	3	9	1.0002	1.0	0.01	0.9933	1.0	1.0	1.0	0.0	0.0	0.0	0.1659	1.0	1.0	0.0	0.0	0.0														
L010508	control_vntr_correct	unit_aware	102.32	10.681	1	0.6122	140.87	74	10	75	1.0004	1.0	0.01	0.9778	1.001	1.0037	1.0003	0.13	0.01	1.0	0.6327	1.001	1.0935	1.14	0.08894	152.21														
L011121	control_vntr_correct	unit_aware	200.71	6.764	1.0	0.6328	277.54	129	10	54	1.0108	1.0	0.63	0.7398	1.0026	1.0127	1.0004	1.55	0.0	1.0	0.9231	1.0026	1.0016	0.17	0.30985	732.65														
L011138	hotspot_vntr	unit_aware	1544.67	1.976	1.0	0.8395	2267.88	311	215	363	1.0341	1.0399	15.06	0.02	1.0553	1.0646	1.0747	57.63	0.04	11.5	13.9792	1.0555	1.0113	3.26	0.79215	12731.49														
L011224	control_vntr_correct	unit_aware	217.69	6.693	1	0.5508	312.77	98	40	126	1.2004	1.0186	22.91	0.2465	1.1682	1.0883	1.058	24.79	2.22	1.0	1.0965	1.1681	1.3017	26.19	0.14029	402.41														
L011227	control_vntr_matched	unit_aware	261.56	5.677	1	0.5386	374.76	138	21	81	1.0182	1.0	0.74	0.8172	1.0154	1.0509	1.0307	4.56	0.02	1.0	0.7985	1.0153	1.008	0.27	0.40132	1059.23														
L011430	control_vntr_matched	unit_aware	455.59	2.643	1.0	0.6637	730.73	240	24	161	1.198	1.1768	7.28	0.0788	1.1205	1.3121	1.2573	34.72	0.25	0.0	0.1575	1.1205	2.2049	18.95	0.39201	1509.44														
L011463	hotspot_vntr	unit_aware	1051.21	1.668	1	0.8194	1677.1	582	16	386	1.246	1.2446	43.77	0.0067	1.2789	1.4612	1.4985	221.09	2.37	3.0	2.822	1.2793	1.4105	43.75	0.61122	4662.47														
L011931	control_nontr_sv	unit_aware	87.05	21.929	1.0	0.6905	131.61	8	38	51	1.0012	1.0012	0.42	0.3632	1.0012	1.0	1.0	0.0	0.0	1.0	0.5311	1.0012	1.0	0.0	0.00045	1.04														
L012184	hotspot_vntr	unit_aware	10792.18	1.789	1.0	0.8471	19043.29	210	352	364	1.0546	1.0582	32.59	0.027	1.0365	1.0961	1.0791	124.06	0.82	6.5	13.7892	1.0366	1.0228	12.06	0.64922	75471.32														
L012256	hotspot_other	unit_aware	1081.74	2.629	1.0	0.5993	1751.51	150	148	281	1.0195	1.0134	9.42	0.1467	1.0311	1.1326	1.1704	132.88	1.4	6.0	6.3351	1.0311	1.0313	11.31	0.51341	3447.78														
L012272	hotspot_vntr	unit_aware	107.09	41.816	1.0	0.731	149.38	794	2	406	1.0833	1.1039	4.62	0.0067	1.1005	1.0797	1.1192	14.01	0.04	22.0	19.607	1.1003	1.1824	10.8	0.53199	2778.89														
L012294	hotspot_vntr	unit_aware	1814.84	4.349	1.0	0.5492	2789.74	27	446	449	1.0402	1.0325	22.11	0.0133	1.0696	1.1004	1.1244	116.46	0.14	5.0	8.411	1.0695	1.0843	33.44	0.53629	9933.07														
L012313	control_vntr_matched	unit_aware	51.27	21.701	1.0	0.6463	67.83	50	2	65	1.0892	1.0	2.0	0.8754	1.2046	1.0001	1.0	0.0	0.0	1.0	1.1422	1.2046	1.6984	11.73	0.03135	44.39														
L012489	hotspot_other	unit_aware	687.41	2.127	1	0.7832	1075.75	148	62	280	1.115	1.0886	8.98	0.0503	1.1555	1.2546	1.2445	53.72	1.21	1.0	0.6696	1.1548	1.6091	24.98	0.45559	2279.87														
L012530	control_nontr_sv	unit_aware	56.56	18.0	1.0	0.5455	79.69	11	9	20	1.0	1.0	0.0	1.0	1.0	1.0	1.0	0.0	0.0	0.0	0.2018	1.0	1.034	1.06	0.0	0.0														
L013000	control_vntr_correct	unit_aware	188.08	6.825	1	0.6186	272.43	1	174	174	1.0066	1.0	1.34	0.6838	1.0145	1.0194	1.0253	8.23	0.08	3.0	2.7702	1.0145	1.0272	7.66	0.22826	519.39														
L013064	hotspot_other	unit_aware	1337.7	1.629	1.0	0.8363	2404.13	216	50	284	1.1542	1.1524	20.3	0.0236	1.1325	1.7148	1.6963	281.54	1.82	0.0	0.0066	1.1325	1.1574	16.1	0.72987	10471.57														
L013074	control_vntr_correct	unit_aware	23.38	43.131	1.0	0.6625	32.0	29	23	52	1.0023	1.001	1.61	0.4854	1.0022	1.0022	1.0027	3.08	0.0	1.0	0.7581	1.0022	1.0	0.0	0.01418	16.36														
L013244	hotspot_vntr	unit_aware	914.43	4.214	1.0	0.6153	1369.78	56	107	190	1.0377	1.0419	13.91	0.0825	1.0353	1.0862	1.086	66.07	0.57	8.0	7.4976	1.0348	1.0035	0.75	0.55243	4786.08														
L013399	control_nontr_sv	unit_aware	27.36	80.167	1.0	0.5556	34.95	6	2	7	1.0001	1.0	0.06	0.9404	1.0	1.0	1.0	0.0	0.0	0.0	0.3618	1.0	1.0	0.0	0.0	0.0														
L013531	hotspot_other	unit_aware	1752.29	1.676	1.0	0.8362	3302.37	59	236	251	1.0693	1.079	16.61	0.0441	1.0602	1.4342	1.4103	234.83	2.09	0.0	0.9422	1.06	1.0559	16.77	0.76234	13542.05														
L014111	control_vntr_matched	unit_aware	149.91	7.236	1.0	0.6139	205.17	172	5	46	1.123	1.1217	4.89	0.452	1.1133	1.3484	1.3337	37.83	0.26	0.0	0.0	1.1133	2.41	7.76	0.1317	221.54														
L014160	hotspot_vntr	unit_aware	1698.92	1.397	1.0	0.8707	2882.35	394	72	432	1.234	1.2598	32.38	0.0	1.2853	1.3716	1.4159	152.37	2.14	0.0	0.185	1.2856	1.3602	28.04	0.75897	12913.85														
L014181	control_vntr_matched	unit_aware	729.92	3.007	1.0	0.6651	1067.92	272	12	95	1.2471	1.1831	30.06	0.0906	1.2691	1.4412	1.6114	138.85	2.76	1.0	1.7367	1.2691	1.2093	20.09	0.53339	3056.55														
L014210	hotspot_vntr	unit_aware	1025.31	2.238	1	0.7257	1484.58	50	125	206	1.046	1.0588	21.21	0.0676	1.0665	1.088	1.1117	87.47	0.59	10.0	11.2462	1.0664	1.0357	12.89	0.71999	6923.59														
L014297	hotspot_vntr	unit_aware	1972.44	1.988	1	0.6716	2961.82	143	189	299	1.0581	1.0873	22.8	0.0101	1.0809	1.1236	1.1401	105.04	0.04	3.0	5.3355	1.0811	1.0019	0.51	0.67744	13125.5														
L014324	control_vntr_correct	unit_aware	359.19	5.035	1	0.6656	501.19	79	39	59	1.0282	1.0219	3.44	0.2556	1.0216	1.0491	1.0462	12.81	0.01	0.0	1.4593	1.0216	1.0085	0.77	0.45667	1687.35														
L014358	hotspot_vntr	unit_aware	933.76	3.973	1	0.6347	1451.73	28	314	352	1.0403	1.0447	13.1	0.0436	1.0329	1.0773	1.0693	52.9	0.86	3.0	2.6918	1.0329	1.0349	8.94	0.52428	5189.57														
L014426	control_vntr_correct	unit_aware	93.32	10.977	4.0	0.3864	134.68	48	6	42	1.0043	1.0	0.09	0.9222	1.0029	1.0768	1.0366	3.6	0.0	0.0	0.1011	1.0029	1.0738	1.33	0.11683	174.44														
L014899	control_nontr_sv	unit_aware	23.0	43.826	1	0.5217	30.0	8	2	7	1.0	1.0	0.0	1.0	1.0	1.0	1.0	0.0	0.0	1.0	0.9167	1.0	1.0199	0.92	0.0	0.0														
L015126	hotspot_other	unit_aware	1637.04	1.587	1	0.827	2878.8	59	231	369	1.0668	1.069	15.99	0.0233	1.0511	1.3642	1.3293	197.89	2.04	0.0	1.0747	1.0509	1.0101	1.88	0.85687	16335.16														
L015223	control_vntr_matched	unit_aware	222.75	8.458	2	0.4796	316.86	155	6	79	1.0448	1.0447	9.72	0.3141	1.0464	1.0679	1.0681	34.33	1.08	0.0	4.2851	1.0464	1.0317	6.51	0.15115	450.58														
L015285	control_vntr_correct	unit_aware	226.78	4.947	1.0	0.6793	311.82	71	29	47	1.0415	1.0146	2.99	0.3062	1.0202	1.0692	1.0501	10.9	0.0	0.0	0.5563	1.0202	1.0059	0.15	0.35649	754.2														
L015331	hotspot_vntr	unit_aware	1281.4	2.108	1	0.757	1899.93	152	225	373	1.0709	1.0931	19.31	0.0101	1.1018	1.1379	1.2024	82.16	0.46	4.0	5.1079	1.1017	1.0155	2.96	0.69676	6941.26														
L015347	hotspot_vntr	unit_aware	2659.76	1.858	1.0	0.8137	4658.25	120	370	370	1.0718	1.0916	34.19	0.0	1.1121	1.2589	1.1952	109.45	0.99	18.0	26.7715	1.1123	1.0809	26.54	0.78204	23941.07														
L015415	hotspot_vntr	unit_aware	948.51	3.705	1	0.7543	1367.32	62	140	222	1.0189	1.0259	10.2	0.0377	1.0383	1.0361	1.0577	40.07	1.74	7.0	8.6696	1.0383	1.0007	0.26	0.58934	5725.71														
L015708	hotspot_other	unit_aware	329.07	4.085	1	0.596	480.66	227	17	232	1.0967	1.0714	3.13	0.1107	1.0809	1.1566	1.168	13.98	0.44	0.0	0.4956	1.0808	1.3784	7.46	0.36467	1166.78														
L015743	control_vntr_correct	unit_aware	179.47	13.538	1.0	0.5337	243.32	95	23	55	1.0331	1.0529	15.51	0.2108	1.0547	1.0656	1.1102	61.92	0.76	1.0	0.9934	1.0547	1.0062	4.03	0.10012	271.91														
L015847	hotspot_other	unit_aware	1200.98	1.603	1	0.8408	2142.22	149	2	290	1.0545	1.0567	20.1	0.0475	1.0536	1.4169	1.4154	379.61	4.81	0.0	0.0887	1.0534	1.0802	29.44	0.62524	6273.49														
L015904	hotspot_other	unit_aware	4123.76	1.783	1	0.87	7890.47	53	422	428	1.1159	1.1308	35.99	0.0	1.0756	1.4633	1.3849	340.48	6.39	0.0	1.0223	1.0758	1.036	13.28	0.87515	54256.58														
L016040	control_nontr_sv	unit_aware	48.75	24.257	1	0.5429	65.46	12	3	11	1.0001	1.0	0.01	0.9945	1.0	1.0	1.0	0.0	0.0	0.0	0.4634	1.0	1.0003	0.01	0.0	0.0														
L016062	control_vntr_correct	unit_aware	336.12	5.731	1.0	0.6946	459.7	144	6	78	1.0213	1.0	1.9	0.5164	1.0185	1.0376	1.0299	7.22	0.06	1.0	1.1425	1.0185	1.0019	0.08	0.41749	1595.82														
L016124	control_vntr_matched	unit_aware	246.98	4.874	1.0	0.6207	341.21	190	10	50	1.0557	1.0535	2.93	0.1152	1.0544	1.0359	1.0353	5.11	0.0	0.0	0.3451	1.0544	1.0052	0.1	0.34618	764.56														
L016274	control_nontr_sv	unit_aware	45.82	37.647	1.0	0.5882	60.65	11	3	13	1.0002	1.0	0.03	0.9821	1.0	1.0	1.0	0.0	0.0	0.0	0.0333	1.0	1.0	0.0	0.0	0.0														
L016523	control_vntr_correct	unit_aware	66.98	15.978	1.0	0.5109	93.56	59	4	38	1.0103	1.0	0.29	0.9556	1.0139	1.1627	1.1722	10.48	0.26	0.0	0.0	1.0139	1.2446	6.79	0.05931	83.73														
L016830	control_vntr_correct	unit_aware	266.61	5.684	1.0	0.5172	383.67	76	34	124	1.0131	1.005	2.12	0.3273	1.0137	1.0203	1.0156	6.88	0.01	2.0	2.1479	1.0137	1.0256	3.49	0.38023	1131.01														
L016870	hotspot_other	unit_aware	4827.32	1.794	1.0	0.8412	8732.74	183	3	155	1.0079	1.0051	8.32	0.1577	1.0106	1.0648	1.1181	138.36	2.27	27.0	22.1888	1.0106	1.0071	7.13	0.60317	22346.58														
L016884	control_vntr_correct	unit_aware	601.15	2.479	1.0	0.7071	983.3	30	104	273	1.1177	1.1108	16.93	0.0302	1.1194	1.2227	1.2712	79.31	0.82	1.0	0.6637	1.1194	1.1236	11.44	0.59959	3616.41														
L017097	control_nontr_sv	unit_aware	101.05	21.338	1	0.6234	135.17	15	12	20	1.0012	1.0	0.24	0.7468	1.0021	1.0	1.0	0.0	0.0	1.0	0.8446	1.0021	1.0	0.0	0.0	0.0														
L017325	control_vntr_matched	unit_aware	325.79	3.513	1.0	0.5408	497.59	50	71	196	1.0576	1.0395	10.38	0.25	1.0175	1.1344	1.1349	54.69	0.54	14.0	12.6882	1.0175	1.0074	3.89	0.54535	1640.03														
TR101140	control_vntr_matched	unit_aware	441.76	7.644	1	0.6834	605.95	71	98	147	2.5454	1.0	76.36	0.8152	2.6527	2.3537	2.4252	150.36	0.19	0.0	0.4496	2.6526	2.4897	34.5	0.45053	2440.81														
TR368009	control_vntr_matched	unit_aware	104.89	12.308	1.0	0.5817	143.38	111	64	114	1.0197	1.0	1.81	0.6071	1.0191	1.0261	1.0269	4.95	0.0	0.0	0.652	1.0191	1.0007	0.04	0.11033	203.85														
TR423938	control_vntr_matched	unit_aware	245.57	6.383	1.0	0.5162	353.28	93	3	42	1.128	1.1439	11.05	0.3939	1.1264	1.2625	1.2664	60.67	1.35	0.0	0.1163	1.1264	1.108	3.15	0.31694	819.59														
TR424743	control_vntr_matched	unit_aware	194.34	26.895	1.0	0.5634	270.51	51	19	96	1.0034	1.0026	1.42	0.2465	1.003	1.0069	1.0064	5.87	0.0	0.0	1.8607	1.003	1.0049	1.89	0.1025	629.24														
TR446002	control_vntr_matched	unit_aware	47.54	21.409	1.0	0.6091	66.98	24	9	34	1.0574	1.0714	0.31	0.3102	1.0541	1.0628	1.0677	1.15	0.0	0.0	0.0024	1.0541	1.0171	0.04	0.0223	28.95														
TR455654	control_vntr_matched	unit_aware	71.58	14.605	1.0	0.6279	101.54	40	15	53	1.0513	1.0758	0.28	0.4015	1.059	1.1648	1.1582	2.81	0.01	0.0	0.0022	1.0589	1.7249	1.51	0.0502	74.49														
TR460913	control_vntr_matched	unit_aware	103.58	11.36	1.0	0.6029	139.38	20	26	42	1.0276	1.0	0.37	0.8918	1.0403	1.0501	1.0666	1.62	0.0	0.0	0.0068	1.0403	1.0	0.0	0.12305	222.39														
TR499275	control_vntr_matched	unit_aware	30.15	34.443	1	0.6031	40.97	40	7	45	1.2149	1.2333	0.88	0.209	1.3338	1.343	1.5059	4.04	0.13	0.0	0.0044	1.3338	1.7015	1.19	0.00206	2.53														
TR499276	control_vntr_matched	unit_aware	40.37	25.099	1	0.6685	53.76	60	3	64	1.0	1.0	0.0	1.0	1.0	1.0	1.0	0.0	0.0	0.0	0.0	1.0	1.0	0.0	0.0	0.0														
TR573259	control_vntr_matched	unit_aware	492.63	5.191	1.0	0.5362	729.02	220	13	84	1.0487	1.0402	9.1	0.1915	1.0452	1.1163	1.107	49.75	0.83	3.0	2.5626	1.0452	1.0324	7.78	0.5193	2867.42														
TR668316	control_vntr_matched	unit_aware	186.09	8.526	1.0	0.5579	261.18	89	46	123	1.0836	1.0185	5.66	0.365	1.0577	1.1118	1.0802	16.19	0.01	0.0	0.4885	1.0571	1.0913	3.17	0.3401	924.91														
TR687433	control_vntr_matched	unit_aware	248.81	6.468	1.0	0.6463	343.97	158	8	47	1.0701	1.0498	12.03	0.0733	1.0556	1.1232	1.1103	46.03	0.33	4.0	3.343	1.0556	1.0059	0.73	0.41647	1204.06														
TR687489	control_vntr_matched	unit_aware	164.04	9.949	1.0	0.5312	228.12	65	13	53	1.009	1.0	0.19	0.8961	1.0091	1.0281	1.0189	1.25	0.0	0.0	0.1403	1.0091	1.0124	0.12	0.21953	541.56														
TR724750	control_vntr_matched	unit_aware	519.14	2.966	1.0	0.7471	734.39	59	44	76	1.0788	1.0879	9.54	0.1402	1.1015	1.1174	1.1254	35.75	0.32	0.0	0.2516	1.1015	1.0911	5.98	0.60046	2813.97														
TR743754	control_vntr_matched	unit_aware	72.19	14.536	1	0.5735	98.19	48	17	42	1.0072	1.0	0.16	0.6312	1.0059	1.0079	1.0	0.4	0.0	0.0	0.3377	1.0059	1.0	0.0	0.07587	109.82														
TR831034	control_vntr_matched	unit_aware	1152.09	1.52	1.0	0.8176	1884.56	1239	51	322	1.1297	1.101	9.71	0.0433	1.11	1.5242	1.5091	114.63	0.47	0.0	0.4106	1.11	3.0675	32.53	0.33092	2798.81														
