stratum	metric	label	direction	method	n	median	q1	q3	mean	n_paired	diff_median	diff_q1	diff_q3	better	worse	equal	wilcoxon_p	tp_base	fn	tp_comp	fp
hotspot_vntr	size.nodes_per_kb	nodes / CHM13 kb	-1	mc	40	1369.79	800.9325	3635.3	2282.879												
hotspot_vntr	size.nodes_per_kb	nodes / CHM13 kb	-1	mafft_fftns2	31	1682.85	1057.56	3871.3549999999996	3001.0451612903225	31	658.8800000000001	242.39	995.3050000000001	2	29	0	5.122274160385132e-08				
hotspot_vntr	size.nodes_per_kb	nodes / CHM13 kb	-1	mafft_fftnsi	9	1129.56	980.29	1416.49	1221.792222222222	9	315.74	111.23000000000002	432.70000000000005	0	9	0	0.00390625				
hotspot_vntr	size.nodes_per_kb	nodes / CHM13 kb	-1	mafft_linsi	4	723.435	525.5125	969.975	772.0525	4	-23.619999999999976	-118.11749999999998	58.687499999999986	2	2	0	0.875				
hotspot_vntr	size.nodes_per_kb	nodes / CHM13 kb	-1	mafft_einsi	1	207.59	207.59	207.59	207.59	1	-45.609999999999985	-45.609999999999985	-45.609999999999985	1	0	0	1.0				
hotspot_vntr	size.nodes_per_kb	nodes / CHM13 kb	-1	mafft_ginsi	1	258.33	258.33	258.33	258.33	1	5.1299999999999955	5.1299999999999955	5.1299999999999955	0	1	0	1.0				
hotspot_vntr	size.nodes_per_kb	nodes / CHM13 kb	-1	poa_abpoa	30	1066.7350000000001	808.4475	1768.4475	1510.0149999999999	30	-101.27499999999998	-590.2925	70.53750000000005	19	11	0	0.017453668639063835				
hotspot_vntr	size.nodes_per_kb	nodes / CHM13 kb	-1	poa_spoa	20	1079.7	800.005	1374.6625	1379.0059999999999	20	62.775000000000034	-248.18749999999994	196.155	9	11	0	0.956329345703125				
hotspot_vntr	size.nodes_per_kb	nodes / CHM13 kb	-1	poa_abpoa_mc	39	1013.39	744.825	1823.77	1773.5110256410255	39	-231.0699999999997	-806.1100000000001	16.80000000000001	27	12	0	0.00012009679267066531				
hotspot_vntr	size.nodes_per_kb	nodes / CHM13 kb	-1	unit_aware	40	1448.745	984.9375	2537.0975	2235.9010000000003	40	-15.019999999999982	-356.4799999999999	477.69499999999994	20	20	0	0.8680334030395898				
hotspot_vntr	size.node_len_mean	mean node bp	1	mc	40	4.5765	3.1797500000000003	6.4645	5.232775												
hotspot_vntr	size.node_len_mean	mean node bp	1	mafft_fftns2	31	5.221	4.0665	6.8095	5.844290322580645	31	0.5749999999999997	-0.2945	1.757	22	9	0	0.03048440534621477				
hotspot_vntr	size.node_len_mean	mean node bp	1	mafft_fftnsi	9	5.093	4.313	6.097	5.457888888888889	9	-0.2699999999999996	-0.5540000000000003	0.6859999999999999	4	5	0	1.0				
hotspot_vntr	size.node_len_mean	mean node bp	1	mafft_linsi	4	4.7055	3.9319999999999995	6.09825	5.32475	4	-0.41649999999999987	-1.1795	0.05400000000000027	2	2	0	0.625				
hotspot_vntr	size.node_len_mean	mean node bp	1	mafft_einsi	1	18.874	18.874	18.874	18.874	1	8.745999999999999	8.745999999999999	8.745999999999999	1	0	0	1.0				
hotspot_vntr	size.node_len_mean	mean node bp	1	mafft_ginsi	1	10.05	10.05	10.05	10.05	1	-0.0779999999999994	-0.0779999999999994	-0.0779999999999994	0	1	0	1.0				
hotspot_vntr	size.node_len_mean	mean node bp	1	poa_abpoa	30	2.2845	1.7999999999999998	3.22725	2.8607	30	-1.6789999999999998	-3.03475	-1.0877499999999998	2	28	0	1.30385160446167e-08				
hotspot_vntr	size.node_len_mean	mean node bp	1	poa_spoa	20	2.163	1.6592500000000001	2.61225	2.6844	20	-1.7625	-2.476	-1.1649999999999998	1	19	0	9.5367431640625e-06				
hotspot_vntr	size.node_len_mean	mean node bp	1	poa_abpoa_mc	39	3.135	2.19	4.6075	5.751333333333333	39	-1.0749999999999997	-1.9220000000000002	-0.259	8	31	0	0.014884206917486154				
hotspot_vntr	size.node_len_mean	mean node bp	1	unit_aware	40	2.1029999999999998	1.65775	2.97125	3.429125	40	-2.0915	-3.70425	-1.3639999999999999	2	38	0	1.8109858501702547e-08				
hotspot_vntr	size.node_len_median	median node bp	1	mc	40	1.0	1.0	1.0	1.075												
hotspot_vntr	size.node_len_median	median node bp	1	mafft_fftns2	31	1.0	1.0	1.0	1.032258064516129	31	0.0	0.0	0.0	0	2	29	0.5				
hotspot_vntr	size.node_len_median	median node bp	1	mafft_fftnsi	9	1.0	1.0	1.0	1.1111111111111112	9	0.0	0.0	0.0	0	1	8	1.0				
hotspot_vntr	size.node_len_median	median node bp	1	mafft_linsi	4	1.0	1.0	1.25	1.25	4	0.0	0.0	0.0	0	0	4					
hotspot_vntr	size.node_len_median	median node bp	1	mafft_einsi	1	2.0	2.0	2.0	2.0	1	0.0	0.0	0.0	0	0	1					
hotspot_vntr	size.node_len_median	median node bp	1	mafft_ginsi	1	2.0	2.0	2.0	2.0	1	0.0	0.0	0.0	0	0	1					
hotspot_vntr	size.node_len_median	median node bp	1	poa_abpoa	30	1.0	1.0	1.0	1.0333333333333334	30	0.0	0.0	0.0	0	2	28	0.5				
hotspot_vntr	size.node_len_median	median node bp	1	poa_spoa	20	1.0	1.0	1.0	1.05	20	0.0	0.0	0.0	0	1	19	1.0				
hotspot_vntr	size.node_len_median	median node bp	1	poa_abpoa_mc	39	1.0	1.0	1.0	1.0256410256410255	39	0.0	0.0	0.0	0	2	37	0.5				
hotspot_vntr	size.node_len_median	median node bp	1	unit_aware	40	1.0	1.0	1.0	1.025	40	0.0	0.0	0.0	0	2	38	0.5				
hotspot_vntr	size.node_frac_1bp	frac 1-bp nodes	-1	mc	40	0.6575500000000001	0.590125	0.7138	0.6497075												
hotspot_vntr	size.node_frac_1bp	frac 1-bp nodes	-1	mafft_fftns2	31	0.6962	0.6638999999999999	0.7441	0.690441935483871	31	0.043399999999999994	0.02679999999999999	0.09239999999999998	5	26	0	1.0450370609760284e-05				
hotspot_vntr	size.node_frac_1bp	frac 1-bp nodes	-1	mafft_fftnsi	9	0.6705	0.6212	0.7031	0.6398444444444444	9	0.07130000000000003	0.026499999999999968	0.0949000000000001	1	8	0	0.0078125				
hotspot_vntr	size.node_frac_1bp	frac 1-bp nodes	-1	mafft_linsi	4	0.6958500000000001	0.60585	0.734475	0.644475	4	0.057150000000000006	0.044975	0.07130000000000003	0	4	0	0.125				
hotspot_vntr	size.node_frac_1bp	frac 1-bp nodes	-1	mafft_einsi	1	0.3827	0.3827	0.3827	0.3827	1	0.006199999999999983	0.006199999999999983	0.006199999999999983	0	1	0	1.0				
hotspot_vntr	size.node_frac_1bp	frac 1-bp nodes	-1	mafft_ginsi	1	0.4444	0.4444	0.4444	0.4444	1	0.06790000000000002	0.06790000000000002	0.06790000000000002	0	1	0	1.0				
hotspot_vntr	size.node_frac_1bp	frac 1-bp nodes	-1	poa_abpoa	30	0.7611	0.7204250000000001	0.794825	0.7502566666666667	30	0.11725000000000002	0.083575	0.14705000000000001	0	30	0	1.862645149230957e-09				
hotspot_vntr	size.node_frac_1bp	frac 1-bp nodes	-1	poa_spoa	20	0.75585	0.72635	0.815875	0.75358	20	0.12675000000000003	0.07269999999999999	0.1641750000000001	0	20	0	1.9073486328125e-06				
hotspot_vntr	size.node_frac_1bp	frac 1-bp nodes	-1	poa_abpoa_mc	39	0.7511	0.6871	0.79915	0.7386717948717949	39	0.07800000000000001	0.048850000000000005	0.11409999999999998	1	38	0	7.275957614183426e-12				
hotspot_vntr	size.node_frac_1bp	frac 1-bp nodes	-1	unit_aware	40	0.75975	0.722475	0.819025	0.7536825	40	0.07880000000000004	0.03734999999999997	0.16175000000000003	4	36	0	1.1641532182693481e-09				
hotspot_vntr	size.edges_per_kb	edges / CHM13 kb	-1	mc	40	1963.9850000000001	1219.1924999999999	5308.6275	3346.6065000000003												
hotspot_vntr	size.edges_per_kb	edges / CHM13 kb	-1	mafft_fftns2	31	2692.18	1650.395	6161.005	5025.154193548387	31	1164.88	450.86500000000007	2519.0200000000004	2	29	0	6.51925802230835e-09				
hotspot_vntr	size.edges_per_kb	edges / CHM13 kb	-1	mafft_fftnsi	9	1815.31	1419.65	2261.45	1917.54	9	672.6500000000001	198.35999999999996	804.7899999999997	0	9	0	0.00390625				
hotspot_vntr	size.edges_per_kb	edges / CHM13 kb	-1	mafft_linsi	4	1035.06	750.3925	1422.4325	1137.7649999999999	4	-17.264999999999958	-146.37999999999988	96.54499999999997	2	2	0	0.875				
hotspot_vntr	size.edges_per_kb	edges / CHM13 kb	-1	mafft_einsi	1	335.73	335.73	335.73	335.73	1	-33.81999999999999	-33.81999999999999	-33.81999999999999	1	0	0	1.0				
hotspot_vntr	size.edges_per_kb	edges / CHM13 kb	-1	mafft_ginsi	1	390.06	390.06	390.06	390.06	1	20.50999999999999	20.50999999999999	20.50999999999999	0	1	0	1.0				
hotspot_vntr	size.edges_per_kb	edges / CHM13 kb	-1	poa_abpoa	30	1593.27	1192.74	2642.0150000000003	2340.7273333333337	30	-27.110000000000042	-755.4500000000002	137.22999999999996	17	13	0	0.09610157273709774				
hotspot_vntr	size.edges_per_kb	edges / CHM13 kb	-1	poa_spoa	20	1570.8449999999998	1182.715	2211.1375	2167.034	20	235.495	-188.3850000000001	418.9225000000001	8	12	0	0.34881019592285156				
hotspot_vntr	size.edges_per_kb	edges / CHM13 kb	-1	poa_abpoa_mc	39	1534.58	1055.96	2660.49	2684.228205128205	39	-343.9000000000001	-1071.74	28.845000000000084	27	12	0	0.00038801216942374595				
hotspot_vntr	size.edges_per_kb	edges / CHM13 kb	-1	unit_aware	40	2384.025	1548.7575000000002	4184.6625	3670.38225	40	88.86500000000004	-328.7249999999999	1072.065	19	21	0	0.23705031063764181				
hotspot_vntr	size.bubbles	top-level bubbles	0	mc	40	30.0	20.75	54.0	49.7												
hotspot_vntr	size.bubbles	top-level bubbles	0	mafft_fftns2	31	23.0	16.0	33.5	47.74193548387097	31	-6.0	-17.0	0.5			0	0.022951695136725903				
hotspot_vntr	size.bubbles	top-level bubbles	0	mafft_fftnsi	9	22.0	16.0	33.0	29.555555555555557	9	-10.0	-17.0	-4.0			0	0.05078125				
hotspot_vntr	size.bubbles	top-level bubbles	0	mafft_linsi	4	40.0	30.75	48.0	38.75	4	-2.0	-7.75	6.0			0	1.0				
hotspot_vntr	size.bubbles	top-level bubbles	0	mafft_einsi	1	17.0	17.0	17.0	17.0	1	-4.0	-4.0	-4.0			0	1.0				
hotspot_vntr	size.bubbles	top-level bubbles	0	mafft_ginsi	1	24.0	24.0	24.0	24.0	1	3.0	3.0	3.0			0	1.0				
hotspot_vntr	size.bubbles	top-level bubbles	0	poa_abpoa	30	85.5	51.0	218.0	176.03333333333333	30	63.5	20.0	145.25			0	1.862645149230957e-09				
hotspot_vntr	size.bubbles	top-level bubbles	0	poa_spoa	20	127.0	51.75	226.75	174.75	20	87.0	23.0	160.25			0	3.814697265625e-06				
hotspot_vntr	size.bubbles	top-level bubbles	0	poa_abpoa_mc	39	41.0	22.0	123.5	88.28205128205128	39	5.0	-0.5	50.0			2	0.0005336694011930376				
hotspot_vntr	size.bubbles	top-level bubbles	0	unit_aware	40	101.5	38.5	220.25	173.175	40	58.0	17.0	179.25			1	1.4042598195374012e-09				
hotspot_vntr	size.largest_bubble_alleles	alleles, largest bubble	0	mc	40	358.5	233.25	408.25	315.5												
hotspot_vntr	size.largest_bubble_alleles	alleles, largest bubble	0	mafft_fftns2	31	362.0	260.0	414.5	334.1290322580645	31	9.0	2.5	36.0			2	1.8894672393798828e-05				
hotspot_vntr	size.largest_bubble_alleles	alleles, largest bubble	0	mafft_fftnsi	9	248.0	221.0	308.0	263.22222222222223	9	41.0	6.0	102.0			0	0.00390625				
hotspot_vntr	size.largest_bubble_alleles	alleles, largest bubble	0	mafft_linsi	4	195.5	171.0	236.75	212.25	4	53.5	5.25	103.25			1	0.25				
hotspot_vntr	size.largest_bubble_alleles	alleles, largest bubble	0	mafft_einsi	1	160.0	160.0	160.0	160.0	1	117.0	117.0	117.0			0	1.0				
hotspot_vntr	size.largest_bubble_alleles	alleles, largest bubble	0	mafft_ginsi	1	156.0	156.0	156.0	156.0	1	113.0	113.0	113.0			0	1.0				
hotspot_vntr	size.largest_bubble_alleles	alleles, largest bubble	0	poa_abpoa	30	275.0	154.25	401.25	270.7	30	-19.5	-47.25	2.25			1	0.013595908880233765				
hotspot_vntr	size.largest_bubble_alleles	alleles, largest bubble	0	poa_spoa	20	226.0	119.0	254.75	212.85	20	-45.0	-121.25	-3.0			0	0.028795242309570312				
hotspot_vntr	size.largest_bubble_alleles	alleles, largest bubble	0	poa_abpoa_mc	39	342.0	244.0	420.0	317.8205128205128	39	0.0	-8.5	10.5			6	0.8221114363986999				
hotspot_vntr	size.largest_bubble_alleles	alleles, largest bubble	0	unit_aware	40	263.5	120.5	406.75	254.5	40	-14.5	-106.75	0.75			4	0.003084086871240288				
hotspot_vntr	size.distinct_walks	distinct walks	0	mc	40	375.0	295.5	432.0	354.625												
hotspot_vntr	size.distinct_walks	distinct walks	0	mafft_fftns2	31	373.0	265.0	426.5	343.9032258064516	31	0.0	0.0	0.0			31					
hotspot_vntr	size.distinct_walks	distinct walks	0	mafft_fftnsi	9	250.0	222.0	310.0	267.0	9	0.0	0.0	0.0			9					
hotspot_vntr	size.distinct_walks	distinct walks	0	mafft_linsi	4	213.0	194.5	244.0	225.5	4	0.0	0.0	0.0			4					
hotspot_vntr	size.distinct_walks	distinct walks	0	mafft_einsi	1	166.0	166.0	166.0	166.0	1	0.0	0.0	0.0			1					
hotspot_vntr	size.distinct_walks	distinct walks	0	mafft_ginsi	1	166.0	166.0	166.0	166.0	1	0.0	0.0	0.0			1					
hotspot_vntr	size.distinct_walks	distinct walks	0	poa_abpoa	30	375.0	257.5	429.25	343.23333333333335	30	0.0	0.0	0.0			30					
hotspot_vntr	size.distinct_walks	distinct walks	0	poa_spoa	20	326.0	229.5	388.0	313.95	20	0.0	0.0	0.0			20					
hotspot_vntr	size.distinct_walks	distinct walks	0	poa_abpoa_mc	39	373.0	292.0	432.0	353.3076923076923	39	0.0	0.0	0.0			39					
hotspot_vntr	size.distinct_walks	distinct walks	0	unit_aware	40	375.0	295.5	432.0	354.625	40	0.0	0.0	0.0			40					
hotspot_vntr	alignment.all_cost_over_opt	cost/opt, all pairs	-1	mc	40	1.5128	1.44355	1.855475	1.73324												
hotspot_vntr	alignment.all_cost_over_opt	cost/opt, all pairs	-1	mafft_fftns2	31	1.3615	1.2604	1.51915	1.5142387096774195	31	-0.23940000000000006	-0.42494999999999983	-0.13815	28	3	0	4.003755748271942e-06				
hotspot_vntr	alignment.all_cost_over_opt	cost/opt, all pairs	-1	mafft_fftnsi	9	1.2888	1.1727	1.3566	1.4285333333333332	9	-0.39990000000000014	-0.6332	-0.26559999999999984	9	0	0	0.00390625				
hotspot_vntr	alignment.all_cost_over_opt	cost/opt, all pairs	-1	mafft_linsi	4	1.03955	1.034275	1.0983	1.093025	4	-0.476	-1.06345	-0.3175749999999999	4	0	0	0.125				
hotspot_vntr	alignment.all_cost_over_opt	cost/opt, all pairs	-1	mafft_einsi	1	1.0551	1.0551	1.0551	1.0551	1	-0.5368000000000002	-0.5368000000000002	-0.5368000000000002	1	0	0	1.0				
hotspot_vntr	alignment.all_cost_over_opt	cost/opt, all pairs	-1	mafft_ginsi	1	1.0446	1.0446	1.0446	1.0446	1	-0.5473000000000001	-0.5473000000000001	-0.5473000000000001	1	0	0	1.0				
hotspot_vntr	alignment.all_cost_over_opt	cost/opt, all pairs	-1	poa_abpoa	30	1.1106	1.064225	1.29445	1.2152633333333334	30	-0.45899999999999996	-0.7282249999999999	-0.3435249999999999	29	1	0	9.313225746154785e-09				
hotspot_vntr	alignment.all_cost_over_opt	cost/opt, all pairs	-1	poa_spoa	20	1.09415	1.05295	1.2829000000000002	1.16747	20	-0.59365	-0.8133	-0.39032500000000003	20	0	0	1.9073486328125e-06				
hotspot_vntr	alignment.all_cost_over_opt	cost/opt, all pairs	-1	poa_abpoa_mc	39	1.2687	1.1204	1.51525	1.3893179487179488	39	-0.2764	-0.4402999999999999	-0.10914999999999997	36	3	0	2.0187144400551915e-08				
hotspot_vntr	alignment.all_cost_over_opt	cost/opt, all pairs	-1	unit_aware	40	1.05355	1.03585	1.0782	1.0717625	40	-0.4646499999999999	-0.7945	-0.4040250000000001	40	0	0	1.8189894035458565e-12				
hotspot_vntr	alignment.all_pair_ratio_median	cost/opt, median pair	-1	mc	40	1.52505	1.270375	1.8781249999999998	1.6434275												
hotspot_vntr	alignment.all_pair_ratio_median	cost/opt, median pair	-1	mafft_fftns2	31	1.284	1.15545	1.5295	1.555316129032258	31	-0.1997	-0.5356500000000001	-0.062349999999999905	27	4	0	2.2230669856071472e-05				
hotspot_vntr	alignment.all_pair_ratio_median	cost/opt, median pair	-1	mafft_fftnsi	9	1.1192	1.0926	1.2701	1.3706555555555555	9	-0.389	-0.8615000000000002	-0.07040000000000002	8	1	0	0.01171875				
hotspot_vntr	alignment.all_pair_ratio_median	cost/opt, median pair	-1	mafft_linsi	4	1.0311	1.025525	1.0547499999999999	1.049175	4	-0.14155000000000006	-0.9102000000000001	-0.020299999999999985	4	0	0	0.125				
hotspot_vntr	alignment.all_pair_ratio_median	cost/opt, median pair	-1	mafft_einsi	1	1.0187	1.0187	1.0187	1.0187	1	-0.03469999999999995	-0.03469999999999995	-0.03469999999999995	1	0	0	1.0				
hotspot_vntr	alignment.all_pair_ratio_median	cost/opt, median pair	-1	mafft_ginsi	1	1.0292	1.0292	1.0292	1.0292	1	-0.0242	-0.0242	-0.0242	1	0	0	1.0				
hotspot_vntr	alignment.all_pair_ratio_median	cost/opt, median pair	-1	poa_abpoa	30	1.14125	1.080725	1.24965	1.21968	30	-0.3717499999999999	-0.6848749999999999	-0.12945000000000007	29	1	0	3.5390257835388184e-08				
hotspot_vntr	alignment.all_pair_ratio_median	cost/opt, median pair	-1	poa_spoa	20	1.13145	1.060125	1.22225	1.203255	20	-0.4374500000000001	-0.688175	-0.21332499999999988	20	0	0	1.9073486328125e-06				
hotspot_vntr	alignment.all_pair_ratio_median	cost/opt, median pair	-1	poa_abpoa_mc	39	1.2317	1.0813000000000001	1.42945	1.3284384615384615	39	-0.2427999999999999	-0.4698	-0.10699999999999998	37	2	0	5.093170329928398e-11				
hotspot_vntr	alignment.all_pair_ratio_median	cost/opt, median pair	-1	unit_aware	40	1.0585	1.038075	1.095075	1.0767925	40	-0.43500000000000005	-0.7794749999999999	-0.23282499999999984	39	1	0	3.637978807091713e-12				
hotspot_vntr	alignment.all_excess_per_kb	excess edits / kb	-1	mc	40	242.075	168.73250000000002	328.065	238.77224999999999												
hotspot_vntr	alignment.all_excess_per_kb	excess edits / kb	-1	mafft_fftns2	31	139.08	100.185	185.755	142.8	31	-87.37	-150.025	-41.00999999999999	28	3	0	9.955838322639465e-07				
hotspot_vntr	alignment.all_excess_per_kb	excess edits / kb	-1	mafft_fftnsi	9	91.89	40.19	93.77	88.94222222222223	9	-120.54	-158.05	-71.99	9	0	0	0.00390625				
hotspot_vntr	alignment.all_excess_per_kb	excess edits / kb	-1	mafft_linsi	4	19.06	16.9725	23.63	21.5425	4	-191.765	-251.01999999999998	-131.85250000000002	4	0	0	0.125				
hotspot_vntr	alignment.all_excess_per_kb	excess edits / kb	-1	mafft_einsi	1	16.61	16.61	16.61	16.61	1	-161.79000000000002	-161.79000000000002	-161.79000000000002	1	0	0	1.0				
hotspot_vntr	alignment.all_excess_per_kb	excess edits / kb	-1	mafft_ginsi	1	13.43	13.43	13.43	13.43	1	-164.97	-164.97	-164.97	1	0	0	1.0				
hotspot_vntr	alignment.all_excess_per_kb	excess edits / kb	-1	poa_abpoa	30	43.135000000000005	29.762500000000003	75.19	51.482	30	-206.635	-278.87	-130.23250000000002	29	1	0	9.313225746154785e-09				
hotspot_vntr	alignment.all_excess_per_kb	excess edits / kb	-1	poa_spoa	20	29.58	22.845	47.834999999999994	36.049	20	-193.47500000000002	-289.03999999999996	-128.2375	20	0	0	1.9073486328125e-06				
hotspot_vntr	alignment.all_excess_per_kb	excess edits / kb	-1	poa_abpoa_mc	39	103.86	62.93	152.985	111.61358974358976	39	-139.57	-198.9	-52.785000000000004	36	3	0	4.984030965715647e-10				
hotspot_vntr	alignment.all_excess_per_kb	excess edits / kb	-1	unit_aware	40	21.105	14.434999999999999	32.8875	23.3865	40	-226.93	-299.59749999999997	-151.1975	40	0	0	1.8189894035458565e-12				
hotspot_vntr	alignment.all_frac_pairs_optimal	frac pairs optimal	1	mc	40	0.00505	0.0	0.02695	0.0301075												
hotspot_vntr	alignment.all_frac_pairs_optimal	frac pairs optimal	1	mafft_fftns2	31	0.01	0.0	0.02005	0.015496774193548387	31	0.0	-0.01025	0.0034000000000000002	12	13	6	0.3088298439979553				
hotspot_vntr	alignment.all_frac_pairs_optimal	frac pairs optimal	1	mafft_fftnsi	9	0.0203	0.0102	0.0307	0.030155555555555554	9	-0.0034	-0.0239	0.010300000000000004	4	5	0	0.5703125				
hotspot_vntr	alignment.all_frac_pairs_optimal	frac pairs optimal	1	mafft_linsi	4	0.04925	0.045275	0.073125	0.06915	4	0.006899999999999996	-0.013550000000000001	0.041975	2	2	0	0.625				
hotspot_vntr	alignment.all_frac_pairs_optimal	frac pairs optimal	1	mafft_einsi	1	0.1706	0.1706	0.1706	0.1706	1	0.1126	0.1126	0.1126	1	0	0	1.0				
hotspot_vntr	alignment.all_frac_pairs_optimal	frac pairs optimal	1	mafft_ginsi	1	0.0478	0.0478	0.0478	0.0478	1	-0.0102	-0.0102	-0.0102	0	1	0	1.0				
hotspot_vntr	alignment.all_frac_pairs_optimal	frac pairs optimal	1	poa_abpoa	30	0.00505	0.0	0.036675	0.028333333333333332	30	0.0	-0.0067	0.0	7	11	12	0.30884552001953125				
hotspot_vntr	alignment.all_frac_pairs_optimal	frac pairs optimal	1	poa_spoa	20	0.01695	0.0025499999999999997	0.0384	0.038555	20	0.0	-0.020350000000000007	0.0033250000000000003	6	8	6	0.3258056640625				
hotspot_vntr	alignment.all_frac_pairs_optimal	frac pairs optimal	1	poa_abpoa_mc	39	0.0034	0.0	0.02375	0.027205128205128205	39	0.0	-0.00335	0.0033499999999999997	11	11	17	0.8672809600830078				
hotspot_vntr	alignment.all_frac_pairs_optimal	frac pairs optimal	1	unit_aware	40	0.0067	0.0	0.02975	0.038285	40	0.0	-0.0008250000000000002	0.004225	17	10	13	0.38957275450229645				
hotspot_vntr	alignment.ref_cost_over_opt	cost/opt vs CHM13	-1	mc	40	1.7671999999999999	1.4332	1.9848750000000002	2.002115												
hotspot_vntr	alignment.ref_cost_over_opt	cost/opt vs CHM13	-1	mafft_fftns2	31	1.4029	1.2666499999999998	1.67025	1.7714258064516128	31	-0.3288000000000002	-0.5656	0.012450000000000072	22	9	0	0.001587800681591034				
hotspot_vntr	alignment.ref_cost_over_opt	cost/opt vs CHM13	-1	mafft_fftnsi	9	1.382	1.3027	1.9278	1.589611111111111	9	-0.5970000000000002	-1.4198999999999997	-0.12109999999999999	8	1	0	0.01953125				
hotspot_vntr	alignment.ref_cost_over_opt	cost/opt vs CHM13	-1	mafft_linsi	4	1.06385	1.046275	1.12805	1.110475	4	-0.7363500000000001	-1.4782250000000001	-0.41372500000000006	4	0	0	0.125				
hotspot_vntr	alignment.ref_cost_over_opt	cost/opt vs CHM13	-1	mafft_einsi	1	1.0282	1.0282	1.0282	1.0282	1	-0.9508000000000001	-0.9508000000000001	-0.9508000000000001	1	0	0	1.0				
hotspot_vntr	alignment.ref_cost_over_opt	cost/opt vs CHM13	-1	mafft_ginsi	1	1.0402	1.0402	1.0402	1.0402	1	-0.9388000000000001	-0.9388000000000001	-0.9388000000000001	1	0	0	1.0				
hotspot_vntr	alignment.ref_cost_over_opt	cost/opt vs CHM13	-1	poa_abpoa	30	1.1606	1.079625	1.297475	1.24063	30	-0.6149499999999999	-0.7871750000000002	-0.39832499999999993	29	1	0	1.30385160446167e-08				
hotspot_vntr	alignment.ref_cost_over_opt	cost/opt vs CHM13	-1	poa_spoa	20	1.1343	1.0787499999999999	1.270225	1.19713	20	-0.7983000000000001	-1.0233	-0.5366249999999999	20	0	0	1.9073486328125e-06				
hotspot_vntr	alignment.ref_cost_over_opt	cost/opt vs CHM13	-1	poa_abpoa_mc	39	1.3255	1.1122999999999998	1.64805	1.4726051282051282	39	-0.3185	-0.5296	-0.1439499999999999	38	1	0	2.546585164964199e-11				
hotspot_vntr	alignment.ref_cost_over_opt	cost/opt vs CHM13	-1	unit_aware	40	1.0731	1.03785	1.100825	1.089115	40	-0.675	-0.8808249999999999	-0.39127500000000015	40	0	0	1.8189894035458565e-12				
hotspot_vntr	alignment.affine_all_cost_over_opt	affine cost/opt, all	-1	mc	40	1.4732	1.3959000000000001	1.773925	1.6438324999999998												
hotspot_vntr	alignment.affine_all_cost_over_opt	affine cost/opt, all	-1	mafft_fftns2	31	1.3069	1.2570999999999999	1.463	1.4675032258064518	31	-0.19779999999999998	-0.33535000000000004	-0.10914999999999997	29	2	0	2.5741755962371826e-06				
hotspot_vntr	alignment.affine_all_cost_over_opt	affine cost/opt, all	-1	mafft_fftnsi	9	1.2558	1.1846	1.3577	1.3933444444444445	9	-0.40690000000000004	-0.4941	-0.24890000000000012	9	0	0	0.00390625				
hotspot_vntr	alignment.affine_all_cost_over_opt	affine cost/opt, all	-1	mafft_linsi	4	1.0441500000000001	1.041525	1.085125	1.0825	4	-0.48045000000000004	-0.9727500000000002	-0.317075	4	0	0	0.125				
hotspot_vntr	alignment.affine_all_cost_over_opt	affine cost/opt, all	-1	mafft_einsi	1	1.0541	1.0541	1.0541	1.0541	1	-0.5643	-0.5643	-0.5643	1	0	0	1.0				
hotspot_vntr	alignment.affine_all_cost_over_opt	affine cost/opt, all	-1	mafft_ginsi	1	1.0467	1.0467	1.0467	1.0467	1	-0.5717000000000001	-0.5717000000000001	-0.5717000000000001	1	0	0	1.0				
hotspot_vntr	alignment.affine_all_cost_over_opt	affine cost/opt, all	-1	poa_abpoa	30	1.2260499999999999	1.127325	1.38335	1.2822633333333333	30	-0.32789999999999997	-0.547525	-0.14179999999999998	29	1	0	1.0244548320770264e-07				
hotspot_vntr	alignment.affine_all_cost_over_opt	affine cost/opt, all	-1	poa_spoa	20	1.2452999999999999	1.12725	1.369575	1.299875	20	-0.40484999999999993	-0.5603750000000001	-0.2583500000000001	19	1	0	9.5367431640625e-06				
hotspot_vntr	alignment.affine_all_cost_over_opt	affine cost/opt, all	-1	poa_abpoa_mc	39	1.2889	1.1421999999999999	1.4304000000000001	1.3507589743589743	39	-0.22209999999999996	-0.36660000000000004	-0.11009999999999998	36	3	0	6.122354534454644e-08				
hotspot_vntr	alignment.affine_all_cost_over_opt	affine cost/opt, all	-1	unit_aware	40	1.12745	1.08195	1.189075	1.1626125	40	-0.36524999999999996	-0.587375	-0.2001500000000001	36	4	0	9.74978320300579e-10				
hotspot_vntr	alignment.affine_ref_cost_over_opt	affine cost/opt vs CHM13	-1	mc	40	1.66925	1.411975	1.857775	1.8682575												
hotspot_vntr	alignment.affine_ref_cost_over_opt	affine cost/opt vs CHM13	-1	mafft_fftns2	31	1.3597	1.23345	1.6286	1.7108354838709676	31	-0.27059999999999995	-0.5077499999999999	-0.003750000000000031	23	8	0	0.0011555561795830727				
hotspot_vntr	alignment.affine_ref_cost_over_opt	affine cost/opt vs CHM13	-1	mafft_fftnsi	9	1.408	1.265	1.8244	1.5261666666666667	9	-0.6007000000000002	-1.0221	-0.16159999999999997	8	1	0	0.01953125				
hotspot_vntr	alignment.affine_ref_cost_over_opt	affine cost/opt vs CHM13	-1	mafft_linsi	4	1.0708	1.05315	1.11415	1.0965	4	-0.72455	-1.3471000000000002	-0.388875	4	0	0	0.125				
hotspot_vntr	alignment.affine_ref_cost_over_opt	affine cost/opt vs CHM13	-1	mafft_einsi	1	1.0287	1.0287	1.0287	1.0287	1	-0.9800000000000002	-0.9800000000000002	-0.9800000000000002	1	0	0	1.0				
hotspot_vntr	alignment.affine_ref_cost_over_opt	affine cost/opt vs CHM13	-1	mafft_ginsi	1	1.0498	1.0498	1.0498	1.0498	1	-0.9589000000000001	-0.9589000000000001	-0.9589000000000001	1	0	0	1.0				
hotspot_vntr	alignment.affine_ref_cost_over_opt	affine cost/opt vs CHM13	-1	poa_abpoa	30	1.2955	1.145175	1.467275	1.3449933333333335	30	-0.4280999999999999	-0.637825	-0.18170000000000003	28	2	0	4.421919584274292e-06				
hotspot_vntr	alignment.affine_ref_cost_over_opt	affine cost/opt vs CHM13	-1	poa_spoa	20	1.2945	1.1584	1.38645	1.330335	20	-0.5099	-0.9481000000000002	-0.34545000000000003	19	1	0	1.33514404296875e-05				
hotspot_vntr	alignment.affine_ref_cost_over_opt	affine cost/opt vs CHM13	-1	poa_abpoa_mc	39	1.2923	1.1356000000000002	1.564	1.4207923076923077	39	-0.2770999999999999	-0.43405000000000005	-0.09435000000000004	37	2	0	3.637978807091713e-11				
hotspot_vntr	alignment.affine_ref_cost_over_opt	affine cost/opt vs CHM13	-1	unit_aware	40	1.1412499999999999	1.0908	1.201725	1.1751150000000001	40	-0.48439999999999994	-0.655875	-0.24185000000000006	38	2	0	4.547473508864641e-11				
hotspot_vntr	alignment.affine_all_excess_per_kb	affine excess / kb	-1	mc	40	453.825	313.46000000000004	658.1925000000001	462.44025												
hotspot_vntr	alignment.affine_all_excess_per_kb	affine excess / kb	-1	mafft_fftns2	31	312.37	208.995	412.825	306.0477419354839	31	-156.53999999999996	-276.205	-61.91500000000001	29	2	0	1.1743977665901184e-06				
hotspot_vntr	alignment.affine_all_excess_per_kb	affine excess / kb	-1	mafft_fftnsi	9	198.84	94.49	206.05	192.56555555555553	9	-253.94000000000003	-304.65	-160.20000000000002	9	0	0	0.00390625				
hotspot_vntr	alignment.affine_all_excess_per_kb	affine excess / kb	-1	mafft_linsi	4	47.83	41.9375	53.125	47.2325	4	-394.525	-498.135	-297.785	4	0	0	0.125				
hotspot_vntr	alignment.affine_all_excess_per_kb	affine excess / kb	-1	mafft_einsi	1	33.75	33.75	33.75	33.75	1	-352.23	-352.23	-352.23	1	0	0	1.0				
hotspot_vntr	alignment.affine_all_excess_per_kb	affine excess / kb	-1	mafft_ginsi	1	29.17	29.17	29.17	29.17	1	-356.81	-356.81	-356.81	1	0	0	1.0				
hotspot_vntr	alignment.affine_all_excess_per_kb	affine excess / kb	-1	poa_abpoa	30	148.835	114.5625	265.00750000000005	192.619	30	-306.45000000000005	-470.9	-139.69	29	1	0	2.60770320892334e-08				
hotspot_vntr	alignment.affine_all_excess_per_kb	affine excess / kb	-1	poa_spoa	20	159.355	110.7225	214.66	170.861	20	-346.41499999999996	-469.145	-101.03500000000003	19	1	0	1.33514404296875e-05				
hotspot_vntr	alignment.affine_all_excess_per_kb	affine excess / kb	-1	poa_abpoa_mc	39	208.06	121.335	340.265	238.4882051282051	39	-266.65000000000003	-335.875	-84.08500000000001	36	3	0	2.3283064365386963e-09				
hotspot_vntr	alignment.affine_all_excess_per_kb	affine excess / kb	-1	unit_aware	40	101.04	59.085	161.8625	121.47999999999999	40	-341.115	-468.26750000000004	-223.2475	36	4	0	1.6007106751203537e-10				
hotspot_vntr	alignment.all_U_per_kb	unaligned homology bp / kb	-1	mc	40	55.045	31.779999999999998	108.5875	84.42975												
hotspot_vntr	alignment.all_U_per_kb	unaligned homology bp / kb	-1	mafft_fftns2	31	12.19	7.720000000000001	19.44	13.629677419354838	31	-25.43	-54.19	-13.474999999999998	29	2	0	4.6566128730773926e-09				
hotspot_vntr	alignment.all_U_per_kb	unaligned homology bp / kb	-1	mafft_fftnsi	9	6.35	3.15	8.53	6.319999999999999	9	-25.619999999999997	-32.88	-15.61	9	0	0	0.00390625				
hotspot_vntr	alignment.all_U_per_kb	unaligned homology bp / kb	-1	mafft_linsi	4	0.8600000000000001	0.5900000000000001	1.4500000000000002	1.18	4	-20.23	-27.655	-16.29	4	0	0	0.125				
hotspot_vntr	alignment.all_U_per_kb	unaligned homology bp / kb	-1	mafft_einsi	1	6.29	6.29	6.29	6.29	1	-7.5200000000000005	-7.5200000000000005	-7.5200000000000005	1	0	0	1.0				
hotspot_vntr	alignment.all_U_per_kb	unaligned homology bp / kb	-1	mafft_ginsi	1	0.64	0.64	0.64	0.64	1	-13.17	-13.17	-13.17	1	0	0	1.0				
hotspot_vntr	alignment.all_U_per_kb	unaligned homology bp / kb	-1	poa_abpoa	30	2.91	1.58	4.4125	3.904333333333333	30	-38.7	-59.505	-23.94	30	0	0	1.862645149230957e-09				
hotspot_vntr	alignment.all_U_per_kb	unaligned homology bp / kb	-1	poa_spoa	20	2.685	1.5725	4.8375	3.3665	20	-32.464999999999996	-60.8375	-19.6075	20	0	0	1.9073486328125e-06				
hotspot_vntr	alignment.all_U_per_kb	unaligned homology bp / kb	-1	poa_abpoa_mc	39	13.16	6.470000000000001	24.005	18.97230769230769	39	-31.06	-75.965	-15.62	37	2	0	2.759043127298355e-08				
hotspot_vntr	alignment.all_U_per_kb	unaligned homology bp / kb	-1	unit_aware	40	0.58	0.12	1.18	0.9237500000000001	40	-52.395	-106.455	-30.127499999999998	40	0	0	1.8189894035458565e-12				
hotspot_vntr	inflation.sv_pieces_median	SV pieces / path (median)	-1	mc	40	8.0	7.0	11.0	8.9												
hotspot_vntr	inflation.sv_pieces_median	SV pieces / path (median)	-1	mafft_fftns2	31	7.0	4.5	10.5	8.193548387096774	31	-0.5	-3.0	1.5	16	11	4	0.4727405607700348				
hotspot_vntr	inflation.sv_pieces_median	SV pieces / path (median)	-1	mafft_fftnsi	9	3.0	2.0	6.0	4.111111111111111	9	-2.0	-4.0	-0.5	7	0	2	0.015625				
hotspot_vntr	inflation.sv_pieces_median	SV pieces / path (median)	-1	mafft_linsi	4	1.0	1.0	1.25	1.25	4	-5.5	-6.0	-4.875	4	0	0	0.125				
hotspot_vntr	inflation.sv_pieces_median	SV pieces / path (median)	-1	mafft_einsi	1	1.0	1.0	1.0	1.0	1	-6.0	-6.0	-6.0	1	0	0	1.0				
hotspot_vntr	inflation.sv_pieces_median	SV pieces / path (median)	-1	mafft_ginsi	1	1.0	1.0	1.0	1.0	1	-6.0	-6.0	-6.0	1	0	0	1.0				
hotspot_vntr	inflation.sv_pieces_median	SV pieces / path (median)	-1	poa_abpoa	30	4.0	2.0	7.75	5.833333333333333	30	-4.0	-5.75	-0.25	22	5	3	0.001326829195022583				
hotspot_vntr	inflation.sv_pieces_median	SV pieces / path (median)	-1	poa_spoa	20	1.5	1.0	3.5	3.0	20	-5.5	-8.25	-1.75	17	2	1	0.00026702880859375				
hotspot_vntr	inflation.sv_pieces_median	SV pieces / path (median)	-1	poa_abpoa_mc	39	7.0	4.5	7.0	6.987179487179487	39	-2.0	-5.0	0.0	28	7	4	0.002722402277868241				
hotspot_vntr	inflation.sv_pieces_median	SV pieces / path (median)	-1	unit_aware	40	4.0	1.75	11.125	9.2875	40	-2.0	-6.25	2.5	23	15	2	0.22141382939298637				
hotspot_vntr	inflation.sv_pieces_mean	SV pieces / path (mean)	-1	mc	40	8.5673	6.723000000000001	10.91115	9.183695												
hotspot_vntr	inflation.sv_pieces_mean	SV pieces / path (mean)	-1	mafft_fftns2	31	7.803	5.5788	11.0409	8.778958064516129	31	-0.06369999999999898	-2.7258000000000004	1.8741499999999993	17	14	0	0.9307350646704435				
hotspot_vntr	inflation.sv_pieces_mean	SV pieces / path (mean)	-1	mafft_fftnsi	9	3.6242	2.2895	6.744	4.423033333333333	9	-1.1005000000000003	-3.2351	-0.19960000000000022	8	1	0	0.02734375				
hotspot_vntr	inflation.sv_pieces_mean	SV pieces / path (mean)	-1	mafft_linsi	4	2.1917	1.7883749999999998	2.3721	1.968775	4	-4.35575	-4.6049	-4.00755	4	0	0	0.125				
hotspot_vntr	inflation.sv_pieces_mean	SV pieces / path (mean)	-1	mafft_einsi	1	1.2566	1.2566	1.2566	1.2566	1	-4.557	-4.557	-4.557	1	0	0	1.0				
hotspot_vntr	inflation.sv_pieces_mean	SV pieces / path (mean)	-1	mafft_ginsi	1	0.6864	0.6864	0.6864	0.6864	1	-5.1272	-5.1272	-5.1272	1	0	0	1.0				
hotspot_vntr	inflation.sv_pieces_mean	SV pieces / path (mean)	-1	poa_abpoa	30	4.94835	3.287375	7.835425	6.8171333333333335	30	-2.99	-4.1406	0.41547500000000004	21	9	0	0.01283373311161995				
hotspot_vntr	inflation.sv_pieces_mean	SV pieces / path (mean)	-1	poa_spoa	20	3.3209	2.224775	5.411375	4.159955	20	-4.22265	-4.7651	-1.9478000000000002	17	3	0	0.001689910888671875				
hotspot_vntr	inflation.sv_pieces_mean	SV pieces / path (mean)	-1	poa_abpoa_mc	39	6.5395	5.4786	7.9563500000000005	7.056153846153846	39	-2.2863000000000007	-3.63315	-0.39819999999999967	32	7	0	2.3796659661456943e-05				
hotspot_vntr	inflation.sv_pieces_mean	SV pieces / path (mean)	-1	unit_aware	40	7.3081499999999995	2.78945	14.709675	11.3492475	40	-1.03295	-4.755575	6.258625	23	17	0	0.7046876743079338				
hotspot_vntr	inflation.anchored_over_free	anchored/free vs CHM13	-1	mc	40	1.768	1.431575	1.9808000000000001	2.002725												
hotspot_vntr	inflation.anchored_over_free	anchored/free vs CHM13	-1	mafft_fftns2	31	1.4029	1.26605	1.6710500000000001	1.7716193548387098	31	-0.32889999999999997	-0.5656500000000001	0.012350000000000083	22	9	0	0.001587800681591034				
hotspot_vntr	inflation.anchored_over_free	anchored/free vs CHM13	-1	mafft_fftnsi	9	1.3799	1.3027	1.9278	1.5900555555555556	9	-0.5935000000000001	-1.4276	-0.12109999999999999	8	1	0	0.01953125				
hotspot_vntr	inflation.anchored_over_free	anchored/free vs CHM13	-1	mafft_linsi	4	1.06365	1.0462500000000001	1.1278	1.1104	4	-0.7336	-1.4781749999999998	-0.413675	4	0	0	0.125				
hotspot_vntr	inflation.anchored_over_free	anchored/free vs CHM13	-1	mafft_einsi	1	1.0282	1.0282	1.0282	1.0282	1	-0.9452	-0.9452	-0.9452	1	0	0	1.0				
hotspot_vntr	inflation.anchored_over_free	anchored/free vs CHM13	-1	mafft_ginsi	1	1.0401	1.0401	1.0401	1.0401	1	-0.9333	-0.9333	-0.9333	1	0	0	1.0				
hotspot_vntr	inflation.anchored_over_free	anchored/free vs CHM13	-1	poa_abpoa	30	1.1597	1.0796000000000001	1.2976	1.2407233333333332	30	-0.6165499999999999	-0.7867999999999999	-0.39827499999999993	29	1	0	1.30385160446167e-08				
hotspot_vntr	inflation.anchored_over_free	anchored/free vs CHM13	-1	poa_spoa	20	1.13455	1.0788	1.2701	1.19726	20	-0.7984999999999999	-1.01985	-0.5366249999999999	20	0	0	1.9073486328125e-06				
hotspot_vntr	inflation.anchored_over_free	anchored/free vs CHM13	-1	poa_abpoa_mc	39	1.3259	1.11225	1.6491	1.472671794871795	39	-0.31940000000000013	-0.5300499999999998	-0.14370000000000005	38	1	0	2.546585164964199e-11				
hotspot_vntr	inflation.anchored_over_free	anchored/free vs CHM13	-1	unit_aware	40	1.0731	1.037875	1.10065	1.0891724999999999	40	-0.67185	-0.882625	-0.3909	40	0	0	1.8189894035458565e-12				
hotspot_vntr	inflation.indel_bp_ratio	indel bp / net length change	-1	mc	40	1.8109	1.4322249999999999	2.060925	2.1773350000000002												
hotspot_vntr	inflation.indel_bp_ratio	indel bp / net length change	-1	mafft_fftns2	31	1.3709	1.2356500000000001	1.8079	1.8613161290322582	31	-0.3521000000000001	-0.6629999999999999	0.008050000000000002	22	9	0	0.00070173479616642				
hotspot_vntr	inflation.indel_bp_ratio	indel bp / net length change	-1	mafft_fftnsi	9	1.4058	1.3142	1.9593	1.7178333333333333	9	-0.7041	-1.9703999999999997	-0.09939999999999993	8	1	0	0.01953125				
hotspot_vntr	inflation.indel_bp_ratio	indel bp / net length change	-1	mafft_linsi	4	1.03355	1.016375	1.16905	1.151875	4	-0.815	-1.8947500000000002	-0.432625	4	0	0	0.125				
hotspot_vntr	inflation.indel_bp_ratio	indel bp / net length change	-1	mafft_einsi	1	1.0197	1.0197	1.0197	1.0197	1	-1.0756	-1.0756	-1.0756	1	0	0	1.0				
hotspot_vntr	inflation.indel_bp_ratio	indel bp / net length change	-1	mafft_ginsi	1	1.0201	1.0201	1.0201	1.0201	1	-1.0752	-1.0752	-1.0752	1	0	0	1.0				
hotspot_vntr	inflation.indel_bp_ratio	indel bp / net length change	-1	poa_abpoa	30	1.0800999999999998	1.018775	1.184225	1.2314	30	-0.75125	-1.00285	-0.40440000000000004	30	0	0	1.862645149230957e-09				
hotspot_vntr	inflation.indel_bp_ratio	indel bp / net length change	-1	poa_spoa	20	1.0639	1.0055749999999999	1.174825	1.1837849999999999	20	-0.90865	-1.369925	-0.565325	20	0	0	1.9073486328125e-06				
hotspot_vntr	inflation.indel_bp_ratio	indel bp / net length change	-1	poa_abpoa_mc	39	1.2777	1.064	1.6736	1.531251282051282	39	-0.3659999999999999	-0.6399	-0.16645	38	1	0	1.8189894035458565e-11				
hotspot_vntr	inflation.indel_bp_ratio	indel bp / net length change	-1	unit_aware	40	1.03725	1.0063	1.08045	1.0824500000000001	40	-0.78055	-1.015325	-0.4208	40	0	0	1.8189894035458565e-12				
hotspot_vntr	inflation.indel_bp_excess_per_kb	excess indel bp / kb	-1	mc	40	238.2	144.305	327.5925	234.96149999999997												
hotspot_vntr	inflation.indel_bp_excess_per_kb	excess indel bp / kb	-1	mafft_fftns2	31	120.03	76.065	158.155	136.3790322580645	31	-97.88	-204.33999999999997	3.0349999999999966	22	9	0	0.00026073306798934937				
hotspot_vntr	inflation.indel_bp_excess_per_kb	excess indel bp / kb	-1	mafft_fftnsi	9	90.35	44.76	145.42	99.0111111111111	9	-179.48	-214.47	-25.47	8	1	0	0.01953125				
hotspot_vntr	inflation.indel_bp_excess_per_kb	excess indel bp / kb	-1	mafft_linsi	4	15.864999999999998	4.0024999999999995	30.1425	18.279999999999998	4	-234.60500000000002	-266.1575	-175.185	4	0	0	0.125				
hotspot_vntr	inflation.indel_bp_excess_per_kb	excess indel bp / kb	-1	mafft_einsi	1	4.56	4.56	4.56	4.56	1	-248.4	-248.4	-248.4	1	0	0	1.0				
hotspot_vntr	inflation.indel_bp_excess_per_kb	excess indel bp / kb	-1	mafft_ginsi	1	4.64	4.64	4.64	4.64	1	-248.32000000000002	-248.32000000000002	-248.32000000000002	1	0	0	1.0				
hotspot_vntr	inflation.indel_bp_excess_per_kb	excess indel bp / kb	-1	poa_abpoa	30	14.865	7.13	57.2975	32.132666666666665	30	-211.39999999999998	-298.12250000000006	-107.6275	30	0	0	1.862645149230957e-09				
hotspot_vntr	inflation.indel_bp_excess_per_kb	excess indel bp / kb	-1	poa_spoa	20	12.545	2.4875	35.114999999999995	21.2115	20	-237.54	-321.7525	-109.5425	20	0	0	1.9073486328125e-06				
hotspot_vntr	inflation.indel_bp_excess_per_kb	excess indel bp / kb	-1	poa_abpoa_mc	39	80.54	28.215	144.70999999999998	105.16205128205128	39	-112.12	-191.64499999999998	-69.51	38	1	0	3.637978807091713e-11				
hotspot_vntr	inflation.indel_bp_excess_per_kb	excess indel bp / kb	-1	unit_aware	40	10.82	3.44	22.56	12.92825	40	-226.485	-300.4	-134.375	40	0	0	1.8189894035458565e-12				
hotspot_vntr	redundancy.kmer_frac_extra	k-mer extra positions (frac)	-1	mc	40	0.783655	0.6434075	0.8264100000000001	0.7193134999999999												
hotspot_vntr	redundancy.kmer_frac_extra	k-mer extra positions (frac)	-1	mafft_fftns2	31	0.81522	0.72256	0.864975	0.7778254838709677	31	0.060250000000000026	0.02461000000000002	0.10803499999999999	4	27	0	4.991888999938965e-07				
hotspot_vntr	redundancy.kmer_frac_extra	k-mer extra positions (frac)	-1	mafft_fftnsi	9	0.70954	0.68643	0.77241	0.7115455555555555	9	0.05584	0.01800999999999997	0.11206000000000005	0	9	0	0.00390625				
hotspot_vntr	redundancy.kmer_frac_extra	k-mer extra positions (frac)	-1	mafft_linsi	4	0.54542	0.46890750000000003	0.648285	0.5717725	4	-0.04055	-0.09466749999999999	0.008279999999999996	2	2	0	0.625				
hotspot_vntr	redundancy.kmer_frac_extra	k-mer extra positions (frac)	-1	mafft_einsi	1	0.48567	0.48567	0.48567	0.48567	1	0.13721	0.13721	0.13721	0	1	0	1.0				
hotspot_vntr	redundancy.kmer_frac_extra	k-mer extra positions (frac)	-1	mafft_ginsi	1	0.35803	0.35803	0.35803	0.35803	1	0.009570000000000023	0.009570000000000023	0.009570000000000023	0	1	0	1.0				
hotspot_vntr	redundancy.kmer_frac_extra	k-mer extra positions (frac)	-1	poa_abpoa	30	0.680505	0.58247	0.8027525	0.6686163333333333	30	-0.03059999999999996	-0.08867	0.015532499999999977	22	8	0	0.044907208532094955				
hotspot_vntr	redundancy.kmer_frac_extra	k-mer extra positions (frac)	-1	poa_spoa	20	0.68925	0.6293150000000001	0.8150875	0.677989	20	0.010945000000000038	-0.06945500000000002	0.04497499999999999	9	11	0	0.9854354858398438				
hotspot_vntr	redundancy.kmer_frac_extra	k-mer extra positions (frac)	-1	poa_abpoa_mc	39	0.70599	0.558995	0.79155	0.6685420512820512	39	-0.05010999999999999	-0.09886	-0.013880000000000059	34	5	0	5.618167051579803e-07				
hotspot_vntr	redundancy.kmer_frac_extra	k-mer extra positions (frac)	-1	unit_aware	40	0.7080850000000001	0.6261	0.7990675	0.70072775	40	-0.04772500000000002	-0.08833749999999993	0.018802499999999944	26	14	0	0.048164484947847086				
hotspot_vntr	redundancy.kmer_extra_per_kb	k-mer extra positions / kb	-1	mc	40	15916.599999999999	6738.485000000001	38886.7775	25449.93275												
hotspot_vntr	redundancy.kmer_extra_per_kb	k-mer extra positions / kb	-1	mafft_fftns2	31	19075.41	10787.41	44925.425	30814.02741935484	31	6271.04	2232.29	9546.915	4	27	0	4.6193599700927734e-06				
hotspot_vntr	redundancy.kmer_extra_per_kb	k-mer extra positions / kb	-1	mafft_fftnsi	9	9745.97	7584.03	13912.61	10792.861111111111	9	1858.749999999999	1093.29	3632.959999999999	0	9	0	0.00390625				
hotspot_vntr	redundancy.kmer_extra_per_kb	k-mer extra positions / kb	-1	mafft_linsi	4	4582.855	3022.09	8376.975	6816.21	4	-748.9449999999998	-2036.695	296.9650000000002	2	2	0	0.625				
hotspot_vntr	redundancy.kmer_extra_per_kb	k-mer extra positions / kb	-1	mafft_einsi	1	2432.6	2432.6	2432.6	2432.6	1	1054.85	1054.85	1054.85	0	1	0	1.0				
hotspot_vntr	redundancy.kmer_extra_per_kb	k-mer extra positions / kb	-1	mafft_ginsi	1	1436.7	1436.7	1436.7	1436.7	1	58.950000000000045	58.950000000000045	58.950000000000045	0	1	0	1.0				
hotspot_vntr	redundancy.kmer_extra_per_kb	k-mer extra positions / kb	-1	poa_abpoa	30	7807.445	5187.030000000001	21245.96	16923.972	30	-1733.5750000000005	-4945.112499999999	362.4075000000005	22	8	0	0.00993151031434536				
hotspot_vntr	redundancy.kmer_extra_per_kb	k-mer extra positions / kb	-1	poa_spoa	20	7415.57	5257.91	14113.259999999998	13641.4745	20	704.3249999999998	-2421.6475	2181.4025	9	11	0	0.9272785186767578				
hotspot_vntr	redundancy.kmer_extra_per_kb	k-mer extra positions / kb	-1	poa_abpoa_mc	39	10796.78	4928.03	27650.34	20790.018205128203	39	-3626.6400000000012	-9355.025000000001	-433.6499999999999	34	5	0	7.635782822035253e-06				
hotspot_vntr	redundancy.kmer_extra_per_kb	k-mer extra positions / kb	-1	unit_aware	40	11881.515	6711.1075	24557.295	19357.31675	40	-3197.6250000000005	-12312.962500000001	1325.6049999999998	26	14	0	0.004052109774420387				
hotspot_vntr	truth.d_graph_sum	truth edits to best graph path (h1+h2)	-1	mc	0																
hotspot_vntr	truth.d_graph_sum	truth edits to best graph path (h1+h2)	-1	mafft_fftns2	0																
hotspot_vntr	truth.d_graph_sum	truth edits to best graph path (h1+h2)	-1	mafft_fftnsi	0																
hotspot_vntr	truth.d_graph_sum	truth edits to best graph path (h1+h2)	-1	mafft_linsi	0																
hotspot_vntr	truth.d_graph_sum	truth edits to best graph path (h1+h2)	-1	mafft_einsi	0																
hotspot_vntr	truth.d_graph_sum	truth edits to best graph path (h1+h2)	-1	mafft_ginsi	0																
hotspot_vntr	truth.d_graph_sum	truth edits to best graph path (h1+h2)	-1	poa_abpoa	0																
hotspot_vntr	truth.d_graph_sum	truth edits to best graph path (h1+h2)	-1	poa_spoa	0																
hotspot_vntr	truth.d_graph_sum	truth edits to best graph path (h1+h2)	-1	poa_abpoa_mc	0																
hotspot_vntr	truth.d_graph_sum	truth edits to best graph path (h1+h2)	-1	unit_aware	0																
hotspot_vntr	truth.h1_d_graph	truth h1 edits to graph	-1	mc	0																
hotspot_vntr	truth.h1_d_graph	truth h1 edits to graph	-1	mafft_fftns2	0																
hotspot_vntr	truth.h1_d_graph	truth h1 edits to graph	-1	mafft_fftnsi	0																
hotspot_vntr	truth.h1_d_graph	truth h1 edits to graph	-1	mafft_linsi	0																
hotspot_vntr	truth.h1_d_graph	truth h1 edits to graph	-1	mafft_einsi	0																
hotspot_vntr	truth.h1_d_graph	truth h1 edits to graph	-1	mafft_ginsi	0																
hotspot_vntr	truth.h1_d_graph	truth h1 edits to graph	-1	poa_abpoa	0																
hotspot_vntr	truth.h1_d_graph	truth h1 edits to graph	-1	poa_spoa	0																
hotspot_vntr	truth.h1_d_graph	truth h1 edits to graph	-1	poa_abpoa_mc	0																
hotspot_vntr	truth.h1_d_graph	truth h1 edits to graph	-1	unit_aware	0																
hotspot_vntr	truth.h2_d_graph	truth h2 edits to graph	-1	mc	0																
hotspot_vntr	truth.h2_d_graph	truth h2 edits to graph	-1	mafft_fftns2	0																
hotspot_vntr	truth.h2_d_graph	truth h2 edits to graph	-1	mafft_fftnsi	0																
hotspot_vntr	truth.h2_d_graph	truth h2 edits to graph	-1	mafft_linsi	0																
hotspot_vntr	truth.h2_d_graph	truth h2 edits to graph	-1	mafft_einsi	0																
hotspot_vntr	truth.h2_d_graph	truth h2 edits to graph	-1	mafft_ginsi	0																
hotspot_vntr	truth.h2_d_graph	truth h2 edits to graph	-1	poa_abpoa	0																
hotspot_vntr	truth.h2_d_graph	truth h2 edits to graph	-1	poa_spoa	0																
hotspot_vntr	truth.h2_d_graph	truth h2 edits to graph	-1	poa_abpoa_mc	0																
hotspot_vntr	truth.h2_d_graph	truth h2 edits to graph	-1	unit_aware	0																
hotspot_vntr	truth.d_panel_sum	truth edits to closest panel path (h1+h2)	0	mc	0																
hotspot_vntr	truth.d_panel_sum	truth edits to closest panel path (h1+h2)	0	mafft_fftns2	0																
hotspot_vntr	truth.d_panel_sum	truth edits to closest panel path (h1+h2)	0	mafft_fftnsi	0																
hotspot_vntr	truth.d_panel_sum	truth edits to closest panel path (h1+h2)	0	mafft_linsi	0																
hotspot_vntr	truth.d_panel_sum	truth edits to closest panel path (h1+h2)	0	mafft_einsi	0																
hotspot_vntr	truth.d_panel_sum	truth edits to closest panel path (h1+h2)	0	mafft_ginsi	0																
hotspot_vntr	truth.d_panel_sum	truth edits to closest panel path (h1+h2)	0	poa_abpoa	0																
hotspot_vntr	truth.d_panel_sum	truth edits to closest panel path (h1+h2)	0	poa_spoa	0																
hotspot_vntr	truth.d_panel_sum	truth edits to closest panel path (h1+h2)	0	poa_abpoa_mc	0																
hotspot_vntr	truth.d_panel_sum	truth edits to closest panel path (h1+h2)	0	unit_aware	0																
hotspot_vntr	truth.truvari.raw_f1	truth-by-graph truvari F1, raw	1	mc	0																
hotspot_vntr	truth.truvari.raw_f1	truth-by-graph truvari F1, raw	1	mafft_fftns2	0																
hotspot_vntr	truth.truvari.raw_f1	truth-by-graph truvari F1, raw	1	mafft_fftnsi	0																
hotspot_vntr	truth.truvari.raw_f1	truth-by-graph truvari F1, raw	1	mafft_linsi	0																
hotspot_vntr	truth.truvari.raw_f1	truth-by-graph truvari F1, raw	1	mafft_einsi	0																
hotspot_vntr	truth.truvari.raw_f1	truth-by-graph truvari F1, raw	1	mafft_ginsi	0																
hotspot_vntr	truth.truvari.raw_f1	truth-by-graph truvari F1, raw	1	poa_abpoa	0																
hotspot_vntr	truth.truvari.raw_f1	truth-by-graph truvari F1, raw	1	poa_spoa	0																
hotspot_vntr	truth.truvari.raw_f1	truth-by-graph truvari F1, raw	1	poa_abpoa_mc	0																
hotspot_vntr	truth.truvari.raw_f1	truth-by-graph truvari F1, raw	1	unit_aware	0																
hotspot_vntr	truth.truvari.refined_f1	truth-by-graph truvari F1, refined	1	mc	0																
hotspot_vntr	truth.truvari.refined_f1	truth-by-graph truvari F1, refined	1	mafft_fftns2	0																
hotspot_vntr	truth.truvari.refined_f1	truth-by-graph truvari F1, refined	1	mafft_fftnsi	0																
hotspot_vntr	truth.truvari.refined_f1	truth-by-graph truvari F1, refined	1	mafft_linsi	0																
hotspot_vntr	truth.truvari.refined_f1	truth-by-graph truvari F1, refined	1	mafft_einsi	0																
hotspot_vntr	truth.truvari.refined_f1	truth-by-graph truvari F1, refined	1	mafft_ginsi	0																
hotspot_vntr	truth.truvari.refined_f1	truth-by-graph truvari F1, refined	1	poa_abpoa	0																
hotspot_vntr	truth.truvari.refined_f1	truth-by-graph truvari F1, refined	1	poa_spoa	0																
hotspot_vntr	truth.truvari.refined_f1	truth-by-graph truvari F1, refined	1	poa_abpoa_mc	0																
hotspot_vntr	truth.truvari.refined_f1	truth-by-graph truvari F1, refined	1	unit_aware	0																
hotspot_vntr	truth.truvari.phab_f1	truth-by-graph truvari F1, whole-span phab	1	mc	0																
hotspot_vntr	truth.truvari.phab_f1	truth-by-graph truvari F1, whole-span phab	1	mafft_fftns2	0																
hotspot_vntr	truth.truvari.phab_f1	truth-by-graph truvari F1, whole-span phab	1	mafft_fftnsi	0																
hotspot_vntr	truth.truvari.phab_f1	truth-by-graph truvari F1, whole-span phab	1	mafft_linsi	0																
hotspot_vntr	truth.truvari.phab_f1	truth-by-graph truvari F1, whole-span phab	1	mafft_einsi	0																
hotspot_vntr	truth.truvari.phab_f1	truth-by-graph truvari F1, whole-span phab	1	mafft_ginsi	0																
hotspot_vntr	truth.truvari.phab_f1	truth-by-graph truvari F1, whole-span phab	1	poa_abpoa	0																
hotspot_vntr	truth.truvari.phab_f1	truth-by-graph truvari F1, whole-span phab	1	poa_spoa	0																
hotspot_vntr	truth.truvari.phab_f1	truth-by-graph truvari F1, whole-span phab	1	poa_abpoa_mc	0																
hotspot_vntr	truth.truvari.phab_f1	truth-by-graph truvari F1, whole-span phab	1	unit_aware	0																
hotspot_vntr	truth.truvari.records_sv	truth-by-graph SV records	0	mc	0																
hotspot_vntr	truth.truvari.records_sv	truth-by-graph SV records	0	mafft_fftns2	0																
hotspot_vntr	truth.truvari.records_sv	truth-by-graph SV records	0	mafft_fftnsi	0																
hotspot_vntr	truth.truvari.records_sv	truth-by-graph SV records	0	mafft_linsi	0																
hotspot_vntr	truth.truvari.records_sv	truth-by-graph SV records	0	mafft_einsi	0																
hotspot_vntr	truth.truvari.records_sv	truth-by-graph SV records	0	mafft_ginsi	0																
hotspot_vntr	truth.truvari.records_sv	truth-by-graph SV records	0	poa_abpoa	0																
hotspot_vntr	truth.truvari.records_sv	truth-by-graph SV records	0	poa_spoa	0																
hotspot_vntr	truth.truvari.records_sv	truth-by-graph SV records	0	poa_abpoa_mc	0																
hotspot_vntr	truth.truvari.records_sv	truth-by-graph SV records	0	unit_aware	0																
hotspot_vntr	reads.all_unique	reads: unique placement	1	mc	0																
hotspot_vntr	reads.all_unique	reads: unique placement	1	mafft_fftns2	0																
hotspot_vntr	reads.all_unique	reads: unique placement	1	mafft_fftnsi	0																
hotspot_vntr	reads.all_unique	reads: unique placement	1	mafft_linsi	0																
hotspot_vntr	reads.all_unique	reads: unique placement	1	mafft_einsi	0																
hotspot_vntr	reads.all_unique	reads: unique placement	1	mafft_ginsi	0																
hotspot_vntr	reads.all_unique	reads: unique placement	1	poa_abpoa	0																
hotspot_vntr	reads.all_unique	reads: unique placement	1	poa_spoa	0																
hotspot_vntr	reads.all_unique	reads: unique placement	1	poa_abpoa_mc	0																
hotspot_vntr	reads.all_unique	reads: unique placement	1	unit_aware	0																
hotspot_vntr	reads.all_redundant_only	reads: redundant (cross-walk) only	-1	mc	0																
hotspot_vntr	reads.all_redundant_only	reads: redundant (cross-walk) only	-1	mafft_fftns2	0																
hotspot_vntr	reads.all_redundant_only	reads: redundant (cross-walk) only	-1	mafft_fftnsi	0																
hotspot_vntr	reads.all_redundant_only	reads: redundant (cross-walk) only	-1	mafft_linsi	0																
hotspot_vntr	reads.all_redundant_only	reads: redundant (cross-walk) only	-1	mafft_einsi	0																
hotspot_vntr	reads.all_redundant_only	reads: redundant (cross-walk) only	-1	mafft_ginsi	0																
hotspot_vntr	reads.all_redundant_only	reads: redundant (cross-walk) only	-1	poa_abpoa	0																
hotspot_vntr	reads.all_redundant_only	reads: redundant (cross-walk) only	-1	poa_spoa	0																
hotspot_vntr	reads.all_redundant_only	reads: redundant (cross-walk) only	-1	poa_abpoa_mc	0																
hotspot_vntr	reads.all_redundant_only	reads: redundant (cross-walk) only	-1	unit_aware	0																
hotspot_vntr	reads.all_tandem	reads: tandem	0	mc	0																
hotspot_vntr	reads.all_tandem	reads: tandem	0	mafft_fftns2	0																
hotspot_vntr	reads.all_tandem	reads: tandem	0	mafft_fftnsi	0																
hotspot_vntr	reads.all_tandem	reads: tandem	0	mafft_linsi	0																
hotspot_vntr	reads.all_tandem	reads: tandem	0	mafft_einsi	0																
hotspot_vntr	reads.all_tandem	reads: tandem	0	mafft_ginsi	0																
hotspot_vntr	reads.all_tandem	reads: tandem	0	poa_abpoa	0																
hotspot_vntr	reads.all_tandem	reads: tandem	0	poa_spoa	0																
hotspot_vntr	reads.all_tandem	reads: tandem	0	poa_abpoa_mc	0																
hotspot_vntr	reads.all_tandem	reads: tandem	0	unit_aware	0																
hotspot_vntr	reads.all_ratio_mean	reads: placements / max per path	-1	mc	0																
hotspot_vntr	reads.all_ratio_mean	reads: placements / max per path	-1	mafft_fftns2	0																
hotspot_vntr	reads.all_ratio_mean	reads: placements / max per path	-1	mafft_fftnsi	0																
hotspot_vntr	reads.all_ratio_mean	reads: placements / max per path	-1	mafft_linsi	0																
hotspot_vntr	reads.all_ratio_mean	reads: placements / max per path	-1	mafft_einsi	0																
hotspot_vntr	reads.all_ratio_mean	reads: placements / max per path	-1	mafft_ginsi	0																
hotspot_vntr	reads.all_ratio_mean	reads: placements / max per path	-1	poa_abpoa	0																
hotspot_vntr	reads.all_ratio_mean	reads: placements / max per path	-1	poa_spoa	0																
hotspot_vntr	reads.all_ratio_mean	reads: placements / max per path	-1	poa_abpoa_mc	0																
hotspot_vntr	reads.all_ratio_mean	reads: placements / max per path	-1	unit_aware	0																
hotspot_vntr	reads.mqlt5_redundant_only	reads MAPQ<5: redundant only	-1	mc	0																
hotspot_vntr	reads.mqlt5_redundant_only	reads MAPQ<5: redundant only	-1	mafft_fftns2	0																
hotspot_vntr	reads.mqlt5_redundant_only	reads MAPQ<5: redundant only	-1	mafft_fftnsi	0																
hotspot_vntr	reads.mqlt5_redundant_only	reads MAPQ<5: redundant only	-1	mafft_linsi	0																
hotspot_vntr	reads.mqlt5_redundant_only	reads MAPQ<5: redundant only	-1	mafft_einsi	0																
hotspot_vntr	reads.mqlt5_redundant_only	reads MAPQ<5: redundant only	-1	mafft_ginsi	0																
hotspot_vntr	reads.mqlt5_redundant_only	reads MAPQ<5: redundant only	-1	poa_abpoa	0																
hotspot_vntr	reads.mqlt5_redundant_only	reads MAPQ<5: redundant only	-1	poa_spoa	0																
hotspot_vntr	reads.mqlt5_redundant_only	reads MAPQ<5: redundant only	-1	poa_abpoa_mc	0																
hotspot_vntr	reads.mqlt5_redundant_only	reads MAPQ<5: redundant only	-1	unit_aware	0																
hotspot_vntr	reads.mqlt5_ratio_mean	reads MAPQ<5: placements / max per path	-1	mc	0																
hotspot_vntr	reads.mqlt5_ratio_mean	reads MAPQ<5: placements / max per path	-1	mafft_fftns2	0																
hotspot_vntr	reads.mqlt5_ratio_mean	reads MAPQ<5: placements / max per path	-1	mafft_fftnsi	0																
hotspot_vntr	reads.mqlt5_ratio_mean	reads MAPQ<5: placements / max per path	-1	mafft_linsi	0																
hotspot_vntr	reads.mqlt5_ratio_mean	reads MAPQ<5: placements / max per path	-1	mafft_einsi	0																
hotspot_vntr	reads.mqlt5_ratio_mean	reads MAPQ<5: placements / max per path	-1	mafft_ginsi	0																
hotspot_vntr	reads.mqlt5_ratio_mean	reads MAPQ<5: placements / max per path	-1	poa_abpoa	0																
hotspot_vntr	reads.mqlt5_ratio_mean	reads MAPQ<5: placements / max per path	-1	poa_spoa	0																
hotspot_vntr	reads.mqlt5_ratio_mean	reads MAPQ<5: placements / max per path	-1	poa_abpoa_mc	0																
hotspot_vntr	reads.mqlt5_ratio_mean	reads MAPQ<5: placements / max per path	-1	unit_aware	0																
hotspot_vntr	truth.truvari.pooled_raw_f1	pooled truvari F1 raw	1	mc	0													0	0	0	0
hotspot_vntr	truth.truvari.pooled_refined_f1	pooled truvari F1 refined	1	mc	0													0	0	0	0
hotspot_vntr	truth.truvari.pooled_phab_f1	pooled truvari F1 phab	1	mc	0													0	0	0	0
hotspot_vntr	truth.truvari.pooled_raw_f1	pooled truvari F1 raw	1	mafft_fftns2	0													0	0	0	0
hotspot_vntr	truth.truvari.pooled_refined_f1	pooled truvari F1 refined	1	mafft_fftns2	0													0	0	0	0
hotspot_vntr	truth.truvari.pooled_phab_f1	pooled truvari F1 phab	1	mafft_fftns2	0													0	0	0	0
hotspot_vntr	truth.truvari.pooled_raw_f1	pooled truvari F1 raw	1	mafft_fftnsi	0													0	0	0	0
hotspot_vntr	truth.truvari.pooled_refined_f1	pooled truvari F1 refined	1	mafft_fftnsi	0													0	0	0	0
hotspot_vntr	truth.truvari.pooled_phab_f1	pooled truvari F1 phab	1	mafft_fftnsi	0													0	0	0	0
hotspot_vntr	truth.truvari.pooled_raw_f1	pooled truvari F1 raw	1	mafft_linsi	0													0	0	0	0
hotspot_vntr	truth.truvari.pooled_refined_f1	pooled truvari F1 refined	1	mafft_linsi	0													0	0	0	0
hotspot_vntr	truth.truvari.pooled_phab_f1	pooled truvari F1 phab	1	mafft_linsi	0													0	0	0	0
hotspot_vntr	truth.truvari.pooled_raw_f1	pooled truvari F1 raw	1	mafft_einsi	0													0	0	0	0
hotspot_vntr	truth.truvari.pooled_refined_f1	pooled truvari F1 refined	1	mafft_einsi	0													0	0	0	0
hotspot_vntr	truth.truvari.pooled_phab_f1	pooled truvari F1 phab	1	mafft_einsi	0													0	0	0	0
hotspot_vntr	truth.truvari.pooled_raw_f1	pooled truvari F1 raw	1	mafft_ginsi	0													0	0	0	0
hotspot_vntr	truth.truvari.pooled_refined_f1	pooled truvari F1 refined	1	mafft_ginsi	0													0	0	0	0
hotspot_vntr	truth.truvari.pooled_phab_f1	pooled truvari F1 phab	1	mafft_ginsi	0													0	0	0	0
hotspot_vntr	truth.truvari.pooled_raw_f1	pooled truvari F1 raw	1	poa_abpoa	0													0	0	0	0
hotspot_vntr	truth.truvari.pooled_refined_f1	pooled truvari F1 refined	1	poa_abpoa	0													0	0	0	0
hotspot_vntr	truth.truvari.pooled_phab_f1	pooled truvari F1 phab	1	poa_abpoa	0													0	0	0	0
hotspot_vntr	truth.truvari.pooled_raw_f1	pooled truvari F1 raw	1	poa_spoa	0													0	0	0	0
hotspot_vntr	truth.truvari.pooled_refined_f1	pooled truvari F1 refined	1	poa_spoa	0													0	0	0	0
hotspot_vntr	truth.truvari.pooled_phab_f1	pooled truvari F1 phab	1	poa_spoa	0													0	0	0	0
hotspot_vntr	truth.truvari.pooled_raw_f1	pooled truvari F1 raw	1	poa_abpoa_mc	0													0	0	0	0
hotspot_vntr	truth.truvari.pooled_refined_f1	pooled truvari F1 refined	1	poa_abpoa_mc	0													0	0	0	0
hotspot_vntr	truth.truvari.pooled_phab_f1	pooled truvari F1 phab	1	poa_abpoa_mc	0													0	0	0	0
hotspot_vntr	truth.truvari.pooled_raw_f1	pooled truvari F1 raw	1	unit_aware	0													0	0	0	0
hotspot_vntr	truth.truvari.pooled_refined_f1	pooled truvari F1 refined	1	unit_aware	0													0	0	0	0
hotspot_vntr	truth.truvari.pooled_phab_f1	pooled truvari F1 phab	1	unit_aware	0													0	0	0	0
control_vntr_matched	size.nodes_per_kb	nodes / CHM13 kb	-1	mc	40	138.105	64.33	207.55	183.95075												
control_vntr_matched	size.nodes_per_kb	nodes / CHM13 kb	-1	mafft_fftns2	40	142.595	79.275	356.15250000000003	271.86125000000004	40	12.930000000000007	-4.692500000000008	76.33249999999998	13	26	1	0.0021289616634021513				
control_vntr_matched	size.nodes_per_kb	nodes / CHM13 kb	-1	mafft_fftnsi	34	123.64500000000001	71.3775	285.1075	223.00088235294118	34	13.685000000000002	-6.7425000000000015	61.79999999999998	12	22	0	0.016922200680710375				
control_vntr_matched	size.nodes_per_kb	nodes / CHM13 kb	-1	mafft_linsi	27	156.38	70.95	197.555	178.27777777777777	27	2.5	-9.545000000000002	42.34	13	14	0	0.219833105802536				
control_vntr_matched	size.nodes_per_kb	nodes / CHM13 kb	-1	mafft_einsi	22	80.27	49.0175	117.0275	116.0440909090909	22	-10.280000000000001	-57.82000000000001	-0.8724999999999978	19	3	0	0.00017690658569335938				
control_vntr_matched	size.nodes_per_kb	nodes / CHM13 kb	-1	mafft_ginsi	22	110.46000000000001	57.565	192.0775	156.985	22	0.34500000000000597	-10.177500000000002	29.0475	11	11	0	0.5879268646240234				
control_vntr_matched	size.nodes_per_kb	nodes / CHM13 kb	-1	poa_abpoa	40	152.39	91.655	270.88750000000005	241.44875000000002	40	26.700000000000003	-1.2199999999999998	111.065	14	26	0	0.000714401952791377				
control_vntr_matched	size.nodes_per_kb	nodes / CHM13 kb	-1	poa_spoa	37	202.48	90.74	379.8	272.28675675675674	37	44.89999999999999	6.759999999999991	135.35	7	30	0	7.243943400681019e-08				
control_vntr_matched	size.nodes_per_kb	nodes / CHM13 kb	-1	poa_abpoa_mc	40	106.845	73.6	178.2875	184.17825	40	-2.3949999999999996	-36.757500000000014	8.857500000000002	25	15	0	0.2765956516359438				
control_vntr_matched	size.nodes_per_kb	nodes / CHM13 kb	-1	unit_aware	40	187.125	86.1475	298.8575	276.38375	40	20.789999999999996	-0.3300000000000054	125.82999999999998	11	29	0	2.4485168978571892e-05				
control_vntr_matched	size.node_len_mean	mean node bp	1	mc	40	10.763	7.75975	17.2245	13.52225												
control_vntr_matched	size.node_len_mean	mean node bp	1	mafft_fftns2	40	12.336	6.25075	17.9575	14.381424999999998	40	-0.006499999999999062	-1.8180000000000003	2.072750000000001	20	20	0	0.9946976143110078				
control_vntr_matched	size.node_len_mean	mean node bp	1	mafft_fftnsi	34	12.4725	6.160500000000001	18.1605	13.967588235294118	34	-0.34250000000000114	-1.6072500000000003	2.2185000000000032	16	18	0	0.8792931246571243				
control_vntr_matched	size.node_len_mean	mean node bp	1	mafft_linsi	27	11.63	6.3565000000000005	15.0765	13.233925925925927	27	-0.38400000000000034	-2.7264999999999997	1.1975000000000007	12	15	0	0.324220210313797				
control_vntr_matched	size.node_len_mean	mean node bp	1	mafft_einsi	22	18.4085	12.471	22.501	19.044636363636364	22	1.3835000000000006	0.732250000000001	3.5035000000000007	20	2	0	2.6226043701171875e-05				
control_vntr_matched	size.node_len_mean	mean node bp	1	mafft_ginsi	22	12.6145	7.3155	18.0695	14.522272727272728	22	-0.10599999999999943	-2.3577499999999993	1.177500000000002	11	11	0	0.5445904731750488				
control_vntr_matched	size.node_len_mean	mean node bp	1	poa_abpoa	40	8.7805	4.854	14.041250000000002	11.5628	40	-1.6810000000000005	-3.6172500000000003	0.5189999999999992	14	26	0	0.001862897997852997				
control_vntr_matched	size.node_len_mean	mean node bp	1	poa_spoa	37	6.311	4.01	11.792	10.077783783783783	37	-2.539	-4.4910000000000005	-1.0399999999999991	7	30	0	4.0320446714758873e-07				
control_vntr_matched	size.node_len_mean	mean node bp	1	poa_abpoa_mc	40	11.8005	7.51075	17.751	13.983625	40	0.28250000000000064	-1.4490000000000005	1.8449999999999993	22	18	0	0.589975534387122				
control_vntr_matched	size.node_len_mean	mean node bp	1	unit_aware	40	8.051	4.933999999999999	14.55325	11.277025	40	-1.8400000000000003	-3.7942499999999995	-0.18074999999999974	9	31	0	7.708757948421407e-05				
control_vntr_matched	size.node_len_median	median node bp	1	mc	40	1.0	1.0	1.0	1.2125												
control_vntr_matched	size.node_len_median	median node bp	1	mafft_fftns2	40	1.0	1.0	1.0	1.1	40	0.0	0.0	0.0	0	4	36	0.125				
control_vntr_matched	size.node_len_median	median node bp	1	mafft_fftnsi	34	1.0	1.0	1.0	1.1176470588235294	34	0.0	0.0	0.0	0	4	30	0.125				
control_vntr_matched	size.node_len_median	median node bp	1	mafft_linsi	27	1.0	1.0	1.0	1.0740740740740742	27	0.0	0.0	0.0	0	3	24	0.25				
control_vntr_matched	size.node_len_median	median node bp	1	mafft_einsi	22	1.0	1.0	1.0	1.0909090909090908	22	0.0	0.0	0.0	0	2	20	0.5				
control_vntr_matched	size.node_len_median	median node bp	1	mafft_ginsi	22	1.0	1.0	1.0	1.0909090909090908	22	0.0	0.0	0.0	0	2	20	0.5				
control_vntr_matched	size.node_len_median	median node bp	1	poa_abpoa	40	1.0	1.0	1.0	1.075	40	0.0	0.0	0.0	0	5	35	0.0625				
control_vntr_matched	size.node_len_median	median node bp	1	poa_spoa	37	1.0	1.0	1.0	1.0810810810810811	37	0.0	0.0	0.0	0	5	32	0.0625				
control_vntr_matched	size.node_len_median	median node bp	1	poa_abpoa_mc	40	1.0	1.0	1.0	1.1125	40	0.0	0.0	0.0	0	4	36	0.125				
control_vntr_matched	size.node_len_median	median node bp	1	unit_aware	40	1.0	1.0	1.0	1.025	40	0.0	0.0	0.0	0	7	33	0.015625				
control_vntr_matched	size.node_frac_1bp	frac 1-bp nodes	-1	mc	40	0.58155	0.51675	0.62135	0.5674775000000001												
control_vntr_matched	size.node_frac_1bp	frac 1-bp nodes	-1	mafft_fftns2	40	0.5904	0.55345	0.6427499999999999	0.5959625	40	0.023249999999999993	-0.0030000000000000304	0.05594999999999993	11	29	0	0.0016823487039800966				
control_vntr_matched	size.node_frac_1bp	frac 1-bp nodes	-1	mafft_fftnsi	34	0.58365	0.5432	0.631775	0.5898794117647059	34	0.022050000000000014	-0.0018250000000000488	0.06234999999999996	9	25	0	0.0003686567069962621				
control_vntr_matched	size.node_frac_1bp	frac 1-bp nodes	-1	mafft_linsi	27	0.6059	0.56365	0.6542	0.6014814814814814	27	0.02400000000000002	0.007100000000000051	0.05989999999999995	4	23	0	0.00010816752910614014				
control_vntr_matched	size.node_frac_1bp	frac 1-bp nodes	-1	mafft_einsi	22	0.5890500000000001	0.53625	0.631675	0.5845772727272727	22	0.006950000000000012	-0.0006750000000000089	0.016900000000000026	6	16	0	0.02513885498046875				
control_vntr_matched	size.node_frac_1bp	frac 1-bp nodes	-1	mafft_ginsi	22	0.6021	0.5701	0.6575	0.6022318181818181	22	0.02485000000000001	0.0068500000000000505	0.040200000000000014	4	18	0	0.0003581047058105469				
control_vntr_matched	size.node_frac_1bp	frac 1-bp nodes	-1	poa_abpoa	40	0.6194999999999999	0.5636	0.656125	0.6139875	40	0.03720000000000001	0.004550000000000026	0.070925	6	34	0	3.062996256630868e-08				
control_vntr_matched	size.node_frac_1bp	frac 1-bp nodes	-1	poa_spoa	37	0.6026	0.5654	0.6667	0.6106702702702702	37	0.030399999999999983	0.0047000000000000375	0.09690000000000004	7	30	0	3.697937063407153e-05				
control_vntr_matched	size.node_frac_1bp	frac 1-bp nodes	-1	poa_abpoa_mc	40	0.6055999999999999	0.547725	0.6432249999999999	0.5972125	40	0.01824999999999999	0.0042999999999999705	0.04400000000000004	6	34	0	1.1311931302770972e-07				
control_vntr_matched	size.node_frac_1bp	frac 1-bp nodes	-1	unit_aware	40	0.6061	0.5536249999999999	0.648775	0.6077199999999999	40	0.02034999999999998	0.0020999999999999908	0.05155	10	30	0	0.0001597403588675661				
control_vntr_matched	size.edges_per_kb	edges / CHM13 kb	-1	mc	40	191.18	89.4125	288.28000000000003	257.982												
control_vntr_matched	size.edges_per_kb	edges / CHM13 kb	-1	mafft_fftns2	40	200.515	107.9875	509.64	396.316	40	21.58000000000004	-4.307499999999994	119.87250000000003	13	27	0	0.0012975311765330844				
control_vntr_matched	size.edges_per_kb	edges / CHM13 kb	-1	mafft_fftnsi	34	176.515	101.08250000000001	407.5025	323.50823529411764	34	21.549999999999997	-6.925000000000004	98.08500000000002	12	22	0	0.011234543286263943				
control_vntr_matched	size.edges_per_kb	edges / CHM13 kb	-1	mafft_linsi	27	218.15	98.495	269.595	250.79962962962964	27	4.569999999999993	-9.595000000000002	59.420000000000016	13	14	0	0.19368016719818115				
control_vntr_matched	size.edges_per_kb	edges / CHM13 kb	-1	mafft_einsi	22	112.425	65.22	160.37	163.64909090909092	22	-10.665000000000006	-77.31	-0.8724999999999987	19	3	0	0.000255584716796875				
control_vntr_matched	size.edges_per_kb	edges / CHM13 kb	-1	mafft_ginsi	22	150.845	80.1625	262.5575	220.27954545454543	22	0.7249999999999908	-9.767500000000004	40.17750000000001	11	11	0	0.5235109329223633				
control_vntr_matched	size.edges_per_kb	edges / CHM13 kb	-1	poa_abpoa	40	212.975	124.95	396.985	346.42475	40	38.85000000000001	-1.1424999999999983	157.63750000000005	14	26	0	0.0003571899414964719				
control_vntr_matched	size.edges_per_kb	edges / CHM13 kb	-1	poa_spoa	37	279.79	124.59	554.45	394.9310810810811	37	67.58000000000001	15.569999999999993	192.38	7	30	0	2.9613147489726543e-08				
control_vntr_matched	size.edges_per_kb	edges / CHM13 kb	-1	poa_abpoa_mc	40	146.925	101.5625	256.3725	261.13275	40	-1.9249999999999972	-50.63499999999998	12.089999999999996	25	15	0	0.3753805605592788				
control_vntr_matched	size.edges_per_kb	edges / CHM13 kb	-1	unit_aware	40	265.845	117.8825	439.9225	411.33925	40	31.460000000000008	2.5349999999999966	198.47249999999997	8	32	0	1.055741449818015e-06				
control_vntr_matched	size.bubbles	top-level bubbles	0	mc	40	57.0	32.25	102.0	79.325												
control_vntr_matched	size.bubbles	top-level bubbles	0	mafft_fftns2	40	52.0	28.25	84.0	76.15	40	-1.5	-12.75	3.0			4	0.17219572069006972				
control_vntr_matched	size.bubbles	top-level bubbles	0	mafft_fftnsi	34	53.5	28.25	77.75	57.73529411764706	34	-1.5	-12.0	1.0			3	0.05173155106604099				
control_vntr_matched	size.bubbles	top-level bubbles	0	mafft_linsi	27	60.0	38.0	106.0	77.92592592592592	27	2.0	-1.0	38.5			4	0.03193378448486328				
control_vntr_matched	size.bubbles	top-level bubbles	0	mafft_einsi	22	37.0	25.25	59.0	45.81818181818182	22	-1.0	-14.25	0.75			3	0.05826568603515625				
control_vntr_matched	size.bubbles	top-level bubbles	0	mafft_ginsi	22	50.5	32.25	95.75	63.72727272727273	22	2.5	-1.5	18.0			3	0.050388336181640625				
control_vntr_matched	size.bubbles	top-level bubbles	0	poa_abpoa	40	90.5	49.75	197.75	159.825	40	36.5	1.75	98.25			5	3.5157427191734314e-08				
control_vntr_matched	size.bubbles	top-level bubbles	0	poa_spoa	37	123.0	77.0	218.0	182.97297297297297	37	50.0	16.0	141.0			3	5.820766091346741e-10				
control_vntr_matched	size.bubbles	top-level bubbles	0	poa_abpoa_mc	40	47.5	31.5	89.0	82.225	40	0.0	-8.5	5.0			6	0.5012631177669391				
control_vntr_matched	size.bubbles	top-level bubbles	0	unit_aware	40	99.0	50.75	155.75	137.1	40	28.0	1.0	82.25			3	6.548871169798076e-06				
control_vntr_matched	size.largest_bubble_alleles	alleles, largest bubble	0	mc	40	30.5	14.5	78.0	59.575												
control_vntr_matched	size.largest_bubble_alleles	alleles, largest bubble	0	mafft_fftns2	40	36.0	16.5	71.25	58.5	40	1.0	-0.25	7.25			8	0.288392900954932				
control_vntr_matched	size.largest_bubble_alleles	alleles, largest bubble	0	mafft_fftnsi	34	29.0	13.5	43.75	47.794117647058826	34	1.5	0.0	8.25			7	0.1299496740102768				
control_vntr_matched	size.largest_bubble_alleles	alleles, largest bubble	0	mafft_linsi	27	16.0	6.5	31.5	25.962962962962962	27	0.0	-10.0	3.0			8	0.14165496826171875				
control_vntr_matched	size.largest_bubble_alleles	alleles, largest bubble	0	mafft_einsi	22	23.5	8.25	30.5	25.227272727272727	22	0.0	-1.0	0.0			10	0.92431640625				
control_vntr_matched	size.largest_bubble_alleles	alleles, largest bubble	0	mafft_ginsi	22	17.0	7.25	30.5	23.272727272727273	22	0.0	-3.5	0.0			8	0.3338623046875				
control_vntr_matched	size.largest_bubble_alleles	alleles, largest bubble	0	poa_abpoa	40	19.0	8.5	33.75	38.7	40	-4.5	-32.5	0.0			10	3.523379564285278e-05				
control_vntr_matched	size.largest_bubble_alleles	alleles, largest bubble	0	poa_spoa	37	8.0	6.0	17.0	21.054054054054053	37	-19.0	-44.0	-3.0			5	2.7474015951156616e-08				
control_vntr_matched	size.largest_bubble_alleles	alleles, largest bubble	0	poa_abpoa_mc	40	30.0	10.0	60.5	55.525	40	0.0	-12.0	0.25			13	0.18328315019607544				
control_vntr_matched	size.largest_bubble_alleles	alleles, largest bubble	0	unit_aware	40	16.5	7.75	35.0	29.05	40	-5.5	-30.25	0.0			9	3.039836883544922e-06				
control_vntr_matched	size.distinct_walks	distinct walks	0	mc	40	82.5	49.75	122.25	102.05												
control_vntr_matched	size.distinct_walks	distinct walks	0	mafft_fftns2	40	82.5	49.75	122.25	102.05	40	0.0	0.0	0.0			40					
control_vntr_matched	size.distinct_walks	distinct walks	0	mafft_fftnsi	34	73.5	47.5	98.0	88.8529411764706	34	0.0	0.0	0.0			34					
control_vntr_matched	size.distinct_walks	distinct walks	0	mafft_linsi	27	58.0	46.5	84.0	69.03703703703704	27	0.0	0.0	0.0			27					
control_vntr_matched	size.distinct_walks	distinct walks	0	mafft_einsi	22	51.5	46.0	73.25	59.72727272727273	22	0.0	0.0	0.0			22					
control_vntr_matched	size.distinct_walks	distinct walks	0	mafft_ginsi	22	51.5	46.0	73.25	59.72727272727273	22	0.0	0.0	0.0			22					
control_vntr_matched	size.distinct_walks	distinct walks	0	poa_abpoa	40	82.5	49.75	122.25	102.05	40	0.0	0.0	0.0			40					
control_vntr_matched	size.distinct_walks	distinct walks	0	poa_spoa	37	79.0	49.0	122.0	100.62162162162163	37	0.0	0.0	0.0			37					
control_vntr_matched	size.distinct_walks	distinct walks	0	poa_abpoa_mc	40	82.5	49.75	122.25	102.05	40	0.0	0.0	0.0			40					
control_vntr_matched	size.distinct_walks	distinct walks	0	unit_aware	40	82.5	49.75	122.25	102.05	40	0.0	0.0	0.0			40					
control_vntr_matched	alignment.all_cost_over_opt	cost/opt, all pairs	-1	mc	40	1.19945	1.03105	1.447575	1.2804075												
control_vntr_matched	alignment.all_cost_over_opt	cost/opt, all pairs	-1	mafft_fftns2	40	1.30915	1.120775	2.0727	1.7324324999999998	40	0.051549999999999985	-0.04072500000000001	0.7962749999999998	14	24	2	0.012490710148995277				
control_vntr_matched	alignment.all_cost_over_opt	cost/opt, all pairs	-1	mafft_fftnsi	34	1.2425000000000002	1.080025	1.5337	1.42025	34	0.0	-0.09570000000000001	0.1874	15	16	3	0.444234280847013				
control_vntr_matched	alignment.all_cost_over_opt	cost/opt, all pairs	-1	mafft_linsi	27	1.0832	1.0207	1.1467999999999998	1.1154814814814815	27	-0.05069999999999997	-0.26854999999999996	0.0	19	5	3	0.00014960765838623047				
control_vntr_matched	alignment.all_cost_over_opt	cost/opt, all pairs	-1	mafft_einsi	22	1.06845	1.0039250000000002	1.189975	1.1404909090909092	22	-0.023800000000000043	-0.12637499999999996	0.0	15	4	3	0.0011138916015625				
control_vntr_matched	alignment.all_cost_over_opt	cost/opt, all pairs	-1	mafft_ginsi	22	1.059	1.015925	1.101175	1.0814545454545454	22	-0.04260000000000008	-0.2692500000000001	0.0	15	4	3	0.00041961669921875				
control_vntr_matched	alignment.all_cost_over_opt	cost/opt, all pairs	-1	poa_abpoa	40	1.1141999999999999	1.030825	1.2498	1.2397325000000001	40	-0.00990000000000002	-0.14720000000000005	0.006000000000000005	24	12	4	0.03209542465629056				
control_vntr_matched	alignment.all_cost_over_opt	cost/opt, all pairs	-1	poa_spoa	37	1.0897	1.0335	1.1595	1.139618918918919	37	-0.06020000000000003	-0.28400000000000003	0.0	26	8	3	0.00043048278894275427				
control_vntr_matched	alignment.all_cost_over_opt	cost/opt, all pairs	-1	poa_abpoa_mc	40	1.1494	1.0154999999999998	1.4105750000000001	1.2743674999999999	40	0.0	-0.052200000000000135	0.07414999999999988	18	17	5	0.8524555477779359				
control_vntr_matched	alignment.all_cost_over_opt	cost/opt, all pairs	-1	unit_aware	40	1.05415	1.019325	1.085225	1.1045825	40	-0.10924999999999996	-0.30607500000000015	0.0	29	9	2	4.9953057896345854e-05				
control_vntr_matched	alignment.all_pair_ratio_median	cost/opt, median pair	-1	mc	40	1.00205	1.0	1.127575	1.166365												
control_vntr_matched	alignment.all_pair_ratio_median	cost/opt, median pair	-1	mafft_fftns2	40	1.06145	1.0	1.2154	8.282317500000001	40	0.0041999999999999815	0.0	0.025775000000000048	9	21	10	0.06989291124045849				
control_vntr_matched	alignment.all_pair_ratio_median	cost/opt, median pair	-1	mafft_fftnsi	34	1.0733	1.0	1.1768999999999998	1.3428735294117646	34	0.0	-0.004575000000000107	0.022025000000000072	12	12	10	0.5645889043807983				
control_vntr_matched	alignment.all_pair_ratio_median	cost/opt, median pair	-1	mafft_linsi	27	1.0038	1.0	1.0719500000000002	1.0456777777777777	27	0.0	-0.05720000000000003	0.0	12	3	12	0.00213623046875				
control_vntr_matched	alignment.all_pair_ratio_median	cost/opt, median pair	-1	mafft_einsi	22	1.0	1.0	1.085775	1.0735045454545455	22	0.0	-0.01782500000000009	0.0	8	2	12	0.083984375				
control_vntr_matched	alignment.all_pair_ratio_median	cost/opt, median pair	-1	mafft_ginsi	22	1.0	1.0	1.06065	1.0339636363636364	22	0.0	-0.05894999999999995	0.0	10	1	11	0.001953125				
control_vntr_matched	alignment.all_pair_ratio_median	cost/opt, median pair	-1	poa_abpoa	40	1.0082	1.0	1.1386500000000002	1.1620225	40	0.0	0.0	0.009424999999999906	9	13	18	0.9746217727661133				
control_vntr_matched	alignment.all_pair_ratio_median	cost/opt, median pair	-1	poa_spoa	37	1.0201	1.0	1.1029	1.0842027027027026	37	0.0	-0.0363	0.005700000000000038	12	10	15	0.20992755889892578				
control_vntr_matched	alignment.all_pair_ratio_median	cost/opt, median pair	-1	poa_abpoa_mc	40	1.0042499999999999	1.0	1.1455	1.122515	40	0.0	-0.0004250000000000087	0.0007999999999999674	10	11	19	0.6031332015991211				
control_vntr_matched	alignment.all_pair_ratio_median	cost/opt, median pair	-1	unit_aware	40	1.0178500000000001	1.0	1.0725	1.0493299999999999	40	0.0	-0.030075000000000074	0.0	16	9	15	0.04512268304824829				
control_vntr_matched	alignment.all_excess_per_kb	excess edits / kb	-1	mc	40	8.875	1.56	34.9925	31.140499999999996												
control_vntr_matched	alignment.all_excess_per_kb	excess edits / kb	-1	mafft_fftns2	40	29.02	7.8125	73.62	52.094500000000004	40	0.659999999999999	-2.780000000000001	32.655	14	24	2	0.08177967207302572				
control_vntr_matched	alignment.all_excess_per_kb	excess edits / kb	-1	mafft_fftnsi	34	11.54	2.2375	53.18	35.448235294117644	34	0.0	-7.05	7.125	15	16	3	0.9614869365468621				
control_vntr_matched	alignment.all_excess_per_kb	excess edits / kb	-1	mafft_linsi	27	3.55	0.42500000000000004	16.05	12.284074074074075	27	-3.480000000000002	-13.49	0.0	19	5	3	6.389617919921875e-05				
control_vntr_matched	alignment.all_excess_per_kb	excess edits / kb	-1	mafft_einsi	22	2.205	0.0675	31.995	19.05909090909091	22	-1.345	-6.010000000000001	0.0	14	2	6	0.00213623046875				
control_vntr_matched	alignment.all_excess_per_kb	excess edits / kb	-1	mafft_ginsi	22	2.01	0.2275	16.5475	10.613636363636363	22	-2.0650000000000004	-14.822499999999998	0.0	15	4	3	0.000335693359375				
control_vntr_matched	alignment.all_excess_per_kb	excess edits / kb	-1	poa_abpoa	40	7.38	0.8725	25.990000000000002	19.1405	40	-0.5650000000000001	-9.6425	0.07249999999999986	24	12	4	0.0152839234797284				
control_vntr_matched	alignment.all_excess_per_kb	excess edits / kb	-1	poa_spoa	37	5.03	1.71	16.81	13.690000000000001	37	-1.6500000000000001	-20.95	0.0	26	8	3	0.0005828350549563766				
control_vntr_matched	alignment.all_excess_per_kb	excess edits / kb	-1	poa_abpoa_mc	40	8.665	0.825	39.3825	28.054000000000002	40	0.0	-5.247499999999995	1.8725	18	17	5	0.8303151392610744				
control_vntr_matched	alignment.all_excess_per_kb	excess edits / kb	-1	unit_aware	40	3.245	0.48250000000000004	9.5825	7.5512500000000005	40	-6.344999999999999	-27.9825	0.0	29	9	2	4.994974005967379e-06				
control_vntr_matched	alignment.all_frac_pairs_optimal	frac pairs optimal	1	mc	40	0.46635000000000004	0.19335	0.7665500000000001	0.4897625												
control_vntr_matched	alignment.all_frac_pairs_optimal	frac pairs optimal	1	mafft_fftns2	40	0.2695	0.099225	0.55145	0.3489725	40	-0.04849999999999998	-0.24414999999999998	0.0	8	29	3	0.00012122897896915674				
control_vntr_matched	alignment.all_frac_pairs_optimal	frac pairs optimal	1	mafft_fftnsi	34	0.25445	0.135925	0.6066	0.37591470588235293	34	-0.0233	-0.17782499999999998	0.0	8	22	4	0.0050126127898693085				
control_vntr_matched	alignment.all_frac_pairs_optimal	frac pairs optimal	1	mafft_linsi	27	0.468	0.25085	0.8784	0.5494	27	0.0	-0.00585000000000005	0.03765000000000001	13	9	5	0.06222248077392578				
control_vntr_matched	alignment.all_frac_pairs_optimal	frac pairs optimal	1	mafft_einsi	22	0.72605	0.3337	0.925825	0.6265727272727273	22	0.018149999999999986	0.0	0.057300000000000004	13	3	6	0.00494384765625				
control_vntr_matched	alignment.all_frac_pairs_optimal	frac pairs optimal	1	mafft_ginsi	22	0.6798	0.3337	0.89385	0.6082590909090909	22	0.005499999999999998	-0.003300000000000053	0.037550000000000014	11	6	5	0.0714111328125				
control_vntr_matched	alignment.all_frac_pairs_optimal	frac pairs optimal	1	poa_abpoa	40	0.40055	0.203325	0.7252000000000001	0.47278000000000003	40	-0.0017499999999999738	-0.034950000000000016	0.014999999999999993	15	20	5	0.34024097834480926				
control_vntr_matched	alignment.all_frac_pairs_optimal	frac pairs optimal	1	poa_spoa	37	0.3889	0.1713	0.739	0.45975135135135137	37	-0.01369999999999999	-0.043300000000000005	0.0	7	26	4	0.013542150147259235				
control_vntr_matched	alignment.all_frac_pairs_optimal	frac pairs optimal	1	poa_abpoa_mc	40	0.4276	0.20654999999999998	0.843	0.4960475	40	0.0	-0.004699999999999992	0.016849999999999997	19	13	8	0.34029899863526225				
control_vntr_matched	alignment.all_frac_pairs_optimal	frac pairs optimal	1	unit_aware	40	0.37175	0.204625	0.669375	0.43364250000000004	40	-0.00335	-0.05637500000000002	0.01772500000000001	16	20	4	0.13477486031479202				
control_vntr_matched	alignment.ref_cost_over_opt	cost/opt vs CHM13	-1	mc	40	1.17775	1.0266250000000001	1.4014	1.2879075												
control_vntr_matched	alignment.ref_cost_over_opt	cost/opt vs CHM13	-1	mafft_fftns2	40	1.24985	1.087225	2.0337	1.96339	40	0.10955000000000004	-0.011624999999999941	0.6756	13	25	2	0.006917934348166455				
control_vntr_matched	alignment.ref_cost_over_opt	cost/opt vs CHM13	-1	mafft_fftnsi	34	1.17895	1.060125	1.55505	1.5579735294117647	34	0.02639999999999998	-0.09735000000000005	0.1811499999999998	13	19	2	0.2618452035821974				
control_vntr_matched	alignment.ref_cost_over_opt	cost/opt vs CHM13	-1	mafft_linsi	27	1.0621	1.01635	1.1353	1.0938037037037038	27	-0.04370000000000007	-0.32255	0.0	17	6	4	0.0006387233734130859				
control_vntr_matched	alignment.ref_cost_over_opt	cost/opt vs CHM13	-1	mafft_einsi	22	1.0433	1.0047	1.1432250000000002	1.1132863636363637	22	-0.02554999999999996	-0.17857499999999993	0.0	14	4	4	0.001861572265625				
control_vntr_matched	alignment.ref_cost_over_opt	cost/opt vs CHM13	-1	mafft_ginsi	22	1.03355	1.0154	1.08525	1.057540909090909	22	-0.046600000000000086	-0.3131	0.0	14	4	4	0.00032806396484375				
control_vntr_matched	alignment.ref_cost_over_opt	cost/opt vs CHM13	-1	poa_abpoa	40	1.09195	1.021325	1.182625	1.2247025	40	-0.00770000000000004	-0.1614	0.002425000000000066	21	14	5	0.02196432405617088				
control_vntr_matched	alignment.ref_cost_over_opt	cost/opt vs CHM13	-1	poa_spoa	37	1.0747	1.0305	1.171	1.1452621621621621	37	-0.06549999999999989	-0.3198000000000001	0.007900000000000018	22	10	5	0.00207323394715786				
control_vntr_matched	alignment.ref_cost_over_opt	cost/opt vs CHM13	-1	poa_abpoa_mc	40	1.1123	1.00735	1.3448	1.280355	40	-4.999999999999449e-05	-0.04497500000000004	0.035124999999999906	20	14	6	0.5234360871836543				
control_vntr_matched	alignment.ref_cost_over_opt	cost/opt vs CHM13	-1	unit_aware	40	1.0542500000000001	1.016975	1.103625	1.10969	40	-0.06684999999999997	-0.3341749999999999	0.0	27	9	4	0.000269419135292992				
control_vntr_matched	alignment.affine_all_cost_over_opt	affine cost/opt, all	-1	mc	40	1.1430500000000001	1.011875	1.29865	1.1950075												
control_vntr_matched	alignment.affine_all_cost_over_opt	affine cost/opt, all	-1	mafft_fftns2	40	1.23395	1.066875	1.8809	1.64878	40	0.030649999999999955	-0.039624999999999966	0.702475	15	22	3	0.013285016742884181				
control_vntr_matched	alignment.affine_all_cost_over_opt	affine cost/opt, all	-1	mafft_fftnsi	34	1.1596000000000002	1.050975	1.392275	1.354464705882353	34	0.0	-0.07240000000000002	0.17025000000000007	16	16	2	0.35953784734010696				
control_vntr_matched	alignment.affine_all_cost_over_opt	affine cost/opt, all	-1	mafft_linsi	27	1.0571	1.013	1.10965	1.0741592592592593	27	-0.05569999999999986	-0.12460000000000004	-0.0011499999999999844	20	4	3	0.0001270771026611328				
control_vntr_matched	alignment.affine_all_cost_over_opt	affine cost/opt, all	-1	mafft_einsi	22	1.012	1.0009249999999998	1.144625	1.0818227272727272	22	-0.02795000000000003	-0.1140250000000001	-0.0005000000000000004	16	3	3	0.00041961669921875				
control_vntr_matched	alignment.affine_all_cost_over_opt	affine cost/opt, all	-1	mafft_ginsi	22	1.0257	1.0123	1.087075	1.0544045454545454	22	-0.04609999999999992	-0.1498750000000001	0.0	15	4	3	0.002399444580078125				
control_vntr_matched	alignment.affine_all_cost_over_opt	affine cost/opt, all	-1	poa_abpoa	40	1.1249500000000001	1.042925	1.254575	1.3041925	40	-0.0009500000000000064	-0.069	0.060175000000000034	20	16	4	0.9196639081637841				
control_vntr_matched	alignment.affine_all_cost_over_opt	affine cost/opt, all	-1	poa_spoa	37	1.1566	1.0741	1.2425	1.1963540540540543	37	0.0008999999999999009	-0.08440000000000003	0.058599999999999985	15	19	3	0.9730807684827596				
control_vntr_matched	alignment.affine_all_cost_over_opt	affine cost/opt, all	-1	poa_abpoa_mc	40	1.0752000000000002	1.0073750000000001	1.29175	1.1983599999999999	40	-4.999999999999449e-05	-0.030000000000000082	0.031700000000000006	20	15	5	0.954866194690112				
control_vntr_matched	alignment.affine_all_cost_over_opt	affine cost/opt, all	-1	unit_aware	40	1.0688	1.0335	1.132375	1.14713	40	-0.011900000000000022	-0.13030000000000003	0.03857500000000008	22	15	3	0.2022527121589519				
control_vntr_matched	alignment.affine_ref_cost_over_opt	affine cost/opt vs CHM13	-1	mc	40	1.0866	1.014925	1.24005	1.2012375												
control_vntr_matched	alignment.affine_ref_cost_over_opt	affine cost/opt vs CHM13	-1	mafft_fftns2	40	1.25705	1.0520500000000002	1.869625	1.8516124999999999	40	0.08189999999999997	-0.024500000000000022	0.7294750000000001	14	24	2	0.010005818876379635				
control_vntr_matched	alignment.affine_ref_cost_over_opt	affine cost/opt vs CHM13	-1	mafft_fftnsi	34	1.1468	1.0423499999999999	1.383725	1.4880735294117649	34	0.026000000000000023	-0.07032500000000008	0.17785000000000006	14	18	2	0.223978775087744				
control_vntr_matched	alignment.affine_ref_cost_over_opt	affine cost/opt vs CHM13	-1	mafft_linsi	27	1.0483	1.0086	1.09575	1.0657851851851852	27	-0.030399999999999983	-0.14640000000000009	0.0	19	4	4	0.0008494853973388672				
control_vntr_matched	alignment.affine_ref_cost_over_opt	affine cost/opt vs CHM13	-1	mafft_einsi	22	1.00705	1.0006249999999999	1.0839750000000001	1.0621181818181817	22	-0.03289999999999993	-0.14465	0.0	15	2	5	0.000213623046875				
control_vntr_matched	alignment.affine_ref_cost_over_opt	affine cost/opt vs CHM13	-1	mafft_ginsi	22	1.01765	1.0079500000000001	1.06515	1.0389863636363637	22	-0.04039999999999999	-0.16752499999999998	0.0	14	4	4	0.00157928466796875				
control_vntr_matched	alignment.affine_ref_cost_over_opt	affine cost/opt vs CHM13	-1	poa_abpoa	40	1.09405	1.0308	1.235675	1.299485	40	0.0	-0.08559999999999995	0.037699999999999956	17	18	5	0.6768625478143804				
control_vntr_matched	alignment.affine_ref_cost_over_opt	affine cost/opt vs CHM13	-1	poa_spoa	37	1.121	1.074	1.2374	1.2047324324324324	37	0.0	-0.08919999999999995	0.06389999999999985	15	17	5	0.91921989293769				
control_vntr_matched	alignment.affine_ref_cost_over_opt	affine cost/opt vs CHM13	-1	poa_abpoa_mc	40	1.06985	1.004925	1.244875	1.2115975	40	0.0	-0.020775000000000043	0.03882499999999994	18	17	5	0.954866194690112				
control_vntr_matched	alignment.affine_ref_cost_over_opt	affine cost/opt vs CHM13	-1	unit_aware	40	1.06715	1.026875	1.140725	1.1540425	40	-0.006850000000000134	-0.1421	0.026150000000000007	22	14	4	0.23873194330371916				
control_vntr_matched	alignment.affine_all_excess_per_kb	affine excess / kb	-1	mc	40	12.86	1.295	62.56	53.17125												
control_vntr_matched	alignment.affine_all_excess_per_kb	affine excess / kb	-1	mafft_fftns2	40	52.955	7.217499999999999	137.0575	102.912	40	2.605	-2.474999999999994	68.935	15	22	3	0.05274487395945471				
control_vntr_matched	alignment.affine_all_excess_per_kb	affine excess / kb	-1	mafft_fftnsi	34	20.14	2.8575	126.66	67.40735294117647	34	0.0	-15.1175	16.400000000000002	16	16	2	0.8176742987707257				
control_vntr_matched	alignment.affine_all_excess_per_kb	affine excess / kb	-1	mafft_linsi	27	4.9	0.875	27.700000000000003	19.026666666666667	27	-2.8200000000000003	-15.445	-0.14500000000000002	20	4	3	0.00010764598846435547				
control_vntr_matched	alignment.affine_all_excess_per_kb	affine excess / kb	-1	mafft_einsi	22	0.795	0.0425	43.28	29.21681818181818	22	-2.065	-12.535000000000002	-0.012499999999999997	16	2	4	0.0008392333984375				
control_vntr_matched	alignment.affine_all_excess_per_kb	affine excess / kb	-1	mafft_ginsi	22	1.965	0.4625	29.549999999999997	17.020454545454545	22	-1.275	-18.759999999999998	0.0	15	4	3	0.002399444580078125				
control_vntr_matched	alignment.affine_all_excess_per_kb	affine excess / kb	-1	poa_abpoa	40	20.645	1.7825	61.1725	51.167	40	-0.044999999999999984	-7.8425	6.282500000000002	20	16	4	0.6137056066945661				
control_vntr_matched	alignment.affine_all_excess_per_kb	affine excess / kb	-1	poa_spoa	37	21.71	3.52	66.51	49.36675675675676	37	0.1999999999999993	-8.439999999999998	8.190000000000001	15	19	3	1.0				
control_vntr_matched	alignment.affine_all_excess_per_kb	affine excess / kb	-1	poa_abpoa_mc	40	9.425	0.6074999999999999	74.7575	50.56725	40	-0.0050000000000000044	-5.705	3.0950000000000006	20	15	5	0.9034651150577702				
control_vntr_matched	alignment.affine_all_excess_per_kb	affine excess / kb	-1	unit_aware	40	5.675000000000001	1.565	36.269999999999996	29.790999999999997	40	-1.25	-18.7775	1.1549999999999998	22	15	3	0.10374933354614768				
control_vntr_matched	alignment.all_U_per_kb	unaligned homology bp / kb	-1	mc	40	0.395	0.0	6.3875	13.51025												
control_vntr_matched	alignment.all_U_per_kb	unaligned homology bp / kb	-1	mafft_fftns2	40	0.29000000000000004	0.024999999999999998	2.0125	3.02575	40	-0.21499999999999997	-5.805000000000001	0.045	23	13	4	0.0025896307779476047				
control_vntr_matched	alignment.all_U_per_kb	unaligned homology bp / kb	-1	mafft_fftnsi	34	0.685	0.095	2.81	2.3476470588235294	34	-0.19	-2.725	0.1425	19	12	3	0.10233690217137337				
control_vntr_matched	alignment.all_U_per_kb	unaligned homology bp / kb	-1	mafft_linsi	27	0.02	0.0	0.5	0.5114814814814815	27	-0.15	-2.455	0.01	14	8	5	0.01373910903930664				
control_vntr_matched	alignment.all_U_per_kb	unaligned homology bp / kb	-1	mafft_einsi	22	0.019999999999999997	0.0	0.8825000000000001	1.2513636363636365	22	0.0	-2.155000000000001	0.0325	9	7	6	0.09344482421875				
control_vntr_matched	alignment.all_U_per_kb	unaligned homology bp / kb	-1	mafft_ginsi	22	0.02	0.0	0.7474999999999999	0.5468181818181818	22	0.0	-2.165	0.0075	10	6	6	0.05767822265625				
control_vntr_matched	alignment.all_U_per_kb	unaligned homology bp / kb	-1	poa_abpoa	40	0.1	0.0	0.37	0.52825	40	-0.32999999999999996	-5.807500000000001	0.0	25	7	8	1.7671380192041397e-05				
control_vntr_matched	alignment.all_U_per_kb	unaligned homology bp / kb	-1	poa_spoa	37	0.21	0.04	0.8	0.5921621621621622	37	-0.26	-5.69	0.0	23	6	8	0.00012755393981933594				
control_vntr_matched	alignment.all_U_per_kb	unaligned homology bp / kb	-1	poa_abpoa_mc	40	0.105	0.0	2.025	5.794	40	-0.095	-2.63	0.010000000000000009	21	12	7	0.009169658878818154				
control_vntr_matched	alignment.all_U_per_kb	unaligned homology bp / kb	-1	unit_aware	40	0.015	0.0	0.3225	0.37225	40	-0.195	-6.2475000000000005	0.0	24	8	8	0.00019058212637901306				
control_vntr_matched	inflation.sv_pieces_median	SV pieces / path (median)	-1	mc	40	0.0	0.0	1.0	0.9												
control_vntr_matched	inflation.sv_pieces_median	SV pieces / path (median)	-1	mafft_fftns2	40	1.0	0.0	3.0	1.675	40	0.0	0.0	1.0	2	15	23	0.0042266845703125				
control_vntr_matched	inflation.sv_pieces_median	SV pieces / path (median)	-1	mafft_fftnsi	34	0.5	0.0	2.0	1.2647058823529411	34	0.0	0.0	0.0	3	8	23	0.2333984375				
control_vntr_matched	inflation.sv_pieces_median	SV pieces / path (median)	-1	mafft_linsi	27	0.0	0.0	1.0	0.7037037037037037	27	0.0	0.0	0.0	2	2	23	0.625				
control_vntr_matched	inflation.sv_pieces_median	SV pieces / path (median)	-1	mafft_einsi	22	0.0	0.0	1.0	0.5909090909090909	22	0.0	0.0	0.0	2	1	19	0.75				
control_vntr_matched	inflation.sv_pieces_median	SV pieces / path (median)	-1	mafft_ginsi	22	0.0	0.0	1.0	0.5909090909090909	22	0.0	0.0	0.0	1	0	21	1.0				
control_vntr_matched	inflation.sv_pieces_median	SV pieces / path (median)	-1	poa_abpoa	40	0.0	0.0	1.0	0.925	40	0.0	0.0	0.0	7	5	28	0.89013671875				
control_vntr_matched	inflation.sv_pieces_median	SV pieces / path (median)	-1	poa_spoa	37	0.0	0.0	1.0	1.0	37	0.0	0.0	0.0	5	4	28	0.96875				
control_vntr_matched	inflation.sv_pieces_median	SV pieces / path (median)	-1	poa_abpoa_mc	40	0.0	0.0	1.0	0.925	40	0.0	0.0	0.0	2	5	33	0.8125				
control_vntr_matched	inflation.sv_pieces_median	SV pieces / path (median)	-1	unit_aware	40	0.0	0.0	1.0	1.075	40	0.0	0.0	0.0	6	5	29	1.0				
control_vntr_matched	inflation.sv_pieces_mean	SV pieces / path (mean)	-1	mc	40	0.80995	0.3074	1.36185	1.1415975												
control_vntr_matched	inflation.sv_pieces_mean	SV pieces / path (mean)	-1	mafft_fftns2	40	1.1143	0.4218	2.8577749999999997	1.8043325	40	0.12075	0.0	1.0675000000000001	9	26	5	0.0007825086358934641				
control_vntr_matched	inflation.sv_pieces_mean	SV pieces / path (mean)	-1	mafft_fftnsi	34	0.9877	0.2934	2.5898499999999998	1.406720588235294	34	0.011050000000000004	-0.03942499999999999	0.8593750000000001	11	19	4	0.10039735585451126				
control_vntr_matched	inflation.sv_pieces_mean	SV pieces / path (mean)	-1	mafft_linsi	27	0.5492	0.22145	1.0221500000000001	0.8689259259259259	27	-0.0068000000000000005	-0.14325000000000004	0.0	14	3	10	0.079681396484375				
control_vntr_matched	inflation.sv_pieces_mean	SV pieces / path (mean)	-1	mafft_einsi	22	0.51735	0.09625	1.1165	0.8829090909090909	22	0.0	-0.019925000000000002	0.0	9	4	9	0.375732421875				
control_vntr_matched	inflation.sv_pieces_mean	SV pieces / path (mean)	-1	mafft_ginsi	22	0.438	0.0979	1.0689000000000002	0.8212454545454545	22	-0.0034000000000000002	-0.04339999999999993	0.0	11	2	9	0.09423828125				
control_vntr_matched	inflation.sv_pieces_mean	SV pieces / path (mean)	-1	poa_abpoa	40	0.8340000000000001	0.282875	1.35655	1.0719075	40	0.0	-0.20089999999999997	0.04047500000000001	16	15	9	0.5421982295811176				
control_vntr_matched	inflation.sv_pieces_mean	SV pieces / path (mean)	-1	poa_spoa	37	0.5033	0.2456	1.1926	1.1548675675675675	37	0.0	-0.40349999999999997	0.03109999999999999	17	14	6	0.26389263197779655				
control_vntr_matched	inflation.sv_pieces_mean	SV pieces / path (mean)	-1	poa_abpoa_mc	40	0.7228	0.345925	1.1669500000000002	1.0773225	40	0.0	-0.01207500000000001	0.06565000000000008	16	15	9	0.5551384268328547				
control_vntr_matched	inflation.sv_pieces_mean	SV pieces / path (mean)	-1	unit_aware	40	0.47495	0.187725	1.410675	1.28002	40	0.0	-0.5163500000000001	0.06615	19	14	7	0.5134843902196735				
control_vntr_matched	inflation.anchored_over_free	anchored/free vs CHM13	-1	mc	40	1.17765	1.0266250000000001	1.4014	1.287715												
control_vntr_matched	inflation.anchored_over_free	anchored/free vs CHM13	-1	mafft_fftns2	40	1.24985	1.0876	2.033675	1.964235	40	0.11095	-0.011624999999999941	0.675575	13	25	2	0.006917934348166455				
control_vntr_matched	inflation.anchored_over_free	anchored/free vs CHM13	-1	mafft_fftnsi	34	1.17855	1.0600999999999998	1.55505	1.5582735294117647	34	0.02639999999999998	-0.09732500000000005	0.18094999999999983	13	19	2	0.2539480281993747				
control_vntr_matched	inflation.anchored_over_free	anchored/free vs CHM13	-1	mafft_linsi	27	1.0621	1.0163000000000002	1.1353	1.0937148148148148	27	-0.04370000000000007	-0.32245	0.0	17	6	4	0.0006387233734130859				
control_vntr_matched	inflation.anchored_over_free	anchored/free vs CHM13	-1	mafft_einsi	22	1.04325	1.0047	1.1435	1.1132772727272728	22	-0.025399999999999978	-0.17877499999999996	0.0	14	4	4	0.00202178955078125				
control_vntr_matched	inflation.anchored_over_free	anchored/free vs CHM13	-1	mafft_ginsi	22	1.03355	1.015325	1.085325	1.057559090909091	22	-0.04665000000000008	-0.3129	0.0	14	4	4	0.00032806396484375				
control_vntr_matched	inflation.anchored_over_free	anchored/free vs CHM13	-1	poa_abpoa	40	1.09235	1.02125	1.1829999999999998	1.2247	40	-0.00770000000000004	-0.1614	0.002425000000000066	21	14	5	0.02196432405617088				
control_vntr_matched	inflation.anchored_over_free	anchored/free vs CHM13	-1	poa_spoa	37	1.0747	1.0304	1.171	1.1453378378378378	37	-0.06549999999999989	-0.3198000000000001	0.007900000000000018	22	10	5	0.00207323394715786				
control_vntr_matched	inflation.anchored_over_free	anchored/free vs CHM13	-1	poa_abpoa_mc	40	1.11205	1.00735	1.34405	1.280315	40	-4.999999999999449e-05	-0.044899999999999995	0.03502499999999992	20	14	6	0.5234360871836543				
control_vntr_matched	inflation.anchored_over_free	anchored/free vs CHM13	-1	unit_aware	40	1.0542500000000001	1.01695	1.103625	1.109675	40	-0.06684999999999997	-0.3340249999999999	0.0	27	9	4	0.0002897811937145889				
control_vntr_matched	inflation.indel_bp_ratio	indel bp / net length change	-1	mc	40	1.343	1.055	1.6998	1.73647												
control_vntr_matched	inflation.indel_bp_ratio	indel bp / net length change	-1	mafft_fftns2	40	1.5228	1.151825	2.687675	2.523655	40	0.09619999999999995	-0.040250000000000064	0.9545750000000001	13	24	3	0.03355888980149757				
control_vntr_matched	inflation.indel_bp_ratio	indel bp / net length change	-1	mafft_fftnsi	34	1.36765	1.1100999999999999	2.0692	1.9429911764705883	34	0.0	-0.16920000000000007	0.17572499999999996	15	16	3	0.7206862810999155				
control_vntr_matched	inflation.indel_bp_ratio	indel bp / net length change	-1	mafft_linsi	27	1.0575	1.01555	1.3782	1.3881592592592593	27	-0.12340000000000018	-0.34504999999999997	0.0	17	4	6	0.00029277801513671875				
control_vntr_matched	inflation.indel_bp_ratio	indel bp / net length change	-1	mafft_einsi	22	1.0540500000000002	1.0171	1.409275	1.3300045454545453	22	-0.04015000000000002	-0.21902500000000003	0.0	13	2	7	0.0008544921875				
control_vntr_matched	inflation.indel_bp_ratio	indel bp / net length change	-1	mafft_ginsi	22	1.035	1.012125	1.0772	1.2154909090909092	22	-0.18904999999999994	-0.4689000000000001	0.0	14	3	5	0.000213623046875				
control_vntr_matched	inflation.indel_bp_ratio	indel bp / net length change	-1	poa_abpoa	40	1.1147	1.021925	1.55375	1.4868425	40	-0.034050000000000025	-0.288975	0.0	26	7	7	0.0011035518255084753				
control_vntr_matched	inflation.indel_bp_ratio	indel bp / net length change	-1	poa_spoa	37	1.0998	1.0269	1.5018	1.4434297297297298	37	-0.09210000000000007	-0.5364999999999998	0.0	27	4	6	1.5350058674812317e-05				
control_vntr_matched	inflation.indel_bp_ratio	indel bp / net length change	-1	poa_abpoa_mc	40	1.23325	1.0319749999999999	1.737225	1.6554425	40	-0.0006999999999999229	-0.09417500000000001	0.013375000000000026	21	11	8	0.28651781333610415				
control_vntr_matched	inflation.indel_bp_ratio	indel bp / net length change	-1	unit_aware	40	1.0335999999999999	1.00785	1.4349249999999998	1.3477625	40	-0.1542500000000001	-0.549175	-0.002575000000000105	31	4	5	9.672658052295446e-06				
control_vntr_matched	inflation.indel_bp_excess_per_kb	excess indel bp / kb	-1	mc	40	12.035	1.7825	26.46	30.808												
control_vntr_matched	inflation.indel_bp_excess_per_kb	excess indel bp / kb	-1	mafft_fftns2	40	20.515	4.3975	63.5325	44.7385	40	1.1549999999999998	-0.9124999999999996	20.4375	12	24	4	0.07175399383413605				
control_vntr_matched	inflation.indel_bp_excess_per_kb	excess indel bp / kb	-1	mafft_fftnsi	34	15.775	3.1325	42.980000000000004	32.307647058823534	34	0.0	-3.3200000000000003	6.047499999999999	14	16	4	0.7151329666376114				
control_vntr_matched	inflation.indel_bp_excess_per_kb	excess indel bp / kb	-1	mafft_linsi	27	2.21	0.165	13.085	8.52111111111111	27	-1.9400000000000013	-13.760000000000002	0.0	17	4	6	0.0006074905395507812				
control_vntr_matched	inflation.indel_bp_excess_per_kb	excess indel bp / kb	-1	mafft_einsi	22	1.585	0.08	15.610000000000001	11.132727272727273	22	-0.3499999999999999	-8.785	0.0	13	2	7	0.00115966796875				
control_vntr_matched	inflation.indel_bp_excess_per_kb	excess indel bp / kb	-1	mafft_ginsi	22	0.9749999999999999	0.0775	10.7125	4.87	22	-2.605	-11.4125	0.0	14	3	5	0.000213623046875				
control_vntr_matched	inflation.indel_bp_excess_per_kb	excess indel bp / kb	-1	poa_abpoa	40	5.045	0.6475000000000001	18.4325	13.745249999999999	40	-0.7350000000000001	-11.2925	0.0	26	7	7	0.0007033341098576784				
control_vntr_matched	inflation.indel_bp_excess_per_kb	excess indel bp / kb	-1	poa_spoa	37	4.79	1.37	12.51	13.124324324324325	37	-1.18	-15.98	0.0	25	4	8	0.00021718069911003113				
control_vntr_matched	inflation.indel_bp_excess_per_kb	excess indel bp / kb	-1	poa_abpoa_mc	40	10.56	1.32	24.8625	23.60775	40	-0.0499999999999996	-3.4975000000000005	0.8300000000000001	21	11	8	0.2099543111398816				
control_vntr_matched	inflation.indel_bp_excess_per_kb	excess indel bp / kb	-1	unit_aware	40	2.52	0.135	8.9925	6.8927499999999995	40	-3.6799999999999997	-18.777499999999996	-0.2774999999999999	30	4	6	5.016336217522621e-07				
control_vntr_matched	redundancy.kmer_frac_extra	k-mer extra positions (frac)	-1	mc	40	0.158825	0.0359275	0.290495	0.19348375												
control_vntr_matched	redundancy.kmer_frac_extra	k-mer extra positions (frac)	-1	mafft_fftns2	40	0.247795	0.1202625	0.4760825	0.30280475	40	0.07714	0.0006375	0.17997249999999998	9	30	1	8.16120154922828e-06				
control_vntr_matched	redundancy.kmer_frac_extra	k-mer extra positions (frac)	-1	mafft_fftnsi	34	0.21194000000000002	0.07353	0.492325	0.27482088235294116	34	0.05009999999999998	-0.0025849999999999996	0.15439499999999998	10	23	1	0.0009519711602479219				
control_vntr_matched	redundancy.kmer_frac_extra	k-mer extra positions (frac)	-1	mafft_linsi	27	0.17294	0.037955	0.279535	0.18993037037037036	27	-0.00203	-0.04202	0.013260000000000029	17	9	1	0.3403312563896179				
control_vntr_matched	redundancy.kmer_frac_extra	k-mer extra positions (frac)	-1	mafft_einsi	22	0.05676	0.0169525	0.2699475	0.15254181818181817	22	-0.00809	-0.0809175	-0.00046750000000000003	16	5	1	0.04599285125732422				
control_vntr_matched	redundancy.kmer_frac_extra	k-mer extra positions (frac)	-1	mafft_ginsi	22	0.098355	0.03225	0.278355	0.16828181818181817	22	-0.0026099999999999995	-0.042905	0.007664999999999998	14	7	1	0.2428417205810547				
control_vntr_matched	redundancy.kmer_frac_extra	k-mer extra positions (frac)	-1	poa_abpoa	40	0.185985	0.0591575	0.3173575	0.215266	40	0.006179999999999996	-0.010129999999999993	0.053109999999999984	17	22	1	0.10449585793321603				
control_vntr_matched	redundancy.kmer_frac_extra	k-mer extra positions (frac)	-1	poa_spoa	37	0.25997	0.07148	0.39182	0.2545475675675676	37	0.04113	0.004269999999999996	0.09614000000000006	7	29	1	9.335344657301903e-07				
control_vntr_matched	redundancy.kmer_frac_extra	k-mer extra positions (frac)	-1	poa_abpoa_mc	40	0.11903	0.036635	0.2016	0.14856675	40	-0.03065000000000001	-0.08819250000000001	-0.0022175	33	6	1	3.347304300405085e-06				
control_vntr_matched	redundancy.kmer_frac_extra	k-mer extra positions (frac)	-1	unit_aware	40	0.18534	0.0694525	0.4030575	0.24296625	40	0.02982999999999999	-0.006212499999999994	0.1018825	16	23	1	0.0009973891355912201				
control_vntr_matched	redundancy.kmer_extra_per_kb	k-mer extra positions / kb	-1	mc	40	343.12	50.025	947.8975	713.72925												
control_vntr_matched	redundancy.kmer_extra_per_kb	k-mer extra positions / kb	-1	mafft_fftns2	40	705.1700000000001	180.14999999999998	2327.3325	1562.06775	40	175.805	1.0799999999999983	994.3625	9	30	1	2.0305182260926813e-05				
control_vntr_matched	redundancy.kmer_extra_per_kb	k-mer extra positions / kb	-1	mafft_fftnsi	34	568.24	113.5275	1680.7825	1159.4911764705885	34	107.50000000000006	-3.5999999999999996	551.5999999999999	10	23	1	0.0022327967453747988				
control_vntr_matched	redundancy.kmer_extra_per_kb	k-mer extra positions / kb	-1	mafft_linsi	27	310.94	52.81	736.485	627.7077777777778	27	-4.689999999999998	-156.535	64.03	17	9	1	0.1899040937423706				
control_vntr_matched	redundancy.kmer_extra_per_kb	k-mer extra positions / kb	-1	mafft_einsi	22	99.42500000000001	22.6375	757.54	553.3822727272727	22	-14.95	-202.445	-0.575	16	5	1	0.06464958190917969				
control_vntr_matched	redundancy.kmer_extra_per_kb	k-mer extra positions / kb	-1	mafft_ginsi	22	197.275	47.4375	572.3599999999999	569.1022727272727	22	-3.544999999999999	-134.20999999999998	37.28250000000002	14	7	1	0.1906871795654297				
control_vntr_matched	redundancy.kmer_extra_per_kb	k-mer extra positions / kb	-1	poa_abpoa	40	380.95	116.795	967.5675	814.4765	40	10.180000000000003	-23.337499999999995	190.85	17	22	1	0.1501111920842959				
control_vntr_matched	redundancy.kmer_extra_per_kb	k-mer extra positions / kb	-1	poa_spoa	37	651.78	102.98	1335.95	990.6235135135136	37	123.08999999999997	9.900000000000034	393.85	7	29	1	2.566695911809802e-06				
control_vntr_matched	redundancy.kmer_extra_per_kb	k-mer extra positions / kb	-1	poa_abpoa_mc	40	221.025	53.557500000000005	714.3275	516.887	40	-98.94499999999998	-292.28	-2.9950000000000006	33	6	1	6.288100848905742e-06				
control_vntr_matched	redundancy.kmer_extra_per_kb	k-mer extra positions / kb	-1	unit_aware	40	583.585	100.9875	1280.405	1066.89025	40	70.42499999999998	-9.659999999999998	440.855	16	23	1	0.0019173873952240683				
control_vntr_matched	truth.d_graph_sum	truth edits to best graph path (h1+h2)	-1	mc	0																
control_vntr_matched	truth.d_graph_sum	truth edits to best graph path (h1+h2)	-1	mafft_fftns2	0																
control_vntr_matched	truth.d_graph_sum	truth edits to best graph path (h1+h2)	-1	mafft_fftnsi	0																
control_vntr_matched	truth.d_graph_sum	truth edits to best graph path (h1+h2)	-1	mafft_linsi	0																
control_vntr_matched	truth.d_graph_sum	truth edits to best graph path (h1+h2)	-1	mafft_einsi	0																
control_vntr_matched	truth.d_graph_sum	truth edits to best graph path (h1+h2)	-1	mafft_ginsi	0																
control_vntr_matched	truth.d_graph_sum	truth edits to best graph path (h1+h2)	-1	poa_abpoa	0																
control_vntr_matched	truth.d_graph_sum	truth edits to best graph path (h1+h2)	-1	poa_spoa	0																
control_vntr_matched	truth.d_graph_sum	truth edits to best graph path (h1+h2)	-1	poa_abpoa_mc	0																
control_vntr_matched	truth.d_graph_sum	truth edits to best graph path (h1+h2)	-1	unit_aware	0																
control_vntr_matched	truth.h1_d_graph	truth h1 edits to graph	-1	mc	0																
control_vntr_matched	truth.h1_d_graph	truth h1 edits to graph	-1	mafft_fftns2	0																
control_vntr_matched	truth.h1_d_graph	truth h1 edits to graph	-1	mafft_fftnsi	0																
control_vntr_matched	truth.h1_d_graph	truth h1 edits to graph	-1	mafft_linsi	0																
control_vntr_matched	truth.h1_d_graph	truth h1 edits to graph	-1	mafft_einsi	0																
control_vntr_matched	truth.h1_d_graph	truth h1 edits to graph	-1	mafft_ginsi	0																
control_vntr_matched	truth.h1_d_graph	truth h1 edits to graph	-1	poa_abpoa	0																
control_vntr_matched	truth.h1_d_graph	truth h1 edits to graph	-1	poa_spoa	0																
control_vntr_matched	truth.h1_d_graph	truth h1 edits to graph	-1	poa_abpoa_mc	0																
control_vntr_matched	truth.h1_d_graph	truth h1 edits to graph	-1	unit_aware	0																
control_vntr_matched	truth.h2_d_graph	truth h2 edits to graph	-1	mc	0																
control_vntr_matched	truth.h2_d_graph	truth h2 edits to graph	-1	mafft_fftns2	0																
control_vntr_matched	truth.h2_d_graph	truth h2 edits to graph	-1	mafft_fftnsi	0																
control_vntr_matched	truth.h2_d_graph	truth h2 edits to graph	-1	mafft_linsi	0																
control_vntr_matched	truth.h2_d_graph	truth h2 edits to graph	-1	mafft_einsi	0																
control_vntr_matched	truth.h2_d_graph	truth h2 edits to graph	-1	mafft_ginsi	0																
control_vntr_matched	truth.h2_d_graph	truth h2 edits to graph	-1	poa_abpoa	0																
control_vntr_matched	truth.h2_d_graph	truth h2 edits to graph	-1	poa_spoa	0																
control_vntr_matched	truth.h2_d_graph	truth h2 edits to graph	-1	poa_abpoa_mc	0																
control_vntr_matched	truth.h2_d_graph	truth h2 edits to graph	-1	unit_aware	0																
control_vntr_matched	truth.d_panel_sum	truth edits to closest panel path (h1+h2)	0	mc	0																
control_vntr_matched	truth.d_panel_sum	truth edits to closest panel path (h1+h2)	0	mafft_fftns2	0																
control_vntr_matched	truth.d_panel_sum	truth edits to closest panel path (h1+h2)	0	mafft_fftnsi	0																
control_vntr_matched	truth.d_panel_sum	truth edits to closest panel path (h1+h2)	0	mafft_linsi	0																
control_vntr_matched	truth.d_panel_sum	truth edits to closest panel path (h1+h2)	0	mafft_einsi	0																
control_vntr_matched	truth.d_panel_sum	truth edits to closest panel path (h1+h2)	0	mafft_ginsi	0																
control_vntr_matched	truth.d_panel_sum	truth edits to closest panel path (h1+h2)	0	poa_abpoa	0																
control_vntr_matched	truth.d_panel_sum	truth edits to closest panel path (h1+h2)	0	poa_spoa	0																
control_vntr_matched	truth.d_panel_sum	truth edits to closest panel path (h1+h2)	0	poa_abpoa_mc	0																
control_vntr_matched	truth.d_panel_sum	truth edits to closest panel path (h1+h2)	0	unit_aware	0																
control_vntr_matched	truth.truvari.raw_f1	truth-by-graph truvari F1, raw	1	mc	0																
control_vntr_matched	truth.truvari.raw_f1	truth-by-graph truvari F1, raw	1	mafft_fftns2	0																
control_vntr_matched	truth.truvari.raw_f1	truth-by-graph truvari F1, raw	1	mafft_fftnsi	0																
control_vntr_matched	truth.truvari.raw_f1	truth-by-graph truvari F1, raw	1	mafft_linsi	0																
control_vntr_matched	truth.truvari.raw_f1	truth-by-graph truvari F1, raw	1	mafft_einsi	0																
control_vntr_matched	truth.truvari.raw_f1	truth-by-graph truvari F1, raw	1	mafft_ginsi	0																
control_vntr_matched	truth.truvari.raw_f1	truth-by-graph truvari F1, raw	1	poa_abpoa	0																
control_vntr_matched	truth.truvari.raw_f1	truth-by-graph truvari F1, raw	1	poa_spoa	0																
control_vntr_matched	truth.truvari.raw_f1	truth-by-graph truvari F1, raw	1	poa_abpoa_mc	0																
control_vntr_matched	truth.truvari.raw_f1	truth-by-graph truvari F1, raw	1	unit_aware	0																
control_vntr_matched	truth.truvari.refined_f1	truth-by-graph truvari F1, refined	1	mc	0																
control_vntr_matched	truth.truvari.refined_f1	truth-by-graph truvari F1, refined	1	mafft_fftns2	0																
control_vntr_matched	truth.truvari.refined_f1	truth-by-graph truvari F1, refined	1	mafft_fftnsi	0																
control_vntr_matched	truth.truvari.refined_f1	truth-by-graph truvari F1, refined	1	mafft_linsi	0																
control_vntr_matched	truth.truvari.refined_f1	truth-by-graph truvari F1, refined	1	mafft_einsi	0																
control_vntr_matched	truth.truvari.refined_f1	truth-by-graph truvari F1, refined	1	mafft_ginsi	0																
control_vntr_matched	truth.truvari.refined_f1	truth-by-graph truvari F1, refined	1	poa_abpoa	0																
control_vntr_matched	truth.truvari.refined_f1	truth-by-graph truvari F1, refined	1	poa_spoa	0																
control_vntr_matched	truth.truvari.refined_f1	truth-by-graph truvari F1, refined	1	poa_abpoa_mc	0																
control_vntr_matched	truth.truvari.refined_f1	truth-by-graph truvari F1, refined	1	unit_aware	0																
control_vntr_matched	truth.truvari.phab_f1	truth-by-graph truvari F1, whole-span phab	1	mc	0																
control_vntr_matched	truth.truvari.phab_f1	truth-by-graph truvari F1, whole-span phab	1	mafft_fftns2	0																
control_vntr_matched	truth.truvari.phab_f1	truth-by-graph truvari F1, whole-span phab	1	mafft_fftnsi	0																
control_vntr_matched	truth.truvari.phab_f1	truth-by-graph truvari F1, whole-span phab	1	mafft_linsi	0																
control_vntr_matched	truth.truvari.phab_f1	truth-by-graph truvari F1, whole-span phab	1	mafft_einsi	0																
control_vntr_matched	truth.truvari.phab_f1	truth-by-graph truvari F1, whole-span phab	1	mafft_ginsi	0																
control_vntr_matched	truth.truvari.phab_f1	truth-by-graph truvari F1, whole-span phab	1	poa_abpoa	0																
control_vntr_matched	truth.truvari.phab_f1	truth-by-graph truvari F1, whole-span phab	1	poa_spoa	0																
control_vntr_matched	truth.truvari.phab_f1	truth-by-graph truvari F1, whole-span phab	1	poa_abpoa_mc	0																
control_vntr_matched	truth.truvari.phab_f1	truth-by-graph truvari F1, whole-span phab	1	unit_aware	0																
control_vntr_matched	truth.truvari.records_sv	truth-by-graph SV records	0	mc	0																
control_vntr_matched	truth.truvari.records_sv	truth-by-graph SV records	0	mafft_fftns2	0																
control_vntr_matched	truth.truvari.records_sv	truth-by-graph SV records	0	mafft_fftnsi	0																
control_vntr_matched	truth.truvari.records_sv	truth-by-graph SV records	0	mafft_linsi	0																
control_vntr_matched	truth.truvari.records_sv	truth-by-graph SV records	0	mafft_einsi	0																
control_vntr_matched	truth.truvari.records_sv	truth-by-graph SV records	0	mafft_ginsi	0																
control_vntr_matched	truth.truvari.records_sv	truth-by-graph SV records	0	poa_abpoa	0																
control_vntr_matched	truth.truvari.records_sv	truth-by-graph SV records	0	poa_spoa	0																
control_vntr_matched	truth.truvari.records_sv	truth-by-graph SV records	0	poa_abpoa_mc	0																
control_vntr_matched	truth.truvari.records_sv	truth-by-graph SV records	0	unit_aware	0																
control_vntr_matched	reads.all_unique	reads: unique placement	1	mc	0																
control_vntr_matched	reads.all_unique	reads: unique placement	1	mafft_fftns2	0																
control_vntr_matched	reads.all_unique	reads: unique placement	1	mafft_fftnsi	0																
control_vntr_matched	reads.all_unique	reads: unique placement	1	mafft_linsi	0																
control_vntr_matched	reads.all_unique	reads: unique placement	1	mafft_einsi	0																
control_vntr_matched	reads.all_unique	reads: unique placement	1	mafft_ginsi	0																
control_vntr_matched	reads.all_unique	reads: unique placement	1	poa_abpoa	0																
control_vntr_matched	reads.all_unique	reads: unique placement	1	poa_spoa	0																
control_vntr_matched	reads.all_unique	reads: unique placement	1	poa_abpoa_mc	0																
control_vntr_matched	reads.all_unique	reads: unique placement	1	unit_aware	0																
control_vntr_matched	reads.all_redundant_only	reads: redundant (cross-walk) only	-1	mc	0																
control_vntr_matched	reads.all_redundant_only	reads: redundant (cross-walk) only	-1	mafft_fftns2	0																
control_vntr_matched	reads.all_redundant_only	reads: redundant (cross-walk) only	-1	mafft_fftnsi	0																
control_vntr_matched	reads.all_redundant_only	reads: redundant (cross-walk) only	-1	mafft_linsi	0																
control_vntr_matched	reads.all_redundant_only	reads: redundant (cross-walk) only	-1	mafft_einsi	0																
control_vntr_matched	reads.all_redundant_only	reads: redundant (cross-walk) only	-1	mafft_ginsi	0																
control_vntr_matched	reads.all_redundant_only	reads: redundant (cross-walk) only	-1	poa_abpoa	0																
control_vntr_matched	reads.all_redundant_only	reads: redundant (cross-walk) only	-1	poa_spoa	0																
control_vntr_matched	reads.all_redundant_only	reads: redundant (cross-walk) only	-1	poa_abpoa_mc	0																
control_vntr_matched	reads.all_redundant_only	reads: redundant (cross-walk) only	-1	unit_aware	0																
control_vntr_matched	reads.all_tandem	reads: tandem	0	mc	0																
control_vntr_matched	reads.all_tandem	reads: tandem	0	mafft_fftns2	0																
control_vntr_matched	reads.all_tandem	reads: tandem	0	mafft_fftnsi	0																
control_vntr_matched	reads.all_tandem	reads: tandem	0	mafft_linsi	0																
control_vntr_matched	reads.all_tandem	reads: tandem	0	mafft_einsi	0																
control_vntr_matched	reads.all_tandem	reads: tandem	0	mafft_ginsi	0																
control_vntr_matched	reads.all_tandem	reads: tandem	0	poa_abpoa	0																
control_vntr_matched	reads.all_tandem	reads: tandem	0	poa_spoa	0																
control_vntr_matched	reads.all_tandem	reads: tandem	0	poa_abpoa_mc	0																
control_vntr_matched	reads.all_tandem	reads: tandem	0	unit_aware	0																
control_vntr_matched	reads.all_ratio_mean	reads: placements / max per path	-1	mc	0																
control_vntr_matched	reads.all_ratio_mean	reads: placements / max per path	-1	mafft_fftns2	0																
control_vntr_matched	reads.all_ratio_mean	reads: placements / max per path	-1	mafft_fftnsi	0																
control_vntr_matched	reads.all_ratio_mean	reads: placements / max per path	-1	mafft_linsi	0																
control_vntr_matched	reads.all_ratio_mean	reads: placements / max per path	-1	mafft_einsi	0																
control_vntr_matched	reads.all_ratio_mean	reads: placements / max per path	-1	mafft_ginsi	0																
control_vntr_matched	reads.all_ratio_mean	reads: placements / max per path	-1	poa_abpoa	0																
control_vntr_matched	reads.all_ratio_mean	reads: placements / max per path	-1	poa_spoa	0																
control_vntr_matched	reads.all_ratio_mean	reads: placements / max per path	-1	poa_abpoa_mc	0																
control_vntr_matched	reads.all_ratio_mean	reads: placements / max per path	-1	unit_aware	0																
control_vntr_matched	reads.mqlt5_redundant_only	reads MAPQ<5: redundant only	-1	mc	0																
control_vntr_matched	reads.mqlt5_redundant_only	reads MAPQ<5: redundant only	-1	mafft_fftns2	0																
control_vntr_matched	reads.mqlt5_redundant_only	reads MAPQ<5: redundant only	-1	mafft_fftnsi	0																
control_vntr_matched	reads.mqlt5_redundant_only	reads MAPQ<5: redundant only	-1	mafft_linsi	0																
control_vntr_matched	reads.mqlt5_redundant_only	reads MAPQ<5: redundant only	-1	mafft_einsi	0																
control_vntr_matched	reads.mqlt5_redundant_only	reads MAPQ<5: redundant only	-1	mafft_ginsi	0																
control_vntr_matched	reads.mqlt5_redundant_only	reads MAPQ<5: redundant only	-1	poa_abpoa	0																
control_vntr_matched	reads.mqlt5_redundant_only	reads MAPQ<5: redundant only	-1	poa_spoa	0																
control_vntr_matched	reads.mqlt5_redundant_only	reads MAPQ<5: redundant only	-1	poa_abpoa_mc	0																
control_vntr_matched	reads.mqlt5_redundant_only	reads MAPQ<5: redundant only	-1	unit_aware	0																
control_vntr_matched	reads.mqlt5_ratio_mean	reads MAPQ<5: placements / max per path	-1	mc	0																
control_vntr_matched	reads.mqlt5_ratio_mean	reads MAPQ<5: placements / max per path	-1	mafft_fftns2	0																
control_vntr_matched	reads.mqlt5_ratio_mean	reads MAPQ<5: placements / max per path	-1	mafft_fftnsi	0																
control_vntr_matched	reads.mqlt5_ratio_mean	reads MAPQ<5: placements / max per path	-1	mafft_linsi	0																
control_vntr_matched	reads.mqlt5_ratio_mean	reads MAPQ<5: placements / max per path	-1	mafft_einsi	0																
control_vntr_matched	reads.mqlt5_ratio_mean	reads MAPQ<5: placements / max per path	-1	mafft_ginsi	0																
control_vntr_matched	reads.mqlt5_ratio_mean	reads MAPQ<5: placements / max per path	-1	poa_abpoa	0																
control_vntr_matched	reads.mqlt5_ratio_mean	reads MAPQ<5: placements / max per path	-1	poa_spoa	0																
control_vntr_matched	reads.mqlt5_ratio_mean	reads MAPQ<5: placements / max per path	-1	poa_abpoa_mc	0																
control_vntr_matched	reads.mqlt5_ratio_mean	reads MAPQ<5: placements / max per path	-1	unit_aware	0																
control_vntr_matched	truth.truvari.pooled_raw_f1	pooled truvari F1 raw	1	mc	0													0	0	0	0
control_vntr_matched	truth.truvari.pooled_refined_f1	pooled truvari F1 refined	1	mc	0													0	0	0	0
control_vntr_matched	truth.truvari.pooled_phab_f1	pooled truvari F1 phab	1	mc	0													0	0	0	0
control_vntr_matched	truth.truvari.pooled_raw_f1	pooled truvari F1 raw	1	mafft_fftns2	0													0	0	0	0
control_vntr_matched	truth.truvari.pooled_refined_f1	pooled truvari F1 refined	1	mafft_fftns2	0													0	0	0	0
control_vntr_matched	truth.truvari.pooled_phab_f1	pooled truvari F1 phab	1	mafft_fftns2	0													0	0	0	0
control_vntr_matched	truth.truvari.pooled_raw_f1	pooled truvari F1 raw	1	mafft_fftnsi	0													0	0	0	0
control_vntr_matched	truth.truvari.pooled_refined_f1	pooled truvari F1 refined	1	mafft_fftnsi	0													0	0	0	0
control_vntr_matched	truth.truvari.pooled_phab_f1	pooled truvari F1 phab	1	mafft_fftnsi	0													0	0	0	0
control_vntr_matched	truth.truvari.pooled_raw_f1	pooled truvari F1 raw	1	mafft_linsi	0													0	0	0	0
control_vntr_matched	truth.truvari.pooled_refined_f1	pooled truvari F1 refined	1	mafft_linsi	0													0	0	0	0
control_vntr_matched	truth.truvari.pooled_phab_f1	pooled truvari F1 phab	1	mafft_linsi	0													0	0	0	0
control_vntr_matched	truth.truvari.pooled_raw_f1	pooled truvari F1 raw	1	mafft_einsi	0													0	0	0	0
control_vntr_matched	truth.truvari.pooled_refined_f1	pooled truvari F1 refined	1	mafft_einsi	0													0	0	0	0
control_vntr_matched	truth.truvari.pooled_phab_f1	pooled truvari F1 phab	1	mafft_einsi	0													0	0	0	0
control_vntr_matched	truth.truvari.pooled_raw_f1	pooled truvari F1 raw	1	mafft_ginsi	0													0	0	0	0
control_vntr_matched	truth.truvari.pooled_refined_f1	pooled truvari F1 refined	1	mafft_ginsi	0													0	0	0	0
control_vntr_matched	truth.truvari.pooled_phab_f1	pooled truvari F1 phab	1	mafft_ginsi	0													0	0	0	0
control_vntr_matched	truth.truvari.pooled_raw_f1	pooled truvari F1 raw	1	poa_abpoa	0													0	0	0	0
control_vntr_matched	truth.truvari.pooled_refined_f1	pooled truvari F1 refined	1	poa_abpoa	0													0	0	0	0
control_vntr_matched	truth.truvari.pooled_phab_f1	pooled truvari F1 phab	1	poa_abpoa	0													0	0	0	0
control_vntr_matched	truth.truvari.pooled_raw_f1	pooled truvari F1 raw	1	poa_spoa	0													0	0	0	0
control_vntr_matched	truth.truvari.pooled_refined_f1	pooled truvari F1 refined	1	poa_spoa	0													0	0	0	0
control_vntr_matched	truth.truvari.pooled_phab_f1	pooled truvari F1 phab	1	poa_spoa	0													0	0	0	0
control_vntr_matched	truth.truvari.pooled_raw_f1	pooled truvari F1 raw	1	poa_abpoa_mc	0													0	0	0	0
control_vntr_matched	truth.truvari.pooled_refined_f1	pooled truvari F1 refined	1	poa_abpoa_mc	0													0	0	0	0
control_vntr_matched	truth.truvari.pooled_phab_f1	pooled truvari F1 phab	1	poa_abpoa_mc	0													0	0	0	0
control_vntr_matched	truth.truvari.pooled_raw_f1	pooled truvari F1 raw	1	unit_aware	0													0	0	0	0
control_vntr_matched	truth.truvari.pooled_refined_f1	pooled truvari F1 refined	1	unit_aware	0													0	0	0	0
control_vntr_matched	truth.truvari.pooled_phab_f1	pooled truvari F1 phab	1	unit_aware	0													0	0	0	0
control_vntr_correct	size.nodes_per_kb	nodes / CHM13 kb	-1	mc	25	111.68	69.05	192.08	163.2308												
control_vntr_correct	size.nodes_per_kb	nodes / CHM13 kb	-1	mafft_fftns2	25	137.92	76.39	292.52	231.2568	25	11.54000000000002	-1.4200000000000017	56.77999999999997	8	16	1	0.0039006471633911133				
control_vntr_correct	size.nodes_per_kb	nodes / CHM13 kb	-1	mafft_fftnsi	25	137.2	72.92	292.52	219.70759999999999	25	15.900000000000006	-2.5	28.389999999999986	10	14	1	0.007189035415649414				
control_vntr_correct	size.nodes_per_kb	nodes / CHM13 kb	-1	mafft_linsi	20	100.83	72.58500000000001	194.48000000000002	153.05249999999998	20	2.9299999999999997	-1.3225000000000033	25.67499999999999	7	13	0	0.10539817810058594				
control_vntr_correct	size.nodes_per_kb	nodes / CHM13 kb	-1	mafft_einsi	18	81.89	48.3025	130.7775	120.21722222222222	18	-4.685000000000002	-17.875	-1.5574999999999974	14	3	1	0.00933837890625				
control_vntr_correct	size.nodes_per_kb	nodes / CHM13 kb	-1	mafft_ginsi	18	100.83	82.105	189.3	160.675	18	7.260000000000005	-0.2175000000000029	54.337500000000006	5	13	0	0.06653594970703125				
control_vntr_correct	size.nodes_per_kb	nodes / CHM13 kb	-1	poa_abpoa	25	201.7	68.19	286.4	219.62399999999997	25	46.519999999999996	-0.8599999999999994	104.43	8	17	0	0.0041751861572265625				
control_vntr_correct	size.nodes_per_kb	nodes / CHM13 kb	-1	poa_spoa	24	211.92000000000002	98.475	309.86	212.45749999999998	24	46.06	12.320000000000002	123.2925	5	19	0	0.00010764598846435547				
control_vntr_correct	size.nodes_per_kb	nodes / CHM13 kb	-1	poa_abpoa_mc	25	109.02	62.18	212.66	158.8844	25	-3.4399999999999977	-8.080000000000013	2.549999999999997	16	9	0	0.2634761333465576				
control_vntr_correct	size.nodes_per_kb	nodes / CHM13 kb	-1	unit_aware	25	188.08	93.75	285.95	225.3272	25	28.629999999999995	9.860000000000014	114.86000000000001	4	21	0	0.000102996826171875				
control_vntr_correct	size.node_len_mean	mean node bp	1	mc	25	12.779	9.135	18.871	17.021079999999998												
control_vntr_correct	size.node_len_mean	mean node bp	1	mafft_fftns2	25	10.857	6.342	18.497	17.74736	25	-0.4939999999999998	-2.3710000000000004	0.6760000000000002	10	14	1	0.30289924144744873				
control_vntr_correct	size.node_len_mean	mean node bp	1	mafft_fftnsi	25	11.353	6.054	18.497	17.71596	25	0.0	-2.434000000000001	1.061	12	12	1	0.3902466297149658				
control_vntr_correct	size.node_len_mean	mean node bp	1	mafft_linsi	20	13.739	8.0385	16.9985	15.23115	20	-0.4030000000000009	-3.1067499999999995	0.4975000000000014	6	14	0	0.10539817810058594				
control_vntr_correct	size.node_len_mean	mean node bp	1	mafft_einsi	18	16.8985	13.2055	24.55725	23.09061111111111	18	2.1455	-0.10875000000000012	3.958250000000001	13	5	0	0.0065765380859375				
control_vntr_correct	size.node_len_mean	mean node bp	1	mafft_ginsi	18	12.741	8.55125	13.977	14.208888888888888	18	-0.5169999999999999	-4.44725	-0.08825000000000083	4	14	0	0.030364990234375				
control_vntr_correct	size.node_len_mean	mean node bp	1	poa_abpoa	25	5.691	4.98	18.828	14.95416	25	-2.5620000000000003	-5.053000000000001	-0.04299999999999926	5	20	0	0.0041751861572265625				
control_vntr_correct	size.node_len_mean	mean node bp	1	poa_spoa	24	5.563000000000001	4.76375	13.745000000000001	13.502416666666667	24	-3.5404999999999998	-7.886249999999999	-1.6895	4	20	0	0.0003223419189453125				
control_vntr_correct	size.node_len_mean	mean node bp	1	poa_abpoa_mc	25	10.403	7.534	20.636	16.361720000000002	25	0.1299999999999999	-1.7619999999999996	1.5629999999999997	13	12	0	0.8119303584098816				
control_vntr_correct	size.node_len_mean	mean node bp	1	unit_aware	25	6.764	5.55	13.441	10.863240000000001	25	-3.6180000000000003	-5.406999999999999	-0.41300000000000026	3	22	0	6.556510925292969e-06				
control_vntr_correct	size.node_len_median	median node bp	1	mc	25	1.0	1.0	1.0	1.16												
control_vntr_correct	size.node_len_median	median node bp	1	mafft_fftns2	25	1.0	1.0	1.0	1.08	25	0.0	0.0	0.0	0	2	23	0.5				
control_vntr_correct	size.node_len_median	median node bp	1	mafft_fftnsi	25	1.0	1.0	1.0	1.12	25	0.0	0.0	0.0	0	1	24	1.0				
control_vntr_correct	size.node_len_median	median node bp	1	mafft_linsi	20	1.0	1.0	1.0	1.05	20	0.0	0.0	0.0	0	2	18	0.5				
control_vntr_correct	size.node_len_median	median node bp	1	mafft_einsi	18	1.0	1.0	1.0	1.2222222222222223	18	0.0	0.0	0.0	1	1	16	1.0				
control_vntr_correct	size.node_len_median	median node bp	1	mafft_ginsi	18	1.0	1.0	1.0	1.0555555555555556	18	0.0	0.0	0.0	0	2	16	0.5				
control_vntr_correct	size.node_len_median	median node bp	1	poa_abpoa	25	1.0	1.0	1.0	1.08	25	0.0	0.0	0.0	1	3	21	0.625				
control_vntr_correct	size.node_len_median	median node bp	1	poa_spoa	24	1.0	1.0	1.0	1.0833333333333333	24	0.0	0.0	0.0	1	3	20	0.625				
control_vntr_correct	size.node_len_median	median node bp	1	poa_abpoa_mc	25	1.0	1.0	1.0	1.08	25	0.0	0.0	0.0	1	3	21	0.625				
control_vntr_correct	size.node_len_median	median node bp	1	unit_aware	25	1.0	1.0	1.0	1.28	25	0.0	0.0	0.0	2	1	22	0.75				
control_vntr_correct	size.node_frac_1bp	frac 1-bp nodes	-1	mc	25	0.5704	0.5164	0.6226	0.5693280000000001												
control_vntr_correct	size.node_frac_1bp	frac 1-bp nodes	-1	mafft_fftns2	25	0.5982	0.5419	0.6471	0.5920000000000001	25	0.01529999999999998	0.0009000000000000119	0.037799999999999945	6	19	0	0.003419220447540283				
control_vntr_correct	size.node_frac_1bp	frac 1-bp nodes	-1	mafft_fftnsi	25	0.6129	0.537	0.6487	0.594616	25	0.020199999999999996	0.0009000000000000119	0.036799999999999944	6	19	0	0.0008081197738647461				
control_vntr_correct	size.node_frac_1bp	frac 1-bp nodes	-1	mafft_linsi	20	0.5822	0.545175	0.645625	0.59536	20	0.020449999999999968	-0.003249999999999975	0.04187500000000005	7	13	0	0.01923370361328125				
control_vntr_correct	size.node_frac_1bp	frac 1-bp nodes	-1	mafft_einsi	18	0.5763	0.547875	0.6263000000000001	0.5762388888888889	18	0.0005999999999999894	-0.016225000000000045	0.015625	9	9	0	0.83172607421875				
control_vntr_correct	size.node_frac_1bp	frac 1-bp nodes	-1	mafft_ginsi	18	0.57005	0.5550999999999999	0.655175	0.5948888888888889	18	0.015049999999999952	-0.005149999999999988	0.047100000000000086	7	11	0	0.0987396240234375				
control_vntr_correct	size.node_frac_1bp	frac 1-bp nodes	-1	poa_abpoa	25	0.625	0.5551	0.6794	0.614868	25	0.045499999999999985	0.020000000000000018	0.06989999999999996	3	22	0	2.562999725341797e-06				
control_vntr_correct	size.node_frac_1bp	frac 1-bp nodes	-1	poa_spoa	24	0.62075	0.5565749999999999	0.6461	0.6051041666666667	24	0.03774999999999995	0.001600000000000032	0.05800000000000005	5	19	0	0.0015796422958374023				
control_vntr_correct	size.node_frac_1bp	frac 1-bp nodes	-1	poa_abpoa_mc	25	0.6154	0.543	0.6375	0.592172	25	0.021000000000000074	0.0014999999999999458	0.03590000000000004	5	20	0	0.00018787384033203125				
control_vntr_correct	size.node_frac_1bp	frac 1-bp nodes	-1	unit_aware	25	0.6078	0.5325	0.6625	0.579584	25	0.018100000000000005	-0.023900000000000032	0.04369999999999996	11	14	0	0.30910855531692505				
control_vntr_correct	size.edges_per_kb	edges / CHM13 kb	-1	mc	25	156.14	95.42	271.25	226.2232												
control_vntr_correct	size.edges_per_kb	edges / CHM13 kb	-1	mafft_fftns2	25	203.08	106.1	401.81	335.5516	25	24.659999999999968	0.0	97.22999999999999	6	18	1	0.0007423162460327148				
control_vntr_correct	size.edges_per_kb	edges / CHM13 kb	-1	mafft_fftnsi	25	202.04	101.47	401.81	315.7312	25	25.980000000000004	-1.25	82.49000000000001	7	16	2	0.002726316452026367				
control_vntr_correct	size.edges_per_kb	edges / CHM13 kb	-1	mafft_linsi	20	141.36	102.27000000000001	268.9425	212.752	20	5.454999999999998	-0.5000000000000018	38.54499999999999	5	15	0	0.03276824951171875				
control_vntr_correct	size.edges_per_kb	edges / CHM13 kb	-1	mafft_einsi	18	115.095	67.5025	185.10500000000002	167.39111111111112	18	-4.679999999999996	-20.96500000000001	-0.2924999999999951	13	5	0	0.0138702392578125				
control_vntr_correct	size.edges_per_kb	edges / CHM13 kb	-1	mafft_ginsi	18	141.36	112.60249999999999	256.5425	222.3511111111111	18	11.350000000000001	0.46749999999999936	76.02499999999999	4	14	0	0.02081298828125				
control_vntr_correct	size.edges_per_kb	edges / CHM13 kb	-1	poa_abpoa	25	279.91	97.13	405.75	310.5676	25	68.18	-0.15000000000000213	145.45999999999998	7	18	0	0.0010271072387695312				
control_vntr_correct	size.edges_per_kb	edges / CHM13 kb	-1	poa_spoa	24	310.125	138.3375	445.6025	301.3691666666667	24	72.63	28.88250000000004	176.0775	3	21	0	3.0159950256347656e-05				
control_vntr_correct	size.edges_per_kb	edges / CHM13 kb	-1	poa_abpoa_mc	25	155.89	88.83	297.85	222.9608	25	-3.4399999999999977	-8.819999999999993	3.2900000000000205	16	9	0	0.3809836506843567				
control_vntr_correct	size.edges_per_kb	edges / CHM13 kb	-1	unit_aware	25	272.43	134.68	394.41	327.04040000000003	25	45.60000000000001	18.900000000000034	161.51000000000002	2	22	1	3.0159950256347656e-05				
control_vntr_correct	size.bubbles	top-level bubbles	0	mc	25	37.0	20.0	56.0	43.36												
control_vntr_correct	size.bubbles	top-level bubbles	0	mafft_fftns2	25	32.0	20.0	58.0	42.96	25	0.0	-1.0	3.0			4	0.5103912353515625				
control_vntr_correct	size.bubbles	top-level bubbles	0	mafft_fftnsi	25	32.0	21.0	58.0	43.0	25	0.0	-4.0	4.0			3	0.7680206298828125				
control_vntr_correct	size.bubbles	top-level bubbles	0	mafft_linsi	20	48.0	34.75	72.0	52.7	20	0.5	-5.75	14.0			1	0.7305068969726562				
control_vntr_correct	size.bubbles	top-level bubbles	0	mafft_einsi	18	33.5	24.5	45.75	36.333333333333336	18	-1.5	-9.5	0.75			3	0.06072998046875				
control_vntr_correct	size.bubbles	top-level bubbles	0	mafft_ginsi	18	50.0	35.5	76.0	54.22222222222222	18	1.0	-4.25	17.0			0	0.39849090576171875				
control_vntr_correct	size.bubbles	top-level bubbles	0	poa_abpoa	25	66.0	31.0	129.0	80.88	25	21.0	3.0	72.0			3	3.814697265625e-06				
control_vntr_correct	size.bubbles	top-level bubbles	0	poa_spoa	24	75.0	38.75	129.25	91.29166666666667	24	35.5	13.25	74.75			2	4.76837158203125e-07				
control_vntr_correct	size.bubbles	top-level bubbles	0	poa_abpoa_mc	25	35.0	25.0	56.0	38.16	25	0.0	-8.0	1.0			4	0.2523164749145508				
control_vntr_correct	size.bubbles	top-level bubbles	0	unit_aware	25	59.0	34.0	95.0	68.48	25	16.0	0.0	31.0			3	0.00011444091796875				
control_vntr_correct	size.largest_bubble_alleles	alleles, largest bubble	0	mc	25	21.0	9.0	50.0	52.72												
control_vntr_correct	size.largest_bubble_alleles	alleles, largest bubble	0	mafft_fftns2	25	31.0	10.0	73.0	55.36	25	1.0	-2.0	11.0			2	0.23115301132202148				
control_vntr_correct	size.largest_bubble_alleles	alleles, largest bubble	0	mafft_fftnsi	25	31.0	9.0	66.0	55.76	25	2.0	-1.0	11.0			3	0.23751163482666016				
control_vntr_correct	size.largest_bubble_alleles	alleles, largest bubble	0	mafft_linsi	20	15.0	6.25	27.25	20.7	20	0.0	-4.0	2.25			4	0.93072509765625				
control_vntr_correct	size.largest_bubble_alleles	alleles, largest bubble	0	mafft_einsi	18	17.0	9.25	40.25	25.88888888888889	18	2.0	0.25	8.75			3	0.00653076171875				
control_vntr_correct	size.largest_bubble_alleles	alleles, largest bubble	0	mafft_ginsi	18	13.0	5.0	23.0	19.166666666666668	18	0.0	-3.75	2.0			3	0.60858154296875				
control_vntr_correct	size.largest_bubble_alleles	alleles, largest bubble	0	poa_abpoa	25	18.0	6.0	32.0	45.4	25	-3.0	-11.0	1.0			4	0.0064239501953125				
control_vntr_correct	size.largest_bubble_alleles	alleles, largest bubble	0	poa_spoa	24	16.5	5.75	28.5	40.25	24	-1.5	-6.0	0.0			5	0.012176513671875				
control_vntr_correct	size.largest_bubble_alleles	alleles, largest bubble	0	poa_abpoa_mc	25	20.0	11.0	63.0	53.44	25	0.0	0.0	2.0			10	0.5704345703125				
control_vntr_correct	size.largest_bubble_alleles	alleles, largest bubble	0	unit_aware	25	23.0	6.0	39.0	38.56	25	-1.0	-5.0	1.0			4	0.13431262969970703				
control_vntr_correct	size.distinct_walks	distinct walks	0	mc	25	59.0	52.0	107.0	89.0												
control_vntr_correct	size.distinct_walks	distinct walks	0	mafft_fftns2	25	59.0	52.0	107.0	88.96	25	0.0	0.0	0.0			24	1.0				
control_vntr_correct	size.distinct_walks	distinct walks	0	mafft_fftnsi	25	59.0	52.0	107.0	88.96	25	0.0	0.0	0.0			24	1.0				
control_vntr_correct	size.distinct_walks	distinct walks	0	mafft_linsi	20	56.0	49.25	75.75	62.7	20	0.0	0.0	0.0			20					
control_vntr_correct	size.distinct_walks	distinct walks	0	mafft_einsi	18	55.5	47.75	69.5	57.833333333333336	18	0.0	0.0	0.0			18					
control_vntr_correct	size.distinct_walks	distinct walks	0	mafft_ginsi	18	55.5	47.75	69.5	57.833333333333336	18	0.0	0.0	0.0			18					
control_vntr_correct	size.distinct_walks	distinct walks	0	poa_abpoa	25	59.0	52.0	107.0	88.96	25	0.0	0.0	0.0			24	1.0				
control_vntr_correct	size.distinct_walks	distinct walks	0	poa_spoa	24	58.5	51.5	96.25	88.20833333333333	24	0.0	0.0	0.0			23	1.0				
control_vntr_correct	size.distinct_walks	distinct walks	0	poa_abpoa_mc	25	59.0	52.0	107.0	88.96	25	0.0	0.0	0.0			24	1.0				
control_vntr_correct	size.distinct_walks	distinct walks	0	unit_aware	25	59.0	52.0	107.0	88.96	25	0.0	0.0	0.0			24	1.0				
control_vntr_correct	alignment.all_cost_over_opt	cost/opt, all pairs	-1	mc	25	1.0556	1.0223	1.3352	1.2127160000000001												
control_vntr_correct	alignment.all_cost_over_opt	cost/opt, all pairs	-1	mafft_fftns2	25	1.118	1.0259	1.3157	1.386556	25	0.0019000000000000128	-0.004899999999999904	0.12220000000000009	7	14	4	0.27221012115478516				
control_vntr_correct	alignment.all_cost_over_opt	cost/opt, all pairs	-1	mafft_fftnsi	25	1.103	1.0259	1.285	1.322964	25	0.0018000000000000238	-0.03160000000000007	0.07909999999999995	8	13	4	0.5620746612548828				
control_vntr_correct	alignment.all_cost_over_opt	cost/opt, all pairs	-1	mafft_linsi	20	1.04345	1.0239500000000001	1.05715	1.0493999999999999	20	-0.022600000000000064	-0.14582499999999998	0.0014500000000000624	11	7	2	0.0182342529296875				
control_vntr_correct	alignment.all_cost_over_opt	cost/opt, all pairs	-1	mafft_einsi	18	1.0372	1.022125	1.0646	1.0546666666666666	18	-0.027800000000000047	-0.13602499999999995	0.0	11	3	4	0.0030517578125				
control_vntr_correct	alignment.all_cost_over_opt	cost/opt, all pairs	-1	mafft_ginsi	18	1.0485	1.032525	1.05805	1.0472	18	-0.022600000000000064	-0.14372499999999994	0.0045499999999999985	10	6	2	0.033538818359375				
control_vntr_correct	alignment.all_cost_over_opt	cost/opt, all pairs	-1	poa_abpoa	25	1.1095	1.0221	1.2132	1.2218639999999998	25	0.0	-0.04679999999999995	0.06830000000000003	10	12	3	0.774528980255127				
control_vntr_correct	alignment.all_cost_over_opt	cost/opt, all pairs	-1	poa_spoa	24	1.11645	1.017725	1.1930999999999998	1.1212125	24	-0.0010999999999998789	-0.10025000000000006	0.05394999999999994	13	10	1	0.5009052753448486				
control_vntr_correct	alignment.all_cost_over_opt	cost/opt, all pairs	-1	poa_abpoa_mc	25	1.0454	1.012	1.19	1.1278	25	-0.0021999999999999797	-0.08010000000000006	9.999999999998899e-05	15	7	3	0.07942724227905273				
control_vntr_correct	alignment.all_cost_over_opt	cost/opt, all pairs	-1	unit_aware	25	1.0232	1.0103	1.0415	1.036924	25	-0.0504	-0.16479999999999984	9.999999999998899e-05	18	7	0	0.00028705596923828125				
control_vntr_correct	alignment.all_pair_ratio_median	cost/opt, median pair	-1	mc	25	1.0019	1.0	1.0193	1.101476												
control_vntr_correct	alignment.all_pair_ratio_median	cost/opt, median pair	-1	mafft_fftns2	25	1.0187	1.0	1.1963	1.344388	25	0.0	0.0	0.07110000000000016	6	11	8	0.0714111328125				
control_vntr_correct	alignment.all_pair_ratio_median	cost/opt, median pair	-1	mafft_fftnsi	25	1.0148	1.0	1.0698	1.27372	25	0.0	0.0	0.03410000000000002	6	10	9	0.19281005859375				
control_vntr_correct	alignment.all_pair_ratio_median	cost/opt, median pair	-1	mafft_linsi	20	1.0005	1.0	1.01855	1.0112	20	0.0	-0.003124999999999878	0.00024999999999997247	6	5	9	0.46484375				
control_vntr_correct	alignment.all_pair_ratio_median	cost/opt, median pair	-1	mafft_einsi	18	1.0	1.0	1.0061749999999998	1.0055888888888889	18	0.0	-0.005875000000000019	0.0	6	2	10	0.078125				
control_vntr_correct	alignment.all_pair_ratio_median	cost/opt, median pair	-1	mafft_ginsi	18	1.0005	1.0	1.01695	1.0114111111111113	18	0.0	-0.006174999999999986	0.0	6	4	8	0.375				
control_vntr_correct	alignment.all_pair_ratio_median	cost/opt, median pair	-1	poa_abpoa	25	1.0131	1.0	1.1223	1.093904	25	0.0	0.0	0.024399999999999977	6	9	10	0.30279541015625				
control_vntr_correct	alignment.all_pair_ratio_median	cost/opt, median pair	-1	poa_spoa	24	1.0909	1.0	1.129125	1.0912833333333334	24	0.0010499999999999954	0.0	0.10175000000000012	5	12	7	0.1454315185546875				
control_vntr_correct	alignment.all_pair_ratio_median	cost/opt, median pair	-1	poa_abpoa_mc	25	1.0035	1.0	1.0197	1.07036	25	0.0	0.0	0.0	5	5	15	0.98046875				
control_vntr_correct	alignment.all_pair_ratio_median	cost/opt, median pair	-1	unit_aware	25	1.005	1.0	1.0219	1.017748	25	0.0	-0.014799999999999924	0.0009999999999998899	10	7	8	0.2246856689453125				
control_vntr_correct	alignment.all_excess_per_kb	excess edits / kb	-1	mc	25	6.91	1.13	15.98	24.191999999999997												
control_vntr_correct	alignment.all_excess_per_kb	excess edits / kb	-1	mafft_fftns2	25	8.82	2.82	46.39	29.81	25	0.11000000000000032	-0.79	8.3	7	14	4	0.3038158416748047				
control_vntr_correct	alignment.all_excess_per_kb	excess edits / kb	-1	mafft_fftnsi	25	8.54	1.96	27.44	24.937600000000003	25	0.040000000000000036	-4.550000000000004	6.699999999999999	8	13	4	0.539189338684082				
control_vntr_correct	alignment.all_excess_per_kb	excess edits / kb	-1	mafft_linsi	20	2.4	0.9625000000000001	6.6725	5.5009999999999994	20	-0.71	-12.3575	0.12000000000000005	11	7	2	0.03849029541015625				
control_vntr_correct	alignment.all_excess_per_kb	excess edits / kb	-1	mafft_einsi	18	1.9949999999999999	0.54	8.6225	6.404999999999999	18	-1.645	-9.472500000000002	0.0	11	3	4	0.008544921875				
control_vntr_correct	alignment.all_excess_per_kb	excess edits / kb	-1	mafft_ginsi	18	2.4050000000000002	1.1400000000000001	6.08	4.917222222222223	18	-0.71	-10.1175	0.32000000000000006	10	6	2	0.07391357421875				
control_vntr_correct	alignment.all_excess_per_kb	excess edits / kb	-1	poa_abpoa	25	9.11	0.8	25.89	14.7784	25	0.0	-6.67	4.929999999999998	10	11	4	0.8648872375488281				
control_vntr_correct	alignment.all_excess_per_kb	excess edits / kb	-1	poa_spoa	24	6.93	0.8025	14.059999999999999	10.640833333333333	24	-0.08000000000000002	-7.995000000000001	3.4499999999999997	13	10	1	0.41003966331481934				
control_vntr_correct	alignment.all_excess_per_kb	excess edits / kb	-1	poa_abpoa_mc	25	5.89	0.83	12.91	13.7624	25	-0.08	-5.530000000000001	0.009999999999999787	15	7	3	0.06844425201416016				
control_vntr_correct	alignment.all_excess_per_kb	excess edits / kb	-1	unit_aware	25	1.83	0.63	3.97	4.3304	25	-4.05	-15.400000000000002	0.0	18	6	1	0.0004944801330566406				
control_vntr_correct	alignment.all_frac_pairs_optimal	frac pairs optimal	1	mc	25	0.4222	0.2361	0.7407	0.480576												
control_vntr_correct	alignment.all_frac_pairs_optimal	frac pairs optimal	1	mafft_fftns2	25	0.3444	0.1616	0.5485	0.38014400000000004	25	0.0	-0.1531	0.0082	7	11	7	0.0599365234375				
control_vntr_correct	alignment.all_frac_pairs_optimal	frac pairs optimal	1	mafft_fftnsi	25	0.3455	0.2152	0.5465	0.389424	25	0.0	-0.1387	0.0101	8	11	6	0.05457305908203125				
control_vntr_correct	alignment.all_frac_pairs_optimal	frac pairs optimal	1	mafft_linsi	20	0.5146999999999999	0.344675	0.7791750000000001	0.556895	20	0.003700000000000009	0.0	0.105	12	4	4	0.231201171875				
control_vntr_correct	alignment.all_frac_pairs_optimal	frac pairs optimal	1	mafft_einsi	18	0.58885	0.43220000000000003	0.861075	0.6082166666666667	18	0.020699999999999996	0.0	0.09060000000000001	11	3	4	0.0579833984375				
control_vntr_correct	alignment.all_frac_pairs_optimal	frac pairs optimal	1	mafft_ginsi	18	0.5306	0.36845	0.828325	0.5754111111111111	18	0.012900000000000023	0.0	0.1052	11	4	3	0.27685546875				
control_vntr_correct	alignment.all_frac_pairs_optimal	frac pairs optimal	1	poa_abpoa	25	0.3574	0.2788	0.6059	0.440704	25	-0.005499999999999949	-0.06320000000000003	0.0	6	14	5	0.10539817810058594				
control_vntr_correct	alignment.all_frac_pairs_optimal	frac pairs optimal	1	poa_spoa	24	0.30135	0.202375	0.5516	0.4008541666666667	24	-0.007900000000000074	-0.192475	0.018975000000000006	9	13	2	0.13748931884765625				
control_vntr_correct	alignment.all_frac_pairs_optimal	frac pairs optimal	1	poa_abpoa_mc	25	0.4222	0.2775	0.7472	0.504908	25	0.00720000000000004	0.0	0.04730000000000001	14	6	5	0.05316925048828125				
control_vntr_correct	alignment.all_frac_pairs_optimal	frac pairs optimal	1	unit_aware	25	0.4259	0.2465	0.6838	0.45063600000000004	25	0.006799999999999917	-0.011099999999999999	0.06220000000000003	15	8	2	0.6220676898956299				
control_vntr_correct	alignment.ref_cost_over_opt	cost/opt vs CHM13	-1	mc	25	1.0504	1.0168	1.227	1.237748												
control_vntr_correct	alignment.ref_cost_over_opt	cost/opt vs CHM13	-1	mafft_fftns2	25	1.1484	1.0304	1.2444	1.463868	25	0.0	-0.009400000000000075	0.1251	10	12	3	0.4434065818786621				
control_vntr_correct	alignment.ref_cost_over_opt	cost/opt vs CHM13	-1	mafft_fftnsi	25	1.1204	1.0303	1.1898	1.409172	25	0.0	-0.009400000000000075	0.09099999999999997	10	12	3	0.5879268646240234				
control_vntr_correct	alignment.ref_cost_over_opt	cost/opt vs CHM13	-1	mafft_linsi	20	1.02075	1.014225	1.0479500000000002	1.036805	20	-0.023850000000000038	-0.14589999999999992	0.002449999999999952	11	7	2	0.02684783935546875				
control_vntr_correct	alignment.ref_cost_over_opt	cost/opt vs CHM13	-1	mafft_einsi	18	1.01565	1.007425	1.03925	1.0359722222222223	18	-0.03370000000000006	-0.11867499999999986	-0.00022499999999997522	13	1	4	0.0003662109375				
control_vntr_correct	alignment.ref_cost_over_opt	cost/opt vs CHM13	-1	mafft_ginsi	18	1.02155	1.01505	1.0576	1.0361666666666667	18	-0.023850000000000038	-0.12759999999999994	0.006025000000000003	10	6	2	0.065399169921875				
control_vntr_correct	alignment.ref_cost_over_opt	cost/opt vs CHM13	-1	poa_abpoa	25	1.116	1.0107	1.2677	1.235804	25	0.0	-0.07810000000000006	0.10230000000000006	12	11	2	1.0				
control_vntr_correct	alignment.ref_cost_over_opt	cost/opt vs CHM13	-1	poa_spoa	24	1.12275	1.0161499999999999	1.2026249999999998	1.1320666666666666	24	-0.004049999999999998	-0.09777499999999995	0.09384999999999999	14	9	1	0.6433901786804199				
control_vntr_correct	alignment.ref_cost_over_opt	cost/opt vs CHM13	-1	poa_abpoa_mc	25	1.0343	1.0069	1.1077	1.101196	25	-0.0012999999999998568	-0.10030000000000006	0.0	15	6	4	0.02157115936279297				
control_vntr_correct	alignment.ref_cost_over_opt	cost/opt vs CHM13	-1	unit_aware	25	1.0145	1.0105	1.0457	1.034848	25	-0.04940000000000011	-0.17300000000000004	0.0	18	6	1	0.00043833255767822266				
control_vntr_correct	alignment.affine_all_cost_over_opt	affine cost/opt, all	-1	mc	25	1.0441	1.0242	1.1839	1.182356												
control_vntr_correct	alignment.affine_all_cost_over_opt	affine cost/opt, all	-1	mafft_fftns2	25	1.0941	1.0242	1.3046	1.366256	25	0.0047000000000001485	-0.023400000000000087	0.10509999999999997	9	14	2	0.30013346672058105				
control_vntr_correct	alignment.affine_all_cost_over_opt	affine cost/opt, all	-1	mafft_fftnsi	25	1.0883	1.0242	1.2127	1.303428	25	0.0005999999999999339	-0.023400000000000087	0.08389999999999986	10	13	2	0.5599584579467773				
control_vntr_correct	alignment.affine_all_cost_over_opt	affine cost/opt, all	-1	mafft_linsi	20	1.0324499999999999	1.0187	1.0662	1.03842	20	-0.02034999999999998	-0.10497500000000015	0.0022999999999999687	13	6	1	0.02298736572265625				
control_vntr_correct	alignment.affine_all_cost_over_opt	affine cost/opt, all	-1	mafft_einsi	18	1.0239	1.013175	1.04285	1.0366833333333334	18	-0.02090000000000003	-0.13145000000000012	0.0	12	4	2	0.002685546875				
control_vntr_correct	alignment.affine_all_cost_over_opt	affine cost/opt, all	-1	mafft_ginsi	18	1.0383	1.02725	1.070325	1.0429	18	-0.016550000000000065	-0.11332500000000006	0.011050000000000004	11	6	1	0.0983734130859375				
control_vntr_correct	alignment.affine_all_cost_over_opt	affine cost/opt, all	-1	poa_abpoa	25	1.2094	1.0211	1.3825	1.3449719999999998	25	0.00039999999999995595	-0.01869999999999994	0.24530000000000007	10	13	2	0.24987125396728516				
control_vntr_correct	alignment.affine_all_cost_over_opt	affine cost/opt, all	-1	poa_spoa	24	1.26215	1.0298500000000002	1.344225	1.2297666666666667	24	0.011099999999999999	-0.015700000000000047	0.2324000000000001	7	16	1	0.17933368682861328				
control_vntr_correct	alignment.affine_all_cost_over_opt	affine cost/opt, all	-1	poa_abpoa_mc	25	1.0373	1.0132	1.1712	1.102752	25	-0.009899999999999798	-0.05940000000000012	0.00019999999999997797	15	8	2	0.08020281791687012				
control_vntr_correct	alignment.affine_all_cost_over_opt	affine cost/opt, all	-1	unit_aware	25	1.0556	1.0203	1.0883	1.070124	25	-0.020100000000000007	-0.09559999999999991	0.007200000000000095	15	10	0	0.1134914755821228				
control_vntr_correct	alignment.affine_ref_cost_over_opt	affine cost/opt vs CHM13	-1	mc	25	1.0393	1.013	1.1747	1.207716												
control_vntr_correct	alignment.affine_ref_cost_over_opt	affine cost/opt vs CHM13	-1	mafft_fftns2	25	1.1297	1.0212	1.2257	1.4391319999999999	25	0.0	-0.028100000000000014	0.13200000000000012	12	12	1	0.5087660551071167				
control_vntr_correct	alignment.affine_ref_cost_over_opt	affine cost/opt vs CHM13	-1	mafft_fftnsi	25	1.1166	1.0212	1.1613	1.386884	25	0.0	-0.028100000000000014	0.09889999999999999	12	12	1	0.7682963609695435				
control_vntr_correct	alignment.affine_ref_cost_over_opt	affine cost/opt vs CHM13	-1	mafft_linsi	20	1.0187	1.004325	1.0359500000000001	1.029685	20	-0.02144999999999997	-0.13605	0.006199999999999983	12	7	1	0.049365997314453125				
control_vntr_correct	alignment.affine_ref_cost_over_opt	affine cost/opt vs CHM13	-1	mafft_einsi	18	1.0067	1.003375	1.017925	1.0217833333333333	18	-0.0301499999999999	-0.13272499999999998	-0.0044500000000000095	14	2	2	0.000213623046875				
control_vntr_correct	alignment.affine_ref_cost_over_opt	affine cost/opt vs CHM13	-1	mafft_ginsi	18	1.0186	1.004175	1.05465	1.042161111111111	18	-0.02144999999999997	-0.13587500000000008	0.011624999999999941	11	6	1	0.1454315185546875				
control_vntr_correct	alignment.affine_ref_cost_over_opt	affine cost/opt vs CHM13	-1	poa_abpoa	25	1.2024	1.0102	1.4336	1.387932	25	0.000700000000000145	-0.036799999999999944	0.2833999999999999	10	14	1	0.28966712951660156				
control_vntr_correct	alignment.affine_ref_cost_over_opt	affine cost/opt vs CHM13	-1	poa_spoa	24	1.28205	1.0201250000000002	1.38305	1.2501166666666668	24	0.010149999999999992	-0.03352500000000014	0.2668750000000001	8	15	1	0.16952300071716309				
control_vntr_correct	alignment.affine_ref_cost_over_opt	affine cost/opt vs CHM13	-1	poa_abpoa_mc	25	1.0244	1.0071	1.1112	1.081084	25	-0.006599999999999939	-0.0674999999999999	0.000400000000000178	16	7	2	0.02709484100341797				
control_vntr_correct	alignment.affine_ref_cost_over_opt	affine cost/opt vs CHM13	-1	unit_aware	25	1.0428	1.0202	1.1102	1.069892	25	-0.0043999999999999595	-0.13229999999999986	0.029300000000000104	13	12	0	0.22772836685180664				
control_vntr_correct	alignment.affine_all_excess_per_kb	affine excess / kb	-1	mc	25	11.0	2.23	36.73	45.976800000000004												
control_vntr_correct	alignment.affine_all_excess_per_kb	affine excess / kb	-1	mafft_fftns2	25	18.23	2.92	95.67	61.6124	25	0.86	-3.33	17.270000000000003	9	14	2	0.28614330291748047				
control_vntr_correct	alignment.affine_all_excess_per_kb	affine excess / kb	-1	mafft_fftnsi	25	18.67	2.45	55.37	51.2552	25	0.86	-5.849999999999994	14.899999999999999	10	13	2	0.5202305316925049				
control_vntr_correct	alignment.affine_all_excess_per_kb	affine excess / kb	-1	mafft_linsi	20	4.109999999999999	1.7049999999999998	10.435	11.321000000000002	20	-1.8300000000000003	-21.295	0.26749999999999996	13	6	1	0.06628799438476562				
control_vntr_correct	alignment.affine_all_excess_per_kb	affine excess / kb	-1	mafft_einsi	18	3.215	0.6950000000000001	7.54	10.423333333333334	18	-2.79	-19.8375	0.0	12	4	2	0.00628662109375				
control_vntr_correct	alignment.affine_all_excess_per_kb	affine excess / kb	-1	mafft_ginsi	18	4.35	2.3375	8.5125	11.58	18	-1.8300000000000003	-17.1425	1.115	11	6	1	0.1323699951171875				
control_vntr_correct	alignment.affine_all_excess_per_kb	affine excess / kb	-1	poa_abpoa	25	32.3	1.77	89.69	51.3508	25	0.03	-2.63	45.28	10	13	2	0.39307284355163574				
control_vntr_correct	alignment.affine_all_excess_per_kb	affine excess / kb	-1	poa_spoa	24	29.975	4.12	64.3625	44.97125	24	1.8199999999999967	-0.5825	30.799999999999997	7	17	0	0.11396121978759766				
control_vntr_correct	alignment.affine_all_excess_per_kb	affine excess / kb	-1	poa_abpoa_mc	25	5.74	1.25	24.89	25.726	25	-0.31000000000000005	-12.3	0.06000000000000005	15	8	2	0.06981706619262695				
control_vntr_correct	alignment.affine_all_excess_per_kb	affine excess / kb	-1	unit_aware	25	9.14	3.6	12.81	15.4504	25	-2.7699999999999996	-24.29	3.02	15	10	0	0.10139739513397217				
control_vntr_correct	alignment.all_U_per_kb	unaligned homology bp / kb	-1	mc	25	0.28	0.03	3.17	10.3092												
control_vntr_correct	alignment.all_U_per_kb	unaligned homology bp / kb	-1	mafft_fftns2	25	0.36	0.06	3.23	2.4656000000000002	25	0.0	-0.8400000000000001	0.32	10	11	4	0.539189338684082				
control_vntr_correct	alignment.all_U_per_kb	unaligned homology bp / kb	-1	mafft_fftnsi	25	0.2	0.03	2.22	1.3880000000000001	25	0.0	-1.46	0.3	12	10	3	0.23798084259033203				
control_vntr_correct	alignment.all_U_per_kb	unaligned homology bp / kb	-1	mafft_linsi	20	0.025	0.0	0.26749999999999996	0.6175	20	-0.035	-1.8424999999999998	0.0025	12	5	3	0.040771484375				
control_vntr_correct	alignment.all_U_per_kb	unaligned homology bp / kb	-1	mafft_einsi	18	0.03	0.0	0.475	3.091666666666667	18	-0.01	-0.8425	0.0	9	4	5	0.243896484375				
control_vntr_correct	alignment.all_U_per_kb	unaligned homology bp / kb	-1	mafft_ginsi	18	0.025	0.0	0.1275	0.19722222222222222	18	-0.035	-2.7125	0.0	11	4	3	0.02435302734375				
control_vntr_correct	alignment.all_U_per_kb	unaligned homology bp / kb	-1	poa_abpoa	25	0.18	0.03	0.69	0.4644	25	-0.06	-3.03	0.06999999999999999	14	8	3	0.050072669982910156				
control_vntr_correct	alignment.all_U_per_kb	unaligned homology bp / kb	-1	poa_spoa	24	0.22000000000000003	0.0075	0.6325000000000001	0.3641666666666667	24	-0.06	-1.7574999999999998	0.16999999999999998	13	8	3	0.08054637908935547				
control_vntr_correct	alignment.all_U_per_kb	unaligned homology bp / kb	-1	poa_abpoa_mc	25	0.1	0.01	0.37	1.2456	25	-0.049999999999999996	-2.02	0.0	16	5	4	0.03424263000488281				
control_vntr_correct	alignment.all_U_per_kb	unaligned homology bp / kb	-1	unit_aware	25	0.01	0.01	0.13	0.222	25	-0.27	-3.16	0.0	18	5	2	0.0011141300201416016				
control_vntr_correct	inflation.sv_pieces_median	SV pieces / path (median)	-1	mc	25	1.0	1.0	1.0	0.96												
control_vntr_correct	inflation.sv_pieces_median	SV pieces / path (median)	-1	mafft_fftns2	25	1.0	1.0	2.0	1.4	25	0.0	0.0	0.0	3	6	16	0.29296875				
control_vntr_correct	inflation.sv_pieces_median	SV pieces / path (median)	-1	mafft_fftnsi	25	1.0	1.0	2.0	1.36	25	0.0	0.0	0.0	3	6	16	0.33203125				
control_vntr_correct	inflation.sv_pieces_median	SV pieces / path (median)	-1	mafft_linsi	20	1.0	0.0	1.0	0.85	20	0.0	0.0	0.0	2	2	16	1.0				
control_vntr_correct	inflation.sv_pieces_median	SV pieces / path (median)	-1	mafft_einsi	18	1.0	0.0	1.0	0.8333333333333334	18	0.0	0.0	0.0	1	2	15	1.0				
control_vntr_correct	inflation.sv_pieces_median	SV pieces / path (median)	-1	mafft_ginsi	18	1.0	0.0	1.0	0.7777777777777778	18	0.0	0.0	0.0	1	1	16	1.0				
control_vntr_correct	inflation.sv_pieces_median	SV pieces / path (median)	-1	poa_abpoa	25	1.0	1.0	1.0	1.04	25	0.0	0.0	0.0	1	3	21	0.75				
control_vntr_correct	inflation.sv_pieces_median	SV pieces / path (median)	-1	poa_spoa	24	1.0	0.0	1.0	1.0833333333333333	24	0.0	0.0	0.0	4	4	16	0.6328125				
control_vntr_correct	inflation.sv_pieces_median	SV pieces / path (median)	-1	poa_abpoa_mc	25	1.0	1.0	1.0	1.0	25	0.0	0.0	0.0	2	3	20	1.0				
control_vntr_correct	inflation.sv_pieces_median	SV pieces / path (median)	-1	unit_aware	25	1.0	0.0	2.0	0.92	25	0.0	0.0	0.0	6	6	13	1.0				
control_vntr_correct	inflation.sv_pieces_mean	SV pieces / path (mean)	-1	mc	25	0.8872	0.677	1.4013	1.0773760000000001												
control_vntr_correct	inflation.sv_pieces_mean	SV pieces / path (mean)	-1	mafft_fftns2	25	1.0	0.794	1.5161	1.427036	25	0.004500000000000004	-0.17479999999999996	0.5011	8	14	3	0.23476219177246094				
control_vntr_correct	inflation.sv_pieces_mean	SV pieces / path (mean)	-1	mafft_fftnsi	25	0.9804	0.6791	1.5161	1.3544159999999998	25	0.004400000000000015	-0.17479999999999996	0.40180000000000005	8	14	3	0.3705310821533203				
control_vntr_correct	inflation.sv_pieces_mean	SV pieces / path (mean)	-1	mafft_linsi	20	0.8572	0.5156	1.102425	0.89131	20	-0.004449999999999954	-0.18077499999999996	0.0	12	3	5	0.1170654296875				
control_vntr_correct	inflation.sv_pieces_mean	SV pieces / path (mean)	-1	mafft_einsi	18	0.84995	0.48307500000000003	0.99945	0.82805	18	-0.004449999999999954	-0.13717499999999996	0.0033000000000000113	10	5	3	0.22930908203125				
control_vntr_correct	inflation.sv_pieces_mean	SV pieces / path (mean)	-1	mafft_ginsi	18	0.7773	0.46595000000000003	0.98295	0.8097277777777777	18	-0.004449999999999954	-0.13827499999999998	0.0	11	2	5	0.045654296875				
control_vntr_correct	inflation.sv_pieces_mean	SV pieces / path (mean)	-1	poa_abpoa	25	1.0	0.7772	1.5497	1.224548	25	0.0	-0.0978	0.2941999999999999	11	10	4	0.49480247497558594				
control_vntr_correct	inflation.sv_pieces_mean	SV pieces / path (mean)	-1	poa_spoa	24	0.907	0.6800999999999999	1.1010499999999999	1.2022958333333333	24	-0.003349999999999978	-0.21397499999999994	0.32389999999999997	13	10	1	0.9583606719970703				
control_vntr_correct	inflation.sv_pieces_mean	SV pieces / path (mean)	-1	poa_abpoa_mc	25	0.9516	0.6327	1.4213	1.08304	25	0.0	-0.0044999999999999485	0.00890000000000013	9	9	7	0.9576263427734375				
control_vntr_correct	inflation.sv_pieces_mean	SV pieces / path (mean)	-1	unit_aware	25	0.9934	0.4152	1.4593	1.111032	25	0.0	-0.40579999999999994	0.4171999999999998	12	11	2	0.9405548572540283				
control_vntr_correct	inflation.anchored_over_free	anchored/free vs CHM13	-1	mc	25	1.0504	1.0167	1.227	1.238248												
control_vntr_correct	inflation.anchored_over_free	anchored/free vs CHM13	-1	mafft_fftns2	25	1.1476	1.0303	1.2453	1.464104	25	0.0	-0.009399999999999853	0.12440000000000007	10	12	3	0.4434065818786621				
control_vntr_correct	inflation.anchored_over_free	anchored/free vs CHM13	-1	mafft_fftnsi	25	1.1197	1.0302	1.1887	1.4093440000000002	25	0.0	-0.009399999999999853	0.09099999999999997	10	12	3	0.5879268646240234				
control_vntr_correct	inflation.anchored_over_free	anchored/free vs CHM13	-1	mafft_linsi	20	1.02075	1.014225	1.0479500000000002	1.0368	20	-0.023800000000000043	-0.14589999999999992	0.002449999999999952	11	7	2	0.02684783935546875				
control_vntr_correct	inflation.anchored_over_free	anchored/free vs CHM13	-1	mafft_einsi	18	1.01565	1.0073500000000002	1.039225	1.035911111111111	18	-0.03364999999999996	-0.11874999999999986	-0.00024999999999997247	13	1	4	0.0003662109375				
control_vntr_correct	inflation.anchored_over_free	anchored/free vs CHM13	-1	mafft_ginsi	18	1.02155	1.01505	1.0576	1.036161111111111	18	-0.023800000000000043	-0.12759999999999994	0.005950000000000011	10	6	2	0.065399169921875				
control_vntr_correct	inflation.anchored_over_free	anchored/free vs CHM13	-1	poa_abpoa	25	1.116	1.0106	1.2677	1.23576	25	0.0	-0.07810000000000006	0.10230000000000006	12	11	2	1.0				
control_vntr_correct	inflation.anchored_over_free	anchored/free vs CHM13	-1	poa_spoa	24	1.1228	1.0161499999999999	1.2030500000000002	1.1320791666666665	24	-0.004049999999999998	-0.09777499999999995	0.09384999999999999	14	9	1	0.6433901786804199				
control_vntr_correct	inflation.anchored_over_free	anchored/free vs CHM13	-1	poa_abpoa_mc	25	1.0343	1.0069	1.1072	1.101172	25	-0.0011999999999998678	-0.10030000000000006	0.0	15	6	4	0.02157115936279297				
control_vntr_correct	inflation.anchored_over_free	anchored/free vs CHM13	-1	unit_aware	25	1.0145	1.0105	1.0457	1.034824	25	-0.04940000000000011	-0.17310000000000003	0.0	18	6	1	0.0004298686981201172				
control_vntr_correct	inflation.indel_bp_ratio	indel bp / net length change	-1	mc	25	1.1712	1.0411	1.4661	1.320752												
control_vntr_correct	inflation.indel_bp_ratio	indel bp / net length change	-1	mafft_fftns2	25	1.2047	1.04	1.3019	1.546772	25	0.0	-0.019299999999999873	0.11299999999999999	11	11	3	0.6788630485534668				
control_vntr_correct	inflation.indel_bp_ratio	indel bp / net length change	-1	mafft_fftnsi	25	1.174	1.0387	1.3017	1.48444	25	0.0	-0.019299999999999873	0.08540000000000014	11	11	3	0.898735523223877				
control_vntr_correct	inflation.indel_bp_ratio	indel bp / net length change	-1	mafft_linsi	20	1.0278999999999998	1.014125	1.134875	1.0891600000000001	20	-0.05664999999999998	-0.1744250000000001	0.0	14	4	2	0.00128936767578125				
control_vntr_correct	inflation.indel_bp_ratio	indel bp / net length change	-1	mafft_einsi	18	1.0352999999999999	1.01685	1.153125	1.0974111111111111	18	-0.05714999999999992	-0.129575	0.0	12	3	3	0.0008544921875				
control_vntr_correct	inflation.indel_bp_ratio	indel bp / net length change	-1	mafft_ginsi	18	1.0265499999999999	1.0171999999999999	1.089975	1.0780555555555555	18	-0.05545	-0.14347500000000007	0.0	12	4	2	0.00335693359375				
control_vntr_correct	inflation.indel_bp_ratio	indel bp / net length change	-1	poa_abpoa	25	1.0614	1.022	1.3012	1.188964	25	-0.00649999999999995	-0.14789999999999992	0.005599999999999827	14	8	3	0.1761918067932129				
control_vntr_correct	inflation.indel_bp_ratio	indel bp / net length change	-1	poa_spoa	24	1.07865	1.0143	1.1911	1.1271	24	-0.017799999999999927	-0.168975	0.0020000000000000573	16	7	1	0.00914621353149414				
control_vntr_correct	inflation.indel_bp_ratio	indel bp / net length change	-1	poa_abpoa_mc	25	1.0794	1.021	1.2602	1.170528	25	-0.0014000000000000679	-0.13280000000000003	0.0	15	5	5	0.023950576782226562				
control_vntr_correct	inflation.indel_bp_ratio	indel bp / net length change	-1	unit_aware	25	1.0256	1.0059	1.1236	1.085364	25	-0.07840000000000003	-0.2398	-0.0025000000000001688	21	2	2	2.09808349609375e-05				
control_vntr_correct	inflation.indel_bp_excess_per_kb	excess indel bp / kb	-1	mc	25	9.76	2.39	26.6	27.2912												
control_vntr_correct	inflation.indel_bp_excess_per_kb	excess indel bp / kb	-1	mafft_fftns2	25	19.42	4.45	26.21	29.106399999999997	25	0.0	-7.18	4.429999999999998	11	11	3	0.8736042976379395				
control_vntr_correct	inflation.indel_bp_excess_per_kb	excess indel bp / kb	-1	mafft_fftnsi	25	10.72	4.31	23.05	26.3652	25	0.0	-7.18	3.459999999999999	11	11	3	0.9746217727661133				
control_vntr_correct	inflation.indel_bp_excess_per_kb	excess indel bp / kb	-1	mafft_linsi	20	1.855	0.9075	5.72	5.0735	20	-2.4899999999999998	-17.68	0.0	14	3	3	0.0006561279296875				
control_vntr_correct	inflation.indel_bp_excess_per_kb	excess indel bp / kb	-1	mafft_einsi	18	2.71	1.2149999999999999	4.4425	3.711666666666667	18	-1.38	-12.364999999999998	0.0	12	4	2	0.001312255859375				
control_vntr_correct	inflation.indel_bp_excess_per_kb	excess indel bp / kb	-1	mafft_ginsi	18	1.855	1.0425	5.2675	3.5833333333333335	18	-2.4899999999999998	-13.739999999999998	0.0	12	3	3	0.0067138671875				
control_vntr_correct	inflation.indel_bp_excess_per_kb	excess indel bp / kb	-1	poa_abpoa	25	4.2	1.21	14.23	10.66	25	-1.1800000000000002	-16.459999999999997	0.45999999999999996	14	8	3	0.046160221099853516				
control_vntr_correct	inflation.indel_bp_excess_per_kb	excess indel bp / kb	-1	poa_spoa	24	2.3049999999999997	1.0999999999999999	10.317499999999999	7.862916666666667	24	-1.6600000000000001	-18.575	0.10499999999999982	16	7	1	0.006710529327392578				
control_vntr_correct	inflation.indel_bp_excess_per_kb	excess indel bp / kb	-1	poa_abpoa_mc	25	6.86	1.43	15.38	11.728	25	-0.1499999999999999	-14.79	0.0	15	6	4	0.012691497802734375				
control_vntr_correct	inflation.indel_bp_excess_per_kb	excess indel bp / kb	-1	unit_aware	25	3.48	0.74	7.08	5.1948	25	-2.7200000000000006	-20.819999999999997	-0.38999999999999996	21	2	2	1.3113021850585938e-05				
control_vntr_correct	redundancy.kmer_frac_extra	k-mer extra positions (frac)	-1	mc	25	0.14094	0.06433	0.27196	0.1936976												
control_vntr_correct	redundancy.kmer_frac_extra	k-mer extra positions (frac)	-1	mafft_fftns2	25	0.20882	0.11349	0.48602	0.28004439999999997	25	0.02498	-0.0047799999999999995	0.12718000000000002	7	16	2	0.003874063491821289				
control_vntr_correct	redundancy.kmer_frac_extra	k-mer extra positions (frac)	-1	mafft_fftnsi	25	0.20677	0.10373	0.46903	0.26326160000000004	25	0.01484000000000002	-0.0047799999999999995	0.06583	7	16	2	0.01486515998840332				
control_vntr_correct	redundancy.kmer_frac_extra	k-mer extra positions (frac)	-1	mafft_linsi	20	0.109595	0.04879	0.17502500000000001	0.1437025	20	-0.008994999999999996	-0.0193425	0.008709999999999992	13	7	0	0.2773551940917969				
control_vntr_correct	redundancy.kmer_frac_extra	k-mer extra positions (frac)	-1	mafft_einsi	18	0.10548	0.0399325	0.17057250000000002	0.14506666666666668	18	-0.015635	-0.043480000000000005	0.003254999999999987	12	5	1	0.1323699951171875				
control_vntr_correct	redundancy.kmer_frac_extra	k-mer extra positions (frac)	-1	mafft_ginsi	18	0.130145	0.0675	0.177315	0.1548761111111111	18	-0.008994999999999996	-0.0174375	0.017512499999999993	12	6	0	0.522613525390625				
control_vntr_correct	redundancy.kmer_frac_extra	k-mer extra positions (frac)	-1	poa_abpoa	25	0.23246	0.06151	0.38769	0.23570080000000002	25	0.0	-0.010440000000000005	0.13763999999999998	12	11	2	0.22261524200439453				
control_vntr_correct	redundancy.kmer_frac_extra	k-mer extra positions (frac)	-1	poa_spoa	24	0.25278500000000004	0.152305	0.38761749999999995	0.24606791666666664	24	0.039660000000000015	0.009497500000000006	0.1215425	6	18	0	0.0009626150131225586				
control_vntr_correct	redundancy.kmer_frac_extra	k-mer extra positions (frac)	-1	poa_abpoa_mc	25	0.13916	0.0422	0.20807	0.1522184	25	-0.022360000000000005	-0.08283999999999997	-0.006579999999999999	19	5	1	0.0013997554779052734				
control_vntr_correct	redundancy.kmer_frac_extra	k-mer extra positions (frac)	-1	unit_aware	25	0.22826	0.11683	0.35649	0.2370616	25	0.02872999999999999	-0.01199	0.10614000000000001	8	17	0	0.02027493715286255				
control_vntr_correct	redundancy.kmer_extra_per_kb	k-mer extra positions / kb	-1	mc	25	310.79	90.67	600.86	754.8396												
control_vntr_correct	redundancy.kmer_extra_per_kb	k-mer extra positions / kb	-1	mafft_fftns2	25	527.98	229.17	1977.62	1289.4736	25	51.099999999999994	-6.830000000000002	605.0299999999997	7	16	2	0.006710529327392578				
control_vntr_correct	redundancy.kmer_extra_per_kb	k-mer extra positions / kb	-1	mafft_fftnsi	25	469.02	157.48	1868.71	1146.2404000000001	25	40.05	-6.830000000000002	439.40999999999985	7	16	2	0.013528585433959961				
control_vntr_correct	redundancy.kmer_extra_per_kb	k-mer extra positions / kb	-1	mafft_linsi	20	277.525	69.4825	457.3675	483.52650000000006	20	-15.810000000000002	-33.959999999999994	17.00249999999999	13	7	0	0.2942523956298828				
control_vntr_correct	redundancy.kmer_extra_per_kb	k-mer extra positions / kb	-1	mafft_einsi	18	221.24	61.275	362.2	519.3494444444445	18	-24.205	-108.2975	9.592499999999973	12	5	1	0.17425537109375				
control_vntr_correct	redundancy.kmer_extra_per_kb	k-mer extra positions / kb	-1	mafft_ginsi	18	283.37	93.7775	525.5025	517.4855555555555	18	-15.810000000000002	-29.840000000000003	51.762499999999996	12	6	0	0.44229888916015625				
control_vntr_correct	redundancy.kmer_extra_per_kb	k-mer extra positions / kb	-1	poa_abpoa	25	487.17	86.43	1305.35	811.7164	25	0.0	-23.659999999999997	406.89	12	11	2	0.5803380012512207				
control_vntr_correct	redundancy.kmer_extra_per_kb	k-mer extra positions / kb	-1	poa_spoa	24	609.865	245.08	945.8575	743.0770833333332	24	126.40500000000003	11.7125	342.64500000000004	6	18	0	0.010507822036743164				
control_vntr_correct	redundancy.kmer_extra_per_kb	k-mer extra positions / kb	-1	poa_abpoa_mc	25	283.88	107.68	494.66	510.8024	25	-63.920000000000016	-226.17000000000002	-9.39	19	5	1	0.0020009279251098633				
control_vntr_correct	redundancy.kmer_extra_per_kb	k-mer extra positions / kb	-1	unit_aware	25	516.84	267.92	843.75	852.7528	25	83.77	-44.13000000000001	240.19000000000003	8	17	0	0.10139739513397217				
control_vntr_correct	truth.d_graph_sum	truth edits to best graph path (h1+h2)	-1	mc	0																
control_vntr_correct	truth.d_graph_sum	truth edits to best graph path (h1+h2)	-1	mafft_fftns2	0																
control_vntr_correct	truth.d_graph_sum	truth edits to best graph path (h1+h2)	-1	mafft_fftnsi	0																
control_vntr_correct	truth.d_graph_sum	truth edits to best graph path (h1+h2)	-1	mafft_linsi	0																
control_vntr_correct	truth.d_graph_sum	truth edits to best graph path (h1+h2)	-1	mafft_einsi	0																
control_vntr_correct	truth.d_graph_sum	truth edits to best graph path (h1+h2)	-1	mafft_ginsi	0																
control_vntr_correct	truth.d_graph_sum	truth edits to best graph path (h1+h2)	-1	poa_abpoa	0																
control_vntr_correct	truth.d_graph_sum	truth edits to best graph path (h1+h2)	-1	poa_spoa	0																
control_vntr_correct	truth.d_graph_sum	truth edits to best graph path (h1+h2)	-1	poa_abpoa_mc	0																
control_vntr_correct	truth.d_graph_sum	truth edits to best graph path (h1+h2)	-1	unit_aware	0																
control_vntr_correct	truth.h1_d_graph	truth h1 edits to graph	-1	mc	0																
control_vntr_correct	truth.h1_d_graph	truth h1 edits to graph	-1	mafft_fftns2	0																
control_vntr_correct	truth.h1_d_graph	truth h1 edits to graph	-1	mafft_fftnsi	0																
control_vntr_correct	truth.h1_d_graph	truth h1 edits to graph	-1	mafft_linsi	0																
control_vntr_correct	truth.h1_d_graph	truth h1 edits to graph	-1	mafft_einsi	0																
control_vntr_correct	truth.h1_d_graph	truth h1 edits to graph	-1	mafft_ginsi	0																
control_vntr_correct	truth.h1_d_graph	truth h1 edits to graph	-1	poa_abpoa	0																
control_vntr_correct	truth.h1_d_graph	truth h1 edits to graph	-1	poa_spoa	0																
control_vntr_correct	truth.h1_d_graph	truth h1 edits to graph	-1	poa_abpoa_mc	0																
control_vntr_correct	truth.h1_d_graph	truth h1 edits to graph	-1	unit_aware	0																
control_vntr_correct	truth.h2_d_graph	truth h2 edits to graph	-1	mc	0																
control_vntr_correct	truth.h2_d_graph	truth h2 edits to graph	-1	mafft_fftns2	0																
control_vntr_correct	truth.h2_d_graph	truth h2 edits to graph	-1	mafft_fftnsi	0																
control_vntr_correct	truth.h2_d_graph	truth h2 edits to graph	-1	mafft_linsi	0																
control_vntr_correct	truth.h2_d_graph	truth h2 edits to graph	-1	mafft_einsi	0																
control_vntr_correct	truth.h2_d_graph	truth h2 edits to graph	-1	mafft_ginsi	0																
control_vntr_correct	truth.h2_d_graph	truth h2 edits to graph	-1	poa_abpoa	0																
control_vntr_correct	truth.h2_d_graph	truth h2 edits to graph	-1	poa_spoa	0																
control_vntr_correct	truth.h2_d_graph	truth h2 edits to graph	-1	poa_abpoa_mc	0																
control_vntr_correct	truth.h2_d_graph	truth h2 edits to graph	-1	unit_aware	0																
control_vntr_correct	truth.d_panel_sum	truth edits to closest panel path (h1+h2)	0	mc	0																
control_vntr_correct	truth.d_panel_sum	truth edits to closest panel path (h1+h2)	0	mafft_fftns2	0																
control_vntr_correct	truth.d_panel_sum	truth edits to closest panel path (h1+h2)	0	mafft_fftnsi	0																
control_vntr_correct	truth.d_panel_sum	truth edits to closest panel path (h1+h2)	0	mafft_linsi	0																
control_vntr_correct	truth.d_panel_sum	truth edits to closest panel path (h1+h2)	0	mafft_einsi	0																
control_vntr_correct	truth.d_panel_sum	truth edits to closest panel path (h1+h2)	0	mafft_ginsi	0																
control_vntr_correct	truth.d_panel_sum	truth edits to closest panel path (h1+h2)	0	poa_abpoa	0																
control_vntr_correct	truth.d_panel_sum	truth edits to closest panel path (h1+h2)	0	poa_spoa	0																
control_vntr_correct	truth.d_panel_sum	truth edits to closest panel path (h1+h2)	0	poa_abpoa_mc	0																
control_vntr_correct	truth.d_panel_sum	truth edits to closest panel path (h1+h2)	0	unit_aware	0																
control_vntr_correct	truth.truvari.raw_f1	truth-by-graph truvari F1, raw	1	mc	0																
control_vntr_correct	truth.truvari.raw_f1	truth-by-graph truvari F1, raw	1	mafft_fftns2	0																
control_vntr_correct	truth.truvari.raw_f1	truth-by-graph truvari F1, raw	1	mafft_fftnsi	0																
control_vntr_correct	truth.truvari.raw_f1	truth-by-graph truvari F1, raw	1	mafft_linsi	0																
control_vntr_correct	truth.truvari.raw_f1	truth-by-graph truvari F1, raw	1	mafft_einsi	0																
control_vntr_correct	truth.truvari.raw_f1	truth-by-graph truvari F1, raw	1	mafft_ginsi	0																
control_vntr_correct	truth.truvari.raw_f1	truth-by-graph truvari F1, raw	1	poa_abpoa	0																
control_vntr_correct	truth.truvari.raw_f1	truth-by-graph truvari F1, raw	1	poa_spoa	0																
control_vntr_correct	truth.truvari.raw_f1	truth-by-graph truvari F1, raw	1	poa_abpoa_mc	0																
control_vntr_correct	truth.truvari.raw_f1	truth-by-graph truvari F1, raw	1	unit_aware	0																
control_vntr_correct	truth.truvari.refined_f1	truth-by-graph truvari F1, refined	1	mc	0																
control_vntr_correct	truth.truvari.refined_f1	truth-by-graph truvari F1, refined	1	mafft_fftns2	0																
control_vntr_correct	truth.truvari.refined_f1	truth-by-graph truvari F1, refined	1	mafft_fftnsi	0																
control_vntr_correct	truth.truvari.refined_f1	truth-by-graph truvari F1, refined	1	mafft_linsi	0																
control_vntr_correct	truth.truvari.refined_f1	truth-by-graph truvari F1, refined	1	mafft_einsi	0																
control_vntr_correct	truth.truvari.refined_f1	truth-by-graph truvari F1, refined	1	mafft_ginsi	0																
control_vntr_correct	truth.truvari.refined_f1	truth-by-graph truvari F1, refined	1	poa_abpoa	0																
control_vntr_correct	truth.truvari.refined_f1	truth-by-graph truvari F1, refined	1	poa_spoa	0																
control_vntr_correct	truth.truvari.refined_f1	truth-by-graph truvari F1, refined	1	poa_abpoa_mc	0																
control_vntr_correct	truth.truvari.refined_f1	truth-by-graph truvari F1, refined	1	unit_aware	0																
control_vntr_correct	truth.truvari.phab_f1	truth-by-graph truvari F1, whole-span phab	1	mc	0																
control_vntr_correct	truth.truvari.phab_f1	truth-by-graph truvari F1, whole-span phab	1	mafft_fftns2	0																
control_vntr_correct	truth.truvari.phab_f1	truth-by-graph truvari F1, whole-span phab	1	mafft_fftnsi	0																
control_vntr_correct	truth.truvari.phab_f1	truth-by-graph truvari F1, whole-span phab	1	mafft_linsi	0																
control_vntr_correct	truth.truvari.phab_f1	truth-by-graph truvari F1, whole-span phab	1	mafft_einsi	0																
control_vntr_correct	truth.truvari.phab_f1	truth-by-graph truvari F1, whole-span phab	1	mafft_ginsi	0																
control_vntr_correct	truth.truvari.phab_f1	truth-by-graph truvari F1, whole-span phab	1	poa_abpoa	0																
control_vntr_correct	truth.truvari.phab_f1	truth-by-graph truvari F1, whole-span phab	1	poa_spoa	0																
control_vntr_correct	truth.truvari.phab_f1	truth-by-graph truvari F1, whole-span phab	1	poa_abpoa_mc	0																
control_vntr_correct	truth.truvari.phab_f1	truth-by-graph truvari F1, whole-span phab	1	unit_aware	0																
control_vntr_correct	truth.truvari.records_sv	truth-by-graph SV records	0	mc	0																
control_vntr_correct	truth.truvari.records_sv	truth-by-graph SV records	0	mafft_fftns2	0																
control_vntr_correct	truth.truvari.records_sv	truth-by-graph SV records	0	mafft_fftnsi	0																
control_vntr_correct	truth.truvari.records_sv	truth-by-graph SV records	0	mafft_linsi	0																
control_vntr_correct	truth.truvari.records_sv	truth-by-graph SV records	0	mafft_einsi	0																
control_vntr_correct	truth.truvari.records_sv	truth-by-graph SV records	0	mafft_ginsi	0																
control_vntr_correct	truth.truvari.records_sv	truth-by-graph SV records	0	poa_abpoa	0																
control_vntr_correct	truth.truvari.records_sv	truth-by-graph SV records	0	poa_spoa	0																
control_vntr_correct	truth.truvari.records_sv	truth-by-graph SV records	0	poa_abpoa_mc	0																
control_vntr_correct	truth.truvari.records_sv	truth-by-graph SV records	0	unit_aware	0																
control_vntr_correct	reads.all_unique	reads: unique placement	1	mc	0																
control_vntr_correct	reads.all_unique	reads: unique placement	1	mafft_fftns2	0																
control_vntr_correct	reads.all_unique	reads: unique placement	1	mafft_fftnsi	0																
control_vntr_correct	reads.all_unique	reads: unique placement	1	mafft_linsi	0																
control_vntr_correct	reads.all_unique	reads: unique placement	1	mafft_einsi	0																
control_vntr_correct	reads.all_unique	reads: unique placement	1	mafft_ginsi	0																
control_vntr_correct	reads.all_unique	reads: unique placement	1	poa_abpoa	0																
control_vntr_correct	reads.all_unique	reads: unique placement	1	poa_spoa	0																
control_vntr_correct	reads.all_unique	reads: unique placement	1	poa_abpoa_mc	0																
control_vntr_correct	reads.all_unique	reads: unique placement	1	unit_aware	0																
control_vntr_correct	reads.all_redundant_only	reads: redundant (cross-walk) only	-1	mc	0																
control_vntr_correct	reads.all_redundant_only	reads: redundant (cross-walk) only	-1	mafft_fftns2	0																
control_vntr_correct	reads.all_redundant_only	reads: redundant (cross-walk) only	-1	mafft_fftnsi	0																
control_vntr_correct	reads.all_redundant_only	reads: redundant (cross-walk) only	-1	mafft_linsi	0																
control_vntr_correct	reads.all_redundant_only	reads: redundant (cross-walk) only	-1	mafft_einsi	0																
control_vntr_correct	reads.all_redundant_only	reads: redundant (cross-walk) only	-1	mafft_ginsi	0																
control_vntr_correct	reads.all_redundant_only	reads: redundant (cross-walk) only	-1	poa_abpoa	0																
control_vntr_correct	reads.all_redundant_only	reads: redundant (cross-walk) only	-1	poa_spoa	0																
control_vntr_correct	reads.all_redundant_only	reads: redundant (cross-walk) only	-1	poa_abpoa_mc	0																
control_vntr_correct	reads.all_redundant_only	reads: redundant (cross-walk) only	-1	unit_aware	0																
control_vntr_correct	reads.all_tandem	reads: tandem	0	mc	0																
control_vntr_correct	reads.all_tandem	reads: tandem	0	mafft_fftns2	0																
control_vntr_correct	reads.all_tandem	reads: tandem	0	mafft_fftnsi	0																
control_vntr_correct	reads.all_tandem	reads: tandem	0	mafft_linsi	0																
control_vntr_correct	reads.all_tandem	reads: tandem	0	mafft_einsi	0																
control_vntr_correct	reads.all_tandem	reads: tandem	0	mafft_ginsi	0																
control_vntr_correct	reads.all_tandem	reads: tandem	0	poa_abpoa	0																
control_vntr_correct	reads.all_tandem	reads: tandem	0	poa_spoa	0																
control_vntr_correct	reads.all_tandem	reads: tandem	0	poa_abpoa_mc	0																
control_vntr_correct	reads.all_tandem	reads: tandem	0	unit_aware	0																
control_vntr_correct	reads.all_ratio_mean	reads: placements / max per path	-1	mc	0																
control_vntr_correct	reads.all_ratio_mean	reads: placements / max per path	-1	mafft_fftns2	0																
control_vntr_correct	reads.all_ratio_mean	reads: placements / max per path	-1	mafft_fftnsi	0																
control_vntr_correct	reads.all_ratio_mean	reads: placements / max per path	-1	mafft_linsi	0																
control_vntr_correct	reads.all_ratio_mean	reads: placements / max per path	-1	mafft_einsi	0																
control_vntr_correct	reads.all_ratio_mean	reads: placements / max per path	-1	mafft_ginsi	0																
control_vntr_correct	reads.all_ratio_mean	reads: placements / max per path	-1	poa_abpoa	0																
control_vntr_correct	reads.all_ratio_mean	reads: placements / max per path	-1	poa_spoa	0																
control_vntr_correct	reads.all_ratio_mean	reads: placements / max per path	-1	poa_abpoa_mc	0																
control_vntr_correct	reads.all_ratio_mean	reads: placements / max per path	-1	unit_aware	0																
control_vntr_correct	reads.mqlt5_redundant_only	reads MAPQ<5: redundant only	-1	mc	0																
control_vntr_correct	reads.mqlt5_redundant_only	reads MAPQ<5: redundant only	-1	mafft_fftns2	0																
control_vntr_correct	reads.mqlt5_redundant_only	reads MAPQ<5: redundant only	-1	mafft_fftnsi	0																
control_vntr_correct	reads.mqlt5_redundant_only	reads MAPQ<5: redundant only	-1	mafft_linsi	0																
control_vntr_correct	reads.mqlt5_redundant_only	reads MAPQ<5: redundant only	-1	mafft_einsi	0																
control_vntr_correct	reads.mqlt5_redundant_only	reads MAPQ<5: redundant only	-1	mafft_ginsi	0																
control_vntr_correct	reads.mqlt5_redundant_only	reads MAPQ<5: redundant only	-1	poa_abpoa	0																
control_vntr_correct	reads.mqlt5_redundant_only	reads MAPQ<5: redundant only	-1	poa_spoa	0																
control_vntr_correct	reads.mqlt5_redundant_only	reads MAPQ<5: redundant only	-1	poa_abpoa_mc	0																
control_vntr_correct	reads.mqlt5_redundant_only	reads MAPQ<5: redundant only	-1	unit_aware	0																
control_vntr_correct	reads.mqlt5_ratio_mean	reads MAPQ<5: placements / max per path	-1	mc	0																
control_vntr_correct	reads.mqlt5_ratio_mean	reads MAPQ<5: placements / max per path	-1	mafft_fftns2	0																
control_vntr_correct	reads.mqlt5_ratio_mean	reads MAPQ<5: placements / max per path	-1	mafft_fftnsi	0																
control_vntr_correct	reads.mqlt5_ratio_mean	reads MAPQ<5: placements / max per path	-1	mafft_linsi	0																
control_vntr_correct	reads.mqlt5_ratio_mean	reads MAPQ<5: placements / max per path	-1	mafft_einsi	0																
control_vntr_correct	reads.mqlt5_ratio_mean	reads MAPQ<5: placements / max per path	-1	mafft_ginsi	0																
control_vntr_correct	reads.mqlt5_ratio_mean	reads MAPQ<5: placements / max per path	-1	poa_abpoa	0																
control_vntr_correct	reads.mqlt5_ratio_mean	reads MAPQ<5: placements / max per path	-1	poa_spoa	0																
control_vntr_correct	reads.mqlt5_ratio_mean	reads MAPQ<5: placements / max per path	-1	poa_abpoa_mc	0																
control_vntr_correct	reads.mqlt5_ratio_mean	reads MAPQ<5: placements / max per path	-1	unit_aware	0																
control_vntr_correct	truth.truvari.pooled_raw_f1	pooled truvari F1 raw	1	mc	0													0	0	0	0
control_vntr_correct	truth.truvari.pooled_refined_f1	pooled truvari F1 refined	1	mc	0													0	0	0	0
control_vntr_correct	truth.truvari.pooled_phab_f1	pooled truvari F1 phab	1	mc	0													0	0	0	0
control_vntr_correct	truth.truvari.pooled_raw_f1	pooled truvari F1 raw	1	mafft_fftns2	0													0	0	0	0
control_vntr_correct	truth.truvari.pooled_refined_f1	pooled truvari F1 refined	1	mafft_fftns2	0													0	0	0	0
control_vntr_correct	truth.truvari.pooled_phab_f1	pooled truvari F1 phab	1	mafft_fftns2	0													0	0	0	0
control_vntr_correct	truth.truvari.pooled_raw_f1	pooled truvari F1 raw	1	mafft_fftnsi	0													0	0	0	0
control_vntr_correct	truth.truvari.pooled_refined_f1	pooled truvari F1 refined	1	mafft_fftnsi	0													0	0	0	0
control_vntr_correct	truth.truvari.pooled_phab_f1	pooled truvari F1 phab	1	mafft_fftnsi	0													0	0	0	0
control_vntr_correct	truth.truvari.pooled_raw_f1	pooled truvari F1 raw	1	mafft_linsi	0													0	0	0	0
control_vntr_correct	truth.truvari.pooled_refined_f1	pooled truvari F1 refined	1	mafft_linsi	0													0	0	0	0
control_vntr_correct	truth.truvari.pooled_phab_f1	pooled truvari F1 phab	1	mafft_linsi	0													0	0	0	0
control_vntr_correct	truth.truvari.pooled_raw_f1	pooled truvari F1 raw	1	mafft_einsi	0													0	0	0	0
control_vntr_correct	truth.truvari.pooled_refined_f1	pooled truvari F1 refined	1	mafft_einsi	0													0	0	0	0
control_vntr_correct	truth.truvari.pooled_phab_f1	pooled truvari F1 phab	1	mafft_einsi	0													0	0	0	0
control_vntr_correct	truth.truvari.pooled_raw_f1	pooled truvari F1 raw	1	mafft_ginsi	0													0	0	0	0
control_vntr_correct	truth.truvari.pooled_refined_f1	pooled truvari F1 refined	1	mafft_ginsi	0													0	0	0	0
control_vntr_correct	truth.truvari.pooled_phab_f1	pooled truvari F1 phab	1	mafft_ginsi	0													0	0	0	0
control_vntr_correct	truth.truvari.pooled_raw_f1	pooled truvari F1 raw	1	poa_abpoa	0													0	0	0	0
control_vntr_correct	truth.truvari.pooled_refined_f1	pooled truvari F1 refined	1	poa_abpoa	0													0	0	0	0
control_vntr_correct	truth.truvari.pooled_phab_f1	pooled truvari F1 phab	1	poa_abpoa	0													0	0	0	0
control_vntr_correct	truth.truvari.pooled_raw_f1	pooled truvari F1 raw	1	poa_spoa	0													0	0	0	0
control_vntr_correct	truth.truvari.pooled_refined_f1	pooled truvari F1 refined	1	poa_spoa	0													0	0	0	0
control_vntr_correct	truth.truvari.pooled_phab_f1	pooled truvari F1 phab	1	poa_spoa	0													0	0	0	0
control_vntr_correct	truth.truvari.pooled_raw_f1	pooled truvari F1 raw	1	poa_abpoa_mc	0													0	0	0	0
control_vntr_correct	truth.truvari.pooled_refined_f1	pooled truvari F1 refined	1	poa_abpoa_mc	0													0	0	0	0
control_vntr_correct	truth.truvari.pooled_phab_f1	pooled truvari F1 phab	1	poa_abpoa_mc	0													0	0	0	0
control_vntr_correct	truth.truvari.pooled_raw_f1	pooled truvari F1 raw	1	unit_aware	0													0	0	0	0
control_vntr_correct	truth.truvari.pooled_refined_f1	pooled truvari F1 refined	1	unit_aware	0													0	0	0	0
control_vntr_correct	truth.truvari.pooled_phab_f1	pooled truvari F1 phab	1	unit_aware	0													0	0	0	0
hotspot_other	size.nodes_per_kb	nodes / CHM13 kb	-1	mc	24	874.925	503.09749999999997	1819.8274999999999	1294.1016666666667												
hotspot_other	size.nodes_per_kb	nodes / CHM13 kb	-1	mafft_fftns2	24	1456.9499999999998	846.2524999999999	3063.165	2202.51125	24	665.2900000000001	206.84499999999994	1431.2975	0	24	0	1.1920928955078125e-07				
hotspot_other	size.nodes_per_kb	nodes / CHM13 kb	-1	mafft_fftnsi	17	1108.9	722.8	1555.81	1436.4076470588236	17	343.35	168.44000000000005	641.83	0	17	0	1.52587890625e-05				
hotspot_other	size.nodes_per_kb	nodes / CHM13 kb	-1	mafft_linsi	6	1062.785	691.6225000000001	1228.8075	1122.6233333333332	6	215.42499999999995	59.922499999999964	255.13500000000002	1	5	0	0.09375				
hotspot_other	size.nodes_per_kb	nodes / CHM13 kb	-1	mafft_einsi	4	803.585	486.7525	1426.0774999999999	1109.2450000000001	4	135.42500000000007	34.98250000000011	273.67999999999995	0	4	0	0.125				
hotspot_other	size.nodes_per_kb	nodes / CHM13 kb	-1	mafft_ginsi	4	851.6999999999999	500.26	1473.61	1122.17	4	136.29499999999996	12.755000000000045	309.70249999999993	0	4	0	0.125				
hotspot_other	size.nodes_per_kb	nodes / CHM13 kb	-1	poa_abpoa	23	884.44	693.585	1585.325	1171.5960869565217	23	3.0300000000000296	-104.32499999999993	136.85500000000002	11	12	0	1.0				
hotspot_other	size.nodes_per_kb	nodes / CHM13 kb	-1	poa_spoa	22	1005.2950000000001	788.595	1595.0674999999999	1246.9718181818182	22	125.81000000000006	10.649999999999991	201.40750000000014	5	17	0	0.032894134521484375				
hotspot_other	size.nodes_per_kb	nodes / CHM13 kb	-1	poa_abpoa_mc	24	974.38	646.3775	2017.7675000000002	1388.5629166666668	24	17.750000000000057	-59.50499999999994	92.90000000000009	10	14	0	0.5270590782165527				
hotspot_other	size.nodes_per_kb	nodes / CHM13 kb	-1	unit_aware	24	1462.495	1146.1074999999998	2520.9625	1910.3933333333334	24	616.47	303.03499999999997	768.4024999999999	1	23	0	2.384185791015625e-07				
hotspot_other	size.node_len_mean	mean node bp	1	mc	24	4.254	3.5755	5.579000000000001	4.973208333333333												
hotspot_other	size.node_len_mean	mean node bp	1	mafft_fftns2	24	3.8315	3.37275	5.43175	4.383166666666667	24	0.07850000000000001	-0.6497500000000003	0.39449999999999996	13	11	0	0.7898378372192383				
hotspot_other	size.node_len_mean	mean node bp	1	mafft_fftnsi	17	3.603	2.939	4.662	3.9146470588235296	17	-0.3780000000000001	-1.1600000000000001	0.11800000000000033	5	12	0	0.035888671875				
hotspot_other	size.node_len_mean	mean node bp	1	mafft_linsi	6	2.8165	2.43825	3.80075	3.3714999999999997	6	-1.6099999999999999	-1.838	-1.3594999999999997	0	6	0	0.03125				
hotspot_other	size.node_len_mean	mean node bp	1	mafft_einsi	4	6.695	5.42075	8.44925	7.175	4	1.0245000000000002	0.6567500000000004	1.7425	4	0	0	0.125				
hotspot_other	size.node_len_mean	mean node bp	1	mafft_ginsi	4	3.3935000000000004	2.599	4.67675	3.88225	4	-1.8124999999999998	-2.0515	-1.6789999999999996	0	4	0	0.125				
hotspot_other	size.node_len_mean	mean node bp	1	poa_abpoa	23	2.375	1.9725000000000001	2.678	2.827913043478261	23	-1.656	-2.488	-1.0255	0	23	0	2.384185791015625e-07				
hotspot_other	size.node_len_mean	mean node bp	1	poa_spoa	22	1.9665	1.7405	2.64225	2.5132727272727275	22	-1.811	-2.65425	-1.26275	0	22	0	4.76837158203125e-07				
hotspot_other	size.node_len_mean	mean node bp	1	poa_abpoa_mc	24	2.5425	2.0675	3.1855	3.157166666666667	24	-1.4825	-1.9125	-0.8804999999999994	0	24	0	1.1920928955078125e-07				
hotspot_other	size.node_len_mean	mean node bp	1	unit_aware	24	1.746	1.55025	2.1075	2.0056249999999998	24	-2.5435	-3.1839999999999997	-1.788	0	24	0	1.1920928955078125e-07				
hotspot_other	size.node_len_median	median node bp	1	mc	24	1.0	1.0	1.0	1.1666666666666667												
hotspot_other	size.node_len_median	median node bp	1	mafft_fftns2	24	1.0	1.0	1.0	1.0	24	0.0	0.0	0.0	0	4	20	0.125				
hotspot_other	size.node_len_median	median node bp	1	mafft_fftnsi	17	1.0	1.0	1.0	1.0	17	0.0	0.0	0.0	0	3	14	0.25				
hotspot_other	size.node_len_median	median node bp	1	mafft_linsi	6	1.0	1.0	1.0	1.0	6	0.0	0.0	0.0	0	1	5	1.0				
hotspot_other	size.node_len_median	median node bp	1	mafft_einsi	4	1.0	1.0	1.25	1.25	4	0.0	-0.25	0.25	1	1	2	1.0				
hotspot_other	size.node_len_median	median node bp	1	mafft_ginsi	4	1.0	1.0	1.0	1.0	4	0.0	-0.25	0.0	0	1	3	1.0				
hotspot_other	size.node_len_median	median node bp	1	poa_abpoa	23	1.0	1.0	1.0	1.0	23	0.0	0.0	0.0	0	4	19	0.125				
hotspot_other	size.node_len_median	median node bp	1	poa_spoa	22	1.0	1.0	1.0	1.0	22	0.0	0.0	0.0	0	4	18	0.125				
hotspot_other	size.node_len_median	median node bp	1	poa_abpoa_mc	24	1.0	1.0	1.0	1.0	24	0.0	0.0	0.0	0	4	20	0.125				
hotspot_other	size.node_len_median	median node bp	1	unit_aware	24	1.0	1.0	1.0	1.0	24	0.0	0.0	0.0	0	4	20	0.125				
hotspot_other	size.node_frac_1bp	frac 1-bp nodes	-1	mc	24	0.58745	0.527825	0.6455000000000001	0.5856458333333333												
hotspot_other	size.node_frac_1bp	frac 1-bp nodes	-1	mafft_fftns2	24	0.7288	0.664725	0.7768499999999999	0.7118416666666666	24	0.11349999999999993	0.07367500000000002	0.17167499999999997	1	23	0	3.5762786865234375e-07				
hotspot_other	size.node_frac_1bp	frac 1-bp nodes	-1	mafft_fftnsi	17	0.7115	0.649	0.7756	0.7098764705882353	17	0.13280000000000003	0.0686000000000001	0.1604	1	16	0	3.0517578125e-05				
hotspot_other	size.node_frac_1bp	frac 1-bp nodes	-1	mafft_linsi	6	0.73265	0.645775	0.775275	0.7128333333333333	6	0.14619999999999997	0.10157500000000004	0.16360000000000002	0	6	0	0.03125				
hotspot_other	size.node_frac_1bp	frac 1-bp nodes	-1	mafft_einsi	4	0.6384000000000001	0.58	0.676725	0.618325	4	0.11399999999999999	0.07445	0.11772499999999998	1	3	0	0.25				
hotspot_other	size.node_frac_1bp	frac 1-bp nodes	-1	mafft_ginsi	4	0.67045	0.6106	0.7260500000000001	0.6662	4	0.15329999999999996	0.11607499999999997	0.163275	0	4	0	0.125				
hotspot_other	size.node_frac_1bp	frac 1-bp nodes	-1	poa_abpoa	23	0.7481	0.68235	0.8070999999999999	0.7296695652173912	23	0.14539999999999997	0.11515	0.17145	0	23	0	2.384185791015625e-07				
hotspot_other	size.node_frac_1bp	frac 1-bp nodes	-1	poa_spoa	22	0.7786	0.70675	0.8287249999999999	0.7579090909090909	22	0.16965000000000002	0.12714999999999996	0.22322500000000003	0	22	0	4.76837158203125e-07				
hotspot_other	size.node_frac_1bp	frac 1-bp nodes	-1	poa_abpoa_mc	24	0.76235	0.660925	0.816625	0.7340583333333334	24	0.14615	0.10537500000000001	0.19782499999999997	0	24	0	1.1920928955078125e-07				
hotspot_other	size.node_frac_1bp	frac 1-bp nodes	-1	unit_aware	24	0.83625	0.76665	0.85425	0.7909416666666665	24	0.22215000000000001	0.133675	0.25805	0	24	0	1.1920928955078125e-07				
hotspot_other	size.edges_per_kb	edges / CHM13 kb	-1	mc	24	1297.995	752.0174999999999	2747.0525	1949.1125												
hotspot_other	size.edges_per_kb	edges / CHM13 kb	-1	mafft_fftns2	24	2406.14	1318.5025	5286.8175	3709.683333333333	24	1200.15	494.4375000000001	2733.2025	0	24	0	1.1920928955078125e-07				
hotspot_other	size.edges_per_kb	edges / CHM13 kb	-1	mafft_fftnsi	17	1788.84	1123.47	2649.08	2345.7094117647057	17	795.5	296.58	1083.6599999999999	0	17	0	1.52587890625e-05				
hotspot_other	size.edges_per_kb	edges / CHM13 kb	-1	mafft_linsi	6	1607.0100000000002	1016.2574999999999	1857.2625	1728.0433333333333	6	363.75	287.65250000000003	426.15999999999997	0	6	0	0.03125				
hotspot_other	size.edges_per_kb	edges / CHM13 kb	-1	mafft_einsi	4	1226.375	735.4175	2243.9325	1752.975	4	350.57500000000005	282.2425	413.725	0	4	0	0.125				
hotspot_other	size.edges_per_kb	edges / CHM13 kb	-1	mafft_ginsi	4	1294.72	738.5124999999999	2314.25	1758.0425	4	344.875	241.245	454.0899999999999	0	4	0	0.125				
hotspot_other	size.edges_per_kb	edges / CHM13 kb	-1	poa_abpoa	23	1345.5	1079.33	2619.225	1849.764782608696	23	80.11000000000001	-97.41000000000003	298.70000000000005	8	15	0	0.3294053077697754				
hotspot_other	size.edges_per_kb	edges / CHM13 kb	-1	poa_spoa	22	1587.38	1301.705	2728.435	2063.2722727272726	22	323.85	99.6549999999998	554.3674999999998	2	20	0	4.1961669921875e-05				
hotspot_other	size.edges_per_kb	edges / CHM13 kb	-1	poa_abpoa_mc	24	1469.6399999999999	973.73	3180.565	2095.5075	24	21.110000000000014	-42.78749999999974	110.57749999999993	9	15	0	0.22918963432312012				
hotspot_other	size.edges_per_kb	edges / CHM13 kb	-1	unit_aware	24	2557.545	1909.4524999999999	4316.43	3372.9166666666665	24	1314.6299999999999	642.35	1800.2875	0	24	0	1.1920928955078125e-07				
hotspot_other	size.bubbles	top-level bubbles	0	mc	24	23.0	16.75	29.0	29.5												
hotspot_other	size.bubbles	top-level bubbles	0	mafft_fftns2	24	23.0	17.5	32.25	26.5	24	-1.0	-7.25	8.25			1	0.7823681831359863				
hotspot_other	size.bubbles	top-level bubbles	0	mafft_fftnsi	17	24.0	17.0	30.0	26.235294117647058	17	-2.0	-9.0	5.0			1	0.47088623046875				
hotspot_other	size.bubbles	top-level bubbles	0	mafft_linsi	6	18.5	11.75	20.0	20.666666666666668	6	-1.0	-2.75	1.5			1	0.875				
hotspot_other	size.bubbles	top-level bubbles	0	mafft_einsi	4	17.0	12.0	21.75	16.75	4	-3.0	-7.0	-0.25			0	0.625				
hotspot_other	size.bubbles	top-level bubbles	0	mafft_ginsi	4	17.0	13.5	19.25	15.75	4	-4.0	-6.25	-3.0			1	0.25				
hotspot_other	size.bubbles	top-level bubbles	0	poa_abpoa	23	104.0	62.5	144.5	105.65217391304348	23	64.0	35.0	97.5			0	2.384185791015625e-07				
hotspot_other	size.bubbles	top-level bubbles	0	poa_spoa	22	107.0	71.0	170.75	124.0	22	75.5	37.0	135.0			0	4.76837158203125e-07				
hotspot_other	size.bubbles	top-level bubbles	0	poa_abpoa_mc	24	32.5	18.0	66.5	44.041666666666664	24	9.0	0.75	21.0			2	0.000415802001953125				
hotspot_other	size.bubbles	top-level bubbles	0	unit_aware	24	85.5	57.5	149.25	100.875	24	69.0	25.5	109.25			1	2.384185791015625e-07				
hotspot_other	size.largest_bubble_alleles	alleles, largest bubble	0	mc	24	245.0	191.0	351.5	257.625												
hotspot_other	size.largest_bubble_alleles	alleles, largest bubble	0	mafft_fftns2	24	247.0	212.5	370.25	278.5833333333333	24	9.0	1.0	23.5			2	0.0004444122314453125				
hotspot_other	size.largest_bubble_alleles	alleles, largest bubble	0	mafft_fftnsi	17	239.0	205.0	263.0	250.0	17	12.0	1.0	23.0			0	0.0096588134765625				
hotspot_other	size.largest_bubble_alleles	alleles, largest bubble	0	mafft_linsi	6	173.0	142.0	196.5	168.66666666666666	6	6.0	1.25	10.75			1	0.1875				
hotspot_other	size.largest_bubble_alleles	alleles, largest bubble	0	mafft_einsi	4	187.5	152.0	214.0	178.5	4	23.0	17.0	26.25			0	0.125				
hotspot_other	size.largest_bubble_alleles	alleles, largest bubble	0	mafft_ginsi	4	179.0	138.75	212.5	172.25	4	9.5	6.75	16.75			0	0.125				
hotspot_other	size.largest_bubble_alleles	alleles, largest bubble	0	poa_abpoa	23	191.0	96.0	285.5	193.3913043478261	23	-66.0	-109.5	-13.5			0	0.0001227855682373047				
hotspot_other	size.largest_bubble_alleles	alleles, largest bubble	0	poa_spoa	22	117.5	56.5	292.5	166.22727272727272	22	-83.5	-146.5	-29.5			0	1.5735626220703125e-05				
hotspot_other	size.largest_bubble_alleles	alleles, largest bubble	0	poa_abpoa_mc	24	211.5	142.25	346.0	233.25	24	-9.5	-35.5	0.0			4	0.00499725341796875				
hotspot_other	size.largest_bubble_alleles	alleles, largest bubble	0	unit_aware	24	161.0	65.75	278.0	176.25	24	-51.5	-144.25	-12.25			0	9.894371032714844e-06				
hotspot_other	size.distinct_walks	distinct walks	0	mc	24	280.5	226.25	370.25	287.3333333333333												
hotspot_other	size.distinct_walks	distinct walks	0	mafft_fftns2	24	280.5	226.25	370.25	287.3333333333333	24	0.0	0.0	0.0			24					
hotspot_other	size.distinct_walks	distinct walks	0	mafft_fftnsi	17	247.0	209.0	290.0	260.7647058823529	17	0.0	0.0	0.0			17					
hotspot_other	size.distinct_walks	distinct walks	0	mafft_linsi	6	184.5	152.75	206.5	181.0	6	0.0	0.0	0.0			6					
hotspot_other	size.distinct_walks	distinct walks	0	mafft_einsi	4	189.5	156.0	218.5	185.0	4	0.0	0.0	0.0			4					
hotspot_other	size.distinct_walks	distinct walks	0	mafft_ginsi	4	189.5	156.0	218.5	185.0	4	0.0	0.0	0.0			4					
hotspot_other	size.distinct_walks	distinct walks	0	poa_abpoa	23	281.0	236.0	371.5	293.0869565217391	23	0.0	0.0	0.0			23					
hotspot_other	size.distinct_walks	distinct walks	0	poa_spoa	22	280.5	234.0	366.5	289.40909090909093	22	0.0	0.0	0.0			22					
hotspot_other	size.distinct_walks	distinct walks	0	poa_abpoa_mc	24	280.5	226.25	370.25	287.3333333333333	24	0.0	0.0	0.0			24					
hotspot_other	size.distinct_walks	distinct walks	0	unit_aware	24	280.5	226.25	370.25	287.3333333333333	24	0.0	0.0	0.0			24					
hotspot_other	alignment.all_cost_over_opt	cost/opt, all pairs	-1	mc	24	1.4267	1.2585	1.757625	1.5645458333333335												
hotspot_other	alignment.all_cost_over_opt	cost/opt, all pairs	-1	mafft_fftns2	24	1.27515	1.177	1.548675	1.3976958333333334	24	-0.12795	-0.24482500000000001	-0.06467500000000004	20	4	0	0.00020515918731689453				
hotspot_other	alignment.all_cost_over_opt	cost/opt, all pairs	-1	mafft_fftnsi	17	1.2509	1.1748	1.5707	1.3989470588235293	17	-0.2096	-0.35420000000000007	-0.11399999999999988	16	1	0	0.001678466796875				
hotspot_other	alignment.all_cost_over_opt	cost/opt, all pairs	-1	mafft_linsi	6	1.1335000000000002	1.07835	1.1672	1.1383666666666665	6	-0.15634999999999988	-0.22210000000000002	-0.12412499999999987	6	0	0	0.03125				
hotspot_other	alignment.all_cost_over_opt	cost/opt, all pairs	-1	mafft_einsi	4	1.1921	1.130875	1.324975	1.26375	4	-0.007200000000000095	-0.03589999999999999	0.01382499999999992	2	2	0	0.625				
hotspot_other	alignment.all_cost_over_opt	cost/opt, all pairs	-1	mafft_ginsi	4	1.0878999999999999	1.063475	1.146075	1.12165	4	-0.13014999999999988	-0.17304999999999987	-0.11407499999999998	4	0	0	0.125				
hotspot_other	alignment.all_cost_over_opt	cost/opt, all pairs	-1	poa_abpoa	23	1.2054	1.1358	1.2993000000000001	1.2447391304347826	23	-0.26660000000000017	-0.4878	-0.17680000000000007	22	1	0	4.76837158203125e-07				
hotspot_other	alignment.all_cost_over_opt	cost/opt, all pairs	-1	poa_spoa	22	1.1826500000000002	1.108825	1.280125	1.2289863636363636	22	-0.28635	-0.5158750000000001	-0.22505000000000008	22	0	0	4.76837158203125e-07				
hotspot_other	alignment.all_cost_over_opt	cost/opt, all pairs	-1	poa_abpoa_mc	24	1.3241	1.1583999999999999	1.60165	1.4099083333333333	24	-0.12335000000000007	-0.25472500000000003	-0.04069999999999996	20	4	0	0.0031430721282958984				
hotspot_other	alignment.all_cost_over_opt	cost/opt, all pairs	-1	unit_aware	24	1.06325	1.0422500000000001	1.1178	1.0787208333333334	24	-0.37675000000000003	-0.63625	-0.22845	24	0	0	1.1920928955078125e-07				
hotspot_other	alignment.all_pair_ratio_median	cost/opt, median pair	-1	mc	24	1.3771	1.17175	1.8059500000000002	1.5098												
hotspot_other	alignment.all_pair_ratio_median	cost/opt, median pair	-1	mafft_fftns2	24	1.21155	1.1107749999999998	1.463225	1.3526958333333334	24	-0.1290500000000001	-0.23900000000000005	-0.007575000000000054	19	5	0	0.002245783805847168				
hotspot_other	alignment.all_pair_ratio_median	cost/opt, median pair	-1	mafft_fftnsi	17	1.2063	1.119	1.4023	1.3474764705882354	17	-0.1956	-0.4586000000000001	-0.055600000000000094	15	2	0	0.0031585693359375				
hotspot_other	alignment.all_pair_ratio_median	cost/opt, median pair	-1	mafft_linsi	6	1.07285	1.054475	1.103075	1.0856166666666667	6	-0.1279499999999999	-0.15722500000000006	-0.0714499999999999	6	0	0	0.03125				
hotspot_other	alignment.all_pair_ratio_median	cost/opt, median pair	-1	mafft_einsi	4	1.10935	1.05295	1.2190249999999998	1.162625	4	-0.029000000000000026	-0.06577499999999997	-0.01072500000000004	4	0	0	0.125				
hotspot_other	alignment.all_pair_ratio_median	cost/opt, median pair	-1	mafft_ginsi	4	1.05495	1.039825	1.0941750000000001	1.07905	4	-0.08339999999999992	-0.1739	-0.04057499999999986	4	0	0	0.125				
hotspot_other	alignment.all_pair_ratio_median	cost/opt, median pair	-1	poa_abpoa	23	1.2161	1.1084	1.33795	1.254591304347826	23	-0.16280000000000006	-0.4425000000000001	-0.06630000000000003	19	4	0	2.09808349609375e-05				
hotspot_other	alignment.all_pair_ratio_median	cost/opt, median pair	-1	poa_spoa	22	1.19895	1.114975	1.30105	1.2445818181818182	22	-0.1926000000000001	-0.518575	-0.08007500000000001	21	1	0	4.76837158203125e-06				
hotspot_other	alignment.all_pair_ratio_median	cost/opt, median pair	-1	poa_abpoa_mc	24	1.28465	1.12405	1.5368249999999999	1.3916583333333332	24	-0.08429999999999993	-0.20397500000000007	-0.0024999999999999467	18	6	0	0.012604832649230957				
hotspot_other	alignment.all_pair_ratio_median	cost/opt, median pair	-1	unit_aware	24	1.0688	1.0326	1.104775	1.0733333333333333	24	-0.2943	-0.6742250000000001	-0.1255249999999999	23	1	0	2.384185791015625e-07				
hotspot_other	alignment.all_excess_per_kb	excess edits / kb	-1	mc	24	107.41	86.16	163.74	128.04541666666668												
hotspot_other	alignment.all_excess_per_kb	excess edits / kb	-1	mafft_fftns2	24	74.755	48.89	104.915	83.38583333333334	24	-41.019999999999996	-72.45	-18.725	20	4	0	0.00020515918731689453				
hotspot_other	alignment.all_excess_per_kb	excess edits / kb	-1	mafft_fftnsi	17	60.06	44.08	71.09	64.08941176470589	17	-46.669999999999995	-77.34	-22.790000000000006	16	1	0	0.001068115234375				
hotspot_other	alignment.all_excess_per_kb	excess edits / kb	-1	mafft_linsi	6	33.6	24.0825	42.2475	36.37166666666666	6	-44.475	-51.277499999999996	-34.192499999999995	6	0	0	0.03125				
hotspot_other	alignment.all_excess_per_kb	excess edits / kb	-1	mafft_einsi	4	56.385000000000005	43.010000000000005	69.76	56.385000000000005	4	-1.449999999999994	-10.322499999999998	2.7150000000000105	2	2	0	0.875				
hotspot_other	alignment.all_excess_per_kb	excess edits / kb	-1	mafft_ginsi	4	23.345	17.7225	30.98	25.3575	4	-37.589999999999996	-47.33749999999999	-27.437499999999996	4	0	0	0.125				
hotspot_other	alignment.all_excess_per_kb	excess edits / kb	-1	poa_abpoa	23	46.9	35.95	71.225	52.117826086956526	23	-61.870000000000005	-106.18	-46.66499999999999	22	1	0	4.76837158203125e-07				
hotspot_other	alignment.all_excess_per_kb	excess edits / kb	-1	poa_spoa	22	45.260000000000005	26.3675	56.457499999999996	46.376363636363635	22	-61.595	-102.1725	-51.55499999999999	22	0	0	4.76837158203125e-07				
hotspot_other	alignment.all_excess_per_kb	excess edits / kb	-1	poa_abpoa_mc	24	77.64	54.64	120.815	92.53083333333335	24	-30.90500000000001	-58.9525	-12.992499999999998	20	4	0	0.0006498098373413086				
hotspot_other	alignment.all_excess_per_kb	excess edits / kb	-1	unit_aware	24	16.18	10.815	21.625	17.850416666666668	24	-90.54499999999999	-140.6625	-70.45750000000001	24	0	0	1.1920928955078125e-07				
hotspot_other	alignment.all_frac_pairs_optimal	frac pairs optimal	1	mc	24	0.02355	0.009625	0.0509	0.051725												
hotspot_other	alignment.all_frac_pairs_optimal	frac pairs optimal	1	mafft_fftns2	24	0.0218	0.0024749999999999998	0.07719999999999999	0.05303333333333333	24	0.0	-0.017625000000000016	0.007624999999999998	11	11	2	1.0				
hotspot_other	alignment.all_frac_pairs_optimal	frac pairs optimal	1	mafft_fftnsi	17	0.057	0.0067	0.0949	0.0698	17	0.0067	-0.007000000000000006	0.0471	9	7	1	0.252227783203125				
hotspot_other	alignment.all_frac_pairs_optimal	frac pairs optimal	1	mafft_linsi	6	0.07	0.0555	0.08825	0.12165	6	0.027950000000000006	0.016649999999999998	0.03955	5	1	0	0.4375				
hotspot_other	alignment.all_frac_pairs_optimal	frac pairs optimal	1	mafft_einsi	4	0.10785	0.094775	0.197475	0.1844	4	0.07415	0.06044999999999998	0.08232500000000001	4	0	0	0.125				
hotspot_other	alignment.all_frac_pairs_optimal	frac pairs optimal	1	mafft_ginsi	4	0.08605	0.074	0.1674	0.15535000000000002	4	0.03865000000000001	0.03065000000000001	0.047575000000000006	4	0	0	0.125				
hotspot_other	alignment.all_frac_pairs_optimal	frac pairs optimal	1	poa_abpoa	23	0.0102	0.0033	0.0258	0.024004347826086958	23	-0.006699999999999999	-0.024200000000000003	0.0	3	15	5	0.0068206787109375				
hotspot_other	alignment.all_frac_pairs_optimal	frac pairs optimal	1	poa_spoa	22	0.01015	0.0	0.024149999999999998	0.025822727272727275	22	-0.011699999999999999	-0.032225000000000004	0.0	3	15	4	0.0028076171875				
hotspot_other	alignment.all_frac_pairs_optimal	frac pairs optimal	1	poa_abpoa_mc	24	0.0194	0.0033	0.044725	0.0407125	24	-0.005050000000000002	-0.015349999999999999	0.003325	7	14	3	0.03422260284423828				
hotspot_other	alignment.all_frac_pairs_optimal	frac pairs optimal	1	unit_aware	24	0.041550000000000004	0.010475	0.10492499999999999	0.06075	24	0.0017000000000000001	-0.005175000000000001	0.018850000000000002	12	7	5	0.307586669921875				
hotspot_other	alignment.ref_cost_over_opt	cost/opt vs CHM13	-1	mc	24	1.45875	1.2012	1.9092	1.6702833333333331												
hotspot_other	alignment.ref_cost_over_opt	cost/opt vs CHM13	-1	mafft_fftns2	24	1.2557999999999998	1.15815	1.46275	1.3815291666666667	24	-0.21840000000000004	-0.48587500000000006	-0.03107500000000002	18	6	0	0.00027811527252197266				
hotspot_other	alignment.ref_cost_over_opt	cost/opt vs CHM13	-1	mafft_fftnsi	17	1.2296	1.1515	1.7114	1.4129176470588236	17	-0.32909999999999995	-0.6443000000000001	-0.05669999999999997	14	3	0	0.0006561279296875				
hotspot_other	alignment.ref_cost_over_opt	cost/opt vs CHM13	-1	mafft_linsi	6	1.1235	1.0564500000000001	1.234275	1.17685	6	-0.19835000000000003	-0.2784000000000001	-0.10329999999999995	6	0	0	0.03125				
hotspot_other	alignment.ref_cost_over_opt	cost/opt vs CHM13	-1	mafft_einsi	4	1.14425	1.119075	1.3804750000000001	1.3553	4	-0.011099999999999999	-0.12492500000000001	0.09109999999999996	2	2	0	0.875				
hotspot_other	alignment.ref_cost_over_opt	cost/opt vs CHM13	-1	mafft_ginsi	4	1.0532	1.046025	1.219175	1.212	4	-0.07650000000000012	-0.16917500000000008	-0.07335000000000008	4	0	0	0.125				
hotspot_other	alignment.ref_cost_over_opt	cost/opt vs CHM13	-1	poa_abpoa	23	1.1635	1.0937000000000001	1.2963	1.2388260869565217	23	-0.3595999999999999	-0.5835000000000001	-0.12735000000000007	23	0	0	2.384185791015625e-07				
hotspot_other	alignment.ref_cost_over_opt	cost/opt vs CHM13	-1	poa_spoa	22	1.15635	1.081475	1.291575	1.2308045454545455	22	-0.36985	-0.60745	-0.1205	22	0	0	4.76837158203125e-07				
hotspot_other	alignment.ref_cost_over_opt	cost/opt vs CHM13	-1	poa_abpoa_mc	24	1.2132	1.129025	1.519475	1.3835375	24	-0.13770000000000016	-0.37605000000000005	-0.0484750000000001	21	3	0	5.125999450683594e-06				
hotspot_other	alignment.ref_cost_over_opt	cost/opt vs CHM13	-1	unit_aware	24	1.0586	1.034325	1.08985	1.075125	24	-0.4241499999999999	-0.8276000000000001	-0.16619999999999996	24	0	0	1.1920928955078125e-07				
hotspot_other	alignment.affine_all_cost_over_opt	affine cost/opt, all	-1	mc	24	1.4151	1.2898	1.65805	1.4853958333333335												
hotspot_other	alignment.affine_all_cost_over_opt	affine cost/opt, all	-1	mafft_fftns2	24	1.27195	1.17755	1.451	1.3495208333333333	24	-0.12139999999999995	-0.18385000000000012	-0.06959999999999994	21	3	0	0.00027811527252197266				
hotspot_other	alignment.affine_all_cost_over_opt	affine cost/opt, all	-1	mafft_fftnsi	17	1.247	1.1803	1.3862	1.3339	17	-0.18320000000000003	-0.2882	-0.10360000000000014	16	1	0	0.0020904541015625				
hotspot_other	alignment.affine_all_cost_over_opt	affine cost/opt, all	-1	mafft_linsi	6	1.12845	1.071325	1.169675	1.1346666666666667	6	-0.1694	-0.20387500000000008	-0.16004999999999997	6	0	0	0.03125				
hotspot_other	alignment.affine_all_cost_over_opt	affine cost/opt, all	-1	mafft_einsi	4	1.1686999999999999	1.123975	1.2826499999999998	1.237925	4	-0.05669999999999997	-0.07227499999999998	-0.049375	4	0	0	0.125				
hotspot_other	alignment.affine_all_cost_over_opt	affine cost/opt, all	-1	mafft_ginsi	4	1.0769	1.062825	1.1269	1.112825	4	-0.1675000000000001	-0.21107500000000012	-0.14647500000000002	4	0	0	0.125				
hotspot_other	alignment.affine_all_cost_over_opt	affine cost/opt, all	-1	poa_abpoa	23	1.3821	1.28235	1.5385499999999999	1.4285217391304348	23	-0.07579999999999987	-0.1673499999999999	0.0736	16	7	0	0.16010499000549316				
hotspot_other	alignment.affine_all_cost_over_opt	affine cost/opt, all	-1	poa_spoa	22	1.4699	1.365575	1.615625	1.51225	22	-0.0021999999999998687	-0.16172500000000006	0.16254999999999997	11	11	0	0.898735523223877				
hotspot_other	alignment.affine_all_cost_over_opt	affine cost/opt, all	-1	poa_abpoa_mc	24	1.3197999999999999	1.2154	1.4443000000000001	1.3785125	24	-0.08005000000000007	-0.20585000000000003	-0.020900000000000085	19	5	0	0.015044927597045898				
hotspot_other	alignment.affine_all_cost_over_opt	affine cost/opt, all	-1	unit_aware	24	1.27265	1.1383750000000001	1.3452250000000001	1.2796958333333335	24	-0.15834999999999988	-0.285475	-0.08057500000000001	21	3	0	1.3113021850585938e-05				
hotspot_other	alignment.affine_ref_cost_over_opt	affine cost/opt vs CHM13	-1	mc	24	1.4579499999999999	1.256725	1.80295	1.5673166666666667												
hotspot_other	alignment.affine_ref_cost_over_opt	affine cost/opt vs CHM13	-1	mafft_fftns2	24	1.2602	1.1652500000000001	1.425875	1.331375	24	-0.16535	-0.34305000000000013	-0.06212500000000004	20	4	0	3.6597251892089844e-05				
hotspot_other	alignment.affine_ref_cost_over_opt	affine cost/opt vs CHM13	-1	mafft_fftnsi	17	1.2356	1.1706	1.3968	1.3345588235294117	17	-0.29479999999999995	-0.40900000000000003	-0.12829999999999986	14	3	0	0.000213623046875				
hotspot_other	alignment.affine_ref_cost_over_opt	affine cost/opt vs CHM13	-1	mafft_linsi	6	1.1376499999999998	1.067525	1.256525	1.1830666666666667	6	-0.15465000000000007	-0.27987500000000004	-0.13292500000000002	6	0	0	0.03125				
hotspot_other	alignment.affine_ref_cost_over_opt	affine cost/opt vs CHM13	-1	mafft_einsi	4	1.14025	1.118325	1.3348499999999999	1.312925	4	-0.08219999999999994	-0.18529999999999996	0.006750000000000034	3	1	0	0.375				
hotspot_other	alignment.affine_ref_cost_over_opt	affine cost/opt vs CHM13	-1	mafft_ginsi	4	1.0643	1.0552000000000001	1.199975	1.1908750000000001	4	-0.15895000000000004	-0.23330000000000006	-0.1440499999999999	4	0	0	0.125				
hotspot_other	alignment.affine_ref_cost_over_opt	affine cost/opt vs CHM13	-1	poa_abpoa	23	1.3095	1.2492	1.508	1.4172347826086957	23	-0.11319999999999997	-0.2695000000000001	0.013600000000000168	16	7	0	0.04152512550354004				
hotspot_other	alignment.affine_ref_cost_over_opt	affine cost/opt vs CHM13	-1	poa_spoa	22	1.43665	1.32765	1.550525	1.5074636363636364	22	0.01815	-0.20415000000000005	0.135025	10	12	0	0.774528980255127				
hotspot_other	alignment.affine_ref_cost_over_opt	affine cost/opt vs CHM13	-1	poa_abpoa_mc	24	1.2435999999999998	1.2003750000000002	1.4873750000000001	1.3543874999999999	24	-0.08349999999999991	-0.3039	-0.007149999999999879	18	6	0	0.0001270771026611328				
hotspot_other	alignment.affine_ref_cost_over_opt	affine cost/opt vs CHM13	-1	unit_aware	24	1.2467	1.1674	1.3486500000000001	1.2706416666666667	24	-0.26725	-0.4305500000000001	-0.0417499999999999	19	5	0	0.00017547607421875				
hotspot_other	alignment.affine_all_excess_per_kb	affine excess / kb	-1	mc	24	247.82	202.7775	356.27250000000004	276.205												
hotspot_other	alignment.affine_all_excess_per_kb	affine excess / kb	-1	mafft_fftns2	24	157.33499999999998	105.4625	231.16250000000002	184.15374999999997	24	-77.97500000000002	-148.175	-39.3875	21	3	0	6.389617919921875e-05				
hotspot_other	alignment.affine_all_excess_per_kb	affine excess / kb	-1	mafft_fftnsi	17	104.99	95.65	170.62	139.25529411764705	17	-111.67999999999999	-166.78999999999996	-46.12999999999998	16	1	0	0.001068115234375				
hotspot_other	alignment.affine_all_excess_per_kb	affine excess / kb	-1	mafft_linsi	6	73.22	50.8775	91.295	78.91333333333334	6	-101.25	-136.54749999999999	-88.54249999999999	6	0	0	0.03125				
hotspot_other	alignment.affine_all_excess_per_kb	affine excess / kb	-1	mafft_einsi	4	110.95	89.9125	133.9525	112.915	4	-21.264999999999997	-40.62499999999999	-20.369999999999997	4	0	0	0.125				
hotspot_other	alignment.affine_all_excess_per_kb	affine excess / kb	-1	mafft_ginsi	4	48.455	42.06999999999999	59.16	52.775	4	-100.82	-124.125	-76.565	4	0	0	0.125				
hotspot_other	alignment.affine_all_excess_per_kb	affine excess / kb	-1	poa_abpoa	23	236.47	154.04	284.0	239.57869565217388	23	-36.69999999999999	-115.24000000000001	28.149999999999977	16	7	0	0.08020281791687012				
hotspot_other	alignment.affine_all_excess_per_kb	affine excess / kb	-1	poa_spoa	22	308.205	161.515	360.6975	287.5863636363636	22	-2.5649999999999906	-61.2975	100.1775	11	11	0	0.8237285614013672				
hotspot_other	alignment.affine_all_excess_per_kb	affine excess / kb	-1	poa_abpoa_mc	24	189.805	159.60500000000002	250.5	216.08124999999998	24	-55.264999999999986	-109.46250000000005	-19.08249999999999	19	5	0	0.0031430721282958984				
hotspot_other	alignment.affine_all_excess_per_kb	affine excess / kb	-1	unit_aware	24	135.62	95.4225	253.8875	169.00333333333333	24	-93.07499999999999	-139.10250000000002	-38.809999999999995	21	3	0	3.0159950256347656e-05				
hotspot_other	alignment.all_U_per_kb	unaligned homology bp / kb	-1	mc	24	23.65	17.59	42.915	42.3275												
hotspot_other	alignment.all_U_per_kb	unaligned homology bp / kb	-1	mafft_fftns2	24	9.25	6.405	11.81	9.415416666666667	24	-15.32	-30.092499999999998	-8.282499999999999	22	2	0	1.1920928955078125e-06				
hotspot_other	alignment.all_U_per_kb	unaligned homology bp / kb	-1	mafft_fftnsi	17	5.08	3.87	6.56	5.648235294117647	17	-18.61	-24.23	-6.749999999999999	16	1	0	4.57763671875e-05				
hotspot_other	alignment.all_U_per_kb	unaligned homology bp / kb	-1	mafft_linsi	6	4.75	2.9575	5.35	4.283333333333333	6	-14.64	-38.762499999999996	-6.4175	6	0	0	0.03125				
hotspot_other	alignment.all_U_per_kb	unaligned homology bp / kb	-1	mafft_einsi	4	10.885	7.0925	14.0825	10.29	4	-2.6349999999999993	-6.9025	1.4975000000000003	2	2	0	0.625				
hotspot_other	alignment.all_U_per_kb	unaligned homology bp / kb	-1	mafft_ginsi	4	3.71	1.9925000000000002	5.3625	3.645	4	-7.779999999999999	-12.717500000000001	-4.477499999999999	4	0	0	0.125				
hotspot_other	alignment.all_U_per_kb	unaligned homology bp / kb	-1	poa_abpoa	23	4.37	2.51	5.165	4.539130434782609	23	-20.29	-36.934999999999995	-12.94	23	0	0	2.384185791015625e-07				
hotspot_other	alignment.all_U_per_kb	unaligned homology bp / kb	-1	poa_spoa	22	4.994999999999999	2.25	6.1125	4.911818181818182	22	-19.915	-38.61	-11.6525	21	1	0	9.5367431640625e-07				
hotspot_other	alignment.all_U_per_kb	unaligned homology bp / kb	-1	poa_abpoa_mc	24	9.23	4.8575	20.707500000000003	13.33	24	-12.855	-22.567500000000006	-4.932499999999999	21	2	1	1.0251998901367188e-05				
hotspot_other	alignment.all_U_per_kb	unaligned homology bp / kb	-1	unit_aware	24	1.205	0.725	2.1075	1.6979166666666667	24	-22.56	-41.6425	-16.035	23	1	0	2.384185791015625e-07				
hotspot_other	inflation.sv_pieces_median	SV pieces / path (median)	-1	mc	24	4.5	3.0	6.25	5.5												
hotspot_other	inflation.sv_pieces_median	SV pieces / path (median)	-1	mafft_fftns2	24	2.5	1.0	7.25	3.9583333333333335	24	-1.0	-4.0	0.0	15	4	5	0.014514923095703125				
hotspot_other	inflation.sv_pieces_median	SV pieces / path (median)	-1	mafft_fftnsi	17	2.0	1.0	3.0	2.823529411764706	17	-1.0	-3.0	0.0	12	3	2	0.0550537109375				
hotspot_other	inflation.sv_pieces_median	SV pieces / path (median)	-1	mafft_linsi	6	1.0	1.0	1.75	2.0	6	-0.5	-1.75	0.0	3	1	2	0.625				
hotspot_other	inflation.sv_pieces_median	SV pieces / path (median)	-1	mafft_einsi	4	2.5	1.75	3.0	2.25	4	0.0	-0.75	0.25	1	1	2	1.0				
hotspot_other	inflation.sv_pieces_median	SV pieces / path (median)	-1	mafft_ginsi	4	1.0	1.0	1.25	1.25	4	-0.5	-2.0	0.0	2	0	2	0.5				
hotspot_other	inflation.sv_pieces_median	SV pieces / path (median)	-1	poa_abpoa	23	2.0	1.0	5.0	3.3043478260869565	23	-2.0	-3.5	0.0	16	5	2	0.028900146484375				
hotspot_other	inflation.sv_pieces_median	SV pieces / path (median)	-1	poa_spoa	22	1.0	0.0	2.0	1.6818181818181819	22	-3.0	-4.75	-1.25	18	2	2	4.57763671875e-05				
hotspot_other	inflation.sv_pieces_median	SV pieces / path (median)	-1	poa_abpoa_mc	24	3.0	3.0	5.0	3.7916666666666665	24	-0.5	-2.25	0.0	12	4	8	0.015045166015625				
hotspot_other	inflation.sv_pieces_median	SV pieces / path (median)	-1	unit_aware	24	0.0	0.0	3.75	3.7916666666666665	24	-2.5	-4.25	0.0	15	5	4	0.08657073974609375				
hotspot_other	inflation.sv_pieces_mean	SV pieces / path (mean)	-1	mc	24	4.50345	2.7788	6.556075	5.280341666666667												
hotspot_other	inflation.sv_pieces_mean	SV pieces / path (mean)	-1	mafft_fftns2	24	2.90665	1.7256999999999998	7.104525	4.262870833333333	24	-1.0562999999999998	-2.33915	0.09042499999999976	17	7	0	0.02112710475921631				
hotspot_other	inflation.sv_pieces_mean	SV pieces / path (mean)	-1	mafft_fftnsi	17	2.096	1.4251	3.1832	2.9328352941176474	17	-1.2110999999999996	-2.2996	-0.5981999999999998	14	3	0	0.0347900390625				
hotspot_other	inflation.sv_pieces_mean	SV pieces / path (mean)	-1	mafft_linsi	6	1.3955	1.2447000000000001	1.9708	2.0820666666666665	6	-0.34299999999999997	-1.6979250000000001	-0.018799999999999983	4	2	0	0.3125				
hotspot_other	inflation.sv_pieces_mean	SV pieces / path (mean)	-1	mafft_einsi	4	2.3386	1.652325	2.911825	2.22555	4	-0.11175000000000013	-0.9600999999999997	0.055599999999999705	3	1	0	0.625				
hotspot_other	inflation.sv_pieces_mean	SV pieces / path (mean)	-1	mafft_ginsi	4	1.4806499999999998	1.3251	1.6387	1.48315	4	-0.7385999999999999	-2.03245	-0.2413	4	0	0	0.125				
hotspot_other	inflation.sv_pieces_mean	SV pieces / path (mean)	-1	poa_abpoa	23	2.4031	1.12295	5.628399999999999	3.5919826086956523	23	-1.8377999999999997	-2.6658999999999997	-0.5078499999999999	18	5	0	0.02332472801208496				
hotspot_other	inflation.sv_pieces_mean	SV pieces / path (mean)	-1	poa_spoa	22	1.5592	0.70905	3.270825	2.409140909090909	22	-2.64145	-3.7358249999999993	-0.44562500000000005	18	4	0	0.00017690658569335938				
hotspot_other	inflation.sv_pieces_mean	SV pieces / path (mean)	-1	poa_abpoa_mc	24	3.47075	2.661175	4.9571	3.9873083333333335	24	-0.86055	-2.419675	-0.0027500000000001412	18	6	0	0.006516098976135254				
hotspot_other	inflation.sv_pieces_mean	SV pieces / path (mean)	-1	unit_aware	24	1.0692	0.7664249999999999	3.930475	3.8833583333333332	24	-2.3349	-3.10355	0.675	17	7	0	0.06464934349060059				
hotspot_other	inflation.anchored_over_free	anchored/free vs CHM13	-1	mc	24	1.4594	1.200575	1.9114	1.6703625000000002												
hotspot_other	inflation.anchored_over_free	anchored/free vs CHM13	-1	mafft_fftns2	24	1.255	1.15815	1.4649	1.3816291666666667	24	-0.2189500000000001	-0.48427500000000007	-0.031025000000000025	18	6	0	0.00027811527252197266				
hotspot_other	inflation.anchored_over_free	anchored/free vs CHM13	-1	mafft_fftnsi	17	1.2288	1.1515	1.7095	1.413	17	-0.3304	-0.6442000000000001	-0.056599999999999984	14	3	0	0.0006561279296875				
hotspot_other	inflation.anchored_over_free	anchored/free vs CHM13	-1	mafft_linsi	6	1.1235	1.0564500000000001	1.2350999999999999	1.1772833333333332	6	-0.19895000000000018	-0.27667499999999995	-0.10360000000000003	6	0	0	0.03125				
hotspot_other	inflation.anchored_over_free	anchored/free vs CHM13	-1	mafft_einsi	4	1.1451	1.12035	1.381325	1.3565749999999999	4	-0.011099999999999999	-0.12522500000000003	0.09215000000000001	2	2	0	0.875				
hotspot_other	inflation.anchored_over_free	anchored/free vs CHM13	-1	mafft_ginsi	4	1.0532	1.0459999999999998	1.2199499999999999	1.21275	4	-0.07650000000000012	-0.1699250000000001	-0.07237500000000008	4	0	0	0.125				
hotspot_other	inflation.anchored_over_free	anchored/free vs CHM13	-1	poa_abpoa	23	1.1638	1.09375	1.2964	1.238913043478261	23	-0.3618000000000001	-0.58275	-0.12719999999999998	23	0	0	2.384185791015625e-07				
hotspot_other	inflation.anchored_over_free	anchored/free vs CHM13	-1	poa_spoa	22	1.1564	1.0814	1.2924499999999999	1.2308590909090908	22	-0.37075	-0.609125	-0.12062499999999993	22	0	0	4.76837158203125e-07				
hotspot_other	inflation.anchored_over_free	anchored/free vs CHM13	-1	poa_abpoa_mc	24	1.21265	1.12925	1.52115	1.3834625	24	-0.13760000000000017	-0.377275	-0.0484750000000001	21	3	0	5.125999450683594e-06				
hotspot_other	inflation.anchored_over_free	anchored/free vs CHM13	-1	unit_aware	24	1.0585	1.034325	1.089825	1.075125	24	-0.42475000000000007	-0.8265750000000001	-0.16604999999999998	24	0	0	1.1920928955078125e-07				
hotspot_other	inflation.indel_bp_ratio	indel bp / net length change	-1	mc	24	1.4961	1.210375	2.022075	1.8296708333333334												
hotspot_other	inflation.indel_bp_ratio	indel bp / net length change	-1	mafft_fftns2	24	1.2465	1.13985	1.5348	1.4617458333333333	24	-0.26895000000000013	-0.6019999999999999	-0.025175000000000003	18	6	0	0.00017547607421875				
hotspot_other	inflation.indel_bp_ratio	indel bp / net length change	-1	mafft_fftnsi	17	1.2725	1.0899	1.8337	1.5359176470588236	17	-0.37839999999999985	-0.8141999999999998	-0.04259999999999997	14	3	0	0.0006561279296875				
hotspot_other	inflation.indel_bp_ratio	indel bp / net length change	-1	mafft_linsi	6	1.06805	1.03335	1.1965	1.1493	6	-0.24895000000000012	-0.3719000000000002	-0.1044750000000001	6	0	0	0.03125				
hotspot_other	inflation.indel_bp_ratio	indel bp / net length change	-1	mafft_einsi	4	1.14435	1.1168749999999998	1.3858000000000001	1.358325	4	-0.0007499999999999174	-0.12274999999999991	0.09277500000000005	2	2	0	0.875				
hotspot_other	inflation.indel_bp_ratio	indel bp / net length change	-1	mafft_ginsi	4	1.028	1.025325	1.206025	1.20335	4	-0.11280000000000012	-0.2118000000000001	-0.08520000000000005	4	0	0	0.125				
hotspot_other	inflation.indel_bp_ratio	indel bp / net length change	-1	poa_abpoa	23	1.0737	1.0386000000000002	1.32555	1.246786956521739	23	-0.4303000000000001	-0.7963999999999999	-0.15574999999999994	23	0	0	2.384185791015625e-07				
hotspot_other	inflation.indel_bp_ratio	indel bp / net length change	-1	poa_spoa	22	1.05505	1.03855	1.306425	1.2289318181818183	22	-0.44835	-0.909225	-0.150725	22	0	0	4.76837158203125e-07				
hotspot_other	inflation.indel_bp_ratio	indel bp / net length change	-1	poa_abpoa_mc	24	1.16285	1.108475	1.592475	1.4317041666666668	24	-0.2027	-0.4432	-0.06259999999999988	23	1	0	3.5762786865234375e-07				
hotspot_other	inflation.indel_bp_ratio	indel bp / net length change	-1	unit_aware	24	1.02665	1.0132750000000001	1.125475	1.1026	24	-0.45109999999999995	-0.9512499999999999	-0.17642499999999983	24	0	0	1.1920928955078125e-07				
hotspot_other	inflation.indel_bp_excess_per_kb	excess indel bp / kb	-1	mc	24	111.035	77.23	185.945	145.56125												
hotspot_other	inflation.indel_bp_excess_per_kb	excess indel bp / kb	-1	mafft_fftns2	24	63.255	46.2875	94.38	72.27833333333334	24	-55.93	-104.47	-5.7650000000000015	18	6	0	0.00027811527252197266				
hotspot_other	inflation.indel_bp_excess_per_kb	excess indel bp / kb	-1	mafft_fftnsi	17	47.64	33.24	85.3	60.582352941176474	17	-50.550000000000004	-108.86	-13.11	14	3	0	0.0006561279296875				
hotspot_other	inflation.indel_bp_excess_per_kb	excess indel bp / kb	-1	mafft_linsi	6	26.560000000000002	12.0725	42.4125	28.813333333333333	6	-42.105	-110.2425	-34.214999999999996	6	0	0	0.03125				
hotspot_other	inflation.indel_bp_excess_per_kb	excess indel bp / kb	-1	mafft_einsi	4	60.135	41.1675	84.4725	65.505	4	5.299999999999999	-40.38749999999999	24.2725	2	2	0	1.0				
hotspot_other	inflation.indel_bp_excess_per_kb	excess indel bp / kb	-1	mafft_ginsi	4	11.684999999999999	8.6225	31.814999999999998	28.7525	4	-27.520000000000003	-64.8625	-20.825	4	0	0	0.125				
hotspot_other	inflation.indel_bp_excess_per_kb	excess indel bp / kb	-1	poa_abpoa	23	26.24	16.725	43.69	32.72217391304348	23	-67.32000000000001	-135.075	-53.25	23	0	0	2.384185791015625e-07				
hotspot_other	inflation.indel_bp_excess_per_kb	excess indel bp / kb	-1	poa_spoa	22	20.945	11.4725	38.012499999999996	27.50409090909091	22	-73.155	-137.905	-54.7325	22	0	0	4.76837158203125e-07				
hotspot_other	inflation.indel_bp_excess_per_kb	excess indel bp / kb	-1	poa_abpoa_mc	24	55.51	35.3875	93.655	69.995	24	-41.07	-70.99499999999999	-30.7025	23	1	0	3.5762786865234375e-07				
hotspot_other	inflation.indel_bp_excess_per_kb	excess indel bp / kb	-1	unit_aware	24	10.844999999999999	6.12	16.267500000000002	12.6925	24	-93.625	-164.65	-69.4525	24	0	0	1.1920928955078125e-07				
hotspot_other	redundancy.kmer_frac_extra	k-mer extra positions (frac)	-1	mc	24	0.654255	0.537775	0.74953	0.6288108333333333												
hotspot_other	redundancy.kmer_frac_extra	k-mer extra positions (frac)	-1	mafft_fftns2	24	0.73639	0.6027575000000001	0.7764150000000001	0.70742125	24	0.070305	0.036369999999999986	0.14865000000000006	2	22	0	0.00027811527252197266				
hotspot_other	redundancy.kmer_frac_extra	k-mer extra positions (frac)	-1	mafft_fftnsi	17	0.70212	0.594	0.73559	0.6618617647058823	17	0.061999999999999944	0.042179999999999995	0.11489000000000005	2	15	0	0.0001068115234375				
hotspot_other	redundancy.kmer_frac_extra	k-mer extra positions (frac)	-1	mafft_linsi	6	0.5845	0.549825	0.602225	0.5615266666666666	6	-0.01070500000000002	-0.04599749999999997	0.007794999999999996	3	3	0	0.5625				
hotspot_other	redundancy.kmer_frac_extra	k-mer extra positions (frac)	-1	mafft_einsi	4	0.6906	0.64447	0.7118375	0.6657075	4	0.09612500000000002	0.05290000000000003	0.121175	1	3	0	0.25				
hotspot_other	redundancy.kmer_frac_extra	k-mer extra positions (frac)	-1	mafft_ginsi	4	0.571105	0.49520000000000003	0.62531	0.549405	4	-0.023694999999999966	-0.06914000000000001	0.007092500000000057	2	2	0	0.625				
hotspot_other	redundancy.kmer_frac_extra	k-mer extra positions (frac)	-1	poa_abpoa	23	0.60711	0.5568299999999999	0.7586649999999999	0.6233947826086956	23	0.012689999999999979	-0.00738500000000003	0.03675500000000004	8	15	0	0.17933368682861328				
hotspot_other	redundancy.kmer_frac_extra	k-mer extra positions (frac)	-1	poa_spoa	22	0.6783699999999999	0.595565	0.8102	0.6591486363636364	22	0.04747999999999997	0.026054999999999967	0.06096250000000002	2	20	0	0.004151344299316406				
hotspot_other	redundancy.kmer_frac_extra	k-mer extra positions (frac)	-1	poa_abpoa_mc	24	0.6274200000000001	0.48336999999999997	0.7203225	0.5979316666666666	24	-0.0011899999999999689	-0.06207	0.015229999999999966	12	12	0	0.15998530387878418				
hotspot_other	redundancy.kmer_frac_extra	k-mer extra positions (frac)	-1	unit_aware	24	0.70821	0.599735	0.8111425	0.68207625	24	0.05934500000000004	0.008197500000000052	0.11561999999999997	5	19	0	0.022932052612304688				
hotspot_other	redundancy.kmer_extra_per_kb	k-mer extra positions / kb	-1	mc	24	6342.885	3326.45	20202.322500000002	13062.058333333334												
hotspot_other	redundancy.kmer_extra_per_kb	k-mer extra positions / kb	-1	mafft_fftns2	24	9109.49	5708.400000000001	26359.94	19713.7725	24	2987.755	983.0899999999986	6765.654999999997	2	22	0	0.00027811527252197266				
hotspot_other	redundancy.kmer_extra_per_kb	k-mer extra positions / kb	-1	mafft_fftnsi	17	5670.36	5108.35	11744.65	13413.53705882353	17	2007.2299999999996	564.0	3032.49	2	15	0	0.0006561279296875				
hotspot_other	redundancy.kmer_extra_per_kb	k-mer extra positions / kb	-1	mafft_linsi	6	4526.245	2901.9825	4739.15	5845.07	6	-262.03499999999985	-647.2899999999998	130.885	3	3	0	0.5625				
hotspot_other	redundancy.kmer_extra_per_kb	k-mer extra positions / kb	-1	mafft_einsi	4	5693.885	3742.9700000000003	10589.62	8638.705	4	1256.1799999999998	-141.48499999999967	2125.76	1	3	0	0.625				
hotspot_other	redundancy.kmer_extra_per_kb	k-mer extra positions / kb	-1	mafft_ginsi	4	3449.8050000000003	2050.355	7817.7175	6418.2675	4	-301.0600000000002	-1883.1275000000005	89.7249999999998	2	2	0	0.625				
hotspot_other	redundancy.kmer_extra_per_kb	k-mer extra positions / kb	-1	poa_abpoa	23	5674.91	3429.2	16553.015	13163.238695652173	23	423.02	-406.28500000000076	1366.675000000001	8	15	0	0.18954229354858398				
hotspot_other	redundancy.kmer_extra_per_kb	k-mer extra positions / kb	-1	poa_spoa	22	7321.99	4024.8050000000003	20295.88	15567.344090909091	22	1769.614999999999	805.3300000000003	4527.8724999999995	2	20	0	0.00017690658569335938				
hotspot_other	redundancy.kmer_extra_per_kb	k-mer extra positions / kb	-1	poa_abpoa_mc	24	5634.8	2511.77	19419.7525	12649.140833333333	24	-19.9699999999998	-1124.1375	732.7750000000003	12	12	0	0.7898378372192383				
hotspot_other	redundancy.kmer_extra_per_kb	k-mer extra positions / kb	-1	unit_aware	24	10247.855	5431.58	19888.995	15436.114166666666	24	2173.3600000000006	482.2374999999997	4587.1875	5	19	0	0.013779282569885254				
hotspot_other	truth.d_graph_sum	truth edits to best graph path (h1+h2)	-1	mc	0																
hotspot_other	truth.d_graph_sum	truth edits to best graph path (h1+h2)	-1	mafft_fftns2	0																
hotspot_other	truth.d_graph_sum	truth edits to best graph path (h1+h2)	-1	mafft_fftnsi	0																
hotspot_other	truth.d_graph_sum	truth edits to best graph path (h1+h2)	-1	mafft_linsi	0																
hotspot_other	truth.d_graph_sum	truth edits to best graph path (h1+h2)	-1	mafft_einsi	0																
hotspot_other	truth.d_graph_sum	truth edits to best graph path (h1+h2)	-1	mafft_ginsi	0																
hotspot_other	truth.d_graph_sum	truth edits to best graph path (h1+h2)	-1	poa_abpoa	0																
hotspot_other	truth.d_graph_sum	truth edits to best graph path (h1+h2)	-1	poa_spoa	0																
hotspot_other	truth.d_graph_sum	truth edits to best graph path (h1+h2)	-1	poa_abpoa_mc	0																
hotspot_other	truth.d_graph_sum	truth edits to best graph path (h1+h2)	-1	unit_aware	0																
hotspot_other	truth.h1_d_graph	truth h1 edits to graph	-1	mc	0																
hotspot_other	truth.h1_d_graph	truth h1 edits to graph	-1	mafft_fftns2	0																
hotspot_other	truth.h1_d_graph	truth h1 edits to graph	-1	mafft_fftnsi	0																
hotspot_other	truth.h1_d_graph	truth h1 edits to graph	-1	mafft_linsi	0																
hotspot_other	truth.h1_d_graph	truth h1 edits to graph	-1	mafft_einsi	0																
hotspot_other	truth.h1_d_graph	truth h1 edits to graph	-1	mafft_ginsi	0																
hotspot_other	truth.h1_d_graph	truth h1 edits to graph	-1	poa_abpoa	0																
hotspot_other	truth.h1_d_graph	truth h1 edits to graph	-1	poa_spoa	0																
hotspot_other	truth.h1_d_graph	truth h1 edits to graph	-1	poa_abpoa_mc	0																
hotspot_other	truth.h1_d_graph	truth h1 edits to graph	-1	unit_aware	0																
hotspot_other	truth.h2_d_graph	truth h2 edits to graph	-1	mc	0																
hotspot_other	truth.h2_d_graph	truth h2 edits to graph	-1	mafft_fftns2	0																
hotspot_other	truth.h2_d_graph	truth h2 edits to graph	-1	mafft_fftnsi	0																
hotspot_other	truth.h2_d_graph	truth h2 edits to graph	-1	mafft_linsi	0																
hotspot_other	truth.h2_d_graph	truth h2 edits to graph	-1	mafft_einsi	0																
hotspot_other	truth.h2_d_graph	truth h2 edits to graph	-1	mafft_ginsi	0																
hotspot_other	truth.h2_d_graph	truth h2 edits to graph	-1	poa_abpoa	0																
hotspot_other	truth.h2_d_graph	truth h2 edits to graph	-1	poa_spoa	0																
hotspot_other	truth.h2_d_graph	truth h2 edits to graph	-1	poa_abpoa_mc	0																
hotspot_other	truth.h2_d_graph	truth h2 edits to graph	-1	unit_aware	0																
hotspot_other	truth.d_panel_sum	truth edits to closest panel path (h1+h2)	0	mc	0																
hotspot_other	truth.d_panel_sum	truth edits to closest panel path (h1+h2)	0	mafft_fftns2	0																
hotspot_other	truth.d_panel_sum	truth edits to closest panel path (h1+h2)	0	mafft_fftnsi	0																
hotspot_other	truth.d_panel_sum	truth edits to closest panel path (h1+h2)	0	mafft_linsi	0																
hotspot_other	truth.d_panel_sum	truth edits to closest panel path (h1+h2)	0	mafft_einsi	0																
hotspot_other	truth.d_panel_sum	truth edits to closest panel path (h1+h2)	0	mafft_ginsi	0																
hotspot_other	truth.d_panel_sum	truth edits to closest panel path (h1+h2)	0	poa_abpoa	0																
hotspot_other	truth.d_panel_sum	truth edits to closest panel path (h1+h2)	0	poa_spoa	0																
hotspot_other	truth.d_panel_sum	truth edits to closest panel path (h1+h2)	0	poa_abpoa_mc	0																
hotspot_other	truth.d_panel_sum	truth edits to closest panel path (h1+h2)	0	unit_aware	0																
hotspot_other	truth.truvari.raw_f1	truth-by-graph truvari F1, raw	1	mc	0																
hotspot_other	truth.truvari.raw_f1	truth-by-graph truvari F1, raw	1	mafft_fftns2	0																
hotspot_other	truth.truvari.raw_f1	truth-by-graph truvari F1, raw	1	mafft_fftnsi	0																
hotspot_other	truth.truvari.raw_f1	truth-by-graph truvari F1, raw	1	mafft_linsi	0																
hotspot_other	truth.truvari.raw_f1	truth-by-graph truvari F1, raw	1	mafft_einsi	0																
hotspot_other	truth.truvari.raw_f1	truth-by-graph truvari F1, raw	1	mafft_ginsi	0																
hotspot_other	truth.truvari.raw_f1	truth-by-graph truvari F1, raw	1	poa_abpoa	0																
hotspot_other	truth.truvari.raw_f1	truth-by-graph truvari F1, raw	1	poa_spoa	0																
hotspot_other	truth.truvari.raw_f1	truth-by-graph truvari F1, raw	1	poa_abpoa_mc	0																
hotspot_other	truth.truvari.raw_f1	truth-by-graph truvari F1, raw	1	unit_aware	0																
hotspot_other	truth.truvari.refined_f1	truth-by-graph truvari F1, refined	1	mc	0																
hotspot_other	truth.truvari.refined_f1	truth-by-graph truvari F1, refined	1	mafft_fftns2	0																
hotspot_other	truth.truvari.refined_f1	truth-by-graph truvari F1, refined	1	mafft_fftnsi	0																
hotspot_other	truth.truvari.refined_f1	truth-by-graph truvari F1, refined	1	mafft_linsi	0																
hotspot_other	truth.truvari.refined_f1	truth-by-graph truvari F1, refined	1	mafft_einsi	0																
hotspot_other	truth.truvari.refined_f1	truth-by-graph truvari F1, refined	1	mafft_ginsi	0																
hotspot_other	truth.truvari.refined_f1	truth-by-graph truvari F1, refined	1	poa_abpoa	0																
hotspot_other	truth.truvari.refined_f1	truth-by-graph truvari F1, refined	1	poa_spoa	0																
hotspot_other	truth.truvari.refined_f1	truth-by-graph truvari F1, refined	1	poa_abpoa_mc	0																
hotspot_other	truth.truvari.refined_f1	truth-by-graph truvari F1, refined	1	unit_aware	0																
hotspot_other	truth.truvari.phab_f1	truth-by-graph truvari F1, whole-span phab	1	mc	0																
hotspot_other	truth.truvari.phab_f1	truth-by-graph truvari F1, whole-span phab	1	mafft_fftns2	0																
hotspot_other	truth.truvari.phab_f1	truth-by-graph truvari F1, whole-span phab	1	mafft_fftnsi	0																
hotspot_other	truth.truvari.phab_f1	truth-by-graph truvari F1, whole-span phab	1	mafft_linsi	0																
hotspot_other	truth.truvari.phab_f1	truth-by-graph truvari F1, whole-span phab	1	mafft_einsi	0																
hotspot_other	truth.truvari.phab_f1	truth-by-graph truvari F1, whole-span phab	1	mafft_ginsi	0																
hotspot_other	truth.truvari.phab_f1	truth-by-graph truvari F1, whole-span phab	1	poa_abpoa	0																
hotspot_other	truth.truvari.phab_f1	truth-by-graph truvari F1, whole-span phab	1	poa_spoa	0																
hotspot_other	truth.truvari.phab_f1	truth-by-graph truvari F1, whole-span phab	1	poa_abpoa_mc	0																
hotspot_other	truth.truvari.phab_f1	truth-by-graph truvari F1, whole-span phab	1	unit_aware	0																
hotspot_other	truth.truvari.records_sv	truth-by-graph SV records	0	mc	0																
hotspot_other	truth.truvari.records_sv	truth-by-graph SV records	0	mafft_fftns2	0																
hotspot_other	truth.truvari.records_sv	truth-by-graph SV records	0	mafft_fftnsi	0																
hotspot_other	truth.truvari.records_sv	truth-by-graph SV records	0	mafft_linsi	0																
hotspot_other	truth.truvari.records_sv	truth-by-graph SV records	0	mafft_einsi	0																
hotspot_other	truth.truvari.records_sv	truth-by-graph SV records	0	mafft_ginsi	0																
hotspot_other	truth.truvari.records_sv	truth-by-graph SV records	0	poa_abpoa	0																
hotspot_other	truth.truvari.records_sv	truth-by-graph SV records	0	poa_spoa	0																
hotspot_other	truth.truvari.records_sv	truth-by-graph SV records	0	poa_abpoa_mc	0																
hotspot_other	truth.truvari.records_sv	truth-by-graph SV records	0	unit_aware	0																
hotspot_other	reads.all_unique	reads: unique placement	1	mc	0																
hotspot_other	reads.all_unique	reads: unique placement	1	mafft_fftns2	0																
hotspot_other	reads.all_unique	reads: unique placement	1	mafft_fftnsi	0																
hotspot_other	reads.all_unique	reads: unique placement	1	mafft_linsi	0																
hotspot_other	reads.all_unique	reads: unique placement	1	mafft_einsi	0																
hotspot_other	reads.all_unique	reads: unique placement	1	mafft_ginsi	0																
hotspot_other	reads.all_unique	reads: unique placement	1	poa_abpoa	0																
hotspot_other	reads.all_unique	reads: unique placement	1	poa_spoa	0																
hotspot_other	reads.all_unique	reads: unique placement	1	poa_abpoa_mc	0																
hotspot_other	reads.all_unique	reads: unique placement	1	unit_aware	0																
hotspot_other	reads.all_redundant_only	reads: redundant (cross-walk) only	-1	mc	0																
hotspot_other	reads.all_redundant_only	reads: redundant (cross-walk) only	-1	mafft_fftns2	0																
hotspot_other	reads.all_redundant_only	reads: redundant (cross-walk) only	-1	mafft_fftnsi	0																
hotspot_other	reads.all_redundant_only	reads: redundant (cross-walk) only	-1	mafft_linsi	0																
hotspot_other	reads.all_redundant_only	reads: redundant (cross-walk) only	-1	mafft_einsi	0																
hotspot_other	reads.all_redundant_only	reads: redundant (cross-walk) only	-1	mafft_ginsi	0																
hotspot_other	reads.all_redundant_only	reads: redundant (cross-walk) only	-1	poa_abpoa	0																
hotspot_other	reads.all_redundant_only	reads: redundant (cross-walk) only	-1	poa_spoa	0																
hotspot_other	reads.all_redundant_only	reads: redundant (cross-walk) only	-1	poa_abpoa_mc	0																
hotspot_other	reads.all_redundant_only	reads: redundant (cross-walk) only	-1	unit_aware	0																
hotspot_other	reads.all_tandem	reads: tandem	0	mc	0																
hotspot_other	reads.all_tandem	reads: tandem	0	mafft_fftns2	0																
hotspot_other	reads.all_tandem	reads: tandem	0	mafft_fftnsi	0																
hotspot_other	reads.all_tandem	reads: tandem	0	mafft_linsi	0																
hotspot_other	reads.all_tandem	reads: tandem	0	mafft_einsi	0																
hotspot_other	reads.all_tandem	reads: tandem	0	mafft_ginsi	0																
hotspot_other	reads.all_tandem	reads: tandem	0	poa_abpoa	0																
hotspot_other	reads.all_tandem	reads: tandem	0	poa_spoa	0																
hotspot_other	reads.all_tandem	reads: tandem	0	poa_abpoa_mc	0																
hotspot_other	reads.all_tandem	reads: tandem	0	unit_aware	0																
hotspot_other	reads.all_ratio_mean	reads: placements / max per path	-1	mc	0																
hotspot_other	reads.all_ratio_mean	reads: placements / max per path	-1	mafft_fftns2	0																
hotspot_other	reads.all_ratio_mean	reads: placements / max per path	-1	mafft_fftnsi	0																
hotspot_other	reads.all_ratio_mean	reads: placements / max per path	-1	mafft_linsi	0																
hotspot_other	reads.all_ratio_mean	reads: placements / max per path	-1	mafft_einsi	0																
hotspot_other	reads.all_ratio_mean	reads: placements / max per path	-1	mafft_ginsi	0																
hotspot_other	reads.all_ratio_mean	reads: placements / max per path	-1	poa_abpoa	0																
hotspot_other	reads.all_ratio_mean	reads: placements / max per path	-1	poa_spoa	0																
hotspot_other	reads.all_ratio_mean	reads: placements / max per path	-1	poa_abpoa_mc	0																
hotspot_other	reads.all_ratio_mean	reads: placements / max per path	-1	unit_aware	0																
hotspot_other	reads.mqlt5_redundant_only	reads MAPQ<5: redundant only	-1	mc	0																
hotspot_other	reads.mqlt5_redundant_only	reads MAPQ<5: redundant only	-1	mafft_fftns2	0																
hotspot_other	reads.mqlt5_redundant_only	reads MAPQ<5: redundant only	-1	mafft_fftnsi	0																
hotspot_other	reads.mqlt5_redundant_only	reads MAPQ<5: redundant only	-1	mafft_linsi	0																
hotspot_other	reads.mqlt5_redundant_only	reads MAPQ<5: redundant only	-1	mafft_einsi	0																
hotspot_other	reads.mqlt5_redundant_only	reads MAPQ<5: redundant only	-1	mafft_ginsi	0																
hotspot_other	reads.mqlt5_redundant_only	reads MAPQ<5: redundant only	-1	poa_abpoa	0																
hotspot_other	reads.mqlt5_redundant_only	reads MAPQ<5: redundant only	-1	poa_spoa	0																
hotspot_other	reads.mqlt5_redundant_only	reads MAPQ<5: redundant only	-1	poa_abpoa_mc	0																
hotspot_other	reads.mqlt5_redundant_only	reads MAPQ<5: redundant only	-1	unit_aware	0																
hotspot_other	reads.mqlt5_ratio_mean	reads MAPQ<5: placements / max per path	-1	mc	0																
hotspot_other	reads.mqlt5_ratio_mean	reads MAPQ<5: placements / max per path	-1	mafft_fftns2	0																
hotspot_other	reads.mqlt5_ratio_mean	reads MAPQ<5: placements / max per path	-1	mafft_fftnsi	0																
hotspot_other	reads.mqlt5_ratio_mean	reads MAPQ<5: placements / max per path	-1	mafft_linsi	0																
hotspot_other	reads.mqlt5_ratio_mean	reads MAPQ<5: placements / max per path	-1	mafft_einsi	0																
hotspot_other	reads.mqlt5_ratio_mean	reads MAPQ<5: placements / max per path	-1	mafft_ginsi	0																
hotspot_other	reads.mqlt5_ratio_mean	reads MAPQ<5: placements / max per path	-1	poa_abpoa	0																
hotspot_other	reads.mqlt5_ratio_mean	reads MAPQ<5: placements / max per path	-1	poa_spoa	0																
hotspot_other	reads.mqlt5_ratio_mean	reads MAPQ<5: placements / max per path	-1	poa_abpoa_mc	0																
hotspot_other	reads.mqlt5_ratio_mean	reads MAPQ<5: placements / max per path	-1	unit_aware	0																
hotspot_other	truth.truvari.pooled_raw_f1	pooled truvari F1 raw	1	mc	0													0	0	0	0
hotspot_other	truth.truvari.pooled_refined_f1	pooled truvari F1 refined	1	mc	0													0	0	0	0
hotspot_other	truth.truvari.pooled_phab_f1	pooled truvari F1 phab	1	mc	0													0	0	0	0
hotspot_other	truth.truvari.pooled_raw_f1	pooled truvari F1 raw	1	mafft_fftns2	0													0	0	0	0
hotspot_other	truth.truvari.pooled_refined_f1	pooled truvari F1 refined	1	mafft_fftns2	0													0	0	0	0
hotspot_other	truth.truvari.pooled_phab_f1	pooled truvari F1 phab	1	mafft_fftns2	0													0	0	0	0
hotspot_other	truth.truvari.pooled_raw_f1	pooled truvari F1 raw	1	mafft_fftnsi	0													0	0	0	0
hotspot_other	truth.truvari.pooled_refined_f1	pooled truvari F1 refined	1	mafft_fftnsi	0													0	0	0	0
hotspot_other	truth.truvari.pooled_phab_f1	pooled truvari F1 phab	1	mafft_fftnsi	0													0	0	0	0
hotspot_other	truth.truvari.pooled_raw_f1	pooled truvari F1 raw	1	mafft_linsi	0													0	0	0	0
hotspot_other	truth.truvari.pooled_refined_f1	pooled truvari F1 refined	1	mafft_linsi	0													0	0	0	0
hotspot_other	truth.truvari.pooled_phab_f1	pooled truvari F1 phab	1	mafft_linsi	0													0	0	0	0
hotspot_other	truth.truvari.pooled_raw_f1	pooled truvari F1 raw	1	mafft_einsi	0													0	0	0	0
hotspot_other	truth.truvari.pooled_refined_f1	pooled truvari F1 refined	1	mafft_einsi	0													0	0	0	0
hotspot_other	truth.truvari.pooled_phab_f1	pooled truvari F1 phab	1	mafft_einsi	0													0	0	0	0
hotspot_other	truth.truvari.pooled_raw_f1	pooled truvari F1 raw	1	mafft_ginsi	0													0	0	0	0
hotspot_other	truth.truvari.pooled_refined_f1	pooled truvari F1 refined	1	mafft_ginsi	0													0	0	0	0
hotspot_other	truth.truvari.pooled_phab_f1	pooled truvari F1 phab	1	mafft_ginsi	0													0	0	0	0
hotspot_other	truth.truvari.pooled_raw_f1	pooled truvari F1 raw	1	poa_abpoa	0													0	0	0	0
hotspot_other	truth.truvari.pooled_refined_f1	pooled truvari F1 refined	1	poa_abpoa	0													0	0	0	0
hotspot_other	truth.truvari.pooled_phab_f1	pooled truvari F1 phab	1	poa_abpoa	0													0	0	0	0
hotspot_other	truth.truvari.pooled_raw_f1	pooled truvari F1 raw	1	poa_spoa	0													0	0	0	0
hotspot_other	truth.truvari.pooled_refined_f1	pooled truvari F1 refined	1	poa_spoa	0													0	0	0	0
hotspot_other	truth.truvari.pooled_phab_f1	pooled truvari F1 phab	1	poa_spoa	0													0	0	0	0
hotspot_other	truth.truvari.pooled_raw_f1	pooled truvari F1 raw	1	poa_abpoa_mc	0													0	0	0	0
hotspot_other	truth.truvari.pooled_refined_f1	pooled truvari F1 refined	1	poa_abpoa_mc	0													0	0	0	0
hotspot_other	truth.truvari.pooled_phab_f1	pooled truvari F1 phab	1	poa_abpoa_mc	0													0	0	0	0
hotspot_other	truth.truvari.pooled_raw_f1	pooled truvari F1 raw	1	unit_aware	0													0	0	0	0
hotspot_other	truth.truvari.pooled_refined_f1	pooled truvari F1 refined	1	unit_aware	0													0	0	0	0
hotspot_other	truth.truvari.pooled_phab_f1	pooled truvari F1 phab	1	unit_aware	0													0	0	0	0
control_nontr_sv	size.nodes_per_kb	nodes / CHM13 kb	-1	mc	20	56.415	45.160000000000004	73.5025	67.3515												
control_nontr_sv	size.nodes_per_kb	nodes / CHM13 kb	-1	mafft_fftns2	20	48.81	40.597500000000004	63.2125	62.4825	20	-3.6750000000000007	-5.5875	-1.942499999999999	18	0	2	7.62939453125e-06				
control_nontr_sv	size.nodes_per_kb	nodes / CHM13 kb	-1	mafft_fftnsi	20	48.81	40.597500000000004	63.2125	62.41799999999999	20	-3.794999999999998	-5.5875	-1.942499999999999	18	0	2	7.62939453125e-06				
control_nontr_sv	size.nodes_per_kb	nodes / CHM13 kb	-1	mafft_linsi	20	53.185	44.1525	90.025	88.2795	20	-2.5599999999999987	-5.4350000000000005	-0.7725000000000009	15	4	1	0.11337661743164062				
control_nontr_sv	size.nodes_per_kb	nodes / CHM13 kb	-1	mafft_einsi	20	49.28	40.855000000000004	63.8725	62.75750000000001	20	-3.6750000000000007	-5.210000000000004	-2.412499999999998	17	1	2	1.52587890625e-05				
control_nontr_sv	size.nodes_per_kb	nodes / CHM13 kb	-1	mafft_ginsi	20	53.185	44.1525	90.025	88.21950000000001	20	-2.5599999999999987	-5.4350000000000005	-0.7725000000000009	15	4	1	0.11337661743164062				
control_nontr_sv	size.nodes_per_kb	nodes / CHM13 kb	-1	poa_abpoa	20	49.28	40.597500000000004	64.1925	62.7625	20	-3.6750000000000007	-5.4350000000000005	-1.707499999999997	18	1	1	7.62939453125e-06				
control_nontr_sv	size.nodes_per_kb	nodes / CHM13 kb	-1	poa_spoa	20	49.28	40.597500000000004	65.15	62.743500000000004	20	-3.924999999999997	-5.4350000000000005	-1.942499999999999	18	2	0	3.62396240234375e-05				
control_nontr_sv	size.nodes_per_kb	nodes / CHM13 kb	-1	poa_abpoa_mc	20	49.28	40.597500000000004	64.2975	62.78099999999999	20	-3.775000000000002	-5.4350000000000005	-1.942499999999999	18	1	1	7.62939453125e-06				
control_nontr_sv	size.nodes_per_kb	nodes / CHM13 kb	-1	unit_aware	20	53.185	44.1525	90.025	88.2795	20	-2.5599999999999987	-5.4350000000000005	-0.7725000000000009	15	4	1	0.11337661743164062				
control_nontr_sv	size.node_len_mean	mean node bp	1	mc	20	21.743	17.83275	30.15675	25.602800000000002												
control_nontr_sv	size.node_len_mean	mean node bp	1	mafft_fftns2	20	23.592	20.178	34.6325	28.901100000000003	20	2.190999999999999	0.722500000000001	4.004000000000001	18	1	1	7.62939453125e-06				
control_nontr_sv	size.node_len_mean	mean node bp	1	mafft_fftnsi	20	23.592	20.28275	34.6325	28.922050000000002	20	2.190999999999999	0.7742500000000003	4.004000000000001	18	1	1	7.62939453125e-06				
control_nontr_sv	size.node_len_mean	mean node bp	1	mafft_linsi	20	21.8945	16.02175	27.74225	25.743900000000004	20	1.3185000000000002	0.18049999999999922	3.625499999999999	15	5	0	0.082550048828125				
control_nontr_sv	size.node_len_mean	mean node bp	1	mafft_einsi	20	23.6385	19.88175	34.6325	28.7782	20	1.9934999999999992	0.722500000000001	4.004000000000001	17	2	1	1.9073486328125e-05				
control_nontr_sv	size.node_len_mean	mean node bp	1	mafft_ginsi	20	21.8945	16.02175	27.74225	25.74525	20	1.3185000000000002	0.18049999999999922	3.625499999999999	15	5	0	0.082550048828125				
control_nontr_sv	size.node_len_mean	mean node bp	1	poa_abpoa	20	23.567500000000003	19.86825	34.6325	28.78725	20	1.9844999999999988	0.722500000000001	4.004000000000001	18	2	0	1.33514404296875e-05				
control_nontr_sv	size.node_len_mean	mean node bp	1	poa_spoa	20	23.567500000000003	19.86825	34.6325	28.760250000000003	20	1.9844999999999988	0.722500000000001	4.004000000000001	18	2	0	2.6702880859375e-05				
control_nontr_sv	size.node_len_mean	mean node bp	1	poa_abpoa_mc	20	23.413	19.86825	34.6325	28.7637	20	1.9844999999999988	0.7822500000000008	3.8572499999999996	18	2	0	9.5367431640625e-06				
control_nontr_sv	size.node_len_mean	mean node bp	1	unit_aware	20	21.8945	16.02175	27.74225	25.743900000000004	20	1.3185000000000002	0.18049999999999922	3.625499999999999	15	5	0	0.082550048828125				
control_nontr_sv	size.node_len_median	median node bp	1	mc	20	1.0	1.0	1.0	1.0												
control_nontr_sv	size.node_len_median	median node bp	1	mafft_fftns2	20	1.0	1.0	1.0	1.025	20	0.0	0.0	0.0	1	0	19	1.0				
control_nontr_sv	size.node_len_median	median node bp	1	mafft_fftnsi	20	1.0	1.0	1.0	1.0	20	0.0	0.0	0.0	0	0	20					
control_nontr_sv	size.node_len_median	median node bp	1	mafft_linsi	20	1.0	1.0	1.0	1.0	20	0.0	0.0	0.0	0	0	20					
control_nontr_sv	size.node_len_median	median node bp	1	mafft_einsi	20	1.0	1.0	1.0	1.0	20	0.0	0.0	0.0	0	0	20					
control_nontr_sv	size.node_len_median	median node bp	1	mafft_ginsi	20	1.0	1.0	1.0	1.0	20	0.0	0.0	0.0	0	0	20					
control_nontr_sv	size.node_len_median	median node bp	1	poa_abpoa	20	1.0	1.0	1.0	1.0	20	0.0	0.0	0.0	0	0	20					
control_nontr_sv	size.node_len_median	median node bp	1	poa_spoa	20	1.0	1.0	1.0	1.0	20	0.0	0.0	0.0	0	0	20					
control_nontr_sv	size.node_len_median	median node bp	1	poa_abpoa_mc	20	1.0	1.0	1.0	1.0	20	0.0	0.0	0.0	0	0	20					
control_nontr_sv	size.node_len_median	median node bp	1	unit_aware	20	1.0	1.0	1.0	1.0	20	0.0	0.0	0.0	0	0	20					
control_nontr_sv	size.node_frac_1bp	frac 1-bp nodes	-1	mc	20	0.61325	0.574525	0.6393	0.611525												
control_nontr_sv	size.node_frac_1bp	frac 1-bp nodes	-1	mafft_fftns2	20	0.6018	0.5616	0.6396499999999999	0.60183	20	-0.010050000000000059	-0.018450000000000022	0.0037250000000000616	12	7	1	0.025821685791015625				
control_nontr_sv	size.node_frac_1bp	frac 1-bp nodes	-1	mafft_fftnsi	20	0.6018	0.562225	0.6396499999999999	0.604735	20	-0.007550000000000001	-0.015824999999999978	0.0049250000000000405	11	8	1	0.09551239013671875				
control_nontr_sv	size.node_frac_1bp	frac 1-bp nodes	-1	mafft_linsi	20	0.582	0.551125	0.638025	0.59477	20	-0.010700000000000043	-0.025999999999999995	0.0027500000000000024	13	7	0	0.015666961669921875				
control_nontr_sv	size.node_frac_1bp	frac 1-bp nodes	-1	mafft_einsi	20	0.5868	0.5616	0.638025	0.600055	20	-0.00940000000000002	-0.020224999999999993	0.0020499999999999963	13	6	1	0.00823211669921875				
control_nontr_sv	size.node_frac_1bp	frac 1-bp nodes	-1	mafft_ginsi	20	0.582	0.550825	0.638025	0.59471	20	-0.010700000000000043	-0.025999999999999995	0.0027500000000000024	13	7	0	0.015666961669921875				
control_nontr_sv	size.node_frac_1bp	frac 1-bp nodes	-1	poa_abpoa	20	0.599	0.56745	0.638025	0.6028749999999999	20	-0.00940000000000002	-0.015324999999999978	0.0037250000000000616	13	7	0	0.029575347900390625				
control_nontr_sv	size.node_frac_1bp	frac 1-bp nodes	-1	poa_spoa	20	0.599	0.55485	0.63595	0.6007450000000001	20	-0.010050000000000059	-0.015824999999999978	-0.0030250000000000277	15	5	0	0.0037689208984375				
control_nontr_sv	size.node_frac_1bp	frac 1-bp nodes	-1	poa_abpoa_mc	20	0.5964499999999999	0.56745	0.638025	0.6027549999999999	20	-0.010050000000000059	-0.015324999999999978	0.0037250000000000616	13	7	0	0.03276824951171875				
control_nontr_sv	size.node_frac_1bp	frac 1-bp nodes	-1	unit_aware	20	0.582	0.551125	0.638025	0.59477	20	-0.010700000000000043	-0.025999999999999995	0.0027500000000000024	13	7	0	0.015666961669921875				
control_nontr_sv	size.edges_per_kb	edges / CHM13 kb	-1	mc	20	77.88	59.075	97.8875	90.841												
control_nontr_sv	size.edges_per_kb	edges / CHM13 kb	-1	mafft_fftns2	20	71.2	53.537499999999994	89.1325	86.064	20	-3.645000000000003	-5.587500000000006	-1.942499999999999	18	1	1	1.1444091796875e-05				
control_nontr_sv	size.edges_per_kb	edges / CHM13 kb	-1	mafft_fftnsi	20	71.2	53.537499999999994	89.1325	85.977	20	-3.7950000000000053	-5.587500000000006	-1.942499999999999	18	1	1	1.1444091796875e-05				
control_nontr_sv	size.edges_per_kb	edges / CHM13 kb	-1	mafft_linsi	20	76.97	58.875	132.26250000000002	120.63250000000001	20	-2.5600000000000023	-5.435000000000008	-0.5524999999999771	15	5	0	0.10539817810058594				
control_nontr_sv	size.edges_per_kb	edges / CHM13 kb	-1	mafft_einsi	20	70.785	55.057500000000005	89.7925	86.4785	20	-3.6800000000000033	-4.872500000000004	-2.412499999999998	17	3	0	0.0001049041748046875				
control_nontr_sv	size.edges_per_kb	edges / CHM13 kb	-1	mafft_ginsi	20	76.97	58.875	132.26250000000002	120.572	20	-2.5600000000000023	-5.435000000000008	-0.5524999999999771	15	5	0	0.10539817810058594				
control_nontr_sv	size.edges_per_kb	edges / CHM13 kb	-1	poa_abpoa	20	71.67	53.537499999999994	90.43	86.3845	20	-3.6800000000000033	-5.435000000000008	-1.707499999999996	17	2	1	2.6702880859375e-05				
control_nontr_sv	size.edges_per_kb	edges / CHM13 kb	-1	poa_spoa	20	71.67	53.537499999999994	91.70500000000001	86.4285	20	-3.6800000000000033	-5.435000000000008	-1.942499999999999	18	2	0	0.0002613067626953125				
control_nontr_sv	size.edges_per_kb	edges / CHM13 kb	-1	poa_abpoa_mc	20	71.67	53.537499999999994	89.4725	86.339	20	-3.785	-5.435000000000008	-1.942499999999999	18	2	0	1.33514404296875e-05				
control_nontr_sv	size.edges_per_kb	edges / CHM13 kb	-1	unit_aware	20	76.97	58.875	132.26250000000002	120.63250000000001	20	-2.5600000000000023	-5.435000000000008	-0.5524999999999771	15	5	0	0.10539817810058594				
control_nontr_sv	size.bubbles	top-level bubbles	0	mc	20	10.5	8.0	12.0	11.95												
control_nontr_sv	size.bubbles	top-level bubbles	0	mafft_fftns2	20	10.0	8.0	12.0	11.9	20	0.0	0.0	0.0			17	1.0				
control_nontr_sv	size.bubbles	top-level bubbles	0	mafft_fftnsi	20	10.0	8.0	12.0	11.9	20	0.0	0.0	0.0			17	1.0				
control_nontr_sv	size.bubbles	top-level bubbles	0	mafft_linsi	20	11.0	8.75	15.25	20.8	20	0.0	0.0	0.25			14	0.125				
control_nontr_sv	size.bubbles	top-level bubbles	0	mafft_einsi	20	10.0	8.75	12.0	12.0	20	0.0	0.0	0.0			17	1.0				
control_nontr_sv	size.bubbles	top-level bubbles	0	mafft_ginsi	20	11.0	8.75	15.25	20.8	20	0.0	0.0	0.25			14	0.125				
control_nontr_sv	size.bubbles	top-level bubbles	0	poa_abpoa	20	10.5	8.75	12.0	12.05	20	0.0	0.0	0.0			16	0.625				
control_nontr_sv	size.bubbles	top-level bubbles	0	poa_spoa	20	10.5	8.75	12.0	12.15	20	0.0	0.0	0.0			15	0.3125				
control_nontr_sv	size.bubbles	top-level bubbles	0	poa_abpoa_mc	20	10.5	8.75	12.0	12.05	20	0.0	0.0	0.0			16	0.625				
control_nontr_sv	size.bubbles	top-level bubbles	0	unit_aware	20	11.0	8.75	15.25	20.8	20	0.0	0.0	0.25			14	0.125				
control_nontr_sv	size.largest_bubble_alleles	alleles, largest bubble	0	mc	20	6.0	3.0	15.5	10.3												
control_nontr_sv	size.largest_bubble_alleles	alleles, largest bubble	0	mafft_fftns2	20	6.0	3.0	15.5	10.35	20	0.0	0.0	0.0			19	1.0				
control_nontr_sv	size.largest_bubble_alleles	alleles, largest bubble	0	mafft_fftnsi	20	6.0	3.0	15.5	10.35	20	0.0	0.0	0.0			19	1.0				
control_nontr_sv	size.largest_bubble_alleles	alleles, largest bubble	0	mafft_linsi	20	6.0	3.0	13.25	10.1	20	0.0	0.0	0.0			16	0.5				
control_nontr_sv	size.largest_bubble_alleles	alleles, largest bubble	0	mafft_einsi	20	6.5	3.0	14.75	10.5	20	0.0	0.0	0.0			16	0.5				
control_nontr_sv	size.largest_bubble_alleles	alleles, largest bubble	0	mafft_ginsi	20	6.0	3.0	13.25	10.1	20	0.0	0.0	0.0			16	0.5				
control_nontr_sv	size.largest_bubble_alleles	alleles, largest bubble	0	poa_abpoa	20	6.0	3.0	14.75	10.25	20	0.0	0.0	0.0			17	1.0				
control_nontr_sv	size.largest_bubble_alleles	alleles, largest bubble	0	poa_spoa	20	6.0	3.0	14.75	10.25	20	0.0	0.0	0.0			17	1.0				
control_nontr_sv	size.largest_bubble_alleles	alleles, largest bubble	0	poa_abpoa_mc	20	6.0	3.0	14.75	10.25	20	0.0	0.0	0.0			17	1.0				
control_nontr_sv	size.largest_bubble_alleles	alleles, largest bubble	0	unit_aware	20	6.0	3.0	13.25	10.1	20	0.0	0.0	0.0			16	0.5				
control_nontr_sv	size.distinct_walks	distinct walks	0	mc	20	19.5	12.5	24.75	19.75												
control_nontr_sv	size.distinct_walks	distinct walks	0	mafft_fftns2	20	19.5	12.5	24.75	19.75	20	0.0	0.0	0.0			20					
control_nontr_sv	size.distinct_walks	distinct walks	0	mafft_fftnsi	20	19.5	12.5	24.75	19.75	20	0.0	0.0	0.0			20					
control_nontr_sv	size.distinct_walks	distinct walks	0	mafft_linsi	20	19.5	12.5	24.75	19.75	20	0.0	0.0	0.0			20					
control_nontr_sv	size.distinct_walks	distinct walks	0	mafft_einsi	20	19.5	12.5	24.75	19.75	20	0.0	0.0	0.0			20					
control_nontr_sv	size.distinct_walks	distinct walks	0	mafft_ginsi	20	19.5	12.5	24.75	19.75	20	0.0	0.0	0.0			20					
control_nontr_sv	size.distinct_walks	distinct walks	0	poa_abpoa	20	19.5	12.5	24.75	19.75	20	0.0	0.0	0.0			20					
control_nontr_sv	size.distinct_walks	distinct walks	0	poa_spoa	20	19.5	12.5	24.75	19.75	20	0.0	0.0	0.0			20					
control_nontr_sv	size.distinct_walks	distinct walks	0	poa_abpoa_mc	20	19.5	12.5	24.75	19.75	20	0.0	0.0	0.0			20					
control_nontr_sv	size.distinct_walks	distinct walks	0	unit_aware	20	19.5	12.5	24.75	19.75	20	0.0	0.0	0.0			20					
control_nontr_sv	alignment.all_cost_over_opt	cost/opt, all pairs	-1	mc	20	1.0003	1.000075	1.0012	1.001605												
control_nontr_sv	alignment.all_cost_over_opt	cost/opt, all pairs	-1	mafft_fftns2	20	1.0002	1.000075	1.001675	1.002745	20	0.0	0.0	0.0	2	3	15	0.4375				
control_nontr_sv	alignment.all_cost_over_opt	cost/opt, all pairs	-1	mafft_fftnsi	20	1.00015	1.0	1.0012	1.001925	20	0.0	0.0	0.0	2	2	16	0.875				
control_nontr_sv	alignment.all_cost_over_opt	cost/opt, all pairs	-1	mafft_linsi	20	1.0002	1.0	1.0037500000000001	1.01835	20	0.0	0.0	7.499999999999174e-05	2	5	13	0.109375				
control_nontr_sv	alignment.all_cost_over_opt	cost/opt, all pairs	-1	mafft_einsi	20	1.00015	1.0	1.0012	1.001975	20	0.0	0.0	0.0	2	3	15	0.4375				
control_nontr_sv	alignment.all_cost_over_opt	cost/opt, all pairs	-1	mafft_ginsi	20	1.0002	1.0	1.0037500000000001	1.01835	20	0.0	0.0	7.499999999999174e-05	2	5	13	0.109375				
control_nontr_sv	alignment.all_cost_over_opt	cost/opt, all pairs	-1	poa_abpoa	20	1.0002	1.000075	1.0012	1.001995	20	0.0	0.0	0.0	1	3	16	0.25				
control_nontr_sv	alignment.all_cost_over_opt	cost/opt, all pairs	-1	poa_spoa	20	1.0002	1.000075	1.0012	1.001685	20	0.0	0.0	0.0	1	2	17	0.5				
control_nontr_sv	alignment.all_cost_over_opt	cost/opt, all pairs	-1	poa_abpoa_mc	20	1.0002	1.000075	1.001675	1.0032400000000001	20	0.0	0.0	0.0	1	3	16	0.25				
control_nontr_sv	alignment.all_cost_over_opt	cost/opt, all pairs	-1	unit_aware	20	1.0002	1.0	1.0037500000000001	1.01835	20	0.0	0.0	7.499999999999174e-05	2	5	13	0.109375				
control_nontr_sv	alignment.all_pair_ratio_median	cost/opt, median pair	-1	mc	20	1.0	1.0	1.0	1.00022												
control_nontr_sv	alignment.all_pair_ratio_median	cost/opt, median pair	-1	mafft_fftns2	20	1.0	1.0	1.0	1.00022	20	0.0	0.0	0.0	0	0	20					
control_nontr_sv	alignment.all_pair_ratio_median	cost/opt, median pair	-1	mafft_fftnsi	20	1.0	1.0	1.0	1.00022	20	0.0	0.0	0.0	0	0	20					
control_nontr_sv	alignment.all_pair_ratio_median	cost/opt, median pair	-1	mafft_linsi	20	1.0	1.0	1.0	1.00329	20	0.0	0.0	0.0	0	1	19	1.0				
control_nontr_sv	alignment.all_pair_ratio_median	cost/opt, median pair	-1	mafft_einsi	20	1.0	1.0	1.0	1.00022	20	0.0	0.0	0.0	0	0	20					
control_nontr_sv	alignment.all_pair_ratio_median	cost/opt, median pair	-1	mafft_ginsi	20	1.0	1.0	1.0	1.00329	20	0.0	0.0	0.0	0	1	19	1.0				
control_nontr_sv	alignment.all_pair_ratio_median	cost/opt, median pair	-1	poa_abpoa	20	1.0	1.0	1.0	1.00022	20	0.0	0.0	0.0	0	0	20					
control_nontr_sv	alignment.all_pair_ratio_median	cost/opt, median pair	-1	poa_spoa	20	1.0	1.0	1.0	1.00022	20	0.0	0.0	0.0	0	0	20					
control_nontr_sv	alignment.all_pair_ratio_median	cost/opt, median pair	-1	poa_abpoa_mc	20	1.0	1.0	1.0	1.00022	20	0.0	0.0	0.0	0	0	20					
control_nontr_sv	alignment.all_pair_ratio_median	cost/opt, median pair	-1	unit_aware	20	1.0	1.0	1.0	1.00329	20	0.0	0.0	0.0	0	1	19	1.0				
control_nontr_sv	alignment.all_excess_per_kb	excess edits / kb	-1	mc	20	0.025	0.01	0.26	0.2205												
control_nontr_sv	alignment.all_excess_per_kb	excess edits / kb	-1	mafft_fftns2	20	0.035	0.01	0.36	0.323	20	0.0	0.0	0.0	2	3	15	0.3125				
control_nontr_sv	alignment.all_excess_per_kb	excess edits / kb	-1	mafft_fftnsi	20	0.025	0.0075	0.26749999999999996	0.264	20	0.0	0.0	0.0	2	2	16	0.625				
control_nontr_sv	alignment.all_excess_per_kb	excess edits / kb	-1	mafft_linsi	20	0.035	0.0075	0.45999999999999996	3.6955	20	0.0	0.0	0.007499999999999993	2	5	13	0.078125				
control_nontr_sv	alignment.all_excess_per_kb	excess edits / kb	-1	mafft_einsi	20	0.025	0.0075	0.26749999999999996	0.27	20	0.0	0.0	0.0	2	3	15	0.3125				
control_nontr_sv	alignment.all_excess_per_kb	excess edits / kb	-1	mafft_ginsi	20	0.035	0.0075	0.45999999999999996	3.6955	20	0.0	0.0	0.007499999999999993	2	5	13	0.078125				
control_nontr_sv	alignment.all_excess_per_kb	excess edits / kb	-1	poa_abpoa	20	0.025	0.01	0.26749999999999996	0.2705	20	0.0	0.0	0.0	1	3	16	0.25				
control_nontr_sv	alignment.all_excess_per_kb	excess edits / kb	-1	poa_spoa	20	0.025	0.01	0.275	0.229	20	0.0	0.0	0.0	1	2	17	0.5				
control_nontr_sv	alignment.all_excess_per_kb	excess edits / kb	-1	poa_abpoa_mc	20	0.035	0.01	0.345	0.313	20	0.0	0.0	0.0	1	3	16	0.25				
control_nontr_sv	alignment.all_excess_per_kb	excess edits / kb	-1	unit_aware	20	0.035	0.0075	0.45999999999999996	3.6955	20	0.0	0.0	0.007499999999999993	2	5	13	0.078125				
control_nontr_sv	alignment.all_frac_pairs_optimal	frac pairs optimal	1	mc	20	0.9771	0.726775	0.9948250000000001	0.84148												
control_nontr_sv	alignment.all_frac_pairs_optimal	frac pairs optimal	1	mafft_fftns2	20	0.9634499999999999	0.659025	0.9948250000000001	0.8240550000000001	20	0.0	0.0	0.0	2	1	17	1.0				
control_nontr_sv	alignment.all_frac_pairs_optimal	frac pairs optimal	1	mafft_fftnsi	20	0.9771	0.726775	0.99685	0.842255	20	0.0	0.0	0.0	2	0	18	0.5				
control_nontr_sv	alignment.all_frac_pairs_optimal	frac pairs optimal	1	mafft_linsi	20	0.96845	0.7228	0.9958750000000001	0.8342750000000001	20	0.0	0.0	0.0	2	3	15	0.625				
control_nontr_sv	alignment.all_frac_pairs_optimal	frac pairs optimal	1	mafft_einsi	20	0.9771	0.7257750000000001	0.99685	0.842055	20	0.0	0.0	0.0	2	1	17	0.5				
control_nontr_sv	alignment.all_frac_pairs_optimal	frac pairs optimal	1	mafft_ginsi	20	0.96845	0.7228	0.9958750000000001	0.8342750000000001	20	0.0	0.0	0.0	2	3	15	0.625				
control_nontr_sv	alignment.all_frac_pairs_optimal	frac pairs optimal	1	poa_abpoa	20	0.9771	0.7257750000000001	0.9936	0.8413999999999999	20	0.0	0.0	0.0	1	2	17	1.0				
control_nontr_sv	alignment.all_frac_pairs_optimal	frac pairs optimal	1	poa_spoa	20	0.9771	0.7257750000000001	0.9936	0.841175	20	0.0	0.0	0.0	1	3	16	0.875				
control_nontr_sv	alignment.all_frac_pairs_optimal	frac pairs optimal	1	poa_abpoa_mc	20	0.9634499999999999	0.678825	0.9936	0.8260500000000001	20	0.0	0.0	0.0	1	3	16	0.625				
control_nontr_sv	alignment.all_frac_pairs_optimal	frac pairs optimal	1	unit_aware	20	0.96845	0.7228	0.9958750000000001	0.8342750000000001	20	0.0	0.0	0.0	2	3	15	0.625				
control_nontr_sv	alignment.ref_cost_over_opt	cost/opt vs CHM13	-1	mc	20	1.0000499999999999	1.0	1.001425	1.001515												
control_nontr_sv	alignment.ref_cost_over_opt	cost/opt vs CHM13	-1	mafft_fftns2	20	1.0000499999999999	1.0	1.002275	1.003375	20	0.0	0.0	0.0	1	2	17	0.5				
control_nontr_sv	alignment.ref_cost_over_opt	cost/opt vs CHM13	-1	mafft_fftnsi	20	1.0	1.0	1.001425	1.001825	20	0.0	0.0	0.0	1	1	18	1.0				
control_nontr_sv	alignment.ref_cost_over_opt	cost/opt vs CHM13	-1	mafft_linsi	20	1.0002	1.0	1.0032750000000001	1.01852	20	0.0	0.0	0.0008000000000000229	1	5	14	0.0625				
control_nontr_sv	alignment.ref_cost_over_opt	cost/opt vs CHM13	-1	mafft_einsi	20	1.0000499999999999	1.0	1.001425	1.0018449999999999	20	0.0	0.0	0.0	1	2	17	0.75				
control_nontr_sv	alignment.ref_cost_over_opt	cost/opt vs CHM13	-1	mafft_ginsi	20	1.0002	1.0	1.0032750000000001	1.01852	20	0.0	0.0	0.0008000000000000229	1	5	14	0.0625				
control_nontr_sv	alignment.ref_cost_over_opt	cost/opt vs CHM13	-1	poa_abpoa	20	1.0000499999999999	1.0	1.002275	1.001985	20	0.0	0.0	0.0	1	2	17	0.5				
control_nontr_sv	alignment.ref_cost_over_opt	cost/opt vs CHM13	-1	poa_spoa	20	1.0000499999999999	1.0	1.002275	1.00164	20	0.0	0.0	0.0	1	1	18	1.0				
control_nontr_sv	alignment.ref_cost_over_opt	cost/opt vs CHM13	-1	poa_abpoa_mc	20	1.0002499999999999	1.0	1.00285	1.00388	20	0.0	0.0	0.0	1	3	16	0.25				
control_nontr_sv	alignment.ref_cost_over_opt	cost/opt vs CHM13	-1	unit_aware	20	1.0002	1.0	1.0032750000000001	1.01852	20	0.0	0.0	0.0008000000000000229	1	5	14	0.0625				
control_nontr_sv	alignment.affine_all_cost_over_opt	affine cost/opt, all	-1	mc	20	1.0	1.0	1.0	1.00031												
control_nontr_sv	alignment.affine_all_cost_over_opt	affine cost/opt, all	-1	mafft_fftns2	20	1.0	1.0	1.0	1.0017049999999998	20	0.0	0.0	0.0	3	2	15	1.0				
control_nontr_sv	alignment.affine_all_cost_over_opt	affine cost/opt, all	-1	mafft_fftnsi	20	1.0	1.0	1.0	1.000035	20	0.0	0.0	0.0	3	1	16	0.375				
control_nontr_sv	alignment.affine_all_cost_over_opt	affine cost/opt, all	-1	mafft_linsi	20	1.0	1.0	1.000075	1.031545	20	0.0	0.0	0.0	3	4	13	0.375				
control_nontr_sv	alignment.affine_all_cost_over_opt	affine cost/opt, all	-1	mafft_einsi	20	1.0	1.0	1.0	1.000145	20	0.0	0.0	0.0	3	2	15	0.625				
control_nontr_sv	alignment.affine_all_cost_over_opt	affine cost/opt, all	-1	mafft_ginsi	20	1.0	1.0	1.000075	1.031545	20	0.0	0.0	0.0	3	4	13	0.375				
control_nontr_sv	alignment.affine_all_cost_over_opt	affine cost/opt, all	-1	poa_abpoa	20	1.0	1.0	1.0	1.0003	20	0.0	0.0	0.0	2	2	16	1.0				
control_nontr_sv	alignment.affine_all_cost_over_opt	affine cost/opt, all	-1	poa_spoa	20	1.0	1.0	1.0	1.00077	20	0.0	0.0	0.0	1	3	16	0.25				
control_nontr_sv	alignment.affine_all_cost_over_opt	affine cost/opt, all	-1	poa_abpoa_mc	20	1.0	1.0	1.0	1.0041600000000002	20	0.0	0.0	0.0	2	2	16	0.875				
control_nontr_sv	alignment.affine_all_cost_over_opt	affine cost/opt, all	-1	unit_aware	20	1.0	1.0	1.000075	1.031545	20	0.0	0.0	0.0	3	4	13	0.375				
control_nontr_sv	alignment.affine_ref_cost_over_opt	affine cost/opt vs CHM13	-1	mc	20	1.0	1.0	1.0	1.000315												
control_nontr_sv	alignment.affine_ref_cost_over_opt	affine cost/opt vs CHM13	-1	mafft_fftns2	20	1.0	1.0	1.0	1.003195	20	0.0	0.0	0.0	3	1	16	0.875				
control_nontr_sv	alignment.affine_ref_cost_over_opt	affine cost/opt vs CHM13	-1	mafft_fftnsi	20	1.0	1.0	1.0	1.0	20	0.0	0.0	0.0	3	0	17	0.25				
control_nontr_sv	alignment.affine_ref_cost_over_opt	affine cost/opt vs CHM13	-1	mafft_linsi	20	1.0	1.0	1.0	1.03195	20	0.0	0.0	0.0	3	4	13	0.21875				
control_nontr_sv	alignment.affine_ref_cost_over_opt	affine cost/opt vs CHM13	-1	mafft_einsi	20	1.0	1.0	1.0	1.0000399999999998	20	0.0	0.0	0.0	3	1	16	0.25				
control_nontr_sv	alignment.affine_ref_cost_over_opt	affine cost/opt vs CHM13	-1	mafft_ginsi	20	1.0	1.0	1.0	1.03195	20	0.0	0.0	0.0	3	4	13	0.21875				
control_nontr_sv	alignment.affine_ref_cost_over_opt	affine cost/opt vs CHM13	-1	poa_abpoa	20	1.0	1.0	1.0	1.0004300000000002	20	0.0	0.0	0.0	2	2	16	1.0				
control_nontr_sv	alignment.affine_ref_cost_over_opt	affine cost/opt vs CHM13	-1	poa_spoa	20	1.0	1.0	1.0	1.000825	20	0.0	0.0	0.0	1	3	16	0.375				
control_nontr_sv	alignment.affine_ref_cost_over_opt	affine cost/opt vs CHM13	-1	poa_abpoa_mc	20	1.0	1.0	1.0	1.006275	20	0.0	0.0	0.0	2	2	16	0.625				
control_nontr_sv	alignment.affine_ref_cost_over_opt	affine cost/opt vs CHM13	-1	unit_aware	20	1.0	1.0	1.0	1.03195	20	0.0	0.0	0.0	3	4	13	0.21875				
control_nontr_sv	alignment.affine_all_excess_per_kb	affine excess / kb	-1	mc	20	0.0	0.0	0.0	0.05600000000000001												
control_nontr_sv	alignment.affine_all_excess_per_kb	affine excess / kb	-1	mafft_fftns2	20	0.0	0.0	0.0	0.26749999999999996	20	0.0	0.0	0.0	3	2	15	1.0				
control_nontr_sv	alignment.affine_all_excess_per_kb	affine excess / kb	-1	mafft_fftnsi	20	0.0	0.0	0.0	0.0045	20	0.0	0.0	0.0	3	1	16	0.375				
control_nontr_sv	alignment.affine_all_excess_per_kb	affine excess / kb	-1	mafft_linsi	20	0.0	0.0	0.0225	14.126999999999999	20	0.0	0.0	0.005	3	5	12	0.3828125				
control_nontr_sv	alignment.affine_all_excess_per_kb	affine excess / kb	-1	mafft_einsi	20	0.0	0.0	0.0	0.0305	20	0.0	0.0	0.0	3	2	15	0.8125				
control_nontr_sv	alignment.affine_all_excess_per_kb	affine excess / kb	-1	mafft_ginsi	20	0.0	0.0	0.0225	14.126999999999999	20	0.0	0.0	0.005	3	5	12	0.3828125				
control_nontr_sv	alignment.affine_all_excess_per_kb	affine excess / kb	-1	poa_abpoa	20	0.0	0.0	0.0	0.044	20	0.0	0.0	0.0	2	3	15	1.0				
control_nontr_sv	alignment.affine_all_excess_per_kb	affine excess / kb	-1	poa_spoa	20	0.0	0.0	0.005	0.16799999999999998	20	0.0	0.0	0.0	1	4	15	0.1875				
control_nontr_sv	alignment.affine_all_excess_per_kb	affine excess / kb	-1	poa_abpoa_mc	20	0.0	0.0	0.0	0.33399999999999996	20	0.0	0.0	0.0	2	3	15	0.8125				
control_nontr_sv	alignment.affine_all_excess_per_kb	affine excess / kb	-1	unit_aware	20	0.0	0.0	0.0225	14.126999999999999	20	0.0	0.0	0.005	3	5	12	0.3828125				
control_nontr_sv	alignment.all_U_per_kb	unaligned homology bp / kb	-1	mc	20	0.0	0.0	0.0	0.21649999999999997												
control_nontr_sv	alignment.all_U_per_kb	unaligned homology bp / kb	-1	mafft_fftns2	20	0.0	0.0	0.0	0.046	20	0.0	0.0	0.0	1	2	17	1.0				
control_nontr_sv	alignment.all_U_per_kb	unaligned homology bp / kb	-1	mafft_fftnsi	20	0.0	0.0	0.0	0.046	20	0.0	0.0	0.0	1	2	17	1.0				
control_nontr_sv	alignment.all_U_per_kb	unaligned homology bp / kb	-1	mafft_linsi	20	0.0	0.0	0.0125	0.199	20	0.0	0.0	0.0025	1	5	14	0.4375				
control_nontr_sv	alignment.all_U_per_kb	unaligned homology bp / kb	-1	mafft_einsi	20	0.0	0.0	0.0025	0.037	20	0.0	0.0	0.0	1	4	15	0.5625				
control_nontr_sv	alignment.all_U_per_kb	unaligned homology bp / kb	-1	mafft_ginsi	20	0.0	0.0	0.0125	0.189	20	0.0	0.0	0.0025	1	5	14	0.4375				
control_nontr_sv	alignment.all_U_per_kb	unaligned homology bp / kb	-1	poa_abpoa	20	0.0	0.0	0.0	0.0	20	0.0	0.0	0.0	2	0	18	0.5				
control_nontr_sv	alignment.all_U_per_kb	unaligned homology bp / kb	-1	poa_spoa	20	0.0	0.0	0.0	0.010499999999999999	20	0.0	0.0	0.0	1	1	18	1.0				
control_nontr_sv	alignment.all_U_per_kb	unaligned homology bp / kb	-1	poa_abpoa_mc	20	0.0	0.0	0.0	0.0235	20	0.0	0.0	0.0	1	1	18	1.0				
control_nontr_sv	alignment.all_U_per_kb	unaligned homology bp / kb	-1	unit_aware	20	0.0	0.0	0.0125	0.199	20	0.0	0.0	0.0025	1	5	14	0.4375				
control_nontr_sv	inflation.sv_pieces_median	SV pieces / path (median)	-1	mc	20	0.0	0.0	1.0	0.4												
control_nontr_sv	inflation.sv_pieces_median	SV pieces / path (median)	-1	mafft_fftns2	20	0.0	0.0	1.0	0.4	20	0.0	0.0	0.0	0	0	20					
control_nontr_sv	inflation.sv_pieces_median	SV pieces / path (median)	-1	mafft_fftnsi	20	0.0	0.0	1.0	0.4	20	0.0	0.0	0.0	0	0	20					
control_nontr_sv	inflation.sv_pieces_median	SV pieces / path (median)	-1	mafft_linsi	20	0.0	0.0	1.0	0.4	20	0.0	0.0	0.0	0	0	20					
control_nontr_sv	inflation.sv_pieces_median	SV pieces / path (median)	-1	mafft_einsi	20	0.0	0.0	1.0	0.4	20	0.0	0.0	0.0	0	0	20					
control_nontr_sv	inflation.sv_pieces_median	SV pieces / path (median)	-1	mafft_ginsi	20	0.0	0.0	1.0	0.4	20	0.0	0.0	0.0	0	0	20					
control_nontr_sv	inflation.sv_pieces_median	SV pieces / path (median)	-1	poa_abpoa	20	0.0	0.0	1.0	0.4	20	0.0	0.0	0.0	0	0	20					
control_nontr_sv	inflation.sv_pieces_median	SV pieces / path (median)	-1	poa_spoa	20	0.0	0.0	1.0	0.4	20	0.0	0.0	0.0	0	0	20					
control_nontr_sv	inflation.sv_pieces_median	SV pieces / path (median)	-1	poa_abpoa_mc	20	0.0	0.0	1.0	0.4	20	0.0	0.0	0.0	0	0	20					
control_nontr_sv	inflation.sv_pieces_median	SV pieces / path (median)	-1	unit_aware	20	0.0	0.0	1.0	0.4	20	0.0	0.0	0.0	0	0	20					
control_nontr_sv	inflation.sv_pieces_mean	SV pieces / path (mean)	-1	mc	20	0.35705	0.14987499999999998	0.580825	0.38798												
control_nontr_sv	inflation.sv_pieces_mean	SV pieces / path (mean)	-1	mafft_fftns2	20	0.35705	0.14987499999999998	0.580825	0.38798	20	0.0	0.0	0.0	0	0	20					
control_nontr_sv	inflation.sv_pieces_mean	SV pieces / path (mean)	-1	mafft_fftnsi	20	0.35705	0.14987499999999998	0.580825	0.38798	20	0.0	0.0	0.0	0	0	20					
control_nontr_sv	inflation.sv_pieces_mean	SV pieces / path (mean)	-1	mafft_linsi	20	0.35705	0.173325	0.580825	0.39237500000000003	20	0.0	0.0	0.0	0	1	19	1.0				
control_nontr_sv	inflation.sv_pieces_mean	SV pieces / path (mean)	-1	mafft_einsi	20	0.35705	0.14987499999999998	0.580825	0.38798	20	0.0	0.0	0.0	0	0	20					
control_nontr_sv	inflation.sv_pieces_mean	SV pieces / path (mean)	-1	mafft_ginsi	20	0.35705	0.173325	0.580825	0.39237500000000003	20	0.0	0.0	0.0	0	1	19	1.0				
control_nontr_sv	inflation.sv_pieces_mean	SV pieces / path (mean)	-1	poa_abpoa	20	0.35705	0.14987499999999998	0.580825	0.38798	20	0.0	0.0	0.0	0	0	20					
control_nontr_sv	inflation.sv_pieces_mean	SV pieces / path (mean)	-1	poa_spoa	20	0.35705	0.14987499999999998	0.580825	0.38798	20	0.0	0.0	0.0	0	0	20					
control_nontr_sv	inflation.sv_pieces_mean	SV pieces / path (mean)	-1	poa_abpoa_mc	20	0.35705	0.14987499999999998	0.580825	0.38798	20	0.0	0.0	0.0	0	0	20					
control_nontr_sv	inflation.sv_pieces_mean	SV pieces / path (mean)	-1	unit_aware	20	0.35705	0.173325	0.580825	0.39237500000000003	20	0.0	0.0	0.0	0	1	19	1.0				
control_nontr_sv	inflation.anchored_over_free	anchored/free vs CHM13	-1	mc	20	1.0000499999999999	1.0	1.001425	1.001515												
control_nontr_sv	inflation.anchored_over_free	anchored/free vs CHM13	-1	mafft_fftns2	20	1.0000499999999999	1.0	1.002275	1.003385	20	0.0	0.0	0.0	1	2	17	0.5				
control_nontr_sv	inflation.anchored_over_free	anchored/free vs CHM13	-1	mafft_fftnsi	20	1.0	1.0	1.001425	1.001825	20	0.0	0.0	0.0	1	1	18	1.0				
control_nontr_sv	inflation.anchored_over_free	anchored/free vs CHM13	-1	mafft_linsi	20	1.0002	1.0	1.0032750000000001	1.01852	20	0.0	0.0	0.0008000000000000229	1	5	14	0.0625				
control_nontr_sv	inflation.anchored_over_free	anchored/free vs CHM13	-1	mafft_einsi	20	1.0000499999999999	1.0	1.001425	1.0018449999999999	20	0.0	0.0	0.0	1	2	17	0.75				
control_nontr_sv	inflation.anchored_over_free	anchored/free vs CHM13	-1	mafft_ginsi	20	1.0002	1.0	1.0032750000000001	1.01852	20	0.0	0.0	0.0008000000000000229	1	5	14	0.0625				
control_nontr_sv	inflation.anchored_over_free	anchored/free vs CHM13	-1	poa_abpoa	20	1.0000499999999999	1.0	1.002275	1.001985	20	0.0	0.0	0.0	1	2	17	0.5				
control_nontr_sv	inflation.anchored_over_free	anchored/free vs CHM13	-1	poa_spoa	20	1.0000499999999999	1.0	1.002275	1.00164	20	0.0	0.0	0.0	1	1	18	1.0				
control_nontr_sv	inflation.anchored_over_free	anchored/free vs CHM13	-1	poa_abpoa_mc	20	1.0002499999999999	1.0	1.00285	1.00388	20	0.0	0.0	0.0	1	3	16	0.25				
control_nontr_sv	inflation.anchored_over_free	anchored/free vs CHM13	-1	unit_aware	20	1.0002	1.0	1.0032750000000001	1.01852	20	0.0	0.0	0.0008000000000000229	1	5	14	0.0625				
control_nontr_sv	inflation.indel_bp_ratio	indel bp / net length change	-1	mc	20	1.0	1.0	1.0001	1.00351												
control_nontr_sv	inflation.indel_bp_ratio	indel bp / net length change	-1	mafft_fftns2	20	1.0	1.0	1.0001	1.005415	20	0.0	0.0	0.0	0	1	19	1.0				
control_nontr_sv	inflation.indel_bp_ratio	indel bp / net length change	-1	mafft_fftnsi	20	1.0	1.0	1.0001	1.00351	20	0.0	0.0	0.0	0	0	20					
control_nontr_sv	inflation.indel_bp_ratio	indel bp / net length change	-1	mafft_linsi	20	1.0	1.0	1.005525	1.00719	20	0.0	0.0	0.0	0	3	17	0.25				
control_nontr_sv	inflation.indel_bp_ratio	indel bp / net length change	-1	mafft_einsi	20	1.0	1.0	1.0001	1.00351	20	0.0	0.0	0.0	0	0	20					
control_nontr_sv	inflation.indel_bp_ratio	indel bp / net length change	-1	mafft_ginsi	20	1.0	1.0	1.005525	1.00719	20	0.0	0.0	0.0	0	3	17	0.25				
control_nontr_sv	inflation.indel_bp_ratio	indel bp / net length change	-1	poa_abpoa	20	1.0	1.0	1.0001	1.00351	20	0.0	0.0	0.0	0	0	20					
control_nontr_sv	inflation.indel_bp_ratio	indel bp / net length change	-1	poa_spoa	20	1.0	1.0	1.0001	1.00351	20	0.0	0.0	0.0	0	0	20					
control_nontr_sv	inflation.indel_bp_ratio	indel bp / net length change	-1	poa_abpoa_mc	20	1.0	1.0	1.00015	1.005485	20	0.0	0.0	0.0	0	1	19	1.0				
control_nontr_sv	inflation.indel_bp_ratio	indel bp / net length change	-1	unit_aware	20	1.0	1.0	1.005525	1.00719	20	0.0	0.0	0.0	0	3	17	0.25				
control_nontr_sv	inflation.indel_bp_excess_per_kb	excess indel bp / kb	-1	mc	20	0.0	0.0	0.0025	0.2995												
control_nontr_sv	inflation.indel_bp_excess_per_kb	excess indel bp / kb	-1	mafft_fftns2	20	0.0	0.0	0.0025	0.35850000000000004	20	0.0	0.0	0.0	0	1	19	1.0				
control_nontr_sv	inflation.indel_bp_excess_per_kb	excess indel bp / kb	-1	mafft_fftnsi	20	0.0	0.0	0.0025	0.2995	20	0.0	0.0	0.0	0	0	20					
control_nontr_sv	inflation.indel_bp_excess_per_kb	excess indel bp / kb	-1	mafft_linsi	20	0.0	0.0	0.9550000000000001	0.6445000000000001	20	0.0	0.0	0.0	0	3	17	0.25				
control_nontr_sv	inflation.indel_bp_excess_per_kb	excess indel bp / kb	-1	mafft_einsi	20	0.0	0.0	0.0025	0.2995	20	0.0	0.0	0.0	0	0	20					
control_nontr_sv	inflation.indel_bp_excess_per_kb	excess indel bp / kb	-1	mafft_ginsi	20	0.0	0.0	0.9550000000000001	0.6445000000000001	20	0.0	0.0	0.0	0	3	17	0.25				
control_nontr_sv	inflation.indel_bp_excess_per_kb	excess indel bp / kb	-1	poa_abpoa	20	0.0	0.0	0.0025	0.2995	20	0.0	0.0	0.0	0	0	20					
control_nontr_sv	inflation.indel_bp_excess_per_kb	excess indel bp / kb	-1	poa_spoa	20	0.0	0.0	0.0025	0.2995	20	0.0	0.0	0.0	0	0	20					
control_nontr_sv	inflation.indel_bp_excess_per_kb	excess indel bp / kb	-1	poa_abpoa_mc	20	0.0	0.0	0.01	0.312	20	0.0	0.0	0.0	0	1	19	1.0				
control_nontr_sv	inflation.indel_bp_excess_per_kb	excess indel bp / kb	-1	unit_aware	20	0.0	0.0	0.9550000000000001	0.6445000000000001	20	0.0	0.0	0.0	0	3	17	0.25				
control_nontr_sv	redundancy.kmer_frac_extra	k-mer extra positions (frac)	-1	mc	20	0.00584	0.0005775	0.0086	0.0060285												
control_nontr_sv	redundancy.kmer_frac_extra	k-mer extra positions (frac)	-1	mafft_fftns2	20	0.0	0.0	0.0067525	0.0044205	20	-0.000385	-0.005755	0.0	10	3	7	0.2734375				
control_nontr_sv	redundancy.kmer_frac_extra	k-mer extra positions (frac)	-1	mafft_fftnsi	20	0.0	0.0	0.0067525	0.0037199999999999998	20	-0.000385	-0.005755	0.0	10	3	7	0.167724609375				
control_nontr_sv	redundancy.kmer_frac_extra	k-mer extra positions (frac)	-1	mafft_linsi	20	0.0	0.0	0.0001125	0.0190415	20	-0.005039999999999999	-0.008215	0.0	12	4	4	0.5618896484375				
control_nontr_sv	redundancy.kmer_frac_extra	k-mer extra positions (frac)	-1	mafft_einsi	20	0.0	0.0	0.0	0.0007865000000000001	20	-0.004175	-0.007685	0.0	14	0	6	0.0001220703125				
control_nontr_sv	redundancy.kmer_frac_extra	k-mer extra positions (frac)	-1	mafft_ginsi	20	0.0	0.0	0.0001125	0.0190315	20	-0.005039999999999999	-0.008215	0.0	12	4	4	0.5618896484375				
control_nontr_sv	redundancy.kmer_frac_extra	k-mer extra positions (frac)	-1	poa_abpoa	20	0.0	0.0	0.0	0.0004945	20	-0.005039999999999999	-0.008215	0.0	14	0	6	0.0001220703125				
control_nontr_sv	redundancy.kmer_frac_extra	k-mer extra positions (frac)	-1	poa_spoa	20	0.0	0.0	0.0	0.0004945	20	-0.005039999999999999	-0.008215	0.0	14	0	6	0.0001220703125				
control_nontr_sv	redundancy.kmer_frac_extra	k-mer extra positions (frac)	-1	poa_abpoa_mc	20	0.0	0.0	0.0	0.001722	20	-0.005039999999999999	-0.008215	0.0	14	1	5	0.00836181640625				
control_nontr_sv	redundancy.kmer_frac_extra	k-mer extra positions (frac)	-1	unit_aware	20	0.0	0.0	0.0001125	0.0190415	20	-0.005039999999999999	-0.008215	0.0	12	4	4	0.5618896484375				
control_nontr_sv	redundancy.kmer_extra_per_kb	k-mer extra positions / kb	-1	mc	20	7.279999999999999	0.6900000000000001	14.495000000000001	9.5095												
control_nontr_sv	redundancy.kmer_extra_per_kb	k-mer extra positions / kb	-1	mafft_fftns2	20	0.0	0.0	8.9725	6.699	20	-0.46	-7.185	0.0	10	3	7	0.243896484375				
control_nontr_sv	redundancy.kmer_extra_per_kb	k-mer extra positions / kb	-1	mafft_fftnsi	20	0.0	0.0	8.9725	5.735	20	-0.46	-7.185	0.0	10	3	7	0.167724609375				
control_nontr_sv	redundancy.kmer_extra_per_kb	k-mer extra positions / kb	-1	mafft_linsi	20	0.0	0.0	0.26	45.2685	20	-6.045	-11.272499999999999	0.0	12	4	4	0.528167724609375				
control_nontr_sv	redundancy.kmer_extra_per_kb	k-mer extra positions / kb	-1	mafft_einsi	20	0.0	0.0	0.0	1.2149999999999999	20	-5.2	-10.605	0.0	14	0	6	0.0001220703125				
control_nontr_sv	redundancy.kmer_extra_per_kb	k-mer extra positions / kb	-1	mafft_ginsi	20	0.0	0.0	0.26	45.2085	20	-6.045	-11.272499999999999	0.0	12	4	4	0.528167724609375				
control_nontr_sv	redundancy.kmer_extra_per_kb	k-mer extra positions / kb	-1	poa_abpoa	20	0.0	0.0	0.0	0.8549999999999999	20	-6.245	-11.272499999999999	0.0	14	0	6	0.0001220703125				
control_nontr_sv	redundancy.kmer_extra_per_kb	k-mer extra positions / kb	-1	poa_spoa	20	0.0	0.0	0.0	0.8549999999999999	20	-6.245	-11.272499999999999	0.0	14	0	6	0.0001220703125				
control_nontr_sv	redundancy.kmer_extra_per_kb	k-mer extra positions / kb	-1	poa_abpoa_mc	20	0.0	0.0	0.0	2.898	20	-6.245	-11.272499999999999	0.0	14	1	5	0.0067138671875				
control_nontr_sv	redundancy.kmer_extra_per_kb	k-mer extra positions / kb	-1	unit_aware	20	0.0	0.0	0.26	45.2685	20	-6.045	-11.272499999999999	0.0	12	4	4	0.528167724609375				
control_nontr_sv	truth.d_graph_sum	truth edits to best graph path (h1+h2)	-1	mc	0																
control_nontr_sv	truth.d_graph_sum	truth edits to best graph path (h1+h2)	-1	mafft_fftns2	0																
control_nontr_sv	truth.d_graph_sum	truth edits to best graph path (h1+h2)	-1	mafft_fftnsi	0																
control_nontr_sv	truth.d_graph_sum	truth edits to best graph path (h1+h2)	-1	mafft_linsi	0																
control_nontr_sv	truth.d_graph_sum	truth edits to best graph path (h1+h2)	-1	mafft_einsi	0																
control_nontr_sv	truth.d_graph_sum	truth edits to best graph path (h1+h2)	-1	mafft_ginsi	0																
control_nontr_sv	truth.d_graph_sum	truth edits to best graph path (h1+h2)	-1	poa_abpoa	0																
control_nontr_sv	truth.d_graph_sum	truth edits to best graph path (h1+h2)	-1	poa_spoa	0																
control_nontr_sv	truth.d_graph_sum	truth edits to best graph path (h1+h2)	-1	poa_abpoa_mc	0																
control_nontr_sv	truth.d_graph_sum	truth edits to best graph path (h1+h2)	-1	unit_aware	0																
control_nontr_sv	truth.h1_d_graph	truth h1 edits to graph	-1	mc	0																
control_nontr_sv	truth.h1_d_graph	truth h1 edits to graph	-1	mafft_fftns2	0																
control_nontr_sv	truth.h1_d_graph	truth h1 edits to graph	-1	mafft_fftnsi	0																
control_nontr_sv	truth.h1_d_graph	truth h1 edits to graph	-1	mafft_linsi	0																
control_nontr_sv	truth.h1_d_graph	truth h1 edits to graph	-1	mafft_einsi	0																
control_nontr_sv	truth.h1_d_graph	truth h1 edits to graph	-1	mafft_ginsi	0																
control_nontr_sv	truth.h1_d_graph	truth h1 edits to graph	-1	poa_abpoa	0																
control_nontr_sv	truth.h1_d_graph	truth h1 edits to graph	-1	poa_spoa	0																
control_nontr_sv	truth.h1_d_graph	truth h1 edits to graph	-1	poa_abpoa_mc	0																
control_nontr_sv	truth.h1_d_graph	truth h1 edits to graph	-1	unit_aware	0																
control_nontr_sv	truth.h2_d_graph	truth h2 edits to graph	-1	mc	0																
control_nontr_sv	truth.h2_d_graph	truth h2 edits to graph	-1	mafft_fftns2	0																
control_nontr_sv	truth.h2_d_graph	truth h2 edits to graph	-1	mafft_fftnsi	0																
control_nontr_sv	truth.h2_d_graph	truth h2 edits to graph	-1	mafft_linsi	0																
control_nontr_sv	truth.h2_d_graph	truth h2 edits to graph	-1	mafft_einsi	0																
control_nontr_sv	truth.h2_d_graph	truth h2 edits to graph	-1	mafft_ginsi	0																
control_nontr_sv	truth.h2_d_graph	truth h2 edits to graph	-1	poa_abpoa	0																
control_nontr_sv	truth.h2_d_graph	truth h2 edits to graph	-1	poa_spoa	0																
control_nontr_sv	truth.h2_d_graph	truth h2 edits to graph	-1	poa_abpoa_mc	0																
control_nontr_sv	truth.h2_d_graph	truth h2 edits to graph	-1	unit_aware	0																
control_nontr_sv	truth.d_panel_sum	truth edits to closest panel path (h1+h2)	0	mc	0																
control_nontr_sv	truth.d_panel_sum	truth edits to closest panel path (h1+h2)	0	mafft_fftns2	0																
control_nontr_sv	truth.d_panel_sum	truth edits to closest panel path (h1+h2)	0	mafft_fftnsi	0																
control_nontr_sv	truth.d_panel_sum	truth edits to closest panel path (h1+h2)	0	mafft_linsi	0																
control_nontr_sv	truth.d_panel_sum	truth edits to closest panel path (h1+h2)	0	mafft_einsi	0																
control_nontr_sv	truth.d_panel_sum	truth edits to closest panel path (h1+h2)	0	mafft_ginsi	0																
control_nontr_sv	truth.d_panel_sum	truth edits to closest panel path (h1+h2)	0	poa_abpoa	0																
control_nontr_sv	truth.d_panel_sum	truth edits to closest panel path (h1+h2)	0	poa_spoa	0																
control_nontr_sv	truth.d_panel_sum	truth edits to closest panel path (h1+h2)	0	poa_abpoa_mc	0																
control_nontr_sv	truth.d_panel_sum	truth edits to closest panel path (h1+h2)	0	unit_aware	0																
control_nontr_sv	truth.truvari.raw_f1	truth-by-graph truvari F1, raw	1	mc	0																
control_nontr_sv	truth.truvari.raw_f1	truth-by-graph truvari F1, raw	1	mafft_fftns2	0																
control_nontr_sv	truth.truvari.raw_f1	truth-by-graph truvari F1, raw	1	mafft_fftnsi	0																
control_nontr_sv	truth.truvari.raw_f1	truth-by-graph truvari F1, raw	1	mafft_linsi	0																
control_nontr_sv	truth.truvari.raw_f1	truth-by-graph truvari F1, raw	1	mafft_einsi	0																
control_nontr_sv	truth.truvari.raw_f1	truth-by-graph truvari F1, raw	1	mafft_ginsi	0																
control_nontr_sv	truth.truvari.raw_f1	truth-by-graph truvari F1, raw	1	poa_abpoa	0																
control_nontr_sv	truth.truvari.raw_f1	truth-by-graph truvari F1, raw	1	poa_spoa	0																
control_nontr_sv	truth.truvari.raw_f1	truth-by-graph truvari F1, raw	1	poa_abpoa_mc	0																
control_nontr_sv	truth.truvari.raw_f1	truth-by-graph truvari F1, raw	1	unit_aware	0																
control_nontr_sv	truth.truvari.refined_f1	truth-by-graph truvari F1, refined	1	mc	0																
control_nontr_sv	truth.truvari.refined_f1	truth-by-graph truvari F1, refined	1	mafft_fftns2	0																
control_nontr_sv	truth.truvari.refined_f1	truth-by-graph truvari F1, refined	1	mafft_fftnsi	0																
control_nontr_sv	truth.truvari.refined_f1	truth-by-graph truvari F1, refined	1	mafft_linsi	0																
control_nontr_sv	truth.truvari.refined_f1	truth-by-graph truvari F1, refined	1	mafft_einsi	0																
control_nontr_sv	truth.truvari.refined_f1	truth-by-graph truvari F1, refined	1	mafft_ginsi	0																
control_nontr_sv	truth.truvari.refined_f1	truth-by-graph truvari F1, refined	1	poa_abpoa	0																
control_nontr_sv	truth.truvari.refined_f1	truth-by-graph truvari F1, refined	1	poa_spoa	0																
control_nontr_sv	truth.truvari.refined_f1	truth-by-graph truvari F1, refined	1	poa_abpoa_mc	0																
control_nontr_sv	truth.truvari.refined_f1	truth-by-graph truvari F1, refined	1	unit_aware	0																
control_nontr_sv	truth.truvari.phab_f1	truth-by-graph truvari F1, whole-span phab	1	mc	0																
control_nontr_sv	truth.truvari.phab_f1	truth-by-graph truvari F1, whole-span phab	1	mafft_fftns2	0																
control_nontr_sv	truth.truvari.phab_f1	truth-by-graph truvari F1, whole-span phab	1	mafft_fftnsi	0																
control_nontr_sv	truth.truvari.phab_f1	truth-by-graph truvari F1, whole-span phab	1	mafft_linsi	0																
control_nontr_sv	truth.truvari.phab_f1	truth-by-graph truvari F1, whole-span phab	1	mafft_einsi	0																
control_nontr_sv	truth.truvari.phab_f1	truth-by-graph truvari F1, whole-span phab	1	mafft_ginsi	0																
control_nontr_sv	truth.truvari.phab_f1	truth-by-graph truvari F1, whole-span phab	1	poa_abpoa	0																
control_nontr_sv	truth.truvari.phab_f1	truth-by-graph truvari F1, whole-span phab	1	poa_spoa	0																
control_nontr_sv	truth.truvari.phab_f1	truth-by-graph truvari F1, whole-span phab	1	poa_abpoa_mc	0																
control_nontr_sv	truth.truvari.phab_f1	truth-by-graph truvari F1, whole-span phab	1	unit_aware	0																
control_nontr_sv	truth.truvari.records_sv	truth-by-graph SV records	0	mc	0																
control_nontr_sv	truth.truvari.records_sv	truth-by-graph SV records	0	mafft_fftns2	0																
control_nontr_sv	truth.truvari.records_sv	truth-by-graph SV records	0	mafft_fftnsi	0																
control_nontr_sv	truth.truvari.records_sv	truth-by-graph SV records	0	mafft_linsi	0																
control_nontr_sv	truth.truvari.records_sv	truth-by-graph SV records	0	mafft_einsi	0																
control_nontr_sv	truth.truvari.records_sv	truth-by-graph SV records	0	mafft_ginsi	0																
control_nontr_sv	truth.truvari.records_sv	truth-by-graph SV records	0	poa_abpoa	0																
control_nontr_sv	truth.truvari.records_sv	truth-by-graph SV records	0	poa_spoa	0																
control_nontr_sv	truth.truvari.records_sv	truth-by-graph SV records	0	poa_abpoa_mc	0																
control_nontr_sv	truth.truvari.records_sv	truth-by-graph SV records	0	unit_aware	0																
control_nontr_sv	reads.all_unique	reads: unique placement	1	mc	0																
control_nontr_sv	reads.all_unique	reads: unique placement	1	mafft_fftns2	0																
control_nontr_sv	reads.all_unique	reads: unique placement	1	mafft_fftnsi	0																
control_nontr_sv	reads.all_unique	reads: unique placement	1	mafft_linsi	0																
control_nontr_sv	reads.all_unique	reads: unique placement	1	mafft_einsi	0																
control_nontr_sv	reads.all_unique	reads: unique placement	1	mafft_ginsi	0																
control_nontr_sv	reads.all_unique	reads: unique placement	1	poa_abpoa	0																
control_nontr_sv	reads.all_unique	reads: unique placement	1	poa_spoa	0																
control_nontr_sv	reads.all_unique	reads: unique placement	1	poa_abpoa_mc	0																
control_nontr_sv	reads.all_unique	reads: unique placement	1	unit_aware	0																
control_nontr_sv	reads.all_redundant_only	reads: redundant (cross-walk) only	-1	mc	0																
control_nontr_sv	reads.all_redundant_only	reads: redundant (cross-walk) only	-1	mafft_fftns2	0																
control_nontr_sv	reads.all_redundant_only	reads: redundant (cross-walk) only	-1	mafft_fftnsi	0																
control_nontr_sv	reads.all_redundant_only	reads: redundant (cross-walk) only	-1	mafft_linsi	0																
control_nontr_sv	reads.all_redundant_only	reads: redundant (cross-walk) only	-1	mafft_einsi	0																
control_nontr_sv	reads.all_redundant_only	reads: redundant (cross-walk) only	-1	mafft_ginsi	0																
control_nontr_sv	reads.all_redundant_only	reads: redundant (cross-walk) only	-1	poa_abpoa	0																
control_nontr_sv	reads.all_redundant_only	reads: redundant (cross-walk) only	-1	poa_spoa	0																
control_nontr_sv	reads.all_redundant_only	reads: redundant (cross-walk) only	-1	poa_abpoa_mc	0																
control_nontr_sv	reads.all_redundant_only	reads: redundant (cross-walk) only	-1	unit_aware	0																
control_nontr_sv	reads.all_tandem	reads: tandem	0	mc	0																
control_nontr_sv	reads.all_tandem	reads: tandem	0	mafft_fftns2	0																
control_nontr_sv	reads.all_tandem	reads: tandem	0	mafft_fftnsi	0																
control_nontr_sv	reads.all_tandem	reads: tandem	0	mafft_linsi	0																
control_nontr_sv	reads.all_tandem	reads: tandem	0	mafft_einsi	0																
control_nontr_sv	reads.all_tandem	reads: tandem	0	mafft_ginsi	0																
control_nontr_sv	reads.all_tandem	reads: tandem	0	poa_abpoa	0																
control_nontr_sv	reads.all_tandem	reads: tandem	0	poa_spoa	0																
control_nontr_sv	reads.all_tandem	reads: tandem	0	poa_abpoa_mc	0																
control_nontr_sv	reads.all_tandem	reads: tandem	0	unit_aware	0																
control_nontr_sv	reads.all_ratio_mean	reads: placements / max per path	-1	mc	0																
control_nontr_sv	reads.all_ratio_mean	reads: placements / max per path	-1	mafft_fftns2	0																
control_nontr_sv	reads.all_ratio_mean	reads: placements / max per path	-1	mafft_fftnsi	0																
control_nontr_sv	reads.all_ratio_mean	reads: placements / max per path	-1	mafft_linsi	0																
control_nontr_sv	reads.all_ratio_mean	reads: placements / max per path	-1	mafft_einsi	0																
control_nontr_sv	reads.all_ratio_mean	reads: placements / max per path	-1	mafft_ginsi	0																
control_nontr_sv	reads.all_ratio_mean	reads: placements / max per path	-1	poa_abpoa	0																
control_nontr_sv	reads.all_ratio_mean	reads: placements / max per path	-1	poa_spoa	0																
control_nontr_sv	reads.all_ratio_mean	reads: placements / max per path	-1	poa_abpoa_mc	0																
control_nontr_sv	reads.all_ratio_mean	reads: placements / max per path	-1	unit_aware	0																
control_nontr_sv	reads.mqlt5_redundant_only	reads MAPQ<5: redundant only	-1	mc	0																
control_nontr_sv	reads.mqlt5_redundant_only	reads MAPQ<5: redundant only	-1	mafft_fftns2	0																
control_nontr_sv	reads.mqlt5_redundant_only	reads MAPQ<5: redundant only	-1	mafft_fftnsi	0																
control_nontr_sv	reads.mqlt5_redundant_only	reads MAPQ<5: redundant only	-1	mafft_linsi	0																
control_nontr_sv	reads.mqlt5_redundant_only	reads MAPQ<5: redundant only	-1	mafft_einsi	0																
control_nontr_sv	reads.mqlt5_redundant_only	reads MAPQ<5: redundant only	-1	mafft_ginsi	0																
control_nontr_sv	reads.mqlt5_redundant_only	reads MAPQ<5: redundant only	-1	poa_abpoa	0																
control_nontr_sv	reads.mqlt5_redundant_only	reads MAPQ<5: redundant only	-1	poa_spoa	0																
control_nontr_sv	reads.mqlt5_redundant_only	reads MAPQ<5: redundant only	-1	poa_abpoa_mc	0																
control_nontr_sv	reads.mqlt5_redundant_only	reads MAPQ<5: redundant only	-1	unit_aware	0																
control_nontr_sv	reads.mqlt5_ratio_mean	reads MAPQ<5: placements / max per path	-1	mc	0																
control_nontr_sv	reads.mqlt5_ratio_mean	reads MAPQ<5: placements / max per path	-1	mafft_fftns2	0																
control_nontr_sv	reads.mqlt5_ratio_mean	reads MAPQ<5: placements / max per path	-1	mafft_fftnsi	0																
control_nontr_sv	reads.mqlt5_ratio_mean	reads MAPQ<5: placements / max per path	-1	mafft_linsi	0																
control_nontr_sv	reads.mqlt5_ratio_mean	reads MAPQ<5: placements / max per path	-1	mafft_einsi	0																
control_nontr_sv	reads.mqlt5_ratio_mean	reads MAPQ<5: placements / max per path	-1	mafft_ginsi	0																
control_nontr_sv	reads.mqlt5_ratio_mean	reads MAPQ<5: placements / max per path	-1	poa_abpoa	0																
control_nontr_sv	reads.mqlt5_ratio_mean	reads MAPQ<5: placements / max per path	-1	poa_spoa	0																
control_nontr_sv	reads.mqlt5_ratio_mean	reads MAPQ<5: placements / max per path	-1	poa_abpoa_mc	0																
control_nontr_sv	reads.mqlt5_ratio_mean	reads MAPQ<5: placements / max per path	-1	unit_aware	0																
control_nontr_sv	truth.truvari.pooled_raw_f1	pooled truvari F1 raw	1	mc	0													0	0	0	0
control_nontr_sv	truth.truvari.pooled_refined_f1	pooled truvari F1 refined	1	mc	0													0	0	0	0
control_nontr_sv	truth.truvari.pooled_phab_f1	pooled truvari F1 phab	1	mc	0													0	0	0	0
control_nontr_sv	truth.truvari.pooled_raw_f1	pooled truvari F1 raw	1	mafft_fftns2	0													0	0	0	0
control_nontr_sv	truth.truvari.pooled_refined_f1	pooled truvari F1 refined	1	mafft_fftns2	0													0	0	0	0
control_nontr_sv	truth.truvari.pooled_phab_f1	pooled truvari F1 phab	1	mafft_fftns2	0													0	0	0	0
control_nontr_sv	truth.truvari.pooled_raw_f1	pooled truvari F1 raw	1	mafft_fftnsi	0													0	0	0	0
control_nontr_sv	truth.truvari.pooled_refined_f1	pooled truvari F1 refined	1	mafft_fftnsi	0													0	0	0	0
control_nontr_sv	truth.truvari.pooled_phab_f1	pooled truvari F1 phab	1	mafft_fftnsi	0													0	0	0	0
control_nontr_sv	truth.truvari.pooled_raw_f1	pooled truvari F1 raw	1	mafft_linsi	0													0	0	0	0
control_nontr_sv	truth.truvari.pooled_refined_f1	pooled truvari F1 refined	1	mafft_linsi	0													0	0	0	0
control_nontr_sv	truth.truvari.pooled_phab_f1	pooled truvari F1 phab	1	mafft_linsi	0													0	0	0	0
control_nontr_sv	truth.truvari.pooled_raw_f1	pooled truvari F1 raw	1	mafft_einsi	0													0	0	0	0
control_nontr_sv	truth.truvari.pooled_refined_f1	pooled truvari F1 refined	1	mafft_einsi	0													0	0	0	0
control_nontr_sv	truth.truvari.pooled_phab_f1	pooled truvari F1 phab	1	mafft_einsi	0													0	0	0	0
control_nontr_sv	truth.truvari.pooled_raw_f1	pooled truvari F1 raw	1	mafft_ginsi	0													0	0	0	0
control_nontr_sv	truth.truvari.pooled_refined_f1	pooled truvari F1 refined	1	mafft_ginsi	0													0	0	0	0
control_nontr_sv	truth.truvari.pooled_phab_f1	pooled truvari F1 phab	1	mafft_ginsi	0													0	0	0	0
control_nontr_sv	truth.truvari.pooled_raw_f1	pooled truvari F1 raw	1	poa_abpoa	0													0	0	0	0
control_nontr_sv	truth.truvari.pooled_refined_f1	pooled truvari F1 refined	1	poa_abpoa	0													0	0	0	0
control_nontr_sv	truth.truvari.pooled_phab_f1	pooled truvari F1 phab	1	poa_abpoa	0													0	0	0	0
control_nontr_sv	truth.truvari.pooled_raw_f1	pooled truvari F1 raw	1	poa_spoa	0													0	0	0	0
control_nontr_sv	truth.truvari.pooled_refined_f1	pooled truvari F1 refined	1	poa_spoa	0													0	0	0	0
control_nontr_sv	truth.truvari.pooled_phab_f1	pooled truvari F1 phab	1	poa_spoa	0													0	0	0	0
control_nontr_sv	truth.truvari.pooled_raw_f1	pooled truvari F1 raw	1	poa_abpoa_mc	0													0	0	0	0
control_nontr_sv	truth.truvari.pooled_refined_f1	pooled truvari F1 refined	1	poa_abpoa_mc	0													0	0	0	0
control_nontr_sv	truth.truvari.pooled_phab_f1	pooled truvari F1 phab	1	poa_abpoa_mc	0													0	0	0	0
control_nontr_sv	truth.truvari.pooled_raw_f1	pooled truvari F1 raw	1	unit_aware	0													0	0	0	0
control_nontr_sv	truth.truvari.pooled_refined_f1	pooled truvari F1 refined	1	unit_aware	0													0	0	0	0
control_nontr_sv	truth.truvari.pooled_phab_f1	pooled truvari F1 phab	1	unit_aware	0													0	0	0	0
