source	chrom	pos	end	id	ref_len	alt_len	len_diff	gt	called	qual	filter	truvari	aardvark	vg_truvari	pg_truvari	applied_h1	applied_h2	in_sv_benchmark	svtype	TRFperiod	MatchId	overlaps_span_edge
pangenie	chr10	1232531	1232579	chr10-1232575-DEL->19736421>19736484-48	49	1	-48	1/0	1	.	PASS	-	-	.	.	.	.	.	.	.	.	0
pangenie	chr10	1232531	1232916	chr10-1232560-DEL->19736410>19736811-385	386	1	-385	0/1	1	.	PASS	FP	-	.	.	.	.	.	.	.	44.0,44.0	0
truth_stvar	chr10	1232551	1232551	.	1	1	0	1|1	.	.	.	.	.	-	-	yes	yes	1	.	.	.	0
truth_smvar	chr10	1232551	1232551	.	1	1	0	1|1	.	.	.	.	.	-	-	no:duplicate_of_stvar	no:duplicate_of_stvar	1	.	.	.	0
vg	chr10	1232551	1232551	>19616678>19616681	1	1	0	1|1	1	116.487	PASS	-	-	.	.	.	.	.	.	.	.	0
pangenie	chr10	1232551	1232551	chr10-1232551-SNV->19736397>19736399>19736400-1	1	1	0	0/1	1	.	PASS	-	-	.	.	.	.	.	.	.	.	0
truth_stvar	chr10	1232554	1232554	.	1	1	0	1|1	.	.	.	.	.	-	-	yes	yes	1	.	.	.	0
truth_smvar	chr10	1232554	1232554	.	1	1	0	1|1	.	.	.	.	.	-	-	no:duplicate_of_stvar	no:duplicate_of_stvar	1	.	.	.	0
vg	chr10	1232554	1232554	>19616684>19616687	1	1	0	1|1	1	123.775	PASS	-	-	.	.	.	.	.	.	.	.	0
pangenie	chr10	1232554	1232554	chr10-1232554-SNV->19736403>19736405>19736406-1	1	1	0	1/1	1	.	PASS	-	-	.	.	.	.	.	.	.	.	0
vg	chr10	1232560	1232993	>19616691>19617189	434	1	-433	1|2	1	55.1351	PASS	TP	-	.	.	.	.	.	.	.	45.0,45.0	0
vg	chr10	1232560	1232993	>19616691>19617189	434	145	-289	1|2	1	55.1351	PASS	FP	-	.	.	.	.	.	.	.	45.0,45.1	0
truth_stvar	chr10	1232599	1233152	.	554	1	553	0|1	.	.	.	.	.	TP	FN	ref	yes	1	DEL	24	.	0
truth_smvar	chr10	1232599	1233152	.	554	1	553	0|1	.	.	.	.	.	-	-	ref	no:duplicate_of_stvar	1	.	24	.	0
truth_stvar	chr10	1232602	1232602	.	1	1	0	0|1	.	.	.	.	.	-	-	ref	no:star_allele	1	.	.	.	0
truth_stvar	chr10	1232602	1232602	.	1	1	0	1|0	.	.	.	.	.	-	-	yes	ref	1	.	.	.	0
truth_smvar	chr10	1232602	1232602	.	1	1,1	0	1|2	.	.	.	.	.	-	-	no:duplicate_of_stvar	no:star_allele	1	.	.	.	0
pangenie	chr10	1232623	1232647	chr10-1232626-DEL->19736485>19736487>19736502-24	25	1	-24	1/0	1	.	PASS	-	-	.	.	.	.	.	.	.	.	0
truth_stvar	chr10	1232626	1232626	.	1	1	0	0|1	.	.	.	.	.	-	-	ref	no:star_allele	1	.	.	.	0
truth_stvar	chr10	1232626	1232626	.	1	169	168	1|0	.	.	.	.	.	FN	FN	yes	ref	1	INS	24	.	0
truth_smvar	chr10	1232626	1232626	.	1	169,1	168	1|2	.	.	.	.	.	-	-	no:duplicate_of_stvar	no:star_allele	1	.	24	.	0
pangenie	chr10	1232626	1232747	chr10-1232690-DEL->19736535>19736700-121	122	1	-121	1/0	1	.	PASS	FP	-	.	.	.	.	.	.	.	44.1,44.1	0
truth_stvar	chr10	1232671	1232671	.	1	1	0	0|1	.	.	.	.	.	-	-	ref	no:star_allele	1	.	.	.	0
truth_stvar	chr10	1232671	1232671	.	1	1	0	1|0	.	.	.	.	.	-	-	yes	ref	1	.	.	.	0
truth_smvar	chr10	1232671	1232671	.	1	1,1	0	1|2	.	.	.	.	.	-	-	no:duplicate_of_stvar	no:star_allele	1	.	.	.	0
truth_stvar	chr10	1232675	1232675	.	1	1	0	0|1	.	.	.	.	.	-	-	ref	no:star_allele	1	.	.	.	0
truth_stvar	chr10	1232675	1232675	.	1	1	0	1|0	.	.	.	.	.	-	-	yes	ref	1	.	.	.	0
truth_smvar	chr10	1232675	1232675	.	1	1,1	0	1|2	.	.	.	.	.	-	-	no:duplicate_of_stvar	no:star_allele	1	.	.	.	0
pangenie	chr10	1232675	1232675	chr10-1232675-SNV->19736523>19736526>19736527-1	1	1	0	1/0	1	.	PASS	-	-	.	.	.	.	.	.	.	.	0
truth_stvar	chr10	1232687	1232687	.	1	1	0	0|1	.	.	.	.	.	-	-	ref	no:star_allele	1	.	.	.	0
truth_stvar	chr10	1232687	1232687	.	1	1	0	1|0	.	.	.	.	.	-	-	yes	ref	1	.	.	.	0
truth_smvar	chr10	1232687	1232687	.	1	1,1	0	1|2	.	.	.	.	.	-	-	no:duplicate_of_stvar	no:star_allele	1	.	.	.	0
vg	chr10	1232688	1232809	>19616802>19617019	122	1	-121	.|1	1	106.607	PASS	FP	-	.	.	.	.	.	.	.	45.1,45.2	0
truth_stvar	chr10	1232690	1232691	.	2	1	0	0|1	.	.	.	.	.	-	-	ref	no:star_allele	1	.	.	.	0
truth_stvar	chr10	1232690	1232691	.	2	1	1	1|0	.	.	.	.	.	-	-	yes	ref	1	.	.	.	0
truth_smvar	chr10	1232690	1232691	.	2	1,1	1	1|2	.	.	.	.	.	-	-	no:duplicate_of_stvar	no:star_allele	1	.	.	.	0
truth_stvar	chr10	1232712	1232712	.	1	1	0	0|1	.	.	.	.	.	-	-	ref	no:star_allele	1	.	.	.	0
truth_stvar	chr10	1232712	1232712	.	1	1	0	1|0	.	.	.	.	.	-	-	yes	ref	1	.	.	.	0
truth_smvar	chr10	1232712	1232712	.	1	1,1	0	1|2	.	.	.	.	.	-	-	no:duplicate_of_stvar	no:star_allele	1	.	.	.	0
truth_stvar	chr10	1232760	1232760	.	1	1	0	0|1	.	.	.	.	.	-	-	ref	no:star_allele	1	.	.	.	0
truth_stvar	chr10	1232760	1232760	.	1	1	0	1|0	.	.	.	.	.	-	-	yes	ref	1	.	.	.	0
truth_smvar	chr10	1232760	1232760	.	1	1,1	0	1|2	.	.	.	.	.	-	-	no:duplicate_of_stvar	no:star_allele	1	.	.	.	0
truth_stvar	chr10	1232768	1232768	.	1	1	0	0|1	.	.	.	.	.	-	-	ref	no:star_allele	1	.	.	.	0
truth_stvar	chr10	1232768	1232768	.	1	1	0	1|0	.	.	.	.	.	-	-	yes	ref	1	.	.	.	0
truth_smvar	chr10	1232768	1232768	.	1	1,1	0	1|2	.	.	.	.	.	-	-	no:duplicate_of_stvar	no:star_allele	1	.	.	.	0
truth_stvar	chr10	1232784	1232784	.	1	1	0	0|1	.	.	.	.	.	-	-	ref	no:star_allele	1	.	.	.	0
truth_stvar	chr10	1232784	1232784	.	1	1	0	1|0	.	.	.	.	.	-	-	yes	ref	1	.	.	.	0
truth_smvar	chr10	1232784	1232784	.	1	1,1	0	1|2	.	.	.	.	.	-	-	no:duplicate_of_stvar	no:star_allele	1	.	.	.	0
truth_stvar	chr10	1232795	1232795	.	1	1	0	0|1	.	.	.	.	.	-	-	ref	no:star_allele	1	.	.	.	0
truth_stvar	chr10	1232795	1232795	.	1	1	0	1|0	.	.	.	.	.	-	-	yes	ref	1	.	.	.	0
truth_smvar	chr10	1232795	1232795	.	1	1,1	0	1|2	.	.	.	.	.	-	-	no:duplicate_of_stvar	no:star_allele	1	.	.	.	0
truth_stvar	chr10	1232796	1232796	.	1	1	0	0|1	.	.	.	.	.	-	-	ref	no:star_allele	1	.	.	.	0
truth_stvar	chr10	1232796	1232796	.	1	1	0	1|0	.	.	.	.	.	-	-	yes	ref	1	.	.	.	0
truth_smvar	chr10	1232796	1232796	.	1	1,1	0	1|2	.	.	.	.	.	-	-	no:duplicate_of_stvar	no:star_allele	1	.	.	.	0
vg	chr10	1232816	1232816	>19617019>19617022	1	1	0	.|1	1	95.4056	PASS	-	-	.	.	.	.	.	.	.	.	0
pangenie	chr10	1232816	1232816	chr10-1232816-SNV->19736700>19736702>19736703-1	1	1	0	1/0	1	.	PASS	-	-	.	.	.	.	.	.	.	.	0
truth_stvar	chr10	1232819	1232819	.	1	1	0	0|1	.	.	.	.	.	-	-	ref	no:star_allele	1	.	.	.	0
truth_stvar	chr10	1232819	1232819	.	1	1	0	1|0	.	.	.	.	.	-	-	yes	ref	1	.	.	.	0
truth_smvar	chr10	1232819	1232819	.	1	1,1	0	1|2	.	.	.	.	.	-	-	no:duplicate_of_stvar	no:star_allele	1	.	.	.	0
vg	chr10	1232819	1232819	>19617023>19617029	1	1	0	.|1	1	52.0877	PASS	-	-	.	.	.	.	.	.	.	.	0
truth_stvar	chr10	1232832	1232832	.	1	1	0	0|1	.	.	.	.	.	-	-	ref	no:star_allele	1	.	.	.	0
truth_stvar	chr10	1232832	1232832	.	1	1	0	1|0	.	.	.	.	.	-	-	yes	ref	1	.	.	.	0
truth_smvar	chr10	1232832	1232832	.	1	1,1	0	1|2	.	.	.	.	.	-	-	no:duplicate_of_stvar	no:star_allele	1	.	.	.	0
pangenie	chr10	1232832	1232832	chr10-1232832-SNV->19736713>19736715>19736716-1	1	1	0	1/0	1	.	PASS	-	-	.	.	.	.	.	.	.	.	0
vg	chr10	1232833	1232857	>19617036>19617056	25	1	-24	.|1	1	56.1826	PASS	-	-	.	.	.	.	.	.	.	.	0
truth_stvar	chr10	1232840	1232840	.	1	1	0	0|1	.	.	.	.	.	-	-	ref	no:star_allele	1	.	.	.	0
truth_stvar	chr10	1232840	1232840	.	1	1	0	1|0	.	.	.	.	.	-	-	yes	ref	1	.	.	.	0
truth_smvar	chr10	1232840	1232840	.	1	1,1	0	1|2	.	.	.	.	.	-	-	no:duplicate_of_stvar	no:star_allele	1	.	.	.	0
pangenie	chr10	1232840	1232840	chr10-1232840-SNV->19736716>19736717>19736720-1	1	1	0	1/0	1	.	PASS	-	-	.	.	.	.	.	.	.	.	0
truth_stvar	chr10	1232843	1232843	.	1	1	0	0|1	.	.	.	.	.	-	-	ref	no:star_allele	1	.	.	.	0
truth_stvar	chr10	1232843	1232843	.	1	1	0	1|0	.	.	.	.	.	-	-	yes	ref	1	.	.	.	0
truth_smvar	chr10	1232843	1232843	.	1	1,1	0	1|2	.	.	.	.	.	-	-	no:duplicate_of_stvar	no:star_allele	1	.	.	.	0
pangenie	chr10	1232843	1232844	chr10-1232843-COMPLEX->19736720>19736722>19736723>19736726-2	2	2	0	1/0	1	.	PASS	-	-	.	.	.	.	.	.	.	.	0
truth_stvar	chr10	1232856	1232856	.	1	1	0	0|1	.	.	.	.	.	-	-	ref	no:star_allele	1	.	.	.	0
truth_stvar	chr10	1232856	1232856	.	1	1	0	1|0	.	.	.	.	.	-	-	yes	ref	1	.	.	.	0
truth_smvar	chr10	1232856	1232856	.	1	1,1	0	1|2	.	.	.	.	.	-	-	no:duplicate_of_stvar	no:star_allele	1	.	.	.	0
pangenie	chr10	1232856	1232856	chr10-1232856-SNV->19736729>19736731>19736732-1	1	1	0	1/0	1	.	PASS	-	-	.	.	.	.	.	.	.	.	0
pangenie	chr10	1232864	1232864	chr10-1232864-SNV->19736732>19736733>19736737-1	1	1	0	1/0	1	.	PASS	-	-	.	.	.	.	.	.	.	.	0
vg	chr10	1232867	1232912	>19617056>19617143	46	22	-24	.|1	1	35.9461	PASS	-	-	.	.	.	.	.	.	.	.	0
pangenie	chr10	1232867	1232867	chr10-1232867-SNV->19736737>19736739>19736742-1	1	1	0	1/0	1	.	PASS	-	-	.	.	.	.	.	.	.	.	0
pangenie	chr10	1232867	1232891	chr10-1232883-DEL->19736751>19736772-24	25	1	-24	1/0	1	.	PASS	-	-	.	.	.	.	.	.	.	.	0
pangenie	chr10	1232880	1232880	chr10-1232880-SNV->19736748>19736750>19736751-1	1	1	0	1/0	1	.	PASS	-	-	.	.	.	.	.	.	.	.	0
vg	chr10	1232881	1232905	>19617070>19617111	25	1	-24	.|1	1	36.0043	PASS	-	-	.	.	.	.	.	.	.	.	0
truth_stvar	chr10	1232888	1232888	.	1	1	0	0|1	.	.	.	.	.	-	-	ref	no:star_allele	1	.	.	.	0
truth_stvar	chr10	1232888	1232888	.	1	1	0	1|0	.	.	.	.	.	-	-	yes	ref	1	.	.	.	0
truth_smvar	chr10	1232888	1232888	.	1	1,1	0	1|2	.	.	.	.	.	-	-	no:duplicate_of_stvar	no:star_allele	1	.	.	.	0
truth_stvar	chr10	1232912	1232912	.	1	1	0	0|1	.	.	.	.	.	-	-	ref	no:star_allele	1	.	.	.	0
truth_stvar	chr10	1232912	1232912	.	1	1	0	1|0	.	.	.	.	.	-	-	yes	ref	1	.	.	.	0
truth_smvar	chr10	1232912	1232912	.	1	1,1	0	1|2	.	.	.	.	.	-	-	no:duplicate_of_stvar	no:star_allele	1	.	.	.	0
vg	chr10	1232912	1232912	>19617112>19617116	1	1	0	.|1	1	33.1618	PASS	-	-	.	.	.	.	.	.	.	.	0
pangenie	chr10	1232912	1232912	chr10-1232912-SNV->19736773>19736775>19736777-1	1	1	0	1/0	1	.	PASS	-	-	.	.	.	.	.	.	.	.	0
pangenie	chr10	1232915	1232915	chr10-1232915-SNV->19736777>19736780>19736782-1	1	1	0	1/0	1	.	PASS	-	-	.	.	.	.	.	.	.	.	0
truth_stvar	chr10	1232928	1232928	.	1	1	0	0|1	.	.	.	.	.	-	-	ref	no:star_allele	1	.	.	.	0
truth_stvar	chr10	1232928	1232928	.	1	1	0	1|0	.	.	.	.	.	-	-	yes	ref	1	.	.	.	0
truth_smvar	chr10	1232928	1232928	.	1	1,1	0	1|2	.	.	.	.	.	-	-	no:duplicate_of_stvar	no:star_allele	1	.	.	.	0
pangenie	chr10	1232936	1232936	chr10-1232936-SNV->19736794>19736796>19736797-1	1	1	0	1/0	1	.	PASS	-	-	.	.	.	.	.	.	.	.	0
truth_stvar	chr10	1232939	1232939	.	1	1	0	0|1	.	.	.	.	.	-	-	ref	no:star_allele	1	.	.	.	0
truth_stvar	chr10	1232939	1232939	.	1	1	0	1|0	.	.	.	.	.	-	-	yes	ref	1	.	.	.	0
truth_smvar	chr10	1232939	1232939	.	1	1,1	0	1|2	.	.	.	.	.	-	-	no:duplicate_of_stvar	no:star_allele	1	.	.	.	0
truth_stvar	chr10	1232952	1232952	.	1	1	0	0|1	.	.	.	.	.	-	-	ref	no:star_allele	1	.	.	.	0
truth_stvar	chr10	1232952	1232952	.	1	1	0	1|0	.	.	.	.	.	-	-	yes	ref	1	.	.	.	0
truth_smvar	chr10	1232952	1232952	.	1	1,1	0	1|2	.	.	.	.	.	-	-	no:duplicate_of_stvar	no:star_allele	1	.	.	.	0
pangenie	chr10	1232952	1232952	chr10-1232952-SNV->19736811>19736813>19736814-1	1	1	0	0/1	1	.	PASS	-	-	.	.	.	.	.	.	.	.	0
pangenie	chr10	1232956	1232979	chr10-1232956-DEL->19736814>19736835-23	24	1	-23	1/1	1	.	PASS	-	-	.	.	.	.	.	.	.	.	0
truth_stvar	chr10	1232960	1232960	.	1	1	0	0|1	.	.	.	.	.	-	-	ref	no:star_allele	1	.	.	.	0
truth_stvar	chr10	1232960	1232960	.	1	1	0	1|0	.	.	.	.	.	-	-	yes	ref	1	.	.	.	0
truth_smvar	chr10	1232960	1232960	.	1	1,1	0	1|2	.	.	.	.	.	-	-	no:duplicate_of_stvar	no:star_allele	1	.	.	.	0
vg	chr10	1232963	1232963	>19617156>19617162	1	1	0	.|1	1	3.06847	PASS	-	-	.	.	.	.	.	.	.	.	0
pangenie	chr10	1232979	1233076	chr10-1232983-DEL->19736838>19736841>19736938-97	98	1	-97	0/1	1	.	PASS	TP	-	.	.	.	.	.	.	.	44.2,44.2	0
pangenie	chr10	1232983	1232984	chr10-1232983-DEL->19736838>19736841>19736844-1	2	1	-1	1/0	1	.	PASS	-	-	.	.	.	.	.	.	.	.	0
vg	chr10	1232984	1232984	>19617175>19617180	1	1	0	.|1	1	4.2283	PASS	-	-	.	.	.	.	.	.	.	.	0
truth_stvar	chr10	1232987	1232987	.	1	1	0	0|1	.	.	.	.	.	-	-	ref	no:star_allele	1	.	.	.	0
truth_stvar	chr10	1232987	1232987	.	1	1	0	1|0	.	.	.	.	.	-	-	yes	ref	1	.	.	.	0
truth_smvar	chr10	1232987	1232987	.	1	1,1	0	1|2	.	.	.	.	.	-	-	no:duplicate_of_stvar	no:star_allele	1	.	.	.	0
vg	chr10	1232987	1232987	>19617180>19617186	1	1	0	.|1	1	13.7469	PASS	-	-	.	.	.	.	.	.	.	.	0
pangenie	chr10	1232987	1232987	chr10-1232987-SNV->19736844>19736846>19736849-1	1	1	0	1/0	1	.	PASS	-	-	.	.	.	.	.	.	.	.	0
truth_stvar	chr10	1233000	1233000	.	1	1	0	0|1	.	.	.	.	.	-	-	ref	no:star_allele	1	.	.	.	0
truth_stvar	chr10	1233000	1233000	.	1	1	0	1|0	.	.	.	.	.	-	-	yes	ref	1	.	.	.	0
truth_smvar	chr10	1233000	1233000	.	1	1,1	0	1|2	.	.	.	.	.	-	-	no:duplicate_of_stvar	no:star_allele	1	.	.	.	0
vg	chr10	1233008	1233008	>19617198>19617202	1	1	0	1|1	1	9.02192	PASS	-	-	.	.	.	.	.	.	.	.	0
vg	chr10	1233011	1233011	>19617202>19617207	1	1	0	0|1	1	3.62625	PASS	-	-	.	.	.	.	.	.	.	.	0
pangenie	chr10	1233011	1233011	chr10-1233011-SNV->19736862>19736864>19736867-1	1	1	0	1/0	1	.	PASS	-	-	.	.	.	.	.	.	.	.	0
truth_stvar	chr10	1233024	1233024	.	1	1	0	0|1	.	.	.	.	.	-	-	ref	no:star_allele	1	.	.	.	0
truth_stvar	chr10	1233024	1233024	.	1	1	0	1|0	.	.	.	.	.	-	-	yes	ref	1	.	.	.	0
truth_smvar	chr10	1233024	1233024	.	1	1,1	0	1|2	.	.	.	.	.	-	-	no:duplicate_of_stvar	no:star_allele	1	.	.	.	0
vg	chr10	1233024	1233024	>19617213>19617216	1	1	0	1|1	1	15.5677	PASS	-	-	.	.	.	.	.	.	.	.	0
pangenie	chr10	1233024	1233024	chr10-1233024-SNV->19736877>19736879>19736880-1	1	1	0	1/0	1	.	PASS	-	-	.	.	.	.	.	.	.	.	0
truth_stvar	chr10	1233032	1233032	.	1	1	0	0|1	.	.	.	.	.	-	-	ref	no:star_allele	1	.	.	.	0
truth_stvar	chr10	1233032	1233032	.	1	1	0	1|0	.	.	.	.	.	-	-	yes	ref	1	.	.	.	0
truth_smvar	chr10	1233032	1233032	.	1	1,1	0	1|2	.	.	.	.	.	-	-	no:duplicate_of_stvar	no:star_allele	1	.	.	.	0
vg	chr10	1233032	1233032	>19617216>19617219	1	1	0	1|1	1	12.7233	PASS	-	-	.	.	.	.	.	.	.	.	0
pangenie	chr10	1233032	1233032	chr10-1233032-SNV->19736884>19736887>19736888-1	1	1	0	1/0	1	.	PASS	-	-	.	.	.	.	.	.	.	.	0
vg	chr10	1233035	1233035	>19617219>19617222	1	1	0	0|1	1	1.99637	PASS	-	-	.	.	.	.	.	.	.	.	0
vg	chr10	1233051	1233051	>19617233>19617235	1	2	1	1|0	1	2.30247	PASS	-	-	.	.	.	.	.	.	.	.	0
pangenie	chr10	1233051	1233051	chr10-1233051-INS->19736902>19736903>19736904-1	1	2	1	1/0	1	.	PASS	-	-	.	.	.	.	.	.	.	.	0
vg	chr10	1233053	1233056	>19617235>19617242	4	1	-3	1|0	1	15.3696	PASS	-	-	.	.	.	.	.	.	.	.	0
vg	chr10	1233057	1233104	>19617242>19617292	48	1	-47	1|2	1	31.1112	PASS	-	-	.	.	.	.	.	.	.	.	0
vg	chr10	1233057	1233104	>19617242>19617292	48	48	0	1|2	1	31.1112	PASS	-	-	.	.	.	.	.	.	.	.	0
truth_stvar	chr10	1233080	1233080	.	1	1	0	0|1	.	.	.	.	.	-	-	ref	no:star_allele	1	.	.	.	0
truth_stvar	chr10	1233080	1233080	.	1	1	0	1|0	.	.	.	.	.	-	-	yes	ref	1	.	.	.	0
truth_smvar	chr10	1233080	1233080	.	1	1,1	0	1|2	.	.	.	.	.	-	-	no:duplicate_of_stvar	no:star_allele	1	.	.	.	0
vg	chr10	1233083	1233084	>19617269>19617278	2	2	0	.|1	1	9.13332	PASS	-	-	.	.	.	.	.	.	.	.	0
truth_stvar	chr10	1233084	1233084	.	1	1	0	0|1	.	.	.	.	.	-	-	ref	no:star_allele	1	.	.	.	0
truth_stvar	chr10	1233084	1233084	.	1	1	0	1|0	.	.	.	.	.	-	-	yes	ref	1	.	.	.	0
truth_smvar	chr10	1233084	1233084	.	1	1,1	0	1|2	.	.	.	.	.	-	-	no:duplicate_of_stvar	no:star_allele	1	.	.	.	0
pangenie	chr10	1233084	1233084	chr10-1233084-SNV->19736942>19736945>19736946-1	1	1	0	1/1	1	.	PASS	-	-	.	.	.	.	.	.	.	.	0
pangenie	chr10	1233096	1233096	chr10-1233096-SNV->19736954>19736956>19736957-1	1	1	0	0/1	1	.	PASS	-	-	.	.	.	.	.	.	.	.	0
vg	chr10	1233105	1233152	>19617292>19617452	48	1	-47	1|2	1	35.5479	PASS	-	-	.	.	.	.	.	.	.	.	0
vg	chr10	1233105	1233152	>19617292>19617452	48	2	-46	1|2	1	35.5479	PASS	-	-	.	.	.	.	.	.	.	.	0
truth_stvar	chr10	1233107	1233107	.	1	1	0	0|1	.	.	.	.	.	-	-	ref	no:star_allele	1	.	.	.	0
truth_stvar	chr10	1233107	1233107	.	1	1	0	1|0	.	.	.	.	.	-	-	yes	ref	1	.	.	.	0
truth_smvar	chr10	1233107	1233107	.	1	1,1	0	1|2	.	.	.	.	.	-	-	no:duplicate_of_stvar	no:star_allele	1	.	.	.	0
pangenie	chr10	1233107	1233107	chr10-1233107-SNV->19736961>19736963>19736965-1	1	1	0	0/1	1	.	PASS	-	-	.	.	.	.	.	.	.	.	0
pangenie	chr10	1233120	1233120	chr10-1233120-SNV->19736975>19736977>19736978-1	1	1	0	0/1	1	.	PASS	-	-	.	.	.	.	.	.	.	.	0
pangenie	chr10	1233128	1233128	chr10-1233128-SNV->19736981>19736983>19736985-1	1	1	0	0/1	1	.	PASS	-	-	.	.	.	.	.	.	.	.	0
pangenie	chr10	1233131	1233131	chr10-1233131-SNV->19736985>19736987>19737123-1	1	1	0	1/0	1	.	PASS	-	-	.	.	.	.	.	.	.	.	0
pangenie	chr10	1233131	1233299	chr10-1233135-DEL->19737124>19737312-168	169	1	-168	0/1	1	.	PASS	TP	-	.	.	.	.	.	.	.	44.3,44.3	0
pangenie	chr10	1233132	1233132	chr10-1233132-SNV->19736986>19737121>19737124-1	1	1	0	0/1	1	.	PASS	-	-	.	.	.	.	.	.	.	.	0
truth_stvar	chr10	1233144	1233144	.	1	1	0	0|1	.	.	.	.	.	-	-	ref	no:star_allele	1	.	.	.	0
truth_stvar	chr10	1233144	1233144	.	1	1	0	1|0	.	.	.	.	.	-	-	yes	ref	1	.	.	.	0
truth_smvar	chr10	1233144	1233144	.	1	1,1	0	1|2	.	.	.	.	.	-	-	no:duplicate_of_stvar	no:star_allele	1	.	.	.	0
truth_stvar	chr10	1233152	1233152	.	1	1	0	0|1	.	.	.	.	.	-	-	ref	no:star_allele	1	.	.	.	0
truth_stvar	chr10	1233152	1233152	.	1	1	0	1|0	.	.	.	.	.	-	-	yes	ref	1	.	.	.	0
truth_smvar	chr10	1233152	1233152	.	1	1,1	0	1|2	.	.	.	.	.	-	-	no:duplicate_of_stvar	no:star_allele	1	.	.	.	0
pangenie	chr10	1233152	1233152	chr10-1233152-SNV->19737129>19737131>19737132-1	1	1	0	1/0	1	.	PASS	-	-	.	.	.	.	.	.	.	.	0
vg	chr10	1233155	1233155	>19617452>19617457	1	1	0	0|1	1	2.52286	PASS	-	-	.	.	.	.	.	.	.	.	0
truth_stvar	chr10	1233168	1233168	.	1	1	0	1|0	.	.	.	.	.	-	-	yes	ref	1	.	.	.	0
truth_smvar	chr10	1233168	1233168	.	1	1	0	1|0	.	.	.	.	.	-	-	no:duplicate_of_stvar	ref	1	.	.	.	0
vg	chr10	1233176	1233176	>19617471>19617474	1	1	0	0|1	1	12.7399	PASS	-	-	.	.	.	.	.	.	.	.	0
pangenie	chr10	1233176	1233176	chr10-1233176-SNV->19737153>19737155>19737156-1	1	1	0	1/0	1	.	PASS	-	-	.	.	.	.	.	.	.	.	0
truth_stvar	chr10	1233179	1233179	.	1	1	0	1|0	.	.	.	.	.	-	-	yes	ref	1	.	.	.	0
truth_smvar	chr10	1233179	1233179	.	1	1	0	1|0	.	.	.	.	.	-	-	no:duplicate_of_stvar	ref	1	.	.	.	0
vg	chr10	1233179	1233203	>19617474>19617497	25	1	-24	1|1	1	27.4112	PASS	-	-	.	.	.	.	.	.	.	.	0
pangenie	chr10	1233179	1233203	chr10-1233180-DEL->19737162>19737184-24	25	1	-24	1/0	1	.	PASS	-	-	.	.	.	.	.	.	.	.	0
truth_stvar	chr10	1233192	1233192	.	1	1	0	1|0	.	.	.	.	.	-	-	yes	ref	1	.	.	.	0
truth_smvar	chr10	1233192	1233192	.	1	1	0	1|0	.	.	.	.	.	-	-	no:duplicate_of_stvar	ref	1	.	.	.	0
truth_stvar	chr10	1233203	1233203	.	1	1	0	1|0	.	.	.	.	.	-	-	yes	ref	1	.	.	.	0
truth_smvar	chr10	1233203	1233203	.	1	1	0	1|0	.	.	.	.	.	-	-	no:duplicate_of_stvar	ref	1	.	.	.	0
truth_stvar	chr10	1233204	1233204	.	1	1	0	1|0	.	.	.	.	.	-	-	yes	ref	1	.	.	.	0
truth_smvar	chr10	1233204	1233204	.	1	1	0	1|0	.	.	.	.	.	-	-	no:duplicate_of_stvar	ref	1	.	.	.	0
truth_stvar	chr10	1233224	1233224	.	1	1	0	1|1	.	.	.	.	.	-	-	yes	yes	1	.	.	.	0
truth_smvar	chr10	1233224	1233224	.	1	1	0	1|1	.	.	.	.	.	-	-	no:duplicate_of_stvar	no:duplicate_of_stvar	1	.	.	.	0
vg	chr10	1233224	1233224	>19617506>19617510	1	1	0	1|0	1	2.97932	PASS	-	-	.	.	.	.	.	.	.	.	0
pangenie	chr10	1233224	1233224	chr10-1233224-SNV->19737242>19737244>19737246-1	1	1	0	1/0	1	.	PASS	-	-	.	.	.	.	.	.	.	.	0
pangenie	chr10	1233224	1233272	chr10-1233227-DEL->19737248>19737289-48	49	1	-48	1/0	1	.	PASS	-	-	.	.	.	.	.	.	.	.	0
vg	chr10	1233226	1233274	>19617511>19617552	49	1	-48	1|1	1	24.0167	PASS	-	-	.	.	.	.	.	.	.	.	0
truth_stvar	chr10	1233227	1233227	.	1	1	0	1|0	.	.	.	.	.	-	-	yes	ref	1	.	.	.	0
truth_smvar	chr10	1233227	1233227	.	1	1	0	1|0	.	.	.	.	.	-	-	no:duplicate_of_stvar	ref	1	.	.	.	0
truth_stvar	chr10	1233240	1233240	.	1	1	0	0|1	.	.	.	.	.	-	-	ref	yes	1	.	.	.	0
truth_smvar	chr10	1233240	1233240	.	1	1	0	0|1	.	.	.	.	.	-	-	ref	no:duplicate_of_stvar	1	.	.	.	0
truth_stvar	chr10	1233251	1233251	.	1	1	0	1|0	.	.	.	.	.	-	-	yes	ref	1	.	.	.	0
truth_smvar	chr10	1233251	1233251	.	1	1	0	1|0	.	.	.	.	.	-	-	no:duplicate_of_stvar	ref	1	.	.	.	0
truth_stvar	chr10	1233264	1233264	.	1	1	0	0|1	.	.	.	.	.	-	-	ref	yes	1	.	.	.	0
truth_smvar	chr10	1233264	1233264	.	1	1	0	0|1	.	.	.	.	.	-	-	ref	no:duplicate_of_stvar	1	.	.	.	0
truth_stvar	chr10	1233291	1233291	.	1	2	1	1|0	.	.	.	.	.	-	-	yes	ref	1	.	.	.	0
truth_smvar	chr10	1233291	1233291	.	1	2	1	1|0	.	.	.	.	.	-	-	no:duplicate_of_stvar	ref	1	.	.	.	0
vg	chr10	1233293	1233315	>19617557>19617584	23	1	-22	1|0	1	23.6191	PASS	-	-	.	.	.	.	.	.	.	.	0
truth_stvar	chr10	1233299	1233299	.	1	1	0	1|1	.	.	.	.	.	-	-	yes	yes	1	.	.	.	0
truth_smvar	chr10	1233299	1233299	.	1	1	0	1|1	.	.	.	.	.	-	-	no:duplicate_of_stvar	no:duplicate_of_stvar	1	.	.	.	0
vg	chr10	1233299	1233299	>19617562>19617571	1	1	0	.|1	1	6.05487	PASS	-	-	.	.	.	.	.	.	.	.	0
pangenie	chr10	1233299	1233299	chr10-1233299-SNV->19737303>19737305>19737306-1	1	1	0	1/0	1	.	PASS	-	-	.	.	.	.	.	.	.	.	0
pangenie	chr10	1233299	1235604	chr10-1233304-DEL->19737312>19745601-2305	2306	1	-2305	0/1	1	.	PASS	FP	-	.	.	.	.	.	.	.	44.0,44.4	0
vg	chr10	1233316	1233390	>19617584>19617648	75	1	-74	1|2	1	27.043	PASS	FP	-	.	.	.	.	.	.	.	45.11,45.3	0
vg	chr10	1233316	1233390	>19617584>19617648	75	52	-23	1|2	1	27.043	PASS	-	-	.	.	.	.	.	.	.	.	0
truth_stvar	chr10	1233320	1233320	.	1	1	0	1|1	.	.	.	.	.	-	-	yes	yes	1	.	.	.	0
truth_smvar	chr10	1233320	1233320	.	1	1	0	1|1	.	.	.	.	.	-	-	no:duplicate_of_stvar	no:duplicate_of_stvar	1	.	.	.	0
pangenie	chr10	1233320	1233320	chr10-1233320-SNV->19737327>19737329>19737330-1	1	1	0	1/0	1	.	PASS	-	-	.	.	.	.	.	.	.	.	0
truth_stvar	chr10	1233336	1233336	.	1	1	0	0|1	.	.	.	.	.	-	-	ref	yes	1	.	.	.	0
truth_smvar	chr10	1233336	1233336	.	1	1	0	0|1	.	.	.	.	.	-	-	ref	no:duplicate_of_stvar	1	.	.	.	0
vg	chr10	1233336	1233336	>19617599>19617602	1	1	0	.|1	1	0.890002	PASS	-	-	.	.	.	.	.	.	.	.	0
vg	chr10	1233344	1233344	>19617604>19617608	1	1	0	.|1	1	1.02379	PASS	-	-	.	.	.	.	.	.	.	.	0
pangenie	chr10	1233344	1233344	chr10-1233344-SNV->19737349>19737351>19737353-1	1	1	0	1/0	1	.	PASS	-	-	.	.	.	.	.	.	.	.	0
truth_stvar	chr10	1233347	1233347	.	1	1	0	1|1	.	.	.	.	.	-	-	yes	yes	1	.	.	.	0
truth_smvar	chr10	1233347	1233347	.	1	1	0	1|1	.	.	.	.	.	-	-	no:duplicate_of_stvar	no:duplicate_of_stvar	1	.	.	.	0
pangenie	chr10	1233347	1233347	chr10-1233347-SNV->19737353>19737355>19737357-1	1	1	0	1/0	1	.	PASS	-	-	.	.	.	.	.	.	.	.	0
truth_stvar	chr10	1233360	1233360	.	1	1	0	0|1	.	.	.	.	.	-	-	ref	yes	1	.	.	.	0
truth_smvar	chr10	1233360	1233360	.	1	1	0	0|1	.	.	.	.	.	-	-	ref	no:duplicate_of_stvar	1	.	.	.	0
truth_stvar	chr10	1233368	1233368	.	1	1	0	0|1	.	.	.	.	.	-	-	ref	yes	1	.	.	.	0
truth_smvar	chr10	1233368	1233368	.	1	1	0	0|1	.	.	.	.	.	-	-	ref	no:duplicate_of_stvar	1	.	.	.	0
pangenie	chr10	1233368	1233392	chr10-1233368-DEL->19737371>19737393-24	25	1	-24	1/0	1	.	PASS	-	-	.	.	.	.	.	.	.	.	0
truth_stvar	chr10	1233388	1233507	.	120	1	119	0|1	.	.	.	.	.	FN	TP	ref	yes	1	DEL	24	.	0
truth_smvar	chr10	1233388	1233507	.	120	1	119	0|1	.	.	.	.	.	-	-	ref	no:duplicate_of_stvar	1	.	24	.	0
vg	chr10	1233395	1233683	>19617648>19617919	289	1	-288	2|1	1	26.4519	PASS	FP	-	.	.	.	.	.	.	.	45.2,45.5	0
vg	chr10	1233395	1233683	>19617648>19617919	289	1	-288	2|1	1	26.4519	PASS	FP	-	.	.	.	.	.	.	.	45.2,45.4	0
pangenie	chr10	1233395	1233683	chr10-1233395-DEL->19737393>19737396>19737669-288	289	1	-288	1/0	1	.	PASS	FP	-	.	.	.	.	.	.	.	44.2,44.5	0
truth_stvar	chr10	1233411	1233411	.	1	1	0	0|1	.	.	.	.	.	-	-	ref	no:star_allele	1	.	.	.	0
truth_stvar	chr10	1233411	1233411	.	1	2	1	1|0	.	.	.	.	.	-	-	yes	ref	1	.	.	.	0
truth_smvar	chr10	1233411	1233411	.	1	2,1	1	1|2	.	.	.	.	.	-	-	no:duplicate_of_stvar	no:star_allele	1	.	.	.	0
truth_stvar	chr10	1233419	1233419	.	1	1	0	0|1	.	.	.	.	.	-	-	ref	no:star_allele	1	.	.	.	0
truth_stvar	chr10	1233419	1233419	.	1	1	0	1|0	.	.	.	.	.	-	-	yes	ref	1	.	.	.	0
truth_smvar	chr10	1233419	1233419	.	1	1,1	0	1|2	.	.	.	.	.	-	-	no:duplicate_of_stvar	no:star_allele	1	.	.	.	0
truth_stvar	chr10	1233483	1233483	.	1	1	0	0|1	.	.	.	.	.	-	-	ref	no:star_allele	1	.	.	.	0
truth_stvar	chr10	1233483	1233483	.	1	2	1	1|0	.	.	.	.	.	-	-	yes	ref	1	.	.	.	0
truth_smvar	chr10	1233483	1233483	.	1	2,1	1	1|2	.	.	.	.	.	-	-	no:duplicate_of_stvar	no:star_allele	1	.	.	.	0
truth_stvar	chr10	1233536	1233536	.	1	1	0	0|1	.	.	.	.	.	-	-	ref	yes	1	.	.	.	0
truth_smvar	chr10	1233536	1233536	.	1	1	0	0|1	.	.	.	.	.	-	-	ref	no:duplicate_of_stvar	1	.	.	.	0
truth_stvar	chr10	1233560	1233560	.	1	2	1	0|1	.	.	.	.	.	-	-	ref	yes	1	.	.	.	0
truth_stvar	chr10	1233560	1233560	.	1	1	0	1|0	.	.	.	.	.	-	-	yes	ref	1	.	.	.	0
truth_smvar	chr10	1233560	1233560	.	1	1,2	1	1|2	.	.	.	.	.	-	-	no:duplicate_of_stvar	no:duplicate_of_stvar	1	.	.	.	0
truth_stvar	chr10	1233563	1233563	.	1	1	0	1|0	.	.	.	.	.	-	-	yes	ref	1	.	.	.	0
truth_smvar	chr10	1233563	1233563	.	1	1	0	1|0	.	.	.	.	.	-	-	no:duplicate_of_stvar	ref	1	.	.	.	0
truth_stvar	chr10	1233587	1233587	.	1	1	0	0|1	.	.	.	.	.	-	-	ref	yes	1	.	.	.	0
truth_smvar	chr10	1233587	1233587	.	1	1	0	0|1	.	.	.	.	.	-	-	ref	no:duplicate_of_stvar	1	.	.	.	0
truth_stvar	chr10	1233603	1233603	.	1	2	1	1|0	.	.	.	.	.	-	-	yes	ref	1	.	.	.	0
truth_smvar	chr10	1233603	1233603	.	1	2	1	1|0	.	.	.	.	.	-	-	no:duplicate_of_stvar	ref	1	.	.	.	0
truth_stvar	chr10	1233611	1233611	.	1	1	0	1|0	.	.	.	.	.	-	-	yes	ref	1	.	.	.	0
truth_smvar	chr10	1233611	1233611	.	1	1	0	1|0	.	.	.	.	.	-	-	no:duplicate_of_stvar	ref	1	.	.	.	0
truth_stvar	chr10	1233635	1233635	.	1	1	0	1|0	.	.	.	.	.	-	-	yes	ref	1	.	.	.	0
truth_smvar	chr10	1233635	1233635	.	1	1	0	1|0	.	.	.	.	.	-	-	no:duplicate_of_stvar	ref	1	.	.	.	0
truth_stvar	chr10	1233656	1233656	.	1	1	0	0|1	.	.	.	.	.	-	-	ref	yes	1	.	.	.	0
truth_smvar	chr10	1233656	1233656	.	1	1	0	0|1	.	.	.	.	.	-	-	ref	no:duplicate_of_stvar	1	.	.	.	0
truth_stvar	chr10	1233680	1233680	.	1	1	0	1|0	.	.	.	.	.	-	-	yes	ref	1	.	.	.	0
truth_smvar	chr10	1233680	1233680	.	1	1	0	1|0	.	.	.	.	.	-	-	no:duplicate_of_stvar	ref	1	.	.	.	0
truth_stvar	chr10	1233683	1233683	.	1	1	0	1|1	.	.	.	.	.	-	-	yes	yes	1	.	.	.	0
truth_smvar	chr10	1233683	1233683	.	1	1	0	1|1	.	.	.	.	.	-	-	no:duplicate_of_stvar	no:duplicate_of_stvar	1	.	.	.	0
truth_stvar	chr10	1233704	1233704	.	1	1	0	1|0	.	.	.	.	.	-	-	yes	ref	1	.	.	.	0
truth_stvar	chr10	1233704	1233824	.	121	1	120	0|1	.	.	.	.	.	TP	TP	ref	yes	1	DEL	24	.	0
truth_smvar	chr10	1233704	1233824	.	121	121,1	120	1|2	.	.	.	.	.	-	-	no:overlaps_applied_stvar	no:duplicate_of_stvar	1	.	.	.	0
vg	chr10	1233704	1233704	>19617932>19617936	1	1	0	0|1	1	1.64581	PASS	-	-	.	.	.	.	.	.	.	.	0
pangenie	chr10	1233704	1233704	chr10-1233704-SNV->19737682>19737683>19737686-1	1	1	0	1/0	1	.	PASS	-	-	.	.	.	.	.	.	.	.	0
vg	chr10	1233707	1233707	>19617936>19617944	1	1	0	1|0	1	27.3068	PASS	-	-	.	.	.	.	.	.	.	.	0
truth_stvar	chr10	1233709	1233709	.	1	1	0	0|1	.	.	.	.	.	-	-	ref	no:star_allele	1	.	.	.	0
truth_stvar	chr10	1233709	1233709	.	1	1	0	1|0	.	.	.	.	.	-	-	yes	ref	1	.	.	.	0
truth_smvar	chr10	1233709	1233709	.	1	1,1	0	1|2	.	.	.	.	.	-	-	no:duplicate_of_stvar	no:star_allele	1	.	.	.	0
vg	chr10	1233709	1233709	>19617936>19617944	1	1	0	1|1	1	27.3068	PASS	-	-	.	.	.	.	.	.	.	.	0
pangenie	chr10	1233709	1233709	chr10-1233709-SNV->19737691>19737693>19737694-1	1	1	0	1/0	1	.	PASS	-	-	.	.	.	.	.	.	.	.	0
truth_stvar	chr10	1233731	1233731	.	1	1	0	0|1	.	.	.	.	.	-	-	ref	no:star_allele	1	.	.	.	0
truth_stvar	chr10	1233731	1233731	.	1	1	0	1|0	.	.	.	.	.	-	-	yes	ref	1	.	.	.	0
truth_smvar	chr10	1233731	1233731	.	1	1,1	0	1|2	.	.	.	.	.	-	-	no:duplicate_of_stvar	no:star_allele	1	.	.	.	0
vg	chr10	1233731	1233875	>19617957>19618132	145	1	-144	1|2	1	18.8711	PASS	TP	-	.	.	.	.	.	.	.	45.3,45.6	0
vg	chr10	1233731	1233875	>19617957>19618132	145	145	0	1|2	1	18.8711	PASS	FP	-	.	.	.	.	.	.	.	45.11,45.7	0
pangenie	chr10	1233731	1233731	chr10-1233731-SNV->19737708>19737710>19737711-1	1	1	0	1/0	1	.	PASS	-	-	.	.	.	.	.	.	.	.	0
vg	chr10	1233752	1233752	>19617969>19617973	1	1	0	.|1	1	3.84275	PASS	-	-	.	.	.	.	.	.	.	.	0
truth_stvar	chr10	1233755	1233755	.	1	1	0	0|1	.	.	.	.	.	-	-	ref	no:star_allele	1	.	.	.	0
truth_stvar	chr10	1233755	1233755	.	1	1	0	1|0	.	.	.	.	.	-	-	yes	ref	1	.	.	.	0
truth_smvar	chr10	1233755	1233755	.	1	1,1	0	1|2	.	.	.	.	.	-	-	no:duplicate_of_stvar	no:star_allele	1	.	.	.	0
vg	chr10	1233755	1233755	>19617974>19617980	1	1	0	.|1	1	14.1676	PASS	-	-	.	.	.	.	.	.	.	.	0
pangenie	chr10	1233755	1233755	chr10-1233755-SNV->19737723>19737725>19737728-1	1	1	0	1/0	1	.	PASS	-	-	.	.	.	.	.	.	.	.	0
vg	chr10	1233776	1233776	>19618005>19618010	1	1	0	.|1	1	2.33854	PASS	-	-	.	.	.	.	.	.	.	.	0
truth_stvar	chr10	1233779	1233779	.	1	1	0	0|1	.	.	.	.	.	-	-	ref	no:star_allele	1	.	.	.	0
truth_stvar	chr10	1233779	1233779	.	1	1	0	1|0	.	.	.	.	.	-	-	yes	ref	1	.	.	.	0
truth_smvar	chr10	1233779	1233779	.	1	1,1	0	1|2	.	.	.	.	.	-	-	no:duplicate_of_stvar	no:star_allele	1	.	.	.	0
pangenie	chr10	1233779	1233779	chr10-1233779-SNV->19737752>19737754>19737755-1	1	1	0	1/0	1	.	PASS	-	-	.	.	.	.	.	.	.	.	0
pangenie	chr10	1233779	1233827	chr10-1233781-DEL->19737757>19737804-48	49	1	-48	1/0	1	.	PASS	-	-	.	.	.	.	.	.	.	.	0
vg	chr10	1233800	1233800	>19618030>19618033	1	1	0	.|1	1	2.8462	PASS	-	-	.	.	.	.	.	.	.	.	0
truth_stvar	chr10	1233803	1233803	.	1	1	0	0|1	.	.	.	.	.	-	-	ref	no:star_allele	1	.	.	.	0
truth_stvar	chr10	1233803	1233803	.	1	1	0	1|0	.	.	.	.	.	-	-	yes	ref	1	.	.	.	0
truth_smvar	chr10	1233803	1233803	.	1	1,1	0	1|2	.	.	.	.	.	-	-	no:duplicate_of_stvar	no:star_allele	1	.	.	.	0
vg	chr10	1233803	1233803	>19618033>19618037	1	1	0	.|1	1	4.06413	PASS	-	-	.	.	.	.	.	.	.	.	0
truth_stvar	chr10	1233824	1233824	.	1	1	0	0|1	.	.	.	.	.	-	-	ref	no:star_allele	1	.	.	.	0
truth_stvar	chr10	1233824	1233824	.	1	1	0	1|0	.	.	.	.	.	-	-	yes	ref	1	.	.	.	0
truth_smvar	chr10	1233824	1233824	.	1	1,1	0	1|2	.	.	.	.	.	-	-	no:duplicate_of_stvar	no:star_allele	1	.	.	.	0
vg	chr10	1233824	1233824	>19618048>19618051	1	1	0	.|1	1	3.47442	PASS	-	-	.	.	.	.	.	.	.	.	0
pangenie	chr10	1233848	1233848	chr10-1233848-SNV->19737812>19737814>19737815-1	1	1	0	1/0	1	.	PASS	-	-	.	.	.	.	.	.	.	.	0
truth_stvar	chr10	1233851	1233851	.	1	1	0	1|1	.	.	.	.	.	-	-	yes	yes	1	.	.	.	0
truth_smvar	chr10	1233851	1233851	.	1	1	0	1|1	.	.	.	.	.	-	-	no:duplicate_of_stvar	no:duplicate_of_stvar	1	.	.	.	0
truth_stvar	chr10	1233864	1233864	.	1	1	0	0|1	.	.	.	.	.	-	-	ref	yes	1	.	.	.	0
truth_smvar	chr10	1233864	1233864	.	1	1	0	0|1	.	.	.	.	.	-	-	ref	no:duplicate_of_stvar	1	.	.	.	0
vg	chr10	1233877	1233925	>19617957>19618132	49	1	-48	1|0	1	18.8711	PASS	-	-	.	.	.	.	.	.	.	.	0
truth_stvar	chr10	1233888	1233888	.	1	1	0	0|1	.	.	.	.	.	-	-	ref	yes	1	.	.	.	0
truth_smvar	chr10	1233888	1233888	.	1	1	0	0|1	.	.	.	.	.	-	-	ref	no:duplicate_of_stvar	1	.	.	.	0
truth_stvar	chr10	1233899	1233899	.	1	1	0	0|1	.	.	.	.	.	-	-	ref	yes	1	.	.	.	0
truth_smvar	chr10	1233899	1233899	.	1	1	0	0|1	.	.	.	.	.	-	-	ref	no:duplicate_of_stvar	1	.	.	.	0
pangenie	chr10	1233899	1233899	chr10-1233899-SNV->19737850>19737852>19737855-1	1	1	0	1/0	1	.	PASS	-	-	.	.	.	.	.	.	.	.	0
truth_stvar	chr10	1233900	1233900	.	1	1	0	0|1	.	.	.	.	.	-	-	ref	yes	1	.	.	.	0
truth_smvar	chr10	1233900	1233900	.	1	1	0	0|1	.	.	.	.	.	-	-	ref	no:duplicate_of_stvar	1	.	.	.	0
truth_stvar	chr10	1233912	1233912	.	1	1	0	0|1	.	.	.	.	.	-	-	ref	yes	1	.	.	.	0
truth_smvar	chr10	1233912	1233912	.	1	1	0	0|1	.	.	.	.	.	-	-	ref	no:duplicate_of_stvar	1	.	.	.	0
truth_stvar	chr10	1233920	1233920	.	1	1	0	1|0	.	.	.	.	.	-	-	yes	ref	1	.	.	.	0
truth_smvar	chr10	1233920	1233920	.	1	1	0	1|0	.	.	.	.	.	-	-	no:duplicate_of_stvar	ref	1	.	.	.	0
truth_stvar	chr10	1233923	1233923	.	1	1	0	0|1	.	.	.	.	.	-	-	ref	yes	1	.	.	.	0
truth_smvar	chr10	1233923	1233923	.	1	1	0	0|1	.	.	.	.	.	-	-	ref	no:duplicate_of_stvar	1	.	.	.	0
truth_stvar	chr10	1233936	1233936	.	1	1	0	1|0	.	.	.	.	.	-	-	yes	ref	1	.	.	.	0
truth_smvar	chr10	1233936	1233936	.	1	1	0	1|0	.	.	.	.	.	-	-	no:duplicate_of_stvar	ref	1	.	.	.	0
vg	chr10	1233936	1233936	>19618138>19618141	1	1	0	1|1	1	16.1399	PASS	-	-	.	.	.	.	.	.	.	.	0
pangenie	chr10	1233936	1233936	chr10-1233936-SNV->19737882>19737884>19737885-1	1	1	0	1/0	1	.	PASS	-	-	.	.	.	.	.	.	.	.	0
truth_stvar	chr10	1233944	1233944	.	1	1	0	1|0	.	.	.	.	.	-	-	yes	ref	1	.	.	.	0
truth_smvar	chr10	1233944	1233944	.	1	1	0	1|0	.	.	.	.	.	-	-	no:duplicate_of_stvar	ref	1	.	.	.	0
truth_stvar	chr10	1233947	1233947	.	1	1	0	1|0	.	.	.	.	.	-	-	yes	ref	1	.	.	.	0
truth_smvar	chr10	1233947	1233947	.	1	1	0	1|0	.	.	.	.	.	-	-	no:duplicate_of_stvar	ref	1	.	.	.	0
pangenie	chr10	1233947	1233947	chr10-1233947-SNV->19737891>19737894>19737896-1	1	1	0	1/0	1	.	PASS	-	-	.	.	.	.	.	.	.	.	0
vg	chr10	1233948	1235545	>19617947>19625932	1598	3753	2155	1|2	1	236.598	PASS	FP	-	.	.	.	.	.	.	.	45.0,45.8	0
vg	chr10	1233948	1235545	>19617947>19625932	1598	1624	26	1|2	1	236.598	PASS	-	-	.	.	.	.	.	.	.	.	0
truth_stvar	chr10	1233960	1233960	.	1	1	0	0|1	.	.	.	.	.	-	-	ref	yes	1	.	.	.	0
truth_smvar	chr10	1233960	1233960	.	1	1	0	0|1	.	.	.	.	.	-	-	ref	no:duplicate_of_stvar	1	.	.	.	0
pangenie	chr10	1233960	1233960	chr10-1233960-SNV->19737904>19737906>19737907-1	1	1	0	1/0	1	.	PASS	-	-	.	.	.	.	.	.	.	.	0
truth_stvar	chr10	1233971	1233971	.	1	1	0	1|1	.	.	.	.	.	-	-	yes	yes	1	.	.	.	0
truth_smvar	chr10	1233971	1233971	.	1	1	0	1|1	.	.	.	.	.	-	-	no:duplicate_of_stvar	no:duplicate_of_stvar	1	.	.	.	0
vg	chr10	1233971	1233971	>19618170>19618176	1	1	0	.|1	1	20.8437	PASS	-	-	.	.	.	.	.	.	.	.	0
truth_stvar	chr10	1233972	1233972	.	1	1	0	0|1	.	.	.	.	.	-	-	ref	yes	1	.	.	.	0
truth_smvar	chr10	1233972	1233972	.	1	1	0	0|1	.	.	.	.	.	-	-	ref	no:duplicate_of_stvar	1	.	.	.	0
truth_stvar	chr10	1233984	1233984	.	1	1	0	1|0	.	.	.	.	.	-	-	yes	ref	1	.	.	.	0
truth_smvar	chr10	1233984	1233984	.	1	1	0	1|0	.	.	.	.	.	-	-	no:duplicate_of_stvar	ref	1	.	.	.	0
pangenie	chr10	1233984	1233984	chr10-1233984-SNV->19737926>19737928>19737930-1	1	1	0	1/0	1	.	PASS	-	-	.	.	.	.	.	.	.	.	0
vg	chr10	1233985	1234033	>19618188>19618224	49	1	-48	.|1	1	18.0542	PASS	-	-	.	.	.	.	.	.	.	.	0
pangenie	chr10	1233995	1233995	chr10-1233995-SNV->19737937>19737940>19737941-1	1	1	0	1/0	1	.	PASS	-	-	.	.	.	.	.	.	.	.	0
truth_stvar	chr10	1234008	1234008	.	1	1	0	1|0	.	.	.	.	.	-	-	yes	ref	1	.	.	.	0
truth_smvar	chr10	1234008	1234008	.	1	1	0	1|0	.	.	.	.	.	-	-	no:duplicate_of_stvar	ref	1	.	.	.	0
pangenie	chr10	1234008	1234008	chr10-1234008-SNV->19737943>19737945>19737946-1	1	1	0	1/0	1	.	PASS	-	-	.	.	.	.	.	.	.	.	0
truth_stvar	chr10	1234016	1234016	.	1	1	0	1|0	.	.	.	.	.	-	-	yes	ref	1	.	.	.	0
truth_stvar	chr10	1234016	1234064	.	49	1	48	0|1	.	.	.	.	.	-	-	ref	yes	1	DEL	24	.	0
truth_smvar	chr10	1234016	1234064	.	49	1,49	48	2|1	.	.	.	.	.	-	-	no:overlaps_applied_stvar	no:duplicate_of_stvar	1	.	24	.	0
pangenie	chr10	1234016	1234016	chr10-1234016-SNV->19737948>19737950>19737952-1	1	1	0	1/0	1	.	PASS	-	-	.	.	.	.	.	.	.	.	0
pangenie	chr10	1234032	1234032	chr10-1234032-SNV->19737962>19737964>19737965-1	1	1	0	1/0	1	.	PASS	-	-	.	.	.	.	.	.	.	.	0
vg	chr10	1234041	1234137	>19618228>19618349	97	1	-96	.|1	1	20.9839	PASS	TP	-	.	.	.	.	.	.	.	45.4,45.9	0
truth_stvar	chr10	1234043	1234043	.	1	1	0	0|1	.	.	.	.	.	-	-	ref	no:star_allele	1	.	.	.	0
truth_stvar	chr10	1234043	1234043	.	1	1	0	1|0	.	.	.	.	.	-	-	yes	ref	1	.	.	.	0
truth_smvar	chr10	1234043	1234043	.	1	1,1	0	1|2	.	.	.	.	.	-	-	no:duplicate_of_stvar	no:star_allele	1	.	.	.	0
pangenie	chr10	1234043	1234043	chr10-1234043-INS->19737970>19737972>19737974>19737977>19737978>19737979>19737981>19737983>19737984>19737985>19737987>19737988>19737990-24	1	25	24	1/0	1	.	PASS	-	-	.	.	.	.	.	.	.	.	0
truth_stvar	chr10	1234067	1234067	.	1	1	0	1|0	.	.	.	.	.	-	-	yes	ref	1	.	.	.	0
truth_smvar	chr10	1234067	1234067	.	1	1	0	1|0	.	.	.	.	.	-	-	no:duplicate_of_stvar	ref	1	.	.	.	0
pangenie	chr10	1234067	1234067	chr10-1234067-SNV->19738008>19738009>19738013-1	1	1	0	1/0	1	.	PASS	-	-	.	.	.	.	.	.	.	.	0
truth_stvar	chr10	1234091	1234091	.	1	1	0	1|1	.	.	.	.	.	-	-	yes	yes	1	.	.	.	0
truth_smvar	chr10	1234091	1234091	.	1	1	0	1|1	.	.	.	.	.	-	-	no:duplicate_of_stvar	no:duplicate_of_stvar	1	.	.	.	0
truth_stvar	chr10	1234115	1234115	.	1	1	0	0|1	.	.	.	.	.	-	-	ref	yes	1	.	.	.	0
truth_smvar	chr10	1234115	1234115	.	1	1	0	0|1	.	.	.	.	.	-	-	ref	no:duplicate_of_stvar	1	.	.	.	0
truth_stvar	chr10	1234136	1234136	.	1	1	0	0|1	.	.	.	.	.	-	-	ref	yes	1	.	.	.	0
truth_smvar	chr10	1234136	1234136	.	1	1	0	0|1	.	.	.	.	.	-	-	ref	no:duplicate_of_stvar	1	.	.	.	0
truth_stvar	chr10	1234139	1234139	.	1	1	0	1|0	.	.	.	.	.	-	-	yes	ref	1	.	.	.	0
truth_smvar	chr10	1234139	1234139	.	1	1	0	1|0	.	.	.	.	.	-	-	no:duplicate_of_stvar	ref	1	.	.	.	0
vg	chr10	1234152	1234152	>19618357>19618360	1	1	0	.|1	1	0.17654	PASS	-	-	.	.	.	.	.	.	.	.	0
pangenie	chr10	1234163	1235604	chr10-1234163-DEL->19738109>19745574>19745575-1441	1442	1	-1441	1/0	1	.	PASS	FP	-	.	.	.	.	.	.	.	44.0,44.6	0
vg	chr10	1234176	1234176	>19622416>19622419	1	1	0	.|1	1	10.1179	PASS	-	-	.	.	.	.	.	.	.	.	0
vg	chr10	1234200	1234200	>19622440>19622443	1	1	0	.|1	1	8.55731	PASS	-	-	.	.	.	.	.	.	.	.	0
truth_stvar	chr10	1234208	1234208	.	1	1	0	1|0	.	.	.	.	.	-	-	yes	ref	1	.	.	.	0
truth_smvar	chr10	1234208	1234208	.	1	1	0	1|0	.	.	.	.	.	-	-	no:duplicate_of_stvar	ref	1	.	.	.	0
truth_stvar	chr10	1234211	1234211	.	1	1	0	0|1	.	.	.	.	.	-	-	ref	yes	1	.	.	.	0
truth_smvar	chr10	1234211	1234211	.	1	1	0	0|1	.	.	.	.	.	-	-	ref	no:duplicate_of_stvar	1	.	.	.	0
vg	chr10	1234224	1234224	>19622463>19622466	1	1	0	.|1	1	9.92687	PASS	-	-	.	.	.	.	.	.	.	.	0
truth_stvar	chr10	1234232	1234232	.	1	1	0	1|0	.	.	.	.	.	-	-	yes	ref	1	.	.	.	0
truth_smvar	chr10	1234232	1234232	.	1	1	0	1|0	.	.	.	.	.	-	-	no:duplicate_of_stvar	ref	1	.	.	.	0
vg	chr10	1234232	1234232	>19622466>19622471	1	1	0	.|1	1	28.3946	PASS	-	-	.	.	.	.	.	.	.	.	0
truth_stvar	chr10	1234235	1234235	.	1	1	0	1|0	.	.	.	.	.	-	-	yes	ref	1	.	.	.	0
truth_smvar	chr10	1234235	1234235	.	1	1	0	1|0	.	.	.	.	.	-	-	no:duplicate_of_stvar	ref	1	.	.	.	0
vg	chr10	1234236	1234236	>19622471>19622479	1	1	0	.|1	1	1.19258	PASS	-	-	.	.	.	.	.	.	.	.	0
vg	chr10	1234248	1234248	>19622482>19622485	1	1	0	.|1	1	23.066	PASS	-	-	.	.	.	.	.	.	.	.	0
vg	chr10	1234272	1234272	>19622502>19622506	1	1	0	.|1	1	13.8768	PASS	-	-	.	.	.	.	.	.	.	.	0
vg	chr10	1234296	1234296	>19622529>19622532	1	1	0	.|1	1	0.268782	PASS	-	-	.	.	.	.	.	.	.	.	0
truth_stvar	chr10	1234304	1234304	.	1	1	0	1|0	.	.	.	.	.	-	-	yes	ref	1	.	.	.	0
truth_smvar	chr10	1234304	1234304	.	1	1	0	1|0	.	.	.	.	.	-	-	no:duplicate_of_stvar	ref	1	.	.	.	0
truth_stvar	chr10	1234307	1234307	.	1	1	0	1|0	.	.	.	.	.	-	-	yes	ref	1	.	.	.	0
truth_smvar	chr10	1234307	1234307	.	1	1	0	1|0	.	.	.	.	.	-	-	no:duplicate_of_stvar	ref	1	.	.	.	0
truth_stvar	chr10	1234331	1234331	.	1	1	0	0|1	.	.	.	.	.	-	-	ref	yes	1	.	.	.	0
truth_smvar	chr10	1234331	1234331	.	1	1	0	0|1	.	.	.	.	.	-	-	ref	no:duplicate_of_stvar	1	.	.	.	0
truth_stvar	chr10	1234348	1234395	.	48	1	47	0|1	.	.	.	.	.	-	-	ref	yes	1	DEL	24	.	0
truth_smvar	chr10	1234348	1234395	.	48	1	47	0|1	.	.	.	.	.	-	-	ref	no:duplicate_of_stvar	1	.	24	.	0
truth_stvar	chr10	1234379	1234379	.	1	1	0	0|1	.	.	.	.	.	-	-	ref	no:star_allele	1	.	.	.	0
truth_stvar	chr10	1234379	1234379	.	1	1	0	1|0	.	.	.	.	.	-	-	yes	ref	1	.	.	.	0
truth_smvar	chr10	1234379	1234379	.	1	1,1	0	1|2	.	.	.	.	.	-	-	no:duplicate_of_stvar	no:star_allele	1	.	.	.	0
truth_stvar	chr10	1234400	1234400	.	1	1	0	0|1	.	.	.	.	.	-	-	ref	yes	1	.	.	.	0
truth_smvar	chr10	1234400	1234400	.	1	1	0	0|1	.	.	.	.	.	-	-	ref	no:duplicate_of_stvar	1	.	.	.	0
vg	chr10	1234404	1234404	>19623102>19623109	1	1	0	.|1	1	12.4601	PASS	-	-	.	.	.	.	.	.	.	.	0
truth_stvar	chr10	1234419	1234419	.	1	2	1	1|0	.	.	.	.	.	-	-	yes	ref	1	.	.	.	0
truth_smvar	chr10	1234419	1234419	.	1	2	1	1|0	.	.	.	.	.	-	-	no:duplicate_of_stvar	ref	1	.	.	.	0
truth_stvar	chr10	1234421	1234424	.	4	1	3	0|1	.	.	.	.	.	-	-	ref	yes	1	.	.	.	0
truth_smvar	chr10	1234421	1234424	.	4	1	3	0|1	.	.	.	.	.	-	-	ref	no:duplicate_of_stvar	1	.	.	.	0
vg	chr10	1234427	1234427	>19623125>19623130	1	1	0	.|1	1	15.8318	PASS	-	-	.	.	.	.	.	.	.	.	0
truth_stvar	chr10	1234428	1234428	.	1	1	0	0|1	.	.	.	.	.	-	-	ref	yes	1	.	.	.	0
truth_smvar	chr10	1234428	1234428	.	1	1	0	0|1	.	.	.	.	.	-	-	ref	no:duplicate_of_stvar	1	.	.	.	0
truth_stvar	chr10	1234429	1234429	.	1	1	0	0|1	.	.	.	.	.	-	-	ref	yes	1	.	.	.	0
truth_smvar	chr10	1234429	1234429	.	1	1	0	0|1	.	.	.	.	.	-	-	ref	no:duplicate_of_stvar	1	.	.	.	0
truth_stvar	chr10	1234433	1234433	.	1	1	0	0|1	.	.	.	.	.	-	-	ref	yes	1	.	.	.	0
truth_smvar	chr10	1234433	1234433	.	1	1	0	0|1	.	.	.	.	.	-	-	ref	no:duplicate_of_stvar	1	.	.	.	0
vg	chr10	1234448	1234448	>19623140>19623144	1	1	0	.|1	1	1.1203	PASS	-	-	.	.	.	.	.	.	.	.	0
truth_stvar	chr10	1234451	1234451	.	1	1	0	0|1	.	.	.	.	.	-	-	ref	yes	1	.	.	.	0
truth_smvar	chr10	1234451	1234451	.	1	1	0	0|1	.	.	.	.	.	-	-	ref	no:duplicate_of_stvar	1	.	.	.	0
truth_stvar	chr10	1234467	1234468	.	2	1	1	0|1	.	.	.	.	.	-	-	ref	yes	1	.	.	.	0
truth_smvar	chr10	1234467	1234468	.	2	1	1	0|1	.	.	.	.	.	-	-	ref	no:duplicate_of_stvar	1	.	.	.	0
vg	chr10	1234471	1234472	>19623163>19623167	2	1	-1	.|1	1	17.288	PASS	-	-	.	.	.	.	.	.	.	.	0
truth_stvar	chr10	1234497	1234497	.	1	1	0	1|0	.	.	.	.	.	-	-	yes	ref	1	.	.	.	0
truth_smvar	chr10	1234497	1234497	.	1	1	0	1|0	.	.	.	.	.	-	-	no:duplicate_of_stvar	ref	1	.	.	.	0
truth_stvar	chr10	1234500	1234500	.	1	1	0	1|0	.	.	.	.	.	-	-	yes	ref	1	.	.	.	0
truth_smvar	chr10	1234500	1234500	.	1	1	0	1|0	.	.	.	.	.	-	-	no:duplicate_of_stvar	ref	1	.	.	.	0
vg	chr10	1234500	1234500	>19623197>19623202	1	1	0	.|1	1	0.267325	PASS	-	-	.	.	.	.	.	.	.	.	0
truth_stvar	chr10	1234516	1234516	.	1	2	1	0|1	.	.	.	.	.	-	-	ref	yes	1	.	.	.	0
truth_smvar	chr10	1234516	1234516	.	1	2	1	0|1	.	.	.	.	.	-	-	ref	no:duplicate_of_stvar	1	.	.	.	0
truth_stvar	chr10	1234521	1234521	.	1	2	1	1|0	.	.	.	.	.	-	-	yes	ref	1	.	.	.	0
truth_smvar	chr10	1234521	1234521	.	1	2	1	1|0	.	.	.	.	.	-	-	no:duplicate_of_stvar	ref	1	.	.	.	0
vg	chr10	1234521	1234521	>19623212>19623216	1	1	0	.|1	1	0.174172	PASS	-	-	.	.	.	.	.	.	.	.	0
truth_stvar	chr10	1234542	1234569	.	28	1	27	0|1	.	.	.	.	.	-	-	ref	yes	1	DEL	24	.	0
truth_smvar	chr10	1234542	1234569	.	28	1	27	0|1	.	.	.	.	.	-	-	ref	no:duplicate_of_stvar	1	.	24	.	0
vg	chr10	1234545	1234545	>19623238>19623243	1	1	0	.|1	1	2.96095	PASS	-	-	.	.	.	.	.	.	.	.	0
truth_stvar	chr10	1234548	1234548	.	1	1	0	0|1	.	.	.	.	.	-	-	ref	no:star_allele	1	.	.	.	0
truth_stvar	chr10	1234548	1234548	.	1	1	0	1|0	.	.	.	.	.	-	-	yes	ref	1	.	.	.	0
truth_smvar	chr10	1234548	1234548	.	1	1,1	0	1|2	.	.	.	.	.	-	-	no:duplicate_of_stvar	no:star_allele	1	.	.	.	0
truth_stvar	chr10	1234569	1234569	.	1	1	0	0|1	.	.	.	.	.	-	-	ref	no:star_allele	1	.	.	.	0
truth_stvar	chr10	1234569	1234569	.	1	1	0	1|0	.	.	.	.	.	-	-	yes	ref	1	.	.	.	0
truth_smvar	chr10	1234569	1234569	.	1	1,1	0	1|2	.	.	.	.	.	-	-	no:duplicate_of_stvar	no:star_allele	1	.	.	.	0
truth_stvar	chr10	1234573	1234573	.	1	1	0	0|1	.	.	.	.	.	-	-	ref	yes	1	.	.	.	0
truth_smvar	chr10	1234573	1234573	.	1	1	0	0|1	.	.	.	.	.	-	-	ref	no:duplicate_of_stvar	1	.	.	.	0
truth_stvar	chr10	1234574	1234574	.	1	1	0	0|1	.	.	.	.	.	-	-	ref	yes	1	.	.	.	0
truth_smvar	chr10	1234574	1234574	.	1	1	0	0|1	.	.	.	.	.	-	-	ref	no:duplicate_of_stvar	1	.	.	.	0
truth_stvar	chr10	1234578	1234578	.	1	1	0	0|1	.	.	.	.	.	-	-	ref	yes	1	.	.	.	0
truth_smvar	chr10	1234578	1234578	.	1	1	0	0|1	.	.	.	.	.	-	-	ref	no:duplicate_of_stvar	1	.	.	.	0
truth_stvar	chr10	1234596	1234596	.	1	1	0	0|1	.	.	.	.	.	-	-	ref	yes	1	.	.	.	0
truth_smvar	chr10	1234596	1234596	.	1	1	0	0|1	.	.	.	.	.	-	-	ref	no:duplicate_of_stvar	1	.	.	.	0
truth_stvar	chr10	1234614	1234684	.	71	1	70	1|0	.	.	.	.	.	TP	FN	yes	ref	1	DEL	24	.	0
truth_smvar	chr10	1234614	1234684	.	71	1	70	1|0	.	.	.	.	.	-	-	no:duplicate_of_stvar	ref	1	.	24	.	0
vg	chr10	1234617	1234617	>19623327>19623331	1	2	1	.|1	1	6.54899	PASS	-	-	.	.	.	.	.	.	.	.	0
vg	chr10	1234645	1234645	>19623358>19623365	1	1	0	.|1	1	5.84003	PASS	-	-	.	.	.	.	.	.	.	.	0
truth_stvar	chr10	1234668	1234668	.	1	1	0	1|0	.	.	.	.	.	-	-	no:star_allele	ref	1	.	.	.	0
truth_stvar	chr10	1234668	1234668	.	1	1	0	0|1	.	.	.	.	.	-	-	ref	yes	1	.	.	.	0
truth_smvar	chr10	1234668	1234668	.	1	1,1	0	2|1	.	.	.	.	.	-	-	no:star_allele	no:duplicate_of_stvar	1	.	.	.	0
vg	chr10	1234668	1234668	>19623385>19623393	1	1	0	.|1	1	5.12026	PASS	-	-	.	.	.	.	.	.	.	.	0
truth_stvar	chr10	1234685	1234732	.	48	1	47	0|1	.	.	.	.	.	-	-	ref	yes	1	DEL	24	.	0
truth_smvar	chr10	1234685	1234732	.	48	1	47	0|1	.	.	.	.	.	-	-	ref	no:duplicate_of_stvar	1	.	24	.	0
truth_stvar	chr10	1234732	1234732	.	1	1	0	0|1	.	.	.	.	.	-	-	ref	no:star_allele	1	.	.	.	0
truth_stvar	chr10	1234732	1234732	.	1	2	1	1|0	.	.	.	.	.	-	-	yes	ref	1	.	.	.	0
truth_smvar	chr10	1234732	1234732	.	1	2,1	1	1|2	.	.	.	.	.	-	-	no:duplicate_of_stvar	no:star_allele	1	.	.	.	0
truth_stvar	chr10	1234737	1234737	.	1	1	0	0|1	.	.	.	.	.	-	-	ref	yes	1	.	.	.	0
truth_smvar	chr10	1234737	1234737	.	1	1	0	0|1	.	.	.	.	.	-	-	ref	no:duplicate_of_stvar	1	.	.	.	0
truth_stvar	chr10	1234756	1234756	.	1	2	1	0|1	.	.	.	.	.	-	-	ref	yes	1	.	.	.	0
truth_smvar	chr10	1234756	1234756	.	1	2	1	0|1	.	.	.	.	.	-	-	ref	no:duplicate_of_stvar	1	.	.	.	0
truth_stvar	chr10	1234761	1234761	.	1	1	0	0|1	.	.	.	.	.	-	-	ref	yes	1	.	.	.	0
truth_smvar	chr10	1234761	1234761	.	1	1	0	0|1	.	.	.	.	.	-	-	ref	no:duplicate_of_stvar	1	.	.	.	0
truth_stvar	chr10	1234764	1234764	.	1	1	0	0|1	.	.	.	.	.	-	-	ref	yes	1	.	.	.	0
truth_smvar	chr10	1234764	1234764	.	1	1	0	0|1	.	.	.	.	.	-	-	ref	no:duplicate_of_stvar	1	.	.	.	0
truth_stvar	chr10	1234765	1234765	.	1	1	0	1|1	.	.	.	.	.	-	-	yes	yes	1	.	.	.	0
truth_smvar	chr10	1234765	1234765	.	1	1	0	1|1	.	.	.	.	.	-	-	no:duplicate_of_stvar	no:duplicate_of_stvar	1	.	.	.	0
vg	chr10	1234765	1234765	>19623479>19623488	1	1	0	.|1	1	1.6942	PASS	-	-	.	.	.	.	.	.	.	.	0
truth_stvar	chr10	1234785	1234785	.	1	1	0	1|0	.	.	.	.	.	-	-	yes	ref	1	.	.	.	0
truth_smvar	chr10	1234785	1234785	.	1	1	0	1|0	.	.	.	.	.	-	-	no:duplicate_of_stvar	ref	1	.	.	.	0
vg	chr10	1234785	1234785	>19623767>19623770	1	1	0	.|1	1	0.460745	PASS	-	-	.	.	.	.	.	.	.	.	0
vg	chr10	1234788	1234788	>19623770>19623776	1	1	0	.|1	1	0.335068	PASS	-	-	.	.	.	.	.	.	.	.	0
truth_stvar	chr10	1234809	1234809	.	1	1	0	0|1	.	.	.	.	.	-	-	ref	yes	1	.	.	.	0
truth_stvar	chr10	1234809	1234905	.	97	1	96	1|0	.	.	.	.	.	FN	FN	yes	ref	1	DEL	24	.	0
truth_smvar	chr10	1234809	1234905	.	97	1,97	96	1|2	.	.	.	.	.	-	-	no:duplicate_of_stvar	no:overlaps_applied_stvar	1	.	24	.	0
vg	chr10	1234809	1234809	>19623791>19623798	1	1	0	.|1	1	6.81796	PASS	-	-	.	.	.	.	.	.	.	.	0
vg	chr10	1234812	1234812	>19623798>19623804	1	1	0	.|1	1	1.2057	PASS	-	-	.	.	.	.	.	.	.	.	0
vg	chr10	1234836	1234836	>19623901>19623907	1	1	0	.|1	1	14.161	PASS	-	-	.	.	.	.	.	.	.	.	0
vg	chr10	1234852	1234852	>19623918>19623922	1	2	1	.|1	1	13.8695	PASS	-	-	.	.	.	.	.	.	.	.	0
truth_stvar	chr10	1234861	1234861	.	1	1	0	1|0	.	.	.	.	.	-	-	no:star_allele	ref	1	.	.	.	0
truth_stvar	chr10	1234861	1234861	.	1	1	0	0|1	.	.	.	.	.	-	-	ref	yes	1	.	.	.	0
truth_smvar	chr10	1234861	1234861	.	1	1,1	0	2|1	.	.	.	.	.	-	-	no:star_allele	no:duplicate_of_stvar	1	.	.	.	0
truth_stvar	chr10	1234884	1234884	.	1	1	0	1|0	.	.	.	.	.	-	-	no:star_allele	ref	1	.	.	.	0
truth_stvar	chr10	1234884	1234884	.	1	1	0	0|1	.	.	.	.	.	-	-	ref	yes	1	.	.	.	0
truth_smvar	chr10	1234884	1234884	.	1	1,1	0	2|1	.	.	.	.	.	-	-	no:star_allele	no:duplicate_of_stvar	1	.	.	.	0
truth_stvar	chr10	1234885	1234885	.	1	1	0	1|0	.	.	.	.	.	-	-	no:star_allele	ref	1	.	.	.	0
truth_stvar	chr10	1234885	1234885	.	1	1	0	0|1	.	.	.	.	.	-	-	ref	yes	1	.	.	.	0
truth_smvar	chr10	1234885	1234885	.	1	1,1	0	2|1	.	.	.	.	.	-	-	no:star_allele	no:duplicate_of_stvar	1	.	.	.	0
vg	chr10	1234885	1234885	>19624638>19624649	1	1	0	.|1	1	8.59761	PASS	-	-	.	.	.	.	.	.	.	.	0
truth_stvar	chr10	1234929	1234929	.	1	1	0	1|0	.	.	.	.	.	-	-	yes	ref	1	.	.	.	0
truth_smvar	chr10	1234929	1234929	.	1	1	0	1|0	.	.	.	.	.	-	-	no:duplicate_of_stvar	ref	1	.	.	.	0
truth_stvar	chr10	1234932	1234932	.	1	1	0	0|1	.	.	.	.	.	-	-	ref	yes	1	.	.	.	0
truth_smvar	chr10	1234932	1234932	.	1	1	0	0|1	.	.	.	.	.	-	-	ref	no:duplicate_of_stvar	1	.	.	.	0
truth_stvar	chr10	1234934	1234934	.	1	1	0	1|1	.	.	.	.	.	-	-	yes	yes	1	.	.	.	0
truth_smvar	chr10	1234934	1234934	.	1	1	0	1|1	.	.	.	.	.	-	-	no:duplicate_of_stvar	no:duplicate_of_stvar	1	.	.	.	0
truth_stvar	chr10	1234949	1235020	.	72	1	71	0|1	.	.	.	.	.	FN	FN	ref	yes	1	DEL	24	.	0
truth_smvar	chr10	1234949	1235020	.	72	1	71	0|1	.	.	.	.	.	-	-	ref	no:duplicate_of_stvar	1	.	24	.	0
truth_stvar	chr10	1234980	1234980	.	1	1	0	0|1	.	.	.	.	.	-	-	ref	no:star_allele	1	.	.	.	0
truth_stvar	chr10	1234980	1234980	.	1	1	0	1|0	.	.	.	.	.	-	-	yes	ref	1	.	.	.	0
truth_smvar	chr10	1234980	1234980	.	1	1,1	0	1|2	.	.	.	.	.	-	-	no:duplicate_of_stvar	no:star_allele	1	.	.	.	0
vg	chr10	1234980	1234980	>19624742>19624751	1	1	0	.|1	1	6.07731	PASS	-	-	.	.	.	.	.	.	.	.	0
vg	chr10	1235001	1235001	>19624767>19624771	1	1	0	.|1	1	2.63945	PASS	-	-	.	.	.	.	.	.	.	.	0
truth_stvar	chr10	1235004	1235004	.	1	1	0	0|1	.	.	.	.	.	-	-	ref	no:star_allele	1	.	.	.	0
truth_stvar	chr10	1235004	1235004	.	1	1	0	1|0	.	.	.	.	.	-	-	yes	ref	1	.	.	.	0
truth_smvar	chr10	1235004	1235004	.	1	1,1	0	1|2	.	.	.	.	.	-	-	no:duplicate_of_stvar	no:star_allele	1	.	.	.	0
vg	chr10	1235025	1235025	>19624796>19624800	1	1	0	.|1	1	18.0714	PASS	-	-	.	.	.	.	.	.	.	.	0
truth_stvar	chr10	1235028	1235028	.	1	1	0	0|1	.	.	.	.	.	-	-	ref	yes	1	.	.	.	0
truth_smvar	chr10	1235028	1235028	.	1	1	0	0|1	.	.	.	.	.	-	-	ref	no:duplicate_of_stvar	1	.	.	.	0
vg	chr10	1235028	1235028	>19624801>19624810	1	1	0	.|1	1	30.0845	PASS	-	-	.	.	.	.	.	.	.	.	0
truth_stvar	chr10	1235052	1235052	.	1	1	0	1|0	.	.	.	.	.	-	-	yes	ref	1	.	.	.	0
truth_smvar	chr10	1235052	1235052	.	1	1	0	1|0	.	.	.	.	.	-	-	no:duplicate_of_stvar	ref	1	.	.	.	0
truth_stvar	chr10	1235077	1235077	.	1	1	0	0|1	.	.	.	.	.	-	-	ref	yes	1	.	.	.	0
truth_smvar	chr10	1235077	1235077	.	1	1	0	0|1	.	.	.	.	.	-	-	ref	no:duplicate_of_stvar	1	.	.	.	0
truth_stvar	chr10	1235097	1235097	.	1	1	0	1|0	.	.	.	.	.	-	-	yes	ref	1	.	.	.	0
truth_smvar	chr10	1235097	1235097	.	1	1	0	1|0	.	.	.	.	.	-	-	no:duplicate_of_stvar	ref	1	.	.	.	0
truth_stvar	chr10	1235100	1235147	.	48	1	47	0|1	.	.	.	.	.	-	-	ref	yes	1	DEL	24	.	0
truth_smvar	chr10	1235100	1235147	.	48	1	47	0|1	.	.	.	.	.	-	-	ref	no:duplicate_of_stvar	1	.	24	.	0
truth_stvar	chr10	1235101	1235101	.	1	1	0	0|1	.	.	.	.	.	-	-	ref	no:star_allele	1	.	.	.	0
truth_stvar	chr10	1235101	1235101	.	1	1	0	1|0	.	.	.	.	.	-	-	yes	ref	1	.	.	.	0
truth_smvar	chr10	1235101	1235101	.	1	1,1	0	1|2	.	.	.	.	.	-	-	no:duplicate_of_stvar	no:star_allele	1	.	.	.	0
vg	chr10	1235101	1235101	>19624876>19624886	1	1	0	.|1	1	31.6919	PASS	-	-	.	.	.	.	.	.	.	.	0
truth_stvar	chr10	1235140	1235140	.	1	1	0	0|1	.	.	.	.	.	-	-	ref	no:star_allele	1	.	.	.	0
truth_stvar	chr10	1235140	1235140	.	1	2	1	1|0	.	.	.	.	.	-	-	yes	ref	1	.	.	.	0
truth_smvar	chr10	1235140	1235140	.	1	2,1	1	1|2	.	.	.	.	.	-	-	no:duplicate_of_stvar	no:star_allele	1	.	.	.	0
vg	chr10	1235144	1235144	>19624917>19624923	1	2	1	.|1	1	45.7729	PASS	-	-	.	.	.	.	.	.	.	.	0
truth_stvar	chr10	1235168	1235168	.	1	1	0	1|1	.	.	.	.	.	-	-	yes	yes	1	.	.	.	0
truth_smvar	chr10	1235168	1235168	.	1	1	0	1|1	.	.	.	.	.	-	-	no:duplicate_of_stvar	no:duplicate_of_stvar	1	.	.	.	0
vg	chr10	1235169	1235169	>19624946>19624949	1	2	1	.|1	1	58.1473	PASS	-	-	.	.	.	.	.	.	.	.	0
vg	chr10	1235171	1235171	>19624949>19624955	1	1	0	.|1	1	78.8523	PASS	-	-	.	.	.	.	.	.	.	.	0
truth_stvar	chr10	1235184	1235184	.	1	1	0	1|0	.	.	.	.	.	-	-	yes	ref	1	.	.	.	0
truth_smvar	chr10	1235184	1235184	.	1	1	0	1|0	.	.	.	.	.	-	-	no:duplicate_of_stvar	ref	1	.	.	.	0
vg	chr10	1235189	1235192	>19624968>19624974	4	1	-3	.|1	1	133.085	PASS	-	-	.	.	.	.	.	.	.	.	0
vg	chr10	1235197	1235197	>19624974>19624983	1	1	0	.|1	1	125.208	PASS	-	-	.	.	.	.	.	.	.	.	0
vg	chr10	1235201	1235201	>19624983>19624986	1	1	0	.|1	1	127.439	PASS	-	-	.	.	.	.	.	.	.	.	0
truth_stvar	chr10	1235216	1235216	.	1	1	0	1|0	.	.	.	.	.	-	-	yes	ref	1	.	.	.	0
truth_smvar	chr10	1235216	1235216	.	1	1	0	1|0	.	.	.	.	.	-	-	no:duplicate_of_stvar	ref	1	.	.	.	0
truth_stvar	chr10	1235219	1235219	.	1	1	0	0|1	.	.	.	.	.	-	-	ref	yes	1	.	.	.	0
truth_smvar	chr10	1235219	1235219	.	1	1	0	0|1	.	.	.	.	.	-	-	ref	no:duplicate_of_stvar	1	.	.	.	0
vg	chr10	1235219	1235219	>19624999>19625003	1	1	0	.|1	1	108.624	PASS	-	-	.	.	.	.	.	.	.	.	0
vg	chr10	1235243	1235243	>19625023>19625028	1	1	0	.|1	1	56.5755	PASS	-	-	.	.	.	.	.	.	.	.	0
truth_stvar	chr10	1235263	1235263	.	1	2	1	1|1	.	.	.	.	.	-	-	yes	yes	1	.	.	.	0
truth_smvar	chr10	1235263	1235263	.	1	2	1	1|1	.	.	.	.	.	-	-	no:duplicate_of_stvar	no:duplicate_of_stvar	1	.	.	.	0
vg	chr10	1235263	1235263	>19625038>19625042	1	2	1	.|1	1	89.933	PASS	-	-	.	.	.	.	.	.	.	.	0
truth_stvar	chr10	1235266	1235266	.	1	1	0	1|0	.	.	.	.	.	-	-	yes	ref	1	.	.	.	0
truth_smvar	chr10	1235266	1235266	.	1	1	0	1|0	.	.	.	.	.	-	-	no:duplicate_of_stvar	ref	1	.	.	.	0
vg	chr10	1235266	1235266	>19625043>19625049	1	1	0	.|1	1	1.18208e-05	PASS	-	-	.	.	.	.	.	.	.	.	0
truth_stvar	chr10	1235287	1235287	.	1	1	0	0|1	.	.	.	.	.	-	-	ref	yes	1	.	.	.	0
truth_smvar	chr10	1235287	1235287	.	1	1	0	0|1	.	.	.	.	.	-	-	ref	no:duplicate_of_stvar	1	.	.	.	0
vg	chr10	1235287	1235287	>19625062>19625066	1	1	0	.|1	1	5.51857	PASS	-	-	.	.	.	.	.	.	.	.	0
vg	chr10	1235290	1235290	>19625067>19625073	1	1	0	.|1	1	3.5501	PASS	-	-	.	.	.	.	.	.	.	.	0
truth_stvar	chr10	1235306	1235306	.	1	2	1	0|1	.	.	.	.	.	-	-	ref	yes	1	.	.	.	0
truth_smvar	chr10	1235306	1235306	.	1	2	1	0|1	.	.	.	.	.	-	-	ref	no:duplicate_of_stvar	1	.	.	.	0
truth_stvar	chr10	1235311	1235311	.	1	1	0	1|1	.	.	.	.	.	-	-	yes	yes	1	.	.	.	0
truth_smvar	chr10	1235311	1235311	.	1	1	0	1|1	.	.	.	.	.	-	-	no:duplicate_of_stvar	no:duplicate_of_stvar	1	.	.	.	0
truth_stvar	chr10	1235314	1235314	.	1	1	0	1|0	.	.	.	.	.	-	-	yes	ref	1	.	.	.	0
truth_smvar	chr10	1235314	1235314	.	1	1	0	1|0	.	.	.	.	.	-	-	no:duplicate_of_stvar	ref	1	.	.	.	0
truth_stvar	chr10	1235315	1235315	.	1	1	0	1|1	.	.	.	.	.	-	-	yes	yes	1	.	.	.	0
truth_smvar	chr10	1235315	1235315	.	1	1	0	1|1	.	.	.	.	.	-	-	no:duplicate_of_stvar	no:duplicate_of_stvar	1	.	.	.	0
vg	chr10	1235315	1235315	>19625088>19625097	1	1	0	.|1	1	6.29701	PASS	-	-	.	.	.	.	.	.	.	.	0
truth_stvar	chr10	1235338	1235338	.	1	1	0	1|1	.	.	.	.	.	-	-	yes	yes	1	.	.	.	0
truth_smvar	chr10	1235338	1235338	.	1	1	0	1|1	.	.	.	.	.	-	-	no:duplicate_of_stvar	no:duplicate_of_stvar	1	.	.	.	0
truth_stvar	chr10	1235339	1235339	.	1	1	0	1|1	.	.	.	.	.	-	-	yes	yes	1	.	.	.	0
truth_smvar	chr10	1235339	1235339	.	1	1	0	1|1	.	.	.	.	.	-	-	no:duplicate_of_stvar	no:duplicate_of_stvar	1	.	.	.	0
vg	chr10	1235339	1235339	>19625113>19625132	1	1	0	.|1	1	7.51187	PASS	-	-	.	.	.	.	.	.	.	.	0
truth_stvar	chr10	1235354	1235355	.	2	1	1	1|0	.	.	.	.	.	-	-	yes	ref	1	.	.	.	0
truth_smvar	chr10	1235354	1235355	.	2	1	1	1|0	.	.	.	.	.	-	-	no:duplicate_of_stvar	ref	1	.	.	.	0
vg	chr10	1235358	1235359	>19625133>19625137	2	1	-1	.|1	1	17.114	PASS	-	-	.	.	.	.	.	.	.	.	0
truth_stvar	chr10	1235360	1235360	.	1	1	0	0|1	.	.	.	.	.	-	-	ref	yes	1	.	.	.	0
truth_smvar	chr10	1235360	1235360	.	1	1	0	0|1	.	.	.	.	.	-	-	ref	no:duplicate_of_stvar	1	.	.	.	0
truth_stvar	chr10	1235363	1235363	.	1	1	0	0|1	.	.	.	.	.	-	-	ref	yes	1	.	.	.	0
truth_smvar	chr10	1235363	1235363	.	1	1	0	0|1	.	.	.	.	.	-	-	ref	no:duplicate_of_stvar	1	.	.	.	0
vg	chr10	1235363	1235363	>19625138>19625144	1	1	0	.|1	1	0.174392	PASS	-	-	.	.	.	.	.	.	.	.	0
truth_stvar	chr10	1235384	1235384	.	1	1	0	1|0	.	.	.	.	.	-	-	yes	ref	1	.	.	.	0
truth_smvar	chr10	1235384	1235384	.	1	1	0	1|0	.	.	.	.	.	-	-	no:duplicate_of_stvar	ref	1	.	.	.	0
vg	chr10	1235387	1235388	>19625164>19625170	2	2	0	.|1	1	17.255	PASS	-	-	.	.	.	.	.	.	.	.	0
truth_stvar	chr10	1235411	1235411	.	1	1	0	1|1	.	.	.	.	.	-	-	yes	yes	1	.	.	.	0
truth_smvar	chr10	1235411	1235411	.	1	1	0	1|1	.	.	.	.	.	-	-	no:duplicate_of_stvar	no:duplicate_of_stvar	1	.	.	.	0
vg	chr10	1235411	1235411	>19625190>19625196	1	1	0	.|1	1	26.9934	PASS	-	-	.	.	.	.	.	.	.	.	0
truth_stvar	chr10	1235432	1235432	.	1	1	0	0|1	.	.	.	.	.	-	-	ref	yes	1	.	.	.	0
truth_smvar	chr10	1235432	1235432	.	1	1	0	0|1	.	.	.	.	.	-	-	ref	no:duplicate_of_stvar	1	.	.	.	0
truth_stvar	chr10	1235435	1235435	.	1	1	0	0|1	.	.	.	.	.	-	-	ref	yes	1	.	.	.	0
truth_smvar	chr10	1235435	1235435	.	1	1	0	0|1	.	.	.	.	.	-	-	ref	no:duplicate_of_stvar	1	.	.	.	0
truth_stvar	chr10	1235456	1235456	.	1	1	0	1|1	.	.	.	.	.	-	-	yes	yes	1	.	.	.	0
truth_smvar	chr10	1235456	1235456	.	1	1	0	1|1	.	.	.	.	.	-	-	no:duplicate_of_stvar	no:duplicate_of_stvar	1	.	.	.	0
vg	chr10	1235456	1235456	>19625235>19625240	1	1	0	.|1	1	8.52555	PASS	-	-	.	.	.	.	.	.	.	.	0
truth_stvar	chr10	1235483	1235483	.	1	1	0	1|1	.	.	.	.	.	-	-	yes	yes	1	.	.	.	0
truth_smvar	chr10	1235483	1235483	.	1	1	0	1|1	.	.	.	.	.	-	-	no:duplicate_of_stvar	no:duplicate_of_stvar	1	.	.	.	0
truth_stvar	chr10	1235485	1235485	.	1	1	0	1|1	.	.	.	.	.	-	-	yes	yes	1	.	.	.	0
truth_smvar	chr10	1235485	1235485	.	1	1	0	1|1	.	.	.	.	.	-	-	no:duplicate_of_stvar	no:duplicate_of_stvar	1	.	.	.	0
vg	chr10	1235485	1235485	>19625268>19625273	1	1	0	.|1	1	18.6308	PASS	-	-	.	.	.	.	.	.	.	.	0
truth_stvar	chr10	1235499	1235500	.	2	1	1	1|1	.	.	.	.	.	-	-	yes	yes	1	.	.	.	0
truth_smvar	chr10	1235499	1235500	.	2	1	1	1|1	.	.	.	.	.	-	-	no:duplicate_of_stvar	no:duplicate_of_stvar	1	.	.	.	0
vg	chr10	1235499	1235500	>19625283>19625285	2	1	-1	.|1	1	19.1485	PASS	-	-	.	.	.	.	.	.	.	.	0
vg	chr10	1235529	1235529	>19625319>19625322	1	1	0	.|1	1	0.0668728	PASS	-	-	.	.	.	.	.	.	.	.	0
truth_stvar	chr10	1235532	1235532	.	1	1	0	0|1	.	.	.	.	.	-	-	ref	yes	1	.	.	.	0
truth_smvar	chr10	1235532	1235532	.	1	1	0	0|1	.	.	.	.	.	-	-	ref	no:duplicate_of_stvar	1	.	.	.	0
truth_stvar	chr10	1235533	1235533	.	1	1	0	1|1	.	.	.	.	.	-	-	yes	yes	1	.	.	.	0
truth_smvar	chr10	1235533	1235533	.	1	1	0	1|1	.	.	.	.	.	-	-	no:duplicate_of_stvar	no:duplicate_of_stvar	1	.	.	.	0
vg	chr10	1235533	1235533	>19625322>19625329	1	1	0	.|1	1	31.5813	PASS	-	-	.	.	.	.	.	.	.	.	0
vg	chr10	1235556	1235556	>19625597>19625625	1	1	0	0|1	1	27.4611	PASS	-	-	.	.	.	.	.	.	.	.	0
truth_stvar	chr10	1235572	1235572	.	1	2	1	1|0	.	.	.	.	.	-	-	yes	ref	1	.	.	.	0
truth_smvar	chr10	1235572	1235572	.	1	2	1	1|0	.	.	.	.	.	-	-	no:duplicate_of_stvar	ref	1	.	.	.	0
vg	chr10	1235577	1235577	>19625637>19625642	1	1	0	0|1	1	28.8664	PASS	-	-	.	.	.	.	.	.	.	.	0
truth_stvar	chr10	1235598	1235601	.	4	1	3	0|1	.	.	.	.	.	-	-	ref	yes	1	.	.	.	0
truth_smvar	chr10	1235598	1235601	.	4	1	3	0|1	.	.	.	.	.	-	-	ref	no:duplicate_of_stvar	1	.	.	.	0
vg	chr10	1235604	1235604	>19617947>19625932	1	337	336	1|2	1	236.598	PASS	FP	-	.	.	.	.	.	.	.	45.0,45.10	0
vg	chr10	1235604	1235604	>19617947>19625932	1	1	0	1|2	1	236.598	PASS	-	-	.	.	.	.	.	.	.	.	0
truth_stvar	chr10	1235605	1235605	.	1	1	0	0|1	.	.	.	.	.	-	-	ref	yes	1	.	.	.	0
truth_smvar	chr10	1235605	1235605	.	1	1	0	0|1	.	.	.	.	.	-	-	ref	no:duplicate_of_stvar	1	.	.	.	0
truth_stvar	chr10	1235606	1235606	.	1	1	0	0|1	.	.	.	.	.	-	-	ref	yes	1	.	.	.	0
truth_smvar	chr10	1235606	1235606	.	1	1	0	0|1	.	.	.	.	.	-	-	ref	no:duplicate_of_stvar	1	.	.	.	0
truth_stvar	chr10	1235610	1235610	.	1	1	0	0|1	.	.	.	.	.	-	-	ref	yes	1	.	.	.	0
truth_smvar	chr10	1235610	1235610	.	1	1	0	0|1	.	.	.	.	.	-	-	ref	no:duplicate_of_stvar	1	.	.	.	0
pangenie	chr10	1235625	1235625	chr10-1235625-SNV->19745615>19745617>19745620-1	1	1	0	0/1	1	.	PASS	-	-	.	.	.	.	.	.	.	.	0
truth_stvar	chr10	1235628	1235628	.	1	1	0	1|1	.	.	.	.	.	-	-	yes	yes	1	.	.	.	0
truth_smvar	chr10	1235628	1235628	.	1	1	0	1|1	.	.	.	.	.	-	-	no:duplicate_of_stvar	no:duplicate_of_stvar	1	.	.	.	0
vg	chr10	1235628	1235628	>19625951>19625956	1	1	0	0|1	1	6.18231	PASS	-	-	.	.	.	.	.	.	.	.	0
truth_stvar	chr10	1235652	1235652	.	1	1	0	1|1	.	.	.	.	.	-	-	yes	yes	1	.	.	.	0
truth_smvar	chr10	1235652	1235652	.	1	1	0	1|1	.	.	.	.	.	-	-	no:duplicate_of_stvar	no:duplicate_of_stvar	1	.	.	.	0
vg	chr10	1235652	1235652	>19625980>19625991	1	1	0	1|0	1	2.98669	PASS	-	-	.	.	.	.	.	.	.	.	0
pangenie	chr10	1235652	1235652	chr10-1235652-SNV->19745653>19745656>19745660-1	1	1	0	0/1	1	.	PASS	-	-	.	.	.	.	.	.	.	.	0
pangenie	chr10	1235673	1235673	chr10-1235673-SNV->19745808>19745809>19745813-1	1	1	0	0/1	1	.	PASS	-	-	.	.	.	.	.	.	.	.	0
truth_stvar	chr10	1235676	1235676	.	1	1	0	1|0	.	.	.	.	.	-	-	yes	ref	1	.	.	.	0
truth_smvar	chr10	1235676	1235676	.	1	1	0	1|0	.	.	.	.	.	-	-	no:duplicate_of_stvar	ref	1	.	.	.	0
vg	chr10	1235676	1235676	>19626136>19626144	1	1	0	0|1	1	4.29959	PASS	-	-	.	.	.	.	.	.	.	.	0
pangenie	chr10	1235676	1235676	chr10-1235676-SNV->19745813>19745816>19745817-1	1	1	0	0/1	1	.	PASS	-	-	.	.	.	.	.	.	.	.	0
vg	chr10	1235691	1235739	>19626156>19626204	49	1	-48	1|0	1	50.5266	PASS	-	-	.	.	.	.	.	.	.	.	0
truth_stvar	chr10	1235700	1235700	.	1	1	0	0|1	.	.	.	.	.	-	-	ref	yes	1	.	.	.	0
truth_smvar	chr10	1235700	1235700	.	1	1	0	0|1	.	.	.	.	.	-	-	ref	no:duplicate_of_stvar	1	.	.	.	0
vg	chr10	1235700	1235701	>19626163>19626169	2	2	0	.|1	1	53.7466	PASS	-	-	.	.	.	.	.	.	.	.	0
pangenie	chr10	1235700	1235701	chr10-1235700-COMPLEX->19745839>19745842>19745844>19745845-2	2	2	0	1/0	1	.	PASS	-	-	.	.	.	.	.	.	.	.	0
truth_stvar	chr10	1235701	1235701	.	1	1	0	1|1	.	.	.	.	.	-	-	yes	yes	1	.	.	.	0
truth_smvar	chr10	1235701	1235701	.	1	1	0	1|1	.	.	.	.	.	-	-	no:duplicate_of_stvar	no:duplicate_of_stvar	1	.	.	.	0
pangenie	chr10	1235701	1235701	chr10-1235701-SNV->19745840>19745844>19745845-1	1	1	0	0/1	1	.	PASS	-	-	.	.	.	.	.	.	.	.	0
vg	chr10	1235713	1238886	>19626155>19634995	3174	10392	7218	1|0	1	563.773	PASS	FP	-	.	.	.	.	.	.	.	45.0,45.11	0
truth_stvar	chr10	1235725	1235725	.	1	1	0	1|1	.	.	.	.	.	-	-	yes	yes	1	.	.	.	0
truth_smvar	chr10	1235725	1235725	.	1	1	0	1|1	.	.	.	.	.	-	-	no:duplicate_of_stvar	no:duplicate_of_stvar	1	.	.	.	0
pangenie	chr10	1235742	1235745	chr10-1235742-DEL->19745881>19745886-3	4	1	-3	0/1	1	.	PASS	-	-	.	.	.	.	.	.	.	.	0
truth_stvar	chr10	1235745	1235745	.	1	1	0	1|0	.	.	.	.	.	-	-	yes	ref	1	.	.	.	0
truth_smvar	chr10	1235745	1235745	.	1	1	0	1|0	.	.	.	.	.	-	-	no:duplicate_of_stvar	ref	1	.	.	.	0
vg	chr10	1235748	1235748	>19626209>19626218	1	1	0	0|1	1	49.3217	PASS	-	-	.	.	.	.	.	.	.	.	0
pangenie	chr10	1235748	1235748	chr10-1235748-SNV->19745886>19745888>19745892-1	1	1	0	1/0	1	.	PASS	-	-	.	.	.	.	.	.	.	.	0
pangenie	chr10	1235748	1235750	chr10-1235748-COMPLEX->19745886>19745888>19745889>19745890>19745895-3	3	3	0	0/1	1	.	PASS	-	-	.	.	.	.	.	.	.	.	0
pangenie	chr10	1235754	1235754	chr10-1235754-SNV->19745895>19745897>19745898-1	1	1	0	0/1	1	.	PASS	-	-	.	.	.	.	.	.	.	.	0
vg	chr10	1235761	1235761	>19626221>19626224	1	1	0	1|0	1	0.0393731	PASS	-	-	.	.	.	.	.	.	.	.	0
pangenie	chr10	1235764	1235764	chr10-1235764-INS->19745901>19745902>19745903-1	1	2	1	0/1	1	.	PASS	-	-	.	.	.	.	.	.	.	.	0
vg	chr10	1235772	1235772	>19626230>19626240	1	1	0	1|0	1	10.0338	PASS	-	-	.	.	.	.	.	.	.	.	0
pangenie	chr10	1235772	1235772	chr10-1235772-SNV->19745907>19745910>19745913-1	1	1	0	0/1	1	.	PASS	-	-	.	.	.	.	.	.	.	.	0
truth_stvar	chr10	1235788	1235813	.	26	1	25	1|0	.	.	.	.	.	-	-	yes	ref	1	DEL	24	.	0
truth_smvar	chr10	1235788	1235813	.	26	1	25	1|0	.	.	.	.	.	-	-	no:duplicate_of_stvar	ref	1	.	24	.	0
vg	chr10	1235793	1235793	>19626247>19634929	1	1	0	1|0	1	463.17	PASS	-	-	.	.	.	.	.	.	.	.	0
truth_stvar	chr10	1235796	1235821	.	26	1	0	1|0	.	.	.	.	.	-	-	no:star_allele	ref	1	DEL	24	.	0
truth_stvar	chr10	1235796	1235821	.	26	1	25	0|1	.	.	.	.	.	-	-	ref	yes	1	DEL	24	.	0
truth_smvar	chr10	1235796	1235821	.	26	1,1	25	2|1	.	.	.	.	.	-	-	no:star_allele	no:duplicate_of_stvar	1	.	24	.	0
vg	chr10	1235796	1235796	>19626256>19626266	1	1	0	0|1	1	32.4368	PASS	-	-	.	.	.	.	.	.	.	.	0
pangenie	chr10	1235796	1235796	chr10-1235796-SNV->19745932>19745934>19745937-1	1	1	0	1/0	1	.	PASS	-	-	.	.	.	.	.	.	.	.	0
vg	chr10	1235798	1235798	>19626256>19626266	1	1	0	1|1	1	32.4368	PASS	-	-	.	.	.	.	.	.	.	.	0
pangenie	chr10	1235798	1235798	chr10-1235798-SNV->19745937>19745939>19745942-1	1	1	0	1/1	1	.	PASS	-	-	.	.	.	.	.	.	.	.	0
pangenie	chr10	1235798	1238901	chr10-1235802-DEL->19745943>19754484-3103	3104	1	-3103	0/1	1	.	PASS	FP	-	.	.	.	.	.	.	.	44.0,44.7	0
vg	chr10	1235802	1235851	>19626247>19634929	50	1	-49	1|2	1	463.17	PASS	-	-	.	.	.	.	.	.	.	.	0
vg	chr10	1235802	1235851	>19626247>19634929	50	49	-1	1|2	1	463.17	PASS	-	-	.	.	.	.	.	.	.	.	0
pangenie	chr10	1235812	1235813	chr10-1235816-DEL->19745954>19745956-1	2	1	-1	1/0	1	.	PASS	-	-	.	.	.	.	.	.	.	.	0
truth_stvar	chr10	1235822	1235822	.	1	1	0	0|1	.	.	.	.	.	-	-	ref	yes	1	.	.	.	0
truth_smvar	chr10	1235822	1235822	.	1	1	0	0|1	.	.	.	.	.	-	-	ref	no:duplicate_of_stvar	1	.	.	.	0
vg	chr10	1235845	1235845	>19626303>19626309	1	1	0	.|1	1	67.134	PASS	-	-	.	.	.	.	.	.	.	.	0
pangenie	chr10	1235845	1235845	chr10-1235845-SNV->19745979>19745981>19745982-1	1	1	0	1/0	1	.	PASS	-	-	.	.	.	.	.	.	.	.	0
vg	chr10	1235866	1235866	>19626319>19626323	1	1	0	1|0	1	26.9917	PASS	-	-	.	.	.	.	.	.	.	.	0
truth_stvar	chr10	1235869	1235869	.	1	1	0	0|1	.	.	.	.	.	-	-	ref	yes	1	.	.	.	0
truth_smvar	chr10	1235869	1235869	.	1	1	0	0|1	.	.	.	.	.	-	-	ref	no:duplicate_of_stvar	1	.	.	.	0
vg	chr10	1235882	1235882	>19626338>19626341	1	1	0	1|0	1	0.098787	PASS	-	-	.	.	.	.	.	.	.	.	0
vg	chr10	1235890	1235890	>19626247>19634929	1	1	0	1|1	1	463.17	PASS	-	-	.	.	.	.	.	.	.	.	0
pangenie	chr10	1235890	1235890	chr10-1235890-SNV->19746021>19746023>19746024-1	1	1	0	1/0	1	.	PASS	-	-	.	.	.	.	.	.	.	.	0
truth_stvar	chr10	1235893	1235893	.	1	1	0	1|0	.	.	.	.	.	-	-	yes	ref	1	.	.	.	0
truth_smvar	chr10	1235893	1235893	.	1	1	0	1|0	.	.	.	.	.	-	-	no:duplicate_of_stvar	ref	1	.	.	.	0
vg	chr10	1235893	1235893	>19626349>19626354	1	1	0	1|0	1	11.1742	PASS	-	-	.	.	.	.	.	.	.	.	0
truth_stvar	chr10	1235894	1235894	.	1	1	0	1|0	.	.	.	.	.	-	-	yes	ref	1	.	.	.	0
truth_smvar	chr10	1235894	1235894	.	1	1	0	1|0	.	.	.	.	.	-	-	no:duplicate_of_stvar	ref	1	.	.	.	0
truth_stvar	chr10	1235909	1235909	.	1	2	1	0|1	.	.	.	.	.	-	-	ref	yes	1	.	.	.	0
truth_smvar	chr10	1235909	1235909	.	1	2	1	0|1	.	.	.	.	.	-	-	ref	no:duplicate_of_stvar	1	.	.	.	0
truth_stvar	chr10	1235914	1235914	.	1	1	0	1|1	.	.	.	.	.	-	-	yes	yes	1	.	.	.	0
truth_smvar	chr10	1235914	1235914	.	1	1	0	1|1	.	.	.	.	.	-	-	no:duplicate_of_stvar	no:duplicate_of_stvar	1	.	.	.	0
truth_stvar	chr10	1235917	1235917	.	1	1	0	0|1	.	.	.	.	.	-	-	ref	yes	1	.	.	.	0
truth_smvar	chr10	1235917	1235917	.	1	1	0	0|1	.	.	.	.	.	-	-	ref	no:duplicate_of_stvar	1	.	.	.	0
vg	chr10	1235917	1235917	>19626247>19634929	1	1	0	1|0	1	463.17	PASS	-	-	.	.	.	.	.	.	.	.	0
vg	chr10	1235922	1235922	>19626247>19634929	1	7049	7048	1|0	1	463.17	PASS	FP	-	.	.	.	.	.	.	.	45.0,45.12	0
truth_stvar	chr10	1235941	1235941	.	1	1	0	1|0	.	.	.	.	.	-	-	yes	ref	1	.	.	.	0
truth_smvar	chr10	1235941	1235941	.	1	1	0	1|0	.	.	.	.	.	-	-	no:duplicate_of_stvar	ref	1	.	.	.	0
vg	chr10	1235941	1235941	>19630689>19630698	1	1	0	1|1	1	14.11	PASS	-	-	.	.	.	.	.	.	.	.	0
pangenie	chr10	1235941	1235941	chr10-1235941-SNV->19750330>19750332>19750336-1	1	1	0	1/0	1	.	PASS	-	-	.	.	.	.	.	.	.	.	0
truth_stvar	chr10	1235943	1235943	.	1	1	0	1|1	.	.	.	.	.	-	-	yes	yes	1	.	.	.	0
truth_smvar	chr10	1235943	1235943	.	1	1	0	1|1	.	.	.	.	.	-	-	no:duplicate_of_stvar	no:duplicate_of_stvar	1	.	.	.	0
vg	chr10	1235943	1235943	>19630689>19630698	1	1	0	1|1	1	14.11	PASS	-	-	.	.	.	.	.	.	.	.	0
pangenie	chr10	1235943	1235943	chr10-1235943-SNV->19750336>19750338>19750339-1	1	1	0	1/0	1	.	PASS	-	-	.	.	.	.	.	.	.	.	0
pangenie	chr10	1235948	1235948	chr10-1235948-SNV->19750340>19750343>19750344-1	1	1	0	1/0	1	.	PASS	-	-	.	.	.	.	.	.	.	.	0
truth_stvar	chr10	1235959	1235962	.	4	1	3	0|1	.	.	.	.	.	-	-	ref	yes	1	.	.	.	0
truth_smvar	chr10	1235959	1235962	.	4	1	3	0|1	.	.	.	.	.	-	-	ref	no:duplicate_of_stvar	1	.	.	.	0
vg	chr10	1235965	1235965	>19630717>19630723	1	1	0	1|1	1	23.9594	PASS	-	-	.	.	.	.	.	.	.	.	0
pangenie	chr10	1235965	1235965	chr10-1235965-SNV->19750358>19750359>19750364-1	1	1	0	1/0	1	.	PASS	-	-	.	.	.	.	.	.	.	.	0
truth_stvar	chr10	1235966	1235966	.	1	1	0	0|1	.	.	.	.	.	-	-	ref	yes	1	.	.	.	0
truth_smvar	chr10	1235966	1235966	.	1	1	0	0|1	.	.	.	.	.	-	-	ref	no:duplicate_of_stvar	1	.	.	.	0
truth_stvar	chr10	1235967	1235967	.	1	1	0	0|1	.	.	.	.	.	-	-	ref	yes	1	.	.	.	0
truth_smvar	chr10	1235967	1235967	.	1	1	0	0|1	.	.	.	.	.	-	-	ref	no:duplicate_of_stvar	1	.	.	.	0
truth_stvar	chr10	1235971	1235971	.	1	1	0	0|1	.	.	.	.	.	-	-	ref	yes	1	.	.	.	0
truth_smvar	chr10	1235971	1235971	.	1	1	0	0|1	.	.	.	.	.	-	-	ref	no:duplicate_of_stvar	1	.	.	.	0
pangenie	chr10	1235981	1235981	chr10-1235981-INS->19750373>19750374>19750375-1	1	2	1	1/0	1	.	PASS	-	-	.	.	.	.	.	.	.	.	0
vg	chr10	1235989	1235989	>19630737>19630742	1	1	0	0|1	1	3.14491	PASS	-	-	.	.	.	.	.	.	.	.	0
pangenie	chr10	1235989	1235989	chr10-1235989-SNV->19750378>19750380>19750383-1	1	1	0	1/0	1	.	PASS	-	-	.	.	.	.	.	.	.	.	0
vg	chr10	1236005	1236005	>19630753>19630755	1	2	1	1|0	1	16.001	PASS	-	-	.	.	.	.	.	.	.	.	0
truth_stvar	chr10	1236010	1236010	.	1	1	0	1|1	.	.	.	.	.	-	-	yes	yes	1	.	.	.	0
truth_smvar	chr10	1236010	1236010	.	1	1	0	1|1	.	.	.	.	.	-	-	no:duplicate_of_stvar	no:duplicate_of_stvar	1	.	.	.	0
vg	chr10	1236010	1236010	>19630755>19630758	1	1	0	0|1	1	3.81176	PASS	-	-	.	.	.	.	.	.	.	.	0
pangenie	chr10	1236010	1236010	chr10-1236010-SNV->19750396>19750398>19750399-1	1	1	0	1/0	1	.	PASS	-	-	.	.	.	.	.	.	.	.	0
vg	chr10	1236013	1236013	>19630758>19630764	1	1	0	1|0	1	16.8843	PASS	-	-	.	.	.	.	.	.	.	.	0
truth_stvar	chr10	1236030	1236077	.	48	1	47	1|0	.	.	.	.	.	-	-	yes	ref	1	DEL	24	.	0
truth_smvar	chr10	1236030	1236077	.	48	1	47	1|0	.	.	.	.	.	-	-	no:duplicate_of_stvar	ref	1	.	24	.	0
vg	chr10	1236037	1236038	>19630774>19630782	2	2	0	2|1	1	23.4971	PASS	-	-	.	.	.	.	.	.	.	.	0
vg	chr10	1236037	1236038	>19630774>19630782	2	2	0	2|1	1	23.4971	PASS	-	-	.	.	.	.	.	.	.	.	0
pangenie	chr10	1236037	1236038	chr10-1236037-COMPLEX->19750415>19750418>19750420>19750421-2	2	2	0	1/0	1	.	PASS	-	-	.	.	.	.	.	.	.	.	0
truth_stvar	chr10	1236038	1236038	.	1	1	0	1|0	.	.	.	.	.	-	-	no:star_allele	ref	1	.	.	.	0
truth_stvar	chr10	1236038	1236038	.	1	1	0	0|1	.	.	.	.	.	-	-	ref	yes	1	.	.	.	0
truth_smvar	chr10	1236038	1236038	.	1	1,1	0	2|1	.	.	.	.	.	-	-	no:star_allele	no:duplicate_of_stvar	1	.	.	.	0
truth_stvar	chr10	1236061	1236061	.	1	1	0	1|0	.	.	.	.	.	-	-	no:star_allele	ref	1	.	.	.	0
truth_stvar	chr10	1236061	1236061	.	1	1	0	0|1	.	.	.	.	.	-	-	ref	yes	1	.	.	.	0
truth_smvar	chr10	1236061	1236061	.	1	1,1	0	2|1	.	.	.	.	.	-	-	no:star_allele	no:duplicate_of_stvar	1	.	.	.	0
vg	chr10	1236061	1236062	>19630794>19630802	2	2	0	2|1	1	25.0564	PASS	-	-	.	.	.	.	.	.	.	.	0
vg	chr10	1236061	1236062	>19630794>19630802	2	2	0	2|1	1	25.0564	PASS	-	-	.	.	.	.	.	.	.	.	0
pangenie	chr10	1236061	1236061	chr10-1236061-SNV->19750435>19750438>19750439-1	1	1	0	1/0	1	.	PASS	-	-	.	.	.	.	.	.	.	.	0
pangenie	chr10	1236074	1236074	chr10-1236074-SNV->19750449>19750451>19750452-1	1	1	0	1/0	1	.	PASS	-	-	.	.	.	.	.	.	.	.	0
vg	chr10	1236083	1236083	>19630815>19630822	1	1	0	1|0	1	1.61456	PASS	-	-	.	.	.	.	.	.	.	.	0
truth_stvar	chr10	1236085	1236085	.	1	1	0	0|1	.	.	.	.	.	-	-	ref	yes	1	.	.	.	0
truth_smvar	chr10	1236085	1236085	.	1	1	0	0|1	.	.	.	.	.	-	-	ref	no:duplicate_of_stvar	1	.	.	.	0
vg	chr10	1236085	1236085	>19630822>19630830	1	1	0	0|1	1	22.6794	PASS	-	-	.	.	.	.	.	.	.	.	0
pangenie	chr10	1236085	1236085	chr10-1236085-SNV->19750463>19750465>19750468-1	1	1	0	1/0	1	.	PASS	-	-	.	.	.	.	.	.	.	.	0
truth_stvar	chr10	1236087	1236087	.	1	1	0	1|1	.	.	.	.	.	-	-	yes	yes	1	.	.	.	0
truth_smvar	chr10	1236087	1236087	.	1	1	0	1|1	.	.	.	.	.	-	-	no:duplicate_of_stvar	no:duplicate_of_stvar	1	.	.	.	0
vg	chr10	1236087	1236087	>19630822>19630830	1	1	0	1|1	1	22.6794	PASS	-	-	.	.	.	.	.	.	.	.	0
pangenie	chr10	1236087	1236087	chr10-1236087-SNV->19750468>19750470>19750471-1	1	1	0	1/0	1	.	PASS	-	-	.	.	.	.	.	.	.	.	0
pangenie	chr10	1236098	1236098	chr10-1236098-SNV->19750474>19750476>19750477-1	1	1	0	1/0	1	.	PASS	-	-	.	.	.	.	.	.	.	.	0
truth_stvar	chr10	1236101	1236101	.	1	2	1	0|1	.	.	.	.	.	-	-	ref	yes	1	.	.	.	0
truth_smvar	chr10	1236101	1236101	.	1	2	1	0|1	.	.	.	.	.	-	-	ref	no:duplicate_of_stvar	1	.	.	.	0
truth_stvar	chr10	1236106	1236106	.	1	1	0	0|1	.	.	.	.	.	-	-	ref	yes	1	.	.	.	0
truth_smvar	chr10	1236106	1236106	.	1	1	0	0|1	.	.	.	.	.	-	-	ref	no:duplicate_of_stvar	1	.	.	.	0
truth_stvar	chr10	1236109	1236109	.	1	1	0	0|1	.	.	.	.	.	-	-	ref	yes	1	.	.	.	0
truth_smvar	chr10	1236109	1236109	.	1	1	0	0|1	.	.	.	.	.	-	-	ref	no:duplicate_of_stvar	1	.	.	.	0
pangenie	chr10	1236149	1236149	chr10-1236149-INS->19750519>19750520>19750521-1	1	2	1	1/0	1	.	PASS	-	-	.	.	.	.	.	.	.	.	0
truth_stvar	chr10	1236154	1236154	.	1	1	0	1|1	.	.	.	.	.	-	-	yes	yes	1	.	.	.	0
truth_smvar	chr10	1236154	1236154	.	1	1	0	1|1	.	.	.	.	.	-	-	no:duplicate_of_stvar	no:duplicate_of_stvar	1	.	.	.	0
vg	chr10	1236154	1236154	>19630881>19630884	1	1	0	1|1	1	5.23119	PASS	-	-	.	.	.	.	.	.	.	.	0
pangenie	chr10	1236154	1236154	chr10-1236154-SNV->19750522>19750524>19750525-1	1	1	0	1/0	1	.	PASS	-	-	.	.	.	.	.	.	.	.	0
truth_stvar	chr10	1236157	1236157	.	1	1	0	1|0	.	.	.	.	.	-	-	yes	ref	1	.	.	.	0
truth_smvar	chr10	1236157	1236157	.	1	1	0	1|0	.	.	.	.	.	-	-	no:duplicate_of_stvar	ref	1	.	.	.	0
vg	chr10	1236157	1236157	>19630884>19630889	1	1	0	1|0	1	7.8652	PASS	-	-	.	.	.	.	.	.	.	.	0
vg	chr10	1236173	1236173	>19630898>19630900	1	2	1	1|0	1	4.77118	PASS	-	-	.	.	.	.	.	.	.	.	0
truth_stvar	chr10	1236178	1236178	.	1	1	0	1|1	.	.	.	.	.	-	-	yes	yes	1	.	.	.	0
truth_smvar	chr10	1236178	1236178	.	1	1	0	1|1	.	.	.	.	.	-	-	no:duplicate_of_stvar	no:duplicate_of_stvar	1	.	.	.	0
vg	chr10	1236181	1236181	>19630903>19630908	1	1	0	1|0	1	3.18437	PASS	-	-	.	.	.	.	.	.	.	.	0
truth_stvar	chr10	1236198	1236221	.	24	1	23	0|1	.	.	.	.	.	-	-	ref	yes	1	DEL	24	.	0
truth_smvar	chr10	1236198	1236221	.	24	1	23	0|1	.	.	.	.	.	-	-	ref	no:duplicate_of_stvar	1	.	24	.	0
vg	chr10	1236205	1236205	>19630922>19630926	1	1	0	1|0	1	9.07044	PASS	-	-	.	.	.	.	.	.	.	.	0
truth_stvar	chr10	1236226	1236226	.	1	1	0	0|1	.	.	.	.	.	-	-	ref	yes	1	.	.	.	0
truth_smvar	chr10	1236226	1236226	.	1	1	0	0|1	.	.	.	.	.	-	-	ref	no:duplicate_of_stvar	1	.	.	.	0
vg	chr10	1236229	1236229	>19630945>19630952	1	1	0	0|1	1	9.17317	PASS	-	-	.	.	.	.	.	.	.	.	0
pangenie	chr10	1236229	1236229	chr10-1236229-SNV->19750586>19750588>19750589-1	1	1	0	1/0	1	.	PASS	-	-	.	.	.	.	.	.	.	.	0
vg	chr10	1236231	1236231	>19630945>19630952	1	1	0	1|0	1	9.17317	PASS	-	-	.	.	.	.	.	.	.	.	0
pangenie	chr10	1236242	1236242	chr10-1236242-SNV->19750596>19750598>19750599-1	1	1	0	1/0	1	.	PASS	-	-	.	.	.	.	.	.	.	.	0
truth_stvar	chr10	1236250	1236250	.	1	1	0	1|0	.	.	.	.	.	-	-	yes	ref	1	.	.	.	0
truth_smvar	chr10	1236250	1236250	.	1	1	0	1|0	.	.	.	.	.	-	-	no:duplicate_of_stvar	ref	1	.	.	.	0
vg	chr10	1236277	1236277	>19630984>19630992	1	1	0	0|1	1	11.8014	PASS	-	-	.	.	.	.	.	.	.	.	0
vg	chr10	1236293	1236293	>19631001>19631003	1	2	1	0|1	1	4.19623	PASS	-	-	.	.	.	.	.	.	.	.	0
truth_stvar	chr10	1236298	1236298	.	1	1	0	1|0	.	.	.	.	.	-	-	yes	ref	1	.	.	.	0
truth_smvar	chr10	1236298	1236298	.	1	1	0	1|0	.	.	.	.	.	-	-	no:duplicate_of_stvar	ref	1	.	.	.	0
vg	chr10	1236298	1236298	>19631006>19631009	1	1	0	1|0	1	5.42011	PASS	-	-	.	.	.	.	.	.	.	.	0
pangenie	chr10	1236298	1236298	chr10-1236298-SNV->19750645>19750647>19750649-1	1	1	0	1/0	1	.	PASS	-	-	.	.	.	.	.	.	.	.	0
truth_stvar	chr10	1236299	1236346	.	48	1	47	0|1	.	.	.	.	.	-	-	ref	yes	1	DEL	24	.	0
truth_smvar	chr10	1236299	1236346	.	48	1	47	0|1	.	.	.	.	.	-	-	ref	no:duplicate_of_stvar	1	.	24	.	0
truth_stvar	chr10	1236301	1236301	.	1	1	0	0|1	.	.	.	.	.	-	-	ref	no:star_allele	1	.	.	.	0
truth_stvar	chr10	1236301	1236301	.	1	1	0	1|0	.	.	.	.	.	-	-	yes	ref	1	.	.	.	0
truth_smvar	chr10	1236301	1236301	.	1	1,1	0	1|2	.	.	.	.	.	-	-	no:duplicate_of_stvar	no:star_allele	1	.	.	.	0
vg	chr10	1236301	1236301	>19631010>19631016	1	1	0	1|0	1	8.1981	PASS	-	-	.	.	.	.	.	.	.	.	0
pangenie	chr10	1236301	1236301	chr10-1236301-SNV->19750650>19750651>19750654-1	1	1	0	1/0	1	.	PASS	-	-	.	.	.	.	.	.	.	.	0
truth_stvar	chr10	1236322	1236322	.	1	1	0	0|1	.	.	.	.	.	-	-	ref	no:star_allele	1	.	.	.	0
truth_stvar	chr10	1236322	1236322	.	1	1	0	1|0	.	.	.	.	.	-	-	yes	ref	1	.	.	.	0
truth_smvar	chr10	1236322	1236322	.	1	1,1	0	1|2	.	.	.	.	.	-	-	no:duplicate_of_stvar	no:star_allele	1	.	.	.	0
vg	chr10	1236322	1236322	>19631027>19631030	1	1	0	1|1	1	8.95594	PASS	-	-	.	.	.	.	.	.	.	.	0
pangenie	chr10	1236322	1236322	chr10-1236322-SNV->19750667>19750669>19750670-1	1	1	0	1/0	1	.	PASS	-	-	.	.	.	.	.	.	.	.	0
vg	chr10	1236341	1236341	>19631045>19631047	1	2	1	0|1	1	3.88302	PASS	-	-	.	.	.	.	.	.	.	.	0
truth_stvar	chr10	1236342	1236461	.	120	1	0	0|1	.	.	.	.	.	-	-	ref	no:star_allele	1	DEL	24	.	0
truth_stvar	chr10	1236342	1236461	.	120	1	119	1|0	.	.	.	.	.	FN	FN	yes	ref	1	DEL	24	.	0
truth_smvar	chr10	1236342	1236461	.	120	1,1	119	1|2	.	.	.	.	.	-	-	no:duplicate_of_stvar	no:star_allele	1	.	24	.	0
vg	chr10	1236346	1236346	>19631047>19631050	1	1	0	0|1	1	5.8838	PASS	-	-	.	.	.	.	.	.	.	.	0
vg	chr10	1236349	1236349	>19631050>19631056	1	1	0	1|0	1	10.5913	PASS	-	-	.	.	.	.	.	.	.	.	0
pangenie	chr10	1236349	1236349	chr10-1236349-SNV->19750690>19750692>19750695-1	1	1	0	1/0	1	.	PASS	-	-	.	.	.	.	.	.	.	.	0
pangenie	chr10	1236362	1236362	chr10-1236362-SNV->19750699>19750701>19750702-1	1	1	0	1/0	1	.	PASS	-	-	.	.	.	.	.	.	.	.	0
truth_stvar	chr10	1236370	1236370	.	1	1	0	1|0	.	.	.	.	.	-	-	no:star_allele	ref	1	.	.	.	0
truth_stvar	chr10	1236370	1236370	.	1	1	0	0|1	.	.	.	.	.	-	-	ref	yes	1	.	.	.	0
truth_smvar	chr10	1236370	1236370	.	1	1,1	0	2|1	.	.	.	.	.	-	-	no:star_allele	no:duplicate_of_stvar	1	.	.	.	0
vg	chr10	1236370	1236370	>19631065>19631068	1	1	0	1|0	1	5.75716	PASS	-	-	.	.	.	.	.	.	.	.	0
pangenie	chr10	1236370	1236370	chr10-1236370-SNV->19750705>19750707>19750708-1	1	1	0	1/0	1	.	PASS	-	-	.	.	.	.	.	.	.	.	0
truth_stvar	chr10	1236373	1236373	.	1	1	0	1|0	.	.	.	.	.	-	-	no:star_allele	ref	1	.	.	.	0
truth_stvar	chr10	1236373	1236373	.	1	1	0	0|1	.	.	.	.	.	-	-	ref	yes	1	.	.	.	0
truth_smvar	chr10	1236373	1236373	.	1	1,1	0	2|1	.	.	.	.	.	-	-	no:star_allele	no:duplicate_of_stvar	1	.	.	.	0
vg	chr10	1236373	1236373	>19631068>19631075	1	1	0	0|1	1	8.64669	PASS	-	-	.	.	.	.	.	.	.	.	0
pangenie	chr10	1236373	1236373	chr10-1236373-SNV->19750708>19750710>19750714-1	1	1	0	1/0	1	.	PASS	-	-	.	.	.	.	.	.	.	.	0
pangenie	chr10	1236389	1236389	chr10-1236389-INS->19750726>19750727>19750728-1	1	2	1	1/0	1	.	PASS	-	-	.	.	.	.	.	.	.	.	0
truth_stvar	chr10	1236397	1236397	.	1	1	0	1|0	.	.	.	.	.	-	-	no:star_allele	ref	1	.	.	.	0
truth_stvar	chr10	1236397	1236397	.	1	1	0	0|1	.	.	.	.	.	-	-	ref	yes	1	.	.	.	0
truth_smvar	chr10	1236397	1236397	.	1	1,1	0	2|1	.	.	.	.	.	-	-	no:star_allele	no:duplicate_of_stvar	1	.	.	.	0
truth_stvar	chr10	1236421	1236421	.	1	1	0	1|0	.	.	.	.	.	-	-	no:star_allele	ref	1	.	.	.	0
truth_stvar	chr10	1236421	1236421	.	1	1	0	0|1	.	.	.	.	.	-	-	ref	yes	1	.	.	.	0
truth_smvar	chr10	1236421	1236421	.	1	1,1	0	2|1	.	.	.	.	.	-	-	no:star_allele	no:duplicate_of_stvar	1	.	.	.	0
vg	chr10	1236421	1236422	>19631109>19631115	2	2	0	1|1	1	8.98626	PASS	-	-	.	.	.	.	.	.	.	.	0
pangenie	chr10	1236421	1236422	chr10-1236421-COMPLEX->19750748>19750751>19750753>19750754-2	2	2	0	1/0	1	.	PASS	-	-	.	.	.	.	.	.	.	.	0
truth_stvar	chr10	1236422	1236422	.	1	1	0	1|0	.	.	.	.	.	-	-	no:star_allele	ref	1	.	.	.	0
truth_stvar	chr10	1236422	1236422	.	1	1	0	0|1	.	.	.	.	.	-	-	ref	yes	1	.	.	.	0
truth_smvar	chr10	1236422	1236422	.	1	1,1	0	2|1	.	.	.	.	.	-	-	no:star_allele	no:duplicate_of_stvar	1	.	.	.	0
truth_stvar	chr10	1236469	1236469	.	1	1	0	1|0	.	.	.	.	.	-	-	yes	ref	1	.	.	.	0
truth_smvar	chr10	1236469	1236469	.	1	1	0	1|0	.	.	.	.	.	-	-	no:duplicate_of_stvar	ref	1	.	.	.	0
vg	chr10	1236469	1236469	>19631142>19631147	1	1	0	1|1	1	11.6156	PASS	-	-	.	.	.	.	.	.	.	.	0
pangenie	chr10	1236469	1236469	chr10-1236469-SNV->19750782>19750784>19750787-1	1	1	0	1/0	1	.	PASS	-	-	.	.	.	.	.	.	.	.	0
vg	chr10	1236493	1236493	>19631160>19631165	1	1	0	1|0	1	4.2265	PASS	-	-	.	.	.	.	.	.	.	.	0
truth_stvar	chr10	1236514	1236514	.	1	1	0	0|1	.	.	.	.	.	-	-	ref	yes	1	.	.	.	0
truth_smvar	chr10	1236514	1236514	.	1	1	0	0|1	.	.	.	.	.	-	-	ref	no:duplicate_of_stvar	1	.	.	.	0
truth_stvar	chr10	1236517	1236517	.	1	1	0	1|0	.	.	.	.	.	-	-	yes	ref	1	.	.	.	0
truth_smvar	chr10	1236517	1236517	.	1	1	0	1|0	.	.	.	.	.	-	-	no:duplicate_of_stvar	ref	1	.	.	.	0
vg	chr10	1236517	1236517	>19631181>19631186	1	1	0	1|0	1	17.2579	PASS	-	-	.	.	.	.	.	.	.	.	0
pangenie	chr10	1236517	1236517	chr10-1236517-SNV->19750821>19750823>19750826-1	1	1	0	1/0	1	.	PASS	-	-	.	.	.	.	.	.	.	.	0
truth_stvar	chr10	1236519	1236519	.	1	1	0	1|1	.	.	.	.	.	-	-	yes	yes	1	.	.	.	0
truth_smvar	chr10	1236519	1236519	.	1	1	0	1|1	.	.	.	.	.	-	-	no:duplicate_of_stvar	no:duplicate_of_stvar	1	.	.	.	0
vg	chr10	1236519	1236519	>19631186>19631189	1	1	0	1|1	1	24.54	PASS	-	-	.	.	.	.	.	.	.	.	0
pangenie	chr10	1236519	1236519	chr10-1236519-SNV->19750826>19750828>19750829-1	1	1	0	1/0	1	.	PASS	-	-	.	.	.	.	.	.	.	.	0
truth_stvar	chr10	1236533	1236534	.	2	1	1	0|1	.	.	.	.	.	-	-	ref	yes	1	.	.	.	0
truth_smvar	chr10	1236533	1236534	.	2	1	1	0|1	.	.	.	.	.	-	-	ref	no:duplicate_of_stvar	1	.	.	.	0
vg	chr10	1236533	1236534	>19631192>19631195	2	1	-1	1|0	1	10.5142	PASS	-	-	.	.	.	.	.	.	.	.	0
pangenie	chr10	1236533	1236534	chr10-1236533-DEL->19750832>19750835-1	2	1	-1	1/0	1	.	PASS	-	-	.	.	.	.	.	.	.	.	0
vg	chr10	1236539	1236539	>19631196>19631199	1	1	0	0|1	1	5.87482	PASS	-	-	.	.	.	.	.	.	.	.	0
truth_stvar	chr10	1236542	1236542	.	1	1	0	1|0	.	.	.	.	.	-	-	yes	ref	1	.	.	.	0
truth_smvar	chr10	1236542	1236542	.	1	1	0	1|0	.	.	.	.	.	-	-	no:duplicate_of_stvar	ref	1	.	.	.	0
vg	chr10	1236542	1236542	>19631199>19631207	1	1	0	0|1	1	10.1276	PASS	-	-	.	.	.	.	.	.	.	.	0
pangenie	chr10	1236555	1236555	chr10-1236555-SNV->19750850>19750852>19750853-1	1	1	0	1/0	1	.	PASS	-	-	.	.	.	.	.	.	.	.	0
truth_stvar	chr10	1236563	1236563	.	1	1	0	0|1	.	.	.	.	.	-	-	ref	yes	1	.	.	.	0
truth_smvar	chr10	1236563	1236563	.	1	1	0	0|1	.	.	.	.	.	-	-	ref	no:duplicate_of_stvar	1	.	.	.	0
vg	chr10	1236563	1236563	>19631213>19631218	1	1	0	1|0	1	13.0411	PASS	-	-	.	.	.	.	.	.	.	.	0
pangenie	chr10	1236563	1236563	chr10-1236563-SNV->19750856>19750858>19750859-1	1	1	0	1/0	1	.	PASS	-	-	.	.	.	.	.	.	.	.	0
truth_stvar	chr10	1236583	1236606	.	24	1	23	0|1	.	.	.	.	.	-	-	ref	yes	1	DEL	24	.	0
truth_smvar	chr10	1236583	1236606	.	24	1	23	0|1	.	.	.	.	.	-	-	ref	no:duplicate_of_stvar	1	.	24	.	0
vg	chr10	1236590	1236591	>19631238>19631245	2	2	0	1|1	1	13.1453	PASS	-	-	.	.	.	.	.	.	.	.	0
pangenie	chr10	1236590	1236591	chr10-1236590-COMPLEX->19750879>19750882>19750885>19750886-2	2	2	0	1/0	1	.	PASS	-	-	.	.	.	.	.	.	.	.	0
truth_stvar	chr10	1236591	1236591	.	1	1	0	0|1	.	.	.	.	.	-	-	ref	no:star_allele	1	.	.	.	0
truth_stvar	chr10	1236591	1236591	.	1	1	0	1|0	.	.	.	.	.	-	-	yes	ref	1	.	.	.	0
truth_smvar	chr10	1236591	1236591	.	1	1,1	0	1|2	.	.	.	.	.	-	-	no:duplicate_of_stvar	no:star_allele	1	.	.	.	0
vg	chr10	1236606	1236606	>19631256>19631258	1	2	1	0|1	1	37.4672	PASS	-	-	.	.	.	.	.	.	.	.	0
truth_stvar	chr10	1236611	1236611	.	1	1	0	0|1	.	.	.	.	.	-	-	ref	yes	1	.	.	.	0
truth_smvar	chr10	1236611	1236611	.	1	1	0	0|1	.	.	.	.	.	-	-	ref	no:duplicate_of_stvar	1	.	.	.	0
vg	chr10	1236611	1236611	>19631258>19631261	1	1	0	0|1	1	30.5758	PASS	-	-	.	.	.	.	.	.	.	.	0
truth_stvar	chr10	1236614	1236614	.	1	1	0	1|0	.	.	.	.	.	-	-	yes	ref	1	.	.	.	0
truth_smvar	chr10	1236614	1236614	.	1	1	0	1|0	.	.	.	.	.	-	-	no:duplicate_of_stvar	ref	1	.	.	.	0
vg	chr10	1236614	1236614	>19631261>19631266	1	1	0	1|0	1	9.38774	PASS	-	-	.	.	.	.	.	.	.	.	0
pangenie	chr10	1236614	1236614	chr10-1236614-SNV->19750902>19750904>19750907-1	1	1	0	1/0	1	.	PASS	-	-	.	.	.	.	.	.	.	.	0
truth_stvar	chr10	1236627	1236627	.	1	1	0	1|0	.	.	.	.	.	-	-	yes	ref	1	.	.	.	0
truth_smvar	chr10	1236627	1236627	.	1	1	0	1|0	.	.	.	.	.	-	-	no:duplicate_of_stvar	ref	1	.	.	.	0
pangenie	chr10	1236635	1236635	chr10-1236635-SNV->19750920>19750921>19750924-1	1	1	0	1/0	1	.	PASS	-	-	.	.	.	.	.	.	.	.	0
vg	chr10	1236638	1236638	>19631283>19631287	1	1	0	1|0	1	1.69378	PASS	-	-	.	.	.	.	.	.	.	.	0
truth_stvar	chr10	1236651	1236651	.	1	1	0	1|0	.	.	.	.	.	-	-	yes	ref	1	.	.	.	0
truth_smvar	chr10	1236651	1236651	.	1	1	0	1|0	.	.	.	.	.	-	-	no:duplicate_of_stvar	ref	1	.	.	.	0
pangenie	chr10	1236654	1236654	chr10-1236658-INS->19750940>19750941>19750943-1	1	2	1	1/0	1	.	PASS	-	-	.	.	.	.	.	.	.	.	0
truth_stvar	chr10	1236662	1236662	.	1	1	0	1|0	.	.	.	.	.	-	-	yes	ref	1	.	.	.	0
truth_smvar	chr10	1236662	1236662	.	1	1	0	1|0	.	.	.	.	.	-	-	no:duplicate_of_stvar	ref	1	.	.	.	0
truth_stvar	chr10	1236663	1236711	.	49	1	48	0|1	.	.	.	.	.	-	-	ref	yes	1	DEL	24	.	0
truth_smvar	chr10	1236663	1236711	.	49	1	48	0|1	.	.	.	.	.	-	-	ref	no:duplicate_of_stvar	1	.	24	.	0
vg	chr10	1236686	1236687	>19631328>19631334	2	2	0	1|2	1	20.6689	PASS	-	-	.	.	.	.	.	.	.	.	0
vg	chr10	1236686	1236687	>19631328>19631334	2	2	0	1|2	1	20.6689	PASS	-	-	.	.	.	.	.	.	.	.	0
pangenie	chr10	1236686	1236687	chr10-1236686-COMPLEX->19750969>19750972>19750974>19750975-2	2	2	0	1/0	1	.	PASS	-	-	.	.	.	.	.	.	.	.	0
truth_stvar	chr10	1236687	1236735	.	49	1	0	0|1	.	.	.	.	.	-	-	ref	no:star_allele	1	DEL	24	.	0
truth_stvar	chr10	1236687	1236735	.	49	1	48	1|0	.	.	.	.	.	-	-	yes	ref	1	DEL	24	.	0
truth_smvar	chr10	1236687	1236735	.	49	1,1	48	1|2	.	.	.	.	.	-	-	no:duplicate_of_stvar	no:star_allele	1	.	24	.	0
vg	chr10	1236710	1236711	>19631346>19631354	2	2	0	1|0	1	3.08381	PASS	-	-	.	.	.	.	.	.	.	.	0
pangenie	chr10	1236710	1236711	chr10-1236710-COMPLEX->19750987>19750990>19750991>19750992-2	2	2	0	1/0	1	.	PASS	-	-	.	.	.	.	.	.	.	.	0
vg	chr10	1236734	1236734	>19631366>19631370	1	1	0	0|1	1	7.86556	PASS	-	-	.	.	.	.	.	.	.	.	0
truth_stvar	chr10	1236758	1236758	.	1	1	0	1|1	.	.	.	.	.	-	-	yes	yes	1	.	.	.	0
truth_smvar	chr10	1236758	1236758	.	1	1	0	1|1	.	.	.	.	.	-	-	no:duplicate_of_stvar	no:duplicate_of_stvar	1	.	.	.	0
vg	chr10	1236758	1236758	>19631383>19631391	1	1	0	1|1	1	11.8759	PASS	-	-	.	.	.	.	.	.	.	.	0
pangenie	chr10	1236758	1236758	chr10-1236758-SNV->19751024>19751026>19751027-1	1	1	0	1/0	1	.	PASS	-	-	.	.	.	.	.	.	.	.	0
pangenie	chr10	1236771	1236771	chr10-1236771-SNV->19751035>19751037>19751038-1	1	1	0	1/0	1	.	PASS	-	-	.	.	.	.	.	.	.	.	0
vg	chr10	1236782	1236782	>19631402>19631406	1	1	0	1|0	1	3.54684	PASS	-	-	.	.	.	.	.	.	.	.	0
pangenie	chr10	1236782	1236782	chr10-1236782-SNV->19751043>19751045>19751047-1	1	1	0	1/0	1	.	PASS	-	-	.	.	.	.	.	.	.	.	0
truth_stvar	chr10	1236799	1236870	.	72	1	71	1|0	.	.	.	.	.	FN	FN	yes	ref	1	DEL	24	.	0
truth_smvar	chr10	1236799	1236870	.	72	1	71	1|0	.	.	.	.	.	-	-	no:duplicate_of_stvar	ref	1	.	24	.	0
truth_stvar	chr10	1236803	1236803	.	1	1	0	1|0	.	.	.	.	.	-	-	no:star_allele	ref	1	.	.	.	0
truth_stvar	chr10	1236803	1236803	.	1	1	0	0|1	.	.	.	.	.	-	-	ref	yes	1	.	.	.	0
truth_smvar	chr10	1236803	1236803	.	1	1,1	0	2|1	.	.	.	.	.	-	-	no:star_allele	no:duplicate_of_stvar	1	.	.	.	0
vg	chr10	1236803	1236803	>19631420>19631425	1	1	0	1|1	1	10.9277	PASS	-	-	.	.	.	.	.	.	.	.	0
pangenie	chr10	1236803	1236803	chr10-1236803-INS->19751063>19751064>19751066-1	1	2	1	1/0	1	.	PASS	-	-	.	.	.	.	.	.	.	.	0
truth_stvar	chr10	1236806	1236806	.	1	1	0	1|0	.	.	.	.	.	-	-	no:star_allele	ref	1	.	.	.	0
truth_stvar	chr10	1236806	1236806	.	1	1	0	0|1	.	.	.	.	.	-	-	ref	yes	1	.	.	.	0
truth_smvar	chr10	1236806	1236806	.	1	1,1	0	2|1	.	.	.	.	.	-	-	no:star_allele	no:duplicate_of_stvar	1	.	.	.	0
vg	chr10	1236806	1236806	>19631425>19631435	1	1	0	1|1	1	12.2035	PASS	-	-	.	.	.	.	.	.	.	.	0
pangenie	chr10	1236806	1236806	chr10-1236806-SNV->19751066>19751068>19751072-1	1	1	0	1/0	1	.	PASS	-	-	.	.	.	.	.	.	.	.	0
truth_stvar	chr10	1236827	1236827	.	1	1	0	1|0	.	.	.	.	.	-	-	no:star_allele	ref	1	.	.	.	0
truth_stvar	chr10	1236827	1236827	.	1	1	0	0|1	.	.	.	.	.	-	-	ref	yes	1	.	.	.	0
truth_smvar	chr10	1236827	1236827	.	1	1,1	0	2|1	.	.	.	.	.	-	-	no:star_allele	no:duplicate_of_stvar	1	.	.	.	0
vg	chr10	1236827	1236827	>19631443>19631447	1	1	0	1|2	1	6.93744	PASS	-	-	.	.	.	.	.	.	.	.	0
vg	chr10	1236827	1236827	>19631443>19631447	1	2	1	1|2	1	6.93744	PASS	-	-	.	.	.	.	.	.	.	.	0
pangenie	chr10	1236827	1236827	chr10-1236827-SNV->19751084>19751086>19751088-1	1	1	0	1/0	1	.	PASS	-	-	.	.	.	.	.	.	.	.	0
vg	chr10	1236830	1236830	>19631447>19631453	1	1	0	0|1	1	6.93595	PASS	-	-	.	.	.	.	.	.	.	.	0
truth_stvar	chr10	1236854	1236854	.	1	1	0	1|0	.	.	.	.	.	-	-	no:star_allele	ref	1	.	.	.	0
truth_stvar	chr10	1236854	1236854	.	1	1	0	0|1	.	.	.	.	.	-	-	ref	yes	1	.	.	.	0
truth_smvar	chr10	1236854	1236854	.	1	1,1	0	2|1	.	.	.	.	.	-	-	no:star_allele	no:duplicate_of_stvar	1	.	.	.	0
vg	chr10	1236854	1236854	>19631474>19631479	1	1	0	1|0	1	4.21026	PASS	-	-	.	.	.	.	.	.	.	.	0
truth_stvar	chr10	1236875	1236875	.	1	1	0	1|0	.	.	.	.	.	-	-	yes	ref	1	.	.	.	0
truth_smvar	chr10	1236875	1236875	.	1	1	0	1|0	.	.	.	.	.	-	-	no:duplicate_of_stvar	ref	1	.	.	.	0
vg	chr10	1236875	1236875	>19631488>19631492	1	1	0	1|1	1	9.88672	PASS	-	-	.	.	.	.	.	.	.	.	0
truth_stvar	chr10	1236878	1236878	.	1	1	0	0|1	.	.	.	.	.	-	-	ref	yes	1	.	.	.	0
truth_smvar	chr10	1236878	1236878	.	1	1	0	0|1	.	.	.	.	.	-	-	ref	no:duplicate_of_stvar	1	.	.	.	0
vg	chr10	1236878	1236878	>19631492>19631500	1	1	0	0|1	1	11.3882	PASS	-	-	.	.	.	.	.	.	.	.	0
vg	chr10	1236899	1236899	>19631506>19631510	1	1	0	0|1	1	2.8529	PASS	-	-	.	.	.	.	.	.	.	.	0
pangenie	chr10	1236899	1236899	chr10-1236899-SNV->19751147>19751148>19751151-1	1	1	0	1/0	1	.	PASS	-	-	.	.	.	.	.	.	.	.	0
truth_stvar	chr10	1236902	1236902	.	1	1	0	0|1	.	.	.	.	.	-	-	ref	yes	1	.	.	.	0
truth_smvar	chr10	1236902	1236902	.	1	1	0	0|1	.	.	.	.	.	-	-	ref	no:duplicate_of_stvar	1	.	.	.	0
vg	chr10	1236902	1236902	>19631510>19631518	1	1	0	0|1	1	10.5892	PASS	-	-	.	.	.	.	.	.	.	.	0
truth_stvar	chr10	1236915	1236915	.	1	1	0	0|1	.	.	.	.	.	-	-	ref	yes	1	.	.	.	0
truth_smvar	chr10	1236915	1236915	.	1	1	0	0|1	.	.	.	.	.	-	-	ref	no:duplicate_of_stvar	1	.	.	.	0
truth_stvar	chr10	1236923	1236923	.	1	1	0	0|1	.	.	.	.	.	-	-	ref	yes	1	.	.	.	0
truth_smvar	chr10	1236923	1236923	.	1	1	0	0|1	.	.	.	.	.	-	-	ref	no:duplicate_of_stvar	1	.	.	.	0
vg	chr10	1236923	1236923	>19631529>19631533	1	1	0	1|1	1	6.74864	PASS	-	-	.	.	.	.	.	.	.	.	0
vg	chr10	1236926	1236926	>19631534>19631541	1	1	0	1|1	1	8.19633	PASS	-	-	.	.	.	.	.	.	.	.	0
pangenie	chr10	1236926	1236926	chr10-1236926-SNV->19751175>19751177>19751178-1	1	1	0	1/0	1	.	PASS	-	-	.	.	.	.	.	.	.	.	0
truth_stvar	chr10	1236939	1236939	.	1	1	0	1|0	.	.	.	.	.	-	-	yes	ref	1	.	.	.	0
truth_smvar	chr10	1236939	1236939	.	1	1	0	1|0	.	.	.	.	.	-	-	no:duplicate_of_stvar	ref	1	.	.	.	0
vg	chr10	1236939	1236939	>19631544>19631547	1	1	0	1|1	1	3.77996	PASS	-	-	.	.	.	.	.	.	.	.	0
pangenie	chr10	1236939	1236939	chr10-1236939-SNV->19751189>19751191>19751192-1	1	1	0	1/0	1	.	PASS	-	-	.	.	.	.	.	.	.	.	0
truth_stvar	chr10	1236947	1236947	.	1	1	0	0|1	.	.	.	.	.	-	-	ref	yes	1	.	.	.	0
truth_smvar	chr10	1236947	1236947	.	1	1	0	0|1	.	.	.	.	.	-	-	ref	no:duplicate_of_stvar	1	.	.	.	0
vg	chr10	1236947	1236947	>19631549>19631555	1	1	0	0|1	1	12.5156	PASS	-	-	.	.	.	.	.	.	.	.	0
truth_stvar	chr10	1236950	1236950	.	1	1	0	1|1	.	.	.	.	.	-	-	yes	yes	1	.	.	.	0
truth_smvar	chr10	1236950	1236950	.	1	1	0	1|1	.	.	.	.	.	-	-	no:duplicate_of_stvar	no:duplicate_of_stvar	1	.	.	.	0
vg	chr10	1236950	1236950	>19631555>19631564	1	1	0	1|0	1	12.3873	PASS	-	-	.	.	.	.	.	.	.	.	0
pangenie	chr10	1236950	1236950	chr10-1236950-SNV->19751200>19751202>19751205-1	1	1	0	1/0	1	.	PASS	-	-	.	.	.	.	.	.	.	.	0
truth_stvar	chr10	1236963	1236963	.	1	1	0	1|0	.	.	.	.	.	-	-	yes	ref	1	.	.	.	0
truth_smvar	chr10	1236963	1236963	.	1	1	0	1|0	.	.	.	.	.	-	-	no:duplicate_of_stvar	ref	1	.	.	.	0
pangenie	chr10	1236963	1236963	chr10-1236963-SNV->19751215>19751217>19751218-1	1	1	0	1/0	1	.	PASS	-	-	.	.	.	.	.	.	.	.	0
pangenie	chr10	1236971	1236971	chr10-1236971-SNV->19751220>19751221>19751223-1	1	1	0	1/0	1	.	PASS	-	-	.	.	.	.	.	.	.	.	0
vg	chr10	1236974	1236974	>19631578>19631581	1	1	0	0|1	1	9.0573	PASS	-	-	.	.	.	.	.	.	.	.	0
pangenie	chr10	1236990	1236990	chr10-1236990-INS->19751239>19751240>19751241-1	1	2	1	1/0	1	.	PASS	-	-	.	.	.	.	.	.	.	.	0
truth_stvar	chr10	1236995	1236995	.	1	1	0	1|0	.	.	.	.	.	-	-	yes	ref	1	.	.	.	0
truth_smvar	chr10	1236995	1236995	.	1	1	0	1|0	.	.	.	.	.	-	-	no:duplicate_of_stvar	ref	1	.	.	.	0
truth_stvar	chr10	1236998	1236998	.	1	1	0	0|1	.	.	.	.	.	-	-	ref	yes	1	.	.	.	0
truth_stvar	chr10	1236998	1237142	.	145	1	144	1|0	.	.	.	.	.	FN	FN	yes	ref	1	DEL	24	.	0
truth_smvar	chr10	1236998	1237142	.	145	145,1	144	2|1	.	.	.	.	.	-	-	no:duplicate_of_stvar	no:overlaps_applied_stvar	1	.	.	.	0
vg	chr10	1236998	1236998	>19631600>19631603	1	1	0	0|1	1	11.7278	PASS	-	-	.	.	.	.	.	.	.	.	0
pangenie	chr10	1236998	1236998	chr10-1236998-SNV->19751245>19751247>19751248-1	1	1	0	1/0	1	.	PASS	-	-	.	.	.	.	.	.	.	.	0
vg	chr10	1237019	1237019	>19631621>19631624	1	1	0	1|0	1	12.0998	PASS	-	-	.	.	.	.	.	.	.	.	0
pangenie	chr10	1237019	1237019	chr10-1237019-SNV->19751266>19751268>19751269-1	1	1	0	1/0	1	.	PASS	-	-	.	.	.	.	.	.	.	.	0
truth_stvar	chr10	1237020	1237067	.	48	1	0	1|0	.	.	.	.	.	-	-	no:star_allele	ref	1	DEL	24	.	0
truth_stvar	chr10	1237020	1237067	.	48	1	47	0|1	.	.	.	.	.	-	-	ref	yes	1	DEL	24	.	0
truth_smvar	chr10	1237020	1237067	.	48	1,1	47	2|1	.	.	.	.	.	-	-	no:star_allele	no:duplicate_of_stvar	1	.	24	.	0
vg	chr10	1237022	1237022	>19631624>19631628	1	1	0	0|1	1	2.39264	PASS	-	-	.	.	.	.	.	.	.	.	0
vg	chr10	1237046	1237046	>19631647>19631650	1	1	0	1|0	1	3.05906	PASS	-	-	.	.	.	.	.	.	.	.	0
vg	chr10	1237056	1237056	>19631657>19631660	1	1	0	0|1	1	0.738736	PASS	-	-	.	.	.	.	.	.	.	.	0
vg	chr10	1237062	1237062	>19631665>19631668	1	2	1	0|1	1	3.29807	PASS	-	-	.	.	.	.	.	.	.	.	0
vg	chr10	1237067	1237067	>19631668>19631671	1	1	0	0|1	1	5.96614	PASS	-	-	.	.	.	.	.	.	.	.	0
vg	chr10	1237070	1237071	>19631671>19631680	2	2	0	1|2	1	28.4194	PASS	-	-	.	.	.	.	.	.	.	.	0
vg	chr10	1237070	1237071	>19631671>19631680	2	2	0	1|2	1	28.4194	PASS	-	-	.	.	.	.	.	.	.	.	0
pangenie	chr10	1237070	1237071	chr10-1237070-COMPLEX->19751316>19751319>19751322>19751323-2	2	2	0	1/0	1	.	PASS	-	-	.	.	.	.	.	.	.	.	0
truth_stvar	chr10	1237071	1237071	.	1	1	0	1|0	.	.	.	.	.	-	-	no:star_allele	ref	1	.	.	.	0
truth_stvar	chr10	1237071	1237071	.	1	1	0	0|1	.	.	.	.	.	-	-	ref	yes	1	.	.	.	0
truth_smvar	chr10	1237071	1237071	.	1	1,1	0	2|1	.	.	.	.	.	-	-	no:star_allele	no:duplicate_of_stvar	1	.	.	.	0
truth_stvar	chr10	1237094	1237094	.	1	1	0	1|0	.	.	.	.	.	-	-	no:star_allele	ref	1	.	.	.	0
truth_stvar	chr10	1237094	1237094	.	1	1	0	0|1	.	.	.	.	.	-	-	ref	yes	1	.	.	.	0
truth_smvar	chr10	1237094	1237094	.	1	1,1	0	2|1	.	.	.	.	.	-	-	no:star_allele	no:duplicate_of_stvar	1	.	.	.	0
vg	chr10	1237094	1237094	>19631695>19631704	1	1	0	0|1	1	3.28136	PASS	-	-	.	.	.	.	.	.	.	.	0
pangenie	chr10	1237094	1237094	chr10-1237094-SNV->19751340>19751342>19751344-1	1	1	0	1/0	1	.	PASS	-	-	.	.	.	.	.	.	.	.	0
pangenie	chr10	1237107	1237107	chr10-1237107-SNV->19751354>19751356>19751357-1	1	1	0	1/0	1	.	PASS	-	-	.	.	.	.	.	.	.	.	0
vg	chr10	1237115	1237115	>19631715>19631718	1	1	0	0|1	1	2.03502	PASS	-	-	.	.	.	.	.	.	.	.	0
truth_stvar	chr10	1237120	1237120	.	1	1	0	1|0	.	.	.	.	.	-	-	no:star_allele	ref	1	.	.	.	0
truth_stvar	chr10	1237120	1237120	.	1	1	0	0|1	.	.	.	.	.	-	-	ref	yes	1	.	.	.	0
truth_smvar	chr10	1237120	1237120	.	1	1,1	0	2|1	.	.	.	.	.	-	-	no:star_allele	no:duplicate_of_stvar	1	.	.	.	0
vg	chr10	1237120	1237120	>19631718>19631726	1	1	0	1|1	1	14.2108	PASS	-	-	.	.	.	.	.	.	.	.	0
pangenie	chr10	1237120	1237120	chr10-1237120-SNV->19751368>19751370>19751371-1	1	1	0	1/0	1	.	PASS	-	-	.	.	.	.	.	.	.	.	0
pangenie	chr10	1237134	1237134	chr10-1237134-INS->19751374>19751375>19751380-1	1	2	1	1/0	1	.	PASS	-	-	.	.	.	.	.	.	.	.	0
vg	chr10	1237166	1237166	>19631756>19631766	1	1	0	1|0	1	6.79326	PASS	-	-	.	.	.	.	.	.	.	.	0
pangenie	chr10	1237166	1237166	chr10-1237166-SNV->19751400>19751402>19751405-1	1	1	0	1/0	1	.	PASS	-	-	.	.	.	.	.	.	.	.	0
truth_stvar	chr10	1237167	1237167	.	1	1	0	1|1	.	.	.	.	.	-	-	yes	yes	1	.	.	.	0
truth_smvar	chr10	1237167	1237167	.	1	1	0	1|1	.	.	.	.	.	-	-	no:duplicate_of_stvar	no:duplicate_of_stvar	1	.	.	.	0
pangenie	chr10	1237179	1237179	chr10-1237179-SNV->19751414>19751416>19751417-1	1	1	0	1/0	1	.	PASS	-	-	.	.	.	.	.	.	.	.	0
truth_stvar	chr10	1237182	1237185	.	4	1	3	0|1	.	.	.	.	.	-	-	ref	yes	1	.	.	.	0
truth_smvar	chr10	1237182	1237185	.	4	1	3	0|1	.	.	.	.	.	-	-	ref	no:duplicate_of_stvar	1	.	.	.	0
vg	chr10	1237187	1237187	>19631776>19631780	1	1	0	1|0	1	5.00061	PASS	-	-	.	.	.	.	.	.	.	.	0
pangenie	chr10	1237187	1237187	chr10-1237187-SNV->19751420>19751422>19751424-1	1	1	0	1/0	1	.	PASS	-	-	.	.	.	.	.	.	.	.	0
truth_stvar	chr10	1237190	1237190	.	1	1	0	1|1	.	.	.	.	.	-	-	yes	yes	1	.	.	.	0
truth_smvar	chr10	1237190	1237190	.	1	1	0	1|1	.	.	.	.	.	-	-	no:duplicate_of_stvar	no:duplicate_of_stvar	1	.	.	.	0
truth_stvar	chr10	1237191	1237191	.	1	1	0	0|1	.	.	.	.	.	-	-	ref	yes	1	.	.	.	0
truth_smvar	chr10	1237191	1237191	.	1	1	0	0|1	.	.	.	.	.	-	-	ref	no:duplicate_of_stvar	1	.	.	.	0
truth_stvar	chr10	1237192	1237192	.	1	1	0	0|1	.	.	.	.	.	-	-	ref	yes	1	.	.	.	0
truth_smvar	chr10	1237192	1237192	.	1	1	0	0|1	.	.	.	.	.	-	-	ref	no:duplicate_of_stvar	1	.	.	.	0
truth_stvar	chr10	1237196	1237196	.	1	1	0	0|1	.	.	.	.	.	-	-	ref	yes	1	.	.	.	0
truth_smvar	chr10	1237196	1237196	.	1	1	0	0|1	.	.	.	.	.	-	-	ref	no:duplicate_of_stvar	1	.	.	.	0
vg	chr10	1237211	1237214	>19631793>19631813	4	4	0	0|1	1	8.5937	PASS	-	-	.	.	.	.	.	.	.	.	0
vg	chr10	1237211	1237211	>19631796>19631799	1	1	0	0|1	1	3.19168	PASS	-	-	.	.	.	.	.	.	.	.	0
pangenie	chr10	1237211	1237211	chr10-1237211-SNV->19751440>19751442>19751443-1	1	1	0	1/0	1	.	PASS	-	-	.	.	.	.	.	.	.	.	0
truth_stvar	chr10	1237214	1237214	.	1	1	0	0|1	.	.	.	.	.	-	-	ref	yes	1	.	.	.	0
truth_smvar	chr10	1237214	1237214	.	1	1	0	0|1	.	.	.	.	.	-	-	ref	no:duplicate_of_stvar	1	.	.	.	0
vg	chr10	1237238	1237238	>19631849>19631857	1	1	0	1|0	1	11.7735	PASS	-	-	.	.	.	.	.	.	.	.	0
pangenie	chr10	1237238	1237239	chr10-1237238-COMPLEX->19751494>19751496>19751497>19751500-2	2	2	0	1/0	1	.	PASS	-	-	.	.	.	.	.	.	.	.	0
truth_stvar	chr10	1237259	1237259	.	1	1	0	1|1	.	.	.	.	.	-	-	yes	yes	1	.	.	.	0
truth_smvar	chr10	1237259	1237259	.	1	1	0	1|1	.	.	.	.	.	-	-	no:duplicate_of_stvar	no:duplicate_of_stvar	1	.	.	.	0
vg	chr10	1237259	1237259	>19631864>19631870	1	1	0	1|0	1	5.61403	PASS	-	-	.	.	.	.	.	.	.	.	0
vg	chr10	1237260	1237260	>19631864>19631870	1	2	1	0|1	1	5.61403	PASS	-	-	.	.	.	.	.	.	.	.	0
vg	chr10	1237262	1237262	>19631870>19631876	1	1	0	0|1	1	11.5801	PASS	-	-	.	.	.	.	.	.	.	.	0
pangenie	chr10	1237262	1237262	chr10-1237262-SNV->19751515>19751518>19751519-1	1	1	0	1/0	1	.	PASS	-	-	.	.	.	.	.	.	.	.	0
truth_stvar	chr10	1237275	1237275	.	1	1	0	1|0	.	.	.	.	.	-	-	yes	ref	1	.	.	.	0
truth_smvar	chr10	1237275	1237275	.	1	1	0	1|0	.	.	.	.	.	-	-	no:duplicate_of_stvar	ref	1	.	.	.	0
truth_stvar	chr10	1237286	1237286	.	1	1	0	0|1	.	.	.	.	.	-	-	ref	yes	1	.	.	.	0
truth_smvar	chr10	1237286	1237286	.	1	1	0	0|1	.	.	.	.	.	-	-	ref	no:duplicate_of_stvar	1	.	.	.	0
vg	chr10	1237286	1237286	>19631889>19631898	1	1	0	1|0	1	12.9272	PASS	-	-	.	.	.	.	.	.	.	.	0
pangenie	chr10	1237286	1237286	chr10-1237286-SNV->19751537>19751539>19751542-1	1	1	0	1/0	1	.	PASS	-	-	.	.	.	.	.	.	.	.	0
pangenie	chr10	1237299	1237299	chr10-1237299-SNV->19751553>19751555>19751556-1	1	1	0	1/0	1	.	PASS	-	-	.	.	.	.	.	.	.	.	0
truth_stvar	chr10	1237307	1237307	.	1	1	0	1|0	.	.	.	.	.	-	-	yes	ref	1	.	.	.	0
truth_smvar	chr10	1237307	1237307	.	1	1	0	1|0	.	.	.	.	.	-	-	no:duplicate_of_stvar	ref	1	.	.	.	0
vg	chr10	1237307	1237307	>19631909>19631914	1	1	0	0|1	1	5.03052	PASS	-	-	.	.	.	.	.	.	.	.	0
pangenie	chr10	1237307	1237307	chr10-1237307-SNV->19751557>19751558>19751562-1	1	1	0	1/0	1	.	PASS	-	-	.	.	.	.	.	.	.	.	0
vg	chr10	1237310	1237310	>19631915>19632095	1	241	240	0|1	1	12.5482	PASS	FP	-	.	.	.	.	.	.	.	45.10,45.13	0
pangenie	chr10	1237310	1237310	chr10-1237310-SNV->19751563>19751566>19751568-1	1	1	0	1/0	1	.	PASS	-	-	.	.	.	.	.	.	.	.	0
vg	chr10	1237313	1237313	>19632095>19632103	1	25	24	0|1	1	4.62484	PASS	-	-	.	.	.	.	.	.	.	.	0
pangenie	chr10	1237323	1237323	chr10-1237323-SNV->19751755>19751757>19751758-1	1	1	0	1/0	1	.	PASS	-	-	.	.	.	.	.	.	.	.	0
truth_stvar	chr10	1237331	1237331	.	1	1	0	0|1	.	.	.	.	.	-	-	ref	yes	1	.	.	.	0
truth_smvar	chr10	1237331	1237331	.	1	1	0	0|1	.	.	.	.	.	-	-	ref	no:duplicate_of_stvar	1	.	.	.	0
vg	chr10	1237331	1237331	>19632112>19632115	1	1	0	1|1	1	8.15414	PASS	-	-	.	.	.	.	.	.	.	.	0
pangenie	chr10	1237331	1237331	chr10-1237331-SNV->19751761>19751763>19751764-1	1	1	0	1/0	1	.	PASS	-	-	.	.	.	.	.	.	.	.	0
truth_stvar	chr10	1237334	1237334	.	1	1	0	1|1	.	.	.	.	.	-	-	yes	yes	1	.	.	.	0
truth_smvar	chr10	1237334	1237334	.	1	1	0	1|1	.	.	.	.	.	-	-	no:duplicate_of_stvar	no:duplicate_of_stvar	1	.	.	.	0
truth_stvar	chr10	1237358	1237358	.	1	1	0	1|0	.	.	.	.	.	-	-	yes	ref	1	.	.	.	0
truth_smvar	chr10	1237358	1237358	.	1	1	0	1|0	.	.	.	.	.	-	-	no:duplicate_of_stvar	ref	1	.	.	.	0
vg	chr10	1237379	1237379	>19632159>19632162	1	1	0	1|1	1	4.20058	PASS	-	-	.	.	.	.	.	.	.	.	0
pangenie	chr10	1237379	1237379	chr10-1237379-SNV->19751809>19751811>19751812-1	1	1	0	1/0	1	.	PASS	-	-	.	.	.	.	.	.	.	.	0
truth_stvar	chr10	1237382	1237382	.	1	1	0	1|1	.	.	.	.	.	-	-	yes	yes	1	.	.	.	0
truth_smvar	chr10	1237382	1237382	.	1	1	0	1|1	.	.	.	.	.	-	-	no:duplicate_of_stvar	no:duplicate_of_stvar	1	.	.	.	0
vg	chr10	1237382	1237382	>19632162>19632165	1	1	0	0|1	1	4.78867	PASS	-	-	.	.	.	.	.	.	.	.	0
pangenie	chr10	1237382	1237382	chr10-1237382-SNV->19751812>19751814>19751815-1	1	1	0	1/0	1	.	PASS	-	-	.	.	.	.	.	.	.	.	0
truth_stvar	chr10	1237399	1237567	.	169	1	168	0|1	.	.	.	.	.	FN	FN	ref	yes	1	DEL	24	.	0
truth_smvar	chr10	1237399	1237567	.	169	1	168	0|1	.	.	.	.	.	-	-	ref	no:duplicate_of_stvar	1	.	24	.	0
truth_stvar	chr10	1237403	1237403	.	1	1	0	0|1	.	.	.	.	.	-	-	ref	no:star_allele	1	.	.	.	0
truth_stvar	chr10	1237403	1237403	.	1	1	0	1|0	.	.	.	.	.	-	-	yes	ref	1	.	.	.	0
truth_smvar	chr10	1237403	1237403	.	1	1,1	0	1|2	.	.	.	.	.	-	-	no:duplicate_of_stvar	no:star_allele	1	.	.	.	0
truth_stvar	chr10	1237406	1237406	.	1	1	0	0|1	.	.	.	.	.	-	-	ref	no:star_allele	1	.	.	.	0
truth_stvar	chr10	1237406	1237406	.	1	1	0	1|0	.	.	.	.	.	-	-	yes	ref	1	.	.	.	0
truth_smvar	chr10	1237406	1237406	.	1	1,1	0	1|2	.	.	.	.	.	-	-	no:duplicate_of_stvar	no:star_allele	1	.	.	.	0
truth_stvar	chr10	1237423	1237495	.	73	1	0	0|1	.	.	.	.	.	-	-	ref	no:star_allele	1	DEL	24	.	0
truth_stvar	chr10	1237423	1237495	.	73	1	72	1|0	.	.	.	.	.	FN	FN	yes	ref	1	DEL	24	.	0
truth_smvar	chr10	1237423	1237495	.	73	1,1	72	1|2	.	.	.	.	.	-	-	no:duplicate_of_stvar	no:star_allele	1	.	24	.	0
vg	chr10	1237427	1237427	>19632213>19632217	1	1	0	1|0	1	8.06234	PASS	-	-	.	.	.	.	.	.	.	.	0
pangenie	chr10	1237427	1237427	chr10-1237427-SNV->19751864>19751866>19751867-1	1	1	0	1/0	1	.	PASS	-	-	.	.	.	.	.	.	.	.	0
vg	chr10	1237430	1237430	>19632217>19632225	1	1	0	0|1	1	9.11369	PASS	-	-	.	.	.	.	.	.	.	.	0
vg	chr10	1237454	1237454	>19632237>19632242	1	1	0	0|1	1	8.22348	PASS	-	-	.	.	.	.	.	.	.	.	0
pangenie	chr10	1237454	1237454	chr10-1237454-SNV->19751887>19751889>19751892-1	1	1	0	1/0	1	.	PASS	-	-	.	.	.	.	.	.	.	.	0
vg	chr10	1237456	1237456	>19632242>19632245	1	1	0	1|1	1	5.42049	PASS	-	-	.	.	.	.	.	.	.	.	0
pangenie	chr10	1237456	1237456	chr10-1237456-SNV->19751892>19751894>19751895-1	1	1	0	1/0	1	.	PASS	-	-	.	.	.	.	.	.	.	.	0
vg	chr10	1237470	1237471	>19632254>19632256	2	1	-1	1|0	1	5.46112	PASS	-	-	.	.	.	.	.	.	.	.	0
pangenie	chr10	1237470	1237471	chr10-1237470-DEL->19751904>19751906-1	2	1	-1	1/0	1	.	PASS	-	-	.	.	.	.	.	.	.	.	0
vg	chr10	1237476	1237476	>19632258>19632261	1	1	0	0|1	1	7.05034	PASS	-	-	.	.	.	.	.	.	.	.	0
vg	chr10	1237479	1237479	>19632261>19632264	1	1	0	0|1	1	3.38919	PASS	-	-	.	.	.	.	.	.	.	.	0
truth_stvar	chr10	1237503	1237503	.	1	1	0	0|1	.	.	.	.	.	-	-	ref	no:star_allele	1	.	.	.	0
truth_stvar	chr10	1237503	1237503	.	1	1	0	1|0	.	.	.	.	.	-	-	yes	ref	1	.	.	.	0
truth_smvar	chr10	1237503	1237503	.	1	1,1	0	1|2	.	.	.	.	.	-	-	no:duplicate_of_stvar	no:star_allele	1	.	.	.	0
pangenie	chr10	1237516	1237516	chr10-1237516-SNV->19751945>19751947>19751948-1	1	1	0	1/0	1	.	PASS	-	-	.	.	.	.	.	.	.	.	0
truth_stvar	chr10	1237524	1237524	.	1	1	0	0|1	.	.	.	.	.	-	-	ref	no:star_allele	1	.	.	.	0
truth_stvar	chr10	1237524	1237524	.	1	1	0	1|0	.	.	.	.	.	-	-	yes	ref	1	.	.	.	0
truth_smvar	chr10	1237524	1237524	.	1	1,1	0	1|2	.	.	.	.	.	-	-	no:duplicate_of_stvar	no:star_allele	1	.	.	.	0
vg	chr10	1237527	1237528	>19632306>19632315	2	2	0	1|2	1	15.519	PASS	-	-	.	.	.	.	.	.	.	.	0
vg	chr10	1237527	1237528	>19632306>19632315	2	2	0	1|2	1	15.519	PASS	-	-	.	.	.	.	.	.	.	.	0
pangenie	chr10	1237527	1237527	chr10-1237527-SNV->19751956>19751958>19751961-1	1	1	0	1/0	1	.	PASS	-	-	.	.	.	.	.	.	.	.	0
pangenie	chr10	1237540	1237540	chr10-1237540-SNV->19751968>19751970>19751971-1	1	1	0	1/0	1	.	PASS	-	-	.	.	.	.	.	.	.	.	0
truth_stvar	chr10	1237548	1237548	.	1	1	0	0|1	.	.	.	.	.	-	-	ref	no:star_allele	1	.	.	.	0
truth_stvar	chr10	1237548	1237548	.	1	1	0	1|0	.	.	.	.	.	-	-	yes	ref	1	.	.	.	0
truth_smvar	chr10	1237548	1237548	.	1	1,1	0	1|2	.	.	.	.	.	-	-	no:duplicate_of_stvar	no:star_allele	1	.	.	.	0
truth_stvar	chr10	1237551	1237551	.	1	1	0	0|1	.	.	.	.	.	-	-	ref	no:star_allele	1	.	.	.	0
truth_stvar	chr10	1237551	1237551	.	1	1	0	1|0	.	.	.	.	.	-	-	yes	ref	1	.	.	.	0
truth_smvar	chr10	1237551	1237551	.	1	1,1	0	1|2	.	.	.	.	.	-	-	no:duplicate_of_stvar	no:star_allele	1	.	.	.	0
vg	chr10	1237551	1237551	>19632330>19632336	1	1	0	0|1	1	10.0567	PASS	-	-	.	.	.	.	.	.	.	.	0
vg	chr10	1237572	1237572	>19632346>19632350	1	1	0	1|1	1	4.66301	PASS	-	-	.	.	.	.	.	.	.	.	0
pangenie	chr10	1237572	1237572	chr10-1237572-SNV->19751996>19751998>19752000-1	1	1	0	1/0	1	.	PASS	-	-	.	.	.	.	.	.	.	.	0
truth_stvar	chr10	1237575	1237575	.	1	1	0	1|1	.	.	.	.	.	-	-	yes	yes	1	.	.	.	0
truth_smvar	chr10	1237575	1237575	.	1	1	0	1|1	.	.	.	.	.	-	-	no:duplicate_of_stvar	no:duplicate_of_stvar	1	.	.	.	0
vg	chr10	1237575	1237575	>19632350>19632358	1	1	0	0|1	1	9.67023	PASS	-	-	.	.	.	.	.	.	.	.	0
truth_stvar	chr10	1237596	1237596	.	1	1	0	0|1	.	.	.	.	.	-	-	ref	yes	1	.	.	.	0
truth_smvar	chr10	1237596	1237596	.	1	1	0	0|1	.	.	.	.	.	-	-	ref	no:duplicate_of_stvar	1	.	.	.	0
pangenie	chr10	1237596	1237596	chr10-1237596-SNV->19752017>19752018>19752021-1	1	1	0	1/0	1	.	PASS	-	-	.	.	.	.	.	.	.	.	0
vg	chr10	1237599	1237599	>19632371>19632377	1	1	0	1|0	1	2.61688	PASS	-	-	.	.	.	.	.	.	.	.	0
pangenie	chr10	1237615	1237615	chr10-1237615-INS->19752039>19752040>19752041-1	1	2	1	1/0	1	.	PASS	-	-	.	.	.	.	.	.	.	.	0
truth_stvar	chr10	1237623	1237623	.	1	1	0	1|1	.	.	.	.	.	-	-	yes	yes	1	.	.	.	0
truth_smvar	chr10	1237623	1237623	.	1	1	0	1|1	.	.	.	.	.	-	-	no:duplicate_of_stvar	no:duplicate_of_stvar	1	.	.	.	0
vg	chr10	1237623	1237623	>19632397>19632402	1	1	0	0|1	1	7.86155	PASS	-	-	.	.	.	.	.	.	.	.	0
pangenie	chr10	1237623	1237623	chr10-1237623-SNV->19752047>19752049>19752052-1	1	1	0	1/0	1	.	PASS	-	-	.	.	.	.	.	.	.	.	0
vg	chr10	1237647	1237648	>19632420>19632428	2	2	0	0|1	1	9.41048	PASS	-	-	.	.	.	.	.	.	.	.	0
truth_stvar	chr10	1237668	1237668	.	1	1	0	1|0	.	.	.	.	.	-	-	yes	ref	1	.	.	.	0
truth_smvar	chr10	1237668	1237668	.	1	1	0	1|0	.	.	.	.	.	-	-	no:duplicate_of_stvar	ref	1	.	.	.	0
truth_stvar	chr10	1237671	1237671	.	1	1	0	0|1	.	.	.	.	.	-	-	ref	yes	1	.	.	.	0
truth_smvar	chr10	1237671	1237671	.	1	1	0	0|1	.	.	.	.	.	-	-	ref	no:duplicate_of_stvar	1	.	.	.	0
vg	chr10	1237671	1237671	>19632441>19632450	1	1	0	0|1	1	3.16422	PASS	-	-	.	.	.	.	.	.	.	.	0
truth_stvar	chr10	1237687	1237688	.	2	1	1	1|0	.	.	.	.	.	-	-	yes	ref	1	.	.	.	0
truth_smvar	chr10	1237687	1237688	.	2	1	1	1|0	.	.	.	.	.	-	-	no:duplicate_of_stvar	ref	1	.	.	.	0
vg	chr10	1237692	1237693	>19632462>19632467	2	1	-1	1|1	1	4.29051	PASS	-	-	.	.	.	.	.	.	.	.	0
pangenie	chr10	1237692	1237693	chr10-1237692-DEL->19752113>19752116>19752118-1	2	1	-1	1/0	1	.	PASS	-	-	.	.	.	.	.	.	.	.	0
truth_stvar	chr10	1237693	1237693	.	1	1	0	1|0	.	.	.	.	.	-	-	yes	ref	1	.	.	.	0
truth_smvar	chr10	1237693	1237693	.	1	1	0	1|0	.	.	.	.	.	-	-	no:duplicate_of_stvar	ref	1	.	.	.	0
vg	chr10	1237696	1237697	>19632467>19632475	2	2	0	1|2	1	4.69533	PASS	-	-	.	.	.	.	.	.	.	.	0
vg	chr10	1237696	1237697	>19632467>19632475	2	2	0	1|2	1	4.69533	PASS	-	-	.	.	.	.	.	.	.	.	0
pangenie	chr10	1237696	1237696	chr10-1237696-SNV->19752118>19752120>19752123-1	1	1	0	1/0	1	.	PASS	-	-	.	.	.	.	.	.	.	.	0
vg	chr10	1237720	1237720	>19632487>19632493	1	1	0	0|1	1	0.935717	PASS	-	-	.	.	.	.	.	.	.	.	0
pangenie	chr10	1237733	1237733	chr10-1237733-SNV->19752157>19752159>19752160-1	1	1	0	1/0	1	.	PASS	-	-	.	.	.	.	.	.	.	.	0
vg	chr10	1237744	1237744	>19632511>19632517	1	1	0	1|0	1	8.16457	PASS	-	-	.	.	.	.	.	.	.	.	0
pangenie	chr10	1237744	1237744	chr10-1237744-SNV->19752166>19752168>19752170-1	1	1	0	1/0	1	.	PASS	-	-	.	.	.	.	.	.	.	.	0
pangenie	chr10	1237760	1237760	chr10-1237760-INS->19752180>19752181>19752183-1	1	2	1	1/0	1	.	PASS	-	-	.	.	.	.	.	.	.	.	0
truth_stvar	chr10	1237765	1237765	.	1	1	0	1|0	.	.	.	.	.	-	-	yes	ref	1	.	.	.	0
truth_smvar	chr10	1237765	1237765	.	1	1	0	1|0	.	.	.	.	.	-	-	no:duplicate_of_stvar	ref	1	.	.	.	0
vg	chr10	1237765	1237765	>19632529>19632532	1	1	0	1|0	1	9.03474	PASS	-	-	.	.	.	.	.	.	.	.	0
pangenie	chr10	1237765	1237765	chr10-1237765-SNV->19752184>19752186>19752187-1	1	1	0	1/0	1	.	PASS	-	-	.	.	.	.	.	.	.	.	0
truth_stvar	chr10	1237768	1237768	.	1	1	0	0|1	.	.	.	.	.	-	-	ref	yes	1	.	.	.	0
truth_smvar	chr10	1237768	1237768	.	1	1	0	0|1	.	.	.	.	.	-	-	ref	no:duplicate_of_stvar	1	.	.	.	0
vg	chr10	1237768	1237768	>19632532>19632537	1	1	0	1|0	1	6.52241	PASS	-	-	.	.	.	.	.	.	.	.	0
vg	chr10	1237792	1237792	>19632554>19632559	1	1	0	0|1	1	6.48034	PASS	-	-	.	.	.	.	.	.	.	.	0
vg	chr10	1237813	1237813	>19632571>19632574	1	1	0	1|1	1	7.11497	PASS	-	-	.	.	.	.	.	.	.	.	0
pangenie	chr10	1237813	1237813	chr10-1237813-SNV->19752226>19752228>19752229-1	1	1	0	1/0	1	.	PASS	-	-	.	.	.	.	.	.	.	.	0
truth_stvar	chr10	1237816	1237816	.	1	1	0	1|0	.	.	.	.	.	-	-	yes	ref	1	.	.	.	0
truth_smvar	chr10	1237816	1237816	.	1	1	0	1|0	.	.	.	.	.	-	-	no:duplicate_of_stvar	ref	1	.	.	.	0
vg	chr10	1237816	1237816	>19632574>19632579	1	1	0	0|1	1	7.15022	PASS	-	-	.	.	.	.	.	.	.	.	0
truth_stvar	chr10	1237837	1237837	.	1	1	0	0|1	.	.	.	.	.	-	-	ref	yes	1	.	.	.	0
truth_smvar	chr10	1237837	1237837	.	1	1	0	0|1	.	.	.	.	.	-	-	ref	no:duplicate_of_stvar	1	.	.	.	0
vg	chr10	1237837	1237837	>19632590>19632594	1	1	0	1|0	1	8.14168	PASS	-	-	.	.	.	.	.	.	.	.	0
vg	chr10	1237840	1237840	>19632594>19632603	1	1	0	1|1	1	11.6397	PASS	-	-	.	.	.	.	.	.	.	.	0
pangenie	chr10	1237840	1237840	chr10-1237840-SNV->19752249>19752251>19752255-1	1	1	0	1/0	1	.	PASS	-	-	.	.	.	.	.	.	.	.	0
truth_stvar	chr10	1237861	1237861	.	1	1	0	1|0	.	.	.	.	.	-	-	yes	ref	1	.	.	.	0
truth_smvar	chr10	1237861	1237861	.	1	1	0	1|0	.	.	.	.	.	-	-	no:duplicate_of_stvar	ref	1	.	.	.	0
truth_stvar	chr10	1237864	1237864	.	1	1	0	1|1	.	.	.	.	.	-	-	yes	yes	1	.	.	.	0
truth_smvar	chr10	1237864	1237864	.	1	1	0	1|1	.	.	.	.	.	-	-	no:duplicate_of_stvar	no:duplicate_of_stvar	1	.	.	.	0
vg	chr10	1237864	1237864	>19632623>19632632	1	1	0	1|2	1	18.5314	PASS	-	-	.	.	.	.	.	.	.	.	0
vg	chr10	1237864	1237864	>19632623>19632632	1	1	0	1|2	1	18.5314	PASS	-	-	.	.	.	.	.	.	.	.	0
pangenie	chr10	1237864	1237864	chr10-1237864-SNV->19752278>19752282>19752283-1	1	1	0	1/0	1	.	PASS	-	-	.	.	.	.	.	.	.	.	0
truth_stvar	chr10	1237885	1237885	.	1	1	0	1|1	.	.	.	.	.	-	-	yes	yes	1	.	.	.	0
truth_smvar	chr10	1237885	1237885	.	1	1	0	1|1	.	.	.	.	.	-	-	no:duplicate_of_stvar	no:duplicate_of_stvar	1	.	.	.	0
vg	chr10	1237885	1237885	>19632651>19632654	1	1	0	1|1	1	14.1444	PASS	-	-	.	.	.	.	.	.	.	.	0
pangenie	chr10	1237885	1237885	chr10-1237885-SNV->19752306>19752308>19752309-1	1	1	0	1/0	1	.	PASS	-	-	.	.	.	.	.	.	.	.	0
truth_stvar	chr10	1237909	1237909	.	1	1	0	1|0	.	.	.	.	.	-	-	yes	ref	1	.	.	.	0
truth_smvar	chr10	1237909	1237909	.	1	1	0	1|0	.	.	.	.	.	-	-	no:duplicate_of_stvar	ref	1	.	.	.	0
vg	chr10	1237909	1237909	>19633186>19633189	1	1	0	0|1	1	1.81693	PASS	-	-	.	.	.	.	.	.	.	.	0
truth_stvar	chr10	1237912	1237936	.	25	1	24	0|1	.	.	.	.	.	-	-	ref	yes	1	DEL	.	.	0
truth_smvar	chr10	1237912	1237936	.	25	1	24	0|1	.	.	.	.	.	-	-	ref	no:duplicate_of_stvar	1	.	.	.	0
vg	chr10	1237912	1237912	>19633190>19633196	1	1	0	1|1	1	21.6332	PASS	-	-	.	.	.	.	.	.	.	.	0
pangenie	chr10	1237912	1237912	chr10-1237912-SNV->19752845>19752848>19752849-1	1	1	0	1/0	1	.	PASS	-	-	.	.	.	.	.	.	.	.	0
vg	chr10	1237933	1237933	>19633209>19633213	1	1	0	0|1	1	12.4789	PASS	-	-	.	.	.	.	.	.	.	.	0
pangenie	chr10	1237933	1237933	chr10-1237933-SNV->19752864>19752865>19752868-1	1	1	0	1/0	1	.	PASS	-	-	.	.	.	.	.	.	.	.	0
vg	chr10	1237936	1237936	>19633213>19633219	1	1	0	0|1	1	12.8591	PASS	-	-	.	.	.	.	.	.	.	.	0
pangenie	chr10	1237936	1237936	chr10-1237936-SNV->19752868>19752870>19752871-1	1	1	0	1/0	1	.	PASS	-	-	.	.	.	.	.	.	.	.	0
truth_stvar	chr10	1237957	1237957	.	1	1	0	1|0	.	.	.	.	.	-	-	yes	ref	1	.	.	.	0
truth_smvar	chr10	1237957	1237957	.	1	1	0	1|0	.	.	.	.	.	-	-	no:duplicate_of_stvar	ref	1	.	.	.	0
vg	chr10	1237957	1237957	>19633229>19633232	1	1	0	0|1	1	3.99701	PASS	-	-	.	.	.	.	.	.	.	.	0
vg	chr10	1237960	1237960	>19633232>19633237	1	1	0	1|1	1	8.71155	PASS	-	-	.	.	.	.	.	.	.	.	0
pangenie	chr10	1237960	1237960	chr10-1237960-SNV->19752887>19752889>19752892-1	1	1	0	1/0	1	.	PASS	-	-	.	.	.	.	.	.	.	.	0
vg	chr10	1237976	1237976	>19633249>19633251	1	2	1	0|1	1	7.25031	PASS	-	-	.	.	.	.	.	.	.	.	0
vg	chr10	1237980	1237984	>19633251>19633263	5	4	-1	2|1	1	14.0655	PASS	-	-	.	.	.	.	.	.	.	.	0
vg	chr10	1237980	1237984	>19633251>19633263	5	5	0	2|1	1	14.0655	PASS	-	-	.	.	.	.	.	.	.	.	0
pangenie	chr10	1237981	1237981	chr10-1237981-SNV->19752908>19752911>19752912-1	1	1	0	1/0	1	.	PASS	-	-	.	.	.	.	.	.	.	.	0
truth_stvar	chr10	1237984	1237984	.	1	1	0	0|1	.	.	.	.	.	-	-	ref	yes	1	.	.	.	0
truth_smvar	chr10	1237984	1237984	.	1	1	0	0|1	.	.	.	.	.	-	-	ref	no:duplicate_of_stvar	1	.	.	.	0
pangenie	chr10	1238005	1238005	chr10-1238005-SNV->19752932>19752934>19752935-1	1	1	0	1/0	1	.	PASS	-	-	.	.	.	.	.	.	.	.	0
truth_stvar	chr10	1238008	1238008	.	1	1	0	1|0	.	.	.	.	.	-	-	yes	ref	1	.	.	.	0
truth_smvar	chr10	1238008	1238008	.	1	1	0	1|0	.	.	.	.	.	-	-	no:duplicate_of_stvar	ref	1	.	.	.	0
truth_stvar	chr10	1238021	1238021	.	1	1	0	1|0	.	.	.	.	.	-	-	yes	ref	1	.	.	.	0
truth_smvar	chr10	1238021	1238021	.	1	1	0	1|0	.	.	.	.	.	-	-	no:duplicate_of_stvar	ref	1	.	.	.	0
pangenie	chr10	1238021	1238021	chr10-1238021-SNV->19752945>19752947>19752948-1	1	1	0	1/0	1	.	PASS	-	-	.	.	.	.	.	.	.	.	0
truth_stvar	chr10	1238029	1238029	.	1	1	0	1|1	.	.	.	.	.	-	-	yes	yes	1	.	.	.	0
truth_smvar	chr10	1238029	1238029	.	1	1	0	1|1	.	.	.	.	.	-	-	no:duplicate_of_stvar	no:duplicate_of_stvar	1	.	.	.	0
vg	chr10	1238029	1238029	>19633294>19633298	1	1	0	1|1	1	6.4911	PASS	-	-	.	.	.	.	.	.	.	.	0
vg	chr10	1238032	1238032	>19633298>19633302	1	1	0	0|1	1	4.47338	PASS	-	-	.	.	.	.	.	.	.	.	0
pangenie	chr10	1238048	1238048	chr10-1238048-INS->19752974>19752975>19752976-1	1	2	1	1/0	1	.	PASS	-	-	.	.	.	.	.	.	.	.	0
truth_stvar	chr10	1238053	1238053	.	1	1	0	1|0	.	.	.	.	.	-	-	yes	ref	1	.	.	.	0
truth_smvar	chr10	1238053	1238053	.	1	1	0	1|0	.	.	.	.	.	-	-	no:duplicate_of_stvar	ref	1	.	.	.	0
vg	chr10	1238056	1238056	>19633325>19633333	1	1	0	0|1	1	11.5291	PASS	-	-	.	.	.	.	.	.	.	.	0
pangenie	chr10	1238056	1238056	chr10-1238056-SNV->19752981>19752984>19752986-1	1	1	0	1/0	1	.	PASS	-	-	.	.	.	.	.	.	.	.	0
truth_stvar	chr10	1238072	1238072	.	1	2	1	1|0	.	.	.	.	.	-	-	yes	ref	1	.	.	.	0
truth_smvar	chr10	1238072	1238072	.	1	2	1	1|0	.	.	.	.	.	-	-	no:duplicate_of_stvar	ref	1	.	.	.	0
vg	chr10	1238072	1238074	>19633339>19633344	3	1	-2	1|0	1	3.10465	PASS	-	-	.	.	.	.	.	.	.	.	0
vg	chr10	1238077	1238077	>19633344>19633347	1	1	0	1|0	1	3.4073	PASS	-	-	.	.	.	.	.	.	.	.	0
vg	chr10	1238080	1238080	>19633350>19633354	1	3	2	1|0	1	4.80685	PASS	-	-	.	.	.	.	.	.	.	.	0
truth_stvar	chr10	1238101	1238101	.	1	1	0	0|1	.	.	.	.	.	-	-	ref	yes	1	.	.	.	0
truth_smvar	chr10	1238101	1238101	.	1	1	0	0|1	.	.	.	.	.	-	-	ref	no:duplicate_of_stvar	1	.	.	.	0
truth_stvar	chr10	1238104	1238249	.	146	1	145	0|1	.	.	.	.	.	FN	FN	ref	yes	1	DEL	.	.	0
truth_smvar	chr10	1238104	1238249	.	146	1	145	0|1	.	.	.	.	.	-	-	ref	no:duplicate_of_stvar	1	.	.	.	0
pangenie	chr10	1238104	1238104	chr10-1238104-SNV->19753025>19753027>19753028-1	1	1	0	1/0	1	.	PASS	-	-	.	.	.	.	.	.	.	.	0
truth_stvar	chr10	1238125	1238125	.	1	1	0	0|1	.	.	.	.	.	-	-	ref	no:star_allele	1	.	.	.	0
truth_stvar	chr10	1238125	1238125	.	1	1	0	1|0	.	.	.	.	.	-	-	yes	ref	1	.	.	.	0
truth_smvar	chr10	1238125	1238125	.	1	1,1	0	1|2	.	.	.	.	.	-	-	no:duplicate_of_stvar	no:star_allele	1	.	.	.	0
pangenie	chr10	1238125	1238390	chr10-1238125-DEL->19753254>19753469>19753471-265	266	1	-265	1/0	1	.	PASS	FP	-	.	.	.	.	.	.	.	44.12,44.8	0
vg	chr10	1238128	1238128	>19633400>19633405	1	1	0	1|0	1	7.07927	PASS	-	-	.	.	.	.	.	.	.	.	0
truth_stvar	chr10	1238149	1238149	.	1	1	0	0|1	.	.	.	.	.	-	-	ref	no:star_allele	1	.	.	.	0
truth_stvar	chr10	1238149	1238149	.	1	1	0	1|0	.	.	.	.	.	-	-	yes	ref	1	.	.	.	0
truth_smvar	chr10	1238149	1238149	.	1	1,1	0	1|2	.	.	.	.	.	-	-	no:duplicate_of_stvar	no:star_allele	1	.	.	.	0
truth_stvar	chr10	1238152	1238201	.	50	1	0	0|1	.	.	.	.	.	-	-	ref	no:star_allele	1	DEL	.	.	0
truth_stvar	chr10	1238152	1238201	.	50	1	49	1|0	.	.	.	.	.	-	-	yes	ref	1	DEL	.	.	0
truth_smvar	chr10	1238152	1238201	.	50	1,1	49	1|2	.	.	.	.	.	-	-	no:duplicate_of_stvar	no:star_allele	1	.	.	.	0
vg	chr10	1238152	1238152	>19633416>19633425	1	1	0	0|1	1	18.9878	PASS	-	-	.	.	.	.	.	.	.	.	0
vg	chr10	1238154	1238154	>19633416>19633425	1	1	0	1|1	1	18.9878	PASS	-	-	.	.	.	.	.	.	.	.	0
vg	chr10	1238171	1238172	>19633432>19633437	2	1	-1	1|1	1	16.8535	PASS	-	-	.	.	.	.	.	.	.	.	0
vg	chr10	1238175	1238487	>19633437>19633901	313	1	-312	1|1	1	35.4714	PASS	FP	-	.	.	.	.	.	.	.	45.12,45.14	0
truth_stvar	chr10	1238226	1238226	.	1	1	0	0|1	.	.	.	.	.	-	-	ref	no:star_allele	1	.	.	.	0
truth_stvar	chr10	1238226	1238226	.	1	1	0	1|0	.	.	.	.	.	-	-	yes	ref	1	.	.	.	0
truth_smvar	chr10	1238226	1238226	.	1	1,1	0	1|2	.	.	.	.	.	-	-	no:duplicate_of_stvar	no:star_allele	1	.	.	.	0
truth_stvar	chr10	1238238	1238238	.	1	1	0	0|1	.	.	.	.	.	-	-	ref	no:star_allele	1	.	.	.	0
truth_stvar	chr10	1238238	1238238	.	1	1	0	1|0	.	.	.	.	.	-	-	yes	ref	1	.	.	.	0
truth_smvar	chr10	1238238	1238238	.	1	1,1	0	1|2	.	.	.	.	.	-	-	no:duplicate_of_stvar	no:star_allele	1	.	.	.	0
truth_stvar	chr10	1238270	1238270	.	1	1	0	1|1	.	.	.	.	.	-	-	yes	yes	1	.	.	.	0
truth_smvar	chr10	1238270	1238270	.	1	1	0	1|1	.	.	.	.	.	-	-	no:duplicate_of_stvar	no:duplicate_of_stvar	1	.	.	.	0
truth_stvar	chr10	1238273	1238273	.	1	1	0	1|0	.	.	.	.	.	-	-	yes	ref	1	.	.	.	0
truth_stvar	chr10	1238273	1238297	.	25	1	24	0|1	.	.	.	.	.	-	-	ref	yes	1	DEL	.	.	0
truth_smvar	chr10	1238273	1238297	.	25	1,25	24	2|1	.	.	.	.	.	-	-	no:overlaps_applied_stvar	no:duplicate_of_stvar	1	.	.	.	0
truth_stvar	chr10	1238358	1238358	.	1	1	0	1|0	.	.	.	.	.	-	-	yes	ref	1	.	.	.	0
truth_smvar	chr10	1238358	1238358	.	1	1	0	1|0	.	.	.	.	.	-	-	no:duplicate_of_stvar	ref	1	.	.	.	0
truth_stvar	chr10	1238369	1238369	.	1	1	0	1|0	.	.	.	.	.	-	-	yes	ref	1	.	.	.	0
truth_smvar	chr10	1238369	1238369	.	1	1	0	1|0	.	.	.	.	.	-	-	no:duplicate_of_stvar	ref	1	.	.	.	0
truth_stvar	chr10	1238390	1238390	.	1	1	0	0|1	.	.	.	.	.	-	-	ref	yes	1	.	.	.	0
truth_smvar	chr10	1238390	1238390	.	1	1	0	0|1	.	.	.	.	.	-	-	ref	no:duplicate_of_stvar	1	.	.	.	0
pangenie	chr10	1238393	1238393	chr10-1238393-SNV->19753471>19753473>19753474-1	1	1	0	1/0	1	.	PASS	-	-	.	.	.	.	.	.	.	.	0
pangenie	chr10	1238406	1238406	chr10-1238406-SNV->19753481>19753483>19753484-1	1	1	0	1/0	1	.	PASS	-	-	.	.	.	.	.	.	.	.	0
truth_stvar	chr10	1238414	1238414	.	1	1	0	1|0	.	.	.	.	.	-	-	yes	ref	1	.	.	.	0
truth_smvar	chr10	1238414	1238414	.	1	1	0	1|0	.	.	.	.	.	-	-	no:duplicate_of_stvar	ref	1	.	.	.	0
pangenie	chr10	1238414	1238438	chr10-1238416-DEL->19753496>19753510-24	25	1	-24	1/0	1	.	PASS	-	-	.	.	.	.	.	.	.	.	0
truth_stvar	chr10	1238417	1238417	.	1	1	0	1|0	.	.	.	.	.	-	-	yes	ref	1	.	.	.	0
truth_smvar	chr10	1238417	1238417	.	1	1	0	1|0	.	.	.	.	.	-	-	no:duplicate_of_stvar	ref	1	.	.	.	0
truth_stvar	chr10	1238433	1238433	.	1	2	1	0|1	.	.	.	.	.	-	-	ref	yes	1	.	.	.	0
truth_smvar	chr10	1238433	1238433	.	1	2	1	0|1	.	.	.	.	.	-	-	ref	no:duplicate_of_stvar	1	.	.	.	0
truth_stvar	chr10	1238438	1238438	.	1	1	0	1|0	.	.	.	.	.	-	-	yes	ref	1	.	.	.	0
truth_smvar	chr10	1238438	1238438	.	1	1	0	1|0	.	.	.	.	.	-	-	no:duplicate_of_stvar	ref	1	.	.	.	0
pangenie	chr10	1238441	1238465	chr10-1238442-DEL->19753512>19753528-24	25	1	-24	1/0	1	.	PASS	-	-	.	.	.	.	.	.	.	.	0
truth_stvar	chr10	1238442	1238442	.	1	1	0	1|0	.	.	.	.	.	-	-	yes	ref	1	.	.	.	0
truth_smvar	chr10	1238442	1238442	.	1	1	0	1|0	.	.	.	.	.	-	-	no:duplicate_of_stvar	ref	1	.	.	.	0
truth_stvar	chr10	1238462	1238462	.	1	1	0	0|1	.	.	.	.	.	-	-	ref	yes	1	.	.	.	0
truth_smvar	chr10	1238462	1238462	.	1	1	0	0|1	.	.	.	.	.	-	-	ref	no:duplicate_of_stvar	1	.	.	.	0
truth_stvar	chr10	1238465	1238465	.	1	1	0	1|0	.	.	.	.	.	-	-	yes	ref	1	.	.	.	0
truth_smvar	chr10	1238465	1238465	.	1	1	0	1|0	.	.	.	.	.	-	-	no:duplicate_of_stvar	ref	1	.	.	.	0
pangenie	chr10	1238481	1238481	chr10-1238486-INS->19753536>19753538>19753540>19753541>19753542-1	1	2	1	1/0	1	.	PASS	-	-	.	.	.	.	.	.	.	.	0
vg	chr10	1238489	1238489	>19633901>19633904	1	1	0	0|1	1	2.65626	PASS	-	-	.	.	.	.	.	.	.	.	0
pangenie	chr10	1238489	1238489	chr10-1238489-SNV->19753542>19753544>19753545-1	1	1	0	1/0	1	.	PASS	-	-	.	.	.	.	.	.	.	.	0
truth_stvar	chr10	1238505	1238505	.	1	2	1	1|0	.	.	.	.	.	-	-	yes	ref	1	.	.	.	0
truth_smvar	chr10	1238505	1238505	.	1	2	1	1|0	.	.	.	.	.	-	-	no:duplicate_of_stvar	ref	1	.	.	.	0
truth_stvar	chr10	1238510	1238510	.	1	1	0	1|0	.	.	.	.	.	-	-	yes	ref	1	.	.	.	0
truth_smvar	chr10	1238510	1238510	.	1	1	0	1|0	.	.	.	.	.	-	-	no:duplicate_of_stvar	ref	1	.	.	.	0
vg	chr10	1238513	1238513	>19633922>19633927	1	1	0	0|1	1	13.8362	PASS	-	-	.	.	.	.	.	.	.	.	0
pangenie	chr10	1238513	1238513	chr10-1238513-SNV->19753563>19753566>19753567-1	1	1	0	1/0	1	.	PASS	-	-	.	.	.	.	.	.	.	.	0
pangenie	chr10	1238526	1238526	chr10-1238526-SNV->19753574>19753576>19753577-1	1	1	0	1/0	1	.	PASS	-	-	.	.	.	.	.	.	.	.	0
truth_stvar	chr10	1238531	1238558	.	28	1	27	1|0	.	.	.	.	.	-	-	yes	ref	1	DEL	.	.	0
truth_smvar	chr10	1238531	1238558	.	28	1	27	1|0	.	.	.	.	.	-	-	no:duplicate_of_stvar	ref	1	.	.	.	0
truth_stvar	chr10	1238537	1238537	.	1	1	0	1|0	.	.	.	.	.	-	-	no:star_allele	ref	1	.	.	.	0
truth_stvar	chr10	1238537	1238537	.	1	1	0	0|1	.	.	.	.	.	-	-	ref	yes	1	.	.	.	0
truth_smvar	chr10	1238537	1238537	.	1	1,1	0	2|1	.	.	.	.	.	-	-	no:star_allele	no:duplicate_of_stvar	1	.	.	.	0
vg	chr10	1238537	1238537	>19634530>19634533	1	1	0	0|1	1	12.0995	PASS	-	-	.	.	.	.	.	.	.	.	0
pangenie	chr10	1238537	1238537	chr10-1238537-SNV->19754153>19754155>19754156-1	1	1	0	1/0	1	.	PASS	-	-	.	.	.	.	.	.	.	.	0
truth_stvar	chr10	1238558	1238679	.	122	1	0	1|0	.	.	.	.	.	-	-	no:star_allele	ref	1	DEL	4	.	0
truth_stvar	chr10	1238558	1238679	.	122	1	121	0|1	.	.	.	.	.	FN	FN	ref	yes	1	DEL	4	.	0
truth_smvar	chr10	1238558	1238679	.	122	1,1	121	2|1	.	.	.	.	.	-	-	no:star_allele	no:duplicate_of_stvar	1	.	4	.	0
pangenie	chr10	1238558	1238558	chr10-1238558-SNV->19754165>19754167>19754168-1	1	1	0	1/0	1	.	PASS	-	-	.	.	.	.	.	.	.	.	0
vg	chr10	1238561	1238561	>19634545>19634573	1	1	0	0|1	1	40.967	PASS	-	-	.	.	.	.	.	.	.	.	0
truth_stvar	chr10	1238562	1238562	.	1	1	0	0|1	.	.	.	.	.	-	-	ref	no:star_allele	1	.	.	.	0
truth_stvar	chr10	1238562	1238562	.	1	1	0	1|0	.	.	.	.	.	-	-	yes	ref	1	.	.	.	0
truth_smvar	chr10	1238562	1238562	.	1	1,1	0	1|2	.	.	.	.	.	-	-	no:duplicate_of_stvar	no:star_allele	1	.	.	.	0
truth_stvar	chr10	1238563	1238563	.	1	1	0	0|1	.	.	.	.	.	-	-	ref	no:star_allele	1	.	.	.	0
truth_stvar	chr10	1238563	1238563	.	1	1	0	1|0	.	.	.	.	.	-	-	yes	ref	1	.	.	.	0
truth_smvar	chr10	1238563	1238563	.	1	1,1	0	1|2	.	.	.	.	.	-	-	no:duplicate_of_stvar	no:star_allele	1	.	.	.	0
vg	chr10	1238563	1238563	>19634545>19634573	1	1	0	0|1	1	40.967	PASS	-	-	.	.	.	.	.	.	.	.	0
pangenie	chr10	1238563	1238563	chr10-1238563-SNV->19754171>19754174>19754176-1	1	1	0	1/0	1	.	PASS	-	-	.	.	.	.	.	.	.	.	0
truth_stvar	chr10	1238567	1238567	.	1	1	0	0|1	.	.	.	.	.	-	-	ref	no:star_allele	1	.	.	.	0
truth_stvar	chr10	1238567	1238567	.	1	1	0	1|0	.	.	.	.	.	-	-	yes	ref	1	.	.	.	0
truth_smvar	chr10	1238567	1238567	.	1	1,1	0	1|2	.	.	.	.	.	-	-	no:duplicate_of_stvar	no:star_allele	1	.	.	.	0
pangenie	chr10	1238577	1238578	chr10-1238577-DEL->19754182>19754184-1	2	1	-1	1/0	1	.	PASS	-	-	.	.	.	.	.	.	.	.	0
vg	chr10	1238583	1238583	>19634562>19634565	1	1	0	0|1	1	24.2055	PASS	-	-	.	.	.	.	.	.	.	.	0
truth_stvar	chr10	1238586	1238586	.	1	1	0	0|1	.	.	.	.	.	-	-	ref	no:star_allele	1	.	.	.	0
truth_stvar	chr10	1238586	1238586	.	1	1	0	1|0	.	.	.	.	.	-	-	yes	ref	1	.	.	.	0
truth_smvar	chr10	1238586	1238586	.	1	1,1	0	1|2	.	.	.	.	.	-	-	no:duplicate_of_stvar	no:star_allele	1	.	.	.	0
vg	chr10	1238586	1238586	>19634545>19634573	1	1	0	0|1	1	40.967	PASS	-	-	.	.	.	.	.	.	.	.	0
pangenie	chr10	1238586	1238587	chr10-1238586-COMPLEX->19754188>19754190>19754192>19754193-2	2	2	0	1/0	1	.	PASS	-	-	.	.	.	.	.	.	.	.	0
truth_stvar	chr10	1238607	1238607	.	1	1	0	0|1	.	.	.	.	.	-	-	ref	no:star_allele	1	.	.	.	0
truth_stvar	chr10	1238607	1238607	.	1	1	0	1|0	.	.	.	.	.	-	-	yes	ref	1	.	.	.	0
truth_smvar	chr10	1238607	1238607	.	1	1,1	0	1|2	.	.	.	.	.	-	-	no:duplicate_of_stvar	no:star_allele	1	.	.	.	0
pangenie	chr10	1238607	1238607	chr10-1238607-SNV->19754205>19754207>19754208-1	1	1	0	1/0	1	.	PASS	-	-	.	.	.	.	.	.	.	.	0
truth_stvar	chr10	1238610	1238610	.	1	1	0	0|1	.	.	.	.	.	-	-	ref	no:star_allele	1	.	.	.	0
truth_stvar	chr10	1238610	1238610	.	1	1	0	1|0	.	.	.	.	.	-	-	yes	ref	1	.	.	.	0
truth_smvar	chr10	1238610	1238610	.	1	1,1	0	1|2	.	.	.	.	.	-	-	no:duplicate_of_stvar	no:star_allele	1	.	.	.	0
pangenie	chr10	1238610	1238610	chr10-1238610-SNV->19754208>19754210>19754211-1	1	1	0	1/0	1	.	PASS	-	-	.	.	.	.	.	.	.	.	0
pangenie	chr10	1238635	1238635	chr10-1238635-SNV->19754229>19754232>19754233-1	1	1	0	1/0	1	.	PASS	-	-	.	.	.	.	.	.	.	.	0
pangenie	chr10	1238655	1238655	chr10-1238655-SNV->19754245>19754247>19754248-1	1	1	0	1/0	1	.	PASS	-	-	.	.	.	.	.	.	.	.	0
truth_stvar	chr10	1238658	1238779	.	122	1	0	0|1	.	.	.	.	.	-	-	ref	no:star_allele	1	DEL	.	.	0
truth_stvar	chr10	1238658	1238779	.	122	1	121	1|0	.	.	.	.	.	FN	FN	yes	ref	1	DEL	.	.	0
truth_smvar	chr10	1238658	1238779	.	122	1,1	121	1|2	.	.	.	.	.	-	-	no:duplicate_of_stvar	no:star_allele	1	.	.	.	0
vg	chr10	1238679	1238679	>19634641>19634644	1	1	0	1|1	1	6.24339	PASS	-	-	.	.	.	.	.	.	.	.	0
pangenie	chr10	1238679	1238679	chr10-1238679-SNV->19754265>19754267>19754268-1	1	1	0	1/0	1	.	PASS	-	-	.	.	.	.	.	.	.	.	0
pangenie	chr10	1238682	1238682	chr10-1238682-SNV->19754268>19754270>19754271-1	1	1	0	1/0	1	.	PASS	-	-	.	.	.	.	.	.	.	.	0
pangenie	chr10	1238698	1238698	chr10-1238698-INS->19754282>19754283>19754284-1	1	2	1	1/0	1	.	PASS	-	-	.	.	.	.	.	.	.	.	0
truth_stvar	chr10	1238706	1238706	.	1	1	0	1|0	.	.	.	.	.	-	-	no:star_allele	ref	1	.	.	.	0
truth_stvar	chr10	1238706	1238706	.	1	1	0	0|1	.	.	.	.	.	-	-	ref	yes	1	.	.	.	0
truth_smvar	chr10	1238706	1238706	.	1	1,1	0	2|1	.	.	.	.	.	-	-	no:star_allele	no:duplicate_of_stvar	1	.	.	.	0
pangenie	chr10	1238706	1238706	chr10-1238706-SNV->19754289>19754291>19754292-1	1	1	0	1/0	1	.	PASS	-	-	.	.	.	.	.	.	.	.	0
vg	chr10	1238727	1238727	>19634683>19634687	1	1	0	0|1	1	11.949	PASS	-	-	.	.	.	.	.	.	.	.	0
pangenie	chr10	1238727	1238727	chr10-1238727-SNV->19754309>19754312>19754313-1	1	1	0	1/0	1	.	PASS	-	-	.	.	.	.	.	.	.	.	0
truth_stvar	chr10	1238754	1238754	.	1	1	0	1|0	.	.	.	.	.	-	-	no:star_allele	ref	1	.	.	.	0
truth_stvar	chr10	1238754	1238754	.	1	1	0	0|1	.	.	.	.	.	-	-	ref	yes	1	.	.	.	0
truth_smvar	chr10	1238754	1238754	.	1	1,1	0	2|1	.	.	.	.	.	-	-	no:star_allele	no:duplicate_of_stvar	1	.	.	.	0
truth_stvar	chr10	1238770	1238771	.	2	1	0	1|0	.	.	.	.	.	-	-	no:star_allele	ref	1	.	.	.	0
truth_stvar	chr10	1238770	1238771	.	2	1	1	0|1	.	.	.	.	.	-	-	ref	yes	1	.	.	.	0
truth_smvar	chr10	1238770	1238771	.	2	1,1	1	2|1	.	.	.	.	.	-	-	no:star_allele	no:duplicate_of_stvar	1	.	.	.	0
pangenie	chr10	1238770	1238771	chr10-1238774-DEL->19754347>19754355-1	2	1	-1	1/0	1	.	PASS	-	-	.	.	.	.	.	.	.	.	0
vg	chr10	1238773	1238774	>19634721>19634723	2	1	-1	0|1	1	107.937	PASS	-	-	.	.	.	.	.	.	.	.	0
vg	chr10	1238775	1238779	>19634687>19634761	5	4	-1	0|1	1	107.126	PASS	-	-	.	.	.	.	.	.	.	.	0
pangenie	chr10	1238779	1238779	chr10-1238779-SNV->19754357>19754359>19754360-1	1	1	0	1/0	1	.	PASS	-	-	.	.	.	.	.	.	.	.	0
truth_stvar	chr10	1238781	1238781	.	1	1	0	1|0	.	.	.	.	.	-	-	yes	ref	1	.	.	.	0
truth_smvar	chr10	1238781	1238781	.	1	1	0	1|0	.	.	.	.	.	-	-	no:duplicate_of_stvar	ref	1	.	.	.	0
vg	chr10	1238781	1238781	>19634761>19634765	1	1	0	0|1	1	80.2193	PASS	-	-	.	.	.	.	.	.	.	.	0
pangenie	chr10	1238781	1238781	chr10-1238781-SNV->19754360>19754361>19754364-1	1	1	0	1/0	1	.	PASS	-	-	.	.	.	.	.	.	.	.	0
vg	chr10	1238799	1238799	>19626247>19634929	1	2	1	1|0	1	463.17	PASS	-	-	.	.	.	.	.	.	.	.	0
vg	chr10	1238803	1238803	>19634779>19634783	1	1	0	1|0	1	22.0689	PASS	-	-	.	.	.	.	.	.	.	.	0
truth_stvar	chr10	1238816	1238816	.	1	1	0	1|0	.	.	.	.	.	-	-	yes	ref	1	.	.	.	0
truth_smvar	chr10	1238816	1238816	.	1	1	0	1|0	.	.	.	.	.	-	-	no:duplicate_of_stvar	ref	1	.	.	.	0
vg	chr10	1238816	1238816	>19634795>19634799	1	1	0	0|1	1	60.1904	PASS	-	-	.	.	.	.	.	.	.	.	0
pangenie	chr10	1238816	1238816	chr10-1238816-SNV->19754393>19754395>19754397-1	1	1	0	1/0	1	.	PASS	-	-	.	.	.	.	.	.	.	.	0
truth_stvar	chr10	1238827	1238827	.	1	1	0	1|0	.	.	.	.	.	-	-	yes	ref	1	.	.	.	0
truth_smvar	chr10	1238827	1238827	.	1	1	0	1|0	.	.	.	.	.	-	-	no:duplicate_of_stvar	ref	1	.	.	.	0
vg	chr10	1238827	1238915	>19626247>19634929	89	64	-25	1|2	1	463.17	PASS	-	-	.	.	.	.	.	.	.	.	0
vg	chr10	1238827	1238915	>19626247>19634929	89	89	0	1|2	1	463.17	PASS	-	-	.	.	.	.	.	.	.	.	0
vg	chr10	1238827	1238827	>19634810>19634817	1	1	0	.|1	1	158.785	PASS	-	-	.	.	.	.	.	.	.	.	0
pangenie	chr10	1238827	1238827	chr10-1238827-SNV->19754408>19754410>19754411-1	1	1	0	1/0	1	.	PASS	-	-	.	.	.	.	.	.	.	.	0
truth_stvar	chr10	1238862	1238886	.	25	1	24	0|1	.	.	.	.	.	-	-	ref	yes	1	DEL	.	.	0
truth_smvar	chr10	1238862	1238886	.	25	1	24	0|1	.	.	.	.	.	-	-	ref	no:duplicate_of_stvar	1	.	.	.	0
vg	chr10	1238875	1238875	>19634850>19634854	1	1	0	1|0	1	45.9999	PASS	-	-	.	.	.	.	.	.	.	.	0
vg	chr10	1238886	1238886	>19634858>19634861	1	1	0	1|0	1	47.0435	PASS	-	-	.	.	.	.	.	.	.	.	0
truth_stvar	chr10	1239064	1239064	.	1	1	0	1|1	.	.	.	.	.	-	-	yes	yes	1	.	.	.	0
truth_smvar	chr10	1239064	1239064	.	1	1	0	1|1	.	.	.	.	.	-	-	no:duplicate_of_stvar	no:duplicate_of_stvar	1	.	.	.	0
vg	chr10	1239064	1239064	>19635007>19635010	1	1	0	1|1	1	430.694	PASS	-	TP	.	.	.	.	.	.	.	.	0
pangenie	chr10	1239064	1239064	chr10-1239064-SNV->19754605>19754607>19754608-1	1	1	0	1/1	1	.	PASS	-	TP	.	.	.	.	.	.	.	.	0
truth_stvar	chr10	1239100	1239100	.	1	1	0	1|1	.	.	.	.	.	-	-	yes	yes	1	.	.	.	0
truth_smvar	chr10	1239100	1239100	.	1	1	0	1|1	.	.	.	.	.	-	-	no:duplicate_of_stvar	no:duplicate_of_stvar	1	.	.	.	0
vg	chr10	1239100	1239100	>19635010>19635013	1	1	0	1|1	1	366.428	PASS	-	TP	.	.	.	.	.	.	.	.	0
pangenie	chr10	1239100	1239100	chr10-1239100-SNV->19754608>19754610>19754611-1	1	1	0	1/1	1	.	PASS	-	TP	.	.	.	.	.	.	.	.	0
