source	chrom	pos	end	id	ref_len	alt_len	len_diff	gt	called	qual	filter	truvari	aardvark	vg_truvari	pg_truvari	applied_h1	applied_h2	in_sv_benchmark	svtype	TRFperiod	MatchId	overlaps_span_edge
truth_stvar	chr6	167658491	167658491	.	1	1	0	1|0	.	.	.	.	.	-	-	yes	ref	1	.	.	.	0
truth_smvar	chr6	167658491	167658491	.	1	1	0	1|0	.	.	.	.	.	-	-	no:duplicate_of_stvar	ref	1	.	.	.	0
vg	chr6	167658491	167658491	>175941194>175941197	1	1	0	1|0	1	238.361	PASS	-	TP	.	.	.	.	.	.	.	.	0
pangenie	chr6	167658491	167658491	chr6-167658491-SNV->177938147>177938149>177938150-1	1	1	0	0/1	1	.	PASS	-	TP	.	.	.	.	.	.	.	.	0
truth_stvar	chr6	167658540	167658540	.	1	1	0	1|0	.	.	.	.	.	-	-	yes	ref	1	.	.	.	0
truth_smvar	chr6	167658540	167658540	.	1	1	0	1|0	.	.	.	.	.	-	-	no:duplicate_of_stvar	ref	1	.	.	.	0
vg	chr6	167658540	167658540	>175941211>175941216	1	1	0	1|0	1	293.576	PASS	-	-	.	.	.	.	.	.	.	.	0
pangenie	chr6	167658540	167658540	chr6-167658540-SNV->177938165>177938168>177938169-1	1	1	0	0/1	1	.	PASS	-	-	.	.	.	.	.	.	.	.	0
truth_stvar	chr6	167658679	167658683	.	5	1	4	0|1	.	.	.	.	.	-	-	ref	yes	1	.	.	.	0
truth_smvar	chr6	167658679	167658683	.	5	1	4	0|1	.	.	.	.	.	-	-	ref	no:duplicate_of_stvar	1	.	.	.	0
vg	chr6	167658679	167658683	>175941237>175941239	5	1	-4	0|1	1	46.9668	PASS	-	-	.	.	.	.	.	.	.	.	0
pangenie	chr6	167658679	167658683	chr6-167658679-DEL->177938190>177938192-4	5	1	-4	0/1	1	.	PASS	-	-	.	.	.	.	.	.	.	.	0
truth_stvar	chr6	167658693	167658693	.	1	1	0	0|1	.	.	.	.	.	-	-	ref	yes	1	.	.	.	0
truth_smvar	chr6	167658693	167658693	.	1	1	0	0|1	.	.	.	.	.	-	-	ref	no:duplicate_of_stvar	1	.	.	.	0
vg	chr6	167658693	167658693	>175941242>175941245	1	1	0	0|1	1	53.7118	PASS	-	-	.	.	.	.	.	.	.	.	0
pangenie	chr6	167658693	167658693	chr6-167658693-SNV->177938195>177938197>177938198-1	1	1	0	0/1	1	.	PASS	-	-	.	.	.	.	.	.	.	.	0
truth_stvar	chr6	167658746	167658746	.	1	1	0	0|1	.	.	.	.	.	-	-	ref	yes	1	.	.	.	0
truth_smvar	chr6	167658746	167658746	.	1	1	0	0|1	.	.	.	.	.	-	-	ref	no:duplicate_of_stvar	1	.	.	.	0
vg	chr6	167658746	167658746	>175941263>175941267	1	1	0	0|1	1	46.2874	PASS	-	-	.	.	.	.	.	.	.	.	0
pangenie	chr6	167658746	167658746	chr6-167658746-SNV->177938216>177938218>177938220-1	1	1	0	0/1	1	.	PASS	-	-	.	.	.	.	.	.	.	.	0
truth_stvar	chr6	167658751	167658751	.	1	9	8	0|1	.	.	.	.	.	-	-	ref	yes	1	.	.	.	0
truth_smvar	chr6	167658751	167658751	.	1	9	8	0|1	.	.	.	.	.	-	-	ref	no:duplicate_of_stvar	1	.	.	.	0
vg	chr6	167658751	167658751	>175941273>175941275	1	9	8	0|1	1	46.6206	PASS	-	-	.	.	.	.	.	.	.	.	0
pangenie	chr6	167658751	167658751	chr6-167658751-INS->177938226>177938227>177938228-8	1	9	8	0/1	1	.	PASS	-	-	.	.	.	.	.	.	.	.	0
truth_stvar	chr6	167658789	167658789	.	1	1	0	1|1	.	.	.	.	.	-	-	yes	yes	1	.	.	.	0
truth_smvar	chr6	167658789	167658789	.	1	1	0	1|1	.	.	.	.	.	-	-	no:duplicate_of_stvar	no:duplicate_of_stvar	1	.	.	.	0
vg	chr6	167658789	167658789	>175941291>175941294	1	1	0	1|1	1	210.894	PASS	-	-	.	.	.	.	.	.	.	.	0
pangenie	chr6	167658789	167658789	chr6-167658789-SNV->177938244>177938246>177938247-1	1	1	0	1/1	1	.	PASS	-	-	.	.	.	.	.	.	.	.	0
truth_stvar	chr6	167658792	167658792	.	1	1	0	1|1	.	.	.	.	.	-	-	yes	yes	1	.	.	.	0
truth_smvar	chr6	167658792	167658792	.	1	1	0	1|1	.	.	.	.	.	-	-	no:duplicate_of_stvar	no:duplicate_of_stvar	1	.	.	.	0
vg	chr6	167658792	167658792	>175941294>175941297	1	1	0	1|1	1	212.475	PASS	-	-	.	.	.	.	.	.	.	.	0
pangenie	chr6	167658792	167658792	chr6-167658792-SNV->177938247>177938249>177938250-1	1	1	0	1/1	1	.	PASS	-	-	.	.	.	.	.	.	.	.	0
truth_stvar	chr6	167658830	167658840	.	11	1	10	0|1	.	.	.	.	.	-	-	ref	yes	1	.	.	.	0
truth_smvar	chr6	167658830	167658840	.	11	1	10	0|1	.	.	.	.	.	-	-	ref	no:duplicate_of_stvar	1	.	.	.	0
vg	chr6	167658835	167658835	>175941333>175941336	1	1	0	0|1	1	77.5212	PASS	-	-	.	.	.	.	.	.	.	.	0
pangenie	chr6	167658835	167658835	chr6-167658835-SNV->177938286>177938288>177938289-1	1	1	0	0/1	1	.	PASS	-	-	.	.	.	.	.	.	.	.	0
pangenie	chr6	167658837	167658843	chr6-167658837-DEL->177938290>177938296-6	7	1	-6	0/1	1	.	PASS	-	-	.	.	.	.	.	.	.	.	0
vg	chr6	167658840	167658940	>175941336>175941570	101	169	68	2|1	1	282.339	PASS	FP	-	.	.	.	.	.	.	.	896.0,896.0	0
vg	chr6	167658840	167658940	>175941336>175941570	101	139	38	2|1	1	282.339	PASS	-	-	.	.	.	.	.	.	.	.	0
truth_stvar	chr6	167658843	167658843	.	1	1	0	1|0	.	.	.	.	.	-	-	yes	ref	1	.	.	.	0
truth_smvar	chr6	167658843	167658843	.	1	1	0	1|0	.	.	.	.	.	-	-	no:duplicate_of_stvar	ref	1	.	.	.	0
pangenie	chr6	167658843	167658843	chr6-167658843-SNV->177938293>177938294>177938296-1	1	1	0	1/0	1	.	PASS	-	-	.	.	.	.	.	.	.	.	0
pangenie	chr6	167658843	167658847	chr6-167658846-DEL->177938297>177938299-4	5	1	-4	0/1	1	.	PASS	-	-	.	.	.	.	.	.	.	.	0
truth_stvar	chr6	167658845	167658845	.	1	1	0	0|1	.	.	.	.	.	-	-	ref	yes	1	.	.	.	0
truth_smvar	chr6	167658845	167658845	.	1	1	0	0|1	.	.	.	.	.	-	-	ref	no:duplicate_of_stvar	1	.	.	.	0
vg	chr6	167658845	167658849	>175941403>175941405	5	1	-4	0|1	1	78.5195	PASS	-	-	.	.	.	.	.	.	.	.	0
truth_stvar	chr6	167658857	167658857	.	1	1	0	1|0	.	.	.	.	.	-	-	yes	ref	1	.	.	.	0
truth_smvar	chr6	167658857	167658857	.	1	1	0	1|0	.	.	.	.	.	-	-	no:duplicate_of_stvar	ref	1	.	.	.	0
vg	chr6	167658857	167658857	>175941411>175941414	1	1	0	1|0	1	32.949	PASS	-	-	.	.	.	.	.	.	.	.	0
pangenie	chr6	167658857	167658857	chr6-167658857-SNV->177938305>177938307>177938308-1	1	1	0	1/0	1	.	PASS	-	-	.	.	.	.	.	.	.	.	0
truth_stvar	chr6	167658866	167658866	.	1	79	78	0|1	.	.	.	.	.	FN	FN	ref	yes	1	INS	18	.	0
truth_smvar	chr6	167658866	167658866	.	1	79	78	0|1	.	.	.	.	.	-	-	ref	no:duplicate_of_stvar	1	.	18	.	0
vg	chr6	167658894	167658894	>175941453>175941456	1	1	0	0|1	1	77.5535	PASS	-	-	.	.	.	.	.	.	.	.	0
pangenie	chr6	167658894	167658894	chr6-167658894-SNV->177938406>177938408>177938409-1	1	1	0	0/1	1	.	PASS	-	-	.	.	.	.	.	.	.	.	0
truth_stvar	chr6	167658897	167658897	.	1	1	0	0|1	.	.	.	.	.	-	-	ref	yes	1	.	.	.	0
truth_smvar	chr6	167658897	167658897	.	1	1	0	0|1	.	.	.	.	.	-	-	ref	no:duplicate_of_stvar	1	.	.	.	0
truth_stvar	chr6	167658899	167658899	.	1	39	38	1|0	.	.	.	.	.	-	-	yes	ref	1	INS	18	.	0
truth_smvar	chr6	167658899	167658899	.	1	39	38	1|0	.	.	.	.	.	-	-	no:duplicate_of_stvar	ref	1	.	18	.	0
pangenie	chr6	167658899	167658899	chr6-167658955-INS->177938477>177938479>177938480>177938483>177938484>177938486>177938487>177938488>177938493>177938494>177938496>177938497>177938498>177938499>177938521>177938522>177938523-38	1	39	38	1/0	1	.	PASS	-	-	.	.	.	.	.	.	.	.	0
pangenie	chr6	167658902	167658902	chr6-167658908-INS->177938419>177938420>177938421>177938424>177938425>177938430-30	1	31	30	0/1	1	.	PASS	-	-	.	.	.	.	.	.	.	.	0
vg	chr6	167658904	167658904	>175941463>175941479	1	33	32	0|1	1	94.3346	PASS	-	-	.	.	.	.	.	.	.	.	0
truth_stvar	chr6	167658910	167658910	.	1	1	0	0|1	.	.	.	.	.	-	-	ref	yes	1	.	.	.	0
truth_smvar	chr6	167658910	167658910	.	1	1	0	0|1	.	.	.	.	.	-	-	ref	no:duplicate_of_stvar	1	.	.	.	0
truth_stvar	chr6	167658911	167658911	.	1	1	0	0|1	.	.	.	.	.	-	-	ref	yes	1	.	.	.	0
truth_smvar	chr6	167658911	167658911	.	1	1	0	0|1	.	.	.	.	.	-	-	ref	no:duplicate_of_stvar	1	.	.	.	0
truth_stvar	chr6	167658917	167658917	.	1	1	0	0|1	.	.	.	.	.	-	-	ref	yes	1	.	.	.	0
truth_smvar	chr6	167658917	167658917	.	1	1	0	0|1	.	.	.	.	.	-	-	ref	no:duplicate_of_stvar	1	.	.	.	0
truth_stvar	chr6	167658940	167658940	.	1	1	0	0|1	.	.	.	.	.	-	-	ref	yes	1	.	.	.	0
truth_smvar	chr6	167658940	167658940	.	1	1	0	0|1	.	.	.	.	.	-	-	ref	no:duplicate_of_stvar	1	.	.	.	0
pangenie	chr6	167658940	167658940	chr6-167658955-INS->177938477>177938478>177938479>177938480>177938483>177938484>177938486>177938487>177938488>177938493>177938494>177938495>177938497>177938498>177938499>177938521>177938522>177938523-46	1	47	46	0/1	1	.	PASS	-	-	.	.	.	.	.	.	.	.	0
vg	chr6	167658943	167658943	>175941514>175941517	1	1	0	0|1	1	83.5757	PASS	-	-	.	.	.	.	.	.	.	.	0
pangenie	chr6	167658943	167658943	chr6-167658943-SNV->177938467>177938469>177938470-1	1	1	0	0/1	1	.	PASS	-	-	.	.	.	.	.	.	.	.	0
truth_stvar	chr6	167658986	167658986	.	1	1	0	0|1	.	.	.	.	.	-	-	ref	yes	1	.	.	.	0
truth_smvar	chr6	167658986	167658986	.	1	1	0	0|1	.	.	.	.	.	-	-	ref	no:duplicate_of_stvar	1	.	.	.	0
vg	chr6	167658986	167658986	>175941591>175941594	1	1	0	0|1	1	73.2252	PASS	-	-	.	.	.	.	.	.	.	.	0
pangenie	chr6	167658986	167658986	chr6-167658986-SNV->177938544>177938546>177938547-1	1	1	0	0/1	1	.	PASS	-	-	.	.	.	.	.	.	.	.	0
truth_stvar	chr6	167659019	167659019	.	1	1	0	0|1	.	.	.	.	.	-	-	ref	yes	1	.	.	.	0
truth_smvar	chr6	167659019	167659019	.	1	1	0	0|1	.	.	.	.	.	-	-	ref	no:duplicate_of_stvar	1	.	.	.	0
vg	chr6	167659019	167659019	>175941601>175941604	1	1	0	0|1	1	96.3063	PASS	-	-	.	.	.	.	.	.	.	.	0
pangenie	chr6	167659019	167659019	chr6-167659019-SNV->177938554>177938556>177938557-1	1	1	0	0/1	1	.	PASS	-	-	.	.	.	.	.	.	.	.	0
truth_stvar	chr6	167659027	167659029	.	3	1	2	0|1	.	.	.	.	.	-	-	ref	yes	1	.	.	.	0
truth_smvar	chr6	167659027	167659029	.	3	1	2	0|1	.	.	.	.	.	-	-	ref	no:duplicate_of_stvar	1	.	.	.	0
vg	chr6	167659027	167659029	>175941607>175941611	3	1	-2	0|1	1	100.663	PASS	-	-	.	.	.	.	.	.	.	.	0
pangenie	chr6	167659027	167659029	chr6-167659027-DEL->177938560>177938564-2	3	1	-2	0/1	1	.	PASS	-	-	.	.	.	.	.	.	.	.	0
truth_stvar	chr6	167659051	167659051	.	1	1	0	0|1	.	.	.	.	.	-	-	ref	yes	1	.	.	.	0
truth_smvar	chr6	167659051	167659051	.	1	1	0	0|1	.	.	.	.	.	-	-	ref	no:duplicate_of_stvar	1	.	.	.	0
vg	chr6	167659051	167659051	>175941621>175941624	1	1	0	0|1	1	69.3132	PASS	-	-	.	.	.	.	.	.	.	.	0
pangenie	chr6	167659051	167659051	chr6-167659051-SNV->177938574>177938576>177938577-1	1	1	0	0/1	1	.	PASS	-	-	.	.	.	.	.	.	.	.	0
truth_stvar	chr6	167659057	167659057	.	1	1	0	0|1	.	.	.	.	.	-	-	ref	yes	1	.	.	.	0
truth_smvar	chr6	167659057	167659057	.	1	1	0	0|1	.	.	.	.	.	-	-	ref	no:duplicate_of_stvar	1	.	.	.	0
vg	chr6	167659057	167659057	>175941624>175941627	1	1	0	0|1	1	68.5988	PASS	-	-	.	.	.	.	.	.	.	.	0
pangenie	chr6	167659057	167659057	chr6-167659057-SNV->177938577>177938579>177938580-1	1	1	0	0/1	1	.	PASS	-	-	.	.	.	.	.	.	.	.	0
truth_stvar	chr6	167659059	167659059	.	1	1	0	0|1	.	.	.	.	.	-	-	ref	yes	1	.	.	.	0
truth_smvar	chr6	167659059	167659059	.	1	1	0	0|1	.	.	.	.	.	-	-	ref	no:duplicate_of_stvar	1	.	.	.	0
vg	chr6	167659059	167659059	>175941627>175941630	1	1	0	0|1	1	71.4111	PASS	-	-	.	.	.	.	.	.	.	.	0
pangenie	chr6	167659059	167659059	chr6-167659059-SNV->177938580>177938582>177938583-1	1	1	0	0/1	1	.	PASS	-	-	.	.	.	.	.	.	.	.	0
truth_stvar	chr6	167659061	167659061	.	1	1	0	0|1	.	.	.	.	.	-	-	ref	yes	1	.	.	.	0
truth_smvar	chr6	167659061	167659061	.	1	1	0	0|1	.	.	.	.	.	-	-	ref	no:duplicate_of_stvar	1	.	.	.	0
vg	chr6	167659061	167659061	>175941630>175941633	1	1	0	0|1	1	74.7394	PASS	-	-	.	.	.	.	.	.	.	.	0
pangenie	chr6	167659061	167659061	chr6-167659061-SNV->177938583>177938585>177938586-1	1	1	0	0/1	1	.	PASS	-	-	.	.	.	.	.	.	.	.	0
truth_stvar	chr6	167659070	167659070	.	1	1	0	0|1	.	.	.	.	.	-	-	ref	yes	1	.	.	.	0
truth_smvar	chr6	167659070	167659070	.	1	1	0	0|1	.	.	.	.	.	-	-	ref	no:duplicate_of_stvar	1	.	.	.	0
vg	chr6	167659070	167659071	>175941637>175941640	2	2	0	0|1	1	61.9809	PASS	-	-	.	.	.	.	.	.	.	.	0
pangenie	chr6	167659070	167659071	chr6-167659070-COMPLEX->177938590>177938592>177938593-2	2	2	0	0/1	1	.	PASS	-	-	.	.	.	.	.	.	.	.	0
truth_stvar	chr6	167659071	167659071	.	1	1	0	0|1	.	.	.	.	.	-	-	ref	yes	1	.	.	.	0
truth_smvar	chr6	167659071	167659071	.	1	1	0	0|1	.	.	.	.	.	-	-	ref	no:duplicate_of_stvar	1	.	.	.	0
truth_stvar	chr6	167659113	167659113	.	1	3	2	1|1	.	.	.	.	.	-	-	yes	yes	1	.	.	.	0
truth_smvar	chr6	167659113	167659113	.	1	3	2	1|1	.	.	.	.	.	-	-	no:duplicate_of_stvar	no:duplicate_of_stvar	1	.	.	.	0
vg	chr6	167659113	167659113	>175941649>175941652	1	3	2	1|1	1	150.84	PASS	-	-	.	.	.	.	.	.	.	.	0
pangenie	chr6	167659113	167659113	chr6-167659113-INS->177938602>177938603>177938605-2	1	3	2	1/1	1	.	PASS	-	-	.	.	.	.	.	.	.	.	0
truth_stvar	chr6	167659153	167659153	.	1	1	0	0|1	.	.	.	.	.	-	-	ref	yes	1	.	.	.	0
truth_smvar	chr6	167659153	167659153	.	1	1	0	0|1	.	.	.	.	.	-	-	ref	no:duplicate_of_stvar	1	.	.	.	0
vg	chr6	167659153	167659153	>175941667>175941671	1	1	0	0|1	1	2.41392	PASS	-	-	.	.	.	.	.	.	.	.	0
pangenie	chr6	167659153	167659153	chr6-167659153-SNV->177938620>177938621>177938624-1	1	1	0	0/1	1	.	PASS	-	-	.	.	.	.	.	.	.	.	0
truth_stvar	chr6	167659161	167659161	.	1	1	0	0|1	.	.	.	.	.	-	-	ref	yes	1	.	.	.	0
truth_smvar	chr6	167659161	167659161	.	1	1	0	0|1	.	.	.	.	.	-	-	ref	no:duplicate_of_stvar	1	.	.	.	0
vg	chr6	167659161	167659161	>175941674>175941677	1	1	0	0|1	1	1.55574	PASS	-	-	.	.	.	.	.	.	.	.	0
pangenie	chr6	167659161	167659161	chr6-167659161-SNV->177938627>177938629>177938630-1	1	1	0	0/1	1	.	PASS	-	-	.	.	.	.	.	.	.	.	0
truth_stvar	chr6	167659193	167659193	.	1	1	0	0|1	.	.	.	.	.	-	-	ref	yes	1	.	.	.	0
truth_smvar	chr6	167659193	167659193	.	1	1	0	0|1	.	.	.	.	.	-	-	ref	no:duplicate_of_stvar	1	.	.	.	0
vg	chr6	167659193	167659193	>175941702>175941705	1	1	0	0|1	1	21.8793	PASS	-	-	.	.	.	.	.	.	.	.	0
pangenie	chr6	167659193	167659193	chr6-167659193-SNV->177938655>177938657>177938658-1	1	1	0	0/1	1	.	PASS	-	-	.	.	.	.	.	.	.	.	0
truth_stvar	chr6	167659215	167659215	.	1	1	0	1|1	.	.	.	.	.	-	-	yes	yes	1	.	.	.	0
truth_smvar	chr6	167659215	167659215	.	1	1	0	1|1	.	.	.	.	.	-	-	no:duplicate_of_stvar	no:duplicate_of_stvar	1	.	.	.	0
vg	chr6	167659215	167659215	>175941712>175941715	1	1	0	1|1	1	151.064	PASS	-	-	.	.	.	.	.	.	.	.	0
pangenie	chr6	167659215	167659215	chr6-167659215-SNV->177938665>177938667>177938668-1	1	1	0	1/1	1	.	PASS	-	-	.	.	.	.	.	.	.	.	0
truth_stvar	chr6	167659223	167659223	.	1	1	0	1|1	.	.	.	.	.	-	-	yes	yes	1	.	.	.	0
truth_smvar	chr6	167659223	167659223	.	1	1	0	1|1	.	.	.	.	.	-	-	no:duplicate_of_stvar	no:duplicate_of_stvar	1	.	.	.	0
vg	chr6	167659223	167659223	>175941718>175941721	1	1	0	1|1	1	184.624	PASS	-	-	.	.	.	.	.	.	.	.	0
pangenie	chr6	167659223	167659223	chr6-167659223-SNV->177938671>177938673>177938674-1	1	1	0	1/1	1	.	PASS	-	-	.	.	.	.	.	.	.	.	0
truth_stvar	chr6	167659235	167659235	.	1	73	72	0|1	.	.	.	.	.	FN	FN	ref	yes	1	INS	18	.	0
truth_smvar	chr6	167659235	167659235	.	1	73	72	0|1	.	.	.	.	.	-	-	ref	no:duplicate_of_stvar	1	.	18	.	0
pangenie	chr6	167659235	167659235	chr6-167659250-INS->177938683>177938684>177938685>177938687>177938688>177938690>177938691>177938694>177938695>177938696-36	1	37	36	0/1	1	.	PASS	-	-	.	.	.	.	.	.	.	.	0
pangenie	chr6	167659235	167659235	chr6-167659278-INS->177938706>177938707>177938708-36	1	37	36	0/1	1	.	PASS	-	-	.	.	.	.	.	.	.	.	0
vg	chr6	167659242	167659242	>175941730>175941743	1	37	36	0|1	1	55.976	PASS	-	-	.	.	.	.	.	.	.	.	0
vg	chr6	167659259	167659259	>175941745>175941748	1	1	0	0|1	1	53.5581	PASS	-	-	.	.	.	.	.	.	.	.	0
pangenie	chr6	167659259	167659259	chr6-167659259-SNV->177938698>177938700>177938701-1	1	1	0	0/1	1	.	PASS	-	-	.	.	.	.	.	.	.	.	0
vg	chr6	167659273	167659273	>175941753>175941755	1	37	36	0|1	1	99.5036	PASS	-	-	.	.	.	.	.	.	.	.	0
truth_stvar	chr6	167659305	167659305	.	1	1	0	0|1	.	.	.	.	.	-	-	ref	yes	1	.	.	.	0
truth_smvar	chr6	167659305	167659305	.	1	1	0	0|1	.	.	.	.	.	-	-	ref	no:duplicate_of_stvar	1	.	.	.	0
vg	chr6	167659305	167659305	>175941768>175941771	1	1	0	0|1	1	84.335	PASS	-	-	.	.	.	.	.	.	.	.	0
pangenie	chr6	167659305	167659305	chr6-167659305-SNV->177938721>177938723>177938724-1	1	1	0	0/1	1	.	PASS	-	-	.	.	.	.	.	.	.	.	0
truth_stvar	chr6	167659432	167659432	.	1	1	0	0|1	.	.	.	.	.	-	-	ref	yes	1	.	.	.	0
truth_smvar	chr6	167659432	167659432	.	1	1	0	0|1	.	.	.	.	.	-	-	ref	no:duplicate_of_stvar	1	.	.	.	0
vg	chr6	167659432	167659432	>175941803>175941806	1	1	0	0|1	1	90.1883	PASS	-	-	.	.	.	.	.	.	.	.	0
pangenie	chr6	167659432	167659432	chr6-167659432-SNV->177938756>177938758>177938759-1	1	1	0	0/1	1	.	PASS	-	-	.	.	.	.	.	.	.	.	0
truth_stvar	chr6	167659469	167659469	.	1	1	0	0|1	.	.	.	.	.	-	-	ref	yes	1	.	.	.	0
truth_smvar	chr6	167659469	167659469	.	1	1	0	0|1	.	.	.	.	.	-	-	ref	no:duplicate_of_stvar	1	.	.	.	0
vg	chr6	167659469	167659469	>175941829>175941832	1	1	0	0|1	1	81.0585	PASS	-	-	.	.	.	.	.	.	.	.	0
pangenie	chr6	167659469	167659469	chr6-167659469-SNV->177938782>177938784>177938785-1	1	1	0	0/1	1	.	PASS	-	-	.	.	.	.	.	.	.	.	0
truth_stvar	chr6	167659483	167659485	.	3	1	2	0|1	.	.	.	.	.	-	-	ref	yes	1	.	.	.	0
truth_smvar	chr6	167659483	167659485	.	3	1	2	0|1	.	.	.	.	.	-	-	ref	no:duplicate_of_stvar	1	.	.	.	0
vg	chr6	167659483	167659485	>175941838>175941840	3	1	-2	0|1	1	99.9659	PASS	-	-	.	.	.	.	.	.	.	.	0
pangenie	chr6	167659483	167659485	chr6-167659483-DEL->177938791>177938793-2	3	1	-2	0/1	1	.	PASS	-	-	.	.	.	.	.	.	.	.	0
truth_stvar	chr6	167659507	167659507	.	1	1	0	1|1	.	.	.	.	.	-	-	yes	yes	1	.	.	.	0
truth_smvar	chr6	167659507	167659507	.	1	1	0	1|1	.	.	.	.	.	-	-	no:duplicate_of_stvar	no:duplicate_of_stvar	1	.	.	.	0
vg	chr6	167659507	167659507	>175941846>175941849	1	1	0	1|1	1	268.624	PASS	-	-	.	.	.	.	.	.	.	.	0
pangenie	chr6	167659507	167659507	chr6-167659507-SNV->177938799>177938801>177938802-1	1	1	0	1/1	1	.	PASS	-	-	.	.	.	.	.	.	.	.	0
truth_stvar	chr6	167659517	167659517	.	1	1	0	0|1	.	.	.	.	.	-	-	ref	yes	1	.	.	.	0
truth_smvar	chr6	167659517	167659517	.	1	1	0	0|1	.	.	.	.	.	-	-	ref	no:duplicate_of_stvar	1	.	.	.	0
vg	chr6	167659517	167659517	>175941853>175941856	1	1	0	0|1	1	76.8837	PASS	-	-	.	.	.	.	.	.	.	.	0
pangenie	chr6	167659517	167659517	chr6-167659517-SNV->177938806>177938808>177938809-1	1	1	0	0/1	1	.	PASS	-	-	.	.	.	.	.	.	.	.	0
truth_stvar	chr6	167659578	167659580	.	3	1	2	0|1	.	.	.	.	.	-	-	ref	yes	1	.	.	.	0
truth_smvar	chr6	167659578	167659580	.	3	1	2	0|1	.	.	.	.	.	-	-	ref	no:duplicate_of_stvar	1	.	.	.	0
vg	chr6	167659578	167659580	>175941874>175941877	3	1	-2	0|1	1	35.4381	PASS	-	-	.	.	.	.	.	.	.	.	0
pangenie	chr6	167659578	167659580	chr6-167659578-DEL->177938828>177938831-2	3	1	-2	0/1	1	.	PASS	-	-	.	.	.	.	.	.	.	.	0
truth_stvar	chr6	167659596	167659598	.	3	1	2	0|1	.	.	.	.	.	-	-	ref	yes	1	.	.	.	0
truth_smvar	chr6	167659596	167659598	.	3	1	2	0|1	.	.	.	.	.	-	-	ref	no:duplicate_of_stvar	1	.	.	.	0
vg	chr6	167659596	167659598	>175941877>175941879	3	1	-2	0|1	1	38.337	PASS	-	-	.	.	.	.	.	.	.	.	0
pangenie	chr6	167659596	167659598	chr6-167659596-DEL->177938831>177938833-2	3	1	-2	0/1	1	.	PASS	-	-	.	.	.	.	.	.	.	.	0
truth_stvar	chr6	167659600	167659600	.	1	1	0	0|1	.	.	.	.	.	-	-	ref	yes	1	.	.	.	0
truth_smvar	chr6	167659600	167659600	.	1	1	0	0|1	.	.	.	.	.	-	-	ref	no:duplicate_of_stvar	1	.	.	.	0
vg	chr6	167659600	167659600	>175941879>175941902	1	1	0	0|1	1	36.2963	PASS	-	-	.	.	.	.	.	.	.	.	0
pangenie	chr6	167659600	167659600	chr6-167659600-SNV->177938833>177938835>177938836-1	1	1	0	0/1	1	.	PASS	-	-	.	.	.	.	.	.	.	.	0
vg	chr6	167659608	167659616	>175941879>175941902	9	1	-8	0|1	1	36.2963	PASS	-	-	.	.	.	.	.	.	.	.	0
pangenie	chr6	167659608	167659616	chr6-167659608-DEL->177938836>177938856-8	9	1	-8	0/1	1	.	PASS	-	-	.	.	.	.	.	.	.	.	0
truth_stvar	chr6	167659622	167659622	.	1	5	4	0|1	.	.	.	.	.	-	-	ref	yes	1	.	.	.	0
truth_smvar	chr6	167659622	167659622	.	1	5	4	0|1	.	.	.	.	.	-	-	ref	no:duplicate_of_stvar	1	.	.	.	0
truth_stvar	chr6	167659624	167659624	.	1	1	0	0|1	.	.	.	.	.	-	-	ref	yes	1	.	.	.	0
truth_smvar	chr6	167659624	167659624	.	1	1	0	0|1	.	.	.	.	.	-	-	ref	no:duplicate_of_stvar	1	.	.	.	0
vg	chr6	167659624	167659624	>175941903>175941906	1	1	0	0|1	1	37.5124	PASS	-	-	.	.	.	.	.	.	.	.	0
pangenie	chr6	167659624	167659624	chr6-167659624-SNV->177938857>177938859>177938860-1	1	1	0	0/1	1	.	PASS	-	-	.	.	.	.	.	.	.	.	0
pangenie	chr6	167659624	167659624	chr6-167659627-INS->177938860>177938861>177938862>177938864-12	1	13	12	0/1	1	.	PASS	-	-	.	.	.	.	.	.	.	.	0
vg	chr6	167659625	167659625	>175941906>175941910	1	13	12	0|1	1	48.8703	PASS	-	-	.	.	.	.	.	.	.	.	0
truth_stvar	chr6	167659638	167659638	.	1	1	0	0|1	.	.	.	.	.	-	-	ref	yes	1	.	.	.	0
truth_smvar	chr6	167659638	167659638	.	1	1	0	0|1	.	.	.	.	.	-	-	ref	no:duplicate_of_stvar	1	.	.	.	0
vg	chr6	167659638	167659638	>175941913>175941916	1	1	0	0|1	1	78.8296	PASS	-	-	.	.	.	.	.	.	.	.	0
pangenie	chr6	167659638	167659638	chr6-167659638-SNV->177938867>177938869>177938870-1	1	1	0	0/1	1	.	PASS	-	-	.	.	.	.	.	.	.	.	0
truth_stvar	chr6	167659680	167659680	.	1	1	0	0|1	.	.	.	.	.	-	-	ref	yes	1	.	.	.	0
truth_smvar	chr6	167659680	167659680	.	1	1	0	0|1	.	.	.	.	.	-	-	ref	no:duplicate_of_stvar	1	.	.	.	0
vg	chr6	167659680	167659680	>175941939>175941942	1	1	0	0|1	1	36.1377	PASS	-	-	.	.	.	.	.	.	.	.	0
pangenie	chr6	167659680	167659680	chr6-167659680-SNV->177938893>177938895>177938896-1	1	1	0	0/1	1	.	PASS	-	-	.	.	.	.	.	.	.	.	0
truth_stvar	chr6	167659690	167659690	.	1	1	0	1|0	.	.	.	.	.	-	-	yes	ref	1	.	.	.	0
truth_smvar	chr6	167659690	167659690	.	1	1	0	1|0	.	.	.	.	.	-	-	no:duplicate_of_stvar	ref	1	.	.	.	0
vg	chr6	167659690	167659690	>175941942>175941945	1	1	0	1|0	1	172.963	PASS	-	-	.	.	.	.	.	.	.	.	0
pangenie	chr6	167659690	167659690	chr6-167659690-SNV->177938896>177938898>177938899-1	1	1	0	1/0	1	.	PASS	-	-	.	.	.	.	.	.	.	.	0
truth_stvar	chr6	167659700	167659700	.	1	1	0	0|1	.	.	.	.	.	-	-	ref	yes	1	.	.	.	0
truth_smvar	chr6	167659700	167659700	.	1	1	0	0|1	.	.	.	.	.	-	-	ref	no:duplicate_of_stvar	1	.	.	.	0
vg	chr6	167659700	167659700	>175941950>175941953	1	1	0	0|1	1	47.7204	PASS	-	-	.	.	.	.	.	.	.	.	0
pangenie	chr6	167659700	167659700	chr6-167659700-SNV->177938904>177938906>177938907-1	1	1	0	0/1	1	.	PASS	-	-	.	.	.	.	.	.	.	.	0
truth_stvar	chr6	167659703	167659703	.	1	1	0	0|1	.	.	.	.	.	-	-	ref	yes	1	.	.	.	0
truth_smvar	chr6	167659703	167659703	.	1	1	0	0|1	.	.	.	.	.	-	-	ref	no:duplicate_of_stvar	1	.	.	.	0
vg	chr6	167659703	167659703	>175941953>175941957	1	1	0	0|1	1	50.5385	PASS	-	-	.	.	.	.	.	.	.	.	0
pangenie	chr6	167659703	167659703	chr6-167659703-SNV->177938907>177938909>177938911-1	1	1	0	0/1	1	.	PASS	-	-	.	.	.	.	.	.	.	.	0
vg	chr6	167659798	167659814	>175941992>175942001	17	1	-16	0|1	1	36.3963	PASS	-	-	.	.	.	.	.	.	.	.	0
pangenie	chr6	167659798	167659814	chr6-167659798-DEL->177938946>177938957-16	17	1	-16	0/1	1	.	PASS	-	-	.	.	.	.	.	.	.	.	0
truth_stvar	chr6	167659822	167659822	.	1	3	2	1|0	.	.	.	.	.	-	-	yes	ref	1	.	.	.	0
truth_smvar	chr6	167659822	167659822	.	1	3	2	1|0	.	.	.	.	.	-	-	no:duplicate_of_stvar	ref	1	.	.	.	0
vg	chr6	167659822	167659822	>175942002>175942004	1	3	2	1|0	1	28.8299	PASS	-	-	.	.	.	.	.	.	.	.	0
pangenie	chr6	167659822	167659822	chr6-167659822-INS->177938958>177938959>177938960-2	1	3	2	1/0	1	.	PASS	-	-	.	.	.	.	.	.	.	.	0
truth_stvar	chr6	167659832	167659832	.	1	3	2	0|1	.	.	.	.	.	-	-	ref	yes	1	.	.	.	0
truth_smvar	chr6	167659832	167659832	.	1	3	2	0|1	.	.	.	.	.	-	-	ref	no:duplicate_of_stvar	1	.	.	.	0
truth_stvar	chr6	167659846	167659846	.	1	1	0	0|1	.	.	.	.	.	-	-	ref	yes	1	.	.	.	0
truth_smvar	chr6	167659846	167659846	.	1	1	0	0|1	.	.	.	.	.	-	-	ref	no:duplicate_of_stvar	1	.	.	.	0
truth_stvar	chr6	167659850	167659850	.	1	1	0	0|1	.	.	.	.	.	-	-	ref	yes	1	.	.	.	0
truth_smvar	chr6	167659850	167659850	.	1	1	0	0|1	.	.	.	.	.	-	-	ref	no:duplicate_of_stvar	1	.	.	.	0
vg	chr6	167659850	167659850	>175942015>175942018	1	1	0	0|1	1	45.398	PASS	-	-	.	.	.	.	.	.	.	.	0
pangenie	chr6	167659850	167659850	chr6-167659850-SNV->177938972>177938974>177938975-1	1	1	0	0/1	1	.	PASS	-	-	.	.	.	.	.	.	.	.	0
truth_stvar	chr6	167659852	167659852	.	1	1	0	0|1	.	.	.	.	.	-	-	ref	yes	1	.	.	.	0
truth_smvar	chr6	167659852	167659852	.	1	1	0	0|1	.	.	.	.	.	-	-	ref	no:duplicate_of_stvar	1	.	.	.	0
truth_stvar	chr6	167659856	167659856	.	1	1	0	0|1	.	.	.	.	.	-	-	ref	yes	1	.	.	.	0
truth_smvar	chr6	167659856	167659856	.	1	1	0	0|1	.	.	.	.	.	-	-	ref	no:duplicate_of_stvar	1	.	.	.	0
vg	chr6	167659862	167659866	>175942022>175942025	5	1	-4	0|1	1	32.8869	PASS	-	-	.	.	.	.	.	.	.	.	0
pangenie	chr6	167659862	167659866	chr6-167659862-DEL->177938980>177938983-4	5	1	-4	0/1	1	.	PASS	-	-	.	.	.	.	.	.	.	.	0
truth_stvar	chr6	167659864	167659864	.	1	7	6	0|1	.	.	.	.	.	-	-	ref	yes	1	.	.	.	0
truth_smvar	chr6	167659864	167659864	.	1	7	6	0|1	.	.	.	.	.	-	-	ref	no:duplicate_of_stvar	1	.	.	.	0
truth_stvar	chr6	167659866	167659866	.	1	1	0	0|1	.	.	.	.	.	-	-	ref	yes	1	.	.	.	0
truth_smvar	chr6	167659866	167659866	.	1	1	0	0|1	.	.	.	.	.	-	-	ref	no:duplicate_of_stvar	1	.	.	.	0
vg	chr6	167659875	167659877	>175942025>175942029	3	1	-2	0|1	1	35.6893	PASS	-	-	.	.	.	.	.	.	.	.	0
pangenie	chr6	167659875	167659877	chr6-167659875-DEL->177938983>177938987-2	3	1	-2	0/1	1	.	PASS	-	-	.	.	.	.	.	.	.	.	0
truth_stvar	chr6	167659877	167659877	.	1	1	0	0|1	.	.	.	.	.	-	-	ref	yes	1	.	.	.	0
truth_smvar	chr6	167659877	167659877	.	1	1	0	0|1	.	.	.	.	.	-	-	ref	no:duplicate_of_stvar	1	.	.	.	0
vg	chr6	167659884	167659886	>175942029>175942031	3	1	-2	0|1	1	49.7513	PASS	-	-	.	.	.	.	.	.	.	.	0
pangenie	chr6	167659884	167659886	chr6-167659884-DEL->177938987>177938989-2	3	1	-2	0/1	1	.	PASS	-	-	.	.	.	.	.	.	.	.	0
truth_stvar	chr6	167659893	167659893	.	1	1	0	0|1	.	.	.	.	.	-	-	ref	yes	1	.	.	.	0
truth_smvar	chr6	167659893	167659893	.	1	1	0	0|1	.	.	.	.	.	-	-	ref	no:duplicate_of_stvar	1	.	.	.	0
vg	chr6	167659893	167659893	>175942031>175942034	1	1	0	0|1	1	49.0133	PASS	-	-	.	.	.	.	.	.	.	.	0
pangenie	chr6	167659893	167659893	chr6-167659893-SNV->177938992>177938994>177938995-1	1	1	0	0/1	1	.	PASS	-	-	.	.	.	.	.	.	.	.	0
truth_stvar	chr6	167659908	167659908	.	1	1	0	1|0	.	.	.	.	.	-	-	yes	ref	1	.	.	.	0
truth_smvar	chr6	167659908	167659908	.	1	1	0	1|0	.	.	.	.	.	-	-	no:duplicate_of_stvar	ref	1	.	.	.	0
vg	chr6	167659908	167659908	>175942043>175942046	1	1	0	1|0	1	16.7795	PASS	-	-	.	.	.	.	.	.	.	.	0
pangenie	chr6	167659908	167659908	chr6-167659908-SNV->177939005>177939007>177939008-1	1	1	0	1/0	1	.	PASS	-	-	.	.	.	.	.	.	.	.	0
vg	chr6	167659910	167659916	>175942046>175942050	7	1	-6	0|1	1	49.8014	PASS	-	-	.	.	.	.	.	.	.	.	0
pangenie	chr6	167659910	167659916	chr6-167659910-DEL->177939008>177939012-6	7	1	-6	0/1	1	.	PASS	-	-	.	.	.	.	.	.	.	.	0
truth_stvar	chr6	167659916	167659916	.	1	1	0	0|1	.	.	.	.	.	-	-	ref	yes	1	.	.	.	0
truth_smvar	chr6	167659916	167659916	.	1	1	0	0|1	.	.	.	.	.	-	-	ref	no:duplicate_of_stvar	1	.	.	.	0
vg	chr6	167659916	167664413	>175942035>175946268	4498	3452	-1046	0|1	1	3232.6	PASS	FP	-	.	.	.	.	.	.	.	896.4,896.1	0
vg	chr6	167659927	167659927	>175942054>175942056	1	3	2	0|1	1	63.9722	PASS	-	-	.	.	.	.	.	.	.	.	0
pangenie	chr6	167659927	167659927	chr6-167659927-INS->177939016>177939017>177939018-2	1	3	2	0/1	1	.	PASS	-	-	.	.	.	.	.	.	.	.	0
vg	chr6	167659937	167659937	>175942060>175942063	1	1	0	0|1	1	75.9263	PASS	-	-	.	.	.	.	.	.	.	.	0
pangenie	chr6	167659937	167659937	chr6-167659937-SNV->177939022>177939024>177939025-1	1	1	0	0/1	1	.	PASS	-	-	.	.	.	.	.	.	.	.	0
truth_stvar	chr6	167659955	167659955	.	1	1	0	1|1	.	.	.	.	.	-	-	yes	yes	1	.	.	.	0
truth_smvar	chr6	167659955	167659955	.	1	1	0	1|1	.	.	.	.	.	-	-	no:duplicate_of_stvar	no:duplicate_of_stvar	1	.	.	.	0
vg	chr6	167659955	167659955	>175942072>175942075	1	1	0	1|1	1	119.959	PASS	-	-	.	.	.	.	.	.	.	.	0
pangenie	chr6	167659955	167659955	chr6-167659955-SNV->177939034>177939036>177939037-1	1	1	0	1/1	1	.	PASS	-	-	.	.	.	.	.	.	.	.	0
pangenie	chr6	167659955	167659955	chr6-167659970-INS->177939045>177939047>177939048>177939049>177939050>177939051>177939053>177939054>177939057>177939058-18	1	19	18	1/0	1	.	PASS	-	-	.	.	.	.	.	.	.	.	0
truth_stvar	chr6	167659968	167659968	.	1	1	0	1|1	.	.	.	.	.	-	-	yes	yes	1	.	.	.	0
truth_smvar	chr6	167659968	167659968	.	1	1	0	1|1	.	.	.	.	.	-	-	no:duplicate_of_stvar	no:duplicate_of_stvar	1	.	.	.	0
vg	chr6	167659968	167659968	>175942079>175942083	1	1	0	1|1	1	134.671	PASS	-	-	.	.	.	.	.	.	.	.	0
pangenie	chr6	167659968	167659968	chr6-167659968-SNV->177939041>177939044>177939045-1	1	1	0	1/1	1	.	PASS	-	-	.	.	.	.	.	.	.	.	0
truth_stvar	chr6	167659970	167659970	.	1	1	0	1|1	.	.	.	.	.	-	-	yes	yes	1	.	.	.	0
truth_smvar	chr6	167659970	167659970	.	1	1	0	1|1	.	.	.	.	.	-	-	no:duplicate_of_stvar	no:duplicate_of_stvar	1	.	.	.	0
vg	chr6	167659970	167659973	>175942083>175942118	4	4	0	1|1	1	112.328	PASS	-	-	.	.	.	.	.	.	.	.	0
pangenie	chr6	167659970	167659970	chr6-167659970-SNV->177939045>177939047>177939058-1	1	1	0	0/1	1	.	PASS	-	-	.	.	.	.	.	.	.	.	0
truth_stvar	chr6	167659973	167659973	.	1	1	0	0|1	.	.	.	.	.	-	-	ref	yes	1	.	.	.	0
truth_smvar	chr6	167659973	167659973	.	1	1	0	0|1	.	.	.	.	.	-	-	ref	no:duplicate_of_stvar	1	.	.	.	0
vg	chr6	167659973	167659973	>175942096>175942099	1	1	0	1|1	1	66.426	PASS	-	-	.	.	.	.	.	.	.	.	0
pangenie	chr6	167659973	167659973	chr6-167659973-SNV->177939058>177939060>177939061-1	1	1	0	0/1	1	.	PASS	-	-	.	.	.	.	.	.	.	.	0
truth_stvar	chr6	167659988	167660200	.	213	1	212	1|0	.	.	.	.	.	FN	FN	yes	ref	1	DEL	18	.	0
truth_smvar	chr6	167659988	167660200	.	213	1	212	1|0	.	.	.	.	.	-	-	no:duplicate_of_stvar	ref	1	.	18	.	0
pangenie	chr6	167660006	167660042	chr6-167660024-DEL->177939088>177939102-36	37	1	-36	1/0	1	.	PASS	-	-	.	.	.	.	.	.	.	.	0
truth_stvar	chr6	167660009	167660009	.	1	1	0	1|0	.	.	.	.	.	-	-	no:star_allele	ref	1	.	.	.	0
truth_stvar	chr6	167660009	167660009	.	1	1	0	0|1	.	.	.	.	.	-	-	ref	yes	1	.	.	.	0
truth_smvar	chr6	167660009	167660009	.	1	1,1	0	2|1	.	.	.	.	.	-	-	no:star_allele	no:duplicate_of_stvar	1	.	.	.	0
vg	chr6	167660009	167660009	>175942118>175942121	1	1	0	1|1	1	81.6518	PASS	-	-	.	.	.	.	.	.	.	.	0
pangenie	chr6	167660009	167660009	chr6-167660009-SNV->177939080>177939082>177939083-1	1	1	0	0/1	1	.	PASS	-	-	.	.	.	.	.	.	.	.	0
truth_stvar	chr6	167660016	167660140	.	125	1	0	1|0	.	.	.	.	.	-	-	no:star_allele	ref	1	DEL	18	.	0
truth_stvar	chr6	167660016	167660140	.	125	1	124	0|1	.	.	.	.	.	TP	TP	ref	yes	1	DEL	18	.	0
truth_smvar	chr6	167660016	167660140	.	125	1,1	124	2|1	.	.	.	.	.	-	-	no:star_allele	no:duplicate_of_stvar	1	.	18	.	0
vg	chr6	167660042	167660042	>175942131>175942134	1	1	0	1|1	1	68.3907	PASS	-	-	.	.	.	.	.	.	.	.	0
pangenie	chr6	167660042	167660042	chr6-167660042-SNV->177939094>177939096>177939097-1	1	1	0	0/1	1	.	PASS	-	-	.	.	.	.	.	.	.	.	0
vg	chr6	167660045	167660045	>175942134>175942137	1	1	0	1|1	1	68.3907	PASS	-	-	.	.	.	.	.	.	.	.	0
pangenie	chr6	167660045	167660045	chr6-167660045-SNV->177939097>177939099>177939100-1	1	1	0	0/1	1	.	PASS	-	-	.	.	.	.	.	.	.	.	0
vg	chr6	167660086	167660088	>175942149>175942151	3	1	-2	1|1	1	60.2584	PASS	-	-	.	.	.	.	.	.	.	.	0
pangenie	chr6	167660086	167660088	chr6-167660086-DEL->177939112>177939114-2	3	1	-2	0/1	1	.	PASS	-	-	.	.	.	.	.	.	.	.	0
vg	chr6	167660098	167660098	>175942152>175942156	1	1	0	1|1	1	71.0771	PASS	-	-	.	.	.	.	.	.	.	.	0
pangenie	chr6	167660098	167660098	chr6-167660098-SNV->177939115>177939116>177939119-1	1	1	0	0/1	1	.	PASS	-	-	.	.	.	.	.	.	.	.	0
vg	chr6	167660122	167660134	>175942163>175942168	13	1	-12	1|1	1	43.8914	PASS	-	-	.	.	.	.	.	.	.	.	0
pangenie	chr6	167660122	167660134	chr6-167660122-DEL->177939126>177939131-12	13	1	-12	0/1	1	.	PASS	-	-	.	.	.	.	.	.	.	.	0
vg	chr6	167660136	167660140	>175942168>175942173	5	1	-4	1|1	1	43.5074	PASS	-	-	.	.	.	.	.	.	.	.	0
pangenie	chr6	167660136	167660140	chr6-167660136-DEL->177939131>177939136-4	5	1	-4	0/1	1	.	PASS	-	-	.	.	.	.	.	.	.	.	0
pangenie	chr6	167660148	167660148	chr6-167660148-INS->177939143>177939144>177939149-2	1	3	2	1/0	1	.	PASS	-	-	.	.	.	.	.	.	.	.	0
vg	chr6	167660152	167660152	>175942186>175942189	1	1	0	1|1	1	40.5538	PASS	-	-	.	.	.	.	.	.	.	.	0
pangenie	chr6	167660152	167660152	chr6-167660152-SNV->177939149>177939151>177939152-1	1	1	0	0/1	1	.	PASS	-	-	.	.	.	.	.	.	.	.	0
pangenie	chr6	167660156	167660156	chr6-167660156-INS->177939152>177939153>177939154>177939171-2	1	3	2	1/0	1	.	PASS	-	-	.	.	.	.	.	.	.	.	0
vg	chr6	167660164	167660166	>175942208>175942210	3	1	-2	1|1	1	56.7673	PASS	-	-	.	.	.	.	.	.	.	.	0
pangenie	chr6	167660164	167660166	chr6-167660164-DEL->177939171>177939173-2	3	1	-2	1/1	1	.	PASS	-	-	.	.	.	.	.	.	.	.	0
vg	chr6	167660174	167660174	>175942210>175942212	1	3	2	1|1	1	70.2958	PASS	-	-	.	.	.	.	.	.	.	.	0
pangenie	chr6	167660174	167660174	chr6-167660174-INS->177939173>177939174>177939175-2	1	3	2	0/1	1	.	PASS	-	-	.	.	.	.	.	.	.	.	0
pangenie	chr6	167660182	167660182	chr6-167660182-INS->177939177>177939178>177939180-2	1	3	2	1/0	1	.	PASS	-	-	.	.	.	.	.	.	.	.	0
truth_stvar	chr6	167660184	167660184	.	1	1	0	1|0	.	.	.	.	.	-	-	no:star_allele	ref	1	.	.	.	0
truth_stvar	chr6	167660184	167660184	.	1	1	0	0|1	.	.	.	.	.	-	-	ref	yes	1	.	.	.	0
truth_smvar	chr6	167660184	167660184	.	1	1,1	0	2|1	.	.	.	.	.	-	-	no:star_allele	no:duplicate_of_stvar	1	.	.	.	0
pangenie	chr6	167660198	167660198	chr6-167660198-SNV->177939183>177939185>177939188-1	1	1	0	1/0	1	.	PASS	-	-	.	.	.	.	.	.	.	.	0
pangenie	chr6	167660200	167660200	chr6-167660200-SNV->177939188>177939190>177939191-1	1	1	0	1/0	1	.	PASS	-	-	.	.	.	.	.	.	.	.	0
pangenie	chr6	167660208	167660210	chr6-167660208-DEL->177939191>177939193-2	3	1	-2	1/0	1	.	PASS	-	-	.	.	.	.	.	.	.	.	0
vg	chr6	167660214	167660214	>175942230>175942233	1	1	0	1|1	1	85.9118	PASS	-	-	.	.	.	.	.	.	.	.	0
pangenie	chr6	167660214	167660214	chr6-167660214-SNV->177939193>177939195>177939196-1	1	1	0	0/1	1	.	PASS	-	-	.	.	.	.	.	.	.	.	0
truth_stvar	chr6	167660222	167660222	.	1	1	0	0|1	.	.	.	.	.	-	-	ref	yes	1	.	.	.	0
truth_smvar	chr6	167660222	167660222	.	1	1	0	0|1	.	.	.	.	.	-	-	ref	no:duplicate_of_stvar	1	.	.	.	0
truth_stvar	chr6	167660234	167660234	.	1	3	2	1|0	.	.	.	.	.	-	-	yes	ref	1	.	.	.	0
truth_smvar	chr6	167660234	167660234	.	1	3	2	1|0	.	.	.	.	.	-	-	no:duplicate_of_stvar	ref	1	.	.	.	0
vg	chr6	167660236	167660252	>175942241>175942256	17	1	-16	1|1	1	79.455	PASS	-	-	.	.	.	.	.	.	.	.	0
pangenie	chr6	167660236	167660252	chr6-167660236-DEL->177939205>177939207>177939208>177939219-16	17	1	-16	1/1	1	.	PASS	-	-	.	.	.	.	.	.	.	.	0
vg	chr6	167660260	167660352	>175942259>175942304	93	1	-92	1|1	1	67.2675	PASS	TP	-	.	.	.	.	.	.	.	896.3,896.2	0
pangenie	chr6	167660260	167660352	chr6-167660260-DEL->177939222>177939276-92	93	1	-92	1/1	1	.	PASS	TP	-	.	.	.	.	.	.	.	890.3,890.0	0
truth_stvar	chr6	167660284	167660284	.	1	1	0	0|1	.	.	.	.	.	-	-	ref	yes	1	.	.	.	0
truth_smvar	chr6	167660284	167660284	.	1	1	0	0|1	.	.	.	.	.	-	-	ref	no:duplicate_of_stvar	1	.	.	.	0
vg	chr6	167660354	167660438	>175942304>175942324	85	1	-84	1|1	1	67.8536	PASS	FP	-	.	.	.	.	.	.	.	896.11,896.3	0
pangenie	chr6	167660354	167660438	chr6-167660354-DEL->177939276>177939301-84	85	1	-84	0/1	1	.	PASS	FP	-	.	.	.	.	.	.	.	890.11,890.1	0
truth_stvar	chr6	167660384	167660384	.	1	1	0	0|1	.	.	.	.	.	-	-	ref	yes	1	.	.	.	0
truth_smvar	chr6	167660384	167660384	.	1	1	0	0|1	.	.	.	.	.	-	-	ref	no:duplicate_of_stvar	1	.	.	.	0
truth_stvar	chr6	167660404	167661176	.	773	1	772	1|0	.	.	.	.	.	TP	TP	yes	ref	1	DEL	18	.	0
truth_smvar	chr6	167660404	167661176	.	773	1	772	1|0	.	.	.	.	.	-	-	no:duplicate_of_stvar	ref	1	.	18	.	0
pangenie	chr6	167660412	167660414	chr6-167660412-DEL->177939294>177939296-2	3	1	-2	1/0	1	.	PASS	-	-	.	.	.	.	.	.	.	.	0
truth_stvar	chr6	167660420	167660420	.	1	1	0	1|0	.	.	.	.	.	-	-	no:star_allele	ref	1	.	.	.	0
truth_stvar	chr6	167660420	167660420	.	1	1	0	0|1	.	.	.	.	.	-	-	ref	yes	1	.	.	.	0
truth_smvar	chr6	167660420	167660420	.	1	1,1	0	2|1	.	.	.	.	.	-	-	no:star_allele	no:duplicate_of_stvar	1	.	.	.	0
truth_stvar	chr6	167660422	167660422	.	1	1	0	1|0	.	.	.	.	.	-	-	no:star_allele	ref	1	.	.	.	0
truth_stvar	chr6	167660422	167660422	.	1	1	0	0|1	.	.	.	.	.	-	-	ref	yes	1	.	.	.	0
truth_smvar	chr6	167660422	167660422	.	1	1,1	0	2|1	.	.	.	.	.	-	-	no:star_allele	no:duplicate_of_stvar	1	.	.	.	0
pangenie	chr6	167660424	167660438	chr6-167660424-DEL->177939297>177939301-14	15	1	-14	1/0	1	.	PASS	-	-	.	.	.	.	.	.	.	.	0
pangenie	chr6	167660430	167660464	chr6-167660472-DEL->177939318>177939325-34	35	1	-34	1/1	1	.	PASS	-	-	.	.	.	.	.	.	.	.	0
truth_stvar	chr6	167660446	167660448	.	3	1	0	1|0	.	.	.	.	.	-	-	no:star_allele	ref	1	.	.	.	0
truth_stvar	chr6	167660446	167660448	.	3	1	2	0|1	.	.	.	.	.	-	-	ref	yes	1	.	.	.	0
truth_smvar	chr6	167660446	167660448	.	3	1,1	2	2|1	.	.	.	.	.	-	-	no:star_allele	no:duplicate_of_stvar	1	.	.	.	0
pangenie	chr6	167660446	167660464	chr6-167660448-DEL->177939307>177939313-18	19	1	-18	1/1	1	.	PASS	-	-	.	.	.	.	.	.	.	.	0
vg	chr6	167660448	167660466	>175942330>175942336	19	1	-18	1|1	1	74.6699	PASS	-	-	.	.	.	.	.	.	.	.	0
vg	chr6	167660471	167660505	>175942341>175942346	35	1	-34	1|1	1	75.6295	PASS	-	-	.	.	.	.	.	.	.	.	0
truth_stvar	chr6	167660472	167660472	.	1	1	0	1|0	.	.	.	.	.	-	-	no:star_allele	ref	1	.	.	.	0
truth_stvar	chr6	167660472	167660472	.	1	3	2	0|1	.	.	.	.	.	-	-	ref	yes	1	.	.	.	0
truth_smvar	chr6	167660472	167660472	.	1	3,1	2	2|1	.	.	.	.	.	-	-	no:star_allele	no:duplicate_of_stvar	1	.	.	.	0
truth_stvar	chr6	167660504	167660504	.	1	1	0	1|0	.	.	.	.	.	-	-	no:star_allele	ref	1	.	.	.	0
truth_stvar	chr6	167660504	167660504	.	1	1	0	0|1	.	.	.	.	.	-	-	ref	yes	1	.	.	.	0
truth_smvar	chr6	167660504	167660504	.	1	1,1	0	2|1	.	.	.	.	.	-	-	no:star_allele	no:duplicate_of_stvar	1	.	.	.	0
truth_stvar	chr6	167660514	167660514	.	1	1	0	1|0	.	.	.	.	.	-	-	no:star_allele	ref	1	.	.	.	0
truth_stvar	chr6	167660514	167660514	.	1	1	0	0|1	.	.	.	.	.	-	-	ref	yes	1	.	.	.	0
truth_smvar	chr6	167660514	167660514	.	1	1,1	0	2|1	.	.	.	.	.	-	-	no:star_allele	no:duplicate_of_stvar	1	.	.	.	0
truth_stvar	chr6	167660516	167660516	.	1	1	0	1|0	.	.	.	.	.	-	-	no:star_allele	ref	1	.	.	.	0
truth_stvar	chr6	167660516	167660516	.	1	1	0	0|1	.	.	.	.	.	-	-	ref	yes	1	.	.	.	0
truth_smvar	chr6	167660516	167660516	.	1	1,1	0	2|1	.	.	.	.	.	-	-	no:star_allele	no:duplicate_of_stvar	1	.	.	.	0
vg	chr6	167660516	167660568	>175942356>175942384	53	1	-52	1|1	1	59.8599	PASS	FP	-	.	.	.	.	.	.	.	896.12,896.4	0
pangenie	chr6	167660516	167660568	chr6-167660516-DEL->177939334>177939366-52	53	1	-52	1/1	1	.	PASS	FP	-	.	.	.	.	.	.	.	890.12,890.2	0
truth_stvar	chr6	167660522	167660522	.	1	1	0	1|0	.	.	.	.	.	-	-	no:star_allele	ref	1	.	.	.	0
truth_stvar	chr6	167660522	167660522	.	1	1	0	0|1	.	.	.	.	.	-	-	ref	yes	1	.	.	.	0
truth_smvar	chr6	167660522	167660522	.	1	1,1	0	2|1	.	.	.	.	.	-	-	no:star_allele	no:duplicate_of_stvar	1	.	.	.	0
truth_stvar	chr6	167660524	167660524	.	1	1	0	1|0	.	.	.	.	.	-	-	no:star_allele	ref	1	.	.	.	0
truth_stvar	chr6	167660524	167660524	.	1	1	0	0|1	.	.	.	.	.	-	-	ref	yes	1	.	.	.	0
truth_smvar	chr6	167660524	167660524	.	1	1,1	0	2|1	.	.	.	.	.	-	-	no:star_allele	no:duplicate_of_stvar	1	.	.	.	0
truth_stvar	chr6	167660540	167660540	.	1	1	0	1|0	.	.	.	.	.	-	-	no:star_allele	ref	1	.	.	.	0
truth_stvar	chr6	167660540	167660540	.	1	1	0	0|1	.	.	.	.	.	-	-	ref	yes	1	.	.	.	0
truth_smvar	chr6	167660540	167660540	.	1	1,1	0	2|1	.	.	.	.	.	-	-	no:star_allele	no:duplicate_of_stvar	1	.	.	.	0
truth_stvar	chr6	167660550	167660550	.	1	1	0	1|0	.	.	.	.	.	-	-	no:star_allele	ref	1	.	.	.	0
truth_stvar	chr6	167660550	167660550	.	1	1	0	0|1	.	.	.	.	.	-	-	ref	yes	1	.	.	.	0
truth_smvar	chr6	167660550	167660550	.	1	1,1	0	2|1	.	.	.	.	.	-	-	no:star_allele	no:duplicate_of_stvar	1	.	.	.	0
truth_stvar	chr6	167660552	167660552	.	1	1	0	1|0	.	.	.	.	.	-	-	no:star_allele	ref	1	.	.	.	0
truth_stvar	chr6	167660552	167660552	.	1	1	0	0|1	.	.	.	.	.	-	-	ref	yes	1	.	.	.	0
truth_smvar	chr6	167660552	167660552	.	1	1,1	0	2|1	.	.	.	.	.	-	-	no:star_allele	no:duplicate_of_stvar	1	.	.	.	0
truth_stvar	chr6	167660558	167660558	.	1	1	0	1|0	.	.	.	.	.	-	-	no:star_allele	ref	1	.	.	.	0
truth_stvar	chr6	167660558	167660558	.	1	1	0	0|1	.	.	.	.	.	-	-	ref	yes	1	.	.	.	0
truth_smvar	chr6	167660558	167660558	.	1	1,1	0	2|1	.	.	.	.	.	-	-	no:star_allele	no:duplicate_of_stvar	1	.	.	.	0
truth_stvar	chr6	167660560	167660560	.	1	1	0	1|0	.	.	.	.	.	-	-	no:star_allele	ref	1	.	.	.	0
truth_stvar	chr6	167660560	167660560	.	1	1	0	0|1	.	.	.	.	.	-	-	ref	yes	1	.	.	.	0
truth_smvar	chr6	167660560	167660560	.	1	1,1	0	2|1	.	.	.	.	.	-	-	no:star_allele	no:duplicate_of_stvar	1	.	.	.	0
truth_stvar	chr6	167660574	167660574	.	1	1	0	1|0	.	.	.	.	.	-	-	no:star_allele	ref	1	.	.	.	0
truth_stvar	chr6	167660574	167660574	.	1	1	0	0|1	.	.	.	.	.	-	-	ref	yes	1	.	.	.	0
truth_smvar	chr6	167660574	167660574	.	1	1,1	0	2|1	.	.	.	.	.	-	-	no:star_allele	no:duplicate_of_stvar	1	.	.	.	0
vg	chr6	167660576	167660576	>175942389>175942392	1	1	0	1|1	1	38.7234	PASS	-	-	.	.	.	.	.	.	.	.	0
pangenie	chr6	167660576	167660576	chr6-167660576-SNV->177939371>177939373>177939374-1	1	1	0	1/1	1	.	PASS	-	-	.	.	.	.	.	.	.	.	0
vg	chr6	167660578	167660578	>175942392>175942395	1	1	0	1|1	1	73.0701	PASS	-	-	.	.	.	.	.	.	.	.	0
pangenie	chr6	167660578	167660578	chr6-167660578-SNV->177939374>177939376>177939377-1	1	1	0	1/1	1	.	PASS	-	-	.	.	.	.	.	.	.	.	0
vg	chr6	167660602	167660602	>175942401>175942404	1	1	0	1|1	1	61.4543	PASS	-	-	.	.	.	.	.	.	.	.	0
pangenie	chr6	167660602	167660602	chr6-167660602-SNV->177939385>177939387>177939388-1	1	1	0	1/1	1	.	PASS	-	-	.	.	.	.	.	.	.	.	0
vg	chr6	167660604	167660622	>175942404>175942417	19	1	-18	1|1	1	63.7766	PASS	-	-	.	.	.	.	.	.	.	.	0
pangenie	chr6	167660604	167660622	chr6-167660604-DEL->177939388>177939390>177939402-18	19	1	-18	1/1	1	.	PASS	-	-	.	.	.	.	.	.	.	.	0
truth_stvar	chr6	167660621	167660621	.	1	1	0	1|0	.	.	.	.	.	-	-	no:star_allele	ref	1	.	.	.	0
truth_stvar	chr6	167660621	167660621	.	1	1	0	0|1	.	.	.	.	.	-	-	ref	yes	1	.	.	.	0
truth_smvar	chr6	167660621	167660621	.	1	1,1	0	2|1	.	.	.	.	.	-	-	no:star_allele	no:duplicate_of_stvar	1	.	.	.	0
truth_stvar	chr6	167660622	167660622	.	1	1	0	1|0	.	.	.	.	.	-	-	no:star_allele	ref	1	.	.	.	0
truth_stvar	chr6	167660622	167660622	.	1	1	0	0|1	.	.	.	.	.	-	-	ref	yes	1	.	.	.	0
truth_smvar	chr6	167660622	167660622	.	1	1,1	0	2|1	.	.	.	.	.	-	-	no:star_allele	no:duplicate_of_stvar	1	.	.	.	0
vg	chr6	167660628	167660628	>175942422>175942425	1	1	0	1|0	1	33.5303	PASS	-	-	.	.	.	.	.	.	.	.	0
pangenie	chr6	167660628	167660628	chr6-167660628-SNV->177939405>177939407>177939408-1	1	1	0	0/1	1	.	PASS	-	-	.	.	.	.	.	.	.	.	0
truth_stvar	chr6	167660630	167660630	.	1	1	0	1|0	.	.	.	.	.	-	-	no:star_allele	ref	1	.	.	.	0
truth_stvar	chr6	167660630	167660630	.	1	1	0	0|1	.	.	.	.	.	-	-	ref	yes	1	.	.	.	0
truth_smvar	chr6	167660630	167660630	.	1	1,1	0	2|1	.	.	.	.	.	-	-	no:star_allele	no:duplicate_of_stvar	1	.	.	.	0
vg	chr6	167660630	167660648	>175942426>175942444	19	1	-18	1|1	1	55.4044	PASS	-	-	.	.	.	.	.	.	.	.	0
pangenie	chr6	167660630	167660648	chr6-167660630-DEL->177939411>177939428-18	19	1	-18	1/1	1	.	PASS	-	-	.	.	.	.	.	.	.	.	0
truth_stvar	chr6	167660632	167660910	.	279	1	0	1|0	.	.	.	.	.	-	-	no:star_allele	ref	1	DEL	18	.	0
truth_stvar	chr6	167660632	167660910	.	279	1	278	0|1	.	.	.	.	.	FN	FN	ref	yes	1	DEL	18	.	0
truth_smvar	chr6	167660632	167660910	.	279	1,1	278	2|1	.	.	.	.	.	-	-	no:star_allele	no:duplicate_of_stvar	1	.	18	.	0
vg	chr6	167660658	167660658	>175942446>175942450	1	1	0	1|1	1	81.917	PASS	-	-	.	.	.	.	.	.	.	.	0
pangenie	chr6	167660658	167660658	chr6-167660658-SNV->177939433>177939435>177939439-1	1	1	0	1/1	1	.	PASS	-	-	.	.	.	.	.	.	.	.	0
vg	chr6	167660666	167660668	>175942457>175942461	3	1	-2	1|1	1	112.438	PASS	-	-	.	.	.	.	.	.	.	.	0
pangenie	chr6	167660666	167660668	chr6-167660666-DEL->177939446>177939450-2	3	1	-2	1/1	1	.	PASS	-	-	.	.	.	.	.	.	.	.	0
pangenie	chr6	167660676	167660676	chr6-167660676-INS->177939451>177939452>177939453>177939454-2	1	3	2	1/0	1	.	PASS	-	-	.	.	.	.	.	.	.	.	0
vg	chr6	167660684	167660684	>175942474>175942481	1	1	0	1|1	1	84.6727	PASS	-	-	.	.	.	.	.	.	.	.	0
pangenie	chr6	167660684	167660684	chr6-167660684-SNV->177939461>177939463>177939465-1	1	1	0	1/1	1	.	PASS	-	-	.	.	.	.	.	.	.	.	0
pangenie	chr6	167660686	167661390	chr6-167660692-DEL->177939468>177939947-704	705	1	-704	1/0	1	.	PASS	TP	-	.	.	.	.	.	.	.	890.4,890.3	0
vg	chr6	167660692	167661396	>175942481>175943424	705	1	-704	2|1	1	426.036	PASS	TP	-	.	.	.	.	.	.	.	896.4,896.5	0
vg	chr6	167660692	167661396	>175942481>175943424	705	385	-320	2|1	1	426.036	PASS	FP	-	.	.	.	.	.	.	.	896.6,896.6	0
pangenie	chr6	167660694	167660696	chr6-167660701-DEL->177939475>177939481-2	3	1	-2	0/1	1	.	PASS	-	-	.	.	.	.	.	.	.	.	0
vg	chr6	167660700	167660702	>175942485>175942492	3	1	-2	1|.	1	73.995	PASS	-	-	.	.	.	.	.	.	.	.	0
vg	chr6	167660712	167660724	>175942496>175942512	13	1	-12	1|.	1	101.538	PASS	-	-	.	.	.	.	.	.	.	.	0
pangenie	chr6	167660712	167660724	chr6-167660712-DEL->177939485>177939499-12	13	1	-12	0/1	1	.	PASS	-	-	.	.	.	.	.	.	.	.	0
vg	chr6	167660740	167660746	>175942522>175942525	7	1	-6	1|.	1	101.241	PASS	-	-	.	.	.	.	.	.	.	.	0
pangenie	chr6	167660740	167660746	chr6-167660740-DEL->177939509>177939512-6	7	1	-6	0/1	1	.	PASS	-	-	.	.	.	.	.	.	.	.	0
vg	chr6	167660754	167660754	>175942527>175942531	1	1	0	1|.	1	115.446	PASS	-	-	.	.	.	.	.	.	.	.	0
pangenie	chr6	167660754	167660754	chr6-167660754-SNV->177939514>177939516>177939518-1	1	1	0	0/1	1	.	PASS	-	-	.	.	.	.	.	.	.	.	0
vg	chr6	167660764	167660764	>175942537>175942541	1	1	0	1|.	1	113.293	PASS	-	-	.	.	.	.	.	.	.	.	0
pangenie	chr6	167660764	167660764	chr6-167660764-SNV->177939526>177939529>177939530-1	1	1	0	0/1	1	.	PASS	-	-	.	.	.	.	.	.	.	.	0
vg	chr6	167660772	167660772	>175942547>175942551	1	1	0	1|.	1	130.443	PASS	-	-	.	.	.	.	.	.	.	.	0
pangenie	chr6	167660772	167660772	chr6-167660772-SNV->177939536>177939539>177939540-1	1	1	0	0/1	1	.	PASS	-	-	.	.	.	.	.	.	.	.	0
vg	chr6	167660782	167660798	>175942554>175942569	17	1	-16	1|.	1	132.686	PASS	-	-	.	.	.	.	.	.	.	.	0
pangenie	chr6	167660782	167660798	chr6-167660782-DEL->177939543>177939548-16	17	1	-16	0/1	1	.	PASS	-	-	.	.	.	.	.	.	.	.	0
vg	chr6	167660804	167660804	>175942559>175942563	1	1	0	1|.	1	124.757	PASS	-	-	.	.	.	.	.	.	.	.	0
pangenie	chr6	167660804	167660804	chr6-167660804-SNV->177939548>177939550>177939552-1	1	1	0	0/1	1	.	PASS	-	-	.	.	.	.	.	.	.	.	0
vg	chr6	167660806	167660806	>175942563>175942566	1	1	0	1|.	1	125.883	PASS	-	-	.	.	.	.	.	.	.	.	0
pangenie	chr6	167660806	167660806	chr6-167660806-SNV->177939552>177939554>177939555-1	1	1	0	0/1	1	.	PASS	-	-	.	.	.	.	.	.	.	.	0
vg	chr6	167660816	167660816	>175942554>175942569	1	1	0	1|.	1	132.686	PASS	-	-	.	.	.	.	.	.	.	.	0
pangenie	chr6	167660816	167660816	chr6-167660816-SNV->177939555>177939557>177939558-1	1	1	0	0/1	1	.	PASS	-	-	.	.	.	.	.	.	.	.	0
vg	chr6	167660824	167660824	>175942576>175942579	1	1	0	1|.	1	112.533	PASS	-	-	.	.	.	.	.	.	.	.	0
pangenie	chr6	167660824	167660824	chr6-167660824-SNV->177939565>177939567>177939568-1	1	1	0	0/1	1	.	PASS	-	-	.	.	.	.	.	.	.	.	0
pangenie	chr6	167660824	167660902	chr6-167660850-DEL->177939588>177939591>177939640-78	79	1	-78	0/1	1	.	PASS	FP	-	.	.	.	.	.	.	.	890.0,890.4	0
vg	chr6	167660840	167660840	>175942586>175942599	1	3	2	1|.	1	128.98	PASS	-	-	.	.	.	.	.	.	.	.	0
pangenie	chr6	167660840	167660840	chr6-167660840-INS->177939576>177939577>177939578-2	1	3	2	0/1	1	.	PASS	-	-	.	.	.	.	.	.	.	.	0
vg	chr6	167660842	167660842	>175942586>175942599	1	9	8	1|.	1	128.98	PASS	-	-	.	.	.	.	.	.	.	.	0
pangenie	chr6	167660842	167660842	chr6-167660842-INS->177939578>177939579>177939580>177939582>177939583>177939584>177939586-8	1	9	8	0/1	1	.	PASS	-	-	.	.	.	.	.	.	.	.	0
vg	chr6	167660849	167660927	>175942601>175942642	79	1	-78	1|.	1	87.2243	PASS	FP	-	.	.	.	.	.	.	.	896.0,896.7	0
vg	chr6	167660942	167660942	>175942649>175942652	1	1	0	1|.	1	64.6584	PASS	-	-	.	.	.	.	.	.	.	.	0
pangenie	chr6	167660942	167660942	chr6-167660942-SNV->177939648>177939650>177939651-1	1	1	0	0/1	1	.	PASS	-	-	.	.	.	.	.	.	.	.	0
truth_stvar	chr6	167660944	167660944	.	1	1	0	1|0	.	.	.	.	.	-	-	no:star_allele	ref	1	.	.	.	0
truth_stvar	chr6	167660944	167660944	.	1	1	0	0|1	.	.	.	.	.	-	-	ref	yes	1	.	.	.	0
truth_smvar	chr6	167660944	167660944	.	1	1,1	0	2|1	.	.	.	.	.	-	-	no:star_allele	no:duplicate_of_stvar	1	.	.	.	0
vg	chr6	167660944	167660944	>175942652>175942657	1	1	0	1|.	1	62.9415	PASS	-	-	.	.	.	.	.	.	.	.	0
pangenie	chr6	167660944	167660944	chr6-167660944-SNV->177939651>177939653>177939655-1	1	1	0	0/1	1	.	PASS	-	-	.	.	.	.	.	.	.	.	0
truth_stvar	chr6	167660946	167660946	.	1	1	0	1|0	.	.	.	.	.	-	-	no:star_allele	ref	1	.	.	.	0
truth_stvar	chr6	167660946	167660946	.	1	1	0	0|1	.	.	.	.	.	-	-	ref	yes	1	.	.	.	0
truth_smvar	chr6	167660946	167660946	.	1	1,1	0	2|1	.	.	.	.	.	-	-	no:star_allele	no:duplicate_of_stvar	1	.	.	.	0
vg	chr6	167660946	167660946	>175942657>175942660	1	1	0	1|.	1	65.2214	PASS	-	-	.	.	.	.	.	.	.	.	0
pangenie	chr6	167660946	167660946	chr6-167660946-SNV->177939655>177939657>177939658-1	1	1	0	0/1	1	.	PASS	-	-	.	.	.	.	.	.	.	.	0
vg	chr6	167660954	167660954	>175942664>175942669	1	1	0	1|.	1	82.0051	PASS	-	-	.	.	.	.	.	.	.	.	0
pangenie	chr6	167660954	167660954	chr6-167660954-SNV->177939662>177939665>177939666-1	1	1	0	0/1	1	.	PASS	-	-	.	.	.	.	.	.	.	.	0
vg	chr6	167660962	167660962	>175942672>175942677	1	3	2	1|.	1	65.8594	PASS	-	-	.	.	.	.	.	.	.	.	0
pangenie	chr6	167660962	167660962	chr6-167660962-INS->177939669>177939671>177939672>177939673>177939674-2	1	3	2	0/1	1	.	PASS	-	-	.	.	.	.	.	.	.	.	0
vg	chr6	167660978	167660978	>175942689>175942695	1	1	0	1|.	1	81.4421	PASS	-	-	.	.	.	.	.	.	.	.	0
pangenie	chr6	167660978	167660978	chr6-167660978-SNV->177939688>177939690>177939694-1	1	1	0	0/1	1	.	PASS	-	-	.	.	.	.	.	.	.	.	0
vg	chr6	167660980	167660980	>175942695>175942698	1	1	0	1|.	1	65.2214	PASS	-	-	.	.	.	.	.	.	.	.	0
pangenie	chr6	167660980	167660980	chr6-167660980-SNV->177939694>177939696>177939697-1	1	1	0	0/1	1	.	PASS	-	-	.	.	.	.	.	.	.	.	0
vg	chr6	167660987	167660987	>175942701>175942704	1	1	0	1|.	1	65.2214	PASS	-	-	.	.	.	.	.	.	.	.	0
pangenie	chr6	167660987	167660987	chr6-167660987-SNV->177939700>177939701>177939704-1	1	1	0	0/1	1	.	PASS	-	-	.	.	.	.	.	.	.	.	0
vg	chr6	167660998	167661012	>175942714>175942721	15	1	-14	1|.	1	83.6936	PASS	-	-	.	.	.	.	.	.	.	.	0
pangenie	chr6	167660998	167661012	chr6-167660998-DEL->177939713>177939723-14	15	1	-14	0/1	1	.	PASS	-	-	.	.	.	.	.	.	.	.	0
truth_stvar	chr6	167661004	167661004	.	1	1	0	1|0	.	.	.	.	.	-	-	no:star_allele	ref	1	.	.	.	0
truth_stvar	chr6	167661004	167661004	.	1	1	0	0|1	.	.	.	.	.	-	-	ref	yes	1	.	.	.	0
truth_smvar	chr6	167661004	167661004	.	1	1,1	0	2|1	.	.	.	.	.	-	-	no:star_allele	no:duplicate_of_stvar	1	.	.	.	0
truth_stvar	chr6	167661012	167661012	.	1	1	0	1|0	.	.	.	.	.	-	-	no:star_allele	ref	1	.	.	.	0
truth_stvar	chr6	167661012	167661012	.	1	1	0	0|1	.	.	.	.	.	-	-	ref	yes	1	.	.	.	0
truth_smvar	chr6	167661012	167661012	.	1	1,1	0	2|1	.	.	.	.	.	-	-	no:star_allele	no:duplicate_of_stvar	1	.	.	.	0
truth_stvar	chr6	167661020	167661326	.	307	1	0	1|0	.	.	.	.	.	-	-	no:star_allele	ref	1	DEL	18	.	0
truth_stvar	chr6	167661020	167661326	.	307	1	306	0|1	.	.	.	.	.	FN	FN	ref	yes	1	DEL	18	.	0
truth_smvar	chr6	167661020	167661326	.	307	1,1	306	2|1	.	.	.	.	.	-	-	no:star_allele	no:duplicate_of_stvar	1	.	18	.	0
vg	chr6	167661020	167661020	>175942727>175942734	1	3	2	1|.	1	67.846	PASS	-	-	.	.	.	.	.	.	.	.	0
pangenie	chr6	167661020	167661020	chr6-167661020-INS->177939731>177939732>177939738-2	1	3	2	0/1	1	.	PASS	-	-	.	.	.	.	.	.	.	.	0
vg	chr6	167661038	167661062	>175942743>175942757	25	1	-24	1|.	1	86.2171	PASS	-	-	.	.	.	.	.	.	.	.	0
pangenie	chr6	167661038	167661062	chr6-167661038-DEL->177939748>177939764-24	25	1	-24	0/1	1	.	PASS	-	-	.	.	.	.	.	.	.	.	0
pangenie	chr6	167661042	167661094	chr6-167661088-DEL->177939776>177939805-52	53	1	-52	0/1	1	.	PASS	FP	-	.	.	.	.	.	.	.	890.12,890.5	0
vg	chr6	167661070	167661072	>175942758>175942764	3	1	-2	1|.	1	84.9861	PASS	-	-	.	.	.	.	.	.	.	.	0
pangenie	chr6	167661070	167661072	chr6-167661070-DEL->177939765>177939771-2	3	1	-2	0/1	1	.	PASS	-	-	.	.	.	.	.	.	.	.	0
vg	chr6	167661088	167661140	>175942769>175942797	53	1	-52	1|.	1	87.7482	PASS	FP	-	.	.	.	.	.	.	.	896.12,896.8	0
pangenie	chr6	167661158	167661184	chr6-167661158-DEL->177939812>177939818-26	27	1	-26	0/1	1	.	PASS	-	-	.	.	.	.	.	.	.	.	0
truth_stvar	chr6	167661192	167661192	.	1	1	0	0|1	.	.	.	.	.	-	-	ref	no:star_allele	1	.	.	.	0
truth_stvar	chr6	167661192	167661192	.	1	1	0	1|0	.	.	.	.	.	-	-	yes	ref	1	.	.	.	0
truth_smvar	chr6	167661192	167661192	.	1	1,1	0	1|2	.	.	.	.	.	-	-	no:duplicate_of_stvar	no:star_allele	1	.	.	.	0
vg	chr6	167661192	167661210	>175942814>175942824	19	1	-18	1|.	1	68.9542	PASS	-	-	.	.	.	.	.	.	.	.	0
pangenie	chr6	167661192	167661210	chr6-167661192-DEL->177939822>177939833-18	19	1	-18	0/1	1	.	PASS	-	-	.	.	.	.	.	.	.	.	0
vg	chr6	167661218	167661242	>175942827>175942832	25	1	-24	1|.	1	86.2171	PASS	-	-	.	.	.	.	.	.	.	.	0
pangenie	chr6	167661218	167661242	chr6-167661218-DEL->177939837>177939845-24	25	1	-24	0/1	1	.	PASS	-	-	.	.	.	.	.	.	.	.	0
truth_stvar	chr6	167661242	167661242	.	1	1	0	0|1	.	.	.	.	.	-	-	ref	no:star_allele	1	.	.	.	0
truth_stvar	chr6	167661242	167661242	.	1	1	0	1|0	.	.	.	.	.	-	-	yes	ref	1	.	.	.	0
truth_smvar	chr6	167661242	167661242	.	1	1,1	0	1|2	.	.	.	.	.	-	-	no:duplicate_of_stvar	no:star_allele	1	.	.	.	0
truth_stvar	chr6	167661244	167661244	.	1	1	0	0|1	.	.	.	.	.	-	-	ref	no:star_allele	1	.	.	.	0
truth_stvar	chr6	167661244	167661244	.	1	1	0	1|0	.	.	.	.	.	-	-	yes	ref	1	.	.	.	0
truth_smvar	chr6	167661244	167661244	.	1	1,1	0	1|2	.	.	.	.	.	-	-	no:duplicate_of_stvar	no:star_allele	1	.	.	.	0
vg	chr6	167661250	167661254	>175942834>175942843	5	1	-4	1|.	1	85.1569	PASS	-	-	.	.	.	.	.	.	.	.	0
pangenie	chr6	167661250	167661254	chr6-167661250-DEL->177939846>177939848>177939855-4	5	1	-4	0/1	1	.	PASS	-	-	.	.	.	.	.	.	.	.	0
truth_stvar	chr6	167661253	167661253	.	1	1	0	0|1	.	.	.	.	.	-	-	ref	no:star_allele	1	.	.	.	0
truth_stvar	chr6	167661253	167661253	.	1	1	0	1|0	.	.	.	.	.	-	-	yes	ref	1	.	.	.	0
truth_smvar	chr6	167661253	167661253	.	1	1,1	0	1|2	.	.	.	.	.	-	-	no:duplicate_of_stvar	no:star_allele	1	.	.	.	0
truth_stvar	chr6	167661254	167661254	.	1	1	0	0|1	.	.	.	.	.	-	-	ref	no:star_allele	1	.	.	.	0
truth_stvar	chr6	167661254	167661254	.	1	1	0	1|0	.	.	.	.	.	-	-	yes	ref	1	.	.	.	0
truth_smvar	chr6	167661254	167661254	.	1	1,1	0	1|2	.	.	.	.	.	-	-	no:duplicate_of_stvar	no:star_allele	1	.	.	.	0
vg	chr6	167661262	167661270	>175942851>175942870	9	1	-8	1|.	1	51.4868	PASS	-	-	.	.	.	.	.	.	.	.	0
pangenie	chr6	167661262	167661270	chr6-167661262-DEL->177939869>177939876-8	9	1	-8	0/1	1	.	PASS	-	-	.	.	.	.	.	.	.	.	0
vg	chr6	167661278	167661278	>175942851>175942870	1	1	0	1|.	1	51.4868	PASS	-	-	.	.	.	.	.	.	.	.	0
pangenie	chr6	167661278	167661278	chr6-167661278-SNV->177939879>177939881>177939883-1	1	1	0	0/1	1	.	PASS	-	-	.	.	.	.	.	.	.	.	0
vg	chr6	167661286	167661334	>175942873>175942902	49	1	-48	1|.	1	70.6578	PASS	-	-	.	.	.	.	.	.	.	.	0
pangenie	chr6	167661286	167661334	chr6-167661286-DEL->177939886>177939888>177939916-48	49	1	-48	0/1	1	.	PASS	-	-	.	.	.	.	.	.	.	.	0
truth_stvar	chr6	167661287	167661289	.	3	1	0	0|1	.	.	.	.	.	-	-	ref	no:star_allele	1	.	.	.	0
truth_stvar	chr6	167661287	167661289	.	3	1	2	1|0	.	.	.	.	.	-	-	yes	ref	1	.	.	.	0
truth_smvar	chr6	167661287	167661289	.	3	1,1	2	1|2	.	.	.	.	.	-	-	no:duplicate_of_stvar	no:star_allele	1	.	.	.	0
truth_stvar	chr6	167661290	167661290	.	1	1	0	0|1	.	.	.	.	.	-	-	ref	no:star_allele	1	.	.	.	0
truth_stvar	chr6	167661290	167661290	.	1	1	0	1|0	.	.	.	.	.	-	-	yes	ref	1	.	.	.	0
truth_smvar	chr6	167661290	167661290	.	1	1,1	0	1|2	.	.	.	.	.	-	-	no:duplicate_of_stvar	no:star_allele	1	.	.	.	0
truth_stvar	chr6	167661314	167661314	.	1	1	0	0|1	.	.	.	.	.	-	-	ref	no:star_allele	1	.	.	.	0
truth_stvar	chr6	167661314	167661314	.	1	1	0	1|0	.	.	.	.	.	-	-	yes	ref	1	.	.	.	0
truth_smvar	chr6	167661314	167661314	.	1	1,1	0	1|2	.	.	.	.	.	-	-	no:duplicate_of_stvar	no:star_allele	1	.	.	.	0
truth_stvar	chr6	167661316	167661316	.	1	1	0	0|1	.	.	.	.	.	-	-	ref	no:star_allele	1	.	.	.	0
truth_stvar	chr6	167661316	167661316	.	1	1	0	1|0	.	.	.	.	.	-	-	yes	ref	1	.	.	.	0
truth_smvar	chr6	167661316	167661316	.	1	1,1	0	1|2	.	.	.	.	.	-	-	no:duplicate_of_stvar	no:star_allele	1	.	.	.	0
truth_stvar	chr6	167661325	167661325	.	1	1	0	0|1	.	.	.	.	.	-	-	ref	no:star_allele	1	.	.	.	0
truth_stvar	chr6	167661325	167661325	.	1	1	0	1|0	.	.	.	.	.	-	-	yes	ref	1	.	.	.	0
truth_smvar	chr6	167661325	167661325	.	1	1,1	0	1|2	.	.	.	.	.	-	-	no:duplicate_of_stvar	no:star_allele	1	.	.	.	0
truth_stvar	chr6	167661326	167661326	.	1	1	0	0|1	.	.	.	.	.	-	-	ref	no:star_allele	1	.	.	.	0
truth_stvar	chr6	167661326	167661326	.	1	1	0	1|0	.	.	.	.	.	-	-	yes	ref	1	.	.	.	0
truth_smvar	chr6	167661326	167661326	.	1	1,1	0	1|2	.	.	.	.	.	-	-	no:duplicate_of_stvar	no:star_allele	1	.	.	.	0
truth_stvar	chr6	167661334	167661334	.	1	1	0	0|1	.	.	.	.	.	-	-	ref	yes	1	.	.	.	0
truth_smvar	chr6	167661334	167661334	.	1	1	0	0|1	.	.	.	.	.	-	-	ref	no:duplicate_of_stvar	1	.	.	.	0
truth_stvar	chr6	167661360	167661360	.	1	1	0	1|0	.	.	.	.	.	-	-	yes	ref	1	.	.	.	0
truth_smvar	chr6	167661360	167661360	.	1	1	0	1|0	.	.	.	.	.	-	-	no:duplicate_of_stvar	ref	1	.	.	.	0
truth_stvar	chr6	167661362	167661362	.	1	1	0	1|0	.	.	.	.	.	-	-	yes	ref	1	.	.	.	0
truth_smvar	chr6	167661362	167661362	.	1	1	0	1|0	.	.	.	.	.	-	-	no:duplicate_of_stvar	ref	1	.	.	.	0
truth_stvar	chr6	167661374	167661376	.	3	1	2	1|0	.	.	.	.	.	-	-	yes	ref	1	.	.	.	0
truth_smvar	chr6	167661374	167661376	.	3	1	2	1|0	.	.	.	.	.	-	-	no:duplicate_of_stvar	ref	1	.	.	.	0
truth_stvar	chr6	167661390	167661390	.	1	3	2	1|0	.	.	.	.	.	-	-	yes	ref	1	.	.	.	0
truth_smvar	chr6	167661390	167661390	.	1	3	2	1|0	.	.	.	.	.	-	-	no:duplicate_of_stvar	ref	1	.	.	.	0
truth_stvar	chr6	167661411	167661411	.	1	1	0	0|1	.	.	.	.	.	-	-	ref	yes	1	.	.	.	0
truth_smvar	chr6	167661411	167661411	.	1	1	0	0|1	.	.	.	.	.	-	-	ref	no:duplicate_of_stvar	1	.	.	.	0
vg	chr6	167661411	167661411	>175942927>175942930	1	1	0	1|0	1	51.3414	PASS	-	-	.	.	.	.	.	.	.	.	0
pangenie	chr6	167661411	167661411	chr6-167661411-SNV->177939949>177939951>177939952-1	1	1	0	0/1	1	.	PASS	-	-	.	.	.	.	.	.	.	.	0
truth_stvar	chr6	167661427	167661427	.	1	1	0	1|0	.	.	.	.	.	-	-	yes	ref	1	.	.	.	0
truth_smvar	chr6	167661427	167661427	.	1	1	0	1|0	.	.	.	.	.	-	-	no:duplicate_of_stvar	ref	1	.	.	.	0
vg	chr6	167661427	167661427	>175942956>175942960	1	1	0	0|1	1	3.04314	PASS	-	-	.	.	.	.	.	.	.	.	0
pangenie	chr6	167661427	167661427	chr6-167661427-SNV->177939976>177939978>177939979-1	1	1	0	1/0	1	.	PASS	-	-	.	.	.	.	.	.	.	.	0
truth_stvar	chr6	167661442	167661442	.	1	3	2	1|0	.	.	.	.	.	-	-	yes	ref	1	.	.	.	0
truth_smvar	chr6	167661442	167661442	.	1	3	2	1|0	.	.	.	.	.	-	-	no:duplicate_of_stvar	ref	1	.	.	.	0
vg	chr6	167661442	167661442	>175942972>175942975	1	3	2	0|1	1	9.82038	PASS	-	-	.	.	.	.	.	.	.	.	0
pangenie	chr6	167661442	167661442	chr6-167661442-INS->177939987>177939988>177939989>177939990-2	1	3	2	1/0	1	.	PASS	-	-	.	.	.	.	.	.	.	.	0
truth_stvar	chr6	167661470	167661470	.	1	41	40	0|1	.	.	.	.	.	-	-	ref	yes	1	INS	18	.	0
truth_smvar	chr6	167661470	167661470	.	1	41	40	0|1	.	.	.	.	.	-	-	ref	no:duplicate_of_stvar	1	.	18	.	0
vg	chr6	167661478	167661478	>175942991>175942997	1	11	10	1|0	1	82.5948	PASS	-	-	.	.	.	.	.	.	.	.	0
pangenie	chr6	167661478	167661478	chr6-167661478-INS->177940014>177940015>177940016>177940017>177940019>177940020-10	1	11	10	0/1	1	.	PASS	-	-	.	.	.	.	.	.	.	.	0
truth_stvar	chr6	167661498	167661498	.	1	1	0	0|1	.	.	.	.	.	-	-	ref	yes	1	.	.	.	0
truth_smvar	chr6	167661498	167661498	.	1	1	0	0|1	.	.	.	.	.	-	-	ref	no:duplicate_of_stvar	1	.	.	.	0
vg	chr6	167661498	167661498	>175943009>175943012	1	3	2	1|0	1	101.145	PASS	-	-	.	.	.	.	.	.	.	.	0
pangenie	chr6	167661498	167661498	chr6-167661498-INS->177940030>177940031>177940035>177940036-2	1	3	2	0/1	1	.	PASS	-	-	.	.	.	.	.	.	.	.	0
vg	chr6	167661506	167661506	>175943014>175943017	1	1	0	1|0	1	99.9485	PASS	-	-	.	.	.	.	.	.	.	.	0
pangenie	chr6	167661506	167661506	chr6-167661506-SNV->177940038>177940040>177940041-1	1	1	0	0/1	1	.	PASS	-	-	.	.	.	.	.	.	.	.	0
vg	chr6	167661511	167661511	>175943017>175943020	1	1	0	1|0	1	100.217	PASS	-	-	.	.	.	.	.	.	.	.	0
pangenie	chr6	167661511	167661511	chr6-167661511-SNV->177940041>177940043>177940044-1	1	1	0	0/1	1	.	PASS	-	-	.	.	.	.	.	.	.	.	0
vg	chr6	167661513	167661513	>175943020>175943025	1	1	0	1|0	1	98.8262	PASS	-	-	.	.	.	.	.	.	.	.	0
pangenie	chr6	167661513	167661513	chr6-167661513-SNV->177940044>177940046>177940048-1	1	1	0	0/1	1	.	PASS	-	-	.	.	.	.	.	.	.	.	0
vg	chr6	167661516	167661516	>175943025>175943032	1	1	0	1|0	1	100.348	PASS	-	-	.	.	.	.	.	.	.	.	0
pangenie	chr6	167661516	167661516	chr6-167661516-SNV->177940048>177940050>177940052-1	1	1	0	0/1	1	.	PASS	-	-	.	.	.	.	.	.	.	.	0
truth_stvar	chr6	167661524	167661524	.	1	29	28	1|0	.	.	.	.	.	-	-	yes	ref	1	INS	18	.	0
truth_smvar	chr6	167661524	167661524	.	1	29	28	1|0	.	.	.	.	.	-	-	no:duplicate_of_stvar	ref	1	.	18	.	0
truth_stvar	chr6	167661526	167661526	.	1	1	0	1|0	.	.	.	.	.	-	-	yes	ref	1	.	.	.	0
truth_smvar	chr6	167661526	167661526	.	1	1	0	1|0	.	.	.	.	.	-	-	no:duplicate_of_stvar	ref	1	.	.	.	0
vg	chr6	167661526	167661526	>175943034>175943039	1	1	0	2|1	1	113.426	PASS	-	-	.	.	.	.	.	.	.	.	0
vg	chr6	167661526	167661526	>175943034>175943039	1	1	0	2|1	1	113.426	PASS	-	-	.	.	.	.	.	.	.	.	0
pangenie	chr6	167661526	167661526	chr6-167661526-SNV->177940058>177940060>177940062-1	1	1	0	0/1	1	.	PASS	-	-	.	.	.	.	.	.	.	.	0
pangenie	chr6	167661526	167661526	chr6-167661526-SNV->177940058>177940061>177940062-1	1	1	0	1/0	1	.	PASS	-	-	.	.	.	.	.	.	.	.	0
truth_stvar	chr6	167661541	167661541	.	1	1	0	0|1	.	.	.	.	.	-	-	ref	yes	1	.	.	.	0
truth_smvar	chr6	167661541	167661541	.	1	1	0	0|1	.	.	.	.	.	-	-	ref	no:duplicate_of_stvar	1	.	.	.	0
vg	chr6	167661541	167661541	>175943051>175943054	1	1	0	1|0	1	84.6088	PASS	-	-	.	.	.	.	.	.	.	.	0
pangenie	chr6	167661541	167661541	chr6-167661541-SNV->177940073>177940075>177940076-1	1	1	0	0/1	1	.	PASS	-	-	.	.	.	.	.	.	.	.	0
vg	chr6	167661546	167661546	>175943057>175943061	1	1	0	0|1	1	0.840166	PASS	-	-	.	.	.	.	.	.	.	.	0
pangenie	chr6	167661546	167661546	chr6-167661546-SNV->177940082>177940084>177940085-1	1	1	0	1/0	1	.	PASS	-	-	.	.	.	.	.	.	.	.	0
vg	chr6	167661547	167661657	>175943061>175943185	111	1	-110	1|0	1	142.666	PASS	TP	-	.	.	.	.	.	.	.	896.9,896.9	0
pangenie	chr6	167661552	167661552	chr6-167661552-SNV->177940088>177940090>177940091-1	1	1	0	0/1	1	.	PASS	-	-	.	.	.	.	.	.	.	.	0
vg	chr6	167661554	167661554	>175943069>175943076	1	19	18	.|1	1	14.2509	PASS	-	-	.	.	.	.	.	.	.	.	0
pangenie	chr6	167661554	167661554	chr6-167661554-INS->177940091>177940093>177940094>177940095>177940097>177940098>177940100>177940101>177940102-18	1	19	18	0/1	1	.	PASS	-	-	.	.	.	.	.	.	.	.	0
pangenie	chr6	167661554	167661554	chr6-167661554-INS->177940092>177940094>177940095>177940097>177940098>177940099>177940101>177940102-18	1	19	18	1/0	1	.	PASS	-	-	.	.	.	.	.	.	.	.	0
pangenie	chr6	167661564	167661572	chr6-167661564-DEL->177940106>177940118-8	9	1	-8	0/1	1	.	PASS	-	-	.	.	.	.	.	.	.	.	0
truth_stvar	chr6	167661572	167661848	.	277	1	276	0|1	.	.	.	.	.	FN	FN	ref	yes	1	DEL	18	.	0
truth_smvar	chr6	167661572	167661848	.	277	1	276	0|1	.	.	.	.	.	-	-	ref	no:duplicate_of_stvar	1	.	18	.	0
vg	chr6	167661572	167661572	>175943081>175943092	1	21	20	.|1	1	16.9287	PASS	-	-	.	.	.	.	.	.	.	.	0
pangenie	chr6	167661572	167661572	chr6-167661572-INS->177940108>177940110>177940111>177940117>177940118-20	1	21	20	1/0	1	.	PASS	-	-	.	.	.	.	.	.	.	.	0
pangenie	chr6	167661572	167661592	chr6-167661582-DEL->177940124>177940156-20	21	1	-20	0/1	1	.	PASS	-	-	.	.	.	.	.	.	.	.	0
vg	chr6	167661598	167661598	>175943103>175943110	1	9	8	.|1	1	14.6543	PASS	-	-	.	.	.	.	.	.	.	.	0
pangenie	chr6	167661598	167661598	chr6-167661598-INS->177940131>177940132>177940133>177940135>177940136>177940138-8	1	9	8	1/0	1	.	PASS	-	-	.	.	.	.	.	.	.	.	0
vg	chr6	167661610	167661610	>175943136>175943138	1	3	2	.|1	1	16.9636	PASS	-	-	.	.	.	.	.	.	.	.	0
pangenie	chr6	167661610	167661610	chr6-167661610-INS->177940164>177940165>177940166-2	1	3	2	1/0	1	.	PASS	-	-	.	.	.	.	.	.	.	.	0
truth_stvar	chr6	167661616	167661616	.	1	1	0	0|1	.	.	.	.	.	-	-	ref	no:star_allele	1	.	.	.	0
truth_stvar	chr6	167661616	167661616	.	1	1	0	1|0	.	.	.	.	.	-	-	yes	ref	1	.	.	.	0
truth_smvar	chr6	167661616	167661616	.	1	1,1	0	1|2	.	.	.	.	.	-	-	no:duplicate_of_stvar	no:star_allele	1	.	.	.	0
pangenie	chr6	167661620	167661620	chr6-167661628-INS->177940174>177940175>177940176>177940177-8	1	9	8	1/0	1	.	PASS	-	-	.	.	.	.	.	.	.	.	0
vg	chr6	167661628	167661628	>175943147>175943159	1	9	8	.|1	1	31.5352	PASS	-	-	.	.	.	.	.	.	.	.	0
pangenie	chr6	167661636	167661636	chr6-167661636-SNV->177940180>177940182>177940183-1	1	1	0	0/1	1	.	PASS	-	-	.	.	.	.	.	.	.	.	0
pangenie	chr6	167661638	167661638	chr6-167661638-SNV->177940183>177940185>177940186-1	1	1	0	0/1	1	.	PASS	-	-	.	.	.	.	.	.	.	.	0
pangenie	chr6	167661646	167661646	chr6-167661646-SNV->177940188>177940190>177940191-1	1	1	0	0/1	1	.	PASS	-	-	.	.	.	.	.	.	.	.	0
pangenie	chr6	167661648	167661648	chr6-167661648-SNV->177940191>177940193>177940195-1	1	1	0	0/1	1	.	PASS	-	-	.	.	.	.	.	.	.	.	0
pangenie	chr6	167661650	167661650	chr6-167661650-SNV->177940195>177940197>177940198-1	1	1	0	0/1	1	.	PASS	-	-	.	.	.	.	.	.	.	.	0
vg	chr6	167661656	167661656	>175943173>175943182	1	3	2	.|1	1	63.88	PASS	-	-	.	.	.	.	.	.	.	.	0
pangenie	chr6	167661656	167661656	chr6-167661656-INS->177940203>177940204>177940213-2	1	3	2	1/1	1	.	PASS	-	-	.	.	.	.	.	.	.	.	0
truth_stvar	chr6	167661658	167661664	.	7	1	0	0|1	.	.	.	.	.	-	-	ref	no:star_allele	1	.	.	.	0
truth_stvar	chr6	167661658	167661664	.	7	1	6	1|0	.	.	.	.	.	-	-	yes	ref	1	.	.	.	0
truth_smvar	chr6	167661658	167661664	.	7	1,1	6	1|2	.	.	.	.	.	-	-	no:duplicate_of_stvar	no:star_allele	1	.	.	.	0
vg	chr6	167661674	167661682	>175943199>175943207	9	1	-8	1|1	1	145.278	PASS	-	-	.	.	.	.	.	.	.	.	0
pangenie	chr6	167661674	167661682	chr6-167661674-DEL->177940225>177940231-8	9	1	-8	1/1	1	.	PASS	-	-	.	.	.	.	.	.	.	.	0
pangenie	chr6	167661684	167661684	chr6-167661684-SNV->177940231>177940233>177940234-1	1	1	0	0/1	1	.	PASS	-	-	.	.	.	.	.	.	.	.	0
vg	chr6	167661687	167661687	>175943207>175943210	1	1	0	1|0	1	54.4289	PASS	-	-	.	.	.	.	.	.	.	.	0
pangenie	chr6	167661690	167661690	chr6-167661690-INS->177940240>177940242>177940243-2	1	3	2	0/1	1	.	PASS	-	-	.	.	.	.	.	.	.	.	0
truth_stvar	chr6	167661698	167661698	.	1	1	0	0|1	.	.	.	.	.	-	-	ref	no:star_allele	1	.	.	.	0
truth_stvar	chr6	167661698	167661698	.	1	1	0	1|0	.	.	.	.	.	-	-	yes	ref	1	.	.	.	0
truth_smvar	chr6	167661698	167661698	.	1	1,1	0	1|2	.	.	.	.	.	-	-	no:duplicate_of_stvar	no:star_allele	1	.	.	.	0
pangenie	chr6	167661698	167661700	chr6-167661698-DEL->177940247>177940251-2	3	1	-2	0/1	1	.	PASS	-	-	.	.	.	.	.	.	.	.	0
truth_stvar	chr6	167661700	167661700	.	1	1	0	0|1	.	.	.	.	.	-	-	ref	no:star_allele	1	.	.	.	0
truth_stvar	chr6	167661700	167661700	.	1	1	0	1|0	.	.	.	.	.	-	-	yes	ref	1	.	.	.	0
truth_smvar	chr6	167661700	167661700	.	1	1,1	0	1|2	.	.	.	.	.	-	-	no:duplicate_of_stvar	no:star_allele	1	.	.	.	0
pangenie	chr6	167661708	167661710	chr6-167661708-DEL->177940251>177940255-2	3	1	-2	0/1	1	.	PASS	-	-	.	.	.	.	.	.	.	.	0
pangenie	chr6	167661712	167661718	chr6-167661712-DEL->177940255>177940265-6	7	1	-6	0/1	1	.	PASS	-	-	.	.	.	.	.	.	.	.	0
vg	chr6	167661718	167661718	>175943237>175943242	1	11	10	1|0	1	44.4371	PASS	-	-	.	.	.	.	.	.	.	.	0
pangenie	chr6	167661718	167661776	chr6-167661726-DEL->177940273>177940309-58	59	1	-58	0/1	1	.	PASS	FP	-	.	.	.	.	.	.	.	890.8,890.6	0
vg	chr6	167661726	167661784	>175943249>175943282	59	1	-58	1|0	1	94.4701	PASS	FP	-	.	.	.	.	.	.	.	896.8,896.10	0
vg	chr6	167661736	167661738	>175943252>175943254	3	1	-2	.|1	1	48.2964	PASS	-	-	.	.	.	.	.	.	.	.	0
pangenie	chr6	167661736	167661738	chr6-167661736-DEL->177940276>177940278-2	3	1	-2	1/0	1	.	PASS	-	-	.	.	.	.	.	.	.	.	0
vg	chr6	167661746	167661746	>175943258>175943262	1	3	2	.|1	1	48.3218	PASS	-	-	.	.	.	.	.	.	.	.	0
pangenie	chr6	167661746	167661746	chr6-167661746-INS->177940282>177940283>177940284>177940286-2	1	3	2	1/0	1	.	PASS	-	-	.	.	.	.	.	.	.	.	0
truth_stvar	chr6	167661756	167661756	.	1	1	0	0|1	.	.	.	.	.	-	-	ref	no:star_allele	1	.	.	.	0
truth_stvar	chr6	167661756	167661756	.	1	9	8	1|0	.	.	.	.	.	-	-	yes	ref	1	.	.	.	0
truth_smvar	chr6	167661756	167661756	.	1	9,1	8	1|2	.	.	.	.	.	-	-	no:duplicate_of_stvar	no:star_allele	1	.	.	.	0
vg	chr6	167661772	167661772	>175943271>175943278	1	1	0	.|1	1	31.3487	PASS	-	-	.	.	.	.	.	.	.	.	0
pangenie	chr6	167661772	167661772	chr6-167661772-SNV->177940297>177940299>177940300-1	1	1	0	1/0	1	.	PASS	-	-	.	.	.	.	.	.	.	.	0
pangenie	chr6	167661772	167661774	chr6-167661773-DEL->177940300>177940305-2	3	1	-2	1/0	1	.	PASS	-	-	.	.	.	.	.	.	.	.	0
vg	chr6	167661773	167661775	>175943271>175943278	3	1	-2	.|1	1	31.3487	PASS	-	-	.	.	.	.	.	.	.	.	0
vg	chr6	167661792	167661830	>175943285>175943318	39	1	-38	1|0	1	68.6141	PASS	-	-	.	.	.	.	.	.	.	.	0
pangenie	chr6	167661792	167661830	chr6-167661792-DEL->177940312>177940343-38	39	1	-38	0/1	1	.	PASS	-	-	.	.	.	.	.	.	.	.	0
truth_stvar	chr6	167661804	167661804	.	1	1	0	0|1	.	.	.	.	.	-	-	ref	no:star_allele	1	.	.	.	0
truth_stvar	chr6	167661804	167661804	.	1	1	0	1|0	.	.	.	.	.	-	-	yes	ref	1	.	.	.	0
truth_smvar	chr6	167661804	167661804	.	1	1,1	0	1|2	.	.	.	.	.	-	-	no:duplicate_of_stvar	no:star_allele	1	.	.	.	0
vg	chr6	167661804	167661804	>175943300>175943303	1	1	0	.|1	1	19.1415	PASS	-	-	.	.	.	.	.	.	.	.	0
pangenie	chr6	167661804	167661804	chr6-167661804-SNV->177940324>177940326>177940327-1	1	1	0	1/0	1	.	PASS	-	-	.	.	.	.	.	.	.	.	0
vg	chr6	167661818	167661818	>175943304>175943307	1	1	0	.|1	1	5.61249	PASS	-	-	.	.	.	.	.	.	.	.	0
pangenie	chr6	167661818	167661818	chr6-167661818-SNV->177940328>177940330>177940331-1	1	1	0	1/0	1	.	PASS	-	-	.	.	.	.	.	.	.	.	0
truth_stvar	chr6	167661820	167661820	.	1	1	0	0|1	.	.	.	.	.	-	-	ref	no:star_allele	1	.	.	.	0
truth_stvar	chr6	167661820	167661820	.	1	57	56	1|0	.	.	.	.	.	FN	FN	yes	ref	1	INS	18	.	0
truth_smvar	chr6	167661820	167661820	.	1	57,1	56	1|2	.	.	.	.	.	-	-	no:duplicate_of_stvar	no:star_allele	1	.	18	.	0
vg	chr6	167661820	167661820	>175943307>175943310	1	1	0	.|1	1	5.61249	PASS	-	-	.	.	.	.	.	.	.	.	0
pangenie	chr6	167661820	167661820	chr6-167661820-SNV->177940331>177940333>177940334-1	1	1	0	1/0	1	.	PASS	-	-	.	.	.	.	.	.	.	.	0
truth_stvar	chr6	167661822	167661822	.	1	1	0	0|1	.	.	.	.	.	-	-	ref	no:star_allele	1	.	.	.	0
truth_stvar	chr6	167661822	167661822	.	1	1	0	1|0	.	.	.	.	.	-	-	yes	ref	1	.	.	.	0
truth_smvar	chr6	167661822	167661822	.	1	1,1	0	1|2	.	.	.	.	.	-	-	no:duplicate_of_stvar	no:star_allele	1	.	.	.	0
vg	chr6	167661822	167661822	>175943310>175943314	1	1	0	.|1	1	5.61249	PASS	-	-	.	.	.	.	.	.	.	.	0
pangenie	chr6	167661822	167661822	chr6-167661822-SNV->177940334>177940338>177940339-1	1	1	0	1/0	1	.	PASS	-	-	.	.	.	.	.	.	.	.	0
vg	chr6	167661832	167661838	>175943319>175943322	7	1	-6	1|0	1	48.8005	PASS	-	-	.	.	.	.	.	.	.	.	0
pangenie	chr6	167661838	167661908	chr6-167661838-DEL->177940345>177940411-70	71	1	-70	0/1	1	.	PASS	TP	-	.	.	.	.	.	.	.	890.9,890.7	0
vg	chr6	167661850	167661850	>175943327>175943331	1	1	0	1|0	1	47.9212	PASS	-	-	.	.	.	.	.	.	.	.	0
truth_stvar	chr6	167661864	167661864	.	1	1	0	1|0	.	.	.	.	.	-	-	yes	ref	1	.	.	.	0
truth_smvar	chr6	167661864	167661864	.	1	1	0	1|0	.	.	.	.	.	-	-	no:duplicate_of_stvar	ref	1	.	.	.	0
truth_stvar	chr6	167661866	167661866	.	1	1	0	1|0	.	.	.	.	.	-	-	yes	ref	1	.	.	.	0
truth_smvar	chr6	167661866	167661866	.	1	1	0	1|0	.	.	.	.	.	-	-	no:duplicate_of_stvar	ref	1	.	.	.	0
vg	chr6	167661866	167661876	>175943341>175943355	11	1	-10	0|1	1	32.0344	PASS	-	-	.	.	.	.	.	.	.	.	0
pangenie	chr6	167661866	167661876	chr6-167661866-DEL->177940363>177940377-10	11	1	-10	1/0	1	.	PASS	-	-	.	.	.	.	.	.	.	.	0
vg	chr6	167661878	167661878	>175943355>175943358	1	1	0	1|0	1	0.039591	PASS	-	-	.	.	.	.	.	.	.	.	0
vg	chr6	167661884	167661884	>175943359>175943364	1	1	0	0|1	1	46.568	PASS	-	-	.	.	.	.	.	.	.	.	0
pangenie	chr6	167661884	167661884	chr6-167661884-SNV->177940381>177940383>177940386-1	1	1	0	1/0	1	.	PASS	-	-	.	.	.	.	.	.	.	.	0
vg	chr6	167661886	167661886	>175943364>175943367	1	1	0	0|1	1	45.045	PASS	-	-	.	.	.	.	.	.	.	.	0
pangenie	chr6	167661886	167661886	chr6-167661886-SNV->177940386>177940388>177940389-1	1	1	0	1/0	1	.	PASS	-	-	.	.	.	.	.	.	.	.	0
truth_stvar	chr6	167661888	167661888	.	1	1	0	0|1	.	.	.	.	.	-	-	ref	yes	1	.	.	.	0
truth_smvar	chr6	167661888	167661888	.	1	1	0	0|1	.	.	.	.	.	-	-	ref	no:duplicate_of_stvar	1	.	.	.	0
vg	chr6	167661894	167661894	>175943368>175943381	1	21	20	0|1	1	58.209	PASS	-	-	.	.	.	.	.	.	.	.	0
pangenie	chr6	167661894	167661894	chr6-167661894-INS->177940389>177940390>177940391>177940393>177940394>177940396>177940399>177940400-20	1	21	20	1/0	1	.	PASS	-	-	.	.	.	.	.	.	.	.	0
truth_stvar	chr6	167661902	167661902	.	1	1	0	0|1	.	.	.	.	.	-	-	ref	yes	1	.	.	.	0
truth_smvar	chr6	167661902	167661902	.	1	1	0	0|1	.	.	.	.	.	-	-	ref	no:duplicate_of_stvar	1	.	.	.	0
truth_stvar	chr6	167661904	167661904	.	1	1	0	0|1	.	.	.	.	.	-	-	ref	yes	1	.	.	.	0
truth_smvar	chr6	167661904	167661904	.	1	1	0	0|1	.	.	.	.	.	-	-	ref	no:duplicate_of_stvar	1	.	.	.	0
pangenie	chr6	167661910	167661922	chr6-167661910-DEL->177940411>177940422-12	13	1	-12	0/1	1	.	PASS	-	-	.	.	.	.	.	.	.	.	0
vg	chr6	167661912	167661942	>175942481>175943424	31	1	-30	1|0	1	426.036	PASS	-	-	.	.	.	.	.	.	.	.	0
truth_stvar	chr6	167661917	167661917	.	1	1	0	1|0	.	.	.	.	.	-	-	yes	ref	1	.	.	.	0
truth_smvar	chr6	167661917	167661917	.	1	1	0	1|0	.	.	.	.	.	-	-	no:duplicate_of_stvar	ref	1	.	.	.	0
pangenie	chr6	167661930	167661932	chr6-167661930-DEL->177940425>177940429-2	3	1	-2	0/1	1	.	PASS	-	-	.	.	.	.	.	.	.	.	0
vg	chr6	167661945	167661945	>175943424>175943427	1	1	0	0|1	1	68.8914	PASS	-	-	.	.	.	.	.	.	.	.	0
pangenie	chr6	167661945	167661945	chr6-167661945-SNV->177940433>177940435>177940436-1	1	1	0	1/0	1	.	PASS	-	-	.	.	.	.	.	.	.	.	0
vg	chr6	167661950	167661950	>175943427>175943439	1	11	10	0|1	1	70.0607	PASS	-	-	.	.	.	.	.	.	.	.	0
pangenie	chr6	167661950	167661950	chr6-167661950-INS->177940436>177940437>177940439>177940440>177940441>177940442>177940444>177940445>177940447-10	1	11	10	1/0	1	.	PASS	-	-	.	.	.	.	.	.	.	.	0
truth_stvar	chr6	167661966	167661966	.	1	1	0	0|1	.	.	.	.	.	-	-	ref	yes	1	.	.	.	0
truth_smvar	chr6	167661966	167661966	.	1	1	0	0|1	.	.	.	.	.	-	-	ref	no:duplicate_of_stvar	1	.	.	.	0
truth_stvar	chr6	167661968	167661968	.	1	1	0	0|1	.	.	.	.	.	-	-	ref	yes	1	.	.	.	0
truth_smvar	chr6	167661968	167661968	.	1	1	0	0|1	.	.	.	.	.	-	-	ref	no:duplicate_of_stvar	1	.	.	.	0
vg	chr6	167661968	167661976	>175943450>175943463	9	1	-8	1|2	1	107.608	PASS	-	-	.	.	.	.	.	.	.	.	0
vg	chr6	167661968	167661976	>175943450>175943463	9	11	2	1|2	1	107.608	PASS	-	-	.	.	.	.	.	.	.	.	0
pangenie	chr6	167661968	167661968	chr6-167661968-INS->177940460>177940461>177940462-2	1	3	2	0/1	1	.	PASS	-	-	.	.	.	.	.	.	.	.	0
truth_stvar	chr6	167661976	167661986	.	11	1	10	1|0	.	.	.	.	.	-	-	yes	ref	1	.	.	.	0
truth_smvar	chr6	167661976	167661986	.	11	1	10	1|0	.	.	.	.	.	-	-	no:duplicate_of_stvar	ref	1	.	.	.	0
pangenie	chr6	167661976	167661976	chr6-167661976-INS->177940470>177940471>177940477-2	1	3	2	1/0	1	.	PASS	-	-	.	.	.	.	.	.	.	.	0
vg	chr6	167661984	167661986	>175943464>175943467	3	1	-2	0|1	1	71.9586	PASS	-	-	.	.	.	.	.	.	.	.	0
pangenie	chr6	167661984	167661986	chr6-167661984-DEL->177940481>177940485-2	3	1	-2	1/0	1	.	PASS	-	-	.	.	.	.	.	.	.	.	0
pangenie	chr6	167661986	167661986	chr6-167661988-INS->177940485>177940486>177940487>177940488>177940490-8	1	9	8	1/0	1	.	PASS	-	-	.	.	.	.	.	.	.	.	0
vg	chr6	167661994	167662058	>175943467>175943595	65	1	-64	1|2	1	68.5348	PASS	FP	-	.	.	.	.	.	.	.	896.9,896.11	0
vg	chr6	167661994	167662058	>175943467>175943595	65	73	8	1|2	1	68.5348	PASS	-	-	.	.	.	.	.	.	.	.	0
pangenie	chr6	167661996	167662002	chr6-167661996-DEL->177940492>177940494-6	7	1	-6	0/1	1	.	PASS	-	-	.	.	.	.	.	.	.	.	0
truth_stvar	chr6	167662003	167662097	.	95	1	94	0|1	.	.	.	.	.	TP	TP	ref	yes	1	DEL	18	.	0
truth_smvar	chr6	167662003	167662097	.	95	1	94	0|1	.	.	.	.	.	-	-	ref	no:duplicate_of_stvar	1	.	18	.	0
pangenie	chr6	167662010	167662190	chr6-167662010-DEL->177940495>177940499>177940742-180	181	1	-180	0/1	1	.	PASS	FP	-	.	.	.	.	.	.	.	890.2,890.8	0
vg	chr6	167662067	167662077	>175943601>175943618	11	1	-10	1|0	1	0.457552	PASS	-	-	.	.	.	.	.	.	.	.	0
vg	chr6	167662078	167662098	>175943618>175943653	21	1	-20	1|0	1	306.793	PASS	-	-	.	.	.	.	.	.	.	.	0
truth_stvar	chr6	167662088	167662088	.	1	1	0	0|1	.	.	.	.	.	-	-	ref	no:star_allele	1	.	.	.	0
truth_stvar	chr6	167662088	167662088	.	1	9	8	1|0	.	.	.	.	.	-	-	yes	ref	1	.	.	.	0
truth_smvar	chr6	167662088	167662088	.	1	9,1	8	1|2	.	.	.	.	.	-	-	no:duplicate_of_stvar	no:star_allele	1	.	.	.	0
truth_stvar	chr6	167662097	167662097	.	1	1	0	0|1	.	.	.	.	.	-	-	ref	no:star_allele	1	.	.	.	0
truth_stvar	chr6	167662097	167662097	.	1	1	0	1|0	.	.	.	.	.	-	-	yes	ref	1	.	.	.	0
truth_smvar	chr6	167662097	167662097	.	1	1,1	0	1|2	.	.	.	.	.	-	-	no:duplicate_of_stvar	no:star_allele	1	.	.	.	0
vg	chr6	167662097	167662097	>175943623>175943652	1	9	8	.|1	1	306.77	PASS	-	-	.	.	.	.	.	.	.	.	0
pangenie	chr6	167662097	167662097	chr6-167662097-INS->177940638>177940639>177940640>177940661-8	1	9	8	1/0	1	.	PASS	-	-	.	.	.	.	.	.	.	.	0
vg	chr6	167662144	167662200	>175943684>175943738	57	1	-56	1|0	1	12.4275	PASS	FP	-	.	.	.	.	.	.	.	896.8,896.12	0
truth_stvar	chr6	167662168	167662264	.	97	1	96	0|1	.	.	.	.	.	FN	FN	ref	yes	1	DEL	18	.	0
truth_smvar	chr6	167662168	167662264	.	97	1	96	0|1	.	.	.	.	.	-	-	ref	no:duplicate_of_stvar	1	.	18	.	0
pangenie	chr6	167662198	167662200	chr6-167662198-DEL->177940745>177940747-2	3	1	-2	0/1	1	.	PASS	-	-	.	.	.	.	.	.	.	.	0
vg	chr6	167662207	167662207	>175943741>175943744	1	1	0	1|0	1	4.9315	PASS	-	-	.	.	.	.	.	.	.	.	0
pangenie	chr6	167662210	167662216	chr6-167662210-DEL->177940753>177940757-6	7	1	-6	0/1	1	.	PASS	-	-	.	.	.	.	.	.	.	.	0
pangenie	chr6	167662216	167662246	chr6-167662270-DEL->177940810>177940828-30	31	1	-30	0/1	1	.	PASS	-	-	.	.	.	.	.	.	.	.	0
pangenie	chr6	167662222	167662222	chr6-167662224-INS->177940761>177940763>177940766>177940767>177940768>177940770>177940774>177940775>177940777>177940779>177940780>177940781>177940783-28	1	29	28	1/0	1	.	PASS	-	-	.	.	.	.	.	.	.	.	0
pangenie	chr6	167662222	167662234	chr6-167662222-DEL->177940758>177940793>177940795-12	13	1	-12	0/1	1	.	PASS	-	-	.	.	.	.	.	.	.	.	0
vg	chr6	167662224	167662225	>175943751>175943777	2	2	0	1|0	1	299.818	PASS	-	-	.	.	.	.	.	.	.	.	0
vg	chr6	167662224	167662224	>175943752>175943775	1	29	28	.|1	1	291.515	PASS	-	-	.	.	.	.	.	.	.	.	0
vg	chr6	167662233	167662233	>175943778>175943782	1	1	0	1|0	1	11.449	PASS	-	-	.	.	.	.	.	.	.	.	0
vg	chr6	167662236	167662246	>175943787>175943797	11	1	-10	1|0	1	7.59359	PASS	-	-	.	.	.	.	.	.	.	.	0
truth_stvar	chr6	167662242	167662244	.	3	1	0	0|1	.	.	.	.	.	-	-	ref	no:star_allele	1	.	.	.	0
truth_stvar	chr6	167662242	167662244	.	3	1	2	1|0	.	.	.	.	.	-	-	yes	ref	1	.	.	.	0
truth_smvar	chr6	167662242	167662244	.	3	1,1	2	1|2	.	.	.	.	.	-	-	no:duplicate_of_stvar	no:star_allele	1	.	.	.	0
truth_stvar	chr6	167662252	167662252	.	1	1	0	0|1	.	.	.	.	.	-	-	ref	no:star_allele	1	.	.	.	0
truth_stvar	chr6	167662252	167662252	.	1	1	0	1|0	.	.	.	.	.	-	-	yes	ref	1	.	.	.	0
truth_smvar	chr6	167662252	167662252	.	1	1,1	0	1|2	.	.	.	.	.	-	-	no:duplicate_of_stvar	no:star_allele	1	.	.	.	0
vg	chr6	167662270	167662300	>175943806>175943829	31	5	-26	2|1	1	235.743	PASS	-	-	.	.	.	.	.	.	.	.	0
vg	chr6	167662270	167662300	>175943806>175943829	31	1	-30	2|1	1	235.743	PASS	-	-	.	.	.	.	.	.	.	.	0
pangenie	chr6	167662270	167662270	chr6-167662270-SNV->177940809>177940811>177940814-1	1	1	0	1/0	1	.	PASS	-	-	.	.	.	.	.	.	.	.	0
pangenie	chr6	167662274	167662300	chr6-167662274-DEL->177940814>177940828-26	27	1	-26	1/0	1	.	PASS	-	-	.	.	.	.	.	.	.	.	0
truth_stvar	chr6	167662296	167662296	.	1	5	4	1|0	.	.	.	.	.	-	-	yes	ref	1	.	.	.	0
truth_smvar	chr6	167662296	167662296	.	1	5	4	1|0	.	.	.	.	.	-	-	no:duplicate_of_stvar	ref	1	.	.	.	0
truth_stvar	chr6	167662300	167662300	.	1	1	0	1|0	.	.	.	.	.	-	-	yes	ref	1	.	.	.	0
truth_smvar	chr6	167662300	167662300	.	1	1	0	1|0	.	.	.	.	.	-	-	no:duplicate_of_stvar	ref	1	.	.	.	0
truth_stvar	chr6	167662334	167662334	.	1	1	0	1|1	.	.	.	.	.	-	-	yes	yes	1	.	.	.	0
truth_smvar	chr6	167662334	167662334	.	1	1	0	1|1	.	.	.	.	.	-	-	no:duplicate_of_stvar	no:duplicate_of_stvar	1	.	.	.	0
vg	chr6	167662334	167662334	>175943850>175943853	1	1	0	1|1	1	314.501	PASS	-	-	.	.	.	.	.	.	.	.	0
pangenie	chr6	167662334	167662334	chr6-167662334-SNV->177940849>177940851>177940852-1	1	1	0	1/1	1	.	PASS	-	-	.	.	.	.	.	.	.	.	0
pangenie	chr6	167662409	167662409	chr6-167662416-INS->177940914>177940915>177940916>177940918>177940919>177940921>177940933>177940934>177940935>177940936>177940938>177940939>177940941>177940945>177940947>177940948>177940954>177940955>177940956>177940958-46	1	47	46	0/1	1	.	PASS	-	-	.	.	.	.	.	.	.	.	0
vg	chr6	167662413	167662413	>175943913>175943957	1	47	46	1|0	1	28.6228	PASS	-	-	.	.	.	.	.	.	.	.	0
truth_stvar	chr6	167662432	167662432	.	1	7	6	0|1	.	.	.	.	.	-	-	ref	yes	1	.	.	.	0
truth_smvar	chr6	167662432	167662432	.	1	7	6	0|1	.	.	.	.	.	-	-	ref	no:duplicate_of_stvar	1	.	.	.	0
vg	chr6	167662438	167662440	>175943986>175943995	3	1	-2	1|0	1	4.03912	PASS	-	-	.	.	.	.	.	.	.	.	0
pangenie	chr6	167662438	167662440	chr6-167662438-DEL->177940989>177940998-2	3	1	-2	0/1	1	.	PASS	-	-	.	.	.	.	.	.	.	.	0
vg	chr6	167662442	167662442	>175943995>175943999	1	1	0	1|0	1	3.87354	PASS	-	-	.	.	.	.	.	.	.	.	0
pangenie	chr6	167662442	167662442	chr6-167662442-SNV->177940998>177941000>177941002-1	1	1	0	0/1	1	.	PASS	-	-	.	.	.	.	.	.	.	.	0
truth_stvar	chr6	167662448	167662448	.	1	1	0	0|1	.	.	.	.	.	-	-	ref	yes	1	.	.	.	0
truth_smvar	chr6	167662448	167662448	.	1	1	0	0|1	.	.	.	.	.	-	-	ref	no:duplicate_of_stvar	1	.	.	.	0
vg	chr6	167662448	167662448	>175943999>175944003	1	1	0	1|0	1	5.72017	PASS	-	-	.	.	.	.	.	.	.	.	0
pangenie	chr6	167662448	167662448	chr6-167662448-SNV->177941002>177941004>177941006-1	1	1	0	0/1	1	.	PASS	-	-	.	.	.	.	.	.	.	.	0
vg	chr6	167662450	167662452	>175944006>175944023	3	1	-2	1|0	1	6.09408	PASS	-	-	.	.	.	.	.	.	.	.	0
pangenie	chr6	167662450	167662452	chr6-167662450-DEL->177941009>177941026-2	3	1	-2	0/1	1	.	PASS	-	-	.	.	.	.	.	.	.	.	0
vg	chr6	167662460	167662462	>175944028>175944032	3	1	-2	1|0	1	21.8201	PASS	-	-	.	.	.	.	.	.	.	.	0
pangenie	chr6	167662460	167662462	chr6-167662460-DEL->177941031>177941035-2	3	1	-2	0/1	1	.	PASS	-	-	.	.	.	.	.	.	.	.	0
vg	chr6	167662464	167662468	>175944032>175944038	5	1	-4	1|0	1	16.4396	PASS	-	-	.	.	.	.	.	.	.	.	0
pangenie	chr6	167662464	167662468	chr6-167662464-DEL->177941035>177941041-4	5	1	-4	0/1	1	.	PASS	-	-	.	.	.	.	.	.	.	.	0
vg	chr6	167662470	167662470	>175944039>175944043	1	7	6	1|0	1	75.2007	PASS	-	-	.	.	.	.	.	.	.	.	0
pangenie	chr6	167662470	167662470	chr6-167662470-INS->177941042>177941043>177941045>177941046-6	1	7	6	0/1	1	.	PASS	-	-	.	.	.	.	.	.	.	.	0
truth_stvar	chr6	167662478	167662478	.	1	1	0	1|1	.	.	.	.	.	-	-	yes	yes	1	.	.	.	0
truth_smvar	chr6	167662478	167662478	.	1	1	0	1|1	.	.	.	.	.	-	-	no:duplicate_of_stvar	no:duplicate_of_stvar	1	.	.	.	0
vg	chr6	167662478	167662478	>175944046>175944050	1	1	0	1|1	1	245.984	PASS	-	-	.	.	.	.	.	.	.	.	0
pangenie	chr6	167662478	167662478	chr6-167662478-SNV->177941049>177941051>177941053-1	1	1	0	1/1	1	.	PASS	-	-	.	.	.	.	.	.	.	.	0
vg	chr6	167662480	167662480	>175944050>175944053	1	1	0	1|0	1	74.3909	PASS	-	-	.	.	.	.	.	.	.	.	0
pangenie	chr6	167662480	167662480	chr6-167662480-SNV->177941053>177941055>177941056-1	1	1	0	0/1	1	.	PASS	-	-	.	.	.	.	.	.	.	.	0
truth_stvar	chr6	167662482	167662482	.	1	7	6	0|1	.	.	.	.	.	-	-	ref	yes	1	.	.	.	0
truth_smvar	chr6	167662482	167662482	.	1	7	6	0|1	.	.	.	.	.	-	-	ref	no:duplicate_of_stvar	1	.	.	.	0
vg	chr6	167662486	167662486	>175944054>175944057	1	1	0	1|0	1	72.1599	PASS	-	-	.	.	.	.	.	.	.	.	0
pangenie	chr6	167662486	167662486	chr6-167662486-SNV->177941057>177941059>177941060-1	1	1	0	0/1	1	.	PASS	-	-	.	.	.	.	.	.	.	.	0
vg	chr6	167662488	167662488	>175944057>175944060	1	1	0	1|0	1	72.1599	PASS	-	-	.	.	.	.	.	.	.	.	0
pangenie	chr6	167662488	167662488	chr6-167662488-SNV->177941060>177941062>177941063-1	1	1	0	0/1	1	.	PASS	-	-	.	.	.	.	.	.	.	.	0
vg	chr6	167662500	167662500	>175944072>175944076	1	1	0	1|0	1	70.9078	PASS	-	-	.	.	.	.	.	.	.	.	0
pangenie	chr6	167662500	167662500	chr6-167662500-SNV->177941076>177941079>177941080-1	1	1	0	0/1	1	.	PASS	-	-	.	.	.	.	.	.	.	.	0
vg	chr6	167662516	167662516	>175944081>175944084	1	1	0	1|0	1	74.3786	PASS	-	-	.	.	.	.	.	.	.	.	0
pangenie	chr6	167662516	167662516	chr6-167662516-SNV->177941086>177941088>177941089-1	1	1	0	0/1	1	.	PASS	-	-	.	.	.	.	.	.	.	.	0
vg	chr6	167662518	167662518	>175944084>175944088	1	1	0	1|0	1	72.1599	PASS	-	-	.	.	.	.	.	.	.	.	0
pangenie	chr6	167662518	167662518	chr6-167662518-SNV->177941089>177941092>177941093-1	1	1	0	0/1	1	.	PASS	-	-	.	.	.	.	.	.	.	.	0
pangenie	chr6	167662520	167662522	chr6-167662520-DEL->177941093>177941100-2	3	1	-2	0/1	1	.	PASS	-	-	.	.	.	.	.	.	.	.	0
vg	chr6	167662528	167662548	>175944088>175944109	21	1	-20	1|2	1	206.257	PASS	-	-	.	.	.	.	.	.	.	.	0
vg	chr6	167662528	167662548	>175944088>175944109	21	31	10	1|2	1	206.257	PASS	-	-	.	.	.	.	.	.	.	.	0
pangenie	chr6	167662530	167662530	chr6-167662530-INS->177941094>177941095>177941096>177941098>177941099>177941103-18	1	19	18	1/0	1	.	PASS	-	-	.	.	.	.	.	.	.	.	0
truth_stvar	chr6	167662534	167662548	.	15	1	14	0|1	.	.	.	.	.	-	-	ref	yes	1	.	.	.	0
truth_smvar	chr6	167662534	167662548	.	15	1	14	0|1	.	.	.	.	.	-	-	ref	no:duplicate_of_stvar	1	.	.	.	0
pangenie	chr6	167662540	167662548	chr6-167662540-DEL->177941107>177941114-8	9	1	-8	1/1	1	.	PASS	-	-	.	.	.	.	.	.	.	.	0
truth_stvar	chr6	167662542	167662542	.	1	1	0	0|1	.	.	.	.	.	-	-	ref	no:star_allele	1	.	.	.	0
truth_stvar	chr6	167662542	167662542	.	1	1	0	1|0	.	.	.	.	.	-	-	yes	ref	1	.	.	.	0
truth_smvar	chr6	167662542	167662542	.	1	1,1	0	1|2	.	.	.	.	.	-	-	no:duplicate_of_stvar	no:star_allele	1	.	.	.	0
truth_stvar	chr6	167662554	167662554	.	1	1	0	0|1	.	.	.	.	.	-	-	ref	yes	1	.	.	.	0
truth_smvar	chr6	167662554	167662554	.	1	1	0	0|1	.	.	.	.	.	-	-	ref	no:duplicate_of_stvar	1	.	.	.	0
truth_stvar	chr6	167662556	167662556	.	1	47	46	1|0	.	.	.	.	.	-	-	yes	ref	1	INS	18	.	0
truth_stvar	chr6	167662556	167662556	.	1	1	0	0|1	.	.	.	.	.	-	-	ref	yes	1	.	.	.	0
truth_smvar	chr6	167662556	167662556	.	1	1,47	46	2|1	.	.	.	.	.	-	-	no:duplicate_of_stvar	no:duplicate_of_stvar	1	.	.	.	0
pangenie	chr6	167662556	167662556	chr6-167662564-INS->177941125>177941126>177941127>177941131>177941132>177941135>177941136>177941137>177941138>177941139>177941140>177941144>177941162>177941163-36	1	37	36	1/0	1	.	PASS	-	-	.	.	.	.	.	.	.	.	0
vg	chr6	167662564	167662564	>175944119>175944159	1	7	6	1|2	1	202.115	PASS	-	-	.	.	.	.	.	.	.	.	0
vg	chr6	167662564	167662564	>175944119>175944159	1	37	36	1|2	1	202.115	PASS	-	-	.	.	.	.	.	.	.	.	0
pangenie	chr6	167662564	167662564	chr6-167662564-INS->177941124>177941131>177941132>177941135>177941136>177941139>177941163-6	1	7	6	0/1	1	.	PASS	-	-	.	.	.	.	.	.	.	.	0
vg	chr6	167662567	167662569	>175944162>175944165	3	1	-2	1|0	1	56.3794	PASS	-	-	.	.	.	.	.	.	.	.	0
pangenie	chr6	167662568	167662568	chr6-167662568-SNV->177941166>177941168>177941170-1	1	1	0	0/1	1	.	PASS	-	-	.	.	.	.	.	.	.	.	0
pangenie	chr6	167662570	167662572	chr6-167662570-DEL->177941171>177941174-2	3	1	-2	0/1	1	.	PASS	-	-	.	.	.	.	.	.	.	.	0
pangenie	chr6	167662572	167662582	chr6-167662580-DEL->177941182>177941191-10	11	1	-10	0/1	1	.	PASS	-	-	.	.	.	.	.	.	.	.	0
truth_stvar	chr6	167662600	167662600	.	1	1	0	0|1	.	.	.	.	.	-	-	ref	yes	1	.	.	.	0
truth_smvar	chr6	167662600	167662600	.	1	1	0	0|1	.	.	.	.	.	-	-	ref	no:duplicate_of_stvar	1	.	.	.	0
vg	chr6	167662600	167662600	>175944188>175944192	1	1	0	1|0	1	75.8237	PASS	-	-	.	.	.	.	.	.	.	.	0
pangenie	chr6	167662600	167662600	chr6-167662600-SNV->177941196>177941198>177941200-1	1	1	0	0/1	1	.	PASS	-	-	.	.	.	.	.	.	.	.	0
vg	chr6	167662602	167662602	>175944192>175944195	1	1	0	1|0	1	75.8256	PASS	-	-	.	.	.	.	.	.	.	.	0
pangenie	chr6	167662602	167662602	chr6-167662602-SNV->177941200>177941202>177941203-1	1	1	0	0/1	1	.	PASS	-	-	.	.	.	.	.	.	.	.	0
vg	chr6	167662608	167662610	>175944195>175944203	3	1	-2	1|0	1	77.1951	PASS	-	-	.	.	.	.	.	.	.	.	0
pangenie	chr6	167662608	167662610	chr6-167662608-DEL->177941203>177941210>177941211-2	3	1	-2	0/1	1	.	PASS	-	-	.	.	.	.	.	.	.	.	0
truth_stvar	chr6	167662630	167662630	.	1	1	0	0|1	.	.	.	.	.	-	-	ref	yes	1	.	.	.	0
truth_smvar	chr6	167662630	167662630	.	1	1	0	0|1	.	.	.	.	.	-	-	ref	no:duplicate_of_stvar	1	.	.	.	0
vg	chr6	167662641	167662641	>175944218>175944221	1	1	0	1|0	1	10.8562	PASS	-	-	.	.	.	.	.	.	.	.	0
pangenie	chr6	167662641	167662641	chr6-167662641-SNV->177941226>177941228>177941229-1	1	1	0	0/1	1	.	PASS	-	-	.	.	.	.	.	.	.	.	0
truth_stvar	chr6	167662652	167662652	.	1	1	0	0|1	.	.	.	.	.	-	-	ref	yes	1	.	.	.	0
truth_smvar	chr6	167662652	167662652	.	1	1	0	0|1	.	.	.	.	.	-	-	ref	no:duplicate_of_stvar	1	.	.	.	0
vg	chr6	167662652	167662652	>175944223>175944226	1	1	0	1|0	1	10.3739	PASS	-	-	.	.	.	.	.	.	.	.	0
pangenie	chr6	167662652	167662652	chr6-167662697-INS->177941263>177941265>177941266>177941270>177941271>177941272>177941273>177941274>177941276>177941277>177941279>177941280>177941281>177941282>177941284-28	1	29	28	1/0	1	.	PASS	-	-	.	.	.	.	.	.	.	.	0
pangenie	chr6	167662652	167662652	chr6-167662652-SNV->177941231>177941233>177941234-1	1	1	0	0/1	1	.	PASS	-	-	.	.	.	.	.	.	.	.	0
truth_stvar	chr6	167662656	167662656	.	1	89	88	0|1	.	.	.	.	.	FN	FN	ref	yes	1	INS	18	.	0
truth_smvar	chr6	167662656	167662656	.	1	89	88	0|1	.	.	.	.	.	-	-	ref	no:duplicate_of_stvar	1	.	18	.	0
vg	chr6	167662664	167662664	>175944233>175944236	1	1	0	1|0	1	10.3847	PASS	-	-	.	.	.	.	.	.	.	.	0
pangenie	chr6	167662664	167662664	chr6-167662664-SNV->177941241>177941243>177941244-1	1	1	0	0/1	1	.	PASS	-	-	.	.	.	.	.	.	.	.	0
truth_stvar	chr6	167662682	167662682	.	1	1	0	0|1	.	.	.	.	.	-	-	ref	yes	1	.	.	.	0
truth_stvar	chr6	167662682	167662684	.	3	1	2	1|0	.	.	.	.	.	-	-	yes	ref	1	.	.	.	0
truth_smvar	chr6	167662682	167662684	.	3	1,3	2	1|2	.	.	.	.	.	-	-	no:duplicate_of_stvar	no:overlaps_applied_stvar	1	.	.	.	0
pangenie	chr6	167662682	167662684	chr6-167662688-DEL->177941257>177941261-2	3	1	-2	1/1	1	.	PASS	-	-	.	.	.	.	.	.	.	.	0
truth_stvar	chr6	167662684	167662684	.	1	1	0	1|0	.	.	.	.	.	-	-	no:star_allele	ref	1	.	.	.	0
truth_stvar	chr6	167662684	167662684	.	1	1	0	0|1	.	.	.	.	.	-	-	ref	yes	1	.	.	.	0
truth_smvar	chr6	167662684	167662684	.	1	1,1	0	2|1	.	.	.	.	.	-	-	no:star_allele	no:duplicate_of_stvar	1	.	.	.	0
pangenie	chr6	167662684	167662684	chr6-167662697-INS->177941263>177941265>177941267>177941270>177941273>177941274>177941276>177941277>177941279>177941280>177941281>177941282>177941284-18	1	19	18	0/1	1	.	PASS	-	-	.	.	.	.	.	.	.	.	0
vg	chr6	167662687	167662689	>175944248>175944252	3	1	-2	1|1	1	192.788	PASS	-	-	.	.	.	.	.	.	.	.	0
vg	chr6	167662697	167662697	>175944253>175944274	1	19	18	1|2	1	155.735	PASS	-	-	.	.	.	.	.	.	.	.	0
vg	chr6	167662697	167662697	>175944253>175944274	1	29	28	1|2	1	155.735	PASS	-	-	.	.	.	.	.	.	.	.	0
vg	chr6	167662722	167662730	>175944286>175944295	9	1	-8	1|.	1	123.923	PASS	-	-	.	.	.	.	.	.	.	.	0
pangenie	chr6	167662722	167662730	chr6-167662722-DEL->177941295>177941304-8	9	1	-8	0/1	1	.	PASS	-	-	.	.	.	.	.	.	.	.	0
vg	chr6	167662728	167662750	>175944283>175944311	23	19	-4	0|1	1	127.466	PASS	-	-	.	.	.	.	.	.	.	.	0
pangenie	chr6	167662728	167662750	chr6-167662728-COMPLEX->177941294>177941318>177941319-23	23	19	-4	1/0	1	.	PASS	-	-	.	.	.	.	.	.	.	.	0
vg	chr6	167662738	167662740	>175944298>175944302	3	1	-2	1|.	1	155.79	PASS	-	-	.	.	.	.	.	.	.	.	0
pangenie	chr6	167662738	167662740	chr6-167662738-DEL->177941306>177941310-2	3	1	-2	0/1	1	.	PASS	-	-	.	.	.	.	.	.	.	.	0
truth_stvar	chr6	167662750	167662750	.	1	51	50	1|0	.	.	.	.	.	TP	TP	yes	ref	1	INS	18	.	0
truth_smvar	chr6	167662750	167662750	.	1	51	50	1|0	.	.	.	.	.	-	-	no:duplicate_of_stvar	ref	1	.	18	.	0
truth_stvar	chr6	167662758	167662758	.	1	11	10	0|1	.	.	.	.	.	-	-	ref	yes	1	.	.	.	0
truth_smvar	chr6	167662758	167662758	.	1	11	10	0|1	.	.	.	.	.	-	-	ref	no:duplicate_of_stvar	1	.	.	.	0
pangenie	chr6	167662758	167662758	chr6-167662766-INS->177941328>177941331>177941334>177941335>177941337>177941338>177941341>177941342>177941343>177941345>177941347>177941348>177941349>177941351>177941352>177941353>177941355>177941356>177941358>177941359-38	1	39	38	0/1	1	.	PASS	-	-	.	.	.	.	.	.	.	.	0
truth_stvar	chr6	167662763	167662763	.	1	1	0	1|0	.	.	.	.	.	-	-	yes	ref	1	.	.	.	0
truth_smvar	chr6	167662763	167662763	.	1	1	0	1|0	.	.	.	.	.	-	-	no:duplicate_of_stvar	ref	1	.	.	.	0
pangenie	chr6	167662763	167662763	chr6-167662766-INS->177941328>177941329>177941331>177941332>177941333>177941334>177941335>177941337>177941338>177941352>177941354>177941355>177941356>177941358>177941359-26	1	27	26	1/0	1	.	PASS	-	-	.	.	.	.	.	.	.	.	0
vg	chr6	167662766	167662766	>175944320>175944351	1	39	38	1|2	1	182.551	PASS	-	-	.	.	.	.	.	.	.	.	0
vg	chr6	167662766	167662766	>175944320>175944351	1	27	26	1|2	1	182.551	PASS	-	-	.	.	.	.	.	.	.	.	0
vg	chr6	167662796	167662796	>175944359>175944382	1	9	8	1|0	1	150.522	PASS	-	-	.	.	.	.	.	.	.	.	0
pangenie	chr6	167662796	167662796	chr6-167662796-INS->177941368>177941369>177941372>177941388-8	1	9	8	0/1	1	.	PASS	-	-	.	.	.	.	.	.	.	.	0
vg	chr6	167662806	167662812	>175944395>175944401	7	1	-6	1|0	1	95.7107	PASS	-	-	.	.	.	.	.	.	.	.	0
pangenie	chr6	167662806	167662812	chr6-167662806-DEL->177941401>177941407-6	7	1	-6	0/1	1	.	PASS	-	-	.	.	.	.	.	.	.	.	0
truth_stvar	chr6	167662812	167662812	.	1	3	2	0|1	.	.	.	.	.	-	-	ref	yes	1	.	.	.	0
truth_smvar	chr6	167662812	167662812	.	1	3	2	0|1	.	.	.	.	.	-	-	ref	no:duplicate_of_stvar	1	.	.	.	0
truth_stvar	chr6	167662828	167662828	.	1	29	28	1|0	.	.	.	.	.	-	-	yes	ref	1	INS	18	.	0
truth_stvar	chr6	167662828	167662828	.	1	1	0	0|1	.	.	.	.	.	-	-	ref	yes	1	.	.	.	0
truth_smvar	chr6	167662828	167662828	.	1	1,29	28	2|1	.	.	.	.	.	-	-	no:duplicate_of_stvar	no:duplicate_of_stvar	1	.	.	.	0
vg	chr6	167662828	167662828	>175944405>175944408	1	1	0	1|0	1	109.355	PASS	-	-	.	.	.	.	.	.	.	.	0
pangenie	chr6	167662828	167662828	chr6-167662840-INS->177941420>177941421>177941422>177941425>177941426>177941428>177941429>177941431>177941432>177941434>177941446-28	1	29	28	1/0	1	.	PASS	-	-	.	.	.	.	.	.	.	.	0
pangenie	chr6	167662828	167662828	chr6-167662828-SNV->177941411>177941413>177941414-1	1	1	0	0/1	1	.	PASS	-	-	.	.	.	.	.	.	.	.	0
pangenie	chr6	167662830	167662830	chr6-167662840-INS->177941420>177941432>177941434>177941446-10	1	11	10	0/1	1	.	PASS	-	-	.	.	.	.	.	.	.	.	0
vg	chr6	167662840	167662840	>175944416>175944447	1	11	10	1|2	1	147.743	PASS	-	-	.	.	.	.	.	.	.	.	0
vg	chr6	167662840	167662840	>175944416>175944447	1	29	28	1|2	1	147.743	PASS	-	-	.	.	.	.	.	.	.	.	0
vg	chr6	167662848	167662850	>175944416>175944447	3	1	-2	1|0	1	147.743	PASS	-	-	.	.	.	.	.	.	.	.	0
pangenie	chr6	167662848	167662850	chr6-167662848-DEL->177941451>177941455-2	3	1	-2	0/1	1	.	PASS	-	-	.	.	.	.	.	.	.	.	0
vg	chr6	167662860	167662866	>175944456>175944463	7	1	-6	1|0	1	66.5542	PASS	-	-	.	.	.	.	.	.	.	.	0
pangenie	chr6	167662860	167662866	chr6-167662860-DEL->177941464>177941471-6	7	1	-6	0/1	1	.	PASS	-	-	.	.	.	.	.	.	.	.	0
truth_stvar	chr6	167662874	167662874	.	1	1	0	0|1	.	.	.	.	.	-	-	ref	yes	1	.	.	.	0
truth_smvar	chr6	167662874	167662874	.	1	1	0	0|1	.	.	.	.	.	-	-	ref	no:duplicate_of_stvar	1	.	.	.	0
pangenie	chr6	167662874	167662876	chr6-167662878-DEL->177941476>177941480-2	3	1	-2	0/1	1	.	PASS	-	-	.	.	.	.	.	.	.	.	0
vg	chr6	167662875	167662877	>175944468>175944472	3	1	-2	1|0	1	161.803	PASS	-	-	.	.	.	.	.	.	.	.	0
truth_stvar	chr6	167662876	167662876	.	1	1	0	0|1	.	.	.	.	.	-	-	ref	yes	1	.	.	.	0
truth_smvar	chr6	167662876	167662876	.	1	1	0	0|1	.	.	.	.	.	-	-	ref	no:duplicate_of_stvar	1	.	.	.	0
truth_stvar	chr6	167662893	167662893	.	1	1	0	0|1	.	.	.	.	.	-	-	ref	yes	1	.	.	.	0
truth_smvar	chr6	167662893	167662893	.	1	1	0	0|1	.	.	.	.	.	-	-	ref	no:duplicate_of_stvar	1	.	.	.	0
vg	chr6	167662893	167662894	>175944484>175944489	2	2	0	1|2	1	273.35	PASS	-	-	.	.	.	.	.	.	.	.	0
vg	chr6	167662893	167662894	>175944484>175944489	2	2	0	1|2	1	273.35	PASS	-	-	.	.	.	.	.	.	.	.	0
pangenie	chr6	167662893	167662894	chr6-167662893-COMPLEX->177941492>177941495>177941496>177941497-2	2	2	0	0/1	1	.	PASS	-	-	.	.	.	.	.	.	.	.	0
truth_stvar	chr6	167662894	167662894	.	1	1	0	1|1	.	.	.	.	.	-	-	yes	yes	1	.	.	.	0
truth_smvar	chr6	167662894	167662894	.	1	1	0	1|1	.	.	.	.	.	-	-	no:duplicate_of_stvar	no:duplicate_of_stvar	1	.	.	.	0
pangenie	chr6	167662894	167662894	chr6-167662894-SNV->177941493>177941496>177941497-1	1	1	0	1/0	1	.	PASS	-	-	.	.	.	.	.	.	.	.	0
truth_stvar	chr6	167662911	167662911	.	1	1	0	0|1	.	.	.	.	.	-	-	ref	yes	1	.	.	.	0
truth_smvar	chr6	167662911	167662911	.	1	1	0	0|1	.	.	.	.	.	-	-	ref	no:duplicate_of_stvar	1	.	.	.	0
vg	chr6	167662911	167662911	>175944495>175944499	1	1	0	1|0	1	214.017	PASS	-	-	.	.	.	.	.	.	.	.	0
pangenie	chr6	167662911	167662911	chr6-167662911-SNV->177941504>177941505>177941508-1	1	1	0	0/1	1	.	PASS	-	-	.	.	.	.	.	.	.	.	0
truth_stvar	chr6	167662916	167662916	.	1	1	0	1|0	.	.	.	.	.	-	-	yes	ref	1	.	.	.	0
truth_smvar	chr6	167662916	167662916	.	1	1	0	1|0	.	.	.	.	.	-	-	no:duplicate_of_stvar	ref	1	.	.	.	0
vg	chr6	167662916	167662916	>175944500>175944504	1	1	0	0|1	1	32.3946	PASS	-	-	.	.	.	.	.	.	.	.	0
pangenie	chr6	167662916	167662916	chr6-167662916-SNV->177941509>177941510>177941513-1	1	1	0	1/0	1	.	PASS	-	-	.	.	.	.	.	.	.	.	0
truth_stvar	chr6	167662924	167662924	.	1	1	0	0|1	.	.	.	.	.	-	-	ref	yes	1	.	.	.	0
truth_smvar	chr6	167662924	167662924	.	1	1	0	0|1	.	.	.	.	.	-	-	ref	no:duplicate_of_stvar	1	.	.	.	0
vg	chr6	167662924	167662924	>175944506>175944509	1	1	0	1|0	1	215.574	PASS	-	-	.	.	.	.	.	.	.	.	0
pangenie	chr6	167662924	167662924	chr6-167662924-SNV->177941517>177941519>177941520-1	1	1	0	0/1	1	.	PASS	-	-	.	.	.	.	.	.	.	.	0
truth_stvar	chr6	167662928	167662928	.	1	3	2	0|1	.	.	.	.	.	-	-	ref	yes	1	.	.	.	0
truth_smvar	chr6	167662928	167662928	.	1	3	2	0|1	.	.	.	.	.	-	-	ref	no:duplicate_of_stvar	1	.	.	.	0
vg	chr6	167662928	167662928	>175944509>175944511	1	3	2	1|0	1	205.029	PASS	-	-	.	.	.	.	.	.	.	.	0
pangenie	chr6	167662928	167662928	chr6-167662928-INS->177941520>177941521>177941522-2	1	3	2	0/1	1	.	PASS	-	-	.	.	.	.	.	.	.	.	0
truth_stvar	chr6	167662946	167662964	.	19	1	18	0|1	.	.	.	.	.	-	-	ref	yes	1	.	.	.	0
truth_smvar	chr6	167662946	167662964	.	19	1	18	0|1	.	.	.	.	.	-	-	ref	no:duplicate_of_stvar	1	.	.	.	0
vg	chr6	167662972	167662990	>175944529>175944536	19	1	-18	1|0	1	189.512	PASS	-	-	.	.	.	.	.	.	.	.	0
pangenie	chr6	167662972	167662982	chr6-167662972-DEL->177941539>177941546-10	11	1	-10	0/1	1	.	PASS	-	-	.	.	.	.	.	.	.	.	0
pangenie	chr6	167662982	167662990	chr6-167662986-DEL->177941546>177941552-8	9	1	-8	0/1	1	.	PASS	-	-	.	.	.	.	.	.	.	.	0
truth_stvar	chr6	167662994	167662994	.	1	1	0	1|0	.	.	.	.	.	-	-	yes	ref	1	.	.	.	0
truth_smvar	chr6	167662994	167662994	.	1	1	0	1|0	.	.	.	.	.	-	-	no:duplicate_of_stvar	ref	1	.	.	.	0
vg	chr6	167662994	167662994	>175944536>175944539	1	1	0	0|1	1	75.8467	PASS	-	-	.	.	.	.	.	.	.	.	0
pangenie	chr6	167662994	167662994	chr6-167662994-SNV->177941549>177941551>177941552-1	1	1	0	1/0	1	.	PASS	-	-	.	.	.	.	.	.	.	.	0
truth_stvar	chr6	167663050	167663050	.	1	1	0	0|1	.	.	.	.	.	-	-	ref	yes	1	.	.	.	0
truth_smvar	chr6	167663050	167663050	.	1	1	0	0|1	.	.	.	.	.	-	-	ref	no:duplicate_of_stvar	1	.	.	.	0
vg	chr6	167663050	167663050	>175944563>175944566	1	1	0	1|0	1	146.919	PASS	-	-	.	.	.	.	.	.	.	.	0
pangenie	chr6	167663050	167663050	chr6-167663050-SNV->177941576>177941578>177941579-1	1	1	0	0/1	1	.	PASS	-	-	.	.	.	.	.	.	.	.	0
truth_stvar	chr6	167663054	167663054	.	1	1	0	0|1	.	.	.	.	.	-	-	ref	yes	1	.	.	.	0
truth_smvar	chr6	167663054	167663054	.	1	1	0	0|1	.	.	.	.	.	-	-	ref	no:duplicate_of_stvar	1	.	.	.	0
vg	chr6	167663054	167663054	>175944569>175944572	1	1	0	1|0	1	149.839	PASS	-	-	.	.	.	.	.	.	.	.	0
pangenie	chr6	167663054	167663054	chr6-167663054-SNV->177941582>177941584>177941585-1	1	1	0	0/1	1	.	PASS	-	-	.	.	.	.	.	.	.	.	0
pangenie	chr6	167663076	167663094	chr6-167663093-DEL->177941603>177941614-18	19	1	-18	0/1	1	.	PASS	-	-	.	.	.	.	.	.	.	.	0
vg	chr6	167663093	167663111	>175944594>175944598	19	1	-18	1|0	1	111.579	PASS	-	-	.	.	.	.	.	.	.	.	0
truth_stvar	chr6	167663094	167663094	.	1	21	20	0|1	.	.	.	.	.	-	-	ref	yes	1	INS	18	.	0
truth_smvar	chr6	167663094	167663094	.	1	21	20	0|1	.	.	.	.	.	-	-	ref	no:duplicate_of_stvar	1	.	18	.	0
truth_stvar	chr6	167663124	167663124	.	1	1	0	1|1	.	.	.	.	.	-	-	yes	yes	1	.	.	.	0
truth_smvar	chr6	167663124	167663124	.	1	1	0	1|1	.	.	.	.	.	-	-	no:duplicate_of_stvar	no:duplicate_of_stvar	1	.	.	.	0
vg	chr6	167663124	167663124	>175944603>175944606	1	1	0	1|1	1	250.305	PASS	-	-	.	.	.	.	.	.	.	.	0
pangenie	chr6	167663124	167663124	chr6-167663124-SNV->177941619>177941621>177941622-1	1	1	0	1/1	1	.	PASS	-	-	.	.	.	.	.	.	.	.	0
vg	chr6	167663129	167663129	>175944607>175944610	1	1	0	1|0	1	110.312	PASS	-	-	.	.	.	.	.	.	.	.	0
pangenie	chr6	167663129	167663129	chr6-167663129-SNV->177941623>177941625>177941626-1	1	1	0	0/1	1	.	PASS	-	-	.	.	.	.	.	.	.	.	0
vg	chr6	167663148	167663148	>175944619>175944622	1	1	0	1|0	1	113.565	PASS	-	-	.	.	.	.	.	.	.	.	0
pangenie	chr6	167663148	167663148	chr6-167663148-SNV->177941632>177941634>177941635-1	1	1	0	0/1	1	.	PASS	-	-	.	.	.	.	.	.	.	.	0
vg	chr6	167663167	167663167	>175944635>175944638	1	1	0	1|0	1	68.3646	PASS	-	-	.	.	.	.	.	.	.	.	0
pangenie	chr6	167663167	167663167	chr6-167663167-SNV->177941649>177941651>177941652-1	1	1	0	0/1	1	.	PASS	-	-	.	.	.	.	.	.	.	.	0
vg	chr6	167663186	167663186	>175944651>175944654	1	1	0	1|0	1	49.3499	PASS	-	-	.	.	.	.	.	.	.	.	0
pangenie	chr6	167663186	167663186	chr6-167663186-SNV->177941667>177941669>177941670-1	1	1	0	0/1	1	.	PASS	-	-	.	.	.	.	.	.	.	.	0
truth_stvar	chr6	167663188	167663188	.	1	21	20	0|1	.	.	.	.	.	-	-	ref	yes	1	INS	18	.	0
truth_smvar	chr6	167663188	167663188	.	1	21	20	0|1	.	.	.	.	.	-	-	ref	no:duplicate_of_stvar	1	.	18	.	0
truth_stvar	chr6	167663204	167663204	.	1	1	0	0|1	.	.	.	.	.	-	-	ref	yes	1	.	.	.	0
truth_stvar	chr6	167663204	167663204	.	1	19	18	1|0	.	.	.	.	.	-	-	yes	ref	1	.	.	.	0
truth_smvar	chr6	167663204	167663204	.	1	1,19	18	2|1	.	.	.	.	.	-	-	no:duplicate_of_stvar	no:duplicate_of_stvar	1	.	.	.	0
vg	chr6	167663204	167663206	>175944658>175944684	3	43	40	1|0	1	98.8097	PASS	-	-	.	.	.	.	.	.	.	.	0
pangenie	chr6	167663204	167663204	chr6-167663223-INS->177941703>177941704>177941705>177941707>177941708>177941710>177941711>177941713>177941714>177941715>177941717>177941731-56	1	57	56	0/1	1	.	PASS	TP	-	.	.	.	.	.	.	.	890.12,890.9	0
pangenie	chr6	167663204	167663206	chr6-167663204-COMPLEX->177941676>177941678>177941679>177941680>177941681>177941682>177941684>177941685>177941687>177941688>177941691>177941692>177941693>177941695>177941698-43	3	43	40	0/1	1	.	PASS	-	-	.	.	.	.	.	.	.	.	0
pangenie	chr6	167663223	167663223	chr6-167663223-INS->177941703>177941704>177941705>177941707>177941708>177941710>177941711>177941713>177941714>177941715>177941717>177941718>177941720>177941721>177941722>177941723>177941725>177941727>177941728>177941729>177941730>177941731-90	1	91	90	1/0	1	.	PASS	FP	-	.	.	.	.	.	.	.	890.11,890.10	0
pangenie	chr6	167663224	167663226	chr6-167663224-DEL->177941731>177941733-2	3	1	-2	0/1	1	.	PASS	-	-	.	.	.	.	.	.	.	.	0
vg	chr6	167663226	167663226	>175944687>175944719	1	55	54	1|2	1	396.847	PASS	TP	-	.	.	.	.	.	.	.	896.12,896.14	0
vg	chr6	167663226	167663226	>175944687>175944719	1	91	90	1|2	1	396.847	PASS	FP	-	.	.	.	.	.	.	.	896.11,896.13	0
vg	chr6	167663252	167663282	>175944732>175944763	31	9	-22	1|2	1	227.638	PASS	-	-	.	.	.	.	.	.	.	.	0
vg	chr6	167663252	167663282	>175944732>175944763	31	51	20	1|2	1	227.638	PASS	-	-	.	.	.	.	.	.	.	.	0
pangenie	chr6	167663252	167663282	chr6-167663252-COMPLEX->177941749>177941776>177941777>177941779>177941780>177941782>177941783-31	31	9	-22	0/1	1	.	PASS	-	-	.	.	.	.	.	.	.	.	0
truth_stvar	chr6	167663262	167663264	.	3	1	2	0|1	.	.	.	.	.	-	-	ref	yes	1	.	.	.	0
truth_smvar	chr6	167663262	167663264	.	3	1	2	0|1	.	.	.	.	.	-	-	ref	no:duplicate_of_stvar	1	.	.	.	0
vg	chr6	167663279	167663279	>175944744>175944747	1	1	0	.|1	1	146.69	PASS	-	-	.	.	.	.	.	.	.	.	0
pangenie	chr6	167663279	167663279	chr6-167663279-SNV->177941764>177941766>177941767-1	1	1	0	1/0	1	.	PASS	-	-	.	.	.	.	.	.	.	.	0
truth_stvar	chr6	167663281	167663281	.	1	1	0	1|0	.	.	.	.	.	-	-	yes	ref	1	.	.	.	0
truth_smvar	chr6	167663281	167663281	.	1	1	0	1|0	.	.	.	.	.	-	-	no:duplicate_of_stvar	ref	1	.	.	.	0
pangenie	chr6	167663282	167663282	chr6-167663282-INS->177941770>177941772>177941773>177941775>177941776>177941777>177941778>177941780>177941782>177941783-20	1	21	20	1/0	1	.	PASS	-	-	.	.	.	.	.	.	.	.	0
vg	chr6	167663290	167664344	>175944765>175946206	1055	1041	-14	1|2	1	857.117	PASS	-	-	.	.	.	.	.	.	.	.	0
vg	chr6	167663290	167664344	>175944765>175946206	1055	1208	153	1|2	1	857.117	PASS	FP	-	.	.	.	.	.	.	.	896.15,896.15	0
pangenie	chr6	167663290	167663782	chr6-167663290-COMPLEX->177941784>177941789>177941797>177941798>177941799>177941802>177941803>177941805>177941807>177941808>177941809>177941811>177941813>177941814>177941815>177941816>177941817>177941819>177941821>177941822>177941824>177941825>177941827>177941829>177942120>177942121>177942123>177942125>177942126>177942128>177942129>177942131>177942134>177942135>177942137>177942138>177942139>177942140>177942142>177942143>177942145>177942147>177942148>177942151>177942152>177942153>177942155>177942156>177942157>177942158>177942159>177942161>177942164>177942165>177942166>177942168>177942169>177942171>177942172>177942174>177942175>177942176>177942177>177942178>177942179>177942180>177942181>177942182>177942184>177942185>177942187>177942188>177942189>177942190>177942192>177942193>177942195>177942196>177942198>177942201>177942202>177942203>177942205>177942206>177942208>177942209>177942211>177942212>177942214>177942215>177942216>177942217>177942219>177942221>177942222>177942224>177942226>177942227>177942229>177942230>177942231>177942233>177942234>177942235>177942238>177942239>177942241>177942242>177942244>177942245>177942247>177942248>177942249>177942250>177942252>177942253>177942254>177942255>177942257>177942258>177942260>177942261>177942264>177942265>177942266>177942267>177942270>177942271>177942273>177942274>177942276>177942277>177942279>177942281>177942282>177942284>177942286>177942287>177942289>177942290>177942291>177942295>177942296>177942297>177942299>177942300>177942302>177942303>177942306>177942307>177942309>177942311>177942313>177942315>177942317>177942318>177942319>177942321>177942322>177942323>177942325>177942326>177942329>177942330>177942331>177942333>177942334>177942335>177942339>177942340>177942341>177942343>177942344>177942345>177942385>177942386>177942388>177942389>177942390>177942392>177942393>177942394>177942396>177942397>177942398>177942400>177942402>177942403>177942404>177942408>177942409>177942412>177942413>177942414>177942415>177942416>177942417>177942418>177942419>177942420>177942463>177942465>177942466>177942468>177942469>177942472>177942473>177942475>177942477>177942481>177942482>177942483>177942485>177942486>177942489>177942490>177942491>177942492>177942495>177942496>177942497>177942498>177942500>177942501>177942503>177942504>177942505>177942507>177942508>177942510>177942512>177942513>177942514>177942515>177942516>177942518>177942519>177942521>177942522>177942523>177942524>177942528>177942529>177942531>177942532>177942534>177942535>177942537>177942539>177942540>177942542>177942544>177942545>177942547>177942548>177942549>177942550>177942553>177942554>177942556>177942557>177942559>177942560>177942563>177942564>177942566>177942568>177942570>177942571>177942572>177942574>177942575>177942576>177942577>177942579>177942580>177942582>177942583>177942585>177942588>177942589>177942591>177942592>177942594>177942595>177942597>177942598>177942600>177942601>177942604>177942605>177942606>177942608>177942609>177942611>177942612>177942613>177942615>177942616>177942618>177942619>177942621>177942623>177942624>177942626>177942627>177942629>177942630>177942632>177942634>177942635>177942636>177942638>177942639>177942641>177942642>177942643>177942646>177942647>177942650>177942651>177942653>177942654>177942656>177942657>177942659>177942660>177942662>177942663>177942664>177942666>177942667>177942668>177942670>177942672>177942677>177942678>177942681>177942682>177942683>177942684>177942686>177942687>177942689>177942690>177942692>177942694>177942695>177942696>177942698>177942700>177942701>177942703>177942704>177942706>177942707>177942709>177942710>177942712>177942713>177942716>177942717>177942719>177942720>177942722>177942723>177942726>177942727>177942729>177942730>177942732>177942733>177942735>177942737>177942738>177942739>177942740>177942743>177942744>177942746>177942748>177942749>177942750>177942753>177942754>177942755>177942756>177942758>177942759>177942761>177942762>177942765>177942767>177942768>177942769>177942771>177942773>177942774>177942775>177942777>177942779>177942780>177942781>177942783>177942784>177942786>177942787>177942788>177942790>177942791>177942792>177942798>177942799>177942800>177942802>177942803>177942804>177942806>177942808>177942810>177942812>177942813>177942814>177942816>177942817>177942818>177942837>177942838>177942840>177942842>177942845>177942846>177942847>177942848>177942849>177942852>177942853>177942854>177942856>177942857>177942859>177942860>177942862>177942863>177942866>177942867>177942868>177942870>177942871>177942873>177942874>177942875>177942877>177942878>177942879>177942880>177942883>177942884>177942885>177942886>177942888>177942889>177942891>177942892>177942953-1098	493	1098	605	1/0	1	.	PASS	FP	-	.	.	.	.	.	.	.	890.4,890.11	0
pangenie	chr6	167663290	167663782	chr6-167663290-COMPLEX->177941784>177941789>177941797>177941798>177941799>177941802>177941803>177941805>177941807>177941808>177941809>177941811>177941813>177941814>177941815>177941816>177941817>177941819>177941821>177941822>177941824>177941826>177941827>177941829>177942120>177942121>177942123>177942125>177942126>177942128>177942129>177942131>177942134>177942135>177942137>177942138>177942139>177942140>177942142>177942143>177942145>177942147>177942148>177942151>177942152>177942153>177942155>177942156>177942157>177942158>177942159>177942161>177942162>177942165>177942166>177942168>177942169>177942171>177942173>177942174>177942175>177942176>177942177>177942178>177942179>177942180>177942181>177942182>177942184>177942185>177942187>177942188>177942189>177942190>177942192>177942193>177942195>177942196>177942198>177942201>177942202>177942203>177942205>177942206>177942208>177942210>177942211>177942212>177942214>177942215>177942216>177942217>177942219>177942221>177942222>177942224>177942225>177942226>177942228>177942229>177942230>177942231>177942244>177942245>177942247>177942249>177942250>177942252>177942253>177942254>177942255>177942257>177942258>177942260>177942261>177942264>177942265>177942266>177942267>177942290>177942291>177942295>177942296>177942297>177942299>177942300>177942302>177942303>177942306>177942307>177942309>177942311>177942313>177942315>177942317>177942318>177942319>177942321>177942322>177942323>177942325>177942326>177942329>177942330>177942331>177942333>177942334>177942335>177942339>177942340>177942341>177942343>177942344>177942345>177942346>177942352>177942353>177942355>177942356>177942359>177942360>177942361>177942362>177942363>177942364>177942365>177942366>177942370>177942441>177942442>177942445>177942446>177942447>177942448>177942451>177942452>177942454>177942455>177942456>177942457>177942459>177942460>177942462>177942464>177942465>177942466>177942468>177942469>177942472>177942473>177942475>177942477>177942481>177942482>177942483>177942485>177942486>177942489>177942491>177942492>177942495>177942497>177942498>177942500>177942502>177942503>177942504>177942505>177942507>177942508>177942510>177942523>177942524>177942528>177942530>177942531>177942532>177942534>177942535>177942537>177942539>177942540>177942542>177942543>177942544>177942546>177942547>177942548>177942549>177942550>177942553>177942554>177942556>177942557>177942559>177942561>177942563>177942565>177942566>177942568>177942570>177942571>177942572>177942573>177942575>177942576>177942577>177942579>177942580>177942582>177942583>177942585>177942588>177942589>177942591>177942592>177942594>177942595>177942597>177942598>177942600>177942601>177942604>177942605>177942606>177942608>177942609>177942611>177942612>177942613>177942615>177942616>177942618>177942619>177942620>177942623>177942625>177942626>177942627>177942629>177942630>177942631>177942634>177942635>177942636>177942638>177942640>177942641>177942642>177942643>177942646>177942648>177942650>177942651>177942653>177942654>177942656>177942657>177942659>177942660>177942662>177942663>177942664>177942666>177942667>177942668>177942670>177942672>177942677>177942678>177942681>177942682>177942683>177942685>177942686>177942687>177942689>177942691>177942692>177942694>177942695>177942696>177942698>177942700>177942701>177942703>177942704>177942706>177942708>177942712>177942715>177942716>177942717>177942719>177942720>177942722>177942723>177942726>177942727>177942729>177942730>177942732>177942734>177942735>177942737>177942738>177942739>177942742>177942743>177942744>177942746>177942748>177942749>177942750>177942753>177942754>177942755>177942757>177942758>177942759>177942761>177942762>177942764>177942765>177942767>177942768>177942770>177942771>177942773>177942774>177942775>177942776>177942779>177942780>177942781>177942783>177942784>177942785>177942787>177942788>177942790>177942791>177942795>177942798>177942799>177942800>177942802>177942803>177942804>177942806>177942808>177942810>177942811>177942813>177942814>177942816>177942817>177942818>177942845>177942846>177942847>177942848>177942849>177942852>177942853>177942854>177942856>177942857>177942859>177942860>177942862>177942863>177942866>177942867>177942868>177942870>177942871>177942873>177942874>177942879>177942880>177942883>177942884>177942885>177942886>177942888>177942889>177942891>177942892>177942953-1007	493	1007	514	0/1	1	.	PASS	FP	-	.	.	.	.	.	.	.	890.4,890.12	0
truth_stvar	chr6	167663326	167663402	.	77	1	76	0|1	.	.	.	.	.	FN	FN	ref	yes	1	DEL	18	.	0
truth_smvar	chr6	167663326	167663402	.	77	1	76	0|1	.	.	.	.	.	-	-	ref	no:duplicate_of_stvar	1	.	18	.	0
truth_stvar	chr6	167663372	167663372	.	1	1	0	0|1	.	.	.	.	.	-	-	ref	no:star_allele	1	.	.	.	0
truth_stvar	chr6	167663372	167663372	.	1	1	0	1|0	.	.	.	.	.	-	-	yes	ref	1	.	.	.	0
truth_smvar	chr6	167663372	167663372	.	1	1,1	0	1|2	.	.	.	.	.	-	-	no:duplicate_of_stvar	no:star_allele	1	.	.	.	0
truth_stvar	chr6	167663373	167663373	.	1	1	0	0|1	.	.	.	.	.	-	-	ref	no:star_allele	1	.	.	.	0
truth_stvar	chr6	167663373	167663373	.	1	1	0	1|0	.	.	.	.	.	-	-	yes	ref	1	.	.	.	0
truth_smvar	chr6	167663373	167663373	.	1	1,1	0	1|2	.	.	.	.	.	-	-	no:duplicate_of_stvar	no:star_allele	1	.	.	.	0
truth_stvar	chr6	167663402	167663402	.	1	1	0	0|1	.	.	.	.	.	-	-	ref	no:star_allele	1	.	.	.	0
truth_stvar	chr6	167663402	167663402	.	1	1	0	1|0	.	.	.	.	.	-	-	yes	ref	1	.	.	.	0
truth_smvar	chr6	167663402	167663402	.	1	1,1	0	1|2	.	.	.	.	.	-	-	no:duplicate_of_stvar	no:star_allele	1	.	.	.	0
truth_stvar	chr6	167663443	167663443	.	1	1	0	0|1	.	.	.	.	.	-	-	ref	yes	1	.	.	.	0
truth_smvar	chr6	167663443	167663443	.	1	1	0	0|1	.	.	.	.	.	-	-	ref	no:duplicate_of_stvar	1	.	.	.	0
truth_stvar	chr6	167663492	167663492	.	1	1	0	1|1	.	.	.	.	.	-	-	yes	yes	1	.	.	.	0
truth_smvar	chr6	167663492	167663492	.	1	1	0	1|1	.	.	.	.	.	-	-	no:duplicate_of_stvar	no:duplicate_of_stvar	1	.	.	.	0
truth_stvar	chr6	167663525	167663561	.	37	1	36	0|1	.	.	.	.	.	-	-	ref	yes	1	DEL	18	.	0
truth_smvar	chr6	167663525	167663561	.	37	1	36	0|1	.	.	.	.	.	-	-	ref	no:duplicate_of_stvar	1	.	18	.	0
truth_stvar	chr6	167663527	167663527	.	1	1	0	0|1	.	.	.	.	.	-	-	ref	no:star_allele	1	.	.	.	0
truth_stvar	chr6	167663527	167663527	.	1	1	0	1|0	.	.	.	.	.	-	-	yes	ref	1	.	.	.	0
truth_smvar	chr6	167663527	167663527	.	1	1,1	0	1|2	.	.	.	.	.	-	-	no:duplicate_of_stvar	no:star_allele	1	.	.	.	0
truth_stvar	chr6	167663565	167663565	.	1	1	0	0|1	.	.	.	.	.	-	-	ref	yes	1	.	.	.	0
truth_smvar	chr6	167663565	167663565	.	1	1	0	0|1	.	.	.	.	.	-	-	ref	no:duplicate_of_stvar	1	.	.	.	0
truth_stvar	chr6	167663574	167663590	.	17	1	16	0|1	.	.	.	.	.	-	-	ref	yes	1	.	.	.	0
truth_smvar	chr6	167663574	167663590	.	17	1	16	0|1	.	.	.	.	.	-	-	ref	no:duplicate_of_stvar	1	.	.	.	0
truth_stvar	chr6	167663613	167663613	.	1	1	0	0|1	.	.	.	.	.	-	-	ref	yes	1	.	.	.	0
truth_smvar	chr6	167663613	167663613	.	1	1	0	0|1	.	.	.	.	.	-	-	ref	no:duplicate_of_stvar	1	.	.	.	0
truth_stvar	chr6	167663615	167663615	.	1	1	0	0|1	.	.	.	.	.	-	-	ref	yes	1	.	.	.	0
truth_smvar	chr6	167663615	167663615	.	1	1	0	0|1	.	.	.	.	.	-	-	ref	no:duplicate_of_stvar	1	.	.	.	0
truth_stvar	chr6	167663617	167663617	.	1	1	0	0|1	.	.	.	.	.	-	-	ref	yes	1	.	.	.	0
truth_smvar	chr6	167663617	167663617	.	1	1	0	0|1	.	.	.	.	.	-	-	ref	no:duplicate_of_stvar	1	.	.	.	0
truth_stvar	chr6	167663628	167663628	.	1	1	0	0|1	.	.	.	.	.	-	-	ref	yes	1	.	.	.	0
truth_smvar	chr6	167663628	167663628	.	1	1	0	0|1	.	.	.	.	.	-	-	ref	no:duplicate_of_stvar	1	.	.	.	0
truth_stvar	chr6	167663666	167663700	.	35	1	34	0|1	.	.	.	.	.	-	-	ref	yes	1	DEL	18	.	0
truth_smvar	chr6	167663666	167663700	.	35	1	34	0|1	.	.	.	.	.	-	-	ref	no:duplicate_of_stvar	1	.	18	.	0
truth_stvar	chr6	167663697	167663697	.	1	1	0	0|1	.	.	.	.	.	-	-	ref	no:star_allele	1	.	.	.	0
truth_stvar	chr6	167663697	167663697	.	1	3	2	1|0	.	.	.	.	.	-	-	yes	ref	1	.	.	.	0
truth_smvar	chr6	167663697	167663697	.	1	3,1	2	1|2	.	.	.	.	.	-	-	no:duplicate_of_stvar	no:star_allele	1	.	.	.	0
truth_stvar	chr6	167663756	167663756	.	1	3	2	0|1	.	.	.	.	.	-	-	ref	yes	1	.	.	.	0
truth_smvar	chr6	167663756	167663756	.	1	3	2	0|1	.	.	.	.	.	-	-	ref	no:duplicate_of_stvar	1	.	.	.	0
truth_stvar	chr6	167663778	167663782	.	5	1	4	0|1	.	.	.	.	.	-	-	ref	yes	1	.	.	.	0
truth_smvar	chr6	167663778	167663782	.	5	1	4	0|1	.	.	.	.	.	-	-	ref	no:duplicate_of_stvar	1	.	.	.	0
truth_stvar	chr6	167663781	167663781	.	1	1	0	0|1	.	.	.	.	.	-	-	ref	no:star_allele	1	.	.	.	0
truth_stvar	chr6	167663781	167663781	.	1	1	0	1|0	.	.	.	.	.	-	-	yes	ref	1	.	.	.	0
truth_smvar	chr6	167663781	167663781	.	1	1,1	0	1|2	.	.	.	.	.	-	-	no:duplicate_of_stvar	no:star_allele	1	.	.	.	0
pangenie	chr6	167663782	167664042	chr6-167663789-DEL->177942960>177943002-260	261	1	-260	1/1	1	.	PASS	TP	-	.	.	.	.	.	.	.	890.15,890.13	0
truth_stvar	chr6	167663784	167663784	.	1	1	0	0|1	.	.	.	.	.	-	-	ref	yes	1	.	.	.	0
truth_smvar	chr6	167663784	167663784	.	1	1	0	0|1	.	.	.	.	.	-	-	ref	no:duplicate_of_stvar	1	.	.	.	0
truth_stvar	chr6	167663795	167663797	.	3	1	2	0|1	.	.	.	.	.	-	-	ref	yes	1	.	.	.	0
truth_smvar	chr6	167663795	167663797	.	3	1	2	0|1	.	.	.	.	.	-	-	ref	no:duplicate_of_stvar	1	.	.	.	0
truth_stvar	chr6	167663797	167663797	.	1	1	0	0|1	.	.	.	.	.	-	-	ref	no:star_allele	1	.	.	.	0
truth_stvar	chr6	167663797	167663797	.	1	1	0	1|0	.	.	.	.	.	-	-	yes	ref	1	.	.	.	0
truth_smvar	chr6	167663797	167663797	.	1	1,1	0	1|2	.	.	.	.	.	-	-	no:duplicate_of_stvar	no:star_allele	1	.	.	.	0
truth_stvar	chr6	167663829	167663829	.	1	1	0	1|1	.	.	.	.	.	-	-	yes	yes	1	.	.	.	0
truth_smvar	chr6	167663829	167663829	.	1	1	0	1|1	.	.	.	.	.	-	-	no:duplicate_of_stvar	no:duplicate_of_stvar	1	.	.	.	0
truth_stvar	chr6	167663865	167663865	.	1	1	0	1|1	.	.	.	.	.	-	-	yes	yes	1	.	.	.	0
truth_smvar	chr6	167663865	167663865	.	1	1	0	1|1	.	.	.	.	.	-	-	no:duplicate_of_stvar	no:duplicate_of_stvar	1	.	.	.	0
truth_stvar	chr6	167663869	167663869	.	1	1	0	1|0	.	.	.	.	.	-	-	yes	ref	1	.	.	.	0
truth_smvar	chr6	167663869	167663869	.	1	1	0	1|0	.	.	.	.	.	-	-	no:duplicate_of_stvar	ref	1	.	.	.	0
truth_stvar	chr6	167663881	167663881	.	1	1	0	1|0	.	.	.	.	.	-	-	yes	ref	1	.	.	.	0
truth_smvar	chr6	167663881	167663881	.	1	1	0	1|0	.	.	.	.	.	-	-	no:duplicate_of_stvar	ref	1	.	.	.	0
truth_stvar	chr6	167663883	167663883	.	1	19	18	1|0	.	.	.	.	.	-	-	yes	ref	1	.	.	.	0
truth_smvar	chr6	167663883	167663883	.	1	19	18	1|0	.	.	.	.	.	-	-	no:duplicate_of_stvar	ref	1	.	.	.	0
truth_stvar	chr6	167663898	167663898	.	1	1	0	0|1	.	.	.	.	.	-	-	ref	yes	1	.	.	.	0
truth_smvar	chr6	167663898	167663898	.	1	1	0	0|1	.	.	.	.	.	-	-	ref	no:duplicate_of_stvar	1	.	.	.	0
truth_stvar	chr6	167663900	167663900	.	1	1	0	0|1	.	.	.	.	.	-	-	ref	yes	1	.	.	.	0
truth_smvar	chr6	167663900	167663900	.	1	1	0	0|1	.	.	.	.	.	-	-	ref	no:duplicate_of_stvar	1	.	.	.	0
truth_stvar	chr6	167663907	167663907	.	1	1	0	1|1	.	.	.	.	.	-	-	yes	yes	1	.	.	.	0
truth_smvar	chr6	167663907	167663907	.	1	1	0	1|1	.	.	.	.	.	-	-	no:duplicate_of_stvar	no:duplicate_of_stvar	1	.	.	.	0
truth_stvar	chr6	167663916	167663916	.	1	1	0	1|0	.	.	.	.	.	-	-	yes	ref	1	.	.	.	0
truth_smvar	chr6	167663916	167663916	.	1	1	0	1|0	.	.	.	.	.	-	-	no:duplicate_of_stvar	ref	1	.	.	.	0
truth_stvar	chr6	167663918	167663918	.	1	1	0	0|1	.	.	.	.	.	-	-	ref	yes	1	.	.	.	0
truth_smvar	chr6	167663918	167663918	.	1	1	0	0|1	.	.	.	.	.	-	-	ref	no:duplicate_of_stvar	1	.	.	.	0
truth_stvar	chr6	167663919	167663919	.	1	1	0	0|1	.	.	.	.	.	-	-	ref	yes	1	.	.	.	0
truth_smvar	chr6	167663919	167663919	.	1	1	0	0|1	.	.	.	.	.	-	-	ref	no:duplicate_of_stvar	1	.	.	.	0
truth_stvar	chr6	167663926	167663926	.	1	71	70	0|1	.	.	.	.	.	FN	FN	ref	yes	1	INS	18	.	0
truth_smvar	chr6	167663926	167663926	.	1	71	70	0|1	.	.	.	.	.	-	-	ref	no:duplicate_of_stvar	1	.	18	.	0
truth_stvar	chr6	167663942	167663942	.	1	1	0	0|1	.	.	.	.	.	-	-	ref	yes	1	.	.	.	0
truth_smvar	chr6	167663942	167663942	.	1	1	0	0|1	.	.	.	.	.	-	-	ref	no:duplicate_of_stvar	1	.	.	.	0
truth_stvar	chr6	167664023	167664023	.	1	1	0	0|1	.	.	.	.	.	-	-	ref	yes	1	.	.	.	0
truth_smvar	chr6	167664023	167664023	.	1	1	0	0|1	.	.	.	.	.	-	-	ref	no:duplicate_of_stvar	1	.	.	.	0
truth_stvar	chr6	167664038	167664038	.	1	1	0	1|0	.	.	.	.	.	-	-	yes	ref	1	.	.	.	0
truth_smvar	chr6	167664038	167664038	.	1	1	0	1|0	.	.	.	.	.	-	-	no:duplicate_of_stvar	ref	1	.	.	.	0
pangenie	chr6	167664061	167664061	chr6-167664061-SNV->177943009>177943013>177943014-1	1	1	0	1/1	1	.	PASS	-	-	.	.	.	.	.	.	.	.	0
pangenie	chr6	167664069	167664069	chr6-167664069-SNV->177943015>177943017>177943018-1	1	1	0	0/1	1	.	PASS	-	-	.	.	.	.	.	.	.	.	0
pangenie	chr6	167664075	167664075	chr6-167664075-SNV->177943019>177943021>177943022-1	1	1	0	0/1	1	.	PASS	-	-	.	.	.	.	.	.	.	.	0
pangenie	chr6	167664089	167664089	chr6-167664089-SNV->177943032>177943034>177943035-1	1	1	0	0/1	1	.	PASS	-	-	.	.	.	.	.	.	.	.	0
truth_stvar	chr6	167664097	167664097	.	1	1	0	1|0	.	.	.	.	.	-	-	yes	ref	1	.	.	.	0
truth_smvar	chr6	167664097	167664097	.	1	1	0	1|0	.	.	.	.	.	-	-	no:duplicate_of_stvar	ref	1	.	.	.	0
pangenie	chr6	167664106	167664260	chr6-167664125-DEL->177943065>177943113-154	155	1	-154	0/1	1	.	PASS	FP	-	.	.	.	.	.	.	.	890.18,890.14	0
truth_stvar	chr6	167664107	167664107	.	1	1	0	0|1	.	.	.	.	.	-	-	ref	yes	1	.	.	.	0
truth_smvar	chr6	167664107	167664107	.	1	1	0	0|1	.	.	.	.	.	-	-	ref	no:duplicate_of_stvar	1	.	.	.	0
pangenie	chr6	167664107	167664107	chr6-167664107-SNV->177943047>177943048>177943052-1	1	1	0	1/0	1	.	PASS	-	-	.	.	.	.	.	.	.	.	0
pangenie	chr6	167664114	167664114	chr6-167664114-SNV->177943053>177943054>177943057-1	1	1	0	1/0	1	.	PASS	-	-	.	.	.	.	.	.	.	.	0
truth_stvar	chr6	167664123	167664123	.	1	1	0	0|1	.	.	.	.	.	-	-	ref	yes	1	.	.	.	0
truth_smvar	chr6	167664123	167664123	.	1	1	0	0|1	.	.	.	.	.	-	-	ref	no:duplicate_of_stvar	1	.	.	.	0
pangenie	chr6	167664123	167664123	chr6-167664123-SNV->177943060>177943062>177943063-1	1	1	0	1/1	1	.	PASS	-	-	.	.	.	.	.	.	.	.	0
truth_stvar	chr6	167664135	167664135	.	1	1	0	0|1	.	.	.	.	.	-	-	ref	yes	1	.	.	.	0
truth_smvar	chr6	167664135	167664135	.	1	1	0	0|1	.	.	.	.	.	-	-	ref	no:duplicate_of_stvar	1	.	.	.	0
pangenie	chr6	167664135	167664135	chr6-167664135-SNV->177943078>177943081>177943084-1	1	1	0	1/0	1	.	PASS	-	-	.	.	.	.	.	.	.	.	0
truth_stvar	chr6	167664144	167664144	.	1	1	0	0|1	.	.	.	.	.	-	-	ref	yes	1	.	.	.	0
truth_smvar	chr6	167664144	167664144	.	1	1	0	0|1	.	.	.	.	.	-	-	ref	no:duplicate_of_stvar	1	.	.	.	0
truth_stvar	chr6	167664145	167664145	.	1	1	0	1|1	.	.	.	.	.	-	-	yes	yes	1	.	.	.	0
truth_smvar	chr6	167664145	167664145	.	1	1	0	1|1	.	.	.	.	.	-	-	no:duplicate_of_stvar	no:duplicate_of_stvar	1	.	.	.	0
pangenie	chr6	167664145	167664145	chr6-167664145-SNV->177943087>177943089>177943090-1	1	1	0	1/0	1	.	PASS	-	-	.	.	.	.	.	.	.	.	0
pangenie	chr6	167664152	167664152	chr6-167664152-SNV->177943090>177943092>177943093-1	1	1	0	1/0	1	.	PASS	-	-	.	.	.	.	.	.	.	.	0
truth_stvar	chr6	167664154	167664462	.	309	1	308	0|1	.	.	.	.	.	TP	TP	ref	yes	1	DEL	18	.	0
truth_smvar	chr6	167664154	167664462	.	309	1	308	0|1	.	.	.	.	.	-	-	ref	no:duplicate_of_stvar	1	.	18	.	0
pangenie	chr6	167664159	167664161	chr6-167664160-DEL->177943093>177943097-2	3	1	-2	1/0	1	.	PASS	-	-	.	.	.	.	.	.	.	.	0
truth_stvar	chr6	167664161	167664161	.	1	1	0	0|1	.	.	.	.	.	-	-	ref	no:star_allele	1	.	.	.	0
truth_stvar	chr6	167664161	167664161	.	1	1	0	1|0	.	.	.	.	.	-	-	yes	ref	1	.	.	.	0
truth_smvar	chr6	167664161	167664161	.	1	1,1	0	1|2	.	.	.	.	.	-	-	no:duplicate_of_stvar	no:star_allele	1	.	.	.	0
pangenie	chr6	167664163	167664277	chr6-167664163-DEL->177943097>177943112-114	115	1	-114	1/0	1	.	PASS	FP	-	.	.	.	.	.	.	.	890.3,890.15	0
truth_stvar	chr6	167664259	167664261	.	3	1	0	0|1	.	.	.	.	.	-	-	ref	no:star_allele	1	.	.	.	0
truth_stvar	chr6	167664259	167664261	.	3	1	2	1|0	.	.	.	.	.	-	-	yes	ref	1	.	.	.	0
truth_smvar	chr6	167664259	167664261	.	3	1,1	2	1|2	.	.	.	.	.	-	-	no:duplicate_of_stvar	no:star_allele	1	.	.	.	0
truth_stvar	chr6	167664277	167664277	.	1	1	0	0|1	.	.	.	.	.	-	-	ref	no:star_allele	1	.	.	.	0
truth_stvar	chr6	167664277	167664277	.	1	1	0	1|0	.	.	.	.	.	-	-	yes	ref	1	.	.	.	0
truth_smvar	chr6	167664277	167664277	.	1	1,1	0	1|2	.	.	.	.	.	-	-	no:duplicate_of_stvar	no:star_allele	1	.	.	.	0
pangenie	chr6	167664288	167664289	chr6-167664288-COMPLEX->177943115>177943118>177943119>177943121-2	2	2	0	0/1	1	.	PASS	-	-	.	.	.	.	.	.	.	.	0
vg	chr6	167664289	167664289	>175946148>175946155	1	1	0	.|1	1	6.58541	PASS	-	-	.	.	.	.	.	.	.	.	0
pangenie	chr6	167664289	167664289	chr6-167664289-SNV->177943116>177943119>177943121-1	1	1	0	1/0	1	.	PASS	-	-	.	.	.	.	.	.	.	.	0
pangenie	chr6	167664296	167664296	chr6-167664296-SNV->177943124>177943125>177943129-1	1	1	0	0/1	1	.	PASS	-	-	.	.	.	.	.	.	.	.	0
pangenie	chr6	167664299	167664299	chr6-167664299-SNV->177943129>177943131>177943132-1	1	1	0	0/1	1	.	PASS	-	-	.	.	.	.	.	.	.	.	0
truth_stvar	chr6	167664306	167664307	.	2	1	0	0|1	.	.	.	.	.	-	-	ref	no:star_allele	1	.	.	.	0
truth_stvar	chr6	167664306	167664307	.	2	1	1	1|0	.	.	.	.	.	-	-	yes	ref	1	.	.	.	0
truth_smvar	chr6	167664306	167664307	.	2	1,1	1	1|2	.	.	.	.	.	-	-	no:duplicate_of_stvar	no:star_allele	1	.	.	.	0
vg	chr6	167664306	167664306	>175946165>175946168	1	1	0	.|1	1	4.76036	PASS	-	-	.	.	.	.	.	.	.	.	0
vg	chr6	167664315	167664315	>175946172>175946175	1	1	0	.|1	1	5.68323	PASS	-	-	.	.	.	.	.	.	.	.	0
pangenie	chr6	167664315	167664315	chr6-167664315-SNV->177943144>177943146>177943147-1	1	1	0	1/1	1	.	PASS	-	-	.	.	.	.	.	.	.	.	0
pangenie	chr6	167664320	167664328	chr6-167664325-DEL->177943152>177943162-8	9	1	-8	0/1	1	.	PASS	-	-	.	.	.	.	.	.	.	.	0
pangenie	chr6	167664326	167664327	chr6-167664326-COMPLEX->177943152>177943155>177943156>177943157-2	2	2	0	1/0	1	.	PASS	-	-	.	.	.	.	.	.	.	.	0
vg	chr6	167664327	167664327	>175946183>175946190	1	1	0	.|1	1	6.4443	PASS	-	-	.	.	.	.	.	.	.	.	0
pangenie	chr6	167664328	167664376	chr6-167664335-DEL->177943162>177943209-48	49	1	-48	0/1	1	.	PASS	-	-	.	.	.	.	.	.	.	.	0
vg	chr6	167664344	167664344	>175946201>175946204	1	1	0	.|1	1	4.61519	PASS	-	-	.	.	.	.	.	.	.	.	0
vg	chr6	167664353	167664353	>175946208>175946212	1	1	0	1|1	1	10.1333	PASS	-	-	.	.	.	.	.	.	.	.	0
pangenie	chr6	167664353	167664353	chr6-167664353-SNV->177943176>177943178>177943180-1	1	1	0	1/0	1	.	PASS	-	-	.	.	.	.	.	.	.	.	0
vg	chr6	167664357	167664357	>175946213>175946217	1	1	0	1|0	1	4.10329	PASS	-	-	.	.	.	.	.	.	.	.	0
pangenie	chr6	167664364	167664365	chr6-167664364-COMPLEX->177943190>177943193>177943194>177943196-2	2	2	0	1/0	1	.	PASS	-	-	.	.	.	.	.	.	.	.	0
vg	chr6	167664365	167664365	>175946222>175946228	1	1	0	1|1	1	10.1393	PASS	-	-	.	.	.	.	.	.	.	.	0
vg	chr6	167664375	167664375	>175946228>175946231	1	1	0	1|0	1	3.8247	PASS	-	-	.	.	.	.	.	.	.	.	0
vg	chr6	167664391	167664391	>175946241>175946244	1	1	0	1|.	1	6.09423	PASS	-	-	.	.	.	.	.	.	.	.	0
pangenie	chr6	167664391	167664391	chr6-167664391-SNV->177943214>177943216>177943217-1	1	1	0	1/1	1	.	PASS	-	-	.	.	.	.	.	.	.	.	0
pangenie	chr6	167664400	167664400	chr6-167664400-SNV->177943225>177943229>177943232-1	1	1	0	0/1	1	.	PASS	-	-	.	.	.	.	.	.	.	.	0
pangenie	chr6	167664400	167664400	chr6-167664401-INS->177943232>177943233>177943234>177943235>177943237>177943238>177943241>177943242>177943244>177943245-38	1	39	38	0/1	1	.	PASS	-	-	.	.	.	.	.	.	.	.	0
vg	chr6	167664402	167664403	>175946252>175946258	2	2	0	1|.	1	6.63754	PASS	-	-	.	.	.	.	.	.	.	.	0
pangenie	chr6	167664403	167664403	chr6-167664403-SNV->177943245>177943249>177943250-1	1	1	0	1/1	1	.	PASS	-	-	.	.	.	.	.	.	.	.	0
pangenie	chr6	167664412	167664414	chr6-167664412-DEL->177943254>177943259-2	3	1	-2	0/1	1	.	PASS	-	-	.	.	.	.	.	.	.	.	0
truth_stvar	chr6	167664429	167664429	.	1	1	0	0|1	.	.	.	.	.	-	-	ref	no:star_allele	1	.	.	.	0
truth_stvar	chr6	167664429	167664429	.	1	1	0	1|0	.	.	.	.	.	-	-	yes	ref	1	.	.	.	0
truth_smvar	chr6	167664429	167664429	.	1	1,1	0	1|2	.	.	.	.	.	-	-	no:duplicate_of_stvar	no:star_allele	1	.	.	.	0
vg	chr6	167664429	167664429	>175946268>175946271	1	1	0	1|1	1	8.00406	PASS	-	-	.	.	.	.	.	.	.	.	0
pangenie	chr6	167664429	167664429	chr6-167664429-SNV->177943266>177943268>177943269-1	1	1	0	1/1	1	.	PASS	-	-	.	.	.	.	.	.	.	.	0
pangenie	chr6	167664429	167664457	chr6-167664431-DEL->177943269>177943300-28	29	1	-28	0/1	1	.	PASS	-	-	.	.	.	.	.	.	.	.	0
vg	chr6	167664440	167664441	>175946275>175946282	2	2	0	1|1	1	11.6195	PASS	-	-	.	.	.	.	.	.	.	.	0
truth_stvar	chr6	167664441	167664441	.	1	1	0	0|1	.	.	.	.	.	-	-	ref	no:star_allele	1	.	.	.	0
truth_stvar	chr6	167664441	167664441	.	1	1	0	1|0	.	.	.	.	.	-	-	yes	ref	1	.	.	.	0
truth_smvar	chr6	167664441	167664441	.	1	1,1	0	1|2	.	.	.	.	.	-	-	no:duplicate_of_stvar	no:star_allele	1	.	.	.	0
pangenie	chr6	167664441	167664441	chr6-167664441-SNV->177943280>177943283>177943285-1	1	1	0	1/0	1	.	PASS	-	-	.	.	.	.	.	.	.	.	0
pangenie	chr6	167664441	167664517	chr6-167664488-DEL->177943333>177943525-76	77	1	-76	1/0	1	.	PASS	FP	-	.	.	.	.	.	.	.	890.16,890.16	0
vg	chr6	167664448	167664448	>175946283>175946286	1	1	0	0|1	1	5.03201	PASS	-	-	.	.	.	.	.	.	.	.	0
vg	chr6	167664451	167664451	>175946288>175946291	1	1	0	0|1	1	4.81363	PASS	-	-	.	.	.	.	.	.	.	.	0
pangenie	chr6	167664468	167664468	chr6-167664468-SNV->177943304>177943305>177943310-1	1	1	0	0/1	1	.	PASS	-	-	.	.	.	.	.	.	.	.	0
pangenie	chr6	167664472	167664493	chr6-167664472-DEL->177943314>177943337-21	22	1	-21	0/1	1	.	PASS	-	-	.	.	.	.	.	.	.	.	0
vg	chr6	167664488	167664565	>175946316>175946534	78	311	233	0|1	1	47.8997	PASS	FP	-	.	.	.	.	.	.	.	896.15,896.17	0
pangenie	chr6	167664498	167664500	chr6-167664505-DEL->177943344>177943347-2	3	1	-2	0/1	1	.	PASS	-	-	.	.	.	.	.	.	.	.	0
pangenie	chr6	167664527	167664527	chr6-167664527-SNV->177943365>177943367>177943368-1	1	1	0	0/1	1	.	PASS	-	-	.	.	.	.	.	.	.	.	0
truth_stvar	chr6	167664534	167664534	.	1	1	0	1|0	.	.	.	.	.	-	-	yes	ref	1	.	.	.	0
truth_smvar	chr6	167664534	167664534	.	1	1	0	1|0	.	.	.	.	.	-	-	no:duplicate_of_stvar	ref	1	.	.	.	0
pangenie	chr6	167664542	167664542	chr6-167664542-SNV->177943372>177943374>177943375-1	1	1	0	0/1	1	.	PASS	-	-	.	.	.	.	.	.	.	.	0
pangenie	chr6	167664565	167664565	chr6-167664565-INS->177943402>177943403>177943406>177943407>177943409>177943410>177943411>177943413>177943414>177943416>177943419>177943420>177943422>177943424>177943427>177943428>177943429>177943431>177943432>177943434>177943435>177943437>177943438>177943440>177943441>177943443>177943444>177943445>177943446>177943448>177943461>177943463>177943465>177943466>177943469>177943470>177943472>177943473>177943475>177943477>177943478>177943480>177943481>177943483>177943484>177943486>177943487>177943489>177943490>177943492>177943494>177943495>177943497>177943498>177943501>177943502>177943504>177943505>177943509>177943510>177943512>177943514>177943516>177943517>177943518>177943520>177943521>177943522>177943524>177943526>177943527-152	1	153	152	0/1	1	.	PASS	FP	-	.	.	.	.	.	.	.	890.18,890.17	0
vg	chr6	167664566	167664908	>175946534>175946754	343	1	-342	0|1	1	24.5669	PASS	TP	-	.	.	.	.	.	.	.	896.15,896.16	0
truth_stvar	chr6	167664572	167664572	.	1	1	0	1|0	.	.	.	.	.	-	-	yes	ref	1	.	.	.	0
truth_smvar	chr6	167664572	167664572	.	1	1	0	1|0	.	.	.	.	.	-	-	no:duplicate_of_stvar	ref	1	.	.	.	0
pangenie	chr6	167664580	167664748	chr6-167664580-DEL->177943527>177943528>177943530>177943531>177943532>177943630>177943632>177943633>177943650-168	169	1	-168	0/1	1	.	PASS	FP	-	.	.	.	.	.	.	.	890.18,890.18	0
truth_stvar	chr6	167664630	167664630	.	1	1	0	1|0	.	.	.	.	.	-	-	yes	ref	1	.	.	.	0
truth_smvar	chr6	167664630	167664630	.	1	1	0	1|0	.	.	.	.	.	-	-	no:duplicate_of_stvar	ref	1	.	.	.	0
truth_stvar	chr6	167664660	167664666	.	7	1	6	0|1	.	.	.	.	.	-	-	ref	yes	1	.	.	.	0
truth_smvar	chr6	167664660	167664666	.	7	1	6	0|1	.	.	.	.	.	-	-	ref	no:duplicate_of_stvar	1	.	.	.	0
truth_stvar	chr6	167664668	167664668	.	1	1	0	1|0	.	.	.	.	.	-	-	yes	ref	1	.	.	.	0
truth_smvar	chr6	167664668	167664668	.	1	1	0	1|0	.	.	.	.	.	-	-	no:duplicate_of_stvar	ref	1	.	.	.	0
truth_stvar	chr6	167664702	167664708	.	7	1	6	0|1	.	.	.	.	.	-	-	ref	yes	1	.	.	.	0
truth_smvar	chr6	167664702	167664708	.	7	1	6	0|1	.	.	.	.	.	-	-	ref	no:duplicate_of_stvar	1	.	.	.	0
vg	chr6	167664736	167664738	>175946650>175946652	3	1	-2	1|.	1	2.41062	PASS	-	-	.	.	.	.	.	.	.	.	0
pangenie	chr6	167664736	167664738	chr6-167664736-DEL->177943620>177943622-2	3	1	-2	1/0	1	.	PASS	-	-	.	.	.	.	.	.	.	.	0
pangenie	chr6	167664746	167664900	chr6-167664751-DEL->177943651>177943744-154	155	1	-154	0/1	1	.	PASS	FP	-	.	.	.	.	.	.	.	890.18,890.19	0
truth_stvar	chr6	167664755	167664755	.	1	1	0	0|1	.	.	.	.	.	-	-	ref	yes	1	.	.	.	0
truth_smvar	chr6	167664755	167664755	.	1	1	0	0|1	.	.	.	.	.	-	-	ref	no:duplicate_of_stvar	1	.	.	.	0
truth_stvar	chr6	167664761	167664761	.	1	1	0	0|1	.	.	.	.	.	-	-	ref	yes	1	.	.	.	0
truth_smvar	chr6	167664761	167664761	.	1	1	0	0|1	.	.	.	.	.	-	-	ref	no:duplicate_of_stvar	1	.	.	.	0
vg	chr6	167664762	167664762	>175946666>175946679	1	1	0	1|.	1	4.38829	PASS	-	-	.	.	.	.	.	.	.	.	0
pangenie	chr6	167664762	167664762	chr6-167664762-SNV->177943659>177943661>177943662-1	1	1	0	1/0	1	.	PASS	-	-	.	.	.	.	.	.	.	.	0
truth_stvar	chr6	167664775	167664775	.	1	1	0	0|1	.	.	.	.	.	-	-	ref	yes	1	.	.	.	0
truth_smvar	chr6	167664775	167664775	.	1	1	0	0|1	.	.	.	.	.	-	-	ref	no:duplicate_of_stvar	1	.	.	.	0
truth_stvar	chr6	167664793	167664793	.	1	1	0	0|1	.	.	.	.	.	-	-	ref	yes	1	.	.	.	0
truth_smvar	chr6	167664793	167664793	.	1	1	0	0|1	.	.	.	.	.	-	-	ref	no:duplicate_of_stvar	1	.	.	.	0
vg	chr6	167664800	167664800	>175946666>175946679	1	1	0	1|.	1	4.38829	PASS	-	-	.	.	.	.	.	.	.	.	0
pangenie	chr6	167664800	167664800	chr6-167664800-SNV->177943682>177943684>177943685-1	1	1	0	1/0	1	.	PASS	-	-	.	.	.	.	.	.	.	.	0
truth_stvar	chr6	167664820	167664820	.	1	1	0	0|1	.	.	.	.	.	-	-	ref	yes	1	.	.	.	0
truth_smvar	chr6	167664820	167664820	.	1	1	0	0|1	.	.	.	.	.	-	-	ref	no:duplicate_of_stvar	1	.	.	.	0
truth_stvar	chr6	167664828	167664828	.	1	1	0	0|1	.	.	.	.	.	-	-	ref	yes	1	.	.	.	0
truth_smvar	chr6	167664828	167664828	.	1	1	0	0|1	.	.	.	.	.	-	-	ref	no:duplicate_of_stvar	1	.	.	.	0
truth_stvar	chr6	167664831	167664831	.	1	1	0	0|1	.	.	.	.	.	-	-	ref	yes	1	.	.	.	0
truth_smvar	chr6	167664831	167664831	.	1	1	0	0|1	.	.	.	.	.	-	-	ref	no:duplicate_of_stvar	1	.	.	.	0
vg	chr6	167664838	167664838	>175946700>175946705	1	1	0	1|.	1	4.05673	PASS	-	-	.	.	.	.	.	.	.	.	0
pangenie	chr6	167664838	167664838	chr6-167664838-SNV->177943700>177943702>177943703-1	1	1	0	1/0	1	.	PASS	-	-	.	.	.	.	.	.	.	.	0
truth_stvar	chr6	167664851	167664869	.	19	1	18	0|1	.	.	.	.	.	-	-	ref	yes	1	.	.	.	0
truth_smvar	chr6	167664851	167664869	.	19	1	18	0|1	.	.	.	.	.	-	-	ref	no:duplicate_of_stvar	1	.	.	.	0
truth_stvar	chr6	167664894	167664894	.	1	1	0	0|1	.	.	.	.	.	-	-	ref	yes	1	.	.	.	0
truth_smvar	chr6	167664894	167664894	.	1	1	0	0|1	.	.	.	.	.	-	-	ref	no:duplicate_of_stvar	1	.	.	.	0
pangenie	chr6	167664898	167665146	chr6-167664906-DEL->177943744>177943953-248	249	1	-248	0/1	1	.	PASS	TP	-	.	.	.	.	.	.	.	890.17,890.20	0
truth_stvar	chr6	167664907	167664907	.	1	1	0	0|1	.	.	.	.	.	-	-	ref	yes	1	.	.	.	0
truth_smvar	chr6	167664907	167664907	.	1	1	0	0|1	.	.	.	.	.	-	-	ref	no:duplicate_of_stvar	1	.	.	.	0
vg	chr6	167664930	167664968	>175946771>175946792	39	1	-38	1|2	1	29.3838	PASS	-	-	.	.	.	.	.	.	.	.	0
vg	chr6	167664930	167664968	>175946771>175946792	39	1	-38	1|2	1	29.3838	PASS	-	-	.	.	.	.	.	.	.	.	0
truth_stvar	chr6	167664932	167664932	.	1	1	0	0|1	.	.	.	.	.	-	-	ref	yes	1	.	.	.	0
truth_smvar	chr6	167664932	167664932	.	1	1	0	0|1	.	.	.	.	.	-	-	ref	no:duplicate_of_stvar	1	.	.	.	0
truth_stvar	chr6	167664944	167664946	.	3	1	2	0|1	.	.	.	.	.	-	-	ref	yes	1	.	.	.	0
truth_smvar	chr6	167664944	167664946	.	3	1	2	0|1	.	.	.	.	.	-	-	ref	no:duplicate_of_stvar	1	.	.	.	0
pangenie	chr6	167664945	167664945	chr6-167664945-SNV->177943771>177943774>177943775-1	1	1	0	1/0	1	.	PASS	-	-	.	.	.	.	.	.	.	.	0
truth_stvar	chr6	167664952	167664952	.	1	75	74	1|0	.	.	.	.	.	FN	FN	yes	ref	1	INS	18	.	0
truth_smvar	chr6	167664952	167664952	.	1	75	74	1|0	.	.	.	.	.	-	-	no:duplicate_of_stvar	ref	1	.	18	.	0
truth_stvar	chr6	167664956	167664956	.	1	26	25	0|1	.	.	.	.	.	-	-	ref	yes	1	INS	18	.	0
truth_smvar	chr6	167664956	167664956	.	1	26	25	0|1	.	.	.	.	.	-	-	ref	no:duplicate_of_stvar	1	.	18	.	0
pangenie	chr6	167664967	167665005	chr6-167664967-DEL->177943786>177943799>177943800-38	39	1	-38	1/0	1	.	PASS	-	-	.	.	.	.	.	.	.	.	0
vg	chr6	167664976	167665258	>175946803>175947079	283	1	-282	0|1	1	58.9934	PASS	TP	-	.	.	.	.	.	.	.	896.17,896.18	0
truth_stvar	chr6	167664983	167664983	.	1	1	0	0|1	.	.	.	.	.	-	-	ref	yes	1	.	.	.	0
truth_smvar	chr6	167664983	167664983	.	1	1	0	0|1	.	.	.	.	.	-	-	ref	no:duplicate_of_stvar	1	.	.	.	0
vg	chr6	167664983	167664983	>175946809>175946815	1	1	0	1|.	1	34.9352	PASS	-	-	.	.	.	.	.	.	.	.	0
truth_stvar	chr6	167664990	167664990	.	1	1	0	1|0	.	.	.	.	.	-	-	yes	ref	1	.	.	.	0
truth_smvar	chr6	167664990	167664990	.	1	1	0	1|0	.	.	.	.	.	-	-	no:duplicate_of_stvar	ref	1	.	.	.	0
truth_stvar	chr6	167664998	167664998	.	1	1	0	0|1	.	.	.	.	.	-	-	ref	yes	1	.	.	.	0
truth_smvar	chr6	167664998	167664998	.	1	1	0	0|1	.	.	.	.	.	-	-	ref	no:duplicate_of_stvar	1	.	.	.	0
truth_stvar	chr6	167665005	167665005	.	1	1	0	1|1	.	.	.	.	.	-	-	yes	yes	1	.	.	.	0
truth_smvar	chr6	167665005	167665005	.	1	1	0	1|1	.	.	.	.	.	-	-	no:duplicate_of_stvar	no:duplicate_of_stvar	1	.	.	.	0
vg	chr6	167665005	167665005	>175946824>175946827	1	1	0	1|.	1	35.9338	PASS	-	-	.	.	.	.	.	.	.	.	0
vg	chr6	167665014	167665014	>175946833>175946836	1	1	0	1|.	1	36.1522	PASS	-	-	.	.	.	.	.	.	.	.	0
pangenie	chr6	167665014	167665014	chr6-167665014-SNV->177943806>177943807>177943810-1	1	1	0	1/0	1	.	PASS	-	-	.	.	.	.	.	.	.	.	0
truth_stvar	chr6	167665021	167665021	.	1	1	0	0|1	.	.	.	.	.	-	-	ref	yes	1	.	.	.	0
truth_smvar	chr6	167665021	167665021	.	1	1	0	0|1	.	.	.	.	.	-	-	ref	no:duplicate_of_stvar	1	.	.	.	0
truth_stvar	chr6	167665036	167665036	.	1	1	0	0|1	.	.	.	.	.	-	-	ref	yes	1	.	.	.	0
truth_smvar	chr6	167665036	167665036	.	1	1	0	0|1	.	.	.	.	.	-	-	ref	no:duplicate_of_stvar	1	.	.	.	0
truth_stvar	chr6	167665043	167665043	.	1	1	0	1|1	.	.	.	.	.	-	-	yes	yes	1	.	.	.	0
truth_smvar	chr6	167665043	167665043	.	1	1	0	1|1	.	.	.	.	.	-	-	no:duplicate_of_stvar	no:duplicate_of_stvar	1	.	.	.	0
vg	chr6	167665043	167665043	>175946858>175946861	1	1	0	1|.	1	36.1562	PASS	-	-	.	.	.	.	.	.	.	.	0
pangenie	chr6	167665043	167665043	chr6-167665043-SNV->177943824>177943826>177943827-1	1	1	0	1/0	1	.	PASS	-	-	.	.	.	.	.	.	.	.	0
vg	chr6	167665052	167665052	>175946861>175946864	1	1	0	1|.	1	35.9331	PASS	-	-	.	.	.	.	.	.	.	.	0
pangenie	chr6	167665052	167665052	chr6-167665052-SNV->177943831>177943833>177943834-1	1	1	0	1/0	1	.	PASS	-	-	.	.	.	.	.	.	.	.	0
truth_stvar	chr6	167665059	167665059	.	1	1	0	0|1	.	.	.	.	.	-	-	ref	yes	1	.	.	.	0
truth_smvar	chr6	167665059	167665059	.	1	1	0	0|1	.	.	.	.	.	-	-	ref	no:duplicate_of_stvar	1	.	.	.	0
truth_stvar	chr6	167665074	167665074	.	1	1	0	0|1	.	.	.	.	.	-	-	ref	yes	1	.	.	.	0
truth_smvar	chr6	167665074	167665074	.	1	1	0	0|1	.	.	.	.	.	-	-	ref	no:duplicate_of_stvar	1	.	.	.	0
truth_stvar	chr6	167665097	167665097	.	1	1	0	0|1	.	.	.	.	.	-	-	ref	yes	1	.	.	.	0
truth_stvar	chr6	167665097	167665097	.	1	1	0	1|0	.	.	.	.	.	-	-	yes	ref	1	.	.	.	0
truth_smvar	chr6	167665097	167665097	.	1	1,1	0	2|1	.	.	.	.	.	-	-	no:duplicate_of_stvar	no:duplicate_of_stvar	1	.	.	.	0
truth_stvar	chr6	167665112	167665112	.	1	1	0	0|1	.	.	.	.	.	-	-	ref	yes	1	.	.	.	0
truth_smvar	chr6	167665112	167665112	.	1	1	0	0|1	.	.	.	.	.	-	-	ref	no:duplicate_of_stvar	1	.	.	.	0
truth_stvar	chr6	167665128	167665128	.	1	1	0	1|0	.	.	.	.	.	-	-	yes	ref	1	.	.	.	0
truth_smvar	chr6	167665128	167665128	.	1	1	0	1|0	.	.	.	.	.	-	-	no:duplicate_of_stvar	ref	1	.	.	.	0
truth_stvar	chr6	167665135	167665135	.	1	1	0	0|1	.	.	.	.	.	-	-	ref	yes	1	.	.	.	0
truth_smvar	chr6	167665135	167665135	.	1	1	0	0|1	.	.	.	.	.	-	-	ref	no:duplicate_of_stvar	1	.	.	.	0
vg	chr6	167665135	167665137	>175946947>175946950	3	1	-2	1|.	1	41.7695	PASS	-	-	.	.	.	.	.	.	.	.	0
pangenie	chr6	167665135	167665137	chr6-167665141-DEL->177943922>177943926-2	3	1	-2	1/0	1	.	PASS	-	-	.	.	.	.	.	.	.	.	0
truth_stvar	chr6	167665150	167665150	.	1	1	0	0|1	.	.	.	.	.	-	-	ref	yes	1	.	.	.	0
truth_smvar	chr6	167665150	167665150	.	1	1	0	0|1	.	.	.	.	.	-	-	ref	no:duplicate_of_stvar	1	.	.	.	0
truth_stvar	chr6	167665166	167665166	.	1	1	0	1|0	.	.	.	.	.	-	-	yes	ref	1	.	.	.	0
truth_smvar	chr6	167665166	167665166	.	1	1	0	1|0	.	.	.	.	.	-	-	no:duplicate_of_stvar	ref	1	.	.	.	0
truth_stvar	chr6	167665173	167665173	.	1	1	0	0|1	.	.	.	.	.	-	-	ref	yes	1	.	.	.	0
truth_smvar	chr6	167665173	167665173	.	1	1	0	0|1	.	.	.	.	.	-	-	ref	no:duplicate_of_stvar	1	.	.	.	0
pangenie	chr6	167665173	167665173	chr6-167665173-SNV->177943972>177943975>177943976-1	1	1	0	0/1	1	.	PASS	-	-	.	.	.	.	.	.	.	.	0
pangenie	chr6	167665193	167665249	chr6-167665227-DEL->177944028>177944093-56	57	1	-56	0/1	1	.	PASS	FP	-	.	.	.	.	.	.	.	890.8,890.21	0
truth_stvar	chr6	167665196	167665196	.	1	1	0	0|1	.	.	.	.	.	-	-	ref	yes	1	.	.	.	0
truth_smvar	chr6	167665196	167665196	.	1	1	0	0|1	.	.	.	.	.	-	-	ref	no:duplicate_of_stvar	1	.	.	.	0
pangenie	chr6	167665196	167665196	chr6-167665196-SNV->177943992>177943994>177943995-1	1	1	0	0/1	1	.	PASS	-	-	.	.	.	.	.	.	.	.	0
pangenie	chr6	167665205	167665205	chr6-167665205-SNV->177944004>177944006>177944007-1	1	1	0	0/1	1	.	PASS	-	-	.	.	.	.	.	.	.	.	0
truth_stvar	chr6	167665211	167665211	.	1	1	0	0|1	.	.	.	.	.	-	-	ref	yes	1	.	.	.	0
truth_smvar	chr6	167665211	167665211	.	1	1	0	0|1	.	.	.	.	.	-	-	ref	no:duplicate_of_stvar	1	.	.	.	0
vg	chr6	167665211	167665211	>175947000>175947006	1	1	0	1|.	1	13.7729	PASS	-	-	.	.	.	.	.	.	.	.	0
pangenie	chr6	167665211	167665211	chr6-167665211-SNV->177944014>177944016>177944017-1	1	1	0	1/1	1	.	PASS	-	-	.	.	.	.	.	.	.	.	0
pangenie	chr6	167665220	167665220	chr6-167665225-INS->177944021>177944022>177944025>177944026-2	1	3	2	1/0	1	.	PASS	-	-	.	.	.	.	.	.	.	.	0
vg	chr6	167665222	167665222	>175947011>175947033	1	19	18	1|.	1	4.82179	PASS	-	-	.	.	.	.	.	.	.	.	0
vg	chr6	167665228	167665240	>175947035>175947050	13	15	2	1|.	1	5.02094	PASS	-	-	.	.	.	.	.	.	.	.	0
vg	chr6	167665228	167665228	>175947036>175947039	1	1	0	1|.	1	3.23854	PASS	-	-	.	.	.	.	.	.	.	.	0
pangenie	chr6	167665228	167665228	chr6-167665228-INS->177944028>177944029>177944030>177944032>177944033>177944035>177944037>177944038-16	1	17	16	1/0	1	.	PASS	-	-	.	.	.	.	.	.	.	.	0
pangenie	chr6	167665240	167665240	chr6-167665247-INS->177944054>177944055>177944059>177944061-2	1	3	2	1/0	1	.	PASS	-	-	.	.	.	.	.	.	.	.	0
truth_stvar	chr6	167665243	167665243	.	1	1	0	0|1	.	.	.	.	.	-	-	ref	yes	1	.	.	.	0
truth_smvar	chr6	167665243	167665243	.	1	1	0	0|1	.	.	.	.	.	-	-	ref	no:duplicate_of_stvar	1	.	.	.	0
truth_stvar	chr6	167665249	167665249	.	1	1	0	0|1	.	.	.	.	.	-	-	ref	yes	1	.	.	.	0
truth_stvar	chr6	167665249	167665249	.	1	19	18	1|0	.	.	.	.	.	-	-	yes	ref	1	.	.	.	0
truth_smvar	chr6	167665249	167665249	.	1	1,19	18	2|1	.	.	.	.	.	-	-	no:duplicate_of_stvar	no:duplicate_of_stvar	1	.	.	.	0
vg	chr6	167665249	167665249	>175947058>175947063	1	1	0	1|.	1	3.35692	PASS	-	-	.	.	.	.	.	.	.	.	0
pangenie	chr6	167665249	167665249	chr6-167665249-SNV->177944061>177944063>177944064-1	1	1	0	1/0	1	.	PASS	-	-	.	.	.	.	.	.	.	.	0
truth_stvar	chr6	167665260	167665506	.	247	1	246	0|1	.	.	.	.	.	TP	TP	ref	yes	1	DEL	18	.	0
truth_smvar	chr6	167665260	167665506	.	247	1	246	0|1	.	.	.	.	.	-	-	ref	no:duplicate_of_stvar	1	.	18	.	0
vg	chr6	167665262	167665264	>175947081>175947085	3	1	-2	2|1	1	9.9882	PASS	-	-	.	.	.	.	.	.	.	.	0
vg	chr6	167665262	167665264	>175947081>175947085	3	3	0	2|1	1	9.9882	PASS	-	-	.	.	.	.	.	.	.	.	0
pangenie	chr6	167665264	167665264	chr6-167665264-SNV->177944076>177944078>177944079-1	1	1	0	1/0	1	.	PASS	-	-	.	.	.	.	.	.	.	.	0
vg	chr6	167665267	167665267	>175946759>175947090	1	1	0	1|1	1	63.0102	PASS	-	-	.	.	.	.	.	.	.	.	0
pangenie	chr6	167665267	167665267	chr6-167665267-SNV->177944081>177944083>177944085-1	1	1	0	1/0	1	.	PASS	-	-	.	.	.	.	.	.	.	.	0
vg	chr6	167665276	167665286	>175947093>175947104	11	1	-10	0|1	1	9.23414	PASS	-	-	.	.	.	.	.	.	.	.	0
pangenie	chr6	167665278	167665278	chr6-167665291-INS->177944097>177944098>177944099>177944101>177944102>177944103>177944104-8	1	9	8	0/1	1	.	PASS	-	-	.	.	.	.	.	.	.	.	0
pangenie	chr6	167665286	167665286	chr6-167665286-SNV->177944094>177944096>177944097-1	1	1	0	0/1	1	.	PASS	-	-	.	.	.	.	.	.	.	.	0
vg	chr6	167665287	167665429	>175947104>175947211	143	1	-142	0|1	1	84.3259	PASS	FP	-	.	.	.	.	.	.	.	896.18,896.19	0
pangenie	chr6	167665298	167665314	chr6-167665301-DEL->177944110>177944123-16	17	1	-16	0/1	1	.	PASS	-	-	.	.	.	.	.	.	.	.	0
vg	chr6	167665302	167665302	>175947116>175947119	1	1	0	1|.	1	3.23854	PASS	-	-	.	.	.	.	.	.	.	.	0
pangenie	chr6	167665302	167665302	chr6-167665302-SNV->177944110>177944112>177944113-1	1	1	0	1/0	1	.	PASS	-	-	.	.	.	.	.	.	.	.	0
truth_stvar	chr6	167665305	167665305	.	1	1	0	0|1	.	.	.	.	.	-	-	ref	no:star_allele	1	.	.	.	0
truth_stvar	chr6	167665305	167665305	.	1	1	0	1|0	.	.	.	.	.	-	-	yes	ref	1	.	.	.	0
truth_smvar	chr6	167665305	167665305	.	1	1,1	0	1|2	.	.	.	.	.	-	-	no:duplicate_of_stvar	no:star_allele	1	.	.	.	0
vg	chr6	167665305	167665305	>175947119>175947123	1	1	0	1|.	1	3.23854	PASS	-	-	.	.	.	.	.	.	.	.	0
pangenie	chr6	167665305	167665305	chr6-167665305-SNV->177944113>177944115>177944116-1	1	1	0	1/0	1	.	PASS	-	-	.	.	.	.	.	.	.	.	0
pangenie	chr6	167665314	167665316	chr6-167665321-DEL->177944126>177944130-2	3	1	-2	0/1	1	.	PASS	-	-	.	.	.	.	.	.	.	.	0
pangenie	chr6	167665331	167665331	chr6-167665331-SNV->177944135>177944137>177944138-1	1	1	0	0/1	1	.	PASS	-	-	.	.	.	.	.	.	.	.	0
truth_stvar	chr6	167665340	167665340	.	1	1	0	0|1	.	.	.	.	.	-	-	ref	no:star_allele	1	.	.	.	0
truth_stvar	chr6	167665340	167665340	.	1	1	0	1|0	.	.	.	.	.	-	-	yes	ref	1	.	.	.	0
truth_smvar	chr6	167665340	167665340	.	1	1,1	0	1|2	.	.	.	.	.	-	-	no:duplicate_of_stvar	no:star_allele	1	.	.	.	0
vg	chr6	167665340	167665340	>175947151>175947154	1	1	0	1|.	1	12.4516	PASS	-	-	.	.	.	.	.	.	.	.	0
pangenie	chr6	167665340	167665340	chr6-167665340-SNV->177944138>177944140>177944141-1	1	1	0	1/0	1	.	PASS	-	-	.	.	.	.	.	.	.	.	0
truth_stvar	chr6	167665343	167665343	.	1	1	0	0|1	.	.	.	.	.	-	-	ref	no:star_allele	1	.	.	.	0
truth_stvar	chr6	167665343	167665343	.	1	1	0	1|0	.	.	.	.	.	-	-	yes	ref	1	.	.	.	0
truth_smvar	chr6	167665343	167665343	.	1	1,1	0	1|2	.	.	.	.	.	-	-	no:duplicate_of_stvar	no:star_allele	1	.	.	.	0
vg	chr6	167665343	167665343	>175947154>175947157	1	1	0	1|.	1	11.8266	PASS	-	-	.	.	.	.	.	.	.	.	0
pangenie	chr6	167665343	167665343	chr6-167665343-SNV->177944142>177944144>177944145-1	1	1	0	1/1	1	.	PASS	-	-	.	.	.	.	.	.	.	.	0
pangenie	chr6	167665343	167665477	chr6-167665359-DEL->177944155>177944255-134	135	1	-134	0/1	1	.	PASS	FP	-	.	.	.	.	.	.	.	890.18,890.22	0
truth_stvar	chr6	167665416	167665416	.	1	1	0	0|1	.	.	.	.	.	-	-	ref	no:star_allele	1	.	.	.	0
truth_stvar	chr6	167665416	167665416	.	1	135	134	1|0	.	.	.	.	.	FN	FN	yes	ref	1	INS	18	.	0
truth_smvar	chr6	167665416	167665416	.	1	135,1	134	1|2	.	.	.	.	.	-	-	no:duplicate_of_stvar	no:star_allele	1	.	18	.	0
vg	chr6	167665416	167665416	>175947196>175947207	1	21	20	1|.	1	83.2749	PASS	-	-	.	.	.	.	.	.	.	.	0
pangenie	chr6	167665416	167665416	chr6-167665462-INS->177944221>177944222>177944223>177944225>177944226>177944228>177944229>177944231>177944232-20	1	21	20	1/0	1	.	PASS	-	-	.	.	.	.	.	.	.	.	0
vg	chr6	167665448	167665450	>175947228>175947230	3	1	-2	0|1	1	0.101984	PASS	-	-	.	.	.	.	.	.	.	.	0
vg	chr6	167665453	167665453	>175947232>175947237	1	1	0	0|1	1	0.453893	PASS	-	-	.	.	.	.	.	.	.	.	0
vg	chr6	167665460	167665506	>175947240>175947279	47	1	-46	0|1	1	37.1989	PASS	-	-	.	.	.	.	.	.	.	.	0
pangenie	chr6	167665496	167665496	chr6-167665496-SNV->177944257>177944259>177944260-1	1	1	0	0/1	1	.	PASS	-	-	.	.	.	.	.	.	.	.	0
pangenie	chr6	167665503	167665511	chr6-167665503-DEL->177944260>177944262>177944266-8	9	1	-8	0/1	1	.	PASS	-	-	.	.	.	.	.	.	.	.	0
truth_stvar	chr6	167665514	167665514	.	1	1	0	1|0	.	.	.	.	.	-	-	yes	ref	1	.	.	.	0
truth_smvar	chr6	167665514	167665514	.	1	1	0	1|0	.	.	.	.	.	-	-	no:duplicate_of_stvar	ref	1	.	.	.	0
vg	chr6	167665514	167665516	>175947268>175947272	3	3	0	1|2	1	37.0468	PASS	-	-	.	.	.	.	.	.	.	.	0
vg	chr6	167665514	167665516	>175947268>175947272	3	1	-2	1|2	1	37.0468	PASS	-	-	.	.	.	.	.	.	.	.	0
pangenie	chr6	167665514	167665514	chr6-167665514-SNV->177944267>177944269>177944270-1	1	1	0	1/0	1	.	PASS	-	-	.	.	.	.	.	.	.	.	0
vg	chr6	167665520	167665524	>175947240>175947279	5	1	-4	2|1	1	37.1989	PASS	-	-	.	.	.	.	.	.	.	.	0
vg	chr6	167665520	167665524	>175947240>175947279	5	5	0	2|1	1	37.1989	PASS	-	-	.	.	.	.	.	.	.	.	0
truth_stvar	chr6	167665522	167665522	.	1	1	0	1|0	.	.	.	.	.	-	-	yes	ref	1	.	.	.	0
truth_smvar	chr6	167665522	167665522	.	1	1	0	1|0	.	.	.	.	.	-	-	no:duplicate_of_stvar	ref	1	.	.	.	0
pangenie	chr6	167665522	167665522	chr6-167665522-SNV->177944271>177944273>177944274-1	1	1	0	1/0	1	.	PASS	-	-	.	.	.	.	.	.	.	.	0
vg	chr6	167665530	167665568	>175947279>175947316	39	19	-20	2|1	1	38.3617	PASS	-	-	.	.	.	.	.	.	.	.	0
vg	chr6	167665530	167665568	>175947279>175947316	39	19	-20	2|1	1	38.3617	PASS	-	-	.	.	.	.	.	.	.	.	0
truth_stvar	chr6	167665534	167665534	.	1	17	16	1|0	.	.	.	.	.	-	-	yes	ref	1	.	.	.	0
truth_smvar	chr6	167665534	167665534	.	1	17	16	1|0	.	.	.	.	.	-	-	no:duplicate_of_stvar	ref	1	.	.	.	0
vg	chr6	167665540	167665540	>175947288>175947297	1	1	0	1|.	1	33.7347	PASS	-	-	.	.	.	.	.	.	.	.	0
pangenie	chr6	167665540	167665540	chr6-167665540-SNV->177944285>177944286>177944289-1	1	1	0	1/0	1	.	PASS	-	-	.	.	.	.	.	.	.	.	0
pangenie	chr6	167665548	167665568	chr6-167665551-DEL->177944298>177944308-20	21	1	-20	1/0	1	.	PASS	-	-	.	.	.	.	.	.	.	.	0
truth_stvar	chr6	167665549	167665549	.	1	1	0	0|1	.	.	.	.	.	-	-	ref	yes	1	.	.	.	0
truth_smvar	chr6	167665549	167665549	.	1	1	0	0|1	.	.	.	.	.	-	-	ref	no:duplicate_of_stvar	1	.	.	.	0
pangenie	chr6	167665549	167665549	chr6-167665549-SNV->177944292>177944294>177944295-1	1	1	0	0/1	1	.	PASS	-	-	.	.	.	.	.	.	.	.	0
pangenie	chr6	167665550	167665550	chr6-167665550-SNV->177944293>177944296>177944298-1	1	1	0	1/0	1	.	PASS	-	-	.	.	.	.	.	.	.	.	0
truth_stvar	chr6	167665560	167665560	.	1	3	2	0|1	.	.	.	.	.	-	-	ref	yes	1	.	.	.	0
truth_smvar	chr6	167665560	167665560	.	1	3	2	0|1	.	.	.	.	.	-	-	ref	no:duplicate_of_stvar	1	.	.	.	0
vg	chr6	167665560	167665560	>175947307>175947311	1	3	2	.|1	1	5.5094	PASS	-	-	.	.	.	.	.	.	.	.	0
pangenie	chr6	167665560	167665560	chr6-167665567-INS->177944305>177944306>177944307-2	1	3	2	0/1	1	.	PASS	-	-	.	.	.	.	.	.	.	.	0
vg	chr6	167665570	167665570	>175947316>175947319	1	1	0	1|0	1	3.81422	PASS	-	-	.	.	.	.	.	.	.	.	0
pangenie	chr6	167665578	167665692	chr6-167665578-DEL->177944311>177944312>177944372-114	115	1	-114	0/1	1	.	PASS	FP	-	.	.	.	.	.	.	.	890.3,890.23	0
truth_stvar	chr6	167665585	167665585	.	1	1	0	0|1	.	.	.	.	.	-	-	ref	yes	1	.	.	.	0
truth_smvar	chr6	167665585	167665585	.	1	1	0	0|1	.	.	.	.	.	-	-	ref	no:duplicate_of_stvar	1	.	.	.	0
vg	chr6	167665585	167665585	>175947327>175947330	1	1	0	0|1	1	6.03226	PASS	-	-	.	.	.	.	.	.	.	.	0
truth_stvar	chr6	167665596	167665596	.	1	3	2	0|1	.	.	.	.	.	-	-	ref	yes	1	.	.	.	0
truth_smvar	chr6	167665596	167665596	.	1	3	2	0|1	.	.	.	.	.	-	-	ref	no:duplicate_of_stvar	1	.	.	.	0
vg	chr6	167665596	167665596	>175947334>175947352	1	37	36	1|2	1	24.4009	PASS	-	-	.	.	.	.	.	.	.	.	0
vg	chr6	167665596	167665596	>175947334>175947352	1	41	40	1|2	1	24.4009	PASS	-	-	.	.	.	.	.	.	.	.	0
truth_stvar	chr6	167665621	167665621	.	1	1	0	0|1	.	.	.	.	.	-	-	ref	yes	1	.	.	.	0
truth_smvar	chr6	167665621	167665621	.	1	1	0	0|1	.	.	.	.	.	-	-	ref	no:duplicate_of_stvar	1	.	.	.	0
vg	chr6	167665621	167665621	>175947361>175947364	1	1	0	0|1	1	21.0025	PASS	-	-	.	.	.	.	.	.	.	.	0
pangenie	chr6	167665632	167665634	chr6-167665639-DEL->177944354>177944356-2	3	1	-2	1/0	1	.	PASS	-	-	.	.	.	.	.	.	.	.	0
truth_stvar	chr6	167665670	167665670	.	1	3	2	0|1	.	.	.	.	.	-	-	ref	yes	1	.	.	.	0
truth_smvar	chr6	167665670	167665670	.	1	3	2	0|1	.	.	.	.	.	-	-	ref	no:duplicate_of_stvar	1	.	.	.	0
vg	chr6	167665672	167665706	>175947391>175947413	35	1	-34	0|1	1	55.3256	PASS	-	-	.	.	.	.	.	.	.	.	0
vg	chr6	167665680	167665728	>175947382>175947422	49	13	-36	0|1	1	93.611	PASS	-	-	.	.	.	.	.	.	.	.	0
pangenie	chr6	167665682	167665698	chr6-167665697-DEL->177944374>177944389-16	17	1	-16	0/1	1	.	PASS	-	-	.	.	.	.	.	.	.	.	0
truth_stvar	chr6	167665690	167665690	.	1	3	2	1|0	.	.	.	.	.	-	-	yes	ref	1	.	.	.	0
truth_smvar	chr6	167665690	167665690	.	1	3	2	1|0	.	.	.	.	.	-	-	no:duplicate_of_stvar	ref	1	.	.	.	0
vg	chr6	167665690	167665690	>175947401>175947403	1	3	2	1|.	1	3.10113	PASS	-	-	.	.	.	.	.	.	.	.	0
pangenie	chr6	167665690	167665690	chr6-167665697-INS->177944374>177944375>177944377>177944378>177944379>177944381>177944382>177944383-40	1	41	40	1/0	1	.	PASS	-	-	.	.	.	.	.	.	.	.	0
truth_stvar	chr6	167665693	167665693	.	1	1	0	0|1	.	.	.	.	.	-	-	ref	yes	1	.	.	.	0
truth_smvar	chr6	167665693	167665693	.	1	1	0	0|1	.	.	.	.	.	-	-	ref	no:duplicate_of_stvar	1	.	.	.	0
pangenie	chr6	167665706	167665706	chr6-167665715-INS->177944389>177944391>177944392-2	1	3	2	0/1	1	.	PASS	-	-	.	.	.	.	.	.	.	.	0
pangenie	chr6	167665706	167665706	chr6-167665723-INS->177944394>177944395>177944396>177944397>177944398-20	1	21	20	0/1	1	.	PASS	-	-	.	.	.	.	.	.	.	.	0
truth_stvar	chr6	167665718	167665754	.	37	1	36	0|1	.	.	.	.	.	-	-	ref	yes	1	DEL	18	.	0
truth_smvar	chr6	167665718	167665754	.	37	1	36	0|1	.	.	.	.	.	-	-	ref	no:duplicate_of_stvar	1	.	18	.	0
pangenie	chr6	167665726	167665728	chr6-167665733-DEL->177944402>177944405-2	3	1	-2	0/1	1	.	PASS	-	-	.	.	.	.	.	.	.	.	0
pangenie	chr6	167665729	167665729	chr6-167665729-SNV->177944399>177944401>177944402-1	1	1	0	0/1	1	.	PASS	-	-	.	.	.	.	.	.	.	.	0
vg	chr6	167665731	167665731	>175947422>175947425	1	1	0	0|1	1	86.0615	PASS	-	-	.	.	.	.	.	.	.	.	0
truth_stvar	chr6	167665737	167665737	.	1	1	0	0|1	.	.	.	.	.	-	-	ref	no:star_allele	1	.	.	.	0
truth_stvar	chr6	167665737	167665737	.	1	1	0	1|0	.	.	.	.	.	-	-	yes	ref	1	.	.	.	0
truth_smvar	chr6	167665737	167665737	.	1	1,1	0	1|2	.	.	.	.	.	-	-	no:duplicate_of_stvar	no:star_allele	1	.	.	.	0
vg	chr6	167665737	167665737	>175947426>175947431	1	1	0	1|1	1	108.396	PASS	-	-	.	.	.	.	.	.	.	.	0
pangenie	chr6	167665737	167665737	chr6-167665737-SNV->177944405>177944407>177944408-1	1	1	0	1/1	1	.	PASS	-	-	.	.	.	.	.	.	.	.	0
vg	chr6	167665754	167665754	>175947438>175947440	1	3	2	0|1	1	63.4544	PASS	-	-	.	.	.	.	.	.	.	.	0
pangenie	chr6	167665754	167665754	chr6-167665761-INS->177944419>177944420>177944421-2	1	3	2	0/1	1	.	PASS	-	-	.	.	.	.	.	.	.	.	0
truth_stvar	chr6	167665784	167665784	.	1	1	0	0|1	.	.	.	.	.	-	-	ref	yes	1	.	.	.	0
truth_smvar	chr6	167665784	167665784	.	1	1	0	0|1	.	.	.	.	.	-	-	ref	no:duplicate_of_stvar	1	.	.	.	0
vg	chr6	167665784	167665784	>175947447>175947450	1	1	0	0|1	1	114.306	PASS	-	-	.	.	.	.	.	.	.	.	0
pangenie	chr6	167665784	167665784	chr6-167665784-SNV->177944434>177944436>177944437-1	1	1	0	0/1	1	.	PASS	-	-	.	.	.	.	.	.	.	.	0
truth_stvar	chr6	167665797	167665797	.	1	1	0	1|1	.	.	.	.	.	-	-	yes	yes	1	.	.	.	0
truth_smvar	chr6	167665797	167665797	.	1	1	0	1|1	.	.	.	.	.	-	-	no:duplicate_of_stvar	no:duplicate_of_stvar	1	.	.	.	0
vg	chr6	167665797	167665797	>175947452>175947455	1	1	0	1|1	1	242.406	PASS	-	-	.	.	.	.	.	.	.	.	0
pangenie	chr6	167665797	167665797	chr6-167665797-SNV->177944444>177944446>177944447-1	1	1	0	1/1	1	.	PASS	-	-	.	.	.	.	.	.	.	.	0
truth_stvar	chr6	167665799	167665799	.	1	1	0	1|1	.	.	.	.	.	-	-	yes	yes	1	.	.	.	0
truth_smvar	chr6	167665799	167665799	.	1	1	0	1|1	.	.	.	.	.	-	-	no:duplicate_of_stvar	no:duplicate_of_stvar	1	.	.	.	0
vg	chr6	167665799	167665799	>175947455>175947458	1	1	0	1|1	1	242.409	PASS	-	-	.	.	.	.	.	.	.	.	0
pangenie	chr6	167665799	167665799	chr6-167665799-SNV->177944447>177944449>177944450-1	1	1	0	1/1	1	.	PASS	-	-	.	.	.	.	.	.	.	.	0
truth_stvar	chr6	167665801	167665801	.	1	1	0	1|1	.	.	.	.	.	-	-	yes	yes	1	.	.	.	0
truth_smvar	chr6	167665801	167665801	.	1	1	0	1|1	.	.	.	.	.	-	-	no:duplicate_of_stvar	no:duplicate_of_stvar	1	.	.	.	0
vg	chr6	167665801	167665801	>175947458>175947461	1	1	0	1|1	1	242.393	PASS	-	-	.	.	.	.	.	.	.	.	0
pangenie	chr6	167665801	167665801	chr6-167665801-SNV->177944450>177944451>177944454-1	1	1	0	1/1	1	.	PASS	-	-	.	.	.	.	.	.	.	.	0
truth_stvar	chr6	167665804	167665804	.	1	3	2	0|1	.	.	.	.	.	-	-	ref	yes	1	.	.	.	0
truth_smvar	chr6	167665804	167665804	.	1	3	2	0|1	.	.	.	.	.	-	-	ref	no:duplicate_of_stvar	1	.	.	.	0
vg	chr6	167665804	167665804	>175947461>175947463	1	3	2	0|1	1	113.863	PASS	-	-	.	.	.	.	.	.	.	.	0
pangenie	chr6	167665804	167665804	chr6-167665811-INS->177944460>177944461>177944464>177944465-2	1	3	2	0/1	1	.	PASS	-	-	.	.	.	.	.	.	.	.	0
vg	chr6	167665855	167665873	>175947482>175947495	19	1	-18	0|1	1	162.6	PASS	-	-	.	.	.	.	.	.	.	.	0
truth_stvar	chr6	167665873	167665873	.	1	1	0	0|1	.	.	.	.	.	-	-	ref	yes	1	.	.	.	0
truth_smvar	chr6	167665873	167665873	.	1	1	0	0|1	.	.	.	.	.	-	-	ref	no:duplicate_of_stvar	1	.	.	.	0
pangenie	chr6	167665873	167665873	chr6-167665873-SNV->177944491>177944493>177944494-1	1	1	0	0/1	1	.	PASS	-	-	.	.	.	.	.	.	.	.	0
truth_stvar	chr6	167665890	167665928	.	39	1	38	0|1	.	.	.	.	.	-	-	ref	yes	1	DEL	.	.	0
truth_smvar	chr6	167665890	167665928	.	39	1	38	0|1	.	.	.	.	.	-	-	ref	no:duplicate_of_stvar	1	.	.	.	0
pangenie	chr6	167665892	167665894	chr6-167665892-COMPLEX->177944497>177944500>177944501>177944502-3	3	2	-1	0/1	1	.	PASS	-	-	.	.	.	.	.	.	.	.	0
vg	chr6	167665893	167665910	>175947513>175947523	18	1	-17	0|1	1	172.74	PASS	-	-	.	.	.	.	.	.	.	.	0
pangenie	chr6	167665899	167665901	chr6-167665899-DEL->177944503>177944515-2	3	1	-2	0/1	1	.	PASS	-	-	.	.	.	.	.	.	.	.	0
vg	chr6	167665919	167665921	>175947534>175947537	3	1	-2	0|1	1	188.203	PASS	-	-	.	.	.	.	.	.	.	.	0
vg	chr6	167665927	167665928	>175947537>175947540	2	1	-1	0|1	1	229.746	PASS	-	-	.	.	.	.	.	.	.	.	0
truth_stvar	chr6	167665930	167665930	.	1	1	0	0|1	.	.	.	.	.	-	-	ref	yes	1	.	.	.	0
truth_smvar	chr6	167665930	167665930	.	1	1	0	0|1	.	.	.	.	.	-	-	ref	no:duplicate_of_stvar	1	.	.	.	0
vg	chr6	167665930	167665930	>175947540>175947543	1	1	0	0|1	1	229.683	PASS	-	-	.	.	.	.	.	.	.	.	0
pangenie	chr6	167665945	167665945	chr6-167665945-SNV->177944536>177944538>177944539-1	1	1	0	0/1	1	.	PASS	-	-	.	.	.	.	.	.	.	.	0
pangenie	chr6	167665956	167665989	chr6-167665979-DEL->177944548>177944573-33	34	1	-33	0/1	1	.	PASS	-	-	.	.	.	.	.	.	.	.	0
pangenie	chr6	167665958	167665964	chr6-167665961-DEL->177944543>177944548-6	7	1	-6	0/1	1	.	PASS	-	-	.	.	.	.	.	.	.	.	0
truth_stvar	chr6	167665993	167665997	.	5	1	4	0|1	.	.	.	.	.	-	-	ref	yes	1	.	.	.	0
truth_smvar	chr6	167665993	167665997	.	5	1	4	0|1	.	.	.	.	.	-	-	ref	no:duplicate_of_stvar	1	.	.	.	0
vg	chr6	167665993	167665997	>175947570>175947576	5	1	-4	0|1	1	246.136	PASS	-	-	.	.	.	.	.	.	.	.	0
truth_stvar	chr6	167666033	167666037	.	5	1	4	0|1	.	.	.	.	.	-	-	ref	yes	1	.	.	.	0
truth_smvar	chr6	167666033	167666037	.	5	1	4	0|1	.	.	.	.	.	-	-	ref	no:duplicate_of_stvar	1	.	.	.	0
pangenie	chr6	167666033	167666037	chr6-167666040-DEL->177944577>177944581-4	5	1	-4	0/1	1	.	PASS	-	-	.	.	.	.	.	.	.	.	0
vg	chr6	167666034	167666038	>175947590>175947594	5	1	-4	0|1	1	245.615	PASS	-	-	.	.	.	.	.	.	.	.	0
truth_stvar	chr6	167666061	167666061	.	1	1	0	0|1	.	.	.	.	.	-	-	ref	yes	1	.	.	.	0
truth_smvar	chr6	167666061	167666061	.	1	1	0	0|1	.	.	.	.	.	-	-	ref	no:duplicate_of_stvar	1	.	.	.	0
vg	chr6	167666061	167666061	>175947602>175947605	1	1	0	0|1	1	258.613	PASS	-	-	.	.	.	.	.	.	.	.	0
pangenie	chr6	167666061	167666061	chr6-167666061-SNV->177944589>177944591>177944592-1	1	1	0	0/1	1	.	PASS	-	-	.	.	.	.	.	.	.	.	0
truth_stvar	chr6	167666071	167666071	.	1	9	8	0|1	.	.	.	.	.	-	-	ref	yes	1	.	.	.	0
truth_smvar	chr6	167666071	167666071	.	1	9	8	0|1	.	.	.	.	.	-	-	ref	no:duplicate_of_stvar	1	.	.	.	0
pangenie	chr6	167666071	167666071	chr6-167666072-INS->177944595>177944596>177944597>177944599>177944600-8	1	9	8	0/1	1	.	PASS	-	-	.	.	.	.	.	.	.	.	0
vg	chr6	167666072	167666072	>175947608>175947613	1	9	8	0|1	1	250.335	PASS	-	-	.	.	.	.	.	.	.	.	0
truth_stvar	chr6	167666120	167666120	.	1	1	0	0|1	.	.	.	.	.	-	-	ref	yes	1	.	.	.	0
truth_smvar	chr6	167666120	167666120	.	1	1	0	0|1	.	.	.	.	.	-	-	ref	no:duplicate_of_stvar	1	.	.	.	0
vg	chr6	167666120	167666120	>175947639>175947642	1	1	0	0|1	1	191.964	PASS	-	-	.	.	.	.	.	.	.	.	0
pangenie	chr6	167666120	167666120	chr6-167666120-SNV->177944626>177944628>177944629-1	1	1	0	0/1	1	.	PASS	-	-	.	.	.	.	.	.	.	.	0
truth_stvar	chr6	167666214	167666214	.	1	1	0	0|1	.	.	.	.	.	-	-	ref	yes	1	.	.	.	0
truth_smvar	chr6	167666214	167666214	.	1	1	0	0|1	.	.	.	.	.	-	-	ref	no:duplicate_of_stvar	1	.	.	.	0
vg	chr6	167666214	167666214	>175947679>175947682	1	1	0	0|1	1	152.718	PASS	-	TP	.	.	.	.	.	.	.	.	0
pangenie	chr6	167666214	167666214	chr6-167666214-SNV->177944666>177944668>177944669-1	1	1	0	0/1	1	.	PASS	-	TP	.	.	.	.	.	.	.	.	0
truth_stvar	chr6	167666219	167666219	.	1	1	0	0|1	.	.	.	.	.	-	-	ref	yes	1	.	.	.	0
truth_smvar	chr6	167666219	167666219	.	1	1	0	0|1	.	.	.	.	.	-	-	ref	no:duplicate_of_stvar	1	.	.	.	0
vg	chr6	167666219	167666219	>175947682>175947685	1	1	0	0|1	1	145.936	PASS	-	TP	.	.	.	.	.	.	.	.	0
pangenie	chr6	167666219	167666219	chr6-167666219-SNV->177944669>177944671>177944672-1	1	1	0	0/1	1	.	PASS	-	TP	.	.	.	.	.	.	.	.	0
truth_stvar	chr6	167666255	167666255	.	1	1	0	0|1	.	.	.	.	.	-	-	ref	yes	1	.	.	.	0
truth_smvar	chr6	167666255	167666255	.	1	1	0	0|1	.	.	.	.	.	-	-	ref	no:duplicate_of_stvar	1	.	.	.	0
vg	chr6	167666255	167666255	>175947697>175947700	1	1	0	0|1	1	114.537	PASS	-	TP	.	.	.	.	.	.	.	.	0
pangenie	chr6	167666255	167666255	chr6-167666255-SNV->177944684>177944686>177944687-1	1	1	0	0/1	1	.	PASS	-	TP	.	.	.	.	.	.	.	.	0
truth_stvar	chr6	167666289	167666289	.	1	1	0	0|1	.	.	.	.	.	-	-	ref	yes	1	.	.	.	0
truth_smvar	chr6	167666289	167666289	.	1	1	0	0|1	.	.	.	.	.	-	-	ref	no:duplicate_of_stvar	1	.	.	.	0
vg	chr6	167666289	167666289	>175947703>175947707	1	1	0	0|1	1	170.107	PASS	-	TP	.	.	.	.	.	.	.	.	0
pangenie	chr6	167666289	167666289	chr6-167666289-SNV->177944690>177944691>177944694-1	1	1	0	0/1	1	.	PASS	-	TP	.	.	.	.	.	.	.	.	0
