source	chrom	pos	end	id	ref_len	alt_len	len_diff	gt	called	qual	filter	truvari	aardvark	vg_truvari	pg_truvari	applied_h1	applied_h2	in_sv_benchmark	svtype	TRFperiod	MatchId	overlaps_span_edge
vg	chr20	65507499	65507571	>120811062>120811282	73	1	-72	1|1	1	200.111	PASS	FP	-	.	.	.	.	.	.	.	459.3,459.0	0
truth_stvar	chr20	65507510	65507882	.	373	1	372	0|1	.	.	.	.	.	FN	FN	ref	yes	1	DEL	111	.	0
truth_smvar	chr20	65507510	65507882	.	373	1	372	0|1	.	.	.	.	.	-	-	ref	no:duplicate_of_stvar	1	.	111	.	0
truth_stvar	chr20	65507528	65507534	.	7	1	0	0|1	.	.	.	.	.	-	-	ref	no:star_allele	1	.	.	.	0
truth_stvar	chr20	65507528	65507534	.	7	1	6	1|0	.	.	.	.	.	-	-	yes	ref	1	.	.	.	0
truth_smvar	chr20	65507528	65507534	.	7	1,1	6	1|2	.	.	.	.	.	-	-	no:duplicate_of_stvar	no:star_allele	1	.	.	.	0
truth_stvar	chr20	65507573	65507576	.	4	1	0	0|1	.	.	.	.	.	-	-	ref	no:star_allele	1	.	.	.	0
truth_stvar	chr20	65507573	65507576	.	4	1	3	1|0	.	.	.	.	.	-	-	yes	ref	1	.	.	.	0
truth_smvar	chr20	65507573	65507576	.	4	1,1	3	1|2	.	.	.	.	.	-	-	no:duplicate_of_stvar	no:star_allele	1	.	.	.	0
vg	chr20	65507573	65507576	>120811282>120811284	4	1	-3	1|1	1	259.584	PASS	-	-	.	.	.	.	.	.	.	.	0
vg	chr20	65507582	65507597	>120811289>120811324	16	13	-3	1|2	1	120.267	PASS	-	-	.	.	.	.	.	.	.	.	0
vg	chr20	65507582	65507597	>120811289>120811324	16	1	-15	1|2	1	120.267	PASS	-	-	.	.	.	.	.	.	.	.	0
truth_stvar	chr20	65507591	65507591	.	1	1	0	0|1	.	.	.	.	.	-	-	ref	no:star_allele	1	.	.	.	0
truth_stvar	chr20	65507591	65507591	.	1	1	0	1|0	.	.	.	.	.	-	-	yes	ref	1	.	.	.	0
truth_smvar	chr20	65507591	65507591	.	1	1,1	0	1|2	.	.	.	.	.	-	-	no:duplicate_of_stvar	no:star_allele	1	.	.	.	0
truth_stvar	chr20	65507606	65507606	.	1	1	0	0|1	.	.	.	.	.	-	-	ref	no:star_allele	1	.	.	.	0
truth_stvar	chr20	65507606	65507606	.	1	1	0	1|0	.	.	.	.	.	-	-	yes	ref	1	.	.	.	0
truth_smvar	chr20	65507606	65507606	.	1	1,1	0	1|2	.	.	.	.	.	-	-	no:duplicate_of_stvar	no:star_allele	1	.	.	.	0
vg	chr20	65507606	65507606	>120811333>120811338	1	1	0	1|0	1	124.661	PASS	-	-	.	.	.	.	.	.	.	.	0
vg	chr20	65507609	65507612	>120811333>120811338	4	1	-3	1|1	1	124.661	PASS	-	-	.	.	.	.	.	.	.	.	0
truth_stvar	chr20	65507615	65507669	.	55	1	0	0|1	.	.	.	.	.	-	-	ref	no:star_allele	1	DEL	111	.	0
truth_stvar	chr20	65507615	65507669	.	55	1	54	1|0	.	.	.	.	.	TP	FN	yes	ref	1	DEL	111	.	0
truth_smvar	chr20	65507615	65507669	.	55	1,1	54	1|2	.	.	.	.	.	-	-	no:duplicate_of_stvar	no:star_allele	1	.	111	.	0
vg	chr20	65507621	65507621	>120811353>120811358	1	1	0	1|1	1	148.13	PASS	-	-	.	.	.	.	.	.	.	.	0
vg	chr20	65507624	65507624	>120811360>120811365	1	1	0	1|1	1	104.051	PASS	-	-	.	.	.	.	.	.	.	.	0
vg	chr20	65507627	65507627	>120811365>120811370	1	1	0	2|1	1	158.932	PASS	-	-	.	.	.	.	.	.	.	.	0
vg	chr20	65507627	65507627	>120811365>120811370	1	4	3	2|1	1	158.932	PASS	-	-	.	.	.	.	.	.	.	.	0
vg	chr20	65507630	65507630	>120811371>120811375	1	1	0	0|1	1	70.0293	PASS	-	-	.	.	.	.	.	.	.	.	0
vg	chr20	65507633	65507633	>120811377>120811380	1	1	0	0|1	1	78.3556	PASS	-	-	.	.	.	.	.	.	.	.	0
vg	chr20	65507636	65507636	>120811380>120811383	1	1	0	0|1	1	95.7737	PASS	-	-	.	.	.	.	.	.	.	.	0
vg	chr20	65507639	65507669	>120811383>120811524	31	1	-30	2|1	1	166.267	PASS	-	-	.	.	.	.	.	.	.	.	0
vg	chr20	65507639	65507669	>120811383>120811524	31	73	42	2|1	1	166.267	PASS	-	-	.	.	.	.	.	.	.	.	0
vg	chr20	65507657	65507657	>120811494>120811505	1	7	6	1|.	1	51.5835	PASS	-	-	.	.	.	.	.	.	.	.	0
vg	chr20	65507660	65507660	>120811506>120811509	1	1	0	1|.	1	89.4646	PASS	-	-	.	.	.	.	.	.	.	.	0
vg	chr20	65507663	65507663	>120811510>120811515	1	1	0	1|.	1	73.6869	PASS	-	-	.	.	.	.	.	.	.	.	0
vg	chr20	65507672	65507684	>120811524>120811552	13	1	-12	2|1	1	166.875	PASS	-	-	.	.	.	.	.	.	.	.	0
vg	chr20	65507672	65507684	>120811524>120811552	13	10	-3	2|1	1	166.875	PASS	-	-	.	.	.	.	.	.	.	.	0
vg	chr20	65507675	65507675	>120811532>120811535	1	1	0	1|.	1	29.4823	PASS	-	-	.	.	.	.	.	.	.	.	0
truth_stvar	chr20	65507678	65507678	.	1	1	0	0|1	.	.	.	.	.	-	-	ref	no:star_allele	1	.	.	.	0
truth_stvar	chr20	65507678	65507678	.	1	1	0	1|0	.	.	.	.	.	-	-	yes	ref	1	.	.	.	0
truth_smvar	chr20	65507678	65507678	.	1	1,1	0	1|2	.	.	.	.	.	-	-	no:duplicate_of_stvar	no:star_allele	1	.	.	.	0
vg	chr20	65507678	65507678	>120811537>120811542	1	1	0	1|.	1	140.839	PASS	-	-	.	.	.	.	.	.	.	.	0
vg	chr20	65507687	65507708	>120811555>120811594	22	1	-21	2|1	1	196.789	PASS	-	-	.	.	.	.	.	.	.	.	0
vg	chr20	65507687	65507708	>120811555>120811594	22	25	3	2|1	1	196.789	PASS	-	-	.	.	.	.	.	.	.	.	0
vg	chr20	65507690	65507690	>120811556>120811559	1	1	0	1|.	1	148.985	PASS	-	-	.	.	.	.	.	.	.	.	0
vg	chr20	65507696	65507696	>120811569>120811572	1	1	0	1|.	1	108.4	PASS	-	-	.	.	.	.	.	.	.	.	0
vg	chr20	65507702	65507702	>120811577>120811586	1	4	3	1|.	1	95.8509	PASS	-	-	.	.	.	.	.	.	.	.	0
truth_stvar	chr20	65507705	65507828	.	124	1	0	0|1	.	.	.	.	.	-	-	ref	no:star_allele	1	DEL	111	.	0
truth_stvar	chr20	65507705	65507828	.	124	1	123	1|0	.	.	.	.	.	FN	FN	yes	ref	1	DEL	111	.	0
truth_smvar	chr20	65507705	65507828	.	124	1,1	123	1|2	.	.	.	.	.	-	-	no:duplicate_of_stvar	no:star_allele	1	.	111	.	0
vg	chr20	65507709	65507712	>120811594>120811604	4	1	-3	0|1	1	55.8865	PASS	-	-	.	.	.	.	.	.	.	.	0
vg	chr20	65507726	65507726	>120811622>120811631	1	1	0	0|1	1	81.0341	PASS	-	-	.	.	.	.	.	.	.	.	0
vg	chr20	65507729	65507729	>120811622>120811631	1	1	0	0|1	1	81.0341	PASS	-	-	.	.	.	.	.	.	.	.	0
vg	chr20	65507741	65507741	>120811648>120811659	1	1	0	1|0	1	45.2526	PASS	-	-	.	.	.	.	.	.	.	.	0
vg	chr20	65507744	65507792	>120811659>120811742	49	49	0	1|2	1	117.238	PASS	-	-	.	.	.	.	.	.	.	.	0
vg	chr20	65507744	65507792	>120811659>120811742	49	1	-48	1|2	1	117.238	PASS	-	-	.	.	.	.	.	.	.	.	0
vg	chr20	65507762	65507762	>120811686>120811689	1	1	0	1|.	1	44.2751	PASS	-	-	.	.	.	.	.	.	.	.	0
vg	chr20	65507774	65507774	>120811706>120811709	1	1	0	1|.	1	22.5882	PASS	-	-	.	.	.	.	.	.	.	.	0
vg	chr20	65507795	65507795	>120811744>120811747	1	1	0	0|1	1	45.2059	PASS	-	-	.	.	.	.	.	.	.	.	0
vg	chr20	65507801	65507801	>120811754>120811763	1	1	0	1|0	1	25.3745	PASS	-	-	.	.	.	.	.	.	.	.	0
vg	chr20	65507804	65507804	>120811763>120811769	1	1	0	1|0	1	46.9768	PASS	-	-	.	.	.	.	.	.	.	.	0
vg	chr20	65507809	65507825	>120811775>120811811	17	2	-15	1|2	1	38.8411	PASS	-	-	.	.	.	.	.	.	.	.	0
vg	chr20	65507809	65507825	>120811775>120811811	17	11	-6	1|2	1	38.8411	PASS	-	-	.	.	.	.	.	.	.	.	0
vg	chr20	65507828	65507828	>120811813>120812211	1	1	0	1|0	1	96.6986	PASS	-	-	.	.	.	.	.	.	.	.	0
vg	chr20	65507833	65507842	>120811829>120811842	10	1	-9	.|1	1	16.8485	PASS	-	-	.	.	.	.	.	.	.	.	0
vg	chr20	65507834	65507849	>120811813>120812211	16	1	-15	1|2	1	96.6986	PASS	-	-	.	.	.	.	.	.	.	.	0
vg	chr20	65507834	65507849	>120811813>120812211	16	10	-6	1|2	1	96.6986	PASS	-	-	.	.	.	.	.	.	.	.	0
truth_stvar	chr20	65507840	65507840	.	1	1	0	0|1	.	.	.	.	.	-	-	ref	no:star_allele	1	.	.	.	0
truth_stvar	chr20	65507840	65507840	.	1	1	0	1|0	.	.	.	.	.	-	-	yes	ref	1	.	.	.	0
truth_smvar	chr20	65507840	65507840	.	1	1,1	0	1|2	.	.	.	.	.	-	-	no:duplicate_of_stvar	no:star_allele	1	.	.	.	0
vg	chr20	65507846	65507846	>120811844>120811853	1	4	3	.|1	1	0.392499	PASS	-	-	.	.	.	.	.	.	.	.	0
vg	chr20	65507852	65507855	>120811858>120811862	4	1	-3	0|1	1	61.2381	PASS	-	-	.	.	.	.	.	.	.	.	0
vg	chr20	65507858	65507858	>120811863>120811872	1	4	3	1|0	1	13.48	PASS	-	-	.	.	.	.	.	.	.	.	0
vg	chr20	65507861	65507861	>120811877>120811883	1	4	3	0|1	1	22.7124	PASS	-	-	.	.	.	.	.	.	.	.	0
vg	chr20	65507864	65507867	>120811884>120811890	4	1	-3	1|0	1	33.2446	PASS	-	-	.	.	.	.	.	.	.	.	0
vg	chr20	65507870	65507870	>120811890>120811895	1	1	0	1|0	1	25.2056	PASS	-	-	.	.	.	.	.	.	.	.	0
vg	chr20	65507873	65507873	>120811895>120811911	1	1	0	2|1	1	79.0049	PASS	-	-	.	.	.	.	.	.	.	.	0
vg	chr20	65507873	65507873	>120811895>120811911	1	4	3	2|1	1	79.0049	PASS	-	-	.	.	.	.	.	.	.	.	0
truth_stvar	chr20	65507876	65507894	.	19	1	0	0|1	.	.	.	.	.	-	-	ref	no:star_allele	1	.	.	.	0
truth_stvar	chr20	65507876	65507894	.	19	1	18	1|0	.	.	.	.	.	-	-	yes	ref	1	.	.	.	0
truth_smvar	chr20	65507876	65507894	.	19	1,1	18	1|2	.	.	.	.	.	-	-	no:duplicate_of_stvar	no:star_allele	1	.	.	.	0
vg	chr20	65507879	65507879	>120811918>120811921	1	1	0	1|0	1	32.7819	PASS	-	-	.	.	.	.	.	.	.	.	0
vg	chr20	65507882	65507882	>120811925>120811929	1	1	0	1|1	1	75.9379	PASS	-	-	.	.	.	.	.	.	.	.	0
vg	chr20	65507885	65507885	>120811930>120811933	1	1	0	1|0	1	28.9227	PASS	-	-	.	.	.	.	.	.	.	.	0
vg	chr20	65507888	65507888	>120811935>120811940	1	1	0	1|1	1	91.6312	PASS	-	-	.	.	.	.	.	.	.	.	0
vg	chr20	65507891	65507891	>120811940>120811943	1	1	0	0|1	1	40.1706	PASS	-	-	.	.	.	.	.	.	.	.	0
vg	chr20	65507894	65507894	>120811944>120811949	1	1	0	1|1	1	62.328	PASS	-	-	.	.	.	.	.	.	.	.	0
vg	chr20	65507897	65507897	>120811949>120811956	1	1	0	0|1	1	43.136	PASS	-	-	.	.	.	.	.	.	.	.	0
vg	chr20	65507899	65507903	>120811956>120811964	5	2	-3	2|1	1	37.6155	PASS	-	-	.	.	.	.	.	.	.	.	0
vg	chr20	65507899	65507903	>120811956>120811964	5	2	-3	2|1	1	37.6155	PASS	-	-	.	.	.	.	.	.	.	.	0
vg	chr20	65507909	65507909	>120811967>120811976	1	4	3	2|1	1	54.0246	PASS	-	-	.	.	.	.	.	.	.	.	0
vg	chr20	65507909	65507909	>120811967>120811976	1	4	3	2|1	1	54.0246	PASS	-	-	.	.	.	.	.	.	.	.	0
truth_stvar	chr20	65507915	65507984	.	70	1	69	0|1	.	.	.	.	.	TP	FN	ref	yes	1	DEL	111	.	0
truth_smvar	chr20	65507915	65507984	.	70	1	69	0|1	.	.	.	.	.	-	-	ref	no:duplicate_of_stvar	1	.	111	.	0
vg	chr20	65507915	65507915	>120811982>120811985	1	1	0	0|1	1	67.191	PASS	-	-	.	.	.	.	.	.	.	.	0
vg	chr20	65507921	65507921	>120811992>120811995	1	1	0	1|1	1	52.2159	PASS	-	-	.	.	.	.	.	.	.	.	0
vg	chr20	65507924	65508014	>120811976>120812202	91	1	-90	1|1	1	64.1552	PASS	TP	-	.	.	.	.	.	.	.	459.3,459.1	0
truth_stvar	chr20	65507930	65507942	.	13	1	0	0|1	.	.	.	.	.	-	-	ref	no:star_allele	1	.	.	.	0
truth_stvar	chr20	65507930	65507942	.	13	1	12	1|0	.	.	.	.	.	-	-	yes	ref	1	.	.	.	0
truth_smvar	chr20	65507930	65507942	.	13	1,1	12	1|2	.	.	.	.	.	-	-	no:duplicate_of_stvar	no:star_allele	1	.	.	.	0
truth_stvar	chr20	65507966	65507966	.	1	1	0	0|1	.	.	.	.	.	-	-	ref	no:star_allele	1	.	.	.	0
truth_stvar	chr20	65507966	65507966	.	1	1	0	1|0	.	.	.	.	.	-	-	yes	ref	1	.	.	.	0
truth_smvar	chr20	65507966	65507966	.	1	1,1	0	1|2	.	.	.	.	.	-	-	no:duplicate_of_stvar	no:star_allele	1	.	.	.	0
truth_stvar	chr20	65507978	65507978	.	1	1	0	0|1	.	.	.	.	.	-	-	ref	no:star_allele	1	.	.	.	0
truth_stvar	chr20	65507978	65507978	.	1	1	0	1|0	.	.	.	.	.	-	-	yes	ref	1	.	.	.	0
truth_smvar	chr20	65507978	65507978	.	1	1,1	0	1|2	.	.	.	.	.	-	-	no:duplicate_of_stvar	no:star_allele	1	.	.	.	0
truth_stvar	chr20	65507981	65507981	.	1	1	0	0|1	.	.	.	.	.	-	-	ref	no:star_allele	1	.	.	.	0
truth_stvar	chr20	65507981	65507981	.	1	1	0	1|0	.	.	.	.	.	-	-	yes	ref	1	.	.	.	0
truth_smvar	chr20	65507981	65507981	.	1	1,1	0	1|2	.	.	.	.	.	-	-	no:duplicate_of_stvar	no:star_allele	1	.	.	.	0
truth_stvar	chr20	65507984	65507984	.	1	1	0	0|1	.	.	.	.	.	-	-	ref	no:star_allele	1	.	.	.	0
truth_stvar	chr20	65507984	65507984	.	1	1	0	1|0	.	.	.	.	.	-	-	yes	ref	1	.	.	.	0
truth_smvar	chr20	65507984	65507984	.	1	1,1	0	1|2	.	.	.	.	.	-	-	no:duplicate_of_stvar	no:star_allele	1	.	.	.	0
vg	chr20	65508020	65508020	>120812207>120812210	1	1	0	1|0	1	63.5336	PASS	-	-	.	.	.	.	.	.	.	.	0
truth_stvar	chr20	65508023	65508029	.	7	1	6	1|0	.	.	.	.	.	-	-	yes	ref	1	.	.	.	0
truth_smvar	chr20	65508023	65508029	.	7	1	6	1|0	.	.	.	.	.	-	-	no:duplicate_of_stvar	ref	1	.	.	.	0
vg	chr20	65508028	65508031	>120812221>120812226	4	1	-3	1|0	1	34.7964	PASS	-	-	.	.	.	.	.	.	.	.	0
truth_stvar	chr20	65508029	65508029	.	1	1	0	1|0	.	.	.	.	.	-	-	no:star_allele	ref	1	.	.	.	0
truth_stvar	chr20	65508029	65508029	.	1	1	0	0|1	.	.	.	.	.	-	-	ref	yes	1	.	.	.	0
truth_smvar	chr20	65508029	65508029	.	1	1,1	0	2|1	.	.	.	.	.	-	-	no:star_allele	no:duplicate_of_stvar	1	.	.	.	0
vg	chr20	65508033	65508059	>120812226>120812268	27	1	-26	2|1	1	93.1849	PASS	-	-	.	.	.	.	.	.	.	.	0
vg	chr20	65508033	65508059	>120812226>120812268	27	24	-3	2|1	1	93.1849	PASS	-	-	.	.	.	.	.	.	.	.	0
vg	chr20	65508038	65508044	>120812233>120812243	7	1	-6	1|.	1	47.1658	PASS	-	-	.	.	.	.	.	.	.	.	0
truth_stvar	chr20	65508050	65508059	.	10	1	9	0|1	.	.	.	.	.	-	-	ref	yes	1	.	.	.	0
truth_stvar	chr20	65508050	65508086	.	37	1	36	1|0	.	.	.	.	.	-	-	yes	ref	1	DEL	111	.	0
truth_smvar	chr20	65508050	65508086	.	37	1,28	36	1|2	.	.	.	.	.	-	-	no:duplicate_of_stvar	no:overlaps_applied_stvar	1	.	111	.	0
vg	chr20	65508056	65508056	>120812256>120812262	1	1	0	1|.	1	0.0105364	PASS	-	-	.	.	.	.	.	.	.	.	0
vg	chr20	65508061	65508116	>120812268>120812352	56	1	-55	2|1	1	51.0493	PASS	TP	-	.	.	.	.	.	.	.	459.1,459.2	0
vg	chr20	65508061	65508116	>120812268>120812352	56	50	-6	2|1	1	51.0493	PASS	-	-	.	.	.	.	.	.	.	.	0
vg	chr20	65508068	65508071	>120812274>120812279	4	1	-3	1|.	1	19.81	PASS	-	-	.	.	.	.	.	.	.	.	0
vg	chr20	65508074	65508077	>120812281>120812288	4	1	-3	1|.	1	47.7406	PASS	-	-	.	.	.	.	.	.	.	.	0
vg	chr20	65508083	65508083	>120812297>120812300	1	1	0	1|.	1	53.0065	PASS	-	-	.	.	.	.	.	.	.	.	0
truth_stvar	chr20	65508089	65508089	.	1	1	0	0|1	.	.	.	.	.	-	-	ref	yes	1	.	.	.	0
truth_smvar	chr20	65508089	65508089	.	1	1	0	0|1	.	.	.	.	.	-	-	ref	no:duplicate_of_stvar	1	.	.	.	0
vg	chr20	65508089	65508089	>120812306>120812312	1	1	0	1|.	1	3.55523	PASS	-	-	.	.	.	.	.	.	.	.	0
vg	chr20	65508095	65508095	>120812318>120812322	1	1	0	1|.	1	2.84342	PASS	-	-	.	.	.	.	.	.	.	.	0
vg	chr20	65508101	65508101	>120812327>120812335	1	1	0	1|.	1	37.5986	PASS	-	-	.	.	.	.	.	.	.	.	0
truth_stvar	chr20	65508107	65508107	.	1	4	3	0|1	.	.	.	.	.	-	-	ref	yes	1	.	.	.	0
truth_smvar	chr20	65508107	65508107	.	1	4	3	0|1	.	.	.	.	.	-	-	ref	no:duplicate_of_stvar	1	.	.	.	0
vg	chr20	65508110	65508110	>120812340>120812343	1	1	0	1|.	1	15.8924	PASS	-	-	.	.	.	.	.	.	.	.	0
truth_stvar	chr20	65508122	65508122	.	1	1	0	0|1	.	.	.	.	.	-	-	ref	yes	1	.	.	.	0
truth_smvar	chr20	65508122	65508122	.	1	1	0	0|1	.	.	.	.	.	-	-	ref	no:duplicate_of_stvar	1	.	.	.	0
vg	chr20	65508122	65508122	>120812359>120812372	1	1	0	1|0	1	39.5147	PASS	-	-	.	.	.	.	.	.	.	.	0
vg	chr20	65508125	65508128	>120812373>120812383	4	1	-3	1|2	1	24.7894	PASS	-	-	.	.	.	.	.	.	.	.	0
vg	chr20	65508125	65508128	>120812373>120812383	4	7	3	1|2	1	24.7894	PASS	-	-	.	.	.	.	.	.	.	.	0
truth_stvar	chr20	65508128	65508131	.	4	1	3	1|0	.	.	.	.	.	-	-	yes	ref	1	.	.	.	0
truth_smvar	chr20	65508128	65508131	.	4	1	3	1|0	.	.	.	.	.	-	-	no:duplicate_of_stvar	ref	1	.	.	.	0
vg	chr20	65508137	65508137	>120812397>120812400	1	1	0	0|1	1	16.2775	PASS	-	-	.	.	.	.	.	.	.	.	0
vg	chr20	65508140	65508140	>120812402>120812405	1	1	0	0|1	1	47.6224	PASS	-	-	.	.	.	.	.	.	.	.	0
truth_stvar	chr20	65508146	65508152	.	7	1	6	0|1	.	.	.	.	.	-	-	ref	yes	1	.	.	.	0
truth_smvar	chr20	65508146	65508152	.	7	1	6	0|1	.	.	.	.	.	-	-	ref	no:duplicate_of_stvar	1	.	.	.	0
vg	chr20	65508146	65508152	>120812409>120812422	7	1	-6	1|1	1	30.5996	PASS	-	-	.	.	.	.	.	.	.	.	0
truth_stvar	chr20	65508149	65508158	.	10	1	0	0|1	.	.	.	.	.	-	-	ref	no:star_allele	1	.	.	.	0
truth_stvar	chr20	65508149	65508158	.	10	1	9	1|0	.	.	.	.	.	-	-	yes	ref	1	.	.	.	0
truth_smvar	chr20	65508149	65508158	.	10	1,1	9	1|2	.	.	.	.	.	-	-	no:duplicate_of_stvar	no:star_allele	1	.	.	.	0
vg	chr20	65508155	65508170	>120812424>120812445	16	1	-15	1|1	1	75.6327	PASS	-	-	.	.	.	.	.	.	.	.	0
truth_stvar	chr20	65508170	65508170	.	1	1	0	1|0	.	.	.	.	.	-	-	yes	ref	1	.	.	.	0
truth_smvar	chr20	65508170	65508170	.	1	1	0	1|0	.	.	.	.	.	-	-	no:duplicate_of_stvar	ref	1	.	.	.	0
vg	chr20	65508171	65508182	>120812445>120812467	12	1	-11	1|0	1	39.0536	PASS	-	-	.	.	.	.	.	.	.	.	0
vg	chr20	65508173	65508173	>120812447>120812455	1	1	0	.|1	1	4.51293	PASS	-	-	.	.	.	.	.	.	.	.	0
truth_stvar	chr20	65508176	65508176	.	1	1	0	0|1	.	.	.	.	.	-	-	ref	yes	1	.	.	.	0
truth_smvar	chr20	65508176	65508176	.	1	1	0	0|1	.	.	.	.	.	-	-	ref	no:duplicate_of_stvar	1	.	.	.	0
truth_stvar	chr20	65508179	65508179	.	1	1	0	0|1	.	.	.	.	.	-	-	ref	yes	1	.	.	.	0
truth_smvar	chr20	65508179	65508179	.	1	1	0	0|1	.	.	.	.	.	-	-	ref	no:duplicate_of_stvar	1	.	.	.	0
vg	chr20	65508179	65508179	>120812456>120812462	1	4	3	.|1	1	17.0616	PASS	-	-	.	.	.	.	.	.	.	.	0
vg	chr20	65508185	65508185	>120812467>120812471	1	1	0	0|1	1	34.2473	PASS	-	-	.	.	.	.	.	.	.	.	0
truth_stvar	chr20	65508188	65508188	.	1	1	0	0|1	.	.	.	.	.	-	-	ref	yes	1	.	.	.	0
truth_smvar	chr20	65508188	65508188	.	1	1	0	0|1	.	.	.	.	.	-	-	ref	no:duplicate_of_stvar	1	.	.	.	0
vg	chr20	65508191	65508191	>120812474>120812478	1	1	0	1|0	1	20.1155	PASS	-	-	.	.	.	.	.	.	.	.	0
truth_stvar	chr20	65508197	65508200	.	4	1	3	1|0	.	.	.	.	.	-	-	yes	ref	1	.	.	.	0
truth_smvar	chr20	65508197	65508200	.	4	1	3	1|0	.	.	.	.	.	-	-	no:duplicate_of_stvar	ref	1	.	.	.	0
vg	chr20	65508197	65508230	>120812490>120812528	34	1	-33	1|1	1	74.1893	PASS	-	-	.	.	.	.	.	.	.	.	0
truth_stvar	chr20	65508206	65508206	.	1	1	0	1|1	.	.	.	.	.	-	-	yes	yes	1	.	.	.	0
truth_smvar	chr20	65508206	65508206	.	1	1	0	1|1	.	.	.	.	.	-	-	no:duplicate_of_stvar	no:duplicate_of_stvar	1	.	.	.	0
truth_stvar	chr20	65508215	65508218	.	4	1	3	1|0	.	.	.	.	.	-	-	yes	ref	1	.	.	.	0
truth_smvar	chr20	65508215	65508218	.	4	1	3	1|0	.	.	.	.	.	-	-	no:duplicate_of_stvar	ref	1	.	.	.	0
truth_stvar	chr20	65508218	65508218	.	1	1	0	1|0	.	.	.	.	.	-	-	no:star_allele	ref	1	.	.	.	0
truth_stvar	chr20	65508218	65508218	.	1	1	0	0|1	.	.	.	.	.	-	-	ref	yes	1	.	.	.	0
truth_smvar	chr20	65508218	65508218	.	1	1,1	0	2|1	.	.	.	.	.	-	-	no:star_allele	no:duplicate_of_stvar	1	.	.	.	0
vg	chr20	65508233	65508233	>120812530>120812534	1	1	0	1|1	1	35.1304	PASS	-	-	.	.	.	.	.	.	.	.	0
vg	chr20	65508236	65508254	>120812536>120812563	19	1	-18	1|1	1	59.0396	PASS	-	-	.	.	.	.	.	.	.	.	0
truth_stvar	chr20	65508251	65508260	.	10	1	9	0|1	.	.	.	.	.	-	-	ref	yes	1	.	.	.	0
truth_smvar	chr20	65508251	65508260	.	10	1	9	0|1	.	.	.	.	.	-	-	ref	no:duplicate_of_stvar	1	.	.	.	0
truth_stvar	chr20	65508257	65508272	.	16	1	0	0|1	.	.	.	.	.	-	-	ref	no:star_allele	1	.	.	.	0
truth_stvar	chr20	65508257	65508272	.	16	1	15	1|0	.	.	.	.	.	-	-	yes	ref	1	.	.	.	0
truth_smvar	chr20	65508257	65508272	.	16	1,1	15	1|2	.	.	.	.	.	-	-	no:duplicate_of_stvar	no:star_allele	1	.	.	.	0
vg	chr20	65508260	65508260	>120812568>120812573	1	1	0	1|1	1	50.4068	PASS	-	-	.	.	.	.	.	.	.	.	0
vg	chr20	65508263	65508263	>120812574>120812577	1	1	0	0|1	1	27.8853	PASS	-	-	.	.	.	.	.	.	.	.	0
truth_stvar	chr20	65508266	65508266	.	1	1	0	1|0	.	.	.	.	.	-	-	no:star_allele	ref	1	.	.	.	0
truth_stvar	chr20	65508266	65508266	.	1	1	0	0|1	.	.	.	.	.	-	-	ref	yes	1	.	.	.	0
truth_smvar	chr20	65508266	65508266	.	1	1,1	0	2|1	.	.	.	.	.	-	-	no:star_allele	no:duplicate_of_stvar	1	.	.	.	0
vg	chr20	65508266	65508293	>120812577>120812620	28	4	-24	1|2	1	68.5885	PASS	-	-	.	.	.	.	.	.	.	.	0
vg	chr20	65508266	65508293	>120812577>120812620	28	1	-27	1|2	1	68.5885	PASS	-	-	.	.	.	.	.	.	.	.	0
vg	chr20	65508268	65508290	>120812580>120812614	23	1	-22	1|.	1	18.1734	PASS	-	-	.	.	.	.	.	.	.	.	0
truth_stvar	chr20	65508293	65508293	.	1	4	3	0|1	.	.	.	.	.	-	-	ref	yes	1	.	.	.	0
truth_smvar	chr20	65508293	65508293	.	1	4	3	0|1	.	.	.	.	.	-	-	ref	no:duplicate_of_stvar	1	.	.	.	0
vg	chr20	65508297	65508303	>120812624>120812636	7	1	-6	0|1	1	76.1604	PASS	-	-	.	.	.	.	.	.	.	.	0
truth_stvar	chr20	65508299	65508299	.	1	1	0	1|0	.	.	.	.	.	-	-	yes	ref	1	.	.	.	0
truth_smvar	chr20	65508299	65508299	.	1	1	0	1|0	.	.	.	.	.	-	-	no:duplicate_of_stvar	ref	1	.	.	.	0
vg	chr20	65508299	65508299	>120812625>120812630	1	1	0	1|.	1	54.5239	PASS	-	-	.	.	.	.	.	.	.	.	0
vg	chr20	65508302	65508302	>120812630>120812633	1	1	0	1|.	1	35.7261	PASS	-	-	.	.	.	.	.	.	.	.	0
truth_stvar	chr20	65508305	65508305	.	1	1	0	0|1	.	.	.	.	.	-	-	ref	yes	1	.	.	.	0
truth_smvar	chr20	65508305	65508305	.	1	1	0	0|1	.	.	.	.	.	-	-	ref	no:duplicate_of_stvar	1	.	.	.	0
vg	chr20	65508305	65508305	>120812636>120812640	1	1	0	1|0	1	21.0011	PASS	-	-	.	.	.	.	.	.	.	.	0
truth_stvar	chr20	65508308	65508308	.	1	1	0	0|1	.	.	.	.	.	-	-	ref	yes	1	.	.	.	0
truth_smvar	chr20	65508308	65508308	.	1	1	0	0|1	.	.	.	.	.	-	-	ref	no:duplicate_of_stvar	1	.	.	.	0
vg	chr20	65508314	65508314	>120812654>120812657	1	1	0	1|0	1	16.709	PASS	-	-	.	.	.	.	.	.	.	.	0
truth_stvar	chr20	65508317	65508317	.	1	1	0	0|1	.	.	.	.	.	-	-	ref	yes	1	.	.	.	0
truth_smvar	chr20	65508317	65508317	.	1	1	0	0|1	.	.	.	.	.	-	-	ref	no:duplicate_of_stvar	1	.	.	.	0
vg	chr20	65508317	65508317	>120812659>120812666	1	1	0	1|1	1	65.1807	PASS	-	-	.	.	.	.	.	.	.	.	0
vg	chr20	65508320	65508320	>120812667>120812670	1	1	0	1|1	1	32.5365	PASS	-	-	.	.	.	.	.	.	.	.	0
truth_stvar	chr20	65508323	65508323	.	1	1	0	1|0	.	.	.	.	.	-	-	yes	ref	1	.	.	.	0
truth_smvar	chr20	65508323	65508323	.	1	1	0	1|0	.	.	.	.	.	-	-	no:duplicate_of_stvar	ref	1	.	.	.	0
vg	chr20	65508323	65508338	>120812672>120812697	16	1	-15	1|1	1	74.7191	PASS	-	-	.	.	.	.	.	.	.	.	0
truth_stvar	chr20	65508332	65508332	.	1	1	0	1|1	.	.	.	.	.	-	-	yes	yes	1	.	.	.	0
truth_smvar	chr20	65508332	65508332	.	1	1	0	1|1	.	.	.	.	.	-	-	no:duplicate_of_stvar	no:duplicate_of_stvar	1	.	.	.	0
vg	chr20	65508340	65508349	>120812698>120812717	10	1	-9	1|1	1	68.3435	PASS	-	-	.	.	.	.	.	.	.	.	0
truth_stvar	chr20	65508365	65508365	.	1	4	3	0|1	.	.	.	.	.	-	-	ref	yes	1	.	.	.	0
truth_smvar	chr20	65508365	65508365	.	1	4	3	0|1	.	.	.	.	.	-	-	ref	no:duplicate_of_stvar	1	.	.	.	0
vg	chr20	65508365	65508365	>120812383>120829678	1	1	0	1|0	1	357.178	PASS	-	-	.	.	.	.	.	.	.	.	0
vg	chr20	65508371	65508371	>120812383>120829678	1	1	0	1|1	1	357.178	PASS	-	-	.	.	.	.	.	.	.	.	0
vg	chr20	65508374	65508374	>120812383>120829678	1	1	0	1|0	1	357.178	PASS	-	-	.	.	.	.	.	.	.	.	0
truth_stvar	chr20	65508377	65508377	.	1	1	0	1|0	.	.	.	.	.	-	-	yes	ref	1	.	.	.	0
truth_smvar	chr20	65508377	65508377	.	1	1	0	1|0	.	.	.	.	.	-	-	no:duplicate_of_stvar	ref	1	.	.	.	0
vg	chr20	65508377	65508377	>120812754>120812757	1	1	0	0|1	1	1.79737	PASS	-	-	.	.	.	.	.	.	.	.	0
truth_stvar	chr20	65508380	65508380	.	1	1	0	1|0	.	.	.	.	.	-	-	yes	ref	1	.	.	.	0
truth_smvar	chr20	65508380	65508380	.	1	1	0	1|0	.	.	.	.	.	-	-	no:duplicate_of_stvar	ref	1	.	.	.	0
vg	chr20	65508383	65508383	>120812762>120812799	1	1	0	1|2	1	19.3521	PASS	-	-	.	.	.	.	.	.	.	.	0
vg	chr20	65508383	65508383	>120812762>120812799	1	10	9	1|2	1	19.3521	PASS	-	-	.	.	.	.	.	.	.	.	0
vg	chr20	65508386	65508386	>120812803>120812806	1	4	3	0|1	1	3.03185	PASS	-	-	.	.	.	.	.	.	.	.	0
truth_stvar	chr20	65508389	65508389	.	1	1	0	0|1	.	.	.	.	.	-	-	ref	yes	1	.	.	.	0
truth_smvar	chr20	65508389	65508389	.	1	1	0	0|1	.	.	.	.	.	-	-	ref	no:duplicate_of_stvar	1	.	.	.	0
vg	chr20	65508389	65508392	>120812383>120829678	4	1	-3	2|1	1	357.178	PASS	-	-	.	.	.	.	.	.	.	.	0
vg	chr20	65508389	65508392	>120812383>120829678	4	4	0	2|1	1	357.178	PASS	-	-	.	.	.	.	.	.	.	.	0
truth_stvar	chr20	65508392	65508392	.	1	1	0	0|1	.	.	.	.	.	-	-	ref	yes	1	.	.	.	0
truth_stvar	chr20	65508392	65508482	.	91	1	90	1|0	.	.	.	.	.	TP	FN	yes	ref	1	DEL	111	.	0
truth_smvar	chr20	65508392	65508482	.	91	91,1	90	2|1	.	.	.	.	.	-	-	no:duplicate_of_stvar	no:overlaps_applied_stvar	1	.	.	.	0
vg	chr20	65508395	65508395	>120812813>120812816	1	1	0	0|1	1	49.7187	PASS	-	-	.	.	.	.	.	.	.	.	0
vg	chr20	65508398	65508398	>120812383>120829678	1	1	0	1|1	1	357.178	PASS	-	-	.	.	.	.	.	.	.	.	0
truth_stvar	chr20	65508404	65508404	.	1	1	0	1|0	.	.	.	.	.	-	-	no:star_allele	ref	1	.	.	.	0
truth_stvar	chr20	65508404	65508404	.	1	1	0	0|1	.	.	.	.	.	-	-	ref	yes	1	.	.	.	0
truth_smvar	chr20	65508404	65508404	.	1	1,1	0	2|1	.	.	.	.	.	-	-	no:star_allele	no:duplicate_of_stvar	1	.	.	.	0
vg	chr20	65508404	65508404	>120812834>120812841	1	4	3	1|0	1	32.4823	PASS	-	-	.	.	.	.	.	.	.	.	0
truth_stvar	chr20	65508407	65508407	.	1	1	0	1|0	.	.	.	.	.	-	-	no:star_allele	ref	1	.	.	.	0
truth_stvar	chr20	65508407	65508407	.	1	1	0	0|1	.	.	.	.	.	-	-	ref	yes	1	.	.	.	0
truth_smvar	chr20	65508407	65508407	.	1	1,1	0	2|1	.	.	.	.	.	-	-	no:star_allele	no:duplicate_of_stvar	1	.	.	.	0
vg	chr20	65508413	65508426	>120812851>120812881	14	1	-13	0|1	1	37.0786	PASS	-	-	.	.	.	.	.	.	.	.	0
vg	chr20	65508416	65508416	>120812855>120812859	1	1	0	1|.	1	23.1823	PASS	-	-	.	.	.	.	.	.	.	.	0
vg	chr20	65508427	65508441	>120812881>120812906	15	1	-14	0|1	1	34.0565	PASS	-	-	.	.	.	.	.	.	.	.	0
truth_stvar	chr20	65508431	65508431	.	1	1	0	1|0	.	.	.	.	.	-	-	no:star_allele	ref	1	.	.	.	0
truth_stvar	chr20	65508431	65508431	.	1	1	0	0|1	.	.	.	.	.	-	-	ref	yes	1	.	.	.	0
truth_smvar	chr20	65508431	65508431	.	1	1,1	0	2|1	.	.	.	.	.	-	-	no:star_allele	no:duplicate_of_stvar	1	.	.	.	0
truth_stvar	chr20	65508434	65508434	.	1	1	0	1|0	.	.	.	.	.	-	-	no:star_allele	ref	1	.	.	.	0
truth_stvar	chr20	65508434	65508434	.	1	1	0	0|1	.	.	.	.	.	-	-	ref	yes	1	.	.	.	0
truth_smvar	chr20	65508434	65508434	.	1	1,1	0	2|1	.	.	.	.	.	-	-	no:star_allele	no:duplicate_of_stvar	1	.	.	.	0
vg	chr20	65508440	65508440	>120812899>120812902	1	1	0	1|.	1	54.3992	PASS	-	-	.	.	.	.	.	.	.	.	0
vg	chr20	65508446	65508446	>120812910>120812913	1	1	0	0|1	1	11.3755	PASS	-	-	.	.	.	.	.	.	.	.	0
vg	chr20	65508452	65508455	>120812921>120812925	4	1	-3	1|0	1	22.2427	PASS	-	-	.	.	.	.	.	.	.	.	0
truth_stvar	chr20	65508455	65508455	.	1	1	0	1|0	.	.	.	.	.	-	-	no:star_allele	ref	1	.	.	.	0
truth_stvar	chr20	65508455	65508455	.	1	1	0	0|1	.	.	.	.	.	-	-	ref	yes	1	.	.	.	0
truth_smvar	chr20	65508455	65508455	.	1	1,1	0	2|1	.	.	.	.	.	-	-	no:star_allele	no:duplicate_of_stvar	1	.	.	.	0
vg	chr20	65508457	65508466	>120812926>120812940	10	1	-9	1|1	1	47.7194	PASS	-	-	.	.	.	.	.	.	.	.	0
truth_stvar	chr20	65508464	65508464	.	1	1	0	1|0	.	.	.	.	.	-	-	no:star_allele	ref	1	.	.	.	0
truth_stvar	chr20	65508464	65508464	.	1	1	0	0|1	.	.	.	.	.	-	-	ref	yes	1	.	.	.	0
truth_smvar	chr20	65508464	65508464	.	1	1,1	0	2|1	.	.	.	.	.	-	-	no:star_allele	no:duplicate_of_stvar	1	.	.	.	0
vg	chr20	65508476	65508476	>120812971>120812974	1	1	0	1|0	1	19.2119	PASS	-	-	.	.	.	.	.	.	.	.	0
truth_stvar	chr20	65508482	65508650	.	169	1	0	1|0	.	.	.	.	.	-	-	no:star_allele	ref	1	DEL	111	.	0
truth_stvar	chr20	65508482	65508650	.	169	1	168	0|1	.	.	.	.	.	FN	FN	ref	yes	1	DEL	111	.	0
truth_smvar	chr20	65508482	65508650	.	169	1,1	168	2|1	.	.	.	.	.	-	-	no:star_allele	no:duplicate_of_stvar	1	.	111	.	0
vg	chr20	65508485	65508485	>120812383>120829678	1	10	9	2|1	1	357.178	PASS	-	-	.	.	.	.	.	.	.	.	0
vg	chr20	65508485	65508485	>120812383>120829678	1	1	0	2|1	1	357.178	PASS	-	-	.	.	.	.	.	.	.	.	0
vg	chr20	65508491	65508491	>120812383>120829678	1	4	3	1|0	1	357.178	PASS	-	-	.	.	.	.	.	.	.	.	0
vg	chr20	65508497	65508497	>120813020>120813023	1	1	0	0|1	1	28.8977	PASS	-	-	.	.	.	.	.	.	.	.	0
vg	chr20	65508500	65508500	>120813026>120813029	1	1	0	0|1	1	1.41245	PASS	-	-	.	.	.	.	.	.	.	.	0
truth_stvar	chr20	65508503	65508503	.	1	1	0	0|1	.	.	.	.	.	-	-	ref	no:star_allele	1	.	.	.	0
truth_stvar	chr20	65508503	65508503	.	1	1	0	1|0	.	.	.	.	.	-	-	yes	ref	1	.	.	.	0
truth_smvar	chr20	65508503	65508503	.	1	1,1	0	1|2	.	.	.	.	.	-	-	no:duplicate_of_stvar	no:star_allele	1	.	.	.	0
vg	chr20	65508503	65508503	>120813031>120813034	1	1	0	0|1	1	32.0262	PASS	-	-	.	.	.	.	.	.	.	.	0
truth_stvar	chr20	65508509	65508509	.	1	1	0	0|1	.	.	.	.	.	-	-	ref	no:star_allele	1	.	.	.	0
truth_stvar	chr20	65508509	65508509	.	1	1	0	1|0	.	.	.	.	.	-	-	yes	ref	1	.	.	.	0
truth_smvar	chr20	65508509	65508509	.	1	1,1	0	1|2	.	.	.	.	.	-	-	no:duplicate_of_stvar	no:star_allele	1	.	.	.	0
vg	chr20	65508509	65508509	>120812383>120829678	1	1	0	1|1	1	357.178	PASS	-	-	.	.	.	.	.	.	.	.	0
truth_stvar	chr20	65508512	65508512	.	1	1	0	0|1	.	.	.	.	.	-	-	ref	no:star_allele	1	.	.	.	0
truth_stvar	chr20	65508512	65508512	.	1	1	0	1|0	.	.	.	.	.	-	-	yes	ref	1	.	.	.	0
truth_smvar	chr20	65508512	65508512	.	1	1,1	0	1|2	.	.	.	.	.	-	-	no:duplicate_of_stvar	no:star_allele	1	.	.	.	0
truth_stvar	chr20	65508515	65508515	.	1	1	0	0|1	.	.	.	.	.	-	-	ref	no:star_allele	1	.	.	.	0
truth_stvar	chr20	65508515	65508515	.	1	1	0	1|0	.	.	.	.	.	-	-	yes	ref	1	.	.	.	0
truth_smvar	chr20	65508515	65508515	.	1	1,1	0	1|2	.	.	.	.	.	-	-	no:duplicate_of_stvar	no:star_allele	1	.	.	.	0
vg	chr20	65508515	65508551	>120812383>120829678	37	16	-21	2|1	1	357.178	PASS	-	-	.	.	.	.	.	.	.	.	0
vg	chr20	65508515	65508551	>120812383>120829678	37	25	-12	2|1	1	357.178	PASS	-	-	.	.	.	.	.	.	.	.	0
vg	chr20	65508554	65508569	>120813119>120813142	16	1	-15	1|2	1	18.0154	PASS	-	-	.	.	.	.	.	.	.	.	0
vg	chr20	65508554	65508569	>120813119>120813142	16	16	0	1|2	1	18.0154	PASS	-	-	.	.	.	.	.	.	.	.	0
truth_stvar	chr20	65508557	65508557	.	1	1	0	0|1	.	.	.	.	.	-	-	ref	no:star_allele	1	.	.	.	0
truth_stvar	chr20	65508557	65508557	.	1	1	0	1|0	.	.	.	.	.	-	-	yes	ref	1	.	.	.	0
truth_smvar	chr20	65508557	65508557	.	1	1,1	0	1|2	.	.	.	.	.	-	-	no:duplicate_of_stvar	no:star_allele	1	.	.	.	0
vg	chr20	65508557	65508557	>120813120>120813123	1	1	0	.|1	1	10.3788	PASS	-	-	.	.	.	.	.	.	.	.	0
truth_stvar	chr20	65508560	65508560	.	1	1	0	0|1	.	.	.	.	.	-	-	ref	no:star_allele	1	.	.	.	0
truth_stvar	chr20	65508560	65508560	.	1	1	0	1|0	.	.	.	.	.	-	-	yes	ref	1	.	.	.	0
truth_smvar	chr20	65508560	65508560	.	1	1,1	0	1|2	.	.	.	.	.	-	-	no:duplicate_of_stvar	no:star_allele	1	.	.	.	0
vg	chr20	65508566	65508566	>120813136>120813139	1	1	0	.|1	1	10.3964	PASS	-	-	.	.	.	.	.	.	.	.	0
truth_stvar	chr20	65508569	65508569	.	1	1	0	0|1	.	.	.	.	.	-	-	ref	no:star_allele	1	.	.	.	0
truth_stvar	chr20	65508569	65508569	.	1	1	0	1|0	.	.	.	.	.	-	-	yes	ref	1	.	.	.	0
truth_smvar	chr20	65508569	65508569	.	1	1,1	0	1|2	.	.	.	.	.	-	-	no:duplicate_of_stvar	no:star_allele	1	.	.	.	0
vg	chr20	65508575	65508575	>120813146>120813149	1	1	0	1|0	1	3.29886	PASS	-	-	.	.	.	.	.	.	.	.	0
truth_stvar	chr20	65508587	65508587	.	1	1	0	0|1	.	.	.	.	.	-	-	ref	no:star_allele	1	.	.	.	0
truth_stvar	chr20	65508587	65508587	.	1	7	6	1|0	.	.	.	.	.	-	-	yes	ref	1	.	.	.	0
truth_smvar	chr20	65508587	65508587	.	1	7,1	6	1|2	.	.	.	.	.	-	-	no:duplicate_of_stvar	no:star_allele	1	.	.	.	0
vg	chr20	65508593	65508593	>120813180>120813183	1	1	0	1|1	1	21.221	PASS	-	-	.	.	.	.	.	.	.	.	0
vg	chr20	65508596	65508596	>120813185>120813190	1	1	0	1|1	1	21.5454	PASS	-	-	.	.	.	.	.	.	.	.	0
truth_stvar	chr20	65508599	65508599	.	1	1	0	0|1	.	.	.	.	.	-	-	ref	no:star_allele	1	.	.	.	0
truth_stvar	chr20	65508599	65508599	.	1	1	0	1|0	.	.	.	.	.	-	-	yes	ref	1	.	.	.	0
truth_smvar	chr20	65508599	65508599	.	1	1,1	0	1|2	.	.	.	.	.	-	-	no:duplicate_of_stvar	no:star_allele	1	.	.	.	0
vg	chr20	65508602	65508602	>120813196>120813199	1	1	0	1|1	1	3.05103	PASS	-	-	.	.	.	.	.	.	.	.	0
vg	chr20	65508608	65508608	>120813205>120813208	1	1	0	1|1	1	4.14343	PASS	-	-	.	.	.	.	.	.	.	.	0
truth_stvar	chr20	65508611	65508611	.	1	1	0	0|1	.	.	.	.	.	-	-	ref	no:star_allele	1	.	.	.	0
truth_stvar	chr20	65508611	65508611	.	1	4	3	1|0	.	.	.	.	.	-	-	yes	ref	1	.	.	.	0
truth_smvar	chr20	65508611	65508611	.	1	4,1	3	1|2	.	.	.	.	.	-	-	no:duplicate_of_stvar	no:star_allele	1	.	.	.	0
vg	chr20	65508611	65508611	>120812383>120829678	1	1	0	2|1	1	357.178	PASS	-	-	.	.	.	.	.	.	.	.	0
vg	chr20	65508611	65508611	>120812383>120829678	1	40	39	2|1	1	357.178	PASS	-	-	.	.	.	.	.	.	.	.	0
vg	chr20	65508613	65508613	>120813261>120813267	1	1	0	1|0	1	3.34241	PASS	-	-	.	.	.	.	.	.	.	.	0
vg	chr20	65508617	65508617	>120813267>120813270	1	1	0	0|1	1	15.2492	PASS	-	-	.	.	.	.	.	.	.	.	0
vg	chr20	65508620	65508620	>120813270>120813273	1	1	0	1|1	1	16.0691	PASS	-	-	.	.	.	.	.	.	.	.	0
vg	chr20	65508623	65508624	>120813274>120813300	2	2	0	0|1	1	24.0644	PASS	-	-	.	.	.	.	.	.	.	.	0
vg	chr20	65508626	65508626	>120813279>120813286	1	1	0	1|2	1	4.48683	PASS	-	-	.	.	.	.	.	.	.	.	0
vg	chr20	65508626	65508626	>120813279>120813286	1	4	3	1|2	1	4.48683	PASS	-	-	.	.	.	.	.	.	.	.	0
vg	chr20	65508629	65508632	>120813289>120813293	4	1	-3	2|1	1	16.7992	PASS	-	-	.	.	.	.	.	.	.	.	0
vg	chr20	65508629	65508632	>120813289>120813293	4	4	0	2|1	1	16.7992	PASS	-	-	.	.	.	.	.	.	.	.	0
truth_stvar	chr20	65508632	65508632	.	1	1	0	0|1	.	.	.	.	.	-	-	ref	no:star_allele	1	.	.	.	0
truth_stvar	chr20	65508632	65508632	.	1	1	0	1|0	.	.	.	.	.	-	-	yes	ref	1	.	.	.	0
truth_smvar	chr20	65508632	65508632	.	1	1,1	0	1|2	.	.	.	.	.	-	-	no:duplicate_of_stvar	no:star_allele	1	.	.	.	0
vg	chr20	65508638	65508638	>120813274>120813300	1	1	0	0|1	1	24.0644	PASS	-	-	.	.	.	.	.	.	.	.	0
vg	chr20	65508644	65508644	>120813303>120813306	1	1	0	1|0	1	15.6248	PASS	-	-	.	.	.	.	.	.	.	.	0
truth_stvar	chr20	65508647	65508650	.	4	1	0	0|1	.	.	.	.	.	-	-	ref	no:star_allele	1	.	.	.	0
truth_stvar	chr20	65508647	65508650	.	4	1	3	1|0	.	.	.	.	.	-	-	yes	ref	1	.	.	.	0
truth_smvar	chr20	65508647	65508650	.	4	1,1	3	1|2	.	.	.	.	.	-	-	no:duplicate_of_stvar	no:star_allele	1	.	.	.	0
vg	chr20	65508650	65508650	>120813314>120813321	1	1	0	0|1	1	2.06071	PASS	-	-	.	.	.	.	.	.	.	.	0
vg	chr20	65508653	65508656	>120813323>120813332	4	4	0	1|2	1	21.1682	PASS	-	-	.	.	.	.	.	.	.	.	0
vg	chr20	65508653	65508656	>120813323>120813332	4	1	-3	1|2	1	21.1682	PASS	-	-	.	.	.	.	.	.	.	.	0
vg	chr20	65508662	65508665	>120813342>120813346	4	1	-3	1|1	1	25.7742	PASS	-	-	.	.	.	.	.	.	.	.	0
truth_stvar	chr20	65508668	65508671	.	4	1	3	1|0	.	.	.	.	.	-	-	yes	ref	1	.	.	.	0
truth_smvar	chr20	65508668	65508671	.	4	1	3	1|0	.	.	.	.	.	-	-	no:duplicate_of_stvar	ref	1	.	.	.	0
vg	chr20	65508668	65508668	>120813346>120813353	1	1	0	1|0	1	2.07185	PASS	-	-	.	.	.	.	.	.	.	.	0
vg	chr20	65508674	65508674	>120813355>120813360	1	4	3	1|0	1	26.6006	PASS	-	-	.	.	.	.	.	.	.	.	0
vg	chr20	65508677	65508689	>120813365>120813390	13	13	0	2|1	1	34.9767	PASS	-	-	.	.	.	.	.	.	.	.	0
vg	chr20	65508677	65508689	>120813365>120813390	13	7	-6	2|1	1	34.9767	PASS	-	-	.	.	.	.	.	.	.	.	0
vg	chr20	65508686	65508686	>120813379>120813384	1	1	0	0|1	1	10.5279	PASS	-	-	.	.	.	.	.	.	.	.	0
vg	chr20	65508689	65508689	>120813385>120813389	1	1	0	0|1	1	31.2945	PASS	-	-	.	.	.	.	.	.	.	.	0
vg	chr20	65508692	65508692	>120812383>120829678	1	1	0	0|1	1	357.178	PASS	-	-	.	.	.	.	.	.	.	.	0
truth_stvar	chr20	65508695	65508695	.	1	1	0	0|1	.	.	.	.	.	-	-	ref	yes	1	.	.	.	0
truth_smvar	chr20	65508695	65508695	.	1	1	0	0|1	.	.	.	.	.	-	-	ref	no:duplicate_of_stvar	1	.	.	.	0
vg	chr20	65508695	65508701	>120813396>120813403	7	1	-6	1|1	1	11.4697	PASS	-	-	.	.	.	.	.	.	.	.	0
vg	chr20	65508704	65508704	>120813403>120813406	1	1	0	0|1	1	6.0317	PASS	-	-	.	.	.	.	.	.	.	.	0
vg	chr20	65508710	65508710	>120812383>120829678	1	7	6	2|1	1	357.178	PASS	-	-	.	.	.	.	.	.	.	.	0
vg	chr20	65508710	65508710	>120812383>120829678	1	7	6	2|1	1	357.178	PASS	-	-	.	.	.	.	.	.	.	.	0
vg	chr20	65508713	65508713	>120813428>120813432	1	1	0	0|1	1	2.93311	PASS	-	-	.	.	.	.	.	.	.	.	0
truth_stvar	chr20	65508716	65508716	.	1	1	0	0|1	.	.	.	.	.	-	-	ref	yes	1	.	.	.	0
truth_smvar	chr20	65508716	65508716	.	1	1	0	0|1	.	.	.	.	.	-	-	ref	no:duplicate_of_stvar	1	.	.	.	0
vg	chr20	65508716	65508716	>120813432>120813437	1	1	0	0|1	1	20.4058	PASS	-	-	.	.	.	.	.	.	.	.	0
truth_stvar	chr20	65508719	65508719	.	1	1	0	0|1	.	.	.	.	.	-	-	ref	yes	1	.	.	.	0
truth_smvar	chr20	65508719	65508719	.	1	1	0	0|1	.	.	.	.	.	-	-	ref	no:duplicate_of_stvar	1	.	.	.	0
vg	chr20	65508725	65508725	>120812383>120829678	1	1	0	0|1	1	357.178	PASS	-	-	.	.	.	.	.	.	.	.	0
truth_stvar	chr20	65508728	65508728	.	1	4	3	1|0	.	.	.	.	.	-	-	yes	ref	1	.	.	.	0
truth_smvar	chr20	65508728	65508728	.	1	4	3	1|0	.	.	.	.	.	-	-	no:duplicate_of_stvar	ref	1	.	.	.	0
vg	chr20	65508731	65508731	>120812383>120829678	1	1	0	1|1	1	357.178	PASS	-	-	.	.	.	.	.	.	.	.	0
truth_stvar	chr20	65508734	65508734	.	1	1	0	0|1	.	.	.	.	.	-	-	ref	yes	1	.	.	.	0
truth_smvar	chr20	65508734	65508734	.	1	1	0	0|1	.	.	.	.	.	-	-	ref	no:duplicate_of_stvar	1	.	.	.	0
vg	chr20	65508734	65508734	>120812383>120829678	1	1	0	1|1	1	357.178	PASS	-	-	.	.	.	.	.	.	.	.	0
vg	chr20	65508737	65508737	>120812383>120829678	1	16	15	1|0	1	357.178	PASS	-	-	.	.	.	.	.	.	.	.	0
vg	chr20	65508740	65508740	>120812383>120829678	1	1	0	0|1	1	357.178	PASS	-	-	.	.	.	.	.	.	.	.	0
truth_stvar	chr20	65508743	65508752	.	10	1	9	1|0	.	.	.	.	.	-	-	yes	ref	1	.	.	.	0
truth_smvar	chr20	65508743	65508752	.	10	1	9	1|0	.	.	.	.	.	-	-	no:duplicate_of_stvar	ref	1	.	.	.	0
vg	chr20	65508743	65508746	>120812383>120829678	4	1	-3	1|0	1	357.178	PASS	-	-	.	.	.	.	.	.	.	.	0
truth_stvar	chr20	65508752	65508752	.	1	1	0	1|0	.	.	.	.	.	-	-	no:star_allele	ref	1	.	.	.	0
truth_stvar	chr20	65508752	65508752	.	1	1	0	0|1	.	.	.	.	.	-	-	ref	yes	1	.	.	.	0
truth_smvar	chr20	65508752	65508752	.	1	1,1	0	2|1	.	.	.	.	.	-	-	no:star_allele	no:duplicate_of_stvar	1	.	.	.	0
vg	chr20	65508758	65508770	>120812383>120829678	13	4222	4209	2|1	1	357.178	PASS	FP	-	.	.	.	.	.	.	.	459.11,459.3	0
vg	chr20	65508758	65508770	>120812383>120829678	13	10	-3	2|1	1	357.178	PASS	-	-	.	.	.	.	.	.	.	.	0
truth_stvar	chr20	65508764	65508764	.	1	10	9	0|1	.	.	.	.	.	-	-	ref	yes	1	.	.	.	0
truth_smvar	chr20	65508764	65508764	.	1	10	9	0|1	.	.	.	.	.	-	-	ref	no:duplicate_of_stvar	1	.	.	.	0
truth_stvar	chr20	65508776	65508776	.	1	1	0	1|0	.	.	.	.	.	-	-	yes	ref	1	.	.	.	0
truth_smvar	chr20	65508776	65508776	.	1	1	0	1|0	.	.	.	.	.	-	-	no:duplicate_of_stvar	ref	1	.	.	.	0
vg	chr20	65508776	65508776	>120826456>120826462	1	1	0	0|1	1	8.63194	PASS	-	-	.	.	.	.	.	.	.	.	0
truth_stvar	chr20	65508779	65508779	.	1	1	0	1|1	.	.	.	.	.	-	-	yes	yes	1	.	.	.	0
truth_smvar	chr20	65508779	65508779	.	1	1	0	1|1	.	.	.	.	.	-	-	no:duplicate_of_stvar	no:duplicate_of_stvar	1	.	.	.	0
vg	chr20	65508779	65508779	>120826463>120826466	1	1	0	1|1	1	8.6439	PASS	-	-	.	.	.	.	.	.	.	.	0
vg	chr20	65508781	65508781	>120826468>120826470	1	4	3	0|1	1	8.66256	PASS	-	-	.	.	.	.	.	.	.	.	0
truth_stvar	chr20	65508785	65508785	.	1	1	0	1|0	.	.	.	.	.	-	-	yes	ref	1	.	.	.	0
truth_stvar	chr20	65508785	65508785	.	1	4	3	0|1	.	.	.	.	.	-	-	ref	yes	1	.	.	.	0
truth_smvar	chr20	65508785	65508785	.	1	1,4	3	1|2	.	.	.	.	.	-	-	no:duplicate_of_stvar	no:duplicate_of_stvar	1	.	.	.	0
vg	chr20	65508785	65508785	>120826470>120826475	1	1	0	1|0	1	8.6439	PASS	-	-	.	.	.	.	.	.	.	.	0
vg	chr20	65508790	65508790	>120826479>120826485	1	4	3	0|1	1	12.082	PASS	-	-	.	.	.	.	.	.	.	.	0
vg	chr20	65508794	65508797	>120826488>120826496	4	1	-3	1|2	1	11.9807	PASS	-	-	.	.	.	.	.	.	.	.	0
vg	chr20	65508794	65508797	>120826488>120826496	4	4	0	1|2	1	11.9807	PASS	-	-	.	.	.	.	.	.	.	.	0
truth_stvar	chr20	65508797	65508797	.	1	1	0	0|1	.	.	.	.	.	-	-	ref	yes	1	.	.	.	0
truth_smvar	chr20	65508797	65508797	.	1	1	0	0|1	.	.	.	.	.	-	-	ref	no:duplicate_of_stvar	1	.	.	.	0
truth_stvar	chr20	65508800	65508800	.	1	1	0	0|1	.	.	.	.	.	-	-	ref	yes	1	.	.	.	0
truth_smvar	chr20	65508800	65508800	.	1	1	0	0|1	.	.	.	.	.	-	-	ref	no:duplicate_of_stvar	1	.	.	.	0
vg	chr20	65508803	65508803	>120812383>120829678	1	25	24	1|0	1	357.178	PASS	-	-	.	.	.	.	.	.	.	.	0
vg	chr20	65508806	65508806	>120812383>120829678	1	1	0	0|1	1	357.178	PASS	-	-	.	.	.	.	.	.	.	.	0
truth_stvar	chr20	65508812	65508812	.	1	1	0	0|1	.	.	.	.	.	-	-	ref	yes	1	.	.	.	0
truth_smvar	chr20	65508812	65508812	.	1	1	0	0|1	.	.	.	.	.	-	-	ref	no:duplicate_of_stvar	1	.	.	.	0
vg	chr20	65508812	65508812	>120826547>120826550	1	1	0	1|0	1	13.6039	PASS	-	-	.	.	.	.	.	.	.	.	0
truth_stvar	chr20	65508818	65508818	.	1	1	0	1|1	.	.	.	.	.	-	-	yes	yes	1	.	.	.	0
truth_smvar	chr20	65508818	65508818	.	1	1	0	1|1	.	.	.	.	.	-	-	no:duplicate_of_stvar	no:duplicate_of_stvar	1	.	.	.	0
vg	chr20	65508818	65508818	>120826554>120826558	1	1	0	1|0	1	13.2682	PASS	-	-	.	.	.	.	.	.	.	.	0
vg	chr20	65508819	65508864	>120826558>120826629	46	1	-45	1|1	1	23.3294	PASS	-	-	.	.	.	.	.	.	.	.	0
truth_stvar	chr20	65508830	65508830	.	1	1	0	1|0	.	.	.	.	.	-	-	yes	ref	1	.	.	.	0
truth_smvar	chr20	65508830	65508830	.	1	1	0	1|0	.	.	.	.	.	-	-	no:duplicate_of_stvar	ref	1	.	.	.	0
truth_stvar	chr20	65508836	65508836	.	1	4	3	0|1	.	.	.	.	.	-	-	ref	yes	1	.	.	.	0
truth_smvar	chr20	65508836	65508836	.	1	4	3	0|1	.	.	.	.	.	-	-	ref	no:duplicate_of_stvar	1	.	.	.	0
truth_stvar	chr20	65508842	65508842	.	1	1	0	1|0	.	.	.	.	.	-	-	yes	ref	1	.	.	.	0
truth_smvar	chr20	65508842	65508842	.	1	1	0	1|0	.	.	.	.	.	-	-	no:duplicate_of_stvar	ref	1	.	.	.	0
truth_stvar	chr20	65508848	65508848	.	1	1	0	0|1	.	.	.	.	.	-	-	ref	yes	1	.	.	.	0
truth_smvar	chr20	65508848	65508848	.	1	1	0	0|1	.	.	.	.	.	-	-	ref	no:duplicate_of_stvar	1	.	.	.	0
truth_stvar	chr20	65508851	65508851	.	1	1	0	1|0	.	.	.	.	.	-	-	yes	ref	1	.	.	.	0
truth_smvar	chr20	65508851	65508851	.	1	1	0	1|0	.	.	.	.	.	-	-	no:duplicate_of_stvar	ref	1	.	.	.	0
truth_stvar	chr20	65508857	65508857	.	1	13	12	1|0	.	.	.	.	.	-	-	yes	ref	1	.	.	.	0
truth_smvar	chr20	65508857	65508857	.	1	13	12	1|0	.	.	.	.	.	-	-	no:duplicate_of_stvar	ref	1	.	.	.	0
truth_stvar	chr20	65508863	65508863	.	1	1	0	1|0	.	.	.	.	.	-	-	yes	ref	1	.	.	.	0
truth_smvar	chr20	65508863	65508863	.	1	1	0	1|0	.	.	.	.	.	-	-	no:duplicate_of_stvar	ref	1	.	.	.	0
vg	chr20	65508867	65508867	>120826629>120826634	1	4	3	1|0	1	13.5216	PASS	-	-	.	.	.	.	.	.	.	.	0
truth_stvar	chr20	65508869	65508869	.	1	1	0	0|1	.	.	.	.	.	-	-	ref	yes	1	.	.	.	0
truth_smvar	chr20	65508869	65508869	.	1	1	0	0|1	.	.	.	.	.	-	-	ref	no:duplicate_of_stvar	1	.	.	.	0
vg	chr20	65508871	65508871	>120826635>120826652	1	10	9	1|0	1	22.9197	PASS	-	-	.	.	.	.	.	.	.	.	0
truth_stvar	chr20	65508875	65508875	.	1	1	0	0|1	.	.	.	.	.	-	-	ref	yes	1	.	.	.	0
truth_smvar	chr20	65508875	65508875	.	1	1	0	0|1	.	.	.	.	.	-	-	ref	no:duplicate_of_stvar	1	.	.	.	0
vg	chr20	65508875	65508875	>120826654>120826657	1	1	0	1|0	1	16.713	PASS	-	-	.	.	.	.	.	.	.	.	0
vg	chr20	65508881	65508905	>120812383>120829678	25	1	-24	2|1	1	357.178	PASS	-	-	.	.	.	.	.	.	.	.	0
vg	chr20	65508881	65508905	>120812383>120829678	25	25	0	2|1	1	357.178	PASS	-	-	.	.	.	.	.	.	.	.	0
vg	chr20	65508890	65508890	>120826678>120826687	1	1	0	1|.	1	4.84434	PASS	-	-	.	.	.	.	.	.	.	.	0
truth_stvar	chr20	65508899	65508899	.	1	61	60	1|0	.	.	.	.	.	FN	FN	yes	ref	1	INS	111	.	0
truth_stvar	chr20	65508899	65508902	.	4	1	3	0|1	.	.	.	.	.	-	-	ref	yes	1	.	.	.	0
truth_smvar	chr20	65508899	65508902	.	4	1,64	60	2|1	.	.	.	.	.	-	-	no:overlaps_applied_stvar	no:duplicate_of_stvar	1	.	.	.	0
vg	chr20	65508899	65508899	>120826693>120826696	1	1	0	1|.	1	2.75623	PASS	-	-	.	.	.	.	.	.	.	.	0
vg	chr20	65508900	65508900	>120826696>120826700	1	4	3	1|.	1	3.04568	PASS	-	-	.	.	.	.	.	.	.	.	0
vg	chr20	65508911	65508911	>120826712>120826716	1	1	0	1|0	1	2.54983	PASS	-	-	.	.	.	.	.	.	.	.	0
truth_stvar	chr20	65508917	65508917	.	1	1	0	0|1	.	.	.	.	.	-	-	ref	yes	1	.	.	.	0
truth_smvar	chr20	65508917	65508917	.	1	1	0	0|1	.	.	.	.	.	-	-	ref	no:duplicate_of_stvar	1	.	.	.	0
vg	chr20	65508920	65508920	>120826725>120826730	1	1	0	0|1	1	27.8069	PASS	-	-	.	.	.	.	.	.	.	.	0
vg	chr20	65508926	65508935	>120826734>120826753	10	1	-9	2|1	1	25.7493	PASS	-	-	.	.	.	.	.	.	.	.	0
vg	chr20	65508926	65508935	>120826734>120826753	10	13	3	2|1	1	25.7493	PASS	-	-	.	.	.	.	.	.	.	.	0
truth_stvar	chr20	65508929	65508932	.	4	1	3	0|1	.	.	.	.	.	-	-	ref	yes	1	.	.	.	0
truth_smvar	chr20	65508929	65508932	.	4	1	3	0|1	.	.	.	.	.	-	-	ref	no:duplicate_of_stvar	1	.	.	.	0
vg	chr20	65508932	65508932	>120826744>120826747	1	1	0	1|.	1	3.66193	PASS	-	-	.	.	.	.	.	.	.	.	0
vg	chr20	65508938	65508938	>120826754>120826757	1	1	0	1|1	1	30.4822	PASS	-	-	.	.	.	.	.	.	.	.	0
vg	chr20	65508941	65508941	>120826759>120826764	1	1	0	1|0	1	9.10055	PASS	-	-	.	.	.	.	.	.	.	.	0
truth_stvar	chr20	65508944	65508944	.	1	1	0	1|0	.	.	.	.	.	-	-	yes	ref	1	.	.	.	0
truth_smvar	chr20	65508944	65508944	.	1	1	0	1|0	.	.	.	.	.	-	-	no:duplicate_of_stvar	ref	1	.	.	.	0
vg	chr20	65508944	65508944	>120826765>120826769	1	1	0	0|1	1	18.7129	PASS	-	-	.	.	.	.	.	.	.	.	0
truth_stvar	chr20	65508950	65508950	.	1	1	0	1|0	.	.	.	.	.	-	-	yes	ref	1	.	.	.	0
truth_smvar	chr20	65508950	65508950	.	1	1	0	1|0	.	.	.	.	.	-	-	no:duplicate_of_stvar	ref	1	.	.	.	0
vg	chr20	65508953	65508953	>120826779>120826783	1	1	0	0|1	1	10.9998	PASS	-	-	.	.	.	.	.	.	.	.	0
vg	chr20	65508955	65508955	>120826784>120826788	1	4	3	1|0	1	3.64239	PASS	-	-	.	.	.	.	.	.	.	.	0
vg	chr20	65508959	65508959	>120826791>120826796	1	1	0	1|0	1	0.765812	PASS	-	-	.	.	.	.	.	.	.	.	0
vg	chr20	65508962	65508968	>120826797>120826813	7	7	0	1|0	1	19.7707	PASS	-	-	.	.	.	.	.	.	.	.	0
truth_stvar	chr20	65508968	65508968	.	1	1	0	0|1	.	.	.	.	.	-	-	ref	yes	1	.	.	.	0
truth_smvar	chr20	65508968	65508968	.	1	1	0	0|1	.	.	.	.	.	-	-	ref	no:duplicate_of_stvar	1	.	.	.	0
vg	chr20	65508968	65508968	>120826807>120826810	1	1	0	1|1	1	14.5102	PASS	-	-	.	.	.	.	.	.	.	.	0
truth_stvar	chr20	65508974	65508974	.	1	1	0	0|1	.	.	.	.	.	-	-	ref	yes	1	.	.	.	0
truth_stvar	chr20	65508974	65508986	.	13	1	12	1|0	.	.	.	.	.	-	-	yes	ref	1	.	.	.	0
truth_smvar	chr20	65508974	65508986	.	13	1,13	12	1|2	.	.	.	.	.	-	-	no:duplicate_of_stvar	no:overlaps_applied_stvar	1	.	.	.	0
vg	chr20	65508974	65508974	>120826814>120826823	1	10	9	2|1	1	24.4073	PASS	-	-	.	.	.	.	.	.	.	.	0
vg	chr20	65508974	65508974	>120826814>120826823	1	10	9	2|1	1	24.4073	PASS	-	-	.	.	.	.	.	.	.	.	0
vg	chr20	65508983	65508983	>120826835>120826838	1	1	0	0|1	1	14.0073	PASS	-	-	.	.	.	.	.	.	.	.	0
vg	chr20	65508985	65508988	>120826839>120826844	4	1	-3	0|1	1	27.8619	PASS	-	-	.	.	.	.	.	.	.	.	0
vg	chr20	65508990	65508990	>120826846>120826867	1	4	3	1|0	1	5.9544	PASS	-	-	.	.	.	.	.	.	.	.	0
truth_stvar	chr20	65508992	65508992	.	1	1	0	0|1	.	.	.	.	.	-	-	ref	yes	1	.	.	.	0
truth_smvar	chr20	65508992	65508992	.	1	1	0	0|1	.	.	.	.	.	-	-	ref	no:duplicate_of_stvar	1	.	.	.	0
truth_stvar	chr20	65508998	65508998	.	1	1	0	1|0	.	.	.	.	.	-	-	yes	ref	1	.	.	.	0
truth_smvar	chr20	65508998	65508998	.	1	1	0	1|0	.	.	.	.	.	-	-	no:duplicate_of_stvar	ref	1	.	.	.	0
truth_stvar	chr20	65509004	65509004	.	1	1	0	1|0	.	.	.	.	.	-	-	yes	ref	1	.	.	.	0
truth_smvar	chr20	65509004	65509004	.	1	1	0	1|0	.	.	.	.	.	-	-	no:duplicate_of_stvar	ref	1	.	.	.	0
vg	chr20	65509004	65509004	>120826879>120826893	1	10	9	0|1	1	23.7816	PASS	-	-	.	.	.	.	.	.	.	.	0
vg	chr20	65509007	65509007	>120826896>120826899	1	1	0	1|0	1	2.56402	PASS	-	-	.	.	.	.	.	.	.	.	0
vg	chr20	65509010	65509010	>120826902>120826934	1	19	18	1|0	1	5.45296	PASS	-	-	.	.	.	.	.	.	.	.	0
vg	chr20	65509016	65509016	>120826938>120826941	1	1	0	0|1	1	3.37939	PASS	-	-	.	.	.	.	.	.	.	.	0
vg	chr20	65509019	65509019	>120826941>120826947	1	1	0	2|1	1	11.0973	PASS	-	-	.	.	.	.	.	.	.	.	0
vg	chr20	65509019	65509019	>120826941>120826947	1	4	3	2|1	1	11.0973	PASS	-	-	.	.	.	.	.	.	.	.	0
vg	chr20	65509027	65509027	>120826956>120826965	1	1	0	1|0	1	5.9659	PASS	-	-	.	.	.	.	.	.	.	.	0
vg	chr20	65509031	65509070	>120826966>120827046	40	37	-3	2|1	1	17.0505	PASS	-	-	.	.	.	.	.	.	.	.	0
vg	chr20	65509031	65509070	>120826966>120827046	40	40	0	2|1	1	17.0505	PASS	-	-	.	.	.	.	.	.	.	.	0
truth_stvar	chr20	65509043	65509043	.	1	4	3	0|1	.	.	.	.	.	-	-	ref	yes	1	.	.	.	0
truth_smvar	chr20	65509043	65509043	.	1	4	3	0|1	.	.	.	.	.	-	-	ref	no:duplicate_of_stvar	1	.	.	.	0
vg	chr20	65509045	65509045	>120826990>120826992	1	4	3	1|1	1	6.66755	PASS	-	-	.	.	.	.	.	.	.	.	0
vg	chr20	65509048	65509051	>120826996>120826999	4	1	-3	1|1	1	3.6179	PASS	-	-	.	.	.	.	.	.	.	.	0
truth_stvar	chr20	65509049	65509049	.	1	1	0	1|0	.	.	.	.	.	-	-	yes	ref	1	.	.	.	0
truth_smvar	chr20	65509049	65509049	.	1	1	0	1|0	.	.	.	.	.	-	-	no:duplicate_of_stvar	ref	1	.	.	.	0
vg	chr20	65509054	65509054	>120827001>120827003	1	4	3	0|1	1	6.39195	PASS	-	-	.	.	.	.	.	.	.	.	0
vg	chr20	65509057	65509057	>120827008>120827014	1	4	3	0|1	1	4.65861	PASS	-	-	.	.	.	.	.	.	.	.	0
truth_stvar	chr20	65509061	65509070	.	10	1	9	1|0	.	.	.	.	.	-	-	yes	ref	1	.	.	.	0
truth_smvar	chr20	65509061	65509070	.	10	1	9	1|0	.	.	.	.	.	-	-	no:duplicate_of_stvar	ref	1	.	.	.	0
vg	chr20	65509061	65509061	>120827014>120827042	1	1	0	0|1	1	15.6013	PASS	-	-	.	.	.	.	.	.	.	.	0
vg	chr20	65509064	65509064	>120827014>120827042	1	1	0	1|1	1	15.6013	PASS	-	-	.	.	.	.	.	.	.	.	0
vg	chr20	65509067	65509070	>120827023>120827038	4	4	0	1|0	1	11.8094	PASS	-	-	.	.	.	.	.	.	.	.	0
vg	chr20	65509070	65509070	>120827026>120827029	1	1	0	1|1	1	4.88391	PASS	-	-	.	.	.	.	.	.	.	.	0
truth_stvar	chr20	65509082	65509082	.	1	1	0	0|1	.	.	.	.	.	-	-	ref	yes	1	.	.	.	0
truth_smvar	chr20	65509082	65509082	.	1	1	0	0|1	.	.	.	.	.	-	-	ref	no:duplicate_of_stvar	1	.	.	.	0
vg	chr20	65509087	65509090	>120827057>120827066	4	1	-3	1|0	1	10.0583	PASS	-	-	.	.	.	.	.	.	.	.	0
truth_stvar	chr20	65509088	65509088	.	1	1	0	0|1	.	.	.	.	.	-	-	ref	yes	1	.	.	.	0
truth_smvar	chr20	65509088	65509088	.	1	1	0	0|1	.	.	.	.	.	-	-	ref	no:duplicate_of_stvar	1	.	.	.	0
vg	chr20	65509094	65509094	>120827068>120827071	1	1	0	1|1	1	4.88218	PASS	-	-	.	.	.	.	.	.	.	.	0
vg	chr20	65509097	65509097	>120827074>120827077	1	1	0	1|1	1	4.66137	PASS	-	-	.	.	.	.	.	.	.	.	0
vg	chr20	65509102	65509105	>120827082>120827089	4	1	-3	0|1	1	7.63772	PASS	-	-	.	.	.	.	.	.	.	.	0
truth_stvar	chr20	65509103	65509103	.	1	31	30	0|1	.	.	.	.	.	-	-	ref	yes	1	INS	111	.	0
truth_smvar	chr20	65509103	65509103	.	1	31	30	0|1	.	.	.	.	.	-	-	ref	no:duplicate_of_stvar	1	.	111	.	0
truth_stvar	chr20	65509106	65509106	.	1	67	66	1|0	.	.	.	.	.	FN	FN	yes	ref	1	INS	111	.	0
truth_smvar	chr20	65509106	65509106	.	1	67	66	1|0	.	.	.	.	.	-	-	no:duplicate_of_stvar	ref	1	.	111	.	0
vg	chr20	65509112	65509112	>120827093>120827098	1	1	0	0|1	1	4.88391	PASS	-	-	.	.	.	.	.	.	.	.	0
truth_stvar	chr20	65509115	65509115	.	1	1	0	1|0	.	.	.	.	.	-	-	yes	ref	1	.	.	.	0
truth_smvar	chr20	65509115	65509115	.	1	1	0	1|0	.	.	.	.	.	-	-	no:duplicate_of_stvar	ref	1	.	.	.	0
vg	chr20	65509115	65509115	>120827099>120827103	1	1	0	0|1	1	4.77121	PASS	-	-	.	.	.	.	.	.	.	.	0
vg	chr20	65509118	65509118	>120827104>120827107	1	1	0	0|1	1	4.88356	PASS	-	-	.	.	.	.	.	.	.	.	0
truth_stvar	chr20	65509121	65509121	.	1	1	0	0|1	.	.	.	.	.	-	-	ref	yes	1	.	.	.	0
truth_smvar	chr20	65509121	65509121	.	1	1	0	0|1	.	.	.	.	.	-	-	ref	no:duplicate_of_stvar	1	.	.	.	0
truth_stvar	chr20	65509127	65509127	.	1	1	0	0|1	.	.	.	.	.	-	-	ref	yes	1	.	.	.	0
truth_smvar	chr20	65509127	65509127	.	1	1	0	0|1	.	.	.	.	.	-	-	ref	no:duplicate_of_stvar	1	.	.	.	0
vg	chr20	65509127	65509127	>120827117>120827120	1	1	0	0|1	1	4.66137	PASS	-	-	.	.	.	.	.	.	.	.	0
vg	chr20	65509132	65509135	>120827124>120827131	4	1	-3	1|0	1	7.63772	PASS	-	-	.	.	.	.	.	.	.	.	0
truth_stvar	chr20	65509133	65509133	.	1	1	0	1|0	.	.	.	.	.	-	-	yes	ref	1	.	.	.	0
truth_smvar	chr20	65509133	65509133	.	1	1	0	1|0	.	.	.	.	.	-	-	no:duplicate_of_stvar	ref	1	.	.	.	0
vg	chr20	65509138	65509141	>120827132>120827140	4	1	-3	0|1	1	10.056	PASS	-	-	.	.	.	.	.	.	.	.	0
vg	chr20	65509140	65509140	>120827134>120827139	1	4	3	1|.	1	4.84369	PASS	-	-	.	.	.	.	.	.	.	.	0
truth_stvar	chr20	65509142	65509145	.	4	1	3	1|0	.	.	.	.	.	-	-	yes	ref	1	.	.	.	0
truth_smvar	chr20	65509142	65509145	.	4	1	3	1|0	.	.	.	.	.	-	-	no:duplicate_of_stvar	ref	1	.	.	.	0
vg	chr20	65509151	65509151	>120827148>120827153	1	1	0	0|1	1	4.66137	PASS	-	-	.	.	.	.	.	.	.	.	0
vg	chr20	65509154	65509154	>120827154>120827158	1	1	0	0|1	1	4.66137	PASS	-	-	.	.	.	.	.	.	.	.	0
truth_stvar	chr20	65509157	65509157	.	1	1	0	0|1	.	.	.	.	.	-	-	ref	yes	1	.	.	.	0
truth_smvar	chr20	65509157	65509157	.	1	1	0	0|1	.	.	.	.	.	-	-	ref	no:duplicate_of_stvar	1	.	.	.	0
vg	chr20	65509157	65509157	>120827160>120827163	1	1	0	1|1	1	4.66137	PASS	-	-	.	.	.	.	.	.	.	.	0
vg	chr20	65509163	65509163	>120827168>120827257	1	1	0	1|1	1	22.1323	PASS	-	-	.	.	.	.	.	.	.	.	0
vg	chr20	65509167	65509170	>120827174>120827180	4	1	-3	0|1	1	7.63772	PASS	-	-	.	.	.	.	.	.	.	.	0
vg	chr20	65509175	65509175	>120827182>120827188	1	1	0	1|1	1	9.94649	PASS	-	-	.	.	.	.	.	.	.	.	0
truth_stvar	chr20	65509178	65509178	.	1	4	3	1|0	.	.	.	.	.	-	-	yes	ref	1	.	.	.	0
truth_smvar	chr20	65509178	65509178	.	1	4	3	1|0	.	.	.	.	.	-	-	no:duplicate_of_stvar	ref	1	.	.	.	0
vg	chr20	65509178	65509178	>120827182>120827188	1	1	0	1|1	1	9.94649	PASS	-	-	.	.	.	.	.	.	.	.	0
truth_stvar	chr20	65509196	65509196	.	1	1	0	0|1	.	.	.	.	.	-	-	ref	yes	1	.	.	.	0
truth_stvar	chr20	65509196	65509196	.	1	4	3	1|0	.	.	.	.	.	-	-	yes	ref	1	.	.	.	0
truth_smvar	chr20	65509196	65509196	.	1	1,4	3	2|1	.	.	.	.	.	-	-	no:duplicate_of_stvar	no:duplicate_of_stvar	1	.	.	.	0
truth_stvar	chr20	65509214	65509214	.	1	1	0	0|1	.	.	.	.	.	-	-	ref	yes	1	.	.	.	0
truth_smvar	chr20	65509214	65509214	.	1	1	0	0|1	.	.	.	.	.	-	-	ref	no:duplicate_of_stvar	1	.	.	.	0
vg	chr20	65509216	65509216	>120827278>120827289	1	4	3	1|0	1	11.8041	PASS	-	-	.	.	.	.	.	.	.	.	0
truth_stvar	chr20	65509220	65509220	.	1	1	0	1|0	.	.	.	.	.	-	-	yes	ref	1	.	.	.	0
truth_smvar	chr20	65509220	65509220	.	1	1	0	1|0	.	.	.	.	.	-	-	no:duplicate_of_stvar	ref	1	.	.	.	0
vg	chr20	65509226	65509226	>120827294>120827297	1	1	0	1|0	1	4.66137	PASS	-	-	.	.	.	.	.	.	.	.	0
truth_stvar	chr20	65509232	65509232	.	1	1	0	0|1	.	.	.	.	.	-	-	ref	yes	1	.	.	.	0
truth_smvar	chr20	65509232	65509232	.	1	1	0	0|1	.	.	.	.	.	-	-	ref	no:duplicate_of_stvar	1	.	.	.	0
truth_stvar	chr20	65509238	65509238	.	1	1	0	1|0	.	.	.	.	.	-	-	yes	ref	1	.	.	.	0
truth_smvar	chr20	65509238	65509238	.	1	1	0	1|0	.	.	.	.	.	-	-	no:duplicate_of_stvar	ref	1	.	.	.	0
vg	chr20	65509238	65509343	>120827309>120827512	106	100	-6	0|1	1	20.3453	PASS	-	-	.	.	.	.	.	.	.	.	0
truth_stvar	chr20	65509241	65509271	.	31	1	30	0|1	.	.	.	.	.	-	-	ref	yes	1	DEL	111	.	0
truth_smvar	chr20	65509241	65509271	.	31	1	30	0|1	.	.	.	.	.	-	-	ref	no:duplicate_of_stvar	1	.	111	.	0
vg	chr20	65509280	65509280	>120827397>120827400	1	1	0	1|1	1	4.88391	PASS	-	-	.	.	.	.	.	.	.	.	0
vg	chr20	65509286	65509286	>120827407>120827414	1	1	0	1|1	1	10.0536	PASS	-	-	.	.	.	.	.	.	.	.	0
vg	chr20	65509292	65509292	>120827423>120827426	1	1	0	1|1	1	4.88391	PASS	-	-	.	.	.	.	.	.	.	.	0
truth_stvar	chr20	65509295	65509295	.	1	1	0	1|0	.	.	.	.	.	-	-	yes	ref	1	.	.	.	0
truth_smvar	chr20	65509295	65509295	.	1	1	0	1|0	.	.	.	.	.	-	-	no:duplicate_of_stvar	ref	1	.	.	.	0
vg	chr20	65509301	65509301	>120827440>120827443	1	1	0	1|0	1	4.88391	PASS	-	-	.	.	.	.	.	.	.	.	0
vg	chr20	65509304	65509304	>120827443>120827446	1	1	0	1|0	1	4.88391	PASS	-	-	.	.	.	.	.	.	.	.	0
truth_stvar	chr20	65509310	65509310	.	1	1	0	1|1	.	.	.	.	.	-	-	yes	yes	1	.	.	.	0
truth_smvar	chr20	65509310	65509310	.	1	1	0	1|1	.	.	.	.	.	-	-	no:duplicate_of_stvar	no:duplicate_of_stvar	1	.	.	.	0
vg	chr20	65509316	65509316	>120827460>120827470	1	1	0	1|.	1	5.21457	PASS	-	-	.	.	.	.	.	.	.	.	0
vg	chr20	65509319	65509319	>120827470>120827473	1	1	0	1|.	1	2.63945	PASS	-	-	.	.	.	.	.	.	.	.	0
truth_stvar	chr20	65509322	65509322	.	1	1	0	1|0	.	.	.	.	.	-	-	yes	ref	1	.	.	.	0
truth_smvar	chr20	65509322	65509322	.	1	1	0	1|0	.	.	.	.	.	-	-	no:duplicate_of_stvar	ref	1	.	.	.	0
truth_stvar	chr20	65509325	65509325	.	1	1	0	0|1	.	.	.	.	.	-	-	ref	yes	1	.	.	.	0
truth_smvar	chr20	65509325	65509325	.	1	1	0	0|1	.	.	.	.	.	-	-	ref	no:duplicate_of_stvar	1	.	.	.	0
vg	chr20	65509328	65509328	>120827481>120827485	1	1	0	1|0	1	4.19906	PASS	-	-	.	.	.	.	.	.	.	.	0
truth_stvar	chr20	65509331	65509331	.	1	1	0	1|0	.	.	.	.	.	-	-	yes	ref	1	.	.	.	0
truth_smvar	chr20	65509331	65509331	.	1	1	0	1|0	.	.	.	.	.	-	-	no:duplicate_of_stvar	ref	1	.	.	.	0
vg	chr20	65509334	65509334	>120827487>120827492	1	1	0	1|0	1	7.00669	PASS	-	-	.	.	.	.	.	.	.	.	0
truth_stvar	chr20	65509337	65509337	.	1	1	0	1|0	.	.	.	.	.	-	-	yes	ref	1	.	.	.	0
truth_smvar	chr20	65509337	65509337	.	1	1	0	1|0	.	.	.	.	.	-	-	no:duplicate_of_stvar	ref	1	.	.	.	0
vg	chr20	65509337	65509337	>120827492>120827496	1	1	0	1|1	1	5.17188	PASS	-	-	.	.	.	.	.	.	.	.	0
vg	chr20	65509343	65509343	>120827500>120827504	1	1	0	0|1	1	5.18097	PASS	-	-	.	.	.	.	.	.	.	.	0
vg	chr20	65509349	65509349	>120827513>120827516	1	1	0	1|0	1	5.05556	PASS	-	-	.	.	.	.	.	.	.	.	0
truth_stvar	chr20	65509352	65509352	.	1	1	0	1|0	.	.	.	.	.	-	-	yes	ref	1	.	.	.	0
truth_smvar	chr20	65509352	65509352	.	1	1	0	1|0	.	.	.	.	.	-	-	no:duplicate_of_stvar	ref	1	.	.	.	0
vg	chr20	65509352	65509352	>120827516>120827520	1	1	0	1|1	1	5.54125	PASS	-	-	.	.	.	.	.	.	.	.	0
truth_stvar	chr20	65509358	65509358	.	1	1	0	1|0	.	.	.	.	.	-	-	yes	ref	1	.	.	.	0
truth_smvar	chr20	65509358	65509358	.	1	1	0	1|0	.	.	.	.	.	-	-	no:duplicate_of_stvar	ref	1	.	.	.	0
vg	chr20	65509364	65509364	>120827543>120827593	1	1	0	1|0	1	29.5529	PASS	-	-	.	.	.	.	.	.	.	.	0
vg	chr20	65509370	65509373	>120827552>120827557	4	1	-3	1|0	1	2.04431	PASS	-	-	.	.	.	.	.	.	.	.	0
vg	chr20	65509375	65509375	>120827558>120827575	1	10	9	1|0	1	5.07625	PASS	-	-	.	.	.	.	.	.	.	.	0
truth_stvar	chr20	65509379	65509379	.	1	1	0	0|1	.	.	.	.	.	-	-	ref	yes	1	.	.	.	0
truth_smvar	chr20	65509379	65509379	.	1	1	0	0|1	.	.	.	.	.	-	-	ref	no:duplicate_of_stvar	1	.	.	.	0
vg	chr20	65509379	65509379	>120827579>120827582	1	1	0	1|1	1	4.45007	PASS	-	-	.	.	.	.	.	.	.	.	0
truth_stvar	chr20	65509382	65509385	.	4	1	3	0|1	.	.	.	.	.	-	-	ref	yes	1	.	.	.	0
truth_smvar	chr20	65509382	65509385	.	4	1	3	0|1	.	.	.	.	.	-	-	ref	no:duplicate_of_stvar	1	.	.	.	0
truth_stvar	chr20	65509385	65509385	.	1	1	0	0|1	.	.	.	.	.	-	-	ref	no:star_allele	1	.	.	.	0
truth_stvar	chr20	65509385	65509385	.	1	7	6	1|0	.	.	.	.	.	-	-	yes	ref	1	.	.	.	0
truth_smvar	chr20	65509385	65509385	.	1	7,1	6	1|2	.	.	.	.	.	-	-	no:duplicate_of_stvar	no:star_allele	1	.	.	.	0
vg	chr20	65509385	65509388	>120827543>120827593	4	1	-3	1|2	1	29.5529	PASS	-	-	.	.	.	.	.	.	.	.	0
vg	chr20	65509385	65509388	>120827543>120827593	4	1	-3	1|2	1	29.5529	PASS	-	-	.	.	.	.	.	.	.	.	0
vg	chr20	65509391	65509391	>120827594>120827600	1	1	0	1|1	1	27.5829	PASS	-	-	.	.	.	.	.	.	.	.	0
vg	chr20	65509394	65509394	>120827601>120827606	1	1	0	0|1	1	21.8997	PASS	-	-	.	.	.	.	.	.	.	.	0
truth_stvar	chr20	65509400	65509400	.	1	1	0	0|1	.	.	.	.	.	-	-	ref	yes	1	.	.	.	0
truth_smvar	chr20	65509400	65509400	.	1	1	0	0|1	.	.	.	.	.	-	-	ref	no:duplicate_of_stvar	1	.	.	.	0
vg	chr20	65509400	65509400	>120827614>120827619	1	1	0	1|1	1	18.6208	PASS	-	-	.	.	.	.	.	.	.	.	0
vg	chr20	65509403	65509403	>120827619>120827622	1	1	0	0|1	1	19.5954	PASS	-	-	.	.	.	.	.	.	.	.	0
vg	chr20	65509406	65509406	>120827623>120827626	1	1	0	1|0	1	2.14299	PASS	-	-	.	.	.	.	.	.	.	.	0
vg	chr20	65509412	65509412	>120827630>120827634	1	1	0	1|1	1	1.21257	PASS	-	-	.	.	.	.	.	.	.	.	0
vg	chr20	65509418	65509418	>120827637>120827641	1	1	0	1|1	1	11.7917	PASS	-	-	.	.	.	.	.	.	.	.	0
truth_stvar	chr20	65509421	65509421	.	1	1	0	0|1	.	.	.	.	.	-	-	ref	yes	1	.	.	.	0
truth_smvar	chr20	65509421	65509421	.	1	1	0	0|1	.	.	.	.	.	-	-	ref	no:duplicate_of_stvar	1	.	.	.	0
vg	chr20	65509424	65509424	>120827644>120827648	1	1	0	1|0	1	0.765779	PASS	-	-	.	.	.	.	.	.	.	.	0
truth_stvar	chr20	65509430	65509433	.	4	1	3	0|1	.	.	.	.	.	-	-	ref	yes	1	.	.	.	0
truth_smvar	chr20	65509430	65509433	.	4	1	3	0|1	.	.	.	.	.	-	-	ref	no:duplicate_of_stvar	1	.	.	.	0
vg	chr20	65509430	65509433	>120827654>120827661	4	1	-3	2|1	1	30.5054	PASS	-	-	.	.	.	.	.	.	.	.	0
vg	chr20	65509430	65509433	>120827654>120827661	4	1	-3	2|1	1	30.5054	PASS	-	-	.	.	.	.	.	.	.	.	0
truth_stvar	chr20	65509433	65509433	.	1	1	0	0|1	.	.	.	.	.	-	-	ref	no:star_allele	1	.	.	.	0
truth_stvar	chr20	65509433	65509433	.	1	1	0	1|0	.	.	.	.	.	-	-	yes	ref	1	.	.	.	0
truth_smvar	chr20	65509433	65509433	.	1	1,1	0	1|2	.	.	.	.	.	-	-	no:duplicate_of_stvar	no:star_allele	1	.	.	.	0
truth_stvar	chr20	65509439	65509439	.	1	1	0	0|1	.	.	.	.	.	-	-	ref	yes	1	.	.	.	0
truth_smvar	chr20	65509439	65509439	.	1	1	0	0|1	.	.	.	.	.	-	-	ref	no:duplicate_of_stvar	1	.	.	.	0
vg	chr20	65509439	65509439	>120827665>120827681	1	1	0	1|1	1	31.0715	PASS	-	-	.	.	.	.	.	.	.	.	0
truth_stvar	chr20	65509445	65509445	.	1	1	0	1|0	.	.	.	.	.	-	-	yes	ref	1	.	.	.	0
truth_smvar	chr20	65509445	65509445	.	1	1	0	1|0	.	.	.	.	.	-	-	no:duplicate_of_stvar	ref	1	.	.	.	0
vg	chr20	65509445	65509445	>120827671>120827678	1	4	3	2|1	1	31.2594	PASS	-	-	.	.	.	.	.	.	.	.	0
vg	chr20	65509445	65509445	>120827671>120827678	1	4	3	2|1	1	31.2594	PASS	-	-	.	.	.	.	.	.	.	.	0
vg	chr20	65509451	65509451	>120827683>120827715	1	1	0	2|1	1	34.6904	PASS	-	-	.	.	.	.	.	.	.	.	0
vg	chr20	65509451	65509451	>120827683>120827715	1	25	24	2|1	1	34.6904	PASS	-	-	.	.	.	.	.	.	.	.	0
vg	chr20	65509454	65509454	>120827716>120827722	1	1	0	0|1	1	17.3123	PASS	-	-	.	.	.	.	.	.	.	.	0
vg	chr20	65509459	65509459	>120827730>120827737	1	4	3	0|1	1	14.5461	PASS	-	-	.	.	.	.	.	.	.	.	0
truth_stvar	chr20	65509460	65509460	.	1	10	9	1|0	.	.	.	.	.	-	-	yes	ref	1	.	.	.	0
truth_smvar	chr20	65509460	65509460	.	1	10	9	1|0	.	.	.	.	.	-	-	no:duplicate_of_stvar	ref	1	.	.	.	0
vg	chr20	65509463	65509463	>120827738>120827741	1	1	0	1|1	1	43.0152	PASS	-	-	.	.	.	.	.	.	.	.	0
vg	chr20	65509469	65509469	>120827742>120827747	1	1	0	0|1	1	15.3497	PASS	-	-	.	.	.	.	.	.	.	.	0
truth_stvar	chr20	65509472	65509595	.	124	1	123	0|1	.	.	.	.	.	FN	FN	ref	yes	1	DEL	111	.	0
truth_smvar	chr20	65509472	65509595	.	124	1	123	0|1	.	.	.	.	.	-	-	ref	no:duplicate_of_stvar	1	.	111	.	0
vg	chr20	65509472	65509475	>120827748>120827755	4	1	-3	1|2	1	33.2455	PASS	-	-	.	.	.	.	.	.	.	.	0
vg	chr20	65509472	65509475	>120827748>120827755	4	4	0	1|2	1	33.2455	PASS	-	-	.	.	.	.	.	.	.	.	0
vg	chr20	65509478	65509478	>120827756>120827759	1	1	0	0|1	1	0.374208	PASS	-	-	.	.	.	.	.	.	.	.	0
vg	chr20	65509481	65509481	>120827762>120827766	1	1	0	1|0	1	8.78952	PASS	-	-	.	.	.	.	.	.	.	.	0
vg	chr20	65509484	65509484	>120827767>120827770	1	1	0	1|0	1	13.9382	PASS	-	-	.	.	.	.	.	.	.	.	0
vg	chr20	65509490	65509490	>120827773>120827777	1	1	0	1|1	1	42.0262	PASS	-	-	.	.	.	.	.	.	.	.	0
vg	chr20	65509492	65509492	>120827779>120827808	1	16	15	1|0	1	22.2663	PASS	-	-	.	.	.	.	.	.	.	.	0
vg	chr20	65509496	65509496	>120827808>120827812	1	1	0	1|0	1	13.8124	PASS	-	-	.	.	.	.	.	.	.	.	0
vg	chr20	65509499	65509499	>120827813>120827816	1	1	0	1|1	1	21.4023	PASS	-	-	.	.	.	.	.	.	.	.	0
vg	chr20	65509505	65509505	>120827826>120827829	1	1	0	1|1	1	34.4818	PASS	-	-	.	.	.	.	.	.	.	.	0
vg	chr20	65509508	65509508	>120827829>120827834	1	1	0	1|0	1	10.4669	PASS	-	-	.	.	.	.	.	.	.	.	0
vg	chr20	65509511	65509511	>120827834>120828093	1	1	0	0|1	1	33.1617	PASS	-	-	.	.	.	.	.	.	.	.	0
truth_stvar	chr20	65509514	65509520	.	7	1	0	0|1	.	.	.	.	.	-	-	ref	no:star_allele	1	.	.	.	0
truth_stvar	chr20	65509514	65509520	.	7	1	6	1|0	.	.	.	.	.	-	-	yes	ref	1	.	.	.	0
truth_smvar	chr20	65509514	65509520	.	7	1,1	6	1|2	.	.	.	.	.	-	-	no:duplicate_of_stvar	no:star_allele	1	.	.	.	0
vg	chr20	65509514	65509514	>120827839>120827842	1	1	0	0|1	1	2.86212	PASS	-	-	.	.	.	.	.	.	.	.	0
vg	chr20	65509526	65509526	>120827856>120827859	1	1	0	0|1	1	1.35407	PASS	-	-	.	.	.	.	.	.	.	.	0
vg	chr20	65509529	65509529	>120827859>120827862	1	1	0	1|1	1	15.7482	PASS	-	-	.	.	.	.	.	.	.	.	0
vg	chr20	65509531	65509531	>120827864>120827881	1	10	9	1|0	1	25.7389	PASS	-	-	.	.	.	.	.	.	.	.	0
vg	chr20	65509535	65509535	>120827881>120827884	1	1	0	1|0	1	3.86147	PASS	-	-	.	.	.	.	.	.	.	.	0
vg	chr20	65509538	65509538	>120827884>120827889	1	1	0	0|1	1	3.02545	PASS	-	-	.	.	.	.	.	.	.	.	0
vg	chr20	65509540	65509540	>120827834>120828093	1	19	18	1|0	1	33.1617	PASS	-	-	.	.	.	.	.	.	.	.	0
vg	chr20	65509544	65509544	>120827910>120827915	1	1	0	0|1	1	1.77598	PASS	-	-	.	.	.	.	.	.	.	.	0
vg	chr20	65509547	65509547	>120827916>120827919	1	1	0	1|0	1	1.42611	PASS	-	-	.	.	.	.	.	.	.	.	0
vg	chr20	65509550	65509550	>120827919>120827922	1	1	0	1|0	1	17.3966	PASS	-	-	.	.	.	.	.	.	.	.	0
vg	chr20	65509556	65509556	>120827931>120827935	1	1	0	1|0	1	1.45019	PASS	-	-	.	.	.	.	.	.	.	.	0
truth_stvar	chr20	65509568	65509568	.	1	1	0	0|1	.	.	.	.	.	-	-	ref	no:star_allele	1	.	.	.	0
truth_stvar	chr20	65509568	65509568	.	1	1	0	1|0	.	.	.	.	.	-	-	yes	ref	1	.	.	.	0
truth_smvar	chr20	65509568	65509568	.	1	1,1	0	1|2	.	.	.	.	.	-	-	no:duplicate_of_stvar	no:star_allele	1	.	.	.	0
vg	chr20	65509568	65509568	>120827956>120827959	1	1	0	0|1	1	1.76834	PASS	-	-	.	.	.	.	.	.	.	.	0
vg	chr20	65509569	65509578	>120827959>120827984	10	1	-9	0|1	1	22.3325	PASS	-	-	.	.	.	.	.	.	.	.	0
truth_stvar	chr20	65509574	65509721	.	148	1	0	0|1	.	.	.	.	.	-	-	ref	no:star_allele	1	DEL	111	.	0
truth_stvar	chr20	65509574	65509721	.	148	1	147	1|0	.	.	.	.	.	TP	FN	yes	ref	1	DEL	111	.	0
truth_smvar	chr20	65509574	65509721	.	148	1,1	147	1|2	.	.	.	.	.	-	-	no:duplicate_of_stvar	no:star_allele	1	.	111	.	0
vg	chr20	65509574	65509574	>120827966>120827969	1	1	0	0|1	1	1.41382	PASS	-	-	.	.	.	.	.	.	.	.	0
vg	chr20	65509583	65509583	>120827978>120827981	1	1	0	1|.	1	16.055	PASS	-	-	.	.	.	.	.	.	.	.	0
vg	chr20	65509592	65509610	>120827989>120828009	19	1	-18	2|1	1	12.4367	PASS	-	-	.	.	.	.	.	.	.	.	0
vg	chr20	65509592	65509610	>120827989>120828009	19	19	0	2|1	1	12.4367	PASS	-	-	.	.	.	.	.	.	.	.	0
truth_stvar	chr20	65509619	65509619	.	1	1	0	1|0	.	.	.	.	.	-	-	no:star_allele	ref	1	.	.	.	0
truth_stvar	chr20	65509619	65509619	.	1	1	0	0|1	.	.	.	.	.	-	-	ref	yes	1	.	.	.	0
truth_smvar	chr20	65509619	65509619	.	1	1,1	0	2|1	.	.	.	.	.	-	-	no:star_allele	no:duplicate_of_stvar	1	.	.	.	0
vg	chr20	65509625	65509625	>120828020>120828023	1	1	0	1|1	1	5.88659	PASS	-	-	.	.	.	.	.	.	.	.	0
vg	chr20	65509628	65509676	>120827834>120828093	49	7	-42	1|2	1	33.1617	PASS	-	-	.	.	.	.	.	.	.	.	0
vg	chr20	65509628	65509676	>120827834>120828093	49	4	-45	1|2	1	33.1617	PASS	-	-	.	.	.	.	.	.	.	.	0
truth_stvar	chr20	65509637	65509637	.	1	1	0	1|0	.	.	.	.	.	-	-	no:star_allele	ref	1	.	.	.	0
truth_stvar	chr20	65509637	65509637	.	1	4	3	0|1	.	.	.	.	.	-	-	ref	yes	1	.	.	.	0
truth_smvar	chr20	65509637	65509637	.	1	4,1	3	2|1	.	.	.	.	.	-	-	no:star_allele	no:duplicate_of_stvar	1	.	.	.	0
truth_stvar	chr20	65509667	65509796	.	130	1	0	1|0	.	.	.	.	.	-	-	no:star_allele	ref	1	DEL	111	.	0
truth_stvar	chr20	65509667	65509796	.	130	1	129	0|1	.	.	.	.	.	TP	FN	ref	yes	1	DEL	111	.	0
truth_smvar	chr20	65509667	65509796	.	130	1,1	129	2|1	.	.	.	.	.	-	-	no:star_allele	no:duplicate_of_stvar	1	.	111	.	0
vg	chr20	65509677	65509683	>120828093>120828107	7	1	-6	0|1	1	13.4916	PASS	-	-	.	.	.	.	.	.	.	.	0
vg	chr20	65509688	65509688	>120828108>120828454	1	1	0	1|0	1	17.2553	PASS	-	-	.	.	.	.	.	.	.	.	0
vg	chr20	65509691	65509691	>120828113>120828119	1	1	0	1|1	1	7.94716	PASS	-	-	.	.	.	.	.	.	.	.	0
vg	chr20	65509693	65509693	>120828120>120828126	1	4	3	1|0	1	11.8786	PASS	-	-	.	.	.	.	.	.	.	.	0
vg	chr20	65509697	65509697	>120828127>120828133	1	1	0	1|0	1	2.98965	PASS	-	-	.	.	.	.	.	.	.	.	0
vg	chr20	65509700	65509700	>120828134>120828138	1	1	0	0|1	1	7.84407	PASS	-	-	.	.	.	.	.	.	.	.	0
vg	chr20	65509706	65509721	>120828141>120828168	16	16	0	1|0	1	18.3281	PASS	-	-	.	.	.	.	.	.	.	.	0
vg	chr20	65509712	65509712	>120828151>120828158	1	1	0	1|0	1	11.2452	PASS	-	-	.	.	.	.	.	.	.	.	0
vg	chr20	65509715	65509715	>120828151>120828158	1	1	0	0|1	1	11.2452	PASS	-	-	.	.	.	.	.	.	.	.	0
vg	chr20	65509721	65509721	>120828163>120828167	1	1	0	1|0	1	11.8396	PASS	-	-	.	.	.	.	.	.	.	.	0
vg	chr20	65509726	65509726	>120828172>120828177	1	4	3	1|0	1	5.2771	PASS	-	-	.	.	.	.	.	.	.	.	0
vg	chr20	65509730	65509877	>120828108>120828454	148	148	0	1|2	1	17.2553	PASS	FP	-	.	.	.	.	.	.	.	459.10,459.4	0
vg	chr20	65509730	65509877	>120828108>120828454	148	13	-135	1|2	1	17.2553	PASS	TP	-	.	.	.	.	.	.	.	459.10,459.5	0
vg	chr20	65509741	65509750	>120828201>120828213	10	1	-9	1|.	1	7.27253	PASS	-	-	.	.	.	.	.	.	.	.	0
truth_stvar	chr20	65509763	65509763	.	1	1	0	0|1	.	.	.	.	.	-	-	ref	no:star_allele	1	.	.	.	0
truth_stvar	chr20	65509763	65509763	.	1	1	0	1|0	.	.	.	.	.	-	-	yes	ref	1	.	.	.	0
truth_smvar	chr20	65509763	65509763	.	1	1,1	0	1|2	.	.	.	.	.	-	-	no:duplicate_of_stvar	no:star_allele	1	.	.	.	0
truth_stvar	chr20	65509769	65509769	.	1	1	0	0|1	.	.	.	.	.	-	-	ref	no:star_allele	1	.	.	.	0
truth_stvar	chr20	65509769	65509769	.	1	1	0	1|0	.	.	.	.	.	-	-	yes	ref	1	.	.	.	0
truth_smvar	chr20	65509769	65509769	.	1	1,1	0	1|2	.	.	.	.	.	-	-	no:duplicate_of_stvar	no:star_allele	1	.	.	.	0
truth_stvar	chr20	65509775	65509775	.	1	1	0	0|1	.	.	.	.	.	-	-	ref	no:star_allele	1	.	.	.	0
truth_stvar	chr20	65509775	65509775	.	1	1	0	1|0	.	.	.	.	.	-	-	yes	ref	1	.	.	.	0
truth_smvar	chr20	65509775	65509775	.	1	1,1	0	1|2	.	.	.	.	.	-	-	no:duplicate_of_stvar	no:star_allele	1	.	.	.	0
truth_stvar	chr20	65509778	65509778	.	1	1	0	0|1	.	.	.	.	.	-	-	ref	no:star_allele	1	.	.	.	0
truth_stvar	chr20	65509778	65509778	.	1	1	0	1|0	.	.	.	.	.	-	-	yes	ref	1	.	.	.	0
truth_smvar	chr20	65509778	65509778	.	1	1,1	0	1|2	.	.	.	.	.	-	-	no:duplicate_of_stvar	no:star_allele	1	.	.	.	0
vg	chr20	65509790	65509790	>120828263>120828266	1	1	0	1|.	1	1.09253	PASS	-	-	.	.	.	.	.	.	.	.	0
truth_stvar	chr20	65509802	65509802	.	1	1	0	0|1	.	.	.	.	.	-	-	ref	yes	1	.	.	.	0
truth_smvar	chr20	65509802	65509802	.	1	1	0	0|1	.	.	.	.	.	-	-	ref	no:duplicate_of_stvar	1	.	.	.	0
truth_stvar	chr20	65509805	65509805	.	1	1	0	0|1	.	.	.	.	.	-	-	ref	yes	1	.	.	.	0
truth_smvar	chr20	65509805	65509805	.	1	1	0	0|1	.	.	.	.	.	-	-	ref	no:duplicate_of_stvar	1	.	.	.	0
vg	chr20	65509810	65509810	>120828296>120828308	1	10	9	1|.	1	2.72115	PASS	-	-	.	.	.	.	.	.	.	.	0
vg	chr20	65509820	65509820	>120828318>120828321	1	4	3	1|.	1	1.04148	PASS	-	-	.	.	.	.	.	.	.	.	0
vg	chr20	65509825	65509825	>120828324>120828330	1	4	3	1|.	1	8.48134	PASS	-	-	.	.	.	.	.	.	.	.	0
truth_stvar	chr20	65509850	65509850	.	1	1	0	1|0	.	.	.	.	.	-	-	yes	ref	1	.	.	.	0
truth_smvar	chr20	65509850	65509850	.	1	1	0	1|0	.	.	.	.	.	-	-	no:duplicate_of_stvar	ref	1	.	.	.	0
truth_stvar	chr20	65509856	65509856	.	1	1	0	1|0	.	.	.	.	.	-	-	yes	ref	1	.	.	.	0
truth_smvar	chr20	65509856	65509856	.	1	1	0	1|0	.	.	.	.	.	-	-	no:duplicate_of_stvar	ref	1	.	.	.	0
vg	chr20	65509856	65509856	>120828400>120828404	1	1	0	1|.	1	3.01064	PASS	-	-	.	.	.	.	.	.	.	.	0
vg	chr20	65509859	65509862	>120828407>120828409	4	1	-3	1|.	1	0.0870387	PASS	-	-	.	.	.	.	.	.	.	.	0
truth_stvar	chr20	65509862	65509862	.	1	1	0	1|0	.	.	.	.	.	-	-	yes	ref	1	.	.	.	0
truth_smvar	chr20	65509862	65509862	.	1	1	0	1|0	.	.	.	.	.	-	-	no:duplicate_of_stvar	ref	1	.	.	.	0
truth_stvar	chr20	65509865	65509865	.	1	1	0	1|0	.	.	.	.	.	-	-	yes	ref	1	.	.	.	0
truth_smvar	chr20	65509865	65509865	.	1	1	0	1|0	.	.	.	.	.	-	-	no:duplicate_of_stvar	ref	1	.	.	.	0
vg	chr20	65509867	65509867	>120828411>120828414	1	4	3	1|.	1	0.0862302	PASS	-	-	.	.	.	.	.	.	.	.	0
truth_stvar	chr20	65509871	65509871	.	1	1	0	0|1	.	.	.	.	.	-	-	ref	yes	1	.	.	.	0
truth_smvar	chr20	65509871	65509871	.	1	1	0	0|1	.	.	.	.	.	-	-	ref	no:duplicate_of_stvar	1	.	.	.	0
truth_stvar	chr20	65509874	65509877	.	4	1	3	0|1	.	.	.	.	.	-	-	ref	yes	1	.	.	.	0
truth_smvar	chr20	65509874	65509877	.	4	1	3	0|1	.	.	.	.	.	-	-	ref	no:duplicate_of_stvar	1	.	.	.	0
vg	chr20	65509883	65509883	>120828108>120828454	1	1	0	0|1	1	17.2553	PASS	-	-	.	.	.	.	.	.	.	.	0
truth_stvar	chr20	65509898	65509898	.	1	1	0	0|1	.	.	.	.	.	-	-	ref	yes	1	.	.	.	0
truth_smvar	chr20	65509898	65509898	.	1	1	0	0|1	.	.	.	.	.	-	-	ref	no:duplicate_of_stvar	1	.	.	.	0
vg	chr20	65509898	65509898	>120828460>120828463	1	1	0	0|1	1	1.51994	PASS	-	-	.	.	.	.	.	.	.	.	0
vg	chr20	65509899	65509899	>120828463>120828470	1	7	6	1|0	1	4.82862	PASS	-	-	.	.	.	.	.	.	.	.	0
truth_stvar	chr20	65509904	65509907	.	4	1	3	0|1	.	.	.	.	.	-	-	ref	yes	1	.	.	.	0
truth_smvar	chr20	65509904	65509907	.	4	1	3	0|1	.	.	.	.	.	-	-	ref	no:duplicate_of_stvar	1	.	.	.	0
vg	chr20	65509904	65509904	>120828472>120828475	1	1	0	1|1	1	52.6353	PASS	-	-	.	.	.	.	.	.	.	.	0
vg	chr20	65509907	65509931	>120828475>120828546	25	1	-24	2|1	1	48.4498	PASS	-	-	.	.	.	.	.	.	.	.	0
vg	chr20	65509907	65509931	>120828475>120828546	25	28	3	2|1	1	48.4498	PASS	-	-	.	.	.	.	.	.	.	.	0
vg	chr20	65509909	65509909	>120828478>120828481	1	1	0	1|.	1	0.234878	PASS	-	-	.	.	.	.	.	.	.	.	0
truth_stvar	chr20	65509928	65509928	.	1	1	0	0|1	.	.	.	.	.	-	-	ref	yes	1	.	.	.	0
truth_smvar	chr20	65509928	65509928	.	1	1	0	0|1	.	.	.	.	.	-	-	ref	no:duplicate_of_stvar	1	.	.	.	0
truth_stvar	chr20	65509931	65509931	.	1	1	0	0|1	.	.	.	.	.	-	-	ref	yes	1	.	.	.	0
truth_smvar	chr20	65509931	65509931	.	1	1	0	0|1	.	.	.	.	.	-	-	ref	no:duplicate_of_stvar	1	.	.	.	0
vg	chr20	65509934	65509934	>120828546>120828549	1	1	0	1|0	1	10.0707	PASS	-	-	.	.	.	.	.	.	.	.	0
truth_stvar	chr20	65509937	65509937	.	1	1	0	1|0	.	.	.	.	.	-	-	yes	ref	1	.	.	.	0
truth_smvar	chr20	65509937	65509937	.	1	1	0	1|0	.	.	.	.	.	-	-	no:duplicate_of_stvar	ref	1	.	.	.	0
vg	chr20	65509937	65509937	>120828550>120828553	1	1	0	1|0	1	11.6628	PASS	-	-	.	.	.	.	.	.	.	.	0
truth_stvar	chr20	65509943	65509943	.	1	1	0	1|0	.	.	.	.	.	-	-	yes	ref	1	.	.	.	0
truth_smvar	chr20	65509943	65509943	.	1	1	0	1|0	.	.	.	.	.	-	-	no:duplicate_of_stvar	ref	1	.	.	.	0
vg	chr20	65509943	65510117	>120828556>120828846	175	1	-174	0|1	1	45.1753	PASS	TP	-	.	.	.	.	.	.	.	459.9,459.6	0
truth_stvar	chr20	65509949	65509949	.	1	1	0	1|0	.	.	.	.	.	-	-	yes	ref	1	.	.	.	0
truth_smvar	chr20	65509949	65509949	.	1	1	0	1|0	.	.	.	.	.	-	-	no:duplicate_of_stvar	ref	1	.	.	.	0
vg	chr20	65509949	65509949	>120828564>120828567	1	1	0	1|.	1	54.6231	PASS	-	-	.	.	.	.	.	.	.	.	0
truth_stvar	chr20	65509952	65509952	.	1	1	0	1|0	.	.	.	.	.	-	-	yes	ref	1	.	.	.	0
truth_smvar	chr20	65509952	65509952	.	1	1	0	1|0	.	.	.	.	.	-	-	no:duplicate_of_stvar	ref	1	.	.	.	0
vg	chr20	65509955	65509955	>120828572>120828575	1	1	0	1|.	1	0.742407	PASS	-	-	.	.	.	.	.	.	.	.	0
truth_stvar	chr20	65509958	65509958	.	1	1	0	0|1	.	.	.	.	.	-	-	ref	yes	1	.	.	.	0
truth_smvar	chr20	65509958	65509958	.	1	1	0	0|1	.	.	.	.	.	-	-	ref	no:duplicate_of_stvar	1	.	.	.	0
vg	chr20	65509962	65509971	>120828582>120828589	10	1	-9	1|.	1	0.602793	PASS	-	-	.	.	.	.	.	.	.	.	0
truth_stvar	chr20	65509973	65509973	.	1	4	3	0|1	.	.	.	.	.	-	-	ref	yes	1	.	.	.	0
truth_smvar	chr20	65509973	65509973	.	1	4	3	0|1	.	.	.	.	.	-	-	ref	no:duplicate_of_stvar	1	.	.	.	0
vg	chr20	65509975	65509975	>120828590>120828598	1	4	3	1|.	1	44.5981	PASS	-	-	.	.	.	.	.	.	.	.	0
vg	chr20	65509976	65509982	>120828598>120828602	7	1	-6	1|.	1	0.635784	PASS	-	-	.	.	.	.	.	.	.	.	0
truth_stvar	chr20	65509985	65509985	.	1	1	0	1|0	.	.	.	.	.	-	-	yes	ref	1	.	.	.	0
truth_smvar	chr20	65509985	65509985	.	1	1	0	1|0	.	.	.	.	.	-	-	no:duplicate_of_stvar	ref	1	.	.	.	0
truth_stvar	chr20	65510000	65510000	.	1	1	0	1|1	.	.	.	.	.	-	-	yes	yes	1	.	.	.	0
truth_smvar	chr20	65510000	65510000	.	1	1	0	1|1	.	.	.	.	.	-	-	no:duplicate_of_stvar	no:duplicate_of_stvar	1	.	.	.	0
vg	chr20	65510000	65510000	>120828627>120828632	1	4	3	1|.	1	24.024	PASS	-	-	.	.	.	.	.	.	.	.	0
vg	chr20	65510003	65510012	>120828618>120828655	10	13	3	1|.	1	24.1327	PASS	-	-	.	.	.	.	.	.	.	.	0
truth_stvar	chr20	65510012	65510012	.	1	1	0	1|0	.	.	.	.	.	-	-	yes	ref	1	.	.	.	0
truth_smvar	chr20	65510012	65510012	.	1	1	0	1|0	.	.	.	.	.	-	-	no:duplicate_of_stvar	ref	1	.	.	.	0
vg	chr20	65510012	65510012	>120828644>120828647	1	1	0	1|.	1	23.8767	PASS	-	-	.	.	.	.	.	.	.	.	0
truth_stvar	chr20	65510018	65510018	.	1	1	0	0|1	.	.	.	.	.	-	-	ref	yes	1	.	.	.	0
truth_smvar	chr20	65510018	65510018	.	1	1	0	0|1	.	.	.	.	.	-	-	ref	no:duplicate_of_stvar	1	.	.	.	0
truth_stvar	chr20	65510021	65510024	.	4	1	3	0|1	.	.	.	.	.	-	-	ref	yes	1	.	.	.	0
truth_smvar	chr20	65510021	65510024	.	4	1	3	0|1	.	.	.	.	.	-	-	ref	no:duplicate_of_stvar	1	.	.	.	0
truth_stvar	chr20	65510024	65510024	.	1	1	0	0|1	.	.	.	.	.	-	-	ref	no:star_allele	1	.	.	.	0
truth_stvar	chr20	65510024	65510024	.	1	1	0	1|0	.	.	.	.	.	-	-	yes	ref	1	.	.	.	0
truth_smvar	chr20	65510024	65510024	.	1	1,1	0	1|2	.	.	.	.	.	-	-	no:duplicate_of_stvar	no:star_allele	1	.	.	.	0
vg	chr20	65510024	65510030	>120828658>120828716	7	28	21	1|.	1	15.6418	PASS	-	-	.	.	.	.	.	.	.	.	0
vg	chr20	65510024	65510024	>120828663>120828666	1	1	0	1|.	1	10.3789	PASS	-	-	.	.	.	.	.	.	.	.	0
truth_stvar	chr20	65510030	65510030	.	1	1	0	1|0	.	.	.	.	.	-	-	yes	ref	1	.	.	.	0
truth_smvar	chr20	65510030	65510030	.	1	1	0	1|0	.	.	.	.	.	-	-	no:duplicate_of_stvar	ref	1	.	.	.	0
truth_stvar	chr20	65510036	65510036	.	1	1	0	0|1	.	.	.	.	.	-	-	ref	yes	1	.	.	.	0
truth_smvar	chr20	65510036	65510036	.	1	1	0	0|1	.	.	.	.	.	-	-	ref	no:duplicate_of_stvar	1	.	.	.	0
truth_stvar	chr20	65510042	65510042	.	1	40	39	1|0	.	.	.	.	.	-	-	yes	ref	1	INS	21	.	0
truth_stvar	chr20	65510042	65510042	.	1	1	0	0|1	.	.	.	.	.	-	-	ref	yes	1	.	.	.	0
truth_smvar	chr20	65510042	65510042	.	1	1,40	39	2|1	.	.	.	.	.	-	-	no:duplicate_of_stvar	no:duplicate_of_stvar	1	.	.	.	0
truth_stvar	chr20	65510063	65510087	.	25	1	24	0|1	.	.	.	.	.	-	-	ref	yes	1	DEL	111	.	0
truth_smvar	chr20	65510063	65510087	.	25	1	24	0|1	.	.	.	.	.	-	-	ref	no:duplicate_of_stvar	1	.	111	.	0
truth_stvar	chr20	65510090	65510090	.	1	1	0	1|0	.	.	.	.	.	-	-	yes	ref	1	.	.	.	0
truth_smvar	chr20	65510090	65510090	.	1	1	0	1|0	.	.	.	.	.	-	-	no:duplicate_of_stvar	ref	1	.	.	.	0
truth_stvar	chr20	65510096	65510096	.	1	1	0	1|0	.	.	.	.	.	-	-	yes	ref	1	.	.	.	0
truth_smvar	chr20	65510096	65510096	.	1	1	0	1|0	.	.	.	.	.	-	-	no:duplicate_of_stvar	ref	1	.	.	.	0
truth_stvar	chr20	65510099	65510099	.	1	1	0	1|0	.	.	.	.	.	-	-	yes	ref	1	.	.	.	0
truth_smvar	chr20	65510099	65510099	.	1	1	0	1|0	.	.	.	.	.	-	-	no:duplicate_of_stvar	ref	1	.	.	.	0
truth_stvar	chr20	65510114	65510114	.	1	1	0	0|1	.	.	.	.	.	-	-	ref	yes	1	.	.	.	0
truth_smvar	chr20	65510114	65510114	.	1	1	0	0|1	.	.	.	.	.	-	-	ref	no:duplicate_of_stvar	1	.	.	.	0
truth_stvar	chr20	65510120	65510120	.	1	1	0	1|0	.	.	.	.	.	-	-	yes	ref	1	.	.	.	0
truth_smvar	chr20	65510120	65510120	.	1	1	0	1|0	.	.	.	.	.	-	-	no:duplicate_of_stvar	ref	1	.	.	.	0
vg	chr20	65510120	65510120	>120828846>120828850	1	1	0	0|1	1	8.26214	PASS	-	-	.	.	.	.	.	.	.	.	0
vg	chr20	65510123	65510123	>120828852>120828855	1	1	0	1|0	1	4.33608	PASS	-	-	.	.	.	.	.	.	.	.	0
vg	chr20	65510126	65510126	>120828856>120828860	1	1	0	1|1	1	16.9569	PASS	-	-	.	.	.	.	.	.	.	.	0
vg	chr20	65510128	65510146	>120828861>120828896	19	1	-18	1|1	1	18.6029	PASS	-	-	.	.	.	.	.	.	.	.	0
truth_stvar	chr20	65510135	65510141	.	7	1	6	1|0	.	.	.	.	.	-	-	yes	ref	1	.	.	.	0
truth_smvar	chr20	65510135	65510141	.	7	1	6	1|0	.	.	.	.	.	-	-	no:duplicate_of_stvar	ref	1	.	.	.	0
truth_stvar	chr20	65510147	65510147	.	1	1	0	0|1	.	.	.	.	.	-	-	ref	yes	1	.	.	.	0
truth_smvar	chr20	65510147	65510147	.	1	1	0	0|1	.	.	.	.	.	-	-	ref	no:duplicate_of_stvar	1	.	.	.	0
vg	chr20	65510150	65510150	>120828898>120828903	1	1	0	0|1	1	12.1398	PASS	-	-	.	.	.	.	.	.	.	.	0
vg	chr20	65510156	65510156	>120828910>120828913	1	1	0	1|0	1	2.23006	PASS	-	-	.	.	.	.	.	.	.	.	0
vg	chr20	65510161	65510161	>120828919>120828927	1	4	3	1|0	1	5.00386	PASS	-	-	.	.	.	.	.	.	.	.	0
truth_stvar	chr20	65510162	65510162	.	1	1	0	0|1	.	.	.	.	.	-	-	ref	yes	1	.	.	.	0
truth_smvar	chr20	65510162	65510162	.	1	1	0	0|1	.	.	.	.	.	-	-	ref	no:duplicate_of_stvar	1	.	.	.	0
vg	chr20	65510168	65510168	>120828933>120828936	1	1	0	1|0	1	2.28383	PASS	-	-	.	.	.	.	.	.	.	.	0
truth_stvar	chr20	65510171	65510174	.	4	1	3	1|0	.	.	.	.	.	-	-	yes	ref	1	.	.	.	0
truth_smvar	chr20	65510171	65510174	.	4	1	3	1|0	.	.	.	.	.	-	-	no:duplicate_of_stvar	ref	1	.	.	.	0
vg	chr20	65510172	65510175	>120828940>120828947	4	1	-3	1|0	1	3.74553	PASS	-	-	.	.	.	.	.	.	.	.	0
vg	chr20	65510179	65510182	>120828951>120828953	4	1	-3	1|1	1	12.3363	PASS	-	-	.	.	.	.	.	.	.	.	0
vg	chr20	65510186	65510186	>120828956>120828966	1	1	0	0|1	1	15.9744	PASS	-	-	.	.	.	.	.	.	.	.	0
vg	chr20	65510192	65510192	>120828974>120828977	1	1	0	1|1	1	11.4876	PASS	-	-	.	.	.	.	.	.	.	.	0
truth_stvar	chr20	65510195	65510198	.	4	1	3	0|1	.	.	.	.	.	-	-	ref	yes	1	.	.	.	0
truth_smvar	chr20	65510195	65510198	.	4	1	3	0|1	.	.	.	.	.	-	-	ref	no:duplicate_of_stvar	1	.	.	.	0
vg	chr20	65510197	65510197	>120828989>120829003	1	4	3	1|0	1	5.13424	PASS	-	-	.	.	.	.	.	.	.	.	0
vg	chr20	65510199	65510244	>120829003>120829150	46	1	-45	1|2	1	24.2003	PASS	-	-	.	.	.	.	.	.	.	.	0
vg	chr20	65510199	65510244	>120829003>120829150	46	37	-9	1|2	1	24.2003	PASS	-	-	.	.	.	.	.	.	.	.	0
truth_stvar	chr20	65510201	65510210	.	10	1	9	1|0	.	.	.	.	.	-	-	yes	ref	1	.	.	.	0
truth_smvar	chr20	65510201	65510210	.	10	1	9	1|0	.	.	.	.	.	-	-	no:duplicate_of_stvar	ref	1	.	.	.	0
truth_stvar	chr20	65510210	65510210	.	1	1	0	1|0	.	.	.	.	.	-	-	no:star_allele	ref	1	.	.	.	0
truth_stvar	chr20	65510210	65510210	.	1	1	0	0|1	.	.	.	.	.	-	-	ref	yes	1	.	.	.	0
truth_smvar	chr20	65510210	65510210	.	1	1,1	0	2|1	.	.	.	.	.	-	-	no:star_allele	no:duplicate_of_stvar	1	.	.	.	0
vg	chr20	65510216	65510216	>120829028>120829033	1	1	0	.|1	1	10.2698	PASS	-	-	.	.	.	.	.	.	.	.	0
vg	chr20	65510233	65510239	>120829102>120829121	7	1	-6	.|1	1	15.658	PASS	-	-	.	.	.	.	.	.	.	.	0
truth_stvar	chr20	65510234	65510237	.	4	1	3	1|0	.	.	.	.	.	-	-	yes	ref	1	.	.	.	0
truth_smvar	chr20	65510234	65510237	.	4	1	3	1|0	.	.	.	.	.	-	-	no:duplicate_of_stvar	ref	1	.	.	.	0
truth_stvar	chr20	65510243	65510252	.	10	1	9	0|1	.	.	.	.	.	-	-	ref	yes	1	.	.	.	0
truth_smvar	chr20	65510243	65510252	.	10	1	9	0|1	.	.	.	.	.	-	-	ref	no:duplicate_of_stvar	1	.	.	.	0
truth_stvar	chr20	65510244	65510244	.	1	1	0	0|1	.	.	.	.	.	-	-	ref	no:star_allele	1	.	.	.	0
truth_stvar	chr20	65510244	65510244	.	1	1	0	1|0	.	.	.	.	.	-	-	yes	ref	1	.	.	.	0
truth_smvar	chr20	65510244	65510244	.	1	1,1	0	1|2	.	.	.	.	.	-	-	no:duplicate_of_stvar	no:star_allele	1	.	.	.	0
vg	chr20	65510244	65510244	>120829123>120829137	1	1	0	.|1	1	15.8526	PASS	-	-	.	.	.	.	.	.	.	.	0
vg	chr20	65510250	65510253	>120829150>120829155	4	1	-3	0|1	1	16.6828	PASS	-	-	.	.	.	.	.	.	.	.	0
vg	chr20	65510255	65510255	>120829155>120829164	1	1	0	1|0	1	3.75844	PASS	-	-	.	.	.	.	.	.	.	.	0
vg	chr20	65510258	65510258	>120829165>120829168	1	1	0	1|0	1	2.48371	PASS	-	-	.	.	.	.	.	.	.	.	0
truth_stvar	chr20	65510264	65510264	.	1	1	0	1|0	.	.	.	.	.	-	-	yes	ref	1	.	.	.	0
truth_smvar	chr20	65510264	65510264	.	1	1	0	1|0	.	.	.	.	.	-	-	no:duplicate_of_stvar	ref	1	.	.	.	0
vg	chr20	65510264	65510264	>120829170>120829177	1	1	0	2|1	1	19.2225	PASS	-	-	.	.	.	.	.	.	.	.	0
vg	chr20	65510264	65510264	>120829170>120829177	1	4	3	2|1	1	19.2225	PASS	-	-	.	.	.	.	.	.	.	.	0
vg	chr20	65510270	65510270	>120829184>120829187	1	1	0	1|1	1	17.1169	PASS	-	-	.	.	.	.	.	.	.	.	0
truth_stvar	chr20	65510273	65510666	.	394	1	393	0|1	.	.	.	.	.	FN	FN	ref	yes	1	DEL	111	.	0
truth_smvar	chr20	65510273	65510666	.	394	1	393	0|1	.	.	.	.	.	-	-	ref	no:duplicate_of_stvar	1	.	111	.	0
truth_stvar	chr20	65510279	65510279	.	1	1	0	0|1	.	.	.	.	.	-	-	ref	no:star_allele	1	.	.	.	0
truth_stvar	chr20	65510279	65510279	.	1	1	0	1|0	.	.	.	.	.	-	-	yes	ref	1	.	.	.	0
truth_smvar	chr20	65510279	65510279	.	1	1,1	0	1|2	.	.	.	.	.	-	-	no:duplicate_of_stvar	no:star_allele	1	.	.	.	0
vg	chr20	65510279	65510415	>120829201>120829515	137	1	-136	1|2	1	26.0912	PASS	FP	-	.	.	.	.	.	.	.	459.10,459.7	0
vg	chr20	65510279	65510415	>120829201>120829515	137	152	15	1|2	1	26.0912	PASS	-	-	.	.	.	.	.	.	.	.	0
truth_stvar	chr20	65510282	65510282	.	1	1	0	0|1	.	.	.	.	.	-	-	ref	no:star_allele	1	.	.	.	0
truth_stvar	chr20	65510282	65510282	.	1	1	0	1|0	.	.	.	.	.	-	-	yes	ref	1	.	.	.	0
truth_smvar	chr20	65510282	65510282	.	1	1,1	0	1|2	.	.	.	.	.	-	-	no:duplicate_of_stvar	no:star_allele	1	.	.	.	0
vg	chr20	65510282	65510282	>120829202>120829205	1	1	0	.|1	1	14.9601	PASS	-	-	.	.	.	.	.	.	.	.	0
truth_stvar	chr20	65510291	65510291	.	1	1	0	0|1	.	.	.	.	.	-	-	ref	no:star_allele	1	.	.	.	0
truth_stvar	chr20	65510291	65510291	.	1	1	0	1|0	.	.	.	.	.	-	-	yes	ref	1	.	.	.	0
truth_smvar	chr20	65510291	65510291	.	1	1,1	0	1|2	.	.	.	.	.	-	-	no:duplicate_of_stvar	no:star_allele	1	.	.	.	0
vg	chr20	65510297	65510297	>120829222>120829227	1	1	0	.|1	1	14.2402	PASS	-	-	.	.	.	.	.	.	.	.	0
vg	chr20	65510300	65510300	>120829227>120829257	1	1	0	.|1	1	14.4653	PASS	-	-	.	.	.	.	.	.	.	.	0
truth_stvar	chr20	65510306	65510306	.	1	1	0	0|1	.	.	.	.	.	-	-	ref	no:star_allele	1	.	.	.	0
truth_stvar	chr20	65510306	65510306	.	1	1	0	1|0	.	.	.	.	.	-	-	yes	ref	1	.	.	.	0
truth_smvar	chr20	65510306	65510306	.	1	1,1	0	1|2	.	.	.	.	.	-	-	no:duplicate_of_stvar	no:star_allele	1	.	.	.	0
truth_stvar	chr20	65510312	65510312	.	1	1	0	0|1	.	.	.	.	.	-	-	ref	no:star_allele	1	.	.	.	0
truth_stvar	chr20	65510312	65510312	.	1	1	0	1|0	.	.	.	.	.	-	-	yes	ref	1	.	.	.	0
truth_smvar	chr20	65510312	65510312	.	1	1,1	0	1|2	.	.	.	.	.	-	-	no:duplicate_of_stvar	no:star_allele	1	.	.	.	0
truth_stvar	chr20	65510315	65510315	.	1	1	0	0|1	.	.	.	.	.	-	-	ref	no:star_allele	1	.	.	.	0
truth_stvar	chr20	65510315	65510315	.	1	1	0	1|0	.	.	.	.	.	-	-	yes	ref	1	.	.	.	0
truth_smvar	chr20	65510315	65510315	.	1	1,1	0	1|2	.	.	.	.	.	-	-	no:duplicate_of_stvar	no:star_allele	1	.	.	.	0
truth_stvar	chr20	65510318	65510318	.	1	1	0	0|1	.	.	.	.	.	-	-	ref	no:star_allele	1	.	.	.	0
truth_stvar	chr20	65510318	65510318	.	1	1	0	1|0	.	.	.	.	.	-	-	yes	ref	1	.	.	.	0
truth_smvar	chr20	65510318	65510318	.	1	1,1	0	1|2	.	.	.	.	.	-	-	no:duplicate_of_stvar	no:star_allele	1	.	.	.	0
vg	chr20	65510338	65510338	>120829363>120829367	1	4	3	.|1	1	6.34659	PASS	-	-	.	.	.	.	.	.	.	.	0
vg	chr20	65510341	65510341	>120829369>120829384	1	10	9	.|1	1	8.75399	PASS	-	-	.	.	.	.	.	.	.	.	0
truth_stvar	chr20	65510342	65510345	.	4	1	0	0|1	.	.	.	.	.	-	-	ref	no:star_allele	1	.	.	.	0
truth_stvar	chr20	65510342	65510345	.	4	1	3	1|0	.	.	.	.	.	-	-	yes	ref	1	.	.	.	0
truth_smvar	chr20	65510342	65510345	.	4	1,1	3	1|2	.	.	.	.	.	-	-	no:duplicate_of_stvar	no:star_allele	1	.	.	.	0
vg	chr20	65510345	65510345	>120829386>120829389	1	1	0	.|1	1	5.42979	PASS	-	-	.	.	.	.	.	.	.	.	0
vg	chr20	65510351	65510357	>120829396>120829402	7	1	-6	.|1	1	6.34316	PASS	-	-	.	.	.	.	.	.	.	.	0
truth_stvar	chr20	65510357	65510357	.	1	1	0	0|1	.	.	.	.	.	-	-	ref	no:star_allele	1	.	.	.	0
truth_stvar	chr20	65510357	65510357	.	1	1	0	1|0	.	.	.	.	.	-	-	yes	ref	1	.	.	.	0
truth_smvar	chr20	65510357	65510357	.	1	1,1	0	1|2	.	.	.	.	.	-	-	no:duplicate_of_stvar	no:star_allele	1	.	.	.	0
vg	chr20	65510360	65510360	>120829402>120829415	1	1	0	.|1	1	9.10476	PASS	-	-	.	.	.	.	.	.	.	.	0
truth_stvar	chr20	65510390	65510393	.	4	1	0	0|1	.	.	.	.	.	-	-	ref	no:star_allele	1	.	.	.	0
truth_stvar	chr20	65510390	65510393	.	4	1	3	1|0	.	.	.	.	.	-	-	yes	ref	1	.	.	.	0
truth_smvar	chr20	65510390	65510393	.	4	1,1	3	1|2	.	.	.	.	.	-	-	no:duplicate_of_stvar	no:star_allele	1	.	.	.	0
truth_stvar	chr20	65510399	65510399	.	1	1	0	0|1	.	.	.	.	.	-	-	ref	no:star_allele	1	.	.	.	0
truth_stvar	chr20	65510399	65510399	.	1	1	0	1|0	.	.	.	.	.	-	-	yes	ref	1	.	.	.	0
truth_smvar	chr20	65510399	65510399	.	1	1,1	0	1|2	.	.	.	.	.	-	-	no:duplicate_of_stvar	no:star_allele	1	.	.	.	0
truth_stvar	chr20	65510402	65510402	.	1	1	0	0|1	.	.	.	.	.	-	-	ref	no:star_allele	1	.	.	.	0
truth_stvar	chr20	65510402	65510402	.	1	1	0	1|0	.	.	.	.	.	-	-	yes	ref	1	.	.	.	0
truth_smvar	chr20	65510402	65510402	.	1	1,1	0	1|2	.	.	.	.	.	-	-	no:duplicate_of_stvar	no:star_allele	1	.	.	.	0
truth_stvar	chr20	65510432	65510432	.	1	1	0	0|1	.	.	.	.	.	-	-	ref	no:star_allele	1	.	.	.	0
truth_stvar	chr20	65510432	65510432	.	1	1	0	1|0	.	.	.	.	.	-	-	yes	ref	1	.	.	.	0
truth_smvar	chr20	65510432	65510432	.	1	1,1	0	1|2	.	.	.	.	.	-	-	no:duplicate_of_stvar	no:star_allele	1	.	.	.	0
truth_stvar	chr20	65510462	65510462	.	1	1	0	0|1	.	.	.	.	.	-	-	ref	no:star_allele	1	.	.	.	0
truth_stvar	chr20	65510462	65510462	.	1	1	0	1|0	.	.	.	.	.	-	-	yes	ref	1	.	.	.	0
truth_smvar	chr20	65510462	65510462	.	1	1,1	0	1|2	.	.	.	.	.	-	-	no:duplicate_of_stvar	no:star_allele	1	.	.	.	0
truth_stvar	chr20	65510468	65510468	.	1	1	0	0|1	.	.	.	.	.	-	-	ref	no:star_allele	1	.	.	.	0
truth_stvar	chr20	65510468	65510468	.	1	1	0	1|0	.	.	.	.	.	-	-	yes	ref	1	.	.	.	0
truth_smvar	chr20	65510468	65510468	.	1	1,1	0	1|2	.	.	.	.	.	-	-	no:duplicate_of_stvar	no:star_allele	1	.	.	.	0
truth_stvar	chr20	65510480	65510480	.	1	1	0	0|1	.	.	.	.	.	-	-	ref	no:star_allele	1	.	.	.	0
truth_stvar	chr20	65510480	65510480	.	1	1	0	1|0	.	.	.	.	.	-	-	yes	ref	1	.	.	.	0
truth_smvar	chr20	65510480	65510480	.	1	1,1	0	1|2	.	.	.	.	.	-	-	no:duplicate_of_stvar	no:star_allele	1	.	.	.	0
truth_stvar	chr20	65510498	65510498	.	1	1	0	0|1	.	.	.	.	.	-	-	ref	no:star_allele	1	.	.	.	0
truth_stvar	chr20	65510498	65510498	.	1	1	0	1|0	.	.	.	.	.	-	-	yes	ref	1	.	.	.	0
truth_smvar	chr20	65510498	65510498	.	1	1,1	0	1|2	.	.	.	.	.	-	-	no:duplicate_of_stvar	no:star_allele	1	.	.	.	0
vg	chr20	65510512	65510528	>120829647>120829674	17	1	-16	1|0	1	25.936	PASS	-	-	.	.	.	.	.	.	.	.	0
truth_stvar	chr20	65510519	65510522	.	4	1	0	0|1	.	.	.	.	.	-	-	ref	no:star_allele	1	.	.	.	0
truth_stvar	chr20	65510519	65510522	.	4	1	3	1|0	.	.	.	.	.	-	-	yes	ref	1	.	.	.	0
truth_smvar	chr20	65510519	65510522	.	4	1,1	3	1|2	.	.	.	.	.	-	-	no:duplicate_of_stvar	no:star_allele	1	.	.	.	0
vg	chr20	65510531	65510531	>120812383>120829678	1	1	0	1|1	1	357.178	PASS	-	-	.	.	.	.	.	.	.	.	0
vg	chr20	65510537	65510537	>120829685>120829688	1	1	0	1|1	1	31.5016	PASS	-	-	.	.	.	.	.	.	.	.	0
vg	chr20	65510541	65510541	>120829693>120829707	1	7	6	1|2	1	33.5007	PASS	-	-	.	.	.	.	.	.	.	.	0
vg	chr20	65510541	65510541	>120829693>120829707	1	7	6	1|2	1	33.5007	PASS	-	-	.	.	.	.	.	.	.	.	0
truth_stvar	chr20	65510546	65510546	.	1	1	0	0|1	.	.	.	.	.	-	-	ref	no:star_allele	1	.	.	.	0
truth_stvar	chr20	65510546	65510546	.	1	1	0	1|0	.	.	.	.	.	-	-	yes	ref	1	.	.	.	0
truth_smvar	chr20	65510546	65510546	.	1	1,1	0	1|2	.	.	.	.	.	-	-	no:duplicate_of_stvar	no:star_allele	1	.	.	.	0
vg	chr20	65510546	65510546	>120829709>120829712	1	1	0	1|0	1	10.0045	PASS	-	-	.	.	.	.	.	.	.	.	0
vg	chr20	65510552	65510552	>120829716>120829720	1	1	0	0|1	1	31.5016	PASS	-	-	.	.	.	.	.	.	.	.	0
vg	chr20	65510561	65510561	>120829739>120829742	1	1	0	1|0	1	9.32037	PASS	-	-	.	.	.	.	.	.	.	.	0
vg	chr20	65510565	65510565	>120829745>120829753	1	4	3	1|0	1	10.4124	PASS	-	-	.	.	.	.	.	.	.	.	0
vg	chr20	65510569	65510584	>120829756>120829777	16	1	-15	1|1	1	34.8935	PASS	-	-	.	.	.	.	.	.	.	.	0
truth_stvar	chr20	65510582	65510582	.	1	1	0	0|1	.	.	.	.	.	-	-	ref	no:star_allele	1	.	.	.	0
truth_stvar	chr20	65510582	65510582	.	1	1	0	1|0	.	.	.	.	.	-	-	yes	ref	1	.	.	.	0
truth_smvar	chr20	65510582	65510582	.	1	1,1	0	1|2	.	.	.	.	.	-	-	no:duplicate_of_stvar	no:star_allele	1	.	.	.	0
truth_stvar	chr20	65510585	65510585	.	1	1	0	0|1	.	.	.	.	.	-	-	ref	no:star_allele	1	.	.	.	0
truth_stvar	chr20	65510585	65510585	.	1	10	9	1|0	.	.	.	.	.	-	-	yes	ref	1	.	.	.	0
truth_smvar	chr20	65510585	65510585	.	1	10,1	9	1|2	.	.	.	.	.	-	-	no:duplicate_of_stvar	no:star_allele	1	.	.	.	0
vg	chr20	65510588	65510588	>120829778>120829781	1	1	0	0|1	1	0.367142	PASS	-	-	.	.	.	.	.	.	.	.	0
vg	chr20	65510590	65510593	>120829782>120829790	4	1	-3	1|2	1	10.234	PASS	-	-	.	.	.	.	.	.	.	.	0
vg	chr20	65510590	65510593	>120829782>120829790	4	4	0	1|2	1	10.234	PASS	-	-	.	.	.	.	.	.	.	.	0
truth_stvar	chr20	65510597	65510597	.	1	1	0	0|1	.	.	.	.	.	-	-	ref	no:star_allele	1	.	.	.	0
truth_stvar	chr20	65510597	65510597	.	1	1	0	1|0	.	.	.	.	.	-	-	yes	ref	1	.	.	.	0
truth_smvar	chr20	65510597	65510597	.	1	1,1	0	1|2	.	.	.	.	.	-	-	no:duplicate_of_stvar	no:star_allele	1	.	.	.	0
vg	chr20	65510597	65510597	>120829790>120829807	1	1	0	0|1	1	14.2595	PASS	-	-	.	.	.	.	.	.	.	.	0
vg	chr20	65510600	65510600	>120829809>120829814	1	4	3	1|0	1	34.2759	PASS	-	-	.	.	.	.	.	.	.	.	0
vg	chr20	65510604	65510616	>120829814>120829830	13	1	-12	1|1	1	47.6012	PASS	-	-	.	.	.	.	.	.	.	.	0
vg	chr20	65510619	65510921	>120829831>120830356	303	1	-302	1|0	1	37.5652	PASS	TP	-	.	.	.	.	.	.	.	459.13,459.8	0
vg	chr20	65510624	65510624	>120829847>120829850	1	1	0	.|1	1	19.8333	PASS	-	-	.	.	.	.	.	.	.	.	0
vg	chr20	65510627	65510628	>120829851>120830068	2	1	-1	.|1	1	9.39855	PASS	-	-	.	.	.	.	.	.	.	.	0
vg	chr20	65510629	65510750	>120829851>120830068	122	1	-121	.|1	1	9.39855	PASS	FP	-	.	.	.	.	.	.	.	459.8,459.9	0
truth_stvar	chr20	65510633	65510633	.	1	1	0	0|1	.	.	.	.	.	-	-	ref	no:star_allele	1	.	.	.	0
truth_stvar	chr20	65510633	65510633	.	1	4	3	1|0	.	.	.	.	.	-	-	yes	ref	1	.	.	.	0
truth_smvar	chr20	65510633	65510633	.	1	4,1	3	1|2	.	.	.	.	.	-	-	no:duplicate_of_stvar	no:star_allele	1	.	.	.	0
truth_stvar	chr20	65510639	65510639	.	1	1	0	0|1	.	.	.	.	.	-	-	ref	no:star_allele	1	.	.	.	0
truth_stvar	chr20	65510639	65510639	.	1	1	0	1|0	.	.	.	.	.	-	-	yes	ref	1	.	.	.	0
truth_smvar	chr20	65510639	65510639	.	1	1,1	0	1|2	.	.	.	.	.	-	-	no:duplicate_of_stvar	no:star_allele	1	.	.	.	0
truth_stvar	chr20	65510645	65510645	.	1	1	0	0|1	.	.	.	.	.	-	-	ref	no:star_allele	1	.	.	.	0
truth_stvar	chr20	65510645	65510645	.	1	1	0	1|0	.	.	.	.	.	-	-	yes	ref	1	.	.	.	0
truth_smvar	chr20	65510645	65510645	.	1	1,1	0	1|2	.	.	.	.	.	-	-	no:duplicate_of_stvar	no:star_allele	1	.	.	.	0
truth_stvar	chr20	65510660	65510660	.	1	1	0	0|1	.	.	.	.	.	-	-	ref	no:star_allele	1	.	.	.	0
truth_stvar	chr20	65510660	65510660	.	1	1	0	1|0	.	.	.	.	.	-	-	yes	ref	1	.	.	.	0
truth_smvar	chr20	65510660	65510660	.	1	1,1	0	1|2	.	.	.	.	.	-	-	no:duplicate_of_stvar	no:star_allele	1	.	.	.	0
truth_stvar	chr20	65510699	65510717	.	19	1	18	1|0	.	.	.	.	.	-	-	yes	ref	1	.	.	.	0
truth_smvar	chr20	65510699	65510717	.	19	1	18	1|0	.	.	.	.	.	-	-	no:duplicate_of_stvar	ref	1	.	.	.	0
truth_stvar	chr20	65510717	65510717	.	1	1	0	1|0	.	.	.	.	.	-	-	no:star_allele	ref	1	.	.	.	0
truth_stvar	chr20	65510717	65510717	.	1	10	9	0|1	.	.	.	.	.	-	-	ref	yes	1	.	.	.	0
truth_smvar	chr20	65510717	65510717	.	1	10,1	9	2|1	.	.	.	.	.	-	-	no:star_allele	no:duplicate_of_stvar	1	.	.	.	0
truth_stvar	chr20	65510723	65510723	.	1	1	0	1|1	.	.	.	.	.	-	-	yes	yes	1	.	.	.	0
truth_smvar	chr20	65510723	65510723	.	1	1	0	1|1	.	.	.	.	.	-	-	no:duplicate_of_stvar	no:duplicate_of_stvar	1	.	.	.	0
truth_stvar	chr20	65510735	65510735	.	1	1	0	0|1	.	.	.	.	.	-	-	ref	yes	1	.	.	.	0
truth_smvar	chr20	65510735	65510735	.	1	1	0	0|1	.	.	.	.	.	-	-	ref	no:duplicate_of_stvar	1	.	.	.	0
vg	chr20	65510752	65510754	>120830068>120830090	3	1	-2	.|1	1	23.8688	PASS	-	-	.	.	.	.	.	.	.	.	0
vg	chr20	65510755	65510756	>120830068>120830090	2	1	-1	.|1	1	23.8688	PASS	-	-	.	.	.	.	.	.	.	.	0
vg	chr20	65510757	65510761	>120830068>120830090	5	1	-4	.|1	1	23.8688	PASS	-	-	.	.	.	.	.	.	.	.	0
truth_stvar	chr20	65510762	65510762	.	1	1	0	0|1	.	.	.	.	.	-	-	ref	yes	1	.	.	.	0
truth_smvar	chr20	65510762	65510762	.	1	1	0	0|1	.	.	.	.	.	-	-	ref	no:duplicate_of_stvar	1	.	.	.	0
vg	chr20	65510768	65510813	>120830096>120830163	46	1	-45	.|1	1	2.06791	PASS	-	-	.	.	.	.	.	.	.	.	0
truth_stvar	chr20	65510771	65510771	.	1	1	0	1|0	.	.	.	.	.	-	-	yes	ref	1	.	.	.	0
truth_smvar	chr20	65510771	65510771	.	1	1	0	1|0	.	.	.	.	.	-	-	no:duplicate_of_stvar	ref	1	.	.	.	0
truth_stvar	chr20	65510786	65510789	.	4	1	3	0|1	.	.	.	.	.	-	-	ref	yes	1	.	.	.	0
truth_smvar	chr20	65510786	65510789	.	4	1	3	0|1	.	.	.	.	.	-	-	ref	no:duplicate_of_stvar	1	.	.	.	0
truth_stvar	chr20	65510795	65510795	.	1	1	0	1|1	.	.	.	.	.	-	-	yes	yes	1	.	.	.	0
truth_smvar	chr20	65510795	65510795	.	1	1	0	1|1	.	.	.	.	.	-	-	no:duplicate_of_stvar	no:duplicate_of_stvar	1	.	.	.	0
truth_stvar	chr20	65510810	65510810	.	1	1	0	1|0	.	.	.	.	.	-	-	yes	ref	1	.	.	.	0
truth_smvar	chr20	65510810	65510810	.	1	1	0	1|0	.	.	.	.	.	-	-	no:duplicate_of_stvar	ref	1	.	.	.	0
truth_stvar	chr20	65510813	65510825	.	13	1	12	1|0	.	.	.	.	.	-	-	yes	ref	1	.	.	.	0
truth_smvar	chr20	65510813	65510825	.	13	1	12	1|0	.	.	.	.	.	-	-	no:duplicate_of_stvar	ref	1	.	.	.	0
vg	chr20	65510819	65510819	>120830170>120830209	1	1	0	.|1	1	11.3204	PASS	-	-	.	.	.	.	.	.	.	.	0
truth_stvar	chr20	65510825	65510906	.	82	1	0	1|0	.	.	.	.	.	-	-	no:star_allele	ref	1	DEL	111	.	0
truth_stvar	chr20	65510825	65510906	.	82	1	81	0|1	.	.	.	.	.	TP	FN	ref	yes	1	DEL	111	.	0
truth_smvar	chr20	65510825	65510906	.	82	1,1	81	2|1	.	.	.	.	.	-	-	no:star_allele	no:duplicate_of_stvar	1	.	111	.	0
truth_stvar	chr20	65510837	65510837	.	1	1	0	0|1	.	.	.	.	.	-	-	ref	no:star_allele	1	.	.	.	0
truth_stvar	chr20	65510837	65510837	.	1	1	0	1|0	.	.	.	.	.	-	-	yes	ref	1	.	.	.	0
truth_smvar	chr20	65510837	65510837	.	1	1,1	0	1|2	.	.	.	.	.	-	-	no:duplicate_of_stvar	no:star_allele	1	.	.	.	0
vg	chr20	65510846	65510846	>120830170>120830209	1	1	0	.|1	1	11.3204	PASS	-	-	.	.	.	.	.	.	.	.	0
truth_stvar	chr20	65510852	65510852	.	1	1	0	0|1	.	.	.	.	.	-	-	ref	no:star_allele	1	.	.	.	0
truth_stvar	chr20	65510852	65510852	.	1	1	0	1|0	.	.	.	.	.	-	-	yes	ref	1	.	.	.	0
truth_smvar	chr20	65510852	65510852	.	1	1,1	0	1|2	.	.	.	.	.	-	-	no:duplicate_of_stvar	no:star_allele	1	.	.	.	0
vg	chr20	65510867	65510867	>120830244>120830251	1	1	0	.|1	1	1.20424	PASS	-	-	.	.	.	.	.	.	.	.	0
truth_stvar	chr20	65510873	65510873	.	1	1	0	0|1	.	.	.	.	.	-	-	ref	no:star_allele	1	.	.	.	0
truth_stvar	chr20	65510873	65510873	.	1	1	0	1|0	.	.	.	.	.	-	-	yes	ref	1	.	.	.	0
truth_smvar	chr20	65510873	65510873	.	1	1,1	0	1|2	.	.	.	.	.	-	-	no:duplicate_of_stvar	no:star_allele	1	.	.	.	0
vg	chr20	65510873	65510873	>120830254>120830279	1	1	0	.|1	1	11.9426	PASS	-	-	.	.	.	.	.	.	.	.	0
truth_stvar	chr20	65510879	65510879	.	1	1	0	0|1	.	.	.	.	.	-	-	ref	no:star_allele	1	.	.	.	0
truth_stvar	chr20	65510879	65510879	.	1	1	0	1|0	.	.	.	.	.	-	-	yes	ref	1	.	.	.	0
truth_smvar	chr20	65510879	65510879	.	1	1,1	0	1|2	.	.	.	.	.	-	-	no:duplicate_of_stvar	no:star_allele	1	.	.	.	0
vg	chr20	65510879	65510879	>120830254>120830279	1	1	0	.|1	1	11.9426	PASS	-	-	.	.	.	.	.	.	.	.	0
vg	chr20	65510884	65510905	>120830284>120830327	22	1	-21	.|1	1	11.9443	PASS	-	-	.	.	.	.	.	.	.	.	0
truth_stvar	chr20	65510885	65510885	.	1	1	0	0|1	.	.	.	.	.	-	-	ref	no:star_allele	1	.	.	.	0
truth_stvar	chr20	65510885	65510885	.	1	1	0	1|0	.	.	.	.	.	-	-	yes	ref	1	.	.	.	0
truth_smvar	chr20	65510885	65510885	.	1	1,1	0	1|2	.	.	.	.	.	-	-	no:duplicate_of_stvar	no:star_allele	1	.	.	.	0
truth_stvar	chr20	65510897	65510897	.	1	1	0	0|1	.	.	.	.	.	-	-	ref	no:star_allele	1	.	.	.	0
truth_stvar	chr20	65510897	65510897	.	1	1	0	1|0	.	.	.	.	.	-	-	yes	ref	1	.	.	.	0
truth_smvar	chr20	65510897	65510897	.	1	1,1	0	1|2	.	.	.	.	.	-	-	no:duplicate_of_stvar	no:star_allele	1	.	.	.	0
vg	chr20	65510910	65510913	>120830333>120830346	4	1	-3	.|1	1	10.2965	PASS	-	-	.	.	.	.	.	.	.	.	0
vg	chr20	65510922	65510938	>120830356>120830384	17	1	-16	1|2	1	28.9621	PASS	-	-	.	.	.	.	.	.	.	.	0
vg	chr20	65510922	65510938	>120830356>120830384	17	17	0	1|2	1	28.9621	PASS	-	-	.	.	.	.	.	.	.	.	0
vg	chr20	65510927	65510927	>120830362>120830367	1	1	0	.|1	1	9.12956	PASS	-	-	.	.	.	.	.	.	.	.	0
truth_stvar	chr20	65510936	65510936	.	1	1	0	0|1	.	.	.	.	.	-	-	ref	yes	1	.	.	.	0
truth_smvar	chr20	65510936	65510936	.	1	1	0	0|1	.	.	.	.	.	-	-	ref	no:duplicate_of_stvar	1	.	.	.	0
vg	chr20	65510942	65510942	>120830385>120830391	1	1	0	1|0	1	22.0243	PASS	-	-	.	.	.	.	.	.	.	.	0
truth_stvar	chr20	65510945	65510945	.	1	4	3	1|0	.	.	.	.	.	-	-	yes	ref	1	.	.	.	0
truth_smvar	chr20	65510945	65510945	.	1	4	3	1|0	.	.	.	.	.	-	-	no:duplicate_of_stvar	ref	1	.	.	.	0
vg	chr20	65510945	65510945	>120830393>120830396	1	1	0	1|0	1	9.71529	PASS	-	-	.	.	.	.	.	.	.	.	0
truth_stvar	chr20	65510948	65510948	.	1	1	0	0|1	.	.	.	.	.	-	-	ref	yes	1	.	.	.	0
truth_smvar	chr20	65510948	65510948	.	1	1	0	0|1	.	.	.	.	.	-	-	ref	no:duplicate_of_stvar	1	.	.	.	0
vg	chr20	65510950	65510950	>120830403>120830405	1	4	3	1|0	1	9.78466	PASS	-	-	.	.	.	.	.	.	.	.	0
vg	chr20	65510954	65510954	>120830406>120830409	1	1	0	1|1	1	20.2316	PASS	-	-	.	.	.	.	.	.	.	.	0
vg	chr20	65510955	65511027	>120830409>120830522	73	1	-72	1|1	1	24.8011	PASS	TP	-	.	.	.	.	.	.	.	459.12,459.10	0
truth_stvar	chr20	65510969	65510975	.	7	1	6	0|1	.	.	.	.	.	-	-	ref	yes	1	.	.	.	0
truth_smvar	chr20	65510969	65510975	.	7	1	6	0|1	.	.	.	.	.	-	-	ref	no:duplicate_of_stvar	1	.	.	.	0
truth_stvar	chr20	65510975	65510975	.	1	1	0	0|1	.	.	.	.	.	-	-	ref	no:star_allele	1	.	.	.	0
truth_stvar	chr20	65510975	65510975	.	1	10	9	1|0	.	.	.	.	.	-	-	yes	ref	1	.	.	.	0
truth_smvar	chr20	65510975	65510975	.	1	10,1	9	1|2	.	.	.	.	.	-	-	no:duplicate_of_stvar	no:star_allele	1	.	.	.	0
truth_stvar	chr20	65510978	65510978	.	1	1	0	0|1	.	.	.	.	.	-	-	ref	yes	1	.	.	.	0
truth_smvar	chr20	65510978	65510978	.	1	1	0	0|1	.	.	.	.	.	-	-	ref	no:duplicate_of_stvar	1	.	.	.	0
truth_stvar	chr20	65510993	65510993	.	1	4	3	1|0	.	.	.	.	.	-	-	yes	ref	1	.	.	.	0
truth_smvar	chr20	65510993	65510993	.	1	4	3	1|0	.	.	.	.	.	-	-	no:duplicate_of_stvar	ref	1	.	.	.	0
truth_stvar	chr20	65510999	65510999	.	1	1	0	0|1	.	.	.	.	.	-	-	ref	yes	1	.	.	.	0
truth_smvar	chr20	65510999	65510999	.	1	1	0	0|1	.	.	.	.	.	-	-	ref	no:duplicate_of_stvar	1	.	.	.	0
truth_stvar	chr20	65511002	65511002	.	1	1	0	1|1	.	.	.	.	.	-	-	yes	yes	1	.	.	.	0
truth_smvar	chr20	65511002	65511002	.	1	1	0	1|1	.	.	.	.	.	-	-	no:duplicate_of_stvar	no:duplicate_of_stvar	1	.	.	.	0
truth_stvar	chr20	65511005	65511005	.	1	1	0	1|1	.	.	.	.	.	-	-	yes	yes	1	.	.	.	0
truth_smvar	chr20	65511005	65511005	.	1	1	0	1|1	.	.	.	.	.	-	-	no:duplicate_of_stvar	no:duplicate_of_stvar	1	.	.	.	0
truth_stvar	chr20	65511026	65511026	.	1	1	0	0|1	.	.	.	.	.	-	-	ref	yes	1	.	.	.	0
truth_smvar	chr20	65511026	65511026	.	1	1	0	0|1	.	.	.	.	.	-	-	ref	no:duplicate_of_stvar	1	.	.	.	0
vg	chr20	65511028	65511028	>120830522>120830568	1	28	27	0|1	1	8.92477	PASS	-	-	.	.	.	.	.	.	.	.	0
vg	chr20	65511032	65511032	>120830561>120830566	1	1	0	1|0	1	1.97719	PASS	-	-	.	.	.	.	.	.	.	.	0
vg	chr20	65511035	65513864	>120830568>120838434	2830	1	-2829	1|2	1	54.6054	PASS	FP	-	.	.	.	.	.	.	.	459.13,459.11	0
vg	chr20	65511035	65513864	>120830568>120838434	2830	4327	1497	1|2	1	54.6054	PASS	FP	-	.	.	.	.	.	.	.	459.11,459.12	0
vg	chr20	65511047	65511275	>120830587>120831007	229	202	-27	.|1	1	11.5549	PASS	-	-	.	.	.	.	.	.	.	.	0
truth_stvar	chr20	65511053	65511053	.	1	4	3	1|0	.	.	.	.	.	-	-	yes	ref	1	.	.	.	0
truth_smvar	chr20	65511053	65511053	.	1	4	3	1|0	.	.	.	.	.	-	-	no:duplicate_of_stvar	ref	1	.	.	.	0
truth_stvar	chr20	65511062	65511062	.	1	1	0	1|0	.	.	.	.	.	-	-	yes	ref	1	.	.	.	0
truth_smvar	chr20	65511062	65511062	.	1	1	0	1|0	.	.	.	.	.	-	-	no:duplicate_of_stvar	ref	1	.	.	.	0
truth_stvar	chr20	65511077	65511365	.	289	1	288	0|1	.	.	.	.	.	TP	FN	ref	yes	1	DEL	111	.	0
truth_smvar	chr20	65511077	65511365	.	289	1	288	0|1	.	.	.	.	.	-	-	ref	no:duplicate_of_stvar	1	.	111	.	0
truth_stvar	chr20	65511089	65511092	.	4	1	0	0|1	.	.	.	.	.	-	-	ref	no:star_allele	1	.	.	.	0
truth_stvar	chr20	65511089	65511092	.	4	1	3	1|0	.	.	.	.	.	-	-	yes	ref	1	.	.	.	0
truth_smvar	chr20	65511089	65511092	.	4	1,1	3	1|2	.	.	.	.	.	-	-	no:duplicate_of_stvar	no:star_allele	1	.	.	.	0
truth_stvar	chr20	65511107	65511107	.	1	1	0	0|1	.	.	.	.	.	-	-	ref	no:star_allele	1	.	.	.	0
truth_stvar	chr20	65511107	65511107	.	1	10	9	1|0	.	.	.	.	.	-	-	yes	ref	1	.	.	.	0
truth_smvar	chr20	65511107	65511107	.	1	10,1	9	1|2	.	.	.	.	.	-	-	no:duplicate_of_stvar	no:star_allele	1	.	.	.	0
truth_stvar	chr20	65511113	65511113	.	1	1	0	0|1	.	.	.	.	.	-	-	ref	no:star_allele	1	.	.	.	0
truth_stvar	chr20	65511113	65511113	.	1	1	0	1|0	.	.	.	.	.	-	-	yes	ref	1	.	.	.	0
truth_smvar	chr20	65511113	65511113	.	1	1,1	0	1|2	.	.	.	.	.	-	-	no:duplicate_of_stvar	no:star_allele	1	.	.	.	0
truth_stvar	chr20	65511125	65511125	.	1	1	0	0|1	.	.	.	.	.	-	-	ref	no:star_allele	1	.	.	.	0
truth_stvar	chr20	65511125	65511125	.	1	10	9	1|0	.	.	.	.	.	-	-	yes	ref	1	.	.	.	0
truth_smvar	chr20	65511125	65511125	.	1	10,1	9	1|2	.	.	.	.	.	-	-	no:duplicate_of_stvar	no:star_allele	1	.	.	.	0
truth_stvar	chr20	65511143	65511143	.	1	1	0	0|1	.	.	.	.	.	-	-	ref	no:star_allele	1	.	.	.	0
truth_stvar	chr20	65511143	65511143	.	1	1	0	1|0	.	.	.	.	.	-	-	yes	ref	1	.	.	.	0
truth_smvar	chr20	65511143	65511143	.	1	1,1	0	1|2	.	.	.	.	.	-	-	no:duplicate_of_stvar	no:star_allele	1	.	.	.	0
truth_stvar	chr20	65511181	65511181	.	1	1	0	0|1	.	.	.	.	.	-	-	ref	no:star_allele	1	.	.	.	0
truth_stvar	chr20	65511181	65511181	.	1	160	159	1|0	.	.	.	.	.	FN	FN	yes	ref	1	INS	111	.	0
truth_smvar	chr20	65511181	65511181	.	1	160,1	159	1|2	.	.	.	.	.	-	-	no:duplicate_of_stvar	no:star_allele	1	.	111	.	0
truth_stvar	chr20	65511182	65511182	.	1	1	0	0|1	.	.	.	.	.	-	-	ref	no:star_allele	1	.	.	.	0
truth_stvar	chr20	65511182	65511182	.	1	1	0	1|0	.	.	.	.	.	-	-	yes	ref	1	.	.	.	0
truth_smvar	chr20	65511182	65511182	.	1	1,1	0	1|2	.	.	.	.	.	-	-	no:duplicate_of_stvar	no:star_allele	1	.	.	.	0
vg	chr20	65511191	65511191	>120830838>120830861	1	13	12	.|1	1	9.03729	PASS	-	-	.	.	.	.	.	.	.	.	0
truth_stvar	chr20	65511227	65511227	.	1	1	0	0|1	.	.	.	.	.	-	-	ref	no:star_allele	1	.	.	.	0
truth_stvar	chr20	65511227	65511227	.	1	1	0	1|0	.	.	.	.	.	-	-	yes	ref	1	.	.	.	0
truth_smvar	chr20	65511227	65511227	.	1	1,1	0	1|2	.	.	.	.	.	-	-	no:duplicate_of_stvar	no:star_allele	1	.	.	.	0
truth_stvar	chr20	65511236	65511236	.	1	1	0	0|1	.	.	.	.	.	-	-	ref	no:star_allele	1	.	.	.	0
truth_stvar	chr20	65511236	65511236	.	1	1	0	1|0	.	.	.	.	.	-	-	yes	ref	1	.	.	.	0
truth_smvar	chr20	65511236	65511236	.	1	1,1	0	1|2	.	.	.	.	.	-	-	no:duplicate_of_stvar	no:star_allele	1	.	.	.	0
vg	chr20	65511260	65511275	>120830963>120831003	16	16	0	.|1	1	10.7968	PASS	-	-	.	.	.	.	.	.	.	.	0
truth_stvar	chr20	65511269	65511269	.	1	1	0	0|1	.	.	.	.	.	-	-	ref	no:star_allele	1	.	.	.	0
truth_stvar	chr20	65511269	65511269	.	1	1	0	1|0	.	.	.	.	.	-	-	yes	ref	1	.	.	.	0
truth_smvar	chr20	65511269	65511269	.	1	1,1	0	1|2	.	.	.	.	.	-	-	no:duplicate_of_stvar	no:star_allele	1	.	.	.	0
truth_stvar	chr20	65511275	65511275	.	1	1	0	0|1	.	.	.	.	.	-	-	ref	no:star_allele	1	.	.	.	0
truth_stvar	chr20	65511275	65511275	.	1	1	0	1|0	.	.	.	.	.	-	-	yes	ref	1	.	.	.	0
truth_smvar	chr20	65511275	65511275	.	1	1,1	0	1|2	.	.	.	.	.	-	-	no:duplicate_of_stvar	no:star_allele	1	.	.	.	0
vg	chr20	65511284	65511284	>120831010>120831016	1	1	0	.|1	1	1.80181	PASS	-	-	.	.	.	.	.	.	.	.	0
vg	chr20	65511287	65511287	>120831016>120831019	1	1	0	.|1	1	6.96299	PASS	-	-	.	.	.	.	.	.	.	.	0
vg	chr20	65511289	65511289	>120831020>120831030	1	4	3	.|1	1	8.84565	PASS	-	-	.	.	.	.	.	.	.	.	0
truth_stvar	chr20	65511293	65511293	.	1	1	0	0|1	.	.	.	.	.	-	-	ref	no:star_allele	1	.	.	.	0
truth_stvar	chr20	65511293	65511293	.	1	1	0	1|0	.	.	.	.	.	-	-	yes	ref	1	.	.	.	0
truth_smvar	chr20	65511293	65511293	.	1	1,1	0	1|2	.	.	.	.	.	-	-	no:duplicate_of_stvar	no:star_allele	1	.	.	.	0
vg	chr20	65511296	65511296	>120831035>120831043	1	1	0	.|1	1	7.75927	PASS	-	-	.	.	.	.	.	.	.	.	0
truth_stvar	chr20	65511308	65511308	.	1	1	0	0|1	.	.	.	.	.	-	-	ref	no:star_allele	1	.	.	.	0
truth_stvar	chr20	65511308	65511308	.	1	1	0	1|0	.	.	.	.	.	-	-	yes	ref	1	.	.	.	0
truth_smvar	chr20	65511308	65511308	.	1	1,1	0	1|2	.	.	.	.	.	-	-	no:duplicate_of_stvar	no:star_allele	1	.	.	.	0
vg	chr20	65511308	65511308	>120831060>120831069	1	1	0	.|1	1	4.12935	PASS	-	-	.	.	.	.	.	.	.	.	0
truth_stvar	chr20	65511314	65511314	.	1	1	0	0|1	.	.	.	.	.	-	-	ref	no:star_allele	1	.	.	.	0
truth_stvar	chr20	65511314	65511314	.	1	1	0	1|0	.	.	.	.	.	-	-	yes	ref	1	.	.	.	0
truth_smvar	chr20	65511314	65511314	.	1	1,1	0	1|2	.	.	.	.	.	-	-	no:duplicate_of_stvar	no:star_allele	1	.	.	.	0
truth_stvar	chr20	65511317	65511317	.	1	1	0	0|1	.	.	.	.	.	-	-	ref	no:star_allele	1	.	.	.	0
truth_stvar	chr20	65511317	65511317	.	1	1	0	1|0	.	.	.	.	.	-	-	yes	ref	1	.	.	.	0
truth_smvar	chr20	65511317	65511317	.	1	1,1	0	1|2	.	.	.	.	.	-	-	no:duplicate_of_stvar	no:star_allele	1	.	.	.	0
vg	chr20	65511317	65511317	>120831083>120831097	1	4	3	.|1	1	11.2018	PASS	-	-	.	.	.	.	.	.	.	.	0
truth_stvar	chr20	65511323	65511323	.	1	1	0	0|1	.	.	.	.	.	-	-	ref	no:star_allele	1	.	.	.	0
truth_stvar	chr20	65511323	65511323	.	1	1	0	1|0	.	.	.	.	.	-	-	yes	ref	1	.	.	.	0
truth_smvar	chr20	65511323	65511323	.	1	1,1	0	1|2	.	.	.	.	.	-	-	no:duplicate_of_stvar	no:star_allele	1	.	.	.	0
vg	chr20	65511323	65511323	>120831083>120831097	1	1	0	.|1	1	11.2018	PASS	-	-	.	.	.	.	.	.	.	.	0
vg	chr20	65511329	65511659	>120831097>120831718	331	310	-21	.|1	1	22.7006	PASS	-	-	.	.	.	.	.	.	.	.	0
vg	chr20	65511329	65511353	>120831100>120831154	25	22	-3	.|1	1	12.2632	PASS	-	-	.	.	.	.	.	.	.	.	0
truth_stvar	chr20	65511335	65511335	.	1	1	0	0|1	.	.	.	.	.	-	-	ref	no:star_allele	1	.	.	.	0
truth_stvar	chr20	65511335	65511335	.	1	1	0	1|0	.	.	.	.	.	-	-	yes	ref	1	.	.	.	0
truth_smvar	chr20	65511335	65511335	.	1	1,1	0	1|2	.	.	.	.	.	-	-	no:duplicate_of_stvar	no:star_allele	1	.	.	.	0
truth_stvar	chr20	65511338	65511338	.	1	1	0	0|1	.	.	.	.	.	-	-	ref	no:star_allele	1	.	.	.	0
truth_stvar	chr20	65511338	65511338	.	1	1	0	1|0	.	.	.	.	.	-	-	yes	ref	1	.	.	.	0
truth_smvar	chr20	65511338	65511338	.	1	1,1	0	1|2	.	.	.	.	.	-	-	no:duplicate_of_stvar	no:star_allele	1	.	.	.	0
vg	chr20	65511346	65511346	>120831105>120831148	1	7	6	.|1	1	10.65	PASS	-	-	.	.	.	.	.	.	.	.	0
vg	chr20	65511350	65511350	>120831136>120831141	1	1	0	.|1	1	4.10003	PASS	-	-	.	.	.	.	.	.	.	.	0
truth_stvar	chr20	65511353	65511353	.	1	1	0	0|1	.	.	.	.	.	-	-	ref	no:star_allele	1	.	.	.	0
truth_stvar	chr20	65511353	65511353	.	1	148	147	1|0	.	.	.	.	.	FN	FN	yes	ref	1	INS	111	.	0
truth_smvar	chr20	65511353	65511353	.	1	148,1	147	1|2	.	.	.	.	.	-	-	no:duplicate_of_stvar	no:star_allele	1	.	111	.	0
vg	chr20	65511353	65511353	>120831105>120831148	1	1	0	.|1	1	10.65	PASS	-	-	.	.	.	.	.	.	.	.	0
vg	chr20	65511371	65511383	>120831176>120831200	13	10	-3	.|1	1	13.7062	PASS	-	-	.	.	.	.	.	.	.	.	0
truth_stvar	chr20	65511383	65511383	.	1	1	0	1|0	.	.	.	.	.	-	-	yes	ref	1	.	.	.	0
truth_smvar	chr20	65511383	65511383	.	1	1	0	1|0	.	.	.	.	.	-	-	no:duplicate_of_stvar	ref	1	.	.	.	0
vg	chr20	65511383	65511383	>120831190>120831193	1	1	0	.|1	1	0.792969	PASS	-	-	.	.	.	.	.	.	.	.	0
truth_stvar	chr20	65511389	65511389	.	1	1	0	1|0	.	.	.	.	.	-	-	yes	ref	1	.	.	.	0
truth_smvar	chr20	65511389	65511389	.	1	1	0	1|0	.	.	.	.	.	-	-	no:duplicate_of_stvar	ref	1	.	.	.	0
truth_stvar	chr20	65511392	65511392	.	1	1	0	0|1	.	.	.	.	.	-	-	ref	yes	1	.	.	.	0
truth_smvar	chr20	65511392	65511392	.	1	1	0	0|1	.	.	.	.	.	-	-	ref	no:duplicate_of_stvar	1	.	.	.	0
vg	chr20	65511392	65511392	>120831203>120831206	1	1	0	.|1	1	5.83691	PASS	-	-	.	.	.	.	.	.	.	.	0
truth_stvar	chr20	65511398	65511398	.	1	1	0	1|1	.	.	.	.	.	-	-	yes	yes	1	.	.	.	0
truth_smvar	chr20	65511398	65511398	.	1	1	0	1|1	.	.	.	.	.	-	-	no:duplicate_of_stvar	no:duplicate_of_stvar	1	.	.	.	0
vg	chr20	65511398	65511398	>120831219>120831222	1	1	0	.|1	1	1.59583	PASS	-	-	.	.	.	.	.	.	.	.	0
truth_stvar	chr20	65511401	65511401	.	1	1	0	1|1	.	.	.	.	.	-	-	yes	yes	1	.	.	.	0
truth_smvar	chr20	65511401	65511401	.	1	1	0	1|1	.	.	.	.	.	-	-	no:duplicate_of_stvar	no:duplicate_of_stvar	1	.	.	.	0
vg	chr20	65511404	65511404	>120831226>120831230	1	1	0	.|1	1	0.676538	PASS	-	-	.	.	.	.	.	.	.	.	0
vg	chr20	65511405	65511432	>120831230>120831272	28	1	-27	.|1	1	5.1805	PASS	-	-	.	.	.	.	.	.	.	.	0
truth_stvar	chr20	65511413	65511413	.	1	1	0	0|1	.	.	.	.	.	-	-	ref	yes	1	.	.	.	0
truth_smvar	chr20	65511413	65511413	.	1	1	0	0|1	.	.	.	.	.	-	-	ref	no:duplicate_of_stvar	1	.	.	.	0
truth_stvar	chr20	65511422	65511422	.	1	1	0	0|1	.	.	.	.	.	-	-	ref	yes	1	.	.	.	0
truth_smvar	chr20	65511422	65511422	.	1	1	0	0|1	.	.	.	.	.	-	-	ref	no:duplicate_of_stvar	1	.	.	.	0
truth_stvar	chr20	65511433	65511433	.	1	1	0	1|0	.	.	.	.	.	-	-	yes	ref	1	.	.	.	0
truth_smvar	chr20	65511433	65511433	.	1	1	0	1|0	.	.	.	.	.	-	-	no:duplicate_of_stvar	ref	1	.	.	.	0
vg	chr20	65511445	65511445	>120831273>120831295	1	16	15	.|1	1	14.8821	PASS	-	-	.	.	.	.	.	.	.	.	0
vg	chr20	65511460	65511460	>120831306>120831313	1	10	9	.|1	1	2.21824	PASS	-	-	.	.	.	.	.	.	.	.	0
truth_stvar	chr20	65511461	65511461	.	1	1	0	0|1	.	.	.	.	.	-	-	ref	yes	1	.	.	.	0
truth_smvar	chr20	65511461	65511461	.	1	1	0	0|1	.	.	.	.	.	-	-	ref	no:duplicate_of_stvar	1	.	.	.	0
truth_stvar	chr20	65511470	65511470	.	1	1	0	1|0	.	.	.	.	.	-	-	yes	ref	1	.	.	.	0
truth_smvar	chr20	65511470	65511470	.	1	1	0	1|0	.	.	.	.	.	-	-	no:duplicate_of_stvar	ref	1	.	.	.	0
truth_stvar	chr20	65511473	65511473	.	1	1	0	1|0	.	.	.	.	.	-	-	yes	ref	1	.	.	.	0
truth_smvar	chr20	65511473	65511473	.	1	1	0	1|0	.	.	.	.	.	-	-	no:duplicate_of_stvar	ref	1	.	.	.	0
vg	chr20	65511473	65511473	>120831327>120831330	1	1	0	.|1	1	8.34872	PASS	-	-	.	.	.	.	.	.	.	.	0
truth_stvar	chr20	65511479	65511479	.	1	1	0	1|1	.	.	.	.	.	-	-	yes	yes	1	.	.	.	0
truth_smvar	chr20	65511479	65511479	.	1	1	0	1|1	.	.	.	.	.	-	-	no:duplicate_of_stvar	no:duplicate_of_stvar	1	.	.	.	0
vg	chr20	65511479	65511479	>120831334>120831362	1	1	0	.|1	1	14.4344	PASS	-	-	.	.	.	.	.	.	.	.	0
truth_stvar	chr20	65511494	65511494	.	1	1	0	0|1	.	.	.	.	.	-	-	ref	yes	1	.	.	.	0
truth_smvar	chr20	65511494	65511494	.	1	1	0	0|1	.	.	.	.	.	-	-	ref	no:duplicate_of_stvar	1	.	.	.	0
truth_stvar	chr20	65511500	65511500	.	1	4	3	1|0	.	.	.	.	.	-	-	yes	ref	1	.	.	.	0
truth_smvar	chr20	65511500	65511500	.	1	4	3	1|0	.	.	.	.	.	-	-	no:duplicate_of_stvar	ref	1	.	.	.	0
vg	chr20	65511500	65511539	>120831362>120831441	40	25	-15	.|1	1	20.0541	PASS	-	-	.	.	.	.	.	.	.	.	0
vg	chr20	65511500	65511515	>120831370>120831390	16	1	-15	.|1	1	19.945	PASS	-	-	.	.	.	.	.	.	.	.	0
truth_stvar	chr20	65511506	65511506	.	1	4	3	0|1	.	.	.	.	.	-	-	ref	yes	1	.	.	.	0
truth_smvar	chr20	65511506	65511506	.	1	4	3	0|1	.	.	.	.	.	-	-	ref	no:duplicate_of_stvar	1	.	.	.	0
truth_stvar	chr20	65511533	65511533	.	1	7	6	1|0	.	.	.	.	.	-	-	yes	ref	1	.	.	.	0
truth_stvar	chr20	65511533	65511533	.	1	4	3	0|1	.	.	.	.	.	-	-	ref	yes	1	.	.	.	0
truth_smvar	chr20	65511533	65511533	.	1	4,7	6	2|1	.	.	.	.	.	-	-	no:duplicate_of_stvar	no:duplicate_of_stvar	1	.	.	.	0
vg	chr20	65511542	65511542	>120831442>120831446	1	1	0	.|1	1	19.9561	PASS	-	-	.	.	.	.	.	.	.	.	0
vg	chr20	65511547	65511547	>120831451>120831458	1	4	3	.|1	1	19.2465	PASS	-	-	.	.	.	.	.	.	.	.	0
truth_stvar	chr20	65511554	65511554	.	1	1	0	1|0	.	.	.	.	.	-	-	yes	ref	1	.	.	.	0
truth_smvar	chr20	65511554	65511554	.	1	1	0	1|0	.	.	.	.	.	-	-	no:duplicate_of_stvar	ref	1	.	.	.	0
vg	chr20	65511554	65511554	>120831518>120831521	1	1	0	.|1	1	19.7358	PASS	-	-	.	.	.	.	.	.	.	.	0
truth_stvar	chr20	65511560	65511560	.	1	13	12	0|1	.	.	.	.	.	-	-	ref	yes	1	.	.	.	0
truth_smvar	chr20	65511560	65511560	.	1	13	12	0|1	.	.	.	.	.	-	-	ref	no:duplicate_of_stvar	1	.	.	.	0
truth_stvar	chr20	65511563	65511563	.	1	1	0	1|0	.	.	.	.	.	-	-	yes	ref	1	.	.	.	0
truth_smvar	chr20	65511563	65511563	.	1	1	0	1|0	.	.	.	.	.	-	-	no:duplicate_of_stvar	ref	1	.	.	.	0
truth_stvar	chr20	65511566	65511566	.	1	1	0	1|0	.	.	.	.	.	-	-	yes	ref	1	.	.	.	0
truth_smvar	chr20	65511566	65511566	.	1	1	0	1|0	.	.	.	.	.	-	-	no:duplicate_of_stvar	ref	1	.	.	.	0
vg	chr20	65511568	65511568	>120831541>120831545	1	1	0	.|1	1	17.9257	PASS	-	-	.	.	.	.	.	.	.	.	0
truth_stvar	chr20	65511575	65511575	.	1	1	0	1|0	.	.	.	.	.	-	-	yes	ref	1	.	.	.	0
truth_smvar	chr20	65511575	65511575	.	1	1	0	1|0	.	.	.	.	.	-	-	no:duplicate_of_stvar	ref	1	.	.	.	0
vg	chr20	65511575	65511583	>120831548>120831622	9	3	-6	.|1	1	22.1302	PASS	-	-	.	.	.	.	.	.	.	.	0
vg	chr20	65511583	65511583	>120831571>120831574	1	1	0	.|1	1	17.976	PASS	-	-	.	.	.	.	.	.	.	.	0
truth_stvar	chr20	65511590	65511590	.	1	1	0	0|1	.	.	.	.	.	-	-	ref	yes	1	.	.	.	0
truth_smvar	chr20	65511590	65511590	.	1	1	0	0|1	.	.	.	.	.	-	-	ref	no:duplicate_of_stvar	1	.	.	.	0
truth_stvar	chr20	65511611	65511611	.	1	1	0	0|1	.	.	.	.	.	-	-	ref	yes	1	.	.	.	0
truth_smvar	chr20	65511611	65511611	.	1	1	0	0|1	.	.	.	.	.	-	-	ref	no:duplicate_of_stvar	1	.	.	.	0
truth_stvar	chr20	65511617	65511617	.	1	1	0	0|1	.	.	.	.	.	-	-	ref	yes	1	.	.	.	0
truth_smvar	chr20	65511617	65511617	.	1	1	0	0|1	.	.	.	.	.	-	-	ref	no:duplicate_of_stvar	1	.	.	.	0
vg	chr20	65511620	65511623	>120831622>120831664	4	10	6	.|1	1	1.10758	PASS	-	-	.	.	.	.	.	.	.	.	0
truth_stvar	chr20	65511623	65511623	.	1	1	0	1|0	.	.	.	.	.	-	-	yes	ref	1	.	.	.	0
truth_stvar	chr20	65511623	65511626	.	4	1	3	0|1	.	.	.	.	.	-	-	ref	yes	1	.	.	.	0
truth_smvar	chr20	65511623	65511626	.	4	4,1	3	1|2	.	.	.	.	.	-	-	no:overlaps_applied_stvar	no:duplicate_of_stvar	1	.	.	.	0
truth_stvar	chr20	65511626	65511626	.	1	1	0	0|1	.	.	.	.	.	-	-	ref	no:star_allele	1	.	.	.	0
truth_stvar	chr20	65511626	65511626	.	1	4	3	1|0	.	.	.	.	.	-	-	yes	ref	1	.	.	.	0
truth_smvar	chr20	65511626	65511626	.	1	4,1	3	1|2	.	.	.	.	.	-	-	no:duplicate_of_stvar	no:star_allele	1	.	.	.	0
vg	chr20	65511628	65511637	>120831669>120831682	10	1	-9	.|1	1	23.0569	PASS	-	-	.	.	.	.	.	.	.	.	0
truth_stvar	chr20	65511632	65511632	.	1	1	0	0|1	.	.	.	.	.	-	-	ref	yes	1	.	.	.	0
truth_smvar	chr20	65511632	65511632	.	1	1	0	0|1	.	.	.	.	.	-	-	ref	no:duplicate_of_stvar	1	.	.	.	0
vg	chr20	65511644	65511644	>120831685>120831688	1	1	0	.|1	1	22.0099	PASS	-	-	.	.	.	.	.	.	.	.	0
vg	chr20	65511650	65511650	>120831693>120831702	1	1	0	.|1	1	17.8374	PASS	-	-	.	.	.	.	.	.	.	.	0
truth_stvar	chr20	65511656	65511656	.	1	4	3	1|0	.	.	.	.	.	-	-	yes	ref	1	.	.	.	0
truth_smvar	chr20	65511656	65511656	.	1	4	3	1|0	.	.	.	.	.	-	-	no:duplicate_of_stvar	ref	1	.	.	.	0
truth_stvar	chr20	65511659	65511659	.	1	1	0	0|1	.	.	.	.	.	-	-	ref	yes	1	.	.	.	0
truth_smvar	chr20	65511659	65511659	.	1	1	0	0|1	.	.	.	.	.	-	-	ref	no:duplicate_of_stvar	1	.	.	.	0
truth_stvar	chr20	65511665	65511665	.	1	1	0	1|1	.	.	.	.	.	-	-	yes	yes	1	.	.	.	0
truth_smvar	chr20	65511665	65511665	.	1	1	0	1|1	.	.	.	.	.	-	-	no:duplicate_of_stvar	no:duplicate_of_stvar	1	.	.	.	0
truth_stvar	chr20	65511671	65511671	.	1	1	0	0|1	.	.	.	.	.	-	-	ref	yes	1	.	.	.	0
truth_smvar	chr20	65511671	65511671	.	1	1	0	0|1	.	.	.	.	.	-	-	ref	no:duplicate_of_stvar	1	.	.	.	0
truth_stvar	chr20	65511677	65511680	.	4	1	3	0|1	.	.	.	.	.	-	-	ref	yes	1	.	.	.	0
truth_smvar	chr20	65511677	65511680	.	4	1	3	0|1	.	.	.	.	.	-	-	ref	no:duplicate_of_stvar	1	.	.	.	0
vg	chr20	65511677	65511677	>120831738>120831741	1	1	0	.|1	1	21.7998	PASS	-	-	.	.	.	.	.	.	.	.	0
vg	chr20	65511680	65511680	>120831742>120831747	1	1	0	.|1	1	3.98297	PASS	-	-	.	.	.	.	.	.	.	.	0
vg	chr20	65511688	65511688	>120831754>120834992	1	7	6	.|1	1	37.1109	PASS	-	-	.	.	.	.	.	.	.	.	0
vg	chr20	65511695	65511695	>120831765>120831788	1	1	0	.|1	1	21.7473	PASS	-	-	.	.	.	.	.	.	.	.	0
truth_stvar	chr20	65511701	65511701	.	1	1	0	1|0	.	.	.	.	.	-	-	yes	ref	1	.	.	.	0
truth_smvar	chr20	65511701	65511701	.	1	1	0	1|0	.	.	.	.	.	-	-	no:duplicate_of_stvar	ref	1	.	.	.	0
vg	chr20	65511701	65511701	>120831765>120831788	1	1	0	.|1	1	21.7473	PASS	-	-	.	.	.	.	.	.	.	.	0
vg	chr20	65511705	65511729	>120831794>120831834	25	1	-24	.|1	1	21.2431	PASS	-	-	.	.	.	.	.	.	.	.	0
truth_stvar	chr20	65511710	65511710	.	1	1	0	0|1	.	.	.	.	.	-	-	ref	yes	1	.	.	.	0
truth_smvar	chr20	65511710	65511710	.	1	1	0	0|1	.	.	.	.	.	-	-	ref	no:duplicate_of_stvar	1	.	.	.	0
truth_stvar	chr20	65511713	65511713	.	1	1	0	1|1	.	.	.	.	.	-	-	yes	yes	1	.	.	.	0
truth_smvar	chr20	65511713	65511713	.	1	1	0	1|1	.	.	.	.	.	-	-	no:duplicate_of_stvar	no:duplicate_of_stvar	1	.	.	.	0
truth_stvar	chr20	65511716	65511716	.	1	1	0	1|1	.	.	.	.	.	-	-	yes	yes	1	.	.	.	0
truth_smvar	chr20	65511716	65511716	.	1	1	0	1|1	.	.	.	.	.	-	-	no:duplicate_of_stvar	no:duplicate_of_stvar	1	.	.	.	0
truth_stvar	chr20	65511722	65511722	.	1	1	0	0|1	.	.	.	.	.	-	-	ref	yes	1	.	.	.	0
truth_smvar	chr20	65511722	65511722	.	1	1	0	0|1	.	.	.	.	.	-	-	ref	no:duplicate_of_stvar	1	.	.	.	0
truth_stvar	chr20	65511728	65511728	.	1	10	9	1|0	.	.	.	.	.	-	-	yes	ref	1	.	.	.	0
truth_smvar	chr20	65511728	65511728	.	1	10	9	1|0	.	.	.	.	.	-	-	no:duplicate_of_stvar	ref	1	.	.	.	0
vg	chr20	65511740	65511740	>120831754>120834992	1	1	0	.|1	1	37.1109	PASS	-	-	.	.	.	.	.	.	.	.	0
vg	chr20	65511743	65511743	>120831850>120831853	1	1	0	.|1	1	0.131662	PASS	-	-	.	.	.	.	.	.	.	.	0
truth_stvar	chr20	65511749	65511749	.	1	1	0	0|1	.	.	.	.	.	-	-	ref	yes	1	.	.	.	0
truth_smvar	chr20	65511749	65511749	.	1	1	0	0|1	.	.	.	.	.	-	-	ref	no:duplicate_of_stvar	1	.	.	.	0
truth_stvar	chr20	65511755	65511755	.	1	1	0	1|1	.	.	.	.	.	-	-	yes	yes	1	.	.	.	0
truth_smvar	chr20	65511755	65511755	.	1	1	0	1|1	.	.	.	.	.	-	-	no:duplicate_of_stvar	no:duplicate_of_stvar	1	.	.	.	0
truth_stvar	chr20	65511758	65511764	.	7	1	6	0|1	.	.	.	.	.	-	-	ref	yes	1	.	.	.	0
truth_smvar	chr20	65511758	65511764	.	7	1	6	0|1	.	.	.	.	.	-	-	ref	no:duplicate_of_stvar	1	.	.	.	0
vg	chr20	65511758	65511758	>120831754>120834992	1	1	0	.|1	1	37.1109	PASS	-	-	.	.	.	.	.	.	.	.	0
vg	chr20	65511764	65511764	>120831754>120834992	1	1	0	.|1	1	37.1109	PASS	-	-	.	.	.	.	.	.	.	.	0
truth_stvar	chr20	65511767	65511767	.	1	1	0	0|1	.	.	.	.	.	-	-	ref	yes	1	.	.	.	0
truth_smvar	chr20	65511767	65511767	.	1	1	0	0|1	.	.	.	.	.	-	-	ref	no:duplicate_of_stvar	1	.	.	.	0
vg	chr20	65511772	65511772	>120831899>120831905	1	4	3	.|1	1	0.140028	PASS	-	-	.	.	.	.	.	.	.	.	0
truth_stvar	chr20	65511775	65511775	.	1	1	0	0|1	.	.	.	.	.	-	-	ref	yes	1	.	.	.	0
truth_smvar	chr20	65511775	65511775	.	1	1	0	0|1	.	.	.	.	.	-	-	ref	no:duplicate_of_stvar	1	.	.	.	0
truth_stvar	chr20	65511776	65511776	.	1	1	0	1|0	.	.	.	.	.	-	-	yes	ref	1	.	.	.	0
truth_smvar	chr20	65511776	65511776	.	1	1	0	1|0	.	.	.	.	.	-	-	no:duplicate_of_stvar	ref	1	.	.	.	0
truth_stvar	chr20	65511785	65511785	.	1	16	15	1|0	.	.	.	.	.	-	-	yes	ref	1	.	.	.	0
truth_smvar	chr20	65511785	65511785	.	1	16	15	1|0	.	.	.	.	.	-	-	no:duplicate_of_stvar	ref	1	.	.	.	0
vg	chr20	65511785	65511785	>120831915>120831927	1	4	3	.|1	1	17.8653	PASS	-	-	.	.	.	.	.	.	.	.	0
vg	chr20	65511788	65511788	>120831754>120834992	1	1	0	.|1	1	37.1109	PASS	-	-	.	.	.	.	.	.	.	.	0
truth_stvar	chr20	65511791	65511791	.	1	1	0	1|1	.	.	.	.	.	-	-	yes	yes	1	.	.	.	0
truth_smvar	chr20	65511791	65511791	.	1	1	0	1|1	.	.	.	.	.	-	-	no:duplicate_of_stvar	no:duplicate_of_stvar	1	.	.	.	0
vg	chr20	65511791	65512295	>120831930>120833175	505	679	174	.|1	1	2.00499	PASS	FP	-	.	.	.	.	.	.	.	459.17,459.13	0
truth_stvar	chr20	65511794	65511794	.	1	1	0	0|1	.	.	.	.	.	-	-	ref	yes	1	.	.	.	0
truth_smvar	chr20	65511794	65511794	.	1	1	0	0|1	.	.	.	.	.	-	-	ref	no:duplicate_of_stvar	1	.	.	.	0
vg	chr20	65511794	65511794	>120831997>120832006	1	1	0	.|1	1	4.99027	PASS	-	-	.	.	.	.	.	.	.	.	0
vg	chr20	65511800	65511800	>120832006>120832010	1	1	0	.|1	1	4.05675	PASS	-	-	.	.	.	.	.	.	.	.	0
truth_stvar	chr20	65511806	65511806	.	1	1	0	0|1	.	.	.	.	.	-	-	ref	yes	1	.	.	.	0
truth_smvar	chr20	65511806	65511806	.	1	1	0	0|1	.	.	.	.	.	-	-	ref	no:duplicate_of_stvar	1	.	.	.	0
vg	chr20	65511809	65511809	>120832030>120832033	1	1	0	.|1	1	3.78433	PASS	-	-	.	.	.	.	.	.	.	.	0
truth_stvar	chr20	65511812	65511812	.	1	1	0	0|1	.	.	.	.	.	-	-	ref	yes	1	.	.	.	0
truth_smvar	chr20	65511812	65511812	.	1	1	0	0|1	.	.	.	.	.	-	-	ref	no:duplicate_of_stvar	1	.	.	.	0
truth_stvar	chr20	65511827	65511827	.	1	1	0	0|1	.	.	.	.	.	-	-	ref	yes	1	.	.	.	0
truth_smvar	chr20	65511827	65511827	.	1	1	0	0|1	.	.	.	.	.	-	-	ref	no:duplicate_of_stvar	1	.	.	.	0
truth_stvar	chr20	65511830	65511833	.	4	1	3	1|0	.	.	.	.	.	-	-	yes	ref	1	.	.	.	0
truth_smvar	chr20	65511830	65511833	.	4	1	3	1|0	.	.	.	.	.	-	-	no:duplicate_of_stvar	ref	1	.	.	.	0
vg	chr20	65511833	65511833	>120832068>120832073	1	1	0	.|1	1	3.66573	PASS	-	-	.	.	.	.	.	.	.	.	0
truth_stvar	chr20	65511848	65511848	.	1	1	0	0|1	.	.	.	.	.	-	-	ref	yes	1	.	.	.	0
truth_smvar	chr20	65511848	65511848	.	1	1	0	0|1	.	.	.	.	.	-	-	ref	no:duplicate_of_stvar	1	.	.	.	0
truth_stvar	chr20	65511860	65511860	.	1	7	6	1|0	.	.	.	.	.	-	-	yes	ref	1	.	.	.	0
truth_stvar	chr20	65511860	65511863	.	4	1	3	0|1	.	.	.	.	.	-	-	ref	yes	1	.	.	.	0
truth_smvar	chr20	65511860	65511863	.	4	1,10	6	2|1	.	.	.	.	.	-	-	no:overlaps_applied_stvar	no:duplicate_of_stvar	1	.	.	.	0
vg	chr20	65511869	65511869	>120832138>120832142	1	1	0	.|1	1	3.79202	PASS	-	-	.	.	.	.	.	.	.	.	0
truth_stvar	chr20	65511877	65511877	.	1	1	0	0|1	.	.	.	.	.	-	-	ref	yes	1	.	.	.	0
truth_smvar	chr20	65511877	65511877	.	1	1	0	0|1	.	.	.	.	.	-	-	ref	no:duplicate_of_stvar	1	.	.	.	0
vg	chr20	65511880	65511895	>120832160>120832175	16	1	-15	.|1	1	11.262	PASS	-	-	.	.	.	.	.	.	.	.	0
truth_stvar	chr20	65511884	65511899	.	16	1	15	0|1	.	.	.	.	.	-	-	ref	yes	1	.	.	.	0
truth_smvar	chr20	65511884	65511899	.	16	1	15	0|1	.	.	.	.	.	-	-	ref	no:duplicate_of_stvar	1	.	.	.	0
truth_stvar	chr20	65511899	65511899	.	1	1	0	0|1	.	.	.	.	.	-	-	ref	no:star_allele	1	.	.	.	0
truth_stvar	chr20	65511899	65511899	.	1	1	0	1|0	.	.	.	.	.	-	-	yes	ref	1	.	.	.	0
truth_smvar	chr20	65511899	65511899	.	1	1,1	0	1|2	.	.	.	.	.	-	-	no:duplicate_of_stvar	no:star_allele	1	.	.	.	0
truth_stvar	chr20	65511905	65511905	.	1	1	0	1|0	.	.	.	.	.	-	-	yes	ref	1	.	.	.	0
truth_smvar	chr20	65511905	65511905	.	1	1	0	1|0	.	.	.	.	.	-	-	no:duplicate_of_stvar	ref	1	.	.	.	0
vg	chr20	65511905	65511923	>120832181>120832230	19	1	-18	.|1	1	10.1445	PASS	-	-	.	.	.	.	.	.	.	.	0
truth_stvar	chr20	65511908	65511908	.	1	1	0	1|0	.	.	.	.	.	-	-	yes	ref	1	.	.	.	0
truth_smvar	chr20	65511908	65511908	.	1	1	0	1|0	.	.	.	.	.	-	-	no:duplicate_of_stvar	ref	1	.	.	.	0
truth_stvar	chr20	65511911	65511911	.	1	1	0	1|0	.	.	.	.	.	-	-	yes	ref	1	.	.	.	0
truth_stvar	chr20	65511911	65511947	.	37	1	36	0|1	.	.	.	.	.	-	-	ref	yes	1	DEL	111	.	0
truth_smvar	chr20	65511911	65511947	.	37	1,37	36	2|1	.	.	.	.	.	-	-	no:overlaps_applied_stvar	no:duplicate_of_stvar	1	.	111	.	0
truth_stvar	chr20	65511941	65511947	.	7	1	0	0|1	.	.	.	.	.	-	-	ref	no:star_allele	1	.	.	.	0
truth_stvar	chr20	65511941	65511947	.	7	1	6	1|0	.	.	.	.	.	-	-	yes	ref	1	.	.	.	0
truth_smvar	chr20	65511941	65511947	.	7	1,1	6	1|2	.	.	.	.	.	-	-	no:duplicate_of_stvar	no:star_allele	1	.	.	.	0
vg	chr20	65511941	65511941	>120832181>120832230	1	1	0	.|1	1	10.1445	PASS	-	-	.	.	.	.	.	.	.	.	0
vg	chr20	65511947	65511947	>120832235>120832239	1	1	0	.|1	1	3.4158	PASS	-	-	.	.	.	.	.	.	.	.	0
truth_stvar	chr20	65511965	65511965	.	1	1	0	1|0	.	.	.	.	.	-	-	yes	ref	1	.	.	.	0
truth_smvar	chr20	65511965	65511965	.	1	1	0	1|0	.	.	.	.	.	-	-	no:duplicate_of_stvar	ref	1	.	.	.	0
truth_stvar	chr20	65511971	65511971	.	1	1	0	0|1	.	.	.	.	.	-	-	ref	yes	1	.	.	.	0
truth_smvar	chr20	65511971	65511971	.	1	1	0	0|1	.	.	.	.	.	-	-	ref	no:duplicate_of_stvar	1	.	.	.	0
truth_stvar	chr20	65511977	65511977	.	1	1	0	0|1	.	.	.	.	.	-	-	ref	yes	1	.	.	.	0
truth_smvar	chr20	65511977	65511977	.	1	1	0	0|1	.	.	.	.	.	-	-	ref	no:duplicate_of_stvar	1	.	.	.	0
truth_stvar	chr20	65511983	65511983	.	1	1	0	1|0	.	.	.	.	.	-	-	yes	ref	1	.	.	.	0
truth_smvar	chr20	65511983	65511983	.	1	1	0	1|0	.	.	.	.	.	-	-	no:duplicate_of_stvar	ref	1	.	.	.	0
truth_stvar	chr20	65512016	65512016	.	1	1	0	0|1	.	.	.	.	.	-	-	ref	yes	1	.	.	.	0
truth_smvar	chr20	65512016	65512016	.	1	1	0	0|1	.	.	.	.	.	-	-	ref	no:duplicate_of_stvar	1	.	.	.	0
truth_stvar	chr20	65512022	65512022	.	1	1	0	0|1	.	.	.	.	.	-	-	ref	yes	1	.	.	.	0
truth_smvar	chr20	65512022	65512022	.	1	1	0	0|1	.	.	.	.	.	-	-	ref	no:duplicate_of_stvar	1	.	.	.	0
truth_stvar	chr20	65512028	65512028	.	1	1	0	1|0	.	.	.	.	.	-	-	yes	ref	1	.	.	.	0
truth_stvar	chr20	65512028	65512031	.	4	1	3	0|1	.	.	.	.	.	-	-	ref	yes	1	.	.	.	0
truth_smvar	chr20	65512028	65512031	.	4	4,1	3	1|2	.	.	.	.	.	-	-	no:overlaps_applied_stvar	no:duplicate_of_stvar	1	.	.	.	0
truth_stvar	chr20	65512031	65512031	.	1	1	0	0|1	.	.	.	.	.	-	-	ref	no:star_allele	1	.	.	.	0
truth_stvar	chr20	65512031	65512031	.	1	85	84	1|0	.	.	.	.	.	TP	FN	yes	ref	1	INS	111	.	0
truth_smvar	chr20	65512031	65512031	.	1	85,1	84	1|2	.	.	.	.	.	-	-	no:duplicate_of_stvar	no:star_allele	1	.	111	.	0
truth_stvar	chr20	65512067	65512067	.	1	1	0	1|0	.	.	.	.	.	-	-	yes	ref	1	.	.	.	0
truth_stvar	chr20	65512067	65512352	.	286	1	285	0|1	.	.	.	.	.	FN	FN	ref	yes	1	DEL	111	.	0
truth_smvar	chr20	65512067	65512352	.	286	1,286	285	2|1	.	.	.	.	.	-	-	no:overlaps_applied_stvar	no:duplicate_of_stvar	1	.	111	.	0
truth_stvar	chr20	65512073	65512073	.	1	1	0	0|1	.	.	.	.	.	-	-	ref	no:star_allele	1	.	.	.	0
truth_stvar	chr20	65512073	65512073	.	1	1	0	1|0	.	.	.	.	.	-	-	yes	ref	1	.	.	.	0
truth_smvar	chr20	65512073	65512073	.	1	1,1	0	1|2	.	.	.	.	.	-	-	no:duplicate_of_stvar	no:star_allele	1	.	.	.	0
truth_stvar	chr20	65512088	65512088	.	1	1	0	0|1	.	.	.	.	.	-	-	ref	no:star_allele	1	.	.	.	0
truth_stvar	chr20	65512088	65512088	.	1	1	0	1|0	.	.	.	.	.	-	-	yes	ref	1	.	.	.	0
truth_smvar	chr20	65512088	65512088	.	1	1,1	0	1|2	.	.	.	.	.	-	-	no:duplicate_of_stvar	no:star_allele	1	.	.	.	0
truth_stvar	chr20	65512091	65512091	.	1	1	0	0|1	.	.	.	.	.	-	-	ref	no:star_allele	1	.	.	.	0
truth_stvar	chr20	65512091	65512091	.	1	1	0	1|0	.	.	.	.	.	-	-	yes	ref	1	.	.	.	0
truth_smvar	chr20	65512091	65512091	.	1	1,1	0	1|2	.	.	.	.	.	-	-	no:duplicate_of_stvar	no:star_allele	1	.	.	.	0
truth_stvar	chr20	65512103	65512103	.	1	1	0	0|1	.	.	.	.	.	-	-	ref	no:star_allele	1	.	.	.	0
truth_stvar	chr20	65512103	65512103	.	1	1	0	1|0	.	.	.	.	.	-	-	yes	ref	1	.	.	.	0
truth_smvar	chr20	65512103	65512103	.	1	1,1	0	1|2	.	.	.	.	.	-	-	no:duplicate_of_stvar	no:star_allele	1	.	.	.	0
truth_stvar	chr20	65512124	65512124	.	1	1	0	0|1	.	.	.	.	.	-	-	ref	no:star_allele	1	.	.	.	0
truth_stvar	chr20	65512124	65512124	.	1	4	3	1|0	.	.	.	.	.	-	-	yes	ref	1	.	.	.	0
truth_smvar	chr20	65512124	65512124	.	1	4,1	3	1|2	.	.	.	.	.	-	-	no:duplicate_of_stvar	no:star_allele	1	.	.	.	0
truth_stvar	chr20	65512142	65512142	.	1	1	0	0|1	.	.	.	.	.	-	-	ref	no:star_allele	1	.	.	.	0
truth_stvar	chr20	65512142	65512142	.	1	1	0	1|0	.	.	.	.	.	-	-	yes	ref	1	.	.	.	0
truth_smvar	chr20	65512142	65512142	.	1	1,1	0	1|2	.	.	.	.	.	-	-	no:duplicate_of_stvar	no:star_allele	1	.	.	.	0
truth_stvar	chr20	65512148	65512148	.	1	1	0	0|1	.	.	.	.	.	-	-	ref	no:star_allele	1	.	.	.	0
truth_stvar	chr20	65512148	65512148	.	1	1	0	1|0	.	.	.	.	.	-	-	yes	ref	1	.	.	.	0
truth_smvar	chr20	65512148	65512148	.	1	1,1	0	1|2	.	.	.	.	.	-	-	no:duplicate_of_stvar	no:star_allele	1	.	.	.	0
truth_stvar	chr20	65512175	65512175	.	1	1	0	0|1	.	.	.	.	.	-	-	ref	no:star_allele	1	.	.	.	0
truth_stvar	chr20	65512175	65512175	.	1	1	0	1|0	.	.	.	.	.	-	-	yes	ref	1	.	.	.	0
truth_smvar	chr20	65512175	65512175	.	1	1,1	0	1|2	.	.	.	.	.	-	-	no:duplicate_of_stvar	no:star_allele	1	.	.	.	0
truth_stvar	chr20	65512178	65512178	.	1	1	0	0|1	.	.	.	.	.	-	-	ref	no:star_allele	1	.	.	.	0
truth_stvar	chr20	65512178	65512178	.	1	4	3	1|0	.	.	.	.	.	-	-	yes	ref	1	.	.	.	0
truth_smvar	chr20	65512178	65512178	.	1	4,1	3	1|2	.	.	.	.	.	-	-	no:duplicate_of_stvar	no:star_allele	1	.	.	.	0
truth_stvar	chr20	65512214	65512214	.	1	1	0	0|1	.	.	.	.	.	-	-	ref	no:star_allele	1	.	.	.	0
truth_stvar	chr20	65512214	65512214	.	1	1	0	1|0	.	.	.	.	.	-	-	yes	ref	1	.	.	.	0
truth_smvar	chr20	65512214	65512214	.	1	1,1	0	1|2	.	.	.	.	.	-	-	no:duplicate_of_stvar	no:star_allele	1	.	.	.	0
truth_stvar	chr20	65512250	65512250	.	1	1	0	0|1	.	.	.	.	.	-	-	ref	no:star_allele	1	.	.	.	0
truth_stvar	chr20	65512250	65512250	.	1	1	0	1|0	.	.	.	.	.	-	-	yes	ref	1	.	.	.	0
truth_smvar	chr20	65512250	65512250	.	1	1,1	0	1|2	.	.	.	.	.	-	-	no:duplicate_of_stvar	no:star_allele	1	.	.	.	0
truth_stvar	chr20	65512262	65512262	.	1	1	0	0|1	.	.	.	.	.	-	-	ref	no:star_allele	1	.	.	.	0
truth_stvar	chr20	65512262	65512262	.	1	55	54	1|0	.	.	.	.	.	FN	FN	yes	ref	1	INS	114	.	0
truth_smvar	chr20	65512262	65512262	.	1	55,1	54	1|2	.	.	.	.	.	-	-	no:duplicate_of_stvar	no:star_allele	1	.	114	.	0
truth_stvar	chr20	65512280	65512280	.	1	1	0	0|1	.	.	.	.	.	-	-	ref	no:star_allele	1	.	.	.	0
truth_stvar	chr20	65512280	65512280	.	1	1	0	1|0	.	.	.	.	.	-	-	yes	ref	1	.	.	.	0
truth_smvar	chr20	65512280	65512280	.	1	1,1	0	1|2	.	.	.	.	.	-	-	no:duplicate_of_stvar	no:star_allele	1	.	.	.	0
vg	chr20	65512298	65512298	>120833175>120833180	1	1	0	.|1	1	16.7074	PASS	-	-	.	.	.	.	.	.	.	.	0
truth_stvar	chr20	65512301	65512301	.	1	1	0	0|1	.	.	.	.	.	-	-	ref	no:star_allele	1	.	.	.	0
truth_stvar	chr20	65512301	65512301	.	1	1	0	1|0	.	.	.	.	.	-	-	yes	ref	1	.	.	.	0
truth_smvar	chr20	65512301	65512301	.	1	1,1	0	1|2	.	.	.	.	.	-	-	no:duplicate_of_stvar	no:star_allele	1	.	.	.	0
vg	chr20	65512305	65512305	>120833188>120833321	1	49	48	.|1	1	32.4912	PASS	-	-	.	.	.	.	.	.	.	.	0
vg	chr20	65512306	65512309	>120833262>120833267	4	1	-3	.|1	1	18.1604	PASS	-	-	.	.	.	.	.	.	.	.	0
truth_stvar	chr20	65512307	65512307	.	1	1	0	0|1	.	.	.	.	.	-	-	ref	no:star_allele	1	.	.	.	0
truth_stvar	chr20	65512307	65512307	.	1	1	0	1|0	.	.	.	.	.	-	-	yes	ref	1	.	.	.	0
truth_smvar	chr20	65512307	65512307	.	1	1,1	0	1|2	.	.	.	.	.	-	-	no:duplicate_of_stvar	no:star_allele	1	.	.	.	0
vg	chr20	65512307	65512361	>120833180>120833394	55	127	72	.|1	1	40.1107	PASS	TP	-	.	.	.	.	.	.	.	459.16,459.14	0
truth_stvar	chr20	65512316	65512316	.	1	1	0	0|1	.	.	.	.	.	-	-	ref	no:star_allele	1	.	.	.	0
truth_stvar	chr20	65512316	65512316	.	1	1	0	1|0	.	.	.	.	.	-	-	yes	ref	1	.	.	.	0
truth_smvar	chr20	65512316	65512316	.	1	1,1	0	1|2	.	.	.	.	.	-	-	no:duplicate_of_stvar	no:star_allele	1	.	.	.	0
vg	chr20	65512316	65512316	>120833275>120833279	1	1	0	.|1	1	30.4001	PASS	-	-	.	.	.	.	.	.	.	.	0
vg	chr20	65512320	65512320	>120833188>120833321	1	22	21	.|1	1	32.4912	PASS	-	-	.	.	.	.	.	.	.	.	0
truth_stvar	chr20	65512325	65512325	.	1	1	0	0|1	.	.	.	.	.	-	-	ref	no:star_allele	1	.	.	.	0
truth_stvar	chr20	65512325	65512325	.	1	1	0	1|0	.	.	.	.	.	-	-	yes	ref	1	.	.	.	0
truth_smvar	chr20	65512325	65512325	.	1	1,1	0	1|2	.	.	.	.	.	-	-	no:duplicate_of_stvar	no:star_allele	1	.	.	.	0
vg	chr20	65512325	65512325	>120833325>120833331	1	4	3	.|1	1	25.5362	PASS	-	-	.	.	.	.	.	.	.	.	0
vg	chr20	65512328	65512328	>120833331>120833336	1	1	0	.|1	1	36.7836	PASS	-	-	.	.	.	.	.	.	.	.	0
vg	chr20	65512334	65512334	>120833344>120833355	1	1	0	.|1	1	21.5155	PASS	-	-	.	.	.	.	.	.	.	.	0
truth_stvar	chr20	65512340	65512340	.	1	1	0	0|1	.	.	.	.	.	-	-	ref	no:star_allele	1	.	.	.	0
truth_stvar	chr20	65512340	65512340	.	1	1	0	1|0	.	.	.	.	.	-	-	yes	ref	1	.	.	.	0
truth_smvar	chr20	65512340	65512340	.	1	1,1	0	1|2	.	.	.	.	.	-	-	no:duplicate_of_stvar	no:star_allele	1	.	.	.	0
truth_stvar	chr20	65512343	65512343	.	1	1	0	0|1	.	.	.	.	.	-	-	ref	no:star_allele	1	.	.	.	0
truth_stvar	chr20	65512343	65512343	.	1	1	0	1|0	.	.	.	.	.	-	-	yes	ref	1	.	.	.	0
truth_smvar	chr20	65512343	65512343	.	1	1,1	0	1|2	.	.	.	.	.	-	-	no:duplicate_of_stvar	no:star_allele	1	.	.	.	0
truth_stvar	chr20	65512346	65512346	.	1	1	0	0|1	.	.	.	.	.	-	-	ref	no:star_allele	1	.	.	.	0
truth_stvar	chr20	65512346	65512346	.	1	1	0	1|0	.	.	.	.	.	-	-	yes	ref	1	.	.	.	0
truth_smvar	chr20	65512346	65512346	.	1	1,1	0	1|2	.	.	.	.	.	-	-	no:duplicate_of_stvar	no:star_allele	1	.	.	.	0
vg	chr20	65512348	65512348	>120833364>120833366	1	4	3	.|1	1	39.4579	PASS	-	-	.	.	.	.	.	.	.	.	0
vg	chr20	65512352	65512352	>120833366>120833372	1	1	0	.|1	1	38.266	PASS	-	-	.	.	.	.	.	.	.	.	0
truth_stvar	chr20	65512361	65512361	.	1	4	3	1|0	.	.	.	.	.	-	-	yes	ref	1	.	.	.	0
truth_smvar	chr20	65512361	65512361	.	1	4	3	1|0	.	.	.	.	.	-	-	no:duplicate_of_stvar	ref	1	.	.	.	0
vg	chr20	65512373	65512373	>120831754>120834992	1	22	21	.|1	1	37.1109	PASS	-	-	.	.	.	.	.	.	.	.	0
vg	chr20	65512376	65512376	>120831754>120834992	1	1	0	.|1	1	37.1109	PASS	-	-	.	.	.	.	.	.	.	.	0
truth_stvar	chr20	65512379	65512379	.	1	1	0	0|1	.	.	.	.	.	-	-	ref	yes	1	.	.	.	0
truth_smvar	chr20	65512379	65512379	.	1	1	0	0|1	.	.	.	.	.	-	-	ref	no:duplicate_of_stvar	1	.	.	.	0
vg	chr20	65512379	65512379	>120833441>120833466	1	22	21	.|1	1	40.2495	PASS	-	-	.	.	.	.	.	.	.	.	0
vg	chr20	65512382	65512382	>120833468>120833471	1	1	0	.|1	1	22.3201	PASS	-	-	.	.	.	.	.	.	.	.	0
truth_stvar	chr20	65512385	65512385	.	1	4	3	1|0	.	.	.	.	.	-	-	yes	ref	1	.	.	.	0
truth_smvar	chr20	65512385	65512385	.	1	4	3	1|0	.	.	.	.	.	-	-	no:duplicate_of_stvar	ref	1	.	.	.	0
vg	chr20	65512391	65512451	>120833477>120834875	61	790	729	.|1	1	24.9818	PASS	FP	-	.	.	.	.	.	.	.	459.17,459.15	0
vg	chr20	65512391	65512391	>120833482>120833485	1	1	0	.|1	1	22.0759	PASS	-	-	.	.	.	.	.	.	.	.	0
truth_stvar	chr20	65512397	65512397	.	1	1	0	0|1	.	.	.	.	.	-	-	ref	yes	1	.	.	.	0
truth_smvar	chr20	65512397	65512397	.	1	1	0	0|1	.	.	.	.	.	-	-	ref	no:duplicate_of_stvar	1	.	.	.	0
truth_stvar	chr20	65512400	65512400	.	1	1	0	0|1	.	.	.	.	.	-	-	ref	yes	1	.	.	.	0
truth_smvar	chr20	65512400	65512400	.	1	1	0	0|1	.	.	.	.	.	-	-	ref	no:duplicate_of_stvar	1	.	.	.	0
truth_stvar	chr20	65512406	65512406	.	1	1	0	0|1	.	.	.	.	.	-	-	ref	yes	1	.	.	.	0
truth_smvar	chr20	65512406	65512406	.	1	1	0	0|1	.	.	.	.	.	-	-	ref	no:duplicate_of_stvar	1	.	.	.	0
truth_stvar	chr20	65512412	65512412	.	1	1	0	0|1	.	.	.	.	.	-	-	ref	yes	1	.	.	.	0
truth_smvar	chr20	65512412	65512412	.	1	1	0	0|1	.	.	.	.	.	-	-	ref	no:duplicate_of_stvar	1	.	.	.	0
vg	chr20	65512412	65512439	>120834804>120834857	28	37	9	.|1	1	6.81731	PASS	-	-	.	.	.	.	.	.	.	.	0
truth_stvar	chr20	65512415	65512415	.	1	19	18	1|0	.	.	.	.	.	-	-	yes	ref	1	.	.	.	0
truth_smvar	chr20	65512415	65512415	.	1	19	18	1|0	.	.	.	.	.	-	-	no:duplicate_of_stvar	ref	1	.	.	.	0
truth_stvar	chr20	65512416	65512416	.	1	1	0	0|1	.	.	.	.	.	-	-	ref	yes	1	.	.	.	0
truth_smvar	chr20	65512416	65512416	.	1	1	0	0|1	.	.	.	.	.	-	-	ref	no:duplicate_of_stvar	1	.	.	.	0
vg	chr20	65512427	65512427	>120834830>120834833	1	1	0	.|1	1	2.90046	PASS	-	-	.	.	.	.	.	.	.	.	0
vg	chr20	65512430	65512430	>120834834>120834837	1	1	0	.|1	1	2.9021	PASS	-	-	.	.	.	.	.	.	.	.	0
vg	chr20	65512433	65512433	>120834837>120834840	1	1	0	.|1	1	2.90046	PASS	-	-	.	.	.	.	.	.	.	.	0
truth_stvar	chr20	65512436	65512436	.	1	1	0	1|1	.	.	.	.	.	-	-	yes	yes	1	.	.	.	0
truth_smvar	chr20	65512436	65512436	.	1	1	0	1|1	.	.	.	.	.	-	-	no:duplicate_of_stvar	no:duplicate_of_stvar	1	.	.	.	0
vg	chr20	65512436	65512436	>120834842>120834845	1	1	0	.|1	1	2.9021	PASS	-	-	.	.	.	.	.	.	.	.	0
vg	chr20	65512451	65512451	>120834864>120834867	1	1	0	.|1	1	2.9021	PASS	-	-	.	.	.	.	.	.	.	.	0
vg	chr20	65512455	65512455	>120834870>120834874	1	4	3	.|1	1	2.89865	PASS	-	-	.	.	.	.	.	.	.	.	0
truth_stvar	chr20	65512457	65512457	.	1	1	0	1|1	.	.	.	.	.	-	-	yes	yes	1	.	.	.	0
truth_smvar	chr20	65512457	65512457	.	1	1	0	1|1	.	.	.	.	.	-	-	no:duplicate_of_stvar	no:duplicate_of_stvar	1	.	.	.	0
vg	chr20	65512462	65512477	>120831754>120834992	16	1	-15	.|1	1	37.1109	PASS	-	-	.	.	.	.	.	.	.	.	0
truth_stvar	chr20	65512466	65512466	.	1	1	0	1|0	.	.	.	.	.	-	-	yes	ref	1	.	.	.	0
truth_smvar	chr20	65512466	65512466	.	1	1	0	1|0	.	.	.	.	.	-	-	no:duplicate_of_stvar	ref	1	.	.	.	0
vg	chr20	65512482	65512482	>120831754>120834992	1	1	0	.|1	1	37.1109	PASS	-	-	.	.	.	.	.	.	.	.	0
truth_stvar	chr20	65512490	65512490	.	1	19	18	1|0	.	.	.	.	.	-	-	yes	ref	1	.	.	.	0
truth_smvar	chr20	65512490	65512490	.	1	19	18	1|0	.	.	.	.	.	-	-	no:duplicate_of_stvar	ref	1	.	.	.	0
truth_stvar	chr20	65512493	65512493	.	1	1	0	0|1	.	.	.	.	.	-	-	ref	yes	1	.	.	.	0
truth_smvar	chr20	65512493	65512493	.	1	1	0	0|1	.	.	.	.	.	-	-	ref	no:duplicate_of_stvar	1	.	.	.	0
vg	chr20	65512493	65512496	>120834934>120834947	4	7	3	.|1	1	16.1821	PASS	-	-	.	.	.	.	.	.	.	.	0
truth_stvar	chr20	65512499	65512499	.	1	1	0	0|1	.	.	.	.	.	-	-	ref	yes	1	.	.	.	0
truth_smvar	chr20	65512499	65512499	.	1	1	0	0|1	.	.	.	.	.	-	-	ref	no:duplicate_of_stvar	1	.	.	.	0
vg	chr20	65512505	65512505	>120834961>120834964	1	1	0	.|1	1	4.25047	PASS	-	-	.	.	.	.	.	.	.	.	0
truth_stvar	chr20	65512511	65512526	.	16	1	15	0|1	.	.	.	.	.	-	-	ref	yes	1	.	.	.	0
truth_smvar	chr20	65512511	65512526	.	16	1	15	0|1	.	.	.	.	.	-	-	ref	no:duplicate_of_stvar	1	.	.	.	0
vg	chr20	65512514	65512514	>120834976>120834979	1	1	0	.|1	1	4.61519	PASS	-	-	.	.	.	.	.	.	.	.	0
vg	chr20	65512517	65512517	>120834981>120834984	1	1	0	.|1	1	3.65245	PASS	-	-	.	.	.	.	.	.	.	.	0
vg	chr20	65512523	65512523	>120831754>120834992	1	1	0	.|1	1	37.1109	PASS	-	-	.	.	.	.	.	.	.	.	0
truth_stvar	chr20	65512526	65512526	.	1	1	0	0|1	.	.	.	.	.	-	-	ref	no:star_allele	1	.	.	.	0
truth_stvar	chr20	65512526	65512526	.	1	1	0	1|0	.	.	.	.	.	-	-	yes	ref	1	.	.	.	0
truth_smvar	chr20	65512526	65512526	.	1	1,1	0	1|2	.	.	.	.	.	-	-	no:duplicate_of_stvar	no:star_allele	1	.	.	.	0
vg	chr20	65512526	65512526	>120834993>120835000	1	1	0	.|1	1	16.5465	PASS	-	-	.	.	.	.	.	.	.	.	0
truth_stvar	chr20	65512529	65512529	.	1	1	0	1|0	.	.	.	.	.	-	-	yes	ref	1	.	.	.	0
truth_smvar	chr20	65512529	65512529	.	1	1	0	1|0	.	.	.	.	.	-	-	no:duplicate_of_stvar	ref	1	.	.	.	0
truth_stvar	chr20	65512532	65512532	.	1	1	0	0|1	.	.	.	.	.	-	-	ref	yes	1	.	.	.	0
truth_smvar	chr20	65512532	65512532	.	1	1	0	0|1	.	.	.	.	.	-	-	ref	no:duplicate_of_stvar	1	.	.	.	0
vg	chr20	65512535	65513627	>120835013>120837733	1093	1429	336	.|1	1	20.2955	PASS	FP	-	.	.	.	.	.	.	.	459.0,459.16	0
truth_stvar	chr20	65512565	65512565	.	1	1	0	1|0	.	.	.	.	.	-	-	yes	ref	1	.	.	.	0
truth_smvar	chr20	65512565	65512565	.	1	1	0	1|0	.	.	.	.	.	-	-	no:duplicate_of_stvar	ref	1	.	.	.	0
vg	chr20	65512565	65512565	>120835060>120835063	1	1	0	.|1	1	3.53654	PASS	-	-	.	.	.	.	.	.	.	.	0
truth_stvar	chr20	65512568	65512568	.	1	4	3	0|1	.	.	.	.	.	-	-	ref	yes	1	.	.	.	0
truth_smvar	chr20	65512568	65512568	.	1	4	3	0|1	.	.	.	.	.	-	-	ref	no:duplicate_of_stvar	1	.	.	.	0
truth_stvar	chr20	65512574	65512574	.	1	1	0	1|0	.	.	.	.	.	-	-	yes	ref	1	.	.	.	0
truth_smvar	chr20	65512574	65512574	.	1	1	0	1|0	.	.	.	.	.	-	-	no:duplicate_of_stvar	ref	1	.	.	.	0
vg	chr20	65512574	65512574	>120835089>120835097	1	1	0	.|1	1	7.37752	PASS	-	-	.	.	.	.	.	.	.	.	0
vg	chr20	65512575	65512578	>120835097>120835104	4	1	-3	.|1	1	1.08951	PASS	-	-	.	.	.	.	.	.	.	.	0
truth_stvar	chr20	65512577	65512577	.	1	1	0	0|1	.	.	.	.	.	-	-	ref	yes	1	.	.	.	0
truth_smvar	chr20	65512577	65512577	.	1	1	0	0|1	.	.	.	.	.	-	-	ref	no:duplicate_of_stvar	1	.	.	.	0
truth_stvar	chr20	65512583	65512583	.	1	16	15	1|0	.	.	.	.	.	-	-	yes	ref	1	.	.	.	0
truth_smvar	chr20	65512583	65512583	.	1	16	15	1|0	.	.	.	.	.	-	-	no:duplicate_of_stvar	ref	1	.	.	.	0
vg	chr20	65512583	65512583	>120835107>120835115	1	4	3	.|1	1	7.57936	PASS	-	-	.	.	.	.	.	.	.	.	0
truth_stvar	chr20	65512589	65512589	.	1	1	0	1|0	.	.	.	.	.	-	-	yes	ref	1	.	.	.	0
truth_smvar	chr20	65512589	65512589	.	1	1	0	1|0	.	.	.	.	.	-	-	no:duplicate_of_stvar	ref	1	.	.	.	0
vg	chr20	65512589	65512589	>120835120>120835126	1	1	0	.|1	1	4.11173	PASS	-	-	.	.	.	.	.	.	.	.	0
vg	chr20	65512592	65512592	>120835126>120835130	1	1	0	.|1	1	3.40715	PASS	-	-	.	.	.	.	.	.	.	.	0
vg	chr20	65512604	65512604	>120835138>120835141	1	1	0	.|1	1	6.27899	PASS	-	-	.	.	.	.	.	.	.	.	0
truth_stvar	chr20	65512610	65512613	.	4	1	3	0|1	.	.	.	.	.	-	-	ref	yes	1	.	.	.	0
truth_smvar	chr20	65512610	65512613	.	4	1	3	0|1	.	.	.	.	.	-	-	ref	no:duplicate_of_stvar	1	.	.	.	0
truth_stvar	chr20	65512619	65512619	.	1	1	0	1|0	.	.	.	.	.	-	-	yes	ref	1	.	.	.	0
truth_smvar	chr20	65512619	65512619	.	1	1	0	1|0	.	.	.	.	.	-	-	no:duplicate_of_stvar	ref	1	.	.	.	0
truth_stvar	chr20	65512622	65512622	.	1	1	0	1|0	.	.	.	.	.	-	-	yes	ref	1	.	.	.	0
truth_smvar	chr20	65512622	65512622	.	1	1	0	1|0	.	.	.	.	.	-	-	no:duplicate_of_stvar	ref	1	.	.	.	0
vg	chr20	65512622	65512622	>120835179>120835185	1	1	0	.|1	1	2.14866	PASS	-	-	.	.	.	.	.	.	.	.	0
truth_stvar	chr20	65512628	65512628	.	1	1	0	1|0	.	.	.	.	.	-	-	yes	ref	1	.	.	.	0
truth_stvar	chr20	65512628	65512661	.	34	1	33	0|1	.	.	.	.	.	-	-	ref	yes	1	DEL	111	.	0
truth_smvar	chr20	65512628	65512661	.	34	34,1	33	1|2	.	.	.	.	.	-	-	no:overlaps_applied_stvar	no:duplicate_of_stvar	1	.	.	.	0
truth_stvar	chr20	65512634	65512634	.	1	1	0	0|1	.	.	.	.	.	-	-	ref	no:star_allele	1	.	.	.	0
truth_stvar	chr20	65512634	65512634	.	1	1	0	1|0	.	.	.	.	.	-	-	yes	ref	1	.	.	.	0
truth_smvar	chr20	65512634	65512634	.	1	1,1	0	1|2	.	.	.	.	.	-	-	no:duplicate_of_stvar	no:star_allele	1	.	.	.	0
vg	chr20	65512651	65512654	>120835238>120835243	4	1	-3	.|1	1	5.71081	PASS	-	-	.	.	.	.	.	.	.	.	0
vg	chr20	65512664	65512664	>120835255>120835258	1	1	0	.|1	1	6.18752	PASS	-	-	.	.	.	.	.	.	.	.	0
vg	chr20	65512667	65512667	>120835261>120835264	1	1	0	.|1	1	6.69834	PASS	-	-	.	.	.	.	.	.	.	.	0
truth_stvar	chr20	65512673	65512673	.	1	1	0	1|0	.	.	.	.	.	-	-	yes	ref	1	.	.	.	0
truth_smvar	chr20	65512673	65512673	.	1	1	0	1|0	.	.	.	.	.	-	-	no:duplicate_of_stvar	ref	1	.	.	.	0
vg	chr20	65512678	65512720	>120835280>120835330	43	1	-42	.|1	1	10.69	PASS	-	-	.	.	.	.	.	.	.	.	0
truth_stvar	chr20	65512688	65512688	.	1	1	0	1|1	.	.	.	.	.	-	-	yes	yes	1	.	.	.	0
truth_smvar	chr20	65512688	65512688	.	1	1	0	1|1	.	.	.	.	.	-	-	no:duplicate_of_stvar	no:duplicate_of_stvar	1	.	.	.	0
truth_stvar	chr20	65512706	65512706	.	1	1	0	0|1	.	.	.	.	.	-	-	ref	yes	1	.	.	.	0
truth_smvar	chr20	65512706	65512706	.	1	1	0	0|1	.	.	.	.	.	-	-	ref	no:duplicate_of_stvar	1	.	.	.	0
truth_stvar	chr20	65512709	65512709	.	1	1	0	1|0	.	.	.	.	.	-	-	yes	ref	1	.	.	.	0
truth_smvar	chr20	65512709	65512709	.	1	1	0	1|0	.	.	.	.	.	-	-	no:duplicate_of_stvar	ref	1	.	.	.	0
truth_stvar	chr20	65512714	65512714	.	1	1	0	0|1	.	.	.	.	.	-	-	ref	yes	1	.	.	.	0
truth_smvar	chr20	65512714	65512714	.	1	1	0	0|1	.	.	.	.	.	-	-	ref	no:duplicate_of_stvar	1	.	.	.	0
truth_stvar	chr20	65512715	65512715	.	1	1	0	1|0	.	.	.	.	.	-	-	yes	ref	1	.	.	.	0
truth_smvar	chr20	65512715	65512715	.	1	1	0	1|0	.	.	.	.	.	-	-	no:duplicate_of_stvar	ref	1	.	.	.	0
truth_stvar	chr20	65512724	65512727	.	4	1	3	0|1	.	.	.	.	.	-	-	ref	yes	1	.	.	.	0
truth_smvar	chr20	65512724	65512727	.	4	1	3	0|1	.	.	.	.	.	-	-	ref	no:duplicate_of_stvar	1	.	.	.	0
vg	chr20	65512724	65512724	>120835332>120835356	1	1	0	.|1	1	11.0419	PASS	-	-	.	.	.	.	.	.	.	.	0
vg	chr20	65512733	65512733	>120835347>120835350	1	1	0	.|1	1	2.90046	PASS	-	-	.	.	.	.	.	.	.	.	0
truth_stvar	chr20	65512736	65512736	.	1	1	0	1|0	.	.	.	.	.	-	-	yes	ref	1	.	.	.	0
truth_smvar	chr20	65512736	65512736	.	1	1	0	1|0	.	.	.	.	.	-	-	no:duplicate_of_stvar	ref	1	.	.	.	0
vg	chr20	65512736	65512736	>120835332>120835356	1	4	3	.|1	1	11.0419	PASS	-	-	.	.	.	.	.	.	.	.	0
truth_stvar	chr20	65512742	65512742	.	1	1	0	1|0	.	.	.	.	.	-	-	yes	ref	1	.	.	.	0
truth_smvar	chr20	65512742	65512742	.	1	1	0	1|0	.	.	.	.	.	-	-	no:duplicate_of_stvar	ref	1	.	.	.	0
vg	chr20	65512742	65512787	>120835361>120835433	46	1	-45	.|1	1	10.2653	PASS	-	-	.	.	.	.	.	.	.	.	0
truth_stvar	chr20	65512745	65512745	.	1	4	3	0|1	.	.	.	.	.	-	-	ref	yes	1	.	.	.	0
truth_smvar	chr20	65512745	65512745	.	1	4	3	0|1	.	.	.	.	.	-	-	ref	no:duplicate_of_stvar	1	.	.	.	0
truth_stvar	chr20	65512751	65512751	.	1	1	0	1|0	.	.	.	.	.	-	-	yes	ref	1	.	.	.	0
truth_smvar	chr20	65512751	65512751	.	1	1	0	1|0	.	.	.	.	.	-	-	no:duplicate_of_stvar	ref	1	.	.	.	0
truth_stvar	chr20	65512757	65512760	.	4	1	3	1|0	.	.	.	.	.	-	-	yes	ref	1	.	.	.	0
truth_smvar	chr20	65512757	65512760	.	4	1	3	1|0	.	.	.	.	.	-	-	no:duplicate_of_stvar	ref	1	.	.	.	0
truth_stvar	chr20	65512760	65512760	.	1	1	0	1|0	.	.	.	.	.	-	-	no:star_allele	ref	1	.	.	.	0
truth_stvar	chr20	65512760	65512760	.	1	7	6	0|1	.	.	.	.	.	-	-	ref	yes	1	.	.	.	0
truth_smvar	chr20	65512760	65512760	.	1	7,1	6	2|1	.	.	.	.	.	-	-	no:star_allele	no:duplicate_of_stvar	1	.	.	.	0
truth_stvar	chr20	65512793	65512793	.	1	1	0	1|0	.	.	.	.	.	-	-	yes	ref	1	.	.	.	0
truth_smvar	chr20	65512793	65512793	.	1	1	0	1|0	.	.	.	.	.	-	-	no:duplicate_of_stvar	ref	1	.	.	.	0
truth_stvar	chr20	65512799	65512799	.	1	1	0	0|1	.	.	.	.	.	-	-	ref	yes	1	.	.	.	0
truth_smvar	chr20	65512799	65512799	.	1	1	0	0|1	.	.	.	.	.	-	-	ref	no:duplicate_of_stvar	1	.	.	.	0
truth_stvar	chr20	65512805	65512805	.	1	4	3	0|1	.	.	.	.	.	-	-	ref	yes	1	.	.	.	0
truth_smvar	chr20	65512805	65512805	.	1	4	3	0|1	.	.	.	.	.	-	-	ref	no:duplicate_of_stvar	1	.	.	.	0
truth_stvar	chr20	65512814	65512814	.	1	1	0	0|1	.	.	.	.	.	-	-	ref	yes	1	.	.	.	0
truth_smvar	chr20	65512814	65512814	.	1	1	0	0|1	.	.	.	.	.	-	-	ref	no:duplicate_of_stvar	1	.	.	.	0
truth_stvar	chr20	65512820	65512820	.	1	1	0	0|1	.	.	.	.	.	-	-	ref	yes	1	.	.	.	0
truth_smvar	chr20	65512820	65512820	.	1	1	0	0|1	.	.	.	.	.	-	-	ref	no:duplicate_of_stvar	1	.	.	.	0
truth_stvar	chr20	65512826	65512826	.	1	1	0	0|1	.	.	.	.	.	-	-	ref	yes	1	.	.	.	0
truth_smvar	chr20	65512826	65512826	.	1	1	0	0|1	.	.	.	.	.	-	-	ref	no:duplicate_of_stvar	1	.	.	.	0
truth_stvar	chr20	65512832	65512832	.	1	1	0	1|0	.	.	.	.	.	-	-	yes	ref	1	.	.	.	0
truth_smvar	chr20	65512832	65512832	.	1	1	0	1|0	.	.	.	.	.	-	-	no:duplicate_of_stvar	ref	1	.	.	.	0
truth_stvar	chr20	65512835	65512841	.	7	1	6	1|0	.	.	.	.	.	-	-	yes	ref	1	.	.	.	0
truth_smvar	chr20	65512835	65512841	.	7	1	6	1|0	.	.	.	.	.	-	-	no:duplicate_of_stvar	ref	1	.	.	.	0
truth_stvar	chr20	65512844	65512844	.	1	1	0	1|0	.	.	.	.	.	-	-	yes	ref	1	.	.	.	0
truth_smvar	chr20	65512844	65512844	.	1	1	0	1|0	.	.	.	.	.	-	-	no:duplicate_of_stvar	ref	1	.	.	.	0
vg	chr20	65512859	65512859	>120835538>120835541	1	1	0	.|1	1	3.12299	PASS	-	-	.	.	.	.	.	.	.	.	0
vg	chr20	65512862	65512862	>120835543>120835546	1	1	0	.|1	1	2.90079	PASS	-	-	.	.	.	.	.	.	.	.	0
truth_stvar	chr20	65512871	65512871	.	1	1	0	0|1	.	.	.	.	.	-	-	ref	yes	1	.	.	.	0
truth_smvar	chr20	65512871	65512871	.	1	1	0	0|1	.	.	.	.	.	-	-	ref	no:duplicate_of_stvar	1	.	.	.	0
truth_stvar	chr20	65512883	65512883	.	1	1	0	0|1	.	.	.	.	.	-	-	ref	yes	1	.	.	.	0
truth_smvar	chr20	65512883	65512883	.	1	1	0	0|1	.	.	.	.	.	-	-	ref	no:duplicate_of_stvar	1	.	.	.	0
truth_stvar	chr20	65512889	65512892	.	4	1	3	1|1	.	.	.	.	.	-	-	yes	yes	1	.	.	.	0
truth_smvar	chr20	65512889	65512892	.	4	1	3	1|1	.	.	.	.	.	-	-	no:duplicate_of_stvar	no:duplicate_of_stvar	1	.	.	.	0
vg	chr20	65512892	65512892	>120835650>120835666	1	1	0	.|1	1	8.92086	PASS	-	-	.	.	.	.	.	.	.	.	0
vg	chr20	65512897	65512960	>120835667>120835814	64	1	-63	.|1	1	11.8468	PASS	FP	-	.	.	.	.	.	.	.	459.7,459.17	0
truth_stvar	chr20	65512907	65512907	.	1	1	0	1|1	.	.	.	.	.	-	-	yes	yes	1	.	.	.	0
truth_smvar	chr20	65512907	65512907	.	1	1	0	1|1	.	.	.	.	.	-	-	no:duplicate_of_stvar	no:duplicate_of_stvar	1	.	.	.	0
truth_stvar	chr20	65512913	65512913	.	1	1	0	1|0	.	.	.	.	.	-	-	yes	ref	1	.	.	.	0
truth_smvar	chr20	65512913	65512913	.	1	1	0	1|0	.	.	.	.	.	-	-	no:duplicate_of_stvar	ref	1	.	.	.	0
truth_stvar	chr20	65512922	65512922	.	1	1	0	0|1	.	.	.	.	.	-	-	ref	yes	1	.	.	.	0
truth_smvar	chr20	65512922	65512922	.	1	1	0	0|1	.	.	.	.	.	-	-	ref	no:duplicate_of_stvar	1	.	.	.	0
truth_stvar	chr20	65512930	65512930	.	1	1	0	1|0	.	.	.	.	.	-	-	yes	ref	1	.	.	.	0
truth_smvar	chr20	65512930	65512930	.	1	1	0	1|0	.	.	.	.	.	-	-	no:duplicate_of_stvar	ref	1	.	.	.	0
truth_stvar	chr20	65512937	65512940	.	4	1	3	0|1	.	.	.	.	.	-	-	ref	yes	1	.	.	.	0
truth_smvar	chr20	65512937	65512940	.	4	1	3	0|1	.	.	.	.	.	-	-	ref	no:duplicate_of_stvar	1	.	.	.	0
truth_stvar	chr20	65512955	65512955	.	1	1	0	1|0	.	.	.	.	.	-	-	yes	ref	1	.	.	.	0
truth_smvar	chr20	65512955	65512955	.	1	1	0	1|0	.	.	.	.	.	-	-	no:duplicate_of_stvar	ref	1	.	.	.	0
truth_stvar	chr20	65512967	65512967	.	1	1	0	1|0	.	.	.	.	.	-	-	yes	ref	1	.	.	.	0
truth_smvar	chr20	65512967	65512967	.	1	1	0	1|0	.	.	.	.	.	-	-	no:duplicate_of_stvar	ref	1	.	.	.	0
vg	chr20	65512973	65512973	>120835815>120835825	1	1	0	.|1	1	7.93473	PASS	-	-	.	.	.	.	.	.	.	.	0
truth_stvar	chr20	65512979	65512979	.	1	115	114	1|0	.	.	.	.	.	FN	FN	yes	ref	1	INS	111	.	0
truth_smvar	chr20	65512979	65512979	.	1	115	114	1|0	.	.	.	.	.	-	-	no:duplicate_of_stvar	ref	1	.	111	.	0
vg	chr20	65512979	65512979	>120835815>120835825	1	1	0	.|1	1	7.93473	PASS	-	-	.	.	.	.	.	.	.	.	0
truth_stvar	chr20	65512982	65512982	.	1	10	9	0|1	.	.	.	.	.	-	-	ref	yes	1	.	.	.	0
truth_smvar	chr20	65512982	65512982	.	1	10	9	0|1	.	.	.	.	.	-	-	ref	no:duplicate_of_stvar	1	.	.	.	0
vg	chr20	65512982	65512982	>120835827>120836272	1	4	3	.|1	1	11.5333	PASS	-	-	.	.	.	.	.	.	.	.	0
truth_stvar	chr20	65512991	65512991	.	1	1	0	0|1	.	.	.	.	.	-	-	ref	yes	1	.	.	.	0
truth_smvar	chr20	65512991	65512991	.	1	1	0	0|1	.	.	.	.	.	-	-	ref	no:duplicate_of_stvar	1	.	.	.	0
vg	chr20	65512991	65513126	>120835827>120836272	136	1	-135	.|1	1	11.5333	PASS	FP	-	.	.	.	.	.	.	.	459.20,459.18	0
truth_stvar	chr20	65513006	65513006	.	1	1	0	0|1	.	.	.	.	.	-	-	ref	yes	1	.	.	.	0
truth_smvar	chr20	65513006	65513006	.	1	1	0	0|1	.	.	.	.	.	-	-	ref	no:duplicate_of_stvar	1	.	.	.	0
truth_stvar	chr20	65513009	65513009	.	1	1	0	0|1	.	.	.	.	.	-	-	ref	yes	1	.	.	.	0
truth_smvar	chr20	65513009	65513009	.	1	1	0	0|1	.	.	.	.	.	-	-	ref	no:duplicate_of_stvar	1	.	.	.	0
truth_stvar	chr20	65513027	65513027	.	1	1	0	1|1	.	.	.	.	.	-	-	yes	yes	1	.	.	.	0
truth_smvar	chr20	65513027	65513027	.	1	1	0	1|1	.	.	.	.	.	-	-	no:duplicate_of_stvar	no:duplicate_of_stvar	1	.	.	.	0
truth_stvar	chr20	65513030	65513030	.	1	1	0	1|1	.	.	.	.	.	-	-	yes	yes	1	.	.	.	0
truth_smvar	chr20	65513030	65513030	.	1	1	0	1|1	.	.	.	.	.	-	-	no:duplicate_of_stvar	no:duplicate_of_stvar	1	.	.	.	0
truth_stvar	chr20	65513036	65513036	.	1	1	0	0|1	.	.	.	.	.	-	-	ref	yes	1	.	.	.	0
truth_smvar	chr20	65513036	65513036	.	1	1	0	0|1	.	.	.	.	.	-	-	ref	no:duplicate_of_stvar	1	.	.	.	0
truth_stvar	chr20	65513042	65513042	.	1	1	0	1|0	.	.	.	.	.	-	-	yes	ref	1	.	.	.	0
truth_smvar	chr20	65513042	65513042	.	1	1	0	1|0	.	.	.	.	.	-	-	no:duplicate_of_stvar	ref	1	.	.	.	0
truth_stvar	chr20	65513045	65513045	.	1	1	0	1|0	.	.	.	.	.	-	-	yes	ref	1	.	.	.	0
truth_smvar	chr20	65513045	65513045	.	1	1	0	1|0	.	.	.	.	.	-	-	no:duplicate_of_stvar	ref	1	.	.	.	0
truth_stvar	chr20	65513048	65513048	.	1	1	0	0|1	.	.	.	.	.	-	-	ref	yes	1	.	.	.	0
truth_smvar	chr20	65513048	65513048	.	1	1	0	0|1	.	.	.	.	.	-	-	ref	no:duplicate_of_stvar	1	.	.	.	0
truth_stvar	chr20	65513051	65513051	.	1	1	0	0|1	.	.	.	.	.	-	-	ref	yes	1	.	.	.	0
truth_smvar	chr20	65513051	65513051	.	1	1	0	0|1	.	.	.	.	.	-	-	ref	no:duplicate_of_stvar	1	.	.	.	0
truth_stvar	chr20	65513069	65513069	.	1	1	0	1|0	.	.	.	.	.	-	-	yes	ref	1	.	.	.	0
truth_smvar	chr20	65513069	65513069	.	1	1	0	1|0	.	.	.	.	.	-	-	no:duplicate_of_stvar	ref	1	.	.	.	0
truth_stvar	chr20	65513072	65513072	.	1	1	0	1|0	.	.	.	.	.	-	-	yes	ref	1	.	.	.	0
truth_smvar	chr20	65513072	65513072	.	1	1	0	1|0	.	.	.	.	.	-	-	no:duplicate_of_stvar	ref	1	.	.	.	0
truth_stvar	chr20	65513084	65513084	.	1	100	99	1|0	.	.	.	.	.	TP	FN	yes	ref	1	INS	111	.	0
truth_smvar	chr20	65513084	65513084	.	1	100	99	1|0	.	.	.	.	.	-	-	no:duplicate_of_stvar	ref	1	.	111	.	0
truth_stvar	chr20	65513087	65513087	.	1	1	0	0|1	.	.	.	.	.	-	-	ref	yes	1	.	.	.	0
truth_smvar	chr20	65513087	65513087	.	1	1	0	0|1	.	.	.	.	.	-	-	ref	no:duplicate_of_stvar	1	.	.	.	0
truth_stvar	chr20	65513095	65513095	.	1	1	0	1|0	.	.	.	.	.	-	-	yes	ref	1	.	.	.	0
truth_smvar	chr20	65513095	65513095	.	1	1	0	1|0	.	.	.	.	.	-	-	no:duplicate_of_stvar	ref	1	.	.	.	0
truth_stvar	chr20	65513102	65513105	.	4	1	3	0|1	.	.	.	.	.	-	-	ref	yes	1	.	.	.	0
truth_smvar	chr20	65513102	65513105	.	4	1	3	0|1	.	.	.	.	.	-	-	ref	no:duplicate_of_stvar	1	.	.	.	0
truth_stvar	chr20	65513126	65513126	.	1	1	0	1|0	.	.	.	.	.	-	-	yes	ref	1	.	.	.	0
truth_smvar	chr20	65513126	65513126	.	1	1	0	1|0	.	.	.	.	.	-	-	no:duplicate_of_stvar	ref	1	.	.	.	0
vg	chr20	65513132	65513153	>120836272>120836298	22	1	-21	.|1	1	9.72927	PASS	-	-	.	.	.	.	.	.	.	.	0
truth_stvar	chr20	65513135	65513135	.	1	4	3	0|1	.	.	.	.	.	-	-	ref	yes	1	.	.	.	0
truth_smvar	chr20	65513135	65513135	.	1	4	3	0|1	.	.	.	.	.	-	-	ref	no:duplicate_of_stvar	1	.	.	.	0
truth_stvar	chr20	65513153	65513153	.	1	1	0	1|0	.	.	.	.	.	-	-	yes	ref	1	.	.	.	0
truth_smvar	chr20	65513153	65513153	.	1	1	0	1|0	.	.	.	.	.	-	-	no:duplicate_of_stvar	ref	1	.	.	.	0
vg	chr20	65513159	65513177	>120836300>120836588	19	58	39	.|1	1	11.5625	PASS	-	-	.	.	.	.	.	.	.	.	0
truth_stvar	chr20	65513165	65513165	.	1	4	3	0|1	.	.	.	.	.	-	-	ref	yes	1	.	.	.	0
truth_smvar	chr20	65513165	65513165	.	1	4	3	0|1	.	.	.	.	.	-	-	ref	no:duplicate_of_stvar	1	.	.	.	0
truth_stvar	chr20	65513183	65513183	.	1	4	3	1|0	.	.	.	.	.	-	-	yes	ref	1	.	.	.	0
truth_stvar	chr20	65513183	65513183	.	1	1	0	0|1	.	.	.	.	.	-	-	ref	yes	1	.	.	.	0
truth_smvar	chr20	65513183	65513183	.	1	1,4	3	2|1	.	.	.	.	.	-	-	no:duplicate_of_stvar	no:duplicate_of_stvar	1	.	.	.	0
truth_stvar	chr20	65513189	65513189	.	1	1	0	1|0	.	.	.	.	.	-	-	yes	ref	1	.	.	.	0
truth_smvar	chr20	65513189	65513189	.	1	1	0	1|0	.	.	.	.	.	-	-	no:duplicate_of_stvar	ref	1	.	.	.	0
vg	chr20	65513202	65513205	>120836601>120836607	4	1	-3	.|1	1	6.58566	PASS	-	-	.	.	.	.	.	.	.	.	0
truth_stvar	chr20	65513204	65513204	.	1	1	0	1|0	.	.	.	.	.	-	-	yes	ref	1	.	.	.	0
truth_smvar	chr20	65513204	65513204	.	1	1	0	1|0	.	.	.	.	.	-	-	no:duplicate_of_stvar	ref	1	.	.	.	0
truth_stvar	chr20	65513210	65513210	.	1	1	0	1|0	.	.	.	.	.	-	-	yes	ref	1	.	.	.	0
truth_smvar	chr20	65513210	65513210	.	1	1	0	1|0	.	.	.	.	.	-	-	no:duplicate_of_stvar	ref	1	.	.	.	0
truth_stvar	chr20	65513216	65513216	.	1	1	0	1|0	.	.	.	.	.	-	-	yes	ref	1	.	.	.	0
truth_smvar	chr20	65513216	65513216	.	1	1	0	1|0	.	.	.	.	.	-	-	no:duplicate_of_stvar	ref	1	.	.	.	0
vg	chr20	65513219	65513222	>120836620>120836638	4	1	-3	.|1	1	12.0166	PASS	-	-	.	.	.	.	.	.	.	.	0
truth_stvar	chr20	65513222	65513222	.	1	1	0	0|1	.	.	.	.	.	-	-	ref	yes	1	.	.	.	0
truth_smvar	chr20	65513222	65513222	.	1	1	0	0|1	.	.	.	.	.	-	-	ref	no:duplicate_of_stvar	1	.	.	.	0
truth_stvar	chr20	65513231	65513231	.	1	16	15	0|1	.	.	.	.	.	-	-	ref	yes	1	.	.	.	0
truth_smvar	chr20	65513231	65513231	.	1	16	15	0|1	.	.	.	.	.	-	-	ref	no:duplicate_of_stvar	1	.	.	.	0
vg	chr20	65513231	65513231	>120836620>120836638	1	1	0	.|1	1	12.0166	PASS	-	-	.	.	.	.	.	.	.	.	0
vg	chr20	65513239	65513239	>120836644>120836952	1	94	93	.|1	1	11.3477	PASS	TP	-	.	.	.	.	.	.	.	459.20,459.19	0
vg	chr20	65513246	65513246	>120836807>120836813	1	1	0	.|1	1	3.5384	PASS	-	-	.	.	.	.	.	.	.	.	0
truth_stvar	chr20	65513249	65513249	.	1	1	0	0|1	.	.	.	.	.	-	-	ref	yes	1	.	.	.	0
truth_smvar	chr20	65513249	65513249	.	1	1	0	0|1	.	.	.	.	.	-	-	ref	no:duplicate_of_stvar	1	.	.	.	0
truth_stvar	chr20	65513252	65513252	.	1	1	0	0|1	.	.	.	.	.	-	-	ref	yes	1	.	.	.	0
truth_stvar	chr20	65513252	65513252	.	1	4	3	1|0	.	.	.	.	.	-	-	yes	ref	1	.	.	.	0
truth_smvar	chr20	65513252	65513252	.	1	1,4	3	2|1	.	.	.	.	.	-	-	no:duplicate_of_stvar	no:duplicate_of_stvar	1	.	.	.	0
vg	chr20	65513252	65513252	>120836820>120836823	1	1	0	.|1	1	2.53951	PASS	-	-	.	.	.	.	.	.	.	.	0
vg	chr20	65513255	65513256	>120836825>120836830	2	2	0	.|1	1	5.13031	PASS	-	-	.	.	.	.	.	.	.	.	0
truth_stvar	chr20	65513256	65513256	.	1	1	0	1|1	.	.	.	.	.	-	-	yes	yes	1	.	.	.	0
truth_smvar	chr20	65513256	65513256	.	1	1	0	1|1	.	.	.	.	.	-	-	no:duplicate_of_stvar	no:duplicate_of_stvar	1	.	.	.	0
vg	chr20	65513258	65513258	>120836830>120836833	1	1	0	.|1	1	2.53951	PASS	-	-	.	.	.	.	.	.	.	.	0
truth_stvar	chr20	65513264	65513264	.	1	1	0	0|1	.	.	.	.	.	-	-	ref	yes	1	.	.	.	0
truth_smvar	chr20	65513264	65513264	.	1	1	0	0|1	.	.	.	.	.	-	-	ref	no:duplicate_of_stvar	1	.	.	.	0
vg	chr20	65513270	65513270	>120836644>120836952	1	46	45	.|1	1	11.3477	PASS	-	-	.	.	.	.	.	.	.	.	0
vg	chr20	65513276	65513276	>120836644>120836952	1	10	9	.|1	1	11.3477	PASS	-	-	.	.	.	.	.	.	.	.	0
truth_stvar	chr20	65513282	65513282	.	1	1	0	1|0	.	.	.	.	.	-	-	yes	ref	1	.	.	.	0
truth_smvar	chr20	65513282	65513282	.	1	1	0	1|0	.	.	.	.	.	-	-	no:duplicate_of_stvar	ref	1	.	.	.	0
vg	chr20	65513291	65513291	>120836962>120836966	1	1	0	.|1	1	3.5384	PASS	-	-	.	.	.	.	.	.	.	.	0
vg	chr20	65513295	65513298	>120836969>120836973	4	1	-3	.|1	1	4.24865	PASS	-	-	.	.	.	.	.	.	.	.	0
vg	chr20	65513303	65513303	>120836977>120836980	1	1	0	.|1	1	2.63943	PASS	-	-	.	.	.	.	.	.	.	.	0
vg	chr20	65513309	65513309	>120836982>120836987	1	1	0	.|1	1	4.97898	PASS	-	-	.	.	.	.	.	.	.	.	0
truth_stvar	chr20	65513321	65513321	.	1	1	0	0|1	.	.	.	.	.	-	-	ref	yes	1	.	.	.	0
truth_smvar	chr20	65513321	65513321	.	1	1	0	0|1	.	.	.	.	.	-	-	ref	no:duplicate_of_stvar	1	.	.	.	0
truth_stvar	chr20	65513324	65513324	.	1	1	0	1|0	.	.	.	.	.	-	-	yes	ref	1	.	.	.	0
truth_stvar	chr20	65513324	65513357	.	34	1	33	0|1	.	.	.	.	.	-	-	ref	yes	1	DEL	111	.	0
truth_smvar	chr20	65513324	65513357	.	34	1,34	33	2|1	.	.	.	.	.	-	-	no:overlaps_applied_stvar	no:duplicate_of_stvar	1	.	111	.	0
vg	chr20	65513327	65513327	>120837019>120837022	1	1	0	.|1	1	3.4158	PASS	-	-	.	.	.	.	.	.	.	.	0
vg	chr20	65513332	65513333	>120837028>120837049	2	7	5	.|1	1	10.2593	PASS	-	-	.	.	.	.	.	.	.	.	0
truth_stvar	chr20	65513333	65513333	.	1	1	0	0|1	.	.	.	.	.	-	-	ref	no:star_allele	1	.	.	.	0
truth_stvar	chr20	65513333	65513333	.	1	1	0	1|0	.	.	.	.	.	-	-	yes	ref	1	.	.	.	0
truth_smvar	chr20	65513333	65513333	.	1	1,1	0	1|2	.	.	.	.	.	-	-	no:duplicate_of_stvar	no:star_allele	1	.	.	.	0
vg	chr20	65513339	65513339	>120837054>120837057	1	1	0	.|1	1	3.12299	PASS	-	-	.	.	.	.	.	.	.	.	0
truth_stvar	chr20	65513345	65513348	.	4	1	0	0|1	.	.	.	.	.	-	-	ref	no:star_allele	1	.	.	.	0
truth_stvar	chr20	65513345	65513348	.	4	1	3	1|0	.	.	.	.	.	-	-	yes	ref	1	.	.	.	0
truth_smvar	chr20	65513345	65513348	.	4	1,1	3	1|2	.	.	.	.	.	-	-	no:duplicate_of_stvar	no:star_allele	1	.	.	.	0
truth_stvar	chr20	65513352	65513352	.	1	1	0	0|1	.	.	.	.	.	-	-	ref	no:star_allele	1	.	.	.	0
truth_stvar	chr20	65513352	65513352	.	1	1	0	1|0	.	.	.	.	.	-	-	yes	ref	1	.	.	.	0
truth_smvar	chr20	65513352	65513352	.	1	1,1	0	1|2	.	.	.	.	.	-	-	no:duplicate_of_stvar	no:star_allele	1	.	.	.	0
vg	chr20	65513356	65513365	>120837084>120837101	10	1	-9	.|1	1	9.27538	PASS	-	-	.	.	.	.	.	.	.	.	0
truth_stvar	chr20	65513369	65513369	.	1	1	0	1|0	.	.	.	.	.	-	-	yes	ref	1	.	.	.	0
truth_smvar	chr20	65513369	65513369	.	1	1	0	1|0	.	.	.	.	.	-	-	no:duplicate_of_stvar	ref	1	.	.	.	0
vg	chr20	65513369	65513369	>120837084>120837101	1	1	0	.|1	1	9.27538	PASS	-	-	.	.	.	.	.	.	.	.	0
vg	chr20	65513374	65513398	>120837106>120837191	25	1	-24	.|1	1	11.9897	PASS	-	-	.	.	.	.	.	.	.	.	0
truth_stvar	chr20	65513375	65513375	.	1	1	0	1|0	.	.	.	.	.	-	-	yes	ref	1	.	.	.	0
truth_smvar	chr20	65513375	65513375	.	1	1	0	1|0	.	.	.	.	.	-	-	no:duplicate_of_stvar	ref	1	.	.	.	0
truth_stvar	chr20	65513384	65513384	.	1	1	0	0|1	.	.	.	.	.	-	-	ref	yes	1	.	.	.	0
truth_smvar	chr20	65513384	65513384	.	1	1	0	0|1	.	.	.	.	.	-	-	ref	no:duplicate_of_stvar	1	.	.	.	0
truth_stvar	chr20	65513402	65513402	.	1	1	0	0|1	.	.	.	.	.	-	-	ref	yes	1	.	.	.	0
truth_smvar	chr20	65513402	65513402	.	1	1	0	0|1	.	.	.	.	.	-	-	ref	no:duplicate_of_stvar	1	.	.	.	0
truth_stvar	chr20	65513405	65513405	.	1	1	0	1|1	.	.	.	.	.	-	-	yes	yes	1	.	.	.	0
truth_smvar	chr20	65513405	65513405	.	1	1	0	1|1	.	.	.	.	.	-	-	no:duplicate_of_stvar	no:duplicate_of_stvar	1	.	.	.	0
truth_stvar	chr20	65513408	65513408	.	1	1	0	1|0	.	.	.	.	.	-	-	yes	ref	1	.	.	.	0
truth_smvar	chr20	65513408	65513408	.	1	1	0	1|0	.	.	.	.	.	-	-	no:duplicate_of_stvar	ref	1	.	.	.	0
vg	chr20	65513411	65513411	>120837106>120837191	1	1	0	.|1	1	11.9897	PASS	-	-	.	.	.	.	.	.	.	.	0
truth_stvar	chr20	65513414	65513414	.	1	1	0	0|1	.	.	.	.	.	-	-	ref	yes	1	.	.	.	0
truth_smvar	chr20	65513414	65513414	.	1	1	0	0|1	.	.	.	.	.	-	-	ref	no:duplicate_of_stvar	1	.	.	.	0
vg	chr20	65513422	65513431	>120837208>120837227	10	1	-9	.|1	1	6.20015	PASS	-	-	.	.	.	.	.	.	.	.	0
truth_stvar	chr20	65513429	65513429	.	1	1	0	0|1	.	.	.	.	.	-	-	ref	yes	1	.	.	.	0
truth_smvar	chr20	65513429	65513429	.	1	1	0	0|1	.	.	.	.	.	-	-	ref	no:duplicate_of_stvar	1	.	.	.	0
truth_stvar	chr20	65513435	65513435	.	1	1	0	1|0	.	.	.	.	.	-	-	yes	ref	1	.	.	.	0
truth_smvar	chr20	65513435	65513435	.	1	1	0	1|0	.	.	.	.	.	-	-	no:duplicate_of_stvar	ref	1	.	.	.	0
vg	chr20	65513435	65513435	>120837232>120837235	1	1	0	.|1	1	3.23854	PASS	-	-	.	.	.	.	.	.	.	.	0
vg	chr20	65513444	65513444	>120837244>120837249	1	1	0	.|1	1	4.84667	PASS	-	-	.	.	.	.	.	.	.	.	0
truth_stvar	chr20	65513450	65513453	.	4	1	3	1|0	.	.	.	.	.	-	-	yes	ref	1	.	.	.	0
truth_smvar	chr20	65513450	65513453	.	4	1	3	1|0	.	.	.	.	.	-	-	no:duplicate_of_stvar	ref	1	.	.	.	0
vg	chr20	65513452	65513503	>120837264>120837346	52	1	-51	.|1	1	12.2321	PASS	TP	-	.	.	.	.	.	.	.	459.21,459.20	0
truth_stvar	chr20	65513459	65513462	.	4	1	3	1|0	.	.	.	.	.	-	-	yes	ref	1	.	.	.	0
truth_smvar	chr20	65513459	65513462	.	4	1	3	1|0	.	.	.	.	.	-	-	no:duplicate_of_stvar	ref	1	.	.	.	0
truth_stvar	chr20	65513477	65513477	.	1	1	0	0|1	.	.	.	.	.	-	-	ref	yes	1	.	.	.	0
truth_smvar	chr20	65513477	65513477	.	1	1	0	0|1	.	.	.	.	.	-	-	ref	no:duplicate_of_stvar	1	.	.	.	0
truth_stvar	chr20	65513483	65513483	.	1	1	0	0|1	.	.	.	.	.	-	-	ref	yes	1	.	.	.	0
truth_smvar	chr20	65513483	65513483	.	1	1	0	0|1	.	.	.	.	.	-	-	ref	no:duplicate_of_stvar	1	.	.	.	0
truth_stvar	chr20	65513486	65513486	.	1	1	0	0|1	.	.	.	.	.	-	-	ref	yes	1	.	.	.	0
truth_smvar	chr20	65513486	65513486	.	1	1	0	0|1	.	.	.	.	.	-	-	ref	no:duplicate_of_stvar	1	.	.	.	0
truth_stvar	chr20	65513492	65513492	.	1	1	0	1|0	.	.	.	.	.	-	-	yes	ref	1	.	.	.	0
truth_smvar	chr20	65513492	65513492	.	1	1	0	1|0	.	.	.	.	.	-	-	no:duplicate_of_stvar	ref	1	.	.	.	0
truth_stvar	chr20	65513498	65513498	.	1	1	0	1|0	.	.	.	.	.	-	-	yes	ref	1	.	.	.	0
truth_smvar	chr20	65513498	65513498	.	1	1	0	1|0	.	.	.	.	.	-	-	no:duplicate_of_stvar	ref	1	.	.	.	0
truth_stvar	chr20	65513501	65513501	.	1	1	0	1|1	.	.	.	.	.	-	-	yes	yes	1	.	.	.	0
truth_smvar	chr20	65513501	65513501	.	1	1	0	1|1	.	.	.	.	.	-	-	no:duplicate_of_stvar	no:duplicate_of_stvar	1	.	.	.	0
vg	chr20	65513513	65513513	>120837348>120837408	1	1	0	.|1	1	10.0826	PASS	-	-	.	.	.	.	.	.	.	.	0
truth_stvar	chr20	65513516	65513516	.	1	1	0	1|0	.	.	.	.	.	-	-	yes	ref	1	.	.	.	0
truth_stvar	chr20	65513516	65513516	.	1	19	18	0|1	.	.	.	.	.	-	-	ref	yes	1	.	.	.	0
truth_smvar	chr20	65513516	65513516	.	1	1,19	18	1|2	.	.	.	.	.	-	-	no:duplicate_of_stvar	no:duplicate_of_stvar	1	.	.	.	0
vg	chr20	65513516	65513516	>120837409>120837414	1	1	0	.|1	1	3.12299	PASS	-	-	.	.	.	.	.	.	.	.	0
truth_stvar	chr20	65513528	65513528	.	1	1	0	1|1	.	.	.	.	.	-	-	yes	yes	1	.	.	.	0
truth_smvar	chr20	65513528	65513528	.	1	1	0	1|1	.	.	.	.	.	-	-	no:duplicate_of_stvar	no:duplicate_of_stvar	1	.	.	.	0
truth_stvar	chr20	65513543	65513543	.	1	1	0	0|1	.	.	.	.	.	-	-	ref	yes	1	.	.	.	0
truth_smvar	chr20	65513543	65513543	.	1	1	0	0|1	.	.	.	.	.	-	-	ref	no:duplicate_of_stvar	1	.	.	.	0
vg	chr20	65513543	65513555	>120837446>120837506	13	10	-3	.|1	1	21.7056	PASS	-	-	.	.	.	.	.	.	.	.	0
vg	chr20	65513543	65513543	>120837468>120837500	1	1	0	.|1	1	25.7242	PASS	-	-	.	.	.	.	.	.	.	.	0
truth_stvar	chr20	65513549	65513549	.	1	1	0	0|1	.	.	.	.	.	-	-	ref	yes	1	.	.	.	0
truth_stvar	chr20	65513549	65513606	.	58	1	57	1|0	.	.	.	.	.	TP	FN	yes	ref	1	DEL	111	.	0
truth_smvar	chr20	65513549	65513606	.	58	58,1	57	2|1	.	.	.	.	.	-	-	no:duplicate_of_stvar	no:overlaps_applied_stvar	1	.	.	.	0
truth_stvar	chr20	65513553	65513553	.	1	1	0	1|0	.	.	.	.	.	-	-	no:star_allele	ref	1	.	.	.	0
truth_stvar	chr20	65513553	65513553	.	1	1	0	0|1	.	.	.	.	.	-	-	ref	yes	1	.	.	.	0
truth_smvar	chr20	65513553	65513553	.	1	1,1	0	2|1	.	.	.	.	.	-	-	no:star_allele	no:duplicate_of_stvar	1	.	.	.	0
vg	chr20	65513553	65513553	>120837468>120837500	1	1	0	.|1	1	25.7242	PASS	-	-	.	.	.	.	.	.	.	.	0
vg	chr20	65513560	65513575	>120837506>120837553	16	1	-15	.|1	1	17.989	PASS	-	-	.	.	.	.	.	.	.	.	0
truth_stvar	chr20	65513567	65513567	.	1	1	0	1|0	.	.	.	.	.	-	-	no:star_allele	ref	1	.	.	.	0
truth_stvar	chr20	65513567	65513567	.	1	1	0	0|1	.	.	.	.	.	-	-	ref	yes	1	.	.	.	0
truth_smvar	chr20	65513567	65513567	.	1	1,1	0	2|1	.	.	.	.	.	-	-	no:star_allele	no:duplicate_of_stvar	1	.	.	.	0
vg	chr20	65513579	65513579	>120837540>120837543	1	1	0	.|1	1	16.8739	PASS	-	-	.	.	.	.	.	.	.	.	0
vg	chr20	65513581	65513584	>120837506>120837553	4	1	-3	.|1	1	17.989	PASS	-	-	.	.	.	.	.	.	.	.	0
vg	chr20	65513594	65513594	>120837633>120837639	1	1	0	.|1	1	16.5497	PASS	-	-	.	.	.	.	.	.	.	.	0
vg	chr20	65513606	65513606	>120837646>120837660	1	1	0	.|1	1	16.1562	PASS	-	-	.	.	.	.	.	.	.	.	0
truth_stvar	chr20	65513608	65513608	.	1	1	0	1|0	.	.	.	.	.	-	-	yes	ref	1	.	.	.	0
truth_smvar	chr20	65513608	65513608	.	1	1	0	1|0	.	.	.	.	.	-	-	no:duplicate_of_stvar	ref	1	.	.	.	0
truth_stvar	chr20	65513612	65513612	.	1	1	0	0|1	.	.	.	.	.	-	-	ref	yes	1	.	.	.	0
truth_smvar	chr20	65513612	65513612	.	1	1	0	0|1	.	.	.	.	.	-	-	ref	no:duplicate_of_stvar	1	.	.	.	0
truth_stvar	chr20	65513618	65513618	.	1	1	0	1|0	.	.	.	.	.	-	-	yes	ref	1	.	.	.	0
truth_smvar	chr20	65513618	65513618	.	1	1	0	1|0	.	.	.	.	.	-	-	no:duplicate_of_stvar	ref	1	.	.	.	0
truth_stvar	chr20	65513621	65513621	.	1	1	0	0|1	.	.	.	.	.	-	-	ref	yes	1	.	.	.	0
truth_smvar	chr20	65513621	65513621	.	1	1	0	0|1	.	.	.	.	.	-	-	ref	no:duplicate_of_stvar	1	.	.	.	0
vg	chr20	65513627	65513627	>120837687>120837690	1	1	0	.|1	1	13.9237	PASS	-	-	.	.	.	.	.	.	.	.	0
truth_stvar	chr20	65513642	65513642	.	1	1	0	1|0	.	.	.	.	.	-	-	yes	ref	1	.	.	.	0
truth_smvar	chr20	65513642	65513642	.	1	1	0	1|0	.	.	.	.	.	-	-	no:duplicate_of_stvar	ref	1	.	.	.	0
vg	chr20	65513663	65513663	>120837736>120837739	1	1	0	.|1	1	16.2244	PASS	-	-	.	.	.	.	.	.	.	.	0
vg	chr20	65513664	65513673	>120837739>120837759	10	1	-9	.|1	1	17.2113	PASS	-	-	.	.	.	.	.	.	.	.	0
truth_stvar	chr20	65513666	65513666	.	1	4	3	0|1	.	.	.	.	.	-	-	ref	yes	1	.	.	.	0
truth_smvar	chr20	65513666	65513666	.	1	4	3	0|1	.	.	.	.	.	-	-	ref	no:duplicate_of_stvar	1	.	.	.	0
truth_stvar	chr20	65513672	65513672	.	1	13	12	1|0	.	.	.	.	.	-	-	yes	ref	1	.	.	.	0
truth_smvar	chr20	65513672	65513672	.	1	13	12	1|0	.	.	.	.	.	-	-	no:duplicate_of_stvar	ref	1	.	.	.	0
truth_stvar	chr20	65513681	65513681	.	1	1	0	1|0	.	.	.	.	.	-	-	yes	ref	1	.	.	.	0
truth_smvar	chr20	65513681	65513681	.	1	1	0	1|0	.	.	.	.	.	-	-	no:duplicate_of_stvar	ref	1	.	.	.	0
vg	chr20	65513681	65513681	>120837766>120837769	1	1	0	.|1	1	0.0948961	PASS	-	-	.	.	.	.	.	.	.	.	0
truth_stvar	chr20	65513687	65513687	.	1	1	0	1|0	.	.	.	.	.	-	-	yes	ref	1	.	.	.	0
truth_smvar	chr20	65513687	65513687	.	1	1	0	1|0	.	.	.	.	.	-	-	no:duplicate_of_stvar	ref	1	.	.	.	0
vg	chr20	65513687	65513687	>120837775>120837780	1	1	0	.|1	1	17.0886	PASS	-	-	.	.	.	.	.	.	.	.	0
vg	chr20	65513693	65513693	>120837787>120837791	1	1	0	.|1	1	17.0953	PASS	-	-	.	.	.	.	.	.	.	.	0
vg	chr20	65513696	65513696	>120837791>120837822	1	1	0	.|1	1	12.2932	PASS	-	-	.	.	.	.	.	.	.	.	0
vg	chr20	65513702	65513702	>120837791>120837822	1	1	0	.|1	1	12.2932	PASS	-	-	.	.	.	.	.	.	.	.	0
truth_stvar	chr20	65513705	65513705	.	1	1	0	1|0	.	.	.	.	.	-	-	yes	ref	1	.	.	.	0
truth_smvar	chr20	65513705	65513705	.	1	1	0	1|0	.	.	.	.	.	-	-	no:duplicate_of_stvar	ref	1	.	.	.	0
truth_stvar	chr20	65513714	65513786	.	73	1	72	0|1	.	.	.	.	.	TP	FN	ref	yes	1	DEL	111	.	0
truth_smvar	chr20	65513714	65513786	.	73	1	72	0|1	.	.	.	.	.	-	-	ref	no:duplicate_of_stvar	1	.	111	.	0
vg	chr20	65513722	65513752	>120837865>120837965	31	1	-30	.|1	1	8.2073	PASS	-	-	.	.	.	.	.	.	.	.	0
vg	chr20	65513754	65513757	>120837965>120837969	4	1	-3	.|1	1	4.66133	PASS	-	-	.	.	.	.	.	.	.	.	0
truth_stvar	chr20	65513756	65513756	.	1	1	0	0|1	.	.	.	.	.	-	-	ref	no:star_allele	1	.	.	.	0
truth_stvar	chr20	65513756	65513756	.	1	1	0	1|0	.	.	.	.	.	-	-	yes	ref	1	.	.	.	0
truth_smvar	chr20	65513756	65513756	.	1	1,1	0	1|2	.	.	.	.	.	-	-	no:duplicate_of_stvar	no:star_allele	1	.	.	.	0
truth_stvar	chr20	65513765	65513765	.	1	1	0	0|1	.	.	.	.	.	-	-	ref	no:star_allele	1	.	.	.	0
truth_stvar	chr20	65513765	65513765	.	1	94	93	1|0	.	.	.	.	.	FN	FN	yes	ref	1	INS	111	.	0
truth_smvar	chr20	65513765	65513765	.	1	94,1	93	1|2	.	.	.	.	.	-	-	no:duplicate_of_stvar	no:star_allele	1	.	111	.	0
vg	chr20	65513765	65513765	>120837980>120837984	1	1	0	.|1	1	2.79346	PASS	-	-	.	.	.	.	.	.	.	.	0
truth_stvar	chr20	65513771	65513771	.	1	1	0	0|1	.	.	.	.	.	-	-	ref	no:star_allele	1	.	.	.	0
truth_stvar	chr20	65513771	65513771	.	1	1	0	1|0	.	.	.	.	.	-	-	yes	ref	1	.	.	.	0
truth_smvar	chr20	65513771	65513771	.	1	1,1	0	1|2	.	.	.	.	.	-	-	no:duplicate_of_stvar	no:star_allele	1	.	.	.	0
vg	chr20	65513780	65513792	>120837999>120838042	13	1	-12	.|1	1	9.35382	PASS	-	-	.	.	.	.	.	.	.	.	0
truth_stvar	chr20	65513801	65513801	.	1	4	3	0|1	.	.	.	.	.	-	-	ref	yes	1	.	.	.	0
truth_smvar	chr20	65513801	65513801	.	1	4	3	0|1	.	.	.	.	.	-	-	ref	no:duplicate_of_stvar	1	.	.	.	0
vg	chr20	65513802	65513802	>120838045>120838051	1	4	3	.|1	1	4.80962	PASS	-	-	.	.	.	.	.	.	.	.	0
truth_stvar	chr20	65513804	65513804	.	1	4	3	1|0	.	.	.	.	.	-	-	yes	ref	1	.	.	.	0
truth_smvar	chr20	65513804	65513804	.	1	4	3	1|0	.	.	.	.	.	-	-	no:duplicate_of_stvar	ref	1	.	.	.	0
vg	chr20	65513804	65513822	>120838051>120838106	19	19	0	.|1	1	15.0781	PASS	-	-	.	.	.	.	.	.	.	.	0
truth_stvar	chr20	65513816	65513816	.	1	1	0	0|1	.	.	.	.	.	-	-	ref	yes	1	.	.	.	0
truth_smvar	chr20	65513816	65513816	.	1	1	0	0|1	.	.	.	.	.	-	-	ref	no:duplicate_of_stvar	1	.	.	.	0
truth_stvar	chr20	65513822	65513822	.	1	1	0	1|0	.	.	.	.	.	-	-	yes	ref	1	.	.	.	0
truth_smvar	chr20	65513822	65513822	.	1	1	0	1|0	.	.	.	.	.	-	-	no:duplicate_of_stvar	ref	1	.	.	.	0
truth_stvar	chr20	65513828	65513828	.	1	1	0	1|0	.	.	.	.	.	-	-	yes	ref	1	.	.	.	0
truth_smvar	chr20	65513828	65513828	.	1	1	0	1|0	.	.	.	.	.	-	-	no:duplicate_of_stvar	ref	1	.	.	.	0
vg	chr20	65513828	65513828	>120838126>120838131	1	1	0	.|1	1	3.14847	PASS	-	-	.	.	.	.	.	.	.	.	0
truth_stvar	chr20	65513834	65513834	.	1	4	3	1|0	.	.	.	.	.	-	-	yes	ref	1	.	.	.	0
truth_smvar	chr20	65513834	65513834	.	1	4	3	1|0	.	.	.	.	.	-	-	no:duplicate_of_stvar	ref	1	.	.	.	0
truth_stvar	chr20	65513837	65513846	.	10	1	9	0|1	.	.	.	.	.	-	-	ref	yes	1	.	.	.	0
truth_smvar	chr20	65513837	65513846	.	10	1	9	0|1	.	.	.	.	.	-	-	ref	no:duplicate_of_stvar	1	.	.	.	0
vg	chr20	65513841	65513841	>120838152>120838156	1	4	3	.|1	1	1.63978	PASS	-	-	.	.	.	.	.	.	.	.	0
truth_stvar	chr20	65513846	65513846	.	1	1	0	0|1	.	.	.	.	.	-	-	ref	no:star_allele	1	.	.	.	0
truth_stvar	chr20	65513846	65513846	.	1	1	0	1|0	.	.	.	.	.	-	-	yes	ref	1	.	.	.	0
truth_smvar	chr20	65513846	65513846	.	1	1,1	0	1|2	.	.	.	.	.	-	-	no:duplicate_of_stvar	no:star_allele	1	.	.	.	0
vg	chr20	65513849	65513849	>120838163>120838166	1	1	0	.|1	1	19.8479	PASS	-	-	.	.	.	.	.	.	.	.	0
vg	chr20	65513861	65513861	>120838418>120838424	1	4	3	.|1	1	17.0775	PASS	-	-	.	.	.	.	.	.	.	.	0
truth_stvar	chr20	65513870	65513870	.	1	7	6	1|0	.	.	.	.	.	-	-	yes	ref	1	.	.	.	0
truth_smvar	chr20	65513870	65513870	.	1	7	6	1|0	.	.	.	.	.	-	-	no:duplicate_of_stvar	ref	1	.	.	.	0
vg	chr20	65513870	65513870	>120838427>120838430	1	1	0	1|1	1	16.5946	PASS	-	-	.	.	.	.	.	.	.	.	0
vg	chr20	65513873	65513873	>120830568>120838434	1	1	0	0|1	1	54.6054	PASS	-	-	.	.	.	.	.	.	.	.	0
vg	chr20	65513879	65513879	>120838438>120838441	1	1	0	1|0	1	1.35535	PASS	-	-	.	.	.	.	.	.	.	.	0
vg	chr20	65513892	65513895	>120838456>120838464	4	1	-3	1|1	1	25.9329	PASS	-	-	.	.	.	.	.	.	.	.	0
truth_stvar	chr20	65513894	65513894	.	1	1	0	0|1	.	.	.	.	.	-	-	ref	yes	1	.	.	.	0
truth_smvar	chr20	65513894	65513894	.	1	1	0	0|1	.	.	.	.	.	-	-	ref	no:duplicate_of_stvar	1	.	.	.	0
truth_stvar	chr20	65513897	65513900	.	4	1	3	0|1	.	.	.	.	.	-	-	ref	yes	1	.	.	.	0
truth_smvar	chr20	65513897	65513900	.	4	1	3	0|1	.	.	.	.	.	-	-	ref	no:duplicate_of_stvar	1	.	.	.	0
vg	chr20	65513900	65513900	>120838464>120838467	1	1	0	1|1	1	15.3171	PASS	-	-	.	.	.	.	.	.	.	.	0
vg	chr20	65513903	65513903	>120838467>120838470	1	1	0	0|1	1	14.6145	PASS	-	-	.	.	.	.	.	.	.	.	0
truth_stvar	chr20	65513906	65513906	.	1	1	0	1|0	.	.	.	.	.	-	-	yes	ref	1	.	.	.	0
truth_smvar	chr20	65513906	65513906	.	1	1	0	1|0	.	.	.	.	.	-	-	no:duplicate_of_stvar	ref	1	.	.	.	0
vg	chr20	65513906	65513909	>120838471>120838478	4	1	-3	1|0	1	3.81515	PASS	-	-	.	.	.	.	.	.	.	.	0
truth_stvar	chr20	65513909	65513909	.	1	1	0	0|1	.	.	.	.	.	-	-	ref	yes	1	.	.	.	0
truth_smvar	chr20	65513909	65513909	.	1	1	0	0|1	.	.	.	.	.	-	-	ref	no:duplicate_of_stvar	1	.	.	.	0
truth_stvar	chr20	65513915	65513915	.	1	1	0	0|1	.	.	.	.	.	-	-	ref	yes	1	.	.	.	0
truth_smvar	chr20	65513915	65513915	.	1	1	0	0|1	.	.	.	.	.	-	-	ref	no:duplicate_of_stvar	1	.	.	.	0
vg	chr20	65513915	65513915	>120838484>120838489	1	1	0	0|1	1	22.2922	PASS	-	-	.	.	.	.	.	.	.	.	0
truth_stvar	chr20	65513918	65513918	.	1	1	0	1|1	.	.	.	.	.	-	-	yes	yes	1	.	.	.	0
truth_smvar	chr20	65513918	65513918	.	1	1	0	1|1	.	.	.	.	.	-	-	no:duplicate_of_stvar	no:duplicate_of_stvar	1	.	.	.	0
vg	chr20	65513918	65513918	>120838490>120838503	1	1	0	1|2	1	24.0695	PASS	-	-	.	.	.	.	.	.	.	.	0
vg	chr20	65513918	65513918	>120838490>120838503	1	10	9	1|2	1	24.0695	PASS	-	-	.	.	.	.	.	.	.	.	0
vg	chr20	65513921	65513921	>120838503>120838514	1	7	6	1|0	1	4.78271	PASS	-	-	.	.	.	.	.	.	.	.	0
truth_stvar	chr20	65513924	65513924	.	1	106	105	1|0	.	.	.	.	.	FN	FN	yes	ref	1	INS	111	.	0
truth_smvar	chr20	65513924	65513924	.	1	106	105	1|0	.	.	.	.	.	-	-	no:duplicate_of_stvar	ref	1	.	111	.	0
vg	chr20	65513927	65513930	>120838514>120838522	4	1	-3	2|1	1	22.8543	PASS	-	-	.	.	.	.	.	.	.	.	0
vg	chr20	65513927	65513930	>120838514>120838522	4	4	0	2|1	1	22.8543	PASS	-	-	.	.	.	.	.	.	.	.	0
vg	chr20	65513938	65513938	>120838542>120838623	1	40	39	1|0	1	17.9644	PASS	-	-	.	.	.	.	.	.	.	.	0
truth_stvar	chr20	65513939	65513939	.	1	1	0	1|1	.	.	.	.	.	-	-	yes	yes	1	.	.	.	0
truth_smvar	chr20	65513939	65513939	.	1	1	0	1|1	.	.	.	.	.	-	-	no:duplicate_of_stvar	no:duplicate_of_stvar	1	.	.	.	0
vg	chr20	65513940	65513940	>120838542>120838623	1	1	0	1|0	1	17.9644	PASS	-	-	.	.	.	.	.	.	.	.	0
truth_stvar	chr20	65513945	65513945	.	1	1	0	1|0	.	.	.	.	.	-	-	yes	ref	1	.	.	.	0
truth_smvar	chr20	65513945	65513945	.	1	1	0	1|0	.	.	.	.	.	-	-	no:duplicate_of_stvar	ref	1	.	.	.	0
truth_stvar	chr20	65513951	65513951	.	1	1	0	1|1	.	.	.	.	.	-	-	yes	yes	1	.	.	.	0
truth_smvar	chr20	65513951	65513951	.	1	1	0	1|1	.	.	.	.	.	-	-	no:duplicate_of_stvar	no:duplicate_of_stvar	1	.	.	.	0
vg	chr20	65513951	65513951	>120838724>120838727	1	1	0	0|1	1	12.8507	PASS	-	-	.	.	.	.	.	.	.	.	0
truth_stvar	chr20	65513954	65513954	.	1	1	0	0|1	.	.	.	.	.	-	-	ref	yes	1	.	.	.	0
truth_smvar	chr20	65513954	65513954	.	1	1	0	0|1	.	.	.	.	.	-	-	ref	no:duplicate_of_stvar	1	.	.	.	0
vg	chr20	65513957	65513957	>120838734>120838740	1	1	0	2|1	1	106.413	PASS	-	-	.	.	.	.	.	.	.	.	0
vg	chr20	65513957	65513957	>120838734>120838740	1	4	3	2|1	1	106.413	PASS	-	-	.	.	.	.	.	.	.	.	0
vg	chr20	65513960	65513960	>120838740>120838743	1	1	0	1|1	1	144.99	PASS	-	-	.	.	.	.	.	.	.	.	0
truth_stvar	chr20	65513961	65513961	.	1	1	0	0|1	.	.	.	.	.	-	-	ref	yes	1	.	.	.	0
truth_smvar	chr20	65513961	65513961	.	1	1	0	0|1	.	.	.	.	.	-	-	ref	no:duplicate_of_stvar	1	.	.	.	0
vg	chr20	65513963	65513963	>120838743>120838746	1	1	0	0|1	1	0.467304	PASS	-	-	.	.	.	.	.	.	.	.	0
vg	chr20	65513964	65514068	>120838746>120839109	105	1	-104	0|1	1	124.596	PASS	FP	-	.	.	.	.	.	.	.	459.24,459.21	0
truth_stvar	chr20	65513966	65513969	.	4	1	3	0|1	.	.	.	.	.	-	-	ref	yes	1	.	.	.	0
truth_smvar	chr20	65513966	65513969	.	4	1	3	0|1	.	.	.	.	.	-	-	ref	no:duplicate_of_stvar	1	.	.	.	0
vg	chr20	65513969	65513969	>120838750>120838753	1	1	0	1|.	1	108.382	PASS	-	-	.	.	.	.	.	.	.	.	0
vg	chr20	65513970	65514060	>120838753>120839107	91	1	-90	1|.	1	104.76	PASS	TP	-	.	.	.	.	.	.	.	459.22,459.22	0
truth_stvar	chr20	65513987	65513987	.	1	1	0	1|0	.	.	.	.	.	-	-	yes	ref	1	.	.	.	0
truth_smvar	chr20	65513987	65513987	.	1	1	0	1|0	.	.	.	.	.	-	-	no:duplicate_of_stvar	ref	1	.	.	.	0
truth_stvar	chr20	65513990	65513990	.	1	1	0	0|1	.	.	.	.	.	-	-	ref	yes	1	.	.	.	0
truth_smvar	chr20	65513990	65513990	.	1	1	0	0|1	.	.	.	.	.	-	-	ref	no:duplicate_of_stvar	1	.	.	.	0
truth_stvar	chr20	65513999	65513999	.	1	1	0	1|1	.	.	.	.	.	-	-	yes	yes	1	.	.	.	0
truth_smvar	chr20	65513999	65513999	.	1	1	0	1|1	.	.	.	.	.	-	-	no:duplicate_of_stvar	no:duplicate_of_stvar	1	.	.	.	0
truth_stvar	chr20	65514008	65514008	.	1	1	0	0|1	.	.	.	.	.	-	-	ref	yes	1	.	.	.	0
truth_smvar	chr20	65514008	65514008	.	1	1	0	0|1	.	.	.	.	.	-	-	ref	no:duplicate_of_stvar	1	.	.	.	0
truth_stvar	chr20	65514014	65514014	.	1	1	0	1|1	.	.	.	.	.	-	-	yes	yes	1	.	.	.	0
truth_smvar	chr20	65514014	65514014	.	1	1	0	1|1	.	.	.	.	.	-	-	no:duplicate_of_stvar	no:duplicate_of_stvar	1	.	.	.	0
truth_stvar	chr20	65514017	65514017	.	1	1	0	1|1	.	.	.	.	.	-	-	yes	yes	1	.	.	.	0
truth_smvar	chr20	65514017	65514017	.	1	1	0	1|1	.	.	.	.	.	-	-	no:duplicate_of_stvar	no:duplicate_of_stvar	1	.	.	.	0
truth_stvar	chr20	65514026	65514026	.	1	1	0	0|1	.	.	.	.	.	-	-	ref	yes	1	.	.	.	0
truth_smvar	chr20	65514026	65514026	.	1	1	0	0|1	.	.	.	.	.	-	-	ref	no:duplicate_of_stvar	1	.	.	.	0
truth_stvar	chr20	65514029	65514029	.	1	1	0	1|0	.	.	.	.	.	-	-	yes	ref	1	.	.	.	0
truth_smvar	chr20	65514029	65514029	.	1	1	0	1|0	.	.	.	.	.	-	-	no:duplicate_of_stvar	ref	1	.	.	.	0
truth_stvar	chr20	65514033	65514033	.	1	1	0	1|1	.	.	.	.	.	-	-	yes	yes	1	.	.	.	0
truth_smvar	chr20	65514033	65514033	.	1	1	0	1|1	.	.	.	.	.	-	-	no:duplicate_of_stvar	no:duplicate_of_stvar	1	.	.	.	0
truth_stvar	chr20	65514038	65514038	.	1	277	276	1|0	.	.	.	.	.	FN	FN	yes	ref	1	INS	111	.	0
truth_smvar	chr20	65514038	65514038	.	1	277	276	1|0	.	.	.	.	.	-	-	no:duplicate_of_stvar	ref	1	.	111	.	0
vg	chr20	65514069	65514070	>120839109>120839112	2	1	-1	0|1	1	0.809617	PASS	-	-	.	.	.	.	.	.	.	.	0
