source	chrom	pos	end	id	ref_len	alt_len	len_diff	gt	called	qual	filter	truvari	aardvark	vg_truvari	pg_truvari	applied_h1	applied_h2	in_sv_benchmark	svtype	TRFperiod	MatchId	overlaps_span_edge
truth_stvar	chr13	85450601	85450601	.	1	1	0	1|0	.	.	.	.	.	-	-	yes	ref	1	.	.	.	0
truth_smvar	chr13	85450601	85450601	.	1	1	0	1|0	.	.	.	.	.	-	-	no:duplicate_of_stvar	ref	1	.	.	.	0
vg	chr13	85450601	85450601	>51597868>51597871	1	1	0	0|1	1	168.655	PASS	-	TP	.	.	.	.	.	.	.	.	0
pangenie	chr13	85450601	85450601	chr13-85450601-SNV->49681588>49681590>49681591-1	1	1	0	0/1	1	.	PASS	-	TP	.	.	.	.	.	.	.	.	0
truth_stvar	chr13	85450613	85450613	.	1	1	0	1|0	.	.	.	.	.	-	-	yes	ref	1	.	.	.	0
truth_smvar	chr13	85450613	85450613	.	1	1	0	1|0	.	.	.	.	.	-	-	no:duplicate_of_stvar	ref	1	.	.	.	0
vg	chr13	85450613	85450613	>51597871>51597874	1	1	0	0|1	1	198.752	PASS	-	TP	.	.	.	.	.	.	.	.	0
pangenie	chr13	85450613	85450613	chr13-85450613-SNV->49681591>49681593>49681594-1	1	1	0	0/1	1	.	PASS	-	TP	.	.	.	.	.	.	.	.	0
truth_stvar	chr13	85450624	85450624	.	1	1	0	1|0	.	.	.	.	.	-	-	yes	ref	1	.	.	.	0
truth_smvar	chr13	85450624	85450624	.	1	1	0	1|0	.	.	.	.	.	-	-	no:duplicate_of_stvar	ref	1	.	.	.	0
vg	chr13	85450624	85450624	>51597874>51597877	1	1	0	0|1	1	154.314	PASS	-	TP	.	.	.	.	.	.	.	.	0
pangenie	chr13	85450624	85450624	chr13-85450624-SNV->49681594>49681596>49681597-1	1	1	0	0/1	1	.	PASS	-	TP	.	.	.	.	.	.	.	.	0
truth_stvar	chr13	85450679	85450679	.	1	1	0	1|0	.	.	.	.	.	-	-	yes	ref	1	.	.	.	0
truth_smvar	chr13	85450679	85450679	.	1	1	0	1|0	.	.	.	.	.	-	-	no:duplicate_of_stvar	ref	1	.	.	.	0
vg	chr13	85450679	85450679	>51597889>51597892	1	1	0	0|1	1	165.945	PASS	-	TP	.	.	.	.	.	.	.	.	0
pangenie	chr13	85450679	85450679	chr13-85450679-SNV->49681609>49681611>49681612-1	1	1	0	0/1	1	.	PASS	-	TP	.	.	.	.	.	.	.	.	0
truth_stvar	chr13	85450712	85450712	.	1	1	0	1|0	.	.	.	.	.	-	-	yes	ref	1	.	.	.	0
truth_smvar	chr13	85450712	85450712	.	1	1	0	1|0	.	.	.	.	.	-	-	no:duplicate_of_stvar	ref	1	.	.	.	0
vg	chr13	85450712	85450712	>51597892>51597895	1	1	0	0|1	1	121.434	PASS	-	-	.	.	.	.	.	.	.	.	0
pangenie	chr13	85450712	85450712	chr13-85450712-SNV->49681612>49681614>49681615-1	1	1	0	0/1	1	.	PASS	-	-	.	.	.	.	.	.	.	.	0
truth_stvar	chr13	85450731	85450731	.	1	1	0	1|0	.	.	.	.	.	-	-	yes	ref	1	.	.	.	0
truth_smvar	chr13	85450731	85450731	.	1	1	0	1|0	.	.	.	.	.	-	-	no:duplicate_of_stvar	ref	1	.	.	.	0
vg	chr13	85450731	85450731	>51597898>51597901	1	1	0	0|1	1	99.507	PASS	-	-	.	.	.	.	.	.	.	.	0
pangenie	chr13	85450731	85450731	chr13-85450731-SNV->49681618>49681620>49681621-1	1	1	0	0/1	1	.	PASS	-	-	.	.	.	.	.	.	.	.	0
truth_stvar	chr13	85450740	85450740	.	1	2	1	1|0	.	.	.	.	.	-	-	yes	ref	1	.	.	.	0
truth_smvar	chr13	85450740	85450740	.	1	2	1	1|0	.	.	.	.	.	-	-	no:duplicate_of_stvar	ref	1	.	.	.	0
vg	chr13	85450740	85450740	>51597901>51597903	1	2	1	0|1	1	111.219	PASS	-	-	.	.	.	.	.	.	.	.	0
pangenie	chr13	85450740	85450740	chr13-85450740-INS->49681621>49681622>49681623-1	1	2	1	0/1	1	.	PASS	-	-	.	.	.	.	.	.	.	.	0
truth_stvar	chr13	85450744	85450744	.	1	1	0	1|0	.	.	.	.	.	-	-	yes	ref	1	.	.	.	0
truth_smvar	chr13	85450744	85450744	.	1	1	0	1|0	.	.	.	.	.	-	-	no:duplicate_of_stvar	ref	1	.	.	.	0
vg	chr13	85450744	85450744	>51597903>51597906	1	1	0	0|1	1	95.496	PASS	-	-	.	.	.	.	.	.	.	.	0
pangenie	chr13	85450744	85450744	chr13-85450744-SNV->49681623>49681625>49681626-1	1	1	0	0/1	1	.	PASS	-	-	.	.	.	.	.	.	.	.	0
truth_stvar	chr13	85450766	85450766	.	1	3	2	1|0	.	.	.	.	.	-	-	yes	ref	1	.	.	.	0
truth_smvar	chr13	85450766	85450766	.	1	3	2	1|0	.	.	.	.	.	-	-	no:duplicate_of_stvar	ref	1	.	.	.	0
vg	chr13	85450766	85450766	>51597909>51597911	1	3	2	0|1	1	80.6961	PASS	-	-	.	.	.	.	.	.	.	.	0
pangenie	chr13	85450766	85450766	chr13-85450766-INS->49681629>49681630>49681631-2	1	3	2	0/1	1	.	PASS	-	-	.	.	.	.	.	.	.	.	0
pangenie	chr13	85450767	85450767	chr13-85450790-INS->49681644>49681646>49681648>49681649>49681651>49681652>49681653>49681656>49681657>49681659>49681660>49681661>49681663>49681664>49681666>49681667-54	1	55	54	0/1	1	.	PASS	FP	-	.	.	.	.	.	.	.	371.5,371.0	0
pangenie	chr13	85450793	85450793	chr13-85450793-SNV->49681668>49681670>49681671-1	1	1	0	0/1	1	.	PASS	-	-	.	.	.	.	.	.	.	.	0
truth_stvar	chr13	85450800	85450800	.	1	1	0	1|0	.	.	.	.	.	-	-	yes	ref	1	.	.	.	0
truth_smvar	chr13	85450800	85450800	.	1	1	0	1|0	.	.	.	.	.	-	-	no:duplicate_of_stvar	ref	1	.	.	.	0
vg	chr13	85450800	85450800	>51597930>51597933	1	1	0	0|1	1	35.7685	PASS	-	-	.	.	.	.	.	.	.	.	0
pangenie	chr13	85450800	85450800	chr13-85450800-SNV->49681674>49681676>49681677-1	1	1	0	0/1	1	.	PASS	-	-	.	.	.	.	.	.	.	.	0
pangenie	chr13	85450802	85450802	chr13-85450802-SNV->49681677>49681679>49681680-1	1	1	0	0/1	1	.	PASS	-	-	.	.	.	.	.	.	.	.	0
pangenie	chr13	85450811	85450811	chr13-85450811-SNV->49681684>49681686>49681687-1	1	1	0	0/1	1	.	PASS	-	-	.	.	.	.	.	.	.	.	0
truth_stvar	chr13	85450816	85450942	.	127	1	126	1|0	.	.	.	.	.	FN	FN	yes	ref	1	DEL	2	.	0
truth_smvar	chr13	85450816	85450942	.	127	1	126	1|0	.	.	.	.	.	-	-	no:duplicate_of_stvar	ref	1	.	2	.	0
vg	chr13	85450817	85450853	>51597936>51597975	37	19	-18	0|1	1	1.00424	PASS	-	-	.	.	.	.	.	.	.	.	0
pangenie	chr13	85450817	85450845	chr13-85450817-DEL->49681687>49681688>49681690>49681716-28	29	1	-28	0/1	1	.	PASS	-	-	.	.	.	.	.	.	.	.	0
pangenie	chr13	85450853	85450853	chr13-85450853-SNV->49681716>49681718>49681719-1	1	1	0	0/1	1	.	PASS	-	-	.	.	.	.	.	.	.	.	0
pangenie	chr13	85450859	85450859	chr13-85450859-SNV->49681723>49681725>49681726-1	1	1	0	0/1	1	.	PASS	-	-	.	.	.	.	.	.	.	.	0
pangenie	chr13	85450870	85450870	chr13-85450870-SNV->49681727>49681729>49681730-1	1	1	0	0/1	1	.	PASS	-	-	.	.	.	.	.	.	.	.	0
pangenie	chr13	85450887	85450887	chr13-85450887-SNV->49681737>49681739>49681740-1	1	1	0	0/1	1	.	PASS	-	-	.	.	.	.	.	.	.	.	0
pangenie	chr13	85450893	85450893	chr13-85450893-SNV->49681746>49681748>49681749-1	1	1	0	0/1	1	.	PASS	-	-	.	.	.	.	.	.	.	.	0
pangenie	chr13	85450904	85450942	chr13-85450904-COMPLEX->49681750>49681751>49681753>49681754>49681755>49681757>49681758>49681759>49681760>49681762>49681763>49681765>49681780-39	39	29	-10	0/1	1	.	PASS	-	-	.	.	.	.	.	.	.	.	0
pangenie	chr13	85450954	85450954	chr13-85450954-SNV->49681786>49681788>49681789-1	1	1	0	0/1	1	.	PASS	-	-	.	.	.	.	.	.	.	.	0
truth_stvar	chr13	85450957	85450957	.	1	1	0	1|0	.	.	.	.	.	-	-	yes	ref	1	.	.	.	0
truth_smvar	chr13	85450957	85450957	.	1	1	0	1|0	.	.	.	.	.	-	-	no:duplicate_of_stvar	ref	1	.	.	.	0
vg	chr13	85450957	85450957	>51598023>51598026	1	1	0	1|0	1	2.27941	PASS	-	-	.	.	.	.	.	.	.	.	0
pangenie	chr13	85450957	85450957	chr13-85450957-SNV->49681789>49681791>49681792-1	1	1	0	0/1	1	.	PASS	-	-	.	.	.	.	.	.	.	.	0
pangenie	chr13	85450960	85450960	chr13-85450960-SNV->49681792>49681794>49681795-1	1	1	0	0/1	1	.	PASS	-	-	.	.	.	.	.	.	.	.	0
vg	chr13	85450965	85450965	>51598030>51598033	1	1	0	1|0	1	26.7542	PASS	-	-	.	.	.	.	.	.	.	.	0
vg	chr13	85450972	85450982	>51598042>51598044	11	1	-10	1|0	1	31.0197	PASS	-	-	.	.	.	.	.	.	.	.	0
truth_stvar	chr13	85450973	85450973	.	1	1	0	1|0	.	.	.	.	.	-	-	yes	ref	1	.	.	.	0
truth_smvar	chr13	85450973	85450973	.	1	1	0	1|0	.	.	.	.	.	-	-	no:duplicate_of_stvar	ref	1	.	.	.	0
truth_stvar	chr13	85450978	85450978	.	1	1	0	1|0	.	.	.	.	.	-	-	yes	ref	1	.	.	.	0
truth_smvar	chr13	85450978	85450978	.	1	1	0	1|0	.	.	.	.	.	-	-	no:duplicate_of_stvar	ref	1	.	.	.	0
pangenie	chr13	85450978	85450978	chr13-85450978-SNV->49681799>49681801>49681802-1	1	1	0	0/1	1	.	PASS	-	-	.	.	.	.	.	.	.	.	0
pangenie	chr13	85450981	85451017	chr13-85450981-DEL->49681802>49681805>49681816-36	37	1	-36	0/1	1	.	PASS	-	-	.	.	.	.	.	.	.	.	0
truth_stvar	chr13	85450983	85450983	.	1	9	8	1|0	.	.	.	.	.	-	-	yes	ref	1	.	.	.	0
truth_smvar	chr13	85450983	85450983	.	1	9	8	1|0	.	.	.	.	.	-	-	no:duplicate_of_stvar	ref	1	.	.	.	0
vg	chr13	85450990	85450990	>51598045>51598048	1	1	0	1|0	1	31.8866	PASS	-	-	.	.	.	.	.	.	.	.	0
truth_stvar	chr13	85450993	85450993	.	1	1	0	1|0	.	.	.	.	.	-	-	yes	ref	1	.	.	.	0
truth_smvar	chr13	85450993	85450993	.	1	1	0	1|0	.	.	.	.	.	-	-	no:duplicate_of_stvar	ref	1	.	.	.	0
vg	chr13	85450993	85450993	>51598048>51598051	1	1	0	1|0	1	26.7623	PASS	-	-	.	.	.	.	.	.	.	.	0
vg	chr13	85450996	85450996	>51598051>51598054	1	1	0	1|0	1	28.9815	PASS	-	-	.	.	.	.	.	.	.	.	0
truth_stvar	chr13	85451003	85451003	.	1	1	0	1|0	.	.	.	.	.	-	-	yes	ref	1	.	.	.	0
truth_smvar	chr13	85451003	85451003	.	1	1	0	1|0	.	.	.	.	.	-	-	no:duplicate_of_stvar	ref	1	.	.	.	0
truth_stvar	chr13	85451017	85451017	.	1	1	0	1|0	.	.	.	.	.	-	-	yes	ref	1	.	.	.	0
truth_smvar	chr13	85451017	85451017	.	1	1	0	1|0	.	.	.	.	.	-	-	no:duplicate_of_stvar	ref	1	.	.	.	0
vg	chr13	85451017	85451017	>51598065>51598068	1	1	0	1|0	1	43.0141	PASS	-	-	.	.	.	.	.	.	.	.	0
vg	chr13	85451026	85451026	>51598068>51598071	1	1	0	1|0	1	45.969	PASS	-	-	.	.	.	.	.	.	.	.	0
pangenie	chr13	85451026	85451026	chr13-85451026-SNV->49681816>49681818>49681819-1	1	1	0	0/1	1	.	PASS	-	-	.	.	.	.	.	.	.	.	0
truth_stvar	chr13	85451029	85451029	.	1	1	0	1|0	.	.	.	.	.	-	-	yes	ref	1	.	.	.	0
truth_smvar	chr13	85451029	85451029	.	1	1	0	1|0	.	.	.	.	.	-	-	no:duplicate_of_stvar	ref	1	.	.	.	0
vg	chr13	85451029	85451029	>51598073>51598076	1	1	0	1|0	1	41.5195	PASS	-	-	.	.	.	.	.	.	.	.	0
pangenie	chr13	85451029	85451029	chr13-85451029-SNV->49681821>49681823>49681824-1	1	1	0	0/1	1	.	PASS	-	-	.	.	.	.	.	.	.	.	0
truth_stvar	chr13	85451031	85451031	.	1	1	0	1|0	.	.	.	.	.	-	-	yes	ref	1	.	.	.	0
truth_smvar	chr13	85451031	85451031	.	1	1	0	1|0	.	.	.	.	.	-	-	no:duplicate_of_stvar	ref	1	.	.	.	0
truth_stvar	chr13	85451043	85451043	.	1	1	0	1|0	.	.	.	.	.	-	-	yes	ref	1	.	.	.	0
truth_smvar	chr13	85451043	85451043	.	1	1	0	1|0	.	.	.	.	.	-	-	no:duplicate_of_stvar	ref	1	.	.	.	0
vg	chr13	85451043	85451043	>51598079>51598082	1	1	0	1|0	1	34.5439	PASS	-	-	.	.	.	.	.	.	.	.	0
pangenie	chr13	85451043	85451043	chr13-85451043-SNV->49681836>49681838>49681839-1	1	1	0	0/1	1	.	PASS	-	-	.	.	.	.	.	.	.	.	0
vg	chr13	85451045	85451045	>51598082>51598085	1	1	0	1|0	1	32.3262	PASS	-	-	.	.	.	.	.	.	.	.	0
pangenie	chr13	85451045	85451045	chr13-85451045-SNV->49681839>49681841>49681842-1	1	1	0	0/1	1	.	PASS	-	-	.	.	.	.	.	.	.	.	0
truth_stvar	chr13	85451048	85451048	.	1	1	0	1|0	.	.	.	.	.	-	-	yes	ref	1	.	.	.	0
truth_smvar	chr13	85451048	85451048	.	1	1	0	1|0	.	.	.	.	.	-	-	no:duplicate_of_stvar	ref	1	.	.	.	0
vg	chr13	85451054	85451054	>51598086>51598089	1	1	0	1|0	1	50.5331	PASS	-	-	.	.	.	.	.	.	.	.	0
pangenie	chr13	85451054	85451054	chr13-85451054-SNV->49681842>49681844>49681845-1	1	1	0	0/1	1	.	PASS	-	-	.	.	.	.	.	.	.	.	0
truth_stvar	chr13	85451061	85451061	.	1	1	0	1|0	.	.	.	.	.	-	-	yes	ref	1	.	.	.	0
truth_smvar	chr13	85451061	85451061	.	1	1	0	1|0	.	.	.	.	.	-	-	no:duplicate_of_stvar	ref	1	.	.	.	0
vg	chr13	85451068	85451068	>51598097>51598100	1	1	0	1|0	1	59.9052	PASS	-	-	.	.	.	.	.	.	.	.	0
pangenie	chr13	85451068	85451068	chr13-85451068-SNV->49681851>49681853>49681854-1	1	1	0	0/1	1	.	PASS	-	-	.	.	.	.	.	.	.	.	0
pangenie	chr13	85451070	85451080	chr13-85451072-DEL->49681854>49681856-10	11	1	-10	0/1	1	.	PASS	-	-	.	.	.	.	.	.	.	.	0
vg	chr13	85451073	85451073	>51598100>51598103	1	1	0	1|0	1	59.9052	PASS	-	-	.	.	.	.	.	.	.	.	0
vg	chr13	85451080	85451080	>51598103>51598106	1	1	0	1|0	1	60.6067	PASS	-	-	.	.	.	.	.	.	.	.	0
vg	chr13	85451084	85451084	>51598109>51598111	1	19	18	1|0	1	60.1868	PASS	-	-	.	.	.	.	.	.	.	.	0
pangenie	chr13	85451088	85451088	chr13-85451088-INS->49681856>49681858>49681859-2	1	3	2	0/1	1	.	PASS	-	-	.	.	.	.	.	.	.	.	0
vg	chr13	85451089	85451089	>51598112>51598116	1	1	0	1|0	1	48.9618	PASS	-	-	.	.	.	.	.	.	.	.	0
truth_stvar	chr13	85451094	85451094	.	1	1	0	1|0	.	.	.	.	.	-	-	yes	ref	1	.	.	.	0
truth_smvar	chr13	85451094	85451094	.	1	1	0	1|0	.	.	.	.	.	-	-	no:duplicate_of_stvar	ref	1	.	.	.	0
pangenie	chr13	85451095	85451112	chr13-85451095-COMPLEX->49681861>49681881>49681882>49681883-18	18	2	-16	1/0	1	.	PASS	-	-	.	.	.	.	.	.	.	.	0
vg	chr13	85451102	85451118	>51598122>51598144	17	1	-16	1|0	1	38.9311	PASS	-	-	.	.	.	.	.	.	.	.	0
truth_stvar	chr13	85451105	85451107	.	3	1	2	1|0	.	.	.	.	.	-	-	yes	ref	1	.	.	.	0
truth_smvar	chr13	85451105	85451107	.	3	1	2	1|0	.	.	.	.	.	-	-	no:duplicate_of_stvar	ref	1	.	.	.	0
truth_stvar	chr13	85451108	85451108	.	1	15	14	1|0	.	.	.	.	.	-	-	yes	ref	1	.	.	.	0
truth_smvar	chr13	85451108	85451108	.	1	15	14	1|0	.	.	.	.	.	-	-	no:duplicate_of_stvar	ref	1	.	.	.	0
pangenie	chr13	85451108	85451108	chr13-85451108-SNV->49681873>49681876>49681877-1	1	1	0	0/1	1	.	PASS	-	-	.	.	.	.	.	.	.	.	0
pangenie	chr13	85451113	85451169	chr13-85451126-DEL->49681886>49681936-56	57	1	-56	0/1	1	.	PASS	FP	-	.	.	.	.	.	.	.	371.5,371.1	0
pangenie	chr13	85451118	85451118	chr13-85451118-SNV->49681883>49681885>49681886-1	1	1	0	0/1	1	.	PASS	-	-	.	.	.	.	.	.	.	.	0
vg	chr13	85451119	85451175	>51598144>51598183	57	1	-56	1|0	1	11.4893	PASS	FP	-	.	.	.	.	.	.	.	379.5,379.0	0
truth_stvar	chr13	85451131	85451131	.	1	1	0	1|0	.	.	.	.	.	-	-	yes	ref	1	.	.	.	0
truth_smvar	chr13	85451131	85451131	.	1	1	0	1|0	.	.	.	.	.	-	-	no:duplicate_of_stvar	ref	1	.	.	.	0
truth_stvar	chr13	85451140	85451140	.	1	1	0	1|0	.	.	.	.	.	-	-	yes	ref	1	.	.	.	0
truth_smvar	chr13	85451140	85451140	.	1	1	0	1|0	.	.	.	.	.	-	-	no:duplicate_of_stvar	ref	1	.	.	.	0
truth_stvar	chr13	85451147	85451147	.	1	1	0	1|0	.	.	.	.	.	-	-	yes	ref	1	.	.	.	0
truth_smvar	chr13	85451147	85451147	.	1	1	0	1|0	.	.	.	.	.	-	-	no:duplicate_of_stvar	ref	1	.	.	.	0
truth_stvar	chr13	85451151	85451151	.	1	7	6	1|0	.	.	.	.	.	-	-	yes	ref	1	.	.	.	0
truth_smvar	chr13	85451151	85451151	.	1	7	6	1|0	.	.	.	.	.	-	-	no:duplicate_of_stvar	ref	1	.	.	.	0
truth_stvar	chr13	85451158	85451158	.	1	1	0	1|0	.	.	.	.	.	-	-	yes	ref	1	.	.	.	0
truth_smvar	chr13	85451158	85451158	.	1	1	0	1|0	.	.	.	.	.	-	-	no:duplicate_of_stvar	ref	1	.	.	.	0
truth_stvar	chr13	85451161	85451161	.	1	1	0	1|0	.	.	.	.	.	-	-	yes	ref	1	.	.	.	0
truth_smvar	chr13	85451161	85451161	.	1	1	0	1|0	.	.	.	.	.	-	-	no:duplicate_of_stvar	ref	1	.	.	.	0
truth_stvar	chr13	85451167	85451167	.	1	1	0	1|0	.	.	.	.	.	-	-	yes	ref	1	.	.	.	0
truth_smvar	chr13	85451167	85451167	.	1	1	0	1|0	.	.	.	.	.	-	-	no:duplicate_of_stvar	ref	1	.	.	.	0
truth_stvar	chr13	85451168	85451168	.	1	1	0	1|0	.	.	.	.	.	-	-	yes	ref	1	.	.	.	0
truth_smvar	chr13	85451168	85451168	.	1	1	0	1|0	.	.	.	.	.	-	-	no:duplicate_of_stvar	ref	1	.	.	.	0
truth_stvar	chr13	85451169	85451169	.	1	1	0	1|0	.	.	.	.	.	-	-	yes	ref	1	.	.	.	0
truth_smvar	chr13	85451169	85451169	.	1	1	0	1|0	.	.	.	.	.	-	-	no:duplicate_of_stvar	ref	1	.	.	.	0
truth_stvar	chr13	85451174	85451174	.	1	1	0	1|0	.	.	.	.	.	-	-	yes	ref	1	.	.	.	0
truth_smvar	chr13	85451174	85451174	.	1	1	0	1|0	.	.	.	.	.	-	-	no:duplicate_of_stvar	ref	1	.	.	.	0
vg	chr13	85451187	85451195	>51598185>51598193	9	1	-8	1|0	1	6.59644	PASS	-	-	.	.	.	.	.	.	.	.	0
vg	chr13	85451199	85451217	>51598193>51598215	19	1	-18	1|0	1	12.1328	PASS	-	-	.	.	.	.	.	.	.	.	0
truth_stvar	chr13	85451200	85451200	.	1	1	0	1|0	.	.	.	.	.	-	-	yes	ref	1	.	.	.	0
truth_smvar	chr13	85451200	85451200	.	1	1	0	1|0	.	.	.	.	.	-	-	no:duplicate_of_stvar	ref	1	.	.	.	0
pangenie	chr13	85451200	85451200	chr13-85451200-SNV->49681956>49681958>49681959-1	1	1	0	0/1	1	.	PASS	-	-	.	.	.	.	.	.	.	.	0
truth_stvar	chr13	85451217	85451217	.	1	1	0	1|0	.	.	.	.	.	-	-	yes	ref	1	.	.	.	0
truth_smvar	chr13	85451217	85451217	.	1	1	0	1|0	.	.	.	.	.	-	-	no:duplicate_of_stvar	ref	1	.	.	.	0
pangenie	chr13	85451217	85451217	chr13-85451217-SNV->49681970>49681972>49681973-1	1	1	0	0/1	1	.	PASS	-	-	.	.	.	.	.	.	.	.	0
truth_stvar	chr13	85451226	85451226	.	1	1	0	1|0	.	.	.	.	.	-	-	yes	ref	1	.	.	.	0
truth_smvar	chr13	85451226	85451226	.	1	1	0	1|0	.	.	.	.	.	-	-	no:duplicate_of_stvar	ref	1	.	.	.	0
vg	chr13	85451226	85451226	>51598215>51598218	1	1	0	1|0	1	19.1054	PASS	-	-	.	.	.	.	.	.	.	.	0
pangenie	chr13	85451226	85451226	chr13-85451226-SNV->49681973>49681975>49681976-1	1	1	0	0/1	1	.	PASS	-	-	.	.	.	.	.	.	.	.	0
truth_stvar	chr13	85451229	85451229	.	1	1	0	1|0	.	.	.	.	.	-	-	yes	ref	1	.	.	.	0
truth_smvar	chr13	85451229	85451229	.	1	1	0	1|0	.	.	.	.	.	-	-	no:duplicate_of_stvar	ref	1	.	.	.	0
vg	chr13	85451229	85451229	>51598218>51598221	1	1	0	1|0	1	17.6066	PASS	-	-	.	.	.	.	.	.	.	.	0
pangenie	chr13	85451229	85451229	chr13-85451229-SNV->49681976>49681978>49681979-1	1	1	0	0/1	1	.	PASS	-	-	.	.	.	.	.	.	.	.	0
truth_stvar	chr13	85451239	85451239	.	1	1	0	1|0	.	.	.	.	.	-	-	yes	ref	1	.	.	.	0
truth_smvar	chr13	85451239	85451239	.	1	1	0	1|0	.	.	.	.	.	-	-	no:duplicate_of_stvar	ref	1	.	.	.	0
vg	chr13	85451239	85451239	>51598222>51598228	1	1	0	1|0	1	23.3704	PASS	-	-	.	.	.	.	.	.	.	.	0
pangenie	chr13	85451239	85451239	chr13-85451239-SNV->49681981>49681986>49681987-1	1	1	0	0/1	1	.	PASS	-	-	.	.	.	.	.	.	.	.	0
pangenie	chr13	85451249	85451249	chr13-85451249-INS->49681994>49681995>49681996-2	1	3	2	0/1	1	.	PASS	-	-	.	.	.	.	.	.	.	.	0
truth_stvar	chr13	85451255	85451255	.	1	5	4	1|0	.	.	.	.	.	-	-	yes	ref	1	.	.	.	0
truth_smvar	chr13	85451255	85451255	.	1	5	4	1|0	.	.	.	.	.	-	-	no:duplicate_of_stvar	ref	1	.	.	.	0
vg	chr13	85451255	85451255	>51598237>51598239	1	5	4	1|0	1	24.0038	PASS	-	-	.	.	.	.	.	.	.	.	0
truth_stvar	chr13	85451257	85451257	.	1	1	0	1|0	.	.	.	.	.	-	-	yes	ref	1	.	.	.	0
truth_smvar	chr13	85451257	85451257	.	1	1	0	1|0	.	.	.	.	.	-	-	no:duplicate_of_stvar	ref	1	.	.	.	0
vg	chr13	85451257	85451257	>51598239>51598242	1	1	0	1|0	1	23.4848	PASS	-	-	.	.	.	.	.	.	.	.	0
pangenie	chr13	85451257	85451257	chr13-85451257-INS->49681997>49681998>49681999-2	1	3	2	0/1	1	.	PASS	-	-	.	.	.	.	.	.	.	.	0
pangenie	chr13	85451273	85451273	chr13-85451273-INS->49682004>49682005>49682006>49682007>49682008>49682010>49682011>49682013>49682014>49682015>49682017>49682018>49682019>49682023>49682024-58	1	59	58	0/1	1	.	PASS	FP	-	.	.	.	.	.	.	.	371.5,371.2	0
truth_stvar	chr13	85451290	85451290	.	1	227	226	1|0	.	.	.	.	.	FN	FN	yes	ref	1	INS	2	.	0
truth_smvar	chr13	85451290	85451290	.	1	227	226	1|0	.	.	.	.	.	-	-	no:duplicate_of_stvar	ref	1	.	2	.	0
pangenie	chr13	85451290	85451290	chr13-85451290-SNV->49682029>49682031>49682032-1	1	1	0	0/1	1	.	PASS	-	-	.	.	.	.	.	.	.	.	0
pangenie	chr13	85451303	85451303	chr13-85451303-SNV->49682034>49682037>49682039-1	1	1	0	0/1	1	.	PASS	-	-	.	.	.	.	.	.	.	.	0
vg	chr13	85451313	85451313	>51598265>51598268	1	1	0	1|0	1	15.1698	PASS	-	-	.	.	.	.	.	.	.	.	0
vg	chr13	85451317	85451317	>51598268>51598271	1	1	0	1|0	1	18.0127	PASS	-	-	.	.	.	.	.	.	.	.	0
truth_stvar	chr13	85451318	85451318	.	1	1	0	1|0	.	.	.	.	.	-	-	yes	ref	1	.	.	.	0
truth_smvar	chr13	85451318	85451318	.	1	1	0	1|0	.	.	.	.	.	-	-	no:duplicate_of_stvar	ref	1	.	.	.	0
pangenie	chr13	85451318	85452429	chr13-85451318-COMPLEX->49682041>49682043>49682045>49682046>49682047>49682048>49682051>49682052>49682793-1112	1112	14	-1098	0/1	1	.	PASS	TP	-	.	.	.	.	.	.	.	371.8,371.3	0
vg	chr13	85451319	85451319	>51598273>51598280	1	21	20	1|0	1	17.3474	PASS	-	-	.	.	.	.	.	.	.	.	0
vg	chr13	85451320	85451320	>51598280>51598302	1	67	66	1|0	1	15.1656	PASS	FP	-	.	.	.	.	.	.	.	379.5,379.1	0
truth_stvar	chr13	85451346	85451346	.	1	1	0	1|0	.	.	.	.	.	-	-	yes	ref	1	.	.	.	0
truth_smvar	chr13	85451346	85451346	.	1	1	0	1|0	.	.	.	.	.	-	-	no:duplicate_of_stvar	ref	1	.	.	.	0
vg	chr13	85451346	85451346	>51598314>51598317	1	1	0	1|0	1	0.237921	PASS	-	-	.	.	.	.	.	.	.	.	0
truth_stvar	chr13	85451363	85451363	.	1	1	0	1|0	.	.	.	.	.	-	-	yes	ref	1	.	.	.	0
truth_smvar	chr13	85451363	85451363	.	1	1	0	1|0	.	.	.	.	.	-	-	no:duplicate_of_stvar	ref	1	.	.	.	0
vg	chr13	85451363	85451363	>51598328>51598331	1	1	0	1|0	1	0.224387	PASS	-	-	.	.	.	.	.	.	.	.	0
truth_stvar	chr13	85451374	85451374	.	1	1	0	1|0	.	.	.	.	.	-	-	yes	ref	1	.	.	.	0
truth_smvar	chr13	85451374	85451374	.	1	1	0	1|0	.	.	.	.	.	-	-	no:duplicate_of_stvar	ref	1	.	.	.	0
vg	chr13	85451374	85451374	>51598332>51598335	1	1	0	1|0	1	0.173152	PASS	-	-	.	.	.	.	.	.	.	.	0
truth_stvar	chr13	85451391	85451391	.	1	1	0	1|0	.	.	.	.	.	-	-	yes	ref	1	.	.	.	0
truth_smvar	chr13	85451391	85451391	.	1	1	0	1|0	.	.	.	.	.	-	-	no:duplicate_of_stvar	ref	1	.	.	.	0
vg	chr13	85451391	85451391	>51598338>51598341	1	1	0	1|0	1	0.521118	PASS	-	-	.	.	.	.	.	.	.	.	0
truth_stvar	chr13	85451402	85451402	.	1	1	0	1|0	.	.	.	.	.	-	-	yes	ref	1	.	.	.	0
truth_smvar	chr13	85451402	85451402	.	1	1	0	1|0	.	.	.	.	.	-	-	no:duplicate_of_stvar	ref	1	.	.	.	0
vg	chr13	85451402	85451402	>51598346>51598349	1	1	0	1|0	1	0.968668	PASS	-	-	.	.	.	.	.	.	.	.	0
truth_stvar	chr13	85451424	85451424	.	1	1	0	1|0	.	.	.	.	.	-	-	yes	ref	1	.	.	.	0
truth_smvar	chr13	85451424	85451424	.	1	1	0	1|0	.	.	.	.	.	-	-	no:duplicate_of_stvar	ref	1	.	.	.	0
truth_stvar	chr13	85451430	85451430	.	1	1	0	1|0	.	.	.	.	.	-	-	yes	ref	1	.	.	.	0
truth_smvar	chr13	85451430	85451430	.	1	1	0	1|0	.	.	.	.	.	-	-	no:duplicate_of_stvar	ref	1	.	.	.	0
truth_stvar	chr13	85451438	85451438	.	1	1	0	1|0	.	.	.	.	.	-	-	yes	ref	1	.	.	.	0
truth_smvar	chr13	85451438	85451438	.	1	1	0	1|0	.	.	.	.	.	-	-	no:duplicate_of_stvar	ref	1	.	.	.	0
vg	chr13	85451440	85451440	>51598516>51598519	1	1	0	1|0	1	2.34249	PASS	-	-	.	.	.	.	.	.	.	.	0
vg	chr13	85451446	85451446	>51598522>51598526	1	3	2	1|0	1	3.786	PASS	-	-	.	.	.	.	.	.	.	.	0
truth_stvar	chr13	85451448	85451448	.	1	1	0	1|0	.	.	.	.	.	-	-	yes	ref	1	.	.	.	0
truth_smvar	chr13	85451448	85451448	.	1	1	0	1|0	.	.	.	.	.	-	-	no:duplicate_of_stvar	ref	1	.	.	.	0
truth_stvar	chr13	85451449	85451449	.	1	1	0	1|0	.	.	.	.	.	-	-	yes	ref	1	.	.	.	0
truth_smvar	chr13	85451449	85451449	.	1	1	0	1|0	.	.	.	.	.	-	-	no:duplicate_of_stvar	ref	1	.	.	.	0
truth_stvar	chr13	85451456	85451456	.	1	291	290	1|0	.	.	.	.	.	FN	FN	yes	ref	1	INS	2	.	0
truth_smvar	chr13	85451456	85451456	.	1	291	290	1|0	.	.	.	.	.	-	-	no:duplicate_of_stvar	ref	1	.	2	.	0
truth_stvar	chr13	85451457	85451457	.	1	1	0	1|0	.	.	.	.	.	-	-	yes	ref	1	.	.	.	0
truth_smvar	chr13	85451457	85451457	.	1	1	0	1|0	.	.	.	.	.	-	-	no:duplicate_of_stvar	ref	1	.	.	.	0
vg	chr13	85451457	85451457	>51598533>51598548	1	21	20	1|0	1	4.12252	PASS	-	-	.	.	.	.	.	.	.	.	0
vg	chr13	85451458	85451458	>51598548>51598587	1	57	56	1|0	1	16.8552	PASS	FP	-	.	.	.	.	.	.	.	379.3,379.2	0
truth_stvar	chr13	85451474	85451474	.	1	1	0	1|0	.	.	.	.	.	-	-	yes	ref	1	.	.	.	0
truth_smvar	chr13	85451474	85451474	.	1	1	0	1|0	.	.	.	.	.	-	-	no:duplicate_of_stvar	ref	1	.	.	.	0
vg	chr13	85451474	85451474	>51598594>51598597	1	1	0	1|0	1	5.3963	PASS	-	-	.	.	.	.	.	.	.	.	0
vg	chr13	85451480	85451480	>51598602>51598606	1	3	2	1|0	1	5.34755	PASS	-	-	.	.	.	.	.	.	.	.	0
vg	chr13	85451491	85451491	>51598612>51598666	1	75	74	1|0	1	36.8658	PASS	FP	-	.	.	.	.	.	.	.	379.3,379.3	0
truth_stvar	chr13	85451499	85451499	.	1	1	0	1|0	.	.	.	.	.	-	-	yes	ref	1	.	.	.	0
truth_smvar	chr13	85451499	85451499	.	1	1	0	1|0	.	.	.	.	.	-	-	no:duplicate_of_stvar	ref	1	.	.	.	0
truth_stvar	chr13	85451500	85451500	.	1	1	0	1|0	.	.	.	.	.	-	-	yes	ref	1	.	.	.	0
truth_smvar	chr13	85451500	85451500	.	1	1	0	1|0	.	.	.	.	.	-	-	no:duplicate_of_stvar	ref	1	.	.	.	0
vg	chr13	85451508	85451508	>51598669>51598684	1	29	28	1|0	1	63.0687	PASS	-	-	.	.	.	.	.	.	.	.	0
truth_stvar	chr13	85451514	85451514	.	1	103	102	1|0	.	.	.	.	.	TP	FN	yes	ref	1	INS	2	.	0
truth_smvar	chr13	85451514	85451514	.	1	103	102	1|0	.	.	.	.	.	-	-	no:duplicate_of_stvar	ref	1	.	2	.	0
vg	chr13	85451514	85451516	>51598687>51598693	3	1	-2	1|0	1	70.1246	PASS	-	-	.	.	.	.	.	.	.	.	0
vg	chr13	85451525	85451525	>51598697>51598717	1	77	76	1|0	1	166.848	PASS	TP	-	.	.	.	.	.	.	.	379.3,379.4	0
truth_stvar	chr13	85451532	85451532	.	1	3	2	1|0	.	.	.	.	.	-	-	yes	ref	1	.	.	.	0
truth_smvar	chr13	85451532	85451532	.	1	3	2	1|0	.	.	.	.	.	-	-	no:duplicate_of_stvar	ref	1	.	.	.	0
truth_stvar	chr13	85451533	85451533	.	1	1	0	1|0	.	.	.	.	.	-	-	yes	ref	1	.	.	.	0
truth_smvar	chr13	85451533	85451533	.	1	1	0	1|0	.	.	.	.	.	-	-	no:duplicate_of_stvar	ref	1	.	.	.	0
truth_stvar	chr13	85451540	85451540	.	1	1	0	1|0	.	.	.	.	.	-	-	yes	ref	1	.	.	.	0
truth_smvar	chr13	85451540	85451540	.	1	1	0	1|0	.	.	.	.	.	-	-	no:duplicate_of_stvar	ref	1	.	.	.	0
vg	chr13	85451540	85451540	>51598728>51598736	1	11	10	1|0	1	117.554	PASS	-	-	.	.	.	.	.	.	.	.	0
truth_stvar	chr13	85451566	85451566	.	1	1	0	1|0	.	.	.	.	.	-	-	yes	ref	1	.	.	.	0
truth_smvar	chr13	85451566	85451566	.	1	1	0	1|0	.	.	.	.	.	-	-	no:duplicate_of_stvar	ref	1	.	.	.	0
vg	chr13	85451566	85451566	>51598744>51598747	1	1	0	1|0	1	99.654	PASS	-	-	.	.	.	.	.	.	.	.	0
vg	chr13	85451586	85451586	>51598752>51598764	1	25	24	1|0	1	136.122	PASS	-	-	.	.	.	.	.	.	.	.	0
truth_stvar	chr13	85451593	85451593	.	1	32	31	1|0	.	.	.	.	.	-	-	yes	ref	1	INS	8	.	0
truth_smvar	chr13	85451593	85451593	.	1	32	31	1|0	.	.	.	.	.	-	-	no:duplicate_of_stvar	ref	1	.	8	.	0
vg	chr13	85451593	85451593	>51598764>51598767	1	8	7	1|0	1	132.334	PASS	-	-	.	.	.	.	.	.	.	.	0
truth_stvar	chr13	85451611	85451611	.	1	1	0	1|0	.	.	.	.	.	-	-	yes	ref	1	.	.	.	0
truth_smvar	chr13	85451611	85451611	.	1	1	0	1|0	.	.	.	.	.	-	-	no:duplicate_of_stvar	ref	1	.	.	.	0
vg	chr13	85451611	85451611	>51598774>51598777	1	1	0	1|1	1	95.7712	PASS	-	-	.	.	.	.	.	.	.	.	0
truth_stvar	chr13	85451613	85451613	.	1	1	0	1|0	.	.	.	.	.	-	-	yes	ref	1	.	.	.	0
truth_smvar	chr13	85451613	85451613	.	1	1	0	1|0	.	.	.	.	.	-	-	no:duplicate_of_stvar	ref	1	.	.	.	0
vg	chr13	85451613	85451614	>51598777>51598782	2	2	0	1|1	1	99.313	PASS	-	-	.	.	.	.	.	.	.	.	0
truth_stvar	chr13	85451614	85451614	.	1	1	0	1|0	.	.	.	.	.	-	-	yes	ref	1	.	.	.	0
truth_smvar	chr13	85451614	85451614	.	1	1	0	1|0	.	.	.	.	.	-	-	no:duplicate_of_stvar	ref	1	.	.	.	0
truth_stvar	chr13	85451623	85451623	.	1	1	0	1|0	.	.	.	.	.	-	-	yes	ref	1	.	.	.	0
truth_smvar	chr13	85451623	85451623	.	1	1	0	1|0	.	.	.	.	.	-	-	no:duplicate_of_stvar	ref	1	.	.	.	0
vg	chr13	85451623	85451623	>51598782>51598785	1	1	0	1|1	1	114.219	PASS	-	-	.	.	.	.	.	.	.	.	0
truth_stvar	chr13	85451649	85451649	.	1	1	0	1|0	.	.	.	.	.	-	-	yes	ref	1	.	.	.	0
truth_smvar	chr13	85451649	85451649	.	1	1	0	1|0	.	.	.	.	.	-	-	no:duplicate_of_stvar	ref	1	.	.	.	0
vg	chr13	85451649	85451649	>51598790>51598793	1	1	0	1|1	1	113.658	PASS	-	-	.	.	.	.	.	.	.	.	0
truth_stvar	chr13	85451653	85451653	.	1	1	0	1|0	.	.	.	.	.	-	-	yes	ref	1	.	.	.	0
truth_smvar	chr13	85451653	85451653	.	1	1	0	1|0	.	.	.	.	.	-	-	no:duplicate_of_stvar	ref	1	.	.	.	0
vg	chr13	85451653	85451653	>51598794>51598797	1	1	0	1|1	1	114.219	PASS	-	-	.	.	.	.	.	.	.	.	0
truth_stvar	chr13	85451662	85451662	.	1	1	0	1|0	.	.	.	.	.	-	-	yes	ref	1	.	.	.	0
truth_smvar	chr13	85451662	85451662	.	1	1	0	1|0	.	.	.	.	.	-	-	no:duplicate_of_stvar	ref	1	.	.	.	0
vg	chr13	85451662	85451662	>51598798>51598801	1	1	0	1|1	1	114.234	PASS	-	-	.	.	.	.	.	.	.	.	0
truth_stvar	chr13	85451677	85451677	.	1	1	0	1|0	.	.	.	.	.	-	-	yes	ref	1	.	.	.	0
truth_smvar	chr13	85451677	85451677	.	1	1	0	1|0	.	.	.	.	.	-	-	no:duplicate_of_stvar	ref	1	.	.	.	0
vg	chr13	85451677	85451677	>51598803>51598806	1	1	0	1|1	1	98.0348	PASS	-	-	.	.	.	.	.	.	.	.	0
truth_stvar	chr13	85451680	85451680	.	1	1	0	1|0	.	.	.	.	.	-	-	yes	ref	1	.	.	.	0
truth_smvar	chr13	85451680	85451680	.	1	1	0	1|0	.	.	.	.	.	-	-	no:duplicate_of_stvar	ref	1	.	.	.	0
vg	chr13	85451680	85451680	>51598806>51598809	1	1	0	1|1	1	98.0348	PASS	-	-	.	.	.	.	.	.	.	.	0
truth_stvar	chr13	85451683	85451683	.	1	1	0	1|0	.	.	.	.	.	-	-	yes	ref	1	.	.	.	0
truth_smvar	chr13	85451683	85451683	.	1	1	0	1|0	.	.	.	.	.	-	-	no:duplicate_of_stvar	ref	1	.	.	.	0
vg	chr13	85451683	85451683	>51598809>51598812	1	1	0	1|1	1	98.0348	PASS	-	-	.	.	.	.	.	.	.	.	0
truth_stvar	chr13	85451688	85451688	.	1	1	0	1|0	.	.	.	.	.	-	-	yes	ref	1	.	.	.	0
truth_smvar	chr13	85451688	85451688	.	1	1	0	1|0	.	.	.	.	.	-	-	no:duplicate_of_stvar	ref	1	.	.	.	0
vg	chr13	85451688	85451688	>51598813>51598816	1	1	0	1|1	1	113.658	PASS	-	-	.	.	.	.	.	.	.	.	0
truth_stvar	chr13	85451710	85451716	.	7	1	6	1|0	.	.	.	.	.	-	-	yes	ref	1	.	.	.	0
truth_smvar	chr13	85451710	85451716	.	7	1	6	1|0	.	.	.	.	.	-	-	no:duplicate_of_stvar	ref	1	.	.	.	0
vg	chr13	85451710	85451716	>51598828>51598839	7	1	-6	1|1	1	98.9476	PASS	-	-	.	.	.	.	.	.	.	.	0
truth_stvar	chr13	85451731	85451731	.	1	1	0	1|0	.	.	.	.	.	-	-	yes	ref	1	.	.	.	0
truth_smvar	chr13	85451731	85451731	.	1	1	0	1|0	.	.	.	.	.	-	-	no:duplicate_of_stvar	ref	1	.	.	.	0
vg	chr13	85451731	85451731	>51598841>51598846	1	1	0	1|1	1	96.3031	PASS	-	-	.	.	.	.	.	.	.	.	0
truth_stvar	chr13	85451744	85451744	.	1	196	195	1|0	.	.	.	.	.	FN	FN	yes	ref	1	INS	2	.	0
truth_smvar	chr13	85451744	85451744	.	1	196	195	1|0	.	.	.	.	.	-	-	no:duplicate_of_stvar	ref	1	.	2	.	0
vg	chr13	85451759	85451759	>51598854>51598856	1	3	2	1|1	1	150.663	PASS	-	-	.	.	.	.	.	.	.	.	0
truth_stvar	chr13	85451773	85451773	.	1	1	0	1|0	.	.	.	.	.	-	-	yes	ref	1	.	.	.	0
truth_smvar	chr13	85451773	85451773	.	1	1	0	1|0	.	.	.	.	.	-	-	no:duplicate_of_stvar	ref	1	.	.	.	0
vg	chr13	85451773	85451773	>51598869>51598872	1	1	0	1|1	1	120.326	PASS	-	-	.	.	.	.	.	.	.	.	0
vg	chr13	85451784	85451784	>51598883>51598887	1	1	0	1|1	1	110.321	PASS	-	-	.	.	.	.	.	.	.	.	0
vg	chr13	85451802	85451839	>51598898>51598907	38	1	-37	1|1	1	121.379	PASS	-	-	.	.	.	.	.	.	.	.	0
truth_stvar	chr13	85451806	85451806	.	1	1	0	1|0	.	.	.	.	.	-	-	yes	ref	1	.	.	.	0
truth_smvar	chr13	85451806	85451806	.	1	1	0	1|0	.	.	.	.	.	-	-	no:duplicate_of_stvar	ref	1	.	.	.	0
truth_stvar	chr13	85451839	85451839	.	1	1	0	1|0	.	.	.	.	.	-	-	yes	ref	1	.	.	.	0
truth_smvar	chr13	85451839	85451839	.	1	1	0	1|0	.	.	.	.	.	-	-	no:duplicate_of_stvar	ref	1	.	.	.	0
vg	chr13	85451849	85451850	>51598911>51598913	2	1	-1	1|0	1	95.9271	PASS	-	-	.	.	.	.	.	.	.	.	0
vg	chr13	85451852	85451852	>51598913>51598915	1	2	1	1|0	1	96.252	PASS	-	-	.	.	.	.	.	.	.	.	0
truth_stvar	chr13	85451858	85451858	.	1	1	0	1|0	.	.	.	.	.	-	-	yes	ref	1	.	.	.	0
truth_smvar	chr13	85451858	85451858	.	1	1	0	1|0	.	.	.	.	.	-	-	no:duplicate_of_stvar	ref	1	.	.	.	0
vg	chr13	85451858	85451920	>51598915>51599024	63	83	20	1|1	1	137.964	PASS	-	-	.	.	.	.	.	.	.	.	0
vg	chr13	85451858	85451858	>51598916>51598919	1	1	0	1|1	1	116.241	PASS	-	-	.	.	.	.	.	.	.	.	0
truth_stvar	chr13	85451867	85451867	.	1	1	0	1|1	.	.	.	.	.	-	-	yes	yes	1	.	.	.	0
truth_smvar	chr13	85451867	85451867	.	1	1	0	1|1	.	.	.	.	.	-	-	no:duplicate_of_stvar	no:duplicate_of_stvar	1	.	.	.	0
vg	chr13	85451867	85451867	>51598925>51598929	1	1	0	1|1	1	116.237	PASS	-	-	.	.	.	.	.	.	.	.	0
pangenie	chr13	85451867	85451867	chr13-85451867-SNV->49682396>49682398>49682400-1	1	1	0	1/0	1	.	PASS	-	-	.	.	.	.	.	.	.	.	0
truth_stvar	chr13	85451872	85451872	.	1	1	0	1|0	.	.	.	.	.	-	-	yes	ref	1	.	.	.	0
truth_smvar	chr13	85451872	85451872	.	1	1	0	1|0	.	.	.	.	.	-	-	no:duplicate_of_stvar	ref	1	.	.	.	0
vg	chr13	85451872	85451872	>51598929>51598933	1	1	0	1|1	1	117.957	PASS	-	-	.	.	.	.	.	.	.	.	0
truth_stvar	chr13	85451878	85451878	.	1	1	0	1|0	.	.	.	.	.	-	-	yes	ref	1	.	.	.	0
truth_smvar	chr13	85451878	85451878	.	1	1	0	1|0	.	.	.	.	.	-	-	no:duplicate_of_stvar	ref	1	.	.	.	0
vg	chr13	85451883	85451884	>51598939>51598941	2	1	-1	1|1	1	68.0605	PASS	-	-	.	.	.	.	.	.	.	.	0
truth_stvar	chr13	85451904	85451918	.	15	1	14	1|0	.	.	.	.	.	-	-	yes	ref	1	.	.	.	0
truth_smvar	chr13	85451904	85451918	.	15	1	14	1|0	.	.	.	.	.	-	-	no:duplicate_of_stvar	ref	1	.	.	.	0
vg	chr13	85451918	85451920	>51599021>51599023	3	1	-2	1|1	1	60.0288	PASS	-	-	.	.	.	.	.	.	.	.	0
truth_stvar	chr13	85451923	85451923	.	1	1	0	1|0	.	.	.	.	.	-	-	yes	ref	1	.	.	.	0
truth_smvar	chr13	85451923	85451923	.	1	1	0	1|0	.	.	.	.	.	-	-	no:duplicate_of_stvar	ref	1	.	.	.	0
vg	chr13	85451926	85451926	>51599024>51599027	1	1	0	0|1	1	15.1158	PASS	-	-	.	.	.	.	.	.	.	.	0
truth_stvar	chr13	85451935	85451935	.	1	1	0	1|0	.	.	.	.	.	-	-	yes	ref	1	.	.	.	0
truth_smvar	chr13	85451935	85451935	.	1	1	0	1|0	.	.	.	.	.	-	-	no:duplicate_of_stvar	ref	1	.	.	.	0
vg	chr13	85451935	85451935	>51599030>51599033	1	1	0	1|1	1	41.8067	PASS	-	-	.	.	.	.	.	.	.	.	0
truth_stvar	chr13	85451937	85451937	.	1	1	0	1|0	.	.	.	.	.	-	-	yes	ref	1	.	.	.	0
truth_smvar	chr13	85451937	85451937	.	1	1	0	1|0	.	.	.	.	.	-	-	no:duplicate_of_stvar	ref	1	.	.	.	0
vg	chr13	85451940	85451940	>51599036>51599039	1	1	0	0|1	1	14.5628	PASS	-	-	.	.	.	.	.	.	.	.	0
vg	chr13	85451944	85451944	>51599042>51599048	1	11	10	1|1	1	42.4574	PASS	-	-	.	.	.	.	.	.	.	.	0
vg	chr13	85451951	85451952	>51599052>51599054	2	1	-1	1|0	1	8.80059	PASS	-	-	.	.	.	.	.	.	.	.	0
truth_stvar	chr13	85451953	85451955	.	3	1	2	1|0	.	.	.	.	.	-	-	yes	ref	1	.	.	.	0
truth_smvar	chr13	85451953	85451955	.	3	1	2	1|0	.	.	.	.	.	-	-	no:duplicate_of_stvar	ref	1	.	.	.	0
vg	chr13	85451954	85451955	>51599054>51599057	2	1	-1	1|0	1	9.27132	PASS	-	-	.	.	.	.	.	.	.	.	0
vg	chr13	85451956	85451956	>51599057>51599078	1	24	23	0|1	1	14.9768	PASS	-	-	.	.	.	.	.	.	.	.	0
vg	chr13	85451970	85451970	>51599084>51599087	1	1	0	0|1	1	0.827314	PASS	-	-	.	.	.	.	.	.	.	.	0
vg	chr13	85451988	85451988	>51599097>51599100	1	3	2	0|1	1	0.733902	PASS	-	-	.	.	.	.	.	.	.	.	0
truth_stvar	chr13	85451992	85451992	.	1	86	85	1|0	.	.	.	.	.	TP	FN	yes	ref	1	INS	2	.	0
truth_smvar	chr13	85451992	85451992	.	1	86	85	1|0	.	.	.	.	.	-	-	no:duplicate_of_stvar	ref	1	.	2	.	0
vg	chr13	85451992	85451992	>51599101>51599139	1	63	62	1|2	1	34.536	PASS	TP	-	.	.	.	.	.	.	.	379.5,379.5	0
vg	chr13	85451992	85451992	>51599101>51599139	1	34	33	1|2	1	34.536	PASS	-	-	.	.	.	.	.	.	.	.	0
vg	chr13	85452018	85452018	>51599148>51599151	1	1	0	1|0	1	16.7459	PASS	-	-	.	.	.	.	.	.	.	.	0
truth_stvar	chr13	85452037	85452037	.	1	607	606	1|0	.	.	.	.	.	FN	FN	yes	ref	1	INS	2	.	0
truth_smvar	chr13	85452037	85452037	.	1	607	606	1|0	.	.	.	.	.	-	-	no:duplicate_of_stvar	ref	1	.	2	.	0
vg	chr13	85452049	85452051	>51599171>51599177	3	1	-2	1|0	1	17.7747	PASS	-	-	.	.	.	.	.	.	.	.	0
truth_stvar	chr13	85452057	85452057	.	1	1	0	1|0	.	.	.	.	.	-	-	yes	ref	1	.	.	.	0
truth_smvar	chr13	85452057	85452057	.	1	1	0	1|0	.	.	.	.	.	-	-	no:duplicate_of_stvar	ref	1	.	.	.	0
vg	chr13	85452062	85452062	>51599179>51599198	1	53	52	1|0	1	66.8741	PASS	FP	-	.	.	.	.	.	.	.	379.5,379.6	0
truth_stvar	chr13	85452072	85452072	.	1	1	0	1|0	.	.	.	.	.	-	-	yes	ref	1	.	.	.	0
truth_smvar	chr13	85452072	85452072	.	1	1	0	1|0	.	.	.	.	.	-	-	no:duplicate_of_stvar	ref	1	.	.	.	0
vg	chr13	85452072	85452073	>51599199>51599204	2	2	0	1|0	1	67.0673	PASS	-	-	.	.	.	.	.	.	.	.	0
truth_stvar	chr13	85452073	85452073	.	1	1	0	1|0	.	.	.	.	.	-	-	yes	ref	1	.	.	.	0
truth_smvar	chr13	85452073	85452073	.	1	1	0	1|0	.	.	.	.	.	-	-	no:duplicate_of_stvar	ref	1	.	.	.	0
vg	chr13	85452086	85452086	>51599210>51599213	1	1	0	1|0	1	66.2468	PASS	-	-	.	.	.	.	.	.	.	.	0
truth_stvar	chr13	85452092	85452092	.	1	1	0	1|0	.	.	.	.	.	-	-	yes	ref	1	.	.	.	0
truth_smvar	chr13	85452092	85452092	.	1	1	0	1|0	.	.	.	.	.	-	-	no:duplicate_of_stvar	ref	1	.	.	.	0
vg	chr13	85452093	85452208	>51599213>51599262	116	1	-115	1|0	1	46.0227	PASS	FP	-	.	.	.	.	.	.	.	379.19,379.7	0
truth_stvar	chr13	85452110	85452110	.	1	5	4	1|0	.	.	.	.	.	-	-	yes	ref	1	.	.	.	0
truth_smvar	chr13	85452110	85452110	.	1	5	4	1|0	.	.	.	.	.	-	-	no:duplicate_of_stvar	ref	1	.	.	.	0
truth_stvar	chr13	85452150	85452150	.	1	7	6	1|0	.	.	.	.	.	-	-	yes	ref	1	.	.	.	0
truth_smvar	chr13	85452150	85452150	.	1	7	6	1|0	.	.	.	.	.	-	-	no:duplicate_of_stvar	ref	1	.	.	.	0
truth_stvar	chr13	85452166	85452166	.	1	1	0	1|0	.	.	.	.	.	-	-	yes	ref	1	.	.	.	0
truth_smvar	chr13	85452166	85452166	.	1	1	0	1|0	.	.	.	.	.	-	-	no:duplicate_of_stvar	ref	1	.	.	.	0
truth_stvar	chr13	85452173	85452173	.	1	5	4	1|0	.	.	.	.	.	-	-	yes	ref	1	.	.	.	0
truth_smvar	chr13	85452173	85452173	.	1	5	4	1|0	.	.	.	.	.	-	-	no:duplicate_of_stvar	ref	1	.	.	.	0
truth_stvar	chr13	85452181	85452181	.	1	1	0	1|0	.	.	.	.	.	-	-	yes	ref	1	.	.	.	0
truth_smvar	chr13	85452181	85452181	.	1	1	0	1|0	.	.	.	.	.	-	-	no:duplicate_of_stvar	ref	1	.	.	.	0
truth_stvar	chr13	85452216	85452216	.	1	1	0	1|0	.	.	.	.	.	-	-	yes	ref	1	.	.	.	0
truth_smvar	chr13	85452216	85452216	.	1	1	0	1|0	.	.	.	.	.	-	-	no:duplicate_of_stvar	ref	1	.	.	.	0
vg	chr13	85452224	85453177	>51599265>51599678	954	1	-953	1|0	1	49.7158	PASS	TP	-	.	.	.	.	.	.	.	379.8,379.8	0
truth_stvar	chr13	85452236	85452236	.	1	1	0	1|0	.	.	.	.	.	-	-	yes	ref	1	.	.	.	0
truth_smvar	chr13	85452236	85452236	.	1	1	0	1|0	.	.	.	.	.	-	-	no:duplicate_of_stvar	ref	1	.	.	.	0
truth_stvar	chr13	85452243	85452243	.	1	264	263	1|0	.	.	.	.	.	FN	FN	yes	ref	1	INS	2	.	0
truth_smvar	chr13	85452243	85452243	.	1	264	263	1|0	.	.	.	.	.	-	-	no:duplicate_of_stvar	ref	1	.	2	.	0
truth_stvar	chr13	85452251	85453246	.	996	1	995	1|0	.	.	.	.	.	TP	TP	yes	ref	1	DEL	2	.	0
truth_smvar	chr13	85452251	85453246	.	996	1	995	1|0	.	.	.	.	.	-	-	no:duplicate_of_stvar	ref	1	.	2	.	0
pangenie	chr13	85452438	85452438	chr13-85452443-INS->49682802>49682803>49682804>49682805-6	1	7	6	0/1	1	.	PASS	-	-	.	.	.	.	.	.	.	.	0
pangenie	chr13	85452446	85452446	chr13-85452446-SNV->49682805>49682807>49682808-1	1	1	0	0/1	1	.	PASS	-	-	.	.	.	.	.	.	.	.	0
pangenie	chr13	85452448	85452456	chr13-85452448-DEL->49682808>49682810>49682813-8	9	1	-8	0/1	1	.	PASS	-	-	.	.	.	.	.	.	.	.	0
pangenie	chr13	85452464	85452464	chr13-85452464-SNV->49682823>49682825>49682826-1	1	1	0	0/1	1	.	PASS	-	-	.	.	.	.	.	.	.	.	0
pangenie	chr13	85452468	85452468	chr13-85452473-INS->49682829>49682830>49682831>49682833>49682834>49682835>49682836>49682838>49682839>49682841>49682842>49682845>49682846>49682847>49682850>49682851>49682852>49682854>49682855>49682858>49682859>49682860>49682861>49682862>49682864>49682865>49682866>49682867>49682868>49682869>49682870>49682871>49682872>49682874>49682925>49682926>49682928>49682929>49682931>49682932>49682933>49682934>49682935>49682936>49682937>49682939>49682940>49682941>49682942>49682943>49682944>49682945>49682947>49682948>49682949>49682951>49682958>49682960>49682961>49682963>49682964>49682966>49682970>49682971>49682973>49682974>49682976>49682977>49682978>49682979>49682980>49682982>49682983>49682984>49682986>49682987>49682989>49682990>49682991>49682992>49682993>49682994>49682995>49682996>49682997>49682999>49683016>49683017-396	1	397	396	0/1	1	.	PASS	FP	-	.	.	.	.	.	.	.	371.7,371.4	0
pangenie	chr13	85452474	85452474	chr13-85452475-INS->49683018>49683020>49683021-2	1	3	2	0/1	1	.	PASS	-	-	.	.	.	.	.	.	.	.	0
pangenie	chr13	85452477	85452477	chr13-85452484-INS->49683035>49683036>49683037-8	1	9	8	0/1	1	.	PASS	-	-	.	.	.	.	.	.	.	.	0
pangenie	chr13	85452493	85452523	chr13-85452493-COMPLEX->49683040>49683047>49683049>49683055-31	31	2	-29	0/1	1	.	PASS	-	-	.	.	.	.	.	.	.	.	0
pangenie	chr13	85452528	85452528	chr13-85452533-INS->49683070>49683071>49683074>49683081>49683083>49683084-6	1	7	6	0/1	1	.	PASS	-	-	.	.	.	.	.	.	.	.	0
pangenie	chr13	85452539	85452569	chr13-85452539-DEL->49683086>49683101-30	31	1	-30	0/1	1	.	PASS	-	-	.	.	.	.	.	.	.	.	0
pangenie	chr13	85452573	85452573	chr13-85452573-INS->49683101>49683102>49683104>49683106-2	1	3	2	0/1	1	.	PASS	-	-	.	.	.	.	.	.	.	.	0
pangenie	chr13	85452591	85452591	chr13-85452592-INS->49683116>49683117>49683118>49683120>49683121>49683123>49683125>49683126-10	1	11	10	0/1	1	.	PASS	-	-	.	.	.	.	.	.	.	.	0
pangenie	chr13	85452598	85452600	chr13-85452598-DEL->49683134>49683136-2	3	1	-2	0/1	1	.	PASS	-	-	.	.	.	.	.	.	.	.	0
pangenie	chr13	85452604	85452604	chr13-85452604-SNV->49683139>49683141>49683142-1	1	1	0	0/1	1	.	PASS	-	-	.	.	.	.	.	.	.	.	0
pangenie	chr13	85452613	85452613	chr13-85452613-SNV->49683143>49683145>49683146-1	1	1	0	0/1	1	.	PASS	-	-	.	.	.	.	.	.	.	.	0
pangenie	chr13	85452620	85452621	chr13-85452620-COMPLEX->49683153>49683155>49683157>49683158-2	2	2	0	0/1	1	.	PASS	-	-	.	.	.	.	.	.	.	.	0
pangenie	chr13	85452624	85452624	chr13-85452624-SNV->49683159>49683162>49683163-1	1	1	0	0/1	1	.	PASS	-	-	.	.	.	.	.	.	.	.	0
pangenie	chr13	85452641	85452641	chr13-85452641-SNV->49683169>49683171>49683173-1	1	1	0	0/1	1	.	PASS	-	-	.	.	.	.	.	.	.	.	0
pangenie	chr13	85452647	85452647	chr13-85452647-INS->49683178>49683179>49683181>49683182-2	1	3	2	0/1	1	.	PASS	-	-	.	.	.	.	.	.	.	.	0
pangenie	chr13	85452649	85452649	chr13-85452649-SNV->49683182>49683184>49683186-1	1	1	0	0/1	1	.	PASS	-	-	.	.	.	.	.	.	.	.	0
pangenie	chr13	85452651	85452669	chr13-85452651-COMPLEX->49683186>49683189>49683190>49683191>49683193>49683195>49683196>49683198>49683221>49683223>49683224>49683225>49683227>49683228>49683230>49683231>49683233>49683237>49683238>49683240>49683241>49683243-71	19	71	52	0/1	1	.	PASS	FP	-	.	.	.	.	.	.	.	371.5,371.5	0
pangenie	chr13	85452676	85452677	chr13-85452676-DEL->49683243>49683246-1	2	1	-1	0/1	1	.	PASS	-	-	.	.	.	.	.	.	.	.	0
pangenie	chr13	85452680	85452681	chr13-85452680-COMPLEX->49683247>49683249>49683250-17	2	17	15	0/1	1	.	PASS	-	-	.	.	.	.	.	.	.	.	0
pangenie	chr13	85452689	85452690	chr13-85452689-COMPLEX->49683253>49683255>49683256>49683260-2	2	2	0	0/1	1	.	PASS	-	-	.	.	.	.	.	.	.	.	0
pangenie	chr13	85452705	85452705	chr13-85452705-SNV->49683263>49683265>49683266-1	1	1	0	0/1	1	.	PASS	-	-	.	.	.	.	.	.	.	.	0
pangenie	chr13	85452707	85452707	chr13-85452707-SNV->49683266>49683268>49683269-1	1	1	0	0/1	1	.	PASS	-	-	.	.	.	.	.	.	.	.	0
pangenie	chr13	85452711	85452711	chr13-85452711-SNV->49683269>49683271>49683272-1	1	1	0	0/1	1	.	PASS	-	-	.	.	.	.	.	.	.	.	0
pangenie	chr13	85452715	85452715	chr13-85452715-SNV->49683272>49683274>49683275-1	1	1	0	0/1	1	.	PASS	-	-	.	.	.	.	.	.	.	.	0
pangenie	chr13	85452718	85452718	chr13-85452725-INS->49683281>49683282>49683283-8	1	9	8	0/1	1	.	PASS	-	-	.	.	.	.	.	.	.	.	0
pangenie	chr13	85452728	85452728	chr13-85452728-SNV->49683284>49683285>49683288-1	1	1	0	0/1	1	.	PASS	-	-	.	.	.	.	.	.	.	.	0
pangenie	chr13	85452731	85452731	chr13-85452731-SNV->49683288>49683290>49683291-1	1	1	0	0/1	1	.	PASS	-	-	.	.	.	.	.	.	.	.	0
pangenie	chr13	85452735	85452735	chr13-85452735-SNV->49683291>49683293>49683294-1	1	1	0	0/1	1	.	PASS	-	-	.	.	.	.	.	.	.	.	0
pangenie	chr13	85452738	85452738	chr13-85452738-SNV->49683294>49683296>49683297-1	1	1	0	0/1	1	.	PASS	-	-	.	.	.	.	.	.	.	.	0
pangenie	chr13	85452755	85452755	chr13-85452755-SNV->49683301>49683303>49683305-1	1	1	0	0/1	1	.	PASS	-	-	.	.	.	.	.	.	.	.	0
pangenie	chr13	85452756	85452800	chr13-85452757-DEL->49683308>49683319-44	45	1	-44	0/1	1	.	PASS	-	-	.	.	.	.	.	.	.	.	0
pangenie	chr13	85452800	85452800	chr13-85452811-INS->49683335>49683337>49683339-2	1	3	2	0/1	1	.	PASS	-	-	.	.	.	.	.	.	.	.	0
pangenie	chr13	85452805	85452805	chr13-85452806-INS->49683322>49683323>49683325>49683326>49683328-4	1	5	4	0/1	1	.	PASS	-	-	.	.	.	.	.	.	.	.	0
pangenie	chr13	85452821	85452821	chr13-85452821-SNV->49683347>49683349>49683351-1	1	1	0	0/1	1	.	PASS	-	-	.	.	.	.	.	.	.	.	0
pangenie	chr13	85452823	85452823	chr13-85452824-INS->49683352>49683353>49683355>49683356>49683357>49683359>49683367>49683368-15	1	16	15	0/1	1	.	PASS	-	-	.	.	.	.	.	.	.	.	0
pangenie	chr13	85452831	85452831	chr13-85452831-SNV->49683371>49683373>49683374-1	1	1	0	0/1	1	.	PASS	-	-	.	.	.	.	.	.	.	.	0
pangenie	chr13	85452836	85452836	chr13-85452836-SNV->49683374>49683376>49683377-1	1	1	0	0/1	1	.	PASS	-	-	.	.	.	.	.	.	.	.	0
pangenie	chr13	85452840	85452840	chr13-85452840-SNV->49683377>49683379>49683380-1	1	1	0	0/1	1	.	PASS	-	-	.	.	.	.	.	.	.	.	0
pangenie	chr13	85452842	85452842	chr13-85452842-SNV->49683380>49683382>49683383-1	1	1	0	0/1	1	.	PASS	-	-	.	.	.	.	.	.	.	.	0
pangenie	chr13	85452846	85452846	chr13-85452852-INS->49683383>49683384>49683385>49683387>49683388>49683390>49683391>49683392>49683393-37	1	38	37	0/1	1	.	PASS	-	-	.	.	.	.	.	.	.	.	0
pangenie	chr13	85452860	85452863	chr13-85452862-DEL->49683398>49683403-3	4	1	-3	0/1	1	.	PASS	-	-	.	.	.	.	.	.	.	.	0
pangenie	chr13	85452861	85452861	chr13-85452861-SNV->49683395>49683397>49683398-1	1	1	0	0/1	1	.	PASS	-	-	.	.	.	.	.	.	.	.	0
pangenie	chr13	85452865	85452865	chr13-85452874-INS->49683405>49683406>49683407-2	1	3	2	0/1	1	.	PASS	-	-	.	.	.	.	.	.	.	.	0
pangenie	chr13	85452876	85452876	chr13-85452876-SNV->49683407>49683409>49683411-1	1	1	0	0/1	1	.	PASS	-	-	.	.	.	.	.	.	.	.	0
pangenie	chr13	85452882	85452882	chr13-85452882-SNV->49683411>49683413>49683414-1	1	1	0	0/1	1	.	PASS	-	-	.	.	.	.	.	.	.	.	0
pangenie	chr13	85452889	85452889	chr13-85452889-SNV->49683417>49683419>49683420-1	1	1	0	0/1	1	.	PASS	-	-	.	.	.	.	.	.	.	.	0
pangenie	chr13	85452901	85452918	chr13-85452901-DEL->49683423>49683428-17	18	1	-17	0/1	1	.	PASS	-	-	.	.	.	.	.	.	.	.	0
pangenie	chr13	85452927	85452946	chr13-85452927-DEL->49683430>49683439-19	20	1	-19	0/1	1	.	PASS	-	-	.	.	.	.	.	.	.	.	0
pangenie	chr13	85452952	85452953	chr13-85452952-DEL->49683439>49683441-1	2	1	-1	0/1	1	.	PASS	-	-	.	.	.	.	.	.	.	.	0
pangenie	chr13	85452966	85452966	chr13-85452966-SNV->49683441>49683443>49683444-1	1	1	0	0/1	1	.	PASS	-	-	.	.	.	.	.	.	.	.	0
pangenie	chr13	85452967	85452981	chr13-85452969-DEL->49683447>49683452-14	15	1	-14	0/1	1	.	PASS	-	-	.	.	.	.	.	.	.	.	0
pangenie	chr13	85452968	85452968	chr13-85452968-SNV->49683444>49683446>49683447-1	1	1	0	0/1	1	.	PASS	-	-	.	.	.	.	.	.	.	.	0
pangenie	chr13	85452994	85452994	chr13-85452994-SNV->49683468>49683470>49683471-1	1	1	0	0/1	1	.	PASS	-	-	.	.	.	.	.	.	.	.	0
pangenie	chr13	85452997	85452997	chr13-85452998-INS->49683471>49683472>49683473>49683474-28	1	29	28	0/1	1	.	PASS	-	-	.	.	.	.	.	.	.	.	0
pangenie	chr13	85453003	85453009	chr13-85453008-DEL->49683476>49683482>49683489-6	7	1	-6	0/1	1	.	PASS	-	-	.	.	.	.	.	.	.	.	0
pangenie	chr13	85453018	85453022	chr13-85453021-DEL->49683490>49683493-4	5	1	-4	0/1	1	.	PASS	-	-	.	.	.	.	.	.	.	.	0
pangenie	chr13	85453030	85453035	chr13-85453031-DEL->49683497>49683500-5	6	1	-5	0/1	1	.	PASS	-	-	.	.	.	.	.	.	.	.	0
vg	chr13	85453041	85453041	>51599589>51599612	1	63	62	.|1	1	0.0305558	PASS	FP	-	.	.	.	.	.	.	.	379.5,379.9	0
pangenie	chr13	85453045	85453055	chr13-85453049-DEL->49683502>49683510-10	11	1	-10	0/1	1	.	PASS	-	-	.	.	.	.	.	.	.	.	0
pangenie	chr13	85453072	85453094	chr13-85453073-DEL->49683518>49683528-22	23	1	-22	0/1	1	.	PASS	-	-	.	.	.	.	.	.	.	.	0
pangenie	chr13	85453099	85453099	chr13-85453103-INS->49683533>49683534>49683535>49683536>49683538>49683539-13	1	14	13	0/1	1	.	PASS	-	-	.	.	.	.	.	.	.	.	0
pangenie	chr13	85453108	85453108	chr13-85453108-INS->49683542>49683543>49683544>49683545>49683546>49683548>49683549-48	1	49	48	0/1	1	.	PASS	-	-	.	.	.	.	.	.	.	.	0
vg	chr13	85453114	85453114	>51599640>51599643	1	1	0	.|1	1	1.76547	PASS	-	-	.	.	.	.	.	.	.	.	0
pangenie	chr13	85453118	85453118	chr13-85453118-SNV->49683551>49683553>49683554-1	1	1	0	0/1	1	.	PASS	-	-	.	.	.	.	.	.	.	.	0
pangenie	chr13	85453122	85453123	chr13-85453122-DEL->49683554>49683557-1	2	1	-1	0/1	1	.	PASS	-	-	.	.	.	.	.	.	.	.	0
pangenie	chr13	85453137	85453158	chr13-85453137-DEL->49683655>49683672-21	22	1	-21	0/1	1	.	PASS	-	-	.	.	.	.	.	.	.	.	0
vg	chr13	85453148	85453148	>51599655>51599659	1	1	0	.|1	1	3.23676	PASS	-	-	.	.	.	.	.	.	.	.	0
vg	chr13	85453157	85453157	>51599662>51599666	1	1	0	.|1	1	3.66191	PASS	-	-	.	.	.	.	.	.	.	.	0
pangenie	chr13	85453163	85453177	chr13-85453165-DEL->49683683>49683691-14	15	1	-14	0/1	1	.	PASS	-	-	.	.	.	.	.	.	.	.	0
vg	chr13	85453167	85453167	>51599671>51599674	1	1	0	.|1	1	3.66381	PASS	-	-	.	.	.	.	.	.	.	.	0
vg	chr13	85453174	85453174	>51599674>51599677	1	1	0	.|1	1	3.66381	PASS	-	-	.	.	.	.	.	.	.	.	0
vg	chr13	85453183	85453183	>51599679>51599684	1	1	0	1|1	1	109.012	PASS	-	-	.	.	.	.	.	.	.	.	0
vg	chr13	85453186	85453186	>51599685>51599688	1	1	0	1|1	1	115.593	PASS	-	-	.	.	.	.	.	.	.	.	0
pangenie	chr13	85453186	85453186	chr13-85453186-SNV->49683713>49683715>49683717-1	1	1	0	0/1	1	.	PASS	-	-	.	.	.	.	.	.	.	.	0
pangenie	chr13	85453195	85453202	chr13-85453195-DEL->49683723>49683727-7	8	1	-7	0/1	1	.	PASS	-	-	.	.	.	.	.	.	.	.	0
vg	chr13	85453199	85453199	>51599702>51599704	1	2	1	1|1	1	112.674	PASS	-	-	.	.	.	.	.	.	.	.	0
vg	chr13	85453200	85453202	>51599704>51599708	3	1	-2	1|1	1	118.151	PASS	-	-	.	.	.	.	.	.	.	.	0
vg	chr13	85453207	85453211	>51599708>51599713	5	1	-4	1|1	1	111.622	PASS	-	-	.	.	.	.	.	.	.	.	0
pangenie	chr13	85453207	85453211	chr13-85453209-DEL->49683732>49683740-4	5	1	-4	0/1	1	.	PASS	-	-	.	.	.	.	.	.	.	.	0
pangenie	chr13	85453208	85453208	chr13-85453208-SNV->49683728>49683730>49683732-1	1	1	0	0/1	1	.	PASS	-	-	.	.	.	.	.	.	.	.	0
vg	chr13	85453217	85453217	>51599713>51599716	1	1	0	1|1	1	109.735	PASS	-	-	.	.	.	.	.	.	.	.	0
vg	chr13	85453225	85453225	>51599717>51599723	1	24	23	1|1	1	105.899	PASS	-	-	.	.	.	.	.	.	.	.	0
vg	chr13	85453234	85453234	>51599727>51599729	1	3	2	1|1	1	77.4979	PASS	-	-	.	.	.	.	.	.	.	.	0
pangenie	chr13	85453236	85453236	chr13-85453239-INS->49683755>49683757>49683758>49683760>49683761-3	1	4	3	0/1	1	.	PASS	-	-	.	.	.	.	.	.	.	.	0
vg	chr13	85453238	85453238	>51599729>51599731	1	5	4	1|1	1	72.172	PASS	-	-	.	.	.	.	.	.	.	.	0
vg	chr13	85453241	85453241	>51599731>51599733	1	2	1	1|1	1	55.4707	PASS	-	-	.	.	.	.	.	.	.	.	0
pangenie	chr13	85453241	85453243	chr13-85453241-DEL->49683761>49683765-2	3	1	-2	0/1	1	.	PASS	-	-	.	.	.	.	.	.	.	.	0
vg	chr13	85453243	85453243	>51599733>51599738	1	5	4	1|1	1	58.3754	PASS	-	-	.	.	.	.	.	.	.	.	0
vg	chr13	85453246	85453246	>51599739>51599742	1	1	0	1|1	1	71.2613	PASS	-	-	.	.	.	.	.	.	.	.	0
vg	chr13	85453251	85453251	>51599746>51599749	1	1	0	1|1	1	70.8275	PASS	-	-	.	.	.	.	.	.	.	.	0
vg	chr13	85453257	85453257	>51599751>51599756	1	1	0	1|1	1	71.3899	PASS	-	-	.	.	.	.	.	.	.	.	0
pangenie	chr13	85453257	85453285	chr13-85453271-DEL->49683794>49683811-28	29	1	-28	0/1	1	.	PASS	-	-	.	.	.	.	.	.	.	.	0
vg	chr13	85453271	85453272	>51599759>51599761	2	1	-1	1|1	1	88.7606	PASS	-	-	.	.	.	.	.	.	.	.	0
vg	chr13	85453273	85453277	>51599761>51599768	5	1	-4	1|1	1	92.0263	PASS	-	-	.	.	.	.	.	.	.	.	0
vg	chr13	85453284	85453284	>51599768>51599772	1	1	0	1|1	1	90.471	PASS	-	-	.	.	.	.	.	.	.	.	0
truth_stvar	chr13	85453288	85453512	.	225	1	224	1|0	.	.	.	.	.	FN	FN	yes	ref	1	DEL	2	.	0
truth_smvar	chr13	85453288	85453512	.	225	1	224	1|0	.	.	.	.	.	-	-	no:duplicate_of_stvar	ref	1	.	2	.	0
vg	chr13	85453289	85453289	>51599772>51599775	1	1	0	1|1	1	88.0631	PASS	-	-	.	.	.	.	.	.	.	.	0
vg	chr13	85453308	85453308	>51599788>51599790	1	2	1	1|1	1	58.1903	PASS	-	-	.	.	.	.	.	.	.	.	0
pangenie	chr13	85453308	85453308	chr13-85453309-INS->49683811>49683812>49683813-1	1	2	1	0/1	1	.	PASS	-	-	.	.	.	.	.	.	.	.	0
vg	chr13	85453313	85453313	>51599790>51599795	1	28	27	1|1	1	57.6178	PASS	-	-	.	.	.	.	.	.	.	.	0
pangenie	chr13	85453314	85453315	chr13-85453314-COMPLEX->49683816>49683818>49683820>49683821-2	2	2	0	0/1	1	.	PASS	-	-	.	.	.	.	.	.	.	.	0
vg	chr13	85453315	85453315	>51599795>51599800	1	5	4	1|1	1	60.3286	PASS	-	-	.	.	.	.	.	.	.	.	0
vg	chr13	85453317	85453317	>51599800>51599804	1	3	2	1|1	1	58.2038	PASS	-	-	.	.	.	.	.	.	.	.	0
pangenie	chr13	85453317	85453317	chr13-85453317-SNV->49683821>49683823>49683824-1	1	1	0	0/1	1	.	PASS	-	-	.	.	.	.	.	.	.	.	0
vg	chr13	85453321	85453321	>51599804>51599807	1	1	0	1|1	1	57.6751	PASS	-	-	.	.	.	.	.	.	.	.	0
vg	chr13	85453330	85453330	>51599809>51599812	1	1	0	1|1	1	57.6751	PASS	-	-	.	.	.	.	.	.	.	.	0
pangenie	chr13	85453330	85453330	chr13-85453330-SNV->49683831>49683833>49683834-1	1	1	0	0/1	1	.	PASS	-	-	.	.	.	.	.	.	.	.	0
vg	chr13	85453341	85453348	>51599818>51599821	8	1	-7	1|1	1	63.1734	PASS	-	-	.	.	.	.	.	.	.	.	0
pangenie	chr13	85453342	85453351	chr13-85453342-COMPLEX->49683836>49683859>49683860>49683861>49683862-10	10	9	-1	0/1	1	.	PASS	-	-	.	.	.	.	.	.	.	.	0
vg	chr13	85453355	85453355	>51599823>51599825	1	7	6	1|1	1	64.6799	PASS	-	-	.	.	.	.	.	.	.	.	0
vg	chr13	85453364	85453364	>51599828>51599832	1	1	0	1|1	1	64.6329	PASS	-	-	.	.	.	.	.	.	.	.	0
pangenie	chr13	85453364	85453364	chr13-85453364-SNV->49683867>49683869>49683870-1	1	1	0	0/1	1	.	PASS	-	-	.	.	.	.	.	.	.	.	0
vg	chr13	85453370	85453372	>51599832>51599835	3	1	-2	1|0	1	47.5037	PASS	-	-	.	.	.	.	.	.	.	.	0
pangenie	chr13	85453375	85453382	chr13-85453375-DEL->49683874>49683883-7	8	1	-7	0/1	1	.	PASS	-	-	.	.	.	.	.	.	.	.	0
vg	chr13	85453377	85453384	>51599838>51599847	8	1	-7	1|0	1	33.6439	PASS	-	-	.	.	.	.	.	.	.	.	0
pangenie	chr13	85453387	85453387	chr13-85453387-INS->49683887>49683888>49683889>49683890-4	1	5	4	0/1	1	.	PASS	-	-	.	.	.	.	.	.	.	.	0
pangenie	chr13	85453389	85453389	chr13-85453389-INS->49683890>49683892>49683896>49683897>49683898-33	1	34	33	0/1	1	.	PASS	-	-	.	.	.	.	.	.	.	.	0
vg	chr13	85453392	85453392	>51599850>51599857	1	7	6	1|0	1	30.9459	PASS	-	-	.	.	.	.	.	.	.	.	0
pangenie	chr13	85453392	85453392	chr13-85453392-SNV->49683899>49683901>49683902-1	1	1	0	0/1	1	.	PASS	-	-	.	.	.	.	.	.	.	.	0
vg	chr13	85453404	85453404	>51599861>51599863	1	2	1	1|0	1	60.0177	PASS	-	-	.	.	.	.	.	.	.	.	0
vg	chr13	85453405	85453426	>51599863>51599869	22	1	-21	1|0	1	58.5065	PASS	-	-	.	.	.	.	.	.	.	.	0
pangenie	chr13	85453407	85453407	chr13-85453407-INS->49683910>49683911>49683912>49683913>49683916>49683917-7	1	8	7	0/1	1	.	PASS	-	-	.	.	.	.	.	.	.	.	0
pangenie	chr13	85453413	85453413	chr13-85453413-SNV->49683920>49683922>49683923-1	1	1	0	0/1	1	.	PASS	-	-	.	.	.	.	.	.	.	.	0
pangenie	chr13	85453418	85453418	chr13-85453418-SNV->49683924>49683926>49683927-1	1	1	0	0/1	1	.	PASS	-	-	.	.	.	.	.	.	.	.	0
pangenie	chr13	85453418	85453430	chr13-85453419-DEL->49683927>49683932-12	13	1	-12	0/1	1	.	PASS	-	-	.	.	.	.	.	.	.	.	0
vg	chr13	85453430	85453430	>51599871>51599873	1	2	1	1|0	1	74.0313	PASS	-	-	.	.	.	.	.	.	.	.	0
vg	chr13	85453432	85453432	>51599873>51599876	1	1	0	1|0	1	72.5331	PASS	-	-	.	.	.	.	.	.	.	.	0
vg	chr13	85453433	85453435	>51599876>51599879	3	1	-2	1|0	1	73.9408	PASS	-	-	.	.	.	.	.	.	.	.	0
pangenie	chr13	85453433	85453433	chr13-85453433-SNV->49683932>49683934>49683935-1	1	1	0	0/1	1	.	PASS	-	-	.	.	.	.	.	.	.	.	0
pangenie	chr13	85453437	85453437	chr13-85453437-INS->49683938>49683939>49683940-9	1	10	9	0/1	1	.	PASS	-	-	.	.	.	.	.	.	.	.	0
vg	chr13	85453440	85453440	>51599880>51599888	1	11	10	1|0	1	74.586	PASS	-	-	.	.	.	.	.	.	.	.	0
pangenie	chr13	85453442	85453444	chr13-85453443-DEL->49683943>49683945-2	3	1	-2	0/1	1	.	PASS	-	-	.	.	.	.	.	.	.	.	0
vg	chr13	85453444	85453444	>51599888>51599891	1	1	0	1|0	1	61.7125	PASS	-	-	.	.	.	.	.	.	.	.	0
vg	chr13	85453446	85453448	>51599891>51599893	3	1	-2	1|0	1	61.6724	PASS	-	-	.	.	.	.	.	.	.	.	0
vg	chr13	85453452	85453452	>51599893>51599896	1	1	0	1|0	1	58.075	PASS	-	-	.	.	.	.	.	.	.	.	0
vg	chr13	85453454	85453454	>51599896>51599899	1	1	0	1|0	1	60.3063	PASS	-	-	.	.	.	.	.	.	.	.	0
vg	chr13	85453458	85453459	>51599899>51599901	2	1	-1	1|0	1	60.9339	PASS	-	-	.	.	.	.	.	.	.	.	0
pangenie	chr13	85453459	85453459	chr13-85453463-INS->49683952>49683954>49683957>49683958-5	1	6	5	0/1	1	.	PASS	-	-	.	.	.	.	.	.	.	.	0
pangenie	chr13	85453459	85453459	chr13-85453459-SNV->49683949>49683951>49683952-1	1	1	0	0/1	1	.	PASS	-	-	.	.	.	.	.	.	.	.	0
vg	chr13	85453482	85453483	>51599915>51599917	2	1	-1	1|0	1	57.5443	PASS	-	-	.	.	.	.	.	.	.	.	0
pangenie	chr13	85453484	85453484	chr13-85453485-INS->49683971>49683972>49683973>49683975>49683976-54	1	55	54	0/1	1	.	PASS	FP	-	.	.	.	.	.	.	.	371.5,371.6	0
vg	chr13	85453485	85453488	>51599917>51599920	4	1	-3	1|0	1	57.728	PASS	-	-	.	.	.	.	.	.	.	.	0
vg	chr13	85453494	85453495	>51599921>51599923	2	1	-1	1|0	1	54.2728	PASS	-	-	.	.	.	.	.	.	.	.	0
pangenie	chr13	85453494	85453495	chr13-85453494-DEL->49683981>49683984-1	2	1	-1	0/1	1	.	PASS	-	-	.	.	.	.	.	.	.	.	0
pangenie	chr13	85453505	85453505	chr13-85453505-SNV->49683990>49683992>49683993-1	1	1	0	0/1	1	.	PASS	-	-	.	.	.	.	.	.	.	.	0
vg	chr13	85453508	85453508	>51599929>51599931	1	7	6	1|0	1	62.9885	PASS	-	-	.	.	.	.	.	.	.	.	0
vg	chr13	85453513	85453657	>51599931>51600104	145	206	61	1|1	1	267.221	PASS	FP	-	.	.	.	.	.	.	.	379.10,379.10	0
truth_stvar	chr13	85453514	85453514	.	1	1	0	0|1	.	.	.	.	.	-	-	ref	yes	1	.	.	.	0
truth_smvar	chr13	85453514	85453514	.	1	1	0	0|1	.	.	.	.	.	-	-	ref	no:duplicate_of_stvar	1	.	.	.	0
pangenie	chr13	85453519	85453519	chr13-85453519-INS->49683999>49684000>49684001>49684003>49684004-7	1	8	7	0/1	1	.	PASS	-	-	.	.	.	.	.	.	.	.	0
pangenie	chr13	85453527	85453527	chr13-85453528-INS->49684014>49684016>49684017>49684019>49684020>49684021>49684022>49684023>49684024>49684025>49684027>49684028>49684029>49684030>49684032>49684033>49684035>49684036>49684038>49684040>49684041>49684042>49684043>49684044>49684045>49684047>49684048>49684049>49684051>49684052>49684053>49684054>49684055>49684057>49684058>49684059>49684060>49684061>49684062>49684064>49684065>49684067>49684068>49684069>49684071>49684072>49684074>49684089>49684094>49684101>49684102>49684103>49684104>49684106>49684114>49684115>49684117>49684118>49684120>49684121>49684124>49684125>49684127>49684128>49684130>49684131>49684133>49684134>49684136>49684137>49684139>49684141>49684142>49684144>49684145>49684146>49684147>49684149>49684150>49684152>49684153>49684154>49684155>49684157>49684158>49684160>49684161>49684163>49684164>49684165>49684166>49684167>49684169>49684170>49684171>49684172>49684174>49684175>49684177>49684178>49684180>49684181>49684183>49684185>49684186>49684187>49684189>49684190>49684191>49684193>49684195>49684196>49684198>49684200>49684202>49684203>49684205>49684206>49684208>49684210>49684211>49684213>49684214>49684215>49684216>49684218>49684219>49684221>49684222>49684223>49684224-1084	1	1085	1084	0/1	1	.	PASS	FP	-	.	.	.	.	.	.	.	371.8,371.7	0
vg	chr13	85453529	85453529	>51599938>51599943	1	6	5	1|1	1	75.407	PASS	-	-	.	.	.	.	.	.	.	.	0
vg	chr13	85453531	85453531	>51599943>51599946	1	1	0	1|1	1	74.2403	PASS	-	-	.	.	.	.	.	.	.	.	0
pangenie	chr13	85453531	85453531	chr13-85453531-SNV->49684225>49684227>49684228-1	1	1	0	0/1	1	.	PASS	-	-	.	.	.	.	.	.	.	.	0
truth_stvar	chr13	85453537	85453537	.	1	1	0	1|0	.	.	.	.	.	-	-	yes	ref	1	.	.	.	0
truth_smvar	chr13	85453537	85453537	.	1	1	0	1|0	.	.	.	.	.	-	-	no:duplicate_of_stvar	ref	1	.	.	.	0
truth_stvar	chr13	85453540	85453548	.	9	1	8	1|0	.	.	.	.	.	-	-	yes	ref	1	.	.	.	0
truth_smvar	chr13	85453540	85453548	.	9	1	8	1|0	.	.	.	.	.	-	-	no:duplicate_of_stvar	ref	1	.	.	.	0
pangenie	chr13	85453540	85453540	chr13-85453540-SNV->49684232>49684234>49684235-1	1	1	0	0/1	1	.	PASS	-	-	.	.	.	.	.	.	.	.	0
vg	chr13	85453548	85453548	>51599950>51599952	1	3	2	1|1	1	50.0291	PASS	-	-	.	.	.	.	.	.	.	.	0
pangenie	chr13	85453548	85453548	chr13-85453549-INS->49684239>49684241>49684242>49684244>49684245>49684247>49684248-27	1	28	27	0/1	1	.	PASS	-	-	.	.	.	.	.	.	.	.	0
vg	chr13	85453558	85453558	>51599958>51599961	1	1	0	1|1	1	58.6488	PASS	-	-	.	.	.	.	.	.	.	.	0
vg	chr13	85453560	85453565	>51599961>51599963	6	1	-5	1|1	1	56.4423	PASS	-	-	.	.	.	.	.	.	.	.	0
vg	chr13	85453567	85453567	>51599963>51599966	1	1	0	1|1	1	56.5417	PASS	-	-	.	.	.	.	.	.	.	.	0
pangenie	chr13	85453578	85453584	chr13-85453583-DEL->49684265>49684267-6	7	1	-6	0/1	1	.	PASS	-	-	.	.	.	.	.	.	.	.	0
truth_stvar	chr13	85453586	85453586	.	1	3	2	1|0	.	.	.	.	.	-	-	yes	ref	1	.	.	.	0
truth_smvar	chr13	85453586	85453586	.	1	3	2	1|0	.	.	.	.	.	-	-	no:duplicate_of_stvar	ref	1	.	.	.	0
vg	chr13	85453586	85453592	>51599975>51599980	7	1	-6	1|1	1	57.4787	PASS	-	-	.	.	.	.	.	.	.	.	0
truth_stvar	chr13	85453592	85453592	.	1	3	2	1|0	.	.	.	.	.	-	-	yes	ref	1	.	.	.	0
truth_smvar	chr13	85453592	85453592	.	1	3	2	1|0	.	.	.	.	.	-	-	no:duplicate_of_stvar	ref	1	.	.	.	0
vg	chr13	85453599	85453600	>51599983>51599985	2	1	-1	1|1	1	71.9789	PASS	-	-	.	.	.	.	.	.	.	.	0
vg	chr13	85453603	85453603	>51599985>51599987	1	5	4	1|1	1	72.9376	PASS	-	-	.	.	.	.	.	.	.	.	0
vg	chr13	85453605	85453605	>51599988>51600017	1	34	33	1|1	1	116.988	PASS	-	-	.	.	.	.	.	.	.	.	0
pangenie	chr13	85453609	85453609	chr13-85453609-SNV->49684275>49684277>49684278-1	1	1	0	0/1	1	.	PASS	-	-	.	.	.	.	.	.	.	.	0
truth_stvar	chr13	85453612	85453612	.	1	5	4	1|0	.	.	.	.	.	-	-	yes	ref	1	.	.	.	0
truth_smvar	chr13	85453612	85453612	.	1	5	4	1|0	.	.	.	.	.	-	-	no:duplicate_of_stvar	ref	1	.	.	.	0
pangenie	chr13	85453612	85453620	chr13-85453627-DEL->49684289>49684296-8	9	1	-8	0/1	1	.	PASS	-	-	.	.	.	.	.	.	.	.	0
vg	chr13	85453620	85453620	>51600023>51600026	1	3	2	1|1	1	128.031	PASS	-	-	.	.	.	.	.	.	.	.	0
truth_stvar	chr13	85453623	85453623	.	1	3	2	1|0	.	.	.	.	.	-	-	yes	ref	1	.	.	.	0
truth_smvar	chr13	85453623	85453623	.	1	3	2	1|0	.	.	.	.	.	-	-	no:duplicate_of_stvar	ref	1	.	.	.	0
vg	chr13	85453629	85453629	>51600032>51600037	1	14	13	1|1	1	128.043	PASS	-	-	.	.	.	.	.	.	.	.	0
vg	chr13	85453637	85453637	>51600042>51600045	1	1	0	1|1	1	145.267	PASS	-	-	.	.	.	.	.	.	.	.	0
vg	chr13	85453639	85453647	>51600045>51600053	9	1	-8	1|1	1	133.021	PASS	-	-	.	.	.	.	.	.	.	.	0
truth_stvar	chr13	85453647	85453647	.	1	105	104	1|0	.	.	.	.	.	FN	FN	yes	ref	1	INS	2	.	0
truth_smvar	chr13	85453647	85453647	.	1	105	104	1|0	.	.	.	.	.	-	-	no:duplicate_of_stvar	ref	1	.	2	.	0
vg	chr13	85453657	85453657	>51600085>51600095	1	14	13	1|1	1	154.774	PASS	-	-	.	.	.	.	.	.	.	.	0
pangenie	chr13	85453660	85453660	chr13-85453660-SNV->49684327>49684329>49684330-1	1	1	0	0/1	1	.	PASS	-	-	.	.	.	.	.	.	.	.	0
truth_stvar	chr13	85453664	85453664	.	1	1	0	1|0	.	.	.	.	.	-	-	yes	ref	1	.	.	.	0
truth_smvar	chr13	85453664	85453664	.	1	1	0	1|0	.	.	.	.	.	-	-	no:duplicate_of_stvar	ref	1	.	.	.	0
vg	chr13	85453665	85453665	>51600107>51600110	1	1	0	1|1	1	127.078	PASS	-	-	.	.	.	.	.	.	.	.	0
truth_stvar	chr13	85453666	85453666	.	1	1	0	1|0	.	.	.	.	.	-	-	yes	ref	1	.	.	.	0
truth_smvar	chr13	85453666	85453666	.	1	1	0	1|0	.	.	.	.	.	-	-	no:duplicate_of_stvar	ref	1	.	.	.	0
vg	chr13	85453666	85453668	>51600110>51600112	3	1	-2	1|1	1	114.492	PASS	-	-	.	.	.	.	.	.	.	.	0
pangenie	chr13	85453666	85453666	chr13-85453675-INS->49684341>49684342>49684343-2	1	3	2	0/1	1	.	PASS	-	-	.	.	.	.	.	.	.	.	0
vg	chr13	85453672	85453678	>51600113>51600116	7	1	-6	1|1	1	114.656	PASS	-	-	.	.	.	.	.	.	.	.	0
truth_stvar	chr13	85453678	85453678	.	1	1	0	1|0	.	.	.	.	.	-	-	yes	ref	1	.	.	.	0
truth_smvar	chr13	85453678	85453678	.	1	1	0	1|0	.	.	.	.	.	-	-	no:duplicate_of_stvar	ref	1	.	.	.	0
vg	chr13	85453683	85453683	>51600121>51600124	1	1	0	1|1	1	129.964	PASS	-	-	.	.	.	.	.	.	.	.	0
vg	chr13	85453685	85453685	>51600124>51600128	1	3	2	1|1	1	132.956	PASS	-	-	.	.	.	.	.	.	.	.	0
pangenie	chr13	85453686	85453686	chr13-85453689-INS->49684347>49684348>49684349-4	1	5	4	0/1	1	.	PASS	-	-	.	.	.	.	.	.	.	.	0
vg	chr13	85453687	85453687	>51600129>51600227	1	36	35	1|1	1	166.412	PASS	-	-	.	.	.	.	.	.	.	.	0
vg	chr13	85453688	85453694	>51600227>51600230	7	1	-6	1|1	1	150.021	PASS	-	-	.	.	.	.	.	.	.	.	0
vg	chr13	85453699	85453699	>51600231>51600234	1	1	0	1|1	1	164.956	PASS	-	-	.	.	.	.	.	.	.	.	0
pangenie	chr13	85453699	85453699	chr13-85453699-SNV->49684358>49684360>49684361-1	1	1	0	0/1	1	.	PASS	-	-	.	.	.	.	.	.	.	.	0
vg	chr13	85453700	85453702	>51600234>51600237	3	1	-2	1|1	1	166.812	PASS	-	-	.	.	.	.	.	.	.	.	0
truth_stvar	chr13	85453704	85453704	.	1	5	4	1|0	.	.	.	.	.	-	-	yes	ref	1	.	.	.	0
truth_smvar	chr13	85453704	85453704	.	1	5	4	1|0	.	.	.	.	.	-	-	no:duplicate_of_stvar	ref	1	.	.	.	0
vg	chr13	85453706	85453710	>51600238>51600242	5	1	-4	1|1	1	116.448	PASS	-	-	.	.	.	.	.	.	.	.	0
vg	chr13	85453713	85453713	>51600242>51600245	1	1	0	1|1	1	102.034	PASS	-	-	.	.	.	.	.	.	.	.	0
vg	chr13	85453714	85453715	>51600245>51600247	2	1	-1	1|1	1	102.479	PASS	-	-	.	.	.	.	.	.	.	.	0
truth_stvar	chr13	85453716	85453716	.	1	1	0	1|0	.	.	.	.	.	-	-	yes	ref	1	.	.	.	0
truth_smvar	chr13	85453716	85453716	.	1	1	0	1|0	.	.	.	.	.	-	-	no:duplicate_of_stvar	ref	1	.	.	.	0
vg	chr13	85453720	85453720	>51600247>51600250	1	1	0	1|1	1	100.667	PASS	-	-	.	.	.	.	.	.	.	.	0
pangenie	chr13	85453723	85453723	chr13-85453727-INS->49684380>49684381>49684382-6	1	7	6	0/1	1	.	PASS	-	-	.	.	.	.	.	.	.	.	0
vg	chr13	85453724	85453732	>51600250>51600252	9	1	-8	1|1	1	101.042	PASS	-	-	.	.	.	.	.	.	.	.	0
pangenie	chr13	85453726	85453742	chr13-85453731-DEL->49684382>49684397-16	17	1	-16	0/1	1	.	PASS	-	-	.	.	.	.	.	.	.	.	0
vg	chr13	85453733	85453735	>51600252>51600256	3	1	-2	1|1	1	100.953	PASS	-	-	.	.	.	.	.	.	.	.	0
vg	chr13	85453741	85453741	>51600257>51600261	1	1	0	1|1	1	99.7783	PASS	-	-	.	.	.	.	.	.	.	.	0
truth_stvar	chr13	85453742	85453742	.	1	3	2	1|0	.	.	.	.	.	-	-	yes	ref	1	.	.	.	0
truth_smvar	chr13	85453742	85453742	.	1	3	2	1|0	.	.	.	.	.	-	-	no:duplicate_of_stvar	ref	1	.	.	.	0
pangenie	chr13	85453742	85453744	chr13-85453748-DEL->49684397>49684401-2	3	1	-2	0/1	1	.	PASS	-	-	.	.	.	.	.	.	.	.	0
vg	chr13	85453743	85453753	>51600262>51600269	11	1	-10	1|1	1	101.044	PASS	-	-	.	.	.	.	.	.	.	.	0
truth_stvar	chr13	85453754	85453754	.	1	1	0	1|0	.	.	.	.	.	-	-	yes	ref	1	.	.	.	0
truth_smvar	chr13	85453754	85453754	.	1	1	0	1|0	.	.	.	.	.	-	-	no:duplicate_of_stvar	ref	1	.	.	.	0
pangenie	chr13	85453765	85453765	chr13-85453765-INS->49684411>49684412>49684414>49684418>49684419>49684423>49684424>49684426>49684427>49684429-20	1	21	20	0/1	1	.	PASS	-	-	.	.	.	.	.	.	.	.	0
vg	chr13	85453770	85453770	>51600278>51600280	1	3	2	1|0	1	100.19	PASS	-	-	.	.	.	.	.	.	.	.	0
vg	chr13	85453772	85453780	>51600280>51600291	9	1	-8	1|1	1	100.177	PASS	-	-	.	.	.	.	.	.	.	.	0
truth_stvar	chr13	85453780	85453780	.	1	3	2	1|0	.	.	.	.	.	-	-	yes	ref	1	.	.	.	0
truth_smvar	chr13	85453780	85453780	.	1	3	2	1|0	.	.	.	.	.	-	-	no:duplicate_of_stvar	ref	1	.	.	.	0
pangenie	chr13	85453780	85453780	chr13-85453780-INS->49684444>49684452>49684453>49684454-2	1	3	2	0/1	1	.	PASS	-	-	.	.	.	.	.	.	.	.	0
vg	chr13	85453781	85453782	>51600291>51600293	2	1	-1	1|0	1	99.815	PASS	-	-	.	.	.	.	.	.	.	.	0
vg	chr13	85453787	85453791	>51600296>51600300	5	1	-4	1|0	1	91.8197	PASS	-	-	.	.	.	.	.	.	.	.	0
truth_stvar	chr13	85453792	85453792	.	1	1	0	1|0	.	.	.	.	.	-	-	yes	ref	1	.	.	.	0
truth_smvar	chr13	85453792	85453792	.	1	1	0	1|0	.	.	.	.	.	-	-	no:duplicate_of_stvar	ref	1	.	.	.	0
vg	chr13	85453792	85453796	>51600300>51600305	5	1	-4	1|0	1	77.4185	PASS	-	-	.	.	.	.	.	.	.	.	0
pangenie	chr13	85453792	85453792	chr13-85453792-SNV->49684493>49684495>49684496-1	1	1	0	0/1	1	.	PASS	-	-	.	.	.	.	.	.	.	.	0
pangenie	chr13	85453793	85453799	chr13-85453798-DEL->49684496>49684498-6	7	1	-6	0/1	1	.	PASS	-	-	.	.	.	.	.	.	.	.	0
vg	chr13	85453807	85453807	>51600309>51600312	1	1	0	1|0	1	105.136	PASS	-	-	.	.	.	.	.	.	.	.	0
truth_stvar	chr13	85453809	85453809	.	1	1	0	1|0	.	.	.	.	.	-	-	yes	ref	1	.	.	.	0
truth_smvar	chr13	85453809	85453809	.	1	1	0	1|0	.	.	.	.	.	-	-	no:duplicate_of_stvar	ref	1	.	.	.	0
pangenie	chr13	85453812	85453812	chr13-85453812-SNV->49684504>49684507>49684508-1	1	1	0	1/0	1	.	PASS	-	-	.	.	.	.	.	.	.	.	0
vg	chr13	85453819	85453819	>51600321>51600323	1	6	5	1|0	1	121.956	PASS	-	-	.	.	.	.	.	.	.	.	0
vg	chr13	85453821	85453821	>51600323>51600327	1	1	0	1|0	1	119.479	PASS	-	-	.	.	.	.	.	.	.	.	0
pangenie	chr13	85453822	85453822	chr13-85453822-SNV->49684516>49684518>49684519-1	1	1	0	0/1	1	.	PASS	-	-	.	.	.	.	.	.	.	.	0
pangenie	chr13	85453823	85453829	chr13-85453828-DEL->49684519>49684521-6	7	1	-6	0/1	1	.	PASS	-	-	.	.	.	.	.	.	.	.	0
pangenie	chr13	85453830	85453830	chr13-85453845-INS->49684530>49684533>49684538>49684541>49684542>49684543>49684545>49684552>49684553-8	1	9	8	0/1	1	.	PASS	-	-	.	.	.	.	.	.	.	.	0
vg	chr13	85453837	85453837	>51600327>51600330	1	1	0	1|0	1	120.035	PASS	-	-	.	.	.	.	.	.	.	.	0
truth_stvar	chr13	85453839	85453839	.	1	1	0	1|0	.	.	.	.	.	-	-	yes	ref	1	.	.	.	0
truth_smvar	chr13	85453839	85453839	.	1	1	0	1|0	.	.	.	.	.	-	-	no:duplicate_of_stvar	ref	1	.	.	.	0
vg	chr13	85453851	85453851	>51600345>51600352	1	10	9	1|0	1	88.2373	PASS	-	-	.	.	.	.	.	.	.	.	0
vg	chr13	85453852	85453856	>51600352>51600355	5	1	-4	1|0	1	87.696	PASS	-	-	.	.	.	.	.	.	.	.	0
pangenie	chr13	85453852	85453852	chr13-85453852-SNV->49684569>49684572>49684573-1	1	1	0	0/1	1	.	PASS	-	-	.	.	.	.	.	.	.	.	0
vg	chr13	85453866	85453866	>51600360>51600362	1	2	1	1|0	1	74.2269	PASS	-	-	.	.	.	.	.	.	.	.	0
vg	chr13	85453868	85453903	>51600362>51600373	36	1	-35	1|0	1	67.7086	PASS	-	-	.	.	.	.	.	.	.	.	0
truth_stvar	chr13	85453869	85453869	.	1	1	0	1|0	.	.	.	.	.	-	-	yes	ref	1	.	.	.	0
truth_smvar	chr13	85453869	85453869	.	1	1	0	1|0	.	.	.	.	.	-	-	no:duplicate_of_stvar	ref	1	.	.	.	0
truth_stvar	chr13	85453872	85453961	.	90	1	89	1|0	.	.	.	.	.	FN	TP	yes	ref	1	DEL	2	.	0
truth_smvar	chr13	85453872	85453961	.	90	1	89	1|0	.	.	.	.	.	-	-	no:duplicate_of_stvar	ref	1	.	2	.	0
pangenie	chr13	85453879	85453879	chr13-85453879-SNV->49684584>49684586>49684587-1	1	1	0	0/1	1	.	PASS	-	-	.	.	.	.	.	.	.	.	0
pangenie	chr13	85453883	85453883	chr13-85453883-SNV->49684587>49684589>49684590-1	1	1	0	0/1	1	.	PASS	-	-	.	.	.	.	.	.	.	.	0
pangenie	chr13	85453892	85453892	chr13-85453892-INS->49684598>49684599>49684600>49684602>49684605>49684606>49684607>49684608>49684609>49684611>49684615>49684616>49684618>49684619-30	1	31	30	0/1	1	.	PASS	-	-	.	.	.	.	.	.	.	.	0
pangenie	chr13	85453904	85453904	chr13-85453904-SNV->49684623>49684625>49684626-1	1	1	0	0/1	1	.	PASS	-	-	.	.	.	.	.	.	.	.	0
pangenie	chr13	85453920	85453920	chr13-85453925-INS->49684639>49684640>49684641-4	1	5	4	0/1	1	.	PASS	-	-	.	.	.	.	.	.	.	.	0
pangenie	chr13	85453926	85453926	chr13-85453935-INS->49684650>49684651>49684652>49684653>49684655>49684657>49684659>49684660>49684662>49684670>49684671-32	1	33	32	0/1	1	.	PASS	-	-	.	.	.	.	.	.	.	.	0
vg	chr13	85453927	85453927	>51600382>51600386	1	8	7	1|0	1	125.155	PASS	-	-	.	.	.	.	.	.	.	.	0
vg	chr13	85453935	85453935	>51600387>51600390	1	1	0	1|0	1	136.586	PASS	-	-	.	.	.	.	.	.	.	.	0
vg	chr13	85453937	85453937	>51600390>51600393	1	1	0	1|0	1	134.946	PASS	-	-	.	.	.	.	.	.	.	.	0
pangenie	chr13	85453955	85453955	chr13-85453955-SNV->49684677>49684679>49684680-1	1	1	0	0/1	1	.	PASS	-	-	.	.	.	.	.	.	.	.	0
vg	chr13	85453960	85453970	>51600401>51600409	11	1	-10	1|0	1	127.279	PASS	-	-	.	.	.	.	.	.	.	.	0
pangenie	chr13	85453960	85453960	chr13-85453960-SNV->49684680>49684682>49684683-1	1	1	0	0/1	1	.	PASS	-	-	.	.	.	.	.	.	.	.	0
pangenie	chr13	85453961	85453961	chr13-85453961-INS->49684683>49684684>49684685>49684686>49684687>49684688>49684689-27	1	28	27	0/1	1	.	PASS	-	-	.	.	.	.	.	.	.	.	0
vg	chr13	85453972	85453972	>51600409>51600412	1	1	0	1|0	1	111.262	PASS	-	-	.	.	.	.	.	.	.	.	0
truth_stvar	chr13	85453985	85453985	.	1	1	0	1|0	.	.	.	.	.	-	-	yes	ref	1	.	.	.	0
truth_smvar	chr13	85453985	85453985	.	1	1	0	1|0	.	.	.	.	.	-	-	no:duplicate_of_stvar	ref	1	.	.	.	0
vg	chr13	85453985	85453986	>51600414>51600419	2	2	0	1|0	1	85.8661	PASS	-	-	.	.	.	.	.	.	.	.	0
pangenie	chr13	85453985	85453985	chr13-85453985-SNV->49684698>49684700>49684701-1	1	1	0	0/1	1	.	PASS	-	-	.	.	.	.	.	.	.	.	0
vg	chr13	85453988	85454003	>51600420>51600422	16	1	-15	1|0	1	84.4376	PASS	-	-	.	.	.	.	.	.	.	.	0
truth_stvar	chr13	85453990	85453990	.	1	1	0	1|0	.	.	.	.	.	-	-	yes	ref	1	.	.	.	0
truth_smvar	chr13	85453990	85453990	.	1	1	0	1|0	.	.	.	.	.	-	-	no:duplicate_of_stvar	ref	1	.	.	.	0
pangenie	chr13	85453990	85453990	chr13-85453990-SNV->49684701>49684703>49684704-1	1	1	0	0/1	1	.	PASS	-	-	.	.	.	.	.	.	.	.	0
truth_stvar	chr13	85453993	85453993	.	1	1	0	1|0	.	.	.	.	.	-	-	yes	ref	1	.	.	.	0
truth_smvar	chr13	85453993	85453993	.	1	1	0	1|0	.	.	.	.	.	-	-	no:duplicate_of_stvar	ref	1	.	.	.	0
pangenie	chr13	85453993	85453993	chr13-85453993-SNV->49684704>49684706>49684708-1	1	1	0	0/1	1	.	PASS	-	-	.	.	.	.	.	.	.	.	0
vg	chr13	85454020	85454022	>51600433>51600436	3	1	-2	1|0	1	73.6624	PASS	-	-	.	.	.	.	.	.	.	.	0
vg	chr13	85454024	85454024	>51600436>51600439	1	1	0	1|0	1	70.3855	PASS	-	-	.	.	.	.	.	.	.	.	0
truth_stvar	chr13	85454026	85454026	.	1	1	0	1|0	.	.	.	.	.	-	-	yes	ref	1	.	.	.	0
truth_smvar	chr13	85454026	85454026	.	1	1	0	1|0	.	.	.	.	.	-	-	no:duplicate_of_stvar	ref	1	.	.	.	0
vg	chr13	85454026	85454026	>51600439>51600442	1	1	0	1|0	1	72.0523	PASS	-	-	.	.	.	.	.	.	.	.	0
pangenie	chr13	85454026	85454026	chr13-85454026-SNV->49684722>49684724>49684725-1	1	1	0	0/1	1	.	PASS	-	-	.	.	.	.	.	.	.	.	0
vg	chr13	85454028	85454036	>51600442>51600452	9	1	-8	1|0	1	87.5272	PASS	-	-	.	.	.	.	.	.	.	.	0
truth_stvar	chr13	85454043	85454043	.	1	2	1	1|0	.	.	.	.	.	-	-	yes	ref	1	.	.	.	0
truth_smvar	chr13	85454043	85454043	.	1	2	1	1|0	.	.	.	.	.	-	-	no:duplicate_of_stvar	ref	1	.	.	.	0
vg	chr13	85454043	85454043	>51600452>51600455	1	2	1	1|0	1	100.129	PASS	-	-	.	.	.	.	.	.	.	.	0
pangenie	chr13	85454043	85454043	chr13-85454043-INS->49684734>49684737>49684738-1	1	2	1	0/1	1	.	PASS	-	-	.	.	.	.	.	.	.	.	0
truth_stvar	chr13	85454050	85454050	.	1	1	0	1|0	.	.	.	.	.	-	-	yes	ref	1	.	.	.	0
truth_smvar	chr13	85454050	85454050	.	1	1	0	1|0	.	.	.	.	.	-	-	no:duplicate_of_stvar	ref	1	.	.	.	0
pangenie	chr13	85454050	85454050	chr13-85454050-SNV->49684741>49684743>49684744-1	1	1	0	0/1	1	.	PASS	-	-	.	.	.	.	.	.	.	.	0
truth_stvar	chr13	85454053	85454053	.	1	1	0	1|0	.	.	.	.	.	-	-	yes	ref	1	.	.	.	0
truth_smvar	chr13	85454053	85454053	.	1	1	0	1|0	.	.	.	.	.	-	-	no:duplicate_of_stvar	ref	1	.	.	.	0
pangenie	chr13	85454053	85454053	chr13-85454053-SNV->49684744>49684746>49684747-1	1	1	0	0/1	1	.	PASS	-	-	.	.	.	.	.	.	.	.	0
vg	chr13	85454059	85454059	>51600465>51600467	1	4	3	1|0	1	101.062	PASS	-	-	.	.	.	.	.	.	.	.	0
vg	chr13	85454061	85454092	>51600467>51600477	32	1	-31	1|0	1	87.7919	PASS	-	-	.	.	.	.	.	.	.	.	0
truth_stvar	chr13	85454076	85454076	.	1	1	0	1|0	.	.	.	.	.	-	-	yes	ref	1	.	.	.	0
truth_smvar	chr13	85454076	85454076	.	1	1	0	1|0	.	.	.	.	.	-	-	no:duplicate_of_stvar	ref	1	.	.	.	0
pangenie	chr13	85454076	85454076	chr13-85454076-SNV->49684756>49684758>49684759-1	1	1	0	0/1	1	.	PASS	-	-	.	.	.	.	.	.	.	.	0
truth_stvar	chr13	85454094	85454094	.	1	1	0	1|0	.	.	.	.	.	-	-	yes	ref	1	.	.	.	0
truth_smvar	chr13	85454094	85454094	.	1	1	0	1|0	.	.	.	.	.	-	-	no:duplicate_of_stvar	ref	1	.	.	.	0
pangenie	chr13	85454094	85454094	chr13-85454094-SNV->49684764>49684766>49684767-1	1	1	0	0/1	1	.	PASS	-	-	.	.	.	.	.	.	.	.	0
vg	chr13	85454100	85454102	>51600481>51600484	3	1	-2	1|0	1	89.0534	PASS	-	-	.	.	.	.	.	.	.	.	0
truth_stvar	chr13	85454109	85454109	.	1	1	0	1|0	.	.	.	.	.	-	-	yes	ref	1	.	.	.	0
truth_smvar	chr13	85454109	85454109	.	1	1	0	1|0	.	.	.	.	.	-	-	no:duplicate_of_stvar	ref	1	.	.	.	0
vg	chr13	85454109	85454109	>51600485>51600489	1	1	0	1|0	1	87.2924	PASS	-	-	.	.	.	.	.	.	.	.	0
pangenie	chr13	85454109	85454109	chr13-85454109-SNV->49684773>49684775>49684777-1	1	1	0	0/1	1	.	PASS	-	-	.	.	.	.	.	.	.	.	0
vg	chr13	85454115	85454994	>51600489>51601005	880	325	-555	1|0	1	132.603	PASS	FP	-	.	.	.	.	.	.	.	379.6,379.11	0
truth_stvar	chr13	85454116	85454116	.	1	1	0	1|0	.	.	.	.	.	-	-	yes	ref	1	.	.	.	0
truth_smvar	chr13	85454116	85454116	.	1	1	0	1|0	.	.	.	.	.	-	-	no:duplicate_of_stvar	ref	1	.	.	.	0
pangenie	chr13	85454116	85454116	chr13-85454116-SNV->49684778>49684779>49684782-1	1	1	0	0/1	1	.	PASS	-	-	.	.	.	.	.	.	.	.	0
truth_stvar	chr13	85454132	85454132	.	1	1	0	1|0	.	.	.	.	.	-	-	yes	ref	1	.	.	.	0
truth_smvar	chr13	85454132	85454132	.	1	1	0	1|0	.	.	.	.	.	-	-	no:duplicate_of_stvar	ref	1	.	.	.	0
pangenie	chr13	85454132	85454132	chr13-85454132-SNV->49684790>49684793>49684794-1	1	1	0	0/1	1	.	PASS	-	-	.	.	.	.	.	.	.	.	0
truth_stvar	chr13	85454157	85454157	.	1	6	5	1|0	.	.	.	.	.	-	-	yes	ref	1	.	.	.	0
truth_smvar	chr13	85454157	85454157	.	1	6	5	1|0	.	.	.	.	.	-	-	no:duplicate_of_stvar	ref	1	.	.	.	0
pangenie	chr13	85454157	85454157	chr13-85454162-INS->49684811>49684812>49684813-5	1	6	5	0/1	1	.	PASS	-	-	.	.	.	.	.	.	.	.	0
pangenie	chr13	85454172	85454172	chr13-85454178-INS->49684827>49684828>49684830>49684831-18	1	19	18	0/1	1	.	PASS	-	-	.	.	.	.	.	.	.	.	0
truth_stvar	chr13	85454177	85454177	.	1	3	2	1|0	.	.	.	.	.	-	-	yes	ref	1	.	.	.	0
truth_smvar	chr13	85454177	85454177	.	1	3	2	1|0	.	.	.	.	.	-	-	no:duplicate_of_stvar	ref	1	.	.	.	0
pangenie	chr13	85454188	85454188	chr13-85454188-SNV->49684838>49684839>49684842-1	1	1	0	0/1	1	.	PASS	-	-	.	.	.	.	.	.	.	.	0
truth_stvar	chr13	85454204	85454204	.	1	1	0	1|0	.	.	.	.	.	-	-	yes	ref	1	.	.	.	0
truth_smvar	chr13	85454204	85454204	.	1	1	0	1|0	.	.	.	.	.	-	-	no:duplicate_of_stvar	ref	1	.	.	.	0
truth_stvar	chr13	85454207	85454450	.	244	1	243	1|0	.	.	.	.	.	TP	FN	yes	ref	1	DEL	2	.	0
truth_smvar	chr13	85454207	85454450	.	244	1	243	1|0	.	.	.	.	.	-	-	no:duplicate_of_stvar	ref	1	.	2	.	0
pangenie	chr13	85454224	85454224	chr13-85454226-INS->49684866>49684867>49684868>49684870>49684871-10	1	11	10	0/1	1	.	PASS	-	-	.	.	.	.	.	.	.	.	0
pangenie	chr13	85454233	85454233	chr13-85454233-SNV->49684874>49684876>49684877-1	1	1	0	0/1	1	.	PASS	-	-	.	.	.	.	.	.	.	.	0
pangenie	chr13	85454244	85454244	chr13-85454244-INS->49684885>49684886>49684887>49684888>49684889>49684891>49684892-25	1	26	25	0/1	1	.	PASS	-	-	.	.	.	.	.	.	.	.	0
pangenie	chr13	85454247	85454247	chr13-85454247-SNV->49684893>49684894>49684897-1	1	1	0	0/1	1	.	PASS	-	-	.	.	.	.	.	.	.	.	0
pangenie	chr13	85454269	85454269	chr13-85454269-INS->49684909>49684910>49684911>49684912>49684914>49684915-77	1	78	77	0/1	1	.	PASS	FP	-	.	.	.	.	.	.	.	371.5,371.8	0
pangenie	chr13	85454277	85454277	chr13-85454277-SNV->49684916>49684917>49684931-1	1	1	0	0/1	1	.	PASS	-	-	.	.	.	.	.	.	.	.	0
pangenie	chr13	85454280	85454280	chr13-85454280-SNV->49684931>49684933>49684934-1	1	1	0	0/1	1	.	PASS	-	-	.	.	.	.	.	.	.	.	0
pangenie	chr13	85454286	85454286	chr13-85454286-SNV->49684934>49684936>49684937-1	1	1	0	0/1	1	.	PASS	-	-	.	.	.	.	.	.	.	.	0
pangenie	chr13	85454289	85454289	chr13-85454289-INS->49684938>49684939>49684940-3	1	4	3	0/1	1	.	PASS	-	-	.	.	.	.	.	.	.	.	0
pangenie	chr13	85454292	85454299	chr13-85454296-DEL->49684943>49684949-7	8	1	-7	0/1	1	.	PASS	-	-	.	.	.	.	.	.	.	.	0
pangenie	chr13	85454311	85454317	chr13-85454316-DEL->49684954>49684958-6	7	1	-6	0/1	1	.	PASS	-	-	.	.	.	.	.	.	.	.	0
pangenie	chr13	85454317	85454319	chr13-85454324-DEL->49684958>49684960-2	3	1	-2	0/1	1	.	PASS	-	-	.	.	.	.	.	.	.	.	0
vg	chr13	85454325	85454326	>51600611>51600613	2	1	-1	1|0	1	85.4191	PASS	-	-	.	.	.	.	.	.	.	.	0
pangenie	chr13	85454334	85454343	chr13-85454334-DEL->49684962>49684972-9	10	1	-9	0/1	1	.	PASS	-	-	.	.	.	.	.	.	.	.	0
vg	chr13	85454336	85454336	>51600619>51600622	1	1	0	1|0	1	69.043	PASS	-	-	.	.	.	.	.	.	.	.	0
vg	chr13	85454340	85454340	>51600622>51600631	1	13	12	1|0	1	70.056	PASS	-	-	.	.	.	.	.	.	.	.	0
vg	chr13	85454342	85454342	>51600631>51600634	1	1	0	1|0	1	24.9177	PASS	-	-	.	.	.	.	.	.	.	.	0
vg	chr13	85454344	85454344	>51600634>51600638	1	1	0	1|0	1	11.1208	PASS	-	-	.	.	.	.	.	.	.	.	0
pangenie	chr13	85454359	85454373	chr13-85454362-DEL->49684980>49684987-14	15	1	-14	0/1	1	.	PASS	-	-	.	.	.	.	.	.	.	.	0
vg	chr13	85454361	85454363	>51600640>51600643	3	1	-2	1|0	1	18.0728	PASS	-	-	.	.	.	.	.	.	.	.	0
vg	chr13	85454365	85454420	>51600644>51600667	56	1	-55	1|0	1	10.2756	PASS	FP	-	.	.	.	.	.	.	.	379.5,379.12	0
pangenie	chr13	85454390	85454420	chr13-85454437-DEL->49685013>49685015-30	31	1	-30	1/0	1	.	PASS	-	-	.	.	.	.	.	.	.	.	0
pangenie	chr13	85454405	85454482	chr13-85454405-DEL->49685000>49685022>49685023-77	78	1	-77	0/1	1	.	PASS	TP	-	.	.	.	.	.	.	.	371.11,371.9	0
vg	chr13	85454439	85454441	>51600670>51600674	3	1	-2	1|0	1	6.12405	PASS	-	-	.	.	.	.	.	.	.	.	0
vg	chr13	85454448	85454449	>51600674>51600676	2	1	-1	1|0	1	18.8705	PASS	-	-	.	.	.	.	.	.	.	.	0
vg	chr13	85454450	85454467	>51600676>51600690	18	1	-17	1|0	1	19.8308	PASS	-	-	.	.	.	.	.	.	.	.	0
truth_stvar	chr13	85454452	85454452	.	1	1	0	1|0	.	.	.	.	.	-	-	yes	ref	1	.	.	.	0
truth_smvar	chr13	85454452	85454452	.	1	1	0	1|0	.	.	.	.	.	-	-	no:duplicate_of_stvar	ref	1	.	.	.	0
vg	chr13	85454469	85454489	>51600690>51600699	21	2	-19	1|0	1	19.8812	PASS	-	-	.	.	.	.	.	.	.	.	0
truth_stvar	chr13	85454485	85454485	.	1	1	0	1|0	.	.	.	.	.	-	-	yes	ref	1	.	.	.	0
truth_smvar	chr13	85454485	85454485	.	1	1	0	1|0	.	.	.	.	.	-	-	no:duplicate_of_stvar	ref	1	.	.	.	0
pangenie	chr13	85454485	85454485	chr13-85454485-SNV->49685024>49685027>49685028-1	1	1	0	0/1	1	.	PASS	-	-	.	.	.	.	.	.	.	.	0
truth_stvar	chr13	85454486	85454486	.	1	1	0	1|0	.	.	.	.	.	-	-	yes	ref	1	.	.	.	0
truth_smvar	chr13	85454486	85454486	.	1	1	0	1|0	.	.	.	.	.	-	-	no:duplicate_of_stvar	ref	1	.	.	.	0
truth_stvar	chr13	85454487	85454487	.	1	1	0	1|0	.	.	.	.	.	-	-	yes	ref	1	.	.	.	0
truth_smvar	chr13	85454487	85454487	.	1	1	0	1|0	.	.	.	.	.	-	-	no:duplicate_of_stvar	ref	1	.	.	.	0
pangenie	chr13	85454487	85454487	chr13-85454487-SNV->49685028>49685030>49685031-1	1	1	0	0/1	1	.	PASS	-	-	.	.	.	.	.	.	.	.	0
pangenie	chr13	85454489	85454489	chr13-85454489-SNV->49685031>49685033>49685034-1	1	1	0	0/1	1	.	PASS	-	-	.	.	.	.	.	.	.	.	0
truth_stvar	chr13	85454493	85454493	.	1	1	0	1|0	.	.	.	.	.	-	-	yes	ref	1	.	.	.	0
truth_smvar	chr13	85454493	85454493	.	1	1	0	1|0	.	.	.	.	.	-	-	no:duplicate_of_stvar	ref	1	.	.	.	0
truth_stvar	chr13	85454495	85454495	.	1	4	3	1|0	.	.	.	.	.	-	-	yes	ref	1	.	.	.	0
truth_smvar	chr13	85454495	85454495	.	1	4	3	1|0	.	.	.	.	.	-	-	no:duplicate_of_stvar	ref	1	.	.	.	0
vg	chr13	85454495	85454495	>51600703>51600708	1	2	1	1|0	1	19.3594	PASS	-	-	.	.	.	.	.	.	.	.	0
pangenie	chr13	85454495	85454495	chr13-85454495-INS->49685039>49685040>49685041-3	1	4	3	0/1	1	.	PASS	-	-	.	.	.	.	.	.	.	.	0
truth_stvar	chr13	85454499	85454499	.	1	1	0	1|0	.	.	.	.	.	-	-	yes	ref	1	.	.	.	0
truth_smvar	chr13	85454499	85454499	.	1	1	0	1|0	.	.	.	.	.	-	-	no:duplicate_of_stvar	ref	1	.	.	.	0
vg	chr13	85454504	85454504	>51600709>51600712	1	3	2	1|0	1	19.354	PASS	-	-	.	.	.	.	.	.	.	.	0
vg	chr13	85454511	85454511	>51600715>51600718	1	1	0	1|0	1	6.28178	PASS	-	-	.	.	.	.	.	.	.	.	0
vg	chr13	85454512	85454526	>51600718>51600725	15	1	-14	1|0	1	6.86251	PASS	-	-	.	.	.	.	.	.	.	.	0
pangenie	chr13	85454512	85454513	chr13-85454513-DEL->49685051>49685054-1	2	1	-1	0/1	1	.	PASS	-	-	.	.	.	.	.	.	.	.	0
truth_stvar	chr13	85454513	85454513	.	1	1	0	1|0	.	.	.	.	.	-	-	yes	ref	1	.	.	.	0
truth_smvar	chr13	85454513	85454513	.	1	1	0	1|0	.	.	.	.	.	-	-	no:duplicate_of_stvar	ref	1	.	.	.	0
pangenie	chr13	85454517	85454517	chr13-85454517-SNV->49685054>49685056>49685057-1	1	1	0	0/1	1	.	PASS	-	-	.	.	.	.	.	.	.	.	0
pangenie	chr13	85454519	85454526	chr13-85454520-DEL->49685061>49685071-7	8	1	-7	0/1	1	.	PASS	-	-	.	.	.	.	.	.	.	.	0
truth_stvar	chr13	85454521	85454521	.	1	5	4	1|0	.	.	.	.	.	-	-	yes	ref	1	.	.	.	0
truth_smvar	chr13	85454521	85454521	.	1	5	4	1|0	.	.	.	.	.	-	-	no:duplicate_of_stvar	ref	1	.	.	.	0
vg	chr13	85454534	85454534	>51600728>51600731	1	1	0	1|0	1	4.2375	PASS	-	-	.	.	.	.	.	.	.	.	0
vg	chr13	85454541	85454542	>51600735>51600742	2	2	0	1|0	1	6.41758	PASS	-	-	.	.	.	.	.	.	.	.	0
vg	chr13	85454550	85454550	>51600746>51600749	1	1	0	1|0	1	6.2723	PASS	-	-	.	.	.	.	.	.	.	.	0
vg	chr13	85454551	85454551	>51600749>51600751	1	19	18	1|0	1	18.903	PASS	-	-	.	.	.	.	.	.	.	.	0
pangenie	chr13	85454551	85454584	chr13-85454551-DEL->49685090>49685104-33	34	1	-33	0/1	1	.	PASS	-	-	.	.	.	.	.	.	.	.	0
truth_stvar	chr13	85454555	85454555	.	1	1	0	1|0	.	.	.	.	.	-	-	yes	ref	1	.	.	.	0
truth_smvar	chr13	85454555	85454555	.	1	1	0	1|0	.	.	.	.	.	-	-	no:duplicate_of_stvar	ref	1	.	.	.	0
vg	chr13	85454555	85454555	>51600752>51600755	1	1	0	1|0	1	19.0225	PASS	-	-	.	.	.	.	.	.	.	.	0
vg	chr13	85454560	85454560	>51600757>51600761	1	1	0	1|0	1	13.4495	PASS	-	-	.	.	.	.	.	.	.	.	0
vg	chr13	85454562	85454614	>51600761>51600776	53	1	-52	1|0	1	18.1863	PASS	FP	-	.	.	.	.	.	.	.	379.5,379.13	0
truth_stvar	chr13	85454564	85454564	.	1	1	0	1|0	.	.	.	.	.	-	-	yes	ref	1	.	.	.	0
truth_smvar	chr13	85454564	85454564	.	1	1	0	1|0	.	.	.	.	.	-	-	no:duplicate_of_stvar	ref	1	.	.	.	0
truth_stvar	chr13	85454576	85454602	.	27	1	26	1|0	.	.	.	.	.	-	-	yes	ref	1	DEL	36	.	0
truth_smvar	chr13	85454576	85454602	.	27	1	26	1|0	.	.	.	.	.	-	-	no:duplicate_of_stvar	ref	1	.	36	.	0
pangenie	chr13	85454593	85454594	chr13-85454593-DEL->49685105>49685107-1	2	1	-1	0/1	1	.	PASS	-	-	.	.	.	.	.	.	.	.	0
truth_stvar	chr13	85454603	85454603	.	1	1	0	1|0	.	.	.	.	.	-	-	yes	ref	1	.	.	.	0
truth_smvar	chr13	85454603	85454603	.	1	1	0	1|0	.	.	.	.	.	-	-	no:duplicate_of_stvar	ref	1	.	.	.	0
truth_stvar	chr13	85454606	85454606	.	1	1	0	1|0	.	.	.	.	.	-	-	yes	ref	1	.	.	.	0
truth_smvar	chr13	85454606	85454606	.	1	1	0	1|0	.	.	.	.	.	-	-	no:duplicate_of_stvar	ref	1	.	.	.	0
pangenie	chr13	85454607	85454614	chr13-85454607-DEL->49685108>49685115-7	8	1	-7	0/1	1	.	PASS	-	-	.	.	.	.	.	.	.	.	0
vg	chr13	85454616	85454622	>51600776>51600781	7	1	-6	1|0	1	25.8654	PASS	-	-	.	.	.	.	.	.	.	.	0
vg	chr13	85454628	85454628	>51600784>51600788	1	1	0	1|0	1	25.4551	PASS	-	-	.	.	.	.	.	.	.	.	0
pangenie	chr13	85454629	85454629	chr13-85454631-INS->49685121>49685128>49685129>49685130>49685131>49685133>49685134>49685135-17	1	18	17	0/1	1	.	PASS	-	-	.	.	.	.	.	.	.	.	0
truth_stvar	chr13	85454630	85454634	.	5	1	4	1|0	.	.	.	.	.	-	-	yes	ref	1	.	.	.	0
truth_smvar	chr13	85454630	85454634	.	5	1	4	1|0	.	.	.	.	.	-	-	no:duplicate_of_stvar	ref	1	.	.	.	0
vg	chr13	85454630	85454644	>51600789>51600793	15	1	-14	1|0	1	25.9179	PASS	-	-	.	.	.	.	.	.	.	.	0
truth_stvar	chr13	85454635	85454635	.	1	1	0	1|0	.	.	.	.	.	-	-	yes	ref	1	.	.	.	0
truth_smvar	chr13	85454635	85454635	.	1	1	0	1|0	.	.	.	.	.	-	-	no:duplicate_of_stvar	ref	1	.	.	.	0
vg	chr13	85454649	85454649	>51600795>51600799	1	1	0	1|0	1	39.8398	PASS	-	-	.	.	.	.	.	.	.	.	0
vg	chr13	85454652	85454654	>51600802>51600804	3	1	-2	1|0	1	40.3518	PASS	-	-	.	.	.	.	.	.	.	.	0
truth_stvar	chr13	85454653	85454653	.	1	1	0	1|0	.	.	.	.	.	-	-	yes	ref	1	.	.	.	0
truth_smvar	chr13	85454653	85454653	.	1	1	0	1|0	.	.	.	.	.	-	-	no:duplicate_of_stvar	ref	1	.	.	.	0
vg	chr13	85454658	85454658	>51600808>51600818	1	17	16	1|0	1	55.4288	PASS	-	-	.	.	.	.	.	.	.	.	0
pangenie	chr13	85454660	85454681	chr13-85454661-DEL->49685149>49685165-21	22	1	-21	0/1	1	.	PASS	-	-	.	.	.	.	.	.	.	.	0
vg	chr13	85454669	85454671	>51600819>51600827	3	1	-2	1|0	1	55.3076	PASS	-	-	.	.	.	.	.	.	.	.	0
truth_stvar	chr13	85454680	85454680	.	1	1	0	1|0	.	.	.	.	.	-	-	yes	ref	1	.	.	.	0
truth_smvar	chr13	85454680	85454680	.	1	1	0	1|0	.	.	.	.	.	-	-	no:duplicate_of_stvar	ref	1	.	.	.	0
truth_stvar	chr13	85454681	85454681	.	1	6	5	1|0	.	.	.	.	.	-	-	yes	ref	1	.	.	.	0
truth_smvar	chr13	85454681	85454681	.	1	6	5	1|0	.	.	.	.	.	-	-	no:duplicate_of_stvar	ref	1	.	.	.	0
vg	chr13	85454682	85454692	>51600827>51600836	11	3	-8	1|0	1	55.2717	PASS	-	-	.	.	.	.	.	.	.	.	0
vg	chr13	85454696	85454696	>51600838>51600840	1	6	5	1|1	1	84.9756	PASS	-	-	.	.	.	.	.	.	.	.	0
truth_stvar	chr13	85454702	85454702	.	1	1	0	1|0	.	.	.	.	.	-	-	yes	ref	1	.	.	.	0
truth_smvar	chr13	85454702	85454702	.	1	1	0	1|0	.	.	.	.	.	-	-	no:duplicate_of_stvar	ref	1	.	.	.	0
truth_stvar	chr13	85454704	85454704	.	1	1	0	1|0	.	.	.	.	.	-	-	yes	ref	1	.	.	.	0
truth_smvar	chr13	85454704	85454704	.	1	1	0	1|0	.	.	.	.	.	-	-	no:duplicate_of_stvar	ref	1	.	.	.	0
truth_stvar	chr13	85454709	85454709	.	1	2	1	1|0	.	.	.	.	.	-	-	yes	ref	1	.	.	.	0
truth_smvar	chr13	85454709	85454709	.	1	2	1	1|0	.	.	.	.	.	-	-	no:duplicate_of_stvar	ref	1	.	.	.	0
pangenie	chr13	85454709	85454709	chr13-85454709-INS->49685200>49685202>49685203>49685204-8	1	9	8	0/1	1	.	PASS	-	-	.	.	.	.	.	.	.	.	0
vg	chr13	85454710	85454711	>51600846>51600850	2	2	0	1|1	1	85.0958	PASS	-	-	.	.	.	.	.	.	.	.	0
pangenie	chr13	85454723	85454723	chr13-85454724-INS->49685215>49685217>49685218-1	1	2	1	0/1	1	.	PASS	-	-	.	.	.	.	.	.	.	.	0
vg	chr13	85454730	85454730	>51600854>51600857	1	1	0	1|1	1	84.0667	PASS	-	-	.	.	.	.	.	.	.	.	0
truth_stvar	chr13	85454732	85454732	.	1	1	0	1|0	.	.	.	.	.	-	-	yes	ref	1	.	.	.	0
truth_smvar	chr13	85454732	85454732	.	1	1	0	1|0	.	.	.	.	.	-	-	no:duplicate_of_stvar	ref	1	.	.	.	0
vg	chr13	85454732	85454732	>51600857>51600860	1	1	0	1|1	1	83.5041	PASS	-	-	.	.	.	.	.	.	.	.	0
truth_stvar	chr13	85454736	85454736	.	1	1	0	1|0	.	.	.	.	.	-	-	yes	ref	1	.	.	.	0
truth_smvar	chr13	85454736	85454736	.	1	1	0	1|0	.	.	.	.	.	-	-	no:duplicate_of_stvar	ref	1	.	.	.	0
pangenie	chr13	85454738	85454739	chr13-85454739-DEL->49685230>49685234-1	2	1	-1	0/1	1	.	PASS	-	-	.	.	.	.	.	.	.	.	0
truth_stvar	chr13	85454739	85454739	.	1	4	3	1|0	.	.	.	.	.	-	-	yes	ref	1	.	.	.	0
truth_smvar	chr13	85454739	85454739	.	1	4	3	1|0	.	.	.	.	.	-	-	no:duplicate_of_stvar	ref	1	.	.	.	0
pangenie	chr13	85454739	85454798	chr13-85454741-DEL->49685234>49685282-59	60	1	-59	0/1	1	.	PASS	FP	-	.	.	.	.	.	.	.	371.5,371.10	0
vg	chr13	85454741	85454741	>51600863>51600866	1	1	0	1|1	1	81.7889	PASS	-	-	.	.	.	.	.	.	.	.	0
vg	chr13	85454749	85454751	>51600870>51600877	3	1	-2	1|1	1	68.2936	PASS	-	-	.	.	.	.	.	.	.	.	0
truth_stvar	chr13	85454755	85454755	.	1	1	0	1|0	.	.	.	.	.	-	-	yes	ref	1	.	.	.	0
truth_smvar	chr13	85454755	85454755	.	1	1	0	1|0	.	.	.	.	.	-	-	no:duplicate_of_stvar	ref	1	.	.	.	0
vg	chr13	85454770	85454770	>51600895>51600899	1	1	0	1|1	1	83.5041	PASS	-	-	.	.	.	.	.	.	.	.	0
vg	chr13	85454771	85454771	>51600899>51600901	1	11	10	1|1	1	84.8539	PASS	-	-	.	.	.	.	.	.	.	.	0
vg	chr13	85454773	85454785	>51600902>51600908	13	1	-12	1|1	1	68.554	PASS	-	-	.	.	.	.	.	.	.	.	0
vg	chr13	85454794	85454994	>51600908>51601004	201	1	-200	1|1	1	46.4007	PASS	TP	-	.	.	.	.	.	.	.	379.12,379.14	0
truth_stvar	chr13	85454800	85454800	.	1	1	0	1|0	.	.	.	.	.	-	-	yes	ref	1	.	.	.	0
truth_smvar	chr13	85454800	85454800	.	1	1	0	1|0	.	.	.	.	.	-	-	no:duplicate_of_stvar	ref	1	.	.	.	0
truth_stvar	chr13	85454802	85454802	.	1	1	0	1|0	.	.	.	.	.	-	-	yes	ref	1	.	.	.	0
truth_smvar	chr13	85454802	85454802	.	1	1	0	1|0	.	.	.	.	.	-	-	no:duplicate_of_stvar	ref	1	.	.	.	0
pangenie	chr13	85454808	85454818	chr13-85454809-DEL->49685287>49685292-10	11	1	-10	0/1	1	.	PASS	-	-	.	.	.	.	.	.	.	.	0
truth_stvar	chr13	85454810	85454810	.	1	1	0	1|0	.	.	.	.	.	-	-	yes	ref	1	.	.	.	0
truth_smvar	chr13	85454810	85454810	.	1	1	0	1|0	.	.	.	.	.	-	-	no:duplicate_of_stvar	ref	1	.	.	.	0
truth_stvar	chr13	85454811	85454811	.	1	1	0	1|0	.	.	.	.	.	-	-	yes	ref	1	.	.	.	0
truth_smvar	chr13	85454811	85454811	.	1	1	0	1|0	.	.	.	.	.	-	-	no:duplicate_of_stvar	ref	1	.	.	.	0
truth_stvar	chr13	85454816	85454816	.	1	2	1	1|0	.	.	.	.	.	-	-	yes	ref	1	.	.	.	0
truth_smvar	chr13	85454816	85454816	.	1	2	1	1|0	.	.	.	.	.	-	-	no:duplicate_of_stvar	ref	1	.	.	.	0
truth_stvar	chr13	85454818	85454818	.	1	1	0	1|0	.	.	.	.	.	-	-	yes	ref	1	.	.	.	0
truth_smvar	chr13	85454818	85454818	.	1	1	0	1|0	.	.	.	.	.	-	-	no:duplicate_of_stvar	ref	1	.	.	.	0
pangenie	chr13	85454823	85454829	chr13-85454823-DEL->49685295>49685302-6	7	1	-6	0/1	1	.	PASS	-	-	.	.	.	.	.	.	.	.	0
pangenie	chr13	85454832	85454841	chr13-85454832-DEL->49685303>49685305-9	10	1	-9	0/1	1	.	PASS	-	-	.	.	.	.	.	.	.	.	0
truth_stvar	chr13	85454839	85454839	.	1	205	204	1|0	.	.	.	.	.	FN	FN	yes	ref	1	INS	36	.	0
truth_smvar	chr13	85454839	85454839	.	1	205	204	1|0	.	.	.	.	.	-	-	no:duplicate_of_stvar	ref	1	.	36	.	0
truth_stvar	chr13	85454841	85454841	.	1	1	0	1|0	.	.	.	.	.	-	-	yes	ref	1	.	.	.	0
truth_smvar	chr13	85454841	85454841	.	1	1	0	1|0	.	.	.	.	.	-	-	no:duplicate_of_stvar	ref	1	.	.	.	0
pangenie	chr13	85454841	85454841	chr13-85454845-INS->49685305>49685306>49685307-8	1	9	8	0/1	1	.	PASS	-	-	.	.	.	.	.	.	.	.	0
truth_stvar	chr13	85454861	85454861	.	1	1	0	1|0	.	.	.	.	.	-	-	yes	ref	1	.	.	.	0
truth_smvar	chr13	85454861	85454861	.	1	1	0	1|0	.	.	.	.	.	-	-	no:duplicate_of_stvar	ref	1	.	.	.	0
pangenie	chr13	85454861	85454861	chr13-85454861-SNV->49685321>49685323>49685324-1	1	1	0	0/1	1	.	PASS	-	-	.	.	.	.	.	.	.	.	0
pangenie	chr13	85454866	85454866	chr13-85454866-SNV->49685331>49685333>49685334-1	1	1	0	0/1	1	.	PASS	-	-	.	.	.	.	.	.	.	.	0
pangenie	chr13	85454867	85454869	chr13-85454868-DEL->49685334>49685336-2	3	1	-2	0/1	1	.	PASS	-	-	.	.	.	.	.	.	.	.	0
truth_stvar	chr13	85454869	85454869	.	1	1	0	1|0	.	.	.	.	.	-	-	yes	ref	1	.	.	.	0
truth_smvar	chr13	85454869	85454869	.	1	1	0	1|0	.	.	.	.	.	-	-	no:duplicate_of_stvar	ref	1	.	.	.	0
truth_stvar	chr13	85454872	85454872	.	1	1	0	1|0	.	.	.	.	.	-	-	yes	ref	1	.	.	.	0
truth_smvar	chr13	85454872	85454872	.	1	1	0	1|0	.	.	.	.	.	-	-	no:duplicate_of_stvar	ref	1	.	.	.	0
pangenie	chr13	85454884	85454884	chr13-85454887-INS->49685347>49685348>49685349-8	1	9	8	0/1	1	.	PASS	-	-	.	.	.	.	.	.	.	.	0
truth_stvar	chr13	85454898	85454905	.	8	1	7	1|0	.	.	.	.	.	-	-	yes	ref	1	.	.	.	0
truth_smvar	chr13	85454898	85454905	.	8	1	7	1|0	.	.	.	.	.	-	-	no:duplicate_of_stvar	ref	1	.	.	.	0
pangenie	chr13	85454905	85454905	chr13-85454905-SNV->49685362>49685364>49685365-1	1	1	0	0/1	1	.	PASS	-	-	.	.	.	.	.	.	.	.	0
pangenie	chr13	85454916	85454916	chr13-85454916-SNV->49685368>49685370>49685371-1	1	1	0	0/1	1	.	PASS	-	-	.	.	.	.	.	.	.	.	0
truth_stvar	chr13	85454919	85454919	.	1	1	0	1|0	.	.	.	.	.	-	-	yes	ref	1	.	.	.	0
truth_smvar	chr13	85454919	85454919	.	1	1	0	1|0	.	.	.	.	.	-	-	no:duplicate_of_stvar	ref	1	.	.	.	0
truth_stvar	chr13	85454927	85454927	.	1	1	0	1|0	.	.	.	.	.	-	-	yes	ref	1	.	.	.	0
truth_smvar	chr13	85454927	85454927	.	1	1	0	1|0	.	.	.	.	.	-	-	no:duplicate_of_stvar	ref	1	.	.	.	0
truth_stvar	chr13	85454942	85454946	.	5	1	4	1|0	.	.	.	.	.	-	-	yes	ref	1	.	.	.	0
truth_smvar	chr13	85454942	85454946	.	5	1	4	1|0	.	.	.	.	.	-	-	no:duplicate_of_stvar	ref	1	.	.	.	0
pangenie	chr13	85454948	85454948	chr13-85454948-SNV->49685398>49685400>49685401-1	1	1	0	0/1	1	.	PASS	-	-	.	.	.	.	.	.	.	.	0
pangenie	chr13	85454956	85454958	chr13-85454956-DEL->49685403>49685407-2	3	1	-2	0/1	1	.	PASS	-	-	.	.	.	.	.	.	.	.	0
truth_stvar	chr13	85454957	85454957	.	1	1	0	1|0	.	.	.	.	.	-	-	yes	ref	1	.	.	.	0
truth_smvar	chr13	85454957	85454957	.	1	1	0	1|0	.	.	.	.	.	-	-	no:duplicate_of_stvar	ref	1	.	.	.	0
pangenie	chr13	85454966	85454966	chr13-85454966-INS->49685412>49685414>49685415-3	1	4	3	0/1	1	.	PASS	-	-	.	.	.	.	.	.	.	.	0
pangenie	chr13	85454968	85454968	chr13-85454971-INS->49685418>49685419>49685420-4	1	5	4	0/1	1	.	PASS	-	-	.	.	.	.	.	.	.	.	0
pangenie	chr13	85454968	85454994	chr13-85454981-DEL->49685420>49685442-26	27	1	-26	0/1	1	.	PASS	-	-	.	.	.	.	.	.	.	.	0
truth_stvar	chr13	85454970	85454970	.	1	1	0	1|0	.	.	.	.	.	-	-	yes	ref	1	.	.	.	0
truth_smvar	chr13	85454970	85454970	.	1	1	0	1|0	.	.	.	.	.	-	-	no:duplicate_of_stvar	ref	1	.	.	.	0
truth_stvar	chr13	85454974	85454982	.	9	1	8	1|0	.	.	.	.	.	-	-	yes	ref	1	.	.	.	0
truth_smvar	chr13	85454974	85454982	.	9	1	8	1|0	.	.	.	.	.	-	-	no:duplicate_of_stvar	ref	1	.	.	.	0
truth_stvar	chr13	85454992	85454992	.	1	1	0	1|0	.	.	.	.	.	-	-	yes	ref	1	.	.	.	0
truth_smvar	chr13	85454992	85454992	.	1	1	0	1|0	.	.	.	.	.	-	-	no:duplicate_of_stvar	ref	1	.	.	.	0
vg	chr13	85455003	85456544	>51601005>51605005	1542	1211	-331	1|0	1	3351.62	PASS	FP	-	.	.	.	.	.	.	.	379.15,379.15	0
truth_stvar	chr13	85455006	85455010	.	5	1	4	1|0	.	.	.	.	.	-	-	yes	ref	1	.	.	.	0
truth_smvar	chr13	85455006	85455010	.	5	1	4	1|0	.	.	.	.	.	-	-	no:duplicate_of_stvar	ref	1	.	.	.	0
truth_stvar	chr13	85455018	85455018	.	1	1	0	1|0	.	.	.	.	.	-	-	yes	ref	1	.	.	.	0
truth_smvar	chr13	85455018	85455018	.	1	1	0	1|0	.	.	.	.	.	-	-	no:duplicate_of_stvar	ref	1	.	.	.	0
pangenie	chr13	85455018	85455018	chr13-85455018-SNV->49685442>49685444>49685445-1	1	1	0	0/1	1	.	PASS	-	-	.	.	.	.	.	.	.	.	0
truth_stvar	chr13	85455020	85455020	.	1	1	0	1|0	.	.	.	.	.	-	-	yes	ref	1	.	.	.	0
truth_smvar	chr13	85455020	85455020	.	1	1	0	1|0	.	.	.	.	.	-	-	no:duplicate_of_stvar	ref	1	.	.	.	0
pangenie	chr13	85455022	85455022	chr13-85455023-INS->49685445>49685446>49685447-2	1	3	2	0/1	1	.	PASS	-	-	.	.	.	.	.	.	.	.	0
truth_stvar	chr13	85455037	85455037	.	1	1	0	1|0	.	.	.	.	.	-	-	yes	ref	1	.	.	.	0
truth_smvar	chr13	85455037	85455037	.	1	1	0	1|0	.	.	.	.	.	-	-	no:duplicate_of_stvar	ref	1	.	.	.	0
pangenie	chr13	85455037	85455037	chr13-85455037-SNV->49685447>49685449>49685450-1	1	1	0	0/1	1	.	PASS	-	-	.	.	.	.	.	.	.	.	0
pangenie	chr13	85455054	85455054	chr13-85455054-SNV->49685464>49685466>49685467-1	1	1	0	0/1	1	.	PASS	-	-	.	.	.	.	.	.	.	.	0
truth_stvar	chr13	85455055	85455055	.	1	1	0	1|0	.	.	.	.	.	-	-	yes	ref	1	.	.	.	0
truth_smvar	chr13	85455055	85455055	.	1	1	0	1|0	.	.	.	.	.	-	-	no:duplicate_of_stvar	ref	1	.	.	.	0
pangenie	chr13	85455056	85455056	chr13-85455057-INS->49685467>49685468>49685469-2	1	3	2	0/1	1	.	PASS	-	-	.	.	.	.	.	.	.	.	0
pangenie	chr13	85455058	85455072	chr13-85455060-DEL->49685469>49685477-14	15	1	-14	0/1	1	.	PASS	-	-	.	.	.	.	.	.	.	.	0
truth_stvar	chr13	85455061	85455061	.	1	1	0	1|0	.	.	.	.	.	-	-	yes	ref	1	.	.	.	0
truth_smvar	chr13	85455061	85455061	.	1	1	0	1|0	.	.	.	.	.	-	-	no:duplicate_of_stvar	ref	1	.	.	.	0
truth_stvar	chr13	85455062	85455062	.	1	1	0	1|0	.	.	.	.	.	-	-	yes	ref	1	.	.	.	0
truth_smvar	chr13	85455062	85455062	.	1	1	0	1|0	.	.	.	.	.	-	-	no:duplicate_of_stvar	ref	1	.	.	.	0
truth_stvar	chr13	85455079	85455079	.	1	5	4	1|0	.	.	.	.	.	-	-	yes	ref	1	.	.	.	0
truth_smvar	chr13	85455079	85455079	.	1	5	4	1|0	.	.	.	.	.	-	-	no:duplicate_of_stvar	ref	1	.	.	.	0
truth_stvar	chr13	85455080	85455080	.	1	1	0	1|0	.	.	.	.	.	-	-	yes	ref	1	.	.	.	0
truth_smvar	chr13	85455080	85455080	.	1	1	0	1|0	.	.	.	.	.	-	-	no:duplicate_of_stvar	ref	1	.	.	.	0
pangenie	chr13	85455080	85455080	chr13-85455087-INS->49685482>49685483>49685486>49685487-28	1	29	28	0/1	1	.	PASS	-	-	.	.	.	.	.	.	.	.	0
truth_stvar	chr13	85455098	85455098	.	1	1	0	1|0	.	.	.	.	.	-	-	yes	ref	1	.	.	.	0
truth_smvar	chr13	85455098	85455098	.	1	1	0	1|0	.	.	.	.	.	-	-	no:duplicate_of_stvar	ref	1	.	.	.	0
pangenie	chr13	85455098	85455098	chr13-85455098-SNV->49685490>49685492>49685493-1	1	1	0	0/1	1	.	PASS	-	-	.	.	.	.	.	.	.	.	0
truth_stvar	chr13	85455106	85455106	.	1	1	0	1|0	.	.	.	.	.	-	-	yes	ref	1	.	.	.	0
truth_smvar	chr13	85455106	85455106	.	1	1	0	1|0	.	.	.	.	.	-	-	no:duplicate_of_stvar	ref	1	.	.	.	0
pangenie	chr13	85455106	85455107	chr13-85455106-COMPLEX->49685501>49685503>49685504-2	2	2	0	0/1	1	.	PASS	-	-	.	.	.	.	.	.	.	.	0
truth_stvar	chr13	85455107	85455107	.	1	1	0	1|0	.	.	.	.	.	-	-	yes	ref	1	.	.	.	0
truth_smvar	chr13	85455107	85455107	.	1	1	0	1|0	.	.	.	.	.	-	-	no:duplicate_of_stvar	ref	1	.	.	.	0
pangenie	chr13	85455126	85455126	chr13-85455133-INS->49685516>49685517>49685518>49685520>49685521>49685522>49685523>49685525-54	1	55	54	0/1	1	.	PASS	FP	-	.	.	.	.	.	.	.	371.5,371.11	0
truth_stvar	chr13	85455135	85455135	.	1	1	0	1|0	.	.	.	.	.	-	-	yes	ref	1	.	.	.	0
truth_smvar	chr13	85455135	85455135	.	1	1	0	1|0	.	.	.	.	.	-	-	no:duplicate_of_stvar	ref	1	.	.	.	0
truth_stvar	chr13	85455137	85455137	.	1	1	0	1|0	.	.	.	.	.	-	-	yes	ref	1	.	.	.	0
truth_smvar	chr13	85455137	85455137	.	1	1	0	1|0	.	.	.	.	.	-	-	no:duplicate_of_stvar	ref	1	.	.	.	0
pangenie	chr13	85455144	85455144	chr13-85455151-INS->49685529>49685530>49685531-16	1	17	16	0/1	1	.	PASS	-	-	.	.	.	.	.	.	.	.	0
truth_stvar	chr13	85455152	85455152	.	1	1	0	1|0	.	.	.	.	.	-	-	yes	ref	1	.	.	.	0
truth_smvar	chr13	85455152	85455152	.	1	1	0	1|0	.	.	.	.	.	-	-	no:duplicate_of_stvar	ref	1	.	.	.	0
truth_stvar	chr13	85455163	85455163	.	1	1	0	1|0	.	.	.	.	.	-	-	yes	ref	1	.	.	.	0
truth_smvar	chr13	85455163	85455163	.	1	1	0	1|0	.	.	.	.	.	-	-	no:duplicate_of_stvar	ref	1	.	.	.	0
pangenie	chr13	85455164	85455164	chr13-85455164-SNV->49685534>49685536>49685537-1	1	1	0	0/1	1	.	PASS	-	-	.	.	.	.	.	.	.	.	0
truth_stvar	chr13	85455166	85455166	.	1	1	0	1|0	.	.	.	.	.	-	-	yes	ref	1	.	.	.	0
truth_smvar	chr13	85455166	85455166	.	1	1	0	1|0	.	.	.	.	.	-	-	no:duplicate_of_stvar	ref	1	.	.	.	0
pangenie	chr13	85455166	85455166	chr13-85455166-SNV->49685537>49685539>49685540-1	1	1	0	0/1	1	.	PASS	-	-	.	.	.	.	.	.	.	.	0
truth_stvar	chr13	85455172	85455172	.	1	145	144	1|0	.	.	.	.	.	FN	FN	yes	ref	1	INS	36	.	0
truth_smvar	chr13	85455172	85455172	.	1	145	144	1|0	.	.	.	.	.	-	-	no:duplicate_of_stvar	ref	1	.	36	.	0
truth_stvar	chr13	85455179	85455179	.	1	1	0	1|0	.	.	.	.	.	-	-	yes	ref	1	.	.	.	0
truth_smvar	chr13	85455179	85455179	.	1	1	0	1|0	.	.	.	.	.	-	-	no:duplicate_of_stvar	ref	1	.	.	.	0
truth_stvar	chr13	85455180	85455180	.	1	1	0	1|0	.	.	.	.	.	-	-	yes	ref	1	.	.	.	0
truth_smvar	chr13	85455180	85455180	.	1	1	0	1|0	.	.	.	.	.	-	-	no:duplicate_of_stvar	ref	1	.	.	.	0
pangenie	chr13	85455185	85455185	chr13-85455185-SNV->49685558>49685559>49685562-1	1	1	0	0/1	1	.	PASS	-	-	.	.	.	.	.	.	.	.	0
pangenie	chr13	85455192	85455192	chr13-85455192-SNV->49685565>49685568>49685569-1	1	1	0	0/1	1	.	PASS	-	-	.	.	.	.	.	.	.	.	0
pangenie	chr13	85455194	85455194	chr13-85455196-INS->49685574>49685575>49685576>49685577-6	1	7	6	0/1	1	.	PASS	-	-	.	.	.	.	.	.	.	.	0
truth_stvar	chr13	85455206	85455206	.	1	1	0	1|0	.	.	.	.	.	-	-	yes	ref	1	.	.	.	0
truth_smvar	chr13	85455206	85455206	.	1	1	0	1|0	.	.	.	.	.	-	-	no:duplicate_of_stvar	ref	1	.	.	.	0
truth_stvar	chr13	85455207	85455207	.	1	1	0	0|1	.	.	.	.	.	-	-	ref	yes	1	.	.	.	0
truth_smvar	chr13	85455207	85455207	.	1	1	0	0|1	.	.	.	.	.	-	-	ref	no:duplicate_of_stvar	1	.	.	.	0
truth_stvar	chr13	85455208	85455208	.	1	1	0	1|0	.	.	.	.	.	-	-	yes	ref	1	.	.	.	0
truth_smvar	chr13	85455208	85455208	.	1	1	0	1|0	.	.	.	.	.	-	-	no:duplicate_of_stvar	ref	1	.	.	.	0
pangenie	chr13	85455208	85455212	chr13-85455209-DEL->49685580>49685585-4	5	1	-4	0/1	1	.	PASS	-	-	.	.	.	.	.	.	.	.	0
truth_stvar	chr13	85455212	85455212	.	1	1	0	1|0	.	.	.	.	.	-	-	yes	ref	1	.	.	.	0
truth_smvar	chr13	85455212	85455212	.	1	1	0	1|0	.	.	.	.	.	-	-	no:duplicate_of_stvar	ref	1	.	.	.	0
truth_stvar	chr13	85455214	85455214	.	1	1	0	1|0	.	.	.	.	.	-	-	yes	ref	1	.	.	.	0
truth_smvar	chr13	85455214	85455214	.	1	1	0	1|0	.	.	.	.	.	-	-	no:duplicate_of_stvar	ref	1	.	.	.	0
pangenie	chr13	85455220	85455221	chr13-85455220-COMPLEX->49685587>49685589>49685590>49685591-2	2	2	0	0/1	1	.	PASS	-	-	.	.	.	.	.	.	.	.	0
pangenie	chr13	85455230	85455230	chr13-85455230-SNV->49685591>49685593>49685595-1	1	1	0	0/1	1	.	PASS	-	-	.	.	.	.	.	.	.	.	0
pangenie	chr13	85455230	85455290	chr13-85455233-DEL->49685599>49685634-60	61	1	-60	0/1	1	.	PASS	FP	-	.	.	.	.	.	.	.	371.5,371.12	0
truth_stvar	chr13	85455231	85456535	.	1305	1	1304	1|0	.	.	.	.	.	FN	TP	yes	ref	1	DEL	36	.	0
truth_smvar	chr13	85455231	85456535	.	1305	1	1304	1|0	.	.	.	.	.	-	-	no:duplicate_of_stvar	ref	1	.	36	.	0
pangenie	chr13	85455303	85455307	chr13-85455306-DEL->49685649>49685652-4	5	1	-4	0/1	1	.	PASS	-	-	.	.	.	.	.	.	.	.	0
pangenie	chr13	85455312	85455312	chr13-85455320-INS->49685658>49685659>49685664>49685665>49685666-4	1	5	4	0/1	1	.	PASS	-	-	.	.	.	.	.	.	.	.	0
pangenie	chr13	85455312	85455313	chr13-85455312-COMPLEX->49685652>49685654>49685655>49685658-2	2	2	0	0/1	1	.	PASS	-	-	.	.	.	.	.	.	.	.	0
pangenie	chr13	85455339	85455339	chr13-85455339-SNV->49685672>49685674>49685675-1	1	1	0	0/1	1	.	PASS	-	-	.	.	.	.	.	.	.	.	0
pangenie	chr13	85455342	85455342	chr13-85455342-SNV->49685675>49685677>49685678-1	1	1	0	0/1	1	.	PASS	-	-	.	.	.	.	.	.	.	.	0
pangenie	chr13	85455344	85455414	chr13-85455349-DEL->49685684>49685699-70	71	1	-70	0/1	1	.	PASS	FP	-	.	.	.	.	.	.	.	371.5,371.13	0
pangenie	chr13	85455421	85455457	chr13-85455421-DEL->49685699>49685713>49685721-36	37	1	-36	0/1	1	.	PASS	-	-	.	.	.	.	.	.	.	.	0
pangenie	chr13	85455438	85455438	chr13-85455438-SNV->49685705>49685707>49685708-1	1	1	0	1/0	1	.	PASS	-	-	.	.	.	.	.	.	.	.	0
pangenie	chr13	85455459	85456535	chr13-85455463-DEL->49685721>49686161-1076	1077	1	-1076	0/1	1	.	PASS	TP	-	.	.	.	.	.	.	.	371.15,371.14	0
truth_stvar	chr13	85455747	85455747	.	1	1	0	1|0	.	.	.	.	.	-	-	no:star_allele	ref	1	.	.	.	0
truth_stvar	chr13	85455747	85455747	.	1	1	0	0|1	.	.	.	.	.	-	-	ref	yes	1	.	.	.	0
truth_smvar	chr13	85455747	85455747	.	1	1,1	0	2|1	.	.	.	.	.	-	-	no:star_allele	no:duplicate_of_stvar	1	.	.	.	0
pangenie	chr13	85455904	85455904	chr13-85455979-INS->49685935>49685938>49685939>49685941-34	1	35	34	1/0	1	.	PASS	-	-	.	.	.	.	.	.	.	.	0
pangenie	chr13	85456006	85456006	chr13-85456013-INS->49685950>49685951>49685952-2	1	3	2	1/0	1	.	PASS	-	-	.	.	.	.	.	.	.	.	0
pangenie	chr13	85456068	85456068	chr13-85456068-SNV->49685970>49685972>49685973-1	1	1	0	1/0	1	.	PASS	-	-	.	.	.	.	.	.	.	.	0
pangenie	chr13	85456076	85456078	chr13-85456083-DEL->49685978>49685980-2	3	1	-2	1/0	1	.	PASS	-	-	.	.	.	.	.	.	.	.	0
pangenie	chr13	85456104	85456104	chr13-85456104-SNV->49685983>49685985>49685986-1	1	1	0	1/0	1	.	PASS	-	-	.	.	.	.	.	.	.	.	0
pangenie	chr13	85456112	85456112	chr13-85456119-INS->49685988>49685989>49685990-2	1	3	2	1/0	1	.	PASS	-	-	.	.	.	.	.	.	.	.	0
pangenie	chr13	85456538	85456538	chr13-85456547-INS->49686165>49686166>49686167>49686169>49686170>49686172-18	1	19	18	0/1	1	.	PASS	-	-	.	.	.	.	.	.	.	.	0
vg	chr13	85456550	85456552	>51602048>51602050	3	1	-2	1|0	1	5.34098	PASS	-	-	.	.	.	.	.	.	.	.	0
pangenie	chr13	85456553	85456561	chr13-85456553-DEL->49686177>49686183-8	9	1	-8	0/1	1	.	PASS	-	-	.	.	.	.	.	.	.	.	0
vg	chr13	85456554	85456556	>51602050>51602052	3	1	-2	1|0	1	5.34098	PASS	-	-	.	.	.	.	.	.	.	.	0
truth_stvar	chr13	85456556	85456556	.	1	1	0	1|0	.	.	.	.	.	-	-	yes	ref	1	.	.	.	0
truth_smvar	chr13	85456556	85456556	.	1	1	0	1|0	.	.	.	.	.	-	-	no:duplicate_of_stvar	ref	1	.	.	.	0
vg	chr13	85456560	85456564	>51602053>51602056	5	1	-4	1|0	1	7.72048	PASS	-	-	.	.	.	.	.	.	.	.	0
truth_stvar	chr13	85456561	85456561	.	1	1	0	1|0	.	.	.	.	.	-	-	yes	ref	1	.	.	.	0
truth_smvar	chr13	85456561	85456561	.	1	1	0	1|0	.	.	.	.	.	-	-	no:duplicate_of_stvar	ref	1	.	.	.	0
vg	chr13	85456567	85456572	>51602056>51602062	6	1	-5	1|0	1	10.2837	PASS	-	-	.	.	.	.	.	.	.	.	0
vg	chr13	85456583	85456583	>51602066>51602071	1	1	0	1|0	1	12.7823	PASS	-	-	.	.	.	.	.	.	.	.	0
truth_stvar	chr13	85456584	85456584	.	1	1	0	1|0	.	.	.	.	.	-	-	yes	ref	1	.	.	.	0
truth_smvar	chr13	85456584	85456584	.	1	1	0	1|0	.	.	.	.	.	-	-	no:duplicate_of_stvar	ref	1	.	.	.	0
truth_stvar	chr13	85456589	85456589	.	1	1	0	1|0	.	.	.	.	.	-	-	yes	ref	1	.	.	.	0
truth_smvar	chr13	85456589	85456589	.	1	1	0	1|0	.	.	.	.	.	-	-	no:duplicate_of_stvar	ref	1	.	.	.	0
vg	chr13	85456589	85456590	>51602074>51602079	2	2	0	1|0	1	13.1436	PASS	-	-	.	.	.	.	.	.	.	.	0
pangenie	chr13	85456589	85456589	chr13-85456589-SNV->49686191>49686193>49686194-1	1	1	0	0/1	1	.	PASS	-	-	.	.	.	.	.	.	.	.	0
vg	chr13	85456597	85456597	>51602082>51602084	1	8	7	1|0	1	15.6875	PASS	-	-	.	.	.	.	.	.	.	.	0
vg	chr13	85456600	85456600	>51602084>51602087	1	1	0	1|0	1	15.5875	PASS	-	-	.	.	.	.	.	.	.	.	0
vg	chr13	85456603	85456605	>51602090>51602094	3	1	-2	1|0	1	11.0624	PASS	-	-	.	.	.	.	.	.	.	.	0
truth_stvar	chr13	85456612	85456612	.	1	1	0	1|0	.	.	.	.	.	-	-	yes	ref	1	.	.	.	0
truth_smvar	chr13	85456612	85456612	.	1	1	0	1|0	.	.	.	.	.	-	-	no:duplicate_of_stvar	ref	1	.	.	.	0
pangenie	chr13	85456612	85456612	chr13-85456612-SNV->49686210>49686211>49686214-1	1	1	0	0/1	1	.	PASS	-	-	.	.	.	.	.	.	.	.	0
truth_stvar	chr13	85456618	85456618	.	1	1	0	1|0	.	.	.	.	.	-	-	yes	ref	1	.	.	.	0
truth_smvar	chr13	85456618	85456618	.	1	1	0	1|0	.	.	.	.	.	-	-	no:duplicate_of_stvar	ref	1	.	.	.	0
vg	chr13	85456618	85456619	>51602102>51602106	2	1	-1	1|0	1	10.9362	PASS	-	-	.	.	.	.	.	.	.	.	0
pangenie	chr13	85456618	85456618	chr13-85456618-SNV->49686215>49686218>49686219-1	1	1	0	0/1	1	.	PASS	-	-	.	.	.	.	.	.	.	.	0
vg	chr13	85456628	85456628	>51602110>51602114	1	1	0	1|0	1	4.2801	PASS	-	-	.	.	.	.	.	.	.	.	0
truth_stvar	chr13	85456633	85456633	.	1	1	0	1|0	.	.	.	.	.	-	-	yes	ref	1	.	.	.	0
truth_smvar	chr13	85456633	85456633	.	1	1	0	1|0	.	.	.	.	.	-	-	no:duplicate_of_stvar	ref	1	.	.	.	0
vg	chr13	85456635	85456635	>51602116>51602119	1	1	0	1|0	1	3.99475	PASS	-	-	.	.	.	.	.	.	.	.	0
truth_stvar	chr13	85456640	85456640	.	1	1	0	1|0	.	.	.	.	.	-	-	yes	ref	1	.	.	.	0
truth_smvar	chr13	85456640	85456640	.	1	1	0	1|0	.	.	.	.	.	-	-	no:duplicate_of_stvar	ref	1	.	.	.	0
pangenie	chr13	85456640	85456640	chr13-85456640-SNV->49686229>49686231>49686232-1	1	1	0	0/1	1	.	PASS	-	-	.	.	.	.	.	.	.	.	0
vg	chr13	85456645	85456646	>51602128>51602131	2	1	-1	1|0	1	2.63503	PASS	-	-	.	.	.	.	.	.	.	.	0
pangenie	chr13	85456646	85456646	chr13-85456653-INS->49686240>49686241>49686242-2	1	3	2	0/1	1	.	PASS	-	-	.	.	.	.	.	.	.	.	0
truth_stvar	chr13	85456647	85456647	.	1	1	0	1|0	.	.	.	.	.	-	-	yes	ref	1	.	.	.	0
truth_smvar	chr13	85456647	85456647	.	1	1	0	1|0	.	.	.	.	.	-	-	no:duplicate_of_stvar	ref	1	.	.	.	0
vg	chr13	85456654	85456654	>51602134>51602138	1	1	0	1|0	1	22.3433	PASS	-	-	.	.	.	.	.	.	.	.	0
pangenie	chr13	85456654	85456654	chr13-85456661-INS->49686246>49686247>49686248-2	1	3	2	0/1	1	.	PASS	-	-	.	.	.	.	.	.	.	.	0
vg	chr13	85456655	85456655	>51602138>51602146	1	30	29	1|0	1	25.0127	PASS	-	-	.	.	.	.	.	.	.	.	0
vg	chr13	85456658	85456658	>51602149>51602151	1	3	2	1|0	1	13.2896	PASS	-	-	.	.	.	.	.	.	.	.	0
pangenie	chr13	85456659	85456659	chr13-85456659-SNV->49686243>49686245>49686246-1	1	1	0	0/1	1	.	PASS	-	-	.	.	.	.	.	.	.	.	0
pangenie	chr13	85456664	85456664	chr13-85456664-SNV->49686248>49686250>49686251-1	1	1	0	0/1	1	.	PASS	-	-	.	.	.	.	.	.	.	.	0
truth_stvar	chr13	85456666	85456666	.	1	7	6	1|0	.	.	.	.	.	-	-	yes	ref	1	.	.	.	0
truth_smvar	chr13	85456666	85456666	.	1	7	6	1|0	.	.	.	.	.	-	-	no:duplicate_of_stvar	ref	1	.	.	.	0
truth_stvar	chr13	85456670	85456670	.	1	1	0	1|0	.	.	.	.	.	-	-	yes	ref	1	.	.	.	0
truth_smvar	chr13	85456670	85456670	.	1	1	0	1|0	.	.	.	.	.	-	-	no:duplicate_of_stvar	ref	1	.	.	.	0
vg	chr13	85456670	85456670	>51602154>51602157	1	1	0	1|0	1	12.9854	PASS	-	-	.	.	.	.	.	.	.	.	0
pangenie	chr13	85456671	85456671	chr13-85456671-SNV->49686253>49686255>49686256-1	1	1	0	0/1	1	.	PASS	-	-	.	.	.	.	.	.	.	.	0
truth_stvar	chr13	85456685	85456965	.	281	1	280	1|0	.	.	.	.	.	FN	FN	yes	ref	1	DEL	36	.	0
truth_smvar	chr13	85456685	85456965	.	281	1	280	1|0	.	.	.	.	.	-	-	no:duplicate_of_stvar	ref	1	.	36	.	0
pangenie	chr13	85456686	85456696	chr13-85456686-DEL->49686267>49686270>49686279-10	11	1	-10	0/1	1	.	PASS	-	-	.	.	.	.	.	.	.	.	0
vg	chr13	85456690	85456690	>51602168>51602173	1	3	2	1|0	1	33.0777	PASS	-	-	.	.	.	.	.	.	.	.	0
pangenie	chr13	85456702	85456702	chr13-85456703-INS->49686288>49686289>49686291>49686292-2	1	3	2	0/1	1	.	PASS	-	-	.	.	.	.	.	.	.	.	0
vg	chr13	85456704	85456704	>51602181>51602184	1	1	0	1|0	1	32.5172	PASS	-	-	.	.	.	.	.	.	.	.	0
vg	chr13	85456706	85456706	>51602184>51602189	1	1	0	1|0	1	32.4677	PASS	-	-	.	.	.	.	.	.	.	.	0
pangenie	chr13	85456708	85456714	chr13-85456713-DEL->49686298>49686302-6	7	1	-6	0/1	1	.	PASS	-	-	.	.	.	.	.	.	.	.	0
vg	chr13	85456722	85456722	>51602199>51602202	1	5	4	1|0	1	27.5639	PASS	-	-	.	.	.	.	.	.	.	.	0
pangenie	chr13	85456723	85456897	chr13-85456729-DEL->49686303>49686401-174	175	1	-174	0/1	1	.	PASS	FP	-	.	.	.	.	.	.	.	371.16,371.15	0
vg	chr13	85456730	85456732	>51602202>51602244	3	21	18	1|0	1	69.4209	PASS	-	-	.	.	.	.	.	.	.	.	0
vg	chr13	85456741	85456741	>51602246>51602249	1	1	0	1|0	1	68.6876	PASS	-	-	.	.	.	.	.	.	.	.	0
vg	chr13	85456747	85456747	>51602249>51602252	1	1	0	1|0	1	71.6201	PASS	-	-	.	.	.	.	.	.	.	.	0
vg	chr13	85456758	85456758	>51602252>51602256	1	1	0	1|0	1	55.2305	PASS	-	-	.	.	.	.	.	.	.	.	0
vg	chr13	85456759	85456759	>51602256>51602259	1	3	2	1|0	1	58.7643	PASS	-	-	.	.	.	.	.	.	.	.	0
vg	chr13	85456766	85456766	>51602259>51602262	1	1	0	1|0	1	56.565	PASS	-	-	.	.	.	.	.	.	.	.	0
vg	chr13	85456776	85456783	>51602264>51602278	8	26	18	1|0	1	43.8474	PASS	-	-	.	.	.	.	.	.	.	.	0
vg	chr13	85456794	85456830	>51602278>51602308	37	28	-9	1|0	1	36.8533	PASS	-	-	.	.	.	.	.	.	.	.	0
vg	chr13	85456794	85456794	>51602281>51602284	1	1	0	1|0	1	49.9941	PASS	-	-	.	.	.	.	.	.	.	.	0
vg	chr13	85456802	85456802	>51602288>51602290	1	3	2	1|0	1	36.7652	PASS	-	-	.	.	.	.	.	.	.	.	0
vg	chr13	85456812	85456812	>51602290>51602294	1	1	0	1|0	1	29.683	PASS	-	-	.	.	.	.	.	.	.	.	0
vg	chr13	85456831	85456831	>51602308>51602310	1	2	1	1|0	1	25.0335	PASS	-	-	.	.	.	.	.	.	.	.	0
vg	chr13	85456838	85456838	>51602311>51602315	1	1	0	1|0	1	23.3547	PASS	-	-	.	.	.	.	.	.	.	.	0
vg	chr13	85456840	85456840	>51602315>51602317	1	9	8	1|0	1	10.1335	PASS	-	-	.	.	.	.	.	.	.	.	0
vg	chr13	85456892	85456892	>51602361>51602363	1	11	10	0|1	1	6.87724	PASS	-	-	.	.	.	.	.	.	.	.	0
vg	chr13	85456897	85456897	>51602363>51602366	1	1	0	0|1	1	35.0399	PASS	-	-	.	.	.	.	.	.	.	.	0
pangenie	chr13	85456897	85456951	chr13-85456905-DEL->49686401>49686433-54	55	1	-54	0/1	1	.	PASS	FP	-	.	.	.	.	.	.	.	371.5,371.16	0
vg	chr13	85456900	85456900	>51602368>51602372	1	1	0	0|1	1	34.3386	PASS	-	-	.	.	.	.	.	.	.	.	0
vg	chr13	85456916	85456916	>51602377>51602382	1	1	0	0|1	1	47.6012	PASS	-	-	.	.	.	.	.	.	.	.	0
vg	chr13	85456920	85456920	>51602382>51602385	1	1	0	0|1	1	48.1519	PASS	-	-	.	.	.	.	.	.	.	.	0
vg	chr13	85456921	85456921	>51602385>51602388	1	3	2	0|1	1	49.1493	PASS	-	-	.	.	.	.	.	.	.	.	0
vg	chr13	85456922	85456922	>51602388>51602406	1	37	36	0|1	1	73.4999	PASS	-	-	.	.	.	.	.	.	.	.	0
vg	chr13	85456923	85456923	>51602406>51602416	1	33	32	0|1	1	91.5417	PASS	-	-	.	.	.	.	.	.	.	.	0
vg	chr13	85456934	85456934	>51602422>51602433	1	29	28	0|1	1	125.148	PASS	-	-	.	.	.	.	.	.	.	.	0
vg	chr13	85456938	85456944	>51602433>51602440	7	1	-6	0|1	1	110.319	PASS	-	-	.	.	.	.	.	.	.	.	0
pangenie	chr13	85456957	85456965	chr13-85456964-DEL->49686434>49686436-8	9	1	-8	0/1	1	.	PASS	-	-	.	.	.	.	.	.	.	.	0
vg	chr13	85456960	85456960	>51602449>51602452	1	1	0	0|1	1	54.574	PASS	-	-	.	.	.	.	.	.	.	.	0
vg	chr13	85456965	85456965	>51602452>51602455	1	1	0	0|1	1	64.301	PASS	-	-	.	.	.	.	.	.	.	.	0
truth_stvar	chr13	85456977	85456977	.	1	1	0	1|0	.	.	.	.	.	-	-	yes	ref	1	.	.	.	0
truth_smvar	chr13	85456977	85456977	.	1	1	0	1|0	.	.	.	.	.	-	-	no:duplicate_of_stvar	ref	1	.	.	.	0
pangenie	chr13	85456977	85456977	chr13-85456977-SNV->49686439>49686441>49686442-1	1	1	0	0/1	1	.	PASS	-	-	.	.	.	.	.	.	.	.	0
vg	chr13	85456978	85456978	>51602461>51602463	1	3	2	0|1	1	48.8613	PASS	-	-	.	.	.	.	.	.	.	.	0
truth_stvar	chr13	85456979	85456979	.	1	1	0	1|0	.	.	.	.	.	-	-	yes	ref	1	.	.	.	0
truth_smvar	chr13	85456979	85456979	.	1	1	0	1|0	.	.	.	.	.	-	-	no:duplicate_of_stvar	ref	1	.	.	.	0
pangenie	chr13	85456979	85456979	chr13-85456979-SNV->49686442>49686443>49686446-1	1	1	0	0/1	1	.	PASS	-	-	.	.	.	.	.	.	.	.	0
vg	chr13	85456988	85456988	>51602464>51602467	1	1	0	0|1	1	48.068	PASS	-	-	.	.	.	.	.	.	.	.	0
vg	chr13	85457001	85457001	>51602477>51602488	1	49	48	0|1	1	62.3188	PASS	-	-	.	.	.	.	.	.	.	.	0
vg	chr13	85457003	85457003	>51602488>51602491	1	1	0	0|1	1	35.5194	PASS	-	-	.	.	.	.	.	.	.	.	0
vg	chr13	85457009	85457011	>51602494>51602496	3	1	-2	0|1	1	36.7946	PASS	-	-	.	.	.	.	.	.	.	.	0
truth_stvar	chr13	85457011	85457011	.	1	1	0	1|0	.	.	.	.	.	-	-	yes	ref	1	.	.	.	0
truth_smvar	chr13	85457011	85457011	.	1	1	0	1|0	.	.	.	.	.	-	-	no:duplicate_of_stvar	ref	1	.	.	.	0
pangenie	chr13	85457011	85457011	chr13-85457011-SNV->49686465>49686467>49686469-1	1	1	0	0/1	1	.	PASS	-	-	.	.	.	.	.	.	.	.	0
vg	chr13	85457028	85457028	>51602505>51602508	1	1	0	0|1	1	13.3445	PASS	-	-	.	.	.	.	.	.	.	.	0
truth_stvar	chr13	85457030	85457038	.	9	1	8	1|0	.	.	.	.	.	-	-	yes	ref	1	.	.	.	0
truth_smvar	chr13	85457030	85457038	.	9	1	8	1|0	.	.	.	.	.	-	-	no:duplicate_of_stvar	ref	1	.	.	.	0
pangenie	chr13	85457032	85457032	chr13-85457037-INS->49686484>49686489>49686490>49686492>49686493-10	1	11	10	0/1	1	.	PASS	-	-	.	.	.	.	.	.	.	.	0
vg	chr13	85457033	85457051	>51602512>51602527	19	1	-18	0|1	1	17.156	PASS	-	-	.	.	.	.	.	.	.	.	0
truth_stvar	chr13	85457048	85457050	.	3	1	2	1|0	.	.	.	.	.	-	-	yes	ref	1	.	.	.	0
truth_smvar	chr13	85457048	85457050	.	3	1	2	1|0	.	.	.	.	.	-	-	no:duplicate_of_stvar	ref	1	.	.	.	0
pangenie	chr13	85457048	85457050	chr13-85457055-DEL->49686498>49686501-2	3	1	-2	0/1	1	.	PASS	-	-	.	.	.	.	.	.	.	.	0
pangenie	chr13	85457050	85457068	chr13-85457069-DEL->49686505>49686514-18	19	1	-18	0/1	1	.	PASS	-	-	.	.	.	.	.	.	.	.	0
truth_stvar	chr13	85457052	85457052	.	1	1	0	1|0	.	.	.	.	.	-	-	yes	ref	1	.	.	.	0
truth_smvar	chr13	85457052	85457052	.	1	1	0	1|0	.	.	.	.	.	-	-	no:duplicate_of_stvar	ref	1	.	.	.	0
vg	chr13	85457058	85457058	>51602527>51602536	1	47	46	0|1	1	18.1216	PASS	-	-	.	.	.	.	.	.	.	.	0
vg	chr13	85457067	85457067	>51602539>51602543	1	1	0	0|1	1	28.4013	PASS	-	-	.	.	.	.	.	.	.	.	0
vg	chr13	85457091	85457091	>51602556>51602558	1	9	8	0|1	1	30.2977	PASS	-	-	.	.	.	.	.	.	.	.	0
pangenie	chr13	85457096	85457096	chr13-85457101-INS->49686524>49686525>49686526-6	1	7	6	0/1	1	.	PASS	-	-	.	.	.	.	.	.	.	.	0
truth_stvar	chr13	85457097	85457097	.	1	119	118	1|0	.	.	.	.	.	FN	FN	yes	ref	1	INS	8	.	0
truth_smvar	chr13	85457097	85457097	.	1	119	118	1|0	.	.	.	.	.	-	-	no:duplicate_of_stvar	ref	1	.	8	.	0
pangenie	chr13	85457108	85457114	chr13-85457113-DEL->49686532>49686534-6	7	1	-6	0/1	1	.	PASS	-	-	.	.	.	.	.	.	.	.	0
pangenie	chr13	85457111	85457111	chr13-85457111-SNV->49686529>49686531>49686532-1	1	1	0	0/1	1	.	PASS	-	-	.	.	.	.	.	.	.	.	0
vg	chr13	85457122	85457122	>51602566>51602601	1	55	54	0|1	1	88.4702	PASS	FP	-	.	.	.	.	.	.	.	379.17,379.16	0
vg	chr13	85457126	85457126	>51602604>51602607	1	1	0	0|1	1	89.9903	PASS	-	-	.	.	.	.	.	.	.	.	0
truth_stvar	chr13	85457130	85457222	.	93	1	92	1|0	.	.	.	.	.	FN	TP	yes	ref	1	DEL	36	.	0
truth_smvar	chr13	85457130	85457222	.	93	1	92	1|0	.	.	.	.	.	-	-	no:duplicate_of_stvar	ref	1	.	36	.	0
vg	chr13	85457130	85457130	>51602607>51602611	1	1	0	0|1	1	90.4674	PASS	-	-	.	.	.	.	.	.	.	.	0
vg	chr13	85457135	85457135	>51602611>51602614	1	1	0	0|1	1	105.032	PASS	-	-	.	.	.	.	.	.	.	.	0
pangenie	chr13	85457135	85457135	chr13-85457135-INS->49686554>49686555>49686556-16	1	17	16	0/1	1	.	PASS	-	-	.	.	.	.	.	.	.	.	0
pangenie	chr13	85457140	85457140	chr13-85457147-INS->49686560>49686561>49686562-2	1	3	2	0/1	1	.	PASS	-	-	.	.	.	.	.	.	.	.	0
vg	chr13	85457148	85457148	>51602618>51602621	1	1	0	0|1	1	106.162	PASS	-	-	.	.	.	.	.	.	.	.	0
pangenie	chr13	85457148	85457150	chr13-85457153-DEL->49686567>49686569-2	3	1	-2	0/1	1	.	PASS	-	-	.	.	.	.	.	.	.	.	0
vg	chr13	85457150	85457150	>51602621>51602625	1	1	0	0|1	1	107.264	PASS	-	-	.	.	.	.	.	.	.	.	0
vg	chr13	85457166	85457166	>51602634>51602638	1	1	0	0|1	1	79.5364	PASS	-	-	.	.	.	.	.	.	.	.	0
pangenie	chr13	85457166	85457166	chr13-85457166-SNV->49686572>49686574>49686575-1	1	1	0	0/1	1	.	PASS	-	-	.	.	.	.	.	.	.	.	0
vg	chr13	85457171	85457171	>51602638>51602641	1	1	0	0|1	1	78.9734	PASS	-	-	.	.	.	.	.	.	.	.	0
pangenie	chr13	85457171	85457171	chr13-85457171-SNV->49686575>49686577>49686578-1	1	1	0	0/1	1	.	PASS	-	-	.	.	.	.	.	.	.	.	0
vg	chr13	85457178	85457202	>51602646>51602667	25	1	-24	0|1	1	77.8667	PASS	-	-	.	.	.	.	.	.	.	.	0
pangenie	chr13	85457192	85457192	chr13-85457192-INS->49686587>49686588>49686589>49686604>49686605>49686606>49686608>49686610>49686611-12	1	13	12	0/1	1	.	PASS	-	-	.	.	.	.	.	.	.	.	0
pangenie	chr13	85457196	85457196	chr13-85457196-SNV->49686612>49686614>49686615-1	1	1	0	0/1	1	.	PASS	-	-	.	.	.	.	.	.	.	.	0
pangenie	chr13	85457202	85457202	chr13-85457202-SNV->49686616>49686618>49686619-1	1	1	0	0/1	1	.	PASS	-	-	.	.	.	.	.	.	.	.	0
pangenie	chr13	85457204	85457204	chr13-85457204-SNV->49686619>49686621>49686622-1	1	1	0	0/1	1	.	PASS	-	-	.	.	.	.	.	.	.	.	0
vg	chr13	85457210	85457210	>51602667>51602670	1	1	0	0|1	1	74.3852	PASS	-	-	.	.	.	.	.	.	.	.	0
pangenie	chr13	85457210	85457210	chr13-85457210-SNV->49686625>49686627>49686628-1	1	1	0	0/1	1	.	PASS	-	-	.	.	.	.	.	.	.	.	0
vg	chr13	85457212	85457212	>51602670>51602674	1	1	0	0|1	1	73.8469	PASS	-	-	.	.	.	.	.	.	.	.	0
pangenie	chr13	85457212	85457212	chr13-85457212-SNV->49686628>49686629>49686632-1	1	1	0	0/1	1	.	PASS	-	-	.	.	.	.	.	.	.	.	0
pangenie	chr13	85457220	85457222	chr13-85457221-DEL->49686634>49686637-2	3	1	-2	0/1	1	.	PASS	-	-	.	.	.	.	.	.	.	.	0
vg	chr13	85457222	85457222	>51602676>51602685	1	35	34	0|1	1	92.2012	PASS	-	-	.	.	.	.	.	.	.	.	0
truth_stvar	chr13	85457262	85457263	.	2	1	1	1|0	.	.	.	.	.	-	-	yes	ref	1	.	.	.	0
truth_smvar	chr13	85457262	85457263	.	2	1	1	1|0	.	.	.	.	.	-	-	no:duplicate_of_stvar	ref	1	.	.	.	0
vg	chr13	85457262	85457263	>51602704>51602706	2	1	-1	0|1	1	27.4646	PASS	-	-	.	.	.	.	.	.	.	.	0
pangenie	chr13	85457262	85457263	chr13-85457262-DEL->49686658>49686660-1	2	1	-1	0/1	1	.	PASS	-	-	.	.	.	.	.	.	.	.	0
truth_stvar	chr13	85457291	85457293	.	3	1	2	1|0	.	.	.	.	.	-	-	yes	ref	1	.	.	.	0
truth_smvar	chr13	85457291	85457293	.	3	1	2	1|0	.	.	.	.	.	-	-	no:duplicate_of_stvar	ref	1	.	.	.	0
vg	chr13	85457291	85457337	>51602720>51602739	47	1	-46	0|1	1	13.1984	PASS	-	-	.	.	.	.	.	.	.	.	0
pangenie	chr13	85457291	85457293	chr13-85457298-DEL->49686678>49686682-2	3	1	-2	0/1	1	.	PASS	-	-	.	.	.	.	.	.	.	.	0
truth_stvar	chr13	85457319	85457319	.	1	1	0	1|0	.	.	.	.	.	-	-	yes	ref	1	.	.	.	0
truth_smvar	chr13	85457319	85457319	.	1	1	0	1|0	.	.	.	.	.	-	-	no:duplicate_of_stvar	ref	1	.	.	.	0
pangenie	chr13	85457319	85457319	chr13-85457319-SNV->49686691>49686693>49686694-1	1	1	0	0/1	1	.	PASS	-	-	.	.	.	.	.	.	.	.	0
truth_stvar	chr13	85457321	85457321	.	1	3	2	1|0	.	.	.	.	.	-	-	yes	ref	1	.	.	.	0
truth_smvar	chr13	85457321	85457321	.	1	3	2	1|0	.	.	.	.	.	-	-	no:duplicate_of_stvar	ref	1	.	.	.	0
pangenie	chr13	85457321	85457321	chr13-85457328-INS->49686697>49686698>49686699-2	1	3	2	0/1	1	.	PASS	-	-	.	.	.	.	.	.	.	.	0
truth_stvar	chr13	85457345	85457459	.	115	1	114	1|0	.	.	.	.	.	FN	FN	yes	ref	1	DEL	36	.	0
truth_smvar	chr13	85457345	85457459	.	115	1	114	1|0	.	.	.	.	.	-	-	no:duplicate_of_stvar	ref	1	.	36	.	0
pangenie	chr13	85457345	85457367	chr13-85457352-DEL->49686705>49686712-22	23	1	-22	0/1	1	.	PASS	-	-	.	.	.	.	.	.	.	.	0
vg	chr13	85457359	85457359	>51602744>51602747	1	1	0	0|1	1	26.9986	PASS	-	-	.	.	.	.	.	.	.	.	0
vg	chr13	85457361	85457361	>51602747>51602750	1	1	0	0|1	1	27.0596	PASS	-	-	.	.	.	.	.	.	.	.	0
vg	chr13	85457363	85457363	>51602750>51602754	1	1	0	0|1	1	27.0109	PASS	-	-	.	.	.	.	.	.	.	.	0
vg	chr13	85457375	85457419	>51602763>51602810	45	1	-44	0|1	1	53.4763	PASS	-	-	.	.	.	.	.	.	.	.	0
pangenie	chr13	85457389	85457389	chr13-85457389-SNV->49686719>49686721>49686722-1	1	1	0	0/1	1	.	PASS	-	-	.	.	.	.	.	.	.	.	0
pangenie	chr13	85457399	85457399	chr13-85457399-SNV->49686722>49686724>49686725-1	1	1	0	0/1	1	.	PASS	-	-	.	.	.	.	.	.	.	.	0
pangenie	chr13	85457403	85457469	chr13-85457410-DEL->49686734>49686780-66	67	1	-66	0/1	1	.	PASS	TP	-	.	.	.	.	.	.	.	371.18,371.17	0
vg	chr13	85457427	85457427	>51602811>51602814	1	1	0	0|1	1	41.1722	PASS	-	-	.	.	.	.	.	.	.	.	0
vg	chr13	85457429	85457429	>51602814>51602817	1	1	0	0|1	1	41.2945	PASS	-	-	.	.	.	.	.	.	.	.	0
vg	chr13	85457431	85457431	>51602817>51602825	1	13	12	0|1	1	27.6004	PASS	-	-	.	.	.	.	.	.	.	.	0
vg	chr13	85457441	85457441	>51602831>51602835	1	1	0	0|1	1	27.4877	PASS	-	-	.	.	.	.	.	.	.	.	0
vg	chr13	85457445	85457445	>51602838>51602841	1	1	0	0|1	1	27.4754	PASS	-	-	.	.	.	.	.	.	.	.	0
vg	chr13	85457449	85457449	>51602841>51602843	1	3	2	0|1	1	27.9429	PASS	-	-	.	.	.	.	.	.	.	.	0
vg	chr13	85457453	85457453	>51602843>51602846	1	1	0	0|1	1	24.5749	PASS	-	-	.	.	.	.	.	.	.	.	0
vg	chr13	85457457	85457459	>51602847>51602857	3	1	-2	0|1	1	22.257	PASS	-	-	.	.	.	.	.	.	.	.	0
vg	chr13	85457466	85457476	>51602858>51602867	11	1	-10	0|1	1	22.776	PASS	-	-	.	.	.	.	.	.	.	.	0
vg	chr13	85457479	85457479	>51602867>51602870	1	1	0	0|1	1	43.774	PASS	-	-	.	.	.	.	.	.	.	.	0
pangenie	chr13	85457479	85457479	chr13-85457479-SNV->49686782>49686784>49686785-1	1	1	0	0/1	1	.	PASS	-	-	.	.	.	.	.	.	.	.	0
truth_stvar	chr13	85457481	85457481	.	1	1	0	1|0	.	.	.	.	.	-	-	yes	ref	1	.	.	.	0
truth_smvar	chr13	85457481	85457481	.	1	1	0	1|0	.	.	.	.	.	-	-	no:duplicate_of_stvar	ref	1	.	.	.	0
vg	chr13	85457485	85457517	>51602871>51602893	33	1	-32	0|1	1	39.5565	PASS	-	-	.	.	.	.	.	.	.	.	0
truth_stvar	chr13	85457491	85457491	.	1	1	0	1|0	.	.	.	.	.	-	-	yes	ref	1	.	.	.	0
truth_smvar	chr13	85457491	85457491	.	1	1	0	1|0	.	.	.	.	.	-	-	no:duplicate_of_stvar	ref	1	.	.	.	0
pangenie	chr13	85457495	85457521	chr13-85457498-DEL->49686791>49686801-26	27	1	-26	0/1	1	.	PASS	-	-	.	.	.	.	.	.	.	.	0
truth_stvar	chr13	85457501	85457533	.	33	1	32	1|0	.	.	.	.	.	-	-	yes	ref	1	DEL	36	.	0
truth_smvar	chr13	85457501	85457533	.	33	1	32	1|0	.	.	.	.	.	-	-	no:duplicate_of_stvar	ref	1	.	36	.	0
vg	chr13	85457518	85457544	>51602893>51602902	27	1	-26	0|1	1	42.0622	PASS	-	-	.	.	.	.	.	.	.	.	0
pangenie	chr13	85457521	85457521	chr13-85457528-INS->49686802>49686803>49686804>49686806-4	1	5	4	0/1	1	.	PASS	-	-	.	.	.	.	.	.	.	.	0
truth_stvar	chr13	85457535	85457535	.	1	1	0	1|0	.	.	.	.	.	-	-	yes	ref	1	.	.	.	0
truth_smvar	chr13	85457535	85457535	.	1	1	0	1|0	.	.	.	.	.	-	-	no:duplicate_of_stvar	ref	1	.	.	.	0
pangenie	chr13	85457536	85457536	chr13-85457536-SNV->49686808>49686810>49686811-1	1	1	0	0/1	1	.	PASS	-	-	.	.	.	.	.	.	.	.	0
truth_stvar	chr13	85457537	85457537	.	1	1	0	1|0	.	.	.	.	.	-	-	yes	ref	1	.	.	.	0
truth_smvar	chr13	85457537	85457537	.	1	1	0	1|0	.	.	.	.	.	-	-	no:duplicate_of_stvar	ref	1	.	.	.	0
vg	chr13	85457555	85457559	>51602905>51602907	5	1	-4	0|1	1	41.7098	PASS	-	-	.	.	.	.	.	.	.	.	0
truth_stvar	chr13	85457557	85457557	.	1	1	0	1|0	.	.	.	.	.	-	-	yes	ref	1	.	.	.	0
truth_smvar	chr13	85457557	85457557	.	1	1	0	1|0	.	.	.	.	.	-	-	no:duplicate_of_stvar	ref	1	.	.	.	0
pangenie	chr13	85457563	85457563	chr13-85457563-SNV->49686821>49686823>49686826-1	1	1	0	0/1	1	.	PASS	-	-	.	.	.	.	.	.	.	.	0
truth_stvar	chr13	85457564	85457564	.	1	1	0	1|0	.	.	.	.	.	-	-	yes	ref	1	.	.	.	0
truth_smvar	chr13	85457564	85457564	.	1	1	0	1|0	.	.	.	.	.	-	-	no:duplicate_of_stvar	ref	1	.	.	.	0
vg	chr13	85457564	85457564	>51602907>51602911	1	5	4	0|1	1	52.708	PASS	-	-	.	.	.	.	.	.	.	.	0
truth_stvar	chr13	85457572	85457572	.	1	1	0	1|0	.	.	.	.	.	-	-	yes	ref	1	.	.	.	0
truth_smvar	chr13	85457572	85457572	.	1	1	0	1|0	.	.	.	.	.	-	-	no:duplicate_of_stvar	ref	1	.	.	.	0
vg	chr13	85457572	85457572	>51602914>51602917	1	1	0	0|1	1	68.5806	PASS	-	-	.	.	.	.	.	.	.	.	0
pangenie	chr13	85457594	85457594	chr13-85457595-INS->49686835>49686836>49686837-2	1	3	2	0/1	1	.	PASS	-	-	.	.	.	.	.	.	.	.	0
pangenie	chr13	85457595	85457633	chr13-85457596-DEL->49686837>49686849-38	39	1	-38	0/1	1	.	PASS	-	-	.	.	.	.	.	.	.	.	0
truth_stvar	chr13	85457599	85457599	.	1	1	0	1|0	.	.	.	.	.	-	-	yes	ref	1	.	.	.	0
truth_smvar	chr13	85457599	85457599	.	1	1	0	1|0	.	.	.	.	.	-	-	no:duplicate_of_stvar	ref	1	.	.	.	0
vg	chr13	85457599	85457599	>51602922>51602927	1	1	0	0|1	1	68.5806	PASS	-	-	.	.	.	.	.	.	.	.	0
truth_stvar	chr13	85457632	85457632	.	1	1	0	1|0	.	.	.	.	.	-	-	yes	ref	1	.	.	.	0
truth_smvar	chr13	85457632	85457632	.	1	1	0	1|0	.	.	.	.	.	-	-	no:duplicate_of_stvar	ref	1	.	.	.	0
vg	chr13	85457632	85457633	>51602932>51602937	2	2	0	0|1	1	72.6958	PASS	-	-	.	.	.	.	.	.	.	.	0
truth_stvar	chr13	85457633	85457633	.	1	1	0	1|0	.	.	.	.	.	-	-	yes	ref	1	.	.	.	0
truth_smvar	chr13	85457633	85457633	.	1	1	0	1|0	.	.	.	.	.	-	-	no:duplicate_of_stvar	ref	1	.	.	.	0
truth_stvar	chr13	85457658	85457660	.	3	1	2	1|0	.	.	.	.	.	-	-	yes	ref	1	.	.	.	0
truth_smvar	chr13	85457658	85457660	.	3	1	2	1|0	.	.	.	.	.	-	-	no:duplicate_of_stvar	ref	1	.	.	.	0
pangenie	chr13	85457658	85457660	chr13-85457673-DEL->49686875>49686880-2	3	1	-2	0/1	1	.	PASS	-	-	.	.	.	.	.	.	.	.	0
vg	chr13	85457661	85457663	>51602957>51602960	3	1	-2	0|1	1	114.643	PASS	-	-	.	.	.	.	.	.	.	.	0
truth_stvar	chr13	85457693	85457693	.	1	1	0	1|0	.	.	.	.	.	-	-	yes	ref	1	.	.	.	0
truth_smvar	chr13	85457693	85457693	.	1	1	0	1|0	.	.	.	.	.	-	-	no:duplicate_of_stvar	ref	1	.	.	.	0
vg	chr13	85457693	85457693	>51602965>51602968	1	1	0	0|1	1	96.3079	PASS	-	-	.	.	.	.	.	.	.	.	0
pangenie	chr13	85457693	85457693	chr13-85457693-SNV->49686883>49686885>49686886-1	1	1	0	0/1	1	.	PASS	-	-	.	.	.	.	.	.	.	.	0
truth_stvar	chr13	85457734	85457734	.	1	1	0	1|0	.	.	.	.	.	-	-	yes	ref	1	.	.	.	0
truth_smvar	chr13	85457734	85457734	.	1	1	0	1|0	.	.	.	.	.	-	-	no:duplicate_of_stvar	ref	1	.	.	.	0
vg	chr13	85457734	85457734	>51602977>51602981	1	1	0	0|1	1	90.6183	PASS	-	-	.	.	.	.	.	.	.	.	0
pangenie	chr13	85457734	85457734	chr13-85457734-SNV->49686895>49686896>49686899-1	1	1	0	0/1	1	.	PASS	-	-	.	.	.	.	.	.	.	.	0
truth_stvar	chr13	85457744	85457744	.	1	1	0	1|0	.	.	.	.	.	-	-	yes	ref	1	.	.	.	0
truth_smvar	chr13	85457744	85457744	.	1	1	0	1|0	.	.	.	.	.	-	-	no:duplicate_of_stvar	ref	1	.	.	.	0
vg	chr13	85457744	85457744	>51602982>51602986	1	1	0	0|1	1	87.6084	PASS	-	-	.	.	.	.	.	.	.	.	0
pangenie	chr13	85457744	85457744	chr13-85457744-SNV->49686901>49686902>49686905-1	1	1	0	0/1	1	.	PASS	-	-	.	.	.	.	.	.	.	.	0
truth_stvar	chr13	85457843	85457843	.	1	1	0	1|0	.	.	.	.	.	-	-	yes	ref	1	.	.	.	0
truth_smvar	chr13	85457843	85457843	.	1	1	0	1|0	.	.	.	.	.	-	-	no:duplicate_of_stvar	ref	1	.	.	.	0
vg	chr13	85457843	85457843	>51602993>51602996	1	1	0	0|1	1	56.9	PASS	-	TP	.	.	.	.	.	.	.	.	0
pangenie	chr13	85457843	85457843	chr13-85457843-SNV->49686920>49686921>49686924-1	1	1	0	0/1	1	.	PASS	-	TP	.	.	.	.	.	.	.	.	0
truth_stvar	chr13	85457864	85457864	.	1	1	0	1|0	.	.	.	.	.	-	-	yes	ref	1	.	.	.	0
truth_smvar	chr13	85457864	85457864	.	1	1	0	1|0	.	.	.	.	.	-	-	no:duplicate_of_stvar	ref	1	.	.	.	0
vg	chr13	85457864	85457864	>51602999>51603002	1	1	0	0|1	1	46.0178	PASS	-	TP	.	.	.	.	.	.	.	.	0
pangenie	chr13	85457864	85457864	chr13-85457864-SNV->49686928>49686930>49686931-1	1	1	0	0/1	1	.	PASS	-	TP	.	.	.	.	.	.	.	.	0
truth_stvar	chr13	85458024	85458024	.	1	1	0	1|0	.	.	.	.	.	-	-	yes	ref	1	.	.	.	0
truth_smvar	chr13	85458024	85458024	.	1	1	0	1|0	.	.	.	.	.	-	-	no:duplicate_of_stvar	ref	1	.	.	.	0
vg	chr13	85458024	85458025	>51603040>51603045	2	2	0	0|1	1	74.5061	PASS	-	TP	.	.	.	.	.	.	.	.	0
pangenie	chr13	85458024	85458025	chr13-85458024-COMPLEX->49686986>49686988>49686990>49686991-2	2	2	0	0/1	1	.	PASS	-	TP	.	.	.	.	.	.	.	.	0
truth_stvar	chr13	85458025	85458025	.	1	1	0	1|0	.	.	.	.	.	-	-	yes	ref	1	.	.	.	0
truth_smvar	chr13	85458025	85458025	.	1	1	0	1|0	.	.	.	.	.	-	-	no:duplicate_of_stvar	ref	1	.	.	.	0
truth_stvar	chr13	85458037	85458037	.	1	1	0	1|0	.	.	.	.	.	-	-	yes	ref	1	.	.	.	0
truth_smvar	chr13	85458037	85458037	.	1	1	0	1|0	.	.	.	.	.	-	-	no:duplicate_of_stvar	ref	1	.	.	.	0
vg	chr13	85458037	85458037	>51603048>51603052	1	1	0	0|1	1	98.5161	PASS	-	TP	.	.	.	.	.	.	.	.	0
pangenie	chr13	85458037	85458037	chr13-85458037-SNV->49686994>49686996>49686998-1	1	1	0	0/1	1	.	PASS	-	TP	.	.	.	.	.	.	.	.	0
truth_stvar	chr13	85458061	85458061	.	1	1	0	1|0	.	.	.	.	.	-	-	yes	ref	1	.	.	.	0
truth_smvar	chr13	85458061	85458061	.	1	1	0	1|0	.	.	.	.	.	-	-	no:duplicate_of_stvar	ref	1	.	.	.	0
vg	chr13	85458061	85458061	>51603062>51603066	1	1	0	0|1	1	89.7302	PASS	-	TP	.	.	.	.	.	.	.	.	0
pangenie	chr13	85458061	85458061	chr13-85458061-SNV->49687008>49687009>49687012-1	1	1	0	0/1	1	.	PASS	-	TP	.	.	.	.	.	.	.	.	0
truth_stvar	chr13	85458206	85458206	.	1	1	0	1|0	.	.	.	.	.	-	-	yes	ref	1	.	.	.	0
truth_smvar	chr13	85458206	85458206	.	1	1	0	1|0	.	.	.	.	.	-	-	no:duplicate_of_stvar	ref	1	.	.	.	0
vg	chr13	85458206	85458206	>51603087>51603090	1	1	0	0|1	1	126.218	PASS	-	TP	.	.	.	.	.	.	.	.	0
pangenie	chr13	85458206	85458206	chr13-85458206-SNV->49687045>49687047>49687048-1	1	1	0	0/1	1	.	PASS	-	TP	.	.	.	.	.	.	.	.	0
truth_stvar	chr13	85458219	85458219	.	1	1	0	1|0	.	.	.	.	.	-	-	yes	ref	1	.	.	.	0
truth_smvar	chr13	85458219	85458219	.	1	1	0	1|0	.	.	.	.	.	-	-	no:duplicate_of_stvar	ref	1	.	.	.	0
vg	chr13	85458219	85458219	>51603090>51603093	1	1	0	0|1	1	133.686	PASS	-	TP	.	.	.	.	.	.	.	.	0
pangenie	chr13	85458219	85458219	chr13-85458219-SNV->49687049>49687051>49687052-1	1	1	0	0/1	1	.	PASS	-	TP	.	.	.	.	.	.	.	.	0
truth_stvar	chr13	85458271	85458271	.	1	1	0	1|0	.	.	.	.	.	-	-	yes	ref	1	.	.	.	0
truth_smvar	chr13	85458271	85458271	.	1	1	0	1|0	.	.	.	.	.	-	-	no:duplicate_of_stvar	ref	1	.	.	.	0
vg	chr13	85458271	85458271	>51603104>51603107	1	1	0	0|1	1	131.157	PASS	-	TP	.	.	.	.	.	.	.	.	0
pangenie	chr13	85458271	85458271	chr13-85458271-SNV->49687067>49687069>49687070-1	1	1	0	0/1	1	.	PASS	-	TP	.	.	.	.	.	.	.	.	0
truth_stvar	chr13	85458277	85458277	.	1	1	0	1|0	.	.	.	.	.	-	-	yes	ref	1	.	.	.	0
truth_smvar	chr13	85458277	85458277	.	1	1	0	1|0	.	.	.	.	.	-	-	no:duplicate_of_stvar	ref	1	.	.	.	0
vg	chr13	85458277	85458277	>51603109>51603112	1	1	0	0|1	1	131.157	PASS	-	TP	.	.	.	.	.	.	.	.	0
pangenie	chr13	85458277	85458277	chr13-85458277-SNV->49687072>49687074>49687075-1	1	1	0	0/1	1	.	PASS	-	TP	.	.	.	.	.	.	.	.	0
truth_stvar	chr13	85458314	85458314	.	1	1	0	1|0	.	.	.	.	.	-	-	yes	ref	1	.	.	.	0
truth_smvar	chr13	85458314	85458314	.	1	1	0	1|0	.	.	.	.	.	-	-	no:duplicate_of_stvar	ref	1	.	.	.	0
vg	chr13	85458314	85458314	>51603115>51603118	1	1	0	0|1	1	191.495	PASS	-	TP	.	.	.	.	.	.	.	.	0
pangenie	chr13	85458314	85458314	chr13-85458314-SNV->49687078>49687080>49687081-1	1	1	0	0/1	1	.	PASS	-	TP	.	.	.	.	.	.	.	.	0
truth_stvar	chr13	85458472	85458472	.	1	1	0	1|0	.	.	.	.	.	-	-	yes	ref	1	.	.	.	0
truth_smvar	chr13	85458472	85458472	.	1	1	0	1|0	.	.	.	.	.	-	-	no:duplicate_of_stvar	ref	1	.	.	.	0
vg	chr13	85458472	85458472	>51603156>51603159	1	1	0	0|1	1	75.2589	PASS	-	TP	.	.	.	.	.	.	.	.	0
pangenie	chr13	85458472	85458472	chr13-85458472-SNV->49687128>49687130>49687131-1	1	1	0	0/1	1	.	PASS	-	TP	.	.	.	.	.	.	.	.	0
truth_stvar	chr13	85458602	85458602	.	1	1	0	1|0	.	.	.	.	.	-	-	yes	ref	1	.	.	.	0
truth_smvar	chr13	85458602	85458602	.	1	1	0	1|0	.	.	.	.	.	-	-	no:duplicate_of_stvar	ref	1	.	.	.	0
vg	chr13	85458602	85458602	>51603171>51603174	1	1	0	0|1	1	139.356	PASS	-	TP	.	.	.	.	.	.	.	.	0
pangenie	chr13	85458602	85458602	chr13-85458602-SNV->49687143>49687145>49687146-1	1	1	0	0/1	1	.	PASS	-	TP	.	.	.	.	.	.	.	.	0
truth_stvar	chr13	85458699	85458699	.	1	1	0	1|0	.	.	.	.	.	-	-	yes	ref	1	.	.	.	0
truth_smvar	chr13	85458699	85458699	.	1	1	0	1|0	.	.	.	.	.	-	-	no:duplicate_of_stvar	ref	1	.	.	.	0
vg	chr13	85458699	85458699	>51603194>51603197	1	1	0	0|1	1	172.909	PASS	-	TP	.	.	.	.	.	.	.	.	0
pangenie	chr13	85458699	85458699	chr13-85458699-SNV->49687166>49687168>49687169-1	1	1	0	0/1	1	.	PASS	-	TP	.	.	.	.	.	.	.	.	0
truth_stvar	chr13	85459270	85459272	.	3	1	2	1|0	.	.	.	.	.	-	-	yes	ref	1	.	.	.	0
truth_smvar	chr13	85459270	85459272	.	3	1	2	1|0	.	.	.	.	.	-	-	no:duplicate_of_stvar	ref	1	.	.	.	0
vg	chr13	85459270	85459272	>51603265>51603267	3	1	-2	0|1	1	92.9128	PASS	-	TP	.	.	.	.	.	.	.	.	0
pangenie	chr13	85459270	85459272	chr13-85459270-DEL->49687237>49687239-2	3	1	-2	0/1	1	.	PASS	-	TP	.	.	.	.	.	.	.	.	0
truth_stvar	chr13	85459357	85459357	.	1	1	0	1|0	.	.	.	.	.	-	-	yes	ref	1	.	.	.	0
truth_smvar	chr13	85459357	85459357	.	1	1	0	1|0	.	.	.	.	.	-	-	no:duplicate_of_stvar	ref	1	.	.	.	0
vg	chr13	85459357	85459357	>51603278>51603281	1	1	0	0|1	1	111.844	PASS	-	TP	.	.	.	.	.	.	.	.	0
pangenie	chr13	85459357	85459357	chr13-85459357-SNV->49687250>49687252>49687253-1	1	1	0	0/1	1	.	PASS	-	TP	.	.	.	.	.	.	.	.	0
truth_stvar	chr13	85459463	85459463	.	1	1	0	1|0	.	.	.	.	.	-	-	yes	ref	1	.	.	.	0
truth_smvar	chr13	85459463	85459463	.	1	1	0	1|0	.	.	.	.	.	-	-	no:duplicate_of_stvar	ref	1	.	.	.	0
vg	chr13	85459463	85459463	>51603284>51603287	1	1	0	0|1	1	130.635	PASS	-	TP	.	.	.	.	.	.	.	.	0
pangenie	chr13	85459463	85459463	chr13-85459463-SNV->49687256>49687258>49687259-1	1	1	0	0/1	1	.	PASS	-	TP	.	.	.	.	.	.	.	.	0
truth_stvar	chr13	85459527	85459527	.	1	1	0	1|0	.	.	.	.	.	-	-	yes	ref	1	.	.	.	0
truth_smvar	chr13	85459527	85459527	.	1	1	0	1|0	.	.	.	.	.	-	-	no:duplicate_of_stvar	ref	1	.	.	.	0
vg	chr13	85459527	85459527	>51603289>51603292	1	1	0	0|1	1	163.787	PASS	-	TP	.	.	.	.	.	.	.	.	0
pangenie	chr13	85459527	85459527	chr13-85459527-SNV->49687261>49687263>49687264-1	1	1	0	0/1	1	.	PASS	-	TP	.	.	.	.	.	.	.	.	0
truth_stvar	chr13	85459575	85459579	.	5	1	4	1|0	.	.	.	.	.	-	-	yes	ref	1	.	.	.	0
truth_smvar	chr13	85459575	85459579	.	5	1	4	1|0	.	.	.	.	.	-	-	no:duplicate_of_stvar	ref	1	.	.	.	0
vg	chr13	85459575	85459579	>51603292>51603294	5	1	-4	0|1	1	142.244	PASS	-	TP	.	.	.	.	.	.	.	.	0
pangenie	chr13	85459575	85459579	chr13-85459575-DEL->49687264>49687266-4	5	1	-4	0/1	1	.	PASS	-	TP	.	.	.	.	.	.	.	.	0
truth_stvar	chr13	85459886	85459886	.	1	1	0	1|0	.	.	.	.	.	-	-	yes	ref	1	.	.	.	0
truth_smvar	chr13	85459886	85459886	.	1	1	0	1|0	.	.	.	.	.	-	-	no:duplicate_of_stvar	ref	1	.	.	.	0
vg	chr13	85459886	85459886	>51603327>51603330	1	1	0	0|1	1	145.18	PASS	-	TP	.	.	.	.	.	.	.	.	0
pangenie	chr13	85459886	85459886	chr13-85459886-SNV->49687299>49687301>49687302-1	1	1	0	0/1	1	.	PASS	-	TP	.	.	.	.	.	.	.	.	0
truth_stvar	chr13	85459951	85459951	.	1	1	0	1|0	.	.	.	.	.	-	-	yes	ref	1	.	.	.	0
truth_smvar	chr13	85459951	85459951	.	1	1	0	1|0	.	.	.	.	.	-	-	no:duplicate_of_stvar	ref	1	.	.	.	0
vg	chr13	85459951	85459951	>51603330>51603333	1	1	0	0|1	1	148.624	PASS	-	TP	.	.	.	.	.	.	.	.	0
pangenie	chr13	85459951	85459951	chr13-85459951-SNV->49687302>49687304>49687305-1	1	1	0	0/1	1	.	PASS	-	TP	.	.	.	.	.	.	.	.	0
truth_stvar	chr13	85460478	85460478	.	1	1	0	1|0	.	.	.	.	.	-	-	yes	ref	1	.	.	.	0
truth_smvar	chr13	85460478	85460478	.	1	1	0	1|0	.	.	.	.	.	-	-	no:duplicate_of_stvar	ref	1	.	.	.	0
vg	chr13	85460478	85460478	>51603403>51603406	1	1	0	0|1	1	86.2594	PASS	-	TP	.	.	.	.	.	.	.	.	0
pangenie	chr13	85460478	85460478	chr13-85460478-SNV->49687375>49687377>49687378-1	1	1	0	0/1	1	.	PASS	-	TP	.	.	.	.	.	.	.	.	0
truth_stvar	chr13	85460564	85460564	.	1	1	0	1|0	.	.	.	.	.	-	-	yes	ref	1	.	.	.	0
truth_smvar	chr13	85460564	85460564	.	1	1	0	1|0	.	.	.	.	.	-	-	no:duplicate_of_stvar	ref	1	.	.	.	0
vg	chr13	85460564	85460564	>51603421>51603424	1	1	0	0|1	1	85.7211	PASS	-	TP	.	.	.	.	.	.	.	.	0
pangenie	chr13	85460564	85460564	chr13-85460564-SNV->49687393>49687395>49687396-1	1	1	0	0/1	1	.	PASS	-	TP	.	.	.	.	.	.	.	.	0
truth_stvar	chr13	85460879	85460879	.	1	1	0	1|0	.	.	.	.	.	-	-	yes	ref	1	.	.	.	0
truth_smvar	chr13	85460879	85460879	.	1	1	0	1|0	.	.	.	.	.	-	-	no:duplicate_of_stvar	ref	1	.	.	.	0
vg	chr13	85460879	85460879	>51603454>51603457	1	1	0	0|1	1	117.466	PASS	-	TP	.	.	.	.	.	.	.	.	0
pangenie	chr13	85460879	85460879	chr13-85460879-SNV->49687429>49687431>49687432-1	1	1	0	0/1	1	.	PASS	-	TP	.	.	.	.	.	.	.	.	0
truth_stvar	chr13	85461010	85461014	.	5	1	4	1|0	.	.	.	.	.	-	-	yes	ref	1	.	.	.	0
truth_smvar	chr13	85461010	85461014	.	5	1	4	1|0	.	.	.	.	.	-	-	no:duplicate_of_stvar	ref	1	.	.	.	0
vg	chr13	85461010	85461014	>51603487>51603491	5	1	-4	0|1	1	116.739	PASS	-	TP	.	.	.	.	.	.	.	.	0
pangenie	chr13	85461010	85461014	chr13-85461010-DEL->49687462>49687466-4	5	1	-4	0/1	1	.	PASS	-	TP	.	.	.	.	.	.	.	.	0
truth_stvar	chr13	85461266	85461266	.	1	1	0	1|0	.	.	.	.	.	-	-	yes	ref	1	.	.	.	0
truth_smvar	chr13	85461266	85461266	.	1	1	0	1|0	.	.	.	.	.	-	-	no:duplicate_of_stvar	ref	1	.	.	.	0
vg	chr13	85461266	85461266	>51603525>51603528	1	1	0	0|1	1	82.2503	PASS	-	TP	.	.	.	.	.	.	.	.	0
pangenie	chr13	85461266	85461266	chr13-85461266-SNV->49687500>49687502>49687503-1	1	1	0	0/1	1	.	PASS	-	TP	.	.	.	.	.	.	.	.	0
truth_stvar	chr13	85461370	85461370	.	1	1	0	1|0	.	.	.	.	.	-	-	yes	ref	1	.	.	.	0
truth_smvar	chr13	85461370	85461370	.	1	1	0	1|0	.	.	.	.	.	-	-	no:duplicate_of_stvar	ref	1	.	.	.	0
vg	chr13	85461370	85461370	>51603534>51603537	1	1	0	0|1	1	205.742	PASS	-	TP	.	.	.	.	.	.	.	.	0
pangenie	chr13	85461370	85461370	chr13-85461370-SNV->49687509>49687511>49687512-1	1	1	0	0/1	1	.	PASS	-	TP	.	.	.	.	.	.	.	.	0
truth_stvar	chr13	85461553	85461553	.	1	1	0	1|0	.	.	.	.	.	-	-	yes	ref	1	.	.	.	0
truth_smvar	chr13	85461553	85461553	.	1	1	0	1|0	.	.	.	.	.	-	-	no:duplicate_of_stvar	ref	1	.	.	.	0
vg	chr13	85461553	85461553	>51603542>51603545	1	1	0	0|1	1	186.317	PASS	-	TP	.	.	.	.	.	.	.	.	0
pangenie	chr13	85461553	85461553	chr13-85461553-SNV->49687517>49687519>49687520-1	1	1	0	0/1	1	.	PASS	-	TP	.	.	.	.	.	.	.	.	0
truth_stvar	chr13	85461717	85461717	.	1	6	5	1|0	.	.	.	.	.	-	-	yes	ref	1	.	.	.	0
truth_smvar	chr13	85461717	85461717	.	1	6	5	1|0	.	.	.	.	.	-	-	no:duplicate_of_stvar	ref	1	.	.	.	0
pangenie	chr13	85461717	85461717	chr13-85461724-INS->49687532>49687533>49687534-5	1	6	5	0/1	1	.	PASS	-	-	.	.	.	.	.	.	.	.	0
vg	chr13	85461724	85461724	>51603557>51603559	1	6	5	0|1	1	167.216	PASS	-	TP	.	.	.	.	.	.	.	.	0
truth_stvar	chr13	85461732	85461732	.	1	1	0	1|0	.	.	.	.	.	-	-	yes	ref	1	.	.	.	0
truth_smvar	chr13	85461732	85461732	.	1	1	0	1|0	.	.	.	.	.	-	-	no:duplicate_of_stvar	ref	1	.	.	.	0
vg	chr13	85461732	85461732	>51603560>51603564	1	1	0	0|1	1	164.212	PASS	-	TP	.	.	.	.	.	.	.	.	0
pangenie	chr13	85461732	85461732	chr13-85461732-SNV->49687535>49687536>49687539-1	1	1	0	0/1	1	.	PASS	-	TP	.	.	.	.	.	.	.	.	0
truth_stvar	chr13	85461743	85461743	.	1	1	0	1|0	.	.	.	.	.	-	-	yes	ref	1	.	.	.	0
truth_smvar	chr13	85461743	85461743	.	1	1	0	1|0	.	.	.	.	.	-	-	no:duplicate_of_stvar	ref	1	.	.	.	0
vg	chr13	85461743	85461743	>51603564>51603567	1	1	0	0|1	1	178.431	PASS	-	TP	.	.	.	.	.	.	.	.	0
pangenie	chr13	85461743	85461743	chr13-85461743-SNV->49687539>49687541>49687542-1	1	1	0	0/1	1	.	PASS	-	TP	.	.	.	.	.	.	.	.	0
truth_stvar	chr13	85461960	85461960	.	1	1	0	1|0	.	.	.	.	.	-	-	yes	ref	1	.	.	.	0
truth_smvar	chr13	85461960	85461960	.	1	1	0	1|0	.	.	.	.	.	-	-	no:duplicate_of_stvar	ref	1	.	.	.	0
vg	chr13	85461960	85461960	>51603590>51603593	1	1	0	0|1	1	189.009	PASS	-	TP	.	.	.	.	.	.	.	.	0
pangenie	chr13	85461960	85461960	chr13-85461960-SNV->49687565>49687567>49687568-1	1	1	0	0/1	1	.	PASS	-	TP	.	.	.	.	.	.	.	.	0
truth_stvar	chr13	85461999	85461999	.	1	1	0	1|0	.	.	.	.	.	-	-	yes	ref	1	.	.	.	0
truth_smvar	chr13	85461999	85461999	.	1	1	0	1|0	.	.	.	.	.	-	-	no:duplicate_of_stvar	ref	1	.	.	.	0
vg	chr13	85461999	85461999	>51603599>51603602	1	1	0	0|1	1	186.566	PASS	-	TP	.	.	.	.	.	.	.	.	0
pangenie	chr13	85461999	85461999	chr13-85461999-SNV->49687574>49687576>49687577-1	1	1	0	0/1	1	.	PASS	-	TP	.	.	.	.	.	.	.	.	0
truth_stvar	chr13	85462187	85462187	.	1	1	0	1|0	.	.	.	.	.	-	-	yes	ref	1	.	.	.	0
truth_smvar	chr13	85462187	85462187	.	1	1	0	1|0	.	.	.	.	.	-	-	no:duplicate_of_stvar	ref	1	.	.	.	0
vg	chr13	85462187	85462187	>51603633>51603636	1	1	0	0|1	1	62.7403	PASS	-	TP	.	.	.	.	.	.	.	.	0
pangenie	chr13	85462187	85462187	chr13-85462187-SNV->49687608>49687610>49687611-1	1	1	0	0/1	1	.	PASS	-	TP	.	.	.	.	.	.	.	.	0
truth_stvar	chr13	85462351	85465671	.	3321	1	3320	1|0	.	.	.	.	.	TP	TP	yes	ref	1	DEL	.	.	0
truth_smvar	chr13	85462351	85465671	.	3321	1	3320	1|0	.	.	.	.	.	-	-	no:duplicate_of_stvar	ref	1	.	.	.	0
vg	chr13	85462351	85462351	>51603644>51603653	1	266	265	0|1	1	179.424	PASS	FP	-	.	.	.	.	.	.	.	380.4,380.0	0
pangenie	chr13	85462351	85462351	chr13-85462351-INS->49687623>49687624>49687626>49687627>49687628>49687629>49687631>49687632-265	1	266	265	0/1	1	.	PASS	FP	-	.	.	.	.	.	.	.	372.4,372.0	0
vg	chr13	85462355	85466035	>51601005>51605005	3681	408	-3273	1|0	1	3351.62	PASS	TP	-	.	.	.	.	.	.	.	380.0,380.1	0
pangenie	chr13	85462355	85466012	chr13-85462355-COMPLEX->49687632>49687638>49687642>49687643>49687644>49687645>49687646>49687647>49687649>49687650>49687651>49687652>49687654>49687655>49687657>49687658>49687659>49687661>49687662>49687669>49687670>49687671>49687673>49687674>49687676>49688975-3658	3658	417	-3241	0/1	1	.	PASS	TP	-	.	.	.	.	.	.	.	372.0,372.1	0
truth_stvar	chr13	85464201	85464201	.	1	1	0	1|0	.	.	.	.	.	-	-	no:star_allele	ref	1	.	.	.	0
truth_stvar	chr13	85464201	85464201	.	1	19	18	0|1	.	.	.	.	.	-	-	ref	yes	1	.	.	.	0
truth_smvar	chr13	85464201	85464201	.	1	19,1	18	2|1	.	.	.	.	.	-	-	no:star_allele	no:duplicate_of_stvar	1	.	.	.	0
vg	chr13	85464201	85464201	>51604010>51604016	1	19	18	.|1	1	16.4488	PASS	-	-	.	.	.	.	.	.	.	.	0
pangenie	chr13	85464201	85464201	chr13-85464201-INS->49687993>49687998>49687999-18	1	19	18	1/0	1	.	PASS	-	-	.	.	.	.	.	.	.	.	0
truth_stvar	chr13	85464582	85464618	.	37	1	0	1|0	.	.	.	.	.	-	-	no:star_allele	ref	1	DEL	2	.	0
truth_stvar	chr13	85464582	85464618	.	37	1	36	0|1	.	.	.	.	.	-	-	ref	yes	1	DEL	2	.	0
truth_smvar	chr13	85464582	85464618	.	37	1,1	36	2|1	.	.	.	.	.	-	-	no:star_allele	no:duplicate_of_stvar	1	.	2	.	0
pangenie	chr13	85464585	85464585	chr13-85464585-SNV->49688179>49688181>49688182-1	1	1	0	1/0	1	.	PASS	-	-	.	.	.	.	.	.	.	.	0
pangenie	chr13	85464585	85464587	chr13-85464588-DEL->49688182>49688185-2	3	1	-2	1/0	1	.	PASS	-	-	.	.	.	.	.	.	.	.	0
pangenie	chr13	85464615	85464618	chr13-85464621-DEL->49688189>49688191-3	4	1	-3	1/0	1	.	PASS	-	-	.	.	.	.	.	.	.	.	0
vg	chr13	85464619	85464622	>51604204>51604206	4	1	-3	.|1	1	2.95644	PASS	-	-	.	.	.	.	.	.	.	.	0
vg	chr13	85464974	85465008	>51604341>51604366	35	1	-34	.|1	1	3.57522	PASS	-	-	.	.	.	.	.	.	.	.	0
truth_stvar	chr13	85465200	85465266	.	67	1	0	1|0	.	.	.	.	.	-	-	no:star_allele	ref	1	DEL	2	.	0
truth_stvar	chr13	85465200	85465266	.	67	1	66	0|1	.	.	.	.	.	FN	FN	ref	yes	1	DEL	2	.	0
truth_smvar	chr13	85465200	85465266	.	67	1,1	66	2|1	.	.	.	.	.	-	-	no:star_allele	no:duplicate_of_stvar	1	.	2	.	0
vg	chr13	85465264	85465266	>51604480>51604482	3	1	-2	.|1	1	3.16236	PASS	-	-	.	.	.	.	.	.	.	.	0
pangenie	chr13	85465264	85465266	chr13-85465264-DEL->49688467>49688469-2	3	1	-2	1/0	1	.	PASS	-	-	.	.	.	.	.	.	.	.	0
truth_stvar	chr13	85465715	85465715	.	1	1	0	1|0	.	.	.	.	.	-	-	yes	ref	1	.	.	.	0
truth_smvar	chr13	85465715	85465715	.	1	1	0	1|0	.	.	.	.	.	-	-	no:duplicate_of_stvar	ref	1	.	.	.	0
truth_stvar	chr13	85465749	85465749	.	1	1	0	1|0	.	.	.	.	.	-	-	yes	ref	1	.	.	.	0
truth_smvar	chr13	85465749	85465749	.	1	1	0	1|0	.	.	.	.	.	-	-	no:duplicate_of_stvar	ref	1	.	.	.	0
truth_stvar	chr13	85465753	85465753	.	1	1	0	1|0	.	.	.	.	.	-	-	yes	ref	1	.	.	.	0
truth_smvar	chr13	85465753	85465753	.	1	1	0	1|0	.	.	.	.	.	-	-	no:duplicate_of_stvar	ref	1	.	.	.	0
truth_stvar	chr13	85465755	85465755	.	1	1	0	1|0	.	.	.	.	.	-	-	yes	ref	1	.	.	.	0
truth_smvar	chr13	85465755	85465755	.	1	1	0	1|0	.	.	.	.	.	-	-	no:duplicate_of_stvar	ref	1	.	.	.	0
truth_stvar	chr13	85465756	85465756	.	1	1	0	1|0	.	.	.	.	.	-	-	yes	ref	1	.	.	.	0
truth_smvar	chr13	85465756	85465756	.	1	1	0	1|0	.	.	.	.	.	-	-	no:duplicate_of_stvar	ref	1	.	.	.	0
truth_stvar	chr13	85465786	85465786	.	1	1	0	1|0	.	.	.	.	.	-	-	yes	ref	1	.	.	.	0
truth_smvar	chr13	85465786	85465786	.	1	1	0	1|0	.	.	.	.	.	-	-	no:duplicate_of_stvar	ref	1	.	.	.	0
truth_stvar	chr13	85465874	85465874	.	1	150	149	1|0	.	.	.	.	.	FN	TP	yes	ref	1	INS	30	.	0
truth_smvar	chr13	85465874	85465874	.	1	150	149	1|0	.	.	.	.	.	-	-	no:duplicate_of_stvar	ref	1	.	30	.	0
truth_stvar	chr13	85465905	85465905	.	1	2	1	1|0	.	.	.	.	.	-	-	yes	ref	1	.	.	.	0
truth_smvar	chr13	85465905	85465905	.	1	2	1	1|0	.	.	.	.	.	-	-	no:duplicate_of_stvar	ref	1	.	.	.	0
truth_stvar	chr13	85465933	85465933	.	1	167	166	1|0	.	.	.	.	.	FN	FN	yes	ref	1	INS	30	.	0
truth_smvar	chr13	85465933	85465933	.	1	167	166	1|0	.	.	.	.	.	-	-	no:duplicate_of_stvar	ref	1	.	30	.	0
truth_stvar	chr13	85465941	85465941	.	1	1	0	1|0	.	.	.	.	.	-	-	yes	ref	1	.	.	.	0
truth_smvar	chr13	85465941	85465941	.	1	1	0	1|0	.	.	.	.	.	-	-	no:duplicate_of_stvar	ref	1	.	.	.	0
truth_stvar	chr13	85465952	85465952	.	1	1	0	1|0	.	.	.	.	.	-	-	yes	ref	1	.	.	.	0
truth_smvar	chr13	85465952	85465952	.	1	1	0	1|0	.	.	.	.	.	-	-	no:duplicate_of_stvar	ref	1	.	.	.	0
truth_stvar	chr13	85465961	85465963	.	3	1	2	1|0	.	.	.	.	.	-	-	yes	ref	1	.	.	.	0
truth_smvar	chr13	85465961	85465963	.	3	1	2	1|0	.	.	.	.	.	-	-	no:duplicate_of_stvar	ref	1	.	.	.	0
truth_stvar	chr13	85465982	85465982	.	1	1	0	1|0	.	.	.	.	.	-	-	yes	ref	1	.	.	.	0
truth_smvar	chr13	85465982	85465982	.	1	1	0	1|0	.	.	.	.	.	-	-	no:duplicate_of_stvar	ref	1	.	.	.	0
truth_stvar	chr13	85466012	85466012	.	1	1	0	1|0	.	.	.	.	.	-	-	yes	ref	1	.	.	.	0
truth_smvar	chr13	85466012	85466012	.	1	1	0	1|0	.	.	.	.	.	-	-	no:duplicate_of_stvar	ref	1	.	.	.	0
pangenie	chr13	85466022	85466022	chr13-85466022-INS->49688982>49688983>49688984>49688985>49688987>49689003>49689004>49689005>49689006>49689007>49689008>49689009>49689010>49689011>49689012>49689014>49689015>49689017>49689018>49689020>49689021>49689022>49689023>49689025>49689026>49689027>49689029-108	1	109	108	0/1	1	.	PASS	TP	-	.	.	.	.	.	.	.	372.2,372.2	0
pangenie	chr13	85466031	85466031	chr13-85466032-INS->49689035>49689036>49689037>49689038>49689039>49689040>49689041-44	1	45	44	0/1	1	.	PASS	-	-	.	.	.	.	.	.	.	.	0
truth_stvar	chr13	85466033	85466035	.	3	1	2	1|0	.	.	.	.	.	-	-	yes	ref	1	.	.	.	0
truth_smvar	chr13	85466033	85466035	.	3	1	2	1|0	.	.	.	.	.	-	-	no:duplicate_of_stvar	ref	1	.	.	.	0
truth_stvar	chr13	85466051	85466053	.	3	1	2	1|0	.	.	.	.	.	-	-	yes	ref	1	.	.	.	0
truth_smvar	chr13	85466051	85466053	.	3	1	2	1|0	.	.	.	.	.	-	-	no:duplicate_of_stvar	ref	1	.	.	.	0
vg	chr13	85466053	85466053	>51605010>51605030	1	31	30	1|0	1	25.4003	PASS	-	-	.	.	.	.	.	.	.	.	0
vg	chr13	85466055	85466055	>51605023>51605025	1	5	4	1|0	1	22.3587	PASS	-	-	.	.	.	.	.	.	.	.	0
pangenie	chr13	85466057	85466057	chr13-85466059-INS->49689061>49689062>49689063-6	1	7	6	0/1	1	.	PASS	-	-	.	.	.	.	.	.	.	.	0
vg	chr13	85466062	85466062	>51605010>51605030	1	21	20	1|0	1	25.4003	PASS	-	-	.	.	.	.	.	.	.	.	0
truth_stvar	chr13	85466072	85466072	.	1	1	0	1|0	.	.	.	.	.	-	-	yes	ref	1	.	.	.	0
truth_smvar	chr13	85466072	85466072	.	1	1	0	1|0	.	.	.	.	.	-	-	no:duplicate_of_stvar	ref	1	.	.	.	0
vg	chr13	85466072	85466072	>51605030>51605033	1	1	0	1|0	1	20.7283	PASS	-	-	.	.	.	.	.	.	.	.	0
pangenie	chr13	85466072	85466072	chr13-85466074-INS->49689064>49689065>49689066-2	1	3	2	0/1	1	.	PASS	-	-	.	.	.	.	.	.	.	.	0
vg	chr13	85466078	85466078	>51605040>51605044	1	7	6	1|0	1	35.8066	PASS	-	-	.	.	.	.	.	.	.	.	0
vg	chr13	85466083	85466083	>51605044>51605067	1	161	160	1|0	1	82.5517	PASS	TP	-	.	.	.	.	.	.	.	380.4,380.2	0
pangenie	chr13	85466089	85466089	chr13-85466089-INS->49689069>49689072>49689073>49689074-4	1	5	4	0/1	1	.	PASS	-	-	.	.	.	.	.	.	.	.	0
vg	chr13	85466091	85466091	>51605071>51605075	1	3	2	1|0	1	82.0539	PASS	-	-	.	.	.	.	.	.	.	.	0
pangenie	chr13	85466091	85466091	chr13-85466091-SNV->49689074>49689076>49689077-1	1	1	0	0/1	1	.	PASS	-	-	.	.	.	.	.	.	.	.	0
vg	chr13	85466105	85466113	>51605080>51605084	9	1	-8	1|0	1	83.1788	PASS	-	-	.	.	.	.	.	.	.	.	0
truth_stvar	chr13	85466111	85466111	.	1	217	216	1|0	.	.	.	.	.	TP	FN	yes	ref	1	INS	30	.	0
truth_smvar	chr13	85466111	85466111	.	1	217	216	1|0	.	.	.	.	.	-	-	no:duplicate_of_stvar	ref	1	.	30	.	0
pangenie	chr13	85466111	85466111	chr13-85466136-INS->49689088>49689091>49689092>49689094>49689095>49689096>49689097-20	1	21	20	0/1	1	.	PASS	-	-	.	.	.	.	.	.	.	.	0
