arm	region	runs	distinct
st_long	TR755508	1621	740
st_long	TR755509	5	2
st_long	TR755559	1	1
st_long	TR755604	356	113
st_long	TR755607	6	3
st_long	TR755613	10	6
st_long	TR755650	3	3
st_long	TR755658	30	21
st_long	TR755664	6	3
st_long	TR755726	614	116
st_long	TR755752	6	5
st_long	TR755778	2	2
st_long	TR755783	11	6
st_long	TR755791	750	272
st_long	TR755827	13	7
st_long	TR755836	11	5
st_long	TR755843	4	4
st_long	TR755864	14	9
st_long	TR755871	15	8
st_long	TR755881	57	25
st_long	TR755886	22	6
st_long	TR755896	15	10
st_long	TR755910	21	16
st_long	TR755996	163	49
st_long	TR756000	16	9
st_long	TR756034	4365	1514
st_long	TR756077	6	4
st_long	TR756131	39	17
st_long	TR756187	7	6
st_long	TR756283	4	2
st_long	TR756292	90	34
st_long	TR756310	70	14
st_long	TR756343	5	3
st_long	TR756355	3	1
st_long	TR756418	3	2
st_long	TR756474	24	11
st_long	TR756490	2	2
st_long	TR756519	2	1
st_long	TR756669	41	21
st_long	TR756685	89	29
st_long	TR756692	99	21
st_long	TR756743	40	11
st_long	TR756756	70	23
st_long	TR756801	6	5
st_long	TR756802	12	10
st_long	TR756901	305	87
st_long	TR756961	21	9
st_long	TR757046	3	2
st_long	TR757059	16	5
st_long	TR757073	31	14
st_long	TR757142	1	1
st_long	TR757143	17	3
st_long	TR757292	7	5
st_long	TR757312	53	19
st_long	TR757338	1	1
st_long	TR757370	51	22
st_long	TR757380	13	6
st_long	TR757402	30	20
st_long	TR757450	5	4
st_long	TR757562	161	47
st_long	TR757644	33	10
st_long	TR757757	3	3
st_long	TR757806	254	61
st_long	TR757936	53	17
st_long	TR757964	2	1
st_long	TR757975	92	26
st_long	TR757990	464	90
st_long	TR758091	14	10
st_long	TR758147	12	5
st_long	TR758257	3	1
st_long	TR758291	54	23
st_long	TR758394	139	53
st_long	TR758405	10	5
st_long	TR758447	2	2
st_long	TR758472	2	1
st_long	TR758570	44	19
st_long	TR758616	11	6
st_long	TR759045	149	36
st_long	TR759060	4	3
st_long	TR759063	20	11
st_long	TR759093	7	3
st_long	TR759248	26	13
st_long	TR759286	1	1
st_long	TR759287	16	16
st_long	TR759415	223	36
st_long	TR759446	962	193
st_long	TR759521	30	23
st_long	TR759634	3	3
st_long	TR759655	75	17
st_long	TR759728	16	11
st_long	TR759817	4	3
st_long	TR759943	1	1
st_long	TR759983	28	10
st_long	TR760078	10	7
st_long	TR760110	13	4
st_long	TR760124	23	9
st_long	TR760137	84	34
st_long	TR760148	4	2
st_long	TR760166	17	11
st_long	TR760169	180	35
st_long	TR760205	4	3
st_long	TR760293	13	6
st_long	TR760300	16	5
st_long	TR760314	280	49
st_long	TR760329	11	6
st_long	TR760357	1	1
st_long	TR760392	6	6
st_long	TR760497	16	9
st_long	TR760525	1	1
st_long	TR760577	6	4
st_long	TR760585	8	5
st_long	TR760612	23	16
st_long	TR760632	15	10
st_long	TR760689	28	18
st_long	TR760693	5	3
st_long	TR760739	20	9
st_long	TR760742	26	12
st_long	TR760756	1	1
st_long	TR760767	1	1
st_long	TR760800	9	5
st_long	TR760814	4	2
st_long	TR760876	170	33
st_long	TR760956	86	44
st_long	TR760961	3	3
st_long	TR761026	484	137
st_long	TR761120	175	69
st_long	TR761127	1129	270
st_long	TR761128	253	59
st_long	TR761129	1028	159
st_long	TR761154	336	42
st_long	TR761278	13	10
st_long	TR761312	6	5
st_long	TR761322	10	6
st_long	TR761330	20	10
st_long	TR761480	136	48
st_long	TR761557	76	16
st_long	TR761615	52	24
st_long	TR761663	42	15
st_long	TR761681	55	32
st_long	TR761755	8	8
st_long	TR761780	17	8
st_long	TR761813	72	16
st_long	TR761843	12	9
st_long	TR761907	1	1
st_long	TR761913	91	31
st_long	TR761931	108	43
st_long	TR761978	84	14
st_long	TR761985	16	16
st_long	TR762028	1	1
st_long	TR762047	26	9
st_long	TR762150	8	7
st_long	TR762196	7	6
st_long	TR762229	3	3
st_long	TR762237	9	8
st_long	TR762269	1	1
st_long	TR762273	8	3
st_long	TR762280	19	12
st_long	TR762296	2	1
st_long	TR762300	5	4
st_long	TR762306	8	4
st_long	TR762312	7	3
st_long	TR762323	86	12
st_long	TR762337	13	8
st_long	TR762340	1	1
st_long	TR762355	5	4
st_long	TR762359	2	2
st_long	TR762376	25	23
st_long	TR762443	7	5
st_long	TR762452	6	6
st_long	TR762490	3	3
st_long	TR762607	17	12
st_long	TR762629	96	15
st_long	TR762646	2	2
st_long	TR762657	8	2
st_long	TR762691	9	9
st_long	TR762710	40	3
st_long	TR762711	110	17
st_long	TR762722	66	7
st_long	TR762878	18	5
st_long	TR762918	84	18
st_long	TR762943	24	10
st_long	TR762944	1007	141
st_long	TR762964	139	30
st_long	TR762996	54	24
st_long	TR762999	20	5
st_long	TR763074	107	20
st_long	TR763076	29	9
st_long	TR763099	10	6
st_long	TR763102	22	9
st_long	TR763235	54	14
st_long	TR763303	50	20
st_long	TR763309	21	8
st_long	TR763319	6	2
st_long	TR763460	32	28
st_long	TR763480	5	3
st_long	TR763587	28	13
st_long	TR763611	26	7
st_long	TR763614	232	140
st_long	TR763652	16	7
st_long	TR763693	4	3
st_long	TR763733	66	26
st_long	TR763761	2	2
st_long	TR763775	31	14
st_long	TR763787	3	3
st_long	TR763817	8	7
st_long	TR763830	9	4
st_long	TR763914	1	1
st_long	TR763973	8	5
st_long	TR764108	13	13
st_long	TR764110	4	3
st_long	TR764119	121	33
st_long	TR764302	8	3
st_long	TR764339	7	3
st_long	TR764350	7	6
st_long	TR764357	424	71
st_long	TR764366	28	10
st_long	TR764465	109	35
st_long	TR764473	10	5
st_long	TR764476	99	49
st_long	TR764486	59	25
st_long	TR764558	3	2
st_long	TR764604	10	6
st_long	TR764713	64	11
st_long	TR764727	15	6
st_long	TR764761	2	2
st_long	TR764773	58	33
st_long	TR764794	7	5
st_long	TR764862	25	15
st_long	TR764873	80	33
st_long	TR764881	2	2
st_long	TR764895	1	1
st_long	TR764995	5	5
st_long	TR765001	6	3
st_long	TR765031	33	18
st_long	TR765117	82	28
st_long	TR765194	1	1
st_long	TR765244	1	1
st_long	TR765247	15	15
st_long	TR765250	664	65
st_long	TR765271	236	40
st_long	TR765308	22	10
st_long	TR765313	19	7
st_long	TR765325	155	30
st_long	TR765332	10	5
st_long	TR765354	1160	127
st_long	TR765395	16	7
st_long	TR765408	3	3
st_long	TR765435	37	15
st_long	TR765467	38	19
st_long	TR765487	149	50
st_long	TR765501	1	1
st_long	TR765526	2988	480
st_long	TR765536	2	2
st_long	TR765643	67	17
st_long	TR765648	9	8
st_long	TR765669	1	1
st_long	TR765850	62	45
st_long	TR765873	43	11
st_long	TR765965	59	26
st_long	TR766081	46	21
st_long	TR766134	64	24
st_long	TR766217	1	1
st_long	TR766245	1	1
st_long	TR766253	209	55
st_long	TR766285	32	24
st_long	TR766344	30	30
st_long	TR766466	9	4
st_long	TR766554	6	2
st_long	TR766577	9	5
st_long	TR766584	3	3
st_long	TR766609	125	31
st_long	TR766622	4	4
st_long	TR766686	2	1
st_long	TR766912	8	7
st_long	TR766913	748	152
st_long	TR767007	26	11
st_long	TR767020	27	13
st_long	TR767090	8	5
st_long	TR767136	35	16
st_long	TR767212	1	1
st_long	TR767326	42	20
st_long	TR767338	1	1
st_long	TR767664	15	11
st_long	TR767701	6	4
st_long	TR767806	103	27
st_long	TR767827	22	15
st_long	TR767959	14	6
st_long	TR767965	45	17
st_long	TR768000	2	1
st_long	TR768001	5	4
st_long	TR768045	127	19
st_long	TR768052	15	6
st_long	TR768112	1	1
st_long	TR768143	3	1
st_long	TR768221	29	13
st_long	TR768226	6	2
st_long	TR768240	99	24
st_long	TR768250	4	1
st_long	TR768258	30	26
st_long	TR768271	154	28
st_long	TR768363	14	6
st_long	TR768385	16	12
st_long	TR768407	2	2
st_long	TR768412	18	11
st_long	TR768461	115	42
st_long	TR768523	6	4
st_long	TR768694	263	36
st_long	TR768721	6	3
st_long	TR768732	4	2
st_long	TR768745	6	4
st_long	TR768778	156	25
st_long	TR768795	13	5
st_long	TR768811	12	8
st_long	TR768842	29	10
st_long	TR768885	35	18
st_long	TR768925	9	6
st_long	TR768943	284	56
st_long	TR768979	217	46
st_long	TR769005	3	3
st_long	TR769050	34	9
st_long	TR769096	20	9
st_long	TR769122	13	5
st_long	TR769170	38	21
st_long	TR769210	26	12
st_long	TR769242	2	2
st_long	TR769281	6	2
st_long	TR769300	2	2
st_long	TR769316	8	2
st_long	TR769323	29	12
st_long	TR769326	70	23
st_long	TR769400	1	1
st_long	TR769447	38	36
st_long	TR769510	1	1
st_long	TR769517	53	19
st_long	TR769657	4	2
st_long	TR769697	17	6
st_long	TR769744	21	20
st_long	TR769752	580	65
st_long	TR769762	1	1
st_long	TR769830	9	6
st_long	TR769842	68	28
st_long	TR769853	8	3
st_long	TR770009	40	22
st_long	TR770023	199	31
st_long	TR770041	14	7
st_long	TR770056	15	15
st_long	TR770308	26	11
st_long	TR770420	58	30
st_long	TR770526	2	1
st_long	TR770567	5	3
st_long	TR770580	31	12
st_long	TR770592	41	21
st_long	TR770602	196	47
st_long	TR770603	152	44
st_long	TR770625	11	5
st_long	TR770649	48	16
st_long	TR770678	68	32
st_long	TR770683	90	21
st_long	TR770742	572	79
st_long	TR770744	430	57
st_long	TR770768	1	1
st_long	TR770864	2	1
st_long	TR770865	47	17
st_long	TR770876	348	86
st_long	TR770877	9	5
st_long	TR770887	20	15
st_long	TR770961	5	5
st_long	TR770976	21	8
st_long	TR770984	5	4
st_long	TR770990	13	9
st_long	TR771011	6	3
st_long	TR771014	5	4
st_long	TR771019	4	1
st_long	TR771044	161	60
st_long	TR771057	6	4
st_long	TR771091	26	5
st_long	TR771106	4	3
st_long	TR771109	1	1
st_long	TR771130	7	4
st_long	TR771164	29	9
st_long	TR771178	8	6
st_long	TR771195	32	11
st_long	TR771197	12	10
st_long	TR771214	90	29
st_long	TR771225	13	7
st_long	TR771261	2	2
st_long	TR771291	2405	598
st_long	TR771293	5	2
st_long	TR771318	4	4
st_long	TR771354	5	1
st_long	TR771390	4	4
st_long	TR771424	2	2
st_long	TR771442	4	4
st_long	TR771481	102	38
st_long	TR771590	5	2
st_long	TR771630	7	4
st_long	TR771633	4	3
st_long	TR771640	95	24
st_long	TR771653	164	55
st_long	TR771689	3	3
st_long	TR771758	38	14
st_long	TR771799	23	17
st_long	TR771871	21	13
st_long	TR771920	1	1
st_long	TR771923	21	13
st_long	TR771929	80	26
st_long	TR771939	78	33
st_long	TR771952	18	13
st_long	TR771963	2	1
st_long	TR772001	2	2
st_long	TR772036	149	44
st_long	TR772050	18	11
st_long	TR772060	30	11
st_long	TR772100	3	3
st_long	TR772131	7	5
st_long	TR772150	9	6
st_long	TR772156	3	2
st_long	TR772157	3	2
st_long	TR772169	28	11
st_long	TR772191	3	2
st_long	TR772192	156	40
st_long	TR772198	719	197
st_long	TR772205	4	4
st_long	TR772221	13	7
st_long	TR772224	2	2
st_long	TR772228	64	23
st_long	TR772242	2	1
st_long	TR772249	21	16
st_long	TR772251	76	45
st_long	TR772253	4	3
st_long	TR772256	7	4
st_long	TR772257	16	8
st_long	TR772265	7	5
st_long	TR772266	350	127
st_long	TR772268	4	4
st_long	TR772271	2	2
st_long	TR772285	13	6
st_long	TR772292	18	3
st_long	TR772296	55	14
st_long	TR772315	8	4
st_long	TR772321	15	10
st_long	TR772323	4	4
st_long	TR772327	2	2
st_long	TR772329	78	27
st_long	TR772338	3	2
st_long	TR772350	16	8
st_long	TR772359	5	1
st_long	TR772363	6	3
st_long	TR772374	4	3
st_long	TR772382	5	4
st_long	TR772404	9	6
st_long	TR772411	2	1
st_long	TR772413	88	43
st_long	TR772418	44	11
st_long	TR772419	3	3
st_long	TR772430	3	2
st_long	TR772431	1	1
st_long	TR772445	9	6
st_long	TR772446	1	1
st_long	TR772463	41	12
st_long	TR772464	2	2
st_long	TR772476	9	6
st_long	TR772489	217	55
st_long	TR772490	4	2
st_long	TR772500	16	8
st_long	TR772504	19	15
st_long	TR772506	71	27
st_long	TR772509	15	7
st_long	TR772530	1	1
st_long	TR772531	77	29
st_long	TR772548	22	15
st_long	TR772562	8	4
st_long	TR772579	135	73
st_long	TR772604	12	7
st_long	TR772606	8	4
st_long	TR772613	2	2
st_long	TR772639	954	311
st_long	TR772644	249	113
st_long	TR772648	35	18
st_long	TR772654	83	29
st_long	TR772658	3	1
st_long	TR772663	135	63
st_long	TR772676	28	12
st_long	TR772682	8	5
st_long	TR772688	3	1
st_long	TR772692	5	5
st_long	TR772695	35	11
st_long	TR772710	553	85
st_long	TR772722	15	9
st_long	TR772724	22	9
st_long	TR772725	151	38
st_long	TR772756	12	3
st_long	TR772758	57	38
st_long	TR772760	40	12
st_long	TR772761	8	2
st_long	TR772765	31	12
st_long	TR772772	6	2
st_long	TR772775	13	5
st_long	TR772778	8	6
st_long	TR772793	5	2
st_long	TR772810	14	6
st_long	TR772818	7	3
st_long	TR772832	2	1
st_long	TR772836	8	5
st_long	TR772838	64	26
st_long	TR772868	11	8
st_long	TR772871	12	6
st_long	TR772872	35	29
st_long	TR772874	22	9
st_long	TR772876	1	1
st_long	TR772891	164	81
st_long	TR772910	2	2
st_long	TR772911	1	1
st_long	TR772914	5	3
st_long	TR772915	13	6
st_long	TR772918	8	4
st_long	TR772922	16	11
st_long	TR772924	8	5
st_long	TR772925	57	31
st_long	TR772937	41	15
st_long	TR772944	90	34
st_long	TR772945	80	34
st_long	TR772953	2	1
st_long	TR772955	394	71
st_long	TR772961	3	2
st_long	TR772965	13	9
st_long	TR772969	3	2
st_long	TR772972	5	4
st_long	TR772973	9	3
st_long	TR772976	6049	2050
st_long	TR772978	280	48
st_long	TR772987	91	34
st_long	TR772993	28	13
st_long	TR772995	7	7
st_long	TR772997	11	6
st_long	TR772999	2484	756
st_long	TR773026	3	2
st_long	TR773027	79	58
st_long	TR773030	8	6
st_long	TR773034	14	7
st_long	TR773035	81	40
st_long	TR773052	5	3
st_long	TR773062	22	11
st_long	TR773065	7	3
st_long	TR773071	2	1
st_long	TR773077	11	7
st_long	TR773081	16	10
st_long	TR773095	14	6
st_long	TR773098	22	10
st_long	TR773108	1	1
st_long	TR773117	1	1
st_long	TR773131	10	5
st_long	TR773137	297	66
st_long	TR773138	19	11
st_long	TR773142	176	68
st_long	TR773143	18	11
st_long	TR773144	2	2
st_long	TR773155	1	1
st_long	TR773158	243	90
st_long	TR773161	305	52
st_long	TR773182	10	8
st_long	TR773187	3	3
st_long	TR773191	2	2
st_long	TR773193	1	1
st_long	TR773195	24	18
st_long	TR773196	2	1
st_long	TR773197	8	5
st_long	TR773201	41	13
st_long	TR773215	341	155
st_long	TR773217	1	1
st_long	TR773227	26	21
st_long	TR773234	30	11
st_long	TR773244	11	9
st_long	TR773248	4	3
st_long	TR773250	1	1
st_long	TR773265	4	2
st_long	TR773270	11	7
st_long	TR773280	23	14
st_long	TR773287	2	2
st_long	TR773291	2	2
st_long	TR773300	6	4
st_long	TR773308	5	5
st_long	TR773311	28	11
st_long	TR773316	4	4
st_long	TR773324	10	7
st_long	TR773331	4	2
st_long	TR773333	3	1
st_long	TR773337	4	1
st_long	TR773344	6	3
st_long	TR773351	5	4
st_long	TR773368	2	2
st_long	TR773376	8	6
st_long	TR773379	1121	361
st_long	TR773388	38	15
st_long	TR773393	44	15
st_long	TR773413	27	12
st_long	TR773420	5	4
st_long	TR773424	5	3
st_long	TR773439	2	1
st_long	TR773451	6	5
st_long	TR773452	51	30
st_long	TR773453	5	5
st_long	TR773454	187	54
st_long	TR773457	34	15
st_long	TR773462	50	30
st_long	TR773467	149	47
st_long	TR773470	22	9
st_long	TR773474	20	9
st_long	TR773478	6	3
st_long	TR773479	3	2
st_long	TR773487	22	5
st_long	TR773491	1196	217
st_long	TR773492	3	2
st_long	TR773493	6	3
st_long	TR773496	1	1
st_long	TR773517	52	21
st_long	TR773518	54	12
st_long	TR773523	6	2
st_long	TR773529	16	8
st_long	TR773536	298	63
st_long	TR773565	5	1
st_long	TR773568	574	400
h32f	TR755508	1333	728
h32f	TR755509	3	1
h32f	TR755559	1	1
h32f	TR755604	367	73
h32f	TR755607	4	1
h32f	TR755613	12	4
h32f	TR755650	3	3
h32f	TR755658	47	16
h32f	TR755664	6	3
h32f	TR755726	948	212
h32f	TR755752	5	3
h32f	TR755778	2	2
h32f	TR755783	7	3
h32f	TR755791	2104	387
h32f	TR755827	8	4
h32f	TR755836	12	5
h32f	TR755843	6	3
h32f	TR755864	6	3
h32f	TR755871	14	6
h32f	TR755881	38	12
h32f	TR755886	22	7
h32f	TR755896	20	7
h32f	TR755910	105	31
h32f	TR755996	108	27
h32f	TR756000	14	8
h32f	TR756034	4475	1316
h32f	TR756077	6	2
h32f	TR756131	49	20
h32f	TR756187	5	4
h32f	TR756283	4	2
h32f	TR756292	269	58
h32f	TR756310	53	16
h32f	TR756343	14	4
h32f	TR756355	3	1
h32f	TR756418	1	1
h32f	TR756474	56	11
h32f	TR756490	2	2
h32f	TR756519	2	1
h32f	TR756669	41	18
h32f	TR756685	53	15
h32f	TR756692	51	19
h32f	TR756743	17	8
h32f	TR756756	56	15
h32f	TR756801	12	6
h32f	TR756802	19	10
h32f	TR756901	173	42
h32f	TR756961	11	6
h32f	TR757046	3	2
h32f	TR757059	14	3
h32f	TR757073	22	9
h32f	TR757142	1	1
h32f	TR757143	19	5
h32f	TR757292	2	2
h32f	TR757312	51	18
h32f	TR757338	1	1
h32f	TR757370	59	16
h32f	TR757380	12	5
h32f	TR757402	69	20
h32f	TR757450	2	2
h32f	TR757562	43	11
h32f	TR757644	13	3
h32f	TR757757	3	2
h32f	TR757806	152	39
h32f	TR757936	28	11
h32f	TR757964	2	1
h32f	TR757975	68	21
h32f	TR757990	303	55
h32f	TR758091	13	8
h32f	TR758147	6	3
h32f	TR758257	3	1
h32f	TR758291	53	16
h32f	TR758394	51	20
h32f	TR758405	6	4
h32f	TR758447	2	1
h32f	TR758472	2	1
h32f	TR758570	58	15
h32f	TR758616	6	3
h32f	TR759045	174	39
h32f	TR759060	3	2
h32f	TR759063	8	3
h32f	TR759093	1	1
h32f	TR759248	24	9
h32f	TR759286	1	1
h32f	TR759287	25	15
h32f	TR759415	217	44
h32f	TR759446	1226	263
h32f	TR759521	34	21
h32f	TR759634	2	2
h32f	TR759655	54	21
h32f	TR759728	15	9
h32f	TR759817	3	1
h32f	TR759943	1	1
h32f	TR759983	16	10
h32f	TR760078	8	5
h32f	TR760110	8	3
h32f	TR760124	42	13
h32f	TR760137	168	65
h32f	TR760148	5	2
h32f	TR760166	11	8
h32f	TR760169	262	44
h32f	TR760205	4	3
h32f	TR760293	8	4
h32f	TR760300	17	5
h32f	TR760314	188	43
h32f	TR760329	15	5
h32f	TR760357	1	1
h32f	TR760392	4	4
h32f	TR760497	28	4
h32f	TR760525	1	1
h32f	TR760577	3	3
h32f	TR760585	7	4
h32f	TR760612	37	18
h32f	TR760632	22	14
h32f	TR760689	12	7
h32f	TR760693	3	2
h32f	TR760739	13	6
h32f	TR760742	22	7
h32f	TR760756	1	1
h32f	TR760767	1	1
h32f	TR760800	8	3
h32f	TR760814	4	2
h32f	TR760876	119	27
h32f	TR760956	116	31
h32f	TR760961	2	2
h32f	TR761026	612	146
h32f	TR761120	216	40
h32f	TR761127	310	88
h32f	TR761128	356	56
h32f	TR761129	1371	195
h32f	TR761154	269	49
h32f	TR761278	8	4
h32f	TR761312	6	4
h32f	TR761322	9	6
h32f	TR761330	11	6
h32f	TR761480	698	68
h32f	TR761557	110	30
h32f	TR761615	40	17
h32f	TR761663	49	21
h32f	TR761681	67	19
h32f	TR761755	9	8
h32f	TR761780	16	7
h32f	TR761813	74	16
h32f	TR761843	3	2
h32f	TR761907	1	1
h32f	TR761913	58	14
h32f	TR761931	196	29
h32f	TR761978	69	13
h32f	TR761985	14	12
h32f	TR762028	1	1
h32f	TR762047	25	5
h32f	TR762150	5	3
h32f	TR762196	7	5
h32f	TR762229	6	6
h32f	TR762237	7	3
h32f	TR762269	1	1
h32f	TR762273	10	5
h32f	TR762280	36	15
h32f	TR762296	2	1
h32f	TR762300	3	3
h32f	TR762306	4	4
h32f	TR762312	7	3
h32f	TR762323	28	9
h32f	TR762337	13	8
h32f	TR762340	1	1
h32f	TR762355	4	3
h32f	TR762359	1	1
h32f	TR762376	43	18
h32f	TR762443	6	4
h32f	TR762452	10	7
h32f	TR762490	3	3
h32f	TR762607	8	7
h32f	TR762629	29	6
h32f	TR762646	2	2
h32f	TR762657	8	2
h32f	TR762691	14	9
h32f	TR762710	48	5
h32f	TR762711	167	34
h32f	TR762722	54	9
h32f	TR762878	18	5
h32f	TR762918	85	21
h32f	TR762943	13	5
h32f	TR762944	1911	274
h32f	TR762964	89	20
h32f	TR762996	30	12
h32f	TR762999	13	3
h32f	TR763074	79	11
h32f	TR763076	18	4
h32f	TR763099	12	6
h32f	TR763102	10	4
h32f	TR763235	44	10
h32f	TR763303	28	9
h32f	TR763309	18	7
h32f	TR763319	6	2
h32f	TR763460	38	17
h32f	TR763480	6	2
h32f	TR763587	5	3
h32f	TR763611	25	7
h32f	TR763614	609	189
h32f	TR763652	19	7
h32f	TR763693	2	2
h32f	TR763733	116	23
h32f	TR763761	2	2
h32f	TR763775	21	10
h32f	TR763787	6	5
h32f	TR763817	11	7
h32f	TR763830	9	4
h32f	TR763914	1	1
h32f	TR763973	8	4
h32f	TR764108	18	11
h32f	TR764110	3	3
h32f	TR764119	78	18
h32f	TR764302	8	3
h32f	TR764339	7	3
h32f	TR764350	6	5
h32f	TR764357	298	45
h32f	TR764366	24	9
h32f	TR764465	35	13
h32f	TR764473	8	3
h32f	TR764476	82	28
h32f	TR764486	55	15
h32f	TR764558	3	2
h32f	TR764604	10	6
h32f	TR764713	65	14
h32f	TR764727	6	5
h32f	TR764761	1	1
h32f	TR764773	56	23
h32f	TR764794	6	2
h32f	TR764862	25	11
h32f	TR764873	48	19
h32f	TR764881	1	1
h32f	TR764895	1	1
h32f	TR764995	7	4
h32f	TR765001	6	3
h32f	TR765031	53	15
h32f	TR765117	60	17
h32f	TR765194	1	1
h32f	TR765244	1	1
h32f	TR765247	14	11
h32f	TR765250	275	43
h32f	TR765271	173	32
h32f	TR765308	25	17
h32f	TR765313	21	9
h32f	TR765325	133	38
h32f	TR765332	27	11
h32f	TR765354	439	66
h32f	TR765395	16	7
h32f	TR765408	2	2
h32f	TR765435	31	10
h32f	TR765467	23	13
h32f	TR765487	461	87
h32f	TR765501	1	1
h32f	TR765526	2200	285
h32f	TR765536	2	2
h32f	TR765643	67	14
h32f	TR765648	14	7
h32f	TR765669	1	1
h32f	TR765850	117	31
h32f	TR765873	12	4
h32f	TR765965	36	17
h32f	TR766081	35	11
h32f	TR766134	30	13
h32f	TR766217	1	1
h32f	TR766245	1	1
h32f	TR766253	147	30
h32f	TR766285	54	15
h32f	TR766344	39	23
h32f	TR766466	9	4
h32f	TR766554	6	2
h32f	TR766577	7	3
h32f	TR766584	4	4
h32f	TR766609	104	23
h32f	TR766622	1	1
h32f	TR766686	2	1
h32f	TR766912	7	6
h32f	TR766913	302	88
h32f	TR767007	22	10
h32f	TR767020	18	6
h32f	TR767090	8	5
h32f	TR767136	21	11
h32f	TR767212	1	1
h32f	TR767326	31	16
h32f	TR767338	1	1
h32f	TR767664	14	7
h32f	TR767701	39	24
h32f	TR767806	137	31
h32f	TR767827	16	8
h32f	TR767959	25	10
h32f	TR767965	65	16
h32f	TR768000	2	1
h32f	TR768001	2	2
h32f	TR768045	146	48
h32f	TR768052	14	6
h32f	TR768112	1	1
h32f	TR768143	3	1
h32f	TR768221	28	9
h32f	TR768226	6	2
h32f	TR768240	52	15
h32f	TR768250	4	1
h32f	TR768258	50	25
h32f	TR768271	204	35
h32f	TR768363	14	6
h32f	TR768385	17	12
h32f	TR768407	2	2
h32f	TR768412	15	9
h32f	TR768461	147	32
h32f	TR768523	6	3
h32f	TR768619	421	140
h32f	TR768694	120	30
h32f	TR768721	6	3
h32f	TR768732	4	2
h32f	TR768745	2	2
h32f	TR768778	63	18
h32f	TR768795	10	5
h32f	TR768811	8	3
h32f	TR768842	40	6
h32f	TR768885	29	12
h32f	TR768925	6	4
h32f	TR768943	139	27
h32f	TR768979	284	53
h32f	TR769005	3	3
h32f	TR769050	33	8
h32f	TR769096	18	6
h32f	TR769122	8	4
h32f	TR769170	64	12
h32f	TR769210	21	8
h32f	TR769242	2	2
h32f	TR769281	6	2
h32f	TR769300	2	2
h32f	TR769316	4	1
h32f	TR769323	31	12
h32f	TR769326	44	12
h32f	TR769400	1	1
h32f	TR769447	32	21
h32f	TR769510	1	1
h32f	TR769517	38	11
h32f	TR769657	2	1
h32f	TR769697	11	3
h32f	TR769744	20	18
h32f	TR769752	846	78
h32f	TR769762	1	1
h32f	TR769830	9	5
h32f	TR769842	58	17
h32f	TR769853	8	3
h32f	TR770009	26	17
h32f	TR770023	75	17
h32f	TR770041	13	7
h32f	TR770056	14	13
h32f	TR770308	16	10
h32f	TR770420	57	9
h32f	TR770526	2	1
h32f	TR770567	5	3
h32f	TR770580	22	7
h32f	TR770592	48	16
h32f	TR770602	244	58
h32f	TR770603	211	63
h32f	TR770625	11	5
h32f	TR770649	59	15
h32f	TR770678	65	25
h32f	TR770683	106	24
h32f	TR770742	287	44
h32f	TR770744	391	68
h32f	TR770768	1	1
h32f	TR770864	2	1
h32f	TR770865	22	8
h32f	TR770876	290	39
h32f	TR770877	10	5
h32f	TR770887	30	12
h32f	TR770961	2	2
h32f	TR770976	17	8
h32f	TR770984	3	3
h32f	TR770990	8	5
h32f	TR771011	5	2
h32f	TR771014	4	2
h32f	TR771019	4	1
h32f	TR771044	132	39
h32f	TR771057	3	2
h32f	TR771091	28	6
h32f	TR771106	3	1
h32f	TR771109	1	1
h32f	TR771130	7	2
h32f	TR771164	29	9
h32f	TR771178	11	5
h32f	TR771195	23	10
h32f	TR771197	8	7
h32f	TR771214	70	18
h32f	TR771225	12	5
h32f	TR771261	2	2
h32f	TR771291	2195	280
h32f	TR771293	8	2
h32f	TR771318	4	4
h32f	TR771354	5	1
h32f	TR771390	8	5
h32f	TR771424	2	2
h32f	TR771442	6	6
h32f	TR771481	45	14
h32f	TR771590	5	2
h32f	TR771630	6	3
h32f	TR771633	3	1
h32f	TR771640	81	26
h32f	TR771653	276	58
h32f	TR771689	2	2
h32f	TR771758	51	20
h32f	TR771799	29	19
h32f	TR771871	26	6
h32f	TR771920	1	1
h32f	TR771923	14	9
h32f	TR771929	76	20
h32f	TR771939	85	28
h32f	TR771952	20	5
h32f	TR771963	2	1
h32f	TR772001	3	2
h32f	TR772036	96	23
h32f	TR772050	18	12
h32f	TR772060	18	9
h32f	TR772100	2	1
h32f	TR772131	10	2
h32f	TR772150	16	9
h32f	TR772156	3	2
h32f	TR772157	2	2
h32f	TR772169	23	7
h32f	TR772191	3	2
h32f	TR772192	114	30
h32f	TR772198	1161	263
h32f	TR772205	4	4
h32f	TR772221	5	5
h32f	TR772224	2	2
h32f	TR772228	55	14
h32f	TR772242	2	1
h32f	TR772249	19	15
h32f	TR772251	66	27
h32f	TR772253	4	3
h32f	TR772256	6	3
h32f	TR772257	10	6
h32f	TR772265	4	3
h32f	TR772266	19	9
h32f	TR772268	3	3
h32f	TR772271	2	2
h32f	TR772285	10	5
h32f	TR772292	13	4
h32f	TR772296	54	11
h32f	TR772315	8	4
h32f	TR772321	12	6
h32f	TR772323	2	2
h32f	TR772327	2	2
h32f	TR772329	126	36
h32f	TR772338	3	2
h32f	TR772350	11	6
h32f	TR772359	5	1
h32f	TR772363	6	3
h32f	TR772374	2	1
h32f	TR772382	1	1
h32f	TR772404	9	3
h32f	TR772411	2	1
h32f	TR772413	215	51
h32f	TR772418	55	9
h32f	TR772419	3	3
h32f	TR772430	2	1
h32f	TR772431	1	1
h32f	TR772445	6	3
h32f	TR772446	1	1
h32f	TR772463	35	10
h32f	TR772464	2	2
h32f	TR772476	7	5
h32f	TR772489	233	48
h32f	TR772490	4	2
h32f	TR772500	10	3
h32f	TR772504	19	9
h32f	TR772506	137	56
h32f	TR772509	13	6
h32f	TR772530	1	1
h32f	TR772531	181	50
h32f	TR772548	13	8
h32f	TR772562	8	3
h32f	TR772579	293	87
h32f	TR772604	22	12
h32f	TR772606	8	4
h32f	TR772613	2	2
h32f	TR772639	1856	361
h32f	TR772644	349	123
h32f	TR772648	41	15
h32f	TR772654	97	30
h32f	TR772658	3	1
h32f	TR772663	227	50
h32f	TR772676	8	3
h32f	TR772682	4	3
h32f	TR772688	3	1
h32f	TR772692	9	6
h32f	TR772695	26	11
h32f	TR772710	466	84
h32f	TR772722	30	13
h32f	TR772724	21	8
h32f	TR772725	181	48
h32f	TR772756	8	1
h32f	TR772758	84	29
h32f	TR772760	47	13
h32f	TR772761	4	1
h32f	TR772765	30	12
h32f	TR772772	6	2
h32f	TR772775	12	3
h32f	TR772778	6	3
h32f	TR772793	5	1
h32f	TR772810	5	3
h32f	TR772818	3	2
h32f	TR772832	2	1
h32f	TR772836	7	4
h32f	TR772838	115	32
h32f	TR772868	4	2
h32f	TR772871	28	7
h32f	TR772872	31	17
h32f	TR772874	23	14
h32f	TR772876	1	1
h32f	TR772891	589	131
h32f	TR772910	1	1
h32f	TR772911	1	1
h32f	TR772914	5	3
h32f	TR772915	16	8
h32f	TR772918	5	3
h32f	TR772922	14	8
h32f	TR772924	13	4
h32f	TR772925	30	13
h32f	TR772937	63	17
h32f	TR772944	135	37
h32f	TR772945	145	38
h32f	TR772953	2	1
h32f	TR772955	338	63
h32f	TR772961	3	2
h32f	TR772965	20	8
h32f	TR772969	3	2
h32f	TR772972	5	4
h32f	TR772973	9	2
h32f	TR772976	6425	1459
h32f	TR772978	291	44
h32f	TR772987	61	24
h32f	TR772993	22	8
h32f	TR772995	6	5
h32f	TR772997	11	6
h32f	TR772999	3879	859
h32f	TR773026	3	2
h32f	TR773027	152	42
h32f	TR773030	5	3
h32f	TR773034	3	1
h32f	TR773035	60	27
h32f	TR773052	3	1
h32f	TR773062	5	5
h32f	TR773065	2	2
h32f	TR773071	2	1
h32f	TR773077	5	3
h32f	TR773081	9	3
h32f	TR773095	14	5
h32f	TR773098	10	4
h32f	TR773108	1	1
h32f	TR773117	1	1
h32f	TR773131	9	4
h32f	TR773137	119	32
h32f	TR773138	19	11
h32f	TR773142	119	33
h32f	TR773143	11	6
h32f	TR773144	5	4
h32f	TR773155	1	1
h32f	TR773158	333	71
h32f	TR773161	214	38
h32f	TR773182	13	9
h32f	TR773187	3	2
h32f	TR773191	2	2
h32f	TR773193	1	1
h32f	TR773195	77	29
h32f	TR773196	2	1
h32f	TR773197	6	3
h32f	TR773201	24	8
h32f	TR773215	426	140
h32f	TR773217	1	1
h32f	TR773227	30	17
h32f	TR773234	23	9
h32f	TR773244	17	7
h32f	TR773248	4	3
h32f	TR773250	1	1
h32f	TR773265	4	2
h32f	TR773270	8	6
h32f	TR773280	25	14
h32f	TR773287	2	2
h32f	TR773291	2	2
h32f	TR773300	6	4
h32f	TR773308	4	4
h32f	TR773311	27	9
h32f	TR773316	2	2
h32f	TR773324	6	6
h32f	TR773331	2	1
h32f	TR773333	3	1
h32f	TR773337	4	1
h32f	TR773344	6	3
h32f	TR773351	2	2
h32f	TR773368	2	2
h32f	TR773376	5	2
h32f	TR773379	1302	322
h32f	TR773388	12	7
h32f	TR773393	32	14
h32f	TR773413	27	12
h32f	TR773420	1	1
h32f	TR773424	8	4
h32f	TR773439	2	1
h32f	TR773451	4	2
h32f	TR773452	100	42
h32f	TR773453	4	4
h32f	TR773454	355	90
h32f	TR773457	45	19
h32f	TR773462	133	44
h32f	TR773467	120	44
h32f	TR773470	17	7
h32f	TR773472	1611	398
h32f	TR773474	23	8
h32f	TR773478	2	2
h32f	TR773479	3	2
h32f	TR773487	22	5
h32f	TR773491	1104	226
h32f	TR773492	2	1
h32f	TR773493	1	1
h32f	TR773496	1	1
h32f	TR773517	40	17
h32f	TR773518	62	17
h32f	TR773523	6	2
h32f	TR773529	11	5
h32f	TR773536	299	37
h32f	TR773565	5	1
h32f	TR773568	524	397
all	TR755508	1667	695
all	TR755509	3	1
all	TR755559	1	1
all	TR755604	474	62
all	TR755607	4	1
all	TR755613	11	4
all	TR755650	3	3
all	TR755658	54	17
all	TR755664	6	3
all	TR755726	1125	138
all	TR755752	5	3
all	TR755778	3	2
all	TR755783	9	3
all	TR755791	1647	227
all	TR755827	8	3
all	TR755836	13	6
all	TR755843	6	3
all	TR755864	6	3
all	TR755871	14	6
all	TR755881	217	20
all	TR755886	26	5
all	TR755896	21	7
all	TR755910	48	12
all	TR755996	156	30
all	TR756000	16	9
all	TR756034	5854	782
all	TR756077	10	2
all	TR756131	35	10
all	TR756187	7	4
all	TR756283	4	2
all	TR756292	223	31
all	TR756310	61	12
all	TR756343	14	5
all	TR756355	3	1
all	TR756418	1	1
all	TR756474	53	11
all	TR756490	3	2
all	TR756519	2	1
all	TR756669	110	33
all	TR756685	72	21
all	TR756692	130	25
all	TR756743	24	8
all	TR756756	68	16
all	TR756801	11	5
all	TR756802	25	10
all	TR756901	410	50
all	TR756961	24	6
all	TR757046	3	2
all	TR757059	16	3
all	TR757073	35	14
all	TR757142	1	1
all	TR757143	17	3
all	TR757292	3	2
all	TR757312	53	19
all	TR757338	1	1
all	TR757370	74	14
all	TR757380	18	6
all	TR757402	85	19
all	TR757450	2	2
all	TR757562	49	14
all	TR757644	14	3
all	TR757757	3	2
all	TR757806	186	32
all	TR757936	37	13
all	TR757964	2	1
all	TR757975	87	26
all	TR757990	492	62
all	TR758091	22	6
all	TR758147	5	2
all	TR758257	3	1
all	TR758291	59	20
all	TR758394	83	31
all	TR758405	6	4
all	TR758447	2	1
all	TR758472	2	1
all	TR758570	59	15
all	TR758616	4	3
all	TR759045	141	32
all	TR759060	4	3
all	TR759063	18	9
all	TR759093	1	1
all	TR759248	44	9
all	TR759286	1	1
all	TR759287	56	17
all	TR759415	444	47
all	TR759446	1168	175
all	TR759521	67	20
all	TR759634	2	2
all	TR759655	83	12
all	TR759728	15	8
all	TR759817	3	1
all	TR759943	1	1
all	TR759983	25	11
all	TR760078	9	7
all	TR760110	8	3
all	TR760124	49	12
all	TR760137	480	129
all	TR760148	5	2
all	TR760166	20	10
all	TR760169	227	29
all	TR760205	4	3
all	TR760293	14	5
all	TR760300	16	5
all	TR760314	220	32
all	TR760329	17	5
all	TR760357	1	1
all	TR760392	8	5
all	TR760497	31	4
all	TR760525	1	1
all	TR760577	3	3
all	TR760585	7	4
all	TR760612	49	16
all	TR760632	22	12
all	TR760689	56	14
all	TR760693	3	2
all	TR760739	21	7
all	TR760742	27	8
all	TR760756	1	1
all	TR760767	1	1
all	TR760800	8	3
all	TR760814	4	2
all	TR760876	128	26
all	TR760956	160	33
all	TR760961	2	2
all	TR761026	716	121
all	TR761120	253	33
all	TR761127	503	93
all	TR761128	376	40
all	TR761129	1783	171
all	TR761154	553	63
all	TR761278	18	4
all	TR761312	6	4
all	TR761322	11	7
all	TR761330	34	8
all	TR761480	961	65
all	TR761557	281	42
all	TR761615	94	19
all	TR761663	42	15
all	TR761681	124	14
all	TR761755	8	8
all	TR761780	25	7
all	TR761813	92	16
all	TR761843	3	2
all	TR761907	1	1
all	TR761913	94	18
all	TR761931	241	24
all	TR761978	73	13
all	TR761985	16	16
all	TR762028	1	1
all	TR762047	25	5
all	TR762150	8	5
all	TR762196	9	5
all	TR762229	3	3
all	TR762237	10	3
all	TR762269	1	1
all	TR762273	8	3
all	TR762280	37	14
all	TR762296	2	1
all	TR762300	4	3
all	TR762306	4	4
all	TR762312	7	3
all	TR762323	28	9
all	TR762337	18	8
all	TR762340	1	1
all	TR762355	6	3
all	TR762359	1	1
all	TR762376	70	19
all	TR762443	7	5
all	TR762452	11	8
all	TR762490	3	3
all	TR762607	20	6
all	TR762629	27	4
all	TR762646	2	2
all	TR762657	8	2
all	TR762691	16	9
all	TR762710	40	3
all	TR762711	76	12
all	TR762722	46	5
all	TR762878	18	5
all	TR762918	76	16
all	TR762943	22	8
all	TR762944	7407	860
all	TR762964	143	30
all	TR762996	30	12
all	TR762999	13	3
all	TR763074	82	13
all	TR763076	29	5
all	TR763099	10	6
all	TR763102	23	8
all	TR763235	105	18
all	TR763303	31	11
all	TR763309	15	5
all	TR763319	6	2
all	TR763460	46	22
all	TR763480	4	2
all	TR763587	5	3
all	TR763611	26	7
all	TR763614	706	170
all	TR763652	21	7
all	TR763693	2	2
all	TR763733	116	23
all	TR763761	2	2
all	TR763775	33	13
all	TR763787	3	3
all	TR763817	9	5
all	TR763830	9	4
all	TR763914	1	1
all	TR763973	10	4
all	TR764108	36	13
all	TR764110	4	3
all	TR764119	142	15
all	TR764302	8	3
all	TR764339	7	3
all	TR764350	6	5
all	TR764357	364	37
all	TR764366	31	9
all	TR764465	77	23
all	TR764473	13	4
all	TR764476	170	34
all	TR764486	122	17
all	TR764558	3	2
all	TR764604	12	6
all	TR764713	64	11
all	TR764727	6	5
all	TR764761	1	1
all	TR764773	113	23
all	TR764794	6	2
all	TR764862	24	11
all	TR764873	54	18
all	TR764881	1	1
all	TR764895	1	1
all	TR764995	9	4
all	TR765001	6	3
all	TR765031	52	16
all	TR765117	79	18
all	TR765194	1	1
all	TR765244	1	1
all	TR765247	25	11
all	TR765250	665	63
all	TR765271	169	29
all	TR765308	20	9
all	TR765313	19	7
all	TR765325	125	29
all	TR765332	10	5
all	TR765354	702	70
all	TR765395	16	7
all	TR765408	3	3
all	TR765435	50	11
all	TR765467	59	15
all	TR765487	455	41
all	TR765501	1	1
all	TR765526	2534	227
all	TR765536	2	2
all	TR765643	75	13
all	TR765648	14	6
all	TR765669	1	1
all	TR765850	280	41
all	TR765873	12	4
all	TR765965	77	15
all	TR766081	56	13
all	TR766134	45	18
all	TR766217	1	1
all	TR766245	1	1
all	TR766253	352	30
all	TR766285	75	19
all	TR766344	119	22
all	TR766466	9	4
all	TR766554	6	2
all	TR766577	8	3
all	TR766584	5	5
all	TR766609	123	26
all	TR766622	1	1
all	TR766686	2	1
all	TR766912	8	6
all	TR766913	854	121
all	TR767007	22	10
all	TR767020	34	13
all	TR767090	8	4
all	TR767136	45	14
all	TR767212	1	1
all	TR767326	57	15
all	TR767338	1	1
all	TR767664	26	8
all	TR767701	17	5
all	TR767806	139	21
all	TR767827	38	9
all	TR767959	7	3
all	TR767965	86	14
all	TR768000	2	1
all	TR768001	2	2
all	TR768045	109	19
all	TR768052	15	6
all	TR768112	1	1
all	TR768143	3	1
all	TR768221	32	10
all	TR768226	6	2
all	TR768240	77	19
all	TR768250	4	1
all	TR768258	106	26
all	TR768271	368	37
all	TR768363	17	7
all	TR768385	19	12
all	TR768407	2	2
all	TR768412	17	9
all	TR768461	150	26
all	TR768523	6	3
all	TR768619	462	85
all	TR768694	157	19
all	TR768721	6	3
all	TR768732	4	2
all	TR768745	2	2
all	TR768778	134	22
all	TR768795	10	5
all	TR768811	8	3
all	TR768842	32	7
all	TR768885	47	14
all	TR768925	12	4
all	TR768943	131	22
all	TR768979	277	44
all	TR769005	4	3
all	TR769050	34	8
all	TR769096	18	6
all	TR769122	8	4
all	TR769170	69	13
all	TR769210	28	6
all	TR769242	2	2
all	TR769281	6	2
all	TR769300	2	2
all	TR769316	4	1
all	TR769323	29	12
all	TR769326	71	13
all	TR769400	1	1
all	TR769447	120	26
all	TR769510	1	1
all	TR769517	38	11
all	TR769657	2	1
all	TR769697	17	6
all	TR769744	62	16
all	TR769752	837	71
all	TR769762	1	1
all	TR769830	9	5
all	TR769842	68	18
all	TR769853	15	3
all	TR770009	36	18
all	TR770023	296	45
all	TR770041	14	8
all	TR770056	33	12
all	TR770308	34	10
all	TR770420	58	8
all	TR770526	2	1
all	TR770567	5	3
all	TR770580	25	6
all	TR770592	42	14
all	TR770602	733	88
all	TR770603	293	53
all	TR770625	11	5
all	TR770649	66	14
all	TR770678	92	32
all	TR770683	153	29
all	TR770742	659	65
all	TR770744	492	53
all	TR770768	1	1
all	TR770864	2	1
all	TR770865	22	8
all	TR770876	425	37
all	TR770877	10	5
all	TR770887	31	12
all	TR770961	2	2
all	TR770976	22	8
all	TR770984	4	3
all	TR770990	8	5
all	TR771011	5	2
all	TR771014	5	4
all	TR771019	4	1
all	TR771044	181	36
all	TR771057	3	2
all	TR771091	32	10
all	TR771106	3	1
all	TR771109	1	1
all	TR771130	7	2
all	TR771164	42	11
all	TR771178	12	6
all	TR771195	23	9
all	TR771197	10	8
all	TR771214	70	18
all	TR771225	12	5
all	TR771261	2	2
all	TR771291	2628	206
all	TR771293	5	2
all	TR771318	4	4
all	TR771354	5	1
all	TR771390	7	4
all	TR771424	2	2
all	TR771442	6	5
all	TR771481	67	20
all	TR771590	6	2
all	TR771630	6	3
all	TR771633	3	1
all	TR771640	120	24
all	TR771653	392	44
all	TR771689	3	2
all	TR771758	176	53
all	TR771799	58	15
all	TR771871	23	5
all	TR771920	1	1
all	TR771923	16	7
all	TR771929	99	22
all	TR771939	149	28
all	TR771952	24	7
all	TR771963	2	1
all	TR772001	3	2
all	TR772036	123	26
all	TR772050	18	11
all	TR772060	20	11
all	TR772100	2	1
all	TR772131	10	2
all	TR772150	33	10
all	TR772156	4	2
all	TR772157	2	2
all	TR772169	28	8
all	TR772191	3	2
all	TR772192	201	27
all	TR772198	1035	185
all	TR772205	4	4
all	TR772221	14	4
all	TR772224	2	2
all	TR772228	59	14
all	TR772242	2	1
all	TR772249	23	12
all	TR772251	88	26
all	TR772253	5	3
all	TR772256	7	4
all	TR772257	12	7
all	TR772265	4	3
all	TR772266	17	7
all	TR772268	3	3
all	TR772271	2	2
all	TR772285	16	8
all	TR772292	11	2
all	TR772296	92	12
all	TR772315	8	4
all	TR772321	12	6
all	TR772323	2	2
all	TR772327	2	2
all	TR772329	152	32
all	TR772338	3	2
all	TR772350	20	9
all	TR772359	5	1
all	TR772363	6	3
all	TR772374	2	1
all	TR772382	1	1
all	TR772404	11	3
all	TR772411	2	1
all	TR772413	217	29
all	TR772418	50	7
all	TR772419	3	3
all	TR772430	2	1
all	TR772431	1	1
all	TR772445	6	3
all	TR772446	1	1
all	TR772463	35	10
all	TR772464	2	2
all	TR772476	7	5
all	TR772489	198	31
all	TR772490	4	2
all	TR772500	17	3
all	TR772504	43	8
all	TR772506	151	46
all	TR772509	15	7
all	TR772530	1	1
all	TR772531	215	38
all	TR772548	24	8
all	TR772562	10	4
all	TR772579	376	75
all	TR772604	25	10
all	TR772606	9	4
all	TR772613	2	2
all	TR772639	1648	200
all	TR772644	584	113
all	TR772648	123	32
all	TR772654	121	27
all	TR772658	3	1
all	TR772663	290	50
all	TR772676	8	3
all	TR772682	5	3
all	TR772688	3	1
all	TR772692	4	3
all	TR772695	27	8
all	TR772710	357	46
all	TR772722	16	9
all	TR772724	22	9
all	TR772725	206	39
all	TR772756	12	3
all	TR772758	95	24
all	TR772760	42	13
all	TR772761	8	2
all	TR772765	42	12
all	TR772772	6	2
all	TR772775	23	3
all	TR772778	9	3
all	TR772793	5	1
all	TR772810	5	3
all	TR772818	3	2
all	TR772832	2	1
all	TR772836	7	4
all	TR772838	172	46
all	TR772868	4	2
all	TR772871	23	5
all	TR772872	87	20
all	TR772874	20	9
all	TR772876	1	1
all	TR772891	362	50
all	TR772910	2	2
all	TR772911	1	1
all	TR772914	5	3
all	TR772915	16	6
all	TR772918	5	3
all	TR772922	18	8
all	TR772924	8	4
all	TR772925	31	11
all	TR772937	285	42
all	TR772944	178	34
all	TR772945	128	20
all	TR772953	2	1
all	TR772955	548	74
all	TR772961	3	2
all	TR772965	15	5
all	TR772969	3	2
all	TR772972	5	4
all	TR772973	9	2
all	TR772976	8616	955
all	TR772978	452	51
all	TR772987	82	23
all	TR772993	26	9
all	TR772995	6	5
all	TR772997	11	6
all	TR772999	3573	519
all	TR773026	3	2
all	TR773027	179	26
all	TR773030	12	4
all	TR773034	11	5
all	TR773035	98	24
all	TR773052	3	1
all	TR773062	7	6
all	TR773065	2	2
all	TR773071	2	1
all	TR773077	5	3
all	TR773081	10	3
all	TR773095	19	5
all	TR773098	29	7
all	TR773108	1	1
all	TR773117	1	1
all	TR773131	16	5
all	TR773137	141	36
all	TR773138	23	10
all	TR773142	124	25
all	TR773143	9	6
all	TR773144	2	2
all	TR773155	1	1
all	TR773158	411	55
all	TR773161	209	35
all	TR773182	10	7
all	TR773187	3	2
all	TR773191	2	2
all	TR773193	1	1
all	TR773195	44	16
all	TR773196	2	1
all	TR773197	6	3
all	TR773201	26	8
all	TR773215	540	105
all	TR773217	1	1
all	TR773227	25	15
all	TR773234	35	10
all	TR773244	12	7
all	TR773248	4	3
all	TR773250	1	1
all	TR773265	6	2
all	TR773270	8	6
all	TR773280	43	16
all	TR773287	2	2
all	TR773291	2	2
all	TR773300	6	4
all	TR773308	5	4
all	TR773311	28	9
all	TR773316	3	2
all	TR773324	8	6
all	TR773331	2	1
all	TR773333	3	1
all	TR773337	4	1
all	TR773344	6	3
all	TR773351	3	3
all	TR773368	2	2
all	TR773376	5	2
all	TR773379	1742	264
all	TR773388	19	7
all	TR773393	30	11
all	TR773413	36	11
all	TR773420	1	1
all	TR773424	8	4
all	TR773439	2	1
all	TR773451	4	2
all	TR773452	76	31
all	TR773453	4	4
all	TR773454	484	96
all	TR773457	69	15
all	TR773462	208	45
all	TR773467	121	34
all	TR773470	11	4
all	TR773472	1120	209
all	TR773474	23	8
all	TR773478	2	2
all	TR773479	4	2
all	TR773487	22	5
all	TR773491	1074	136
all	TR773492	2	1
all	TR773493	1	1
all	TR773496	1	1
all	TR773517	79	17
all	TR773518	47	9
all	TR773523	6	2
all	TR773529	22	4
all	TR773536	511	43
all	TR773565	5	1
all	TR773568	609	381
full	TR755508	1667	695
full	TR755509	6	2
full	TR755559	1	1
full	TR755604	1130	161
full	TR755607	4	1
full	TR755613	11	4
full	TR755650	3	3
full	TR755658	172	40
full	TR755664	15	9
full	TR755726	1648	213
full	TR755752	23	9
full	TR755778	3	3
full	TR755783	14	4
full	TR755791	7533	869
full	TR755827	13	4
full	TR755836	13	6
full	TR755843	8	3
full	TR755864	7	3
full	TR755871	20	6
full	TR755881	163	21
full	TR755886	36	8
full	TR755896	56	21
full	TR755910	91	21
full	TR755996	286	42
full	TR756000	16	9
full	TR756034	11877	1551
full	TR756077	24	5
full	TR756131	42	14
full	TR756187	15	5
full	TR756283	4	2
full	TR756292	531	73
full	TR756310	65	13
full	TR756343	17	6
full	TR756355	3	1
full	TR756418	1	1
full	TR756474	96	15
full	TR756490	3	2
full	TR756519	2	1
full	TR756669	203	38
full	TR756685	111	31
full	TR756692	143	32
full	TR756743	24	8
full	TR756756	64	18
full	TR756801	19	10
full	TR756802	46	14
full	TR756901	1015	128
full	TR756961	50	9
full	TR757046	3	2
full	TR757059	98	17
full	TR757073	42	18
full	TR757142	1	1
full	TR757143	17	3
full	TR757292	3	2
full	TR757312	67	20
full	TR757338	1	1
full	TR757370	79	18
full	TR757380	67	17
full	TR757402	175	33
full	TR757450	6	6
full	TR757562	53	18
full	TR757644	41	11
full	TR757757	5	2
full	TR757806	473	85
full	TR757936	48	15
full	TR757964	2	1
full	TR757975	145	22
full	TR757990	931	126
full	TR758091	16	8
full	TR758147	8	3
full	TR758257	3	1
full	TR758291	46	19
full	TR758394	127	48
full	TR758405	15	5
full	TR758447	2	1
full	TR758472	6	3
full	TR758570	72	15
full	TR758616	20	10
full	TR759045	138	32
full	TR759060	6	3
full	TR759063	18	9
full	TR759093	1	1
full	TR759248	47	10
full	TR759286	1	1
full	TR759287	60	22
full	TR759415	347	31
full	TR759446	1318	231
full	TR759521	84	30
full	TR759634	5	5
full	TR759655	136	17
full	TR759728	25	10
full	TR759817	3	1
full	TR759943	1	1
full	TR759983	25	11
full	TR760078	23	13
full	TR760110	8	3
full	TR760124	78	17
full	TR760137	191	62
full	TR760148	14	5
full	TR760166	25	13
full	TR760169	286	36
full	TR760205	4	3
full	TR760293	11	6
full	TR760300	19	5
full	TR760314	495	52
full	TR760329	61	11
full	TR760357	1	1
full	TR760392	44	24
full	TR760497	28	4
full	TR760525	1	1
full	TR760577	10	8
full	TR760585	7	4
full	TR760612	66	22
full	TR760632	109	42
full	TR760689	68	23
full	TR760693	4	3
full	TR760739	42	13
full	TR760742	22	9
full	TR760756	1	1
full	TR760767	1	1
full	TR760800	8	3
full	TR760814	4	2
full	TR760876	155	28
full	TR760956	385	76
full	TR760961	6	3
full	TR761026	997	191
full	TR761120	335	85
full	TR761127	731	139
full	TR761128	535	65
full	TR761129	2947	280
full	TR761154	603	72
full	TR761278	8	4
full	TR761312	6	4
full	TR761322	50	18
full	TR761330	111	23
full	TR761480	860	91
full	TR761557	111	21
full	TR761615	190	27
full	TR761663	43	15
full	TR761681	237	24
full	TR761755	10	10
full	TR761780	22	9
full	TR761813	114	20
full	TR761843	8	5
full	TR761907	1	1
full	TR761913	156	34
full	TR761931	452	44
full	TR761978	83	14
full	TR761985	19	15
full	TR762028	1	1
full	TR762047	92	19
full	TR762150	10	5
full	TR762196	10	5
full	TR762229	3	3
full	TR762237	14	5
full	TR762269	1	1
full	TR762273	8	3
full	TR762280	50	18
full	TR762296	2	1
full	TR762300	6	6
full	TR762306	5	5
full	TR762312	7	3
full	TR762323	41	10
full	TR762337	20	10
full	TR762340	1	1
full	TR762355	10	4
full	TR762359	4	4
full	TR762376	113	21
full	TR762443	7	5
full	TR762452	13	9
full	TR762490	3	3
full	TR762607	56	13
full	TR762629	75	10
full	TR762646	7	7
full	TR762657	8	2
full	TR762691	51	17
full	TR762710	40	3
full	TR762711	80	13
full	TR762722	46	5
full	TR762878	18	5
full	TR762918	76	16
full	TR762943	22	8
full	TR762944	6143	710
full	TR762964	150	31
full	TR762996	66	18
full	TR762999	13	3
full	TR763074	82	14
full	TR763076	393	59
full	TR763099	10	6
full	TR763102	30	11
full	TR763235	53	9
full	TR763303	75	20
full	TR763309	38	17
full	TR763319	6	2
full	TR763460	138	33
full	TR763480	44	20
full	TR763587	11	5
full	TR763611	27	10
full	TR763614	2743	448
full	TR763652	25	6
full	TR763693	2	2
full	TR763733	139	23
full	TR763761	2	2
full	TR763775	53	21
full	TR763787	3	3
full	TR763817	19	8
full	TR763830	9	4
full	TR763914	3	3
full	TR763973	9	5
full	TR764108	132	25
full	TR764110	4	3
full	TR764119	286	36
full	TR764302	8	3
full	TR764339	7	3
full	TR764350	7	5
full	TR764357	1103	95
full	TR764366	156	36
full	TR764465	99	31
full	TR764473	13	4
full	TR764476	364	73
full	TR764486	189	32
full	TR764558	3	2
full	TR764604	23	8
full	TR764713	65	12
full	TR764727	8	7
full	TR764761	2	2
full	TR764773	204	37
full	TR764794	6	2
full	TR764862	25	12
full	TR764873	115	24
full	TR764881	14	8
full	TR764895	1	1
full	TR764995	9	4
full	TR765001	7	4
full	TR765031	81	18
full	TR765117	118	18
full	TR765194	1	1
full	TR765244	1	1
full	TR765247	28	14
full	TR765250	695	71
full	TR765271	336	38
full	TR765308	20	9
full	TR765313	19	7
full	TR765325	158	29
full	TR765332	10	5
full	TR765354	2276	213
full	TR765395	16	7
full	TR765408	5	3
full	TR765435	80	20
full	TR765467	61	19
full	TR765487	682	65
full	TR765501	1	1
full	TR765526	4127	391
full	TR765536	6	5
full	TR765643	109	14
full	TR765648	14	8
full	TR765669	1	1
full	TR765850	501	68
full	TR765873	12	4
full	TR765965	137	32
full	TR766081	35	10
full	TR766134	104	46
full	TR766217	1	1
full	TR766245	1	1
full	TR766253	785	57
full	TR766285	110	22
full	TR766344	160	29
full	TR766466	38	7
full	TR766554	6	2
full	TR766577	8	4
full	TR766584	11	11
full	TR766609	349	48
full	TR766622	11	11
full	TR766686	2	1
full	TR766912	17	7
full	TR766913	1685	253
full	TR767007	35	16
full	TR767020	101	30
full	TR767090	8	5
full	TR767136	101	21
full	TR767212	1	1
full	TR767326	54	17
full	TR767338	3	3
full	TR767664	71	11
full	TR767701	95	35
full	TR767806	133	26
full	TR767827	32	11
full	TR767959	62	19
full	TR767965	156	22
full	TR768000	2	1
full	TR768001	4	4
full	TR768045	252	33
full	TR768052	16	7
full	TR768112	1	1
full	TR768143	3	1
full	TR768221	41	11
full	TR768226	6	2
full	TR768240	96	21
full	TR768250	4	1
full	TR768258	132	28
full	TR768363	16	7
full	TR768385	23	16
full	TR768407	2	2
full	TR768412	35	14
full	TR768461	209	38
full	TR768523	6	3
full	TR768694	168	25
full	TR768721	6	3
full	TR768732	4	2
full	TR768745	2	2
full	TR768778	85	21
full	TR768795	10	5
full	TR768811	8	3
full	TR768842	32	8
full	TR768885	114	27
full	TR768925	40	12
full	TR768943	454	41
full	TR768979	507	60
full	TR769005	9	8
full	TR769050	34	8
full	TR769096	26	12
full	TR769122	14	5
full	TR769170	191	28
full	TR769210	29	8
full	TR769242	2	2
full	TR769281	6	2
full	TR769300	2	2
full	TR769316	4	1
full	TR769323	29	12
full	TR769326	79	16
full	TR769400	1	1
full	TR769447	150	32
full	TR769510	1	1
full	TR769517	67	19
full	TR769657	2	1
full	TR769697	18	7
full	TR769744	81	23
full	TR769752	1282	96
full	TR769762	1	1
full	TR769830	10	5
full	TR769842	127	21
full	TR769853	9	4
full	TR770009	191	64
full	TR770023	305	50
full	TR770041	24	10
full	TR770056	39	15
full	TR770308	73	22
full	TR770420	76	14
full	TR770526	2	1
full	TR770567	5	3
full	TR770580	42	12
full	TR770592	50	20
full	TR770602	1760	225
full	TR770603	480	86
full	TR770625	12	5
full	TR770649	103	31
full	TR770678	177	44
full	TR770683	227	47
full	TR770742	1173	114
full	TR770744	732	78
full	TR770768	1	1
full	TR770864	6	3
full	TR770865	51	28
full	TR770876	535	53
full	TR770877	14	6
full	TR770887	180	28
full	TR770961	7	7
full	TR770976	40	14
full	TR770984	4	4
full	TR770990	8	5
full	TR771011	5	2
full	TR771014	7	5
full	TR771019	8	2
full	TR771044	486	92
full	TR771057	3	2
full	TR771091	45	11
full	TR771106	3	1
full	TR771109	1	1
full	TR771130	7	2
full	TR771164	39	12
full	TR771178	21	9
full	TR771195	32	10
full	TR771197	31	23
full	TR771214	170	30
full	TR771225	48	11
full	TR771261	3	3
full	TR771291	4709	281
full	TR771293	9	3
full	TR771318	4	4
full	TR771354	16	4
full	TR771390	8	5
full	TR771424	2	2
full	TR771442	6	5
full	TR771481	195	55
full	TR771590	8	4
full	TR771630	8	4
full	TR771633	3	1
full	TR771640	199	55
full	TR771653	651	89
full	TR771689	3	2
full	TR771758	110	41
full	TR771799	144	39
full	TR771871	31	6
full	TR771920	1	1
full	TR771923	16	9
full	TR771929	83	27
full	TR771939	159	36
full	TR771952	33	7
full	TR771963	2	1
full	TR772001	3	2
full	TR772036	241	47
full	TR772050	19	12
full	TR772060	47	19
full	TR772100	2	1
full	TR772131	10	2
full	TR772150	35	18
full	TR772156	4	2
full	TR772157	1	1
full	TR772169	31	11
full	TR772191	3	2
full	TR772192	340	33
full	TR772198	1696	276
full	TR772205	4	4
full	TR772221	14	5
full	TR772224	4	4
full	TR772228	110	24
full	TR772242	2	1
full	TR772249	21	16
full	TR772251	204	56
full	TR772253	5	3
full	TR772256	8	5
full	TR772257	16	8
full	TR772265	16	12
full	TR772266	131	31
full	TR772268	5	5
full	TR772271	2	2
full	TR772285	13	6
full	TR772292	17	3
full	TR772296	108	13
full	TR772315	34	13
full	TR772321	12	6
full	TR772323	4	3
full	TR772327	3	3
full	TR772329	290	51
full	TR772338	3	2
full	TR772350	85	23
full	TR772359	10	2
full	TR772363	6	3
full	TR772374	2	1
full	TR772382	1	1
full	TR772404	11	3
full	TR772411	2	1
full	TR772413	303	45
full	TR772418	50	7
full	TR772419	3	3
full	TR772430	2	1
full	TR772431	1	1
full	TR772445	16	5
full	TR772446	1	1
full	TR772463	35	10
full	TR772464	2	2
full	TR772476	7	5
full	TR772489	437	56
full	TR772490	4	2
full	TR772500	33	5
full	TR772504	84	11
full	TR772506	152	51
full	TR772509	29	9
full	TR772530	2	2
full	TR772531	300	66
full	TR772548	60	19
full	TR772562	18	5
full	TR772579	818	169
full	TR772604	30	11
full	TR772606	11	5
full	TR772613	2	2
full	TR772639	4962	569
full	TR772644	1008	177
full	TR772648	156	41
full	TR772654	158	39
full	TR772658	3	1
full	TR772663	554	61
full	TR772676	47	13
full	TR772682	10	6
full	TR772688	3	1
full	TR772692	7	4
full	TR772695	27	8
full	TR772710	619	72
full	TR772722	39	12
full	TR772724	22	9
full	TR772725	282	61
full	TR772756	65	9
full	TR772758	128	32
full	TR772760	56	14
full	TR772761	12	3
full	TR772765	122	28
full	TR772772	6	2
full	TR772775	13	3
full	TR772778	8	3
full	TR772793	5	1
full	TR772810	26	8
full	TR772818	3	2
full	TR772832	2	1
full	TR772836	7	4
full	TR772838	187	54
full	TR772868	6	2
full	TR772871	24	9
full	TR772872	88	25
full	TR772874	37	17
full	TR772876	1	1
full	TR772891	1538	133
full	TR772910	2	2
full	TR772911	1	1
full	TR772914	5	3
full	TR772915	18	6
full	TR772918	5	3
full	TR772922	61	14
full	TR772924	15	4
full	TR772925	69	34
full	TR772937	113	28
full	TR772944	210	44
full	TR772945	139	31
full	TR772953	2	1
full	TR772955	620	90
full	TR772961	3	2
full	TR772965	24	9
full	TR772969	3	2
full	TR772972	5	4
full	TR772973	9	2
full	TR772976	15137	1633
full	TR772978	713	79
full	TR772987	208	54
full	TR772993	81	24
full	TR772995	9	5
full	TR772997	11	6
full	TR772999	6635	1093
full	TR773026	3	2
full	TR773027	126	40
full	TR773030	18	6
full	TR773034	23	10
full	TR773035	179	59
full	TR773052	8	3
full	TR773062	16	10
full	TR773065	19	7
full	TR773071	2	1
full	TR773077	8	3
full	TR773081	10	3
full	TR773095	22	6
full	TR773098	36	8
full	TR773108	1	1
full	TR773117	1	1
full	TR773131	14	5
full	TR773137	404	84
full	TR773138	31	13
full	TR773142	413	79
full	TR773143	19	7
full	TR773144	6	5
full	TR773155	2	2
full	TR773158	569	85
full	TR773161	210	37
full	TR773182	26	19
full	TR773187	3	2
full	TR773191	2	2
full	TR773193	1	1
full	TR773195	179	42
full	TR773196	2	1
full	TR773197	11	5
full	TR773201	44	12
full	TR773215	581	119
full	TR773217	2	2
full	TR773227	98	25
full	TR773234	40	11
full	TR773244	23	8
full	TR773248	4	3
full	TR773250	1	1
full	TR773265	6	2
full	TR773270	9	7
full	TR773280	79	24
full	TR773287	3	2
full	TR773291	2	2
full	TR773300	6	4
full	TR773308	4	4
full	TR773311	33	13
full	TR773316	2	2
full	TR773324	18	11
full	TR773331	2	1
full	TR773333	3	1
full	TR773337	4	1
full	TR773344	6	3
full	TR773351	3	2
full	TR773368	8	6
full	TR773376	9	3
full	TR773379	3464	476
full	TR773388	23	10
full	TR773393	65	20
full	TR773413	50	19
full	TR773420	1	1
full	TR773424	30	15
full	TR773439	2	1
full	TR773451	5	2
full	TR773452	108	35
full	TR773453	14	6
full	TR773454	1037	171
full	TR773457	49	16
full	TR773462	383	69
full	TR773467	181	58
full	TR773470	25	8
full	TR773474	92	27
full	TR773478	3	3
full	TR773479	4	2
full	TR773487	22	5
full	TR773491	1689	204
full	TR773492	4	2
full	TR773493	2	2
full	TR773496	7	6
full	TR773517	179	32
full	TR773518	56	11
full	TR773523	6	2
full	TR773529	13	4
full	TR773536	570	71
full	TR773565	5	1
full	TR773568	609	381
ua	TR755508	2453	1129
ua	TR755509	3	1
ua	TR755559	1	1
ua	TR755604	984	160
ua	TR755607	4	1
ua	TR755613	11	4
ua	TR755650	3	3
ua	TR755658	66	23
ua	TR755664	16	13
ua	TR755726	1926	223
ua	TR755752	7	3
ua	TR755778	3	2
ua	TR755783	12	4
ua	TR755791	6000	909
ua	TR755827	9	4
ua	TR755836	34	12
ua	TR755843	20	7
ua	TR755864	8	3
ua	TR755871	20	6
ua	TR755881	80	22
ua	TR755886	63	16
ua	TR755896	72	22
ua	TR755910	106	36
ua	TR755996	200	40
ua	TR756000	18	9
ua	TR756034	10764	1792
ua	TR756077	14	4
ua	TR756131	100	43
ua	TR756187	19	8
ua	TR756283	4	2
ua	TR756292	557	80
ua	TR756310	63	12
ua	TR756343	10	7
ua	TR756355	3	1
ua	TR756418	1	1
ua	TR756474	45	11
ua	TR756490	3	2
ua	TR756519	2	1
ua	TR756669	132	55
ua	TR756685	111	31
ua	TR756692	115	32
ua	TR756743	25	8
ua	TR756756	64	18
ua	TR756801	16	8
ua	TR756802	24	15
ua	TR756901	780	146
ua	TR756961	24	6
ua	TR757046	3	2
ua	TR757059	117	19
ua	TR757073	41	16
ua	TR757142	1	1
ua	TR757143	17	3
ua	TR757292	3	2
ua	TR757312	65	18
ua	TR757338	1	1
ua	TR757370	84	23
ua	TR757380	92	22
ua	TR757402	223	37
ua	TR757450	9	9
ua	TR757562	124	17
ua	TR757644	31	12
ua	TR757757	5	2
ua	TR757806	552	108
ua	TR757936	31	16
ua	TR757964	2	1
ua	TR757975	176	32
ua	TR757990	901	175
ua	TR758091	13	6
ua	TR758147	8	3
ua	TR758257	3	1
ua	TR758291	119	30
ua	TR758394	127	48
ua	TR758405	18	5
ua	TR758447	2	1
ua	TR758472	4	2
ua	TR758570	70	18
ua	TR758616	21	16
ua	TR759045	138	32
ua	TR759060	3	2
ua	TR759063	18	9
ua	TR759093	1	1
ua	TR759248	50	12
ua	TR759286	1	1
ua	TR759287	47	21
ua	TR759415	507	61
ua	TR759446	2511	272
ua	TR759521	92	30
ua	TR759634	11	11
ua	TR759655	157	24
ua	TR759728	38	18
ua	TR759817	3	1
ua	TR759943	1	1
ua	TR759983	50	36
ua	TR760078	12	8
ua	TR760110	20	5
ua	TR760124	95	22
ua	TR760137	150	74
ua	TR760148	12	4
ua	TR760166	17	12
ua	TR760169	333	47
ua	TR760205	4	3
ua	TR760293	9	4
ua	TR760300	25	6
ua	TR760314	358	40
ua	TR760329	46	8
ua	TR760357	1	1
ua	TR760392	57	52
ua	TR760497	31	4
ua	TR760525	1	1
ua	TR760577	11	11
ua	TR760585	8	4
ua	TR760612	42	19
ua	TR760632	60	34
ua	TR760689	72	21
ua	TR760693	4	3
ua	TR760739	33	13
ua	TR760742	34	17
ua	TR760756	1	1
ua	TR760767	1	1
ua	TR760800	29	9
ua	TR760814	4	2
ua	TR760876	238	39
ua	TR760956	356	76
ua	TR760961	3	2
ua	TR761026	941	217
ua	TR761120	378	79
ua	TR761127	1104	236
ua	TR761128	1032	115
ua	TR761129	2651	323
ua	TR761154	485	67
ua	TR761278	12	4
ua	TR761312	6	4
ua	TR761322	18	9
ua	TR761330	55	18
ua	TR761480	1853	96
ua	TR761557	259	53
ua	TR761615	201	31
ua	TR761663	63	19
ua	TR761681	282	39
ua	TR761755	10	10
ua	TR761780	19	7
ua	TR761813	113	23
ua	TR761843	4	3
ua	TR761907	2	2
ua	TR761913	254	50
ua	TR761931	408	49
ua	TR761978	77	18
ua	TR761985	19	15
ua	TR762028	4	3
ua	TR762047	67	19
ua	TR762150	8	5
ua	TR762196	21	9
ua	TR762229	3	3
ua	TR762237	7	3
ua	TR762269	1	1
ua	TR762273	8	3
ua	TR762280	46	18
ua	TR762296	2	1
ua	TR762300	4	4
ua	TR762306	11	10
ua	TR762312	7	3
ua	TR762323	65	15
ua	TR762337	25	10
ua	TR762340	1	1
ua	TR762355	4	3
ua	TR762359	2	2
ua	TR762376	86	22
ua	TR762443	7	5
ua	TR762452	35	18
ua	TR762490	4	4
ua	TR762607	63	16
ua	TR762629	43	6
ua	TR762646	7	7
ua	TR762657	8	2
ua	TR762691	43	17
ua	TR762710	61	5
ua	TR762711	95	14
ua	TR762722	46	5
ua	TR762878	28	7
ua	TR762918	76	16
ua	TR762943	25	9
ua	TR762944	3498	451
ua	TR762964	208	36
ua	TR762996	55	16
ua	TR762999	13	3
ua	TR763074	82	14
ua	TR763076	29	5
ua	TR763099	10	6
ua	TR763102	26	11
ua	TR763235	108	19
ua	TR763303	110	26
ua	TR763309	28	17
ua	TR763319	6	2
ua	TR763460	131	34
ua	TR763480	10	4
ua	TR763587	18	14
ua	TR763611	26	8
ua	TR763614	3480	743
ua	TR763652	25	6
ua	TR763693	3	3
ua	TR763733	209	25
ua	TR763761	2	2
ua	TR763775	71	29
ua	TR763787	10	9
ua	TR763817	26	8
ua	TR763830	29	9
ua	TR763914	1	1
ua	TR763973	11	6
ua	TR764108	102	27
ua	TR764110	4	3
ua	TR764119	317	35
ua	TR764302	8	3
ua	TR764339	7	3
ua	TR764350	7	5
ua	TR764357	817	93
ua	TR764366	238	49
ua	TR764465	113	28
ua	TR764473	13	4
ua	TR764476	451	121
ua	TR764486	189	32
ua	TR764558	3	2
ua	TR764604	23	8
ua	TR764713	66	14
ua	TR764727	16	15
ua	TR764761	5	5
ua	TR764773	137	32
ua	TR764794	7	2
ua	TR764862	25	12
ua	TR764873	115	24
ua	TR764881	9	9
ua	TR764895	1	1
ua	TR764995	8	6
ua	TR765001	7	4
ua	TR765031	145	25
ua	TR765117	87	21
ua	TR765194	1	1
ua	TR765244	1	1
ua	TR765247	28	14
ua	TR765250	995	123
ua	TR765271	346	39
ua	TR765308	58	36
ua	TR765313	19	7
ua	TR765325	286	95
ua	TR765332	15	9
ua	TR765354	1296	175
ua	TR765395	56	20
ua	TR765408	15	15
ua	TR765435	55	13
ua	TR765467	51	21
ua	TR765487	987	136
ua	TR765501	1	1
ua	TR765526	6263	489
ua	TR765536	6	5
ua	TR765643	141	17
ua	TR765648	14	8
ua	TR765669	1	1
ua	TR765850	316	73
ua	TR765873	13	5
ua	TR765965	82	22
ua	TR766081	68	11
ua	TR766134	156	57
ua	TR766217	1	1
ua	TR766245	1	1
ua	TR766253	367	38
ua	TR766285	94	20
ua	TR766344	92	35
ua	TR766466	13	4
ua	TR766554	6	2
ua	TR766577	10	5
ua	TR766584	19	19
ua	TR766609	296	44
ua	TR766622	15	15
ua	TR766686	2	1
ua	TR766912	20	8
ua	TR766913	2002	378
ua	TR767007	39	17
ua	TR767020	136	36
ua	TR767090	18	14
ua	TR767136	101	21
ua	TR767212	1	1
ua	TR767326	130	33
ua	TR767338	1	1
ua	TR767664	35	8
ua	TR767701	145	33
ua	TR767806	158	30
ua	TR767827	22	9
ua	TR767959	7	3
ua	TR767965	143	24
ua	TR768000	2	1
ua	TR768001	5	5
ua	TR768045	188	30
ua	TR768052	16	8
ua	TR768112	1	1
ua	TR768143	3	1
ua	TR768221	45	15
ua	TR768226	15	5
ua	TR768240	93	24
ua	TR768250	14	5
ua	TR768258	218	50
ua	TR768271	532	69
ua	TR768363	36	12
ua	TR768385	22	16
ua	TR768407	2	2
ua	TR768412	26	17
ua	TR768461	185	51
ua	TR768523	6	3
ua	TR768619	973	215
ua	TR768694	168	25
ua	TR768721	6	3
ua	TR768732	4	2
ua	TR768745	2	2
ua	TR768778	161	26
ua	TR768795	10	5
ua	TR768811	17	6
ua	TR768842	32	8
ua	TR768885	50	18
ua	TR768925	15	8
ua	TR768943	318	31
ua	TR768979	510	52
ua	TR769005	11	6
ua	TR769050	41	10
ua	TR769096	26	12
ua	TR769122	12	5
ua	TR769170	290	46
ua	TR769210	27	6
ua	TR769242	5	3
ua	TR769281	6	2
ua	TR769300	2	2
ua	TR769316	4	1
ua	TR769323	29	12
ua	TR769326	79	16
ua	TR769400	2	2
ua	TR769447	123	30
ua	TR769510	1	1
ua	TR769517	226	63
ua	TR769657	2	1
ua	TR769697	16	4
ua	TR769744	81	23
ua	TR769752	930	103
ua	TR769762	1	1
ua	TR769830	10	5
ua	TR769842	87	23
ua	TR769853	18	5
ua	TR770009	110	61
ua	TR770023	642	102
ua	TR770041	65	27
ua	TR770056	65	21
ua	TR770308	33	13
ua	TR770420	98	11
ua	TR770526	2	1
ua	TR770567	21	8
ua	TR770580	34	10
ua	TR770592	41	19
ua	TR770602	733	162
ua	TR770603	513	105
ua	TR770625	16	10
ua	TR770649	103	31
ua	TR770678	143	47
ua	TR770683	259	51
ua	TR770742	574	83
ua	TR770744	1374	140
ua	TR770768	1	1
ua	TR770864	8	4
ua	TR770865	70	24
ua	TR770876	982	66
ua	TR770877	14	6
ua	TR770887	215	43
ua	TR770961	31	31
ua	TR770976	49	19
ua	TR770984	9	8
ua	TR770990	8	5
ua	TR771011	5	2
ua	TR771014	8	4
ua	TR771019	4	1
ua	TR771044	559	93
ua	TR771057	3	2
ua	TR771091	26	5
ua	TR771106	3	1
ua	TR771109	1	1
ua	TR771130	7	2
ua	TR771164	37	11
ua	TR771178	23	7
ua	TR771195	68	18
ua	TR771197	22	20
ua	TR771214	106	21
ua	TR771225	69	20
ua	TR771261	2	2
ua	TR771291	4287	356
ua	TR771293	49	13
ua	TR771318	7	4
ua	TR771354	11	3
ua	TR771390	8	4
ua	TR771424	2	2
ua	TR771442	15	11
ua	TR771481	170	60
ua	TR771590	11	5
ua	TR771630	10	5
ua	TR771633	39	13
ua	TR771640	236	67
ua	TR771653	658	165
ua	TR771689	3	2
ua	TR771758	113	45
ua	TR771799	158	36
ua	TR771871	19	7
ua	TR771920	1	1
ua	TR771923	24	12
ua	TR771929	142	44
ua	TR771939	186	39
ua	TR771952	36	8
ua	TR771963	2	1
ua	TR772001	2	2
ua	TR772036	263	46
ua	TR772050	18	12
ua	TR772060	19	11
ua	TR772100	2	1
ua	TR772131	10	2
ua	TR772150	55	19
ua	TR772156	4	2
ua	TR772157	2	2
ua	TR772169	31	10
ua	TR772191	3	2
ua	TR772192	220	39
ua	TR772198	1917	259
ua	TR772205	4	4
ua	TR772221	7	6
ua	TR772224	5	5
ua	TR772228	105	21
ua	TR772242	2	1
ua	TR772249	21	15
ua	TR772251	218	59
ua	TR772253	4	3
ua	TR772256	7	4
ua	TR772257	30	17
ua	TR772265	50	35
ua	TR772266	142	54
ua	TR772268	2	2
ua	TR772271	2	2
ua	TR772285	13	6
ua	TR772292	125	21
ua	TR772296	125	31
ua	TR772315	8	4
ua	TR772321	17	8
ua	TR772323	3	2
ua	TR772327	4	4
ua	TR772329	338	62
ua	TR772338	3	2
ua	TR772350	21	10
ua	TR772359	30	6
ua	TR772363	16	8
ua	TR772374	4	2
ua	TR772382	1	1
ua	TR772404	22	6
ua	TR772411	2	1
ua	TR772413	195	37
ua	TR772418	50	7
ua	TR772419	6	6
ua	TR772430	2	1
ua	TR772431	1	1
ua	TR772445	6	3
ua	TR772446	1	1
ua	TR772463	61	12
ua	TR772464	2	2
ua	TR772476	8	6
ua	TR772489	380	57
ua	TR772490	4	2
ua	TR772500	23	4
ua	TR772504	62	13
ua	TR772506	149	53
ua	TR772509	43	11
ua	TR772530	1	1
ua	TR772531	342	58
ua	TR772548	27	15
ua	TR772562	9	4
ua	TR772579	909	155
ua	TR772604	39	20
ua	TR772606	21	7
ua	TR772613	3	2
ua	TR772639	3989	609
ua	TR772644	1191	244
ua	TR772648	75	21
ua	TR772654	231	46
ua	TR772658	3	1
ua	TR772663	620	78
ua	TR772676	20	6
ua	TR772682	5	3
ua	TR772688	6	2
ua	TR772692	21	13
ua	TR772695	146	25
ua	TR772710	545	71
ua	TR772722	54	14
ua	TR772724	23	9
ua	TR772725	298	131
ua	TR772756	8	1
ua	TR772758	174	35
ua	TR772760	115	21
ua	TR772761	12	3
ua	TR772765	142	31
ua	TR772772	6	2
ua	TR772775	13	3
ua	TR772778	8	4
ua	TR772793	5	1
ua	TR772810	9	3
ua	TR772818	3	2
ua	TR772832	2	1
ua	TR772836	10	6
ua	TR772838	171	55
ua	TR772868	4	2
ua	TR772871	56	14
ua	TR772872	114	30
ua	TR772874	24	11
ua	TR772876	1	1
ua	TR772891	2411	182
ua	TR772910	2	2
ua	TR772911	1	1
ua	TR772914	10	4
ua	TR772915	20	7
ua	TR772918	5	3
ua	TR772922	17	9
ua	TR772924	20	4
ua	TR772925	55	25
ua	TR772937	113	28
ua	TR772944	181	62
ua	TR772945	159	37
ua	TR772953	2	1
ua	TR772955	800	134
ua	TR772961	3	2
ua	TR772965	21	10
ua	TR772969	3	2
ua	TR772972	5	4
ua	TR772973	9	2
ua	TR772976	25398	2561
ua	TR772978	527	56
ua	TR772987	114	52
ua	TR772993	54	14
ua	TR772995	16	7
ua	TR772997	11	6
ua	TR772999	6727	1098
ua	TR773026	5	4
ua	TR773027	544	79
ua	TR773030	9	4
ua	TR773034	17	7
ua	TR773035	202	83
ua	TR773052	3	1
ua	TR773062	14	11
ua	TR773065	3	3
ua	TR773071	2	1
ua	TR773077	8	3
ua	TR773081	13	7
ua	TR773095	21	8
ua	TR773098	24	7
ua	TR773108	1	1
ua	TR773117	1	1
ua	TR773131	19	6
ua	TR773137	1466	187
ua	TR773138	26	13
ua	TR773142	266	52
ua	TR773143	29	9
ua	TR773144	2	2
ua	TR773155	1	1
ua	TR773158	432	62
ua	TR773161	258	78
ua	TR773182	31	14
ua	TR773187	6	4
ua	TR773191	2	2
ua	TR773193	1	1
ua	TR773195	111	33
ua	TR773196	2	1
ua	TR773197	6	3
ua	TR773201	32	11
ua	TR773215	780	168
ua	TR773217	1	1
ua	TR773227	59	21
ua	TR773234	40	11
ua	TR773244	38	10
ua	TR773248	7	3
ua	TR773250	1	1
ua	TR773265	6	2
ua	TR773270	8	6
ua	TR773280	110	35
ua	TR773287	3	2
ua	TR773291	4	4
ua	TR773300	6	4
ua	TR773308	4	4
ua	TR773311	25	14
ua	TR773316	2	2
ua	TR773324	14	11
ua	TR773331	6	3
ua	TR773333	3	1
ua	TR773337	4	1
ua	TR773344	6	3
ua	TR773351	3	3
ua	TR773368	8	5
ua	TR773376	7	3
ua	TR773379	3224	498
ua	TR773388	23	10
ua	TR773393	65	20
ua	TR773413	43	16
ua	TR773420	1	1
ua	TR773424	22	12
ua	TR773439	2	1
ua	TR773451	5	2
ua	TR773452	217	86
ua	TR773453	14	6
ua	TR773454	855	193
ua	TR773457	115	34
ua	TR773462	354	69
ua	TR773467	156	44
ua	TR773470	49	14
ua	TR773472	2006	356
ua	TR773474	58	21
ua	TR773478	3	3
ua	TR773479	3	2
ua	TR773487	22	5
ua	TR773491	1816	248
ua	TR773492	2	1
ua	TR773493	2	2
ua	TR773496	5	5
ua	TR773517	118	40
ua	TR773518	95	37
ua	TR773523	6	2
ua	TR773529	28	5
ua	TR773536	570	71
ua	TR773565	15	3
ua	TR773568	983	654
mst	TR755508	2029	773
mst	TR755509	3	1
mst	TR755559	1	1
mst	TR755604	1051	146
mst	TR755607	4	1
mst	TR755613	16	8
mst	TR755650	3	3
mst	TR755658	122	30
mst	TR755664	10	5
mst	TR755726	2367	300
mst	TR755752	11	5
mst	TR755778	2	2
mst	TR755783	7	3
mst	TR755791	4105	526
mst	TR755827	9	3
mst	TR755836	25	9
mst	TR755843	8	3
mst	TR755864	6	4
mst	TR755871	18	6
mst	TR755881	60	20
mst	TR755886	26	5
mst	TR755896	46	20
mst	TR755910	83	23
mst	TR755996	394	51
mst	TR756000	16	9
mst	TR756034	18785	2747
mst	TR756077	12	3
mst	TR756131	37	12
mst	TR756187	17	7
mst	TR756283	4	2
mst	TR756292	278	53
mst	TR756310	86	19
mst	TR756343	5	3
mst	TR756355	3	1
mst	TR756418	1	1
mst	TR756474	83	13
mst	TR756490	3	2
mst	TR756519	2	1
mst	TR756669	180	43
mst	TR756685	150	27
mst	TR756692	88	23
mst	TR756743	24	8
mst	TR756756	46	17
mst	TR756801	15	7
mst	TR756802	25	11
mst	TR756901	860	120
mst	TR756961	13	5
mst	TR757046	3	2
mst	TR757059	14	3
mst	TR757073	62	19
mst	TR757142	1	1
mst	TR757143	17	3
mst	TR757292	2	2
mst	TR757312	87	21
mst	TR757338	1	1
mst	TR757370	67	20
mst	TR757380	18	6
mst	TR757402	94	22
mst	TR757450	5	5
mst	TR757562	246	34
mst	TR757644	21	5
mst	TR757757	3	2
mst	TR757806	425	78
mst	TR757936	53	15
mst	TR757964	2	1
mst	TR757975	161	42
mst	TR757990	788	86
mst	TR758091	29	11
mst	TR758147	16	4
mst	TR758257	3	1
mst	TR758291	69	17
mst	TR758394	99	40
mst	TR758405	6	4
mst	TR758447	2	1
mst	TR758472	2	1
mst	TR758570	62	18
mst	TR758616	5	4
mst	TR759045	163	37
mst	TR759060	6	2
mst	TR759063	20	11
mst	TR759093	1	1
mst	TR759248	49	15
mst	TR759286	1	1
mst	TR759287	27	14
mst	TR759415	698	86
mst	TR759446	3189	528
mst	TR759521	125	33
mst	TR759634	2	2
mst	TR759655	80	22
mst	TR759728	15	9
mst	TR759817	3	1
mst	TR759943	1	1
mst	TR759983	31	12
mst	TR760078	18	5
mst	TR760110	8	3
mst	TR760124	56	16
mst	TR760137	80	33
mst	TR760148	9	3
mst	TR760166	20	13
mst	TR760169	414	46
mst	TR760205	4	3
mst	TR760293	15	7
mst	TR760300	25	5
mst	TR760314	304	55
mst	TR760329	30	7
mst	TR760357	1	1
mst	TR760392	9	4
mst	TR760497	30	7
mst	TR760525	1	1
mst	TR760577	3	3
mst	TR760585	7	4
mst	TR760612	57	18
mst	TR760632	28	16
mst	TR760689	110	27
mst	TR760693	4	3
mst	TR760739	28	10
mst	TR760742	24	7
mst	TR760756	1	1
mst	TR760767	1	1
mst	TR760800	8	3
mst	TR760814	4	2
mst	TR760876	154	34
mst	TR760956	543	79
mst	TR760961	2	2
mst	TR761026	739	149
mst	TR761120	106	24
mst	TR761127	561	109
mst	TR761128	747	92
mst	TR761129	1997	195
mst	TR761154	389	59
mst	TR761278	22	7
mst	TR761312	9	6
mst	TR761322	14	6
mst	TR761330	56	19
mst	TR761480	865	114
mst	TR761557	242	51
mst	TR761615	197	48
mst	TR761663	42	15
mst	TR761681	234	31
mst	TR761755	8	8
mst	TR761780	19	7
mst	TR761813	116	29
mst	TR761843	32	10
mst	TR761907	1	1
mst	TR761913	61	19
mst	TR761931	554	105
mst	TR761978	96	22
mst	TR761985	26	17
mst	TR762028	1	1
mst	TR762047	20	5
mst	TR762150	12	6
mst	TR762196	19	9
mst	TR762229	3	3
mst	TR762237	17	4
mst	TR762269	1	1
mst	TR762273	8	3
mst	TR762280	42	14
mst	TR762296	2	1
mst	TR762300	6	5
mst	TR762306	4	4
mst	TR762312	7	3
mst	TR762323	40	10
mst	TR762337	18	8
mst	TR762340	1	1
mst	TR762355	10	4
mst	TR762359	2	2
mst	TR762376	61	20
mst	TR762443	7	5
mst	TR762452	9	7
mst	TR762490	3	3
mst	TR762607	26	13
mst	TR762629	27	4
mst	TR762646	2	2
mst	TR762657	8	2
mst	TR762691	13	10
mst	TR762710	40	3
mst	TR762711	76	13
mst	TR762722	57	7
mst	TR762878	18	5
mst	TR762918	76	16
mst	TR762943	22	8
mst	TR762944	1029	132
mst	TR762964	148	33
mst	TR762996	60	18
mst	TR762999	13	3
mst	TR763074	81	13
mst	TR763076	18	4
mst	TR763099	10	6
mst	TR763102	35	12
mst	TR763235	49	8
mst	TR763303	84	22
mst	TR763309	29	12
mst	TR763319	6	2
mst	TR763460	63	22
mst	TR763480	10	4
mst	TR763587	5	3
mst	TR763611	29	9
mst	TR763614	2781	659
mst	TR763652	25	7
mst	TR763693	2	2
mst	TR763733	202	35
mst	TR763761	2	2
mst	TR763775	39	17
mst	TR763787	3	3
mst	TR763817	22	9
mst	TR763830	12	6
mst	TR763914	1	1
mst	TR763973	8	4
mst	TR764108	35	17
mst	TR764110	4	3
mst	TR764119	185	35
mst	TR764302	8	3
mst	TR764339	7	3
mst	TR764350	9	5
mst	TR764357	583	56
mst	TR764366	86	22
mst	TR764465	129	30
mst	TR764473	8	3
mst	TR764476	414	80
mst	TR764486	91	18
mst	TR764558	5	4
mst	TR764604	48	10
mst	TR764713	64	11
mst	TR764727	6	5
mst	TR764761	4	4
mst	TR764773	180	33
mst	TR764794	6	2
mst	TR764862	35	19
mst	TR764873	127	50
mst	TR764881	1	1
mst	TR764895	1	1
mst	TR764995	8	6
mst	TR765001	6	3
mst	TR765031	75	24
mst	TR765117	167	34
mst	TR765194	1	1
mst	TR765244	1	1
mst	TR765247	28	15
mst	TR765250	579	69
mst	TR765271	322	57
mst	TR765308	22	10
mst	TR765313	21	9
mst	TR765325	155	30
mst	TR765332	39	14
mst	TR765354	798	90
mst	TR765395	18	8
mst	TR765408	3	3
mst	TR765435	45	14
mst	TR765467	83	24
mst	TR765487	421	61
mst	TR765501	1	1
mst	TR765526	3276	306
mst	TR765536	2	2
mst	TR765643	107	21
mst	TR765648	18	8
mst	TR765669	1	1
mst	TR765850	545	109
mst	TR765873	12	4
mst	TR765965	84	20
mst	TR766081	34	10
mst	TR766134	85	30
mst	TR766217	1	1
mst	TR766245	1	1
mst	TR766253	490	79
mst	TR766285	166	32
mst	TR766344	114	37
mst	TR766466	19	4
mst	TR766554	6	2
mst	TR766577	8	3
mst	TR766584	10	10
mst	TR766609	263	35
mst	TR766622	1	1
mst	TR766686	2	1
mst	TR766912	13	7
mst	TR766913	1064	136
mst	TR767007	22	10
mst	TR767020	125	31
mst	TR767090	19	10
mst	TR767136	29	12
mst	TR767212	1	1
mst	TR767326	62	19
mst	TR767338	3	3
mst	TR767664	21	8
mst	TR767701	88	30
mst	TR767806	181	41
mst	TR767827	26	12
mst	TR767959	43	19
mst	TR767965	89	13
mst	TR768000	2	1
mst	TR768001	2	2
mst	TR768045	256	38
mst	TR768052	14	6
mst	TR768112	1	1
mst	TR768143	3	1
mst	TR768221	50	11
mst	TR768226	6	2
mst	TR768240	117	26
mst	TR768250	4	1
mst	TR768258	77	24
mst	TR768271	1070	126
mst	TR768363	15	8
mst	TR768385	20	12
mst	TR768407	2	2
mst	TR768412	16	10
mst	TR768461	259	60
mst	TR768523	8	3
mst	TR768619	1062	216
mst	TR768694	375	58
mst	TR768721	6	3
mst	TR768732	4	2
mst	TR768745	6	4
mst	TR768778	170	39
mst	TR768795	12	8
mst	TR768811	21	5
mst	TR768842	35	7
mst	TR768885	76	20
mst	TR768925	32	12
mst	TR768943	186	30
mst	TR768979	591	69
mst	TR769005	7	7
mst	TR769050	34	9
mst	TR769096	47	15
mst	TR769122	13	6
mst	TR769170	65	13
mst	TR769210	38	10
mst	TR769242	2	2
mst	TR769281	6	2
mst	TR769300	2	2
mst	TR769316	4	1
mst	TR769323	29	12
mst	TR769326	92	20
mst	TR769400	1	1
mst	TR769447	190	37
mst	TR769510	1	1
mst	TR769517	50	17
mst	TR769657	2	1
mst	TR769697	17	5
mst	TR769744	27	20
mst	TR769752	939	126
mst	TR769762	1	1
mst	TR769830	9	6
mst	TR769842	128	28
mst	TR769853	16	5
mst	TR770009	92	36
mst	TR770023	133	25
mst	TR770041	32	11
mst	TR770056	41	16
mst	TR770308	32	16
mst	TR770420	161	29
mst	TR770526	4	2
mst	TR770567	5	3
mst	TR770580	42	10
mst	TR770592	57	22
mst	TR770602	564	77
mst	TR770603	387	75
mst	TR770625	11	5
mst	TR770649	75	14
mst	TR770678	129	28
mst	TR770683	204	35
mst	TR770742	601	65
mst	TR770744	546	63
mst	TR770768	1	1
mst	TR770864	8	4
mst	TR770865	48	17
mst	TR770876	1008	140
mst	TR770877	13	6
mst	TR770887	62	13
mst	TR770961	2	2
mst	TR770976	49	18
mst	TR770984	4	4
mst	TR770990	8	5
mst	TR771011	5	2
mst	TR771014	6	3
mst	TR771019	4	1
mst	TR771044	363	60
mst	TR771057	3	2
mst	TR771091	25	4
mst	TR771106	3	1
mst	TR771109	1	1
mst	TR771130	7	3
mst	TR771164	44	11
mst	TR771178	12	6
mst	TR771195	29	12
mst	TR771197	18	12
mst	TR771214	153	29
mst	TR771225	12	5
mst	TR771261	4	4
mst	TR771291	6301	651
mst	TR771293	9	3
mst	TR771318	4	4
mst	TR771354	5	1
mst	TR771390	9	5
mst	TR771424	2	2
mst	TR771442	8	5
mst	TR771481	79	20
mst	TR771590	7	4
mst	TR771630	13	6
mst	TR771633	4	2
mst	TR771640	76	17
mst	TR771653	468	63
mst	TR771689	3	2
mst	TR771758	51	20
mst	TR771799	133	26
mst	TR771871	36	10
mst	TR771920	1	1
mst	TR771923	19	11
mst	TR771929	171	52
mst	TR771939	199	38
mst	TR771952	41	10
mst	TR771963	2	1
mst	TR772001	3	2
mst	TR772036	272	48
mst	TR772050	18	11
mst	TR772060	33	13
mst	TR772100	2	1
mst	TR772131	23	6
mst	TR772150	36	13
mst	TR772156	4	2
mst	TR772157	1	1
mst	TR772169	73	18
mst	TR772191	3	2
mst	TR772192	709	105
mst	TR772198	1678	323
mst	TR772205	4	4
mst	TR772221	7	5
mst	TR772224	2	2
mst	TR772228	169	29
mst	TR772242	2	1
mst	TR772249	26	16
mst	TR772251	166	52
mst	TR772253	8	5
mst	TR772256	6	3
mst	TR772257	14	9
mst	TR772265	5	4
mst	TR772266	28	10
mst	TR772268	3	3
mst	TR772271	2	2
mst	TR772285	13	6
mst	TR772292	18	3
mst	TR772296	99	19
mst	TR772315	8	4
mst	TR772321	12	6
mst	TR772323	3	3
mst	TR772327	3	3
mst	TR772329	191	39
mst	TR772338	6	4
mst	TR772350	42	14
mst	TR772359	10	2
mst	TR772363	6	3
mst	TR772374	4	3
mst	TR772382	1	1
mst	TR772404	9	3
mst	TR772411	2	1
mst	TR772413	485	73
mst	TR772418	62	11
mst	TR772419	3	3
mst	TR772430	2	1
mst	TR772431	3	3
mst	TR772445	11	3
mst	TR772446	1	1
mst	TR772463	56	17
mst	TR772464	8	4
mst	TR772476	7	5
mst	TR772489	429	53
mst	TR772490	4	2
mst	TR772500	26	4
mst	TR772504	87	24
mst	TR772506	109	43
mst	TR772509	46	13
mst	TR772530	1	1
mst	TR772531	284	60
mst	TR772548	30	12
mst	TR772562	8	3
mst	TR772579	594	119
mst	TR772604	57	23
mst	TR772606	9	3
mst	TR772613	2	2
mst	TR772639	3857	534
mst	TR772644	740	133
mst	TR772648	73	27
mst	TR772654	171	35
mst	TR772658	4	2
mst	TR772663	683	68
mst	TR772676	11	4
mst	TR772682	22	7
mst	TR772688	3	1
mst	TR772692	8	5
mst	TR772695	27	8
mst	TR772710	1356	259
mst	TR772722	16	9
mst	TR772724	22	9
mst	TR772725	200	40
mst	TR772756	8	1
mst	TR772758	120	37
mst	TR772760	64	16
mst	TR772761	12	3
mst	TR772765	55	17
mst	TR772772	12	3
mst	TR772775	37	5
mst	TR772778	14	5
mst	TR772793	5	1
mst	TR772810	8	4
mst	TR772818	3	2
mst	TR772832	2	1
mst	TR772836	7	4
mst	TR772838	73	26
mst	TR772868	5	3
mst	TR772871	56	11
mst	TR772872	186	38
mst	TR772874	32	10
mst	TR772876	1	1
mst	TR772891	1467	145
mst	TR772910	1	1
mst	TR772911	1	1
mst	TR772914	5	3
mst	TR772915	16	6
mst	TR772918	5	3
mst	TR772922	22	11
mst	TR772924	15	4
mst	TR772925	28	12
mst	TR772937	67	16
mst	TR772944	204	46
mst	TR772945	172	35
mst	TR772953	2	1
mst	TR772955	790	94
mst	TR772961	3	2
mst	TR772965	24	10
mst	TR772969	3	2
mst	TR772972	7	6
mst	TR772973	16	2
mst	TR772976	17669	2154
mst	TR772978	559	62
mst	TR772987	148	36
mst	TR772993	66	12
mst	TR772995	6	5
mst	TR772997	11	6
mst	TR772999	8657	1405
mst	TR773026	3	2
mst	TR773027	659	122
mst	TR773030	7	4
mst	TR773034	11	5
mst	TR773035	113	41
mst	TR773052	3	1
mst	TR773062	27	14
mst	TR773065	38	13
mst	TR773071	2	1
mst	TR773077	5	3
mst	TR773081	24	10
mst	TR773095	31	13
mst	TR773098	41	11
mst	TR773108	1	1
mst	TR773117	1	1
mst	TR773131	12	4
mst	TR773137	343	71
mst	TR773138	23	10
mst	TR773142	337	66
mst	TR773143	17	7
mst	TR773144	7	5
mst	TR773155	1	1
mst	TR773158	773	106
mst	TR773161	341	60
mst	TR773182	33	16
mst	TR773187	4	3
mst	TR773191	2	2
mst	TR773193	1	1
mst	TR773195	185	42
mst	TR773196	2	1
mst	TR773197	7	5
mst	TR773201	50	9
mst	TR773215	633	151
mst	TR773217	2	2
mst	TR773227	136	59
mst	TR773234	54	18
mst	TR773244	11	8
mst	TR773248	4	3
mst	TR773250	4	2
mst	TR773265	6	3
mst	TR773270	8	6
mst	TR773280	42	14
mst	TR773287	2	2
mst	TR773291	2	2
mst	TR773300	6	4
mst	TR773308	8	5
mst	TR773311	38	12
mst	TR773316	6	3
mst	TR773324	18	10
mst	TR773331	2	1
mst	TR773333	3	1
mst	TR773337	4	1
mst	TR773344	6	3
mst	TR773351	3	3
mst	TR773368	7	6
mst	TR773376	10	4
mst	TR773379	3266	439
mst	TR773388	19	9
mst	TR773393	71	17
mst	TR773413	32	14
mst	TR773420	1	1
mst	TR773424	13	6
mst	TR773439	2	1
mst	TR773451	4	2
mst	TR773452	203	53
mst	TR773453	8	5
mst	TR773454	689	102
mst	TR773457	35	13
mst	TR773462	219	40
mst	TR773467	143	40
mst	TR773470	71	21
mst	TR773472	2779	548
mst	TR773474	44	13
mst	TR773478	3	3
mst	TR773479	4	2
mst	TR773487	22	5
mst	TR773491	2193	356
mst	TR773492	2	1
mst	TR773493	1	1
mst	TR773496	5	5
mst	TR773517	135	30
mst	TR773518	74	14
mst	TR773523	6	2
mst	TR773529	29	5
mst	TR773536	637	75
mst	TR773565	5	1
mst	TR773568	713	452
mst3	TR755508	1953	680
mst3	TR755509	3	1
mst3	TR755559	1	1
mst3	TR755604	904	111
mst3	TR755607	4	1
mst3	TR755613	16	6
mst3	TR755650	3	3
mst3	TR755658	136	28
mst3	TR755664	6	3
mst3	TR755726	1590	203
mst3	TR755752	7	3
mst3	TR755778	2	2
mst3	TR755783	7	3
mst3	TR755791	2668	395
mst3	TR755827	9	4
mst3	TR755836	19	6
mst3	TR755843	11	4
mst3	TR755864	6	3
mst3	TR755871	14	6
mst3	TR755881	73	21
mst3	TR755886	26	5
mst3	TR755896	41	15
mst3	TR755910	91	26
mst3	TR755996	351	44
mst3	TR756000	16	9
mst3	TR756034	20552	2846
mst3	TR756077	20	5
mst3	TR756131	48	16
mst3	TR756187	16	6
mst3	TR756283	4	2
mst3	TR756292	298	54
mst3	TR756310	77	18
mst3	TR756343	14	5
mst3	TR756355	3	1
mst3	TR756418	1	1
mst3	TR756474	81	11
mst3	TR756490	3	2
mst3	TR756519	2	1
mst3	TR756669	158	39
mst3	TR756685	130	26
mst3	TR756692	133	26
mst3	TR756743	24	8
mst3	TR756756	46	16
mst3	TR756801	12	5
mst3	TR756802	18	10
mst3	TR756901	825	116
mst3	TR756961	10	5
mst3	TR757046	3	2
mst3	TR757059	14	3
mst3	TR757073	41	17
mst3	TR757142	1	1
mst3	TR757143	17	3
mst3	TR757292	2	2
mst3	TR757312	87	21
mst3	TR757338	1	1
mst3	TR757370	88	20
mst3	TR757380	18	6
mst3	TR757402	197	26
mst3	TR757450	2	2
mst3	TR757562	135	20
mst3	TR757644	14	3
mst3	TR757757	3	2
mst3	TR757806	361	63
mst3	TR757936	53	15
mst3	TR757964	2	1
mst3	TR757975	183	37
mst3	TR757990	689	76
mst3	TR758091	17	9
mst3	TR758147	13	3
mst3	TR758257	3	1
mst3	TR758291	75	19
mst3	TR758394	88	34
mst3	TR758405	6	4
mst3	TR758447	2	1
mst3	TR758472	2	1
mst3	TR758570	62	18
mst3	TR758616	8	5
mst3	TR759045	162	34
mst3	TR759060	4	3
mst3	TR759063	18	9
mst3	TR759093	1	1
mst3	TR759248	37	12
mst3	TR759286	1	1
mst3	TR759287	27	14
mst3	TR759415	846	107
mst3	TR759446	2581	407
mst3	TR759521	85	27
mst3	TR759634	5	5
mst3	TR759655	90	19
mst3	TR759728	15	8
mst3	TR759817	3	1
mst3	TR759943	1	1
mst3	TR759983	33	14
mst3	TR760078	18	5
mst3	TR760110	8	3
mst3	TR760124	81	18
mst3	TR760137	87	33
mst3	TR760148	9	3
mst3	TR760166	22	11
mst3	TR760169	386	41
mst3	TR760205	4	3
mst3	TR760293	15	7
mst3	TR760300	39	7
mst3	TR760314	347	57
mst3	TR760329	30	7
mst3	TR760357	1	1
mst3	TR760392	9	4
mst3	TR760497	31	6
mst3	TR760525	1	1
mst3	TR760577	3	3
mst3	TR760585	7	4
mst3	TR760612	56	19
mst3	TR760632	98	36
mst3	TR760689	111	27
mst3	TR760693	4	3
mst3	TR760739	27	11
mst3	TR760742	24	7
mst3	TR760756	1	1
mst3	TR760767	1	1
mst3	TR760800	11	5
mst3	TR760814	4	2
mst3	TR760876	176	36
mst3	TR760956	218	48
mst3	TR760961	2	2
mst3	TR761026	780	154
mst3	TR761120	167	26
mst3	TR761127	553	99
mst3	TR761128	656	84
mst3	TR761129	1572	163
mst3	TR761154	393	52
mst3	TR761278	15	5
mst3	TR761312	6	4
mst3	TR761322	8	5
mst3	TR761330	42	18
mst3	TR761480	804	84
mst3	TR761557	167	26
mst3	TR761615	177	37
mst3	TR761663	42	15
mst3	TR761681	189	29
mst3	TR761755	8	8
mst3	TR761780	19	8
mst3	TR761813	94	22
mst3	TR761843	16	7
mst3	TR761907	1	1
mst3	TR761913	87	25
mst3	TR761931	387	71
mst3	TR761978	102	19
mst3	TR761985	17	16
mst3	TR762028	1	1
mst3	TR762047	21	6
mst3	TR762150	8	4
mst3	TR762196	10	5
mst3	TR762229	3	3
mst3	TR762237	17	4
mst3	TR762269	1	1
mst3	TR762273	8	3
mst3	TR762280	35	12
mst3	TR762296	2	1
mst3	TR762300	6	5
mst3	TR762306	4	4
mst3	TR762312	7	3
mst3	TR762323	40	10
mst3	TR762337	28	9
mst3	TR762340	1	1
mst3	TR762355	12	4
mst3	TR762359	2	2
mst3	TR762376	49	20
mst3	TR762443	7	5
mst3	TR762452	16	8
mst3	TR762490	3	3
mst3	TR762607	26	12
mst3	TR762629	27	4
mst3	TR762646	2	2
mst3	TR762657	8	2
mst3	TR762691	20	11
mst3	TR762710	40	3
mst3	TR762711	76	13
mst3	TR762722	57	7
mst3	TR762878	18	5
mst3	TR762918	76	16
mst3	TR762943	22	8
mst3	TR762944	1029	132
mst3	TR762964	141	31
mst3	TR762996	48	14
mst3	TR762999	13	3
mst3	TR763074	81	13
mst3	TR763076	18	4
mst3	TR763099	10	6
mst3	TR763102	30	11
mst3	TR763235	49	8
mst3	TR763303	66	14
mst3	TR763309	20	7
mst3	TR763319	6	2
mst3	TR763460	66	20
mst3	TR763480	10	4
mst3	TR763587	5	3
mst3	TR763611	31	11
mst3	TR763614	2651	558
mst3	TR763652	20	9
mst3	TR763693	2	2
mst3	TR763733	143	31
mst3	TR763761	2	2
mst3	TR763775	33	15
mst3	TR763787	2	2
mst3	TR763817	20	9
mst3	TR763830	12	6
mst3	TR763914	1	1
mst3	TR763973	8	4
mst3	TR764108	66	19
mst3	TR764110	4	3
mst3	TR764119	193	29
mst3	TR764302	8	3
mst3	TR764339	7	3
mst3	TR764350	9	5
mst3	TR764357	640	58
mst3	TR764366	86	22
mst3	TR764465	49	15
mst3	TR764473	8	3
mst3	TR764476	390	75
mst3	TR764486	150	29
mst3	TR764558	3	2
mst3	TR764604	19	6
mst3	TR764713	64	11
mst3	TR764727	8	7
mst3	TR764761	4	4
mst3	TR764773	152	35
mst3	TR764794	6	2
mst3	TR764862	32	17
mst3	TR764873	158	44
mst3	TR764881	10	4
mst3	TR764895	1	1
mst3	TR764995	9	6
mst3	TR765001	6	3
mst3	TR765031	74	21
mst3	TR765117	190	35
mst3	TR765194	1	1
mst3	TR765244	1	1
mst3	TR765247	28	14
mst3	TR765250	501	56
mst3	TR765271	300	51
mst3	TR765308	20	9
mst3	TR765313	21	9
mst3	TR765325	159	32
mst3	TR765332	39	14
mst3	TR765354	764	82
mst3	TR765395	16	7
mst3	TR765408	3	3
mst3	TR765435	58	15
mst3	TR765467	67	20
mst3	TR765487	301	41
mst3	TR765501	1	1
mst3	TR765526	3306	307
mst3	TR765536	2	2
mst3	TR765643	99	17
mst3	TR765648	17	7
mst3	TR765669	3	3
mst3	TR765850	629	101
mst3	TR765873	12	4
mst3	TR765965	69	19
mst3	TR766081	34	10
mst3	TR766134	54	18
mst3	TR766217	1	1
mst3	TR766245	1	1
mst3	TR766253	329	65
mst3	TR766285	126	23
mst3	TR766344	181	35
mst3	TR766466	16	4
mst3	TR766554	6	2
mst3	TR766577	8	4
mst3	TR766584	10	10
mst3	TR766609	172	29
mst3	TR766622	10	10
mst3	TR766686	2	1
mst3	TR766912	13	7
mst3	TR766913	1005	129
mst3	TR767007	22	10
mst3	TR767020	41	16
mst3	TR767090	9	6
mst3	TR767136	33	12
mst3	TR767212	1	1
mst3	TR767326	62	19
mst3	TR767338	3	3
mst3	TR767664	35	7
mst3	TR767701	99	41
mst3	TR767806	160	35
mst3	TR767827	30	10
mst3	TR767959	43	19
mst3	TR767965	70	14
mst3	TR768000	2	1
mst3	TR768001	2	2
mst3	TR768045	245	37
mst3	TR768052	14	6
mst3	TR768112	1	1
mst3	TR768143	3	1
mst3	TR768221	41	13
mst3	TR768226	6	2
mst3	TR768240	111	23
mst3	TR768250	4	1
mst3	TR768258	78	25
mst3	TR768271	864	90
mst3	TR768363	19	8
mst3	TR768385	20	12
mst3	TR768407	2	2
mst3	TR768412	16	10
mst3	TR768461	280	58
mst3	TR768523	8	3
mst3	TR768619	814	161
mst3	TR768694	311	45
mst3	TR768721	6	3
mst3	TR768732	4	2
mst3	TR768745	2	2
mst3	TR768778	156	30
mst3	TR768795	12	7
mst3	TR768811	16	5
mst3	TR768842	34	6
mst3	TR768885	76	21
mst3	TR768925	21	9
mst3	TR768943	143	32
mst3	TR768979	516	61
mst3	TR769005	6	6
mst3	TR769050	45	9
mst3	TR769096	35	8
mst3	TR769122	10	5
mst3	TR769170	75	13
mst3	TR769210	33	9
mst3	TR769242	3	3
mst3	TR769281	6	2
mst3	TR769300	2	2
mst3	TR769316	4	1
mst3	TR769323	29	12
mst3	TR769326	98	17
mst3	TR769400	1	1
mst3	TR769447	174	35
mst3	TR769510	1	1
mst3	TR769517	48	15
mst3	TR769657	2	1
mst3	TR769697	16	4
mst3	TR769744	27	20
mst3	TR769752	1280	111
mst3	TR769762	1	1
mst3	TR769830	9	6
mst3	TR769842	112	26
mst3	TR769853	16	5
mst3	TR770009	95	33
mst3	TR770023	103	21
mst3	TR770041	29	12
mst3	TR770056	24	15
mst3	TR770308	47	13
mst3	TR770420	134	25
mst3	TR770526	4	2
mst3	TR770567	5	3
mst3	TR770580	52	11
mst3	TR770592	56	16
mst3	TR770602	599	81
mst3	TR770603	420	63
mst3	TR770625	11	5
mst3	TR770649	86	18
mst3	TR770678	139	32
mst3	TR770683	202	35
mst3	TR770742	587	63
mst3	TR770744	550	55
mst3	TR770768	1	1
mst3	TR770864	8	4
mst3	TR770865	22	8
mst3	TR770876	617	94
mst3	TR770877	11	6
mst3	TR770887	53	14
mst3	TR770961	2	2
mst3	TR770976	45	17
mst3	TR770984	4	4
mst3	TR770990	8	5
mst3	TR771011	8	2
mst3	TR771014	6	3
mst3	TR771019	8	2
mst3	TR771044	325	52
mst3	TR771057	3	2
mst3	TR771091	38	6
mst3	TR771106	3	1
mst3	TR771109	1	1
mst3	TR771130	7	3
mst3	TR771164	44	11
mst3	TR771178	12	6
mst3	TR771195	38	14
mst3	TR771197	19	14
mst3	TR771214	119	28
mst3	TR771225	12	5
mst3	TR771261	3	3
mst3	TR771291	5104	546
mst3	TR771293	9	3
mst3	TR771318	4	4
mst3	TR771354	5	1
mst3	TR771390	8	5
mst3	TR771424	2	2
mst3	TR771442	8	5
mst3	TR771481	67	17
mst3	TR771590	7	4
mst3	TR771630	10	5
mst3	TR771633	3	1
mst3	TR771640	76	17
mst3	TR771653	446	54
mst3	TR771689	3	2
mst3	TR771758	44	18
mst3	TR771799	64	21
mst3	TR771871	36	10
mst3	TR771920	1	1
mst3	TR771923	17	11
mst3	TR771929	113	25
mst3	TR771939	209	36
mst3	TR771952	41	10
mst3	TR771963	2	1
mst3	TR772001	3	2
mst3	TR772036	235	43
mst3	TR772050	18	11
mst3	TR772060	19	11
mst3	TR772100	2	1
mst3	TR772131	10	3
mst3	TR772150	48	16
mst3	TR772156	4	2
mst3	TR772157	1	1
mst3	TR772169	73	18
mst3	TR772191	3	2
mst3	TR772192	558	79
mst3	TR772198	1726	321
mst3	TR772205	4	4
mst3	TR772221	14	5
mst3	TR772224	2	2
mst3	TR772228	115	22
mst3	TR772242	2	1
mst3	TR772249	23	14
mst3	TR772251	151	49
mst3	TR772253	8	5
mst3	TR772256	6	3
mst3	TR772257	14	9
mst3	TR772265	5	4
mst3	TR772266	20	8
mst3	TR772268	3	3
mst3	TR772271	2	2
mst3	TR772285	13	6
mst3	TR772292	17	3
mst3	TR772296	71	14
mst3	TR772315	8	4
mst3	TR772321	12	6
mst3	TR772323	3	3
mst3	TR772327	3	3
mst3	TR772329	149	31
mst3	TR772338	6	4
mst3	TR772350	33	12
mst3	TR772359	10	2
mst3	TR772363	6	3
mst3	TR772374	4	3
mst3	TR772382	1	1
mst3	TR772404	9	3
mst3	TR772411	2	1
mst3	TR772413	448	69
mst3	TR772418	50	7
mst3	TR772419	3	3
mst3	TR772430	2	1
mst3	TR772431	1	1
mst3	TR772445	10	3
mst3	TR772446	1	1
mst3	TR772463	56	17
mst3	TR772464	2	2
mst3	TR772476	7	5
mst3	TR772489	510	60
mst3	TR772490	4	2
mst3	TR772500	18	3
mst3	TR772504	54	12
mst3	TR772506	23	10
mst3	TR772509	47	15
mst3	TR772530	1	1
mst3	TR772531	273	61
mst3	TR772548	26	11
mst3	TR772562	14	4
mst3	TR772579	554	121
mst3	TR772604	48	18
mst3	TR772606	9	3
mst3	TR772613	2	2
mst3	TR772639	3582	485
mst3	TR772644	725	106
mst3	TR772648	80	26
mst3	TR772654	171	35
mst3	TR772658	4	2
mst3	TR772663	447	51
mst3	TR772676	11	4
mst3	TR772682	16	6
mst3	TR772688	3	1
mst3	TR772692	8	5
mst3	TR772695	27	8
mst3	TR772710	1333	225
mst3	TR772722	15	9
mst3	TR772724	22	9
mst3	TR772725	171	35
mst3	TR772756	8	1
mst3	TR772758	127	39
mst3	TR772760	55	14
mst3	TR772761	12	3
mst3	TR772765	55	15
mst3	TR772772	7	2
mst3	TR772775	23	3
mst3	TR772778	8	4
mst3	TR772793	5	1
mst3	TR772810	9	3
mst3	TR772818	3	2
mst3	TR772832	2	1
mst3	TR772836	7	4
mst3	TR772838	75	25
mst3	TR772868	5	3
mst3	TR772871	34	10
mst3	TR772872	212	42
mst3	TR772874	21	10
mst3	TR772876	1	1
mst3	TR772891	1259	122
mst3	TR772910	1	1
mst3	TR772911	1	1
mst3	TR772914	5	3
mst3	TR772915	16	6
mst3	TR772918	5	3
mst3	TR772922	18	11
mst3	TR772924	15	4
mst3	TR772925	26	12
mst3	TR772937	111	25
mst3	TR772944	178	46
mst3	TR772945	168	38
mst3	TR772953	2	1
mst3	TR772955	524	75
mst3	TR772961	3	2
mst3	TR772965	26	10
mst3	TR772969	3	2
mst3	TR772972	7	6
mst3	TR772973	16	2
mst3	TR772976	16718	1947
mst3	TR772978	522	55
mst3	TR772987	151	36
mst3	TR772993	39	9
mst3	TR772995	9	5
mst3	TR772997	11	6
mst3	TR772999	7848	1213
mst3	TR773026	3	2
mst3	TR773027	792	123
mst3	TR773030	9	3
mst3	TR773034	11	5
mst3	TR773035	96	33
mst3	TR773052	3	1
mst3	TR773062	7	6
mst3	TR773065	2	2
mst3	TR773071	2	1
mst3	TR773077	5	3
mst3	TR773081	22	8
mst3	TR773095	19	5
mst3	TR773098	39	11
mst3	TR773108	1	1
mst3	TR773117	1	1
mst3	TR773131	18	5
mst3	TR773137	278	66
mst3	TR773138	27	11
mst3	TR773142	150	32
mst3	TR773143	17	7
mst3	TR773144	2	2
mst3	TR773155	1	1
mst3	TR773158	553	87
mst3	TR773161	336	60
mst3	TR773182	32	15
mst3	TR773187	3	2
mst3	TR773191	2	2
mst3	TR773193	1	1
mst3	TR773195	189	44
mst3	TR773196	2	1
mst3	TR773197	7	3
mst3	TR773201	36	8
mst3	TR773215	633	148
mst3	TR773217	2	2
mst3	TR773227	115	46
mst3	TR773234	49	19
mst3	TR773244	10	7
mst3	TR773248	4	3
mst3	TR773250	1	1
mst3	TR773265	6	2
mst3	TR773270	9	7
mst3	TR773280	46	17
mst3	TR773287	2	2
mst3	TR773291	2	2
mst3	TR773300	6	4
mst3	TR773308	8	5
mst3	TR773311	38	11
mst3	TR773316	3	2
mst3	TR773324	9	7
mst3	TR773331	2	1
mst3	TR773333	3	1
mst3	TR773337	4	1
mst3	TR773344	6	3
mst3	TR773351	3	3
mst3	TR773368	13	6
mst3	TR773376	9	3
mst3	TR773379	3245	430
mst3	TR773388	26	9
mst3	TR773393	61	17
mst3	TR773413	32	15
mst3	TR773420	1	1
mst3	TR773424	14	6
mst3	TR773439	2	1
mst3	TR773451	4	2
mst3	TR773452	204	54
mst3	TR773453	13	7
mst3	TR773454	460	81
mst3	TR773457	36	12
mst3	TR773462	173	24
mst3	TR773467	143	40
mst3	TR773470	67	20
mst3	TR773472	2807	526
mst3	TR773474	35	10
mst3	TR773478	3	3
mst3	TR773479	4	2
mst3	TR773487	22	5
mst3	TR773491	1938	297
mst3	TR773492	2	1
mst3	TR773493	1	1
mst3	TR773496	5	5
mst3	TR773517	123	16
mst3	TR773518	79	17
mst3	TR773523	6	2
mst3	TR773529	20	4
mst3	TR773536	513	65
mst3	TR773565	5	1
mst3	TR773568	713	452
bbt64m	TR755508	1667	695
bbt64m	TR755509	6	2
bbt64m	TR755559	1	1
bbt64m	TR755604	1127	142
bbt64m	TR755607	4	1
bbt64m	TR755613	11	4
bbt64m	TR755650	3	3
bbt64m	TR755658	172	40
bbt64m	TR755664	15	9
bbt64m	TR755726	1933	240
bbt64m	TR755752	23	9
bbt64m	TR755778	3	3
bbt64m	TR755783	14	4
bbt64m	TR755791	6463	649
bbt64m	TR755827	13	4
bbt64m	TR755836	13	6
bbt64m	TR755843	8	3
bbt64m	TR755864	7	3
bbt64m	TR755871	20	6
bbt64m	TR755881	203	29
bbt64m	TR755886	36	8
bbt64m	TR755896	50	20
bbt64m	TR755910	79	22
bbt64m	TR755996	386	54
bbt64m	TR756000	21	10
bbt64m	TR756034	13657	1657
bbt64m	TR756077	24	5
bbt64m	TR756131	42	14
bbt64m	TR756187	15	5
bbt64m	TR756283	4	2
bbt64m	TR756292	538	63
bbt64m	TR756310	82	17
bbt64m	TR756343	17	6
bbt64m	TR756355	3	1
bbt64m	TR756418	1	1
bbt64m	TR756474	110	17
bbt64m	TR756490	3	2
bbt64m	TR756519	2	1
bbt64m	TR756669	164	46
bbt64m	TR756685	120	39
bbt64m	TR756692	146	32
bbt64m	TR756743	24	8
bbt64m	TR756756	66	18
bbt64m	TR756801	19	10
bbt64m	TR756802	46	14
bbt64m	TR756901	889	114
bbt64m	TR756961	50	9
bbt64m	TR757046	3	2
bbt64m	TR757059	100	17
bbt64m	TR757073	35	15
bbt64m	TR757142	1	1
bbt64m	TR757143	17	3
bbt64m	TR757292	3	2
bbt64m	TR757312	67	20
bbt64m	TR757338	1	1
bbt64m	TR757370	123	22
bbt64m	TR757380	67	17
bbt64m	TR757402	255	38
bbt64m	TR757450	6	6
bbt64m	TR757562	91	22
bbt64m	TR757644	41	11
bbt64m	TR757757	5	2
bbt64m	TR757806	405	84
bbt64m	TR757936	53	16
bbt64m	TR757964	2	1
bbt64m	TR757975	170	37
bbt64m	TR757990	821	116
bbt64m	TR758091	16	8
bbt64m	TR758147	8	3
bbt64m	TR758257	3	1
bbt64m	TR758291	46	19
bbt64m	TR758394	124	47
bbt64m	TR758405	15	5
bbt64m	TR758447	2	1
bbt64m	TR758472	6	3
bbt64m	TR758570	94	22
bbt64m	TR758616	20	10
bbt64m	TR759045	164	39
bbt64m	TR759060	6	3
bbt64m	TR759063	18	9
bbt64m	TR759093	1	1
bbt64m	TR759248	47	10
bbt64m	TR759286	1	1
bbt64m	TR759287	60	22
bbt64m	TR759415	608	73
bbt64m	TR759446	2156	350
bbt64m	TR759521	108	26
bbt64m	TR759634	5	5
bbt64m	TR759655	142	18
bbt64m	TR759728	25	10
bbt64m	TR759817	3	1
bbt64m	TR759943	1	1
bbt64m	TR759983	25	11
bbt64m	TR760078	23	13
bbt64m	TR760110	8	3
bbt64m	TR760124	78	17
bbt64m	TR760137	191	62
bbt64m	TR760148	14	5
bbt64m	TR760166	25	13
bbt64m	TR760169	352	47
bbt64m	TR760205	4	3
bbt64m	TR760293	11	6
bbt64m	TR760300	19	5
bbt64m	TR760314	869	82
bbt64m	TR760329	56	10
bbt64m	TR760357	1	1
bbt64m	TR760392	44	24
bbt64m	TR760497	40	6
bbt64m	TR760525	1	1
bbt64m	TR760577	10	8
bbt64m	TR760585	7	4
bbt64m	TR760612	56	20
bbt64m	TR760632	109	42
bbt64m	TR760689	101	29
bbt64m	TR760693	4	3
bbt64m	TR760739	40	13
bbt64m	TR760742	22	9
bbt64m	TR760756	1	1
bbt64m	TR760767	1	1
bbt64m	TR760800	8	3
bbt64m	TR760814	4	2
bbt64m	TR760876	161	30
bbt64m	TR760956	472	80
bbt64m	TR760961	6	3
bbt64m	TR761026	1081	204
bbt64m	TR761120	369	64
bbt64m	TR761127	694	136
bbt64m	TR761128	621	79
bbt64m	TR761129	2728	243
bbt64m	TR761154	571	73
bbt64m	TR761278	16	5
bbt64m	TR761312	6	4
bbt64m	TR761322	50	18
bbt64m	TR761330	90	18
bbt64m	TR761480	605	81
bbt64m	TR761557	153	28
bbt64m	TR761615	207	29
bbt64m	TR761663	42	15
bbt64m	TR761681	257	33
bbt64m	TR761755	10	10
bbt64m	TR761780	22	9
bbt64m	TR761813	98	26
bbt64m	TR761843	8	5
bbt64m	TR761907	1	1
bbt64m	TR761913	206	46
bbt64m	TR761931	433	57
bbt64m	TR761978	79	18
bbt64m	TR761985	25	16
bbt64m	TR762028	1	1
bbt64m	TR762047	67	12
bbt64m	TR762150	10	5
bbt64m	TR762196	10	5
bbt64m	TR762229	3	3
bbt64m	TR762237	14	5
bbt64m	TR762269	1	1
bbt64m	TR762273	8	3
bbt64m	TR762280	68	19
bbt64m	TR762296	2	1
bbt64m	TR762300	6	6
bbt64m	TR762306	5	5
bbt64m	TR762312	7	3
bbt64m	TR762323	41	10
bbt64m	TR762337	20	10
bbt64m	TR762340	1	1
bbt64m	TR762355	10	4
bbt64m	TR762359	4	4
bbt64m	TR762376	136	25
bbt64m	TR762443	7	5
bbt64m	TR762452	13	9
bbt64m	TR762490	3	3
bbt64m	TR762607	45	12
bbt64m	TR762629	91	11
bbt64m	TR762646	7	7
bbt64m	TR762657	8	2
bbt64m	TR762691	60	22
bbt64m	TR762710	40	3
bbt64m	TR762711	78	13
bbt64m	TR762722	57	7
bbt64m	TR762878	18	5
bbt64m	TR762918	76	17
bbt64m	TR762943	22	8
bbt64m	TR762944	6167	719
bbt64m	TR762964	150	31
bbt64m	TR762996	65	19
bbt64m	TR762999	13	3
bbt64m	TR763074	96	14
bbt64m	TR763076	393	59
bbt64m	TR763099	10	6
bbt64m	TR763102	30	11
bbt64m	TR763235	65	11
bbt64m	TR763303	87	19
bbt64m	TR763309	38	17
bbt64m	TR763319	6	2
bbt64m	TR763460	138	33
bbt64m	TR763480	44	20
bbt64m	TR763587	11	5
bbt64m	TR763611	37	11
bbt64m	TR763614	3042	562
bbt64m	TR763652	25	6
bbt64m	TR763693	2	2
bbt64m	TR763733	167	28
bbt64m	TR763761	2	2
bbt64m	TR763775	53	21
bbt64m	TR763787	3	3
bbt64m	TR763817	19	8
bbt64m	TR763830	9	4
bbt64m	TR763914	3	3
bbt64m	TR763973	9	5
bbt64m	TR764108	94	21
bbt64m	TR764110	4	3
bbt64m	TR764119	311	45
bbt64m	TR764302	8	3
bbt64m	TR764339	7	3
bbt64m	TR764350	7	5
bbt64m	TR764357	1146	96
bbt64m	TR764366	156	36
bbt64m	TR764465	99	31
bbt64m	TR764473	13	4
bbt64m	TR764476	297	73
bbt64m	TR764486	220	32
bbt64m	TR764558	3	2
bbt64m	TR764604	23	8
bbt64m	TR764713	65	12
bbt64m	TR764727	8	7
bbt64m	TR764761	2	2
bbt64m	TR764773	237	46
bbt64m	TR764794	6	2
bbt64m	TR764862	25	12
bbt64m	TR764873	147	46
bbt64m	TR764881	14	8
bbt64m	TR764895	1	1
bbt64m	TR764995	9	4
bbt64m	TR765001	7	4
bbt64m	TR765031	88	26
bbt64m	TR765117	161	31
bbt64m	TR765194	1	1
bbt64m	TR765244	1	1
bbt64m	TR765247	28	14
bbt64m	TR765250	798	84
bbt64m	TR765271	446	48
bbt64m	TR765308	20	9
bbt64m	TR765313	19	7
bbt64m	TR765325	154	31
bbt64m	TR765332	10	5
bbt64m	TR765354	1232	123
bbt64m	TR765395	16	7
bbt64m	TR765408	5	3
bbt64m	TR765435	80	20
bbt64m	TR765467	81	20
bbt64m	TR765487	455	62
bbt64m	TR765501	1	1
bbt64m	TR765526	4861	394
bbt64m	TR765536	6	5
bbt64m	TR765643	129	16
bbt64m	TR765648	14	8
bbt64m	TR765669	1	1
bbt64m	TR765850	498	84
bbt64m	TR765873	12	4
bbt64m	TR765965	100	21
bbt64m	TR766081	46	11
bbt64m	TR766134	71	30
bbt64m	TR766217	1	1
bbt64m	TR766245	1	1
bbt64m	TR766253	923	82
bbt64m	TR766285	111	25
bbt64m	TR766344	156	34
bbt64m	TR766466	20	4
bbt64m	TR766554	6	2
bbt64m	TR766577	8	4
bbt64m	TR766584	11	11
bbt64m	TR766609	311	45
bbt64m	TR766622	11	11
bbt64m	TR766686	2	1
bbt64m	TR766912	17	7
bbt64m	TR766913	1194	183
bbt64m	TR767007	35	16
bbt64m	TR767020	101	30
bbt64m	TR767090	8	5
bbt64m	TR767136	100	22
bbt64m	TR767212	1	1
bbt64m	TR767326	55	17
bbt64m	TR767338	3	3
bbt64m	TR767664	71	11
bbt64m	TR767701	95	35
bbt64m	TR767806	170	39
bbt64m	TR767827	32	11
bbt64m	TR767959	62	19
bbt64m	TR767965	194	24
bbt64m	TR768000	2	1
bbt64m	TR768001	4	4
bbt64m	TR768045	262	36
bbt64m	TR768052	16	7
bbt64m	TR768112	1	1
bbt64m	TR768143	3	1
bbt64m	TR768221	41	11
bbt64m	TR768226	6	2
bbt64m	TR768240	103	23
bbt64m	TR768250	4	1
bbt64m	TR768258	116	31
bbt64m	TR768363	16	7
bbt64m	TR768385	23	16
bbt64m	TR768407	2	2
bbt64m	TR768412	35	14
bbt64m	TR768461	247	47
bbt64m	TR768523	6	3
bbt64m	TR768694	281	39
bbt64m	TR768721	6	3
bbt64m	TR768732	4	2
bbt64m	TR768745	2	2
bbt64m	TR768778	104	23
bbt64m	TR768795	10	5
bbt64m	TR768811	8	3
bbt64m	TR768842	32	9
bbt64m	TR768885	118	25
bbt64m	TR768925	40	12
bbt64m	TR768943	495	62
bbt64m	TR768979	540	73
bbt64m	TR769005	9	8
bbt64m	TR769050	34	8
bbt64m	TR769096	26	12
bbt64m	TR769122	14	5
bbt64m	TR769170	191	28
bbt64m	TR769210	29	8
bbt64m	TR769242	2	2
bbt64m	TR769281	6	2
bbt64m	TR769300	2	2
bbt64m	TR769316	4	1
bbt64m	TR769323	29	12
bbt64m	TR769326	79	16
bbt64m	TR769400	1	1
bbt64m	TR769447	210	33
bbt64m	TR769510	1	1
bbt64m	TR769517	67	19
bbt64m	TR769657	2	1
bbt64m	TR769697	18	7
bbt64m	TR769744	90	25
bbt64m	TR769752	1104	98
bbt64m	TR769762	1	1
bbt64m	TR769830	10	5
bbt64m	TR769842	168	30
bbt64m	TR769853	9	4
bbt64m	TR770009	140	43
bbt64m	TR770023	344	58
bbt64m	TR770041	24	10
bbt64m	TR770056	39	15
bbt64m	TR770308	73	22
bbt64m	TR770420	131	22
bbt64m	TR770526	2	1
bbt64m	TR770567	5	3
bbt64m	TR770580	38	10
bbt64m	TR770592	50	20
bbt64m	TR770602	1102	145
bbt64m	TR770603	769	105
bbt64m	TR770625	12	5
bbt64m	TR770649	80	21
bbt64m	TR770678	159	44
bbt64m	TR770683	218	46
bbt64m	TR770742	700	84
bbt64m	TR770744	661	71
bbt64m	TR770768	1	1
bbt64m	TR770864	6	3
bbt64m	TR770865	51	28
bbt64m	TR770876	642	88
bbt64m	TR770877	14	6
bbt64m	TR770887	154	30
bbt64m	TR770961	7	7
bbt64m	TR770976	40	14
bbt64m	TR770984	4	4
bbt64m	TR770990	8	5
bbt64m	TR771011	5	2
bbt64m	TR771014	7	5
bbt64m	TR771019	8	2
bbt64m	TR771044	565	88
bbt64m	TR771057	3	2
bbt64m	TR771091	45	11
bbt64m	TR771106	3	1
bbt64m	TR771109	1	1
bbt64m	TR771130	7	2
bbt64m	TR771164	39	12
bbt64m	TR771178	21	9
bbt64m	TR771195	32	10
bbt64m	TR771197	31	23
bbt64m	TR771214	169	31
bbt64m	TR771225	48	11
bbt64m	TR771261	3	3
bbt64m	TR771291	5345	416
bbt64m	TR771293	9	3
bbt64m	TR771318	4	4
bbt64m	TR771354	16	4
bbt64m	TR771390	8	5
bbt64m	TR771424	2	2
bbt64m	TR771442	6	5
bbt64m	TR771481	198	49
bbt64m	TR771590	8	4
bbt64m	TR771630	8	4
bbt64m	TR771633	3	1
bbt64m	TR771640	183	46
bbt64m	TR771653	459	50
bbt64m	TR771689	3	2
bbt64m	TR771758	209	64
bbt64m	TR771799	176	35
bbt64m	TR771871	31	7
bbt64m	TR771920	1	1
bbt64m	TR771923	16	9
bbt64m	TR771929	88	31
bbt64m	TR771939	185	42
bbt64m	TR771952	33	8
bbt64m	TR771963	2	1
bbt64m	TR772001	3	2
bbt64m	TR772036	358	56
bbt64m	TR772050	19	12
bbt64m	TR772060	47	19
bbt64m	TR772100	2	1
bbt64m	TR772131	10	2
bbt64m	TR772150	35	18
bbt64m	TR772156	4	2
bbt64m	TR772157	1	1
bbt64m	TR772169	31	11
bbt64m	TR772191	3	2
bbt64m	TR772192	505	65
bbt64m	TR772198	1889	278
bbt64m	TR772205	4	4
bbt64m	TR772221	14	5
bbt64m	TR772224	4	4
bbt64m	TR772228	149	29
bbt64m	TR772242	2	1
bbt64m	TR772249	21	16
bbt64m	TR772251	205	60
bbt64m	TR772253	5	3
bbt64m	TR772256	8	5
bbt64m	TR772257	16	8
bbt64m	TR772265	16	12
bbt64m	TR772266	128	31
bbt64m	TR772268	5	5
bbt64m	TR772271	2	2
bbt64m	TR772285	13	6
bbt64m	TR772292	17	3
bbt64m	TR772296	129	17
bbt64m	TR772315	34	13
bbt64m	TR772321	12	6
bbt64m	TR772323	4	3
bbt64m	TR772327	3	3
bbt64m	TR772329	277	56
bbt64m	TR772338	3	2
bbt64m	TR772350	85	23
bbt64m	TR772359	10	2
bbt64m	TR772363	6	3
bbt64m	TR772374	2	1
bbt64m	TR772382	1	1
bbt64m	TR772404	11	3
bbt64m	TR772411	2	1
bbt64m	TR772413	442	51
bbt64m	TR772418	57	10
bbt64m	TR772419	3	3
bbt64m	TR772430	2	1
bbt64m	TR772431	1	1
bbt64m	TR772445	16	5
bbt64m	TR772446	1	1
bbt64m	TR772463	35	10
bbt64m	TR772464	2	2
bbt64m	TR772476	7	5
bbt64m	TR772489	442	58
bbt64m	TR772490	4	2
bbt64m	TR772500	33	5
bbt64m	TR772504	115	17
bbt64m	TR772506	152	51
bbt64m	TR772509	35	10
bbt64m	TR772530	2	2
bbt64m	TR772531	284	57
bbt64m	TR772548	60	19
bbt64m	TR772562	18	5
bbt64m	TR772579	681	128
bbt64m	TR772604	30	11
bbt64m	TR772606	11	5
bbt64m	TR772613	2	2
bbt64m	TR772639	4771	530
bbt64m	TR772644	1040	181
bbt64m	TR772648	155	40
bbt64m	TR772654	153	40
bbt64m	TR772658	3	1
bbt64m	TR772663	574	69
bbt64m	TR772676	47	13
bbt64m	TR772682	10	6
bbt64m	TR772688	3	1
bbt64m	TR772692	7	4
bbt64m	TR772695	27	8
bbt64m	TR772710	1456	177
bbt64m	TR772722	39	12
bbt64m	TR772724	22	9
bbt64m	TR772725	296	63
bbt64m	TR772756	65	9
bbt64m	TR772758	148	33
bbt64m	TR772760	56	14
bbt64m	TR772761	12	3
bbt64m	TR772765	122	28
bbt64m	TR772772	6	2
bbt64m	TR772775	13	3
bbt64m	TR772778	8	3
bbt64m	TR772793	5	1
bbt64m	TR772810	26	8
bbt64m	TR772818	3	2
bbt64m	TR772832	2	1
bbt64m	TR772836	7	4
bbt64m	TR772838	187	54
bbt64m	TR772868	6	2
bbt64m	TR772871	24	9
bbt64m	TR772872	143	29
bbt64m	TR772874	37	17
bbt64m	TR772876	1	1
bbt64m	TR772891	1327	143
bbt64m	TR772910	2	2
bbt64m	TR772911	1	1
bbt64m	TR772914	5	3
bbt64m	TR772915	18	6
bbt64m	TR772918	5	3
bbt64m	TR772922	56	15
bbt64m	TR772924	15	4
bbt64m	TR772925	69	34
bbt64m	TR772937	190	39
bbt64m	TR772944	210	44
bbt64m	TR772945	208	34
bbt64m	TR772953	2	1
bbt64m	TR772955	656	96
bbt64m	TR772961	3	2
bbt64m	TR772965	24	9
bbt64m	TR772969	3	2
bbt64m	TR772972	5	4
bbt64m	TR772973	9	2
bbt64m	TR772976	19353	2037
bbt64m	TR772978	578	69
bbt64m	TR772987	208	54
bbt64m	TR772993	123	22
bbt64m	TR772995	9	5
bbt64m	TR772997	11	6
bbt64m	TR772999	7008	876
bbt64m	TR773026	3	2
bbt64m	TR773027	339	54
bbt64m	TR773030	18	6
bbt64m	TR773034	23	10
bbt64m	TR773035	207	65
bbt64m	TR773052	8	3
bbt64m	TR773062	16	10
bbt64m	TR773065	19	7
bbt64m	TR773071	2	1
bbt64m	TR773077	8	3
bbt64m	TR773081	10	3
bbt64m	TR773095	22	6
bbt64m	TR773098	36	8
bbt64m	TR773108	1	1
bbt64m	TR773117	1	1
bbt64m	TR773131	14	5
bbt64m	TR773137	480	83
bbt64m	TR773138	31	13
bbt64m	TR773142	357	73
bbt64m	TR773143	19	7
bbt64m	TR773144	6	5
bbt64m	TR773155	2	2
bbt64m	TR773158	669	88
bbt64m	TR773161	210	40
bbt64m	TR773182	25	17
bbt64m	TR773187	3	2
bbt64m	TR773191	2	2
bbt64m	TR773193	1	1
bbt64m	TR773195	153	43
bbt64m	TR773196	2	1
bbt64m	TR773197	11	5
bbt64m	TR773201	41	12
bbt64m	TR773215	581	119
bbt64m	TR773217	2	2
bbt64m	TR773227	98	25
bbt64m	TR773234	53	15
bbt64m	TR773244	23	8
bbt64m	TR773248	4	3
bbt64m	TR773250	1	1
bbt64m	TR773265	6	2
bbt64m	TR773270	9	7
bbt64m	TR773280	84	24
bbt64m	TR773287	3	2
bbt64m	TR773291	2	2
bbt64m	TR773300	6	4
bbt64m	TR773308	4	4
bbt64m	TR773311	33	13
bbt64m	TR773316	2	2
bbt64m	TR773324	18	11
bbt64m	TR773331	2	1
bbt64m	TR773333	3	1
bbt64m	TR773337	4	1
bbt64m	TR773344	6	3
bbt64m	TR773351	3	2
bbt64m	TR773368	8	6
bbt64m	TR773376	9	3
bbt64m	TR773379	3139	396
bbt64m	TR773388	23	10
bbt64m	TR773393	64	21
bbt64m	TR773413	50	17
bbt64m	TR773420	1	1
bbt64m	TR773424	30	15
bbt64m	TR773439	2	1
bbt64m	TR773451	5	2
bbt64m	TR773452	104	35
bbt64m	TR773453	14	6
bbt64m	TR773454	967	164
bbt64m	TR773457	49	16
bbt64m	TR773462	308	66
bbt64m	TR773467	185	60
bbt64m	TR773470	25	8
bbt64m	TR773472	2028	343
bbt64m	TR773474	92	27
bbt64m	TR773478	3	3
bbt64m	TR773479	4	2
bbt64m	TR773487	22	5
bbt64m	TR773491	1836	227
bbt64m	TR773492	4	2
bbt64m	TR773493	2	2
bbt64m	TR773496	7	6
bbt64m	TR773517	134	32
bbt64m	TR773518	74	14
bbt64m	TR773523	6	2
bbt64m	TR773529	26	5
bbt64m	TR773536	537	77
bbt64m	TR773565	5	1
bbt64m	TR773568	609	381
pf_famsa	TR755508	1333	728
pf_famsa	TR755509	3	1
pf_famsa	TR755559	1	1
pf_famsa	TR755604	680	132
pf_famsa	TR755607	4	1
pf_famsa	TR755613	12	5
pf_famsa	TR755650	3	3
pf_famsa	TR755658	82	28
pf_famsa	TR755664	11	8
pf_famsa	TR755726	1545	291
pf_famsa	TR755752	5	3
pf_famsa	TR755778	2	2
pf_famsa	TR755783	7	3
pf_famsa	TR755791	4607	649
pf_famsa	TR755827	10	5
pf_famsa	TR755836	12	5
pf_famsa	TR755843	8	3
pf_famsa	TR755864	6	3
pf_famsa	TR755871	14	6
pf_famsa	TR755881	39	13
pf_famsa	TR755886	20	5
pf_famsa	TR755896	41	18
pf_famsa	TR755910	47	20
pf_famsa	TR755996	194	43
pf_famsa	TR756000	14	8
pf_famsa	TR756034	6490	1844
pf_famsa	TR756077	12	3
pf_famsa	TR756131	44	17
pf_famsa	TR756187	10	5
pf_famsa	TR756283	4	2
pf_famsa	TR756292	429	84
pf_famsa	TR756310	68	16
pf_famsa	TR756343	7	5
pf_famsa	TR756355	3	1
pf_famsa	TR756418	1	1
pf_famsa	TR756474	47	14
pf_famsa	TR756490	2	2
pf_famsa	TR756519	2	1
pf_famsa	TR756669	107	32
pf_famsa	TR756685	70	21
pf_famsa	TR756692	72	19
pf_famsa	TR756743	15	6
pf_famsa	TR756756	34	14
pf_famsa	TR756801	11	8
pf_famsa	TR756802	21	11
pf_famsa	TR756901	477	93
pf_famsa	TR756961	15	8
pf_famsa	TR757046	3	2
pf_famsa	TR757059	30	7
pf_famsa	TR757073	25	14
pf_famsa	TR757142	1	1
pf_famsa	TR757143	19	5
pf_famsa	TR757292	2	2
pf_famsa	TR757312	72	27
pf_famsa	TR757338	1	1
pf_famsa	TR757370	74	14
pf_famsa	TR757380	29	8
pf_famsa	TR757402	80	27
pf_famsa	TR757450	2	2
pf_famsa	TR757562	47	13
pf_famsa	TR757644	25	10
pf_famsa	TR757757	7	4
pf_famsa	TR757806	142	32
pf_famsa	TR757936	25	10
pf_famsa	TR757964	2	1
pf_famsa	TR757975	69	21
pf_famsa	TR757990	469	77
pf_famsa	TR758091	11	6
pf_famsa	TR758147	6	3
pf_famsa	TR758257	3	1
pf_famsa	TR758291	72	21
pf_famsa	TR758394	65	23
pf_famsa	TR758405	7	4
pf_famsa	TR758447	2	1
pf_famsa	TR758472	8	4
pf_famsa	TR758570	79	20
pf_famsa	TR758616	6	4
pf_famsa	TR759045	127	32
pf_famsa	TR759060	3	2
pf_famsa	TR759063	8	3
pf_famsa	TR759093	1	1
pf_famsa	TR759248	36	10
pf_famsa	TR759286	1	1
pf_famsa	TR759287	32	17
pf_famsa	TR759415	250	54
pf_famsa	TR759446	1891	327
pf_famsa	TR759521	67	24
pf_famsa	TR759634	2	2
pf_famsa	TR759655	79	17
pf_famsa	TR759728	15	9
pf_famsa	TR759817	3	1
pf_famsa	TR759943	1	1
pf_famsa	TR759983	17	11
pf_famsa	TR760078	9	5
pf_famsa	TR760110	8	3
pf_famsa	TR760124	50	16
pf_famsa	TR760137	57	24
pf_famsa	TR760148	4	2
pf_famsa	TR760166	15	10
pf_famsa	TR760169	302	48
pf_famsa	TR760205	4	3
pf_famsa	TR760293	9	4
pf_famsa	TR760300	16	5
pf_famsa	TR760314	305	47
pf_famsa	TR760329	47	9
pf_famsa	TR760357	1	1
pf_famsa	TR760392	6	5
pf_famsa	TR760497	15	4
pf_famsa	TR760525	1	1
pf_famsa	TR760577	3	3
pf_famsa	TR760585	7	4
pf_famsa	TR760612	36	18
pf_famsa	TR760632	48	26
pf_famsa	TR760689	38	11
pf_famsa	TR760693	3	2
pf_famsa	TR760739	31	13
pf_famsa	TR760742	26	9
pf_famsa	TR760756	1	1
pf_famsa	TR760767	1	1
pf_famsa	TR760800	8	3
pf_famsa	TR760814	4	2
pf_famsa	TR760876	191	38
pf_famsa	TR760956	142	34
pf_famsa	TR760961	2	2
pf_famsa	TR761026	855	182
pf_famsa	TR761120	245	57
pf_famsa	TR761127	385	113
pf_famsa	TR761128	321	68
pf_famsa	TR761129	1719	247
pf_famsa	TR761154	287	47
pf_famsa	TR761278	8	4
pf_famsa	TR761312	6	4
pf_famsa	TR761322	8	5
pf_famsa	TR761330	67	16
pf_famsa	TR761480	695	68
pf_famsa	TR761557	96	23
pf_famsa	TR761615	161	36
pf_famsa	TR761663	54	27
pf_famsa	TR761681	135	25
pf_famsa	TR761755	9	9
pf_famsa	TR761780	26	7
pf_famsa	TR761813	94	19
pf_famsa	TR761843	7	4
pf_famsa	TR761907	1	1
pf_famsa	TR761913	97	26
pf_famsa	TR761931	194	32
pf_famsa	TR761978	69	13
pf_famsa	TR761985	21	15
pf_famsa	TR762028	1	1
pf_famsa	TR762047	36	7
pf_famsa	TR762150	7	4
pf_famsa	TR762196	12	8
pf_famsa	TR762229	3	3
pf_famsa	TR762237	7	3
pf_famsa	TR762269	1	1
pf_famsa	TR762273	10	5
pf_famsa	TR762280	58	21
pf_famsa	TR762296	2	1
pf_famsa	TR762300	5	4
pf_famsa	TR762306	4	4
pf_famsa	TR762312	7	3
pf_famsa	TR762323	28	10
pf_famsa	TR762337	22	10
pf_famsa	TR762340	1	1
pf_famsa	TR762355	4	3
pf_famsa	TR762359	2	2
pf_famsa	TR762376	65	18
pf_famsa	TR762443	7	5
pf_famsa	TR762452	15	9
pf_famsa	TR762490	3	3
pf_famsa	TR762607	23	7
pf_famsa	TR762629	51	7
pf_famsa	TR762646	4	4
pf_famsa	TR762657	8	2
pf_famsa	TR762691	33	16
pf_famsa	TR762878	18	5
pf_famsa	TR762918	88	22
pf_famsa	TR762943	13	5
pf_famsa	TR762944	1429	236
pf_famsa	TR762964	106	36
pf_famsa	TR762996	62	23
pf_famsa	TR762999	13	3
pf_famsa	TR763074	56	8
pf_famsa	TR763076	18	4
pf_famsa	TR763099	9	5
pf_famsa	TR763102	12	6
pf_famsa	TR763235	46	10
pf_famsa	TR763303	55	15
pf_famsa	TR763309	18	9
pf_famsa	TR763319	6	3
pf_famsa	TR763460	87	25
pf_famsa	TR763480	6	2
pf_famsa	TR763587	10	8
pf_famsa	TR763611	16	7
pf_famsa	TR763614	1640	448
pf_famsa	TR763652	20	8
pf_famsa	TR763693	2	2
pf_famsa	TR763733	151	25
pf_famsa	TR763761	2	2
pf_famsa	TR763775	25	11
pf_famsa	TR763787	6	6
pf_famsa	TR763817	5	5
pf_famsa	TR763830	9	4
pf_famsa	TR763914	1	1
pf_famsa	TR763973	9	5
pf_famsa	TR764108	55	16
pf_famsa	TR764110	4	3
pf_famsa	TR764119	132	25
pf_famsa	TR764302	8	3
pf_famsa	TR764339	7	3
pf_famsa	TR764350	7	6
pf_famsa	TR764357	714	80
pf_famsa	TR764366	23	10
pf_famsa	TR764465	39	12
pf_famsa	TR764473	8	3
pf_famsa	TR764476	150	48
pf_famsa	TR764486	106	25
pf_famsa	TR764558	3	2
pf_famsa	TR764604	10	6
pf_famsa	TR764713	65	13
pf_famsa	TR764727	7	6
pf_famsa	TR764761	2	2
pf_famsa	TR764773	112	34
pf_famsa	TR764794	6	2
pf_famsa	TR764862	32	17
pf_famsa	TR764873	70	25
pf_famsa	TR764881	2	2
pf_famsa	TR764895	1	1
pf_famsa	TR764995	5	4
pf_famsa	TR765001	7	4
pf_famsa	TR765031	71	20
pf_famsa	TR765117	86	19
pf_famsa	TR765194	1	1
pf_famsa	TR765244	1	1
pf_famsa	TR765247	14	13
pf_famsa	TR765250	301	44
pf_famsa	TR765271	194	30
pf_famsa	TR765308	25	17
pf_famsa	TR765313	19	7
pf_famsa	TR765325	142	33
pf_famsa	TR765332	12	5
pf_famsa	TR765354	625	89
pf_famsa	TR765395	22	13
pf_famsa	TR765408	4	4
pf_famsa	TR765435	46	17
pf_famsa	TR765467	39	19
pf_famsa	TR765487	459	70
pf_famsa	TR765501	1	1
pf_famsa	TR765526	3504	340
pf_famsa	TR765536	2	2
pf_famsa	TR765643	66	15
pf_famsa	TR765648	9	7
pf_famsa	TR765669	1	1
pf_famsa	TR765850	218	56
pf_famsa	TR765873	12	4
pf_famsa	TR765965	66	20
pf_famsa	TR766081	33	9
pf_famsa	TR766134	34	17
pf_famsa	TR766217	1	1
pf_famsa	TR766245	1	1
pf_famsa	TR766253	399	60
pf_famsa	TR766285	62	24
pf_famsa	TR766344	107	37
pf_famsa	TR766466	16	4
pf_famsa	TR766554	6	2
pf_famsa	TR766577	8	3
pf_famsa	TR766584	7	7
pf_famsa	TR766609	121	32
pf_famsa	TR766622	9	9
pf_famsa	TR766686	2	1
pf_famsa	TR766912	9	6
pf_famsa	TR766913	906	201
pf_famsa	TR767007	26	13
pf_famsa	TR767020	25	7
pf_famsa	TR767090	10	7
pf_famsa	TR767136	38	16
pf_famsa	TR767212	1	1
pf_famsa	TR767326	36	17
pf_famsa	TR767338	1	1
pf_famsa	TR767664	24	7
pf_famsa	TR767701	95	33
pf_famsa	TR767806	184	32
pf_famsa	TR767827	14	8
pf_famsa	TR767959	9	5
pf_famsa	TR767965	130	16
pf_famsa	TR768000	2	1
pf_famsa	TR768001	4	4
pf_famsa	TR768045	256	47
pf_famsa	TR768052	14	6
pf_famsa	TR768112	1	1
pf_famsa	TR768143	3	1
pf_famsa	TR768221	32	11
pf_famsa	TR768226	6	2
pf_famsa	TR768240	54	17
pf_famsa	TR768250	4	1
pf_famsa	TR768258	86	30
pf_famsa	TR768271	559	80
pf_famsa	TR768363	19	9
pf_famsa	TR768385	14	10
pf_famsa	TR768407	2	2
pf_famsa	TR768412	17	10
pf_famsa	TR768461	230	54
pf_famsa	TR768523	6	3
pf_famsa	TR768619	1261	313
pf_famsa	TR768694	157	29
pf_famsa	TR768721	6	3
pf_famsa	TR768732	4	2
pf_famsa	TR768745	2	2
pf_famsa	TR768778	89	24
pf_famsa	TR768795	10	5
pf_famsa	TR768811	8	3
pf_famsa	TR768842	40	6
pf_famsa	TR768885	52	17
pf_famsa	TR768925	18	11
pf_famsa	TR768943	212	34
pf_famsa	TR768979	457	74
pf_famsa	TR769005	7	6
pf_famsa	TR769050	34	8
pf_famsa	TR769096	18	9
pf_famsa	TR769122	10	5
pf_famsa	TR769170	93	21
pf_famsa	TR769210	22	8
pf_famsa	TR769242	2	2
pf_famsa	TR769281	6	2
pf_famsa	TR769300	2	2
pf_famsa	TR769316	4	1
pf_famsa	TR769323	34	14
pf_famsa	TR769326	48	14
pf_famsa	TR769400	1	1
pf_famsa	TR769447	61	26
pf_famsa	TR769510	1	1
pf_famsa	TR769517	42	17
pf_famsa	TR769657	2	1
pf_famsa	TR769697	11	3
pf_famsa	TR769744	61	21
pf_famsa	TR769752	921	117
pf_famsa	TR769762	1	1
pf_famsa	TR769830	9	5
pf_famsa	TR769842	60	19
pf_famsa	TR769853	8	3
pf_famsa	TR770009	126	49
pf_famsa	TR770023	122	27
pf_famsa	TR770041	30	11
pf_famsa	TR770056	14	13
pf_famsa	TR770308	15	10
pf_famsa	TR770420	48	15
pf_famsa	TR770526	2	1
pf_famsa	TR770567	5	3
pf_famsa	TR770580	24	14
pf_famsa	TR770592	69	29
pf_famsa	TR770602	266	67
pf_famsa	TR770603	324	93
pf_famsa	TR770625	11	5
pf_famsa	TR770649	61	22
pf_famsa	TR770678	115	41
pf_famsa	TR770683	211	51
pf_famsa	TR770742	365	51
pf_famsa	TR770744	464	66
pf_famsa	TR770768	1	1
pf_famsa	TR770864	2	1
pf_famsa	TR770865	33	15
pf_famsa	TR770876	577	61
pf_famsa	TR770877	9	5
pf_famsa	TR770887	74	18
pf_famsa	TR770961	4	4
pf_famsa	TR770976	36	16
pf_famsa	TR770984	3	3
pf_famsa	TR770990	8	5
pf_famsa	TR771011	5	2
pf_famsa	TR771014	4	2
pf_famsa	TR771019	4	1
pf_famsa	TR771044	358	71
pf_famsa	TR771057	3	2
pf_famsa	TR771091	25	4
pf_famsa	TR771106	3	1
pf_famsa	TR771109	1	1
pf_famsa	TR771130	7	2
pf_famsa	TR771164	40	13
pf_famsa	TR771178	11	5
pf_famsa	TR771195	39	12
pf_famsa	TR771197	11	9
pf_famsa	TR771214	82	19
pf_famsa	TR771225	27	8
pf_famsa	TR771261	2	2
pf_famsa	TR771291	1999	249
pf_famsa	TR771293	12	3
pf_famsa	TR771318	4	4
pf_famsa	TR771354	5	1
pf_famsa	TR771390	4	4
pf_famsa	TR771424	2	2
pf_famsa	TR771442	4	4
pf_famsa	TR771481	64	23
pf_famsa	TR771590	5	2
pf_famsa	TR771630	6	3
pf_famsa	TR771633	3	1
pf_famsa	TR771640	82	27
pf_famsa	TR771653	309	50
pf_famsa	TR771689	3	2
pf_famsa	TR771758	53	27
pf_famsa	TR771799	107	29
pf_famsa	TR771871	13	6
pf_famsa	TR771920	1	1
pf_famsa	TR771923	17	8
pf_famsa	TR771929	81	30
pf_famsa	TR771939	67	23
pf_famsa	TR771952	23	6
pf_famsa	TR771963	2	1
pf_famsa	TR772001	2	2
pf_famsa	TR772036	184	41
pf_famsa	TR772050	18	12
pf_famsa	TR772060	18	9
pf_famsa	TR772100	2	1
pf_famsa	TR772131	7	2
pf_famsa	TR772150	19	9
pf_famsa	TR772156	3	2
pf_famsa	TR772157	1	1
pf_famsa	TR772169	32	13
pf_famsa	TR772191	3	2
pf_famsa	TR772192	213	41
pf_famsa	TR772198	1643	353
pf_famsa	TR772205	4	4
pf_famsa	TR772221	5	5
pf_famsa	TR772224	2	2
pf_famsa	TR772228	93	20
pf_famsa	TR772242	2	1
pf_famsa	TR772249	26	17
pf_famsa	TR772251	133	43
pf_famsa	TR772253	4	3
pf_famsa	TR772256	6	3
pf_famsa	TR772257	14	10
pf_famsa	TR772265	9	4
pf_famsa	TR772266	33	11
pf_famsa	TR772268	3	3
pf_famsa	TR772271	2	2
pf_famsa	TR772285	10	5
pf_famsa	TR772292	11	2
pf_famsa	TR772296	94	21
pf_famsa	TR772315	8	4
pf_famsa	TR772321	12	6
pf_famsa	TR772323	2	2
pf_famsa	TR772327	3	3
pf_famsa	TR772329	184	38
pf_famsa	TR772338	3	2
pf_famsa	TR772350	23	10
pf_famsa	TR772359	5	1
pf_famsa	TR772363	6	3
pf_famsa	TR772374	2	1
pf_famsa	TR772382	1	1
pf_famsa	TR772404	8	3
pf_famsa	TR772411	2	1
pf_famsa	TR772413	265	58
pf_famsa	TR772418	51	8
pf_famsa	TR772419	3	3
pf_famsa	TR772430	2	1
pf_famsa	TR772431	1	1
pf_famsa	TR772445	6	3
pf_famsa	TR772446	1	1
pf_famsa	TR772463	42	13
pf_famsa	TR772464	2	2
pf_famsa	TR772476	9	7
pf_famsa	TR772489	392	70
pf_famsa	TR772490	4	2
pf_famsa	TR772500	26	4
pf_famsa	TR772504	26	10
pf_famsa	TR772506	149	56
pf_famsa	TR772509	20	10
pf_famsa	TR772530	1	1
pf_famsa	TR772531	233	65
pf_famsa	TR772548	14	9
pf_famsa	TR772562	6	3
pf_famsa	TR772579	473	121
pf_famsa	TR772604	21	10
pf_famsa	TR772606	8	4
pf_famsa	TR772613	2	2
pf_famsa	TR772639	2503	426
pf_famsa	TR772644	674	142
pf_famsa	TR772648	56	21
pf_famsa	TR772654	121	34
pf_famsa	TR772658	3	1
pf_famsa	TR772663	271	52
pf_famsa	TR772676	8	3
pf_famsa	TR772682	5	4
pf_famsa	TR772688	3	1
pf_famsa	TR772692	5	4
pf_famsa	TR772695	24	10
pf_famsa	TR772710	703	108
pf_famsa	TR772722	49	17
pf_famsa	TR772724	21	8
pf_famsa	TR772725	220	63
pf_famsa	TR772756	8	1
pf_famsa	TR772758	86	29
pf_famsa	TR772760	52	16
pf_famsa	TR772761	4	1
pf_famsa	TR772765	42	14
pf_famsa	TR772772	7	2
pf_famsa	TR772775	12	3
pf_famsa	TR772778	6	3
pf_famsa	TR772793	5	1
pf_famsa	TR772810	8	3
pf_famsa	TR772818	3	2
pf_famsa	TR772832	2	1
pf_famsa	TR772836	6	3
pf_famsa	TR772838	105	42
pf_famsa	TR772868	4	2
pf_famsa	TR772871	26	7
pf_famsa	TR772872	44	23
pf_famsa	TR772874	22	12
pf_famsa	TR772876	1	1
pf_famsa	TR772891	1147	142
pf_famsa	TR772910	1	1
pf_famsa	TR772911	1	1
pf_famsa	TR772914	5	3
pf_famsa	TR772915	16	6
pf_famsa	TR772918	5	3
pf_famsa	TR772922	15	8
pf_famsa	TR772924	8	4
pf_famsa	TR772925	20	15
pf_famsa	TR772937	73	17
pf_famsa	TR772944	151	48
pf_famsa	TR772945	183	46
pf_famsa	TR772953	2	1
pf_famsa	TR772955	504	96
pf_famsa	TR772961	3	2
pf_famsa	TR772965	8	5
pf_famsa	TR772969	3	2
pf_famsa	TR772972	5	4
pf_famsa	TR772973	10	3
pf_famsa	TR772976	9432	1685
pf_famsa	TR772978	482	63
pf_famsa	TR772987	91	34
pf_famsa	TR772993	22	8
pf_famsa	TR772995	6	5
pf_famsa	TR772997	11	6
pf_famsa	TR772999	4782	1133
pf_famsa	TR773026	3	2
pf_famsa	TR773027	332	66
pf_famsa	TR773030	5	3
pf_famsa	TR773034	3	1
pf_famsa	TR773035	120	43
pf_famsa	TR773052	3	1
pf_famsa	TR773062	7	7
pf_famsa	TR773065	2	2
pf_famsa	TR773071	2	1
pf_famsa	TR773077	5	3
pf_famsa	TR773081	9	3
pf_famsa	TR773095	16	5
pf_famsa	TR773098	10	4
pf_famsa	TR773108	1	1
pf_famsa	TR773117	1	1
pf_famsa	TR773131	14	5
pf_famsa	TR773137	621	95
pf_famsa	TR773138	18	8
pf_famsa	TR773142	429	118
pf_famsa	TR773143	20	7
pf_famsa	TR773144	2	2
pf_famsa	TR773155	1	1
pf_famsa	TR773158	422	91
pf_famsa	TR773161	220	45
pf_famsa	TR773182	19	13
pf_famsa	TR773187	5	4
pf_famsa	TR773191	2	2
pf_famsa	TR773193	1	1
pf_famsa	TR773195	86	28
pf_famsa	TR773196	2	1
pf_famsa	TR773197	6	3
pf_famsa	TR773201	29	10
pf_famsa	TR773215	676	201
pf_famsa	TR773217	1	1
pf_famsa	TR773227	41	20
pf_famsa	TR773234	29	13
pf_famsa	TR773244	10	7
pf_famsa	TR773248	4	3
pf_famsa	TR773250	1	1
pf_famsa	TR773265	4	2
pf_famsa	TR773270	8	6
pf_famsa	TR773280	56	26
pf_famsa	TR773287	2	2
pf_famsa	TR773291	2	2
pf_famsa	TR773300	8	6
pf_famsa	TR773308	5	4
pf_famsa	TR773311	27	9
pf_famsa	TR773316	2	2
pf_famsa	TR773324	8	7
pf_famsa	TR773331	2	1
pf_famsa	TR773333	3	1
pf_famsa	TR773337	4	1
pf_famsa	TR773344	6	3
pf_famsa	TR773351	3	3
pf_famsa	TR773368	2	2
pf_famsa	TR773376	4	2
pf_famsa	TR773379	2798	542
pf_famsa	TR773388	20	11
pf_famsa	TR773393	51	20
pf_famsa	TR773413	29	14
pf_famsa	TR773420	1	1
pf_famsa	TR773424	18	9
pf_famsa	TR773439	2	1
pf_famsa	TR773451	4	2
pf_famsa	TR773452	84	40
pf_famsa	TR773453	4	4
pf_famsa	TR773454	538	130
pf_famsa	TR773457	56	21
pf_famsa	TR773462	214	56
pf_famsa	TR773467	112	34
pf_famsa	TR773470	34	16
pf_famsa	TR773472	1751	428
pf_famsa	TR773474	43	15
pf_famsa	TR773478	3	3
pf_famsa	TR773479	5	4
pf_famsa	TR773487	22	5
pf_famsa	TR773491	1287	236
pf_famsa	TR773492	2	1
pf_famsa	TR773493	2	2
pf_famsa	TR773496	3	3
pf_famsa	TR773517	116	26
pf_famsa	TR773518	70	20
pf_famsa	TR773523	6	2
pf_famsa	TR773529	8	4
pf_famsa	TR773536	333	49
pf_famsa	TR773565	5	1
pf_famsa	TR773568	524	397
