region	arm	fp	fn	positions	extra	nodes	sites
TR755508	unpatched	0	0	None	None	None	207
TR755508	all	0	0	25888	8153	2809	323
TR755508	full	0	0	25888	8153	2809	323
TR755508	ua	0	0	26546	8811	3251	321
TR755508	mst	0	0	26609	8874	2955	225
TR755508	mst3	0	0	26751	9016	2527	282
TR755508	bbt64m	0	0	25888	8153	2809	323
TR755508	pf_famsa	0	0	26651	8916	3146	499
TR755508	pf_famsa_h32	0	0	26651	8916	3146	None
TR755508	st_long	0	0	26180	8445	2874	None
TR755508	st_chm13	0	0	39243	21508	1207	None
TR755509	unpatched	0	0	None	None	None	19
TR755509	all	0	0	2163	168	87	29
TR755509	full	0	0	2209	214	110	37
TR755509	ua	0	0	2173	178	90	30
TR755509	mst	0	0	2249	254	123	41
TR755509	mst3	0	0	2249	254	123	41
TR755509	bbt64m	0	0	2209	214	110	37
TR755509	pf_famsa	0	0	2202	207	96	32
TR755509	pf_famsa_h32	0	0	2183	188	87	None
TR755509	st_long	0	0	2298	303	105	None
TR755509	st_chm13	0	0	2163	168	87	None
TR755559	unpatched	0	0	None	None	None	5
TR755559	all	0	0	981	0	18	6
TR755559	full	0	0	981	0	18	6
TR755559	ua	0	0	981	0	18	5
TR755559	mst	0	0	981	0	18	6
TR755559	mst3	0	0	981	0	18	6
TR755559	bbt64m	0	0	981	0	18	6
TR755559	pf_famsa	1	0	981	0	18	5
TR755559	pf_famsa_h32	0	0	981	0	17	None
TR755559	st_long	0	0	981	0	17	None
TR755559	st_chm13	0	0	981	0	17	None
TR755604	unpatched	4	1	None	None	None	18
TR755604	all	4	0	3748	1686	411	36
TR755604	full	2	1	6668	4606	818	48
TR755604	ua	0	0	4920	2858	630	45
TR755604	mst	0	0	4523	2461	552	18
TR755604	mst3	0	0	4022	1960	477	21
TR755604	bbt64m	1	1	5844	3782	772	44
TR755604	pf_famsa	1	1	4302	2240	564	35
TR755604	pf_famsa_h32	0	0	3597	1535	400	None
TR755604	st_long	1	0	4552	2490	542	None
TR755604	st_chm13	3	1	3579	1517	399	None
TR755607	unpatched	0	0	None	None	None	4
TR755607	all	0	0	983	21	11	3
TR755607	full	0	0	1004	42	13	4
TR755607	ua	0	0	983	21	12	4
TR755607	mst	0	0	983	21	12	4
TR755607	mst3	0	0	983	21	12	4
TR755607	bbt64m	0	0	1004	42	13	4
TR755607	pf_famsa	0	0	1004	42	15	5
TR755607	pf_famsa_h32	0	0	983	21	11	None
TR755607	st_long	0	0	965	3	13	None
TR755607	st_chm13	0	0	983	21	11	None
TR755613	unpatched	0	0	None	None	None	10
TR755613	all	0	0	959	49	29	8
TR755613	full	0	0	961	51	30	8
TR755613	ua	0	0	961	51	30	8
TR755613	mst	0	0	962	52	31	8
TR755613	mst3	0	0	961	51	31	8
TR755613	bbt64m	0	0	961	51	30	8
TR755613	pf_famsa	0	0	1060	150	43	14
TR755613	pf_famsa_h32	0	0	1015	105	30	None
TR755613	st_long	1	0	1013	103	34	None
TR755613	st_chm13	0	0	951	41	30	None
TR755650	unpatched	0	0	None	None	None	4
TR755650	all	0	0	605	0	12	4
TR755650	full	0	0	605	0	12	4
TR755650	ua	0	0	605	0	12	4
TR755650	mst	0	0	605	0	12	4
TR755650	mst3	0	0	605	0	12	4
TR755650	bbt64m	0	0	605	0	12	4
TR755650	pf_famsa	0	0	661	56	12	4
TR755650	pf_famsa_h32	0	0	661	56	12	None
TR755650	st_long	0	0	605	0	12	None
TR755650	st_chm13	0	0	605	0	12	None
TR755658	unpatched	0	0	None	None	None	11
TR755658	all	0	0	925	50	59	18
TR755658	full	0	0	1043	168	75	21
TR755658	ua	0	0	971	96	65	18
TR755658	mst	0	0	967	92	55	15
TR755658	mst3	0	0	977	102	64	21
TR755658	bbt64m	0	0	1043	168	75	21
TR755658	pf_famsa	0	0	975	100	58	15
TR755658	pf_famsa_h32	0	0	967	92	46	None
TR755658	st_long	0	0	951	76	60	None
TR755658	st_chm13	0	0	951	76	60	None
TR755664	unpatched	0	0	None	None	None	6
TR755664	all	0	0	902	0	13	3
TR755664	full	0	0	940	38	31	10
TR755664	ua	1	0	942	40	33	13
TR755664	mst	0	0	902	0	14	3
TR755664	mst3	0	0	902	0	13	3
TR755664	bbt64m	0	0	940	38	31	10
TR755664	pf_famsa	0	0	944	42	29	10
TR755664	pf_famsa_h32	0	0	907	5	13	None
TR755664	st_long	0	0	902	0	13	None
TR755664	st_chm13	0	0	902	0	13	None
TR755726	unpatched	0	0	None	None	None	25
TR755726	all	1	2	5453	2141	410	54
TR755726	full	0	0	6652	3340	615	65
TR755726	ua	3	2	6552	3240	552	66
TR755726	mst	5	1	7125	3813	550	27
TR755726	mst3	3	1	6117	2805	395	19
TR755726	bbt64m	1	3	5938	2626	559	50
TR755726	pf_famsa	0	0	7020	3708	660	50
TR755726	pf_famsa_h32	3	1	5982	2670	482	None
TR755726	st_long	0	0	5953	2641	339	None
TR755726	st_chm13	1	2	6625	3313	305	None
TR755752	unpatched	2	1	None	None	None	2
TR755752	all	1	1	1295	21	11	2
TR755752	full	1	2	1412	138	78	26
TR755752	ua	1	1	1316	42	14	2
TR755752	mst	0	1	1323	49	17	2
TR755752	mst3	0	1	1316	42	15	2
TR755752	bbt64m	1	2	1412	138	78	26
TR755752	pf_famsa	1	1	1372	98	16	2
TR755752	pf_famsa_h32	1	1	1371	97	13	None
TR755752	st_long	1	1	1316	42	14	None
TR755752	st_chm13	1	1	1316	42	14	None
TR755778	unpatched	0	0	None	None	None	3
TR755778	all	0	0	733	0	8	3
TR755778	full	0	0	733	0	9	3
TR755778	ua	0	0	735	2	8	3
TR755778	mst	0	0	736	3	10	3
TR755778	mst3	0	0	736	3	10	3
TR755778	bbt64m	0	0	733	0	9	3
TR755778	pf_famsa	0	0	755	22	8	2
TR755778	pf_famsa_h32	0	0	755	22	8	None
TR755778	st_long	0	0	733	0	8	None
TR755778	st_chm13	0	0	733	0	8	None
TR755783	unpatched	0	0	None	None	None	9
TR755783	all	0	0	813	0	25	9
TR755783	full	0	0	835	22	28	9
TR755783	ua	0	0	827	14	26	9
TR755783	mst	0	0	834	21	27	9
TR755783	mst3	0	0	834	21	27	9
TR755783	bbt64m	0	0	835	22	28	9
TR755783	pf_famsa	0	0	898	85	29	9
TR755783	pf_famsa_h32	0	0	858	45	24	None
TR755783	st_long	2	0	855	42	30	None
TR755783	st_chm13	0	0	854	41	25	None
TR755791	unpatched	0	0	None	None	None	10
TR755791	all	0	0	8061	3771	950	11
TR755791	full	8	4	14683	10393	2362	47
TR755791	ua	5	5	11663	7373	1853	24
TR755791	mst	0	0	10550	6260	1696	9
TR755791	mst3	0	0	9207	4917	1416	8
TR755791	bbt64m	6	5	10952	6662	1860	22
TR755791	pf_famsa	10	4	10636	6346	1680	23
TR755791	pf_famsa_h32	9	3	9678	5388	1340	None
TR755791	st_long	0	0	9480	5190	745	None
TR755791	st_chm13	2	7	7698	3408	801	None
TR755827	unpatched	0	0	None	None	None	10
TR755827	all	0	0	967	48	43	13
TR755827	full	0	0	967	48	47	14
TR755827	ua	0	0	1001	82	48	14
TR755827	mst	0	0	958	39	37	10
TR755827	mst3	0	0	957	38	40	11
TR755827	bbt64m	0	0	967	48	47	14
TR755827	pf_famsa	0	0	966	47	43	13
TR755827	pf_famsa_h32	0	0	993	74	44	None
TR755827	st_long	0	0	964	45	42	None
TR755827	st_chm13	0	0	958	39	40	None
TR755836	unpatched	0	0	None	None	None	7
TR755836	all	0	0	1059	63	31	10
TR755836	full	0	0	1059	63	31	10
TR755836	ua	0	0	1098	102	38	14
TR755836	mst	0	0	1000	4	24	6
TR755836	mst3	0	0	996	0	22	6
TR755836	bbt64m	0	0	1059	63	31	10
TR755836	pf_famsa	0	0	1098	102	30	9
TR755836	pf_famsa_h32	0	0	1106	110	29	None
TR755836	st_long	0	0	1008	12	23	None
TR755836	st_chm13	0	0	996	0	22	None
TR755843	unpatched	0	0	None	None	None	9
TR755843	all	0	0	1313	21	27	9
TR755843	full	1	0	1313	21	28	10
TR755843	ua	1	0	1339	47	37	14
TR755843	mst	0	0	1313	21	27	9
TR755843	mst3	1	0	1330	38	39	14
TR755843	bbt64m	1	0	1313	21	28	10
TR755843	pf_famsa	1	0	1317	25	28	10
TR755843	pf_famsa_h32	0	0	1317	25	27	None
TR755843	st_long	0	0	1313	21	27	None
TR755843	st_chm13	0	0	1313	21	27	None
TR755864	unpatched	1	0	None	None	None	16
TR755864	all	1	0	1932	91	44	14
TR755864	full	0	0	1967	126	49	14
TR755864	ua	0	0	1932	91	46	15
TR755864	mst	0	0	1932	91	46	14
TR755864	mst3	1	0	1932	91	44	14
TR755864	bbt64m	0	0	1967	126	49	14
TR755864	pf_famsa	0	0	1932	91	44	14
TR755864	pf_famsa_h32	0	0	1988	147	52	None
TR755864	st_long	2	0	2054	213	48	None
TR755864	st_chm13	0	0	1932	91	45	None
TR755871	unpatched	0	1	None	None	None	7
TR755871	all	0	1	1629	63	17	4
TR755871	full	2	1	1629	63	17	4
TR755871	ua	0	1	1634	68	19	6
TR755871	mst	2	2	1671	105	19	4
TR755871	mst3	0	1	1650	84	18	4
TR755871	bbt64m	2	1	1650	84	18	4
TR755871	pf_famsa	0	0	1728	162	23	4
TR755871	pf_famsa_h32	0	0	1808	242	28	None
TR755871	st_long	1	2	2164	598	18	None
TR755871	st_chm13	1	1	1805	239	21	None
TR755881	unpatched	0	0	None	None	None	5
TR755881	all	0	0	982	121	55	15
TR755881	full	0	0	1010	149	57	12
TR755881	ua	0	0	972	111	46	8
TR755881	mst	0	0	915	54	28	5
TR755881	mst3	0	0	929	68	37	7
TR755881	bbt64m	0	0	1026	165	62	11
TR755881	pf_famsa	0	0	905	44	33	4
TR755881	pf_famsa_h32	0	0	1140	279	27	None
TR755881	st_long	0	0	1009	148	76	None
TR755881	st_chm13	0	0	957	96	41	None
TR755886	unpatched	0	0	None	None	None	10
TR755886	all	0	0	1172	0	26	10
TR755886	full	0	0	1269	97	38	13
TR755886	ua	0	0	1359	187	73	24
TR755886	mst	0	0	1172	0	26	10
TR755886	mst3	0	0	1172	0	26	10
TR755886	bbt64m	0	0	1269	97	38	13
TR755886	pf_famsa	0	0	1212	40	26	9
TR755886	pf_famsa_h32	0	0	1213	41	27	None
TR755886	st_long	0	0	1211	39	25	None
TR755886	st_chm13	0	0	1172	0	25	None
TR755896	unpatched	2	0	None	None	None	46
TR755896	all	0	0	4583	681	164	47
TR755896	full	4	1	5941	2039	372	93
TR755896	ua	5	1	5388	1486	299	81
TR755896	mst	2	1	5821	1919	344	78
TR755896	mst3	3	1	4998	1096	239	49
TR755896	bbt64m	4	1	5417	1515	292	78
TR755896	pf_famsa	0	0	5400	1498	289	68
TR755896	pf_famsa_h32	0	0	4564	662	156	None
TR755896	st_long	0	0	5060	1158	125	None
TR755896	st_chm13	0	0	4290	388	115	None
TR755910	unpatched	5	3	None	None	None	10
TR755910	all	4	2	5021	484	104	10
TR755910	full	12	2	5090	553	124	10
TR755910	ua	17	3	5020	483	138	9
TR755910	mst	11	2	5056	519	124	12
TR755910	mst3	16	3	5057	520	130	12
TR755910	bbt64m	14	2	5116	579	128	11
TR755910	pf_famsa	7	3	5158	621	121	8
TR755910	pf_famsa_h32	2	2	5457	920	315	None
TR755910	st_long	1	2	5900	1363	139	None
TR755910	st_chm13	1	2	8770	4233	110	None
TR755996	unpatched	0	1	None	None	None	24
TR755996	all	0	1	1443	285	81	21
TR755996	full	0	1	1603	445	126	35
TR755996	ua	0	1	1719	561	133	32
TR755996	mst	0	1	1658	500	147	33
TR755996	mst3	0	1	1506	348	115	31
TR755996	bbt64m	0	1	1711	553	164	37
TR755996	pf_famsa	0	1	1820	662	170	46
TR755996	pf_famsa_h32	0	1	1764	606	124	None
TR755996	st_long	0	0	2186	1028	143	None
TR755996	st_chm13	0	1	1602	444	113	None
TR756000	unpatched	1	0	None	None	None	7
TR756000	all	1	0	1249	0	25	7
TR756000	full	1	0	1249	0	25	7
TR756000	ua	1	0	1249	0	26	8
TR756000	mst	1	0	1249	0	25	7
TR756000	mst3	1	0	1249	0	25	7
TR756000	bbt64m	1	0	1254	5	33	8
TR756000	pf_famsa	0	0	1389	140	24	6
TR756000	pf_famsa_h32	0	0	1369	120	24	None
TR756000	st_long	1	0	1249	0	25	None
TR756000	st_chm13	1	0	1249	0	26	None
TR756034	unpatched	25	39	None	None	None	1
TR756034	all	35	24	67877	48223	4732	342
TR756034	full	38	24	75434	55780	6496	61
TR756034	ua	79	19	71284	51630	6425	66
TR756034	mst	29	28	83038	63384	7479	10
TR756034	mst3	44	27	79900	60246	7742	95
TR756034	bbt64m	33	25	76297	56643	5927	7
TR756034	pf_famsa	115	20	73040	53386	6199	191
TR756034	pf_famsa_h32	83	20	68067	48413	5435	None
TR756034	st_long	10	42	77434	57780	7826	None
TR756034	st_chm13	9	39	66837	47183	6468	None
TR756077	unpatched	0	0	None	None	None	5
TR756077	all	0	0	1150	32	14	5
TR756077	full	0	0	1202	84	20	5
TR756077	ua	0	0	1189	71	19	5
TR756077	mst	0	0	1192	74	20	5
TR756077	mst3	0	0	1193	75	23	5
TR756077	bbt64m	0	0	1202	84	20	5
TR756077	pf_famsa	0	0	1191	73	18	5
TR756077	pf_famsa_h32	0	0	1200	82	14	None
TR756077	st_long	1	0	1139	21	12	None
TR756077	st_chm13	0	0	1297	179	15	None
TR756131	unpatched	1	0	None	None	None	10
TR756131	all	0	0	1483	19	42	11
TR756131	full	0	0	1516	52	43	10
TR756131	ua	0	0	1694	230	172	43
TR756131	mst	0	0	1499	35	45	10
TR756131	mst3	0	0	1501	37	42	11
TR756131	bbt64m	0	0	1516	52	43	10
TR756131	pf_famsa	0	0	1734	270	145	31
TR756131	pf_famsa_h32	0	0	1756	292	135	None
TR756131	st_long	1	0	1464	0	49	None
TR756131	st_chm13	1	0	1464	0	52	None
TR756187	unpatched	1	1	None	None	None	8
TR756187	all	0	1	2098	169	47	9
TR756187	full	0	0	2092	163	48	10
TR756187	ua	3	2	2084	155	50	10
TR756187	mst	2	1	2191	262	52	12
TR756187	mst3	2	2	2130	201	54	14
TR756187	bbt64m	0	0	2092	163	48	10
TR756187	pf_famsa	1	1	2139	210	58	8
TR756187	pf_famsa_h32	0	1	2128	199	51	None
TR756187	st_long	0	0	2369	440	46	None
TR756187	st_chm13	1	0	2088	159	47	None
TR756283	unpatched	0	0	None	None	None	5
TR756283	all	0	0	677	0	14	5
TR756283	full	0	0	677	0	14	5
TR756283	ua	0	0	677	0	14	5
TR756283	mst	0	0	677	0	14	5
TR756283	mst3	0	0	677	0	14	5
TR756283	bbt64m	0	0	677	0	14	5
TR756283	pf_famsa	0	0	701	24	14	5
TR756283	pf_famsa_h32	0	0	701	24	14	None
TR756283	st_long	0	0	677	0	14	None
TR756283	st_chm13	0	0	677	0	14	None
TR756292	unpatched	0	3	None	None	None	25
TR756292	all	1	3	2602	275	204	9
TR756292	full	0	3	2747	420	260	15
TR756292	ua	0	2	2828	501	300	20
TR756292	mst	0	2	2778	451	140	17
TR756292	mst3	1	2	2720	393	176	18
TR756292	bbt64m	0	3	2862	535	268	17
TR756292	pf_famsa	0	2	2942	615	303	15
TR756292	pf_famsa_h32	0	2	2703	376	226	None
TR756292	st_long	0	2	2642	315	220	None
TR756292	st_chm13	1	3	2795	468	178	None
TR756310	unpatched	0	0	None	None	None	16
TR756310	all	0	0	1521	3	37	12
TR756310	full	0	0	1520	2	39	13
TR756310	ua	0	0	1551	33	39	14
TR756310	mst	0	0	1526	8	40	13
TR756310	mst3	0	0	1521	3	43	13
TR756310	bbt64m	0	0	1533	15	39	14
TR756310	pf_famsa	0	0	1627	109	39	12
TR756310	pf_famsa_h32	0	0	1574	56	37	None
TR756310	st_long	0	0	1604	86	37	None
TR756310	st_chm13	0	0	1536	18	38	None
TR756343	unpatched	0	0	None	None	None	17
TR756343	all	0	0	1556	141	61	12
TR756343	full	0	0	1608	193	70	19
TR756343	ua	0	0	1604	189	66	15
TR756343	mst	0	0	1432	17	39	7
TR756343	mst3	0	0	1556	141	61	12
TR756343	bbt64m	0	0	1608	193	70	19
TR756343	pf_famsa	0	0	1549	134	57	13
TR756343	pf_famsa_h32	0	0	1578	163	60	None
TR756343	st_long	0	0	1432	17	39	None
TR756343	st_chm13	0	0	1527	112	53	None
TR756355	unpatched	0	0	None	None	None	8
TR756355	all	0	0	829	0	24	8
TR756355	full	0	0	829	0	24	8
TR756355	ua	0	0	829	0	24	8
TR756355	mst	0	0	853	24	30	10
TR756355	mst3	0	0	853	24	30	10
TR756355	bbt64m	0	0	829	0	24	8
TR756355	pf_famsa	0	0	831	2	24	8
TR756355	pf_famsa_h32	0	0	831	2	24	None
TR756355	st_long	0	0	829	0	24	None
TR756355	st_chm13	0	0	829	0	24	None
TR756418	unpatched	0	0	None	None	None	2
TR756418	all	0	0	668	0	6	2
TR756418	full	0	0	668	0	6	2
TR756418	ua	0	0	674	6	6	2
TR756418	mst	0	0	668	0	6	2
TR756418	mst3	0	0	668	0	6	2
TR756418	bbt64m	0	0	668	0	6	2
TR756418	pf_famsa	0	0	688	20	6	2
TR756418	pf_famsa_h32	0	0	688	20	6	None
TR756418	st_long	0	0	686	18	7	None
TR756418	st_chm13	0	0	668	0	6	None
TR756474	unpatched	0	0	None	None	None	17
TR756474	all	0	2	1534	259	117	37
TR756474	full	0	2	1588	313	140	46
TR756474	ua	0	2	1537	262	125	36
TR756474	mst	0	0	1414	139	60	17
TR756474	mst3	0	1	1449	174	85	28
TR756474	bbt64m	0	2	1589	314	141	46
TR756474	pf_famsa	0	1	1557	282	128	36
TR756474	pf_famsa_h32	0	2	1580	305	129	None
TR756474	st_long	1	1	1500	225	64	None
TR756474	st_chm13	0	2	1657	382	88	None
TR756490	unpatched	0	0	None	None	None	5
TR756490	all	0	0	1301	0	8	3
TR756490	full	0	0	1450	149	28	9
TR756490	ua	0	0	1406	105	23	7
TR756490	mst	0	0	1301	0	8	3
TR756490	mst3	0	0	1301	0	8	3
TR756490	bbt64m	1	0	1450	149	28	9
TR756490	pf_famsa	0	0	1408	107	24	6
TR756490	pf_famsa_h32	0	0	1341	40	8	None
TR756490	st_long	0	0	1301	0	7	None
TR756490	st_chm13	0	0	1301	0	7	None
TR756519	unpatched	0	0	None	None	None	2
TR756519	all	0	0	1284	0	6	2
TR756519	full	0	0	1284	0	6	2
TR756519	ua	0	0	1284	0	6	2
TR756519	mst	0	0	1284	0	6	2
TR756519	mst3	0	0	1284	0	6	2
TR756519	bbt64m	0	0	1284	0	6	2
TR756519	pf_famsa	0	0	1304	20	6	2
TR756519	pf_famsa_h32	1	0	1304	20	6	None
TR756519	st_long	0	0	1284	0	6	None
TR756519	st_chm13	0	0	1284	0	6	None
TR756669	unpatched	0	0	None	None	None	7
TR756669	all	0	0	1427	191	118	27
TR756669	full	0	0	1443	207	118	11
TR756669	ua	0	0	1362	126	107	11
TR756669	mst	0	0	1331	95	80	7
TR756669	mst3	0	0	1397	161	84	5
TR756669	bbt64m	0	0	1424	188	110	11
TR756669	pf_famsa	0	0	1498	262	106	9
TR756669	pf_famsa_h32	0	0	1437	201	74	None
TR756669	st_long	0	0	1495	259	70	None
TR756669	st_chm13	0	0	1447	211	108	None
TR756685	unpatched	0	0	None	None	None	22
TR756685	all	0	0	1712	257	98	23
TR756685	full	0	0	1849	394	193	47
TR756685	ua	0	0	1812	357	150	35
TR756685	mst	0	0	1785	330	171	40
TR756685	mst3	0	0	1783	328	170	38
TR756685	bbt64m	0	0	1870	415	198	47
TR756685	pf_famsa	0	0	1747	292	143	33
TR756685	pf_famsa_h32	0	0	1812	357	158	None
TR756685	st_long	0	0	1802	347	120	None
TR756685	st_chm13	0	0	1796	341	175	None
TR756692	unpatched	0	0	None	None	None	28
TR756692	all	0	0	3969	150	131	45
TR756692	full	0	0	3941	122	124	33
TR756692	ua	2	0	4349	530	204	41
TR756692	mst	0	0	3854	35	77	22
TR756692	mst3	0	0	3854	35	86	26
TR756692	bbt64m	0	0	3940	121	117	36
TR756692	pf_famsa	1	0	4058	239	162	33
TR756692	pf_famsa_h32	0	0	4213	394	152	None
TR756692	st_long	0	0	4250	431	86	None
TR756692	st_chm13	1	0	3851	32	91	None
TR756743	unpatched	0	0	None	None	None	8
TR756743	all	0	0	1161	0	25	8
TR756743	full	0	0	1161	0	25	8
TR756743	ua	0	0	1201	40	26	8
TR756743	mst	0	0	1161	0	25	8
TR756743	mst3	0	0	1161	0	25	8
TR756743	bbt64m	0	0	1161	0	25	8
TR756743	pf_famsa	0	0	1238	77	24	6
TR756743	pf_famsa_h32	0	0	1238	77	25	None
TR756743	st_long	0	0	1333	172	27	None
TR756743	st_chm13	0	0	1161	0	25	None
TR756756	unpatched	0	0	None	None	None	8
TR756756	all	0	1	828	68	81	15
TR756756	full	0	1	907	147	65	16
TR756756	ua	0	1	907	147	65	16
TR756756	mst	0	0	784	24	26	6
TR756756	mst3	0	0	788	28	27	6
TR756756	bbt64m	0	1	905	145	63	16
TR756756	pf_famsa	0	0	1037	277	56	10
TR756756	pf_famsa_h32	0	0	858	98	83	None
TR756756	st_long	0	0	923	163	97	None
TR756756	st_chm13	0	1	952	192	111	None
TR756801	unpatched	0	0	None	None	None	4
TR756801	all	0	0	676	75	29	6
TR756801	full	0	0	715	114	31	9
TR756801	ua	0	0	677	76	33	7
TR756801	mst	0	0	632	31	19	5
TR756801	mst3	0	0	634	33	16	5
TR756801	bbt64m	0	0	715	114	31	9
TR756801	pf_famsa	0	0	724	123	31	6
TR756801	pf_famsa_h32	0	0	706	105	21	None
TR756801	st_long	0	0	679	78	24	None
TR756801	st_chm13	0	0	676	75	31	None
TR756802	unpatched	0	0	None	None	None	4
TR756802	all	0	0	949	71	19	5
TR756802	full	0	0	1007	129	29	7
TR756802	ua	0	0	941	63	24	4
TR756802	mst	0	0	903	25	16	3
TR756802	mst3	0	0	916	38	18	4
TR756802	bbt64m	0	0	1007	129	29	7
TR756802	pf_famsa	0	0	1017	139	25	3
TR756802	pf_famsa_h32	0	0	1012	134	17	None
TR756802	st_long	0	0	964	86	17	None
TR756802	st_chm13	0	0	920	42	19	None
TR756901	unpatched	3	0	None	None	None	8
TR756901	all	0	0	1932	565	165	11
TR756901	full	2	0	2585	1218	359	31
TR756901	ua	0	0	2407	1040	289	23
TR756901	mst	0	0	2256	889	272	20
TR756901	mst3	0	0	2247	880	256	21
TR756901	bbt64m	1	0	2215	848	283	19
TR756901	pf_famsa	1	0	2190	823	291	13
TR756901	pf_famsa_h32	1	0	2062	695	222	None
TR756901	st_long	1	0	2144	777	224	None
TR756901	st_chm13	1	0	2338	971	101	None
TR756961	unpatched	0	0	None	None	None	13
TR756961	all	0	0	1059	64	42	13
TR756961	full	0	0	1230	235	87	29
TR756961	ua	0	0	1094	99	43	14
TR756961	mst	0	0	1013	18	31	9
TR756961	mst3	0	0	1022	27	31	9
TR756961	bbt64m	0	0	1230	235	87	29
TR756961	pf_famsa	0	0	1155	160	50	14
TR756961	pf_famsa_h32	0	0	1144	149	46	None
TR756961	st_long	0	0	1318	323	46	None
TR756961	st_chm13	0	0	1013	18	32	None
TR757046	unpatched	0	0	None	None	None	2
TR757046	all	0	0	583	0	5	2
TR757046	full	0	0	583	0	5	2
TR757046	ua	0	0	583	0	5	2
TR757046	mst	0	0	583	0	5	2
TR757046	mst3	0	0	583	0	5	2
TR757046	bbt64m	0	0	583	0	5	2
TR757046	pf_famsa	0	0	592	9	5	2
TR757046	pf_famsa_h32	0	0	609	26	5	None
TR757046	st_long	0	0	583	0	5	None
TR757046	st_chm13	0	0	583	0	5	None
TR757059	unpatched	1	0	None	None	None	14
TR757059	all	0	0	1833	13	43	14
TR757059	full	0	0	2263	443	122	37
TR757059	ua	0	0	2463	643	178	58
TR757059	mst	0	0	1833	13	43	13
TR757059	mst3	0	0	1833	13	43	13
TR757059	bbt64m	0	0	2292	472	126	38
TR757059	pf_famsa	0	0	1956	136	63	20
TR757059	pf_famsa_h32	0	0	1873	53	42	None
TR757059	st_long	0	0	1833	13	44	None
TR757059	st_chm13	0	0	1833	13	43	None
TR757073	unpatched	0	0	None	None	None	6
TR757073	all	0	0	931	14	31	6
TR757073	full	0	0	942	25	40	7
TR757073	ua	0	0	943	26	38	7
TR757073	mst	0	0	928	11	34	6
TR757073	mst3	0	0	933	16	30	5
TR757073	bbt64m	0	0	945	28	34	5
TR757073	pf_famsa	0	0	1093	176	38	5
TR757073	pf_famsa_h32	0	1	1048	131	29	None
TR757073	st_long	0	0	943	26	33	None
TR757073	st_chm13	0	0	943	26	33	None
TR757142	unpatched	0	0	None	None	None	2
TR757142	all	0	0	754	0	8	2
TR757142	full	0	0	754	0	8	2
TR757142	ua	0	0	754	0	8	2
TR757142	mst	0	0	754	0	9	3
TR757142	mst3	0	0	754	0	9	3
TR757142	bbt64m	0	0	754	0	8	2
TR757142	pf_famsa	0	0	774	20	9	2
TR757142	pf_famsa_h32	0	0	774	20	9	None
TR757142	st_long	0	0	754	0	9	None
TR757142	st_chm13	0	0	754	0	9	None
TR757143	unpatched	0	0	None	None	None	9
TR757143	all	0	0	798	32	26	8
TR757143	full	0	0	798	32	26	8
TR757143	ua	0	0	798	32	26	8
TR757143	mst	0	0	798	32	26	8
TR757143	mst3	0	0	798	32	26	8
TR757143	bbt64m	0	0	798	32	26	8
TR757143	pf_famsa	0	0	806	40	27	8
TR757143	pf_famsa_h32	0	0	806	40	29	None
TR757143	st_long	0	0	798	32	26	None
TR757143	st_chm13	0	0	798	32	26	None
TR757292	unpatched	0	0	None	None	None	3
TR757292	all	0	1	755	0	11	4
TR757292	full	0	1	755	0	11	4
TR757292	ua	0	1	762	7	11	4
TR757292	mst	0	0	767	12	14	4
TR757292	mst3	0	0	767	12	14	4
TR757292	bbt64m	0	1	755	0	11	4
TR757292	pf_famsa	0	0	755	0	11	3
TR757292	pf_famsa_h32	0	0	766	11	10	None
TR757292	st_long	0	0	939	184	15	None
TR757292	st_chm13	0	0	755	0	10	None
TR757312	unpatched	0	0	None	None	None	12
TR757312	all	0	0	1083	96	35	10
TR757312	full	0	0	1123	136	49	14
TR757312	ua	0	0	1085	98	40	13
TR757312	mst	0	0	1118	131	43	13
TR757312	mst3	0	0	1118	131	43	13
TR757312	bbt64m	0	0	1123	136	49	14
TR757312	pf_famsa	0	0	1220	233	56	10
TR757312	pf_famsa_h32	0	0	1223	236	36	None
TR757312	st_long	0	0	1167	180	39	None
TR757312	st_chm13	0	0	1108	121	38	None
TR757338	unpatched	0	0	None	None	None	3
TR757338	all	0	0	1213	0	9	3
TR757338	full	0	0	1213	0	9	3
TR757338	ua	0	0	1213	0	9	3
TR757338	mst	0	0	1213	0	9	3
TR757338	mst3	0	0	1213	0	9	3
TR757338	bbt64m	0	0	1213	0	9	3
TR757338	pf_famsa	0	0	1233	20	9	3
TR757338	pf_famsa_h32	0	0	1233	20	9	None
TR757338	st_long	0	0	1213	0	9	None
TR757338	st_chm13	0	0	1213	0	9	None
TR757370	unpatched	0	0	None	None	None	10
TR757370	all	0	0	1130	59	39	11
TR757370	full	0	0	1182	111	49	15
TR757370	ua	0	0	1158	87	56	14
TR757370	mst	0	0	1085	14	39	8
TR757370	mst3	0	0	1097	26	42	8
TR757370	bbt64m	0	0	1200	129	60	16
TR757370	pf_famsa	0	0	1221	150	62	14
TR757370	pf_famsa_h32	0	0	1145	74	50	None
TR757370	st_long	0	0	1217	146	51	None
TR757370	st_chm13	0	0	1136	65	54	None
TR757380	unpatched	2	1	None	None	None	6
TR757380	all	0	0	904	21	16	5
TR757380	full	0	1	1000	117	62	19
TR757380	ua	0	1	1077	194	83	27
TR757380	mst	0	0	922	39	32	10
TR757380	mst3	0	0	922	39	32	10
TR757380	bbt64m	0	1	1000	117	62	19
TR757380	pf_famsa	0	1	1089	206	68	23
TR757380	pf_famsa_h32	0	0	1013	130	26	None
TR757380	st_long	0	0	937	54	15	None
TR757380	st_chm13	0	0	904	21	16	None
TR757402	unpatched	0	0	None	None	None	9
TR757402	all	0	0	1082	79	45	9
TR757402	full	0	0	1184	181	84	12
TR757402	ua	0	0	1145	142	81	10
TR757402	mst	0	0	1133	130	74	7
TR757402	mst3	0	0	1120	117	71	7
TR757402	bbt64m	0	0	1209	206	90	13
TR757402	pf_famsa	0	0	1163	160	64	6
TR757402	pf_famsa_h32	0	0	1180	177	52	None
TR757402	st_long	0	0	1287	284	72	None
TR757402	st_chm13	0	0	1158	155	47	None
TR757450	unpatched	0	0	None	None	None	3
TR757450	all	0	0	1066	4	11	3
TR757450	full	0	0	1103	41	19	6
TR757450	ua	1	0	1116	54	25	7
TR757450	mst	0	0	1094	32	17	3
TR757450	mst3	0	0	1066	4	11	3
TR757450	bbt64m	0	0	1103	41	19	6
TR757450	pf_famsa	0	0	1102	40	11	3
TR757450	pf_famsa_h32	0	0	1102	40	11	None
TR757450	st_long	0	0	1080	18	17	None
TR757450	st_chm13	0	0	1066	4	11	None
TR757562	unpatched	0	0	None	None	None	14
TR757562	all	0	0	1154	184	74	14
TR757562	full	0	0	1200	230	89	16
TR757562	ua	0	0	1207	237	82	18
TR757562	mst	0	0	1235	265	92	24
TR757562	mst3	0	0	1196	226	78	22
TR757562	bbt64m	0	0	1209	239	94	18
TR757562	pf_famsa	0	0	1235	265	103	15
TR757562	pf_famsa_h32	0	0	1267	297	107	None
TR757562	st_long	0	0	1536	566	142	None
TR757562	st_chm13	0	0	1153	183	81	None
TR757644	unpatched	0	0	None	None	None	2
TR757644	all	0	0	1328	0	19	3
TR757644	full	0	0	1492	164	45	5
TR757644	ua	0	0	1453	125	47	6
TR757644	mst	0	0	1329	1	20	3
TR757644	mst3	0	0	1328	0	19	3
TR757644	bbt64m	0	0	1492	164	45	5
TR757644	pf_famsa	0	0	1448	120	40	5
TR757644	pf_famsa_h32	0	0	1361	33	19	None
TR757644	st_long	0	0	1545	217	37	None
TR757644	st_chm13	0	0	1328	0	19	None
TR757757	unpatched	0	0	None	None	None	5
TR757757	all	0	0	666	2	15	4
TR757757	full	0	0	664	0	13	4
TR757757	ua	0	0	664	0	13	4
TR757757	mst	0	0	664	0	12	3
TR757757	mst3	0	0	664	0	12	3
TR757757	bbt64m	0	0	664	0	13	4
TR757757	pf_famsa	0	0	685	21	16	5
TR757757	pf_famsa_h32	0	0	684	20	13	None
TR757757	st_long	0	0	664	0	14	None
TR757757	st_chm13	0	0	664	0	14	None
TR757806	unpatched	0	0	None	None	None	40
TR757806	all	0	0	1739	360	88	25
TR757806	full	0	0	2107	728	179	59
TR757806	ua	0	0	2200	821	235	65
TR757806	mst	0	0	2008	629	158	49
TR757806	mst3	0	0	1808	429	129	37
TR757806	bbt64m	0	0	2070	691	164	50
TR757806	pf_famsa	0	0	1921	542	101	26
TR757806	pf_famsa_h32	0	0	1876	497	90	None
TR757806	st_long	0	0	2175	796	131	None
TR757806	st_chm13	0	0	1772	393	87	None
TR757936	unpatched	3	0	None	None	None	21
TR757936	all	0	0	6860	142	75	17
TR757936	full	0	0	6993	275	94	26
TR757936	ua	0	0	6910	192	89	14
TR757936	mst	0	0	6875	157	68	17
TR757936	mst3	0	0	6875	157	68	17
TR757936	bbt64m	0	0	6986	268	94	26
TR757936	pf_famsa	0	0	7027	309	88	22
TR757936	pf_famsa_h32	0	0	6953	235	79	None
TR757936	st_long	0	0	7309	591	71	None
TR757936	st_chm13	0	0	6860	142	75	None
TR757964	unpatched	0	0	None	None	None	3
TR757964	all	0	0	937	0	9	3
TR757964	full	0	0	937	0	9	3
TR757964	ua	0	0	937	0	9	3
TR757964	mst	0	0	937	0	9	3
TR757964	mst3	0	0	937	0	9	3
TR757964	bbt64m	0	0	937	0	9	3
TR757964	pf_famsa	0	0	937	0	7	2
TR757964	pf_famsa_h32	0	0	937	0	7	None
TR757964	st_long	0	0	937	0	9	None
TR757964	st_chm13	0	0	937	0	9	None
TR757975	unpatched	0	0	None	None	None	12
TR757975	all	0	0	1170	106	51	13
TR757975	full	0	0	1249	185	57	19
TR757975	ua	0	0	1257	193	61	17
TR757975	mst	0	0	1209	145	68	13
TR757975	mst3	0	0	1206	142	65	14
TR757975	bbt64m	0	0	1290	226	74	18
TR757975	pf_famsa	0	0	1383	319	69	16
TR757975	pf_famsa_h32	0	0	1386	322	51	None
TR757975	st_long	0	0	1366	302	61	None
TR757975	st_chm13	0	0	1276	212	66	None
TR757990	unpatched	2	2	None	None	None	21
TR757990	all	0	0	3495	531	274	30
TR757990	full	0	2	4606	1642	505	47
TR757990	ua	0	2	4915	1951	585	35
TR757990	mst	3	2	3686	722	278	22
TR757990	mst3	0	0	3622	658	265	21
TR757990	bbt64m	0	2	4121	1157	419	47
TR757990	pf_famsa	1	2	3813	849	388	30
TR757990	pf_famsa_h32	1	2	3896	932	350	None
TR757990	st_long	1	0	4293	1329	380	None
TR757990	st_chm13	0	0	4224	1260	389	None
TR758091	unpatched	0	0	None	None	None	4
TR758091	all	0	0	1490	105	34	4
TR758091	full	0	0	1448	63	32	4
TR758091	ua	0	0	1539	154	45	4
TR758091	mst	2	0	1519	134	39	4
TR758091	mst3	0	0	1469	84	35	4
TR758091	bbt64m	0	0	1448	63	32	4
TR758091	pf_famsa	0	0	1536	151	38	4
TR758091	pf_famsa_h32	0	0	1538	153	36	None
TR758091	st_long	0	0	1749	364	43	None
TR758091	st_chm13	0	0	2062	677	40	None
TR758147	unpatched	0	0	None	None	None	13
TR758147	all	0	0	2449	294	73	22
TR758147	full	0	0	2484	329	74	23
TR758147	ua	2	1	2477	322	76	22
TR758147	mst	1	1	2588	433	87	28
TR758147	mst3	1	1	2588	433	85	27
TR758147	bbt64m	0	0	2484	329	74	23
TR758147	pf_famsa	2	1	2522	367	80	22
TR758147	pf_famsa_h32	2	1	2439	284	69	None
TR758147	st_long	0	0	2442	287	40	None
TR758147	st_chm13	0	0	2440	285	68	None
TR758257	unpatched	0	0	None	None	None	12
TR758257	all	0	0	1206	0	36	12
TR758257	full	0	0	1206	0	36	12
TR758257	ua	0	0	1206	0	36	12
TR758257	mst	0	0	1206	0	36	12
TR758257	mst3	0	0	1206	0	36	12
TR758257	bbt64m	0	0	1206	0	36	12
TR758257	pf_famsa	0	0	1215	9	36	12
TR758257	pf_famsa_h32	0	0	1215	9	36	None
TR758257	st_long	0	0	1206	0	36	None
TR758257	st_chm13	0	0	1206	0	36	None
TR758291	unpatched	0	0	None	None	None	10
TR758291	all	0	0	1124	73	66	26
TR758291	full	0	0	1177	126	75	25
TR758291	ua	0	2	1258	207	101	31
TR758291	mst	0	0	1111	60	46	18
TR758291	mst3	0	0	1147	96	49	17
TR758291	bbt64m	0	0	1177	126	75	25
TR758291	pf_famsa	0	0	1264	213	76	23
TR758291	pf_famsa_h32	0	0	1270	219	83	None
TR758291	st_long	0	0	1155	104	74	None
TR758291	st_chm13	0	0	1233	182	65	None
TR758394	unpatched	0	0	None	None	None	57
TR758394	all	0	0	2555	126	159	61
TR758394	full	0	1	2904	475	277	95
TR758394	ua	0	1	2904	475	277	95
TR758394	mst	0	0	2606	177	158	55
TR758394	mst3	0	0	2581	152	159	54
TR758394	bbt64m	0	1	2894	465	275	94
TR758394	pf_famsa	0	0	2665	236	174	60
TR758394	pf_famsa_h32	0	0	2663	234	173	None
TR758394	st_long	0	0	2888	459	241	None
TR758394	st_chm13	0	0	2578	149	157	None
TR758405	unpatched	0	0	None	None	None	8
TR758405	all	0	0	1302	0	28	8
TR758405	full	0	0	1308	6	31	10
TR758405	ua	0	1	1318	16	36	10
TR758405	mst	0	0	1302	0	28	8
TR758405	mst3	0	0	1302	0	28	8
TR758405	bbt64m	0	0	1308	6	31	10
TR758405	pf_famsa	0	0	1329	27	28	9
TR758405	pf_famsa_h32	0	0	1309	7	27	None
TR758405	st_long	0	0	1364	62	29	None
TR758405	st_chm13	0	0	1302	0	28	None
TR758447	unpatched	0	0	None	None	None	4
TR758447	all	0	0	815	21	12	4
TR758447	full	0	0	815	21	12	4
TR758447	ua	0	0	815	21	12	4
TR758447	mst	0	0	815	21	12	4
TR758447	mst3	0	0	815	21	12	4
TR758447	bbt64m	0	0	815	21	12	4
TR758447	pf_famsa	0	0	824	30	15	5
TR758447	pf_famsa_h32	0	0	815	21	11	None
TR758447	st_long	0	0	794	0	11	None
TR758447	st_chm13	0	0	794	0	11	None
TR758472	unpatched	0	0	None	None	None	2
TR758472	all	0	0	866	0	6	2
TR758472	full	0	0	955	89	25	9
TR758472	ua	0	0	916	50	17	6
TR758472	mst	0	0	866	0	6	2
TR758472	mst3	0	0	866	0	6	2
TR758472	bbt64m	0	0	955	89	25	9
TR758472	pf_famsa	0	0	960	94	28	10
TR758472	pf_famsa_h32	1	0	886	20	6	None
TR758472	st_long	0	0	866	0	6	None
TR758472	st_chm13	0	0	866	0	6	None
TR758570	unpatched	0	0	None	None	None	9
TR758570	all	0	0	814	20	26	7
TR758570	full	0	0	853	59	29	9
TR758570	ua	0	0	898	104	29	8
TR758570	mst	0	0	816	22	28	7
TR758570	mst3	0	0	816	22	28	7
TR758570	bbt64m	0	0	877	83	35	11
TR758570	pf_famsa	0	0	1070	276	37	8
TR758570	pf_famsa_h32	0	0	1042	248	25	None
TR758570	st_long	1	0	852	58	29	None
TR758570	st_chm13	0	0	870	76	27	None
TR758616	unpatched	0	1	None	None	None	4
TR758616	all	0	0	846	0	9	2
TR758616	full	0	1	883	37	31	10
TR758616	ua	0	0	1001	155	62	14
TR758616	mst	0	0	846	0	10	3
TR758616	mst3	0	1	858	12	12	4
TR758616	bbt64m	0	1	883	37	31	10
TR758616	pf_famsa	0	1	860	14	11	3
TR758616	pf_famsa_h32	0	0	897	51	9	None
TR758616	st_long	0	0	881	35	12	None
TR758616	st_chm13	0	0	846	0	9	None
TR759045	unpatched	0	0	None	None	None	40
TR759045	all	0	0	9289	2	152	10
TR759045	full	0	0	9287	0	152	10
TR759045	ua	0	0	9287	0	152	10
TR759045	mst	0	0	9295	8	145	24
TR759045	mst3	0	0	9294	7	143	24
TR759045	bbt64m	0	0	9289	2	145	24
TR759045	pf_famsa	0	0	9575	288	231	73
TR759045	pf_famsa_h32	0	0	9534	247	236	None
TR759045	st_long	0	0	9288	1	143	None
TR759045	st_chm13	0	0	9288	1	143	None
TR759060	unpatched	0	0	None	None	None	3
TR759060	all	0	0	1039	0	12	3
TR759060	full	0	0	1070	31	21	6
TR759060	ua	0	0	1039	0	16	3
TR759060	mst	0	0	1048	9	11	4
TR759060	mst3	0	0	1039	0	13	3
TR759060	bbt64m	0	0	1070	31	21	6
TR759060	pf_famsa	0	0	1062	23	13	4
TR759060	pf_famsa_h32	0	0	1062	23	13	None
TR759060	st_long	0	0	1039	0	13	None
TR759060	st_chm13	0	0	1039	0	13	None
TR759063	unpatched	0	0	None	None	None	23
TR759063	all	0	0	721	17	72	24
TR759063	full	0	0	721	17	72	24
TR759063	ua	0	0	721	17	72	24
TR759063	mst	0	0	704	0	72	24
TR759063	mst3	0	0	721	17	72	24
TR759063	bbt64m	0	0	721	17	72	24
TR759063	pf_famsa	0	0	742	38	79	24
TR759063	pf_famsa_h32	0	0	741	37	78	None
TR759063	st_long	0	0	704	0	72	None
TR759063	st_chm13	0	0	722	18	75	None
TR759093	unpatched	1	0	None	None	None	8
TR759093	all	0	0	883	0	30	8
TR759093	full	0	0	883	0	30	8
TR759093	ua	0	0	883	0	30	8
TR759093	mst	0	0	883	0	30	8
TR759093	mst3	0	0	883	0	30	8
TR759093	bbt64m	0	0	883	0	30	8
TR759093	pf_famsa	1	0	889	6	29	8
TR759093	pf_famsa_h32	1	0	889	6	29	None
TR759093	st_long	0	0	933	50	32	None
TR759093	st_chm13	2	0	883	0	29	None
TR759248	unpatched	0	0	None	None	None	8
TR759248	all	0	0	950	30	27	7
TR759248	full	0	0	950	30	28	7
TR759248	ua	0	0	952	32	31	7
TR759248	mst	0	0	921	1	27	6
TR759248	mst3	0	0	929	9	27	6
TR759248	bbt64m	0	0	950	30	28	7
TR759248	pf_famsa	0	0	966	46	29	8
TR759248	pf_famsa_h32	0	0	1163	243	44	None
TR759248	st_long	0	0	1070	150	25	None
TR759248	st_chm13	0	0	977	57	27	None
TR759286	unpatched	0	0	None	None	None	2
TR759286	all	0	0	883	0	6	2
TR759286	full	0	0	891	8	6	2
TR759286	ua	0	0	898	15	6	2
TR759286	mst	0	0	883	0	6	2
TR759286	mst3	0	0	883	0	6	2
TR759286	bbt64m	0	0	891	8	6	2
TR759286	pf_famsa	0	0	883	0	6	2
TR759286	pf_famsa_h32	0	0	903	20	6	None
TR759286	st_long	0	0	883	0	6	None
TR759286	st_chm13	0	0	883	0	6	None
TR759287	unpatched	0	0	None	None	None	3
TR759287	all	0	0	671	102	23	4
TR759287	full	0	0	673	104	27	4
TR759287	ua	0	0	721	152	25	2
TR759287	mst	0	0	570	1	18	2
TR759287	mst3	0	0	570	1	18	2
TR759287	bbt64m	0	0	673	104	27	4
TR759287	pf_famsa	0	0	574	5	21	2
TR759287	pf_famsa_h32	0	0	573	4	18	None
TR759287	st_long	0	0	627	58	19	None
TR759287	st_chm13	0	0	627	58	19	None
TR759415	unpatched	0	0	None	None	None	29
TR759415	all	0	0	1724	409	169	48
TR759415	full	0	0	1777	462	168	41
TR759415	ua	0	0	1697	382	149	36
TR759415	mst	0	0	1697	382	152	19
TR759415	mst3	0	0	1741	426	192	29
TR759415	bbt64m	0	0	1688	373	156	33
TR759415	pf_famsa	0	0	2111	796	160	31
TR759415	pf_famsa_h32	0	0	2024	709	131	None
TR759415	st_long	0	0	1964	649	174	None
TR759415	st_chm13	0	0	1607	292	132	None
TR759446	unpatched	3	2	None	None	None	17
TR759446	all	0	0	3610	1162	254	13
TR759446	full	0	0	3786	1338	335	15
TR759446	ua	5	1	4576	2128	441	26
TR759446	mst	0	0	5324	2876	557	11
TR759446	mst3	1	1	4680	2232	441	15
TR759446	bbt64m	3	2	4348	1900	382	17
TR759446	pf_famsa	5	3	5808	3360	480	15
TR759446	pf_famsa_h32	0	0	5335	2887	349	None
TR759446	st_long	1	2	3730	1282	255	None
TR759446	st_chm13	0	2	9340	6892	606	None
TR759521	unpatched	0	0	None	None	None	7
TR759521	all	0	0	954	59	58	7
TR759521	full	0	0	1010	115	74	9
TR759521	ua	0	0	1024	129	94	13
TR759521	mst	0	0	987	92	59	12
TR759521	mst3	0	0	957	62	47	10
TR759521	bbt64m	0	0	1011	116	79	13
TR759521	pf_famsa	0	0	1240	345	65	13
TR759521	pf_famsa_h32	0	0	1250	355	57	None
TR759521	st_long	1	0	992	97	66	None
TR759521	st_chm13	0	0	963	68	44	None
TR759634	unpatched	0	0	None	None	None	1
TR759634	all	0	0	775	4	5	1
TR759634	full	0	0	799	28	14	5
TR759634	ua	0	0	848	77	26	11
TR759634	mst	0	0	775	4	5	1
TR759634	mst3	0	0	799	28	14	5
TR759634	bbt64m	0	0	799	28	14	5
TR759634	pf_famsa	0	0	796	25	5	1
TR759634	pf_famsa_h32	0	0	796	25	5	None
TR759634	st_long	0	0	785	14	6	None
TR759634	st_chm13	0	0	775	4	5	None
TR759655	unpatched	0	0	None	None	None	26
TR759655	all	0	0	7406	42	84	25
TR759655	full	0	1	7454	90	103	30
TR759655	ua	0	1	7472	108	112	32
TR759655	mst	0	0	7476	112	94	24
TR759655	mst3	0	1	7431	67	94	27
TR759655	bbt64m	0	1	7450	86	103	28
TR759655	pf_famsa	0	0	7606	242	145	44
TR759655	pf_famsa_h32	0	0	7484	120	145	None
TR759655	st_long	0	0	7485	121	90	None
TR759655	st_chm13	0	0	7424	60	94	None
TR759728	unpatched	0	0	None	None	None	17
TR759728	all	0	0	2050	1	52	15
TR759728	full	0	0	2089	40	59	19
TR759728	ua	0	0	2139	90	72	19
TR759728	mst	0	0	2067	18	54	16
TR759728	mst3	0	0	2050	1	52	15
TR759728	bbt64m	0	0	2089	40	59	19
TR759728	pf_famsa	0	0	2156	107	53	16
TR759728	pf_famsa_h32	0	0	2165	116	54	None
TR759728	st_long	0	0	2093	44	55	None
TR759728	st_chm13	0	0	2067	18	53	None
TR759817	unpatched	1	0	None	None	None	3
TR759817	all	0	0	788	0	9	3
TR759817	full	0	0	788	0	9	3
TR759817	ua	0	0	788	0	9	3
TR759817	mst	0	0	788	0	9	3
TR759817	mst3	0	0	788	0	9	3
TR759817	bbt64m	0	0	788	0	9	3
TR759817	pf_famsa	0	0	808	20	9	3
TR759817	pf_famsa_h32	0	0	808	20	9	None
TR759817	st_long	0	0	788	0	10	None
TR759817	st_chm13	0	0	788	0	9	None
TR759943	unpatched	0	0	None	None	None	2
TR759943	all	0	0	974	0	6	2
TR759943	full	0	0	974	0	6	2
TR759943	ua	0	0	974	0	6	2
TR759943	mst	0	0	974	0	6	2
TR759943	mst3	0	0	974	0	6	2
TR759943	bbt64m	0	0	974	0	6	2
TR759943	pf_famsa	0	0	994	20	6	2
TR759943	pf_famsa_h32	0	0	994	20	6	None
TR759943	st_long	0	0	974	0	6	None
TR759943	st_chm13	0	0	974	0	6	None
TR759983	unpatched	0	0	None	None	None	3
TR759983	all	0	0	1627	1	117	40
TR759983	full	0	0	1629	3	122	41
TR759983	ua	0	0	1630	4	172	61
TR759983	mst	0	0	1627	1	118	40
TR759983	mst3	0	0	1627	1	129	3
TR759983	bbt64m	0	0	1629	3	122	41
TR759983	pf_famsa	0	0	1644	18	149	49
TR759983	pf_famsa_h32	0	0	1644	18	150	None
TR759983	st_long	0	0	1626	0	119	None
TR759983	st_chm13	0	0	1999	373	125	None
TR760078	unpatched	0	0	None	None	None	13
TR760078	all	0	0	1150	77	56	11
TR760078	full	0	0	1175	102	73	17
TR760078	ua	0	0	1187	114	80	11
TR760078	mst	0	0	1149	76	30	11
TR760078	mst3	0	0	1149	76	33	12
TR760078	bbt64m	0	0	1175	102	73	17
TR760078	pf_famsa	0	0	1149	76	44	7
TR760078	pf_famsa_h32	0	0	1181	108	74	None
TR760078	st_long	0	0	1156	83	36	None
TR760078	st_chm13	0	0	1215	142	30	None
TR760110	unpatched	0	0	None	None	None	12
TR760110	all	0	0	2595	0	43	14
TR760110	full	0	0	2602	7	43	15
TR760110	ua	0	0	2599	4	52	18
TR760110	mst	0	0	2595	0	43	14
TR760110	mst3	0	0	2595	0	43	14
TR760110	bbt64m	0	0	2602	7	43	15
TR760110	pf_famsa	0	0	2621	26	43	15
TR760110	pf_famsa_h32	0	0	2603	8	42	None
TR760110	st_long	0	0	2602	7	29	None
TR760110	st_chm13	0	0	2595	0	43	None
TR760124	unpatched	0	0	None	None	None	22
TR760124	all	0	0	2118	187	94	28
TR760124	full	4	0	2206	275	110	30
TR760124	ua	0	0	2227	296	145	42
TR760124	mst	0	0	2105	174	68	17
TR760124	mst3	0	0	2079	148	76	19
TR760124	bbt64m	4	0	2206	275	110	30
TR760124	pf_famsa	0	0	2203	272	111	27
TR760124	pf_famsa_h32	0	0	2181	250	101	None
TR760124	st_long	0	0	1974	43	63	None
TR760124	st_chm13	0	0	2146	215	88	None
TR760137	unpatched	0	0	None	None	None	27
TR760137	all	0	0	6221	1796	945	214
TR760137	full	0	0	5492	1067	409	80
TR760137	ua	0	1	5240	815	344	34
TR760137	mst	0	0	4910	485	258	29
TR760137	mst3	0	0	4784	359	236	31
TR760137	bbt64m	0	0	5492	1067	409	80
TR760137	pf_famsa	1	0	5041	616	255	50
TR760137	pf_famsa_h32	1	0	5726	1301	763	None
TR760137	st_long	0	0	5549	1124	270	None
TR760137	st_chm13	0	0	5002	577	243	None
TR760148	unpatched	0	0	None	None	None	9
TR760148	all	0	0	1652	96	34	8
TR760148	full	0	0	1772	216	56	19
TR760148	ua	0	0	1652	96	38	11
TR760148	mst	0	0	1770	214	51	16
TR760148	mst3	0	0	1770	214	51	16
TR760148	bbt64m	0	0	1772	216	56	19
TR760148	pf_famsa	0	0	1672	116	35	10
TR760148	pf_famsa_h32	0	0	1672	116	34	None
TR760148	st_long	0	0	1652	96	35	None
TR760148	st_chm13	0	0	1652	96	33	None
TR760166	unpatched	0	0	None	None	None	15
TR760166	all	0	0	1106	22	41	13
TR760166	full	0	0	1171	87	60	14
TR760166	ua	0	0	1206	122	62	13
TR760166	mst	0	0	1145	61	45	12
TR760166	mst3	0	0	1109	25	37	10
TR760166	bbt64m	0	0	1171	87	60	14
TR760166	pf_famsa	0	0	1176	92	51	11
TR760166	pf_famsa_h32	0	0	1167	83	55	None
TR760166	st_long	0	0	1194	110	62	None
TR760166	st_chm13	0	0	1163	79	51	None
TR760169	unpatched	0	1	None	None	None	14
TR760169	all	0	1	1588	260	83	21
TR760169	full	0	1	1800	472	116	29
TR760169	ua	0	1	1764	436	122	22
TR760169	mst	0	0	1656	328	86	24
TR760169	mst3	0	1	1628	300	82	23
TR760169	bbt64m	0	0	1823	495	116	29
TR760169	pf_famsa	0	1	1867	539	111	19
TR760169	pf_famsa_h32	0	1	1847	519	98	None
TR760169	st_long	0	0	1748	420	91	None
TR760169	st_chm13	1	0	1712	384	90	None
TR760205	unpatched	0	0	None	None	None	2
TR760205	all	0	0	586	0	8	2
TR760205	full	0	0	586	0	8	2
TR760205	ua	0	0	586	0	8	2
TR760205	mst	0	0	586	0	8	2
TR760205	mst3	0	0	586	0	8	2
TR760205	bbt64m	0	0	586	0	8	2
TR760205	pf_famsa	0	0	646	60	8	2
TR760205	pf_famsa_h32	0	0	646	60	8	None
TR760205	st_long	0	0	586	0	8	None
TR760205	st_chm13	0	0	586	0	8	None
TR760293	unpatched	0	0	None	None	None	6
TR760293	all	0	0	938	21	23	6
TR760293	full	0	0	973	56	31	6
TR760293	ua	0	0	974	57	26	5
TR760293	mst	0	0	943	26	22	7
TR760293	mst3	0	0	943	26	25	7
TR760293	bbt64m	0	0	973	56	31	6
TR760293	pf_famsa	0	0	975	58	26	5
TR760293	pf_famsa_h32	0	0	989	72	29	None
TR760293	st_long	0	0	1033	116	29	None
TR760293	st_chm13	0	0	998	81	23	None
TR760300	unpatched	0	0	None	None	None	9
TR760300	all	0	0	1180	14	24	8
TR760300	full	0	0	1184	18	25	9
TR760300	ua	0	0	1191	25	27	10
TR760300	mst	0	0	1166	0	26	10
TR760300	mst3	0	0	1172	6	28	10
TR760300	bbt64m	0	0	1184	18	25	9
TR760300	pf_famsa	0	0	1202	36	25	8
TR760300	pf_famsa_h32	0	0	1210	44	25	None
TR760300	st_long	0	0	1166	0	26	None
TR760300	st_chm13	0	0	1166	0	26	None
TR760314	unpatched	1	0	None	None	None	16
TR760314	all	1	2	2059	487	191	23
TR760314	full	0	0	2310	738	243	42
TR760314	ua	0	0	2083	511	194	34
TR760314	mst	0	0	1881	309	174	17
TR760314	mst3	0	0	1992	420	177	18
TR760314	bbt64m	1	2	2662	1090	314	57
TR760314	pf_famsa	1	2	2297	725	237	25
TR760314	pf_famsa_h32	0	0	2091	519	171	None
TR760314	st_long	1	0	2284	712	209	None
TR760314	st_chm13	0	0	1997	425	169	None
TR760329	unpatched	0	0	None	None	None	10
TR760329	all	0	0	659	16	14	4
TR760329	full	0	0	663	20	25	6
TR760329	ua	0	0	674	31	19	6
TR760329	mst	0	0	649	6	17	5
TR760329	mst3	0	0	649	6	17	5
TR760329	bbt64m	0	0	666	23	23	5
TR760329	pf_famsa	0	0	673	30	21	5
TR760329	pf_famsa_h32	0	0	738	95	13	None
TR760329	st_long	0	0	659	16	15	None
TR760329	st_chm13	0	0	659	16	14	None
TR760357	unpatched	0	0	None	None	None	2
TR760357	all	0	0	734	0	9	2
TR760357	full	0	0	734	0	9	2
TR760357	ua	0	0	739	5	9	2
TR760357	mst	0	0	734	0	9	2
TR760357	mst3	0	0	734	0	9	2
TR760357	bbt64m	0	0	734	0	9	2
TR760357	pf_famsa	0	0	745	11	9	2
TR760357	pf_famsa_h32	0	0	745	11	9	None
TR760357	st_long	0	0	734	0	9	None
TR760357	st_chm13	0	0	734	0	9	None
TR760392	unpatched	0	0	None	None	None	4
TR760392	all	0	0	991	0	17	5
TR760392	full	0	1	1106	115	75	23
TR760392	ua	0	1	1115	124	84	13
TR760392	mst	0	0	991	0	18	6
TR760392	mst3	0	0	991	0	18	6
TR760392	bbt64m	0	1	1106	115	75	23
TR760392	pf_famsa	0	1	1055	64	29	6
TR760392	pf_famsa_h32	0	0	1051	60	22	None
TR760392	st_long	0	0	991	0	19	None
TR760392	st_chm13	0	0	991	0	16	None
TR760497	unpatched	0	0	None	None	None	6
TR760497	all	0	0	2457	208	78	6
TR760497	full	0	0	2502	253	86	6
TR760497	ua	0	0	2478	229	84	6
TR760497	mst	0	0	2523	274	88	6
TR760497	mst3	0	0	2523	274	89	7
TR760497	bbt64m	0	0	2529	280	95	7
TR760497	pf_famsa	0	0	2526	277	90	6
TR760497	pf_famsa_h32	0	0	2480	231	78	None
TR760497	st_long	0	0	2477	228	82	None
TR760497	st_chm13	0	0	2542	293	79	None
TR760525	unpatched	0	0	None	None	None	4
TR760525	all	0	0	811	0	12	4
TR760525	full	0	0	811	0	12	4
TR760525	ua	0	0	811	0	12	4
TR760525	mst	0	0	811	0	12	4
TR760525	mst3	0	0	811	0	12	4
TR760525	bbt64m	0	0	811	0	12	4
TR760525	pf_famsa	0	0	831	20	12	4
TR760525	pf_famsa_h32	0	0	831	20	12	None
TR760525	st_long	0	0	811	0	12	None
TR760525	st_chm13	0	0	811	0	12	None
TR760577	unpatched	0	0	None	None	None	11
TR760577	all	0	0	1299	0	25	8
TR760577	full	0	0	1375	76	53	20
TR760577	ua	0	0	1420	121	61	23
TR760577	mst	0	0	1320	21	26	9
TR760577	mst3	0	0	1326	27	28	10
TR760577	bbt64m	0	0	1375	76	53	20
TR760577	pf_famsa	0	0	1326	27	26	9
TR760577	pf_famsa_h32	0	0	1315	16	22	None
TR760577	st_long	0	0	1355	56	21	None
TR760577	st_chm13	0	0	1299	0	25	None
TR760585	unpatched	0	0	None	None	None	12
TR760585	all	0	0	2224	26	35	12
TR760585	full	0	0	2224	26	35	12
TR760585	ua	0	0	2256	58	48	17
TR760585	mst	0	0	2207	9	35	12
TR760585	mst3	0	0	2207	9	35	12
TR760585	bbt64m	0	0	2224	26	35	12
TR760585	pf_famsa	0	0	2251	53	35	12
TR760585	pf_famsa_h32	0	0	2251	53	35	None
TR760585	st_long	0	0	2208	10	36	None
TR760585	st_chm13	0	0	2224	26	35	None
TR760612	unpatched	0	0	None	None	None	11
TR760612	all	0	0	1274	119	44	5
TR760612	full	1	2	1301	146	54	7
TR760612	ua	0	0	1293	138	55	5
TR760612	mst	0	0	1289	134	35	7
TR760612	mst3	1	1	1302	147	38	8
TR760612	bbt64m	0	0	1321	166	58	8
TR760612	pf_famsa	1	0	1335	180	50	8
TR760612	pf_famsa_h32	1	0	1328	173	54	None
TR760612	st_long	0	0	1292	137	32	None
TR760612	st_chm13	1	0	1301	146	37	None
TR760632	unpatched	0	0	None	None	None	7
TR760632	all	0	0	2745	245	83	16
TR760632	full	2	0	4125	1625	295	78
TR760632	ua	1	0	3353	853	212	61
TR760632	mst	0	0	2751	251	87	15
TR760632	mst3	0	0	3353	853	201	48
TR760632	bbt64m	2	0	4125	1625	295	78
TR760632	pf_famsa	0	0	3152	652	158	44
TR760632	pf_famsa_h32	0	0	2843	343	87	None
TR760632	st_long	0	0	2953	453	52	None
TR760632	st_chm13	0	0	2733	233	85	None
TR760689	unpatched	1	0	None	None	None	10
TR760689	all	0	0	1018	127	71	20
TR760689	full	0	0	1040	149	74	17
TR760689	ua	0	0	1141	250	94	23
TR760689	mst	0	0	1082	191	77	17
TR760689	mst3	0	0	1024	133	67	17
TR760689	bbt64m	0	0	1061	170	88	23
TR760689	pf_famsa	0	0	1053	162	97	18
TR760689	pf_famsa_h32	0	0	1062	171	90	None
TR760689	st_long	0	0	1103	212	81	None
TR760689	st_chm13	0	0	1089	198	75	None
TR760693	unpatched	0	0	None	None	None	3
TR760693	all	0	0	865	0	8	3
TR760693	full	0	0	865	0	10	4
TR760693	ua	0	0	865	0	10	4
TR760693	mst	0	0	865	0	10	4
TR760693	mst3	0	0	865	0	10	4
TR760693	bbt64m	0	0	865	0	10	4
TR760693	pf_famsa	0	0	917	52	11	4
TR760693	pf_famsa_h32	0	0	895	30	8	None
TR760693	st_long	0	0	902	37	10	None
TR760693	st_chm13	0	0	865	0	8	None
TR760739	unpatched	0	0	None	None	None	6
TR760739	all	0	0	1469	87	44	8
TR760739	full	0	0	1566	184	64	8
TR760739	ua	0	0	1533	151	53	9
TR760739	mst	3	0	1515	133	49	7
TR760739	mst3	0	0	1522	140	49	5
TR760739	bbt64m	0	0	1563	181	61	8
TR760739	pf_famsa	0	0	1667	285	64	8
TR760739	pf_famsa_h32	0	0	1522	140	47	None
TR760739	st_long	0	0	1512	130	45	None
TR760739	st_chm13	0	0	1503	121	42	None
TR760742	unpatched	0	0	None	None	None	8
TR760742	all	0	0	1286	84	39	14
TR760742	full	0	0	1315	113	47	15
TR760742	ua	0	0	1382	180	68	23
TR760742	mst	0	0	1202	0	21	8
TR760742	mst3	0	0	1202	0	21	8
TR760742	bbt64m	0	0	1315	113	47	15
TR760742	pf_famsa	0	0	1309	107	33	11
TR760742	pf_famsa_h32	0	0	1307	105	27	None
TR760742	st_long	0	0	1331	129	46	None
TR760742	st_chm13	0	0	1270	68	39	None
TR760756	unpatched	0	0	None	None	None	3
TR760756	all	0	0	1244	0	9	3
TR760756	full	0	0	1244	0	9	3
TR760756	ua	0	0	1244	0	9	3
TR760756	mst	0	0	1244	0	9	3
TR760756	mst3	0	0	1244	0	9	3
TR760756	bbt64m	0	0	1244	0	9	3
TR760756	pf_famsa	0	0	1264	20	9	3
TR760756	pf_famsa_h32	0	0	1264	20	9	None
TR760756	st_long	0	0	1244	0	9	None
TR760756	st_chm13	0	0	1244	0	9	None
TR760767	unpatched	0	0	None	None	None	1
TR760767	all	0	0	918	0	3	1
TR760767	full	0	0	936	18	3	1
TR760767	ua	0	0	936	18	3	1
TR760767	mst	0	0	918	0	3	1
TR760767	mst3	0	0	918	0	3	1
TR760767	bbt64m	0	0	936	18	3	1
TR760767	pf_famsa	0	0	938	20	3	1
TR760767	pf_famsa_h32	0	0	938	20	3	None
TR760767	st_long	0	0	918	0	3	None
TR760767	st_chm13	0	0	918	0	3	None
TR760800	unpatched	0	0	None	None	None	4
TR760800	all	0	0	1144	21	13	4
TR760800	full	0	0	1163	40	13	4
TR760800	ua	0	0	1186	63	23	4
TR760800	mst	0	0	1144	21	13	4
TR760800	mst3	0	0	1165	42	15	6
TR760800	bbt64m	0	0	1163	40	13	4
TR760800	pf_famsa	0	0	1208	85	16	4
TR760800	pf_famsa_h32	0	0	1189	66	12	None
TR760800	st_long	2	0	1184	61	13	None
TR760800	st_chm13	0	0	1165	42	13	None
TR760814	unpatched	0	0	None	None	None	6
TR760814	all	0	0	654	0	17	6
TR760814	full	0	0	654	0	17	6
TR760814	ua	0	0	654	0	17	6
TR760814	mst	0	0	654	0	17	6
TR760814	mst3	0	0	654	0	17	6
TR760814	bbt64m	0	0	654	0	17	6
TR760814	pf_famsa	0	0	674	20	17	6
TR760814	pf_famsa_h32	0	0	674	20	17	None
TR760814	st_long	0	0	654	0	17	None
TR760814	st_chm13	0	0	654	0	17	None
TR760876	unpatched	0	0	None	None	None	11
TR760876	all	0	0	1292	155	57	13
TR760876	full	0	0	1298	161	57	15
TR760876	ua	0	0	1412	275	80	21
TR760876	mst	0	0	1313	176	66	14
TR760876	mst3	0	0	1313	176	66	15
TR760876	bbt64m	0	0	1338	201	60	16
TR760876	pf_famsa	0	0	1573	436	74	13
TR760876	pf_famsa_h32	0	0	1549	412	63	None
TR760876	st_long	0	0	1346	209	64	None
TR760876	st_chm13	0	0	1424	287	59	None
TR760956	unpatched	1	0	None	None	None	8
TR760956	all	0	0	1960	384	151	12
TR760956	full	2	0	2788	1212	329	12
TR760956	ua	1	0	2366	790	261	20
TR760956	mst	0	0	2729	1153	301	14
TR760956	mst3	1	0	2142	566	200	14
TR760956	bbt64m	0	0	2911	1335	348	14
TR760956	pf_famsa	0	0	2661	1085	317	9
TR760956	pf_famsa_h32	0	0	2519	943	272	None
TR760956	st_long	1	0	2332	756	122	None
TR760956	st_chm13	0	0	2130	554	123	None
TR760961	unpatched	0	0	None	None	None	7
TR760961	all	0	0	1315	0	16	5
TR760961	full	1	0	1351	36	19	7
TR760961	ua	0	0	1334	19	17	6
TR760961	mst	0	0	1315	0	16	5
TR760961	mst3	0	0	1315	0	16	5
TR760961	bbt64m	0	0	1351	36	19	7
TR760961	pf_famsa	0	0	1330	15	17	5
TR760961	pf_famsa_h32	0	0	1338	23	16	None
TR760961	st_long	1	0	1317	2	19	None
TR760961	st_chm13	0	0	1315	0	17	None
TR761026	unpatched	1	0	None	None	None	12
TR761026	all	0	0	7354	2050	653	101
TR761026	full	0	0	8094	2790	900	117
TR761026	ua	0	0	7511	2207	812	89
TR761026	mst	0	0	7551	2247	663	66
TR761026	mst3	4	1	7677	2373	691	87
TR761026	bbt64m	0	0	8180	2876	947	129
TR761026	pf_famsa	0	0	7549	2245	703	78
TR761026	pf_famsa_h32	0	0	7438	2134	643	None
TR761026	st_long	0	0	8415	3111	643	None
TR761026	st_chm13	0	0	6824	1520	557	None
TR761120	unpatched	1	2	None	None	None	12
TR761120	all	1	3	2438	92	199	34
TR761120	full	3	2	3277	931	435	62
TR761120	ua	0	3	2645	299	272	49
TR761120	mst	1	2	2534	188	80	12
TR761120	mst3	3	2	2566	220	94	31
TR761120	bbt64m	2	3	2803	457	356	69
TR761120	pf_famsa	1	3	2671	325	263	40
TR761120	pf_famsa_h32	1	3	2650	304	210	None
TR761120	st_long	0	1	3014	668	321	None
TR761120	st_chm13	3	3	2471	125	190	None
TR761127	unpatched	2	3	None	None	None	30
TR761127	all	0	3	4638	1819	473	29
TR761127	full	3	3	5389	2570	680	33
TR761127	ua	6	3	5649	2830	727	31
TR761127	mst	1	3	4274	1455	322	23
TR761127	mst3	1	2	4037	1218	308	26
TR761127	bbt64m	4	4	4807	1988	568	36
TR761127	pf_famsa	8	4	4482	1663	439	35
TR761127	pf_famsa_h32	7	4	4217	1398	361	None
TR761127	st_long	2	3	7411	4592	952	None
TR761127	st_chm13	1	2	4150	1331	342	None
TR761128	unpatched	3	1	None	None	None	24
TR761128	all	1	0	3443	559	174	23
TR761128	full	4	0	3721	837	257	37
TR761128	ua	6	1	4019	1135	301	37
TR761128	mst	2	1	4025	1141	310	42
TR761128	mst3	2	1	3868	984	297	39
TR761128	bbt64m	4	1	3819	935	255	36
TR761128	pf_famsa	0	0	4624	1740	527	50
TR761128	pf_famsa_h32	2	0	3981	1097	252	None
TR761128	st_long	1	1	4114	1230	275	None
TR761128	st_chm13	2	1	3485	601	193	None
TR761129	unpatched	5	3	None	None	None	57
TR761129	all	1	4	11197	4298	1190	317
TR761129	full	8	5	16522	9623	1822	441
TR761129	ua	1	5	14136	7237	1687	398
TR761129	mst	8	2	12338	5439	1002	121
TR761129	mst3	10	2	11222	4323	788	135
TR761129	bbt64m	11	3	14085	7186	1487	348
TR761129	pf_famsa	0	5	14417	7518	1847	386
TR761129	pf_famsa_h32	1	4	13205	6306	1439	None
TR761129	st_long	6	3	12502	5603	970	None
TR761129	st_chm13	0	4	12342	5443	1387	None
TR761154	unpatched	1	0	None	None	None	29
TR761154	all	0	0	2431	488	283	82
TR761154	full	1	0	2605	662	284	75
TR761154	ua	1	0	2315	372	165	33
TR761154	mst	0	0	2295	352	147	26
TR761154	mst3	0	0	2240	297	131	26
TR761154	bbt64m	0	0	2512	569	225	58
TR761154	pf_famsa	0	0	2456	513	130	28
TR761154	pf_famsa_h32	0	0	2432	489	134	None
TR761154	st_long	0	0	2222	279	131	None
TR761154	st_chm13	0	0	2283	340	126	None
TR761278	unpatched	0	1	None	None	None	12
TR761278	all	0	1	958	91	38	11
TR761278	full	0	0	954	87	37	10
TR761278	ua	0	0	974	107	43	13
TR761278	mst	0	0	927	60	24	7
TR761278	mst3	0	0	994	127	38	10
TR761278	bbt64m	0	0	960	93	37	11
TR761278	pf_famsa	0	0	1034	167	49	12
TR761278	pf_famsa_h32	0	0	980	113	39	None
TR761278	st_long	0	0	1078	211	53	None
TR761278	st_chm13	0	0	925	58	30	None
TR761312	unpatched	0	0	None	None	None	3
TR761312	all	0	0	867	6	15	3
TR761312	full	0	0	867	6	15	3
TR761312	ua	0	0	867	6	15	3
TR761312	mst	0	0	861	0	13	4
TR761312	mst3	0	0	867	6	15	3
TR761312	bbt64m	0	0	867	6	15	3
TR761312	pf_famsa	0	0	930	69	16	5
TR761312	pf_famsa_h32	0	0	870	9	15	None
TR761312	st_long	0	0	865	4	14	None
TR761312	st_chm13	0	0	875	14	17	None
TR761322	unpatched	0	0	None	None	None	7
TR761322	all	0	0	1451	31	20	8
TR761322	full	0	0	1568	148	60	23
TR761322	ua	0	0	1485	65	32	8
TR761322	mst	0	0	1425	5	16	5
TR761322	mst3	0	0	1423	3	17	5
TR761322	bbt64m	0	0	1568	148	60	23
TR761322	pf_famsa	0	0	1487	67	17	4
TR761322	pf_famsa_h32	0	0	1514	94	18	None
TR761322	st_long	0	0	1462	42	16	None
TR761322	st_chm13	0	0	1423	3	17	None
TR761330	unpatched	0	0	None	None	None	13
TR761330	all	0	0	783	42	23	6
TR761330	full	0	0	848	107	51	15
TR761330	ua	0	0	827	86	34	6
TR761330	mst	0	0	846	105	43	6
TR761330	mst3	0	0	849	108	38	5
TR761330	bbt64m	0	0	800	59	41	13
TR761330	pf_famsa	0	0	860	119	38	9
TR761330	pf_famsa_h32	0	0	812	71	28	None
TR761330	st_long	0	0	830	89	33	None
TR761330	st_chm13	0	0	786	45	23	None
TR761480	unpatched	2	1	None	None	None	49
TR761480	all	2	2	3472	586	342	73
TR761480	full	1	2	3858	972	345	45
TR761480	ua	0	0	3727	841	379	87
TR761480	mst	0	0	3907	1021	351	48
TR761480	mst3	0	0	3878	992	263	23
TR761480	bbt64m	1	2	3821	935	319	31
TR761480	pf_famsa	0	0	3777	891	403	77
TR761480	pf_famsa_h32	3	2	3773	887	369	None
TR761480	st_long	2	2	3871	985	227	None
TR761480	st_chm13	0	1	5617	2731	369	None
TR761557	unpatched	0	0	None	None	None	21
TR761557	all	0	0	3025	470	220	74
TR761557	full	0	0	2828	273	89	27
TR761557	ua	0	0	3073	518	212	58
TR761557	mst	0	0	3128	573	185	34
TR761557	mst3	3	1	2853	298	100	32
TR761557	bbt64m	1	1	2980	425	136	39
TR761557	pf_famsa	0	0	2845	290	80	18
TR761557	pf_famsa_h32	1	1	2980	425	113	None
TR761557	st_long	0	0	2661	106	62	None
TR761557	st_chm13	0	0	2614	59	53	None
TR761615	unpatched	0	0	None	None	None	9
TR761615	all	0	0	1014	303	80	15
TR761615	full	0	0	1115	404	111	26
TR761615	ua	0	0	1063	352	97	17
TR761615	mst	1	0	1039	328	89	9
TR761615	mst3	1	0	1045	334	85	12
TR761615	bbt64m	0	0	1157	446	102	17
TR761615	pf_famsa	0	0	1192	481	84	13
TR761615	pf_famsa_h32	0	0	1031	320	70	None
TR761615	st_long	0	0	1164	453	84	None
TR761615	st_chm13	0	0	1225	514	79	None
TR761663	unpatched	0	0	None	None	None	21
TR761663	all	0	0	3032	12	55	23
TR761663	full	0	0	3043	23	55	23
TR761663	ua	0	0	3059	39	62	26
TR761663	mst	0	0	3032	12	55	23
TR761663	mst3	0	0	3032	12	55	23
TR761663	bbt64m	0	0	3032	12	55	23
TR761663	pf_famsa	0	0	3467	447	252	85
TR761663	pf_famsa_h32	0	0	3125	105	59	None
TR761663	st_long	0	0	3032	12	55	None
TR761663	st_chm13	0	0	3032	12	55	None
TR761681	unpatched	0	0	None	None	None	16
TR761681	all	0	0	1164	143	61	15
TR761681	full	0	0	1302	281	102	25
TR761681	ua	0	0	1400	379	108	23
TR761681	mst	0	0	1215	194	72	15
TR761681	mst3	0	0	1208	187	72	17
TR761681	bbt64m	0	0	1342	321	109	20
TR761681	pf_famsa	0	0	1261	240	84	18
TR761681	pf_famsa_h32	0	0	1397	376	61	None
TR761681	st_long	0	0	1325	304	83	None
TR761681	st_chm13	0	0	1261	240	59	None
TR761755	unpatched	0	0	None	None	None	5
TR761755	all	0	0	799	3	12	2
TR761755	full	0	0	799	3	16	4
TR761755	ua	0	0	817	21	15	4
TR761755	mst	0	0	799	3	12	2
TR761755	mst3	0	0	799	3	12	2
TR761755	bbt64m	0	0	799	3	16	4
TR761755	pf_famsa	0	0	938	142	13	3
TR761755	pf_famsa_h32	0	0	923	127	12	None
TR761755	st_long	0	0	799	3	12	None
TR761755	st_chm13	0	0	799	3	12	None
TR761780	unpatched	0	0	None	None	None	8
TR761780	all	0	0	1056	66	29	7
TR761780	full	1	0	1074	84	33	7
TR761780	ua	1	0	1035	45	28	7
TR761780	mst	1	0	1029	39	28	7
TR761780	mst3	1	0	1029	39	29	8
TR761780	bbt64m	1	0	1074	84	33	7
TR761780	pf_famsa	0	0	1066	76	28	7
TR761780	pf_famsa_h32	1	0	1046	56	26	None
TR761780	st_long	1	0	1021	31	25	None
TR761780	st_chm13	1	0	1083	93	27	None
TR761813	unpatched	0	0	None	None	None	11
TR761813	all	0	0	1341	22	25	7
TR761813	full	0	0	1352	33	32	11
TR761813	ua	0	0	1379	60	38	14
TR761813	mst	0	0	1353	34	32	8
TR761813	mst3	0	0	1345	26	28	7
TR761813	bbt64m	0	0	1344	25	31	9
TR761813	pf_famsa	0	0	1528	209	30	7
TR761813	pf_famsa_h32	0	0	1485	166	26	None
TR761813	st_long	0	0	1332	13	26	None
TR761813	st_chm13	0	0	1349	30	29	None
TR761843	unpatched	0	0	None	None	None	4
TR761843	all	0	0	996	73	37	2
TR761843	full	0	0	1007	84	39	4
TR761843	ua	0	0	997	74	40	3
TR761843	mst	0	0	1004	81	33	4
TR761843	mst3	0	0	1029	106	43	4
TR761843	bbt64m	0	0	1007	84	39	4
TR761843	pf_famsa	0	0	1020	97	40	2
TR761843	pf_famsa_h32	0	0	1016	93	37	None
TR761843	st_long	0	0	1012	89	35	None
TR761843	st_chm13	0	0	1005	82	39	None
TR761907	unpatched	0	0	None	None	None	3
TR761907	all	0	0	967	4	9	3
TR761907	full	0	0	967	4	9	3
TR761907	ua	0	0	981	18	11	4
TR761907	mst	0	0	967	4	9	3
TR761907	mst3	0	0	967	4	9	3
TR761907	bbt64m	0	0	967	4	9	3
TR761907	pf_famsa	0	0	974	11	9	3
TR761907	pf_famsa_h32	0	0	974	11	9	None
TR761907	st_long	0	0	967	4	9	None
TR761907	st_chm13	0	0	967	4	9	None
TR761913	unpatched	0	0	None	None	None	33
TR761913	all	0	0	1419	54	55	21
TR761913	full	0	0	1741	376	129	41
TR761913	ua	0	0	1682	317	138	42
TR761913	mst	0	0	1483	118	53	11
TR761913	mst3	0	0	1552	187	83	25
TR761913	bbt64m	0	0	1787	422	133	44
TR761913	pf_famsa	0	0	1678	313	112	31
TR761913	pf_famsa_h32	0	0	1529	164	72	None
TR761913	st_long	0	0	1620	255	88	None
TR761913	st_chm13	0	0	1533	168	77	None
TR761931	unpatched	0	0	None	None	None	23
TR761931	all	1	0	1424	415	100	21
TR761931	full	0	0	1596	587	147	33
TR761931	ua	0	0	1470	461	130	26
TR761931	mst	1	0	1563	554	163	12
TR761931	mst3	0	0	1524	515	134	12
TR761931	bbt64m	0	0	1604	595	130	16
TR761931	pf_famsa	0	0	1443	434	110	14
TR761931	pf_famsa_h32	1	0	1413	404	107	None
TR761931	st_long	1	0	1401	392	92	None
TR761931	st_chm13	0	0	1630	621	131	None
TR761978	unpatched	0	0	None	None	None	67
TR761978	all	0	0	11950	27	203	66
TR761978	full	0	0	11939	16	211	69
TR761978	ua	0	0	11985	62	203	30
TR761978	mst	0	0	11940	17	212	68
TR761978	mst3	0	0	11936	13	212	69
TR761978	bbt64m	0	0	11935	12	210	69
TR761978	pf_famsa	0	0	12030	107	211	71
TR761978	pf_famsa_h32	0	0	12032	109	212	None
TR761978	st_long	0	0	11930	7	207	None
TR761978	st_chm13	0	0	11935	12	204	None
TR761985	unpatched	0	0	None	None	None	22
TR761985	all	0	0	844	6	72	20
TR761985	full	0	0	853	15	83	21
TR761985	ua	0	0	853	15	83	21
TR761985	mst	0	0	844	6	73	20
TR761985	mst3	0	0	844	6	74	20
TR761985	bbt64m	0	0	853	15	85	21
TR761985	pf_famsa	0	0	992	154	81	20
TR761985	pf_famsa_h32	0	0	1042	204	79	None
TR761985	st_long	0	0	851	13	75	None
TR761985	st_chm13	0	0	844	6	70	None
TR762028	unpatched	0	0	None	None	None	4
TR762028	all	0	0	1139	0	12	4
TR762028	full	0	0	1139	0	12	4
TR762028	ua	0	0	1139	0	13	5
TR762028	mst	0	0	1139	0	12	4
TR762028	mst3	0	0	1139	0	12	4
TR762028	bbt64m	0	0	1139	0	12	4
TR762028	pf_famsa	0	0	1141	2	12	4
TR762028	pf_famsa_h32	0	0	1141	2	12	None
TR762028	st_long	0	0	1139	0	12	None
TR762028	st_chm13	0	0	1139	0	12	None
TR762047	unpatched	3	1	None	None	None	19
TR762047	all	0	0	1429	40	40	14
TR762047	full	0	0	1484	95	68	21
TR762047	ua	3	1	1587	198	94	26
TR762047	mst	0	0	1401	12	34	12
TR762047	mst3	0	0	1419	30	40	13
TR762047	bbt64m	0	0	1441	52	58	22
TR762047	pf_famsa	0	0	1459	70	46	16
TR762047	pf_famsa_h32	0	0	1475	86	41	None
TR762047	st_long	0	0	1541	152	61	None
TR762047	st_chm13	0	0	1440	51	44	None
TR762150	unpatched	0	0	None	None	None	10
TR762150	all	0	0	1639	50	28	8
TR762150	full	0	0	1718	129	45	13
TR762150	ua	0	0	1691	102	37	12
TR762150	mst	0	0	1747	158	43	11
TR762150	mst3	0	0	1638	49	30	10
TR762150	bbt64m	0	0	1718	129	45	13
TR762150	pf_famsa	0	0	1692	103	35	12
TR762150	pf_famsa_h32	0	0	1692	103	34	None
TR762150	st_long	0	0	1894	305	41	None
TR762150	st_chm13	0	0	1638	49	30	None
TR762196	unpatched	0	0	None	None	None	1
TR762196	all	1	0	1967	78	25	1
TR762196	full	0	0	1967	78	25	1
TR762196	ua	0	0	2060	171	46	1
TR762196	mst	0	0	2100	211	50	1
TR762196	mst3	0	0	1967	78	25	1
TR762196	bbt64m	0	0	1967	78	25	1
TR762196	pf_famsa	0	0	2007	118	36	1
TR762196	pf_famsa_h32	1	0	1994	105	25	None
TR762196	st_long	1	0	2036	147	28	None
TR762196	st_chm13	0	0	1905	16	13	None
TR762229	unpatched	0	0	None	None	None	2
TR762229	all	0	0	840	1	6	2
TR762229	full	0	0	840	1	6	2
TR762229	ua	0	0	840	1	6	2
TR762229	mst	0	0	840	1	6	2
TR762229	mst3	0	0	840	1	6	2
TR762229	bbt64m	0	0	840	1	6	2
TR762229	pf_famsa	0	0	867	28	6	2
TR762229	pf_famsa_h32	0	0	1034	195	71	None
TR762229	st_long	0	0	839	0	7	None
TR762229	st_chm13	0	0	839	0	7	None
TR762237	unpatched	0	0	None	None	None	7
TR762237	all	0	0	1202	65	25	4
TR762237	full	0	0	1216	79	30	5
TR762237	ua	0	0	1189	52	26	5
TR762237	mst	0	0	1188	51	26	4
TR762237	mst3	0	0	1188	51	26	4
TR762237	bbt64m	0	0	1216	79	30	5
TR762237	pf_famsa	0	0	1208	71	28	4
TR762237	pf_famsa_h32	0	0	1188	51	25	None
TR762237	st_long	0	0	1266	129	27	None
TR762237	st_chm13	0	0	1204	67	27	None
TR762269	unpatched	0	0	None	None	None	2
TR762269	all	0	0	903	0	12	4
TR762269	full	0	0	903	0	12	4
TR762269	ua	0	0	903	0	11	2
TR762269	mst	0	0	903	0	12	4
TR762269	mst3	0	0	903	0	12	4
TR762269	bbt64m	0	0	903	0	12	4
TR762269	pf_famsa	0	0	923	20	12	2
TR762269	pf_famsa_h32	0	0	923	20	12	None
TR762269	st_long	0	0	903	0	12	None
TR762269	st_chm13	0	0	903	0	12	None
TR762273	unpatched	0	0	None	None	None	8
TR762273	all	0	0	1384	0	22	8
TR762273	full	0	0	1384	0	22	8
TR762273	ua	0	0	1394	10	22	8
TR762273	mst	0	0	1384	0	22	8
TR762273	mst3	0	0	1384	0	22	8
TR762273	bbt64m	0	0	1384	0	22	8
TR762273	pf_famsa	0	0	1411	27	27	9
TR762273	pf_famsa_h32	0	0	1404	20	24	None
TR762273	st_long	0	0	1384	0	22	None
TR762273	st_chm13	0	0	1384	0	22	None
TR762280	unpatched	0	0	None	None	None	14
TR762280	all	0	3	2626	614	166	49
TR762280	full	0	0	3049	1037	231	68
TR762280	ua	0	0	2980	968	232	3
TR762280	mst	0	2	2459	447	137	37
TR762280	mst3	0	0	2268	256	95	26
TR762280	bbt64m	0	2	2935	923	253	71
TR762280	pf_famsa	0	0	2916	904	227	4
TR762280	pf_famsa_h32	0	0	2697	685	198	None
TR762280	st_long	0	0	2843	831	46	None
TR762280	st_chm13	0	3	2962	950	227	None
TR762296	unpatched	0	0	None	None	None	6
TR762296	all	0	0	840	0	18	6
TR762296	full	0	0	840	0	18	6
TR762296	ua	0	0	840	0	18	6
TR762296	mst	0	0	840	0	18	6
TR762296	mst3	0	0	859	19	24	8
TR762296	bbt64m	0	0	840	0	18	6
TR762296	pf_famsa	0	0	860	20	18	6
TR762296	pf_famsa_h32	0	0	860	20	18	None
TR762296	st_long	0	0	840	0	18	None
TR762296	st_chm13	0	0	840	0	18	None
TR762300	unpatched	0	0	None	None	None	8
TR762300	all	0	0	819	21	19	6
TR762300	full	0	0	863	65	28	8
TR762300	ua	0	0	865	67	27	7
TR762300	mst	0	0	819	21	22	8
TR762300	mst3	0	0	819	21	22	8
TR762300	bbt64m	0	0	863	65	28	8
TR762300	pf_famsa	0	0	903	105	30	8
TR762300	pf_famsa_h32	0	0	841	43	18	None
TR762300	st_long	0	0	860	62	30	None
TR762300	st_chm13	0	0	819	21	19	None
TR762306	unpatched	0	0	None	None	None	5
TR762306	all	0	0	894	1	20	5
TR762306	full	0	0	893	0	22	5
TR762306	ua	0	0	938	45	30	11
TR762306	mst	0	0	894	1	20	5
TR762306	mst3	0	0	893	0	21	5
TR762306	bbt64m	0	0	893	0	22	5
TR762306	pf_famsa	0	0	910	17	21	5
TR762306	pf_famsa_h32	0	0	924	31	24	None
TR762306	st_long	0	0	932	39	20	None
TR762306	st_chm13	0	0	894	1	21	None
TR762312	unpatched	0	0	None	None	None	3
TR762312	all	0	0	1117	0	9	2
TR762312	full	0	0	1117	0	9	2
TR762312	ua	0	0	1117	0	9	3
TR762312	mst	0	0	1117	0	9	2
TR762312	mst3	0	0	1117	0	9	2
TR762312	bbt64m	0	0	1117	0	9	2
TR762312	pf_famsa	0	0	1134	17	8	2
TR762312	pf_famsa_h32	0	0	1134	17	8	None
TR762312	st_long	0	0	1117	0	9	None
TR762312	st_chm13	0	0	1117	0	9	None
TR762323	unpatched	0	0	None	None	None	14
TR762323	all	0	0	2313	18	44	13
TR762323	full	0	0	2343	48	49	13
TR762323	ua	0	0	2320	25	56	17
TR762323	mst	0	0	2303	8	44	13
TR762323	mst3	0	0	2303	8	44	13
TR762323	bbt64m	0	0	2343	48	49	13
TR762323	pf_famsa	0	0	2366	71	46	14
TR762323	pf_famsa_h32	0	0	2383	88	43	None
TR762323	st_long	0	0	2460	165	48	None
TR762323	st_chm13	0	0	2303	8	44	None
TR762337	unpatched	0	0	None	None	None	8
TR762337	all	0	0	1452	3	22	8
TR762337	full	0	0	1460	11	26	10
TR762337	ua	0	0	1491	42	27	10
TR762337	mst	0	0	1452	3	22	8
TR762337	mst3	0	0	1542	93	38	13
TR762337	bbt64m	0	0	1460	11	26	10
TR762337	pf_famsa	0	0	1487	38	24	7
TR762337	pf_famsa_h32	0	0	1562	113	21	None
TR762337	st_long	0	0	1480	31	21	None
TR762337	st_chm13	0	0	1480	31	21	None
TR762340	unpatched	0	0	None	None	None	4
TR762340	all	0	0	1355	6	12	3
TR762340	full	0	0	1355	6	12	3
TR762340	ua	0	0	1355	6	12	3
TR762340	mst	0	0	1355	6	12	3
TR762340	mst3	0	0	1355	6	12	3
TR762340	bbt64m	0	0	1355	6	12	3
TR762340	pf_famsa	0	0	1363	14	11	3
TR762340	pf_famsa_h32	0	0	1363	14	11	None
TR762340	st_long	0	0	1355	6	12	None
TR762340	st_chm13	0	0	1355	6	12	None
TR762355	unpatched	0	0	None	None	None	2
TR762355	all	0	0	1853	15	15	5
TR762355	full	0	0	1898	60	29	7
TR762355	ua	0	0	1892	54	23	3
TR762355	mst	0	0	1883	45	25	7
TR762355	mst3	0	0	1953	115	34	11
TR762355	bbt64m	0	0	1898	60	29	7
TR762355	pf_famsa	0	0	1881	43	20	3
TR762355	pf_famsa_h32	1	0	1873	35	14	None
TR762355	st_long	0	0	1853	15	15	None
TR762355	st_chm13	0	0	1853	15	15	None
TR762359	unpatched	0	0	None	None	None	3
TR762359	all	0	0	880	0	6	2
TR762359	full	0	0	880	0	12	5
TR762359	ua	0	0	886	6	8	3
TR762359	mst	0	0	886	6	8	3
TR762359	mst3	0	0	886	6	8	3
TR762359	bbt64m	0	0	880	0	12	5
TR762359	pf_famsa	0	0	884	4	8	3
TR762359	pf_famsa_h32	0	0	890	10	6	None
TR762359	st_long	0	0	897	17	8	None
TR762359	st_chm13	0	0	880	0	6	None
TR762376	unpatched	0	0	None	None	None	3
TR762376	all	0	0	758	135	32	2
TR762376	full	0	0	829	206	42	4
TR762376	ua	0	0	787	164	34	2
TR762376	mst	0	0	664	41	26	3
TR762376	mst3	0	0	710	87	34	2
TR762376	bbt64m	0	0	800	177	43	3
TR762376	pf_famsa	0	0	977	354	74	10
TR762376	pf_famsa_h32	0	0	787	164	38	None
TR762376	st_long	0	0	859	236	39	None
TR762376	st_chm13	0	0	860	237	43	None
TR762443	unpatched	0	0	None	None	None	10
TR762443	all	0	0	2918	51	43	10
TR762443	full	0	0	2922	55	44	10
TR762443	ua	0	0	2922	55	44	10
TR762443	mst	0	0	2902	35	44	10
TR762443	mst3	0	0	2902	35	44	10
TR762443	bbt64m	0	0	2922	55	44	10
TR762443	pf_famsa	0	0	2917	50	43	10
TR762443	pf_famsa_h32	0	0	2939	72	43	None
TR762443	st_long	0	0	2918	51	43	None
TR762443	st_chm13	0	0	3257	390	28	None
TR762452	unpatched	1	0	None	None	None	8
TR762452	all	0	0	1516	118	29	4
TR762452	full	0	0	1554	156	36	10
TR762452	ua	7	2	1677	279	59	16
TR762452	mst	0	0	1516	118	29	4
TR762452	mst3	0	0	1536	138	31	4
TR762452	bbt64m	0	0	1554	156	36	10
TR762452	pf_famsa	0	0	1527	129	32	5
TR762452	pf_famsa_h32	0	0	1526	128	28	None
TR762452	st_long	0	0	1434	36	21	None
TR762452	st_chm13	0	0	1516	118	29	None
TR762490	unpatched	0	0	None	None	None	11
TR762490	all	0	0	1168	0	49	11
TR762490	full	0	0	1168	0	49	11
TR762490	ua	0	0	1168	0	52	11
TR762490	mst	0	0	1168	0	49	11
TR762490	mst3	0	0	1168	0	55	11
TR762490	bbt64m	0	0	1168	0	49	11
TR762490	pf_famsa	0	0	1192	24	48	11
TR762490	pf_famsa_h32	0	0	1192	24	48	None
TR762490	st_long	0	0	1168	0	49	None
TR762490	st_chm13	0	0	1168	0	49	None
TR762607	unpatched	0	0	None	None	None	9
TR762607	all	0	0	657	39	25	7
TR762607	full	0	0	714	96	41	10
TR762607	ua	0	0	698	80	35	11
TR762607	mst	0	0	650	32	29	5
TR762607	mst3	0	0	650	32	31	7
TR762607	bbt64m	0	0	695	77	36	9
TR762607	pf_famsa	0	0	710	92	24	6
TR762607	pf_famsa_h32	0	0	711	93	21	None
TR762607	st_long	0	0	695	77	35	None
TR762607	st_chm13	0	0	657	39	22	None
TR762629	unpatched	0	0	None	None	None	40
TR762629	all	0	0	14689	0	123	40
TR762629	full	0	0	15090	401	271	88
TR762629	ua	0	0	14855	166	163	53
TR762629	mst	0	0	14689	0	123	40
TR762629	mst3	0	0	14689	0	123	40
TR762629	bbt64m	0	0	15085	396	271	89
TR762629	pf_famsa	0	0	14720	31	129	43
TR762629	pf_famsa_h32	0	0	14730	41	125	None
TR762629	st_long	0	0	18433	3744	341	None
TR762629	st_chm13	0	0	14689	0	123	None
TR762646	unpatched	0	0	None	None	None	2
TR762646	all	0	0	940	0	7	2
TR762646	full	0	0	985	45	22	8
TR762646	ua	0	0	977	37	20	8
TR762646	mst	0	0	940	0	7	2
TR762646	mst3	0	0	940	0	7	2
TR762646	bbt64m	0	0	985	45	22	8
TR762646	pf_famsa	0	0	947	7	17	3
TR762646	pf_famsa_h32	0	0	979	39	9	None
TR762646	st_long	0	0	940	0	8	None
TR762646	st_chm13	0	0	940	0	7	None
TR762657	unpatched	0	0	None	None	None	15
TR762657	all	0	0	3282	0	44	15
TR762657	full	0	0	3282	0	44	15
TR762657	ua	0	0	3282	0	44	15
TR762657	mst	0	0	3282	0	44	15
TR762657	mst3	0	0	3282	0	44	15
TR762657	bbt64m	0	0	3282	0	44	15
TR762657	pf_famsa	0	0	3287	5	44	15
TR762657	pf_famsa_h32	0	0	3287	5	44	None
TR762657	st_long	0	0	3282	0	44	None
TR762657	st_chm13	0	0	3282	0	44	None
TR762691	unpatched	0	0	None	None	None	3
TR762691	all	0	0	834	15	13	2
TR762691	full	0	0	856	37	27	7
TR762691	ua	0	0	865	46	26	6
TR762691	mst	0	0	834	15	14	2
TR762691	mst3	0	0	834	15	15	2
TR762691	bbt64m	0	0	845	26	34	7
TR762691	pf_famsa	0	0	880	61	23	4
TR762691	pf_famsa_h32	0	0	931	112	12	None
TR762691	st_long	0	0	824	5	12	None
TR762691	st_chm13	0	0	829	10	11	None
TR762710	unpatched	0	0	None	None	None	57
TR762710	all	0	0	19563	0	169	55
TR762710	full	0	0	19563	0	169	55
TR762710	ua	0	0	19563	0	173	58
TR762710	mst	0	0	19563	0	169	55
TR762710	mst3	0	0	19563	0	169	55
TR762710	bbt64m	0	0	19563	0	169	55
TR762710	pf_famsa	0	0	None	None	None	None
TR762710	pf_famsa_h32	0	0	19572	9	171	None
TR762710	st_long	0	0	19563	0	169	None
TR762710	st_chm13	0	0	19563	0	169	None
TR762711	unpatched	0	0	None	None	None	48
TR762711	all	0	0	20260	21	143	38
TR762711	full	0	0	20252	13	145	39
TR762711	ua	0	0	20311	72	167	47
TR762711	mst	0	0	20245	6	146	39
TR762711	mst3	0	0	20245	6	146	39
TR762711	bbt64m	0	0	20252	13	145	39
TR762711	pf_famsa	0	0	None	None	None	None
TR762711	pf_famsa_h32	0	0	21320	1081	632	None
TR762711	st_long	0	0	20475	236	151	None
TR762711	st_chm13	0	0	20255	16	148	None
TR762722	unpatched	0	0	None	None	None	46
TR762722	all	0	0	21669	0	154	46
TR762722	full	0	0	21669	0	154	46
TR762722	ua	0	0	21669	0	154	46
TR762722	mst	0	0	21670	1	155	46
TR762722	mst3	0	0	21670	1	155	46
TR762722	bbt64m	0	0	21670	1	155	46
TR762722	pf_famsa	0	0	None	None	None	None
TR762722	pf_famsa_h32	0	0	21711	42	156	None
TR762722	st_long	0	0	22090	421	154	None
TR762722	st_chm13	0	0	21669	0	154	None
TR762878	unpatched	0	0	None	None	None	15
TR762878	all	0	0	1529	23	62	15
TR762878	full	0	0	1529	23	62	15
TR762878	ua	0	0	1531	25	63	15
TR762878	mst	0	0	1529	23	62	15
TR762878	mst3	0	0	1529	23	62	15
TR762878	bbt64m	0	0	1529	23	62	15
TR762878	pf_famsa	0	0	1555	49	61	15
TR762878	pf_famsa_h32	0	0	1555	49	61	None
TR762878	st_long	0	0	1529	23	62	None
TR762878	st_chm13	0	0	1529	23	62	None
TR762918	unpatched	0	0	None	None	None	179
TR762918	all	0	0	11246	23	550	179
TR762918	full	0	0	11246	23	550	179
TR762918	ua	0	0	11246	23	550	179
TR762918	mst	0	0	11246	23	550	179
TR762918	mst3	0	0	11246	23	550	179
TR762918	bbt64m	0	0	11246	23	551	179
TR762918	pf_famsa	0	0	11304	81	557	180
TR762918	pf_famsa_h32	0	0	11315	92	554	None
TR762918	st_long	0	0	11255	32	557	None
TR762918	st_chm13	0	0	11246	23	553	None
TR762943	unpatched	0	0	None	None	None	19
TR762943	all	0	0	852	0	61	22
TR762943	full	0	0	852	0	74	26
TR762943	ua	0	0	852	0	72	26
TR762943	mst	0	0	852	0	61	22
TR762943	mst3	0	0	852	0	62	22
TR762943	bbt64m	0	0	852	0	74	26
TR762943	pf_famsa	0	0	878	26	73	24
TR762943	pf_famsa_h32	0	0	874	22	71	None
TR762943	st_long	0	0	852	0	62	None
TR762943	st_chm13	0	0	852	0	61	None
TR762944	unpatched	0	0	None	None	None	638
TR762944	all	0	0	29919	2267	6128	2032
TR762944	full	0	0	29905	2253	5368	1710
TR762944	ua	0	0	29914	2262	4846	1561
TR762944	mst	0	0	29288	1636	3124	974
TR762944	mst3	0	0	29288	1636	3124	974
TR762944	bbt64m	0	0	29905	2253	5383	1719
TR762944	pf_famsa	0	0	29806	2154	5363	1514
TR762944	pf_famsa_h32	0	0	29810	2158	5459	None
TR762944	st_long	0	0	29252	1600	2996	None
TR762944	st_chm13	0	0	29826	2174	3188	None
TR762964	unpatched	0	0	None	None	None	99
TR762964	all	0	0	2363	54	242	87
TR762964	full	0	0	2363	54	244	88
TR762964	ua	0	0	2554	245	386	126
TR762964	mst	0	0	2365	56	244	87
TR762964	mst3	0	0	2363	54	243	87
TR762964	bbt64m	0	0	2363	54	244	88
TR762964	pf_famsa	0	0	2474	165	311	101
TR762964	pf_famsa_h32	0	0	2429	120	251	None
TR762964	st_long	0	0	2376	67	240	None
TR762964	st_chm13	0	0	2511	202	298	None
TR762996	unpatched	0	0	None	None	None	17
TR762996	all	0	0	1185	34	49	14
TR762996	full	0	0	1289	138	73	21
TR762996	ua	0	0	1250	99	56	17
TR762996	mst	0	0	1161	10	48	15
TR762996	mst3	0	0	1200	49	49	14
TR762996	bbt64m	0	0	1262	111	73	21
TR762996	pf_famsa	0	0	1350	199	58	15
TR762996	pf_famsa_h32	0	0	1383	232	55	None
TR762996	st_long	0	0	1372	221	75	None
TR762996	st_chm13	0	0	1232	81	58	None
TR762999	unpatched	0	0	None	None	None	7
TR762999	all	0	0	1737	0	30	7
TR762999	full	0	0	1737	0	30	7
TR762999	ua	0	0	1737	0	30	7
TR762999	mst	0	0	1737	0	30	7
TR762999	mst3	0	0	1737	0	30	7
TR762999	bbt64m	0	0	1737	0	30	7
TR762999	pf_famsa	0	0	1738	1	30	7
TR762999	pf_famsa_h32	0	0	1738	1	30	None
TR762999	st_long	0	0	1737	0	30	None
TR762999	st_chm13	0	0	1737	0	30	None
TR763074	unpatched	0	0	None	None	None	52
TR763074	all	0	0	11284	12	162	53
TR763074	full	0	0	11305	33	165	52
TR763074	ua	0	0	11306	34	164	53
TR763074	mst	0	0	11291	19	161	52
TR763074	mst3	0	0	11291	19	161	52
TR763074	bbt64m	0	0	11305	33	166	52
TR763074	pf_famsa	0	0	11367	95	174	56
TR763074	pf_famsa_h32	0	0	11363	91	172	None
TR763074	st_long	0	0	13572	2300	170	None
TR763074	st_chm13	0	0	11284	12	162	None
TR763076	unpatched	0	0	None	None	None	54
TR763076	all	0	0	11712	50	160	53
TR763076	full	0	0	15828	4166	1738	587
TR763076	ua	0	0	11712	50	162	55
TR763076	mst	0	0	11709	47	162	55
TR763076	mst3	0	0	11709	47	162	55
TR763076	bbt64m	0	0	15828	4166	1738	587
TR763076	pf_famsa	0	0	11736	74	160	54
TR763076	pf_famsa_h32	0	0	11716	54	160	None
TR763076	st_long	1	0	11730	68	166	None
TR763076	st_chm13	0	0	11712	50	160	None
TR763099	unpatched	0	0	None	None	None	31
TR763099	all	0	0	1004	7	97	33
TR763099	full	0	0	1004	7	98	33
TR763099	ua	0	0	1004	7	98	33
TR763099	mst	0	0	1004	7	98	33
TR763099	mst3	0	0	1004	7	98	33
TR763099	bbt64m	0	0	1004	7	98	33
TR763099	pf_famsa	0	0	1004	7	96	31
TR763099	pf_famsa_h32	0	0	1004	7	93	None
TR763099	st_long	0	0	1004	7	97	None
TR763099	st_chm13	0	0	1004	7	97	None
TR763102	unpatched	0	0	None	None	None	28
TR763102	all	0	0	1026	5	123	33
TR763102	full	0	0	1092	71	128	35
TR763102	ua	0	0	1063	42	126	32
TR763102	mst	0	0	1024	3	77	26
TR763102	mst3	0	0	1023	2	78	27
TR763102	bbt64m	0	0	1092	71	128	35
TR763102	pf_famsa	0	0	1085	64	140	37
TR763102	pf_famsa_h32	0	0	1095	74	152	None
TR763102	st_long	0	0	1024	3	117	None
TR763102	st_chm13	0	0	1024	3	117	None
TR763235	unpatched	0	0	None	None	None	18
TR763235	all	0	0	3110	262	147	54
TR763235	full	2	0	3149	301	75	26
TR763235	ua	0	0	3030	182	79	30
TR763235	mst	0	0	2887	39	46	16
TR763235	mst3	0	0	2887	39	46	16
TR763235	bbt64m	2	0	3154	306	80	28
TR763235	pf_famsa	0	0	2982	134	55	17
TR763235	pf_famsa_h32	0	0	2980	132	51	None
TR763235	st_long	2	0	3351	503	70	None
TR763235	st_chm13	0	0	2930	82	52	None
TR763303	unpatched	0	0	None	None	None	11
TR763303	all	0	0	1361	120	49	10
TR763303	full	0	1	1551	310	86	24
TR763303	ua	0	1	1463	222	75	24
TR763303	mst	0	0	1398	157	56	11
TR763303	mst3	0	0	1363	122	53	13
TR763303	bbt64m	1	1	1535	294	90	25
TR763303	pf_famsa	1	1	1456	215	65	15
TR763303	pf_famsa_h32	0	0	1432	191	49	None
TR763303	st_long	0	0	1424	183	58	None
TR763303	st_chm13	0	0	1376	135	50	None
TR763309	unpatched	0	0	None	None	None	3
TR763309	all	0	0	1000	1	21	2
TR763309	full	0	0	1108	109	66	2
TR763309	ua	0	0	1079	80	42	4
TR763309	mst	0	0	1058	59	32	2
TR763309	mst3	0	0	1016	17	25	2
TR763309	bbt64m	0	0	1108	109	66	2
TR763309	pf_famsa	0	0	1109	110	44	5
TR763309	pf_famsa_h32	0	0	1051	52	24	None
TR763309	st_long	1	0	1069	70	28	None
TR763309	st_chm13	0	0	1000	1	22	None
TR763319	unpatched	0	0	None	None	None	2
TR763319	all	0	0	2760	3	17	2
TR763319	full	0	0	2760	3	17	2
TR763319	ua	0	0	2760	3	17	2
TR763319	mst	0	0	2760	3	17	2
TR763319	mst3	0	0	2760	3	17	2
TR763319	bbt64m	0	0	2760	3	17	2
TR763319	pf_famsa	0	0	2780	23	19	2
TR763319	pf_famsa_h32	0	0	2779	22	17	None
TR763319	st_long	0	0	2760	3	17	None
TR763319	st_chm13	0	0	2760	3	17	None
TR763460	unpatched	0	0	None	None	None	8
TR763460	all	0	0	1183	144	47	12
TR763460	full	0	0	1281	242	71	18
TR763460	ua	0	0	1456	417	99	17
TR763460	mst	0	0	1136	97	41	10
TR763460	mst3	0	0	1135	96	38	10
TR763460	bbt64m	0	0	1281	242	71	18
TR763460	pf_famsa	0	0	1275	236	82	17
TR763460	pf_famsa_h32	0	0	1233	194	55	None
TR763460	st_long	0	0	1172	133	48	None
TR763460	st_chm13	1	0	1223	184	38	None
TR763480	unpatched	0	0	None	None	None	6
TR763480	all	0	0	2071	43	23	8
TR763480	full	0	0	2432	404	172	63
TR763480	ua	0	0	2093	65	27	10
TR763480	mst	0	0	2088	60	24	9
TR763480	mst3	0	0	2088	60	24	9
TR763480	bbt64m	0	0	2432	404	172	63
TR763480	pf_famsa	0	0	2090	62	24	8
TR763480	pf_famsa_h32	0	0	2083	55	18	None
TR763480	st_long	0	0	2092	64	21	None
TR763480	st_chm13	0	0	2071	43	23	None
TR763587	unpatched	0	0	None	None	None	2
TR763587	all	0	0	1869	4	13	2
TR763587	full	0	0	1891	26	18	2
TR763587	ua	0	0	1910	45	35	12
TR763587	mst	0	0	1869	4	13	2
TR763587	mst3	0	0	1869	4	13	2
TR763587	bbt64m	0	0	1891	26	18	2
TR763587	pf_famsa	0	0	1890	25	25	8
TR763587	pf_famsa_h32	0	0	1911	46	13	None
TR763587	st_long	1	0	2071	206	40	None
TR763587	st_chm13	0	0	1869	4	13	None
TR763611	unpatched	0	0	None	None	None	5
TR763611	all	0	0	1862	4	15	5
TR763611	full	0	0	1900	42	28	9
TR763611	ua	0	0	1875	17	16	5
TR763611	mst	0	0	1866	8	16	5
TR763611	mst3	0	0	1866	8	17	5
TR763611	bbt64m	0	0	1912	54	29	9
TR763611	pf_famsa	0	0	2011	153	38	8
TR763611	pf_famsa_h32	0	0	2003	145	20	None
TR763611	st_long	0	0	1862	4	15	None
TR763611	st_chm13	0	0	1862	4	15	None
TR763614	unpatched	14	5	None	None	None	1
TR763614	all	6	6	13696	3857	977	30
TR763614	full	8	6	19797	9958	2342	36
TR763614	ua	13	6	18321	8482	2755	23
TR763614	mst	11	7	20383	10544	2385	21
TR763614	mst3	5	7	19047	9208	2140	17
TR763614	bbt64m	11	6	20182	10343	2433	32
TR763614	pf_famsa	18	6	18916	9077	2553	29
TR763614	pf_famsa_h32	7	7	14604	4765	1188	None
TR763614	st_long	2	8	12091	2252	635	None
TR763614	st_chm13	1	6	15097	5258	927	None
TR763652	unpatched	1	0	None	None	None	1
TR763652	all	1	0	3245	25	38	12
TR763652	full	1	0	3244	24	32	11
TR763652	ua	1	0	3244	24	32	11
TR763652	mst	1	0	3220	0	27	9
TR763652	mst3	1	0	3235	15	26	8
TR763652	bbt64m	1	0	3244	24	32	11
TR763652	pf_famsa	1	0	3275	55	30	8
TR763652	pf_famsa_h32	1	0	3260	40	33	None
TR763652	st_long	1	0	3280	60	32	None
TR763652	st_chm13	1	0	3244	24	36	None
TR763693	unpatched	0	0	None	None	None	2
TR763693	all	0	0	678	0	8	2
TR763693	full	0	0	683	5	8	2
TR763693	ua	0	0	703	25	10	2
TR763693	mst	0	0	678	0	8	2
TR763693	mst3	0	0	678	0	8	2
TR763693	bbt64m	0	0	683	5	8	2
TR763693	pf_famsa	0	0	703	25	8	2
TR763693	pf_famsa_h32	0	0	703	25	8	None
TR763693	st_long	0	0	704	26	9	None
TR763693	st_chm13	0	0	678	0	8	None
TR763733	unpatched	0	0	None	None	None	14
TR763733	all	0	0	963	46	48	16
TR763733	full	0	0	967	50	50	15
TR763733	ua	0	0	995	78	58	16
TR763733	mst	0	0	984	67	57	12
TR763733	mst3	0	0	949	32	50	11
TR763733	bbt64m	0	0	994	77	56	17
TR763733	pf_famsa	0	0	1094	177	56	12
TR763733	pf_famsa_h32	0	0	1096	179	51	None
TR763733	st_long	0	0	945	28	48	None
TR763733	st_chm13	0	0	968	51	48	None
TR763761	unpatched	0	0	None	None	None	4
TR763761	all	0	0	1368	0	8	3
TR763761	full	0	0	1368	0	8	3
TR763761	ua	0	0	1368	0	8	3
TR763761	mst	0	0	1368	0	8	3
TR763761	mst3	0	0	1368	0	8	3
TR763761	bbt64m	0	0	1368	0	8	3
TR763761	pf_famsa	0	0	1394	26	8	3
TR763761	pf_famsa_h32	0	0	1394	26	8	None
TR763761	st_long	0	0	1368	0	8	None
TR763761	st_chm13	0	0	1368	0	8	None
TR763775	unpatched	0	0	None	None	None	6
TR763775	all	0	0	1398	38	45	4
TR763775	full	0	0	1453	93	70	4
TR763775	ua	1	1	1438	78	69	4
TR763775	mst	3	1	1541	181	118	5
TR763775	mst3	3	1	1541	181	113	5
TR763775	bbt64m	0	0	1453	93	70	4
TR763775	pf_famsa	1	1	1479	119	64	6
TR763775	pf_famsa_h32	0	0	1503	143	59	None
TR763775	st_long	0	0	1418	58	44	None
TR763775	st_chm13	0	0	1418	58	44	None
TR763787	unpatched	0	0	None	None	None	6
TR763787	all	0	0	787	9	19	5
TR763787	full	0	0	793	15	22	6
TR763787	ua	0	0	867	89	43	15
TR763787	mst	0	0	787	9	19	5
TR763787	mst3	0	0	786	8	20	5
TR763787	bbt64m	0	0	793	15	22	6
TR763787	pf_famsa	0	0	879	101	48	14
TR763787	pf_famsa_h32	0	0	887	109	44	None
TR763787	st_long	0	0	787	9	19	None
TR763787	st_chm13	0	0	787	9	19	None
TR763817	unpatched	2	0	None	None	None	5
TR763817	all	1	0	1568	138	36	7
TR763817	full	3	0	1634	204	53	15
TR763817	ua	1	0	1576	146	42	11
TR763817	mst	0	0	1546	116	30	6
TR763817	mst3	0	0	1590	160	40	9
TR763817	bbt64m	3	0	1634	204	53	15
TR763817	pf_famsa	1	0	1594	164	40	10
TR763817	pf_famsa_h32	1	0	1507	77	25	None
TR763817	st_long	0	0	1619	189	45	None
TR763817	st_chm13	2	0	1546	116	28	None
TR763830	unpatched	0	0	None	None	None	5
TR763830	all	0	0	1292	0	14	5
TR763830	full	0	0	1292	0	14	5
TR763830	ua	0	0	1311	19	24	10
TR763830	mst	0	0	1294	2	15	5
TR763830	mst3	0	0	1294	2	15	5
TR763830	bbt64m	0	0	1292	0	14	5
TR763830	pf_famsa	0	0	1337	45	14	5
TR763830	pf_famsa_h32	0	0	1357	65	14	None
TR763830	st_long	0	0	1292	0	14	None
TR763830	st_chm13	0	0	1292	0	14	None
TR763914	unpatched	0	0	None	None	None	1
TR763914	all	0	0	1251	0	3	1
TR763914	full	0	0	1347	96	25	9
TR763914	ua	0	0	1271	20	3	1
TR763914	mst	0	0	1251	0	3	1
TR763914	mst3	0	0	1251	0	3	1
TR763914	bbt64m	0	0	1347	96	25	9
TR763914	pf_famsa	0	0	1271	20	3	1
TR763914	pf_famsa_h32	0	0	1271	20	3	None
TR763914	st_long	0	0	1251	0	3	None
TR763914	st_chm13	0	0	1251	0	3	None
TR763973	unpatched	2	0	None	None	None	15
TR763973	all	0	0	1695	22	18	7
TR763973	full	1	0	1778	105	30	10
TR763973	ua	1	0	1812	139	33	11
TR763973	mst	1	0	1737	64	22	7
TR763973	mst3	1	0	1712	39	18	6
TR763973	bbt64m	1	0	1778	105	30	10
TR763973	pf_famsa	1	0	1851	178	41	12
TR763973	pf_famsa_h32	1	0	1761	88	17	None
TR763973	st_long	0	0	1848	175	19	None
TR763973	st_chm13	0	0	1695	22	18	None
TR764108	unpatched	1	0	None	None	None	12
TR764108	all	0	0	818	17	54	9
TR764108	full	0	0	862	61	74	17
TR764108	ua	0	0	843	42	70	10
TR764108	mst	1	0	839	38	24	2
TR764108	mst3	1	0	860	59	31	5
TR764108	bbt64m	0	0	857	56	72	14
TR764108	pf_famsa	0	0	939	138	74	7
TR764108	pf_famsa_h32	0	0	986	185	70	None
TR764108	st_long	0	0	819	18	51	None
TR764108	st_chm13	0	0	822	21	55	None
TR764110	unpatched	0	0	None	None	None	3
TR764110	all	0	0	1098	0	10	3
TR764110	full	0	0	1098	0	10	3
TR764110	ua	0	0	1101	3	10	3
TR764110	mst	0	0	1098	0	10	3
TR764110	mst3	0	0	1098	0	10	3
TR764110	bbt64m	0	0	1098	0	10	3
TR764110	pf_famsa	0	0	1133	35	10	3
TR764110	pf_famsa_h32	0	0	1119	21	16	None
TR764110	st_long	0	0	1098	0	10	None
TR764110	st_chm13	0	0	1098	0	10	None
TR764119	unpatched	0	0	None	None	None	13
TR764119	all	0	0	1448	175	65	19
TR764119	full	0	2	1558	285	113	33
TR764119	ua	0	2	1646	373	102	30
TR764119	mst	0	0	1462	189	76	13
TR764119	mst3	0	0	1417	144	69	16
TR764119	bbt64m	0	2	1548	275	122	35
TR764119	pf_famsa	0	2	1629	356	100	25
TR764119	pf_famsa_h32	0	2	1529	256	76	None
TR764119	st_long	0	0	1560	287	65	None
TR764119	st_chm13	0	0	1812	539	78	None
TR764302	unpatched	0	0	None	None	None	3
TR764302	all	0	0	1156	0	9	3
TR764302	full	0	0	1156	0	9	3
TR764302	ua	0	0	1156	0	9	3
TR764302	mst	0	0	1156	0	9	3
TR764302	mst3	0	0	1156	0	9	3
TR764302	bbt64m	0	0	1156	0	9	3
TR764302	pf_famsa	0	0	1207	51	9	3
TR764302	pf_famsa_h32	0	0	1207	51	9	None
TR764302	st_long	0	0	1156	0	9	None
TR764302	st_chm13	0	0	1156	0	9	None
TR764339	unpatched	0	0	None	None	None	4
TR764339	all	0	0	1016	0	13	3
TR764339	full	0	0	1016	0	13	3
TR764339	ua	0	0	1016	0	13	3
TR764339	mst	0	0	1016	0	13	3
TR764339	mst3	0	0	1016	0	13	3
TR764339	bbt64m	0	0	1016	0	13	3
TR764339	pf_famsa	0	0	1053	37	13	3
TR764339	pf_famsa_h32	0	0	1053	37	13	None
TR764339	st_long	0	0	1016	0	13	None
TR764339	st_chm13	0	0	1016	0	13	None
TR764350	unpatched	0	0	None	None	None	8
TR764350	all	0	0	915	37	21	7
TR764350	full	0	0	934	56	28	10
TR764350	ua	1	0	940	62	21	7
TR764350	mst	0	0	941	63	21	7
TR764350	mst3	0	0	941	63	21	7
TR764350	bbt64m	0	0	934	56	28	10
TR764350	pf_famsa	0	0	952	74	25	8
TR764350	pf_famsa_h32	0	0	938	60	21	None
TR764350	st_long	0	0	923	45	21	None
TR764350	st_chm13	1	0	909	31	19	None
TR764357	unpatched	0	0	None	None	None	32
TR764357	all	3	1	3115	373	249	35
TR764357	full	0	0	3554	812	498	65
TR764357	ua	2	2	3275	533	364	50
TR764357	mst	2	0	3279	537	194	25
TR764357	mst3	4	2	3240	498	214	33
TR764357	bbt64m	0	0	3377	635	396	34
TR764357	pf_famsa	5	2	3196	454	348	39
TR764357	pf_famsa_h32	2	0	3173	431	294	None
TR764357	st_long	0	0	3539	797	354	None
TR764357	st_chm13	0	0	3211	469	290	None
TR764366	unpatched	0	0	None	None	None	24
TR764366	all	1	0	2454	107	83	26
TR764366	full	0	0	2897	550	283	101
TR764366	ua	0	0	3202	855	290	95
TR764366	mst	0	0	2818	471	154	53
TR764366	mst3	0	0	2818	471	154	53
TR764366	bbt64m	0	0	2897	550	283	101
TR764366	pf_famsa	0	0	2495	148	85	23
TR764366	pf_famsa_h32	1	0	2523	176	84	None
TR764366	st_long	2	0	2483	136	85	None
TR764366	st_chm13	0	0	2930	583	182	None
TR764465	unpatched	0	0	None	None	None	13
TR764465	all	0	0	1372	199	59	17
TR764465	full	0	0	1476	303	79	25
TR764465	ua	0	0	1344	171	68	15
TR764465	mst	0	0	1510	337	78	21
TR764465	mst3	0	0	1291	118	40	12
TR764465	bbt64m	0	0	1476	303	79	25
TR764465	pf_famsa	0	0	1286	113	37	9
TR764465	pf_famsa_h32	0	0	1345	172	30	None
TR764465	st_long	0	0	1527	354	77	None
TR764465	st_chm13	0	0	1283	110	38	None
TR764473	unpatched	0	0	None	None	None	3
TR764473	all	0	0	951	1	13	4
TR764473	full	0	0	951	1	13	4
TR764473	ua	0	0	951	1	13	4
TR764473	mst	0	0	950	0	13	4
TR764473	mst3	0	0	950	0	13	4
TR764473	bbt64m	0	0	951	1	13	4
TR764473	pf_famsa	0	0	991	41	12	3
TR764473	pf_famsa_h32	0	0	991	41	12	None
TR764473	st_long	0	0	950	0	11	None
TR764473	st_chm13	0	0	951	1	13	None
TR764476	unpatched	1	1	None	None	None	15
TR764476	all	0	1	1638	432	101	17
TR764476	full	1	1	1921	715	196	35
TR764476	ua	0	1	1933	727	225	36
TR764476	mst	1	1	1980	774	226	19
TR764476	mst3	1	1	1826	620	195	22
TR764476	bbt64m	1	1	1852	646	201	30
TR764476	pf_famsa	0	1	2032	826	202	19
TR764476	pf_famsa_h32	0	1	1965	759	193	None
TR764476	st_long	0	0	1654	448	114	None
TR764476	st_chm13	0	1	2340	1134	159	None
TR764486	unpatched	0	0	None	None	None	2
TR764486	all	0	0	1419	55	31	10
TR764486	full	0	0	1461	97	67	19
TR764486	ua	0	0	1461	97	67	19
TR764486	mst	0	0	1381	17	28	7
TR764486	mst3	0	0	1457	93	44	8
TR764486	bbt64m	0	0	1464	100	54	15
TR764486	pf_famsa	0	0	1442	78	50	9
TR764486	pf_famsa_h32	0	0	1451	87	31	None
TR764486	st_long	0	0	1469	105	48	None
TR764486	st_chm13	0	0	1515	151	32	None
TR764558	unpatched	0	0	None	None	None	3
TR764558	all	0	0	1008	2	14	3
TR764558	full	0	0	1008	2	14	3
TR764558	ua	0	0	1037	31	14	3
TR764558	mst	0	0	1008	2	14	3
TR764558	mst3	0	0	1008	2	14	3
TR764558	bbt64m	0	0	1008	2	14	3
TR764558	pf_famsa	0	0	1041	35	13	3
TR764558	pf_famsa_h32	0	0	1041	35	13	None
TR764558	st_long	0	0	1008	2	14	None
TR764558	st_chm13	0	0	1008	2	14	None
TR764604	unpatched	3	0	None	None	None	12
TR764604	all	0	0	1692	29	31	5
TR764604	full	0	0	1778	115	52	15
TR764604	ua	0	0	1778	115	52	15
TR764604	mst	0	0	1953	290	78	16
TR764604	mst3	0	0	1704	41	39	11
TR764604	bbt64m	0	0	1778	115	52	15
TR764604	pf_famsa	0	0	1785	122	37	5
TR764604	pf_famsa_h32	0	0	1775	112	31	None
TR764604	st_long	0	0	1678	15	33	None
TR764604	st_chm13	0	0	1679	16	33	None
TR764713	unpatched	0	0	None	None	None	10
TR764713	all	0	0	3256	0	50	10
TR764713	full	0	0	3256	0	52	10
TR764713	ua	0	0	3274	18	55	8
TR764713	mst	0	0	3256	0	50	10
TR764713	mst3	0	0	3256	0	50	10
TR764713	bbt64m	0	0	3256	0	52	10
TR764713	pf_famsa	0	0	3339	83	53	5
TR764713	pf_famsa_h32	0	0	3339	83	51	None
TR764713	st_long	0	0	3256	0	50	None
TR764713	st_chm13	0	0	3256	0	50	None
TR764727	unpatched	0	0	None	None	None	8
TR764727	all	0	0	2754	2	29	8
TR764727	full	0	0	2761	9	33	8
TR764727	ua	0	0	2799	47	49	4
TR764727	mst	0	0	2754	2	29	8
TR764727	mst3	0	0	2761	9	33	8
TR764727	bbt64m	0	0	2761	9	33	8
TR764727	pf_famsa	0	0	2790	38	31	7
TR764727	pf_famsa_h32	0	0	2791	39	29	None
TR764727	st_long	0	0	2795	43	29	None
TR764727	st_chm13	0	0	2754	2	29	None
TR764761	unpatched	1	0	None	None	None	2
TR764761	all	0	0	1432	17	6	2
TR764761	full	0	0	1474	59	11	4
TR764761	ua	0	0	1486	71	14	6
TR764761	mst	0	0	1474	59	13	5
TR764761	mst3	0	0	1474	59	13	5
TR764761	bbt64m	0	0	1474	59	11	4
TR764761	pf_famsa	0	0	1527	112	17	6
TR764761	pf_famsa_h32	0	0	1452	37	6	None
TR764761	st_long	0	0	1470	55	8	None
TR764761	st_chm13	0	0	1432	17	6	None
TR764773	unpatched	1	0	None	None	None	7
TR764773	all	0	0	1003	129	73	5
TR764773	full	0	0	1045	171	105	10
TR764773	ua	0	0	1051	177	113	6
TR764773	mst	0	0	925	51	56	7
TR764773	mst3	0	0	953	79	57	6
TR764773	bbt64m	0	0	1051	177	86	6
TR764773	pf_famsa	0	0	1040	166	98	8
TR764773	pf_famsa_h32	0	0	1180	306	84	None
TR764773	st_long	0	0	1200	326	54	None
TR764773	st_chm13	0	0	1033	159	66	None
TR764794	unpatched	0	0	None	None	None	7
TR764794	all	0	0	1285	42	24	7
TR764794	full	0	0	1285	42	24	7
TR764794	ua	0	0	1285	42	26	8
TR764794	mst	0	0	1285	42	24	7
TR764794	mst3	0	0	1285	42	24	7
TR764794	bbt64m	0	0	1285	42	24	7
TR764794	pf_famsa	0	0	1285	42	23	6
TR764794	pf_famsa_h32	0	0	1285	42	23	None
TR764794	st_long	0	0	1277	34	22	None
TR764794	st_chm13	0	0	1329	86	22	None
TR764862	unpatched	0	0	None	None	None	5
TR764862	all	0	0	832	4	25	5
TR764862	full	0	0	864	36	30	7
TR764862	ua	0	0	864	36	30	7
TR764862	mst	0	0	886	58	31	6
TR764862	mst3	0	0	880	52	30	6
TR764862	bbt64m	0	0	864	36	30	7
TR764862	pf_famsa	0	0	1081	253	33	5
TR764862	pf_famsa_h32	0	0	1077	249	27	None
TR764862	st_long	0	0	894	66	29	None
TR764862	st_chm13	0	0	880	52	28	None
TR764873	unpatched	0	0	None	None	None	7
TR764873	all	0	0	1240	33	37	7
TR764873	full	0	0	1320	113	45	12
TR764873	ua	0	0	1320	113	45	12
TR764873	mst	0	0	1294	87	55	7
TR764873	mst3	0	0	1297	90	50	8
TR764873	bbt64m	0	0	1350	143	63	11
TR764873	pf_famsa	0	0	1561	354	37	7
TR764873	pf_famsa_h32	0	0	1574	367	34	None
TR764873	st_long	3	0	1392	185	55	None
TR764873	st_chm13	0	0	1243	36	34	None
TR764881	unpatched	0	0	None	None	None	9
TR764881	all	1	0	1348	0	26	8
TR764881	full	0	0	1442	94	56	20
TR764881	ua	0	0	1442	94	56	21
TR764881	mst	1	0	1348	0	26	8
TR764881	mst3	0	0	1457	109	45	14
TR764881	bbt64m	0	0	1442	94	56	20
TR764881	pf_famsa	0	0	1405	57	38	12
TR764881	pf_famsa_h32	0	0	1368	20	27	None
TR764881	st_long	0	0	1388	40	35	None
TR764881	st_chm13	1	0	1348	0	26	None
TR764895	unpatched	0	0	None	None	None	3
TR764895	all	0	0	1197	4	9	3
TR764895	full	0	0	1197	4	9	3
TR764895	ua	0	0	1197	4	9	3
TR764895	mst	0	0	1197	4	12	4
TR764895	mst3	0	0	1197	4	12	4
TR764895	bbt64m	0	0	1197	4	9	3
TR764895	pf_famsa	0	0	1197	4	10	3
TR764895	pf_famsa_h32	0	0	1201	8	9	None
TR764895	st_long	0	0	1197	4	9	None
TR764895	st_chm13	0	0	1197	4	9	None
TR764995	unpatched	0	1	None	None	None	2
TR764995	all	0	0	734	41	11	4
TR764995	full	0	0	734	41	11	4
TR764995	ua	0	0	734	41	14	3
TR764995	mst	0	0	721	28	10	2
TR764995	mst3	1	0	726	33	14	3
TR764995	bbt64m	0	0	734	41	11	4
TR764995	pf_famsa	0	0	724	31	10	3
TR764995	pf_famsa_h32	0	0	752	59	11	None
TR764995	st_long	0	0	749	56	9	None
TR764995	st_chm13	0	0	715	22	11	None
TR765001	unpatched	0	0	None	None	None	4
TR765001	all	0	0	971	0	15	4
TR765001	full	0	0	980	9	17	5
TR765001	ua	0	0	980	9	17	5
TR765001	mst	0	0	972	1	15	4
TR765001	mst3	0	0	972	1	15	4
TR765001	bbt64m	0	0	980	9	17	5
TR765001	pf_famsa	0	0	1019	48	15	4
TR765001	pf_famsa_h32	0	0	1031	60	15	None
TR765001	st_long	0	0	971	0	15	None
TR765001	st_chm13	0	0	971	0	15	None
TR765031	unpatched	0	0	None	None	None	6
TR765031	all	0	0	724	47	27	5
TR765031	full	0	0	778	101	38	8
TR765031	ua	0	0	823	146	45	10
TR765031	mst	0	0	727	50	31	6
TR765031	mst3	0	0	727	50	30	6
TR765031	bbt64m	0	0	783	106	43	7
TR765031	pf_famsa	0	0	941	264	41	8
TR765031	pf_famsa_h32	0	0	933	256	29	None
TR765031	st_long	0	0	811	134	40	None
TR765031	st_chm13	0	0	795	118	26	None
TR765117	unpatched	0	0	None	None	None	15
TR765117	all	0	0	1102	90	75	22
TR765117	full	0	0	1177	165	90	28
TR765117	ua	0	0	1135	123	90	20
TR765117	mst	0	0	1171	159	102	22
TR765117	mst3	0	0	1198	186	95	24
TR765117	bbt64m	0	0	1197	185	106	26
TR765117	pf_famsa	0	0	1310	298	112	29
TR765117	pf_famsa_h32	0	0	1318	306	84	None
TR765117	st_long	1	0	1261	249	107	None
TR765117	st_chm13	0	0	1226	214	99	None
TR765194	unpatched	0	0	None	None	None	1
TR765194	all	0	0	1224	0	3	1
TR765194	full	0	0	1224	0	3	1
TR765194	ua	0	0	1224	0	3	1
TR765194	mst	0	0	1224	0	3	1
TR765194	mst3	0	0	1224	0	3	1
TR765194	bbt64m	0	0	1224	0	3	1
TR765194	pf_famsa	0	0	1230	6	3	1
TR765194	pf_famsa_h32	0	0	1230	6	3	None
TR765194	st_long	0	0	1224	0	3	None
TR765194	st_chm13	0	0	1224	0	3	None
TR765244	unpatched	0	0	None	None	None	2
TR765244	all	0	0	562	0	6	2
TR765244	full	0	0	562	0	6	2
TR765244	ua	0	0	564	2	6	2
TR765244	mst	0	0	562	0	6	2
TR765244	mst3	0	0	562	0	6	2
TR765244	bbt64m	0	0	562	0	6	2
TR765244	pf_famsa	0	0	579	17	6	2
TR765244	pf_famsa_h32	0	0	579	17	6	None
TR765244	st_long	0	0	562	0	6	None
TR765244	st_chm13	0	0	562	0	6	None
TR765247	unpatched	0	1	None	None	None	2
TR765247	all	0	1	755	89	23	2
TR765247	full	0	1	750	84	25	2
TR765247	ua	0	1	750	84	25	2
TR765247	mst	0	1	694	28	21	2
TR765247	mst3	0	1	723	57	24	2
TR765247	bbt64m	0	1	750	84	25	2
TR765247	pf_famsa	0	0	881	215	20	1
TR765247	pf_famsa_h32	0	0	885	219	27	None
TR765247	st_long	0	0	881	215	19	None
TR765247	st_chm13	0	0	745	79	21	None
TR765250	unpatched	0	0	None	None	None	26
TR765250	all	0	0	3505	797	222	64
TR765250	full	0	0	3543	835	246	60
TR765250	ua	0	0	3829	1121	346	77
TR765250	mst	0	0	3368	660	159	38
TR765250	mst3	0	0	3177	469	127	33
TR765250	bbt64m	0	0	3761	1053	282	72
TR765250	pf_famsa	0	0	3418	710	159	39
TR765250	pf_famsa_h32	0	0	3346	638	130	None
TR765250	st_long	0	0	3369	661	201	None
TR765250	st_chm13	0	0	3228	520	139	None
TR765271	unpatched	0	0	None	None	None	21
TR765271	all	0	0	2196	275	115	31
TR765271	full	0	0	2646	725	236	68
TR765271	ua	0	0	2514	593	183	53
TR765271	mst	0	0	2325	404	152	36
TR765271	mst3	0	0	2322	401	155	37
TR765271	bbt64m	0	0	2717	796	230	64
TR765271	pf_famsa	0	0	2787	866	181	6
TR765271	pf_famsa_h32	1	0	2688	767	176	None
TR765271	st_long	0	0	2516	595	169	None
TR765271	st_chm13	0	0	2249	328	134	None
TR765308	unpatched	0	0	None	None	None	11
TR765308	all	0	0	2070	2	37	11
TR765308	full	0	0	2070	2	37	11
TR765308	ua	0	0	2427	359	117	45
TR765308	mst	0	0	2070	2	39	12
TR765308	mst3	0	0	2070	2	37	11
TR765308	bbt64m	0	0	2070	2	37	11
TR765308	pf_famsa	0	0	2427	359	129	40
TR765308	pf_famsa_h32	0	0	2423	355	124	None
TR765308	st_long	0	0	2070	2	39	None
TR765308	st_chm13	0	0	2070	2	37	None
TR765313	unpatched	0	0	None	None	None	7
TR765313	all	0	0	1235	0	23	7
TR765313	full	0	0	1235	0	23	7
TR765313	ua	0	0	1235	0	23	7
TR765313	mst	0	0	1239	4	24	7
TR765313	mst3	0	0	1239	4	24	7
TR765313	bbt64m	0	0	1235	0	23	7
TR765313	pf_famsa	0	0	1278	43	23	7
TR765313	pf_famsa_h32	0	0	1360	125	26	None
TR765313	st_long	0	0	1235	0	23	None
TR765313	st_chm13	0	0	1235	0	23	None
TR765325	unpatched	0	0	None	None	None	35
TR765325	all	0	0	3146	102	161	40
TR765325	full	0	0	3165	121	142	33
TR765325	ua	0	0	3591	547	268	52
TR765325	mst	0	0	3070	26	138	35
TR765325	mst3	0	0	3088	44	138	35
TR765325	bbt64m	0	0	3119	75	139	32
TR765325	pf_famsa	0	0	3416	372	170	14
TR765325	pf_famsa_h32	0	0	3441	397	179	None
TR765325	st_long	0	0	3178	134	140	None
TR765325	st_chm13	0	0	3273	229	180	None
TR765332	unpatched	0	1	None	None	None	8
TR765332	all	0	0	1444	41	23	6
TR765332	full	0	0	1458	55	25	7
TR765332	ua	0	1	1518	115	39	12
TR765332	mst	0	1	1575	172	86	32
TR765332	mst3	0	1	1575	172	86	32
TR765332	bbt64m	0	0	1458	55	25	7
TR765332	pf_famsa	0	1	1497	94	26	8
TR765332	pf_famsa_h32	0	1	1594	191	88	None
TR765332	st_long	0	0	1444	41	23	None
TR765332	st_chm13	0	1	1580	177	88	None
TR765354	unpatched	0	0	None	None	None	19
TR765354	all	1	0	5458	647	202	47
TR765354	full	0	0	7710	2899	740	180
TR765354	ua	0	0	6002	1191	381	110
TR765354	mst	1	0	5627	816	222	43
TR765354	mst3	0	0	5534	723	219	23
TR765354	bbt64m	0	0	6048	1237	336	83
TR765354	pf_famsa	0	0	5938	1127	284	61
TR765354	pf_famsa_h32	2	0	5682	871	186	None
TR765354	st_long	2	0	6455	1644	382	None
TR765354	st_chm13	1	0	5387	576	188	None
TR765395	unpatched	0	0	None	None	None	8
TR765395	all	0	0	1359	0	21	8
TR765395	full	0	0	1359	0	21	8
TR765395	ua	0	0	1399	40	47	20
TR765395	mst	0	0	1364	5	23	8
TR765395	mst3	0	0	1359	0	21	8
TR765395	bbt64m	0	0	1359	0	21	8
TR765395	pf_famsa	0	0	1412	53	27	8
TR765395	pf_famsa_h32	0	0	1414	55	21	None
TR765395	st_long	0	0	1359	0	21	None
TR765395	st_chm13	0	0	1359	0	21	None
TR765408	unpatched	0	0	None	None	None	6
TR765408	all	0	0	1566	0	10	3
TR765408	full	0	0	1587	21	13	5
TR765408	ua	0	0	1725	159	38	16
TR765408	mst	0	0	1566	0	10	3
TR765408	mst3	0	0	1566	0	16	5
TR765408	bbt64m	0	0	1587	21	13	5
TR765408	pf_famsa	0	0	1590	24	15	4
TR765408	pf_famsa_h32	0	0	1572	6	10	None
TR765408	st_long	0	0	1566	0	10	None
TR765408	st_chm13	0	0	1566	0	10	None
TR765435	unpatched	0	0	None	None	None	10
TR765435	all	0	2	1045	25	59	12
TR765435	full	0	0	1114	94	69	19
TR765435	ua	0	2	1076	56	67	13
TR765435	mst	0	0	1036	16	26	7
TR765435	mst3	0	0	1042	22	34	9
TR765435	bbt64m	0	0	1114	94	69	19
TR765435	pf_famsa	0	2	1152	132	73	13
TR765435	pf_famsa_h32	0	0	1093	73	64	None
TR765435	st_long	0	0	1138	118	57	None
TR765435	st_chm13	0	1	1111	91	62	None
TR765467	unpatched	0	1	None	None	None	8
TR765467	all	0	1	776	88	39	12
TR765467	full	0	1	875	187	58	15
TR765467	ua	0	0	831	143	62	15
TR765467	mst	0	0	817	129	53	13
TR765467	mst3	0	1	807	119	54	15
TR765467	bbt64m	0	1	871	183	58	16
TR765467	pf_famsa	0	1	955	267	76	15
TR765467	pf_famsa_h32	0	0	947	259	67	None
TR765467	st_long	0	1	825	137	44	None
TR765467	st_chm13	0	1	810	122	42	None
TR765487	unpatched	0	0	None	None	None	14
TR765487	all	0	1	3177	929	239	35
TR765487	full	0	1	3379	1131	286	47
TR765487	ua	0	1	3444	1196	365	51
TR765487	mst	0	0	3350	1102	194	21
TR765487	mst3	0	0	3009	761	163	9
TR765487	bbt64m	0	1	3349	1101	271	30
TR765487	pf_famsa	0	1	3107	859	272	38
TR765487	pf_famsa_h32	0	1	3407	1159	333	None
TR765487	st_long	1	1	3497	1249	206	None
TR765487	st_chm13	0	1	3713	1465	257	None
TR765501	unpatched	0	0	None	None	None	2
TR765501	all	0	0	1106	0	6	2
TR765501	full	0	0	1106	0	6	2
TR765501	ua	0	0	1106	0	6	2
TR765501	mst	0	0	1106	0	6	2
TR765501	mst3	0	0	1106	0	6	2
TR765501	bbt64m	0	0	1106	0	6	2
TR765501	pf_famsa	0	0	1106	0	6	2
TR765501	pf_famsa_h32	0	0	1126	20	6	None
TR765501	st_long	0	0	1106	0	6	None
TR765501	st_chm13	0	0	1106	0	6	None
TR765526	unpatched	0	0	None	None	None	114
TR765526	all	0	0	5613	2150	697	181
TR765526	full	0	8	7189	3726	1070	247
TR765526	ua	0	8	7852	4389	1234	288
TR765526	mst	0	0	5511	2048	653	128
TR765526	mst3	1	8	5476	2013	667	135
TR765526	bbt64m	1	8	6491	3028	1008	171
TR765526	pf_famsa	0	0	6062	2599	1029	193
TR765526	pf_famsa_h32	0	8	6181	2718	1006	None
TR765526	st_long	2	7	8063	4600	1017	None
TR765526	st_chm13	0	0	7534	4071	1009	None
TR765536	unpatched	0	0	None	None	None	5
TR765536	all	0	0	841	0	11	4
TR765536	full	0	0	872	31	24	9
TR765536	ua	0	0	872	31	24	9
TR765536	mst	0	0	841	0	11	4
TR765536	mst3	0	0	841	0	11	4
TR765536	bbt64m	0	0	872	31	24	9
TR765536	pf_famsa	0	0	860	19	11	4
TR765536	pf_famsa_h32	0	0	870	29	19	None
TR765536	st_long	0	0	841	0	11	None
TR765536	st_chm13	0	0	868	27	19	None
TR765643	unpatched	0	0	None	None	None	16
TR765643	all	0	0	1550	93	56	15
TR765643	full	0	0	1576	119	65	20
TR765643	ua	0	0	1563	106	60	13
TR765643	mst	0	0	1527	70	54	15
TR765643	mst3	0	0	1525	68	53	15
TR765643	bbt64m	0	0	1566	109	67	20
TR765643	pf_famsa	0	0	1702	245	61	15
TR765643	pf_famsa_h32	0	0	1678	221	60	None
TR765643	st_long	0	0	1507	50	53	None
TR765643	st_chm13	0	0	1540	83	54	None
TR765648	unpatched	0	0	None	None	None	3
TR765648	all	0	0	797	21	11	2
TR765648	full	0	0	807	31	15	3
TR765648	ua	0	0	807	31	15	3
TR765648	mst	0	0	788	12	14	5
TR765648	mst3	0	0	796	20	15	5
TR765648	bbt64m	0	0	807	31	15	3
TR765648	pf_famsa	0	0	893	117	21	5
TR765648	pf_famsa_h32	0	0	902	126	27	None
TR765648	st_long	0	0	865	89	10	None
TR765648	st_chm13	0	0	852	76	12	None
TR765669	unpatched	0	0	None	None	None	2
TR765669	all	0	0	1222	0	6	2
TR765669	full	0	0	1222	0	6	2
TR765669	ua	1	0	1222	0	6	2
TR765669	mst	0	0	1222	0	6	2
TR765669	mst3	0	0	1272	50	14	5
TR765669	bbt64m	0	0	1222	0	6	2
TR765669	pf_famsa	1	0	1222	0	6	2
TR765669	pf_famsa_h32	0	0	1242	20	6	None
TR765669	st_long	0	0	1222	0	6	None
TR765669	st_chm13	0	0	1222	0	6	None
TR765850	unpatched	0	0	None	None	None	9
TR765850	all	0	0	1433	398	80	15
TR765850	full	0	0	1729	694	149	18
TR765850	ua	0	0	1738	703	165	13
TR765850	mst	0	0	1727	692	179	11
TR765850	mst3	0	0	1657	622	185	13
TR765850	bbt64m	0	0	1658	623	157	12
TR765850	pf_famsa	0	0	1752	717	176	6
TR765850	pf_famsa_h32	0	0	1607	572	134	None
TR765850	st_long	0	0	1419	384	72	None
TR765850	st_chm13	0	0	1800	765	72	None
TR765873	unpatched	0	0	None	None	None	11
TR765873	all	0	0	1190	14	37	10
TR765873	full	0	0	1185	9	38	11
TR765873	ua	0	0	1191	15	39	10
TR765873	mst	0	0	1190	14	37	10
TR765873	mst3	0	0	1190	14	37	10
TR765873	bbt64m	0	0	1185	9	38	11
TR765873	pf_famsa	0	0	1203	27	39	11
TR765873	pf_famsa_h32	0	0	1212	36	39	None
TR765873	st_long	0	0	1212	36	43	None
TR765873	st_chm13	0	0	1185	9	38	None
TR765965	unpatched	0	0	None	None	None	9
TR765965	all	0	0	1237	115	51	9
TR765965	full	0	0	1394	272	108	10
TR765965	ua	0	1	1265	143	59	11
TR765965	mst	0	0	1233	111	43	5
TR765965	mst3	0	0	1219	97	41	5
TR765965	bbt64m	0	0	1330	208	74	15
TR765965	pf_famsa	0	0	1558	436	210	12
TR765965	pf_famsa_h32	0	0	1342	220	55	None
TR765965	st_long	0	0	1468	346	60	None
TR765965	st_chm13	0	0	1802	680	56	None
TR766081	unpatched	2	1	None	None	None	9
TR766081	all	2	1	1776	40	38	8
TR766081	full	1	0	1796	60	47	8
TR766081	ua	0	1	1825	89	40	9
TR766081	mst	1	0	1786	50	44	8
TR766081	mst3	1	0	1796	60	47	8
TR766081	bbt64m	1	0	1802	66	48	8
TR766081	pf_famsa	0	0	1911	175	32	7
TR766081	pf_famsa_h32	0	0	1912	176	33	None
TR766081	st_long	0	0	1743	7	46	None
TR766081	st_chm13	1	0	1760	24	44	None
TR766134	unpatched	0	0	None	None	None	14
TR766134	all	0	0	1202	102	46	10
TR766134	full	0	0	1355	255	110	32
TR766134	ua	0	0	1426	326	147	28
TR766134	mst	1	0	1330	230	64	13
TR766134	mst3	0	0	1214	114	46	9
TR766134	bbt64m	0	0	1252	152	79	23
TR766134	pf_famsa	0	0	1273	173	71	9
TR766134	pf_famsa_h32	0	0	1232	132	63	None
TR766134	st_long	0	0	1281	181	62	None
TR766134	st_chm13	0	0	1264	164	62	None
TR766217	unpatched	0	0	None	None	None	8
TR766217	all	2	0	1431	0	26	7
TR766217	full	2	0	1431	0	26	7
TR766217	ua	0	0	1443	12	32	9
TR766217	mst	2	0	1431	0	26	7
TR766217	mst3	2	0	1431	0	26	7
TR766217	bbt64m	2	0	1431	0	26	7
TR766217	pf_famsa	0	0	1451	20	27	8
TR766217	pf_famsa_h32	0	0	1451	20	27	None
TR766217	st_long	2	0	1431	0	26	None
TR766217	st_chm13	1	0	1436	5	30	None
TR766245	unpatched	0	0	None	None	None	1
TR766245	all	0	0	683	0	4	1
TR766245	full	0	0	683	0	4	1
TR766245	ua	0	0	683	0	4	1
TR766245	mst	0	0	683	0	4	1
TR766245	mst3	0	0	683	0	4	1
TR766245	bbt64m	0	0	683	0	4	1
TR766245	pf_famsa	0	0	683	0	4	1
TR766245	pf_famsa_h32	0	0	683	0	4	None
TR766245	st_long	0	0	683	0	4	None
TR766245	st_chm13	0	0	683	0	4	None
TR766253	unpatched	0	0	None	None	None	21
TR766253	all	0	0	1589	570	110	25
TR766253	full	0	0	1861	842	177	45
TR766253	ua	0	0	1392	373	106	17
TR766253	mst	2	0	1450	431	124	12
TR766253	mst3	1	0	1334	315	104	10
TR766253	bbt64m	0	0	1890	871	197	33
TR766253	pf_famsa	0	0	1753	734	176	23
TR766253	pf_famsa_h32	0	0	1679	660	124	None
TR766253	st_long	0	0	1552	533	112	None
TR766253	st_chm13	0	0	1606	587	127	None
TR766285	unpatched	1	0	None	None	None	6
TR766285	all	0	0	1093	228	69	8
TR766285	full	0	0	1164	299	80	10
TR766285	ua	0	0	1128	263	88	9
TR766285	mst	0	0	1063	198	74	11
TR766285	mst3	0	0	1068	203	72	10
TR766285	bbt64m	0	0	1147	282	81	11
TR766285	pf_famsa	0	0	1158	293	80	9
TR766285	pf_famsa_h32	0	0	1161	296	73	None
TR766285	st_long	0	0	1104	239	75	None
TR766285	st_chm13	0	0	1296	431	70	None
TR766344	unpatched	0	0	None	None	None	15
TR766344	all	0	0	909	224	53	6
TR766344	full	0	0	1025	340	78	13
TR766344	ua	0	0	887	202	69	7
TR766344	mst	0	0	767	82	51	5
TR766344	mst3	0	0	846	161	63	6
TR766344	bbt64m	0	0	957	272	75	9
TR766344	pf_famsa	0	0	891	206	80	6
TR766344	pf_famsa_h32	0	0	873	188	58	None
TR766344	st_long	0	0	852	167	39	None
TR766344	st_chm13	0	0	1005	320	81	None
TR766466	unpatched	0	0	None	None	None	9
TR766466	all	0	0	1237	21	18	3
TR766466	full	0	0	1273	57	35	13
TR766466	ua	0	0	1258	42	24	5
TR766466	mst	0	0	1258	42	24	7
TR766466	mst3	0	0	1258	42	24	7
TR766466	bbt64m	0	0	1237	21	24	9
TR766466	pf_famsa	0	0	1237	21	22	7
TR766466	pf_famsa_h32	0	0	1317	101	21	None
TR766466	st_long	0	0	1237	21	21	None
TR766466	st_chm13	0	0	1271	55	23	None
TR766554	unpatched	0	0	None	None	None	2
TR766554	all	0	0	1261	0	14	2
TR766554	full	0	0	1261	0	14	2
TR766554	ua	0	0	1261	0	14	2
TR766554	mst	0	0	1261	0	14	2
TR766554	mst3	0	0	1261	0	14	2
TR766554	bbt64m	0	0	1261	0	14	2
TR766554	pf_famsa	0	0	1293	32	14	2
TR766554	pf_famsa_h32	0	0	1293	32	14	None
TR766554	st_long	0	0	1265	4	14	None
TR766554	st_chm13	0	0	1261	0	14	None
TR766577	unpatched	0	0	None	None	None	3
TR766577	all	0	0	1493	0	19	3
TR766577	full	0	0	1514	21	21	3
TR766577	ua	0	0	1517	24	23	3
TR766577	mst	0	0	1493	0	19	3
TR766577	mst3	0	0	1514	21	21	3
TR766577	bbt64m	0	0	1514	21	21	3
TR766577	pf_famsa	0	0	1498	5	22	3
TR766577	pf_famsa_h32	0	0	1515	22	18	None
TR766577	st_long	0	0	1535	42	22	None
TR766577	st_chm13	0	0	1493	0	19	None
TR766584	unpatched	0	0	None	None	None	8
TR766584	all	0	0	1175	26	29	11
TR766584	full	0	0	1182	33	52	20
TR766584	ua	0	0	1174	25	54	23
TR766584	mst	0	0	1182	33	33	13
TR766584	mst3	0	0	1182	33	33	13
TR766584	bbt64m	0	0	1182	33	52	20
TR766584	pf_famsa	0	0	1178	29	45	17
TR766584	pf_famsa_h32	0	0	1174	25	31	None
TR766584	st_long	0	0	1182	33	15	None
TR766584	st_chm13	0	0	1175	26	29	None
TR766609	unpatched	0	0	None	None	None	4
TR766609	all	0	0	2252	331	88	4
TR766609	full	0	0	2690	769	173	10
TR766609	ua	0	0	2356	435	131	7
TR766609	mst	0	0	2419	498	101	4
TR766609	mst3	0	0	2291	370	84	4
TR766609	bbt64m	0	0	2609	688	168	11
TR766609	pf_famsa	0	0	2323	402	103	14
TR766609	pf_famsa_h32	0	0	2333	412	130	None
TR766609	st_long	0	0	2426	505	103	None
TR766609	st_chm13	1	0	2328	407	81	None
TR766622	unpatched	0	0	None	None	None	5
TR766622	all	0	0	2041	0	3	1
TR766622	full	0	0	2184	143	45	18
TR766622	ua	0	0	2177	136	40	18
TR766622	mst	0	0	2041	0	3	1
TR766622	mst3	0	0	2182	141	45	18
TR766622	bbt64m	0	0	2184	143	45	18
TR766622	pf_famsa	0	0	2191	150	37	15
TR766622	pf_famsa_h32	0	0	2046	5	3	None
TR766622	st_long	0	0	2064	23	8	None
TR766622	st_chm13	0	0	2041	0	3	None
TR766686	unpatched	0	0	None	None	None	2
TR766686	all	0	0	1489	0	6	2
TR766686	full	0	0	1489	0	6	2
TR766686	ua	0	0	1489	0	6	2
TR766686	mst	0	0	1489	0	6	2
TR766686	mst3	0	0	1489	0	6	2
TR766686	bbt64m	0	0	1489	0	6	2
TR766686	pf_famsa	0	0	1489	0	6	2
TR766686	pf_famsa_h32	0	0	1509	20	6	None
TR766686	st_long	0	0	1489	0	6	None
TR766686	st_chm13	0	0	1489	0	6	None
TR766912	unpatched	2	1	None	None	None	8
TR766912	all	0	0	1491	0	27	7
TR766912	full	2	0	1491	0	29	7
TR766912	ua	0	1	1502	11	31	8
TR766912	mst	0	0	1491	0	29	7
TR766912	mst3	0	0	1491	0	29	7
TR766912	bbt64m	0	0	1491	0	29	7
TR766912	pf_famsa	0	1	1504	13	28	6
TR766912	pf_famsa_h32	1	0	1604	113	27	None
TR766912	st_long	1	1	1529	38	28	None
TR766912	st_chm13	0	0	1546	55	27	None
TR766913	unpatched	0	0	None	None	None	55
TR766913	all	0	0	4123	1146	361	98
TR766913	full	1	4	5258	2281	674	166
TR766913	ua	0	0	5571	2594	777	179
TR766913	mst	0	0	4350	1373	396	106
TR766913	mst3	0	0	4232	1255	381	106
TR766913	bbt64m	0	0	4510	1533	499	123
TR766913	pf_famsa	0	4	5358	2381	841	126
TR766913	pf_famsa_h32	0	0	4249	1272	498	None
TR766913	st_long	0	0	4965	1988	443	None
TR766913	st_chm13	0	3	5425	2448	553	None
TR767007	unpatched	1	0	None	None	None	12
TR767007	all	0	0	2279	9	47	13
TR767007	full	0	0	2386	116	87	14
TR767007	ua	0	0	2303	33	57	17
TR767007	mst	0	0	2279	9	47	13
TR767007	mst3	0	0	2279	9	47	13
TR767007	bbt64m	0	0	2386	116	87	14
TR767007	pf_famsa	0	0	2400	130	51	13
TR767007	pf_famsa_h32	0	0	2411	141	47	None
TR767007	st_long	0	0	2318	48	45	None
TR767007	st_chm13	0	0	2291	21	52	None
TR767020	unpatched	0	1	None	None	None	11
TR767020	all	0	1	1774	89	42	8
TR767020	full	0	0	2114	429	103	33
TR767020	ua	0	1	1947	262	98	23
TR767020	mst	0	1	2020	335	69	20
TR767020	mst3	0	1	1837	152	45	15
TR767020	bbt64m	0	0	2114	429	103	33
TR767020	pf_famsa	0	1	1791	106	43	14
TR767020	pf_famsa_h32	0	1	1827	142	65	None
TR767020	st_long	0	1	1770	85	37	None
TR767020	st_chm13	0	1	1923	238	70	None
TR767090	unpatched	0	0	None	None	None	7
TR767090	all	0	0	1200	4	20	5
TR767090	full	0	0	1238	42	27	7
TR767090	ua	0	0	1287	91	41	15
TR767090	mst	0	0	1328	132	51	17
TR767090	mst3	0	0	1246	50	29	8
TR767090	bbt64m	0	0	1238	42	27	7
TR767090	pf_famsa	0	0	1259	63	25	6
TR767090	pf_famsa_h32	0	0	1279	83	21	None
TR767090	st_long	0	0	1255	59	21	None
TR767090	st_chm13	0	0	1200	4	20	None
TR767136	unpatched	0	0	None	None	None	8
TR767136	all	0	0	993	118	41	14
TR767136	full	0	0	1002	127	63	18
TR767136	ua	0	0	1002	127	63	18
TR767136	mst	0	0	882	7	28	9
TR767136	mst3	0	0	920	45	29	9
TR767136	bbt64m	0	0	1002	127	65	17
TR767136	pf_famsa	0	0	1026	151	57	15
TR767136	pf_famsa_h32	0	0	977	102	45	None
TR767136	st_long	0	0	1047	172	44	None
TR767136	st_chm13	0	0	949	74	31	None
TR767212	unpatched	0	0	None	None	None	2
TR767212	all	0	0	894	0	6	2
TR767212	full	0	0	894	0	6	2
TR767212	ua	0	0	894	0	6	2
TR767212	mst	0	0	894	0	6	2
TR767212	mst3	0	0	894	0	6	2
TR767212	bbt64m	0	0	894	0	6	2
TR767212	pf_famsa	0	0	914	20	6	2
TR767212	pf_famsa_h32	0	0	914	20	6	None
TR767212	st_long	0	0	894	0	6	None
TR767212	st_chm13	0	0	894	0	6	None
TR767326	unpatched	0	0	None	None	None	3
TR767326	all	0	1	1011	110	60	7
TR767326	full	0	0	925	24	26	3
TR767326	ua	0	1	1250	349	138	9
TR767326	mst	0	1	926	25	29	2
TR767326	mst3	0	1	924	23	29	2
TR767326	bbt64m	0	1	916	15	25	3
TR767326	pf_famsa	0	0	1148	247	48	4
TR767326	pf_famsa_h32	0	0	1131	230	22	None
TR767326	st_long	0	0	1059	158	69	None
TR767326	st_chm13	0	0	1021	120	60	None
TR767338	unpatched	1	0	None	None	None	8
TR767338	all	0	0	1116	0	9	3
TR767338	full	0	0	1177	61	22	8
TR767338	ua	0	0	1185	69	33	11
TR767338	mst	0	0	1170	54	32	11
TR767338	mst3	0	0	1170	54	32	11
TR767338	bbt64m	1	0	1177	61	22	8
TR767338	pf_famsa	0	0	1162	46	27	9
TR767338	pf_famsa_h32	0	0	1119	3	9	None
TR767338	st_long	0	0	1119	3	9	None
TR767338	st_chm13	0	0	1116	0	9	None
TR767664	unpatched	0	0	None	None	None	10
TR767664	all	1	1	1737	22	37	9
TR767664	full	2	1	1808	93	46	13
TR767664	ua	0	1	1717	2	36	11
TR767664	mst	1	0	1715	0	34	8
TR767664	mst3	0	0	1715	0	34	10
TR767664	bbt64m	2	1	1808	93	46	13
TR767664	pf_famsa	0	0	1756	41	39	10
TR767664	pf_famsa_h32	0	0	1876	161	36	None
TR767664	st_long	0	0	1719	4	34	None
TR767664	st_chm13	0	0	1737	22	40	None
TR767701	unpatched	2	0	None	None	None	16
TR767701	all	2	0	4489	152	54	16
TR767701	full	1	0	5575	1238	301	28
TR767701	ua	0	0	5262	925	206	5
TR767701	mst	2	0	5191	854	194	28
TR767701	mst3	2	0	5018	681	215	16
TR767701	bbt64m	1	0	5575	1238	301	28
TR767701	pf_famsa	1	0	5567	1230	261	9
TR767701	pf_famsa_h32	0	0	5007	670	308	None
TR767701	st_long	0	0	4488	151	54	None
TR767701	st_chm13	0	0	4562	225	54	None
TR767806	unpatched	0	0	None	None	None	27
TR767806	all	0	0	10296	129	98	25
TR767806	full	0	0	10272	105	100	27
TR767806	ua	0	0	10310	143	105	28
TR767806	mst	1	0	10280	113	104	25
TR767806	mst3	0	0	10311	144	100	25
TR767806	bbt64m	0	0	10364	197	119	30
TR767806	pf_famsa	0	0	10503	336	121	29
TR767806	pf_famsa_h32	1	0	10537	370	103	None
TR767806	st_long	1	0	10321	154	89	None
TR767806	st_chm13	0	0	10320	153	102	None
TR767827	unpatched	0	0	None	None	None	5
TR767827	all	0	0	999	84	32	3
TR767827	full	0	0	989	74	33	5
TR767827	ua	0	0	988	73	35	3
TR767827	mst	0	0	956	41	24	3
TR767827	mst3	0	0	984	69	34	3
TR767827	bbt64m	0	0	989	74	33	5
TR767827	pf_famsa	0	0	1001	86	37	2
TR767827	pf_famsa_h32	0	0	982	67	32	None
TR767827	st_long	0	0	990	75	25	None
TR767827	st_chm13	0	0	990	75	31	None
TR767959	unpatched	0	0	None	None	None	18
TR767959	all	0	0	1880	0	21	5
TR767959	full	0	0	2168	288	117	36
TR767959	ua	0	0	1886	6	25	6
TR767959	mst	1	0	2106	226	106	40
TR767959	mst3	1	0	2106	226	106	40
TR767959	bbt64m	0	0	2168	288	117	36
TR767959	pf_famsa	0	0	1933	53	33	8
TR767959	pf_famsa_h32	0	0	2106	226	98	None
TR767959	st_long	0	0	2015	135	20	None
TR767959	st_chm13	0	0	1880	0	21	None
TR767965	unpatched	0	0	None	None	None	5
TR767965	all	0	1	1022	64	35	9
TR767965	full	0	1	1085	127	45	11
TR767965	ua	0	1	1057	99	43	10
TR767965	mst	0	1	988	30	30	8
TR767965	mst3	0	1	993	35	31	8
TR767965	bbt64m	0	1	1072	114	54	16
TR767965	pf_famsa	0	1	1067	109	38	9
TR767965	pf_famsa_h32	0	1	1019	61	35	None
TR767965	st_long	0	0	1041	83	37	None
TR767965	st_chm13	0	1	1055	97	35	None
TR768000	unpatched	1	0	None	None	None	2
TR768000	all	1	0	1025	0	6	2
TR768000	full	1	0	1025	0	6	2
TR768000	ua	1	0	1025	0	6	2
TR768000	mst	1	0	1025	0	6	2
TR768000	mst3	1	0	1025	0	6	2
TR768000	bbt64m	1	0	1025	0	6	2
TR768000	pf_famsa	1	0	1025	0	6	2
TR768000	pf_famsa_h32	1	0	1045	20	6	None
TR768000	st_long	1	0	1025	0	6	None
TR768000	st_chm13	1	0	1025	0	6	None
TR768001	unpatched	0	0	None	None	None	4
TR768001	all	0	0	1100	0	5	2
TR768001	full	0	0	1303	203	49	16
TR768001	ua	0	0	1325	225	50	17
TR768001	mst	0	0	1100	0	5	2
TR768001	mst3	0	0	1122	22	8	3
TR768001	bbt64m	0	0	1303	203	49	16
TR768001	pf_famsa	0	0	1140	40	15	3
TR768001	pf_famsa_h32	0	0	1140	40	5	None
TR768001	st_long	0	0	1316	216	51	None
TR768001	st_chm13	0	0	1100	0	5	None
TR768045	unpatched	7	10	None	None	None	22
TR768045	all	6	4	13306	1342	561	138
TR768045	full	12	7	17947	5983	1696	427
TR768045	ua	9	8	16178	4214	1658	237
TR768045	mst	15	7	16033	4069	1529	296
TR768045	mst3	13	7	15572	3608	1498	211
TR768045	bbt64m	11	6	18005	6041	1745	435
TR768045	pf_famsa	18	8	16672	4708	1918	316
TR768045	pf_famsa_h32	11	8	13886	1922	921	None
TR768045	st_long	4	9	16307	4343	397	None
TR768045	st_chm13	1	6	14259	2295	789	None
TR768052	unpatched	0	0	None	None	None	9
TR768052	all	0	0	975	2	19	8
TR768052	full	0	0	975	2	21	9
TR768052	ua	0	0	995	22	22	9
TR768052	mst	0	0	973	0	19	8
TR768052	mst3	0	0	973	0	19	8
TR768052	bbt64m	0	0	975	2	21	9
TR768052	pf_famsa	0	0	1046	73	18	7
TR768052	pf_famsa_h32	0	0	1050	77	18	None
TR768052	st_long	0	0	975	2	19	None
TR768052	st_chm13	0	0	973	0	19	None
TR768112	unpatched	0	0	None	None	None	1
TR768112	all	0	0	1394	0	3	1
TR768112	full	0	0	1394	0	3	1
TR768112	ua	0	0	1394	0	3	1
TR768112	mst	0	0	1394	0	3	1
TR768112	mst3	0	0	1394	0	3	1
TR768112	bbt64m	0	0	1394	0	3	1
TR768112	pf_famsa	0	0	1404	10	3	1
TR768112	pf_famsa_h32	0	0	1404	10	3	None
TR768112	st_long	0	0	1394	0	3	None
TR768112	st_chm13	0	0	1394	0	3	None
TR768143	unpatched	0	0	None	None	None	9
TR768143	all	0	0	3658	20	27	9
TR768143	full	0	0	3658	20	27	9
TR768143	ua	0	0	3665	27	30	10
TR768143	mst	0	0	3658	20	27	9
TR768143	mst3	0	0	3658	20	27	9
TR768143	bbt64m	0	0	3658	20	27	9
TR768143	pf_famsa	0	0	3678	40	27	9
TR768143	pf_famsa_h32	0	0	3678	40	27	None
TR768143	st_long	0	0	3658	20	27	None
TR768143	st_chm13	0	0	3658	20	27	None
TR768221	unpatched	0	0	None	None	None	9
TR768221	all	0	0	1297	25	35	9
TR768221	full	0	0	1318	46	38	9
TR768221	ua	0	0	1375	103	45	12
TR768221	mst	0	0	1293	21	33	9
TR768221	mst3	0	0	1316	44	40	9
TR768221	bbt64m	0	0	1318	46	38	9
TR768221	pf_famsa	0	0	1306	34	38	9
TR768221	pf_famsa_h32	0	0	1445	173	36	None
TR768221	st_long	0	0	1341	69	36	None
TR768221	st_chm13	0	0	1337	65	36	None
TR768226	unpatched	0	0	None	None	None	9
TR768226	all	0	0	1173	0	26	9
TR768226	full	0	0	1173	0	26	9
TR768226	ua	0	1	1188	15	32	12
TR768226	mst	0	0	1173	0	26	9
TR768226	mst3	0	0	1173	0	26	9
TR768226	bbt64m	0	0	1173	0	26	9
TR768226	pf_famsa	0	0	1203	30	26	9
TR768226	pf_famsa_h32	0	0	1203	30	26	None
TR768226	st_long	0	0	1173	0	26	None
TR768226	st_chm13	0	0	1173	0	26	None
TR768240	unpatched	0	0	None	None	None	15
TR768240	all	0	0	2028	148	71	12
TR768240	full	0	0	2190	310	126	15
TR768240	ua	0	0	2192	312	111	17
TR768240	mst	0	0	2014	134	74	13
TR768240	mst3	0	0	2005	125	66	13
TR768240	bbt64m	0	0	2188	308	118	15
TR768240	pf_famsa	0	0	2257	377	104	10
TR768240	pf_famsa_h32	0	0	2239	359	93	None
TR768240	st_long	0	0	2340	460	123	None
TR768240	st_chm13	0	0	2119	239	93	None
TR768250	unpatched	0	0	None	None	None	7
TR768250	all	0	0	2286	0	21	7
TR768250	full	0	0	2286	0	21	7
TR768250	ua	0	0	2287	1	23	9
TR768250	mst	0	0	2286	0	21	7
TR768250	mst3	0	0	2286	0	21	7
TR768250	bbt64m	0	0	2286	0	21	7
TR768250	pf_famsa	0	0	2306	20	21	7
TR768250	pf_famsa_h32	0	0	2306	20	21	None
TR768250	st_long	0	0	2286	0	21	None
TR768250	st_chm13	0	0	2286	0	21	None
TR768258	unpatched	0	1	None	None	None	7
TR768258	all	0	0	1044	67	53	10
TR768258	full	0	0	1027	50	55	10
TR768258	ua	0	1	1296	319	89	12
TR768258	mst	1	1	1002	25	45	5
TR768258	mst3	0	0	1002	25	48	5
TR768258	bbt64m	0	1	1031	54	56	8
TR768258	pf_famsa	0	0	1186	209	69	11
TR768258	pf_famsa_h32	0	1	1251	274	62	None
TR768258	st_long	0	0	1012	35	41	None
TR768258	st_chm13	0	0	1139	162	51	None
TR768271	unpatched	0	0	None	None	None	137
TR768271	all	4	4	19803	2697	894	215
TR768271	full	0	0	None	None	None	None
TR768271	ua	17	5	23558	6452	2170	363
TR768271	mst	18	4	29276	12170	3462	480
TR768271	mst3	16	4	25311	8205	2365	481
TR768271	bbt64m	0	0	None	None	None	None
TR768271	pf_famsa	11	6	26229	9123	2574	759
TR768271	pf_famsa_h32	8	6	21675	4569	1587	None
TR768271	st_long	7	6	22049	4943	397	None
TR768271	st_chm13	9	3	19801	2695	891	None
TR768363	unpatched	0	0	None	None	None	6
TR768363	all	0	0	1206	20	28	7
TR768363	full	0	0	1209	23	29	7
TR768363	ua	0	0	1276	90	41	12
TR768363	mst	0	0	1211	25	28	6
TR768363	mst3	0	0	1208	22	29	6
TR768363	bbt64m	0	0	1209	23	29	7
TR768363	pf_famsa	0	0	1291	105	30	5
TR768363	pf_famsa_h32	0	0	1289	103	27	None
TR768363	st_long	0	0	1206	20	29	None
TR768363	st_chm13	0	0	1452	266	27	None
TR768385	unpatched	0	0	None	None	None	10
TR768385	all	0	0	1096	16	26	10
TR768385	full	0	0	1182	102	59	21
TR768385	ua	0	0	1225	145	62	22
TR768385	mst	0	0	1114	34	37	13
TR768385	mst3	0	0	1114	34	37	13
TR768385	bbt64m	0	0	1182	102	59	21
TR768385	pf_famsa	0	0	1230	150	47	15
TR768385	pf_famsa_h32	0	0	1252	172	40	None
TR768385	st_long	0	0	1119	39	27	None
TR768385	st_chm13	0	0	1158	78	35	None
TR768407	unpatched	0	0	None	None	None	10
TR768407	all	0	0	1192	0	17	5
TR768407	full	0	0	1261	69	33	10
TR768407	ua	0	0	1261	69	33	10
TR768407	mst	0	0	1261	69	33	10
TR768407	mst3	0	0	1261	69	33	10
TR768407	bbt64m	0	0	1261	69	33	10
TR768407	pf_famsa	0	0	1300	108	35	10
TR768407	pf_famsa_h32	0	0	1217	25	17	None
TR768407	st_long	0	0	1192	0	17	None
TR768407	st_chm13	0	0	1192	0	17	None
TR768412	unpatched	0	0	None	None	None	7
TR768412	all	0	0	1284	41	49	9
TR768412	full	0	0	1332	89	70	10
TR768412	ua	0	0	1363	120	62	11
TR768412	mst	0	0	1252	9	40	6
TR768412	mst3	0	0	1252	9	40	6
TR768412	bbt64m	0	0	1332	89	70	10
TR768412	pf_famsa	0	0	1352	109	51	6
TR768412	pf_famsa_h32	0	0	1389	146	53	None
TR768412	st_long	0	0	1316	73	50	None
TR768412	st_chm13	0	0	1307	64	50	None
TR768461	unpatched	0	0	None	None	None	7
TR768461	all	0	0	1414	405	87	14
TR768461	full	0	0	1531	522	127	18
TR768461	ua	0	0	1597	588	128	17
TR768461	mst	0	0	1210	201	81	4
TR768461	mst3	0	0	1286	277	86	4
TR768461	bbt64m	0	0	1468	459	116	7
TR768461	pf_famsa	0	0	1712	703	180	24
TR768461	pf_famsa_h32	0	0	1653	644	171	None
TR768461	st_long	0	0	1508	499	69	None
TR768461	st_chm13	0	0	1502	493	115	None
TR768523	unpatched	0	0	None	None	None	2
TR768523	all	0	0	1153	42	15	2
TR768523	full	0	1	1153	42	16	2
TR768523	ua	0	1	1153	42	16	2
TR768523	mst	0	0	1153	42	15	2
TR768523	mst3	0	0	1153	42	15	2
TR768523	bbt64m	0	1	1153	42	16	2
TR768523	pf_famsa	0	1	1157	46	15	2
TR768523	pf_famsa_h32	0	0	1157	46	15	None
TR768523	st_long	0	0	1132	21	15	None
TR768523	st_chm13	0	0	1214	103	14	None
TR768619	unpatched	1	1	None	None	None	23
TR768619	all	0	1	4679	1281	261	25
TR768619	full	3	1	None	None	None	None
TR768619	ua	2	1	5240	1842	450	28
TR768619	mst	4	1	5988	2590	485	14
TR768619	mst3	0	0	5415	2017	382	9
TR768619	bbt64m	3	1	None	None	None	None
TR768619	pf_famsa	0	1	6578	3180	850	157
TR768619	pf_famsa_h32	2	0	4802	1404	324	None
TR768619	st_long	3	1	None	None	None	None
TR768619	st_chm13	0	1	8161	4763	250	None
TR768694	unpatched	0	1	None	None	None	23
TR768694	all	0	0	1414	278	81	15
TR768694	full	1	1	1493	357	100	14
TR768694	ua	1	1	1493	357	100	14
TR768694	mst	0	1	1438	302	101	13
TR768694	mst3	0	1	1396	260	93	12
TR768694	bbt64m	0	0	1536	400	105	14
TR768694	pf_famsa	0	1	1598	462	100	15
TR768694	pf_famsa_h32	0	1	1559	423	92	None
TR768694	st_long	0	0	1621	485	100	None
TR768694	st_chm13	0	0	1578	442	95	None
TR768721	unpatched	0	0	None	None	None	5
TR768721	all	0	0	1779	0	16	5
TR768721	full	0	0	1779	0	16	5
TR768721	ua	0	0	1779	0	16	5
TR768721	mst	0	0	1779	0	16	5
TR768721	mst3	0	0	1779	0	16	5
TR768721	bbt64m	0	0	1779	0	16	5
TR768721	pf_famsa	0	0	1794	15	16	5
TR768721	pf_famsa_h32	0	0	1794	15	16	None
TR768721	st_long	0	0	1779	0	16	None
TR768721	st_chm13	0	0	1779	0	16	None
TR768732	unpatched	0	0	None	None	None	4
TR768732	all	0	0	1485	0	11	4
TR768732	full	0	0	1485	0	11	4
TR768732	ua	0	0	1485	0	11	4
TR768732	mst	0	0	1485	0	11	4
TR768732	mst3	0	0	1485	0	11	4
TR768732	bbt64m	0	0	1485	0	11	4
TR768732	pf_famsa	0	0	1496	11	12	4
TR768732	pf_famsa_h32	0	0	1515	30	11	None
TR768732	st_long	0	0	1485	0	11	None
TR768732	st_chm13	0	0	1485	0	11	None
TR768745	unpatched	0	0	None	None	None	7
TR768745	all	0	0	874	5	20	6
TR768745	full	0	0	874	5	20	6
TR768745	ua	0	0	874	5	20	6
TR768745	mst	0	0	869	0	21	6
TR768745	mst3	0	0	874	5	20	6
TR768745	bbt64m	0	0	874	5	20	6
TR768745	pf_famsa	0	0	880	11	20	6
TR768745	pf_famsa_h32	0	0	880	11	20	None
TR768745	st_long	0	0	874	5	20	None
TR768745	st_chm13	0	0	874	5	20	None
TR768778	unpatched	1	1	None	None	None	16
TR768778	all	1	1	1384	192	59	16
TR768778	full	1	1	1341	149	61	16
TR768778	ua	1	1	1347	155	75	23
TR768778	mst	0	0	1547	355	86	18
TR768778	mst3	0	0	1561	369	78	18
TR768778	bbt64m	1	1	1351	159	66	15
TR768778	pf_famsa	1	1	1501	309	68	14
TR768778	pf_famsa_h32	1	1	1438	246	61	None
TR768778	st_long	1	1	1495	303	65	None
TR768778	st_chm13	0	0	1344	152	62	None
TR768795	unpatched	0	0	None	None	None	10
TR768795	all	0	0	1742	1	23	9
TR768795	full	0	0	1742	1	23	9
TR768795	ua	0	0	1742	1	23	9
TR768795	mst	0	0	1746	5	25	9
TR768795	mst3	0	0	1746	5	25	9
TR768795	bbt64m	0	0	1742	1	23	9
TR768795	pf_famsa	0	0	1800	59	23	9
TR768795	pf_famsa_h32	0	0	1800	59	23	None
TR768795	st_long	0	0	1742	1	26	None
TR768795	st_chm13	0	0	1742	1	23	None
TR768811	unpatched	2	1	None	None	None	12
TR768811	all	0	0	1338	50	35	10
TR768811	full	0	0	1338	50	35	10
TR768811	ua	0	0	1368	80	47	13
TR768811	mst	1	1	1425	137	55	15
TR768811	mst3	0	0	1418	130	56	16
TR768811	bbt64m	0	0	1338	50	35	10
TR768811	pf_famsa	0	0	1338	50	36	11
TR768811	pf_famsa_h32	0	0	1338	50	34	None
TR768811	st_long	1	1	1452	164	37	None
TR768811	st_chm13	0	0	1368	80	34	None
TR768842	unpatched	0	0	None	None	None	12
TR768842	all	0	0	2055	23	41	11
TR768842	full	0	0	2055	23	42	11
TR768842	ua	0	0	2055	23	42	11
TR768842	mst	0	0	2036	4	40	11
TR768842	mst3	0	0	2032	0	39	11
TR768842	bbt64m	0	0	2055	23	42	11
TR768842	pf_famsa	0	0	2098	66	41	13
TR768842	pf_famsa_h32	0	0	2117	85	40	None
TR768842	st_long	0	0	2201	169	46	None
TR768842	st_chm13	0	0	2268	236	49	None
TR768885	unpatched	0	0	None	None	None	10
TR768885	all	0	0	938	68	40	9
TR768885	full	0	0	1009	139	63	17
TR768885	ua	0	0	1022	152	52	10
TR768885	mst	0	0	945	75	49	10
TR768885	mst3	0	0	956	86	44	10
TR768885	bbt64m	0	0	1005	135	70	17
TR768885	pf_famsa	0	0	1063	193	75	10
TR768885	pf_famsa_h32	0	0	1042	172	70	None
TR768885	st_long	0	0	1014	144	49	None
TR768885	st_chm13	0	0	988	118	56	None
TR768925	unpatched	0	0	None	None	None	2
TR768925	all	1	0	1055	27	20	5
TR768925	full	0	0	1189	161	52	11
TR768925	ua	0	0	1122	94	34	6
TR768925	mst	1	0	1107	79	28	4
TR768925	mst3	1	0	1135	107	34	4
TR768925	bbt64m	0	0	1189	161	52	11
TR768925	pf_famsa	0	0	1138	110	37	6
TR768925	pf_famsa_h32	0	0	1093	65	19	None
TR768925	st_long	1	0	1199	171	30	None
TR768925	st_chm13	0	0	1076	48	20	None
TR768943	unpatched	0	0	None	None	None	19
TR768943	all	0	0	5415	177	108	14
TR768943	full	0	0	5414	176	145	23
TR768943	ua	0	0	5410	172	133	19
TR768943	mst	0	0	5397	159	75	15
TR768943	mst3	0	0	5337	99	77	15
TR768943	bbt64m	0	0	5423	185	155	19
TR768943	pf_famsa	0	0	5499	261	162	34
TR768943	pf_famsa_h32	0	0	5526	288	141	None
TR768943	st_long	0	0	5439	201	184	None
TR768943	st_chm13	0	0	5639	401	139	None
TR768979	unpatched	0	0	None	None	None	25
TR768979	all	0	0	1957	603	143	40
TR768979	full	0	0	2138	784	182	49
TR768979	ua	0	0	2058	704	174	45
TR768979	mst	0	0	1852	498	130	24
TR768979	mst3	0	0	1792	438	124	25
TR768979	bbt64m	0	0	2057	703	176	42
TR768979	pf_famsa	0	0	2174	820	199	28
TR768979	pf_famsa_h32	0	0	2106	752	153	None
TR768979	st_long	1	0	1809	455	114	None
TR768979	st_chm13	0	0	1956	602	143	None
TR769005	unpatched	0	0	None	None	None	3
TR769005	all	0	0	964	21	7	1
TR769005	full	1	0	1073	130	30	11
TR769005	ua	1	0	1098	155	40	14
TR769005	mst	0	0	1004	61	15	4
TR769005	mst3	0	0	1004	61	12	4
TR769005	bbt64m	1	0	1073	130	30	11
TR769005	pf_famsa	0	0	1069	126	18	7
TR769005	pf_famsa_h32	0	0	981	38	6	None
TR769005	st_long	0	0	951	8	7	None
TR769005	st_chm13	0	0	964	21	6	None
TR769050	unpatched	0	0	None	None	None	13
TR769050	all	0	0	2267	23	36	13
TR769050	full	0	0	2267	23	36	13
TR769050	ua	0	0	2266	22	37	13
TR769050	mst	0	0	2246	2	35	12
TR769050	mst3	0	0	2292	48	37	13
TR769050	bbt64m	0	0	2267	23	36	13
TR769050	pf_famsa	0	0	2361	117	41	14
TR769050	pf_famsa_h32	0	0	2325	81	37	None
TR769050	st_long	0	0	2246	2	35	None
TR769050	st_chm13	0	0	2274	30	37	None
TR769096	unpatched	0	0	None	None	None	7
TR769096	all	0	0	675	8	11	3
TR769096	full	0	0	730	63	19	5
TR769096	ua	0	0	730	63	19	5
TR769096	mst	0	0	743	76	33	11
TR769096	mst3	0	0	690	23	18	7
TR769096	bbt64m	0	0	730	63	19	5
TR769096	pf_famsa	0	0	782	115	27	4
TR769096	pf_famsa_h32	0	0	763	96	13	None
TR769096	st_long	0	0	749	82	19	None
TR769096	st_chm13	0	0	675	8	12	None
TR769122	unpatched	0	0	None	None	None	9
TR769122	all	0	0	908	2	29	9
TR769122	full	0	0	909	3	29	9
TR769122	ua	0	0	914	8	30	9
TR769122	mst	0	0	910	4	30	9
TR769122	mst3	0	0	906	0	30	9
TR769122	bbt64m	0	0	909	3	29	9
TR769122	pf_famsa	0	0	954	48	29	9
TR769122	pf_famsa_h32	0	0	949	43	29	None
TR769122	st_long	0	0	906	0	29	None
TR769122	st_chm13	0	0	906	0	29	None
TR769170	unpatched	0	0	None	None	None	14
TR769170	all	0	0	2059	163	88	13
TR769170	full	0	0	2172	276	126	14
TR769170	ua	0	0	2290	394	166	17
TR769170	mst	0	0	1965	69	67	13
TR769170	mst3	0	0	2000	104	70	13
TR769170	bbt64m	0	0	2172	276	126	14
TR769170	pf_famsa	0	0	2204	308	130	13
TR769170	pf_famsa_h32	0	0	2140	244	92	None
TR769170	st_long	0	0	2205	309	104	None
TR769170	st_chm13	0	0	2083	187	95	None
TR769210	unpatched	0	0	None	None	None	9
TR769210	all	0	1	1007	67	33	10
TR769210	full	0	1	1014	74	36	11
TR769210	ua	0	1	1048	108	41	11
TR769210	mst	1	0	1021	81	32	8
TR769210	mst3	0	1	995	55	34	10
TR769210	bbt64m	0	1	1014	74	36	11
TR769210	pf_famsa	0	0	1031	91	34	9
TR769210	pf_famsa_h32	0	0	989	49	30	None
TR769210	st_long	0	0	1034	94	34	None
TR769210	st_chm13	0	0	1147	207	36	None
TR769242	unpatched	0	0	None	None	None	2
TR769242	all	0	0	568	0	4	1
TR769242	full	0	0	568	0	5	1
TR769242	ua	0	0	578	10	7	3
TR769242	mst	0	0	568	0	4	1
TR769242	mst3	0	0	569	1	6	2
TR769242	bbt64m	0	0	568	0	5	1
TR769242	pf_famsa	0	0	574	6	4	1
TR769242	pf_famsa_h32	0	0	608	40	4	None
TR769242	st_long	0	0	568	0	4	None
TR769242	st_chm13	0	0	568	0	4	None
TR769281	unpatched	1	0	None	None	None	3
TR769281	all	0	0	943	0	8	3
TR769281	full	0	0	943	0	8	3
TR769281	ua	0	0	943	0	8	3
TR769281	mst	0	0	943	0	8	3
TR769281	mst3	0	0	943	0	8	3
TR769281	bbt64m	0	0	943	0	8	3
TR769281	pf_famsa	0	0	956	13	8	3
TR769281	pf_famsa_h32	0	0	976	33	8	None
TR769281	st_long	0	0	943	0	8	None
TR769281	st_chm13	0	0	943	0	8	None
TR769300	unpatched	0	0	None	None	None	5
TR769300	all	0	0	806	0	14	5
TR769300	full	0	0	806	0	14	5
TR769300	ua	0	0	806	0	14	5
TR769300	mst	0	0	806	0	14	5
TR769300	mst3	0	0	806	0	14	5
TR769300	bbt64m	0	0	806	0	14	5
TR769300	pf_famsa	0	0	815	9	14	5
TR769300	pf_famsa_h32	0	0	835	29	14	None
TR769300	st_long	0	0	806	0	14	None
TR769300	st_chm13	0	0	806	0	14	None
TR769316	unpatched	0	0	None	None	None	5
TR769316	all	0	0	969	0	9	3
TR769316	full	0	0	969	0	9	3
TR769316	ua	0	0	969	0	9	3
TR769316	mst	0	0	969	0	9	3
TR769316	mst3	0	0	969	0	9	3
TR769316	bbt64m	0	0	969	0	9	3
TR769316	pf_famsa	0	0	989	20	9	3
TR769316	pf_famsa_h32	0	0	989	20	9	None
TR769316	st_long	1	0	990	21	11	None
TR769316	st_chm13	0	0	969	0	9	None
TR769323	unpatched	0	0	None	None	None	6
TR769323	all	0	0	1493	0	26	6
TR769323	full	0	0	1493	0	26	6
TR769323	ua	0	0	1493	0	26	6
TR769323	mst	0	0	1493	0	26	6
TR769323	mst3	0	0	1493	0	26	6
TR769323	bbt64m	0	0	1493	0	26	6
TR769323	pf_famsa	0	0	1718	225	31	6
TR769323	pf_famsa_h32	0	0	1716	223	25	None
TR769323	st_long	0	0	1493	0	26	None
TR769323	st_chm13	0	0	1493	0	26	None
TR769326	unpatched	0	0	None	None	None	14
TR769326	all	0	0	1214	103	48	17
TR769326	full	0	0	1234	123	57	19
TR769326	ua	0	0	1234	123	57	19
TR769326	mst	0	0	1158	47	45	14
TR769326	mst3	0	0	1153	42	40	13
TR769326	bbt64m	0	0	1234	123	57	19
TR769326	pf_famsa	0	0	1309	198	58	15
TR769326	pf_famsa_h32	0	0	1306	195	59	None
TR769326	st_long	0	0	1266	155	56	None
TR769326	st_chm13	0	0	1287	176	59	None
TR769400	unpatched	0	0	None	None	None	1
TR769400	all	0	0	872	0	3	1
TR769400	full	0	0	872	0	3	1
TR769400	ua	0	0	875	3	5	2
TR769400	mst	0	0	872	0	3	1
TR769400	mst3	0	0	872	0	3	1
TR769400	bbt64m	0	0	872	0	3	1
TR769400	pf_famsa	0	0	874	2	3	1
TR769400	pf_famsa_h32	0	0	874	2	3	None
TR769400	st_long	0	0	872	0	3	None
TR769400	st_chm13	0	0	872	0	3	None
TR769447	unpatched	0	1	None	None	None	12
TR769447	all	0	1	1267	258	62	13
TR769447	full	0	0	1294	285	91	19
TR769447	ua	0	1	1204	195	70	10
TR769447	mst	0	1	1154	145	63	9
TR769447	mst3	0	1	1190	181	67	7
TR769447	bbt64m	0	1	1280	271	87	16
TR769447	pf_famsa	0	1	1204	195	57	9
TR769447	pf_famsa_h32	0	0	1211	202	59	None
TR769447	st_long	0	0	1203	194	48	None
TR769447	st_chm13	0	0	1268	259	95	None
TR769510	unpatched	0	0	None	None	None	1
TR769510	all	0	0	801	0	3	1
TR769510	full	0	0	801	0	3	1
TR769510	ua	0	0	801	0	3	1
TR769510	mst	0	0	801	0	3	1
TR769510	mst3	0	0	801	0	3	1
TR769510	bbt64m	0	0	801	0	3	1
TR769510	pf_famsa	0	0	821	20	3	1
TR769510	pf_famsa_h32	0	0	821	20	3	None
TR769510	st_long	0	0	801	0	3	None
TR769510	st_chm13	0	0	801	0	3	None
TR769517	unpatched	0	1	None	None	None	14
TR769517	all	0	1	1301	34	55	17
TR769517	full	0	1	1293	26	62	20
TR769517	ua	0	1	1410	143	136	48
TR769517	mst	0	1	1293	26	60	18
TR769517	mst3	0	1	1293	26	56	17
TR769517	bbt64m	0	1	1293	26	62	20
TR769517	pf_famsa	0	1	1345	78	63	14
TR769517	pf_famsa_h32	0	1	1333	66	47	None
TR769517	st_long	0	0	1310	43	65	None
TR769517	st_chm13	0	1	1306	39	58	None
TR769657	unpatched	0	0	None	None	None	3
TR769657	all	0	0	1462	0	12	3
TR769657	full	0	0	1462	0	12	3
TR769657	ua	0	0	1462	0	12	3
TR769657	mst	0	0	1462	0	12	3
TR769657	mst3	0	0	1462	0	12	3
TR769657	bbt64m	0	0	1462	0	12	3
TR769657	pf_famsa	0	0	1482	20	12	3
TR769657	pf_famsa_h32	0	0	1482	20	12	None
TR769657	st_long	0	0	1469	7	13	None
TR769657	st_chm13	0	0	1462	0	12	None
TR769697	unpatched	0	0	None	None	None	10
TR769697	all	0	0	1116	2	21	8
TR769697	full	0	0	1120	6	23	9
TR769697	ua	0	0	1126	12	21	8
TR769697	mst	0	0	1114	0	23	9
TR769697	mst3	0	0	1116	2	21	8
TR769697	bbt64m	0	0	1120	6	23	9
TR769697	pf_famsa	0	0	1168	54	20	7
TR769697	pf_famsa_h32	0	0	1168	54	20	None
TR769697	st_long	0	0	1153	39	24	None
TR769697	st_chm13	0	0	1116	2	22	None
TR769744	unpatched	0	0	None	None	None	7
TR769744	all	0	0	1017	56	34	7
TR769744	full	0	0	1107	146	42	8
TR769744	ua	0	0	1107	146	42	8
TR769744	mst	0	0	973	12	33	6
TR769744	mst3	0	0	973	12	33	6
TR769744	bbt64m	0	0	1104	143	41	6
TR769744	pf_famsa	0	0	987	26	36	6
TR769744	pf_famsa_h32	0	0	966	5	32	None
TR769744	st_long	0	0	1026	65	32	None
TR769744	st_chm13	0	0	1019	58	32	None
TR769752	unpatched	6	1	None	None	None	29
TR769752	all	3	1	3635	550	227	23
TR769752	full	2	0	3623	538	278	32
TR769752	ua	7	1	3746	661	287	28
TR769752	mst	3	1	4449	1364	230	7
TR769752	mst3	5	1	4227	1142	261	16
TR769752	bbt64m	2	1	3922	837	270	23
TR769752	pf_famsa	0	0	3921	836	314	31
TR769752	pf_famsa_h32	2	1	3738	653	237	None
TR769752	st_long	1	0	3473	388	207	None
TR769752	st_chm13	1	1	3446	361	201	None
TR769762	unpatched	0	0	None	None	None	2
TR769762	all	0	0	1064	0	9	3
TR769762	full	0	0	1064	0	9	3
TR769762	ua	0	0	1064	0	9	3
TR769762	mst	0	0	1064	0	9	3
TR769762	mst3	0	0	1064	0	9	3
TR769762	bbt64m	0	0	1064	0	9	3
TR769762	pf_famsa	0	0	1084	20	8	2
TR769762	pf_famsa_h32	0	0	1084	20	8	None
TR769762	st_long	0	0	1064	0	9	None
TR769762	st_chm13	0	0	1100	36	8	None
TR769830	unpatched	0	0	None	None	None	6
TR769830	all	0	0	984	13	27	6
TR769830	full	0	0	1005	34	27	6
TR769830	ua	0	0	1005	34	27	6
TR769830	mst	0	0	982	11	25	6
TR769830	mst3	0	0	982	11	25	6
TR769830	bbt64m	0	0	1005	34	27	6
TR769830	pf_famsa	0	0	1025	54	26	5
TR769830	pf_famsa_h32	0	0	992	21	27	None
TR769830	st_long	0	0	982	11	27	None
TR769830	st_chm13	0	0	984	13	28	None
TR769842	unpatched	0	0	None	None	None	11
TR769842	all	0	0	1378	55	39	12
TR769842	full	0	0	1462	139	67	15
TR769842	ua	0	0	1424	101	51	14
TR769842	mst	0	0	1399	76	51	15
TR769842	mst3	0	0	1407	84	50	14
TR769842	bbt64m	0	0	1479	156	73	19
TR769842	pf_famsa	0	0	1615	292	73	20
TR769842	pf_famsa_h32	0	0	1645	322	74	None
TR769842	st_long	3	0	1663	340	95	None
TR769842	st_chm13	0	0	1374	51	44	None
TR769853	unpatched	0	0	None	None	None	11
TR769853	all	0	0	1079	7	33	11
TR769853	full	0	0	1091	19	36	11
TR769853	ua	0	0	1105	33	39	12
TR769853	mst	0	0	1090	18	39	13
TR769853	mst3	0	0	1090	18	39	13
TR769853	bbt64m	0	0	1091	19	36	11
TR769853	pf_famsa	0	0	1094	22	38	10
TR769853	pf_famsa_h32	0	0	1094	22	32	None
TR769853	st_long	0	0	1080	8	31	None
TR769853	st_chm13	0	0	1091	19	31	None
TR770009	unpatched	0	0	None	None	None	21
TR770009	all	0	0	2805	359	91	11
TR770009	full	0	0	3480	1034	303	40
TR770009	ua	0	0	3228	782	206	19
TR770009	mst	4	1	2852	406	123	9
TR770009	mst3	0	0	2946	500	144	15
TR770009	bbt64m	0	0	3389	943	235	20
TR770009	pf_famsa	9	1	3477	1031	238	19
TR770009	pf_famsa_h32	2	0	3155	709	154	None
TR770009	st_long	0	0	3326	880	95	None
TR770009	st_chm13	0	0	2809	363	93	None
TR770023	unpatched	1	2	None	None	None	24
TR770023	all	0	2	2435	547	274	72
TR770023	full	0	2	2164	276	247	76
TR770023	ua	0	2	2312	424	290	101
TR770023	mst	1	1	1939	51	81	22
TR770023	mst3	1	1	1919	31	79	23
TR770023	bbt64m	0	2	2360	472	273	62
TR770023	pf_famsa	1	2	2108	220	150	43
TR770023	pf_famsa_h32	0	2	2238	350	227	None
TR770023	st_long	0	0	1968	80	96	None
TR770023	st_chm13	0	2	2968	1080	351	None
TR770041	unpatched	1	0	None	None	None	8
TR770041	all	1	0	988	50	28	8
TR770041	full	0	0	1007	69	35	8
TR770041	ua	0	0	1041	103	64	10
TR770041	mst	1	0	987	49	29	7
TR770041	mst3	1	0	987	49	29	8
TR770041	bbt64m	0	0	1007	69	35	8
TR770041	pf_famsa	0	0	1078	140	30	8
TR770041	pf_famsa_h32	1	0	1071	133	34	None
TR770041	st_long	1	0	994	56	32	None
TR770041	st_chm13	1	0	994	56	32	None
TR770056	unpatched	1	0	None	None	None	7
TR770056	all	1	0	889	82	34	7
TR770056	full	0	0	848	41	36	9
TR770056	ua	0	0	901	94	45	9
TR770056	mst	0	0	807	0	30	6
TR770056	mst3	0	0	820	13	34	6
TR770056	bbt64m	0	0	848	41	36	9
TR770056	pf_famsa	0	0	1006	199	32	5
TR770056	pf_famsa_h32	0	0	1001	194	29	None
TR770056	st_long	0	0	859	52	41	None
TR770056	st_chm13	0	0	889	82	44	None
TR770308	unpatched	0	0	None	None	None	13
TR770308	all	0	0	1022	73	64	15
TR770308	full	0	0	994	45	87	15
TR770308	ua	0	0	1048	99	92	16
TR770308	mst	0	0	1008	59	68	13
TR770308	mst3	0	0	996	47	70	14
TR770308	bbt64m	0	0	994	45	87	15
TR770308	pf_famsa	0	0	1057	108	90	16
TR770308	pf_famsa_h32	0	0	1049	100	77	None
TR770308	st_long	0	0	999	50	72	None
TR770308	st_chm13	0	0	999	50	72	None
TR770420	unpatched	0	1	None	None	None	11
TR770420	all	0	0	957	254	51	8
TR770420	full	0	1	1013	310	64	11
TR770420	ua	0	1	1002	299	65	11
TR770420	mst	0	1	893	190	72	10
TR770420	mst3	0	1	950	247	73	10
TR770420	bbt64m	0	1	992	289	78	14
TR770420	pf_famsa	0	1	1001	298	64	8
TR770420	pf_famsa_h32	0	1	1002	299	65	None
TR770420	st_long	0	0	997	294	56	None
TR770420	st_chm13	0	1	1032	329	62	None
TR770526	unpatched	0	0	None	None	None	2
TR770526	all	0	0	753	0	6	2
TR770526	full	0	0	774	21	9	3
TR770526	ua	0	0	770	17	6	2
TR770526	mst	0	0	753	0	8	3
TR770526	mst3	0	0	753	0	8	3
TR770526	bbt64m	0	0	774	21	9	3
TR770526	pf_famsa	0	0	773	20	6	2
TR770526	pf_famsa_h32	0	0	773	20	6	None
TR770526	st_long	0	0	753	0	6	None
TR770526	st_chm13	0	0	753	0	6	None
TR770567	unpatched	0	0	None	None	None	9
TR770567	all	0	0	956	32	20	6
TR770567	full	0	0	956	32	20	6
TR770567	ua	0	0	980	56	36	13
TR770567	mst	0	0	924	0	17	5
TR770567	mst3	0	0	956	32	20	6
TR770567	bbt64m	0	0	956	32	20	6
TR770567	pf_famsa	0	0	987	63	35	9
TR770567	pf_famsa_h32	0	0	973	49	27	None
TR770567	st_long	0	0	924	0	17	None
TR770567	st_chm13	0	0	992	68	29	None
TR770580	unpatched	0	0	None	None	None	23
TR770580	all	1	0	1955	198	68	18
TR770580	full	1	1	2064	307	89	23
TR770580	ua	0	1	2050	293	91	24
TR770580	mst	0	0	2075	318	82	21
TR770580	mst3	0	1	2076	319	85	24
TR770580	bbt64m	0	1	2036	279	86	26
TR770580	pf_famsa	0	0	2009	252	84	19
TR770580	pf_famsa_h32	0	1	1923	166	69	None
TR770580	st_long	0	0	2143	386	97	None
TR770580	st_chm13	0	0	1897	140	65	None
TR770592	unpatched	0	0	None	None	None	5
TR770592	all	0	0	1067	94	30	7
TR770592	full	0	0	1086	113	37	4
TR770592	ua	0	0	1087	114	40	3
TR770592	mst	0	0	1131	158	39	6
TR770592	mst3	0	0	1110	137	36	7
TR770592	bbt64m	0	0	1086	113	37	4
TR770592	pf_famsa	0	0	1100	127	46	4
TR770592	pf_famsa_h32	0	0	1084	111	30	None
TR770592	st_long	0	0	1215	242	41	None
TR770592	st_chm13	1	0	1343	370	37	None
TR770602	unpatched	1	1	None	None	None	27
TR770602	all	0	2	4362	820	350	65
TR770602	full	3	1	5643	2101	761	156
TR770602	ua	0	0	4733	1191	460	115
TR770602	mst	0	0	4160	618	222	40
TR770602	mst3	0	0	4210	668	236	43
TR770602	bbt64m	0	1	5017	1475	471	93
TR770602	pf_famsa	0	0	4124	582	195	33
TR770602	pf_famsa_h32	0	0	4083	541	175	None
TR770602	st_long	0	0	3922	380	165	None
TR770602	st_chm13	0	0	4484	942	221	None
TR770603	unpatched	1	2	None	None	None	27
TR770603	all	1	2	2898	342	210	41
TR770603	full	0	1	3261	705	312	68
TR770603	ua	0	2	3062	506	330	63
TR770603	mst	3	1	3086	530	184	18
TR770603	mst3	1	0	2920	364	175	28
TR770603	bbt64m	0	3	3417	861	373	63
TR770603	pf_famsa	0	0	3174	618	309	37
TR770603	pf_famsa_h32	0	1	2893	337	236	None
TR770603	st_long	2	3	2959	403	238	None
TR770603	st_chm13	0	1	2852	296	240	None
TR770625	unpatched	0	0	None	None	None	7
TR770625	all	0	0	1773	0	21	6
TR770625	full	0	0	1773	0	23	7
TR770625	ua	0	0	1781	8	32	11
TR770625	mst	0	0	1773	0	21	6
TR770625	mst3	0	0	1773	0	21	6
TR770625	bbt64m	0	0	1773	0	23	7
TR770625	pf_famsa	0	0	1789	16	21	6
TR770625	pf_famsa_h32	0	0	1791	18	21	None
TR770625	st_long	0	0	1773	0	21	None
TR770625	st_chm13	0	0	1773	0	21	None
TR770649	unpatched	0	0	None	None	None	17
TR770649	all	0	0	1249	184	44	10
TR770649	full	0	0	1341	276	88	18
TR770649	ua	0	0	1341	276	88	18
TR770649	mst	0	0	1176	111	38	10
TR770649	mst3	0	0	1189	124	43	10
TR770649	bbt64m	0	0	1305	240	64	12
TR770649	pf_famsa	0	0	1281	216	63	9
TR770649	pf_famsa_h32	0	0	1275	210	54	None
TR770649	st_long	0	0	1245	180	65	None
TR770649	st_chm13	0	0	1282	217	51	None
TR770678	unpatched	1	2	None	None	None	19
TR770678	all	0	0	2457	166	104	32
TR770678	full	0	3	2576	285	128	41
TR770678	ua	0	0	2558	267	134	36
TR770678	mst	3	1	2528	237	61	18
TR770678	mst3	3	1	2538	247	68	20
TR770678	bbt64m	0	3	2525	234	125	34
TR770678	pf_famsa	0	3	2560	269	147	35
TR770678	pf_famsa_h32	0	3	2470	179	105	None
TR770678	st_long	2	1	2446	155	91	None
TR770678	st_chm13	1	3	2448	157	94	None
TR770683	unpatched	0	0	None	None	None	24
TR770683	all	1	1	1909	160	149	41
TR770683	full	0	1	2076	327	179	55
TR770683	ua	0	1	2137	388	220	56
TR770683	mst	0	1	1914	165	136	42
TR770683	mst3	1	1	1938	189	142	39
TR770683	bbt64m	0	1	2077	328	179	46
TR770683	pf_famsa	0	1	2101	352	186	43
TR770683	pf_famsa_h32	1	1	1965	216	122	None
TR770683	st_long	0	0	1907	158	100	None
TR770683	st_chm13	0	1	2030	281	136	None
TR770742	unpatched	0	2	None	None	None	62
TR770742	all	0	3	5525	1033	423	114
TR770742	full	0	3	6541	2049	650	187
TR770742	ua	0	2	5435	943	415	91
TR770742	mst	0	0	5321	829	304	69
TR770742	mst3	0	0	5401	909	316	70
TR770742	bbt64m	0	2	5770	1278	427	101
TR770742	pf_famsa	0	2	5460	968	421	70
TR770742	pf_famsa_h32	1	2	5344	852	333	None
TR770742	st_long	1	2	5961	1469	459	None
TR770742	st_chm13	0	2	5929	1437	390	None
TR770744	unpatched	3	1	None	None	None	71
TR770744	all	0	0	5277	740	323	102
TR770744	full	0	0	5771	1234	401	121
TR770744	ua	0	1	5739	1202	499	19
TR770744	mst	0	0	5104	567	277	74
TR770744	mst3	0	0	5199	662	268	78
TR770744	bbt64m	0	1	5481	944	336	106
TR770744	pf_famsa	0	0	5540	1003	449	123
TR770744	pf_famsa_h32	1	1	5523	986	455	None
TR770744	st_long	0	0	5283	746	284	None
TR770744	st_chm13	0	1	5363	826	278	None
TR770768	unpatched	0	0	None	None	None	4
TR770768	all	0	0	739	0	12	4
TR770768	full	0	0	739	0	12	4
TR770768	ua	0	0	739	0	12	4
TR770768	mst	0	0	739	0	12	4
TR770768	mst3	0	0	739	0	12	4
TR770768	bbt64m	0	0	739	0	12	4
TR770768	pf_famsa	0	0	759	20	12	4
TR770768	pf_famsa_h32	0	0	759	20	12	None
TR770768	st_long	0	0	739	0	12	None
TR770768	st_chm13	0	0	739	0	12	None
TR770864	unpatched	0	0	None	None	None	2
TR770864	all	0	0	1017	0	6	2
TR770864	full	0	0	1059	42	13	5
TR770864	ua	3	0	1025	8	12	5
TR770864	mst	0	0	1071	54	15	6
TR770864	mst3	0	0	1071	54	15	6
TR770864	bbt64m	0	0	1059	42	13	5
TR770864	pf_famsa	0	0	1060	43	13	4
TR770864	pf_famsa_h32	0	0	1037	20	6	None
TR770864	st_long	0	0	1017	0	6	None
TR770864	st_chm13	0	0	1017	0	6	None
TR770865	unpatched	0	0	None	None	None	11
TR770865	all	0	0	1471	32	37	9
TR770865	full	0	0	1645	206	120	38
TR770865	ua	0	0	1629	190	81	19
TR770865	mst	0	0	1591	152	63	17
TR770865	mst3	0	0	1471	32	37	9
TR770865	bbt64m	0	0	1645	206	120	38
TR770865	pf_famsa	0	0	1565	126	58	17
TR770865	pf_famsa_h32	0	0	1546	107	37	None
TR770865	st_long	1	0	1643	204	68	None
TR770865	st_chm13	0	0	1471	32	37	None
TR770876	unpatched	0	0	None	None	None	37
TR770876	all	0	0	2040	775	225	54
TR770876	full	0	0	2285	1020	270	63
TR770876	ua	0	0	2089	824	264	66
TR770876	mst	0	0	2242	977	291	34
TR770876	mst3	0	0	2020	755	214	33
TR770876	bbt64m	0	0	2202	937	314	50
TR770876	pf_famsa	0	0	2096	831	210	45
TR770876	pf_famsa_h32	0	0	2123	858	176	None
TR770876	st_long	0	0	2462	1197	333	None
TR770876	st_chm13	0	0	2057	792	263	None
TR770877	unpatched	0	0	None	None	None	7
TR770877	all	0	0	832	4	24	7
TR770877	full	0	0	828	0	26	8
TR770877	ua	0	0	828	0	26	8
TR770877	mst	0	0	836	8	24	8
TR770877	mst3	0	0	832	4	23	7
TR770877	bbt64m	0	0	828	0	26	8
TR770877	pf_famsa	0	0	917	89	33	8
TR770877	pf_famsa_h32	0	0	898	70	27	None
TR770877	st_long	0	0	833	5	23	None
TR770877	st_chm13	0	0	832	4	24	None
TR770887	unpatched	0	2	None	None	None	14
TR770887	all	0	1	1304	4	21	6
TR770887	full	0	1	1535	235	59	17
TR770887	ua	0	1	1517	217	80	17
TR770887	mst	0	2	1300	0	26	8
TR770887	mst3	0	0	1300	0	26	6
TR770887	bbt64m	0	1	1549	249	65	14
TR770887	pf_famsa	0	1	1487	187	42	7
TR770887	pf_famsa_h32	0	0	1358	58	21	None
TR770887	st_long	0	0	1522	222	24	None
TR770887	st_chm13	1	1	1347	47	26	None
TR770961	unpatched	0	0	None	None	None	6
TR770961	all	0	0	889	0	5	2
TR770961	full	0	0	927	38	22	9
TR770961	ua	0	0	1066	177	73	33
TR770961	mst	0	0	900	11	5	2
TR770961	mst3	0	0	900	11	5	2
TR770961	bbt64m	0	0	927	38	22	9
TR770961	pf_famsa	0	0	939	50	14	5
TR770961	pf_famsa_h32	0	0	920	31	5	None
TR770961	st_long	0	0	952	63	8	None
TR770961	st_chm13	0	0	889	0	5	None
TR770976	unpatched	0	1	None	None	None	16
TR770976	all	2	1	1672	37	33	12
TR770976	full	0	0	1716	81	49	19
TR770976	ua	0	0	1899	264	86	30
TR770976	mst	1	1	1850	215	77	28
TR770976	mst3	1	1	1830	195	74	28
TR770976	bbt64m	0	0	1716	81	49	19
TR770976	pf_famsa	0	1	1871	236	74	22
TR770976	pf_famsa_h32	2	1	1723	88	34	None
TR770976	st_long	2	1	1678	43	32	None
TR770976	st_chm13	2	1	1672	37	33	None
TR770984	unpatched	0	0	None	None	None	5
TR770984	all	0	0	859	0	12	4
TR770984	full	0	0	859	0	13	4
TR770984	ua	0	0	927	68	47	11
TR770984	mst	0	0	859	0	13	4
TR770984	mst3	0	0	859	0	13	4
TR770984	bbt64m	0	0	859	0	13	4
TR770984	pf_famsa	0	0	875	16	12	3
TR770984	pf_famsa_h32	0	0	895	36	12	None
TR770984	st_long	0	0	900	41	13	None
TR770984	st_chm13	0	0	1016	157	12	None
TR770990	unpatched	0	0	None	None	None	15
TR770990	all	0	0	1403	16	40	14
TR770990	full	0	0	1410	23	41	14
TR770990	ua	0	0	1410	23	39	13
TR770990	mst	0	0	1403	16	40	14
TR770990	mst3	0	0	1403	16	40	14
TR770990	bbt64m	0	0	1410	23	41	14
TR770990	pf_famsa	0	0	1427	40	41	15
TR770990	pf_famsa_h32	0	0	1447	60	41	None
TR770990	st_long	0	0	1480	93	43	None
TR770990	st_chm13	0	0	1403	16	40	None
TR771011	unpatched	0	1	None	None	None	6
TR771011	all	0	1	1169	0	16	5
TR771011	full	0	1	1169	0	16	5
TR771011	ua	0	1	1169	0	16	5
TR771011	mst	0	1	1169	0	16	5
TR771011	mst3	0	1	1190	21	18	6
TR771011	bbt64m	0	1	1169	0	16	5
TR771011	pf_famsa	0	1	1241	72	22	6
TR771011	pf_famsa_h32	0	1	1209	40	16	None
TR771011	st_long	0	1	1178	9	18	None
TR771011	st_chm13	0	1	1169	0	16	None
TR771014	unpatched	0	0	None	None	None	6
TR771014	all	0	0	904	27	17	4
TR771014	full	0	0	890	13	16	4
TR771014	ua	0	0	892	15	18	5
TR771014	mst	0	0	884	7	16	4
TR771014	mst3	0	0	884	7	16	4
TR771014	bbt64m	0	0	890	13	16	4
TR771014	pf_famsa	0	0	936	59	16	5
TR771014	pf_famsa_h32	0	0	936	59	16	None
TR771014	st_long	0	0	898	21	17	None
TR771014	st_chm13	0	0	906	29	17	None
TR771019	unpatched	1	0	None	None	None	8
TR771019	all	0	0	841	0	24	8
TR771019	full	0	0	879	38	29	10
TR771019	ua	0	0	856	15	24	8
TR771019	mst	0	0	841	0	24	8
TR771019	mst3	0	0	841	0	26	9
TR771019	bbt64m	0	0	879	38	29	10
TR771019	pf_famsa	0	0	861	20	24	8
TR771019	pf_famsa_h32	0	0	861	20	24	None
TR771019	st_long	0	0	841	0	24	None
TR771019	st_chm13	0	0	841	0	24	None
TR771044	unpatched	0	0	None	None	None	14
TR771044	all	0	0	1411	290	92	15
TR771044	full	1	1	1900	779	212	30
TR771044	ua	0	0	1724	603	169	19
TR771044	mst	0	1	1501	380	123	10
TR771044	mst3	0	0	1460	339	111	14
TR771044	bbt64m	0	1	1791	670	181	26
TR771044	pf_famsa	0	0	1664	543	133	12
TR771044	pf_famsa_h32	0	0	1508	387	92	None
TR771044	st_long	1	1	1793	672	150	None
TR771044	st_chm13	1	1	1834	713	107	None
TR771057	unpatched	0	0	None	None	None	4
TR771057	all	0	0	1129	0	10	3
TR771057	full	0	0	1129	0	11	3
TR771057	ua	0	0	1129	0	10	3
TR771057	mst	0	0	1129	0	10	3
TR771057	mst3	0	0	1129	0	10	3
TR771057	bbt64m	0	0	1129	0	11	3
TR771057	pf_famsa	0	0	1135	6	11	3
TR771057	pf_famsa_h32	0	0	1155	26	10	None
TR771057	st_long	0	0	1201	72	12	None
TR771057	st_chm13	0	0	1129	0	10	None
TR771091	unpatched	1	0	None	None	None	13
TR771091	all	1	0	2044	69	62	17
TR771091	full	1	0	2099	124	76	21
TR771091	ua	1	0	1985	10	38	6
TR771091	mst	1	0	1979	4	37	12
TR771091	mst3	1	0	2008	33	47	15
TR771091	bbt64m	1	0	2099	124	76	21
TR771091	pf_famsa	1	0	1991	16	37	12
TR771091	pf_famsa_h32	2	0	2012	37	40	None
TR771091	st_long	1	0	2045	70	38	None
TR771091	st_chm13	2	0	1984	9	39	None
TR771106	unpatched	0	0	None	None	None	8
TR771106	all	0	0	1041	30	24	8
TR771106	full	0	0	1062	51	27	9
TR771106	ua	0	0	1062	51	27	9
TR771106	mst	0	0	1062	51	26	8
TR771106	mst3	0	0	1062	51	26	8
TR771106	bbt64m	0	0	1062	51	27	9
TR771106	pf_famsa	0	0	1041	30	23	7
TR771106	pf_famsa_h32	0	0	1040	29	21	None
TR771106	st_long	0	0	1125	114	26	None
TR771106	st_chm13	0	0	1062	51	28	None
TR771109	unpatched	0	0	None	None	None	3
TR771109	all	0	0	596	0	9	3
TR771109	full	0	0	596	0	9	3
TR771109	ua	0	0	596	0	9	3
TR771109	mst	0	0	596	0	9	3
TR771109	mst3	0	0	596	0	9	3
TR771109	bbt64m	0	0	596	0	9	3
TR771109	pf_famsa	0	0	616	20	9	3
TR771109	pf_famsa_h32	0	0	616	20	9	None
TR771109	st_long	0	0	596	0	9	None
TR771109	st_chm13	0	0	596	0	9	None
TR771130	unpatched	0	0	None	None	None	15
TR771130	all	0	0	1075	168	48	15
TR771130	full	0	0	1070	163	48	15
TR771130	ua	0	0	1070	163	50	16
TR771130	mst	0	0	940	33	24	6
TR771130	mst3	0	0	940	33	24	6
TR771130	bbt64m	0	0	1070	163	48	15
TR771130	pf_famsa	0	0	1071	164	50	16
TR771130	pf_famsa_h32	0	0	1070	163	48	None
TR771130	st_long	0	0	926	19	24	None
TR771130	st_chm13	0	0	926	19	24	None
TR771164	unpatched	0	0	None	None	None	16
TR771164	all	0	0	1542	50	58	18
TR771164	full	0	0	1573	81	59	18
TR771164	ua	0	0	1508	16	60	18
TR771164	mst	0	0	1509	17	56	16
TR771164	mst3	0	0	1509	17	56	16
TR771164	bbt64m	0	0	1573	81	59	18
TR771164	pf_famsa	0	0	1589	97	58	16
TR771164	pf_famsa_h32	0	0	1574	82	55	None
TR771164	st_long	0	0	1553	61	64	None
TR771164	st_chm13	0	0	1553	61	64	None
TR771178	unpatched	1	1	None	None	None	11
TR771178	all	0	1	1727	165	92	25
TR771178	full	0	1	1748	186	58	18
TR771178	ua	0	1	1742	180	86	28
TR771178	mst	0	1	1578	16	19	6
TR771178	mst3	0	1	1578	16	19	6
TR771178	bbt64m	0	1	1748	186	58	18
TR771178	pf_famsa	0	1	1690	128	36	10
TR771178	pf_famsa_h32	0	1	1645	83	18	None
TR771178	st_long	2	1	1700	138	38	None
TR771178	st_chm13	0	1	1563	1	18	None
TR771195	unpatched	0	0	None	None	None	11
TR771195	all	0	0	1140	26	33	9
TR771195	full	0	0	1184	70	36	11
TR771195	ua	0	0	1183	69	44	16
TR771195	mst	0	0	1143	29	38	11
TR771195	mst3	0	0	1143	29	37	11
TR771195	bbt64m	0	0	1184	70	36	11
TR771195	pf_famsa	0	0	1236	122	33	9
TR771195	pf_famsa_h32	0	0	1232	118	32	None
TR771195	st_long	0	0	1149	35	33	None
TR771195	st_chm13	0	0	1156	42	33	None
TR771197	unpatched	0	0	None	None	None	11
TR771197	all	0	1	1510	49	43	16
TR771197	full	0	1	1580	119	89	35
TR771197	ua	0	1	1592	131	78	30
TR771197	mst	0	1	1510	49	51	20
TR771197	mst3	0	1	1510	49	55	22
TR771197	bbt64m	0	1	1580	119	89	35
TR771197	pf_famsa	0	1	1540	79	62	23
TR771197	pf_famsa_h32	0	1	1527	66	73	None
TR771197	st_long	0	0	1530	69	36	None
TR771197	st_chm13	0	1	1510	49	43	None
TR771214	unpatched	0	0	None	None	None	13
TR771214	all	0	0	1333	16	44	13
TR771214	full	2	1	1560	243	111	38
TR771214	ua	0	0	1389	72	52	18
TR771214	mst	0	0	1429	112	72	21
TR771214	mst3	0	0	1430	113	68	21
TR771214	bbt64m	2	1	1561	244	113	39
TR771214	pf_famsa	0	0	1711	394	98	22
TR771214	pf_famsa_h32	0	0	1594	277	44	None
TR771214	st_long	1	1	1741	424	77	None
TR771214	st_chm13	0	0	1333	16	44	None
TR771225	unpatched	1	0	None	None	None	7
TR771225	all	0	0	2358	12	25	7
TR771225	full	0	0	2462	116	58	20
TR771225	ua	0	0	2413	67	49	10
TR771225	mst	1	0	2346	0	26	8
TR771225	mst3	1	0	2346	0	26	8
TR771225	bbt64m	0	0	2462	116	58	20
TR771225	pf_famsa	0	0	2398	52	32	11
TR771225	pf_famsa_h32	1	0	2415	69	25	None
TR771225	st_long	0	0	2346	0	27	None
TR771225	st_chm13	0	0	2346	0	26	None
TR771261	unpatched	0	0	None	None	None	4
TR771261	all	0	0	1013	0	8	3
TR771261	full	0	0	1124	111	33	11
TR771261	ua	0	0	1072	59	14	5
TR771261	mst	0	0	1022	9	11	4
TR771261	mst3	0	0	1034	21	13	5
TR771261	bbt64m	0	0	1124	111	33	11
TR771261	pf_famsa	0	0	1050	37	12	4
TR771261	pf_famsa_h32	0	0	1043	30	8	None
TR771261	st_long	0	0	1054	41	11	None
TR771261	st_chm13	0	0	1013	0	8	None
TR771291	unpatched	0	3	None	None	None	32
TR771291	all	0	3	7529	4175	784	206
TR771291	full	1	3	16262	12908	2018	480
TR771291	ua	1	3	8890	5536	1266	40
TR771291	mst	0	3	9725	6371	1486	33
TR771291	mst3	0	3	8910	5556	1371	22
TR771291	bbt64m	1	2	11313	7959	1652	33
TR771291	pf_famsa	0	3	8242	4888	986	30
TR771291	pf_famsa_h32	2	3	7986	4632	816	None
TR771291	st_long	3	3	15077	11723	1789	None
TR771291	st_chm13	0	3	13678	10324	1684	None
TR771293	unpatched	0	0	None	None	None	7
TR771293	all	0	0	1668	6	14	5
TR771293	full	0	0	1680	18	19	7
TR771293	ua	0	0	1896	234	71	27
TR771293	mst	1	0	1707	45	25	9
TR771293	mst3	1	0	1707	45	25	9
TR771293	bbt64m	0	0	1680	18	19	7
TR771293	pf_famsa	0	0	1686	24	22	8
TR771293	pf_famsa_h32	0	0	1676	14	17	None
TR771293	st_long	0	0	1668	6	14	None
TR771293	st_chm13	0	0	1668	6	14	None
TR771318	unpatched	1	1	None	None	None	2
TR771318	all	0	1	701	0	6	1
TR771318	full	0	1	701	0	6	1
TR771318	ua	1	1	761	60	7	2
TR771318	mst	0	1	701	0	6	1
TR771318	mst3	0	1	701	0	6	1
TR771318	bbt64m	0	1	701	0	6	1
TR771318	pf_famsa	0	0	781	80	6	1
TR771318	pf_famsa_h32	0	0	781	80	6	None
TR771318	st_long	0	1	761	60	6	None
TR771318	st_chm13	0	1	701	0	6	None
TR771354	unpatched	0	0	None	None	None	6
TR771354	all	0	0	1761	0	20	6
TR771354	full	0	1	2035	274	84	28
TR771354	ua	0	0	1937	176	66	22
TR771354	mst	0	0	1761	0	20	6
TR771354	mst3	0	0	1761	0	20	6
TR771354	bbt64m	0	1	2035	274	84	28
TR771354	pf_famsa	0	0	1773	12	20	6
TR771354	pf_famsa_h32	0	0	1781	20	20	None
TR771354	st_long	0	0	1761	0	20	None
TR771354	st_chm13	0	0	1761	0	20	None
TR771390	unpatched	0	0	None	None	None	5
TR771390	all	2	1	880	84	23	4
TR771390	full	0	0	859	63	22	5
TR771390	ua	0	0	901	105	29	5
TR771390	mst	0	0	901	105	27	5
TR771390	mst3	0	0	901	105	27	5
TR771390	bbt64m	0	0	859	63	22	5
TR771390	pf_famsa	0	0	901	105	23	4
TR771390	pf_famsa_h32	0	0	878	82	20	None
TR771390	st_long	0	0	859	63	21	None
TR771390	st_chm13	0	0	961	165	16	None
TR771424	unpatched	0	0	None	None	None	1
TR771424	all	1	0	1040	0	4	1
TR771424	full	1	0	1040	0	4	1
TR771424	ua	1	0	1040	0	4	1
TR771424	mst	1	0	1040	0	4	1
TR771424	mst3	1	0	1040	0	4	1
TR771424	bbt64m	1	0	1040	0	4	1
TR771424	pf_famsa	0	0	1042	2	6	1
TR771424	pf_famsa_h32	0	0	1080	40	4	None
TR771424	st_long	0	0	1040	0	4	None
TR771424	st_chm13	1	0	1040	0	4	None
TR771442	unpatched	0	0	None	None	None	5
TR771442	all	0	0	1661	38	34	11
TR771442	full	0	0	1665	42	34	11
TR771442	ua	0	0	1658	35	28	10
TR771442	mst	0	0	1623	0	20	5
TR771442	mst3	0	0	1623	0	20	5
TR771442	bbt64m	0	0	1665	42	34	11
TR771442	pf_famsa	0	0	1635	12	18	5
TR771442	pf_famsa_h32	0	0	1707	84	30	None
TR771442	st_long	0	0	1623	0	18	None
TR771442	st_chm13	0	0	1623	0	18	None
TR771481	unpatched	1	0	None	None	None	5
TR771481	all	0	0	2110	197	76	5
TR771481	full	0	0	2691	778	220	40
TR771481	ua	1	0	2391	478	176	27
TR771481	mst	0	0	2052	139	67	7
TR771481	mst3	0	0	2043	130	68	9
TR771481	bbt64m	0	0	2552	639	189	36
TR771481	pf_famsa	1	0	2193	280	82	10
TR771481	pf_famsa_h32	0	0	2129	216	59	None
TR771481	st_long	1	0	2518	605	140	None
TR771481	st_chm13	0	0	2020	107	55	None
TR771590	unpatched	0	0	None	None	None	7
TR771590	all	0	0	1554	21	20	7
TR771590	full	0	0	1614	81	29	9
TR771590	ua	0	0	1644	111	30	9
TR771590	mst	0	0	1614	81	29	9
TR771590	mst3	0	0	1614	81	29	9
TR771590	bbt64m	0	0	1614	81	29	9
TR771590	pf_famsa	0	0	1572	39	23	7
TR771590	pf_famsa_h32	1	0	1574	41	19	None
TR771590	st_long	0	0	1554	21	20	None
TR771590	st_chm13	0	0	1554	21	20	None
TR771630	unpatched	0	0	None	None	None	4
TR771630	all	0	0	1964	0	25	4
TR771630	full	0	0	1974	10	26	4
TR771630	ua	0	0	1990	26	32	4
TR771630	mst	0	0	2038	74	28	4
TR771630	mst3	0	0	1995	31	34	4
TR771630	bbt64m	0	0	1974	10	26	4
TR771630	pf_famsa	0	0	2001	37	26	4
TR771630	pf_famsa_h32	0	0	2001	37	26	None
TR771630	st_long	0	0	1988	24	17	None
TR771630	st_chm13	0	0	1964	0	25	None
TR771633	unpatched	1	0	None	None	None	5
TR771633	all	0	0	1361	0	9	3
TR771633	full	0	0	1361	0	9	3
TR771633	ua	0	0	1373	12	33	15
TR771633	mst	0	0	1361	0	11	4
TR771633	mst3	0	0	1361	0	9	3
TR771633	bbt64m	0	0	1361	0	9	3
TR771633	pf_famsa	0	0	1367	6	9	3
TR771633	pf_famsa_h32	0	0	1367	6	9	None
TR771633	st_long	0	0	1361	0	11	None
TR771633	st_chm13	0	0	1361	0	9	None
TR771640	unpatched	1	0	None	None	None	21
TR771640	all	0	0	2280	139	90	25
TR771640	full	0	0	2630	489	207	66
TR771640	ua	0	0	2288	147	163	45
TR771640	mst	0	0	2158	17	55	14
TR771640	mst3	0	0	2158	17	55	14
TR771640	bbt64m	0	0	2521	380	178	55
TR771640	pf_famsa	0	0	2370	229	113	25
TR771640	pf_famsa_h32	0	0	2282	141	70	None
TR771640	st_long	0	0	2320	179	104	None
TR771640	st_chm13	0	0	2347	206	109	None
TR771653	unpatched	0	0	None	None	None	9
TR771653	all	5	1	4195	971	319	37
TR771653	full	7	2	4955	1731	552	41
TR771653	ua	4	2	5235	2011	718	22
TR771653	mst	5	0	4900	1676	296	9
TR771653	mst3	5	0	4495	1271	281	13
TR771653	bbt64m	1	0	4359	1135	236	25
TR771653	pf_famsa	3	0	4718	1494	568	22
TR771653	pf_famsa_h32	0	0	4720	1496	531	None
TR771653	st_long	0	0	4266	1042	209	None
TR771653	st_chm13	0	0	4630	1406	189	None
TR771689	unpatched	0	0	None	None	None	2
TR771689	all	0	0	692	0	5	2
TR771689	full	0	0	692	0	5	2
TR771689	ua	0	0	699	7	5	2
TR771689	mst	0	0	692	0	5	2
TR771689	mst3	0	0	692	0	5	2
TR771689	bbt64m	0	0	692	0	5	2
TR771689	pf_famsa	0	0	715	23	5	2
TR771689	pf_famsa_h32	0	0	702	10	4	None
TR771689	st_long	0	0	692	0	6	None
TR771689	st_chm13	0	0	692	0	5	None
TR771758	unpatched	0	0	None	None	None	11
TR771758	all	0	0	2278	644	270	44
TR771758	full	0	0	2099	465	201	47
TR771758	ua	0	0	1986	352	168	31
TR771758	mst	0	0	1777	143	56	16
TR771758	mst3	0	0	1750	116	53	16
TR771758	bbt64m	0	2	2542	908	296	49
TR771758	pf_famsa	0	0	1854	220	97	24
TR771758	pf_famsa_h32	0	0	1891	257	106	None
TR771758	st_long	0	0	1886	252	37	None
TR771758	st_chm13	0	0	1735	101	68	None
TR771799	unpatched	0	1	None	None	None	3
TR771799	all	0	1	2020	286	84	9
TR771799	full	1	1	2543	809	217	18
TR771799	ua	0	1	2518	784	212	27
TR771799	mst	1	1	2396	662	140	18
TR771799	mst3	1	1	2198	464	100	9
TR771799	bbt64m	0	1	2460	726	194	24
TR771799	pf_famsa	0	1	2575	841	190	18
TR771799	pf_famsa_h32	1	1	2058	324	79	None
TR771799	st_long	0	1	1982	248	61	None
TR771799	st_chm13	1	1	2581	847	91	None
TR771871	unpatched	0	1	None	None	None	12
TR771871	all	0	1	1394	233	90	22
TR771871	full	0	2	1513	352	109	25
TR771871	ua	0	0	1484	323	107	26
TR771871	mst	0	1	1426	265	77	20
TR771871	mst3	0	1	1426	265	77	20
TR771871	bbt64m	0	2	1518	357	115	25
TR771871	pf_famsa	0	0	1470	309	103	24
TR771871	pf_famsa_h32	0	2	1455	294	94	None
TR771871	st_long	0	0	1619	458	71	None
TR771871	st_chm13	1	0	1488	327	117	None
TR771920	unpatched	0	0	None	None	None	2
TR771920	all	0	0	675	0	6	2
TR771920	full	0	0	675	0	6	2
TR771920	ua	0	0	675	0	6	2
TR771920	mst	0	0	675	0	6	2
TR771920	mst3	0	0	675	0	6	2
TR771920	bbt64m	0	0	675	0	6	2
TR771920	pf_famsa	0	0	695	20	6	2
TR771920	pf_famsa_h32	0	0	695	20	6	None
TR771920	st_long	0	0	675	0	6	None
TR771920	st_chm13	0	0	675	0	6	None
TR771923	unpatched	0	0	None	None	None	3
TR771923	all	0	0	592	49	25	3
TR771923	full	0	0	592	49	28	3
TR771923	ua	0	0	681	138	42	3
TR771923	mst	0	0	587	44	23	4
TR771923	mst3	0	0	589	46	22	3
TR771923	bbt64m	0	0	592	49	28	3
TR771923	pf_famsa	0	0	696	153	26	3
TR771923	pf_famsa_h32	0	0	691	148	26	None
TR771923	st_long	0	0	652	109	30	None
TR771923	st_chm13	0	0	605	62	22	None
TR771929	unpatched	0	0	None	None	None	13
TR771929	all	0	0	2067	115	82	16
TR771929	full	0	0	2111	159	97	22
TR771929	ua	0	0	2159	207	122	19
TR771929	mst	0	0	2589	637	233	52
TR771929	mst3	0	0	2062	110	79	17
TR771929	bbt64m	0	0	2091	139	92	20
TR771929	pf_famsa	0	0	2397	445	134	16
TR771929	pf_famsa_h32	0	0	2357	405	82	None
TR771929	st_long	0	0	2035	83	81	None
TR771929	st_chm13	0	0	2067	115	88	None
TR771939	unpatched	0	0	None	None	None	19
TR771939	all	0	0	1135	200	71	22
TR771939	full	0	0	1189	254	92	26
TR771939	ua	0	0	1181	246	90	25
TR771939	mst	0	1	1142	207	97	23
TR771939	mst3	0	1	1120	185	91	21
TR771939	bbt64m	0	1	1181	246	92	26
TR771939	pf_famsa	0	0	1201	266	105	23
TR771939	pf_famsa_h32	0	0	1211	276	83	None
TR771939	st_long	0	0	1254	319	63	None
TR771939	st_chm13	0	0	1177	242	77	None
TR771952	unpatched	0	0	None	None	None	15
TR771952	all	2	0	2413	281	57	14
TR771952	full	0	0	2675	543	90	22
TR771952	ua	0	0	2502	370	76	24
TR771952	mst	0	0	2557	425	76	18
TR771952	mst3	0	0	2557	425	76	18
TR771952	bbt64m	0	0	2699	567	95	23
TR771952	pf_famsa	1	0	2481	349	71	21
TR771952	pf_famsa_h32	1	0	2433	301	57	None
TR771952	st_long	1	0	3071	939	69	None
TR771952	st_chm13	1	0	2368	236	49	None
TR771963	unpatched	0	0	None	None	None	2
TR771963	all	0	0	590	0	6	2
TR771963	full	0	0	590	0	6	2
TR771963	ua	0	0	590	0	6	2
TR771963	mst	0	0	590	0	6	2
TR771963	mst3	0	0	590	0	6	2
TR771963	bbt64m	0	0	590	0	6	2
TR771963	pf_famsa	0	0	590	0	6	2
TR771963	pf_famsa_h32	0	0	610	20	6	None
TR771963	st_long	0	0	590	0	6	None
TR771963	st_chm13	0	0	590	0	6	None
TR772001	unpatched	0	0	None	None	None	3
TR772001	all	0	0	827	0	5	2
TR772001	full	0	0	827	0	5	2
TR772001	ua	0	0	848	21	7	2
TR772001	mst	0	0	827	0	5	2
TR772001	mst3	0	0	827	0	5	2
TR772001	bbt64m	0	0	827	0	5	2
TR772001	pf_famsa	0	0	848	21	5	1
TR772001	pf_famsa_h32	0	0	867	40	5	None
TR772001	st_long	0	0	848	21	7	None
TR772001	st_chm13	0	0	848	21	7	None
TR772036	unpatched	1	1	None	None	None	11
TR772036	all	0	1	946	87	49	11
TR772036	full	0	1	1168	309	101	22
TR772036	ua	0	1	1113	254	89	14
TR772036	mst	0	1	1084	225	84	12
TR772036	mst3	0	0	1060	201	76	11
TR772036	bbt64m	0	1	1163	304	103	14
TR772036	pf_famsa	0	1	1121	262	74	12
TR772036	pf_famsa_h32	0	1	1144	285	55	None
TR772036	st_long	0	0	1243	384	78	None
TR772036	st_chm13	0	0	1077	218	76	None
TR772050	unpatched	0	0	None	None	None	13
TR772050	all	0	0	1815	10	44	12
TR772050	full	0	0	1815	10	50	14
TR772050	ua	0	0	1819	14	45	12
TR772050	mst	0	0	1815	10	44	12
TR772050	mst3	0	0	1815	10	44	12
TR772050	bbt64m	0	0	1815	10	50	14
TR772050	pf_famsa	0	0	1857	52	47	13
TR772050	pf_famsa_h32	0	0	1861	56	43	None
TR772050	st_long	0	0	1815	10	44	None
TR772050	st_chm13	0	0	1820	15	45	None
TR772060	unpatched	0	0	None	None	None	5
TR772060	all	0	0	901	52	28	8
TR772060	full	0	0	1042	193	90	18
TR772060	ua	1	0	900	51	29	8
TR772060	mst	0	0	896	47	29	8
TR772060	mst3	0	0	891	42	28	8
TR772060	bbt64m	0	0	1042	193	90	18
TR772060	pf_famsa	0	0	1035	186	26	7
TR772060	pf_famsa_h32	0	0	1035	186	26	None
TR772060	st_long	0	0	899	50	28	None
TR772060	st_chm13	0	0	860	11	22	None
TR772100	unpatched	0	0	None	None	None	5
TR772100	all	0	0	964	46	14	4
TR772100	full	0	0	964	46	14	4
TR772100	ua	0	0	964	46	15	5
TR772100	mst	0	0	964	46	14	4
TR772100	mst3	0	0	964	46	14	4
TR772100	bbt64m	0	0	964	46	14	4
TR772100	pf_famsa	0	0	964	46	15	5
TR772100	pf_famsa_h32	0	0	964	46	14	None
TR772100	st_long	0	0	1001	83	9	None
TR772100	st_chm13	0	0	918	0	8	None
TR772131	unpatched	0	0	None	None	None	8
TR772131	all	0	0	972	40	22	7
TR772131	full	0	0	972	40	22	7
TR772131	ua	0	0	982	50	23	8
TR772131	mst	0	0	1024	92	26	6
TR772131	mst3	0	0	999	67	26	8
TR772131	bbt64m	0	0	972	40	22	7
TR772131	pf_famsa	0	0	992	60	22	7
TR772131	pf_famsa_h32	0	0	992	60	22	None
TR772131	st_long	0	0	957	25	24	None
TR772131	st_chm13	0	0	1049	117	26	None
TR772150	unpatched	0	0	None	None	None	11
TR772150	all	1	0	1043	68	44	16
TR772150	full	0	0	1078	103	57	18
TR772150	ua	1	0	1121	146	68	28
TR772150	mst	0	0	1014	39	40	11
TR772150	mst3	1	0	1053	78	46	14
TR772150	bbt64m	0	0	1078	103	57	18
TR772150	pf_famsa	1	0	1044	69	44	12
TR772150	pf_famsa_h32	1	0	1079	104	40	None
TR772150	st_long	2	0	1069	94	39	None
TR772150	st_chm13	1	0	1065	90	46	None
TR772156	unpatched	1	1	None	None	None	5
TR772156	all	1	1	846	0	14	5
TR772156	full	0	0	878	32	19	4
TR772156	ua	0	0	846	0	14	4
TR772156	mst	0	0	846	0	14	5
TR772156	mst3	1	1	846	0	14	5
TR772156	bbt64m	0	0	878	32	19	4
TR772156	pf_famsa	0	0	866	20	13	4
TR772156	pf_famsa_h32	0	0	866	20	13	None
TR772156	st_long	0	0	846	0	14	None
TR772156	st_chm13	1	1	846	0	14	None
TR772157	unpatched	0	0	None	None	None	5
TR772157	all	0	0	1057	0	17	6
TR772157	full	1	0	1115	58	33	11
TR772157	ua	0	0	1057	0	17	6
TR772157	mst	1	0	1136	79	35	11
TR772157	mst3	1	0	1136	79	35	11
TR772157	bbt64m	1	0	1115	58	33	11
TR772157	pf_famsa	1	0	1132	75	36	12
TR772157	pf_famsa_h32	0	0	1097	40	16	None
TR772157	st_long	1	0	1153	96	26	None
TR772157	st_chm13	0	0	1115	58	27	None
TR772169	unpatched	0	0	None	None	None	29
TR772169	all	3	4	3856	958	357	56
TR772169	full	0	0	4101	1203	400	67
TR772169	ua	0	0	4073	1175	370	74
TR772169	mst	0	0	3763	865	217	52
TR772169	mst3	0	0	3763	865	217	52
TR772169	bbt64m	3	4	4101	1203	400	67
TR772169	pf_famsa	4	4	4060	1162	389	60
TR772169	pf_famsa_h32	4	4	3872	974	360	None
TR772169	st_long	4	4	4518	1620	451	None
TR772169	st_chm13	0	0	3822	924	306	None
TR772191	unpatched	0	0	None	None	None	4
TR772191	all	0	0	895	0	11	4
TR772191	full	0	0	895	0	11	4
TR772191	ua	0	0	895	0	11	4
TR772191	mst	0	0	895	0	11	4
TR772191	mst3	0	0	895	0	11	4
TR772191	bbt64m	0	0	895	0	11	4
TR772191	pf_famsa	0	0	917	22	11	4
TR772191	pf_famsa_h32	0	0	917	22	11	None
TR772191	st_long	0	0	895	0	11	None
TR772191	st_chm13	0	0	895	0	11	None
TR772192	unpatched	0	0	None	None	None	24
TR772192	all	0	0	1387	409	104	21
TR772192	full	0	0	1697	719	164	33
TR772192	ua	0	0	1530	552	149	27
TR772192	mst	0	0	1772	794	204	11
TR772192	mst3	0	0	1562	584	154	10
TR772192	bbt64m	0	0	1698	720	177	21
TR772192	pf_famsa	0	0	1689	711	167	26
TR772192	pf_famsa_h32	0	0	1575	597	140	None
TR772192	st_long	0	0	1523	545	125	None
TR772192	st_chm13	0	0	1393	415	103	None
TR772198	unpatched	12	1	None	None	None	1
TR772198	all	4	2	7789	3793	698	30
TR772198	full	0	0	9703	5707	1072	77
TR772198	ua	6	1	9310	5314	1004	23
TR772198	mst	3	1	9455	5459	855	24
TR772198	mst3	4	1	9110	5114	757	31
TR772198	bbt64m	4	2	8692	4696	864	30
TR772198	pf_famsa	2	1	9231	5235	1139	21
TR772198	pf_famsa_h32	3	1	7820	3824	833	None
TR772198	st_long	5	2	7664	3668	544	None
TR772198	st_chm13	1	1	9600	5604	419	None
TR772205	unpatched	0	0	None	None	None	1
TR772205	all	0	0	554	0	6	1
TR772205	full	0	0	554	0	6	1
TR772205	ua	0	0	554	0	6	1
TR772205	mst	0	0	554	0	6	1
TR772205	mst3	0	0	554	0	6	1
TR772205	bbt64m	0	0	554	0	6	1
TR772205	pf_famsa	0	0	634	80	6	1
TR772205	pf_famsa_h32	0	0	634	80	6	None
TR772205	st_long	0	0	554	0	6	None
TR772205	st_chm13	0	0	554	0	6	None
TR772221	unpatched	0	0	None	None	None	12
TR772221	all	0	0	2572	328	95	31
TR772221	full	0	0	2664	420	109	33
TR772221	ua	0	0	2564	320	95	30
TR772221	mst	0	0	2463	219	78	25
TR772221	mst3	0	0	2467	223	82	27
TR772221	bbt64m	0	0	2664	420	109	33
TR772221	pf_famsa	0	0	2511	267	76	19
TR772221	pf_famsa_h32	0	0	2521	277	76	None
TR772221	st_long	0	0	2675	431	43	None
TR772221	st_chm13	0	0	2463	219	76	None
TR772224	unpatched	0	0	None	None	None	24
TR772224	all	0	0	4502	48	65	22
TR772224	full	0	0	4527	73	75	25
TR772224	ua	0	0	4554	100	71	25
TR772224	mst	0	0	4502	48	63	21
TR772224	mst3	0	0	4502	48	63	21
TR772224	bbt64m	0	0	4527	73	75	25
TR772224	pf_famsa	0	0	4522	68	63	21
TR772224	pf_famsa_h32	0	0	4522	68	63	None
TR772224	st_long	0	0	4502	48	63	None
TR772224	st_chm13	0	0	4502	48	65	None
TR772228	unpatched	1	2	None	None	None	44
TR772228	all	2	2	2661	342	137	38
TR772228	full	0	2	2694	375	152	43
TR772228	ua	0	1	2748	429	184	42
TR772228	mst	2	2	2777	458	163	31
TR772228	mst3	2	1	2640	321	128	32
TR772228	bbt64m	0	0	2746	427	153	40
TR772228	pf_famsa	0	2	2787	468	159	42
TR772228	pf_famsa_h32	0	0	2685	366	138	None
TR772228	st_long	1	2	3255	936	160	None
TR772228	st_chm13	0	2	3140	821	136	None
TR772242	unpatched	0	0	None	None	None	4
TR772242	all	0	0	834	0	12	4
TR772242	full	0	0	834	0	12	4
TR772242	ua	0	0	843	9	12	4
TR772242	mst	0	0	834	0	12	4
TR772242	mst3	0	0	834	0	12	4
TR772242	bbt64m	0	0	834	0	12	4
TR772242	pf_famsa	0	0	854	20	12	4
TR772242	pf_famsa_h32	0	0	854	20	12	None
TR772242	st_long	0	0	834	0	12	None
TR772242	st_chm13	0	0	834	0	12	None
TR772249	unpatched	0	0	None	None	None	12
TR772249	all	0	0	4480	690	271	10
TR772249	full	0	0	4502	712	285	12
TR772249	ua	0	0	4568	778	306	11
TR772249	mst	4	2	4432	642	276	31
TR772249	mst3	6	1	4468	678	277	31
TR772249	bbt64m	0	0	4502	712	285	12
TR772249	pf_famsa	0	0	4892	1102	345	9
TR772249	pf_famsa_h32	0	0	4656	866	292	None
TR772249	st_long	0	0	4824	1034	260	None
TR772249	st_chm13	1	0	5381	1591	59	None
TR772251	unpatched	4	2	None	None	None	7
TR772251	all	2	2	5216	1073	445	7
TR772251	full	2	3	6032	1889	642	19
TR772251	ua	2	1	6313	2170	641	7
TR772251	mst	6	1	5405	1262	461	8
TR772251	mst3	6	1	5388	1245	466	8
TR772251	bbt64m	2	3	6147	2004	628	18
TR772251	pf_famsa	3	3	5948	1805	604	7
TR772251	pf_famsa_h32	0	0	5218	1075	420	None
TR772251	st_long	3	3	5656	1513	547	None
TR772251	st_chm13	2	1	6549	2406	599	None
TR772253	unpatched	0	0	None	None	None	10
TR772253	all	0	0	1285	1	34	11
TR772253	full	0	0	1285	1	34	11
TR772253	ua	0	0	1289	5	33	10
TR772253	mst	0	0	1288	4	37	11
TR772253	mst3	0	0	1288	4	37	11
TR772253	bbt64m	0	0	1285	1	34	11
TR772253	pf_famsa	0	0	1303	19	33	10
TR772253	pf_famsa_h32	0	0	1303	19	33	None
TR772253	st_long	0	0	1287	3	33	None
TR772253	st_chm13	0	0	1287	3	33	None
TR772256	unpatched	1	2	None	None	None	10
TR772256	all	1	2	1326	25	33	11
TR772256	full	0	0	1404	103	52	15
TR772256	ua	1	2	1362	61	40	12
TR772256	mst	1	2	1326	25	33	10
TR772256	mst3	1	2	1326	25	33	10
TR772256	bbt64m	0	0	1404	103	52	15
TR772256	pf_famsa	1	2	1371	70	37	11
TR772256	pf_famsa_h32	1	2	1341	40	33	None
TR772256	st_long	1	2	1326	25	33	None
TR772256	st_chm13	1	2	1599	298	34	None
TR772257	unpatched	1	0	None	None	None	4
TR772257	all	0	0	1515	0	24	2
TR772257	full	0	0	1515	0	25	2
TR772257	ua	0	0	1545	30	39	9
TR772257	mst	0	0	1519	4	26	2
TR772257	mst3	0	0	1519	4	26	2
TR772257	bbt64m	0	0	1515	0	25	2
TR772257	pf_famsa	0	0	1545	30	30	4
TR772257	pf_famsa_h32	0	0	1535	20	24	None
TR772257	st_long	0	0	1515	0	27	None
TR772257	st_chm13	0	0	1518	3	23	None
TR772265	unpatched	0	0	None	None	None	4
TR772265	all	0	0	2515	7	9	3
TR772265	full	0	0	2850	342	87	29
TR772265	ua	1	0	2843	335	100	27
TR772265	mst	1	0	2515	7	9	3
TR772265	mst3	0	0	2515	7	9	3
TR772265	bbt64m	0	0	2850	342	87	29
TR772265	pf_famsa	0	0	2600	92	22	8
TR772265	pf_famsa_h32	0	0	2537	29	9	None
TR772265	st_long	0	0	2644	136	32	None
TR772265	st_chm13	1	0	2515	7	9	None
TR772266	unpatched	0	0	None	None	None	8
TR772266	all	0	0	1666	5	20	7
TR772266	full	0	0	1920	259	97	28
TR772266	ua	0	0	1951	290	131	45
TR772266	mst	0	0	1686	25	25	9
TR772266	mst3	0	0	1666	5	22	8
TR772266	bbt64m	0	0	1932	271	101	29
TR772266	pf_famsa	0	0	1734	73	34	8
TR772266	pf_famsa_h32	0	0	1738	77	23	None
TR772266	st_long	3	0	2768	1107	319	None
TR772266	st_chm13	0	0	1666	5	21	None
TR772268	unpatched	2	2	None	None	None	17
TR772268	all	1	2	2112	84	37	13
TR772268	full	0	0	2248	220	84	29
TR772268	ua	1	3	2261	233	83	28
TR772268	mst	1	2	2123	95	40	14
TR772268	mst3	1	2	2194	166	67	23
TR772268	bbt64m	0	0	2248	220	84	29
TR772268	pf_famsa	1	2	2128	100	37	13
TR772268	pf_famsa_h32	1	2	2128	100	37	None
TR772268	st_long	0	0	2448	420	101	None
TR772268	st_chm13	1	2	2112	84	37	None
TR772271	unpatched	0	0	None	None	None	4
TR772271	all	0	0	865	0	14	4
TR772271	full	0	0	865	0	14	4
TR772271	ua	0	0	865	0	14	4
TR772271	mst	0	0	865	0	14	4
TR772271	mst3	0	0	865	0	14	4
TR772271	bbt64m	0	0	865	0	14	4
TR772271	pf_famsa	0	0	899	34	14	4
TR772271	pf_famsa_h32	0	0	899	34	14	None
TR772271	st_long	0	0	865	0	14	None
TR772271	st_chm13	0	0	865	0	14	None
TR772285	unpatched	0	0	None	None	None	9
TR772285	all	0	0	2409	1	26	10
TR772285	full	0	0	2429	21	28	11
TR772285	ua	0	0	2411	3	25	9
TR772285	mst	0	0	2409	1	24	9
TR772285	mst3	0	0	2409	1	24	9
TR772285	bbt64m	0	0	2429	21	28	11
TR772285	pf_famsa	0	0	2420	12	26	9
TR772285	pf_famsa_h32	0	0	2423	15	26	None
TR772285	st_long	0	0	2409	1	24	None
TR772285	st_chm13	0	0	2409	1	26	None
TR772292	unpatched	0	0	None	None	None	7
TR772292	all	0	0	2671	28	18	6
TR772292	full	0	0	2684	41	20	7
TR772292	ua	0	0	2713	70	63	24
TR772292	mst	0	0	2656	13	19	7
TR772292	mst3	0	0	2684	41	20	7
TR772292	bbt64m	0	0	2684	41	20	7
TR772292	pf_famsa	0	0	2671	28	18	6
TR772292	pf_famsa_h32	0	0	2691	48	18	None
TR772292	st_long	0	0	2656	13	19	None
TR772292	st_chm13	0	0	2671	28	18	None
TR772296	unpatched	0	0	None	None	None	7
TR772296	all	0	0	1923	57	50	7
TR772296	full	0	0	1931	65	53	7
TR772296	ua	0	0	2107	241	121	6
TR772296	mst	0	0	1953	87	66	7
TR772296	mst3	0	0	1905	39	47	7
TR772296	bbt64m	0	0	2040	174	86	7
TR772296	pf_famsa	0	0	2114	248	88	6
TR772296	pf_famsa_h32	0	0	2014	148	46	None
TR772296	st_long	0	0	1936	70	48	None
TR772296	st_chm13	0	0	1938	72	52	None
TR772315	unpatched	0	0	None	None	None	2
TR772315	all	0	0	847	0	7	2
TR772315	full	0	0	903	56	47	16
TR772315	ua	0	0	847	0	7	2
TR772315	mst	0	0	847	0	7	2
TR772315	mst3	0	0	847	0	7	2
TR772315	bbt64m	0	0	903	56	47	16
TR772315	pf_famsa	0	0	927	80	7	2
TR772315	pf_famsa_h32	0	0	927	80	7	None
TR772315	st_long	0	0	847	0	7	None
TR772315	st_chm13	0	0	847	0	7	None
TR772321	unpatched	0	0	None	None	None	11
TR772321	all	0	0	1639	0	36	11
TR772321	full	0	0	1640	1	37	11
TR772321	ua	0	0	1639	0	40	13
TR772321	mst	0	0	1639	0	36	11
TR772321	mst3	0	0	1639	0	36	11
TR772321	bbt64m	0	0	1640	1	37	11
TR772321	pf_famsa	0	0	1690	51	39	11
TR772321	pf_famsa_h32	0	0	1678	39	36	None
TR772321	st_long	0	0	1904	265	30	None
TR772321	st_chm13	0	0	1639	0	36	None
TR772323	unpatched	0	0	None	None	None	5
TR772323	all	0	0	888	0	5	1
TR772323	full	0	0	980	92	28	10
TR772323	ua	0	0	897	9	5	2
TR772323	mst	0	0	891	3	7	2
TR772323	mst3	0	0	891	3	7	2
TR772323	bbt64m	0	0	980	92	28	10
TR772323	pf_famsa	0	0	923	35	5	1
TR772323	pf_famsa_h32	0	0	917	29	4	None
TR772323	st_long	0	0	989	101	12	None
TR772323	st_chm13	0	0	888	0	5	None
TR772327	unpatched	0	0	None	None	None	9
TR772327	all	0	0	1602	48	26	9
TR772327	full	0	0	1579	25	25	9
TR772327	ua	0	1	1575	21	27	10
TR772327	mst	0	0	1579	25	25	9
TR772327	mst3	0	0	1579	25	25	9
TR772327	bbt64m	0	0	1579	25	25	9
TR772327	pf_famsa	0	0	1603	49	25	9
TR772327	pf_famsa_h32	0	0	1607	53	26	None
TR772327	st_long	0	0	1602	48	26	None
TR772327	st_chm13	0	0	1602	48	26	None
TR772329	unpatched	0	0	None	None	None	14
TR772329	all	2	1	1589	452	149	35
TR772329	full	0	1	1848	711	212	42
TR772329	ua	1	1	1878	741	282	55
TR772329	mst	0	0	1520	383	144	22
TR772329	mst3	0	0	1544	407	135	22
TR772329	bbt64m	0	1	1700	563	178	30
TR772329	pf_famsa	0	1	1665	528	156	28
TR772329	pf_famsa_h32	1	1	1574	437	136	None
TR772329	st_long	0	0	1525	388	102	None
TR772329	st_chm13	1	1	1660	523	180	None
TR772338	unpatched	0	0	None	None	None	7
TR772338	all	0	0	1387	20	20	7
TR772338	full	0	0	1393	26	20	7
TR772338	ua	0	0	1402	35	20	7
TR772338	mst	0	0	1387	20	21	8
TR772338	mst3	0	0	1387	20	21	8
TR772338	bbt64m	0	0	1393	26	20	7
TR772338	pf_famsa	0	0	1396	29	20	7
TR772338	pf_famsa_h32	0	0	1408	41	20	None
TR772338	st_long	0	0	1387	20	20	None
TR772338	st_chm13	0	0	1387	20	20	None
TR772350	unpatched	0	0	None	None	None	7
TR772350	all	0	0	1170	86	37	7
TR772350	full	0	0	1377	293	94	24
TR772350	ua	0	0	1227	143	51	10
TR772350	mst	0	0	1157	73	42	9
TR772350	mst3	0	0	1155	71	38	7
TR772350	bbt64m	0	0	1377	293	94	24
TR772350	pf_famsa	0	0	1252	168	44	7
TR772350	pf_famsa_h32	0	0	1226	142	38	None
TR772350	st_long	0	0	1147	63	40	None
TR772350	st_chm13	0	0	1147	63	40	None
TR772359	unpatched	0	0	None	None	None	13
TR772359	all	0	0	1365	28	39	13
TR772359	full	0	0	1365	28	41	14
TR772359	ua	0	0	1361	24	42	15
TR772359	mst	0	0	1365	28	41	14
TR772359	mst3	0	0	1365	28	41	14
TR772359	bbt64m	0	0	1365	28	41	14
TR772359	pf_famsa	0	0	1365	28	39	13
TR772359	pf_famsa_h32	0	0	1365	28	39	None
TR772359	st_long	0	0	1365	28	39	None
TR772359	st_chm13	0	0	1365	28	39	None
TR772363	unpatched	0	0	None	None	None	10
TR772363	all	0	0	1243	0	31	10
TR772363	full	0	0	1243	0	31	10
TR772363	ua	0	0	1299	56	56	19
TR772363	mst	0	0	1243	0	31	10
TR772363	mst3	0	0	1243	0	31	10
TR772363	bbt64m	0	0	1243	0	31	10
TR772363	pf_famsa	0	0	1264	21	31	10
TR772363	pf_famsa_h32	0	0	1264	21	30	None
TR772363	st_long	0	0	1243	0	31	None
TR772363	st_chm13	0	0	1243	0	31	None
TR772374	unpatched	0	0	None	None	None	10
TR772374	all	0	0	1410	35	23	7
TR772374	full	0	0	1410	35	23	7
TR772374	ua	0	0	1441	66	26	9
TR772374	mst	1	0	1437	62	23	7
TR772374	mst3	1	0	1437	62	23	7
TR772374	bbt64m	0	0	1410	35	23	7
TR772374	pf_famsa	0	0	1406	31	24	8
TR772374	pf_famsa_h32	0	0	1406	31	23	None
TR772374	st_long	0	0	1431	56	20	None
TR772374	st_chm13	1	0	1389	14	23	None
TR772382	unpatched	0	0	None	None	None	3
TR772382	all	1	0	1623	0	9	2
TR772382	full	1	0	1623	0	9	2
TR772382	ua	1	0	1623	0	9	2
TR772382	mst	1	0	1623	0	9	2
TR772382	mst3	1	0	1623	0	9	2
TR772382	bbt64m	1	0	1623	0	9	2
TR772382	pf_famsa	0	0	1623	0	9	2
TR772382	pf_famsa_h32	0	0	1623	0	8	None
TR772382	st_long	1	0	1767	144	11	None
TR772382	st_chm13	1	0	1623	0	9	None
TR772404	unpatched	0	1	None	None	None	4
TR772404	all	0	1	1000	0	10	4
TR772404	full	0	1	1000	0	10	4
TR772404	ua	0	1	1055	55	20	7
TR772404	mst	0	1	1000	0	9	3
TR772404	mst3	0	1	1000	0	9	3
TR772404	bbt64m	0	1	1000	0	10	4
TR772404	pf_famsa	0	1	1028	28	12	4
TR772404	pf_famsa_h32	0	1	1018	18	9	None
TR772404	st_long	0	1	1111	111	16	None
TR772404	st_chm13	0	1	1000	0	10	None
TR772411	unpatched	0	0	None	None	None	12
TR772411	all	0	0	1271	28	36	12
TR772411	full	0	0	1271	28	36	12
TR772411	ua	0	0	1271	28	36	12
TR772411	mst	0	0	1271	28	36	12
TR772411	mst3	0	0	1271	28	36	12
TR772411	bbt64m	0	0	1271	28	36	12
TR772411	pf_famsa	0	0	1271	28	36	12
TR772411	pf_famsa_h32	0	0	1291	48	36	None
TR772411	st_long	0	0	1271	28	36	None
TR772411	st_chm13	0	0	1271	28	36	None
TR772413	unpatched	7	2	None	None	None	30
TR772413	all	6	2	4194	1479	377	54
TR772413	full	11	3	5448	2733	617	76
TR772413	ua	1	1	5405	2690	575	68
TR772413	mst	0	0	4909	2194	496	23
TR772413	mst3	7	0	4828	2113	458	37
TR772413	bbt64m	9	2	5487	2772	571	58
TR772413	pf_famsa	0	0	5019	2304	536	40
TR772413	pf_famsa_h32	0	0	4591	1876	496	None
TR772413	st_long	0	0	4111	1396	334	None
TR772413	st_chm13	0	0	4119	1404	396	None
TR772418	unpatched	2	0	None	None	None	16
TR772418	all	0	0	1459	2	50	6
TR772418	full	0	0	1459	2	50	6
TR772418	ua	0	0	1459	2	50	6
TR772418	mst	0	0	1461	4	52	6
TR772418	mst3	0	0	1459	2	50	6
TR772418	bbt64m	0	0	1461	4	51	6
TR772418	pf_famsa	1	0	1538	81	51	7
TR772418	pf_famsa_h32	0	0	1561	104	53	None
TR772418	st_long	0	0	1793	336	60	None
TR772418	st_chm13	0	0	1460	3	51	None
TR772419	unpatched	0	0	None	None	None	6
TR772419	all	0	0	928	0	19	6
TR772419	full	0	0	928	0	19	6
TR772419	ua	0	0	946	18	19	7
TR772419	mst	0	0	928	0	19	6
TR772419	mst3	0	0	928	0	19	6
TR772419	bbt64m	0	0	928	0	19	6
TR772419	pf_famsa	0	0	936	8	19	6
TR772419	pf_famsa_h32	0	0	939	11	19	None
TR772419	st_long	0	0	928	0	19	None
TR772419	st_chm13	0	0	928	0	19	None
TR772430	unpatched	0	0	None	None	None	4
TR772430	all	0	0	1061	0	12	4
TR772430	full	0	0	1061	0	12	4
TR772430	ua	0	0	1061	0	12	4
TR772430	mst	0	0	1061	0	12	4
TR772430	mst3	0	0	1061	0	12	4
TR772430	bbt64m	0	0	1061	0	12	4
TR772430	pf_famsa	0	0	1061	0	12	4
TR772430	pf_famsa_h32	0	0	1069	8	12	None
TR772430	st_long	2	1	1122	61	17	None
TR772430	st_chm13	0	0	1061	0	12	None
TR772431	unpatched	0	0	None	None	None	2
TR772431	all	0	0	1532	0	6	2
TR772431	full	0	0	1532	0	6	2
TR772431	ua	0	0	1532	0	6	2
TR772431	mst	0	0	1532	0	7	3
TR772431	mst3	0	0	1532	0	6	2
TR772431	bbt64m	0	0	1532	0	6	2
TR772431	pf_famsa	0	0	1533	1	6	2
TR772431	pf_famsa_h32	0	0	1533	1	6	None
TR772431	st_long	0	0	1532	0	6	None
TR772431	st_chm13	0	0	1532	0	6	None
TR772445	unpatched	1	0	None	None	None	8
TR772445	all	0	0	1660	23	26	7
TR772445	full	0	0	2082	445	113	35
TR772445	ua	0	0	1660	23	27	8
TR772445	mst	0	0	1706	69	28	9
TR772445	mst3	0	0	1668	31	30	8
TR772445	bbt64m	0	0	2082	445	113	35
TR772445	pf_famsa	0	0	1711	74	27	8
TR772445	pf_famsa_h32	0	0	1711	74	27	None
TR772445	st_long	0	0	1969	332	82	None
TR772445	st_chm13	0	0	1697	60	32	None
TR772446	unpatched	0	0	None	None	None	3
TR772446	all	0	0	704	2	6	2
TR772446	full	0	0	704	2	6	2
TR772446	ua	0	0	704	2	6	2
TR772446	mst	0	0	704	2	6	2
TR772446	mst3	0	0	704	2	6	2
TR772446	bbt64m	0	0	704	2	6	2
TR772446	pf_famsa	0	0	717	15	6	2
TR772446	pf_famsa_h32	0	0	717	15	6	None
TR772446	st_long	0	0	704	2	6	None
TR772446	st_chm13	0	0	704	2	6	None
TR772463	unpatched	0	0	None	None	None	20
TR772463	all	0	0	2429	41	73	24
TR772463	full	0	0	2429	41	73	24
TR772463	ua	0	0	2435	47	73	25
TR772463	mst	0	0	2409	21	65	21
TR772463	mst3	0	0	2409	21	65	21
TR772463	bbt64m	0	0	2429	41	73	24
TR772463	pf_famsa	0	0	2527	139	73	20
TR772463	pf_famsa_h32	0	0	2526	138	70	None
TR772463	st_long	0	0	2433	45	72	None
TR772463	st_chm13	0	0	2429	41	74	None
TR772464	unpatched	0	0	None	None	None	10
TR772464	all	0	0	1858	0	32	10
TR772464	full	0	0	1858	0	32	10
TR772464	ua	0	0	1860	2	32	10
TR772464	mst	0	0	1862	4	33	10
TR772464	mst3	0	0	1858	0	32	10
TR772464	bbt64m	0	0	1858	0	32	10
TR772464	pf_famsa	0	0	1897	39	36	11
TR772464	pf_famsa_h32	0	0	1893	35	32	None
TR772464	st_long	0	0	1858	0	32	None
TR772464	st_chm13	0	0	1858	0	32	None
TR772476	unpatched	0	0	None	None	None	8
TR772476	all	0	0	2516	15	20	8
TR772476	full	0	0	2516	15	20	8
TR772476	ua	0	0	2531	30	22	9
TR772476	mst	0	0	2516	15	20	8
TR772476	mst3	0	0	2516	15	20	8
TR772476	bbt64m	0	0	2516	15	20	8
TR772476	pf_famsa	0	0	2560	59	24	10
TR772476	pf_famsa_h32	0	0	2547	46	20	None
TR772476	st_long	0	0	2516	15	21	None
TR772476	st_chm13	0	0	2516	15	20	None
TR772489	unpatched	2	7	None	None	None	99
TR772489	all	2	6	11897	2622	1165	305
TR772489	full	4	6	17252	7977	2251	451
TR772489	ua	5	6	17610	8335	2344	496
TR772489	mst	8	6	12827	3552	1338	323
TR772489	mst3	12	7	12856	3581	1240	322
TR772489	bbt64m	1	7	15908	6633	1937	410
TR772489	pf_famsa	14	4	18130	8855	2264	492
TR772489	pf_famsa_h32	7	4	11989	2714	1120	None
TR772489	st_long	4	5	15746	6471	833	None
TR772489	st_chm13	0	7	26370	17095	2013	None
TR772490	unpatched	0	0	None	None	None	4
TR772490	all	0	0	1266	0	11	3
TR772490	full	0	0	1266	0	11	3
TR772490	ua	0	0	1266	0	11	3
TR772490	mst	0	0	1266	0	11	3
TR772490	mst3	0	0	1266	0	11	3
TR772490	bbt64m	0	0	1266	0	11	3
TR772490	pf_famsa	0	0	1296	30	11	3
TR772490	pf_famsa_h32	0	0	1296	30	11	None
TR772490	st_long	0	0	1266	0	11	None
TR772490	st_chm13	0	0	1266	0	11	None
TR772500	unpatched	0	0	None	None	None	21
TR772500	all	0	0	2615	542	114	36
TR772500	full	0	0	2632	559	120	39
TR772500	ua	0	1	2623	550	122	29
TR772500	mst	0	0	2579	506	101	30
TR772500	mst3	0	0	2546	473	90	27
TR772500	bbt64m	0	0	2603	530	116	38
TR772500	pf_famsa	0	0	2544	471	87	24
TR772500	pf_famsa_h32	0	0	2649	576	118	None
TR772500	st_long	2	1	2719	646	114	None
TR772500	st_chm13	0	0	2547	474	65	None
TR772504	unpatched	0	0	None	None	None	21
TR772504	all	0	1	1825	275	76	18
TR772504	full	0	1	2041	491	115	29
TR772504	ua	0	1	1825	275	81	20
TR772504	mst	0	0	1941	391	81	16
TR772504	mst3	0	1	1788	238	71	16
TR772504	bbt64m	0	1	2036	486	129	32
TR772504	pf_famsa	0	0	1764	214	74	17
TR772504	pf_famsa_h32	0	1	1809	259	74	None
TR772504	st_long	0	0	1770	220	72	None
TR772504	st_chm13	0	0	1941	391	67	None
TR772506	unpatched	0	0	None	None	None	10
TR772506	all	0	0	3848	1110	309	75
TR772506	full	0	0	4034	1296	372	70
TR772506	ua	0	0	3689	951	318	64
TR772506	mst	0	0	3555	817	264	61
TR772506	mst3	0	0	2915	177	44	11
TR772506	bbt64m	0	0	4034	1296	372	70
TR772506	pf_famsa	0	0	4026	1288	379	81
TR772506	pf_famsa_h32	0	0	4008	1270	369	None
TR772506	st_long	0	0	3339	601	198	None
TR772506	st_chm13	0	0	3559	821	271	None
TR772509	unpatched	0	0	None	None	None	5
TR772509	all	0	0	1596	2	49	5
TR772509	full	0	0	1651	57	72	5
TR772509	ua	0	0	1636	42	65	5
TR772509	mst	0	0	1670	76	70	5
TR772509	mst3	0	0	1697	103	83	5
TR772509	bbt64m	0	0	1662	68	70	5
TR772509	pf_famsa	0	0	1636	42	83	5
TR772509	pf_famsa_h32	0	0	1661	67	47	None
TR772509	st_long	0	0	1635	41	53	None
TR772509	st_chm13	0	0	1594	0	47	None
TR772530	unpatched	0	0	None	None	None	1
TR772530	all	0	0	1082	0	3	1
TR772530	full	0	1	1148	66	15	5
TR772530	ua	0	0	1092	10	3	1
TR772530	mst	0	0	1082	0	3	1
TR772530	mst3	0	0	1082	0	3	1
TR772530	bbt64m	0	1	1148	66	15	5
TR772530	pf_famsa	0	0	1107	25	10	3
TR772530	pf_famsa_h32	0	0	1102	20	3	None
TR772530	st_long	0	0	1082	0	3	None
TR772530	st_chm13	0	0	1082	0	3	None
TR772531	unpatched	5	1	None	None	None	19
TR772531	all	4	2	4556	742	145	9
TR772531	full	3	2	5062	1248	223	11
TR772531	ua	3	2	5488	1674	244	16
TR772531	mst	3	1	5083	1269	215	9
TR772531	mst3	3	2	4899	1085	191	9
TR772531	bbt64m	6	2	4908	1094	189	14
TR772531	pf_famsa	0	0	4925	1111	181	12
TR772531	pf_famsa_h32	1	0	4857	1043	172	None
TR772531	st_long	0	0	4877	1063	96	None
TR772531	st_chm13	1	2	4850	1036	151	None
TR772548	unpatched	0	0	None	None	None	4
TR772548	all	0	0	1203	38	21	6
TR772548	full	0	0	1340	175	46	8
TR772548	ua	0	0	1207	42	30	9
TR772548	mst	0	0	1247	82	37	8
TR772548	mst3	0	0	1196	31	30	8
TR772548	bbt64m	0	0	1340	175	46	8
TR772548	pf_famsa	0	0	1279	114	28	7
TR772548	pf_famsa_h32	0	0	1271	106	18	None
TR772548	st_long	0	0	1281	116	43	None
TR772548	st_chm13	0	0	1181	16	19	None
TR772562	unpatched	0	0	None	None	None	8
TR772562	all	0	0	910	58	20	6
TR772562	full	0	0	1046	194	43	7
TR772562	ua	0	0	940	88	23	6
TR772562	mst	0	0	874	22	14	3
TR772562	mst3	0	0	875	23	16	4
TR772562	bbt64m	0	0	1046	194	43	7
TR772562	pf_famsa	0	0	962	110	32	8
TR772562	pf_famsa_h32	0	0	929	77	19	None
TR772562	st_long	0	0	901	49	20	None
TR772562	st_chm13	0	0	874	22	14	None
TR772579	unpatched	4	1	None	None	None	23
TR772579	all	1	3	4261	1627	406	76
TR772579	full	0	0	6061	3427	682	125
TR772579	ua	3	4	5268	2634	624	113
TR772579	mst	0	0	4858	2224	423	50
TR772579	mst3	4	2	4741	2107	442	38
TR772579	bbt64m	0	0	5058	2424	517	89
TR772579	pf_famsa	0	0	4490	1856	502	68
TR772579	pf_famsa_h32	0	0	4160	1526	412	None
TR772579	st_long	0	0	4405	1771	335	None
TR772579	st_chm13	0	0	5113	2479	501	None
TR772604	unpatched	1	2	None	None	None	9
TR772604	all	2	0	1559	75	32	7
TR772604	full	1	1	1516	32	31	9
TR772604	ua	1	2	1614	130	52	11
TR772604	mst	1	0	1645	161	62	17
TR772604	mst3	1	1	1663	179	50	9
TR772604	bbt64m	1	1	1516	32	31	9
TR772604	pf_famsa	2	2	1629	145	36	6
TR772604	pf_famsa_h32	1	0	1658	174	37	None
TR772604	st_long	1	2	1504	20	25	None
TR772604	st_chm13	0	2	1815	331	34	None
TR772606	unpatched	2	0	None	None	None	10
TR772606	all	0	0	1713	18	34	10
TR772606	full	0	0	1765	70	47	17
TR772606	ua	0	0	1758	63	51	15
TR772606	mst	0	0	1731	36	31	11
TR772606	mst3	0	0	1731	36	31	11
TR772606	bbt64m	0	0	1765	70	47	17
TR772606	pf_famsa	0	0	1724	29	32	9
TR772606	pf_famsa_h32	0	0	1724	29	32	None
TR772606	st_long	0	1	1713	18	36	None
TR772606	st_chm13	0	0	1731	36	31	None
TR772613	unpatched	1	0	None	None	None	2
TR772613	all	0	0	745	0	4	1
TR772613	full	0	0	745	0	4	1
TR772613	ua	0	0	745	0	5	2
TR772613	mst	0	0	745	0	4	1
TR772613	mst3	0	0	745	0	4	1
TR772613	bbt64m	0	0	745	0	4	1
TR772613	pf_famsa	0	0	785	40	4	1
TR772613	pf_famsa_h32	0	0	785	40	4	None
TR772613	st_long	1	0	745	0	4	None
TR772613	st_chm13	0	0	745	0	4	None
TR772639	unpatched	2	1	None	None	None	12
TR772639	all	4	1	11081	4614	938	26
TR772639	full	0	1	15858	9391	1930	49
TR772639	ua	3	1	13910	7443	1651	37
TR772639	mst	2	1	14643	8176	1443	4
TR772639	mst3	0	1	14037	7570	1277	4
TR772639	bbt64m	0	1	14187	7720	1569	9
TR772639	pf_famsa	1	1	14351	7884	1791	22
TR772639	pf_famsa_h32	3	1	11948	5481	1341	None
TR772639	st_long	1	1	12108	5641	1221	None
TR772639	st_chm13	0	1	13924	7457	969	None
TR772644	unpatched	0	1	None	None	None	9
TR772644	all	1	3	4718	1539	589	42
TR772644	full	0	3	5518	2339	784	58
TR772644	ua	0	3	5250	2071	879	64
TR772644	mst	0	2	5107	1928	405	10
TR772644	mst3	0	0	4817	1638	359	21
TR772644	bbt64m	0	2	5336	2157	758	22
TR772644	pf_famsa	0	2	5449	2270	903	48
TR772644	pf_famsa_h32	0	0	5227	2048	836	None
TR772644	st_long	1	3	5075	1896	454	None
TR772644	st_chm13	1	2	5314	2135	352	None
TR772648	unpatched	0	0	None	None	None	32
TR772648	all	0	0	2645	284	223	71
TR772648	full	0	0	2779	418	263	74
TR772648	ua	0	0	2612	251	130	35
TR772648	mst	0	0	2632	271	130	24
TR772648	mst3	0	0	2702	341	134	31
TR772648	bbt64m	0	0	2737	376	257	74
TR772648	pf_famsa	0	0	2565	204	117	30
TR772648	pf_famsa_h32	0	0	2562	201	102	None
TR772648	st_long	0	0	2814	453	123	None
TR772648	st_chm13	0	0	3333	972	90	None
TR772654	unpatched	0	0	None	None	None	10
TR772654	all	0	0	2212	198	133	42
TR772654	full	0	0	2303	289	143	30
TR772654	ua	0	0	2310	296	157	10
TR772654	mst	0	0	2205	191	100	8
TR772654	mst3	0	0	2205	191	100	8
TR772654	bbt64m	0	0	2312	298	145	30
TR772654	pf_famsa	0	0	2526	512	283	90
TR772654	pf_famsa_h32	0	0	2518	504	206	None
TR772654	st_long	0	0	2497	483	106	None
TR772654	st_chm13	0	0	2079	65	75	None
TR772658	unpatched	0	0	None	None	None	3
TR772658	all	0	0	678	0	9	3
TR772658	full	0	0	678	0	9	3
TR772658	ua	0	0	678	0	9	3
TR772658	mst	0	0	685	7	11	4
TR772658	mst3	0	0	685	7	11	4
TR772658	bbt64m	0	0	678	0	9	3
TR772658	pf_famsa	0	0	690	12	9	3
TR772658	pf_famsa_h32	0	0	690	12	9	None
TR772658	st_long	0	0	678	0	9	None
TR772658	st_chm13	0	0	678	0	9	None
TR772663	unpatched	0	0	None	None	None	12
TR772663	all	0	0	2401	669	260	45
TR772663	full	0	0	3541	1809	468	70
TR772663	ua	0	0	3284	1552	443	79
TR772663	mst	0	0	2264	532	179	44
TR772663	mst3	0	0	2183	451	155	37
TR772663	bbt64m	0	0	3255	1523	453	79
TR772663	pf_famsa	0	0	2523	791	300	48
TR772663	pf_famsa_h32	0	0	2602	870	313	None
TR772663	st_long	1	0	2663	931	277	None
TR772663	st_chm13	0	0	2634	902	281	None
TR772676	unpatched	0	0	None	None	None	10
TR772676	all	0	0	1261	68	35	9
TR772676	full	0	0	1447	254	98	33
TR772676	ua	0	1	1338	145	52	17
TR772676	mst	0	1	1307	114	44	14
TR772676	mst3	0	0	1291	98	41	14
TR772676	bbt64m	0	0	1447	254	98	33
TR772676	pf_famsa	0	0	1445	252	82	26
TR772676	pf_famsa_h32	0	0	1281	88	37	None
TR772676	st_long	2	1	1464	271	72	None
TR772676	st_chm13	0	0	1271	78	40	None
TR772682	unpatched	0	0	None	None	None	8
TR772682	all	0	0	941	43	37	3
TR772682	full	1	0	1164	266	86	14
TR772682	ua	0	0	972	74	42	3
TR772682	mst	0	0	977	79	45	6
TR772682	mst3	0	0	959	61	45	6
TR772682	bbt64m	1	0	1164	266	86	14
TR772682	pf_famsa	0	0	1015	117	57	9
TR772682	pf_famsa_h32	0	0	961	63	39	None
TR772682	st_long	0	0	995	97	33	None
TR772682	st_chm13	0	0	936	38	39	None
TR772688	unpatched	0	0	None	None	None	6
TR772688	all	0	0	1039	16	18	6
TR772688	full	0	0	1039	16	18	6
TR772688	ua	0	0	1056	33	20	7
TR772688	mst	0	0	1039	16	18	6
TR772688	mst3	0	0	1039	16	18	6
TR772688	bbt64m	0	0	1039	16	18	6
TR772688	pf_famsa	0	0	1048	25	18	6
TR772688	pf_famsa_h32	0	0	1048	25	18	None
TR772688	st_long	0	0	1039	16	18	None
TR772688	st_chm13	0	0	1039	16	18	None
TR772692	unpatched	0	0	None	None	None	6
TR772692	all	0	0	1054	27	18	5
TR772692	full	1	0	1138	111	39	7
TR772692	ua	0	0	1317	290	130	30
TR772692	mst	0	0	1148	121	42	6
TR772692	mst3	0	0	1148	121	42	6
TR772692	bbt64m	1	0	1138	111	39	7
TR772692	pf_famsa	0	0	1177	150	44	14
TR772692	pf_famsa_h32	1	0	1293	266	72	None
TR772692	st_long	0	0	1343	316	19	None
TR772692	st_chm13	0	0	1033	6	18	None
TR772695	unpatched	0	0	None	None	None	11
TR772695	all	0	0	1749	11	30	11
TR772695	full	0	0	1749	11	32	12
TR772695	ua	0	0	1879	141	99	40
TR772695	mst	0	0	1749	11	30	11
TR772695	mst3	0	0	1749	11	30	11
TR772695	bbt64m	0	0	1749	11	32	12
TR772695	pf_famsa	0	0	1784	46	35	11
TR772695	pf_famsa_h32	0	0	1803	65	36	None
TR772695	st_long	0	0	1749	11	30	None
TR772695	st_chm13	0	0	1749	11	31	None
TR772710	unpatched	0	0	None	None	None	32
TR772710	all	0	0	2333	774	215	41
TR772710	full	0	0	2678	1119	311	67
TR772710	ua	0	0	2490	931	262	44
TR772710	mst	0	0	3060	1501	375	16
TR772710	mst3	1	0	2794	1235	326	19
TR772710	bbt64m	0	0	2976	1417	390	36
TR772710	pf_famsa	0	0	2844	1285	292	37
TR772710	pf_famsa_h32	0	0	2668	1109	265	None
TR772710	st_long	1	0	2746	1187	215	None
TR772710	st_chm13	0	0	2574	1015	263	None
TR772722	unpatched	0	0	None	None	None	16
TR772722	all	0	0	2311	12	46	15
TR772722	full	0	0	2462	163	77	21
TR772722	ua	0	0	2511	212	83	22
TR772722	mst	0	0	2311	12	46	15
TR772722	mst3	0	0	2331	32	46	15
TR772722	bbt64m	0	0	2462	163	77	21
TR772722	pf_famsa	0	0	2503	204	81	21
TR772722	pf_famsa_h32	0	0	2505	206	78	None
TR772722	st_long	0	0	2322	23	45	None
TR772722	st_chm13	0	0	2503	204	61	None
TR772724	unpatched	0	0	None	None	None	7
TR772724	all	0	0	1576	16	30	6
TR772724	full	0	0	1576	16	30	6
TR772724	ua	0	0	1579	19	37	9
TR772724	mst	0	0	1562	2	31	7
TR772724	mst3	0	0	1562	2	31	7
TR772724	bbt64m	0	0	1576	16	30	6
TR772724	pf_famsa	0	0	1607	47	32	7
TR772724	pf_famsa_h32	0	0	1611	51	31	None
TR772724	st_long	0	0	1562	2	31	None
TR772724	st_chm13	0	0	1562	2	31	None
TR772725	unpatched	0	0	None	None	None	37
TR772725	all	0	0	4457	162	163	44
TR772725	full	0	0	4848	553	285	88
TR772725	ua	0	0	5143	848	381	132
TR772725	mst	0	0	4482	187	141	40
TR772725	mst3	0	0	4419	124	134	37
TR772725	bbt64m	0	0	4856	561	289	88
TR772725	pf_famsa	0	0	4728	433	215	60
TR772725	pf_famsa_h32	0	0	4723	428	185	None
TR772725	st_long	0	0	5050	755	147	None
TR772725	st_chm13	0	0	4515	220	165	None
TR772756	unpatched	0	0	None	None	None	13
TR772756	all	0	0	1206	0	39	13
TR772756	full	0	0	1310	104	89	32
TR772756	ua	0	0	1206	0	38	12
TR772756	mst	0	0	1206	0	39	13
TR772756	mst3	0	0	1206	0	39	13
TR772756	bbt64m	0	0	1310	104	89	32
TR772756	pf_famsa	0	0	1206	0	39	13
TR772756	pf_famsa_h32	0	0	1226	20	39	None
TR772756	st_long	0	0	1206	0	40	None
TR772756	st_chm13	0	0	1206	0	40	None
TR772758	unpatched	0	0	None	None	None	13
TR772758	all	0	1	1155	73	50	13
TR772758	full	0	1	1278	196	59	14
TR772758	ua	0	1	1362	280	62	14
TR772758	mst	0	0	1210	128	58	11
TR772758	mst3	0	1	1245	163	60	13
TR772758	bbt64m	0	1	1266	184	61	15
TR772758	pf_famsa	0	0	1412	330	76	11
TR772758	pf_famsa_h32	0	1	1378	296	63	None
TR772758	st_long	0	0	1337	255	64	None
TR772758	st_chm13	0	0	1359	277	66	None
TR772760	unpatched	0	0	None	None	None	27
TR772760	all	0	0	1597	57	72	25
TR772760	full	0	0	1600	60	76	27
TR772760	ua	0	0	1602	62	91	34
TR772760	mst	0	0	1639	99	84	27
TR772760	mst3	0	0	1597	57	75	26
TR772760	bbt64m	0	0	1600	60	76	27
TR772760	pf_famsa	0	0	1714	174	79	26
TR772760	pf_famsa_h32	0	0	1715	175	79	None
TR772760	st_long	0	0	1585	45	74	None
TR772760	st_chm13	0	0	1605	65	73	None
TR772761	unpatched	0	0	None	None	None	8
TR772761	all	0	0	889	0	24	8
TR772761	full	0	0	889	0	26	9
TR772761	ua	0	0	889	0	26	9
TR772761	mst	0	0	889	0	26	9
TR772761	mst3	0	0	889	0	26	9
TR772761	bbt64m	0	0	889	0	26	9
TR772761	pf_famsa	0	0	889	0	23	7
TR772761	pf_famsa_h32	0	0	889	0	23	None
TR772761	st_long	0	0	889	0	24	None
TR772761	st_chm13	0	0	889	0	24	None
TR772765	unpatched	0	0	None	None	None	22
TR772765	all	0	0	1418	39	65	21
TR772765	full	0	1	1573	194	104	35
TR772765	ua	0	0	1490	111	117	35
TR772765	mst	0	0	1440	61	70	21
TR772765	mst3	0	0	1396	17	70	24
TR772765	bbt64m	0	1	1573	194	104	35
TR772765	pf_famsa	1	1	1495	116	68	22
TR772765	pf_famsa_h32	0	0	1503	124	63	None
TR772765	st_long	0	0	1411	32	63	None
TR772765	st_chm13	0	0	1529	150	66	None
TR772772	unpatched	0	0	None	None	None	6
TR772772	all	0	0	843	0	19	6
TR772772	full	0	0	843	0	19	6
TR772772	ua	0	0	843	0	19	6
TR772772	mst	0	0	844	1	18	6
TR772772	mst3	0	0	843	0	19	6
TR772772	bbt64m	0	0	843	0	19	6
TR772772	pf_famsa	0	0	863	20	20	6
TR772772	pf_famsa_h32	0	0	859	16	18	None
TR772772	st_long	0	0	843	0	19	None
TR772772	st_chm13	0	0	843	0	19	None
TR772775	unpatched	0	0	None	None	None	8
TR772775	all	0	0	912	37	34	8
TR772775	full	0	0	903	28	37	8
TR772775	ua	0	0	903	28	37	8
TR772775	mst	0	0	900	25	32	8
TR772775	mst3	0	0	922	47	35	9
TR772775	bbt64m	0	0	903	28	37	8
TR772775	pf_famsa	0	0	928	53	39	7
TR772775	pf_famsa_h32	0	0	939	64	38	None
TR772775	st_long	0	0	961	86	38	None
TR772775	st_chm13	0	0	908	33	29	None
TR772778	unpatched	0	0	None	None	None	2
TR772778	all	0	0	672	21	14	3
TR772778	full	0	0	682	31	15	2
TR772778	ua	0	0	674	23	16	4
TR772778	mst	0	0	656	5	12	3
TR772778	mst3	0	0	651	0	13	3
TR772778	bbt64m	0	0	682	31	15	2
TR772778	pf_famsa	0	0	718	67	19	4
TR772778	pf_famsa_h32	0	0	707	56	17	None
TR772778	st_long	0	0	698	47	16	None
TR772778	st_chm13	0	0	651	0	13	None
TR772793	unpatched	0	0	None	None	None	5
TR772793	all	0	0	828	21	14	4
TR772793	full	0	0	828	21	14	4
TR772793	ua	0	0	828	21	14	4
TR772793	mst	0	0	828	21	14	4
TR772793	mst3	0	0	828	21	14	4
TR772793	bbt64m	0	0	828	21	14	4
TR772793	pf_famsa	0	0	827	20	15	5
TR772793	pf_famsa_h32	0	0	827	20	14	None
TR772793	st_long	0	0	814	7	13	None
TR772793	st_chm13	0	0	828	21	14	None
TR772810	unpatched	0	0	None	None	None	5
TR772810	all	0	0	943	35	11	3
TR772810	full	0	0	1040	132	47	17
TR772810	ua	0	0	924	16	12	4
TR772810	mst	0	0	908	0	14	4
TR772810	mst3	0	0	924	16	12	4
TR772810	bbt64m	0	0	1040	132	47	17
TR772810	pf_famsa	0	0	917	9	15	5
TR772810	pf_famsa_h32	0	0	943	35	11	None
TR772810	st_long	0	0	1055	147	22	None
TR772810	st_chm13	0	0	924	16	12	None
TR772818	unpatched	0	0	None	None	None	6
TR772818	all	0	0	998	0	17	6
TR772818	full	0	0	998	0	17	6
TR772818	ua	0	0	999	1	17	6
TR772818	mst	0	0	998	0	17	6
TR772818	mst3	0	0	998	0	17	6
TR772818	bbt64m	0	0	998	0	17	6
TR772818	pf_famsa	0	0	1002	4	17	6
TR772818	pf_famsa_h32	0	0	1018	20	17	None
TR772818	st_long	0	0	1016	18	18	None
TR772818	st_chm13	0	0	998	0	17	None
TR772832	unpatched	0	0	None	None	None	7
TR772832	all	0	0	1198	33	27	7
TR772832	full	0	0	1198	33	27	7
TR772832	ua	0	0	1198	33	26	7
TR772832	mst	0	0	1225	60	33	10
TR772832	mst3	0	0	1225	60	33	10
TR772832	bbt64m	0	0	1198	33	27	7
TR772832	pf_famsa	0	0	1198	33	26	7
TR772832	pf_famsa_h32	0	0	1198	33	26	None
TR772832	st_long	0	0	1198	33	27	None
TR772832	st_chm13	0	0	1198	33	27	None
TR772836	unpatched	0	0	None	None	None	7
TR772836	all	0	0	951	0	21	7
TR772836	full	0	0	959	8	26	9
TR772836	ua	0	0	994	43	30	8
TR772836	mst	0	0	959	8	26	9
TR772836	mst3	0	0	959	8	26	9
TR772836	bbt64m	0	0	959	8	26	9
TR772836	pf_famsa	0	0	966	15	23	6
TR772836	pf_famsa_h32	2	1	979	28	20	None
TR772836	st_long	0	0	1023	72	26	None
TR772836	st_chm13	0	0	959	8	24	None
TR772838	unpatched	0	0	None	None	None	37
TR772838	all	0	0	3062	648	279	59
TR772838	full	0	0	2957	543	273	67
TR772838	ua	0	1	2945	531	297	76
TR772838	mst	0	0	2560	146	116	35
TR772838	mst3	1	0	2565	151	116	40
TR772838	bbt64m	0	0	2957	543	273	67
TR772838	pf_famsa	0	1	3007	593	265	65
TR772838	pf_famsa_h32	0	1	2959	545	230	None
TR772838	st_long	1	1	2779	365	128	None
TR772838	st_chm13	0	0	2553	139	97	None
TR772868	unpatched	0	0	None	None	None	7
TR772868	all	0	0	1186	97	42	9
TR772868	full	0	0	1217	128	46	13
TR772868	ua	0	0	1186	97	43	11
TR772868	mst	0	0	1230	141	54	8
TR772868	mst3	0	0	1147	58	35	6
TR772868	bbt64m	0	0	1217	128	46	13
TR772868	pf_famsa	0	0	1230	141	54	14
TR772868	pf_famsa_h32	0	0	1206	117	43	None
TR772868	st_long	0	0	1303	214	52	None
TR772868	st_chm13	1	0	1147	58	35	None
TR772871	unpatched	0	0	None	None	None	13
TR772871	all	0	0	1367	27	32	9
TR772871	full	0	0	1482	142	60	17
TR772871	ua	0	2	1507	167	84	19
TR772871	mst	0	2	1476	136	75	15
TR772871	mst3	0	2	1450	110	48	15
TR772871	bbt64m	0	2	1482	142	60	17
TR772871	pf_famsa	0	0	1479	139	57	7
TR772871	pf_famsa_h32	0	0	1517	177	58	None
TR772871	st_long	0	0	1670	330	34	None
TR772871	st_chm13	0	0	1455	115	58	None
TR772872	unpatched	0	0	None	None	None	5
TR772872	all	0	0	1781	414	87	5
TR772872	full	0	0	1817	450	99	6
TR772872	ua	0	1	1873	506	92	7
TR772872	mst	0	2	2183	816	122	5
TR772872	mst3	2	2	2171	804	122	9
TR772872	bbt64m	1	1	1954	587	108	7
TR772872	pf_famsa	0	0	1914	547	99	8
TR772872	pf_famsa_h32	0	0	1765	398	79	None
TR772872	st_long	0	0	2213	846	121	None
TR772872	st_chm13	0	0	1899	532	110	None
TR772874	unpatched	0	0	None	None	None	7
TR772874	all	0	1	1145	82	60	6
TR772874	full	0	1	1164	101	66	9
TR772874	ua	0	1	1187	124	68	7
TR772874	mst	0	0	1104	41	36	8
TR772874	mst3	0	0	1084	21	39	7
TR772874	bbt64m	0	1	1164	101	66	9
TR772874	pf_famsa	0	1	1220	157	74	9
TR772874	pf_famsa_h32	0	1	1191	128	68	None
TR772874	st_long	1	1	1195	132	73	None
TR772874	st_chm13	0	1	1145	82	60	None
TR772876	unpatched	0	0	None	None	None	4
TR772876	all	0	0	880	0	12	4
TR772876	full	0	0	880	0	12	4
TR772876	ua	0	0	880	0	12	4
TR772876	mst	0	0	880	0	12	4
TR772876	mst3	0	0	880	0	12	4
TR772876	bbt64m	0	0	880	0	12	4
TR772876	pf_famsa	0	0	900	20	12	4
TR772876	pf_famsa_h32	0	0	900	20	12	None
TR772876	st_long	0	0	880	0	12	None
TR772876	st_chm13	0	0	880	0	12	None
TR772891	unpatched	0	0	None	None	None	61
TR772891	all	0	0	6805	3144	476	42
TR772891	full	0	0	10144	6483	777	58
TR772891	ua	0	0	8109	4448	780	54
TR772891	mst	0	0	7147	3486	588	29
TR772891	mst3	0	0	6897	3236	609	35
TR772891	bbt64m	0	0	8456	4795	727	27
TR772891	pf_famsa	0	0	7006	3345	598	42
TR772891	pf_famsa_h32	0	0	6902	3241	551	None
TR772891	st_long	0	0	5942	2281	484	None
TR772891	st_chm13	0	0	7354	3693	486	None
TR772910	unpatched	0	0	None	None	None	7
TR772910	all	0	0	1126	0	20	7
TR772910	full	0	0	1126	0	20	7
TR772910	ua	0	0	1126	0	20	7
TR772910	mst	1	0	1126	0	21	6
TR772910	mst3	1	0	1126	0	21	6
TR772910	bbt64m	0	0	1126	0	20	7
TR772910	pf_famsa	0	0	1126	0	20	6
TR772910	pf_famsa_h32	0	0	1126	0	20	None
TR772910	st_long	0	0	1126	0	20	None
TR772910	st_chm13	0	0	1126	0	20	None
TR772911	unpatched	0	0	None	None	None	2
TR772911	all	0	0	587	0	6	2
TR772911	full	0	0	587	0	6	2
TR772911	ua	0	0	587	0	6	2
TR772911	mst	0	0	587	0	6	2
TR772911	mst3	0	0	587	0	6	2
TR772911	bbt64m	0	0	587	0	6	2
TR772911	pf_famsa	0	0	587	0	6	2
TR772911	pf_famsa_h32	0	0	607	20	6	None
TR772911	st_long	0	0	587	0	6	None
TR772911	st_chm13	0	0	587	0	6	None
TR772914	unpatched	1	0	None	None	None	4
TR772914	all	0	0	1089	0	11	3
TR772914	full	0	1	1089	0	11	3
TR772914	ua	0	1	1089	0	13	3
TR772914	mst	0	0	1089	0	11	3
TR772914	mst3	0	1	1089	0	11	3
TR772914	bbt64m	0	1	1089	0	11	3
TR772914	pf_famsa	0	0	1149	60	11	3
TR772914	pf_famsa_h32	0	1	1089	0	10	None
TR772914	st_long	0	0	1089	0	11	None
TR772914	st_chm13	0	1	1089	0	11	None
TR772915	unpatched	1	0	None	None	None	8
TR772915	all	0	0	1192	42	25	6
TR772915	full	0	0	1234	84	28	6
TR772915	ua	0	0	1196	46	26	5
TR772915	mst	0	0	1213	63	27	6
TR772915	mst3	0	0	1213	63	27	6
TR772915	bbt64m	0	0	1234	84	28	6
TR772915	pf_famsa	0	0	1214	64	28	6
TR772915	pf_famsa_h32	0	0	1195	45	23	None
TR772915	st_long	0	0	1234	84	27	None
TR772915	st_chm13	0	0	1391	241	22	None
TR772918	unpatched	0	0	None	None	None	4
TR772918	all	0	0	1293	56	18	4
TR772918	full	0	0	1293	56	17	4
TR772918	ua	0	0	1293	56	17	4
TR772918	mst	0	0	1293	56	18	4
TR772918	mst3	0	0	1293	56	18	4
TR772918	bbt64m	0	0	1293	56	17	4
TR772918	pf_famsa	0	0	1296	59	19	4
TR772918	pf_famsa_h32	0	0	1296	59	18	None
TR772918	st_long	0	0	1296	59	21	None
TR772918	st_chm13	0	0	1281	44	18	None
TR772922	unpatched	0	0	None	None	None	5
TR772922	all	0	0	1312	16	36	5
TR772922	full	2	0	1438	142	87	8
TR772922	ua	0	0	1337	41	44	5
TR772922	mst	0	0	1349	53	40	5
TR772922	mst3	1	0	1391	95	42	5
TR772922	bbt64m	2	0	1441	145	92	8
TR772922	pf_famsa	0	0	1459	163	59	5
TR772922	pf_famsa_h32	1	0	1444	148	41	None
TR772922	st_long	0	0	1424	128	39	None
TR772922	st_chm13	1	0	1313	17	37	None
TR772924	unpatched	2	0	None	None	None	8
TR772924	all	0	0	1087	21	24	7
TR772924	full	0	0	1087	21	25	8
TR772924	ua	0	0	1087	21	27	7
TR772924	mst	1	0	1087	21	24	7
TR772924	mst3	0	0	1087	21	25	8
TR772924	bbt64m	0	0	1087	21	25	8
TR772924	pf_famsa	0	0	1087	21	24	7
TR772924	pf_famsa_h32	0	0	1117	51	24	None
TR772924	st_long	0	0	1066	0	23	None
TR772924	st_chm13	0	0	1105	39	23	None
TR772925	unpatched	0	0	None	None	None	11
TR772925	all	0	0	1440	201	43	14
TR772925	full	0	0	2018	779	167	31
TR772925	ua	1	1	1643	404	94	26
TR772925	mst	1	0	1398	159	38	10
TR772925	mst3	2	0	1382	143	33	8
TR772925	bbt64m	0	0	2018	779	167	31
TR772925	pf_famsa	2	0	1483	244	54	13
TR772925	pf_famsa_h32	1	0	1569	330	47	None
TR772925	st_long	0	0	1823	584	149	None
TR772925	st_chm13	0	0	1682	443	51	None
TR772937	unpatched	1	0	None	None	None	5
TR772937	all	0	0	1225	235	164	16
TR772937	full	0	0	1126	136	85	5
TR772937	ua	0	0	1126	136	85	5
TR772937	mst	0	1	1106	116	47	6
TR772937	mst3	0	0	1146	156	66	6
TR772937	bbt64m	0	0	1250	260	137	5
TR772937	pf_famsa	0	0	1186	196	67	11
TR772937	pf_famsa_h32	0	0	1165	175	53	None
TR772937	st_long	0	0	1202	212	59	None
TR772937	st_chm13	1	0	1319	329	60	None
TR772944	unpatched	2	1	None	None	None	9
TR772944	all	0	0	2610	705	253	10
TR772944	full	1	0	2747	842	338	9
TR772944	ua	0	0	2934	1029	354	15
TR772944	mst	1	1	2704	799	254	11
TR772944	mst3	1	1	2691	786	275	16
TR772944	bbt64m	1	0	2747	842	338	9
TR772944	pf_famsa	0	1	2862	957	331	12
TR772944	pf_famsa_h32	0	0	2754	849	277	None
TR772944	st_long	2	0	2766	861	217	None
TR772944	st_chm13	1	1	3209	1304	231	None
TR772945	unpatched	11	1	None	None	None	22
TR772945	all	0	0	2951	728	184	23
TR772945	full	5	1	3069	846	206	22
TR772945	ua	0	0	3059	836	239	22
TR772945	mst	3	2	3027	804	188	17
TR772945	mst3	3	2	3073	850	219	14
TR772945	bbt64m	6	1	3142	919	195	20
TR772945	pf_famsa	6	1	3074	851	235	18
TR772945	pf_famsa_h32	1	1	3041	818	218	None
TR772945	st_long	0	2	4338	2115	120	None
TR772945	st_chm13	1	2	2653	430	135	None
TR772953	unpatched	0	0	None	None	None	3
TR772953	all	0	0	1136	0	12	3
TR772953	full	0	0	1136	0	12	3
TR772953	ua	0	0	1167	31	15	4
TR772953	mst	0	0	1136	0	12	3
TR772953	mst3	0	0	1136	0	12	3
TR772953	bbt64m	0	0	1136	0	12	3
TR772953	pf_famsa	0	0	1136	0	12	3
TR772953	pf_famsa_h32	0	0	1151	15	11	None
TR772953	st_long	0	0	1136	0	12	None
TR772953	st_chm13	0	0	1136	0	12	None
TR772955	unpatched	1	1	None	None	None	16
TR772955	all	0	1	3591	1516	345	22
TR772955	full	0	0	3436	1361	390	39
TR772955	ua	0	1	4008	1933	508	53
TR772955	mst	0	1	3336	1261	346	39
TR772955	mst3	0	0	3008	933	262	20
TR772955	bbt64m	0	1	3571	1496	421	44
TR772955	pf_famsa	0	1	3396	1321	332	23
TR772955	pf_famsa_h32	0	0	3273	1198	324	None
TR772955	st_long	0	0	2943	868	270	None
TR772955	st_chm13	0	0	3207	1132	276	None
TR772961	unpatched	0	0	None	None	None	2
TR772961	all	0	0	711	0	7	2
TR772961	full	0	0	711	0	7	2
TR772961	ua	0	0	713	2	7	2
TR772961	mst	0	0	711	0	7	2
TR772961	mst3	0	0	711	0	7	2
TR772961	bbt64m	0	0	711	0	7	2
TR772961	pf_famsa	0	0	751	40	7	2
TR772961	pf_famsa_h32	0	0	751	40	7	None
TR772961	st_long	0	0	711	0	7	None
TR772961	st_chm13	0	0	711	0	7	None
TR772965	unpatched	0	0	None	None	None	14
TR772965	all	0	0	2203	239	70	12
TR772965	full	0	0	2245	281	76	14
TR772965	ua	0	0	2224	260	79	12
TR772965	mst	3	0	2232	268	78	11
TR772965	mst3	1	0	2224	260	76	12
TR772965	bbt64m	0	0	2245	281	76	14
TR772965	pf_famsa	1	2	2286	322	83	14
TR772965	pf_famsa_h32	3	2	2155	191	68	None
TR772965	st_long	1	2	2444	480	78	None
TR772965	st_chm13	0	0	2343	379	75	None
TR772969	unpatched	0	0	None	None	None	8
TR772969	all	0	0	932	11	20	7
TR772969	full	0	0	932	11	20	7
TR772969	ua	0	0	932	11	20	7
TR772969	mst	0	0	932	11	20	7
TR772969	mst3	0	0	932	11	20	7
TR772969	bbt64m	0	0	932	11	20	7
TR772969	pf_famsa	0	0	932	11	20	7
TR772969	pf_famsa_h32	0	0	973	52	23	None
TR772969	st_long	0	0	932	11	20	None
TR772969	st_chm13	0	0	932	11	20	None
TR772972	unpatched	0	0	None	None	None	2
TR772972	all	0	0	613	0	8	2
TR772972	full	0	0	613	0	8	2
TR772972	ua	0	0	613	0	8	2
TR772972	mst	0	0	614	1	9	2
TR772972	mst3	0	0	614	1	9	2
TR772972	bbt64m	0	0	613	0	8	2
TR772972	pf_famsa	0	0	686	73	11	2
TR772972	pf_famsa_h32	0	0	667	54	8	None
TR772972	st_long	0	0	613	0	8	None
TR772972	st_chm13	0	0	613	0	8	None
TR772973	unpatched	0	0	None	None	None	7
TR772973	all	0	0	755	0	22	7
TR772973	full	0	0	755	0	22	7
TR772973	ua	0	0	755	0	22	7
TR772973	mst	0	0	755	0	23	8
TR772973	mst3	0	0	755	0	23	8
TR772973	bbt64m	0	0	755	0	22	7
TR772973	pf_famsa	0	0	759	4	21	6
TR772973	pf_famsa_h32	0	0	759	4	23	None
TR772973	st_long	0	0	1085	330	24	None
TR772973	st_chm13	0	0	756	1	23	None
TR772976	unpatched	7	0	None	None	None	84
TR772976	all	4	0	31512	18970	3077	99
TR772976	full	2	0	49955	37413	4660	149
TR772976	ua	1	0	36036	23494	4822	149
TR772976	mst	9	0	32876	20334	4222	60
TR772976	mst3	8	0	31381	18839	3843	74
TR772976	bbt64m	0	0	40636	28094	4672	113
TR772976	pf_famsa	4	0	35986	23444	4465	161
TR772976	pf_famsa_h32	10	0	32700	20158	3766	None
TR772976	st_long	3	0	41486	28944	5140	None
TR772976	st_chm13	2	0	47602	35060	2556	None
TR772978	unpatched	0	0	None	None	None	16
TR772978	all	0	0	2613	769	262	18
TR772978	full	0	0	2832	988	325	45
TR772978	ua	1	0	2815	971	307	19
TR772978	mst	0	0	2702	858	241	24
TR772978	mst3	1	0	2482	638	207	18
TR772978	bbt64m	0	0	2657	813	280	35
TR772978	pf_famsa	0	0	2573	729	249	33
TR772978	pf_famsa_h32	0	0	2581	737	239	None
TR772978	st_long	1	0	2483	639	182	None
TR772978	st_chm13	0	0	2593	749	200	None
TR772987	unpatched	0	0	None	None	None	22
TR772987	all	2	1	2895	470	205	41
TR772987	full	0	0	3773	1348	438	66
TR772987	ua	0	0	3518	1093	407	46
TR772987	mst	0	0	3075	650	198	21
TR772987	mst3	0	0	3106	681	222	33
TR772987	bbt64m	0	0	3773	1348	438	66
TR772987	pf_famsa	0	0	3309	884	329	41
TR772987	pf_famsa_h32	1	1	2972	547	231	None
TR772987	st_long	0	0	3174	749	295	None
TR772987	st_chm13	2	1	3462	1037	186	None
TR772993	unpatched	0	1	None	None	None	19
TR772993	all	0	1	1152	17	65	12
TR772993	full	2	1	1398	263	85	14
TR772993	ua	0	1	1203	68	68	15
TR772993	mst	0	1	1156	21	48	13
TR772993	mst3	0	0	1145	10	45	13
TR772993	bbt64m	0	1	1207	72	77	19
TR772993	pf_famsa	0	1	1219	84	69	20
TR772993	pf_famsa_h32	0	1	1197	62	67	None
TR772993	st_long	0	1	1289	154	56	None
TR772993	st_chm13	0	1	1184	49	43	None
TR772995	unpatched	2	0	None	None	None	5
TR772995	all	0	0	1090	0	13	3
TR772995	full	0	0	1090	0	13	3
TR772995	ua	0	0	1111	21	20	5
TR772995	mst	0	0	1090	0	13	3
TR772995	mst3	0	0	1090	0	14	4
TR772995	bbt64m	0	0	1090	0	13	3
TR772995	pf_famsa	0	0	1213	123	21	4
TR772995	pf_famsa_h32	0	0	1131	41	16	None
TR772995	st_long	0	0	1107	17	13	None
TR772995	st_chm13	0	0	1128	38	16	None
TR772997	unpatched	1	0	None	None	None	9
TR772997	all	1	0	1677	0	37	9
TR772997	full	1	0	1677	0	37	9
TR772997	ua	1	0	1677	0	37	9
TR772997	mst	1	0	1677	0	37	9
TR772997	mst3	1	0	1677	0	37	9
TR772997	bbt64m	1	0	1677	0	37	9
TR772997	pf_famsa	1	0	1767	90	37	9
TR772997	pf_famsa_h32	1	0	1767	90	37	None
TR772997	st_long	1	0	1677	0	37	None
TR772997	st_chm13	1	0	1677	0	37	None
TR772999	unpatched	9	5	None	None	None	11
TR772999	all	3	9	32070	22066	2866	165
TR772999	full	3	10	44684	34680	4036	37
TR772999	ua	1	12	39563	29559	4183	21
TR772999	mst	8	6	39382	29378	4764	64
TR772999	mst3	13	7	37742	27738	4466	14
TR772999	bbt64m	3	11	36050	26046	3405	25
TR772999	pf_famsa	3	11	40051	30047	3887	30
TR772999	pf_famsa_h32	4	11	32830	22826	3190	None
TR772999	st_long	6	10	31660	21656	3409	None
TR772999	st_chm13	2	12	35946	25942	2359	None
TR773026	unpatched	0	0	None	None	None	4
TR773026	all	0	0	850	8	14	4
TR773026	full	0	0	879	37	20	6
TR773026	ua	0	0	931	89	30	10
TR773026	mst	0	0	879	37	20	6
TR773026	mst3	0	0	879	37	20	6
TR773026	bbt64m	0	0	879	37	20	6
TR773026	pf_famsa	0	0	910	68	20	6
TR773026	pf_famsa_h32	0	0	874	32	14	None
TR773026	st_long	0	0	850	8	14	None
TR773026	st_chm13	0	0	850	8	14	None
TR773027	unpatched	0	0	None	None	None	14
TR773027	all	4	3	3174	1542	197	18
TR773027	full	2	3	3493	1861	236	18
TR773027	ua	3	3	3228	1596	303	27
TR773027	mst	2	3	4221	2589	324	8
TR773027	mst3	3	3	3957	2325	325	14
TR773027	bbt64m	2	3	3645	2013	265	14
TR773027	pf_famsa	2	3	3473	1841	247	16
TR773027	pf_famsa_h32	3	3	3080	1448	199	None
TR773027	st_long	0	0	4349	2717	368	None
TR773027	st_chm13	1	2	3625	1993	186	None
TR773030	unpatched	0	0	None	None	None	7
TR773030	all	0	0	1014	13	19	6
TR773030	full	0	0	1024	23	26	9
TR773030	ua	0	0	1022	21	23	8
TR773030	mst	0	0	1004	3	13	4
TR773030	mst3	0	0	1028	27	18	6
TR773030	bbt64m	0	0	1024	23	26	9
TR773030	pf_famsa	0	0	1015	14	19	6
TR773030	pf_famsa_h32	0	0	1026	25	17	None
TR773030	st_long	0	0	1025	24	20	None
TR773030	st_chm13	0	0	1025	24	20	None
TR773034	unpatched	0	0	None	None	None	8
TR773034	all	0	0	1184	28	84	28
TR773034	full	0	0	1356	200	82	19
TR773034	ua	0	0	1200	44	83	28
TR773034	mst	0	0	1181	25	85	28
TR773034	mst3	0	0	1181	25	85	28
TR773034	bbt64m	0	0	1356	200	82	19
TR773034	pf_famsa	0	0	1200	44	68	21
TR773034	pf_famsa_h32	0	0	1199	43	66	None
TR773034	st_long	0	0	1257	101	81	None
TR773034	st_chm13	0	0	1163	7	83	None
TR773035	unpatched	1	1	None	None	None	3
TR773035	all	0	0	1784	237	79	3
TR773035	full	1	1	2121	574	148	3
TR773035	ua	0	1	2100	553	197	5
TR773035	mst	0	0	1981	434	101	3
TR773035	mst3	0	0	1900	353	89	3
TR773035	bbt64m	0	0	2106	559	184	3
TR773035	pf_famsa	0	0	2025	478	157	4
TR773035	pf_famsa_h32	0	0	1882	335	105	None
TR773035	st_long	0	0	2105	558	125	None
TR773035	st_chm13	1	0	2209	662	111	None
TR773052	unpatched	0	0	None	None	None	5
TR773052	all	0	0	879	24	14	4
TR773052	full	0	0	879	24	15	5
TR773052	ua	0	0	879	24	15	4
TR773052	mst	0	0	879	24	14	4
TR773052	mst3	0	0	879	24	14	4
TR773052	bbt64m	0	0	879	24	15	5
TR773052	pf_famsa	0	0	879	24	14	4
TR773052	pf_famsa_h32	0	0	879	24	14	None
TR773052	st_long	0	0	882	27	17	None
TR773052	st_chm13	0	0	915	60	13	None
TR773062	unpatched	0	0	None	None	None	5
TR773062	all	0	0	916	49	28	2
TR773062	full	0	0	906	39	33	4
TR773062	ua	0	0	915	48	34	3
TR773062	mst	0	0	951	84	33	3
TR773062	mst3	0	0	916	49	28	2
TR773062	bbt64m	0	0	906	39	33	4
TR773062	pf_famsa	0	0	919	52	29	3
TR773062	pf_famsa_h32	1	0	914	47	21	None
TR773062	st_long	1	0	968	101	35	None
TR773062	st_chm13	0	0	920	53	27	None
TR773065	unpatched	2	2	None	None	None	6
TR773065	all	0	1	1762	96	40	13
TR773065	full	1	2	1891	225	66	20
TR773065	ua	0	1	1808	142	48	16
TR773065	mst	0	0	2082	416	99	33
TR773065	mst3	0	1	1762	96	40	13
TR773065	bbt64m	1	2	1891	225	66	20
TR773065	pf_famsa	0	1	1782	116	40	13
TR773065	pf_famsa_h32	0	1	1782	116	40	None
TR773065	st_long	0	1	2083	417	27	None
TR773065	st_chm13	0	1	1687	21	28	None
TR773071	unpatched	0	0	None	None	None	9
TR773071	all	0	0	923	0	27	9
TR773071	full	0	0	923	0	27	9
TR773071	ua	0	0	936	13	27	9
TR773071	mst	0	0	923	0	27	9
TR773071	mst3	0	0	923	0	27	9
TR773071	bbt64m	0	0	923	0	27	9
TR773071	pf_famsa	0	0	943	20	27	9
TR773071	pf_famsa_h32	0	0	943	20	27	None
TR773071	st_long	0	0	923	0	27	None
TR773071	st_chm13	0	0	923	0	27	None
TR773077	unpatched	0	0	None	None	None	3
TR773077	all	0	0	961	1	13	3
TR773077	full	0	0	961	1	14	4
TR773077	ua	0	0	995	35	14	4
TR773077	mst	0	0	961	1	13	3
TR773077	mst3	0	0	961	1	13	3
TR773077	bbt64m	0	0	961	1	14	4
TR773077	pf_famsa	0	0	961	1	14	4
TR773077	pf_famsa_h32	0	0	963	3	15	None
TR773077	st_long	0	0	1053	93	28	None
TR773077	st_chm13	0	0	988	28	14	None
TR773081	unpatched	0	0	None	None	None	14
TR773081	all	0	0	2108	27	37	13
TR773081	full	0	0	2179	98	49	17
TR773081	ua	0	0	2248	167	59	21
TR773081	mst	0	0	2546	465	128	43
TR773081	mst3	0	0	2384	303	88	28
TR773081	bbt64m	0	0	2179	98	49	17
TR773081	pf_famsa	0	0	2155	74	40	13
TR773081	pf_famsa_h32	0	0	2155	74	39	None
TR773081	st_long	0	0	2815	734	72	None
TR773081	st_chm13	0	0	2108	27	37	None
TR773095	unpatched	0	0	None	None	None	6
TR773095	all	0	0	870	63	28	7
TR773095	full	0	0	870	63	29	7
TR773095	ua	0	0	957	150	55	15
TR773095	mst	0	0	932	125	34	5
TR773095	mst3	0	0	887	80	29	6
TR773095	bbt64m	0	0	870	63	29	7
TR773095	pf_famsa	0	0	878	71	28	7
TR773095	pf_famsa_h32	0	0	946	139	47	None
TR773095	st_long	0	0	867	60	30	None
TR773095	st_chm13	0	0	887	80	31	None
TR773098	unpatched	0	0	None	None	None	8
TR773098	all	0	0	1062	42	19	4
TR773098	full	0	0	1046	26	21	6
TR773098	ua	0	0	1056	36	22	3
TR773098	mst	0	0	1077	57	26	5
TR773098	mst3	0	0	1062	42	23	5
TR773098	bbt64m	0	0	1046	26	21	6
TR773098	pf_famsa	0	0	1161	141	28	4
TR773098	pf_famsa_h32	0	0	1042	22	16	None
TR773098	st_long	0	0	1300	280	24	None
TR773098	st_chm13	0	0	1131	111	17	None
TR773108	unpatched	0	0	None	None	None	2
TR773108	all	0	0	660	0	6	2
TR773108	full	0	0	660	0	6	2
TR773108	ua	0	0	660	0	6	2
TR773108	mst	0	0	660	0	6	2
TR773108	mst3	0	0	660	0	6	2
TR773108	bbt64m	0	0	660	0	6	2
TR773108	pf_famsa	0	0	680	20	6	2
TR773108	pf_famsa_h32	0	0	680	20	6	None
TR773108	st_long	0	0	660	0	6	None
TR773108	st_chm13	0	0	660	0	6	None
TR773117	unpatched	0	0	None	None	None	6
TR773117	all	0	0	1170	0	18	6
TR773117	full	0	0	1170	0	18	6
TR773117	ua	0	0	1170	0	18	6
TR773117	mst	0	0	1170	0	18	6
TR773117	mst3	0	0	1170	0	18	6
TR773117	bbt64m	0	0	1170	0	18	6
TR773117	pf_famsa	0	0	1190	20	18	6
TR773117	pf_famsa_h32	0	0	1190	20	18	None
TR773117	st_long	0	0	1170	0	18	None
TR773117	st_chm13	0	0	1170	0	18	None
TR773131	unpatched	1	0	None	None	None	13
TR773131	all	1	0	1919	83	42	13
TR773131	full	1	0	2109	273	87	28
TR773131	ua	1	0	1944	108	48	15
TR773131	mst	1	0	1894	58	36	13
TR773131	mst3	1	0	1956	120	55	19
TR773131	bbt64m	1	0	2109	273	87	28
TR773131	pf_famsa	1	0	1959	123	50	15
TR773131	pf_famsa_h32	0	0	1932	96	42	None
TR773131	st_long	1	0	1953	117	37	None
TR773131	st_chm13	1	0	1894	58	36	None
TR773137	unpatched	0	0	None	None	None	38
TR773137	all	0	0	3392	539	170	49
TR773137	full	3	2	4456	1603	536	127
TR773137	ua	0	2	5068	2215	708	149
TR773137	mst	3	2	3570	717	242	66
TR773137	mst3	3	2	3534	681	251	57
TR773137	bbt64m	4	2	4363	1510	542	144
TR773137	pf_famsa	0	0	4681	1828	534	97
TR773137	pf_famsa_h32	0	0	3565	712	167	None
TR773137	st_long	1	1	3816	963	319	None
TR773137	st_chm13	0	0	4105	1252	231	None
TR773138	unpatched	0	0	None	None	None	21
TR773138	all	0	0	1496	155	61	21
TR773138	full	0	0	1607	266	103	25
TR773138	ua	0	0	1517	176	74	17
TR773138	mst	0	0	1662	321	105	21
TR773138	mst3	0	0	1605	264	97	21
TR773138	bbt64m	0	0	1607	266	103	25
TR773138	pf_famsa	0	0	1588	247	88	22
TR773138	pf_famsa_h32	0	0	1525	184	53	None
TR773138	st_long	3	1	1515	174	51	None
TR773138	st_chm13	0	0	1492	151	62	None
TR773142	unpatched	4	1	None	None	None	23
TR773142	all	0	0	2895	477	126	32
TR773142	full	2	3	4491	2073	399	120
TR773142	ua	1	1	3353	935	232	36
TR773142	mst	0	0	3542	1124	268	69
TR773142	mst3	0	0	2889	471	111	30
TR773142	bbt64m	0	1	4369	1951	391	104
TR773142	pf_famsa	2	3	4981	2563	645	138
TR773142	pf_famsa_h32	0	1	3116	698	144	None
TR773142	st_long	0	0	4334	1916	375	None
TR773142	st_chm13	0	0	3141	723	160	None
TR773143	unpatched	2	1	None	None	None	8
TR773143	all	1	1	1250	41	16	4
TR773143	full	1	1	1278	69	18	3
TR773143	ua	1	1	1313	104	26	8
TR773143	mst	1	1	1264	55	18	5
TR773143	mst3	1	1	1264	55	18	5
TR773143	bbt64m	1	1	1278	69	18	3
TR773143	pf_famsa	0	0	1294	85	20	4
TR773143	pf_famsa_h32	0	1	1260	51	18	None
TR773143	st_long	0	0	1298	89	24	None
TR773143	st_chm13	0	0	1366	157	14	None
TR773144	unpatched	0	0	None	None	None	2
TR773144	all	0	0	1284	0	5	2
TR773144	full	0	0	1465	181	41	15
TR773144	ua	0	0	1285	1	5	2
TR773144	mst	0	0	1497	213	47	17
TR773144	mst3	0	0	1284	0	5	2
TR773144	bbt64m	0	0	1465	181	41	15
TR773144	pf_famsa	0	0	1403	119	23	8
TR773144	pf_famsa_h32	0	0	1496	212	48	None
TR773144	st_long	0	0	1284	0	5	None
TR773144	st_chm13	0	0	1284	0	5	None
TR773155	unpatched	0	0	None	None	None	2
TR773155	all	0	0	814	0	6	2
TR773155	full	2	1	845	31	10	3
TR773155	ua	0	0	834	20	6	2
TR773155	mst	0	0	814	0	6	2
TR773155	mst3	0	0	814	0	6	2
TR773155	bbt64m	2	1	845	31	10	3
TR773155	pf_famsa	0	0	886	72	15	4
TR773155	pf_famsa_h32	0	0	834	20	6	None
TR773155	st_long	0	0	814	0	6	None
TR773155	st_chm13	0	0	814	0	6	None
TR773158	unpatched	3	0	None	None	None	22
TR773158	all	2	1	6055	2380	581	52
TR773158	full	4	3	7259	3584	759	48
TR773158	ua	5	3	6839	3164	706	32
TR773158	mst	3	2	7768	4093	701	30
TR773158	mst3	3	3	6979	3304	606	29
TR773158	bbt64m	3	3	7159	3484	681	42
TR773158	pf_famsa	0	2	6954	3279	712	40
TR773158	pf_famsa_h32	2	2	6561	2886	679	None
TR773158	st_long	3	3	6821	3146	653	None
TR773158	st_chm13	4	2	7176	3501	428	None
TR773161	unpatched	0	0	None	None	None	23
TR773161	all	0	0	3873	79	117	22
TR773161	full	0	0	3895	101	121	21
TR773161	ua	0	0	4170	376	205	54
TR773161	mst	0	0	3930	136	134	24
TR773161	mst3	0	0	3913	119	132	24
TR773161	bbt64m	0	0	3878	84	122	21
TR773161	pf_famsa	0	0	4404	610	143	29
TR773161	pf_famsa_h32	0	0	4450	656	118	None
TR773161	st_long	1	1	4300	506	202	None
TR773161	st_chm13	0	0	3910	116	130	None
TR773182	unpatched	2	2	None	None	None	12
TR773182	all	1	0	1550	326	94	25
TR773182	full	1	2	1699	475	123	30
TR773182	ua	1	0	1445	221	56	17
TR773182	mst	2	1	1524	300	74	18
TR773182	mst3	1	1	1509	285	72	18
TR773182	bbt64m	1	1	1632	408	106	29
TR773182	pf_famsa	1	2	1597	373	107	25
TR773182	pf_famsa_h32	1	2	1566	342	97	None
TR773182	st_long	0	0	1585	361	34	None
TR773182	st_chm13	0	0	1692	468	37	None
TR773187	unpatched	0	0	None	None	None	4
TR773187	all	0	0	964	17	11	4
TR773187	full	0	0	964	17	10	3
TR773187	ua	0	0	1001	54	14	5
TR773187	mst	0	0	995	48	12	4
TR773187	mst3	0	0	964	17	11	4
TR773187	bbt64m	0	0	964	17	10	3
TR773187	pf_famsa	0	0	1009	62	17	5
TR773187	pf_famsa_h32	0	0	998	51	11	None
TR773187	st_long	0	0	965	18	10	None
TR773187	st_chm13	0	0	988	41	12	None
TR773191	unpatched	0	0	None	None	None	4
TR773191	all	0	0	1075	1	14	5
TR773191	full	0	0	1075	1	14	5
TR773191	ua	0	0	1087	13	14	4
TR773191	mst	0	0	1079	5	13	4
TR773191	mst3	0	0	1079	5	13	4
TR773191	bbt64m	0	0	1075	1	14	5
TR773191	pf_famsa	0	0	1115	41	14	4
TR773191	pf_famsa_h32	0	0	1115	41	14	None
TR773191	st_long	0	0	1079	5	13	None
TR773191	st_chm13	0	0	1079	5	13	None
TR773193	unpatched	0	0	None	None	None	3
TR773193	all	0	0	677	0	9	3
TR773193	full	0	0	677	0	9	3
TR773193	ua	0	0	677	0	9	3
TR773193	mst	0	0	677	0	9	3
TR773193	mst3	0	0	677	0	9	3
TR773193	bbt64m	0	0	677	0	9	3
TR773193	pf_famsa	0	0	678	1	10	3
TR773193	pf_famsa_h32	0	0	697	20	9	None
TR773193	st_long	0	0	677	0	9	None
TR773193	st_chm13	0	0	677	0	9	None
TR773195	unpatched	0	0	None	None	None	6
TR773195	all	0	0	1379	175	64	6
TR773195	full	0	0	1803	599	153	10
TR773195	ua	0	0	1715	511	120	5
TR773195	mst	1	1	1712	508	128	10
TR773195	mst3	1	1	1832	628	140	7
TR773195	bbt64m	0	0	1867	663	149	8
TR773195	pf_famsa	1	1	1615	411	94	5
TR773195	pf_famsa_h32	0	1	1599	395	100	None
TR773195	st_long	0	0	1616	412	52	None
TR773195	st_chm13	0	0	1423	219	66	None
TR773196	unpatched	0	0	None	None	None	3
TR773196	all	0	0	662	0	9	3
TR773196	full	0	0	662	0	9	3
TR773196	ua	0	0	662	0	9	3
TR773196	mst	0	0	662	0	9	3
TR773196	mst3	0	0	662	0	9	3
TR773196	bbt64m	0	0	662	0	9	3
TR773196	pf_famsa	1	0	662	0	9	3
TR773196	pf_famsa_h32	1	0	682	20	9	None
TR773196	st_long	0	0	662	0	9	None
TR773196	st_chm13	0	0	662	0	9	None
TR773197	unpatched	0	0	None	None	None	5
TR773197	all	0	0	1053	47	34	9
TR773197	full	0	0	1095	89	38	10
TR773197	ua	0	0	1074	68	40	8
TR773197	mst	0	0	1044	38	36	6
TR773197	mst3	0	0	1087	81	38	10
TR773197	bbt64m	0	0	1095	89	38	10
TR773197	pf_famsa	0	0	1074	68	38	7
TR773197	pf_famsa_h32	0	0	1053	47	34	None
TR773197	st_long	0	0	1162	156	37	None
TR773197	st_chm13	0	0	1053	47	34	None
TR773201	unpatched	0	0	None	None	None	34
TR773201	all	0	0	3228	634	148	33
TR773201	full	3	0	4042	1448	237	54
TR773201	ua	0	0	3429	835	178	40
TR773201	mst	0	0	3538	944	185	43
TR773201	mst3	0	0	3345	751	154	34
TR773201	bbt64m	1	0	4108	1514	246	54
TR773201	pf_famsa	0	0	3542	948	193	39
TR773201	pf_famsa_h32	0	0	3250	656	150	None
TR773201	st_long	0	0	3348	754	136	None
TR773201	st_chm13	0	0	3189	595	148	None
TR773215	unpatched	5	9	None	None	None	79
TR773215	all	1	9	8919	3366	652	135
TR773215	full	3	11	9147	3594	728	139
TR773215	ua	5	7	9641	4088	831	147
TR773215	mst	9	11	9201	3648	719	136
TR773215	mst3	7	11	9011	3458	705	134
TR773215	bbt64m	3	11	9147	3594	728	139
TR773215	pf_famsa	5	6	9923	4370	845	133
TR773215	pf_famsa_h32	5	7	9112	3559	701	None
TR773215	st_long	3	11	12548	6995	689	None
TR773215	st_chm13	2	6	10409	4856	744	None
TR773217	unpatched	0	0	None	None	None	6
TR773217	all	0	0	999	20	20	4
TR773217	full	0	0	999	20	21	5
TR773217	ua	0	0	999	20	21	5
TR773217	mst	0	0	1003	24	21	5
TR773217	mst3	0	0	1003	24	21	5
TR773217	bbt64m	0	0	999	20	21	5
TR773217	pf_famsa	0	0	1001	22	21	5
TR773217	pf_famsa_h32	0	0	999	20	20	None
TR773217	st_long	1	0	1003	24	20	None
TR773217	st_chm13	1	0	1003	24	20	None
TR773227	unpatched	3	1	None	None	None	7
TR773227	all	3	0	1591	141	83	10
TR773227	full	1	1	1814	364	136	20
TR773227	ua	0	1	1782	332	128	9
TR773227	mst	4	1	1909	459	205	16
TR773227	mst3	2	1	1783	333	155	14
TR773227	bbt64m	1	1	1814	364	136	20
TR773227	pf_famsa	0	1	1656	206	85	13
TR773227	pf_famsa_h32	0	0	1637	187	70	None
TR773227	st_long	0	0	1873	423	90	None
TR773227	st_chm13	0	0	1641	191	85	None
TR773234	unpatched	0	0	None	None	None	10
TR773234	all	0	0	1333	51	39	10
TR773234	full	0	0	1381	99	54	15
TR773234	ua	0	0	1381	99	54	15
TR773234	mst	0	0	1305	23	33	8
TR773234	mst3	0	0	1326	44	35	7
TR773234	bbt64m	0	0	1389	107	47	11
TR773234	pf_famsa	0	0	1384	102	49	13
TR773234	pf_famsa_h32	0	0	1366	84	46	None
TR773234	st_long	0	0	1405	123	51	None
TR773234	st_chm13	0	0	1376	94	47	None
TR773244	unpatched	3	2	None	None	None	1
TR773244	all	1	2	1893	21	45	10
TR773244	full	2	2	1907	35	49	11
TR773244	ua	0	1	1878	6	51	16
TR773244	mst	2	3	1878	6	45	9
TR773244	mst3	1	3	1878	6	45	10
TR773244	bbt64m	2	2	1907	35	49	11
TR773244	pf_famsa	1	3	1878	6	44	10
TR773244	pf_famsa_h32	1	3	1932	60	44	None
TR773244	st_long	2	3	2301	429	41	None
TR773244	st_chm13	1	3	1878	6	45	None
TR773248	unpatched	0	0	None	None	None	5
TR773248	all	0	0	825	13	13	3
TR773248	full	0	0	825	13	13	3
TR773248	ua	1	1	825	13	15	5
TR773248	mst	0	0	825	13	13	3
TR773248	mst3	0	0	825	13	13	3
TR773248	bbt64m	0	0	825	13	13	3
TR773248	pf_famsa	0	0	930	118	23	7
TR773248	pf_famsa_h32	0	0	885	73	14	None
TR773248	st_long	0	0	825	13	14	None
TR773248	st_chm13	0	0	812	0	13	None
TR773250	unpatched	0	0	None	None	None	3
TR773250	all	0	0	1134	2	21	7
TR773250	full	0	0	1134	2	21	7
TR773250	ua	0	0	1134	2	21	2
TR773250	mst	0	0	1134	2	5	2
TR773250	mst3	0	0	1134	2	21	7
TR773250	bbt64m	0	0	1134	2	21	7
TR773250	pf_famsa	0	0	1134	2	20	1
TR773250	pf_famsa_h32	0	0	1134	2	20	None
TR773250	st_long	0	0	1134	2	21	None
TR773250	st_chm13	0	0	1134	2	21	None
TR773265	unpatched	0	0	None	None	None	7
TR773265	all	0	0	1538	9	20	7
TR773265	full	0	0	1556	27	20	7
TR773265	ua	0	0	1538	9	20	7
TR773265	mst	0	0	1730	201	66	21
TR773265	mst3	0	0	1730	201	65	22
TR773265	bbt64m	0	0	1556	27	20	7
TR773265	pf_famsa	0	0	1562	33	22	7
TR773265	pf_famsa_h32	0	0	1562	33	22	None
TR773265	st_long	0	0	1559	30	23	None
TR773265	st_chm13	0	0	1538	9	20	None
TR773270	unpatched	0	0	None	None	None	10
TR773270	all	0	0	1064	0	22	9
TR773270	full	0	0	1080	16	25	10
TR773270	ua	0	0	1098	34	25	10
TR773270	mst	0	0	1064	0	22	9
TR773270	mst3	0	0	1080	16	24	10
TR773270	bbt64m	0	0	1080	16	25	10
TR773270	pf_famsa	0	0	1126	62	25	10
TR773270	pf_famsa_h32	0	0	1104	40	24	None
TR773270	st_long	0	0	1115	51	23	None
TR773270	st_chm13	0	0	1064	0	25	None
TR773280	unpatched	0	0	None	None	None	13
TR773280	all	0	0	1444	331	80	17
TR773280	full	0	0	1603	490	129	19
TR773280	ua	0	1	1654	541	151	40
TR773280	mst	0	0	1268	155	51	8
TR773280	mst3	0	0	1313	200	60	13
TR773280	bbt64m	0	0	1586	473	127	20
TR773280	pf_famsa	0	0	1535	422	138	18
TR773280	pf_famsa_h32	0	0	1470	357	97	None
TR773280	st_long	0	0	1223	110	51	None
TR773280	st_chm13	0	0	1513	400	83	None
TR773287	unpatched	0	0	None	None	None	5
TR773287	all	0	0	867	0	20	5
TR773287	full	0	0	871	4	19	6
TR773287	ua	0	0	871	4	19	6
TR773287	mst	0	0	867	0	20	5
TR773287	mst3	0	0	867	0	20	5
TR773287	bbt64m	0	0	871	4	19	6
TR773287	pf_famsa	0	0	887	20	19	5
TR773287	pf_famsa_h32	0	0	907	40	20	None
TR773287	st_long	0	0	867	0	20	None
TR773287	st_chm13	0	0	867	0	20	None
TR773291	unpatched	0	0	None	None	None	3
TR773291	all	0	0	743	0	8	3
TR773291	full	0	0	743	0	8	3
TR773291	ua	0	0	747	4	12	5
TR773291	mst	0	0	743	0	8	3
TR773291	mst3	0	0	743	0	8	3
TR773291	bbt64m	0	0	743	0	8	3
TR773291	pf_famsa	0	0	773	30	9	3
TR773291	pf_famsa_h32	0	0	778	35	8	None
TR773291	st_long	0	0	743	0	8	None
TR773291	st_chm13	0	0	743	0	8	None
TR773300	unpatched	0	0	None	None	None	6
TR773300	all	0	0	1356	0	17	4
TR773300	full	0	0	1356	0	17	4
TR773300	ua	0	0	1370	14	18	6
TR773300	mst	0	0	1356	0	18	4
TR773300	mst3	0	0	1356	0	18	4
TR773300	bbt64m	0	0	1356	0	17	4
TR773300	pf_famsa	0	0	1376	20	18	5
TR773300	pf_famsa_h32	0	0	1375	19	17	None
TR773300	st_long	0	0	1356	0	17	None
TR773300	st_chm13	0	0	1356	0	23	None
TR773308	unpatched	0	0	None	None	None	12
TR773308	all	0	0	894	21	32	11
TR773308	full	1	0	915	42	34	11
TR773308	ua	0	0	951	78	35	11
TR773308	mst	0	0	909	36	31	10
TR773308	mst3	0	0	909	36	31	10
TR773308	bbt64m	1	0	915	42	34	11
TR773308	pf_famsa	0	0	923	50	34	11
TR773308	pf_famsa_h32	0	0	963	90	35	None
TR773308	st_long	3	0	967	94	36	None
TR773308	st_chm13	1	0	915	42	34	None
TR773311	unpatched	0	0	None	None	None	22
TR773311	all	0	0	2005	42	57	21
TR773311	full	0	0	2039	76	70	26
TR773311	ua	0	0	2128	165	87	29
TR773311	mst	0	0	2017	54	58	21
TR773311	mst3	0	0	2031	68	58	21
TR773311	bbt64m	0	0	2039	76	70	26
TR773311	pf_famsa	0	0	2076	113	57	20
TR773311	pf_famsa_h32	0	0	2092	129	56	None
TR773311	st_long	0	0	1985	22	54	None
TR773311	st_chm13	0	0	2210	247	97	None
TR773316	unpatched	0	0	None	None	None	7
TR773316	all	0	0	1337	20	27	7
TR773316	full	0	0	1349	32	27	7
TR773316	ua	0	0	1346	29	31	9
TR773316	mst	0	0	1356	39	27	9
TR773316	mst3	0	0	1325	8	28	9
TR773316	bbt64m	0	0	1349	32	27	7
TR773316	pf_famsa	0	0	1325	8	27	8
TR773316	pf_famsa_h32	0	0	1365	48	27	None
TR773316	st_long	0	0	1392	75	24	None
TR773316	st_chm13	0	0	1349	32	27	None
TR773324	unpatched	0	0	None	None	None	9
TR773324	all	0	0	1505	16	34	8
TR773324	full	0	1	1544	55	48	17
TR773324	ua	0	0	1514	25	51	13
TR773324	mst	0	0	1523	34	31	10
TR773324	mst3	0	0	1505	16	34	9
TR773324	bbt64m	0	1	1544	55	48	17
TR773324	pf_famsa	0	0	1543	54	39	9
TR773324	pf_famsa_h32	0	0	1552	63	38	None
TR773324	st_long	0	0	1607	118	30	None
TR773324	st_chm13	0	0	1523	34	28	None
TR773331	unpatched	0	0	None	None	None	2
TR773331	all	0	0	594	0	6	2
TR773331	full	0	0	608	14	6	2
TR773331	ua	0	0	616	22	10	4
TR773331	mst	0	0	594	0	6	2
TR773331	mst3	0	0	594	0	6	2
TR773331	bbt64m	0	0	608	14	6	2
TR773331	pf_famsa	0	0	614	20	6	2
TR773331	pf_famsa_h32	0	0	614	20	6	None
TR773331	st_long	0	0	599	5	8	None
TR773331	st_chm13	0	0	594	0	6	None
TR773333	unpatched	0	0	None	None	None	5
TR773333	all	0	1	1020	46	15	5
TR773333	full	0	0	1020	46	15	5
TR773333	ua	0	0	1020	46	14	4
TR773333	mst	0	0	1020	46	15	5
TR773333	mst3	0	0	1020	46	15	5
TR773333	bbt64m	0	0	1020	46	15	5
TR773333	pf_famsa	0	0	1040	66	15	5
TR773333	pf_famsa_h32	0	0	1020	46	14	None
TR773333	st_long	0	0	1020	46	15	None
TR773333	st_chm13	0	1	1020	46	15	None
TR773337	unpatched	1	0	None	None	None	4
TR773337	all	0	0	990	0	12	4
TR773337	full	0	0	990	0	12	4
TR773337	ua	0	0	990	0	12	4
TR773337	mst	0	0	990	0	12	4
TR773337	mst3	0	0	990	0	12	4
TR773337	bbt64m	0	0	990	0	12	4
TR773337	pf_famsa	1	0	1010	20	12	4
TR773337	pf_famsa_h32	1	0	1010	20	12	None
TR773337	st_long	0	0	990	0	12	None
TR773337	st_chm13	0	0	990	0	12	None
TR773344	unpatched	0	0	None	None	None	6
TR773344	all	0	0	1842	0	19	5
TR773344	full	0	0	1842	0	19	5
TR773344	ua	0	0	1842	0	19	5
TR773344	mst	0	0	1842	0	19	5
TR773344	mst3	0	0	1842	0	19	5
TR773344	bbt64m	0	0	1842	0	19	5
TR773344	pf_famsa	0	0	1890	48	19	5
TR773344	pf_famsa_h32	0	0	1895	53	19	None
TR773344	st_long	0	0	1842	0	19	None
TR773344	st_chm13	0	0	1842	0	19	None
TR773351	unpatched	0	0	None	None	None	7
TR773351	all	1	1	1677	22	9	3
TR773351	full	0	0	1677	22	10	3
TR773351	ua	0	0	1675	20	12	3
TR773351	mst	1	1	1677	22	9	3
TR773351	mst3	1	1	1677	22	9	3
TR773351	bbt64m	0	0	1677	22	10	3
TR773351	pf_famsa	0	0	1676	21	9	3
TR773351	pf_famsa_h32	0	0	1717	62	10	None
TR773351	st_long	0	0	2099	444	15	None
TR773351	st_chm13	0	0	1655	0	8	None
TR773368	unpatched	0	0	None	None	None	2
TR773368	all	0	0	1278	0	13	1
TR773368	full	4	0	1414	136	40	11
TR773368	ua	3	0	1357	79	29	8
TR773368	mst	2	0	1398	120	38	7
TR773368	mst3	1	0	1397	119	27	8
TR773368	bbt64m	0	0	1414	136	40	11
TR773368	pf_famsa	0	0	1357	79	24	1
TR773368	pf_famsa_h32	0	0	1308	30	13	None
TR773368	st_long	0	0	1278	0	14	None
TR773368	st_chm13	0	0	1278	0	13	None
TR773376	unpatched	1	0	None	None	None	9
TR773376	all	1	0	1235	42	25	8
TR773376	full	1	0	1234	41	28	10
TR773376	ua	0	0	1256	63	29	8
TR773376	mst	2	0	1296	103	28	9
TR773376	mst3	1	0	1235	42	27	9
TR773376	bbt64m	1	0	1234	41	28	10
TR773376	pf_famsa	1	0	1256	63	28	7
TR773376	pf_famsa_h32	0	0	1255	62	24	None
TR773376	st_long	1	0	1495	302	29	None
TR773376	st_chm13	0	0	1256	63	26	None
TR773379	unpatched	5	8	None	None	None	10
TR773379	all	3	11	10565	4794	812	10
TR773379	full	5	8	13288	7517	1445	19
TR773379	ua	8	10	13091	7320	1361	14
TR773379	mst	3	10	11875	6104	1077	13
TR773379	mst3	0	0	11424	5653	987	5
TR773379	bbt64m	0	0	11746	5975	1133	17
TR773379	pf_famsa	2	6	14024	8253	1695	20
TR773379	pf_famsa_h32	6	9	10619	4848	1008	None
TR773379	st_long	2	13	13709	7938	1058	None
TR773379	st_chm13	2	11	15848	10077	714	None
TR773388	unpatched	0	0	None	None	None	25
TR773388	all	1	0	2127	155	38	7
TR773388	full	0	0	2279	307	78	21
TR773388	ua	0	0	2279	307	78	21
TR773388	mst	0	0	2178	206	54	4
TR773388	mst3	0	0	2165	193	48	4
TR773388	bbt64m	0	0	2279	307	78	21
TR773388	pf_famsa	0	0	2134	162	48	3
TR773388	pf_famsa_h32	0	0	2196	224	49	None
TR773388	st_long	0	0	2501	529	99	None
TR773388	st_chm13	0	0	2264	292	50	None
TR773393	unpatched	0	0	None	None	None	8
TR773393	all	0	0	1516	160	60	10
TR773393	full	1	1	1571	215	68	8
TR773393	ua	1	1	1571	215	68	8
TR773393	mst	0	0	1535	179	54	10
TR773393	mst3	0	0	1541	185	59	10
TR773393	bbt64m	1	1	1571	215	70	9
TR773393	pf_famsa	0	0	1599	243	72	11
TR773393	pf_famsa_h32	0	0	1586	230	59	None
TR773393	st_long	0	0	2005	649	49	None
TR773393	st_chm13	0	0	1585	229	46	None
TR773413	unpatched	1	1	None	None	None	9
TR773413	all	2	1	1982	92	22	3
TR773413	full	2	1	2032	142	38	10
TR773413	ua	1	1	2065	175	42	7
TR773413	mst	1	1	2007	117	29	6
TR773413	mst3	0	0	2007	117	31	7
TR773413	bbt64m	2	1	2029	139	34	9
TR773413	pf_famsa	0	0	2048	158	26	3
TR773413	pf_famsa_h32	0	0	2068	178	23	None
TR773413	st_long	0	0	2038	148	23	None
TR773413	st_chm13	0	0	2035	145	22	None
TR773420	unpatched	0	0	None	None	None	3
TR773420	all	0	0	868	0	9	3
TR773420	full	0	0	868	0	9	3
TR773420	ua	0	0	868	0	9	3
TR773420	mst	0	0	868	0	9	3
TR773420	mst3	0	0	868	0	9	3
TR773420	bbt64m	0	0	868	0	9	3
TR773420	pf_famsa	0	0	881	13	9	3
TR773420	pf_famsa_h32	0	0	882	14	9	None
TR773420	st_long	0	0	938	70	14	None
TR773420	st_chm13	0	0	868	0	9	None
TR773424	unpatched	0	0	None	None	None	9
TR773424	all	0	0	1189	37	23	5
TR773424	full	0	1	1259	107	51	12
TR773424	ua	0	1	1231	79	41	15
TR773424	mst	0	0	1170	18	22	7
TR773424	mst3	0	0	1220	68	31	6
TR773424	bbt64m	0	1	1259	107	51	12
TR773424	pf_famsa	0	0	1225	73	32	8
TR773424	pf_famsa_h32	0	0	1194	42	19	None
TR773424	st_long	0	0	1214	62	12	None
TR773424	st_chm13	0	0	1237	85	33	None
TR773439	unpatched	0	0	None	None	None	3
TR773439	all	0	0	800	0	9	3
TR773439	full	0	0	800	0	9	3
TR773439	ua	0	0	800	0	9	3
TR773439	mst	0	0	800	0	9	3
TR773439	mst3	0	0	800	0	9	3
TR773439	bbt64m	0	0	800	0	9	3
TR773439	pf_famsa	0	0	820	20	9	3
TR773439	pf_famsa_h32	0	0	820	20	9	None
TR773439	st_long	0	0	800	0	9	None
TR773439	st_chm13	0	0	800	0	9	None
TR773451	unpatched	0	0	None	None	None	3
TR773451	all	1	0	1194	0	10	3
TR773451	full	1	0	1194	0	10	3
TR773451	ua	0	0	1194	0	11	3
TR773451	mst	1	0	1194	0	10	3
TR773451	mst3	1	0	1194	0	10	3
TR773451	bbt64m	1	0	1194	0	10	3
TR773451	pf_famsa	1	0	1218	24	11	3
TR773451	pf_famsa_h32	1	0	1234	40	10	None
TR773451	st_long	3	0	1260	66	12	None
TR773451	st_chm13	1	0	1194	0	10	None
TR773452	unpatched	4	6	None	None	None	2
TR773452	all	4	6	5666	1127	269	30
TR773452	full	2	5	7027	2488	638	55
TR773452	ua	1	5	6523	1984	511	30
TR773452	mst	5	6	7136	2597	676	45
TR773452	mst3	5	6	7136	2597	676	45
TR773452	bbt64m	2	4	7061	2522	656	59
TR773452	pf_famsa	3	1	6643	2104	520	33
TR773452	pf_famsa_h32	3	7	5911	1372	373	None
TR773452	st_long	0	2	5830	1291	220	None
TR773452	st_chm13	2	4	6877	2338	338	None
TR773453	unpatched	0	0	None	None	None	5
TR773453	all	0	0	1313	0	10	2
TR773453	full	0	0	1336	23	19	4
TR773453	ua	0	0	1313	0	14	5
TR773453	mst	0	0	1336	23	14	3
TR773453	mst3	0	0	1357	44	19	4
TR773453	bbt64m	0	0	1336	23	19	4
TR773453	pf_famsa	0	0	1334	21	12	2
TR773453	pf_famsa_h32	0	0	1374	61	11	None
TR773453	st_long	0	0	1341	28	10	None
TR773453	st_chm13	0	0	1334	21	12	None
TR773454	unpatched	2	1	None	None	None	7
TR773454	all	0	1	4196	1518	354	108
TR773454	full	0	2	5890	3212	586	163
TR773454	ua	0	0	5155	2477	618	194
TR773454	mst	0	0	3942	1264	296	74
TR773454	mst3	0	0	3833	1155	288	85
TR773454	bbt64m	0	1	5636	2958	580	165
TR773454	pf_famsa	0	2	4904	2226	559	158
TR773454	pf_famsa_h32	1	2	3871	1193	283	None
TR773454	st_long	1	1	3885	1207	188	None
TR773454	st_chm13	0	1	3644	966	248	None
TR773457	unpatched	0	0	None	None	None	14
TR773457	all	0	0	2565	268	78	12
TR773457	full	0	0	2488	191	65	15
TR773457	ua	0	0	2686	389	116	22
TR773457	mst	0	0	2471	174	59	13
TR773457	mst3	0	0	2477	180	60	13
TR773457	bbt64m	0	0	2488	191	65	15
TR773457	pf_famsa	0	0	2713	416	118	41
TR773457	pf_famsa_h32	0	0	2710	413	116	None
TR773457	st_long	0	0	2517	220	65	None
TR773457	st_chm13	0	0	2586	289	81	None
TR773462	unpatched	1	0	None	None	None	5
TR773462	all	1	0	2362	689	249	40
TR773462	full	3	0	2662	989	320	49
TR773462	ua	2	0	2598	925	363	58
TR773462	mst	2	0	2416	743	168	31
TR773462	mst3	0	0	2220	547	123	23
TR773462	bbt64m	0	0	2457	784	264	34
TR773462	pf_famsa	0	0	2612	939	310	31
TR773462	pf_famsa_h32	0	0	2266	593	227	None
TR773462	st_long	1	0	2153	480	110	None
TR773462	st_chm13	1	0	2277	604	83	None
TR773467	unpatched	0	0	None	None	None	68
TR773467	all	0	0	4087	625	242	83
TR773467	full	0	0	4541	1079	351	110
TR773467	ua	0	2	4249	787	290	100
TR773467	mst	0	0	4084	622	247	87
TR773467	mst3	0	0	4084	622	247	87
TR773467	bbt64m	0	0	4542	1080	352	111
TR773467	pf_famsa	0	3	4332	870	312	103
TR773467	pf_famsa_h32	0	0	4209	747	242	None
TR773467	st_long	0	0	5070	1608	367	None
TR773467	st_chm13	0	0	4193	731	259	None
TR773470	unpatched	1	0	None	None	None	54
TR773470	all	0	0	4369	739	200	47
TR773470	full	0	0	4670	1040	237	56
TR773470	ua	1	0	5052	1422	360	98
TR773470	mst	2	0	5083	1453	304	91
TR773470	mst3	2	0	4973	1343	290	88
TR773470	bbt64m	0	0	4670	1040	237	56
TR773470	pf_famsa	0	0	4527	897	234	59
TR773470	pf_famsa_h32	0	0	4730	1100	286	None
TR773470	st_long	0	0	4706	1076	89	None
TR773470	st_chm13	0	0	4182	552	44	None
TR773472	unpatched	2	5	None	None	None	166
TR773472	all	0	3	22692	13774	1916	35
TR773472	full	2	5	None	None	None	None
TR773472	ua	9	2	23507	14589	2248	39
TR773472	mst	8	4	28712	19794	2642	8
TR773472	mst3	6	4	27917	18999	2583	19
TR773472	bbt64m	3	6	24501	15583	2152	15
TR773472	pf_famsa	7	5	24270	15352	2328	147
TR773472	pf_famsa_h32	9	2	22643	13725	2137	None
TR773472	st_long	2	5	None	None	None	None
TR773472	st_chm13	2	4	49421	40503	1937	None
TR773474	unpatched	0	0	None	None	None	21
TR773474	all	1	1	2375	134	66	21
TR773474	full	2	2	3108	867	293	85
TR773474	ua	4	2	2642	401	138	33
TR773474	mst	1	0	2462	221	89	24
TR773474	mst3	0	0	2264	23	28	10
TR773474	bbt64m	2	2	3108	867	293	85
TR773474	pf_famsa	0	0	2679	438	117	27
TR773474	pf_famsa_h32	0	1	2465	224	68	None
TR773474	st_long	2	1	2344	103	58	None
TR773474	st_chm13	0	0	2707	466	69	None
TR773478	unpatched	0	0	None	None	None	5
TR773478	all	0	0	727	0	14	5
TR773478	full	0	0	727	0	14	5
TR773478	ua	0	0	739	12	15	5
TR773478	mst	0	0	727	0	15	5
TR773478	mst3	0	0	727	0	15	5
TR773478	bbt64m	0	0	727	0	14	5
TR773478	pf_famsa	0	0	747	20	14	5
TR773478	pf_famsa_h32	0	0	747	20	14	None
TR773478	st_long	0	0	727	0	16	None
TR773478	st_chm13	0	0	727	0	14	None
TR773479	unpatched	0	0	None	None	None	13
TR773479	all	0	0	1009	0	14	5
TR773479	full	0	0	1009	0	14	5
TR773479	ua	0	0	1010	1	13	4
TR773479	mst	0	0	1009	0	14	5
TR773479	mst3	0	0	1009	0	14	5
TR773479	bbt64m	0	0	1009	0	14	5
TR773479	pf_famsa	0	0	1076	67	26	8
TR773479	pf_famsa_h32	0	0	1029	20	14	None
TR773479	st_long	0	0	1010	1	13	None
TR773479	st_chm13	0	0	1010	1	13	None
TR773487	unpatched	0	0	None	None	None	13
TR773487	all	0	0	1979	0	35	13
TR773487	full	0	0	1979	0	35	13
TR773487	ua	0	0	2019	40	45	16
TR773487	mst	0	0	1979	0	35	13
TR773487	mst3	0	0	1979	0	35	13
TR773487	bbt64m	0	0	1979	0	35	13
TR773487	pf_famsa	0	0	2021	42	35	13
TR773487	pf_famsa_h32	0	0	2021	42	35	None
TR773487	st_long	0	0	1979	0	35	None
TR773487	st_chm13	0	0	1979	0	35	None
TR773491	unpatched	10	2	None	None	None	89
TR773491	all	10	3	10663	4590	673	129
TR773491	full	8	4	12362	6289	920	160
TR773491	ua	5	2	11610	5537	891	147
TR773491	mst	8	2	13256	7183	940	65
TR773491	mst3	7	2	12990	6917	901	94
TR773491	bbt64m	11	1	12444	6371	869	120
TR773491	pf_famsa	6	2	11568	5495	910	128
TR773491	pf_famsa_h32	10	2	11043	4970	821	None
TR773491	st_long	8	4	12366	6293	851	None
TR773491	st_chm13	5	3	11151	5078	514	None
TR773492	unpatched	0	0	None	None	None	3
TR773492	all	0	0	784	0	6	2
TR773492	full	0	0	784	0	8	3
TR773492	ua	0	0	791	7	6	2
TR773492	mst	0	0	784	0	6	2
TR773492	mst3	0	0	784	0	6	2
TR773492	bbt64m	0	0	784	0	8	3
TR773492	pf_famsa	0	0	804	20	6	2
TR773492	pf_famsa_h32	0	0	804	20	6	None
TR773492	st_long	0	0	789	5	7	None
TR773492	st_chm13	0	0	784	0	6	None
TR773493	unpatched	0	0	None	None	None	9
TR773493	all	0	0	1664	23	24	8
TR773493	full	0	0	1651	10	26	9
TR773493	ua	0	0	1671	30	26	9
TR773493	mst	0	0	1664	23	24	8
TR773493	mst3	0	0	1664	23	24	8
TR773493	bbt64m	0	0	1651	10	26	9
TR773493	pf_famsa	0	0	1710	69	32	11
TR773493	pf_famsa_h32	0	0	1664	23	24	None
TR773493	st_long	2	0	1861	220	26	None
TR773493	st_chm13	0	0	1664	23	24	None
TR773496	unpatched	0	0	None	None	None	7
TR773496	all	0	0	1270	0	6	2
TR773496	full	0	0	1416	146	35	13
TR773496	ua	0	0	1344	74	20	8
TR773496	mst	0	0	1417	147	34	12
TR773496	mst3	0	0	1417	147	34	12
TR773496	bbt64m	0	0	1416	146	35	13
TR773496	pf_famsa	0	0	1334	64	13	5
TR773496	pf_famsa_h32	0	0	1290	20	6	None
TR773496	st_long	0	0	1270	0	6	None
TR773496	st_chm13	0	0	1270	0	6	None
TR773517	unpatched	0	0	None	None	None	9
TR773517	all	0	0	2024	324	89	6
TR773517	full	0	0	2325	625	146	8
TR773517	ua	0	0	2107	407	120	10
TR773517	mst	0	0	2223	523	108	8
TR773517	mst3	0	0	2060	360	81	6
TR773517	bbt64m	0	0	2277	577	143	8
TR773517	pf_famsa	0	0	2133	433	128	6
TR773517	pf_famsa_h32	0	0	2128	428	96	None
TR773517	st_long	0	0	2045	345	91	None
TR773517	st_chm13	0	0	2023	323	93	None
TR773518	unpatched	0	0	None	None	None	52
TR773518	all	0	0	4297	1195	276	80
TR773518	full	0	0	4595	1493	342	92
TR773518	ua	0	0	4602	1500	386	107
TR773518	mst	0	0	4037	935	261	63
TR773518	mst3	0	0	4070	968	281	71
TR773518	bbt64m	0	0	4544	1442	351	88
TR773518	pf_famsa	0	0	4559	1457	340	83
TR773518	pf_famsa_h32	0	0	4596	1494	318	None
TR773518	st_long	0	0	3561	459	140	None
TR773518	st_chm13	0	0	4349	1247	261	None
TR773523	unpatched	0	0	None	None	None	4
TR773523	all	0	0	772	0	11	4
TR773523	full	0	0	772	0	11	4
TR773523	ua	0	0	772	0	11	4
TR773523	mst	0	0	772	0	11	4
TR773523	mst3	0	0	772	0	11	4
TR773523	bbt64m	0	0	772	0	11	4
TR773523	pf_famsa	0	0	796	24	11	4
TR773523	pf_famsa_h32	0	0	798	26	11	None
TR773523	st_long	0	0	772	0	11	None
TR773523	st_chm13	0	0	772	0	11	None
TR773529	unpatched	0	0	None	None	None	7
TR773529	all	0	0	1639	122	25	6
TR773529	full	0	0	1660	143	26	6
TR773529	ua	0	0	1660	143	34	10
TR773529	mst	0	0	1693	176	27	7
TR773529	mst3	0	0	1660	143	29	8
TR773529	bbt64m	0	0	1702	185	35	9
TR773529	pf_famsa	0	0	1681	164	33	7
TR773529	pf_famsa_h32	0	0	1681	164	30	None
TR773529	st_long	0	0	1685	168	41	None
TR773529	st_chm13	0	0	1780	263	24	None
TR773536	unpatched	0	0	None	None	None	36
TR773536	all	0	0	3642	439	176	58
TR773536	full	0	0	4021	818	277	70
TR773536	ua	0	0	4021	818	277	70
TR773536	mst	0	0	3764	561	195	57
TR773536	mst3	0	0	3756	553	198	55
TR773536	bbt64m	0	0	3958	755	243	58
TR773536	pf_famsa	0	0	3891	688	247	59
TR773536	pf_famsa_h32	0	0	3785	582	206	None
TR773536	st_long	0	0	3857	654	224	None
TR773536	st_chm13	0	0	3665	462	167	None
TR773565	unpatched	0	0	None	None	None	11
TR773565	all	0	0	793	0	33	11
TR773565	full	0	0	793	0	33	11
TR773565	ua	0	0	816	23	38	13
TR773565	mst	0	0	793	0	33	11
TR773565	mst3	0	0	793	0	33	11
TR773565	bbt64m	0	0	793	0	33	11
TR773565	pf_famsa	0	0	813	20	33	11
TR773565	pf_famsa_h32	0	0	813	20	33	None
TR773565	st_long	0	0	793	0	33	None
TR773565	st_chm13	0	0	793	0	33	None
TR773568	unpatched	0	0	None	None	None	106
TR773568	all	0	0	19340	4236	1907	368
TR773568	full	0	0	19340	4236	1907	368
TR773568	ua	0	0	20412	5308	2964	432
TR773568	mst	0	0	19806	4702	2423	371
TR773568	mst3	0	0	19806	4702	2423	371
TR773568	bbt64m	0	0	19340	4236	1907	368
TR773568	pf_famsa	0	0	20272	5168	2642	544
TR773568	pf_famsa_h32	0	0	20272	5168	2642	None
TR773568	st_long	0	0	19557	4453	2195	None
TR773568	st_chm13	0	0	23206	8102	1148	None
