source	chrom	pos	end	id	ref_len	alt_len	len_diff	gt	called	qual	filter	truvari	aardvark	vg_truvari	pg_truvari	applied_h1	applied_h2	in_sv_benchmark	svtype	TRFperiod	MatchId	overlaps_span_edge
truth_stvar	chr10	127830836	127830836	.	1	1	0	1|1	.	.	.	.	.	-	-	yes	yes	1	.	.	.	0
truth_smvar	chr10	127830836	127830836	.	1	1	0	1|1	.	.	.	.	.	-	-	no:duplicate_of_stvar	no:duplicate_of_stvar	1	.	.	.	0
vg	chr10	127830836	127830836	>25618568>25618571	1	1	0	1|1	1	266.429	PASS	-	TP	.	.	.	.	.	.	.	.	0
pangenie	chr10	127830836	127830836	chr10-127830836-SNV->22852213>22852215>22852216-1	1	1	0	1/1	1	.	PASS	-	TP	.	.	.	.	.	.	.	.	0
vg	chr10	127830966	127830966	>25618590>25618861	1	703	702	1|0	1	112.626	PASS	FP	-	.	.	.	.	.	.	.	679.3,679.0	0
vg	chr10	127830986	127831119	>25618876>25618950	134	1	-133	1|1	1	12.4143	PASS	FP	-	.	.	.	.	.	.	.	679.1,679.1	0
truth_stvar	chr10	127830993	127830996	.	4	1	3	0|1	.	.	.	.	.	-	-	ref	yes	1	.	.	.	0
truth_smvar	chr10	127830993	127830996	.	4	1	3	0|1	.	.	.	.	.	-	-	ref	no:duplicate_of_stvar	1	.	.	.	0
pangenie	chr10	127830993	127830996	chr10-127830993-DEL->22852507>22852509-3	4	1	-3	0/1	1	.	PASS	-	-	.	.	.	.	.	.	.	.	0
pangenie	chr10	127830993	127831061	chr10-127830993-DEL->22852507>22852523-68	69	1	-68	1/0	1	.	PASS	FP	-	.	.	.	.	.	.	.	665.0,665.0	0
truth_stvar	chr10	127831033	127831033	.	1	1	0	1|0	.	.	.	.	.	-	-	yes	ref	1	.	.	.	0
truth_smvar	chr10	127831033	127831033	.	1	1	0	1|0	.	.	.	.	.	-	-	no:duplicate_of_stvar	ref	1	.	.	.	0
truth_stvar	chr10	127831036	127831036	.	1	1	0	1|0	.	.	.	.	.	-	-	yes	ref	1	.	.	.	0
truth_smvar	chr10	127831036	127831036	.	1	1	0	1|0	.	.	.	.	.	-	-	no:duplicate_of_stvar	ref	1	.	.	.	0
pangenie	chr10	127831058	127831058	chr10-127831058-INS->22852520>22852521>22852522-3	1	4	3	0/1	1	.	PASS	-	-	.	.	.	.	.	.	.	.	0
pangenie	chr10	127831064	127831064	chr10-127831064-SNV->22852523>22852525>22852526-1	1	1	0	0/1	1	.	PASS	-	-	.	.	.	.	.	.	.	.	0
pangenie	chr10	127831064	127831101	chr10-127831067-DEL->22852526>22852528>22852546-37	38	1	-37	0/1	1	.	PASS	-	-	.	.	.	.	.	.	.	.	0
pangenie	chr10	127831064	127831126	chr10-127831064-DEL->22852524>22852553-62	63	1	-62	1/0	1	.	PASS	FP	-	.	.	.	.	.	.	.	665.0,665.1	0
truth_stvar	chr10	127831067	127831067	.	1	1	0	1|0	.	.	.	.	.	-	-	yes	ref	1	.	.	.	0
truth_stvar	chr10	127831067	127831070	.	4	1	3	0|1	.	.	.	.	.	-	-	ref	yes	1	.	.	.	0
truth_smvar	chr10	127831067	127831070	.	4	1,4	3	2|1	.	.	.	.	.	-	-	no:overlaps_applied_stvar	no:duplicate_of_stvar	1	.	.	.	0
truth_stvar	chr10	127831075	127831075	.	1	1	0	1|0	.	.	.	.	.	-	-	yes	ref	1	.	.	.	0
truth_smvar	chr10	127831075	127831075	.	1	1	0	1|0	.	.	.	.	.	-	-	no:duplicate_of_stvar	ref	1	.	.	.	0
pangenie	chr10	127831109	127831109	chr10-127831109-SNV->22852546>22852548>22852549-1	1	1	0	0/1	1	.	PASS	-	-	.	.	.	.	.	.	.	.	0
pangenie	chr10	127831126	127831466	chr10-127831129-DEL->22852553>22852557>22852708-340	341	1	-340	1/0	1	.	PASS	FP	-	.	.	.	.	.	.	.	665.6,665.2	0
vg	chr10	127831127	127831266	>25618950>25619020	140	1	-139	1|1	1	22.3488	PASS	TP	-	.	.	.	.	.	.	.	679.1,679.2	0
pangenie	chr10	127831135	127831135	chr10-127831135-SNV->22852559>22852561>22852562-1	1	1	0	0/1	1	.	PASS	-	-	.	.	.	.	.	.	.	.	0
truth_stvar	chr10	127831143	127831143	.	1	69	68	0|1	.	.	.	.	.	FN	FN	ref	yes	1	INS	34	.	0
truth_smvar	chr10	127831143	127831143	.	1	69	68	0|1	.	.	.	.	.	-	-	ref	no:duplicate_of_stvar	1	.	34	.	0
truth_stvar	chr10	127831169	127831302	.	134	1	133	1|0	.	.	.	.	.	TP	FN	yes	ref	1	DEL	34	.	0
truth_smvar	chr10	127831169	127831302	.	134	1	133	1|0	.	.	.	.	.	-	-	no:duplicate_of_stvar	ref	1	.	34	.	0
truth_stvar	chr10	127831177	127831177	.	1	1	0	1|0	.	.	.	.	.	-	-	no:star_allele	ref	1	.	.	.	0
truth_stvar	chr10	127831177	127831177	.	1	1	0	0|1	.	.	.	.	.	-	-	ref	yes	1	.	.	.	0
truth_smvar	chr10	127831177	127831177	.	1	1,1	0	2|1	.	.	.	.	.	-	-	no:star_allele	no:duplicate_of_stvar	1	.	.	.	0
pangenie	chr10	127831194	127831194	chr10-127831194-INS->22852582>22852583>22852584-3	1	4	3	0/1	1	.	PASS	-	-	.	.	.	.	.	.	.	.	0
pangenie	chr10	127831208	127831208	chr10-127831208-SNV->22852590>22852592>22852593-1	1	1	0	0/1	1	.	PASS	-	-	.	.	.	.	.	.	.	.	0
pangenie	chr10	127831268	127831268	chr10-127831268-SNV->22852612>22852614>22852615-1	1	1	0	0/1	1	.	PASS	-	-	.	.	.	.	.	.	.	.	0
vg	chr10	127831271	127831438	>25619020>25619095	168	1	-167	1|1	1	27.3302	PASS	FP	-	.	.	.	.	.	.	.	679.1,679.3	0
truth_stvar	chr10	127831302	127831302	.	1	1	0	1|0	.	.	.	.	.	-	-	no:star_allele	ref	1	.	.	.	0
truth_stvar	chr10	127831302	127831302	.	1	66	65	0|1	.	.	.	.	.	FN	FN	ref	yes	1	INS	34	.	0
truth_smvar	chr10	127831302	127831302	.	1	66,1	65	2|1	.	.	.	.	.	-	-	no:star_allele	no:duplicate_of_stvar	1	.	34	.	0
pangenie	chr10	127831302	127831302	chr10-127831302-SNV->22852635>22852638>22852640-1	1	1	0	0/1	1	.	PASS	-	-	.	.	.	.	.	.	.	.	0
pangenie	chr10	127831336	127831336	chr10-127831336-SNV->22852648>22852650>22852651-1	1	1	0	0/1	1	.	PASS	-	-	.	.	.	.	.	.	.	.	0
truth_stvar	chr10	127831344	127831344	.	1	1	0	0|1	.	.	.	.	.	-	-	ref	yes	1	.	.	.	0
truth_smvar	chr10	127831344	127831344	.	1	1	0	0|1	.	.	.	.	.	-	-	ref	no:duplicate_of_stvar	1	.	.	.	0
pangenie	chr10	127831361	127831361	chr10-127831361-INS->22852660>22852661>22852662-3	1	4	3	0/1	1	.	PASS	-	-	.	.	.	.	.	.	.	.	0
pangenie	chr10	127831370	127831370	chr10-127831370-SNV->22852665>22852667>22852668-1	1	1	0	0/1	1	.	PASS	-	-	.	.	.	.	.	.	.	.	0
pangenie	chr10	127831370	127831407	chr10-127831375-DEL->22852669>22852684-37	38	1	-37	0/1	1	.	PASS	-	-	.	.	.	.	.	.	.	.	0
truth_stvar	chr10	127831378	127831378	.	1	1	0	0|1	.	.	.	.	.	-	-	ref	yes	1	.	.	.	0
truth_smvar	chr10	127831378	127831378	.	1	1	0	0|1	.	.	.	.	.	-	-	ref	no:duplicate_of_stvar	1	.	.	.	0
truth_stvar	chr10	127831389	127831389	.	1	1	0	1|0	.	.	.	.	.	-	-	yes	ref	1	.	.	.	0
truth_smvar	chr10	127831389	127831389	.	1	1	0	1|0	.	.	.	.	.	-	-	no:duplicate_of_stvar	ref	1	.	.	.	0
truth_stvar	chr10	127831404	127831404	.	1	1	0	1|0	.	.	.	.	.	-	-	yes	ref	1	.	.	.	0
truth_smvar	chr10	127831404	127831404	.	1	1	0	1|0	.	.	.	.	.	-	-	no:duplicate_of_stvar	ref	1	.	.	.	0
pangenie	chr10	127831429	127831432	chr10-127831429-DEL->22852684>22852686-3	4	1	-3	0/1	1	.	PASS	-	-	.	.	.	.	.	.	.	.	0
truth_stvar	chr10	127831438	127831438	.	1	1	0	1|1	.	.	.	.	.	-	-	yes	yes	1	.	.	.	0
truth_smvar	chr10	127831438	127831438	.	1	1	0	1|1	.	.	.	.	.	-	-	no:duplicate_of_stvar	no:duplicate_of_stvar	1	.	.	.	0
pangenie	chr10	127831438	127831438	chr10-127831438-SNV->22852690>22852692>22852696-1	1	1	0	0/1	1	.	PASS	-	-	.	.	.	.	.	.	.	.	0
pangenie	chr10	127831446	127831446	chr10-127831446-SNV->22852699>22852701>22852702-1	1	1	0	0/1	1	.	PASS	-	-	.	.	.	.	.	.	.	.	0
vg	chr10	127831463	127832180	>25619127>25619596	718	1	-717	1|0	1	53.6469	PASS	TP	-	.	.	.	.	.	.	.	679.3,679.4	0
truth_stvar	chr10	127831469	127831469	.	1	1	0	0|1	.	.	.	.	.	-	-	ref	yes	1	.	.	.	0
truth_stvar	chr10	127831469	127831472	.	4	1	3	1|0	.	.	.	.	.	-	-	yes	ref	1	.	.	.	0
truth_smvar	chr10	127831469	127831472	.	4	1,4	3	1|2	.	.	.	.	.	-	-	no:duplicate_of_stvar	no:overlaps_applied_stvar	1	.	.	.	0
pangenie	chr10	127831469	127831469	chr10-127831469-SNV->22852705>22852707>22852708-1	1	1	0	0/1	1	.	PASS	-	-	.	.	.	.	.	.	.	.	0
pangenie	chr10	127831469	127831472	chr10-127831472-DEL->22852709>22852715-3	4	1	-3	0/1	1	.	PASS	-	-	.	.	.	.	.	.	.	.	0
vg	chr10	127831470	127831473	>25619141>25619150	4	1	-3	.|1	1	10.5904	PASS	-	-	.	.	.	.	.	.	.	.	0
truth_stvar	chr10	127831472	127831472	.	1	1	0	1|0	.	.	.	.	.	-	-	no:star_allele	ref	1	.	.	.	0
truth_stvar	chr10	127831472	127831472	.	1	1	0	0|1	.	.	.	.	.	-	-	ref	yes	1	.	.	.	0
truth_smvar	chr10	127831472	127831472	.	1	1,1	0	2|1	.	.	.	.	.	-	-	no:star_allele	no:duplicate_of_stvar	1	.	.	.	0
pangenie	chr10	127831472	127831472	chr10-127831472-SNV->22852708>22852710>22852714-1	1	1	0	1/0	1	.	PASS	-	-	.	.	.	.	.	.	.	.	0
truth_stvar	chr10	127831480	127831480	.	1	1	0	1|0	.	.	.	.	.	-	-	yes	ref	1	.	.	.	0
truth_smvar	chr10	127831480	127831480	.	1	1	0	1|0	.	.	.	.	.	-	-	no:duplicate_of_stvar	ref	1	.	.	.	0
pangenie	chr10	127831497	127831500	chr10-127831497-DEL->22852718>22852722-3	4	1	-3	1/0	1	.	PASS	-	-	.	.	.	.	.	.	.	.	0
pangenie	chr10	127831506	127831506	chr10-127831506-SNV->22852726>22852728>22852729-1	1	1	0	0/1	1	.	PASS	-	-	.	.	.	.	.	.	.	.	0
pangenie	chr10	127831506	127831509	chr10-127831506-DEL->22852727>22852732-3	4	1	-3	1/0	1	.	PASS	-	-	.	.	.	.	.	.	.	.	0
pangenie	chr10	127831512	127831744	chr10-127831512-DEL->22852732>22852870-232	233	1	-232	1/0	1	.	PASS	FP	-	.	.	.	.	.	.	.	665.21,665.3	0
vg	chr10	127831514	127831514	>25619168>25619171	1	1	0	.|1	1	0.28038	PASS	-	-	.	.	.	.	.	.	.	.	0
vg	chr10	127831537	127831540	>25619176>25619180	4	1	-3	.|1	1	6.29231	PASS	-	-	.	.	.	.	.	.	.	.	0
truth_stvar	chr10	127831540	127831543	.	4	1	3	1|0	.	.	.	.	.	-	-	yes	ref	1	.	.	.	0
truth_smvar	chr10	127831540	127831543	.	4	1	3	1|0	.	.	.	.	.	-	-	no:duplicate_of_stvar	ref	1	.	.	.	0
pangenie	chr10	127831540	127831540	chr10-127831540-SNV->22852741>22852742>22852744-1	1	1	0	0/1	1	.	PASS	-	-	.	.	.	.	.	.	.	.	0
vg	chr10	127831543	127831608	>25619180>25619372	66	1	-65	.|1	1	23.3283	PASS	FP	-	.	.	.	.	.	.	.	679.2,679.5	0
pangenie	chr10	127831574	127831574	chr10-127831574-SNV->22852777>22852779>22852780-1	1	1	0	0/1	1	.	PASS	-	-	.	.	.	.	.	.	.	.	0
vg	chr10	127831633	127831636	>25619230>25619285	4	1	-3	.|1	1	13.9479	PASS	-	-	.	.	.	.	.	.	.	.	0
truth_stvar	chr10	127831642	127831642	.	1	1	0	0|1	.	.	.	.	.	-	-	ref	yes	1	.	.	.	0
truth_smvar	chr10	127831642	127831642	.	1	1	0	0|1	.	.	.	.	.	-	-	ref	no:duplicate_of_stvar	1	.	.	.	0
vg	chr10	127831642	127831642	>25619238>25619242	1	1	0	.|1	1	6.77552	PASS	-	-	.	.	.	.	.	.	.	.	0
truth_stvar	chr10	127831645	127832319	.	675	1	674	1|0	.	.	.	.	.	TP	FN	yes	ref	1	DEL	34	.	0
truth_smvar	chr10	127831645	127832319	.	675	1	674	1|0	.	.	.	.	.	-	-	no:duplicate_of_stvar	ref	1	.	34	.	0
vg	chr10	127831670	127831738	>25619230>25619285	69	1	-68	.|1	1	13.9479	PASS	FP	-	.	.	.	.	.	.	.	679.0,679.6	0
truth_stvar	chr10	127831684	127831684	.	1	1	0	1|0	.	.	.	.	.	-	-	no:star_allele	ref	1	.	.	.	0
truth_stvar	chr10	127831684	127831684	.	1	777	776	0|1	.	.	.	.	.	FN	FN	ref	yes	1	INS	34	.	0
truth_smvar	chr10	127831684	127831684	.	1	777,1	776	2|1	.	.	.	.	.	-	-	no:star_allele	no:duplicate_of_stvar	1	.	34	.	0
pangenie	chr10	127831744	127831744	chr10-127831744-SNV->22852867>22852869>22852870-1	1	1	0	0/1	1	.	PASS	-	-	.	.	.	.	.	.	.	.	0
pangenie	chr10	127831744	127831747	chr10-127831747-DEL->22852871>22852875-3	4	1	-3	1/0	1	.	PASS	-	-	.	.	.	.	.	.	.	.	0
vg	chr10	127831768	127831769	>25619310>25619313	2	1	-1	.|1	1	4.59084	PASS	-	-	.	.	.	.	.	.	.	.	0
vg	chr10	127831769	127831772	>25619286>25619317	4	1	-3	.|1	1	7.63028	PASS	-	-	.	.	.	.	.	.	.	.	0
pangenie	chr10	127831769	127831840	chr10-127831769-DEL->22852889>22852928-71	72	1	-71	1/0	1	.	PASS	FP	-	.	.	.	.	.	.	.	665.0,665.4	0
vg	chr10	127831778	127831781	>25619320>25619324	4	1	-3	.|1	1	5.02312	PASS	-	-	.	.	.	.	.	.	.	.	0
truth_stvar	chr10	127831806	127831806	.	1	1	0	1|0	.	.	.	.	.	-	-	no:star_allele	ref	1	.	.	.	0
truth_stvar	chr10	127831806	127831806	.	1	1	0	0|1	.	.	.	.	.	-	-	ref	yes	1	.	.	.	0
truth_smvar	chr10	127831806	127831806	.	1	1,1	0	2|1	.	.	.	.	.	-	-	no:star_allele	no:duplicate_of_stvar	1	.	.	.	0
vg	chr10	127831846	127831846	>25619180>25619372	1	1	0	.|1	1	23.3283	PASS	-	-	.	.	.	.	.	.	.	.	0
pangenie	chr10	127831846	127831846	chr10-127831846-SNV->22852928>22852930>22852932-1	1	1	0	1/1	1	.	PASS	-	-	.	.	.	.	.	.	.	.	0
pangenie	chr10	127831849	127831849	chr10-127831849-SNV->22852932>22852934>22852935-1	1	1	0	1/0	1	.	PASS	-	-	.	.	.	.	.	.	.	.	0
pangenie	chr10	127831880	127831880	chr10-127831880-SNV->22852956>22852958>22852959-1	1	1	0	0/1	1	.	PASS	-	-	.	.	.	.	.	.	.	.	0
pangenie	chr10	127831880	127831914	chr10-127831982-DEL->22853083>22853096-34	35	1	-34	1/0	1	.	PASS	-	-	.	.	.	.	.	.	.	.	0
truth_stvar	chr10	127831888	127831888	.	1	1	0	1|0	.	.	.	.	.	-	-	no:star_allele	ref	1	.	.	.	0
truth_stvar	chr10	127831888	127831888	.	1	1	0	0|1	.	.	.	.	.	-	-	ref	yes	1	.	.	.	0
truth_smvar	chr10	127831888	127831888	.	1	1,1	0	2|1	.	.	.	.	.	-	-	no:star_allele	no:duplicate_of_stvar	1	.	.	.	0
vg	chr10	127831905	127831908	>25619415>25619417	4	1	-3	.|1	1	1.98854	PASS	-	-	.	.	.	.	.	.	.	.	0
pangenie	chr10	127831905	127831908	chr10-127831905-DEL->22852975>22852988-3	4	1	-3	0/1	1	.	PASS	-	-	.	.	.	.	.	.	.	.	0
pangenie	chr10	127831905	127831942	chr10-127831914-DEL->22852993>22853032-37	38	1	-37	1/0	1	.	PASS	-	-	.	.	.	.	.	.	.	.	0
vg	chr10	127831914	127831914	>25619420>25619426	1	4	3	.|1	1	7.09227	PASS	-	-	.	.	.	.	.	.	.	.	0
pangenie	chr10	127831914	127831914	chr10-127831914-SNV->22852992>22852994>22852998-1	1	1	0	0/1	1	.	PASS	-	-	.	.	.	.	.	.	.	.	0
pangenie	chr10	127831922	127831922	chr10-127831922-SNV->22853001>22853003>22853004-1	1	1	0	0/1	1	.	PASS	-	-	.	.	.	.	.	.	.	.	0
pangenie	chr10	127831939	127831939	chr10-127831956-INS->22853059>22853060>22853061>22853064-3	1	4	3	1/0	1	.	PASS	-	-	.	.	.	.	.	.	.	.	0
truth_stvar	chr10	127831948	127831948	.	1	1	0	1|0	.	.	.	.	.	-	-	no:star_allele	ref	1	.	.	.	0
truth_stvar	chr10	127831948	127831948	.	1	1	0	0|1	.	.	.	.	.	-	-	ref	yes	1	.	.	.	0
truth_smvar	chr10	127831948	127831948	.	1	1,1	0	2|1	.	.	.	.	.	-	-	no:star_allele	no:duplicate_of_stvar	1	.	.	.	0
vg	chr10	127831948	127831948	>25619454>25619457	1	1	0	.|1	1	0.926436	PASS	-	-	.	.	.	.	.	.	.	.	0
pangenie	chr10	127831948	127831948	chr10-127831948-SNV->22853026>22853028>22853029-1	1	1	0	0/1	1	.	PASS	-	-	.	.	.	.	.	.	.	.	0
pangenie	chr10	127831948	127832118	chr10-127832079-DEL->22853140>22853223-170	171	1	-170	1/0	1	.	PASS	FP	-	.	.	.	.	.	.	.	665.27,665.5	0
vg	chr10	127831973	127831976	>25619468>25619540	4	1	-3	.|1	1	15.9503	PASS	-	-	.	.	.	.	.	.	.	.	0
truth_stvar	chr10	127831982	127831982	.	1	1	0	1|0	.	.	.	.	.	-	-	no:star_allele	ref	1	.	.	.	0
truth_stvar	chr10	127831982	127831982	.	1	1	0	0|1	.	.	.	.	.	-	-	ref	yes	1	.	.	.	0
truth_smvar	chr10	127831982	127831982	.	1	1,1	0	2|1	.	.	.	.	.	-	-	no:star_allele	no:duplicate_of_stvar	1	.	.	.	0
pangenie	chr10	127831982	127831982	chr10-127831982-SNV->22853082>22853084>22853085-1	1	1	0	0/1	1	.	PASS	-	-	.	.	.	.	.	.	.	.	0
vg	chr10	127831985	127832016	>25619475>25619489	32	1	-31	.|1	1	10.7639	PASS	-	-	.	.	.	.	.	.	.	.	0
truth_stvar	chr10	127832016	127832016	.	1	1	0	1|0	.	.	.	.	.	-	-	no:star_allele	ref	1	.	.	.	0
truth_stvar	chr10	127832016	127832016	.	1	1	0	0|1	.	.	.	.	.	-	-	ref	yes	1	.	.	.	0
truth_smvar	chr10	127832016	127832016	.	1	1,1	0	2|1	.	.	.	.	.	-	-	no:star_allele	no:duplicate_of_stvar	1	.	.	.	0
pangenie	chr10	127832016	127832016	chr10-127832016-SNV->22853093>22853095>22853096-1	1	1	0	0/1	1	.	PASS	-	-	.	.	.	.	.	.	.	.	0
pangenie	chr10	127832024	127832024	chr10-127832024-SNV->22853101>22853103>22853104-1	1	1	0	0/1	1	.	PASS	-	-	.	.	.	.	.	.	.	.	0
truth_stvar	chr10	127832050	127832050	.	1	1	0	1|0	.	.	.	.	.	-	-	no:star_allele	ref	1	.	.	.	0
truth_stvar	chr10	127832050	127832050	.	1	1	0	0|1	.	.	.	.	.	-	-	ref	yes	1	.	.	.	0
truth_smvar	chr10	127832050	127832050	.	1	1,1	0	2|1	.	.	.	.	.	-	-	no:star_allele	no:duplicate_of_stvar	1	.	.	.	0
vg	chr10	127832050	127832050	>25619509>25619513	1	1	0	.|1	1	2.03018	PASS	-	-	.	.	.	.	.	.	.	.	0
pangenie	chr10	127832050	127832050	chr10-127832050-SNV->22853119>22853121>22853125-1	1	1	0	1/1	1	.	PASS	-	-	.	.	.	.	.	.	.	.	0
pangenie	chr10	127832053	127832053	chr10-127832053-SNV->22853125>22853127>22853128-1	1	1	0	0/1	1	.	PASS	-	-	.	.	.	.	.	.	.	.	0
pangenie	chr10	127832059	127832060	chr10-127832059-DEL->22853131>22853133-1	2	1	-1	0/1	1	.	PASS	-	-	.	.	.	.	.	.	.	.	0
vg	chr10	127832075	127832075	>25619468>25619540	1	4	3	.|1	1	15.9503	PASS	-	-	.	.	.	.	.	.	.	.	0
vg	chr10	127832079	127832144	>25619540>25619578	66	1	-65	.|1	1	14.4361	PASS	FP	-	.	.	.	.	.	.	.	679.2,679.7	0
truth_stvar	chr10	127832118	127832118	.	1	1	0	1|0	.	.	.	.	.	-	-	no:star_allele	ref	1	.	.	.	0
truth_stvar	chr10	127832118	127832118	.	1	1	0	0|1	.	.	.	.	.	-	-	ref	yes	1	.	.	.	0
truth_smvar	chr10	127832118	127832118	.	1	1,1	0	2|1	.	.	.	.	.	-	-	no:star_allele	no:duplicate_of_stvar	1	.	.	.	0
pangenie	chr10	127832137	127832137	chr10-127832137-SNV->22853170>22853172>22853173-1	1	1	0	0/1	1	.	PASS	-	-	.	.	.	.	.	.	.	.	0
truth_stvar	chr10	127832152	127832152	.	1	1	0	1|0	.	.	.	.	.	-	-	no:star_allele	ref	1	.	.	.	0
truth_stvar	chr10	127832152	127832152	.	1	1	0	0|1	.	.	.	.	.	-	-	ref	yes	1	.	.	.	0
truth_smvar	chr10	127832152	127832152	.	1	1,1	0	2|1	.	.	.	.	.	-	-	no:star_allele	no:duplicate_of_stvar	1	.	.	.	0
vg	chr10	127832152	127832152	>25619581>25619585	1	1	0	.|1	1	15.3148	PASS	-	-	.	.	.	.	.	.	.	.	0
pangenie	chr10	127832152	127832152	chr10-127832152-SNV->22853179>22853181>22853182-1	1	1	0	0/1	1	.	PASS	-	-	.	.	.	.	.	.	.	.	0
vg	chr10	127832186	127832186	>25619596>25619602	1	1	0	1|1	1	10.2583	PASS	-	-	.	.	.	.	.	.	.	.	0
pangenie	chr10	127832186	127832186	chr10-127832186-SNV->22853190>22853192>22853193-1	1	1	0	0/1	1	.	PASS	-	-	.	.	.	.	.	.	.	.	0
vg	chr10	127832193	127833022	>25619603>25620223	830	1	-829	1|0	1	63.353	PASS	FP	-	.	.	.	.	.	.	.	679.3,679.8	0
pangenie	chr10	127832211	127832214	chr10-127832211-DEL->22853198>22853202-3	4	1	-3	0/1	1	.	PASS	-	-	.	.	.	.	.	.	.	.	0
vg	chr10	127832220	127832248	>25619616>25619643	29	26	-3	.|1	1	29.8835	PASS	-	-	.	.	.	.	.	.	.	.	0
vg	chr10	127832220	127832220	>25619617>25619621	1	1	0	.|1	1	36.3275	PASS	-	-	.	.	.	.	.	.	.	.	0
pangenie	chr10	127832220	127832220	chr10-127832220-SNV->22853204>22853206>22853208-1	1	1	0	0/1	1	.	PASS	-	-	.	.	.	.	.	.	.	.	0
truth_stvar	chr10	127832228	127832228	.	1	1	0	1|0	.	.	.	.	.	-	-	no:star_allele	ref	1	.	.	.	0
truth_stvar	chr10	127832228	127832228	.	1	1	0	0|1	.	.	.	.	.	-	-	ref	yes	1	.	.	.	0
truth_smvar	chr10	127832228	127832228	.	1	1,1	0	2|1	.	.	.	.	.	-	-	no:star_allele	no:duplicate_of_stvar	1	.	.	.	0
pangenie	chr10	127832228	127832228	chr10-127832228-SNV->22853211>22853213>22853214-1	1	1	0	0/1	1	.	PASS	-	-	.	.	.	.	.	.	.	.	0
pangenie	chr10	127832257	127832288	chr10-127832258-DEL->22853233>22853262-31	32	1	-31	1/0	1	.	PASS	-	-	.	.	.	.	.	.	.	.	0
vg	chr10	127832279	127832279	>25619663>25619668	1	4	3	.|1	1	19.3598	PASS	-	-	.	.	.	.	.	.	.	.	0
vg	chr10	127832285	127832285	>25619672>25619675	1	1	0	.|1	1	6.68613	PASS	-	-	.	.	.	.	.	.	.	.	0
truth_stvar	chr10	127832288	127832288	.	1	1	0	1|0	.	.	.	.	.	-	-	no:star_allele	ref	1	.	.	.	0
truth_stvar	chr10	127832288	127832288	.	1	4	3	0|1	.	.	.	.	.	-	-	ref	yes	1	.	.	.	0
truth_smvar	chr10	127832288	127832288	.	1	4,1	3	2|1	.	.	.	.	.	-	-	no:star_allele	no:duplicate_of_stvar	1	.	.	.	0
vg	chr10	127832288	127832288	>25619675>25619678	1	1	0	.|1	1	10.0976	PASS	-	-	.	.	.	.	.	.	.	.	0
pangenie	chr10	127832310	127832313	chr10-127832310-DEL->22853274>22853276-3	4	1	-3	1/0	1	.	PASS	-	-	.	.	.	.	.	.	.	.	0
pangenie	chr10	127832313	127832341	chr10-127832316-DEL->22853277>22853290-28	29	1	-28	1/1	1	.	PASS	-	-	.	.	.	.	.	.	.	.	0
vg	chr10	127832316	127832344	>25619689>25619706	29	1	-28	.|1	1	14.5287	PASS	-	-	.	.	.	.	.	.	.	.	0
pangenie	chr10	127832341	127832344	chr10-127832347-DEL->22853290>22853292>22853296-3	4	1	-3	0/1	1	.	PASS	-	-	.	.	.	.	.	.	.	.	0
vg	chr10	127832345	127832348	>25619706>25619712	4	1	-3	.|1	1	9.50859	PASS	-	-	.	.	.	.	.	.	.	.	0
pangenie	chr10	127832347	127832350	chr10-127832347-DEL->22853291>22853296-3	4	1	-3	1/0	1	.	PASS	-	-	.	.	.	.	.	.	.	.	0
truth_stvar	chr10	127832350	127832350	.	1	1	0	0|1	.	.	.	.	.	-	-	ref	yes	1	.	.	.	0
truth_smvar	chr10	127832350	127832350	.	1	1	0	0|1	.	.	.	.	.	-	-	ref	no:duplicate_of_stvar	1	.	.	.	0
pangenie	chr10	127832350	127832412	chr10-127832353-DEL->22853296>22853298>22853340-62	63	1	-62	1/0	1	.	PASS	FP	-	.	.	.	.	.	.	.	665.15,665.6	0
truth_stvar	chr10	127832358	127832358	.	1	1	0	0|1	.	.	.	.	.	-	-	ref	yes	1	.	.	.	0
truth_smvar	chr10	127832358	127832358	.	1	1	0	0|1	.	.	.	.	.	-	-	ref	no:duplicate_of_stvar	1	.	.	.	0
vg	chr10	127832360	127832391	>25619723>25619744	32	1	-31	.|1	1	11.3414	PASS	-	-	.	.	.	.	.	.	.	.	0
truth_stvar	chr10	127832384	127832384	.	1	106	105	0|1	.	.	.	.	.	FN	FN	ref	yes	1	INS	34	.	0
truth_smvar	chr10	127832384	127832384	.	1	106	105	0|1	.	.	.	.	.	-	-	ref	no:duplicate_of_stvar	1	.	34	.	0
pangenie	chr10	127832384	127832384	chr10-127832384-INS->22853315>22853317>22853318-3	1	4	3	0/1	1	.	PASS	-	-	.	.	.	.	.	.	.	.	0
pangenie	chr10	127832384	127832452	chr10-127832420-DEL->22853343>22853404-68	69	1	-68	1/0	1	.	PASS	FP	-	.	.	.	.	.	.	.	665.0,665.7	0
pangenie	chr10	127832406	127832409	chr10-127832406-DEL->22853330>22853335-3	4	1	-3	0/1	1	.	PASS	-	-	.	.	.	.	.	.	.	.	0
truth_stvar	chr10	127832440	127832443	.	4	1	3	1|0	.	.	.	.	.	-	-	yes	ref	1	.	.	.	0
truth_smvar	chr10	127832440	127832443	.	4	1	3	1|0	.	.	.	.	.	-	-	no:duplicate_of_stvar	ref	1	.	.	.	0
pangenie	chr10	127832491	127832491	chr10-127832491-SNV->22853404>22853406>22853408-1	1	1	0	1/0	1	.	PASS	-	-	.	.	.	.	.	.	.	.	0
truth_stvar	chr10	127832517	127832517	.	1	1	0	1|0	.	.	.	.	.	-	-	yes	ref	1	.	.	.	0
truth_smvar	chr10	127832517	127832517	.	1	1	0	1|0	.	.	.	.	.	-	-	no:duplicate_of_stvar	ref	1	.	.	.	0
vg	chr10	127832517	127832517	>25619823>25619826	1	1	0	.|1	1	27.8557	PASS	-	-	.	.	.	.	.	.	.	.	0
pangenie	chr10	127832517	127832517	chr10-127832517-SNV->22853440>22853442>22853443-1	1	1	0	1/1	1	.	PASS	-	-	.	.	.	.	.	.	.	.	0
pangenie	chr10	127832525	127832525	chr10-127832525-SNV->22853446>22853447>22853450-1	1	1	0	1/1	1	.	PASS	-	-	.	.	.	.	.	.	.	.	0
pangenie	chr10	127832542	127832582	chr10-127832542-DEL->22853454>22853482-40	41	1	-40	1/0	1	.	PASS	-	-	.	.	.	.	.	.	.	.	0
pangenie	chr10	127832548	127832548	chr10-127832548-SNV->22853462>22853464>22853465-1	1	1	0	0/1	1	.	PASS	-	-	.	.	.	.	.	.	.	.	0
truth_stvar	chr10	127832551	127832551	.	1	1	0	0|1	.	.	.	.	.	-	-	ref	yes	1	.	.	.	0
truth_smvar	chr10	127832551	127832551	.	1	1	0	0|1	.	.	.	.	.	-	-	ref	no:duplicate_of_stvar	1	.	.	.	0
vg	chr10	127832551	127832551	>25619856>25619860	1	1	0	.|1	1	34.1009	PASS	-	-	.	.	.	.	.	.	.	.	0
pangenie	chr10	127832551	127832551	chr10-127832551-SNV->22853465>22853467>22853468-1	1	1	0	0/1	1	.	PASS	-	-	.	.	.	.	.	.	.	.	0
vg	chr10	127832575	127832578	>25619868>25619873	4	1	-3	.|1	1	18.6542	PASS	-	-	.	.	.	.	.	.	.	.	0
truth_stvar	chr10	127832579	127832579	.	1	1	0	1|0	.	.	.	.	.	-	-	yes	ref	1	.	.	.	0
truth_smvar	chr10	127832579	127832579	.	1	1	0	1|0	.	.	.	.	.	-	-	no:duplicate_of_stvar	ref	1	.	.	.	0
pangenie	chr10	127832579	127832579	chr10-127832579-SNV->22853478>22853480>22853481-1	1	1	0	0/1	1	.	PASS	-	-	.	.	.	.	.	.	.	.	0
vg	chr10	127832585	127832585	>25619875>25619878	1	1	0	.|1	1	9.56797	PASS	-	-	.	.	.	.	.	.	.	.	0
pangenie	chr10	127832585	127832585	chr10-127832585-SNV->22853482>22853484>22853485-1	1	1	0	1/0	1	.	PASS	-	-	.	.	.	.	.	.	.	.	0
vg	chr10	127832586	127832617	>25619878>25619901	32	1	-31	.|1	1	10.3271	PASS	-	-	.	.	.	.	.	.	.	.	0
pangenie	chr10	127832588	127832619	chr10-127832588-DEL->22853486>22853506-31	32	1	-31	1/0	1	.	PASS	-	-	.	.	.	.	.	.	.	.	0
pangenie	chr10	127832619	127832619	chr10-127832619-SNV->22853503>22853505>22853506-1	1	1	0	0/1	1	.	PASS	-	-	.	.	.	.	.	.	.	.	0
vg	chr10	127832644	127832647	>25619916>25619920	4	1	-3	.|1	1	18.3562	PASS	-	-	.	.	.	.	.	.	.	.	0
vg	chr10	127832650	127832660	>25619921>25619931	11	1	-10	.|1	1	24.4073	PASS	-	-	.	.	.	.	.	.	.	.	0
truth_stvar	chr10	127832653	127832653	.	1	4	3	1|0	.	.	.	.	.	-	-	yes	ref	1	.	.	.	0
truth_stvar	chr10	127832653	127832653	.	1	344	343	0|1	.	.	.	.	.	FN	FN	ref	yes	1	INS	34	.	0
truth_smvar	chr10	127832653	127832653	.	1	4,344	343	1|2	.	.	.	.	.	-	-	no:duplicate_of_stvar	no:duplicate_of_stvar	1	.	.	.	0
pangenie	chr10	127832653	127832653	chr10-127832653-INS->22853526>22853528>22853529>22853530-3	1	4	3	1/1	1	.	PASS	-	-	.	.	.	.	.	.	.	.	0
vg	chr10	127832661	127832676	>25619931>25619939	16	1	-15	.|1	1	21.0176	PASS	-	-	.	.	.	.	.	.	.	.	0
pangenie	chr10	127832675	127832675	chr10-127832675-INS->22853595>22853596>22853597>22853599-3	1	4	3	0/1	1	.	PASS	-	-	.	.	.	.	.	.	.	.	0
pangenie	chr10	127832675	127832678	chr10-127832675-DEL->22853595>22853600-3	4	1	-3	1/0	1	.	PASS	-	-	.	.	.	.	.	.	.	.	0
truth_stvar	chr10	127832681	127832681	.	1	1	0	1|0	.	.	.	.	.	-	-	yes	ref	1	.	.	.	0
truth_smvar	chr10	127832681	127832681	.	1	1	0	1|0	.	.	.	.	.	-	-	no:duplicate_of_stvar	ref	1	.	.	.	0
vg	chr10	127832681	127832681	>25619941>25619945	1	1	0	.|1	1	29.266	PASS	-	-	.	.	.	.	.	.	.	.	0
pangenie	chr10	127832681	127832681	chr10-127832681-SNV->22853600>22853602>22853604-1	1	1	0	0/1	1	.	PASS	-	-	.	.	.	.	.	.	.	.	0
pangenie	chr10	127832681	127832771	chr10-127832681-DEL->22853601>22853671-90	91	1	-90	1/0	1	.	PASS	FP	-	.	.	.	.	.	.	.	665.11,665.8	0
truth_stvar	chr10	127832684	127832684	.	1	4	3	0|1	.	.	.	.	.	-	-	ref	yes	1	.	.	.	0
truth_stvar	chr10	127832684	127832684	.	1	1	0	1|0	.	.	.	.	.	-	-	yes	ref	1	.	.	.	0
truth_smvar	chr10	127832684	127832684	.	1	1,4	3	1|2	.	.	.	.	.	-	-	no:duplicate_of_stvar	no:duplicate_of_stvar	1	.	.	.	0
vg	chr10	127832684	127832684	>25619945>25619948	1	1	0	.|1	1	31.9906	PASS	-	-	.	.	.	.	.	.	.	.	0
pangenie	chr10	127832684	127832684	chr10-127832684-SNV->22853604>22853606>22853607-1	1	1	0	0/1	1	.	PASS	-	-	.	.	.	.	.	.	.	.	0
vg	chr10	127832706	127832709	>25619963>25619967	4	1	-3	.|1	1	13.9447	PASS	-	-	.	.	.	.	.	.	.	.	0
pangenie	chr10	127832706	127832709	chr10-127832706-DEL->22853623>22853628-3	4	1	-3	0/1	1	.	PASS	-	-	.	.	.	.	.	.	.	.	0
vg	chr10	127832710	127832840	>25619967>25620052	131	1	-130	.|1	1	27.2642	PASS	FP	-	.	.	.	.	.	.	.	679.1,679.9	0
pangenie	chr10	127832715	127832715	chr10-127832715-SNV->22853632>22853634>22853635-1	1	1	0	0/1	1	.	PASS	-	-	.	.	.	.	.	.	.	.	0
pangenie	chr10	127832718	127832718	chr10-127832718-SNV->22853635>22853637>22853638-1	1	1	0	0/1	1	.	PASS	-	-	.	.	.	.	.	.	.	.	0
pangenie	chr10	127832718	127832749	chr10-127832740-DEL->22853648>22853671-31	32	1	-31	0/1	1	.	PASS	-	-	.	.	.	.	.	.	.	.	0
truth_stvar	chr10	127832723	127832723	.	1	1	0	1|0	.	.	.	.	.	-	-	yes	ref	1	.	.	.	0
truth_smvar	chr10	127832723	127832723	.	1	1	0	1|0	.	.	.	.	.	-	-	no:duplicate_of_stvar	ref	1	.	.	.	0
truth_stvar	chr10	127832749	127832749	.	1	4	3	1|1	.	.	.	.	.	-	-	yes	yes	1	.	.	.	0
truth_smvar	chr10	127832749	127832749	.	1	4	3	1|1	.	.	.	.	.	-	-	no:duplicate_of_stvar	no:duplicate_of_stvar	1	.	.	.	0
pangenie	chr10	127832777	127832780	chr10-127832777-DEL->22853675>22853680-3	4	1	-3	1/0	1	.	PASS	-	-	.	.	.	.	.	.	.	.	0
pangenie	chr10	127832780	127833086	chr10-127832783-DEL->22853681>22854113-306	307	1	-306	1/0	1	.	PASS	FP	-	.	.	.	.	.	.	.	665.6,665.9	0
pangenie	chr10	127832805	127832808	chr10-127832805-DEL->22853691>22853874-3	4	1	-3	0/1	1	.	PASS	-	-	.	.	.	.	.	.	.	.	0
truth_stvar	chr10	127832814	127832814	.	1	1	0	1|0	.	.	.	.	.	-	-	yes	ref	1	.	.	.	0
truth_smvar	chr10	127832814	127832814	.	1	1	0	1|0	.	.	.	.	.	-	-	no:duplicate_of_stvar	ref	1	.	.	.	0
truth_stvar	chr10	127832827	127832827	.	1	1	0	1|0	.	.	.	.	.	-	-	yes	ref	1	.	.	.	0
truth_smvar	chr10	127832827	127832827	.	1	1	0	1|0	.	.	.	.	.	-	-	no:duplicate_of_stvar	ref	1	.	.	.	0
truth_stvar	chr10	127832829	127832829	.	1	1	0	1|0	.	.	.	.	.	-	-	yes	ref	1	.	.	.	0
truth_smvar	chr10	127832829	127832829	.	1	1	0	1|0	.	.	.	.	.	-	-	no:duplicate_of_stvar	ref	1	.	.	.	0
truth_stvar	chr10	127832848	127832848	.	1	1	0	0|1	.	.	.	.	.	-	-	ref	yes	1	.	.	.	0
truth_smvar	chr10	127832848	127832848	.	1	1	0	0|1	.	.	.	.	.	-	-	ref	no:duplicate_of_stvar	1	.	.	.	0
vg	chr10	127832873	127832876	>25620083>25620115	4	1	-3	.|1	1	11.8287	PASS	-	-	.	.	.	.	.	.	.	.	0
vg	chr10	127832879	127832907	>25620083>25620115	29	1	-28	.|1	1	11.8287	PASS	-	-	.	.	.	.	.	.	.	.	0
truth_stvar	chr10	127832882	127832882	.	1	1	0	1|1	.	.	.	.	.	-	-	yes	yes	1	.	.	.	0
truth_smvar	chr10	127832882	127832882	.	1	1	0	1|1	.	.	.	.	.	-	-	no:duplicate_of_stvar	no:duplicate_of_stvar	1	.	.	.	0
vg	chr10	127832882	127832913	>25620052>25620121	32	1	-31	.|1	1	16.1702	PASS	-	-	.	.	.	.	.	.	.	.	0
pangenie	chr10	127832882	127832882	chr10-127832882-SNV->22853936>22853939>22853940-1	1	1	0	0/1	1	.	PASS	-	-	.	.	.	.	.	.	.	.	0
truth_stvar	chr10	127832907	127832910	.	4	1	3	1|0	.	.	.	.	.	-	-	yes	ref	1	.	.	.	0
truth_smvar	chr10	127832907	127832910	.	4	1	3	1|0	.	.	.	.	.	-	-	no:duplicate_of_stvar	ref	1	.	.	.	0
truth_stvar	chr10	127832916	127832916	.	1	1	0	1|0	.	.	.	.	.	-	-	yes	ref	1	.	.	.	0
truth_smvar	chr10	127832916	127832916	.	1	1	0	1|0	.	.	.	.	.	-	-	no:duplicate_of_stvar	ref	1	.	.	.	0
vg	chr10	127832918	127832921	>25620128>25620132	4	1	-3	.|1	1	26.4038	PASS	-	-	.	.	.	.	.	.	.	.	0
vg	chr10	127832925	127832959	>25620132>25620185	35	1	-34	.|1	1	16.2137	PASS	-	-	.	.	.	.	.	.	.	.	0
pangenie	chr10	127832938	127832941	chr10-127832941-DEL->22853981>22853985-3	4	1	-3	0/1	1	.	PASS	-	-	.	.	.	.	.	.	.	.	0
truth_stvar	chr10	127832944	127832944	.	1	1	0	1|1	.	.	.	.	.	-	-	yes	yes	1	.	.	.	0
truth_smvar	chr10	127832944	127832944	.	1	1	0	1|1	.	.	.	.	.	-	-	no:duplicate_of_stvar	no:duplicate_of_stvar	1	.	.	.	0
pangenie	chr10	127832947	127832975	chr10-127832947-DEL->22853985>22854000-28	29	1	-28	0/1	1	.	PASS	-	-	.	.	.	.	.	.	.	.	0
truth_stvar	chr10	127832950	127832950	.	1	1	0	0|1	.	.	.	.	.	-	-	ref	yes	1	.	.	.	0
truth_smvar	chr10	127832950	127832950	.	1	1	0	0|1	.	.	.	.	.	-	-	ref	no:duplicate_of_stvar	1	.	.	.	0
vg	chr10	127832975	127832978	>25620192>25620210	4	1	-3	.|1	1	30.4031	PASS	-	-	.	.	.	.	.	.	.	.	0
vg	chr10	127832981	127833009	>25620192>25620210	29	1	-28	.|1	1	30.4031	PASS	-	-	.	.	.	.	.	.	.	.	0
pangenie	chr10	127832981	127832984	chr10-127832981-DEL->22854005>22854011-3	4	1	-3	0/1	1	.	PASS	-	-	.	.	.	.	.	.	.	.	0
vg	chr10	127833015	127833018	>25620210>25620221	4	1	-3	.|1	1	21.9659	PASS	-	-	.	.	.	.	.	.	.	.	0
pangenie	chr10	127833018	127833018	chr10-127833018-SNV->22854039>22854041>22854042-1	1	1	0	0/1	1	.	PASS	-	-	.	.	.	.	.	.	.	.	0
truth_stvar	chr10	127833037	127833037	.	1	1	0	1|0	.	.	.	.	.	-	-	yes	ref	1	.	.	.	0
truth_smvar	chr10	127833037	127833037	.	1	1	0	1|0	.	.	.	.	.	-	-	no:duplicate_of_stvar	ref	1	.	.	.	0
truth_stvar	chr10	127833046	127833046	.	1	505	504	0|1	.	.	.	.	.	FN	FN	ref	yes	1	INS	34	.	0
truth_smvar	chr10	127833046	127833046	.	1	505	504	0|1	.	.	.	.	.	-	-	ref	no:duplicate_of_stvar	1	.	34	.	0
pangenie	chr10	127833046	127833046	chr10-127833089-INS->22854099>22854100>22854101>22854103>22854104>22854105>22854106>22854107>22854109>22854110>22854112>22854113-31	1	32	31	0/1	1	.	PASS	-	-	.	.	.	.	.	.	.	.	0
truth_stvar	chr10	127833052	127833052	.	1	1	0	1|0	.	.	.	.	.	-	-	yes	ref	1	.	.	.	0
truth_smvar	chr10	127833052	127833052	.	1	1	0	1|0	.	.	.	.	.	-	-	no:duplicate_of_stvar	ref	1	.	.	.	0
vg	chr10	127833052	127837390	>25620226>25627286	4339	3582	-757	2|1	1	239.169	PASS	FP	-	.	.	.	.	.	.	.	679.4,679.10	0
vg	chr10	127833052	127837390	>25620226>25627286	4339	1	-4338	2|1	1	239.169	PASS	FP	-	.	.	.	.	.	.	.	679.28,679.11	0
vg	chr10	127833052	127833052	>25620261>25620269	1	1	0	0|1	1	5.00628	PASS	-	-	.	.	.	.	.	.	.	.	0
pangenie	chr10	127833060	127833060	chr10-127833060-SNV->22854075>22854077>22854078-1	1	1	0	0/1	1	.	PASS	-	-	.	.	.	.	.	.	.	.	0
pangenie	chr10	127833077	127833077	chr10-127833077-INS->22854088>22854089>22854090-3	1	4	3	0/1	1	.	PASS	-	-	.	.	.	.	.	.	.	.	0
truth_stvar	chr10	127833086	127833086	.	1	1	0	1|1	.	.	.	.	.	-	-	yes	yes	1	.	.	.	0
truth_smvar	chr10	127833086	127833086	.	1	1	0	1|1	.	.	.	.	.	-	-	no:duplicate_of_stvar	no:duplicate_of_stvar	1	.	.	.	0
vg	chr10	127833086	127833086	>25620341>25620344	1	1	0	.|1	1	8.71031	PASS	-	-	.	.	.	.	.	.	.	.	0
pangenie	chr10	127833086	127837390	chr10-127833097-DEL->22854118>22861009-4304	4305	1	-4304	1/0	1	.	PASS	FP	-	.	.	.	.	.	.	.	665.28,665.10	0
truth_stvar	chr10	127833094	127833094	.	1	1	0	0|1	.	.	.	.	.	-	-	ref	yes	1	.	.	.	0
truth_smvar	chr10	127833094	127833094	.	1	1	0	0|1	.	.	.	.	.	-	-	ref	no:duplicate_of_stvar	1	.	.	.	0
vg	chr10	127833111	127833114	>25620354>25620356	4	1	-3	.|1	1	5.77444	PASS	-	-	.	.	.	.	.	.	.	.	0
truth_stvar	chr10	127833120	127833120	.	1	1	0	1|1	.	.	.	.	.	-	-	yes	yes	1	.	.	.	0
truth_smvar	chr10	127833120	127833120	.	1	1	0	1|1	.	.	.	.	.	-	-	no:duplicate_of_stvar	no:duplicate_of_stvar	1	.	.	.	0
vg	chr10	127833124	127833155	>25620365>25620377	32	1	-31	.|1	1	9.76389	PASS	-	-	.	.	.	.	.	.	.	.	0
truth_stvar	chr10	127833128	127833128	.	1	1	0	0|1	.	.	.	.	.	-	-	ref	yes	1	.	.	.	0
truth_smvar	chr10	127833128	127833128	.	1	1	0	0|1	.	.	.	.	.	-	-	ref	no:duplicate_of_stvar	1	.	.	.	0
truth_stvar	chr10	127833154	127833154	.	1	1	0	1|1	.	.	.	.	.	-	-	yes	yes	1	.	.	.	0
truth_smvar	chr10	127833154	127833154	.	1	1	0	1|1	.	.	.	.	.	-	-	no:duplicate_of_stvar	no:duplicate_of_stvar	1	.	.	.	0
pangenie	chr10	127833154	127833154	chr10-127833154-SNV->22854165>22854167>22854168-1	1	1	0	0/1	1	.	PASS	-	-	.	.	.	.	.	.	.	.	0
vg	chr10	127833179	127833216	>25620386>25620421	38	1	-37	.|1	1	11.1982	PASS	-	-	.	.	.	.	.	.	.	.	0
truth_stvar	chr10	127833247	127833250	.	4	1	3	1|0	.	.	.	.	.	-	-	yes	ref	1	.	.	.	0
truth_smvar	chr10	127833247	127833250	.	4	1	3	1|0	.	.	.	.	.	-	-	no:duplicate_of_stvar	ref	1	.	.	.	0
vg	chr10	127833253	127833259	>25620422>25620432	7	1	-6	.|1	1	2.79053	PASS	-	-	.	.	.	.	.	.	.	.	0
vg	chr10	127833260	127833288	>25620432>25620616	29	1	-28	.|1	1	9.66972	PASS	-	-	.	.	.	.	.	.	.	.	0
pangenie	chr10	127833290	127833290	chr10-127833290-SNV->22854256>22854258>22854259-1	1	1	0	0/1	1	.	PASS	-	-	.	.	.	.	.	.	.	.	0
vg	chr10	127833298	127833298	>25620619>25620622	1	1	0	.|1	1	2.48433	PASS	-	-	.	.	.	.	.	.	.	.	0
pangenie	chr10	127833298	127833298	chr10-127833298-SNV->22854262>22854264>22854265-1	1	1	0	0/1	1	.	PASS	-	-	.	.	.	.	.	.	.	.	0
vg	chr10	127833315	127833553	>25620626>25620765	239	1	-238	.|1	1	13.9858	PASS	TP	-	.	.	.	.	.	.	.	679.10,679.12	0
pangenie	chr10	127833358	127833358	chr10-127833358-SNV->22854296>22854297>22854299-1	1	1	0	0/1	1	.	PASS	-	-	.	.	.	.	.	.	.	.	0
truth_stvar	chr10	127833366	127833366	.	1	1	0	0|1	.	.	.	.	.	-	-	ref	yes	1	.	.	.	0
truth_smvar	chr10	127833366	127833366	.	1	1	0	0|1	.	.	.	.	.	-	-	ref	no:duplicate_of_stvar	1	.	.	.	0
truth_stvar	chr10	127833377	127833377	.	1	1	0	1|0	.	.	.	.	.	-	-	yes	ref	1	.	.	.	0
truth_smvar	chr10	127833377	127833377	.	1	1	0	1|0	.	.	.	.	.	-	-	no:duplicate_of_stvar	ref	1	.	.	.	0
pangenie	chr10	127833392	127833392	chr10-127833392-SNV->22854312>22854314>22854315-1	1	1	0	0/1	1	.	PASS	-	-	.	.	.	.	.	.	.	.	0
truth_stvar	chr10	127833451	127833451	.	1	205	204	0|1	.	.	.	.	.	FN	FN	ref	yes	1	INS	34	.	0
truth_smvar	chr10	127833451	127833451	.	1	205	204	0|1	.	.	.	.	.	-	-	ref	no:duplicate_of_stvar	1	.	34	.	0
pangenie	chr10	127833451	127833451	chr10-127833456-INS->22854366>22854367>22854368>22854369-3	1	4	3	0/1	1	.	PASS	-	-	.	.	.	.	.	.	.	.	0
truth_stvar	chr10	127833465	127833465	.	1	1	0	1|0	.	.	.	.	.	-	-	yes	ref	1	.	.	.	0
truth_smvar	chr10	127833465	127833465	.	1	1	0	1|0	.	.	.	.	.	-	-	no:duplicate_of_stvar	ref	1	.	.	.	0
truth_stvar	chr10	127833491	127833491	.	1	1	0	1|1	.	.	.	.	.	-	-	yes	yes	1	.	.	.	0
truth_smvar	chr10	127833491	127833491	.	1	1	0	1|1	.	.	.	.	.	-	-	no:duplicate_of_stvar	no:duplicate_of_stvar	1	.	.	.	0
truth_stvar	chr10	127833516	127833655	.	140	1	139	1|0	.	.	.	.	.	FN	TP	yes	ref	1	DEL	34	.	0
truth_smvar	chr10	127833516	127833655	.	140	1	139	1|0	.	.	.	.	.	-	-	no:duplicate_of_stvar	ref	1	.	34	.	0
truth_stvar	chr10	127833525	127833525	.	1	1	0	1|0	.	.	.	.	.	-	-	no:star_allele	ref	1	.	.	.	0
truth_stvar	chr10	127833525	127833525	.	1	1	0	0|1	.	.	.	.	.	-	-	ref	yes	1	.	.	.	0
truth_smvar	chr10	127833525	127833525	.	1	1,1	0	2|1	.	.	.	.	.	-	-	no:star_allele	no:duplicate_of_stvar	1	.	.	.	0
pangenie	chr10	127833525	127833525	chr10-127833525-SNV->22854424>22854427>22854429-1	1	1	0	0/1	1	.	PASS	-	-	.	.	.	.	.	.	.	.	0
truth_stvar	chr10	127833550	127833550	.	1	1	0	1|0	.	.	.	.	.	-	-	no:star_allele	ref	1	.	.	.	0
truth_stvar	chr10	127833550	127833550	.	1	4	3	0|1	.	.	.	.	.	-	-	ref	yes	1	.	.	.	0
truth_smvar	chr10	127833550	127833550	.	1	4,1	3	2|1	.	.	.	.	.	-	-	no:star_allele	no:duplicate_of_stvar	1	.	.	.	0
vg	chr10	127833593	127833822	>25620786>25620933	230	1	-229	.|1	1	13.2431	PASS	FP	-	.	.	.	.	.	.	.	679.21,679.13	0
pangenie	chr10	127833593	127833593	chr10-127833593-SNV->22854458>22854460>22854461-1	1	1	0	0/1	1	.	PASS	-	-	.	.	.	.	.	.	.	.	0
truth_stvar	chr10	127833601	127833601	.	1	1	0	1|0	.	.	.	.	.	-	-	no:star_allele	ref	1	.	.	.	0
truth_stvar	chr10	127833601	127833601	.	1	1	0	0|1	.	.	.	.	.	-	-	ref	yes	1	.	.	.	0
truth_smvar	chr10	127833601	127833601	.	1	1,1	0	2|1	.	.	.	.	.	-	-	no:star_allele	no:duplicate_of_stvar	1	.	.	.	0
truth_stvar	chr10	127833618	127833621	.	4	1	0	1|0	.	.	.	.	.	-	-	no:star_allele	ref	1	.	.	.	0
truth_stvar	chr10	127833618	127833621	.	4	1	3	0|1	.	.	.	.	.	-	-	ref	yes	1	.	.	.	0
truth_smvar	chr10	127833618	127833621	.	4	1,1	3	2|1	.	.	.	.	.	-	-	no:star_allele	no:duplicate_of_stvar	1	.	.	.	0
truth_stvar	chr10	127833661	127833661	.	1	1	0	0|1	.	.	.	.	.	-	-	ref	yes	1	.	.	.	0
truth_smvar	chr10	127833661	127833661	.	1	1	0	0|1	.	.	.	.	.	-	-	ref	no:duplicate_of_stvar	1	.	.	.	0
truth_stvar	chr10	127833664	127833664	.	1	1	0	1|0	.	.	.	.	.	-	-	yes	ref	1	.	.	.	0
truth_smvar	chr10	127833664	127833664	.	1	1	0	1|0	.	.	.	.	.	-	-	no:duplicate_of_stvar	ref	1	.	.	.	0
pangenie	chr10	127833692	127833695	chr10-127833692-DEL->22854526>22854530>22854531-3	4	1	-3	0/1	1	.	PASS	-	-	.	.	.	.	.	.	.	.	0
truth_stvar	chr10	127833695	127833695	.	1	1	0	1|1	.	.	.	.	.	-	-	yes	yes	1	.	.	.	0
truth_smvar	chr10	127833695	127833695	.	1	1	0	1|1	.	.	.	.	.	-	-	no:duplicate_of_stvar	no:duplicate_of_stvar	1	.	.	.	0
pangenie	chr10	127833698	127833831	chr10-127833788-DEL->22854567>22854613-133	134	1	-133	0/1	1	.	PASS	TP	-	.	.	.	.	.	.	.	665.9,665.11	0
pangenie	chr10	127833703	127833703	chr10-127833703-SNV->22854534>22854536>22854537-1	1	1	0	0/1	1	.	PASS	-	-	.	.	.	.	.	.	.	.	0
truth_stvar	chr10	127833729	127833729	.	1	1	0	1|0	.	.	.	.	.	-	-	yes	ref	1	.	.	.	0
truth_smvar	chr10	127833729	127833729	.	1	1	0	1|0	.	.	.	.	.	-	-	no:duplicate_of_stvar	ref	1	.	.	.	0
truth_stvar	chr10	127833760	127833763	.	4	1	3	0|1	.	.	.	.	.	-	-	ref	yes	1	.	.	.	0
truth_smvar	chr10	127833760	127833763	.	4	1	3	0|1	.	.	.	.	.	-	-	ref	no:duplicate_of_stvar	1	.	.	.	0
truth_stvar	chr10	127833763	127833763	.	1	1	0	0|1	.	.	.	.	.	-	-	ref	no:star_allele	1	.	.	.	0
truth_stvar	chr10	127833763	127833763	.	1	1	0	1|0	.	.	.	.	.	-	-	yes	ref	1	.	.	.	0
truth_smvar	chr10	127833763	127833763	.	1	1,1	0	1|2	.	.	.	.	.	-	-	no:duplicate_of_stvar	no:star_allele	1	.	.	.	0
truth_stvar	chr10	127833805	127833805	.	1	1	0	0|1	.	.	.	.	.	-	-	ref	yes	1	.	.	.	0
truth_smvar	chr10	127833805	127833805	.	1	1	0	0|1	.	.	.	.	.	-	-	ref	no:duplicate_of_stvar	1	.	.	.	0
vg	chr10	127833826	127833832	>25620938>25620946	7	1	-6	.|1	1	7.42036	PASS	-	-	.	.	.	.	.	.	.	.	0
truth_stvar	chr10	127833836	127833836	.	1	4	3	0|1	.	.	.	.	.	-	-	ref	yes	1	.	.	.	0
truth_smvar	chr10	127833836	127833836	.	1	4	3	0|1	.	.	.	.	.	-	-	ref	no:duplicate_of_stvar	1	.	.	.	0
truth_stvar	chr10	127833887	127834221	.	335	1	334	1|0	.	.	.	.	.	TP	FN	yes	ref	1	DEL	34	.	0
truth_smvar	chr10	127833887	127834221	.	335	1	334	1|0	.	.	.	.	.	-	-	no:duplicate_of_stvar	ref	1	.	34	.	0
pangenie	chr10	127833938	127833938	chr10-127833938-SNV->22854630>22854632>22854633-1	1	1	0	0/1	1	.	PASS	-	-	.	.	.	.	.	.	.	.	0
pangenie	chr10	127833955	127833955	chr10-127833955-INS->22854639>22854640>22854641-3	1	4	3	0/1	1	.	PASS	-	-	.	.	.	.	.	.	.	.	0
pangenie	chr10	127833961	127833961	chr10-127833961-SNV->22854646>22854648>22854649-1	1	1	0	0/1	1	.	PASS	-	-	.	.	.	.	.	.	.	.	0
truth_stvar	chr10	127833964	127833964	.	1	1	0	1|0	.	.	.	.	.	-	-	no:star_allele	ref	1	.	.	.	0
truth_stvar	chr10	127833964	127833964	.	1	1	0	0|1	.	.	.	.	.	-	-	ref	yes	1	.	.	.	0
truth_smvar	chr10	127833964	127833964	.	1	1,1	0	2|1	.	.	.	.	.	-	-	no:star_allele	no:duplicate_of_stvar	1	.	.	.	0
pangenie	chr10	127833964	127833967	chr10-127833964-DEL->22854649>22854651>22854653-3	4	1	-3	0/1	1	.	PASS	-	-	.	.	.	.	.	.	.	.	0
pangenie	chr10	127833973	127833974	chr10-127833973-DEL->22854656>22854658-1	2	1	-1	0/1	1	.	PASS	-	-	.	.	.	.	.	.	.	.	0
truth_stvar	chr10	127833998	127833998	.	1	1	0	1|0	.	.	.	.	.	-	-	no:star_allele	ref	1	.	.	.	0
truth_stvar	chr10	127833998	127833998	.	1	1	0	0|1	.	.	.	.	.	-	-	ref	yes	1	.	.	.	0
truth_smvar	chr10	127833998	127833998	.	1	1,1	0	2|1	.	.	.	.	.	-	-	no:star_allele	no:duplicate_of_stvar	1	.	.	.	0
pangenie	chr10	127833998	127833998	chr10-127833998-SNV->22854668>22854670>22854671-1	1	1	0	0/1	1	.	PASS	-	-	.	.	.	.	.	.	.	.	0
truth_stvar	chr10	127834026	127834026	.	1	1	0	1|0	.	.	.	.	.	-	-	no:star_allele	ref	1	.	.	.	0
truth_stvar	chr10	127834026	127834026	.	1	1	0	0|1	.	.	.	.	.	-	-	ref	yes	1	.	.	.	0
truth_smvar	chr10	127834026	127834026	.	1	1,1	0	2|1	.	.	.	.	.	-	-	no:star_allele	no:duplicate_of_stvar	1	.	.	.	0
pangenie	chr10	127834026	127835232	chr10-127834026-COMPLEX->22854679>22858038>22858040>22858041>22858042>22858043>22858044>22858046>22858047>22858049>22858050-1207	1207	7	-1200	0/1	1	.	PASS	FP	-	.	.	.	.	.	.	.	665.28,665.12	0
truth_stvar	chr10	127834103	127834131	.	29	1	0	1|0	.	.	.	.	.	-	-	no:star_allele	ref	1	DEL	34	.	0
truth_stvar	chr10	127834103	127834131	.	29	1	28	0|1	.	.	.	.	.	-	-	ref	yes	1	DEL	34	.	0
truth_smvar	chr10	127834103	127834131	.	29	1,1	28	2|1	.	.	.	.	.	-	-	no:star_allele	no:duplicate_of_stvar	1	.	34	.	0
truth_stvar	chr10	127834193	127834193	.	1	1	0	1|0	.	.	.	.	.	-	-	no:star_allele	ref	1	.	.	.	0
truth_stvar	chr10	127834193	127834193	.	1	1	0	0|1	.	.	.	.	.	-	-	ref	yes	1	.	.	.	0
truth_smvar	chr10	127834193	127834193	.	1	1,1	0	2|1	.	.	.	.	.	-	-	no:star_allele	no:duplicate_of_stvar	1	.	.	.	0
truth_stvar	chr10	127834196	127834196	.	1	1	0	1|0	.	.	.	.	.	-	-	no:star_allele	ref	1	.	.	.	0
truth_stvar	chr10	127834196	127834196	.	1	1	0	0|1	.	.	.	.	.	-	-	ref	yes	1	.	.	.	0
truth_smvar	chr10	127834196	127834196	.	1	1,1	0	2|1	.	.	.	.	.	-	-	no:star_allele	no:duplicate_of_stvar	1	.	.	.	0
truth_stvar	chr10	127834218	127834221	.	4	1	0	1|0	.	.	.	.	.	-	-	no:star_allele	ref	1	.	.	.	0
truth_stvar	chr10	127834218	127834221	.	4	1	3	0|1	.	.	.	.	.	-	-	ref	yes	1	.	.	.	0
truth_smvar	chr10	127834218	127834221	.	4	1,1	3	2|1	.	.	.	.	.	-	-	no:star_allele	no:duplicate_of_stvar	1	.	.	.	0
truth_stvar	chr10	127834255	127834286	.	32	1	31	0|1	.	.	.	.	.	-	-	ref	yes	1	DEL	34	.	0
truth_smvar	chr10	127834255	127834286	.	32	1	31	0|1	.	.	.	.	.	-	-	ref	no:duplicate_of_stvar	1	.	34	.	0
truth_stvar	chr10	127834286	127834286	.	1	1	0	0|1	.	.	.	.	.	-	-	ref	no:star_allele	1	.	.	.	0
truth_stvar	chr10	127834286	127834286	.	1	4	3	1|0	.	.	.	.	.	-	-	yes	ref	1	.	.	.	0
truth_smvar	chr10	127834286	127834286	.	1	4,1	3	1|2	.	.	.	.	.	-	-	no:duplicate_of_stvar	no:star_allele	1	.	.	.	0
truth_stvar	chr10	127834326	127834326	.	1	1	0	0|1	.	.	.	.	.	-	-	ref	yes	1	.	.	.	0
truth_smvar	chr10	127834326	127834326	.	1	1	0	0|1	.	.	.	.	.	-	-	ref	no:duplicate_of_stvar	1	.	.	.	0
truth_stvar	chr10	127834360	127834360	.	1	1	0	1|1	.	.	.	.	.	-	-	yes	yes	1	.	.	.	0
truth_smvar	chr10	127834360	127834360	.	1	1	0	1|1	.	.	.	.	.	-	-	no:duplicate_of_stvar	no:duplicate_of_stvar	1	.	.	.	0
truth_stvar	chr10	127834368	127834368	.	1	1	0	0|1	.	.	.	.	.	-	-	ref	yes	1	.	.	.	0
truth_smvar	chr10	127834368	127834368	.	1	1	0	0|1	.	.	.	.	.	-	-	ref	no:duplicate_of_stvar	1	.	.	.	0
truth_stvar	chr10	127834394	127834394	.	1	1	0	1|1	.	.	.	.	.	-	-	yes	yes	1	.	.	.	0
truth_smvar	chr10	127834394	127834394	.	1	1	0	1|1	.	.	.	.	.	-	-	no:duplicate_of_stvar	no:duplicate_of_stvar	1	.	.	.	0
truth_stvar	chr10	127834428	127834428	.	1	1	0	0|1	.	.	.	.	.	-	-	ref	yes	1	.	.	.	0
truth_smvar	chr10	127834428	127834428	.	1	1	0	0|1	.	.	.	.	.	-	-	ref	no:duplicate_of_stvar	1	.	.	.	0
truth_stvar	chr10	127834436	127834436	.	1	1	0	1|0	.	.	.	.	.	-	-	yes	ref	1	.	.	.	0
truth_smvar	chr10	127834436	127834436	.	1	1	0	1|0	.	.	.	.	.	-	-	no:duplicate_of_stvar	ref	1	.	.	.	0
truth_stvar	chr10	127834462	127834462	.	1	1	0	1|1	.	.	.	.	.	-	-	yes	yes	1	.	.	.	0
truth_smvar	chr10	127834462	127834462	.	1	1	0	1|1	.	.	.	.	.	-	-	no:duplicate_of_stvar	no:duplicate_of_stvar	1	.	.	.	0
truth_stvar	chr10	127834496	127834496	.	1	1	0	0|1	.	.	.	.	.	-	-	ref	yes	1	.	.	.	0
truth_smvar	chr10	127834496	127834496	.	1	1	0	0|1	.	.	.	.	.	-	-	ref	no:duplicate_of_stvar	1	.	.	.	0
truth_stvar	chr10	127834530	127834530	.	1	1	0	0|1	.	.	.	.	.	-	-	ref	yes	1	.	.	.	0
truth_smvar	chr10	127834530	127834530	.	1	1	0	0|1	.	.	.	.	.	-	-	ref	no:duplicate_of_stvar	1	.	.	.	0
truth_stvar	chr10	127834598	127834598	.	1	4	3	0|1	.	.	.	.	.	-	-	ref	yes	1	.	.	.	0
truth_smvar	chr10	127834598	127834598	.	1	4	3	0|1	.	.	.	.	.	-	-	ref	no:duplicate_of_stvar	1	.	.	.	0
truth_stvar	chr10	127834601	127834694	.	94	1	93	1|0	.	.	.	.	.	FN	FN	yes	ref	1	DEL	34	.	0
truth_smvar	chr10	127834601	127834694	.	94	1	93	1|0	.	.	.	.	.	-	-	no:duplicate_of_stvar	ref	1	.	34	.	0
truth_stvar	chr10	127834629	127834629	.	1	1	0	1|0	.	.	.	.	.	-	-	no:star_allele	ref	1	.	.	.	0
truth_stvar	chr10	127834629	127834629	.	1	4	3	0|1	.	.	.	.	.	-	-	ref	yes	1	.	.	.	0
truth_smvar	chr10	127834629	127834629	.	1	4,1	3	2|1	.	.	.	.	.	-	-	no:star_allele	no:duplicate_of_stvar	1	.	.	.	0
truth_stvar	chr10	127834694	127834694	.	1	1	0	1|0	.	.	.	.	.	-	-	no:star_allele	ref	1	.	.	.	0
truth_stvar	chr10	127834694	127834694	.	1	103	102	0|1	.	.	.	.	.	FN	FN	ref	yes	1	INS	34	.	0
truth_smvar	chr10	127834694	127834694	.	1	103,1	102	2|1	.	.	.	.	.	-	-	no:star_allele	no:duplicate_of_stvar	1	.	34	.	0
truth_stvar	chr10	127834750	127834750	.	1	4	3	1|0	.	.	.	.	.	-	-	yes	ref	1	.	.	.	0
truth_smvar	chr10	127834750	127834750	.	1	4	3	1|0	.	.	.	.	.	-	-	no:duplicate_of_stvar	ref	1	.	.	.	0
truth_stvar	chr10	127834756	127834756	.	1	1	0	0|1	.	.	.	.	.	-	-	ref	yes	1	.	.	.	0
truth_smvar	chr10	127834756	127834756	.	1	1	0	0|1	.	.	.	.	.	-	-	ref	no:duplicate_of_stvar	1	.	.	.	0
truth_stvar	chr10	127834759	127834759	.	1	1	0	0|1	.	.	.	.	.	-	-	ref	yes	1	.	.	.	0
truth_smvar	chr10	127834759	127834759	.	1	1	0	0|1	.	.	.	.	.	-	-	ref	no:duplicate_of_stvar	1	.	.	.	0
truth_stvar	chr10	127834824	127834824	.	1	1	0	1|0	.	.	.	.	.	-	-	yes	ref	1	.	.	.	0
truth_smvar	chr10	127834824	127834824	.	1	1	0	1|0	.	.	.	.	.	-	-	no:duplicate_of_stvar	ref	1	.	.	.	0
truth_stvar	chr10	127834858	127834858	.	1	1	0	0|1	.	.	.	.	.	-	-	ref	yes	1	.	.	.	0
truth_smvar	chr10	127834858	127834858	.	1	1	0	0|1	.	.	.	.	.	-	-	ref	no:duplicate_of_stvar	1	.	.	.	0
truth_stvar	chr10	127834960	127835161	.	202	1	201	1|0	.	.	.	.	.	FN	FN	yes	ref	1	DEL	34	.	0
truth_smvar	chr10	127834960	127835161	.	202	1	201	1|0	.	.	.	.	.	-	-	no:duplicate_of_stvar	ref	1	.	34	.	0
truth_stvar	chr10	127835028	127835028	.	1	1	0	1|0	.	.	.	.	.	-	-	no:star_allele	ref	1	.	.	.	0
truth_stvar	chr10	127835028	127835028	.	1	4	3	0|1	.	.	.	.	.	-	-	ref	yes	1	.	.	.	0
truth_smvar	chr10	127835028	127835028	.	1	4,1	3	2|1	.	.	.	.	.	-	-	no:star_allele	no:duplicate_of_stvar	1	.	.	.	0
truth_stvar	chr10	127835135	127835135	.	1	1	0	1|0	.	.	.	.	.	-	-	no:star_allele	ref	1	.	.	.	0
truth_stvar	chr10	127835135	127835135	.	1	66	65	0|1	.	.	.	.	.	FN	TP	ref	yes	1	INS	34	.	0
truth_smvar	chr10	127835135	127835135	.	1	66,1	65	2|1	.	.	.	.	.	-	-	no:star_allele	no:duplicate_of_stvar	1	.	34	.	0
vg	chr10	127835195	127835195	>25624381>25624384	1	1	0	.|1	1	6.08845	PASS	-	-	.	.	.	.	.	.	.	.	0
truth_stvar	chr10	127835223	127835223	.	1	1	0	1|1	.	.	.	.	.	-	-	yes	yes	1	.	.	.	0
truth_smvar	chr10	127835223	127835223	.	1	1	0	1|1	.	.	.	.	.	-	-	no:duplicate_of_stvar	no:duplicate_of_stvar	1	.	.	.	0
truth_stvar	chr10	127835229	127835229	.	1	32	31	0|1	.	.	.	.	.	-	-	ref	yes	1	INS	34	.	0
truth_stvar	chr10	127835229	127835229	.	1	1	0	1|0	.	.	.	.	.	-	-	yes	ref	1	.	.	.	0
truth_smvar	chr10	127835229	127835229	.	1	1,32	31	1|2	.	.	.	.	.	-	-	no:duplicate_of_stvar	no:duplicate_of_stvar	1	.	.	.	0
pangenie	chr10	127835229	127835229	chr10-127835239-INS->22858078>22858079>22858081>22858082-3	1	4	3	0/1	1	.	PASS	-	-	.	.	.	.	.	.	.	.	0
pangenie	chr10	127835232	127835232	chr10-127835235-INS->22858050>22858051>22858052>22858054>22858055>22858057>22858058>22858059>22858060>22858061>22858063>22858064>22858065>22858066>22858068>22858070>22858071>22858072>22858076>22858077-34	1	35	34	0/1	1	.	PASS	-	-	.	.	.	.	.	.	.	.	0
pangenie	chr10	127835237	127835237	chr10-127835245-INS->22858083>22858084>22858085>22858088>22858089>22858091>22858092>22858093>22858095>22858097>22858099>22858101>22858105>22858106>22858107>22858108>22858110>22858111>22858112-65	1	66	65	0/1	1	.	PASS	TP	-	.	.	.	.	.	.	.	665.14,665.13	0
vg	chr10	127835263	127835263	>25624449>25624455	1	1	0	.|1	1	0.709174	PASS	-	-	.	.	.	.	.	.	.	.	0
pangenie	chr10	127835266	127835297	chr10-127835294-DEL->22858147>22858171-31	32	1	-31	0/1	1	.	PASS	-	-	.	.	.	.	.	.	.	.	0
truth_stvar	chr10	127835288	127835288	.	1	4	3	0|1	.	.	.	.	.	-	-	ref	yes	1	.	.	.	0
truth_smvar	chr10	127835288	127835288	.	1	4	3	0|1	.	.	.	.	.	-	-	ref	no:duplicate_of_stvar	1	.	.	.	0
vg	chr10	127835293	127835324	>25624474>25624499	32	1	-31	.|1	1	10.5239	PASS	-	-	.	.	.	.	.	.	.	.	0
truth_stvar	chr10	127835297	127835297	.	1	1	0	0|1	.	.	.	.	.	-	-	ref	yes	1	.	.	.	0
truth_smvar	chr10	127835297	127835297	.	1	1	0	0|1	.	.	.	.	.	-	-	ref	no:duplicate_of_stvar	1	.	.	.	0
truth_stvar	chr10	127835328	127835328	.	1	4	3	0|1	.	.	.	.	.	-	-	ref	yes	1	.	.	.	0
truth_smvar	chr10	127835328	127835328	.	1	4	3	0|1	.	.	.	.	.	-	-	ref	no:duplicate_of_stvar	1	.	.	.	0
vg	chr10	127835328	127835328	>25624500>25624503	1	1	0	.|1	1	0.855388	PASS	-	-	.	.	.	.	.	.	.	.	0
truth_stvar	chr10	127835333	127835333	.	1	4	3	1|0	.	.	.	.	.	-	-	yes	ref	1	.	.	.	0
truth_smvar	chr10	127835333	127835333	.	1	4	3	1|0	.	.	.	.	.	-	-	no:duplicate_of_stvar	ref	1	.	.	.	0
vg	chr10	127835356	127835359	>25624515>25624520	4	1	-3	.|1	1	8.98214	PASS	-	-	.	.	.	.	.	.	.	.	0
pangenie	chr10	127835356	127835359	chr10-127835356-DEL->22858187>22858192-3	4	1	-3	0/1	1	.	PASS	-	-	.	.	.	.	.	.	.	.	0
pangenie	chr10	127835359	127835489	chr10-127835362-DEL->22858192>22858194>22858289-130	131	1	-130	0/1	1	.	PASS	FP	-	.	.	.	.	.	.	.	665.1,665.14	0
truth_stvar	chr10	127835362	127835362	.	1	63	62	1|0	.	.	.	.	.	FN	FN	yes	ref	1	INS	34	.	0
truth_smvar	chr10	127835362	127835362	.	1	63	62	1|0	.	.	.	.	.	-	-	no:duplicate_of_stvar	ref	1	.	34	.	0
vg	chr10	127835362	127835492	>25624520>25624617	131	1	-130	.|1	1	13.2934	PASS	FP	-	.	.	.	.	.	.	.	679.1,679.14	0
truth_stvar	chr10	127835393	127835393	.	1	4	3	0|1	.	.	.	.	.	-	-	ref	yes	1	.	.	.	0
truth_smvar	chr10	127835393	127835393	.	1	4	3	0|1	.	.	.	.	.	-	-	ref	no:duplicate_of_stvar	1	.	.	.	0
truth_stvar	chr10	127835398	127835398	.	1	4	3	1|0	.	.	.	.	.	-	-	yes	ref	1	.	.	.	0
truth_smvar	chr10	127835398	127835398	.	1	4	3	1|0	.	.	.	.	.	-	-	no:duplicate_of_stvar	ref	1	.	.	.	0
truth_stvar	chr10	127835495	127835495	.	1	199	198	0|1	.	.	.	.	.	FN	TP	ref	yes	1	INS	34	.	0
truth_smvar	chr10	127835495	127835495	.	1	199	198	0|1	.	.	.	.	.	-	-	ref	no:duplicate_of_stvar	1	.	34	.	0
pangenie	chr10	127835517	127835520	chr10-127835517-DEL->22858302>22858307-3	4	1	-3	0/1	1	.	PASS	-	-	.	.	.	.	.	.	.	.	0
truth_stvar	chr10	127835520	127835520	.	1	32	31	1|0	.	.	.	.	.	-	-	yes	ref	1	INS	34	.	0
truth_smvar	chr10	127835520	127835520	.	1	32	31	1|0	.	.	.	.	.	-	-	no:duplicate_of_stvar	ref	1	.	34	.	0
truth_stvar	chr10	127835526	127835526	.	1	1	0	1|1	.	.	.	.	.	-	-	yes	yes	1	.	.	.	0
truth_smvar	chr10	127835526	127835526	.	1	1	0	1|1	.	.	.	.	.	-	-	no:duplicate_of_stvar	no:duplicate_of_stvar	1	.	.	.	0
pangenie	chr10	127835526	127835526	chr10-127835526-SNV->22858310>22858312>22858313-1	1	1	0	0/1	1	.	PASS	-	-	.	.	.	.	.	.	.	.	0
truth_stvar	chr10	127835560	127835560	.	1	1	0	0|1	.	.	.	.	.	-	-	ref	yes	1	.	.	.	0
truth_smvar	chr10	127835560	127835560	.	1	1	0	0|1	.	.	.	.	.	-	-	ref	no:duplicate_of_stvar	1	.	.	.	0
vg	chr10	127835560	127835560	>25624658>25624661	1	1	0	.|1	1	8.91476	PASS	-	-	.	.	.	.	.	.	.	.	0
pangenie	chr10	127835560	127835560	chr10-127835560-SNV->22858330>22858332>22858333-1	1	1	0	0/1	1	.	PASS	-	-	.	.	.	.	.	.	.	.	0
truth_stvar	chr10	127835588	127835588	.	1	1	0	1|1	.	.	.	.	.	-	-	yes	yes	1	.	.	.	0
truth_smvar	chr10	127835588	127835588	.	1	1	0	1|1	.	.	.	.	.	-	-	no:duplicate_of_stvar	no:duplicate_of_stvar	1	.	.	.	0
vg	chr10	127835588	127835588	>25624678>25624683	1	1	0	.|1	1	4.3647	PASS	-	-	.	.	.	.	.	.	.	.	0
pangenie	chr10	127835588	127835588	chr10-127835588-SNV->22858352>22858354>22858355-1	1	1	0	0/1	1	.	PASS	-	-	.	.	.	.	.	.	.	.	0
truth_stvar	chr10	127835602	127835602	.	1	1	0	1|0	.	.	.	.	.	-	-	yes	ref	1	.	.	.	0
truth_smvar	chr10	127835602	127835602	.	1	1	0	1|0	.	.	.	.	.	-	-	no:duplicate_of_stvar	ref	1	.	.	.	0
pangenie	chr10	127835636	127835636	chr10-127835636-SNV->22858390>22858392>22858393-1	1	1	0	0/1	1	.	PASS	-	-	.	.	.	.	.	.	.	.	0
pangenie	chr10	127835659	127835659	chr10-127835659-SNV->22858409>22858411>22858412-1	1	1	0	0/1	1	.	PASS	-	-	.	.	.	.	.	.	.	.	0
truth_stvar	chr10	127835687	127835690	.	4	1	3	1|0	.	.	.	.	.	-	-	yes	ref	1	.	.	.	0
truth_smvar	chr10	127835687	127835690	.	4	1	3	1|0	.	.	.	.	.	-	-	no:duplicate_of_stvar	ref	1	.	.	.	0
truth_stvar	chr10	127835696	127835696	.	1	1	0	0|1	.	.	.	.	.	-	-	ref	yes	1	.	.	.	0
truth_smvar	chr10	127835696	127835696	.	1	1	0	0|1	.	.	.	.	.	-	-	ref	no:duplicate_of_stvar	1	.	.	.	0
pangenie	chr10	127835696	127835696	chr10-127835696-SNV->22858434>22858436>22858437-1	1	1	0	0/1	1	.	PASS	-	-	.	.	.	.	.	.	.	.	0
truth_stvar	chr10	127835699	127835699	.	1	1	0	1|0	.	.	.	.	.	-	-	yes	ref	1	.	.	.	0
truth_smvar	chr10	127835699	127835699	.	1	1	0	1|0	.	.	.	.	.	-	-	no:duplicate_of_stvar	ref	1	.	.	.	0
truth_stvar	chr10	127835730	127835730	.	1	1	0	1|0	.	.	.	.	.	-	-	yes	ref	1	.	.	.	0
truth_smvar	chr10	127835730	127835730	.	1	1	0	1|0	.	.	.	.	.	-	-	no:duplicate_of_stvar	ref	1	.	.	.	0
vg	chr10	127835730	127835730	>25624780>25624788	1	1	0	.|1	1	4.69951	PASS	-	-	.	.	.	.	.	.	.	.	0
truth_stvar	chr10	127835738	127835738	.	1	1	0	1|0	.	.	.	.	.	-	-	yes	ref	1	.	.	.	0
truth_smvar	chr10	127835738	127835738	.	1	1	0	1|0	.	.	.	.	.	-	-	no:duplicate_of_stvar	ref	1	.	.	.	0
truth_stvar	chr10	127835764	127835764	.	1	1	0	1|0	.	.	.	.	.	-	-	yes	ref	1	.	.	.	0
truth_smvar	chr10	127835764	127835764	.	1	1	0	1|0	.	.	.	.	.	-	-	no:duplicate_of_stvar	ref	1	.	.	.	0
truth_stvar	chr10	127835789	127835792	.	4	1	3	0|1	.	.	.	.	.	-	-	ref	yes	1	.	.	.	0
truth_smvar	chr10	127835789	127835792	.	4	1	3	0|1	.	.	.	.	.	-	-	ref	no:duplicate_of_stvar	1	.	.	.	0
pangenie	chr10	127835789	127835789	chr10-127835798-INS->22858558>22858559>22858560>22858563-3	1	4	3	0/1	1	.	PASS	-	-	.	.	.	.	.	.	.	.	0
pangenie	chr10	127835789	127835789	chr10-127835789-INS->22858497>22858498>22858499>22858501>22858502>22858504>22858505>22858507>22858509>22858510>22858511>22858513>22858514>22858515>22858517>22858519>22858520>22858521>22858522>22858524>22858525>22858527>22858528>22858530>22858531>22858533>22858534>22858538-167	1	168	167	0/1	1	.	PASS	TP	-	.	.	.	.	.	.	.	665.16,665.15	0
pangenie	chr10	127835792	127835792	chr10-127835792-INS->22858539>22858540>22858542>22858543>22858544>22858546>22858547>22858549>22858550>22858552>22858553>22858554-28	1	29	28	0/1	1	.	PASS	-	-	.	.	.	.	.	.	.	.	0
truth_stvar	chr10	127835798	127835798	.	1	1	0	1|0	.	.	.	.	.	-	-	yes	ref	1	.	.	.	0
truth_smvar	chr10	127835798	127835798	.	1	1	0	1|0	.	.	.	.	.	-	-	no:duplicate_of_stvar	ref	1	.	.	.	0
truth_stvar	chr10	127835863	127835863	.	1	1	0	1|0	.	.	.	.	.	-	-	yes	ref	1	.	.	.	0
truth_smvar	chr10	127835863	127835863	.	1	1	0	1|0	.	.	.	.	.	-	-	no:duplicate_of_stvar	ref	1	.	.	.	0
truth_stvar	chr10	127835866	127835866	.	1	1	0	1|0	.	.	.	.	.	-	-	yes	ref	1	.	.	.	0
truth_smvar	chr10	127835866	127835866	.	1	1	0	1|0	.	.	.	.	.	-	-	no:duplicate_of_stvar	ref	1	.	.	.	0
truth_stvar	chr10	127835891	127835894	.	4	1	3	1|0	.	.	.	.	.	-	-	yes	ref	1	.	.	.	0
truth_smvar	chr10	127835891	127835894	.	4	1	3	1|0	.	.	.	.	.	-	-	no:duplicate_of_stvar	ref	1	.	.	.	0
pangenie	chr10	127835900	127835900	chr10-127835900-SNV->22858636>22858638>22858639-1	1	1	0	0/1	1	.	PASS	-	-	.	.	.	.	.	.	.	.	0
pangenie	chr10	127835908	127835908	chr10-127835908-SNV->22858642>22858644>22858645-1	1	1	0	0/1	1	.	PASS	-	-	.	.	.	.	.	.	.	.	0
truth_stvar	chr10	127835934	127835934	.	1	1	0	1|0	.	.	.	.	.	-	-	yes	ref	1	.	.	.	0
truth_smvar	chr10	127835934	127835934	.	1	1	0	1|0	.	.	.	.	.	-	-	no:duplicate_of_stvar	ref	1	.	.	.	0
pangenie	chr10	127835934	127835934	chr10-127835934-SNV->22858649>22858651>22858652-1	1	1	0	0/1	1	.	PASS	-	-	.	.	.	.	.	.	.	.	0
pangenie	chr10	127835968	127835968	chr10-127835968-SNV->22858675>22858677>22858678-1	1	1	0	0/1	1	.	PASS	-	-	.	.	.	.	.	.	.	.	0
pangenie	chr10	127836002	127836002	chr10-127836002-SNV->22858691>22858693>22858695-1	1	1	0	0/1	1	.	PASS	-	-	.	.	.	.	.	.	.	.	0
truth_stvar	chr10	127836070	127836172	.	103	1	102	1|0	.	.	.	.	.	FN	FN	yes	ref	1	DEL	34	.	0
truth_smvar	chr10	127836070	127836172	.	103	1	102	1|0	.	.	.	.	.	-	-	no:duplicate_of_stvar	ref	1	.	34	.	0
truth_stvar	chr10	127836095	127836095	.	1	1	0	1|0	.	.	.	.	.	-	-	no:star_allele	ref	1	.	.	.	0
truth_stvar	chr10	127836095	127836095	.	1	4	3	0|1	.	.	.	.	.	-	-	ref	yes	1	.	.	.	0
truth_smvar	chr10	127836095	127836095	.	1	4,1	3	2|1	.	.	.	.	.	-	-	no:star_allele	no:duplicate_of_stvar	1	.	.	.	0
pangenie	chr10	127836095	127836095	chr10-127836095-INS->22858748>22858750>22858751>22858753-3	1	4	3	0/1	1	.	PASS	-	-	.	.	.	.	.	.	.	.	0
truth_stvar	chr10	127836135	127836135	.	1	1	0	1|0	.	.	.	.	.	-	-	no:star_allele	ref	1	.	.	.	0
truth_stvar	chr10	127836135	127836135	.	1	1	0	0|1	.	.	.	.	.	-	-	ref	yes	1	.	.	.	0
truth_smvar	chr10	127836135	127836135	.	1	1,1	0	2|1	.	.	.	.	.	-	-	no:star_allele	no:duplicate_of_stvar	1	.	.	.	0
vg	chr10	127836135	127836135	>25625105>25625108	1	1	0	.|1	1	2.79346	PASS	-	-	.	.	.	.	.	.	.	.	0
pangenie	chr10	127836135	127836135	chr10-127836135-SNV->22858776>22858778>22858779-1	1	1	0	0/1	1	.	PASS	-	-	.	.	.	.	.	.	.	.	0
pangenie	chr10	127836169	127836169	chr10-127836169-SNV->22858794>22858796>22858797-1	1	1	0	0/1	1	.	PASS	-	-	.	.	.	.	.	.	.	.	0
pangenie	chr10	127836177	127836177	chr10-127836177-SNV->22858802>22858804>22858805-1	1	1	0	0/1	1	.	PASS	-	-	.	.	.	.	.	.	.	.	0
vg	chr10	127836194	127836194	>25625140>25625142	1	4	3	.|1	1	3.00819	PASS	-	-	.	.	.	.	.	.	.	.	0
pangenie	chr10	127836194	127836194	chr10-127836194-INS->22858811>22858812>22858813-3	1	4	3	0/1	1	.	PASS	-	-	.	.	.	.	.	.	.	.	0
vg	chr10	127836200	127836200	>25625145>25625150	1	1	0	.|1	1	5.90848	PASS	-	-	.	.	.	.	.	.	.	.	0
pangenie	chr10	127836200	127836200	chr10-127836200-SNV->22858816>22858819>22858821-1	1	1	0	0/1	1	.	PASS	-	-	.	.	.	.	.	.	.	.	0
vg	chr10	127836203	127836203	>25625150>25625153	1	1	0	.|1	1	3.0103	PASS	-	-	.	.	.	.	.	.	.	.	0
pangenie	chr10	127836203	127836203	chr10-127836203-SNV->22858821>22858823>22858824-1	1	1	0	0/1	1	.	PASS	-	-	.	.	.	.	.	.	.	.	0
pangenie	chr10	127836203	127836815	chr10-127836211-DEL->22858827>22858828>22858829>22858830>22858833>22858834>22858836>22858837>22858839>22858841>22858842>22858843>22859357-612	613	1	-612	0/1	1	.	PASS	FP	-	.	.	.	.	.	.	.	665.3,665.16	0
truth_stvar	chr10	127836211	127836211	.	1	1	0	1|0	.	.	.	.	.	-	-	yes	ref	1	.	.	.	0
truth_smvar	chr10	127836211	127836211	.	1	1	0	1|0	.	.	.	.	.	-	-	no:duplicate_of_stvar	ref	1	.	.	.	0
vg	chr10	127836211	127836823	>25625156>25625703	613	1	-612	.|1	1	8.0351	PASS	FP	-	.	.	.	.	.	.	.	679.3,679.15	0
truth_stvar	chr10	127836336	127836336	.	1	1	0	1|0	.	.	.	.	.	-	-	yes	ref	1	.	.	.	0
truth_stvar	chr10	127836336	127836339	.	4	1	3	0|1	.	.	.	.	.	-	-	ref	yes	1	.	.	.	0
truth_smvar	chr10	127836336	127836339	.	4	4,1	3	1|2	.	.	.	.	.	-	-	no:overlaps_applied_stvar	no:duplicate_of_stvar	1	.	.	.	0
truth_stvar	chr10	127836339	127836339	.	1	1	0	0|1	.	.	.	.	.	-	-	ref	no:star_allele	1	.	.	.	0
truth_stvar	chr10	127836339	127836339	.	1	1	0	1|0	.	.	.	.	.	-	-	yes	ref	1	.	.	.	0
truth_smvar	chr10	127836339	127836339	.	1	1,1	0	1|2	.	.	.	.	.	-	-	no:duplicate_of_stvar	no:star_allele	1	.	.	.	0
truth_stvar	chr10	127836364	127836367	.	4	1	3	1|0	.	.	.	.	.	-	-	yes	ref	1	.	.	.	0
truth_smvar	chr10	127836364	127836367	.	4	1	3	1|0	.	.	.	.	.	-	-	no:duplicate_of_stvar	ref	1	.	.	.	0
truth_stvar	chr10	127836381	127836381	.	1	1	0	0|1	.	.	.	.	.	-	-	ref	yes	1	.	.	.	0
truth_smvar	chr10	127836381	127836381	.	1	1	0	0|1	.	.	.	.	.	-	-	ref	no:duplicate_of_stvar	1	.	.	.	0
truth_stvar	chr10	127836407	127836407	.	1	1	0	0|1	.	.	.	.	.	-	-	ref	yes	1	.	.	.	0
truth_smvar	chr10	127836407	127836407	.	1	1	0	0|1	.	.	.	.	.	-	-	ref	no:duplicate_of_stvar	1	.	.	.	0
truth_stvar	chr10	127836415	127836415	.	1	1	0	0|1	.	.	.	.	.	-	-	ref	yes	1	.	.	.	0
truth_smvar	chr10	127836415	127836415	.	1	1	0	0|1	.	.	.	.	.	-	-	ref	no:duplicate_of_stvar	1	.	.	.	0
truth_stvar	chr10	127836432	127836432	.	1	4	3	0|1	.	.	.	.	.	-	-	ref	yes	1	.	.	.	0
truth_smvar	chr10	127836432	127836432	.	1	4	3	0|1	.	.	.	.	.	-	-	ref	no:duplicate_of_stvar	1	.	.	.	0
truth_stvar	chr10	127836441	127836441	.	1	1	0	1|0	.	.	.	.	.	-	-	yes	ref	1	.	.	.	0
truth_smvar	chr10	127836441	127836441	.	1	1	0	1|0	.	.	.	.	.	-	-	no:duplicate_of_stvar	ref	1	.	.	.	0
truth_stvar	chr10	127836472	127836472	.	1	1	0	1|1	.	.	.	.	.	-	-	yes	yes	1	.	.	.	0
truth_smvar	chr10	127836472	127836472	.	1	1	0	1|1	.	.	.	.	.	-	-	no:duplicate_of_stvar	no:duplicate_of_stvar	1	.	.	.	0
truth_stvar	chr10	127836475	127836475	.	1	1	0	1|0	.	.	.	.	.	-	-	yes	ref	1	.	.	.	0
truth_smvar	chr10	127836475	127836475	.	1	1	0	1|0	.	.	.	.	.	-	-	no:duplicate_of_stvar	ref	1	.	.	.	0
truth_stvar	chr10	127836500	127836503	.	4	1	3	0|1	.	.	.	.	.	-	-	ref	yes	1	.	.	.	0
truth_smvar	chr10	127836500	127836503	.	4	1	3	0|1	.	.	.	.	.	-	-	ref	no:duplicate_of_stvar	1	.	.	.	0
truth_stvar	chr10	127836543	127836710	.	168	1	167	1|0	.	.	.	.	.	FN	FN	yes	ref	1	DEL	34	.	0
truth_smvar	chr10	127836543	127836710	.	168	1	167	1|0	.	.	.	.	.	-	-	no:duplicate_of_stvar	ref	1	.	34	.	0
truth_stvar	chr10	127836596	127836599	.	4	1	0	1|0	.	.	.	.	.	-	-	no:star_allele	ref	1	.	.	.	0
truth_stvar	chr10	127836596	127836599	.	4	1	3	0|1	.	.	.	.	.	-	-	ref	yes	1	.	.	.	0
truth_smvar	chr10	127836596	127836599	.	4	1,1	3	2|1	.	.	.	.	.	-	-	no:star_allele	no:duplicate_of_stvar	1	.	.	.	0
truth_stvar	chr10	127836613	127836613	.	1	1	0	1|0	.	.	.	.	.	-	-	no:star_allele	ref	1	.	.	.	0
truth_stvar	chr10	127836613	127836613	.	1	1	0	0|1	.	.	.	.	.	-	-	ref	yes	1	.	.	.	0
truth_smvar	chr10	127836613	127836613	.	1	1,1	0	2|1	.	.	.	.	.	-	-	no:star_allele	no:duplicate_of_stvar	1	.	.	.	0
truth_stvar	chr10	127836618	127836618	.	1	1	0	1|0	.	.	.	.	.	-	-	no:star_allele	ref	1	.	.	.	0
truth_stvar	chr10	127836618	127836618	.	1	1	0	0|1	.	.	.	.	.	-	-	ref	yes	1	.	.	.	0
truth_smvar	chr10	127836618	127836618	.	1	1,1	0	2|1	.	.	.	.	.	-	-	no:star_allele	no:duplicate_of_stvar	1	.	.	.	0
truth_stvar	chr10	127836639	127836639	.	1	1	0	1|0	.	.	.	.	.	-	-	no:star_allele	ref	1	.	.	.	0
truth_stvar	chr10	127836639	127836639	.	1	4	3	0|1	.	.	.	.	.	-	-	ref	yes	1	.	.	.	0
truth_smvar	chr10	127836639	127836639	.	1	4,1	3	2|1	.	.	.	.	.	-	-	no:star_allele	no:duplicate_of_stvar	1	.	.	.	0
truth_stvar	chr10	127836670	127836670	.	1	1	0	1|0	.	.	.	.	.	-	-	no:star_allele	ref	1	.	.	.	0
truth_stvar	chr10	127836670	127836670	.	1	1	0	0|1	.	.	.	.	.	-	-	ref	yes	1	.	.	.	0
truth_smvar	chr10	127836670	127836670	.	1	1,1	0	2|1	.	.	.	.	.	-	-	no:star_allele	no:duplicate_of_stvar	1	.	.	.	0
truth_stvar	chr10	127836710	127836710	.	1	1	0	1|0	.	.	.	.	.	-	-	no:star_allele	ref	1	.	.	.	0
truth_stvar	chr10	127836710	127836710	.	1	29	28	0|1	.	.	.	.	.	-	-	ref	yes	1	INS	34	.	0
truth_smvar	chr10	127836710	127836710	.	1	29,1	28	2|1	.	.	.	.	.	-	-	no:star_allele	no:duplicate_of_stvar	1	.	34	.	0
truth_stvar	chr10	127836752	127836752	.	1	1	0	1|0	.	.	.	.	.	-	-	yes	ref	1	.	.	.	0
truth_smvar	chr10	127836752	127836752	.	1	1	0	1|0	.	.	.	.	.	-	-	no:duplicate_of_stvar	ref	1	.	.	.	0
truth_stvar	chr10	127836786	127836786	.	1	1	0	0|1	.	.	.	.	.	-	-	ref	yes	1	.	.	.	0
truth_smvar	chr10	127836786	127836786	.	1	1	0	0|1	.	.	.	.	.	-	-	ref	no:duplicate_of_stvar	1	.	.	.	0
truth_stvar	chr10	127836803	127836803	.	1	4	3	0|1	.	.	.	.	.	-	-	ref	yes	1	.	.	.	0
truth_smvar	chr10	127836803	127836803	.	1	4	3	0|1	.	.	.	.	.	-	-	ref	no:duplicate_of_stvar	1	.	.	.	0
truth_stvar	chr10	127836812	127836812	.	1	1	0	1|0	.	.	.	.	.	-	-	yes	ref	1	.	.	.	0
truth_smvar	chr10	127836812	127836812	.	1	1	0	1|0	.	.	.	.	.	-	-	no:duplicate_of_stvar	ref	1	.	.	.	0
truth_stvar	chr10	127836846	127836846	.	1	1	0	0|1	.	.	.	.	.	-	-	ref	yes	1	.	.	.	0
truth_smvar	chr10	127836846	127836846	.	1	1	0	0|1	.	.	.	.	.	-	-	ref	no:duplicate_of_stvar	1	.	.	.	0
vg	chr10	127836846	127836846	>25625156>25625703	1	1	0	.|1	1	8.0351	PASS	-	-	.	.	.	.	.	.	.	.	0
truth_stvar	chr10	127836880	127836880	.	1	1	0	1|0	.	.	.	.	.	-	-	yes	ref	1	.	.	.	0
truth_smvar	chr10	127836880	127836880	.	1	1	0	1|0	.	.	.	.	.	-	-	no:duplicate_of_stvar	ref	1	.	.	.	0
pangenie	chr10	127836880	127836880	chr10-127836880-SNV->22859384>22859386>22859387-1	1	1	0	0/1	1	.	PASS	-	-	.	.	.	.	.	.	.	.	0
pangenie	chr10	127836914	127836914	chr10-127836914-SNV->22859406>22859408>22859409-1	1	1	0	0/1	1	.	PASS	-	-	.	.	.	.	.	.	.	.	0
truth_stvar	chr10	127836939	127836942	.	4	1	3	0|1	.	.	.	.	.	-	-	ref	yes	1	.	.	.	0
truth_smvar	chr10	127836939	127836942	.	4	1	3	0|1	.	.	.	.	.	-	-	ref	no:duplicate_of_stvar	1	.	.	.	0
pangenie	chr10	127836948	127836948	chr10-127836948-SNV->22859423>22859424>22859426-1	1	1	0	0/1	1	.	PASS	-	-	.	.	.	.	.	.	.	.	0
truth_stvar	chr10	127836982	127836982	.	1	1	0	0|1	.	.	.	.	.	-	-	ref	yes	1	.	.	.	0
truth_smvar	chr10	127836982	127836982	.	1	1	0	0|1	.	.	.	.	.	-	-	ref	no:duplicate_of_stvar	1	.	.	.	0
vg	chr10	127836982	127836982	>25626607>25626613	1	1	0	.|1	1	0.0274018	PASS	-	-	.	.	.	.	.	.	.	.	0
truth_stvar	chr10	127836990	127836990	.	1	1	0	0|1	.	.	.	.	.	-	-	ref	yes	1	.	.	.	0
truth_smvar	chr10	127836990	127836990	.	1	1	0	0|1	.	.	.	.	.	-	-	ref	no:duplicate_of_stvar	1	.	.	.	0
pangenie	chr10	127836990	127836990	chr10-127836990-SNV->22859453>22859455>22859456-1	1	1	0	0/1	1	.	PASS	-	-	.	.	.	.	.	.	.	.	0
truth_stvar	chr10	127837016	127837016	.	1	1	0	0|1	.	.	.	.	.	-	-	ref	yes	1	.	.	.	0
truth_smvar	chr10	127837016	127837016	.	1	1	0	0|1	.	.	.	.	.	-	-	ref	no:duplicate_of_stvar	1	.	.	.	0
truth_stvar	chr10	127837024	127837024	.	1	1	0	0|1	.	.	.	.	.	-	-	ref	yes	1	.	.	.	0
truth_smvar	chr10	127837024	127837024	.	1	1	0	0|1	.	.	.	.	.	-	-	ref	no:duplicate_of_stvar	1	.	.	.	0
truth_stvar	chr10	127837047	127837047	.	1	1	0	1|1	.	.	.	.	.	-	-	yes	yes	1	.	.	.	0
truth_smvar	chr10	127837047	127837047	.	1	1	0	1|1	.	.	.	.	.	-	-	no:duplicate_of_stvar	no:duplicate_of_stvar	1	.	.	.	0
vg	chr10	127837047	127837050	>25626649>25626668	4	4	0	.|1	1	35.8021	PASS	-	-	.	.	.	.	.	.	.	.	0
pangenie	chr10	127837047	127837047	chr10-127837047-SNV->22859496>22859498>22859499-1	1	1	0	0/1	1	.	PASS	-	-	.	.	.	.	.	.	.	.	0
truth_stvar	chr10	127837050	127837050	.	1	1	0	1|1	.	.	.	.	.	-	-	yes	yes	1	.	.	.	0
truth_smvar	chr10	127837050	127837050	.	1	1	0	1|1	.	.	.	.	.	-	-	no:duplicate_of_stvar	no:duplicate_of_stvar	1	.	.	.	0
vg	chr10	127837050	127837050	>25626652>25626655	1	1	0	.|1	1	1.28136	PASS	-	-	.	.	.	.	.	.	.	.	0
truth_stvar	chr10	127837075	127837075	.	1	4	3	0|1	.	.	.	.	.	-	-	ref	yes	1	.	.	.	0
truth_smvar	chr10	127837075	127837075	.	1	4	3	0|1	.	.	.	.	.	-	-	ref	no:duplicate_of_stvar	1	.	.	.	0
truth_stvar	chr10	127837084	127837087	.	4	1	3	1|0	.	.	.	.	.	-	-	yes	ref	1	.	.	.	0
truth_smvar	chr10	127837084	127837087	.	4	1	3	1|0	.	.	.	.	.	-	-	no:duplicate_of_stvar	ref	1	.	.	.	0
truth_stvar	chr10	127837109	127837109	.	1	1	0	0|1	.	.	.	.	.	-	-	ref	yes	1	.	.	.	0
truth_smvar	chr10	127837109	127837109	.	1	1	0	0|1	.	.	.	.	.	-	-	ref	no:duplicate_of_stvar	1	.	.	.	0
truth_stvar	chr10	127837118	127837118	.	1	1	0	0|1	.	.	.	.	.	-	-	ref	yes	1	.	.	.	0
truth_smvar	chr10	127837118	127837118	.	1	1	0	0|1	.	.	.	.	.	-	-	ref	no:duplicate_of_stvar	1	.	.	.	0
pangenie	chr10	127837118	127837118	chr10-127837118-SNV->22860466>22860468>22860469-1	1	1	0	0/1	1	.	PASS	-	-	.	.	.	.	.	.	.	.	0
truth_stvar	chr10	127837126	127837126	.	1	1	0	1|0	.	.	.	.	.	-	-	yes	ref	1	.	.	.	0
truth_smvar	chr10	127837126	127837126	.	1	1	0	1|0	.	.	.	.	.	-	-	no:duplicate_of_stvar	ref	1	.	.	.	0
truth_stvar	chr10	127837143	127837146	.	4	1	3	0|1	.	.	.	.	.	-	-	ref	yes	1	.	.	.	0
truth_smvar	chr10	127837143	127837146	.	4	1	3	0|1	.	.	.	.	.	-	-	ref	no:duplicate_of_stvar	1	.	.	.	0
pangenie	chr10	127837152	127837152	chr10-127837152-SNV->22860486>22860491>22860492-1	1	1	0	0/1	1	.	PASS	-	-	.	.	.	.	.	.	.	.	0
truth_stvar	chr10	127837177	127837180	.	4	1	3	1|0	.	.	.	.	.	-	-	yes	ref	1	.	.	.	0
truth_smvar	chr10	127837177	127837180	.	4	1	3	1|0	.	.	.	.	.	-	-	no:duplicate_of_stvar	ref	1	.	.	.	0
truth_stvar	chr10	127837186	127837186	.	1	1	0	1|1	.	.	.	.	.	-	-	yes	yes	1	.	.	.	0
truth_smvar	chr10	127837186	127837186	.	1	1	0	1|1	.	.	.	.	.	-	-	no:duplicate_of_stvar	no:duplicate_of_stvar	1	.	.	.	0
vg	chr10	127837186	127837186	>25626783>25626797	1	1	0	.|1	1	8.53217	PASS	-	-	.	.	.	.	.	.	.	.	0
truth_stvar	chr10	127837194	127837194	.	1	1	0	1|0	.	.	.	.	.	-	-	yes	ref	1	.	.	.	0
truth_smvar	chr10	127837194	127837194	.	1	1	0	1|0	.	.	.	.	.	-	-	no:duplicate_of_stvar	ref	1	.	.	.	0
truth_stvar	chr10	127837211	127837214	.	4	1	3	1|0	.	.	.	.	.	-	-	yes	ref	1	.	.	.	0
truth_smvar	chr10	127837211	127837214	.	4	1	3	1|0	.	.	.	.	.	-	-	no:duplicate_of_stvar	ref	1	.	.	.	0
truth_stvar	chr10	127837220	127837220	.	1	1	0	0|1	.	.	.	.	.	-	-	ref	yes	1	.	.	.	0
truth_smvar	chr10	127837220	127837220	.	1	1	0	0|1	.	.	.	.	.	-	-	ref	no:duplicate_of_stvar	1	.	.	.	0
vg	chr10	127837220	127837220	>25626825>25626828	1	1	0	.|1	1	19.5304	PASS	-	-	.	.	.	.	.	.	.	.	0
pangenie	chr10	127837220	127837220	chr10-127837220-SNV->22860604>22860609>22860610-1	1	1	0	0/1	1	.	PASS	-	-	.	.	.	.	.	.	.	.	0
truth_stvar	chr10	127837223	127837223	.	1	1	0	1|0	.	.	.	.	.	-	-	yes	ref	1	.	.	.	0
truth_smvar	chr10	127837223	127837223	.	1	1	0	1|0	.	.	.	.	.	-	-	no:duplicate_of_stvar	ref	1	.	.	.	0
truth_stvar	chr10	127837228	127837228	.	1	1	0	0|1	.	.	.	.	.	-	-	ref	yes	1	.	.	.	0
truth_smvar	chr10	127837228	127837228	.	1	1	0	0|1	.	.	.	.	.	-	-	ref	no:duplicate_of_stvar	1	.	.	.	0
truth_stvar	chr10	127837254	127837254	.	1	1	0	1|0	.	.	.	.	.	-	-	yes	ref	1	.	.	.	0
truth_stvar	chr10	127837254	127837254	.	1	4	3	0|1	.	.	.	.	.	-	-	ref	yes	1	.	.	.	0
truth_smvar	chr10	127837254	127837254	.	1	1,4	3	1|2	.	.	.	.	.	-	-	no:duplicate_of_stvar	no:duplicate_of_stvar	1	.	.	.	0
vg	chr10	127837254	127837254	>25626843>25626852	1	1	0	.|1	1	18.6457	PASS	-	-	.	.	.	.	.	.	.	.	0
pangenie	chr10	127837254	127837254	chr10-127837254-SNV->22860668>22860670>22860671-1	1	1	0	0/1	1	.	PASS	-	-	.	.	.	.	.	.	.	.	0
truth_stvar	chr10	127837262	127837262	.	1	1	0	1|1	.	.	.	.	.	-	-	yes	yes	1	.	.	.	0
truth_smvar	chr10	127837262	127837262	.	1	1	0	1|1	.	.	.	.	.	-	-	no:duplicate_of_stvar	no:duplicate_of_stvar	1	.	.	.	0
truth_stvar	chr10	127837288	127837288	.	1	1	0	1|0	.	.	.	.	.	-	-	yes	ref	1	.	.	.	0
truth_smvar	chr10	127837288	127837288	.	1	1	0	1|0	.	.	.	.	.	-	-	no:duplicate_of_stvar	ref	1	.	.	.	0
pangenie	chr10	127837288	127837288	chr10-127837288-SNV->22860717>22860723>22860727-1	1	1	0	0/1	1	.	PASS	-	-	.	.	.	.	.	.	.	.	0
truth_stvar	chr10	127837319	127837322	.	4	1	3	0|1	.	.	.	.	.	-	-	ref	yes	1	.	.	.	0
truth_smvar	chr10	127837319	127837322	.	4	1	3	0|1	.	.	.	.	.	-	-	ref	no:duplicate_of_stvar	1	.	.	.	0
truth_stvar	chr10	127837356	127837356	.	1	1	0	1|0	.	.	.	.	.	-	-	yes	ref	1	.	.	.	0
truth_smvar	chr10	127837356	127837356	.	1	1	0	1|0	.	.	.	.	.	-	-	no:duplicate_of_stvar	ref	1	.	.	.	0
pangenie	chr10	127837356	127837356	chr10-127837356-SNV->22860850>22860852>22860853-1	1	1	0	0/1	1	.	PASS	-	-	.	.	.	.	.	.	.	.	0
pangenie	chr10	127837364	127837364	chr10-127837364-SNV->22860882>22860883>22860886-1	1	1	0	0/1	1	.	PASS	-	-	.	.	.	.	.	.	.	.	0
truth_stvar	chr10	127837424	127837424	.	1	1	0	1|1	.	.	.	.	.	-	-	yes	yes	1	.	.	.	0
truth_smvar	chr10	127837424	127837424	.	1	1	0	1|1	.	.	.	.	.	-	-	no:duplicate_of_stvar	no:duplicate_of_stvar	1	.	.	.	0
vg	chr10	127837424	127837424	>25627307>25627310	1	1	0	1|0	1	32.6623	PASS	-	-	.	.	.	.	.	.	.	.	0
pangenie	chr10	127837424	127837424	chr10-127837424-SNV->22861030>22861032>22861033-1	1	1	0	0/1	1	.	PASS	-	-	.	.	.	.	.	.	.	.	0
truth_stvar	chr10	127837458	127837458	.	1	1	0	1|1	.	.	.	.	.	-	-	yes	yes	1	.	.	.	0
truth_smvar	chr10	127837458	127837458	.	1	1	0	1|1	.	.	.	.	.	-	-	no:duplicate_of_stvar	no:duplicate_of_stvar	1	.	.	.	0
vg	chr10	127837458	127837458	>25627704>25627707	1	1	0	1|0	1	33.0709	PASS	-	-	.	.	.	.	.	.	.	.	0
truth_stvar	chr10	127837492	127837495	.	4	1	3	0|1	.	.	.	.	.	-	-	ref	yes	1	.	.	.	0
truth_smvar	chr10	127837492	127837495	.	4	1	3	0|1	.	.	.	.	.	-	-	ref	no:duplicate_of_stvar	1	.	.	.	0
vg	chr10	127837492	127837492	>25627740>25627745	1	1	0	1|0	1	32.8168	PASS	-	-	.	.	.	.	.	.	.	.	0
pangenie	chr10	127837492	127837495	chr10-127837499-DEL->22861478>22861482-3	4	1	-3	0/1	1	.	PASS	-	-	.	.	.	.	.	.	.	.	0
truth_stvar	chr10	127837523	127837526	.	4	1	3	1|0	.	.	.	.	.	-	-	yes	ref	1	.	.	.	0
truth_smvar	chr10	127837523	127837526	.	4	1	3	1|0	.	.	.	.	.	-	-	no:duplicate_of_stvar	ref	1	.	.	.	0
pangenie	chr10	127837523	127837526	chr10-127837525-DEL->22861500>22861504-3	4	1	-3	0/1	1	.	PASS	-	-	.	.	.	.	.	.	.	.	0
vg	chr10	127837526	127837526	>25627776>25627783	1	1	0	1|0	1	6.94487	PASS	-	-	.	.	.	.	.	.	.	.	0
truth_stvar	chr10	127837551	127837554	.	4	1	3	1|0	.	.	.	.	.	-	-	yes	ref	1	.	.	.	0
truth_smvar	chr10	127837551	127837554	.	4	1	3	1|0	.	.	.	.	.	-	-	no:duplicate_of_stvar	ref	1	.	.	.	0
vg	chr10	127837560	127837560	>25627808>25627812	1	1	0	1|0	1	41.712	PASS	-	-	.	.	.	.	.	.	.	.	0
pangenie	chr10	127837560	127837560	chr10-127837560-SNV->22861532>22861534>22861536-1	1	1	0	0/1	1	.	PASS	-	-	.	.	.	.	.	.	.	.	0
vg	chr10	127837567	127837567	>25627818>25627826	1	4	3	1|0	1	43.6884	PASS	-	-	.	.	.	.	.	.	.	.	0
pangenie	chr10	127837588	127837588	chr10-127837588-SNV->22861568>22861570>22861571-1	1	1	0	0/1	1	.	PASS	-	-	.	.	.	.	.	.	.	.	0
truth_stvar	chr10	127837594	127837594	.	1	1	0	1|1	.	.	.	.	.	-	-	yes	yes	1	.	.	.	0
truth_smvar	chr10	127837594	127837594	.	1	1	0	1|1	.	.	.	.	.	-	-	no:duplicate_of_stvar	no:duplicate_of_stvar	1	.	.	.	0
vg	chr10	127837594	127837594	>25627850>25627854	1	1	0	0|1	1	0.70294	PASS	-	-	.	.	.	.	.	.	.	.	0
pangenie	chr10	127837594	127837594	chr10-127837594-SNV->22861574>22861576>22861578-1	1	1	0	1/1	1	.	PASS	-	-	.	.	.	.	.	.	.	.	0
pangenie	chr10	127837594	127837594	chr10-127837619-INS->22861594>22861626>22861627>22861629>22861630>22861632>22861633>22861635>22861636>22861637>22861639>22861640>22861642>22861643>22861645>22861646>22861650>22861651>22861652>22861653>22861655>22861656>22861658>22861659>22861660>22861662>22861663>22861664>22861666>22861668>22861669>22861670>22861672>22861674>22861675>22861676>22861678>22861679>22861681>22861683>22861684>22861685>22861737>22861739>22861749>22861750>22861777>22861778>22861780>22861781>22861789>22861790>22861792>22861794>22861795>22861797>22861798>22861803>22861804>22861806>22861807>22861808>22861810>22861812>22861813>22861814>22861816>22861818>22861819>22861821>22861822>22861824>22861825>22861827>22861828>22861830>22861831>22861832>22861833>22861835>22861836>22861838>22861840>22861841>22861843>22861844>22861846>22861847>22861848>22861850>22861851>22861853>22861854>22861856>22861857>22861858>22861860>22861861>22861863>22861864>22861866>22861867>22861869>22861871>22861872>22861873>22861874>22861875>22861878>22861880>22861882>22861883>22861884>22861886>22861888>22861890>22861891>22861892>22861894>22861896>22861897>22861898>22861900>22861901>22861903>22861905>22861906>22861908>22861910>22861911>22861912>22861914>22861915>22861917>22861919>22861920>22861922>22861923>22861924>22861925>22861928>22861929>22861930>22861932>22861933>22861935>22861936>22861938>22861939>22861941>22861942>22861944>22861945>22861947>22861948>22861949>22861951>22861952>22861954>22861955>22861957>22861960>22861961>22861962>22861965>22861966>22861968>22861970>22861971>22861972>22861974>22861976>22861977>22861978>22861980>22861981>22861983>22861984>22861986>22861987>22861989>22861990>22861992>22861994>22861995>22861996>22861997>22861999>22862005>22862007>22862008>22862010>22862011>22862012>22862014>22862015>22862017>22862019>22862020>22862022>22862023>22862024>22862026>22862027>22862029>22862030>22862032>22862033>22862034>22862035>22862038>22862039>22862040>22862042>22862043>22862045>22862046>22862048>22862049>22862052>22862053>22862055>22862056>22862058>22862059>22862061>22862062>22862064>22862065>22862066>22862067>22862069>22862070>22862071>22862073>22862074>22862075>22862077>22862079>22862080>22862081>22862082>22862084>22862085>22862086>22862088>22862089>22862091>22862092>22862093>22862096>22862097>22862098>22862100>22862101>22862103>22862104>22862107>22862108>22862109>22862111>22862112>22862113>22862115>22862116>22862118>22862120>22862121>22862122>22862124>22862125>22862126>22862128>22862129>22862131>22862133>22862134>22862135>22862137>22862138>22862140>22862141>22862143>22862144>22862146>22862148>22862149>22862151>22862152>22862154>22862155>22862156>22862158>22862160>22862161>22862162>22862164>22862165>22862167>22862168>22862169>22862171>22862174>22862175>22862177>22862178>22862180>22862181>22862182>22862184>22862185>22862186>22862188>22862189>22862191>22862193>22862195>22862196>22862197>22862199>22862201>22862202>22862203>22862205>22862206>22862208>22862209>22862210>22862211>22862213>22862214>22862216>22862218>22862219>22862220>22862227>22862228>22862231>22862232>22862233>22862235>22862236>22862238>22862239>22862241>22862243>22862244>22862246>22862247>22862248>22862250>22862251>22862253>22862254>22862256>22862257>22862258>22862260>22862262>22862263>22862265>22862266>22862267>22862271>22862272>22862273>22862274>22862275>22862277>22862278>22862279>22862281>22862282>22862284>22862286>22862287>22862288>22862291>22862293>22862294>22862295>22862297>22862298>22862300>22862301>22862303>22862304>22862305>22862307>22862308>22862310>22862312>22862313>22862314>22862316>22862317>22862319>22862320>22862322>22862323>22862325>22862567>22862568>22862570>22862571-1171	1	1172	1171	0/1	1	.	PASS	FP	-	.	.	.	.	.	.	.	665.28,665.17	0
vg	chr10	127837602	127837602	>25627860>25627864	1	1	0	1|0	1	24.6401	PASS	-	-	.	.	.	.	.	.	.	.	0
vg	chr10	127837619	127837690	>25627870>25628919	72	1	-71	2|1	1	69.5036	PASS	FP	-	.	.	.	.	.	.	.	679.0,679.16	0
vg	chr10	127837619	127837690	>25627870>25628919	72	1176	1104	2|1	1	69.5036	PASS	FP	-	.	.	.	.	.	.	.	679.28,679.17	0
truth_stvar	chr10	127837628	127837628	.	1	1	0	0|1	.	.	.	.	.	-	-	ref	yes	1	.	.	.	0
truth_smvar	chr10	127837628	127837628	.	1	1	0	0|1	.	.	.	.	.	-	-	ref	no:duplicate_of_stvar	1	.	.	.	0
pangenie	chr10	127837628	127837628	chr10-127837628-SNV->22862577>22862579>22862580-1	1	1	0	1/0	1	.	PASS	-	-	.	.	.	.	.	.	.	.	0
pangenie	chr10	127837636	127837636	chr10-127837636-SNV->22862590>22862592>22862594-1	1	1	0	1/1	1	.	PASS	-	-	.	.	.	.	.	.	.	.	0
truth_stvar	chr10	127837662	127837662	.	1	1	0	0|1	.	.	.	.	.	-	-	ref	yes	1	.	.	.	0
truth_smvar	chr10	127837662	127837662	.	1	1	0	0|1	.	.	.	.	.	-	-	ref	no:duplicate_of_stvar	1	.	.	.	0
vg	chr10	127837662	127837665	>25627934>25627938	4	1	-3	1|.	1	54.6145	PASS	-	-	.	.	.	.	.	.	.	.	0
pangenie	chr10	127837662	127837662	chr10-127837662-SNV->22862605>22862607>22862608-1	1	1	0	1/0	1	.	PASS	-	-	.	.	.	.	.	.	.	.	0
pangenie	chr10	127837670	127837670	chr10-127837670-SNV->22862614>22862616>22862617-1	1	1	0	1/0	1	.	PASS	-	-	.	.	.	.	.	.	.	.	0
truth_stvar	chr10	127837696	127837696	.	1	1	0	0|1	.	.	.	.	.	-	-	ref	yes	1	.	.	.	0
truth_smvar	chr10	127837696	127837696	.	1	1	0	0|1	.	.	.	.	.	-	-	ref	no:duplicate_of_stvar	1	.	.	.	0
vg	chr10	127837699	127837730	>25628919>25628985	32	35	3	1|0	1	22.9506	PASS	-	-	.	.	.	.	.	.	.	.	0
vg	chr10	127837706	127837706	>25628931>25628936	1	4	3	1|0	1	4.66401	PASS	-	-	.	.	.	.	.	.	.	.	0
truth_stvar	chr10	127837730	127837730	.	1	1	0	0|1	.	.	.	.	.	-	-	ref	yes	1	.	.	.	0
truth_smvar	chr10	127837730	127837730	.	1	1	0	0|1	.	.	.	.	.	-	-	ref	no:duplicate_of_stvar	1	.	.	.	0
vg	chr10	127837730	127837730	>25628944>25628947	1	1	0	1|0	1	1.89521	PASS	-	-	.	.	.	.	.	.	.	.	0
pangenie	chr10	127837730	127837730	chr10-127837730-SNV->22862656>22862658>22862659-1	1	1	0	1/0	1	.	PASS	-	-	.	.	.	.	.	.	.	.	0
pangenie	chr10	127837764	127837767	chr10-127837771-DEL->22862688>22862694-3	4	1	-3	1/0	1	.	PASS	-	-	.	.	.	.	.	.	.	.	0
pangenie	chr10	127837792	127837823	chr10-127837794-DEL->22862708>22862723-31	32	1	-31	1/0	1	.	PASS	-	-	.	.	.	.	.	.	.	.	0
vg	chr10	127837798	127837866	>25629003>25629152	69	168	99	0|1	1	27.7412	PASS	FP	-	.	.	.	.	.	.	.	679.17,679.18	0
truth_stvar	chr10	127837823	127837826	.	4	1	3	0|1	.	.	.	.	.	-	-	ref	yes	1	.	.	.	0
truth_smvar	chr10	127837823	127837826	.	4	1	3	0|1	.	.	.	.	.	-	-	ref	no:duplicate_of_stvar	1	.	.	.	0
pangenie	chr10	127837823	127837823	chr10-127837842-INS->22862750>22862751>22862753>22862754-3	1	4	3	1/1	1	.	PASS	-	-	.	.	.	.	.	.	.	.	0
pangenie	chr10	127837829	127837829	chr10-127837829-INS->22862723>22862725>22862727>22862729>22862730-3	1	4	3	0/1	1	.	PASS	-	-	.	.	.	.	.	.	.	.	0
truth_stvar	chr10	127837832	127837832	.	1	1	0	1|0	.	.	.	.	.	-	-	yes	ref	1	.	.	.	0
truth_smvar	chr10	127837832	127837832	.	1	1	0	1|0	.	.	.	.	.	-	-	no:duplicate_of_stvar	ref	1	.	.	.	0
vg	chr10	127837832	127837832	>25629032>25629048	1	1	0	1|1	1	24.7361	PASS	-	-	.	.	.	.	.	.	.	.	0
vg	chr10	127837833	127837836	>25629035>25629037	4	1	-3	0|1	1	2.44344	PASS	-	-	.	.	.	.	.	.	.	.	0
pangenie	chr10	127837835	127837835	chr10-127837835-INS->22862733>22862734>22862736>22862737>22862738>22862739>22862741>22862742>22862744>22862746>22862747-28	1	29	28	1/0	1	.	PASS	-	-	.	.	.	.	.	.	.	.	0
pangenie	chr10	127837835	127837835	chr10-127837835-INS->22862733>22862734>22862735>22862737>22862738>22862739>22862741>22862742>22862744>22862746>22862747-28	1	29	28	0/1	1	.	PASS	-	-	.	.	.	.	.	.	.	.	0
pangenie	chr10	127837857	127837857	chr10-127837876-INS->22862775>22862777>22862779>22862780>22862781-3	1	4	3	1/1	1	.	PASS	-	-	.	.	.	.	.	.	.	.	0
pangenie	chr10	127837860	127837860	chr10-127837862-INS->22862760>22862761>22862763>22862764>22862766>22862767>22862768>22862769-31	1	32	31	0/1	1	.	PASS	-	-	.	.	.	.	.	.	.	.	0
truth_stvar	chr10	127837866	127837866	.	1	63	62	0|1	.	.	.	.	.	TP	TP	ref	yes	1	INS	34	.	0
truth_smvar	chr10	127837866	127837866	.	1	63	62	0|1	.	.	.	.	.	-	-	ref	no:duplicate_of_stvar	1	.	34	.	0
vg	chr10	127837866	127837866	>25629029>25629076	1	1	0	1|1	1	32.8538	PASS	-	-	.	.	.	.	.	.	.	.	0
pangenie	chr10	127837866	127837869	chr10-127837866-DEL->22862771>22862774>22862775-3	4	1	-3	1/0	1	.	PASS	-	-	.	.	.	.	.	.	.	.	0
vg	chr10	127837868	127837868	>25629029>25629076	1	29	28	1|1	1	32.8538	PASS	-	-	.	.	.	.	.	.	.	.	0
pangenie	chr10	127837869	127837869	chr10-127837869-SNV->22862772>22862774>22862775-1	1	1	0	0/1	1	.	PASS	-	-	.	.	.	.	.	.	.	.	0
vg	chr10	127837872	127837872	>25629029>25629076	1	1	0	1|1	1	32.8538	PASS	-	-	.	.	.	.	.	.	.	.	0
vg	chr10	127837876	127837876	>25629079>25629121	1	59	58	1|1	1	14.3402	PASS	TP	-	.	.	.	.	.	.	.	679.19,679.19	0
vg	chr10	127837880	127837880	>25629124>25629143	1	17	16	1|1	1	9.16203	PASS	-	-	.	.	.	.	.	.	.	.	0
vg	chr10	127837895	127837895	>25629154>25629189	1	32	31	2|1	1	20.7548	PASS	-	-	.	.	.	.	.	.	.	.	0
vg	chr10	127837895	127837895	>25629154>25629189	1	32	31	2|1	1	20.7548	PASS	-	-	.	.	.	.	.	.	.	.	0
pangenie	chr10	127837897	127837900	chr10-127837897-DEL->22862799>22862802>22862803-3	4	1	-3	1/0	1	.	PASS	-	-	.	.	.	.	.	.	.	.	0
truth_stvar	chr10	127837900	127837900	.	1	1	0	1|1	.	.	.	.	.	-	-	yes	yes	1	.	.	.	0
truth_smvar	chr10	127837900	127837900	.	1	1	0	1|1	.	.	.	.	.	-	-	no:duplicate_of_stvar	no:duplicate_of_stvar	1	.	.	.	0
vg	chr10	127837909	127837909	>25629198>25629202	1	4	3	1|0	1	10.7297	PASS	-	-	.	.	.	.	.	.	.	.	0
vg	chr10	127837931	127837934	>25629208>25629212	4	1	-3	1|0	1	7.18985	PASS	-	-	.	.	.	.	.	.	.	.	0
pangenie	chr10	127837931	127837934	chr10-127837933-DEL->22862824>22862873-3	4	1	-3	0/1	1	.	PASS	-	-	.	.	.	.	.	.	.	.	0
pangenie	chr10	127837934	127837934	chr10-127837936-INS->22862868>22862870>22862872>22862873-3	1	4	3	1/0	1	.	PASS	-	-	.	.	.	.	.	.	.	.	0
pangenie	chr10	127837934	127837934	chr10-127837944-INS->22862877>22862889>22862891>22862892-3	1	4	3	1/1	1	.	PASS	-	-	.	.	.	.	.	.	.	.	0
pangenie	chr10	127837934	127837934	chr10-127837934-INS->22862824>22862825>22862827>22862829>22862830>22862831>22862834>22862835>22862836>22862838>22862839>22862841>22862842>22862844>22862845>22862846>22862847>22862849>22862850>22862852>22862853>22862855>22862859>22862860>22862861>22862863>22862864>22862865>22862867>22862868-65	1	66	65	1/0	1	.	PASS	TP	-	.	.	.	.	.	.	.	665.19,665.18	0
vg	chr10	127837966	127837966	>25629224>25629247	1	29	28	1|0	1	24.2303	PASS	-	-	.	.	.	.	.	.	.	.	0
truth_stvar	chr10	127837968	127837968	.	1	1	0	1|1	.	.	.	.	.	-	-	yes	yes	1	.	.	.	0
truth_smvar	chr10	127837968	127837968	.	1	1	0	1|1	.	.	.	.	.	-	-	no:duplicate_of_stvar	no:duplicate_of_stvar	1	.	.	.	0
vg	chr10	127837968	127837968	>25629221>25629253	1	1	0	2|1	1	28.8277	PASS	-	-	.	.	.	.	.	.	.	.	0
vg	chr10	127837968	127837968	>25629221>25629253	1	32	31	2|1	1	28.8277	PASS	-	-	.	.	.	.	.	.	.	.	0
pangenie	chr10	127837968	127837968	chr10-127837968-SNV->22862905>22862907>22862908-1	1	1	0	0/1	1	.	PASS	-	-	.	.	.	.	.	.	.	.	0
vg	chr10	127837970	127837970	>25629253>25629257	1	3	2	1|1	1	26.1848	PASS	-	-	.	.	.	.	.	.	.	.	0
vg	chr10	127837971	127837971	>25629257>25629259	1	2	1	1|1	1	27.6883	PASS	-	-	.	.	.	.	.	.	.	.	0
vg	chr10	127837974	127837974	>25629262>25629281	1	29	28	1|1	1	27.5752	PASS	-	-	.	.	.	.	.	.	.	.	0
vg	chr10	127837976	127837976	>25629281>25629285	1	4	3	1|1	1	21.8116	PASS	-	-	.	.	.	.	.	.	.	.	0
pangenie	chr10	127837976	127837976	chr10-127837976-SNV->22862916>22862917>22862919-1	1	1	0	1/0	1	.	PASS	-	-	.	.	.	.	.	.	.	.	0
truth_stvar	chr10	127837993	127837996	.	4	1	3	0|1	.	.	.	.	.	-	-	ref	yes	1	.	.	.	0
truth_smvar	chr10	127837993	127837996	.	4	1	3	0|1	.	.	.	.	.	-	-	ref	no:duplicate_of_stvar	1	.	.	.	0
pangenie	chr10	127837996	127837996	chr10-127838016-INS->22862970>22862975>22862976>22862978>22862979>22862984>22862986>22862987-16	1	17	16	0/1	1	.	PASS	-	-	.	.	.	.	.	.	.	.	0
vg	chr10	127837999	127838002	>25629290>25629294	4	1	-3	2|1	1	11.3509	PASS	-	-	.	.	.	.	.	.	.	.	0
vg	chr10	127837999	127838002	>25629290>25629294	4	4	0	2|1	1	11.3509	PASS	-	-	.	.	.	.	.	.	.	.	0
pangenie	chr10	127837999	127837999	chr10-127837999-INS->22862931>22862932>22862934>22862935-3	1	4	3	0/1	1	.	PASS	-	-	.	.	.	.	.	.	.	.	0
truth_stvar	chr10	127838002	127838002	.	1	1	0	1|1	.	.	.	.	.	-	-	yes	yes	1	.	.	.	0
truth_smvar	chr10	127838002	127838002	.	1	1	0	1|1	.	.	.	.	.	-	-	no:duplicate_of_stvar	no:duplicate_of_stvar	1	.	.	.	0
pangenie	chr10	127838005	127838005	chr10-127838009-INS->22862943>22862945>22862947>22862948>22862950>22862951>22862952>22862954>22862955>22862957>22862958-28	1	29	28	1/0	1	.	PASS	-	-	.	.	.	.	.	.	.	.	0
pangenie	chr10	127838010	127838010	chr10-127838012-INS->22862961>22862963>22862964>22862965-3	1	4	3	1/0	1	.	PASS	-	-	.	.	.	.	.	.	.	.	0
pangenie	chr10	127838010	127838010	chr10-127838016-INS->22862970>22862971>22862972>22862974>22862975>22862976>22862977>22862979>22862981>22862982>22862983>22862984>22862986>22862987-34	1	35	34	1/0	1	.	PASS	-	-	.	.	.	.	.	.	.	.	0
pangenie	chr10	127838010	127838012	chr10-127838010-COMPLEX->22862943>22862945>22862947>22862948>22862950>22862968-18	3	18	15	0/1	1	.	PASS	-	-	.	.	.	.	.	.	.	.	0
vg	chr10	127838012	127838012	>25629304>25629319	1	35	34	1|0	1	13.6583	PASS	-	-	.	.	.	.	.	.	.	.	0
truth_stvar	chr10	127838036	127838036	.	1	1	0	1|1	.	.	.	.	.	-	-	yes	yes	1	.	.	.	0
truth_smvar	chr10	127838036	127838036	.	1	1	0	1|1	.	.	.	.	.	-	-	no:duplicate_of_stvar	no:duplicate_of_stvar	1	.	.	.	0
vg	chr10	127838036	127838036	>25629358>25629385	1	1	0	1|0	1	17.0739	PASS	-	-	.	.	.	.	.	.	.	.	0
pangenie	chr10	127838036	127838036	chr10-127838070-INS->22863062>22863064>22863065>22863066>22863067>22863068>22863069>22863070>22863072>22863074>22863075>22863076>22863078>22863079>22863081>22863083>22863084-34	1	35	34	1/0	1	.	PASS	-	-	.	.	.	.	.	.	.	.	0
pangenie	chr10	127838036	127838036	chr10-127838120-INS->22863127>22863128>22863130>22863131>22863133>22863134>22863135>22863136>22863138>22863139>22863141>22863142>22863144>22863145>22863147>22863148>22863150>22863151>22863153>22863157>22863158>22863159>22863161>22863162>22863164>22863165>22863170>22863173>22863174>22863187>22863188>22863227>22863228-68	1	69	68	1/0	1	.	PASS	FP	-	.	.	.	.	.	.	.	665.19,665.19	0
vg	chr10	127838041	127838044	>25629387>25629394	4	1	-3	1|0	1	13.4962	PASS	-	-	.	.	.	.	.	.	.	.	0
vg	chr10	127838045	127838045	>25629394>25629413	1	38	37	1|0	1	14.6947	PASS	-	-	.	.	.	.	.	.	.	.	0
vg	chr10	127838070	127838070	>25629419>25629423	1	1	0	0|1	1	9.65628	PASS	-	-	.	.	.	.	.	.	.	.	0
pangenie	chr10	127838070	127838070	chr10-127838070-INS->22863062>22863064>22863065>22863066>22863067>22863068>22863069>22863070>22863072>22863074>22863075>22863076>22863078>22863082>22863084-31	1	32	31	0/1	1	.	PASS	-	-	.	.	.	.	.	.	.	.	0
pangenie	chr10	127838073	127838073	chr10-127838073-SNV->22863084>22863086>22863087-1	1	1	0	0/1	1	.	PASS	-	-	.	.	.	.	.	.	.	.	0
vg	chr10	127838077	127838080	>25629430>25629518	4	1	-3	0|1	1	23.0198	PASS	-	-	.	.	.	.	.	.	.	.	0
pangenie	chr10	127838104	127838104	chr10-127838104-INS->22863103>22863104>22863106>22863110>22863111>22863113>22863114-28	1	29	28	1/0	1	.	PASS	-	-	.	.	.	.	.	.	.	.	0
pangenie	chr10	127838107	127838107	chr10-127838120-INS->22863127>22863128>22863130>22863131>22863133>22863134>22863135>22863136>22863138>22863139>22863141>22863142>22863144>22863145>22863147>22863148>22863150>22863151>22863153>22863157>22863158>22863159>22863161>22863163>22863164>22863169>22863170>22863171>22863174>22863175>22863176>22863179>22863180>22863181>22863183>22863184>22863186>22863187>22863188>22863227>22863228-96	1	97	96	0/1	1	.	PASS	FP	-	.	.	.	.	.	.	.	665.11,665.20	0
pangenie	chr10	127838112	127838112	chr10-127838112-SNV->22863117>22863119>22863120-1	1	1	0	0/1	1	.	PASS	-	-	.	.	.	.	.	.	.	.	0
truth_stvar	chr10	127838129	127838132	.	4	1	3	0|1	.	.	.	.	.	-	-	ref	yes	1	.	.	.	0
truth_smvar	chr10	127838129	127838132	.	4	1	3	0|1	.	.	.	.	.	-	-	ref	no:duplicate_of_stvar	1	.	.	.	0
pangenie	chr10	127838138	127838138	chr10-127838138-SNV->22863707>22863709>22863711-1	1	1	0	1/0	1	.	PASS	-	-	.	.	.	.	.	.	.	.	0
pangenie	chr10	127838138	127838141	chr10-127838145-DEL->22863717>22863726-3	4	1	-3	1/0	1	.	PASS	-	-	.	.	.	.	.	.	.	.	0
pangenie	chr10	127838146	127838146	chr10-127838146-SNV->22863717>22863719>22863720-1	1	1	0	0/1	1	.	PASS	-	-	.	.	.	.	.	.	.	.	0
pangenie	chr10	127838180	127838180	chr10-127838180-SNV->22863763>22863765>22863766-1	1	1	0	1/0	1	.	PASS	-	-	.	.	.	.	.	.	.	.	0
truth_stvar	chr10	127838206	127838206	.	1	1	0	0|1	.	.	.	.	.	-	-	ref	yes	1	.	.	.	0
truth_smvar	chr10	127838206	127838206	.	1	1	0	0|1	.	.	.	.	.	-	-	ref	no:duplicate_of_stvar	1	.	.	.	0
pangenie	chr10	127838234	127838234	chr10-127838333-INS->22863904>22863906>22863907>22863908>22863910>22863911>22863917>22863918>22863920>22863921>22863923>22863925>22863926>22863928>22863929>22863931>22863932>22863939>22864221>22864223>22864224>22864225>22864226>22864228>22864232>22864233>22864235>22864236>22864238>22864239>22864241>22864242>22864243>22864245>22864246>22864248>22864249>22864251>22864253>22864254>22864256>22864259>22864260>22864262>22864263>22864264>22864265>22864267>22864269>22864270>22864272>22864273>22864275>22864276>22864278>22864280>22864281>22864282>22864283>22864284>22864285>22864286>22864288>22864289>22864291>22864292>22864294>22864296>22864297>22864298>22864300>22864302>22864303>22864305>22864306>22864307>22864309>22864310>22864312>22864313>22864315>22864317>22864318>22864319>22864320>22864322>22864324>22864325>22864327>22864328>22864329>22864331>22864332>22864333>22864335>22864336>22864337>22864338>22864340>22864342>22864344>22864345>22864347>22864349>22864351>22864352>22864353>22864355>22864356>22864359>22864360>22864362>22864363>22864365>22864366>22864367>22864368>22864369>22864371>22864373>22864374>22864378>22864379>22864381>22864382>22864383>22864384>22864387>22864388>22864390>22864391>22864392>22864394>22864395>22864396>22864398>22864399>22864401>22864402>22864404>22864408>22864409>22864411>22864412>22864414>22864416>22864417>22864418>22864420>22864422>22864423>22864425>22864426>22864428>22864435>22864436>22864437>22864439>22864441>22864442>22864443>22864444>22864446>22864447>22864449>22864450>22864452>22864453>22864454>22864457>22864459>22864460>22864462>22864463>22864465>22864466>22864468>22864469>22864471>22864472>22864474>22864476>22864477>22864479>22864480>22864482>22864483>22864485>22864487>22864488>22864490>22864491>22864493>22864495>22864496>22864497>22864499>22864503>22864504>22864506>22864507>22864509>22864511>22864512>22864513>22864515>22864516>22864520>22864521>22864523>22864524>22864526>22864527>22864530>22864531>22864532>22864534>22864535>22864536>22864537>22864539>22864541>22864542>22864544>22864546>22864552>22864553>22864554>22864556>22864557>22864560>22864561>22864562>22864564>22864565>22864566>22864567>22864568>22864570>22864571>22864573>22864574>22864576>22864577>22864578>22864579>22864580>22864581>22864583>22864584-900	1	901	900	0/1	1	.	PASS	FP	-	.	.	.	.	.	.	.	665.4,665.21	0
truth_stvar	chr10	127838240	127838240	.	1	1	0	0|1	.	.	.	.	.	-	-	ref	yes	1	.	.	.	0
truth_smvar	chr10	127838240	127838240	.	1	1	0	0|1	.	.	.	.	.	-	-	ref	no:duplicate_of_stvar	1	.	.	.	0
truth_stvar	chr10	127838271	127838274	.	4	1	3	0|1	.	.	.	.	.	-	-	ref	yes	1	.	.	.	0
truth_smvar	chr10	127838271	127838274	.	4	1	3	0|1	.	.	.	.	.	-	-	ref	no:duplicate_of_stvar	1	.	.	.	0
pangenie	chr10	127838271	127838271	chr10-127838271-SNV->22863858>22863860>22863861-1	1	1	0	0/1	1	.	PASS	-	-	.	.	.	.	.	.	.	.	0
pangenie	chr10	127838274	127838274	chr10-127838274-SNV->22863861>22863863>22863864-1	1	1	0	0/1	1	.	PASS	-	-	.	.	.	.	.	.	.	.	0
vg	chr10	127838299	127838302	>25630166>25630172	4	1	-3	0|1	1	20.7585	PASS	-	-	.	.	.	.	.	.	.	.	0
pangenie	chr10	127838299	127838302	chr10-127838299-DEL->22863875>22863881-3	4	1	-3	0/1	1	.	PASS	-	-	.	.	.	.	.	.	.	.	0
vg	chr10	127838308	127838308	>25630175>25630178	1	1	0	0|1	1	21.074	PASS	-	-	.	.	.	.	.	.	.	.	0
truth_stvar	chr10	127838316	127838316	.	1	1	0	0|1	.	.	.	.	.	-	-	ref	yes	1	.	.	.	0
truth_smvar	chr10	127838316	127838316	.	1	1	0	0|1	.	.	.	.	.	-	-	ref	no:duplicate_of_stvar	1	.	.	.	0
truth_stvar	chr10	127838333	127838333	.	1	4	3	0|1	.	.	.	.	.	-	-	ref	yes	1	.	.	.	0
truth_smvar	chr10	127838333	127838333	.	1	4	3	0|1	.	.	.	.	.	-	-	ref	no:duplicate_of_stvar	1	.	.	.	0
vg	chr10	127838339	127838339	>25630894>25630897	1	1	0	0|1	1	23.4414	PASS	-	-	.	.	.	.	.	.	.	.	0
pangenie	chr10	127838339	127838339	chr10-127838339-SNV->22864589>22864591>22864592-1	1	1	0	1/1	1	.	PASS	-	-	.	.	.	.	.	.	.	.	0
vg	chr10	127838342	127838342	>25630898>25630902	1	1	0	0|1	1	21.9356	PASS	-	-	.	.	.	.	.	.	.	.	0
pangenie	chr10	127838342	127838342	chr10-127838342-SNV->22864593>22864594>22864597-1	1	1	0	1/1	1	.	PASS	-	-	.	.	.	.	.	.	.	.	0
truth_stvar	chr10	127838347	127838347	.	1	1	0	0|1	.	.	.	.	.	-	-	ref	yes	1	.	.	.	0
truth_smvar	chr10	127838347	127838347	.	1	1	0	0|1	.	.	.	.	.	-	-	ref	no:duplicate_of_stvar	1	.	.	.	0
truth_stvar	chr10	127838373	127838373	.	1	1	0	1|1	.	.	.	.	.	-	-	yes	yes	1	.	.	.	0
truth_smvar	chr10	127838373	127838373	.	1	1	0	1|1	.	.	.	.	.	-	-	no:duplicate_of_stvar	no:duplicate_of_stvar	1	.	.	.	0
vg	chr10	127838373	127838373	>25630930>25630937	1	1	0	1|1	1	20.7563	PASS	-	-	.	.	.	.	.	.	.	.	0
pangenie	chr10	127838373	127838373	chr10-127838373-SNV->22864629>22864631>22864632-1	1	1	0	0/1	1	.	PASS	-	-	.	.	.	.	.	.	.	.	0
truth_stvar	chr10	127838381	127838381	.	1	1	0	0|1	.	.	.	.	.	-	-	ref	yes	1	.	.	.	0
truth_smvar	chr10	127838381	127838381	.	1	1	0	0|1	.	.	.	.	.	-	-	ref	no:duplicate_of_stvar	1	.	.	.	0
vg	chr10	127838381	127838381	>25630940>25630943	1	1	0	1|0	1	16.7847	PASS	-	-	.	.	.	.	.	.	.	.	0
pangenie	chr10	127838398	127838401	chr10-127838398-DEL->22864643>22864647-3	4	1	-3	0/1	1	.	PASS	-	-	.	.	.	.	.	.	.	.	0
pangenie	chr10	127838407	127838407	chr10-127838417-INS->22864866>22864867>22864869>22864871-3	1	4	3	0/1	1	.	PASS	-	-	.	.	.	.	.	.	.	.	0
pangenie	chr10	127838407	127838407	chr10-127838407-INS->22864652>22864653>22864658>22864660>22864661>22864662>22864664>22864665>22864666>22864668>22864669>22864671>22864672>22864674>22864675>22864677>22864678>22864680>22864681>22864686>22864687>22864689>22864690>22864691>22864693>22864696>22864697>22864698>22864700>22864702>22864703>22864704>22864706>22864707>22864710>22864712>22864713>22864715>22864716>22864718>22864719>22864721>22864722>22864725>22864726>22864727>22864728>22864729>22864730>22864734>22864735>22864737>22864738>22864739>22864741>22864742>22864851>22864852>22864854>22864855-133	1	134	133	0/1	1	.	PASS	FP	-	.	.	.	.	.	.	.	665.1,665.22	0
pangenie	chr10	127838410	127838410	chr10-127838410-SNV->22864855>22864857>22864859-1	1	1	0	0/1	1	.	PASS	-	-	.	.	.	.	.	.	.	.	0
truth_stvar	chr10	127838415	127838415	.	1	1	0	0|1	.	.	.	.	.	-	-	ref	yes	1	.	.	.	0
truth_smvar	chr10	127838415	127838415	.	1	1	0	0|1	.	.	.	.	.	-	-	ref	no:duplicate_of_stvar	1	.	.	.	0
truth_stvar	chr10	127838432	127838432	.	1	4	3	1|0	.	.	.	.	.	-	-	yes	ref	1	.	.	.	0
truth_smvar	chr10	127838432	127838432	.	1	4	3	1|0	.	.	.	.	.	-	-	no:duplicate_of_stvar	ref	1	.	.	.	0
pangenie	chr10	127838438	127838438	chr10-127838438-SNV->22864885>22864887>22864888-1	1	1	0	0/1	1	.	PASS	-	-	.	.	.	.	.	.	.	.	0
pangenie	chr10	127838438	127838441	chr10-127838438-DEL->22864885>22864890>22864892-3	4	1	-3	1/0	1	.	PASS	-	-	.	.	.	.	.	.	.	.	0
truth_stvar	chr10	127838441	127838441	.	1	1	0	1|0	.	.	.	.	.	-	-	yes	ref	1	.	.	.	0
truth_smvar	chr10	127838441	127838441	.	1	1	0	1|0	.	.	.	.	.	-	-	no:duplicate_of_stvar	ref	1	.	.	.	0
pangenie	chr10	127838441	127838441	chr10-127838451-INS->22864934>22864935>22864937>22864938-3	1	4	3	0/1	1	.	PASS	-	-	.	.	.	.	.	.	.	.	0
pangenie	chr10	127838441	127838441	chr10-127838441-SNV->22864888>22864890>22864892-1	1	1	0	0/1	1	.	PASS	-	-	.	.	.	.	.	.	.	.	0
pangenie	chr10	127838444	127838444	chr10-127838444-SNV->22864892>22864894>22864895-1	1	1	0	0/1	1	.	PASS	-	-	.	.	.	.	.	.	.	.	0
pangenie	chr10	127838444	127838444	chr10-127838448-INS->22864898>22864899>22864901>22864902>22864903>22864905>22864907>22864909>22864910>22864912>22864913>22864915>22864916>22864917>22864919>22864920>22864921>22864923>22864925>22864926>22864928>22864929>22864932>22864933-96	1	97	96	0/1	1	.	PASS	FP	-	.	.	.	.	.	.	.	665.11,665.23	0
pangenie	chr10	127838449	127838449	chr10-127838451-INS->22864934>22864936>22864937>22864938-3	1	4	3	1/0	1	.	PASS	-	-	.	.	.	.	.	.	.	.	0
truth_stvar	chr10	127838466	127838466	.	1	4	3	1|0	.	.	.	.	.	-	-	yes	ref	1	.	.	.	0
truth_smvar	chr10	127838466	127838466	.	1	4	3	1|0	.	.	.	.	.	-	-	no:duplicate_of_stvar	ref	1	.	.	.	0
truth_stvar	chr10	127838475	127838475	.	1	1	0	1|0	.	.	.	.	.	-	-	yes	ref	1	.	.	.	0
truth_smvar	chr10	127838475	127838475	.	1	1	0	1|0	.	.	.	.	.	-	-	no:duplicate_of_stvar	ref	1	.	.	.	0
pangenie	chr10	127838500	127838639	chr10-127838500-DEL->22865089>22865279-139	140	1	-139	0/1	1	.	PASS	FP	-	.	.	.	.	.	.	.	665.9,665.24	0
truth_stvar	chr10	127838506	127838509	.	4	1	3	1|0	.	.	.	.	.	-	-	yes	ref	1	.	.	.	0
truth_smvar	chr10	127838506	127838509	.	4	1	3	1|0	.	.	.	.	.	-	-	no:duplicate_of_stvar	ref	1	.	.	.	0
vg	chr10	127838506	127838509	>25631389>25631393	4	1	-3	0|1	1	5.86801	PASS	-	-	.	.	.	.	.	.	.	.	0
vg	chr10	127838512	127838679	>25631393>25631602	168	1	-167	2|1	1	38.8538	PASS	FP	-	.	.	.	.	.	.	.	679.27,679.20	0
vg	chr10	127838512	127838679	>25631393>25631602	168	97	-71	2|1	1	38.8538	PASS	FP	-	.	.	.	.	.	.	.	679.0,679.21	0
vg	chr10	127838534	127838571	>25631409>25631486	38	1	-37	1|.	1	15.8304	PASS	-	-	.	.	.	.	.	.	.	.	0
truth_stvar	chr10	127838543	127838546	.	4	1	3	1|0	.	.	.	.	.	-	-	yes	ref	1	.	.	.	0
truth_smvar	chr10	127838543	127838546	.	4	1	3	1|0	.	.	.	.	.	-	-	no:duplicate_of_stvar	ref	1	.	.	.	0
vg	chr10	127838611	127838645	>25631518>25631577	35	1	-34	1|.	1	13.4791	PASS	-	-	.	.	.	.	.	.	.	.	0
truth_stvar	chr10	127838645	127838645	.	1	1	0	1|1	.	.	.	.	.	-	-	yes	yes	1	.	.	.	0
truth_smvar	chr10	127838645	127838645	.	1	1	0	1|1	.	.	.	.	.	-	-	no:duplicate_of_stvar	no:duplicate_of_stvar	1	.	.	.	0
pangenie	chr10	127838648	127838679	chr10-127838648-DEL->22865287>22865289>22865313-31	32	1	-31	0/1	1	.	PASS	-	-	.	.	.	.	.	.	.	.	0
truth_stvar	chr10	127838679	127838679	.	1	1	0	1|1	.	.	.	.	.	-	-	yes	yes	1	.	.	.	0
truth_smvar	chr10	127838679	127838679	.	1	1	0	1|1	.	.	.	.	.	-	-	no:duplicate_of_stvar	no:duplicate_of_stvar	1	.	.	.	0
vg	chr10	127838704	127838704	>25631618>25631620	1	4	3	1|0	1	2.68566	PASS	-	-	.	.	.	.	.	.	.	.	0
truth_stvar	chr10	127838710	127838710	.	1	1	0	1|1	.	.	.	.	.	-	-	yes	yes	1	.	.	.	0
truth_smvar	chr10	127838710	127838710	.	1	1	0	1|1	.	.	.	.	.	-	-	no:duplicate_of_stvar	no:duplicate_of_stvar	1	.	.	.	0
vg	chr10	127838710	127838713	>25631623>25631631	4	1	-3	1|2	1	29.2775	PASS	-	-	.	.	.	.	.	.	.	.	0
vg	chr10	127838710	127838713	>25631623>25631631	4	1	-3	1|2	1	29.2775	PASS	-	-	.	.	.	.	.	.	.	.	0
pangenie	chr10	127838710	127838710	chr10-127838710-SNV->22865335>22865337>22865338-1	1	1	0	1/1	1	.	PASS	-	-	.	.	.	.	.	.	.	.	0
truth_stvar	chr10	127838713	127838713	.	1	1	0	1|1	.	.	.	.	.	-	-	yes	yes	1	.	.	.	0
truth_smvar	chr10	127838713	127838713	.	1	1	0	1|1	.	.	.	.	.	-	-	no:duplicate_of_stvar	no:duplicate_of_stvar	1	.	.	.	0
pangenie	chr10	127838713	127838713	chr10-127838713-SNV->22865338>22865340>22865341-1	1	1	0	0/1	1	.	PASS	-	-	.	.	.	.	.	.	.	.	0
vg	chr10	127838720	127838782	>25631632>25631675	63	1	-62	1|0	1	29.3487	PASS	FP	-	.	.	.	.	.	.	.	679.19,679.22	0
pangenie	chr10	127838738	127838741	chr10-127838738-DEL->22865357>22865360-3	4	1	-3	0/1	1	.	PASS	-	-	.	.	.	.	.	.	.	.	0
pangenie	chr10	127838741	127838772	chr10-127838744-DEL->22865361>22865381-31	32	1	-31	0/1	1	.	PASS	-	-	.	.	.	.	.	.	.	.	0
pangenie	chr10	127838778	127838778	chr10-127838778-SNV->22865381>22865383>22865384-1	1	1	0	0/1	1	.	PASS	-	-	.	.	.	.	.	.	.	.	0
truth_stvar	chr10	127838781	127838781	.	1	7	6	0|1	.	.	.	.	.	-	-	ref	yes	1	.	.	.	0
truth_smvar	chr10	127838781	127838781	.	1	7	6	0|1	.	.	.	.	.	-	-	ref	no:duplicate_of_stvar	1	.	.	.	0
vg	chr10	127838781	127838781	>25631669>25631673	1	4	3	.|1	1	10.8286	PASS	-	-	.	.	.	.	.	.	.	.	0
pangenie	chr10	127838781	127838781	chr10-127838781-INS->22865385>22865388>22865389-3	1	4	3	1/0	1	.	PASS	-	-	.	.	.	.	.	.	.	.	0
pangenie	chr10	127838781	127838781	chr10-127838781-SNV->22865384>22865386>22865389-1	1	1	0	0/1	1	.	PASS	-	-	.	.	.	.	.	.	.	.	0
truth_stvar	chr10	127838784	127838812	.	29	1	28	1|0	.	.	.	.	.	-	-	yes	ref	1	DEL	34	.	0
truth_smvar	chr10	127838784	127838812	.	29	1	28	1|0	.	.	.	.	.	-	-	no:duplicate_of_stvar	ref	1	.	34	.	0
vg	chr10	127838786	127838786	>25631677>25631680	1	1	0	0|1	1	7.64371	PASS	-	-	.	.	.	.	.	.	.	.	0
vg	chr10	127838803	127838803	>25631693>25631695	1	4	3	1|1	1	13.643	PASS	-	-	.	.	.	.	.	.	.	.	0
pangenie	chr10	127838803	127838803	chr10-127838809-INS->22865405>22865406>22865408>22865409-3	1	4	3	1/0	1	.	PASS	-	-	.	.	.	.	.	.	.	.	0
vg	chr10	127838809	127838809	>25631698>25631705	1	1	0	1|1	1	17.699	PASS	-	-	.	.	.	.	.	.	.	.	0
pangenie	chr10	127838809	127838809	chr10-127838809-INS->22865405>22865406>22865407>22865409-3	1	4	3	0/1	1	.	PASS	-	-	.	.	.	.	.	.	.	.	0
truth_stvar	chr10	127838812	127838812	.	1	1	0	1|0	.	.	.	.	.	-	-	no:star_allele	ref	1	.	.	.	0
truth_stvar	chr10	127838812	127838812	.	1	7	6	0|1	.	.	.	.	.	-	-	ref	yes	1	.	.	.	0
truth_smvar	chr10	127838812	127838812	.	1	7,1	6	2|1	.	.	.	.	.	-	-	no:star_allele	no:duplicate_of_stvar	1	.	.	.	0
vg	chr10	127838812	127838812	>25631705>25631745	1	1	0	1|1	1	21.5084	PASS	-	-	.	.	.	.	.	.	.	.	0
pangenie	chr10	127838812	127838812	chr10-127838812-SNV->22865409>22865411>22865413-1	1	1	0	1/1	1	.	PASS	-	-	.	.	.	.	.	.	.	.	0
pangenie	chr10	127838834	127838840	chr10-127838834-DEL->22865434>22865440-6	7	1	-6	1/0	1	.	PASS	-	-	.	.	.	.	.	.	.	.	0
pangenie	chr10	127838840	127838899	chr10-127838843-DEL->22865440>22865442>22865494-59	60	1	-59	1/0	1	.	PASS	FP	-	.	.	.	.	.	.	.	665.15,665.25	0
truth_stvar	chr10	127838843	127838843	.	1	1	0	0|1	.	.	.	.	.	-	-	ref	yes	1	.	.	.	0
truth_smvar	chr10	127838843	127838843	.	1	1	0	0|1	.	.	.	.	.	-	-	ref	no:duplicate_of_stvar	1	.	.	.	0
pangenie	chr10	127838843	127838843	chr10-127838843-SNV->22865440>22865442>22865444-1	1	1	0	0/1	1	.	PASS	-	-	.	.	.	.	.	.	.	.	0
truth_stvar	chr10	127838851	127838851	.	1	1	0	1|1	.	.	.	.	.	-	-	yes	yes	1	.	.	.	0
truth_smvar	chr10	127838851	127838851	.	1	1	0	1|1	.	.	.	.	.	-	-	no:duplicate_of_stvar	no:duplicate_of_stvar	1	.	.	.	0
vg	chr10	127838851	127838851	>25631770>25631774	1	1	0	1|1	1	20.6651	PASS	-	-	.	.	.	.	.	.	.	.	0
pangenie	chr10	127838851	127838851	chr10-127838851-SNV->22865448>22865450>22865452-1	1	1	0	0/1	1	.	PASS	-	-	.	.	.	.	.	.	.	.	0
truth_stvar	chr10	127838856	127838856	.	1	1	0	1|1	.	.	.	.	.	-	-	yes	yes	1	.	.	.	0
truth_smvar	chr10	127838856	127838856	.	1	1	0	1|1	.	.	.	.	.	-	-	no:duplicate_of_stvar	no:duplicate_of_stvar	1	.	.	.	0
vg	chr10	127838856	127838856	>25631777>25631781	1	1	0	1|1	1	27.9788	PASS	-	-	.	.	.	.	.	.	.	.	0
pangenie	chr10	127838856	127838856	chr10-127838856-SNV->22865455>22865457>22865458-1	1	1	0	0/1	1	.	PASS	-	-	.	.	.	.	.	.	.	.	0
truth_stvar	chr10	127838868	127838868	.	1	1	0	0|1	.	.	.	.	.	-	-	ref	yes	1	.	.	.	0
truth_smvar	chr10	127838868	127838868	.	1	1	0	0|1	.	.	.	.	.	-	-	ref	no:duplicate_of_stvar	1	.	.	.	0
pangenie	chr10	127838868	127838868	chr10-127838868-INS->22865461>22865462>22865463>22865465-3	1	4	3	0/1	1	.	PASS	-	-	.	.	.	.	.	.	.	.	0
truth_stvar	chr10	127838874	127838874	.	1	1	0	1|0	.	.	.	.	.	-	-	yes	ref	1	.	.	.	0
truth_smvar	chr10	127838874	127838874	.	1	1	0	1|0	.	.	.	.	.	-	-	no:duplicate_of_stvar	ref	1	.	.	.	0
pangenie	chr10	127838874	127838874	chr10-127838874-SNV->22865467>22865469>22865470-1	1	1	0	0/1	1	.	PASS	-	-	.	.	.	.	.	.	.	.	0
truth_stvar	chr10	127838877	127838877	.	1	1	0	1|1	.	.	.	.	.	-	-	yes	yes	1	.	.	.	0
truth_smvar	chr10	127838877	127838877	.	1	1	0	1|1	.	.	.	.	.	-	-	no:duplicate_of_stvar	no:duplicate_of_stvar	1	.	.	.	0
pangenie	chr10	127838877	127838877	chr10-127838877-SNV->22865471>22865473>22865474-1	1	1	0	0/1	1	.	PASS	-	-	.	.	.	.	.	.	.	.	0
vg	chr10	127838882	127838882	>25631798>25631802	1	4	3	0|1	1	7.40564	PASS	-	-	.	.	.	.	.	.	.	.	0
pangenie	chr10	127838899	127838902	chr10-127838899-DEL->22865492>22865494-3	4	1	-3	0/1	1	.	PASS	-	-	.	.	.	.	.	.	.	.	0
truth_stvar	chr10	127838902	127838908	.	7	1	6	1|0	.	.	.	.	.	-	-	yes	ref	1	.	.	.	0
truth_smvar	chr10	127838902	127838908	.	7	1	6	1|0	.	.	.	.	.	-	-	no:duplicate_of_stvar	ref	1	.	.	.	0
truth_stvar	chr10	127838908	127838911	.	4	1	0	1|0	.	.	.	.	.	-	-	no:star_allele	ref	1	.	.	.	0
truth_stvar	chr10	127838908	127838911	.	4	1	3	0|1	.	.	.	.	.	-	-	ref	yes	1	.	.	.	0
truth_smvar	chr10	127838908	127838911	.	4	1,1	3	2|1	.	.	.	.	.	-	-	no:star_allele	no:duplicate_of_stvar	1	.	.	.	0
vg	chr10	127838908	127838911	>25631812>25631827	4	1	-3	0|1	1	21.6247	PASS	-	-	.	.	.	.	.	.	.	.	0
pangenie	chr10	127838908	127838908	chr10-127838908-SNV->22865497>22865499>22865501-1	1	1	0	0/1	1	.	PASS	-	-	.	.	.	.	.	.	.	.	0
pangenie	chr10	127838908	127838911	chr10-127838916-DEL->22865504>22865508-3	4	1	-3	1/1	1	.	PASS	-	-	.	.	.	.	.	.	.	.	0
pangenie	chr10	127838911	127838911	chr10-127838911-SNV->22865501>22865503>22865504-1	1	1	0	0/1	1	.	PASS	-	-	.	.	.	.	.	.	.	.	0
pangenie	chr10	127838936	127838939	chr10-127838936-DEL->22865515>22865517-3	4	1	-3	1/1	1	.	PASS	-	-	.	.	.	.	.	.	.	.	0
vg	chr10	127838939	127839044	>25631785>25635499	106	1	-105	0|1	1	11.765	PASS	FP	-	.	.	.	.	.	.	.	679.5,679.23	0
truth_stvar	chr10	127838945	127838948	.	4	1	3	1|1	.	.	.	.	.	-	-	yes	yes	1	.	.	.	0
truth_smvar	chr10	127838945	127838948	.	4	1	3	1|1	.	.	.	.	.	-	-	no:duplicate_of_stvar	no:duplicate_of_stvar	1	.	.	.	0
pangenie	chr10	127838945	127838945	chr10-127838945-SNV->22865525>22865527>22865547-1	1	1	0	1/1	1	.	PASS	-	-	.	.	.	.	.	.	.	.	0
pangenie	chr10	127838948	127838948	chr10-127838948-SNV->22865547>22865549>22865551-1	1	1	0	1/1	1	.	PASS	-	-	.	.	.	.	.	.	.	.	0
pangenie	chr10	127838956	127838956	chr10-127838956-SNV->22865562>22865564>22865565-1	1	1	0	1/0	1	.	PASS	-	-	.	.	.	.	.	.	.	.	0
truth_stvar	chr10	127838973	127838976	.	4	1	3	1|0	.	.	.	.	.	-	-	yes	ref	1	.	.	.	0
truth_smvar	chr10	127838973	127838976	.	4	1	3	1|0	.	.	.	.	.	-	-	no:duplicate_of_stvar	ref	1	.	.	.	0
pangenie	chr10	127838973	127838976	chr10-127838973-DEL->22865566>22865572-3	4	1	-3	1/0	1	.	PASS	-	-	.	.	.	.	.	.	.	.	0
truth_stvar	chr10	127838990	127838990	.	1	1	0	1|0	.	.	.	.	.	-	-	yes	ref	1	.	.	.	0
truth_smvar	chr10	127838990	127838990	.	1	1	0	1|0	.	.	.	.	.	-	-	no:duplicate_of_stvar	ref	1	.	.	.	0
vg	chr10	127838990	127838990	>25632001>25632004	1	1	0	1|.	1	44.3826	PASS	-	-	.	.	.	.	.	.	.	.	0
pangenie	chr10	127838990	127838990	chr10-127839016-INS->22865623>22865625>22865637>22865639>22865640>22865641>22865643>22865644>22865665>22865666>22865668>22865669>22865671>22865672>22865674-62	1	63	62	0/1	1	.	PASS	FP	-	.	.	.	.	.	.	.	665.15,665.26	0
pangenie	chr10	127838990	127838990	chr10-127838990-SNV->22865605>22865607>22865608-1	1	1	0	1/1	1	.	PASS	-	-	.	.	.	.	.	.	.	.	0
vg	chr10	127839007	127839007	>25632007>25632009	1	4	3	1|.	1	9.23956	PASS	-	-	.	.	.	.	.	.	.	.	0
pangenie	chr10	127839007	127839010	chr10-127839007-DEL->22865614>22865616-3	4	1	-3	1/0	1	.	PASS	-	-	.	.	.	.	.	.	.	.	0
pangenie	chr10	127839010	127839041	chr10-127839013-DEL->22865617>22865698-31	32	1	-31	1/0	1	.	PASS	-	-	.	.	.	.	.	.	.	.	0
vg	chr10	127839013	127839013	>25632009>25632013	1	1	0	1|.	1	8.69385	PASS	-	-	.	.	.	.	.	.	.	.	0
pangenie	chr10	127839013	127839013	chr10-127839013-SNV->22865616>22865619>22865621-1	1	1	0	0/1	1	.	PASS	-	-	.	.	.	.	.	.	.	.	0
vg	chr10	127839014	127839014	>25632013>25632027	1	32	31	1|.	1	19.4347	PASS	-	-	.	.	.	.	.	.	.	.	0
truth_stvar	chr10	127839016	127839016	.	1	1	0	0|1	.	.	.	.	.	-	-	ref	yes	1	.	.	.	0
truth_smvar	chr10	127839016	127839016	.	1	1	0	0|1	.	.	.	.	.	-	-	ref	no:duplicate_of_stvar	1	.	.	.	0
pangenie	chr10	127839024	127839024	chr10-127839024-SNV->22865674>22865676>22865677-1	1	1	0	0/1	1	.	PASS	-	-	.	.	.	.	.	.	.	.	0
pangenie	chr10	127839044	127839044	chr10-127839044-INS->22865684>22865685>22865687>22865688>22865689>22865691>22865692>22865694>22865695>22865697>22865698-28	1	29	28	0/1	1	.	PASS	-	-	.	.	.	.	.	.	.	.	0
pangenie	chr10	127839050	127839050	chr10-127839050-INS->22865698>22865700>22865701>22865703>22865715>22865716>22865719>22865720>22865721>22865723>22865724>22865726>22865727>22865728>22865729>22865731-37	1	38	37	0/1	1	.	PASS	-	-	.	.	.	.	.	.	.	.	0
truth_stvar	chr10	127839075	127839078	.	4	1	3	0|1	.	.	.	.	.	-	-	ref	yes	1	.	.	.	0
truth_smvar	chr10	127839075	127839078	.	4	1	3	0|1	.	.	.	.	.	-	-	ref	no:duplicate_of_stvar	1	.	.	.	0
pangenie	chr10	127839075	127839078	chr10-127839075-DEL->22865744>22865749-3	4	1	-3	0/1	1	.	PASS	-	-	.	.	.	.	.	.	.	.	0
truth_stvar	chr10	127839084	127839084	.	1	1	0	1|1	.	.	.	.	.	-	-	yes	yes	1	.	.	.	0
truth_smvar	chr10	127839084	127839084	.	1	1	0	1|1	.	.	.	.	.	-	-	no:duplicate_of_stvar	no:duplicate_of_stvar	1	.	.	.	0
vg	chr10	127839084	127839084	>25632074>25632080	1	1	0	0|1	1	12.012	PASS	-	-	.	.	.	.	.	.	.	.	0
pangenie	chr10	127839084	127839084	chr10-127839084-SNV->22865752>22865754>22865755-1	1	1	0	1/1	1	.	PASS	-	-	.	.	.	.	.	.	.	.	0
pangenie	chr10	127839084	127839084	chr10-127839096-INS->22865770>22865771>22865772>22865773>22865774>22865775>22865776>22865778>22865780>22865781>22865782>22865784>22865785>22865787>22865788>22865789>22865790-34	1	35	34	0/1	1	.	PASS	-	-	.	.	.	.	.	.	.	.	0
truth_stvar	chr10	127839109	127839112	.	4	1	3	1|0	.	.	.	.	.	-	-	yes	ref	1	.	.	.	0
truth_smvar	chr10	127839109	127839112	.	4	1	3	1|0	.	.	.	.	.	-	-	no:duplicate_of_stvar	ref	1	.	.	.	0
truth_stvar	chr10	127839126	127839126	.	1	1	0	1|1	.	.	.	.	.	-	-	yes	yes	1	.	.	.	0
truth_smvar	chr10	127839126	127839126	.	1	1	0	1|1	.	.	.	.	.	-	-	no:duplicate_of_stvar	no:duplicate_of_stvar	1	.	.	.	0
vg	chr10	127839126	127839126	>25632121>25632558	1	1	0	0|1	1	32.1768	PASS	-	-	.	.	.	.	.	.	.	.	0
pangenie	chr10	127839126	127839126	chr10-127839126-SNV->22865826>22865828>22865829-1	1	1	0	1/1	1	.	PASS	-	-	.	.	.	.	.	.	.	.	0
pangenie	chr10	127839126	127841688	chr10-127839163-DEL->22865860>22869348-2562	2563	1	-2562	1/0	1	.	PASS	FP	-	.	.	.	.	.	.	.	665.28,665.27	0
truth_stvar	chr10	127839160	127839160	.	1	1	0	0|1	.	.	.	.	.	-	-	ref	yes	1	.	.	.	0
truth_smvar	chr10	127839160	127839160	.	1	1	0	0|1	.	.	.	.	.	-	-	ref	no:duplicate_of_stvar	1	.	.	.	0
truth_stvar	chr10	127839177	127839177	.	1	4	3	0|1	.	.	.	.	.	-	-	ref	yes	1	.	.	.	0
truth_smvar	chr10	127839177	127839177	.	1	4	3	0|1	.	.	.	.	.	-	-	ref	no:duplicate_of_stvar	1	.	.	.	0
truth_stvar	chr10	127839211	127839211	.	1	4	3	1|0	.	.	.	.	.	-	-	yes	ref	1	.	.	.	0
truth_stvar	chr10	127839211	127839214	.	4	1	3	0|1	.	.	.	.	.	-	-	ref	yes	1	.	.	.	0
truth_smvar	chr10	127839211	127839214	.	4	1,7	3	2|1	.	.	.	.	.	-	-	no:overlaps_applied_stvar	no:duplicate_of_stvar	1	.	.	.	0
truth_stvar	chr10	127839220	127839220	.	1	1	0	0|1	.	.	.	.	.	-	-	ref	yes	1	.	.	.	0
truth_smvar	chr10	127839220	127839220	.	1	1	0	0|1	.	.	.	.	.	-	-	ref	no:duplicate_of_stvar	1	.	.	.	0
vg	chr10	127839220	127840714	>25631785>25635499	1495	414	-1081	0|1	1	11.765	PASS	FP	-	.	.	.	.	.	.	.	679.28,679.24	0
pangenie	chr10	127839220	127840966	chr10-127839220-COMPLEX->22865861>22865862>22865863>22865864>22865867>22865868>22865869>22865871>22865872>22865875>22865876>22865878>22865879>22865882>22865883>22865885>22865886>22865887>22866285>22866286>22866288>22866289>22866291>22866292>22866294>22866296>22866297>22866299>22866300>22866302>22866303>22866321>22866322>22866323>22866324>22866328>22866329>22866331>22866332>22866333>22868198>22868199>22868200>22868201>22868206>22868208>22868210>22868211>22868212>22868214>22868215>22868217>22868218>22868219>22868221>22868222>22868224>22868225>22868226>22868227>22868229>22868230>22868231>22868234>22868235>22868237>22868238>22868240>22868241>22868242>22868244>22868245>22868246>22868247>22868249>22868250>22868252>22868253>22868255>22868256>22868257>22868258>22868260>22868262>22868263>22868264>22868266>22868267>22868269>22868270>22868271>22868273>22868274>22868276>22868277>22868279>22868281>22868282>22868284>22868285>22868287>22868288>22868289>22868291>22868292>22868293>22868295>22868296>22868298>22868300>22868301>22868303>22868304>22868306>22868308>22868309>22868311>22868312>22868314>22868315>22868316>22868318>22868320>22868321>22868322>22868324>22868325>22868327>22868328>22868330>22868331>22868332>22868333>22868337>22868338>22868339>22868341>22868342>22868345>22868346>22868348>22868350>22868351>22868352>22868354>22868356>22868357>22868358>22868360>22868361>22868363>22868365>22868366>22868368>22868369>22868371>22868372>22868374>22868375>22868377>22868378>22868379>22868380>22868382>22868383>22868385>22868386>22868388>22868389>22868390>22868391>22868393>22868394>22868396>22868397>22868399>22868400>22868402>22868403>22868405>22868406>22868407>22868409>22868410>22868412>22868413>22868414>22868416>22868417>22868419>22868420>22868422>22868423>22868424>22868426>22868427>22868430>22868431>22868432>22868434>22868435>22868437>22868438>22868440>22868441>22868442>22868444>22868446>22868447>22868448>22868450>22868451>22868453>22868455>22868456>22868457>22868459>22868461>22868462>22868463>22868465>22868466>22868468>22868469>22868471>22868472>22868474>22868475>22868476>22868478>22868479>22868480>22868484>22868485>22868487>22868488>22868489>22868491>22868493>22868494>22868496>22868497>22868499>22868500>22868502>22868503>22868505>22868506>22868508>22868509>22868510>22868511>22868514>22868515>22868516>22868518>22868519>22868521>22868522>22868524>22868525>22868526>22868527>22868528>22868530>22868531>22868533>22868534>22868536>22868537>22868539>22868540>22868542>22868543>22868544>22868545>22868546>22868548>22868549>22868551>22868553>22868554>22868556>22868557>22868559>22868560>22868562>22868564>22868565>22868566>22868567>22868569>22868570>22868572>22868574>22868575>22868577>22868578>22868580>22868584>22868585>22868587>22868588>22868590>22868592>22868594>22868595>22868596>22868598>22868599>22868600>22868601>22868603>22868604>22868606>22868607>22868608>22868609>22868611>22868612>22868614>22868615>22868617>22868624>22868625>22868627>22868629>22868630>22868631>22868633>22868634>22868635>22868636>22868638>22868640>22868643>22868644>22868646>22868647>22868648>22868650>22868651>22868652>22868653>22868655>22868657>22868658>22868659>22868661>22868662>22868663>22868664>22868665>22868667>22868668>22868670>22868671>22868672>22868673>22868675>22868676>22868678>22868679>22868680>22868682>22868683>22868684>22868686>22868687>22868689>22868690>22868691>22868692>22868694>22868695>22868696>22868698>22868699>22868700>22868701>22868702>22868704>22868705>22868707>22868708>22868709>22868711>22868712>22868713>22868719>22868720>22868721>22868723>22868724>22868725>22868727>22868728>22868730>22868733>22868735>22868736>22868737>22868738>22868740>22868742>22868743>22868746>22868747>22868748>22868750>22868751>22868752>22868753>22868755>22868756>22868757>22868758>22868760>22868761>22868763>22868764>22868766>22868767>22868768>22868770>22868771>22868772>22868774>22868775>22868777>22868778>22868779>22868780>22868782>22868783>22868784>22868786>22868787>22868788>22868789>22868791>22868793>22868794>22868795>22868797>22868798>22868799>22868800>22868803>22868804>22868805>22868807>22868916-1747	1747	1368	-379	0/1	1	.	PASS	FP	-	.	.	.	.	.	.	.	665.22,665.28	0
truth_stvar	chr10	127839254	127839254	.	1	1	0	0|1	.	.	.	.	.	-	-	ref	yes	1	.	.	.	0
truth_smvar	chr10	127839254	127839254	.	1	1	0	0|1	.	.	.	.	.	-	-	ref	no:duplicate_of_stvar	1	.	.	.	0
truth_stvar	chr10	127839262	127839262	.	1	1	0	1|0	.	.	.	.	.	-	-	yes	ref	1	.	.	.	0
truth_smvar	chr10	127839262	127839262	.	1	1	0	1|0	.	.	.	.	.	-	-	no:duplicate_of_stvar	ref	1	.	.	.	0
truth_stvar	chr10	127839285	127839288	.	4	1	3	1|0	.	.	.	.	.	-	-	yes	ref	1	.	.	.	0
truth_smvar	chr10	127839285	127839288	.	4	1	3	1|0	.	.	.	.	.	-	-	no:duplicate_of_stvar	ref	1	.	.	.	0
truth_stvar	chr10	127839319	127839319	.	1	1	0	0|1	.	.	.	.	.	-	-	ref	yes	1	.	.	.	0
truth_smvar	chr10	127839319	127839319	.	1	1	0	0|1	.	.	.	.	.	-	-	ref	no:duplicate_of_stvar	1	.	.	.	0
truth_stvar	chr10	127839322	127839322	.	1	1	0	1|0	.	.	.	.	.	-	-	yes	ref	1	.	.	.	0
truth_smvar	chr10	127839322	127839322	.	1	1	0	1|0	.	.	.	.	.	-	-	no:duplicate_of_stvar	ref	1	.	.	.	0
truth_stvar	chr10	127839327	127839327	.	1	1	0	1|1	.	.	.	.	.	-	-	yes	yes	1	.	.	.	0
truth_smvar	chr10	127839327	127839327	.	1	1	0	1|1	.	.	.	.	.	-	-	no:duplicate_of_stvar	no:duplicate_of_stvar	1	.	.	.	0
truth_stvar	chr10	127839395	127839395	.	1	1	0	1|0	.	.	.	.	.	-	-	yes	ref	1	.	.	.	0
truth_smvar	chr10	127839395	127839395	.	1	1	0	1|0	.	.	.	.	.	-	-	no:duplicate_of_stvar	ref	1	.	.	.	0
truth_stvar	chr10	127839412	127839412	.	1	38	37	0|1	.	.	.	.	.	-	-	ref	yes	1	INS	34	.	0
truth_smvar	chr10	127839412	127839412	.	1	38	37	0|1	.	.	.	.	.	-	-	ref	no:duplicate_of_stvar	1	.	34	.	0
truth_stvar	chr10	127839421	127839421	.	1	1	0	1|0	.	.	.	.	.	-	-	yes	ref	1	.	.	.	0
truth_smvar	chr10	127839421	127839421	.	1	1	0	1|0	.	.	.	.	.	-	-	no:duplicate_of_stvar	ref	1	.	.	.	0
truth_stvar	chr10	127839429	127839429	.	1	1	0	1|0	.	.	.	.	.	-	-	yes	ref	1	.	.	.	0
truth_smvar	chr10	127839429	127839429	.	1	1	0	1|0	.	.	.	.	.	-	-	no:duplicate_of_stvar	ref	1	.	.	.	0
truth_stvar	chr10	127839463	127839463	.	1	1	0	1|0	.	.	.	.	.	-	-	yes	ref	1	.	.	.	0
truth_smvar	chr10	127839463	127839463	.	1	1	0	1|0	.	.	.	.	.	-	-	no:duplicate_of_stvar	ref	1	.	.	.	0
truth_stvar	chr10	127839486	127839486	.	1	1	0	0|1	.	.	.	.	.	-	-	ref	yes	1	.	.	.	0
truth_smvar	chr10	127839486	127839486	.	1	1	0	0|1	.	.	.	.	.	-	-	ref	no:duplicate_of_stvar	1	.	.	.	0
truth_stvar	chr10	127839489	127839489	.	1	4	3	1|0	.	.	.	.	.	-	-	yes	ref	1	.	.	.	0
truth_stvar	chr10	127839489	127839489	.	1	1	0	0|1	.	.	.	.	.	-	-	ref	yes	1	.	.	.	0
truth_smvar	chr10	127839489	127839489	.	1	1,4	3	2|1	.	.	.	.	.	-	-	no:duplicate_of_stvar	no:duplicate_of_stvar	1	.	.	.	0
truth_stvar	chr10	127839520	127839520	.	1	1	0	1|1	.	.	.	.	.	-	-	yes	yes	1	.	.	.	0
truth_smvar	chr10	127839520	127839520	.	1	1	0	1|1	.	.	.	.	.	-	-	no:duplicate_of_stvar	no:duplicate_of_stvar	1	.	.	.	0
truth_stvar	chr10	127839528	127839528	.	1	1	0	0|1	.	.	.	.	.	-	-	ref	yes	1	.	.	.	0
truth_smvar	chr10	127839528	127839528	.	1	1	0	0|1	.	.	.	.	.	-	-	ref	no:duplicate_of_stvar	1	.	.	.	0
truth_stvar	chr10	127839562	127839562	.	1	1	0	1|0	.	.	.	.	.	-	-	yes	ref	1	.	.	.	0
truth_smvar	chr10	127839562	127839562	.	1	1	0	1|0	.	.	.	.	.	-	-	no:duplicate_of_stvar	ref	1	.	.	.	0
truth_stvar	chr10	127839579	127839579	.	1	4	3	0|1	.	.	.	.	.	-	-	ref	yes	1	.	.	.	0
truth_smvar	chr10	127839579	127839579	.	1	4	3	0|1	.	.	.	.	.	-	-	ref	no:duplicate_of_stvar	1	.	.	.	0
truth_stvar	chr10	127839622	127839622	.	1	1	0	1|0	.	.	.	.	.	-	-	yes	ref	1	.	.	.	0
truth_smvar	chr10	127839622	127839622	.	1	1	0	1|0	.	.	.	.	.	-	-	no:duplicate_of_stvar	ref	1	.	.	.	0
truth_stvar	chr10	127839647	127839650	.	4	1	3	0|1	.	.	.	.	.	-	-	ref	yes	1	.	.	.	0
truth_smvar	chr10	127839647	127839650	.	4	1	3	0|1	.	.	.	.	.	-	-	ref	no:duplicate_of_stvar	1	.	.	.	0
truth_stvar	chr10	127839656	127839656	.	1	1	0	1|0	.	.	.	.	.	-	-	yes	ref	1	.	.	.	0
truth_smvar	chr10	127839656	127839656	.	1	1	0	1|0	.	.	.	.	.	-	-	no:duplicate_of_stvar	ref	1	.	.	.	0
truth_stvar	chr10	127839659	127839659	.	1	1	0	0|1	.	.	.	.	.	-	-	ref	yes	1	.	.	.	0
truth_smvar	chr10	127839659	127839659	.	1	1	0	0|1	.	.	.	.	.	-	-	ref	no:duplicate_of_stvar	1	.	.	.	0
truth_stvar	chr10	127839690	127839690	.	1	1	0	1|1	.	.	.	.	.	-	-	yes	yes	1	.	.	.	0
truth_smvar	chr10	127839690	127839690	.	1	1	0	1|1	.	.	.	.	.	-	-	no:duplicate_of_stvar	no:duplicate_of_stvar	1	.	.	.	0
truth_stvar	chr10	127839792	127839792	.	1	1	0	1|0	.	.	.	.	.	-	-	yes	ref	1	.	.	.	0
truth_smvar	chr10	127839792	127839792	.	1	1	0	1|0	.	.	.	.	.	-	-	no:duplicate_of_stvar	ref	1	.	.	.	0
truth_stvar	chr10	127839829	127840008	.	180	1	179	1|0	.	.	.	.	.	FN	FN	yes	ref	1	DEL	34	.	0
truth_smvar	chr10	127839829	127840008	.	180	1	179	1|0	.	.	.	.	.	-	-	no:duplicate_of_stvar	ref	1	.	34	.	0
truth_stvar	chr10	127839888	127839888	.	1	1	0	1|0	.	.	.	.	.	-	-	no:star_allele	ref	1	.	.	.	0
truth_stvar	chr10	127839888	127839888	.	1	4	3	0|1	.	.	.	.	.	-	-	ref	yes	1	.	.	.	0
truth_smvar	chr10	127839888	127839888	.	1	4,1	3	2|1	.	.	.	.	.	-	-	no:star_allele	no:duplicate_of_stvar	1	.	.	.	0
truth_stvar	chr10	127839896	127839896	.	1	1	0	1|0	.	.	.	.	.	-	-	no:star_allele	ref	1	.	.	.	0
truth_stvar	chr10	127839896	127839896	.	1	1	0	0|1	.	.	.	.	.	-	-	ref	yes	1	.	.	.	0
truth_smvar	chr10	127839896	127839896	.	1	1,1	0	2|1	.	.	.	.	.	-	-	no:star_allele	no:duplicate_of_stvar	1	.	.	.	0
truth_stvar	chr10	127839930	127839930	.	1	1	0	1|0	.	.	.	.	.	-	-	no:star_allele	ref	1	.	.	.	0
truth_stvar	chr10	127839930	127839930	.	1	1	0	0|1	.	.	.	.	.	-	-	ref	yes	1	.	.	.	0
truth_smvar	chr10	127839930	127839930	.	1	1,1	0	2|1	.	.	.	.	.	-	-	no:star_allele	no:duplicate_of_stvar	1	.	.	.	0
truth_stvar	chr10	127839984	127839984	.	1	1	0	1|0	.	.	.	.	.	-	-	no:star_allele	ref	1	.	.	.	0
truth_stvar	chr10	127839984	127839984	.	1	17	16	0|1	.	.	.	.	.	-	-	ref	yes	1	.	.	.	0
truth_smvar	chr10	127839984	127839984	.	1	17,1	16	2|1	.	.	.	.	.	-	-	no:star_allele	no:duplicate_of_stvar	1	.	.	.	0
truth_stvar	chr10	127840042	127840042	.	1	1	0	0|1	.	.	.	.	.	-	-	ref	yes	1	.	.	.	0
truth_smvar	chr10	127840042	127840042	.	1	1	0	0|1	.	.	.	.	.	-	-	ref	no:duplicate_of_stvar	1	.	.	.	0
truth_stvar	chr10	127840076	127840076	.	1	4	3	0|1	.	.	.	.	.	-	-	ref	yes	1	.	.	.	0
truth_smvar	chr10	127840076	127840076	.	1	4	3	0|1	.	.	.	.	.	-	-	ref	no:duplicate_of_stvar	1	.	.	.	0
truth_stvar	chr10	127840104	127840107	.	4	1	3	0|1	.	.	.	.	.	-	-	ref	yes	1	.	.	.	0
truth_smvar	chr10	127840104	127840107	.	4	1	3	0|1	.	.	.	.	.	-	-	ref	no:duplicate_of_stvar	1	.	.	.	0
truth_stvar	chr10	127840132	127840132	.	1	4	3	1|0	.	.	.	.	.	-	-	yes	ref	1	.	.	.	0
truth_smvar	chr10	127840132	127840132	.	1	4	3	1|0	.	.	.	.	.	-	-	no:duplicate_of_stvar	ref	1	.	.	.	0
truth_stvar	chr10	127840146	127840146	.	1	1	0	1|1	.	.	.	.	.	-	-	yes	yes	1	.	.	.	0
truth_smvar	chr10	127840146	127840146	.	1	1	0	1|1	.	.	.	.	.	-	-	no:duplicate_of_stvar	no:duplicate_of_stvar	1	.	.	.	0
truth_stvar	chr10	127840177	127840180	.	4	1	3	1|0	.	.	.	.	.	-	-	yes	ref	1	.	.	.	0
truth_smvar	chr10	127840177	127840180	.	4	1	3	1|0	.	.	.	.	.	-	-	no:duplicate_of_stvar	ref	1	.	.	.	0
truth_stvar	chr10	127840214	127840214	.	1	1	0	1|0	.	.	.	.	.	-	-	yes	ref	1	.	.	.	0
truth_smvar	chr10	127840214	127840214	.	1	1	0	1|0	.	.	.	.	.	-	-	no:duplicate_of_stvar	ref	1	.	.	.	0
truth_stvar	chr10	127840234	127840234	.	1	17	16	0|1	.	.	.	.	.	-	-	ref	yes	1	.	.	.	0
truth_stvar	chr10	127840234	127840447	.	214	1	213	1|0	.	.	.	.	.	FN	FN	yes	ref	1	DEL	34	.	0
truth_smvar	chr10	127840234	127840447	.	214	1,230	213	1|2	.	.	.	.	.	-	-	no:duplicate_of_stvar	no:overlaps_applied_stvar	1	.	34	.	0
truth_stvar	chr10	127840365	127840365	.	1	1	0	1|0	.	.	.	.	.	-	-	no:star_allele	ref	1	.	.	.	0
truth_stvar	chr10	127840365	127840365	.	1	1	0	0|1	.	.	.	.	.	-	-	ref	yes	1	.	.	.	0
truth_smvar	chr10	127840365	127840365	.	1	1,1	0	2|1	.	.	.	.	.	-	-	no:star_allele	no:duplicate_of_stvar	1	.	.	.	0
truth_stvar	chr10	127840391	127840391	.	1	1	0	1|0	.	.	.	.	.	-	-	no:star_allele	ref	1	.	.	.	0
truth_stvar	chr10	127840391	127840391	.	1	1	0	0|1	.	.	.	.	.	-	-	ref	yes	1	.	.	.	0
truth_smvar	chr10	127840391	127840391	.	1	1,1	0	2|1	.	.	.	.	.	-	-	no:star_allele	no:duplicate_of_stvar	1	.	.	.	0
truth_stvar	chr10	127840422	127840422	.	1	1	0	1|0	.	.	.	.	.	-	-	no:star_allele	ref	1	.	.	.	0
truth_stvar	chr10	127840422	127840422	.	1	4	3	0|1	.	.	.	.	.	-	-	ref	yes	1	.	.	.	0
truth_smvar	chr10	127840422	127840422	.	1	4,1	3	2|1	.	.	.	.	.	-	-	no:star_allele	no:duplicate_of_stvar	1	.	.	.	0
truth_stvar	chr10	127840456	127840456	.	1	1	0	0|1	.	.	.	.	.	-	-	ref	yes	1	.	.	.	0
truth_smvar	chr10	127840456	127840456	.	1	1	0	0|1	.	.	.	.	.	-	-	ref	no:duplicate_of_stvar	1	.	.	.	0
truth_stvar	chr10	127840464	127840464	.	1	1	0	0|1	.	.	.	.	.	-	-	ref	yes	1	.	.	.	0
truth_smvar	chr10	127840464	127840464	.	1	1	0	0|1	.	.	.	.	.	-	-	ref	no:duplicate_of_stvar	1	.	.	.	0
truth_stvar	chr10	127840490	127840490	.	1	1	0	0|1	.	.	.	.	.	-	-	ref	yes	1	.	.	.	0
truth_smvar	chr10	127840490	127840490	.	1	1	0	0|1	.	.	.	.	.	-	-	ref	no:duplicate_of_stvar	1	.	.	.	0
truth_stvar	chr10	127840498	127840498	.	1	1	0	1|1	.	.	.	.	.	-	-	yes	yes	1	.	.	.	0
truth_smvar	chr10	127840498	127840498	.	1	1	0	1|1	.	.	.	.	.	-	-	no:duplicate_of_stvar	no:duplicate_of_stvar	1	.	.	.	0
truth_stvar	chr10	127840524	127840524	.	1	1	0	0|1	.	.	.	.	.	-	-	ref	yes	1	.	.	.	0
truth_smvar	chr10	127840524	127840524	.	1	1	0	0|1	.	.	.	.	.	-	-	ref	no:duplicate_of_stvar	1	.	.	.	0
truth_stvar	chr10	127840558	127840558	.	1	1	0	1|0	.	.	.	.	.	-	-	yes	ref	1	.	.	.	0
truth_smvar	chr10	127840558	127840558	.	1	1	0	1|0	.	.	.	.	.	-	-	no:duplicate_of_stvar	ref	1	.	.	.	0
truth_stvar	chr10	127840583	127840583	.	1	4	3	1|0	.	.	.	.	.	-	-	yes	ref	1	.	.	.	0
truth_smvar	chr10	127840583	127840583	.	1	4	3	1|0	.	.	.	.	.	-	-	no:duplicate_of_stvar	ref	1	.	.	.	0
truth_stvar	chr10	127840589	127840589	.	1	1	0	0|1	.	.	.	.	.	-	-	ref	yes	1	.	.	.	0
truth_smvar	chr10	127840589	127840589	.	1	1	0	0|1	.	.	.	.	.	-	-	ref	no:duplicate_of_stvar	1	.	.	.	0
truth_stvar	chr10	127840599	127840617	.	19	1	18	1|0	.	.	.	.	.	-	-	yes	ref	1	.	.	.	0
truth_smvar	chr10	127840599	127840617	.	19	1	18	1|0	.	.	.	.	.	-	-	no:duplicate_of_stvar	ref	1	.	.	.	0
truth_stvar	chr10	127840617	127840617	.	1	1	0	1|0	.	.	.	.	.	-	-	no:star_allele	ref	1	.	.	.	0
truth_stvar	chr10	127840617	127840617	.	1	388	387	0|1	.	.	.	.	.	FN	FN	ref	yes	1	INS	34	.	0
truth_smvar	chr10	127840617	127840617	.	1	388,1	387	2|1	.	.	.	.	.	-	-	no:star_allele	no:duplicate_of_stvar	1	.	34	.	0
truth_stvar	chr10	127840666	127840666	.	1	4	3	1|1	.	.	.	.	.	-	-	yes	yes	1	.	.	.	0
truth_smvar	chr10	127840666	127840666	.	1	4	3	1|1	.	.	.	.	.	-	-	no:duplicate_of_stvar	no:duplicate_of_stvar	1	.	.	.	0
truth_stvar	chr10	127840706	127840706	.	1	1	0	0|1	.	.	.	.	.	-	-	ref	yes	1	.	.	.	0
truth_smvar	chr10	127840706	127840706	.	1	1	0	0|1	.	.	.	.	.	-	-	ref	no:duplicate_of_stvar	1	.	.	.	0
vg	chr10	127840734	127840765	>25635096>25635106	32	1	-31	0|1	1	19.3971	PASS	-	-	.	.	.	.	.	.	.	.	0
truth_stvar	chr10	127840740	127840740	.	1	1	0	1|0	.	.	.	.	.	-	-	yes	ref	1	.	.	.	0
truth_smvar	chr10	127840740	127840740	.	1	1	0	1|0	.	.	.	.	.	-	-	no:duplicate_of_stvar	ref	1	.	.	.	0
truth_stvar	chr10	127840748	127840748	.	1	1	0	1|1	.	.	.	.	.	-	-	yes	yes	1	.	.	.	0
truth_smvar	chr10	127840748	127840748	.	1	1	0	1|1	.	.	.	.	.	-	-	no:duplicate_of_stvar	no:duplicate_of_stvar	1	.	.	.	0
truth_stvar	chr10	127840774	127840774	.	1	1	0	1|0	.	.	.	.	.	-	-	yes	ref	1	.	.	.	0
truth_stvar	chr10	127840774	127840972	.	199	1	198	1|0	.	.	.	.	.	FN	FN	no:overlaps_applied_stvar	ref	1	DEL	34	.	0
truth_smvar	chr10	127840774	127840774	.	1	1	0	1|0	.	.	.	.	.	-	-	no:duplicate_of_stvar	ref	1	.	.	.	0
vg	chr10	127840782	127840972	>25635106>25635173	191	92	-99	0|1	1	22.6639	PASS	FP	-	.	.	.	.	.	.	.	679.23,679.25	0
vg	chr10	127840782	127840782	>25635110>25635113	1	1	0	0|1	1	1.85105	PASS	-	-	.	.	.	.	.	.	.	.	0
truth_smvar	chr10	127840802	127841000	.	199	1	198	1|0	.	.	.	.	.	-	-	yes	ref	1	.	34	.	0
vg	chr10	127840809	127840837	>25635122>25635127	29	1	-28	0|1	1	18.9261	PASS	-	-	.	.	.	.	.	.	.	.	0
vg	chr10	127840845	127840848	>25635129>25635133	4	1	-3	0|1	1	19.0053	PASS	-	-	.	.	.	.	.	.	.	.	0
truth_stvar	chr10	127840847	127840847	.	1	1	0	1|0	.	.	.	.	.	-	-	no:star_allele	ref	1	.	.	.	0
truth_stvar	chr10	127840847	127840847	.	1	1	0	0|1	.	.	.	.	.	-	-	ref	yes	1	.	.	.	0
truth_smvar	chr10	127840847	127840847	.	1	1,1	0	2|1	.	.	.	.	.	-	-	no:star_allele	no:duplicate_of_stvar	1	.	.	.	0
vg	chr10	127840867	127840898	>25635136>25635144	32	1	-31	0|1	1	7.89336	PASS	-	-	.	.	.	.	.	.	.	.	0
truth_stvar	chr10	127840873	127840873	.	1	1	0	1|0	.	.	.	.	.	-	-	no:star_allele	ref	1	.	.	.	0
truth_stvar	chr10	127840873	127840873	.	1	177	176	0|1	.	.	.	.	.	FN	FN	ref	yes	1	INS	34	.	0
truth_smvar	chr10	127840873	127840873	.	1	177,1	176	2|1	.	.	.	.	.	-	-	no:star_allele	no:duplicate_of_stvar	1	.	34	.	0
truth_stvar	chr10	127840881	127840881	.	1	1	0	1|0	.	.	.	.	.	-	-	no:star_allele	ref	1	.	.	.	0
truth_stvar	chr10	127840881	127840881	.	1	1	0	0|1	.	.	.	.	.	-	-	ref	yes	1	.	.	.	0
truth_smvar	chr10	127840881	127840881	.	1	1,1	0	2|1	.	.	.	.	.	-	-	no:star_allele	no:duplicate_of_stvar	1	.	.	.	0
vg	chr10	127840904	127840904	>25635144>25635150	1	1	0	0|1	1	4.88391	PASS	-	-	.	.	.	.	.	.	.	.	0
vg	chr10	127840907	127840907	>25635150>25635153	1	1	0	0|1	1	4.88391	PASS	-	-	.	.	.	.	.	.	.	.	0
vg	chr10	127840913	127840950	>25635156>25635170	38	1	-37	0|1	1	8.24521	PASS	-	-	.	.	.	.	.	.	.	.	0
truth_stvar	chr10	127840941	127840941	.	1	1	0	1|0	.	.	.	.	.	-	-	no:star_allele	ref	1	.	.	.	0
truth_stvar	chr10	127840941	127840941	.	1	1	0	0|1	.	.	.	.	.	-	-	ref	yes	1	.	.	.	0
truth_smvar	chr10	127840941	127840941	.	1	1,1	0	2|1	.	.	.	.	.	-	-	no:star_allele	no:duplicate_of_stvar	1	.	.	.	0
truth_stvar	chr10	127840966	127840966	.	1	1	0	1|0	.	.	.	.	.	-	-	no:star_allele	ref	1	.	.	.	0
truth_stvar	chr10	127840966	127840966	.	1	4	3	0|1	.	.	.	.	.	-	-	ref	yes	1	.	.	.	0
truth_smvar	chr10	127840966	127840966	.	1	4,1	3	2|1	.	.	.	.	.	-	-	no:star_allele	no:duplicate_of_stvar	1	.	.	.	0
vg	chr10	127840975	127840975	>25635173>25635176	1	1	0	0|1	1	4.30138	PASS	-	-	.	.	.	.	.	.	.	.	0
vg	chr10	127840981	127840981	>25635179>25635183	1	4	3	0|1	1	7.06492	PASS	-	-	.	.	.	.	.	.	.	.	0
vg	chr10	127841044	127841072	>25635207>25635216	29	1	-28	1|1	1	11.9475	PASS	-	-	.	.	.	.	.	.	.	.	0
pangenie	chr10	127841046	127841071	chr10-127841047-DEL->22868949>22868962-25	26	1	-25	0/1	1	.	PASS	-	-	.	.	.	.	.	.	.	.	0
truth_stvar	chr10	127841065	127841065	.	1	4	3	0|1	.	.	.	.	.	-	-	ref	yes	1	.	.	.	0
truth_smvar	chr10	127841065	127841065	.	1	4	3	0|1	.	.	.	.	.	-	-	ref	no:duplicate_of_stvar	1	.	.	.	0
pangenie	chr10	127841071	127841077	chr10-127841075-DEL->22868962>22868967-6	7	1	-6	0/1	1	.	PASS	-	-	.	.	.	.	.	.	.	.	0
vg	chr10	127841076	127841079	>25635216>25635220	4	1	-3	1|1	1	10.1301	PASS	-	-	.	.	.	.	.	.	.	.	0
pangenie	chr10	127841133	127841164	chr10-127841135-DEL->22869003>22869035-31	32	1	-31	0/1	1	.	PASS	-	-	.	.	.	.	.	.	.	.	0
truth_stvar	chr10	127841147	127841147	.	1	1	0	1|1	.	.	.	.	.	-	-	yes	yes	1	.	.	.	0
truth_smvar	chr10	127841147	127841147	.	1	1	0	1|1	.	.	.	.	.	-	-	no:duplicate_of_stvar	no:duplicate_of_stvar	1	.	.	.	0
vg	chr10	127841147	127841147	>25635241>25635244	1	1	0	1|1	1	8.41661	PASS	-	-	.	.	.	.	.	.	.	.	0
pangenie	chr10	127841170	127841173	chr10-127841170-DEL->22869035>22869040>22869042-3	4	1	-3	0/1	1	.	PASS	-	-	.	.	.	.	.	.	.	.	0
pangenie	chr10	127841173	127841241	chr10-127841180-DEL->22869049>22869081-68	69	1	-68	0/1	1	.	PASS	FP	-	.	.	.	.	.	.	.	665.0,665.29	0
truth_stvar	chr10	127841198	127841405	.	208	1	207	1|0	.	.	.	.	.	FN	FN	yes	ref	1	DEL	34	.	0
truth_smvar	chr10	127841198	127841405	.	208	1	207	1|0	.	.	.	.	.	-	-	no:duplicate_of_stvar	ref	1	.	34	.	0
truth_stvar	chr10	127841207	127841207	.	1	1	0	1|0	.	.	.	.	.	-	-	no:star_allele	ref	1	.	.	.	0
truth_stvar	chr10	127841207	127841207	.	1	456	455	0|1	.	.	.	.	.	FN	FN	ref	yes	1	INS	34	.	0
truth_smvar	chr10	127841207	127841207	.	1	456,1	455	2|1	.	.	.	.	.	-	-	no:star_allele	no:duplicate_of_stvar	1	.	34	.	0
vg	chr10	127841207	127841241	>25635263>25635302	35	35	0	0|1	1	12.1671	PASS	-	-	.	.	.	.	.	.	.	.	0
vg	chr10	127841207	127841207	>25635267>25635273	1	1	0	0|1	1	2.7444	PASS	-	-	.	.	.	.	.	.	.	.	0
pangenie	chr10	127841269	127841300	chr10-127841278-DEL->22869092>22869105-31	32	1	-31	0/1	1	.	PASS	-	-	.	.	.	.	.	.	.	.	0
vg	chr10	127841275	127841275	>25635356>25635360	1	1	0	1|1	1	8.48316	PASS	-	-	.	.	.	.	.	.	.	.	0
pangenie	chr10	127841275	127841275	chr10-127841275-SNV->22869088>22869089>22869092-1	1	1	0	0/1	1	.	PASS	-	-	.	.	.	.	.	.	.	.	0
pangenie	chr10	127841300	127841303	chr10-127841316-DEL->22869112>22869117-3	4	1	-3	0/1	1	.	PASS	-	-	.	.	.	.	.	.	.	.	0
vg	chr10	127841309	127841309	>25631785>25635499	1	1	0	0|1	1	11.765	PASS	-	-	.	.	.	.	.	.	.	.	0
vg	chr10	127841310	127841313	>25635373>25635382	4	1	-3	1|0	1	12.8723	PASS	-	-	.	.	.	.	.	.	.	.	0
truth_stvar	chr10	127841343	127841343	.	1	1	0	1|0	.	.	.	.	.	-	-	no:star_allele	ref	1	.	.	.	0
truth_stvar	chr10	127841343	127841343	.	1	1	0	0|1	.	.	.	.	.	-	-	ref	yes	1	.	.	.	0
truth_smvar	chr10	127841343	127841343	.	1	1,1	0	2|1	.	.	.	.	.	-	-	no:star_allele	no:duplicate_of_stvar	1	.	.	.	0
vg	chr10	127841343	127841408	>25635386>25635412	66	1	-65	1|1	1	18.7591	PASS	FP	-	.	.	.	.	.	.	.	679.2,679.26	0
pangenie	chr10	127841343	127841408	chr10-127841343-DEL->22869124>22869144>22869145-65	66	1	-65	0/1	1	.	PASS	FP	-	.	.	.	.	.	.	.	665.2,665.30	0
vg	chr10	127841411	127841411	>25635412>25635415	1	1	0	0|1	1	7.16622	PASS	-	-	.	.	.	.	.	.	.	.	0
pangenie	chr10	127841411	127841411	chr10-127841411-SNV->22869145>22869147>22869148-1	1	1	0	0/1	1	.	PASS	-	-	.	.	.	.	.	.	.	.	0
pangenie	chr10	127841411	127841414	chr10-127841418-DEL->22869152>22869161-3	4	1	-3	0/1	1	.	PASS	-	-	.	.	.	.	.	.	.	.	0
vg	chr10	127841418	127841421	>25635420>25635433	4	1	-3	0|1	1	9.31778	PASS	-	-	.	.	.	.	.	.	.	.	0
pangenie	chr10	127841439	127841470	chr10-127841441-DEL->22869164>22869176-31	32	1	-31	0/1	1	.	PASS	-	-	.	.	.	.	.	.	.	.	0
vg	chr10	127841476	127841521	>25635457>25635484	46	43	-3	0|1	1	14.7794	PASS	-	-	.	.	.	.	.	.	.	.	0
pangenie	chr10	127841476	127841544	chr10-127841476-DEL->22869176>22869203>22869204-68	69	1	-68	0/1	1	.	PASS	FP	-	.	.	.	.	.	.	.	665.0,665.31	0
truth_stvar	chr10	127841513	127841680	.	168	1	167	1|0	.	.	.	.	.	FN	FN	yes	ref	1	DEL	34	.	0
truth_smvar	chr10	127841513	127841680	.	168	1	167	1|0	.	.	.	.	.	-	-	no:duplicate_of_stvar	ref	1	.	34	.	0
truth_stvar	chr10	127841521	127841521	.	1	1	0	1|0	.	.	.	.	.	-	-	no:star_allele	ref	1	.	.	.	0
truth_stvar	chr10	127841521	127841521	.	1	1	0	0|1	.	.	.	.	.	-	-	ref	yes	1	.	.	.	0
truth_smvar	chr10	127841521	127841521	.	1	1,1	0	2|1	.	.	.	.	.	-	-	no:star_allele	no:duplicate_of_stvar	1	.	.	.	0
vg	chr10	127841521	127841521	>25635474>25635477	1	1	0	1|1	1	6.25019	PASS	-	-	.	.	.	.	.	.	.	.	0
pangenie	chr10	127841538	127841541	chr10-127841554-DEL->22869207>22869211-3	4	1	-3	0/1	1	.	PASS	-	-	.	.	.	.	.	.	.	.	0
truth_stvar	chr10	127841547	127841547	.	1	1	0	1|0	.	.	.	.	.	-	-	no:star_allele	ref	1	.	.	.	0
truth_stvar	chr10	127841547	127841547	.	1	1	0	0|1	.	.	.	.	.	-	-	ref	yes	1	.	.	.	0
truth_smvar	chr10	127841547	127841547	.	1	1,1	0	2|1	.	.	.	.	.	-	-	no:star_allele	no:duplicate_of_stvar	1	.	.	.	0
vg	chr10	127841547	127841547	>25635484>25635488	1	1	0	0|1	1	4.66232	PASS	-	-	.	.	.	.	.	.	.	.	0
pangenie	chr10	127841575	127841606	chr10-127841577-DEL->22869215>22869238-31	32	1	-31	0/1	1	.	PASS	-	-	.	.	.	.	.	.	.	.	0
vg	chr10	127841578	127841612	>25635499>25635527	35	1	-34	2|1	1	18.6113	PASS	-	-	.	.	.	.	.	.	.	.	0
vg	chr10	127841578	127841612	>25635499>25635527	35	4	-31	2|1	1	18.6113	PASS	-	-	.	.	.	.	.	.	.	.	0
truth_stvar	chr10	127841589	127841589	.	1	1	0	1|0	.	.	.	.	.	-	-	no:star_allele	ref	1	.	.	.	0
truth_stvar	chr10	127841589	127841589	.	1	1	0	0|1	.	.	.	.	.	-	-	ref	yes	1	.	.	.	0
truth_smvar	chr10	127841589	127841589	.	1	1,1	0	2|1	.	.	.	.	.	-	-	no:star_allele	no:duplicate_of_stvar	1	.	.	.	0
pangenie	chr10	127841606	127841609	chr10-127841622-DEL->22869251>22869257-3	4	1	-3	0/1	1	.	PASS	-	-	.	.	.	.	.	.	.	.	0
pangenie	chr10	127841612	127841612	chr10-127841612-SNV->22869239>22869241>22869242-1	1	1	0	0/1	1	.	PASS	-	-	.	.	.	.	.	.	.	.	0
truth_stvar	chr10	127841615	127841615	.	1	1	0	1|0	.	.	.	.	.	-	-	no:star_allele	ref	1	.	.	.	0
truth_stvar	chr10	127841615	127841615	.	1	1	0	0|1	.	.	.	.	.	-	-	ref	yes	1	.	.	.	0
truth_smvar	chr10	127841615	127841615	.	1	1,1	0	2|1	.	.	.	.	.	-	-	no:star_allele	no:duplicate_of_stvar	1	.	.	.	0
pangenie	chr10	127841615	127841714	chr10-127841626-DEL->22869257>22869348-99	100	1	-99	0/1	1	.	PASS	FP	-	.	.	.	.	.	.	.	665.17,665.32	0
vg	chr10	127841621	127841624	>25635538>25635544	4	1	-3	1|0	1	6.12882	PASS	-	-	.	.	.	.	.	.	.	.	0
vg	chr10	127841626	127841725	>25635544>25635668	100	1	-99	1|1	1	22.6804	PASS	FP	-	.	.	.	.	.	.	.	679.17,679.27	0
truth_stvar	chr10	127841657	127841657	.	1	1	0	1|0	.	.	.	.	.	-	-	no:star_allele	ref	1	.	.	.	0
truth_stvar	chr10	127841657	127841657	.	1	1	0	0|1	.	.	.	.	.	-	-	ref	yes	1	.	.	.	0
truth_smvar	chr10	127841657	127841657	.	1	1,1	0	2|1	.	.	.	.	.	-	-	no:star_allele	no:duplicate_of_stvar	1	.	.	.	0
pangenie	chr10	127841674	127841674	chr10-127841765-INS->22869361>22869363>22869364>22869365>22869366>22869368>22869369>22869371>22869372>22869374>22869375>22869377>22869378>22869379>22869380>22869382>22869383>22869385>22869386>22869388>22869389>22869390>22869391>22869393>22869394>22869396>22869397>22869398>22869399>22869400>22869402>22869404>22869405>22869407>22869408>22869409>22869411>22869413>22869414>22869415>22869417>22869418>22869420>22869421>22869423>22869431>22869432>22869433>22869434>22869435>22869436>22869438>22869439>22869441>22869442>22869443>22869444>22869445>22869446>22869448>22869450>22869451>22869452>22869453>22869454>22869455>22869457>22869460>22869461>22869462>22869464>22869465>22869467>22869468>22869469>22869470>22869472>22869473>22869475>22869476>22869478>22869480>22869481>22869483>22869484>22869486>22869487>22869488>22869489>22869490>22869491>22869493>22869494>22869496>22869497>22869498>22869499>22869500>22869502>22869504>22869505>22869507>22869508>22869509>22869510>22869512>22869513>22869514>22869516>22869521>22869522>22869524>22869525>22869527>22869528>22869529>22869530>22869532>22869533>22869535>22869536>22869537>22869539>22869540>22869542>22869543>22869544>22869545>22869546>22869548>22869549>22869550>22869552>22869555>22869556>22869558>22869559>22869561>22869562>22869564>22869565>22869566>22869568>22869569>22869571>22869572>22869574>22869575>22869577>22869579>22869580>22869582>22869583>22869585>22869586>22869588>22869589>22869590>22869592>22869593>22869595>22869596>22869598>22869599>22869600>22869602>22869603>22869605>22869606>22869608>22869609>22869610>22869612>22869613>22869615>22869616>22869621>22869624>22869625>22869626>22869628>22869630>22869631>22869633>22869634>22869636>22869637>22869640>22869642>22869643>22869644>22869646>22869648>22869650>22869651>22869653>22869654>22869656>22869657>22869658>22869659>22869661>22869662>22869663>22869665>22869666>22869667>22869669>22869670>22869671>22869672>22869674>22869675>22869677>22869678>22869680>22869681>22869683>22869685>22869686>22869688>22869689>22869690>22869692>22869696>22869698>22869699>22869701>22869702>22869703>22869705>22869706>22869709>22869710>22869711>22869712>22869713>22869714>22869716>22869718>22869720>22869721>22869722>22869724>22869726>22869727>22869728>22869730>22869731>22869732>22869734>22869735>22869737>22869739>22869741>22869743>22869744>22869746>22869747>22869748>22869749>22869751>22869752>22869754>22869755>22869757>22869758>22869760>22869761>22869763>22869768>22869770>22869771>22869773>22869774>22869776>22869777>22869778>22869779>22869780>22869782>22869783>22869785>22869787>22869788>22869790>22869791>22869796>22869797>22869798>22869800>22869801>22869802>22869804>22869808>22869809>22869811>22869812>22869814>22869816>22869817>22869819>22869820>22869824>22869825>22869827>22869829>22869830>22869832>22869833>22869835>22869836>22869837>22869839>22869840>22869842>22869843>22869845>22869846>22869848>22869850>22869851>22869852>22869854>22869855>22869856>22869858>22869859>22869861>22869863>22869864>22869865>22869867>22869868>22869870>22869872>22869874>22869875>22869877>22869878>22869879>22869881>22869882>22869885>22869886>22869888>22869890>22869891>22869892>22869893>22869896>22869897>22869899>22869900>22869901>22869904>22869905>22869906>22869908>22869909>22869910>22869912>22869913>22869915>22869918>22869919>22869921>22869922>22869924>22869926>22869927>22869928>22869930>22869931>22869932>22869936>22869937>22869939>22869940>22869941>22869943>22869944>22869946>22869948>22869949>22869951>22869952>22869953>22869954>22869955>22869956>22869958>22869960>22869961>22869963>22869964>22869966>22869967>22869969>22869971>22869973>22869974>22869975>22869976>22869978>22869983>22869984>22869986>22869987>22869988>22869990>22869992>22869993>22869996>22869998>22870001>22870002>22870004>22870006>22870007>22870008>22870009>22870011>22870012>22870014>22870015>22870016>22870018>22870019>22870021>22870025>22870027>22870028>22870030>22870032>22870033>22870035>22870039>22870040>22870041>22870043>22870044>22870045>22870047>22870048>22870050>22870051>22870053>22870054>22870055>22870056>22870058>22870059>22870060>22870062>22870063>22870065>22870066>22870068>22870069>22870071>22870072>22870074>22870075>22870077>22870078>22870079>22870081>22870082>22870084>22870085>22870087>22870088>22870090>22870091>22870093>22870094>22870096>22870100>22870101>22870102>22870104>22870105>22870106>22870107>22870109>22870110>22870112>22870113>22870115>22870116>22870118>22870119>22870121>22870122>22870126>22870127>22870129>22870130>22870131>22870133>22870134>22870135>22870136>22870138>22870140>22870141>22870142>22870144>22870146>22870147>22870149>22870150>22870152>22870153>22870155>22870156>22870158>22870159>22870160>22870165>22870167>22870168>22870170>22870171>22870172>22870173>22870174>22870175>22870177>22870178>22870180>22870181>22870183>22870185>22870186>22870187>22870189>22870191>22870193>22870194>22870196>22870197>22870198>22870199>22870201>22870202>22870204>22870206>22870207>22870209>22870210>22870212>22870213>22870215>22870216>22870218>22870222>22870223>22870225>22870226>22870228>22870229>22870231>22870232>22870234>22870236>22870237>22870238>22870239>22870240>22870243>22870244>22870246>22870247>22870248>22870250>22870251>22870253>22870254>22870256>22870258>22870259>22870261>22870262>22870264>22870265>22870267>22870269>22870270>22870272>22870273>22870274>22870275>22870277>22870279>22870280>22870281>22870282>22870283>22870284>22870285>22870287>22870288>22870290>22870291>22870293>22870295>22870296>22870298>22870299>22870301>22870302>22870303>22870304>22870306>22870307>22870309>22870310>22870311>22870312>22870314>22870315>22870316>22870317>22870319>22870320>22870321>22870323>22870324>22870325>22870326>22870328>22870329>22870331>22870333>22870334>22870339>22870340>22870343>22870344>22870346>22870348>22870349>22870353>22870354>22870356>22870357>22870359>22870360>22870362>22870363>22870365>22870366>22870367>22870369>22870370>22870372>22870374>22870375>22870377>22870378>22870383>22870384>22870386>22870387>22870389>22870390>22870392>22870393>22870394>22870395>22870397>22870398>22870400>22870402>22870404>22870405>22870406>22870408>22870409>22870410>22870412>22870417>22870418>22870419>22870420>22870422>22870423>22870424>22870427>22870428>22870430>22870431>22870432>22870433>22870435>22870436>22870438>22870440>22870441>22870443>22870444>22870445>22870447>22870452>22870453>22870455>22870456>22870458>22870459>22870461>22870462>22870463>22870464>22870466>22870470>22870471>22870473>22870474>22870476>22870478>22870480>22870481>22870483>22870484>22870486>22870487>22870489>22870490>22870492>22870493>22870495>22870496>22870497>22870499>22870500>22870502>22870507>22870508>22870509>22870510>22870511>22870512>22870514>22870515>22870516>22870518>22870519>22870521>22870523>22870524>22870526>22870528>22870529>22870530>22870532>22870533>22870537>22870538>22870540>22870542>22870543>22870545>22870546>22870548>22870549>22870551>22870552>22870554>22870555>22870557>22870558>22870560>22870562>22870563>22870564>22870566>22870571>22870573>22870574>22870576>22870578>22870579>22870580>22870582>22870584>22870585>22870587>22870588>22870590>22870592>22870593>22870594>22870596>22870597>22870598>22870599>22870601>22870602>22870604>22870605>22870607>22870609>22870610>22870611>22870612>22870614>22870615>22870616>22870618>22870619>22870621>22870623>22870624>22870626>22870627>22870629>22870630>22870632>22870633>22870635>22870637>22870638>22870639>22870640>22870642>22870643>22870644>22870646>22870647>22870649>22870650>22870652>22870656>22870658>22870660>22870661>22870663>22870664>22870665>22870667>22870668>22870670>22870671>22870672>22870673>22870675>22870676>22870677>22870679>22870680>22870681>22870683>22870684>22870686>22870687>22870688>22870689>22870691>22870692>22870693>22870695>22870696>22870698>22870699>22870701>22870702>22870703>22870709>22870710>22870712>22870714>22870715>22870717>22870718>22870720>22870721>22870723>22870724>22870726>22870728>22870730>22870735>22870736>22870738>22870739>22870740>22870741>22870743>22870744>22870746>22870747>22870749>22870750>22870752>22870753>22870755>22870757>22870759>22870760>22870762>22870763>22870765>22870767>22870768>22870769>22870770>22870771>22870772>22870773>22870775>22870777>22870778>22870779>22870780>22870781>22870783>22870784>22870785>22870786>22870789>22870790>22870791>22870793>22870794>22870796>22870797>22870799>22870800>22870802>22870803>22870805>22870806>22870809>22870810>22870812>22870814>22870815>22870816>22870818>22870819>22870822>22870823>22870825>22870829>22870830>22870831>22870832>22870834>22870835>22870837>22870838>22870840>22870841>22870845>22870846>22870847>22870848>22870849>22870851>22870852>22870853>22870854>22870855>22870857>22870858>22870860>22870861>22870863>22870864>22870865>22870866>22870867>22870868>22870870>22870871>22870872>22870874>22870877>22870878>22870879>22870881>22870882>22870884>22870885>22870888>22870889>22870890>22870892>22870893>22870894>22870899>22870900>22870902>22870903>22870904>22870906>22870907>22870909>22870910>22870912>22870913>22870915>22870916>22870918>22870919>22870921>22870922>22870923>22870924>22870926>22870927>22870929>22870931>22870933>22870934>22870935>22870937>22870938>22870940>22870941>22870943>22870945>22870946>22870948>22870950>22870951>22870952>22870953>22870955>22870956>22870958>22870959>22870960>22870962>22870963>22870964>22870966>22870969>22870970>22870972>22870973>22870974>22870975>22870977>22870978>22870980>22870981>22870982>22870984>22870985>22870986>22870987>22870990>22870991>22870992>22870993>22870994>22870995>22870996>22870997>22870998>22870999>22871001>22871002>22871003>22871004>22871005>22871007>22871008>22871009>22871011>22871012>22871013>22871014>22871016>22871017>22871019>22871020>22871021>22871023>22871024>22871026>22871028>22871029>22871030>22871032>22871033>22871034>22871036>22871037>22871039>22871040>22871042>22871043>22871044>22871047>22871048>22871049>22871051>22871052>22871054>22871055>22871057>22871058>22871059>22871062>22871064>22871065>22871066>22871068>22871069>22871070>22871071>22871072>22871074>22871076>22871077>22871078>22871079>22871081>22871082>22871084>22871085>22871087>22871088>22871089>22871091>22871093>22871094>22871095>22871096>22871098>22871100>22871101>22871103>22871104>22871106>22871107>22871109>22871110>22871111>22871112>22871113>22871114>22871115-4720	1	4721	4720	0/1	1	.	PASS	FP	-	.	.	.	.	.	.	.	665.28,665.33	0
truth_stvar	chr10	127841680	127841680	.	1	1	0	1|0	.	.	.	.	.	-	-	no:star_allele	ref	1	.	.	.	0
truth_stvar	chr10	127841680	127841680	.	1	1182	1181	0|1	.	.	.	.	.	FN	FN	ref	yes	1	INS	34	.	0
truth_smvar	chr10	127841680	127841680	.	1	1182,1	1181	2|1	.	.	.	.	.	-	-	no:star_allele	no:duplicate_of_stvar	1	.	34	.	0
vg	chr10	127841782	127841782	>25637486>25637490	1	1	0	0|1	1	4.32728	PASS	-	-	.	.	.	.	.	.	.	.	0
pangenie	chr10	127841782	127841782	chr10-127841782-SNV->22871116>22871118>22871119-1	1	1	0	0/1	1	.	PASS	-	-	.	.	.	.	.	.	.	.	0
pangenie	chr10	127841782	127841813	chr10-127841792-DEL->22871128>22871141-31	32	1	-31	0/1	1	.	PASS	-	-	.	.	.	.	.	.	.	.	0
vg	chr10	127841791	127841822	>25637499>25637512	32	1	-31	0|1	1	0.50567	PASS	-	-	.	.	.	.	.	.	.	.	0
pangenie	chr10	127841807	127841810	chr10-127841832-DEL->22871148>22871150-3	4	1	-3	0/1	1	.	PASS	-	-	.	.	.	.	.	.	.	.	0
vg	chr10	127841816	127846072	>25635681>25637860	4257	8994	4737	2|1	1	4720.65	PASS	FP	-	.	.	.	.	.	.	.	679.28,679.29	0
vg	chr10	127841816	127846072	>25635681>25637860	4257	8949	4692	2|1	1	4720.65	PASS	FP	-	.	.	.	.	.	.	.	679.28,679.28	0
vg	chr10	127841827	127841830	>25637519>25637521	4	1	-3	0|1	1	0.78144	PASS	-	-	.	.	.	.	.	.	.	.	0
truth_stvar	chr10	127842023	127842023	.	1	1	0	1|1	.	.	.	.	.	-	-	yes	yes	1	.	.	.	0
truth_smvar	chr10	127842023	127842023	.	1	1	0	1|1	.	.	.	.	.	-	-	no:duplicate_of_stvar	no:duplicate_of_stvar	1	.	.	.	0
vg	chr10	127842023	127842023	>25637549>25637552	1	1	0	1|1	1	336.902	PASS	-	-	.	.	.	.	.	.	.	.	0
pangenie	chr10	127842023	127842023	chr10-127842023-SNV->22871178>22871180>22871181-1	1	1	0	1/1	1	.	PASS	-	-	.	.	.	.	.	.	.	.	0
truth_stvar	chr10	127842174	127842174	.	1	1	0	1|1	.	.	.	.	.	-	-	yes	yes	1	.	.	.	0
truth_smvar	chr10	127842174	127842174	.	1	1	0	1|1	.	.	.	.	.	-	-	no:duplicate_of_stvar	no:duplicate_of_stvar	1	.	.	.	0
vg	chr10	127842174	127842174	>25637567>25637570	1	1	0	1|1	1	225.386	PASS	-	TP	.	.	.	.	.	.	.	.	0
pangenie	chr10	127842174	127842174	chr10-127842174-SNV->22871196>22871198>22871199-1	1	1	0	1/1	1	.	PASS	-	TP	.	.	.	.	.	.	.	.	0
truth_stvar	chr10	127843065	127843065	.	1	1	0	1|1	.	.	.	.	.	-	-	yes	yes	1	.	.	.	0
truth_smvar	chr10	127843065	127843065	.	1	1	0	1|1	.	.	.	.	.	-	-	no:duplicate_of_stvar	no:duplicate_of_stvar	1	.	.	.	0
vg	chr10	127843065	127843065	>25637645>25637648	1	1	0	1|1	1	348.237	PASS	-	TP	.	.	.	.	.	.	.	.	0
pangenie	chr10	127843065	127843065	chr10-127843065-SNV->22871274>22871276>22871277-1	1	1	0	1/1	1	.	PASS	-	TP	.	.	.	.	.	.	.	.	0
truth_stvar	chr10	127843371	127843371	.	1	1	0	1|1	.	.	.	.	.	-	-	yes	yes	1	.	.	.	0
truth_smvar	chr10	127843371	127843371	.	1	1	0	1|1	.	.	.	.	.	-	-	no:duplicate_of_stvar	no:duplicate_of_stvar	1	.	.	.	0
vg	chr10	127843371	127843371	>25637662>25637665	1	1	0	1|1	1	537.512	PASS	-	TP	.	.	.	.	.	.	.	.	0
pangenie	chr10	127843371	127843371	chr10-127843371-SNV->22871291>22871293>22871294-1	1	1	0	1/1	1	.	PASS	-	TP	.	.	.	.	.	.	.	.	0
truth_stvar	chr10	127843456	127843457	.	2	1	1	1|1	.	.	.	.	.	-	-	yes	yes	1	.	.	.	0
truth_smvar	chr10	127843456	127843457	.	2	1	1	1|1	.	.	.	.	.	-	-	no:duplicate_of_stvar	no:duplicate_of_stvar	1	.	.	.	0
vg	chr10	127843456	127843457	>25637667>25637670	2	1	-1	1|1	1	627.601	PASS	-	TP	.	.	.	.	.	.	.	.	0
pangenie	chr10	127843456	127843457	chr10-127843466-DEL->22871296>22871299-1	2	1	-1	1/1	1	.	PASS	-	-	.	.	.	.	.	.	.	.	0
truth_stvar	chr10	127844319	127844319	.	1	1	0	1|1	.	.	.	.	.	-	-	yes	yes	1	.	.	.	0
truth_smvar	chr10	127844319	127844319	.	1	1	0	1|1	.	.	.	.	.	-	-	no:duplicate_of_stvar	no:duplicate_of_stvar	1	.	.	.	0
vg	chr10	127844319	127844319	>25637706>25637709	1	1	0	1|1	1	722.7	PASS	-	TP	.	.	.	.	.	.	.	.	0
pangenie	chr10	127844319	127844319	chr10-127844319-SNV->22871335>22871337>22871338-1	1	1	0	1/1	1	.	PASS	-	TP	.	.	.	.	.	.	.	.	0
truth_stvar	chr10	127844639	127844639	.	1	4	3	1|1	.	.	.	.	.	-	-	yes	yes	1	.	.	.	0
truth_smvar	chr10	127844639	127844639	.	1	4	3	1|1	.	.	.	.	.	-	-	no:duplicate_of_stvar	no:duplicate_of_stvar	1	.	.	.	0
vg	chr10	127844639	127844639	>25637727>25637729	1	4	3	1|1	1	388.238	PASS	-	TP	.	.	.	.	.	.	.	.	0
pangenie	chr10	127844639	127844639	chr10-127844642-INS->22871355>22871356>22871357-3	1	4	3	1/1	1	.	PASS	-	-	.	.	.	.	.	.	.	.	0
truth_stvar	chr10	127845219	127845219	.	1	1	0	1|1	.	.	.	.	.	-	-	yes	yes	1	.	.	.	0
truth_smvar	chr10	127845219	127845219	.	1	1	0	1|1	.	.	.	.	.	-	-	no:duplicate_of_stvar	no:duplicate_of_stvar	1	.	.	.	0
vg	chr10	127845219	127845219	>25637765>25637768	1	1	0	1|1	1	317.971	PASS	-	TP	.	.	.	.	.	.	.	.	0
pangenie	chr10	127845219	127845219	chr10-127845219-SNV->22871393>22871395>22871396-1	1	1	0	1/1	1	.	PASS	-	TP	.	.	.	.	.	.	.	.	0
truth_stvar	chr10	127845253	127845253	.	1	2	1	1|1	.	.	.	.	.	-	-	yes	yes	1	.	.	.	0
truth_smvar	chr10	127845253	127845253	.	1	2	1	1|1	.	.	.	.	.	-	-	no:duplicate_of_stvar	no:duplicate_of_stvar	1	.	.	.	0
vg	chr10	127845253	127845253	>25637768>25637773	1	2	1	1|1	1	287.817	PASS	-	TP	.	.	.	.	.	.	.	.	0
pangenie	chr10	127845253	127845253	chr10-127845269-INS->22871399>22871400>22871402-1	1	2	1	1/1	1	.	PASS	-	-	.	.	.	.	.	.	.	.	0
truth_stvar	chr10	127845510	127845510	.	1	1	0	1|1	.	.	.	.	.	-	-	yes	yes	1	.	.	.	0
truth_smvar	chr10	127845510	127845510	.	1	1	0	1|1	.	.	.	.	.	-	-	no:duplicate_of_stvar	no:duplicate_of_stvar	1	.	.	.	0
vg	chr10	127845510	127845510	>25637792>25637795	1	1	0	1|1	1	520.296	PASS	-	TP	.	.	.	.	.	.	.	.	0
pangenie	chr10	127845510	127845510	chr10-127845510-SNV->22871420>22871422>22871423-1	1	1	0	1/1	1	.	PASS	-	TP	.	.	.	.	.	.	.	.	0
vg	chr10	127846070	127846070	>25637833>25637835	1	4	3	1|1	1	438.717	PASS	-	TP	.	.	.	.	.	.	.	.	0
truth_stvar	chr10	127846072	127846072	.	1	4	3	1|1	.	.	.	.	.	-	-	yes	yes	1	.	.	.	0
truth_smvar	chr10	127846072	127846072	.	1	4	3	1|1	.	.	.	.	.	-	-	no:duplicate_of_stvar	no:duplicate_of_stvar	1	.	.	.	0
vg	chr10	127846072	127846072	>25637835>25637838	1	1	0	1|1	1	408.775	PASS	-	TP	.	.	.	.	.	.	.	.	0
pangenie	chr10	127846072	127846072	chr10-127846072-INS->22871461>22871462>22871463>22871464-3	1	4	3	1/1	1	.	PASS	-	TP	.	.	.	.	.	.	.	.	0
