source	chrom	pos	end	id	ref_len	alt_len	len_diff	gt	called	qual	filter	truvari	aardvark	vg_truvari	pg_truvari	applied_h1	applied_h2	in_sv_benchmark	svtype	TRFperiod	MatchId	overlaps_span_edge
vg	chr1	31284097	31284124	>2219633>2220482	28	1	-27	1|2	1	113.012	PASS	-	-	.	.	.	.	.	.	.	.	0
vg	chr1	31284097	31284124	>2219633>2220482	28	73	45	1|2	1	113.012	PASS	-	-	.	.	.	.	.	.	.	.	0
vg	chr1	31284114	31284114	>2219640>2219673	1	10	9	.|1	1	20.3933	PASS	-	-	.	.	.	.	.	.	.	.	0
pangenie	chr1	31284114	31284114	chr1-31284114-INS->2712444>2712446>2712447>2712449-9	1	10	9	0/1	1	.	PASS	-	-	.	.	.	.	.	.	.	.	0
truth_stvar	chr1	31284123	31284123	.	1	1	0	1|1	.	.	.	.	.	-	-	yes	yes	1	.	.	.	0
truth_smvar	chr1	31284123	31284123	.	1	1	0	1|1	.	.	.	.	.	-	-	no:duplicate_of_stvar	no:duplicate_of_stvar	1	.	.	.	0
vg	chr1	31284123	31284123	>2219640>2219673	1	37	36	.|1	1	20.3933	PASS	-	-	.	.	.	.	.	.	.	.	0
pangenie	chr1	31284123	31284123	chr1-31284123-SNV->2712453>2712456>2712559-1	1	1	0	0/1	1	.	PASS	-	-	.	.	.	.	.	.	.	.	0
pangenie	chr1	31284123	31287408	chr1-31284123-DEL->2712453>2712456>2712457>2712459>2745775-3285	3286	1	-3285	1/0	1	.	PASS	FP	-	.	.	.	.	.	.	.	265.3,265.0	0
vg	chr1	31284132	31284133	>2219674>2219883	2	2	0	1|0	1	80.2285	PASS	-	-	.	.	.	.	.	.	.	.	0
vg	chr1	31284140	31284140	>2219633>2220482	1	1	0	1|0	1	113.012	PASS	-	-	.	.	.	.	.	.	.	.	0
vg	chr1	31284146	31284146	>2219894>2219897	1	1	0	1|1	1	84.7847	PASS	-	-	.	.	.	.	.	.	.	.	0
vg	chr1	31284150	31284168	>2219633>2220482	19	1	-18	1|2	1	113.012	PASS	-	-	.	.	.	.	.	.	.	.	0
vg	chr1	31284150	31284168	>2219633>2220482	19	631	612	1|2	1	113.012	PASS	FP	-	.	.	.	.	.	.	.	280.0,280.0	0
truth_stvar	chr1	31284160	31284160	.	1	1	0	0|1	.	.	.	.	.	-	-	ref	yes	1	.	.	.	0
truth_smvar	chr1	31284160	31284160	.	1	1	0	0|1	.	.	.	.	.	-	-	ref	no:duplicate_of_stvar	1	.	.	.	0
vg	chr1	31284160	31284160	>2220466>2220473	1	1	0	.|1	1	23.8459	PASS	-	-	.	.	.	.	.	.	.	.	0
truth_stvar	chr1	31284169	31284169	.	1	1	0	0|1	.	.	.	.	.	-	-	ref	yes	1	.	.	.	0
truth_smvar	chr1	31284169	31284169	.	1	1	0	0|1	.	.	.	.	.	-	-	ref	no:duplicate_of_stvar	1	.	.	.	0
vg	chr1	31284177	31284177	>2220483>2220573	1	1	0	1|0	1	57.8742	PASS	-	-	.	.	.	.	.	.	.	.	0
vg	chr1	31284178	31284232	>2220483>2220573	55	1	-54	1|2	1	57.8742	PASS	FP	-	.	.	.	.	.	.	.	280.5,280.1	0
vg	chr1	31284178	31284232	>2220483>2220573	55	91	36	1|2	1	57.8742	PASS	-	-	.	.	.	.	.	.	.	.	0
truth_stvar	chr1	31284191	31284191	.	1	1	0	1|1	.	.	.	.	.	-	-	yes	yes	1	.	.	.	0
truth_smvar	chr1	31284191	31284191	.	1	1	0	1|1	.	.	.	.	.	-	-	no:duplicate_of_stvar	no:duplicate_of_stvar	1	.	.	.	0
vg	chr1	31284191	31284191	>2220498>2220501	1	1	0	.|1	1	106.749	PASS	-	-	.	.	.	.	.	.	.	.	0
pangenie	chr1	31284191	31284191	chr1-31284191-SNV->2712705>2712707>2712708-1	1	1	0	0/1	1	.	PASS	-	-	.	.	.	.	.	.	.	.	0
truth_stvar	chr1	31284195	31284195	.	1	1	0	1|1	.	.	.	.	.	-	-	yes	yes	1	.	.	.	0
truth_smvar	chr1	31284195	31284195	.	1	1	0	1|1	.	.	.	.	.	-	-	no:duplicate_of_stvar	no:duplicate_of_stvar	1	.	.	.	0
pangenie	chr1	31284195	31284196	chr1-31284195-COMPLEX->2712709>2712712>2712714>2712716-2	2	2	0	0/1	1	.	PASS	-	-	.	.	.	.	.	.	.	.	0
truth_stvar	chr1	31284196	31284196	.	1	1	0	0|1	.	.	.	.	.	-	-	ref	yes	1	.	.	.	0
truth_smvar	chr1	31284196	31284196	.	1	1	0	0|1	.	.	.	.	.	-	-	ref	no:duplicate_of_stvar	1	.	.	.	0
truth_stvar	chr1	31284205	31284205	.	1	1	0	1|1	.	.	.	.	.	-	-	yes	yes	1	.	.	.	0
truth_smvar	chr1	31284205	31284205	.	1	1	0	1|1	.	.	.	.	.	-	-	no:duplicate_of_stvar	no:duplicate_of_stvar	1	.	.	.	0
vg	chr1	31284205	31284205	>2220511>2220516	1	1	0	.|1	1	0.00132086	PASS	-	-	.	.	.	.	.	.	.	.	0
pangenie	chr1	31284205	31284205	chr1-31284205-SNV->2712717>2712729>2712732-1	1	1	0	0/1	1	.	PASS	-	-	.	.	.	.	.	.	.	.	0
truth_stvar	chr1	31284213	31284213	.	1	1	0	1|1	.	.	.	.	.	-	-	yes	yes	1	.	.	.	0
truth_smvar	chr1	31284213	31284213	.	1	1	0	1|1	.	.	.	.	.	-	-	no:duplicate_of_stvar	no:duplicate_of_stvar	1	.	.	.	0
pangenie	chr1	31284213	31284214	chr1-31284213-COMPLEX->2712737>2712739>2712741>2712818-2	2	2	0	0/1	1	.	PASS	-	-	.	.	.	.	.	.	.	.	0
truth_stvar	chr1	31284214	31284214	.	1	1	0	1|1	.	.	.	.	.	-	-	yes	yes	1	.	.	.	0
truth_smvar	chr1	31284214	31284214	.	1	1	0	1|1	.	.	.	.	.	-	-	no:duplicate_of_stvar	no:duplicate_of_stvar	1	.	.	.	0
truth_stvar	chr1	31284223	31284223	.	1	1	0	1|1	.	.	.	.	.	-	-	yes	yes	1	.	.	.	0
truth_smvar	chr1	31284223	31284223	.	1	1	0	1|1	.	.	.	.	.	-	-	no:duplicate_of_stvar	no:duplicate_of_stvar	1	.	.	.	0
pangenie	chr1	31284223	31284223	chr1-31284223-SNV->2712820>2712822>2712823-1	1	1	0	0/1	1	.	PASS	-	-	.	.	.	.	.	.	.	.	0
truth_stvar	chr1	31284232	31284232	.	1	1	0	0|1	.	.	.	.	.	-	-	ref	yes	1	.	.	.	0
truth_smvar	chr1	31284232	31284232	.	1	1	0	0|1	.	.	.	.	.	-	-	ref	no:duplicate_of_stvar	1	.	.	.	0
pangenie	chr1	31284232	31284232	chr1-31284232-SNV->2712827>2712828>2712832-1	1	1	0	0/1	1	.	PASS	-	-	.	.	.	.	.	.	.	.	0
pangenie	chr1	31284241	31284241	chr1-31284241-SNV->2712838>2712839>2712843-1	1	1	0	0/1	1	.	PASS	-	-	.	.	.	.	.	.	.	.	0
vg	chr1	31284245	31284245	>2220584>2220587	1	1	0	1|0	1	9.73247	PASS	-	-	.	.	.	.	.	.	.	.	0
vg	chr1	31284249	31284249	>2220588>2220595	1	1	0	1|0	1	23.5997	PASS	-	-	.	.	.	.	.	.	.	.	0
pangenie	chr1	31284249	31284249	chr1-31284249-SNV->2712843>2712846>2712847-1	1	1	0	0/1	1	.	PASS	-	-	.	.	.	.	.	.	.	.	0
truth_stvar	chr1	31284250	31284250	.	1	1	0	0|1	.	.	.	.	.	-	-	ref	yes	1	.	.	.	0
truth_smvar	chr1	31284250	31284250	.	1	1	0	0|1	.	.	.	.	.	-	-	ref	no:duplicate_of_stvar	1	.	.	.	0
pangenie	chr1	31284258	31284258	chr1-31284258-SNV->2712853>2712854>2712857-1	1	1	0	0/1	1	.	PASS	-	-	.	.	.	.	.	.	.	.	0
truth_stvar	chr1	31284259	31284259	.	1	1	0	1|1	.	.	.	.	.	-	-	yes	yes	1	.	.	.	0
truth_smvar	chr1	31284259	31284259	.	1	1	0	1|1	.	.	.	.	.	-	-	no:duplicate_of_stvar	no:duplicate_of_stvar	1	.	.	.	0
vg	chr1	31284259	31284259	>2220602>2220609	1	1	0	0|1	1	46.9351	PASS	-	-	.	.	.	.	.	.	.	.	0
vg	chr1	31284260	31284287	>2220609>2220638	28	1	-27	1|0	1	66.7208	PASS	-	-	.	.	.	.	.	.	.	.	0
truth_stvar	chr1	31284268	31284268	.	1	1	0	1|0	.	.	.	.	.	-	-	yes	ref	1	.	.	.	0
truth_smvar	chr1	31284268	31284268	.	1	1	0	1|0	.	.	.	.	.	-	-	no:duplicate_of_stvar	ref	1	.	.	.	0
vg	chr1	31284268	31284268	>2220610>2220618	1	1	0	.|1	1	19.0086	PASS	-	-	.	.	.	.	.	.	.	.	0
truth_stvar	chr1	31284276	31284780	.	505	1	504	0|1	.	.	.	.	.	FN	FN	ref	yes	1	DEL	9	.	0
truth_smvar	chr1	31284276	31284780	.	505	1	504	0|1	.	.	.	.	.	-	-	ref	no:duplicate_of_stvar	1	.	9	.	0
pangenie	chr1	31284276	31284276	chr1-31284276-SNV->2712912>2712916>2712917-1	1	1	0	0/1	1	.	PASS	-	-	.	.	.	.	.	.	.	.	0
vg	chr1	31284277	31284277	>2220621>2220627	1	1	0	.|1	1	36.1494	PASS	-	-	.	.	.	.	.	.	.	.	0
truth_stvar	chr1	31284281	31284281	.	1	1	0	0|1	.	.	.	.	.	-	-	ref	no:star_allele	1	.	.	.	0
truth_stvar	chr1	31284281	31284281	.	1	1	0	1|0	.	.	.	.	.	-	-	yes	ref	1	.	.	.	0
truth_smvar	chr1	31284281	31284281	.	1	1,1	0	1|2	.	.	.	.	.	-	-	no:duplicate_of_stvar	no:star_allele	1	.	.	.	0
vg	chr1	31284281	31284281	>2220628>2220631	1	1	0	.|1	1	73.1061	PASS	-	-	.	.	.	.	.	.	.	.	0
pangenie	chr1	31284281	31284281	chr1-31284281-SNV->2712918>2712920>2712921-1	1	1	0	0/1	1	.	PASS	-	-	.	.	.	.	.	.	.	.	0
vg	chr1	31284285	31284285	>2220631>2220637	1	1	0	.|1	1	3.29599	PASS	-	-	.	.	.	.	.	.	.	.	0
pangenie	chr1	31284285	31284286	chr1-31284285-COMPLEX->2712921>2712923>2712925>2712927-2	2	2	0	0/1	1	.	PASS	-	-	.	.	.	.	.	.	.	.	0
pangenie	chr1	31284295	31284295	chr1-31284295-SNV->2712933>2712934>2712938-1	1	1	0	0/1	1	.	PASS	-	-	.	.	.	.	.	.	.	.	0
pangenie	chr1	31284304	31284304	chr1-31284304-SNV->2712942>2712945>2712946-1	1	1	0	0/1	1	.	PASS	-	-	.	.	.	.	.	.	.	.	0
truth_stvar	chr1	31284313	31284313	.	1	1	0	0|1	.	.	.	.	.	-	-	ref	no:star_allele	1	.	.	.	0
truth_stvar	chr1	31284313	31284313	.	1	1	0	1|0	.	.	.	.	.	-	-	yes	ref	1	.	.	.	0
truth_smvar	chr1	31284313	31284313	.	1	1,1	0	1|2	.	.	.	.	.	-	-	no:duplicate_of_stvar	no:star_allele	1	.	.	.	0
pangenie	chr1	31284313	31284313	chr1-31284313-SNV->2712956>2712957>2712961-1	1	1	0	0/1	1	.	PASS	-	-	.	.	.	.	.	.	.	.	0
vg	chr1	31284321	31284375	>2220675>2220836	55	1	-54	1|2	1	72.6094	PASS	FP	-	.	.	.	.	.	.	.	280.5,280.2	0
vg	chr1	31284321	31284375	>2220675>2220836	55	109	54	1|2	1	72.6094	PASS	FP	-	.	.	.	.	.	.	.	280.5,280.3	0
truth_stvar	chr1	31284322	31284322	.	1	1	0	0|1	.	.	.	.	.	-	-	ref	no:star_allele	1	.	.	.	0
truth_stvar	chr1	31284322	31284322	.	1	1	0	1|0	.	.	.	.	.	-	-	yes	ref	1	.	.	.	0
truth_smvar	chr1	31284322	31284322	.	1	1,1	0	1|2	.	.	.	.	.	-	-	no:duplicate_of_stvar	no:star_allele	1	.	.	.	0
pangenie	chr1	31284322	31284322	chr1-31284322-SNV->2712985>2712987>2712989-1	1	1	0	0/1	1	.	PASS	-	-	.	.	.	.	.	.	.	.	0
truth_stvar	chr1	31284330	31284330	.	1	1	0	0|1	.	.	.	.	.	-	-	ref	no:star_allele	1	.	.	.	0
truth_stvar	chr1	31284330	31284330	.	1	1	0	1|0	.	.	.	.	.	-	-	yes	ref	1	.	.	.	0
truth_smvar	chr1	31284330	31284330	.	1	1,1	0	1|2	.	.	.	.	.	-	-	no:duplicate_of_stvar	no:star_allele	1	.	.	.	0
vg	chr1	31284331	31284403	>2220662>2220871	73	19	-54	1|2	1	39.5929	PASS	FP	-	.	.	.	.	.	.	.	280.5,280.5	0
vg	chr1	31284331	31284403	>2220662>2220871	73	145	72	1|2	1	39.5929	PASS	FP	-	.	.	.	.	.	.	.	280.4,280.4	0
vg	chr1	31284331	31284331	>2220732>2220747	1	1	0	.|1	1	56.7811	PASS	-	-	.	.	.	.	.	.	.	.	0
truth_stvar	chr1	31284353	31284353	.	1	1	0	0|1	.	.	.	.	.	-	-	ref	no:star_allele	1	.	.	.	0
truth_stvar	chr1	31284353	31284353	.	1	1	0	1|0	.	.	.	.	.	-	-	yes	ref	1	.	.	.	0
truth_smvar	chr1	31284353	31284353	.	1	1,1	0	1|2	.	.	.	.	.	-	-	no:duplicate_of_stvar	no:star_allele	1	.	.	.	0
vg	chr1	31284353	31284358	>2220761>2220780	6	15	9	.|1	1	66.7872	PASS	-	-	.	.	.	.	.	.	.	.	0
vg	chr1	31284353	31284353	>2220765>2220775	1	10	9	.|1	1	36.1093	PASS	-	-	.	.	.	.	.	.	.	.	0
pangenie	chr1	31284353	31284353	chr1-31284353-SNV->2713017>2713019>2713020-1	1	1	0	0/1	1	.	PASS	-	-	.	.	.	.	.	.	.	.	0
truth_stvar	chr1	31284362	31284362	.	1	1	0	0|1	.	.	.	.	.	-	-	ref	no:star_allele	1	.	.	.	0
truth_stvar	chr1	31284362	31284362	.	1	1	0	1|0	.	.	.	.	.	-	-	yes	ref	1	.	.	.	0
truth_smvar	chr1	31284362	31284362	.	1	1,1	0	1|2	.	.	.	.	.	-	-	no:duplicate_of_stvar	no:star_allele	1	.	.	.	0
vg	chr1	31284362	31284362	>2220780>2220783	1	1	0	.|1	1	175.58	PASS	-	-	.	.	.	.	.	.	.	.	0
pangenie	chr1	31284362	31284362	chr1-31284362-SNV->2713026>2713028>2713029-1	1	1	0	0/1	1	.	PASS	-	-	.	.	.	.	.	.	.	.	0
truth_stvar	chr1	31284366	31284366	.	1	1	0	0|1	.	.	.	.	.	-	-	ref	no:star_allele	1	.	.	.	0
truth_stvar	chr1	31284366	31284366	.	1	1	0	1|0	.	.	.	.	.	-	-	yes	ref	1	.	.	.	0
truth_smvar	chr1	31284366	31284366	.	1	1,1	0	1|2	.	.	.	.	.	-	-	no:duplicate_of_stvar	no:star_allele	1	.	.	.	0
vg	chr1	31284366	31284367	>2220783>2220812	2	2	0	.|1	1	44.7051	PASS	-	-	.	.	.	.	.	.	.	.	0
truth_stvar	chr1	31284376	31284376	.	1	1	0	0|1	.	.	.	.	.	-	-	ref	no:star_allele	1	.	.	.	0
truth_stvar	chr1	31284376	31284376	.	1	1	0	1|0	.	.	.	.	.	-	-	yes	ref	1	.	.	.	0
truth_smvar	chr1	31284376	31284376	.	1	1,1	0	1|2	.	.	.	.	.	-	-	no:duplicate_of_stvar	no:star_allele	1	.	.	.	0
vg	chr1	31284376	31284376	>2220675>2220836	1	19	18	0|1	1	72.6094	PASS	-	-	.	.	.	.	.	.	.	.	0
pangenie	chr1	31284384	31284384	chr1-31284384-SNV->2713050>2713051>2713054-1	1	1	0	0/1	1	.	PASS	-	-	.	.	.	.	.	.	.	.	0
vg	chr1	31284385	31284385	>2220842>2220850	1	1	0	0|1	1	13.728	PASS	-	-	.	.	.	.	.	.	.	.	0
truth_stvar	chr1	31284394	31284394	.	1	1	0	0|1	.	.	.	.	.	-	-	ref	no:star_allele	1	.	.	.	0
truth_stvar	chr1	31284394	31284394	.	1	1	0	1|0	.	.	.	.	.	-	-	yes	ref	1	.	.	.	0
truth_smvar	chr1	31284394	31284394	.	1	1,1	0	1|2	.	.	.	.	.	-	-	no:duplicate_of_stvar	no:star_allele	1	.	.	.	0
vg	chr1	31284394	31284394	>2220854>2220862	1	1	0	0|1	1	31.4457	PASS	-	-	.	.	.	.	.	.	.	.	0
pangenie	chr1	31284403	31284403	chr1-31284412-INS->2713166>2713168>2713170>2713171>2713173>2713174>2713177>2713179-9	1	10	9	0/1	1	.	PASS	-	-	.	.	.	.	.	.	.	.	0
vg	chr1	31284412	31284412	>2220876>2220882	1	1	0	1|0	1	47.6311	PASS	-	-	.	.	.	.	.	.	.	.	0
pangenie	chr1	31284420	31284420	chr1-31284420-SNV->2713183>2713187>2713188-1	1	1	0	0/1	1	.	PASS	-	-	.	.	.	.	.	.	.	.	0
vg	chr1	31284421	31284421	>2220888>2220893	1	1	0	1|0	1	56.3154	PASS	-	-	.	.	.	.	.	.	.	.	0
truth_stvar	chr1	31284430	31284430	.	1	1	0	0|1	.	.	.	.	.	-	-	ref	no:star_allele	1	.	.	.	0
truth_stvar	chr1	31284430	31284430	.	1	1	0	1|0	.	.	.	.	.	-	-	yes	ref	1	.	.	.	0
truth_smvar	chr1	31284430	31284430	.	1	1,1	0	1|2	.	.	.	.	.	-	-	no:duplicate_of_stvar	no:star_allele	1	.	.	.	0
vg	chr1	31284430	31284430	>2220897>2220904	1	1	0	0|1	1	29.2547	PASS	-	-	.	.	.	.	.	.	.	.	0
truth_stvar	chr1	31284439	31284439	.	1	1	0	0|1	.	.	.	.	.	-	-	ref	no:star_allele	1	.	.	.	0
truth_stvar	chr1	31284439	31284439	.	1	1	0	1|0	.	.	.	.	.	-	-	yes	ref	1	.	.	.	0
truth_smvar	chr1	31284439	31284439	.	1	1,1	0	1|2	.	.	.	.	.	-	-	no:duplicate_of_stvar	no:star_allele	1	.	.	.	0
vg	chr1	31284439	31284439	>2220909>2220965	1	1	0	0|1	1	63.0397	PASS	-	-	.	.	.	.	.	.	.	.	0
pangenie	chr1	31284439	31284439	chr1-31284439-SNV->2713203>2713205>2713208-1	1	1	0	0/1	1	.	PASS	-	-	.	.	.	.	.	.	.	.	0
vg	chr1	31284447	31284934	>2220969>2251428	488	3449	2961	2|1	1	321.305	PASS	FP	-	.	.	.	.	.	.	.	280.3,280.7	0
vg	chr1	31284447	31284934	>2220969>2251428	488	4358	3870	2|1	1	321.305	PASS	FP	-	.	.	.	.	.	.	.	280.3,280.6	0
truth_stvar	chr1	31284448	31284448	.	1	1	0	0|1	.	.	.	.	.	-	-	ref	no:star_allele	1	.	.	.	0
truth_stvar	chr1	31284448	31284448	.	1	1	0	1|0	.	.	.	.	.	-	-	yes	ref	1	.	.	.	0
truth_smvar	chr1	31284448	31284448	.	1	1,1	0	1|2	.	.	.	.	.	-	-	no:duplicate_of_stvar	no:star_allele	1	.	.	.	0
pangenie	chr1	31284448	31284448	chr1-31284448-SNV->2713215>2713217>2713219-1	1	1	0	0/1	1	.	PASS	-	-	.	.	.	.	.	.	.	.	0
vg	chr1	31284451	31284451	>2220977>2220982	1	1	0	1|.	1	-0	PASS	-	-	.	.	.	.	.	.	.	.	0
truth_stvar	chr1	31284456	31284546	.	91	1	0	0|1	.	.	.	.	.	-	-	ref	no:star_allele	1	DEL	9	.	0
truth_stvar	chr1	31284456	31284546	.	91	1	90	1|0	.	.	.	.	.	FN	TP	yes	ref	1	DEL	9	.	0
truth_smvar	chr1	31284456	31284546	.	91	1,1	90	1|2	.	.	.	.	.	-	-	no:duplicate_of_stvar	no:star_allele	1	.	9	.	0
vg	chr1	31284457	31284457	>2220986>2220994	1	1	0	1|.	1	0.157975	PASS	-	-	.	.	.	.	.	.	.	.	0
pangenie	chr1	31284457	31284457	chr1-31284457-SNV->2713223>2713225>2713228-1	1	1	0	0/1	1	.	PASS	-	-	.	.	.	.	.	.	.	.	0
pangenie	chr1	31284465	31284466	chr1-31284465-COMPLEX->2713228>2713232>2713233>2713234-2	2	2	0	0/1	1	.	PASS	-	-	.	.	.	.	.	.	.	.	0
vg	chr1	31284466	31284466	>2221001>2221008	1	1	0	1|.	1	41.0558	PASS	-	-	.	.	.	.	.	.	.	.	0
vg	chr1	31284475	31284475	>2221016>2221030	1	1	0	1|.	1	0.0431678	PASS	-	-	.	.	.	.	.	.	.	.	0
pangenie	chr1	31284475	31284475	chr1-31284475-SNV->2713240>2713242>2713245-1	1	1	0	0/1	1	.	PASS	-	-	.	.	.	.	.	.	.	.	0
vg	chr1	31284484	31284484	>2221016>2221030	1	1	0	1|.	1	0.0431678	PASS	-	-	.	.	.	.	.	.	.	.	0
pangenie	chr1	31284484	31284484	chr1-31284484-SNV->2713251>2713255>2713256-1	1	1	0	0/1	1	.	PASS	-	-	.	.	.	.	.	.	.	.	0
pangenie	chr1	31284493	31284493	chr1-31284493-SNV->2713261>2713262>2713266-1	1	1	0	0/1	1	.	PASS	-	-	.	.	.	.	.	.	.	.	0
vg	chr1	31284502	31284502	>2221045>2221049	1	1	0	1|.	1	122.691	PASS	-	-	.	.	.	.	.	.	.	.	0
pangenie	chr1	31284502	31284502	chr1-31284502-SNV->2713271>2713275>2713276-1	1	1	0	0/1	1	.	PASS	-	-	.	.	.	.	.	.	.	.	0
pangenie	chr1	31284510	31284511	chr1-31284510-COMPLEX->2713279>2713283>2713284>2713285-2	2	2	0	0/1	1	.	PASS	-	-	.	.	.	.	.	.	.	.	0
vg	chr1	31284511	31284511	>2221052>2221058	1	1	0	1|.	1	10.696	PASS	-	-	.	.	.	.	.	.	.	.	0
vg	chr1	31284520	31284520	>2221138>2221153	1	1	0	1|.	1	143.31	PASS	-	-	.	.	.	.	.	.	.	.	0
pangenie	chr1	31284520	31284520	chr1-31284520-SNV->2713289>2713293>2713294-1	1	1	0	0/1	1	.	PASS	-	-	.	.	.	.	.	.	.	.	0
pangenie	chr1	31284529	31284529	chr1-31284529-SNV->2713303>2713305>2713307-1	1	1	0	0/1	1	.	PASS	-	-	.	.	.	.	.	.	.	.	0
vg	chr1	31284538	31284538	>2221169>2221281	1	1	0	1|.	1	69.3227	PASS	-	-	.	.	.	.	.	.	.	.	0
pangenie	chr1	31284538	31284538	chr1-31284538-SNV->2713313>2713317>2713318-1	1	1	0	0/1	1	.	PASS	-	-	.	.	.	.	.	.	.	.	0
vg	chr1	31284546	31284546	>2221178>2221184	1	1	0	1|.	1	86.6427	PASS	-	-	.	.	.	.	.	.	.	.	0
vg	chr1	31284556	31284556	>2221189>2221199	1	1	0	1|.	1	36.6939	PASS	-	-	.	.	.	.	.	.	.	.	0
pangenie	chr1	31284556	31284556	chr1-31284556-SNV->2713330>2713333>2713335-1	1	1	0	0/1	1	.	PASS	-	-	.	.	.	.	.	.	.	.	0
pangenie	chr1	31284565	31284565	chr1-31284565-SNV->2713339>2713342>2713344-1	1	1	0	0/1	1	.	PASS	-	-	.	.	.	.	.	.	.	.	0
vg	chr1	31284574	31284574	>2221169>2221281	1	1	0	1|.	1	69.3227	PASS	-	-	.	.	.	.	.	.	.	.	0
vg	chr1	31284582	31284583	>2221169>2221281	2	2	0	1|.	1	69.3227	PASS	-	-	.	.	.	.	.	.	.	.	0
pangenie	chr1	31284582	31284583	chr1-31284582-COMPLEX->2713357>2713360>2713362>2713364-2	2	2	0	0/1	1	.	PASS	-	-	.	.	.	.	.	.	.	.	0
pangenie	chr1	31284587	31284587	chr1-31284587-SNV->2713364>2713366>2713367-1	1	1	0	0/1	1	.	PASS	-	-	.	.	.	.	.	.	.	.	0
truth_stvar	chr1	31284591	31284690	.	100	1	0	0|1	.	.	.	.	.	-	-	ref	no:star_allele	1	DEL	9	.	0
truth_stvar	chr1	31284591	31284690	.	100	1	99	1|0	.	.	.	.	.	FN	TP	yes	ref	1	DEL	9	.	0
truth_smvar	chr1	31284591	31284690	.	100	1,1	99	1|2	.	.	.	.	.	-	-	no:duplicate_of_stvar	no:star_allele	1	.	9	.	0
pangenie	chr1	31284591	31284591	chr1-31284591-SNV->2713367>2713371>2713372-1	1	1	0	0/1	1	.	PASS	-	-	.	.	.	.	.	.	.	.	0
vg	chr1	31284601	31284601	>2221284>2221290	1	1	0	1|.	1	7.68011	PASS	-	-	.	.	.	.	.	.	.	.	0
vg	chr1	31284605	31284605	>2221290>2221296	1	1	0	1|.	1	192.075	PASS	-	-	.	.	.	.	.	.	.	.	0
pangenie	chr1	31284605	31284605	chr1-31284605-SNV->2713380>2713383>2713384-1	1	1	0	0/1	1	.	PASS	-	-	.	.	.	.	.	.	.	.	0
vg	chr1	31284609	31284609	>2221296>2221305	1	1	0	1|.	1	78.2867	PASS	-	-	.	.	.	.	.	.	.	.	0
pangenie	chr1	31284609	31284609	chr1-31284609-SNV->2713387>2713388>2713393-1	1	1	0	0/1	1	.	PASS	-	-	.	.	.	.	.	.	.	.	0
vg	chr1	31284619	31284628	>2221309>2221325	10	1	-9	1|.	1	63.7087	PASS	-	-	.	.	.	.	.	.	.	.	0
pangenie	chr1	31284619	31284619	chr1-31284619-SNV->2713398>2713402>2713403-1	1	1	0	0/1	1	.	PASS	-	-	.	.	.	.	.	.	.	.	0
pangenie	chr1	31284628	31284628	chr1-31284628-SNV->2713409>2713413>2713414-1	1	1	0	0/1	1	.	PASS	-	-	.	.	.	.	.	.	.	.	0
vg	chr1	31284637	31284637	>2221329>2221338	1	1	0	1|.	1	45.837	PASS	-	-	.	.	.	.	.	.	.	.	0
pangenie	chr1	31284637	31284637	chr1-31284637-SNV->2713415>2713418>2713420-1	1	1	0	0/1	1	.	PASS	-	-	.	.	.	.	.	.	.	.	0
pangenie	chr1	31284645	31284717	chr1-31284645-DEL->2713423>2713426>2713599-72	73	1	-72	0/1	1	.	PASS	TP	-	.	.	.	.	.	.	.	265.2,265.1	0
vg	chr1	31284646	31284646	>2221344>2221353	1	1	0	1|.	1	17.5765	PASS	-	-	.	.	.	.	.	.	.	.	0
vg	chr1	31284655	31284655	>2221357>2221364	1	1	0	1|.	1	49.9546	PASS	-	-	.	.	.	.	.	.	.	.	0
vg	chr1	31284664	31284664	>2221367>2221377	1	1	0	1|.	1	30.2043	PASS	-	-	.	.	.	.	.	.	.	.	0
vg	chr1	31284677	31284681	>2221380>2221502	5	5	0	1|.	1	26.1223	PASS	-	-	.	.	.	.	.	.	.	.	0
vg	chr1	31284677	31284677	>2221490>2221494	1	1	0	1|.	1	101.073	PASS	-	-	.	.	.	.	.	.	.	.	0
vg	chr1	31284686	31284686	>2221502>2221507	1	1	0	1|.	1	107.447	PASS	-	-	.	.	.	.	.	.	.	.	0
vg	chr1	31284690	31284690	>2221507>2221514	1	1	0	1|.	1	72.7354	PASS	-	-	.	.	.	.	.	.	.	.	0
vg	chr1	31284700	31284700	>2221518>2221525	1	1	0	1|.	1	12.8511	PASS	-	-	.	.	.	.	.	.	.	.	0
pangenie	chr1	31284717	31284780	chr1-31284726-DEL->2713609>2713665-63	64	1	-63	0/1	1	.	PASS	TP	-	.	.	.	.	.	.	.	265.1,265.2	0
vg	chr1	31284718	31284718	>2221545>2221572	1	10	9	1|.	1	17.9712	PASS	-	-	.	.	.	.	.	.	.	.	0
vg	chr1	31284727	31284727	>2221545>2221572	1	1	0	1|.	1	17.9712	PASS	-	-	.	.	.	.	.	.	.	.	0
vg	chr1	31284744	31284745	>2221586>2221592	2	2	0	1|.	1	159.64	PASS	-	-	.	.	.	.	.	.	.	.	0
truth_stvar	chr1	31284753	31284753	.	1	1	0	0|1	.	.	.	.	.	-	-	ref	no:star_allele	1	.	.	.	0
truth_stvar	chr1	31284753	31284753	.	1	1	0	1|0	.	.	.	.	.	-	-	yes	ref	1	.	.	.	0
truth_smvar	chr1	31284753	31284753	.	1	1,1	0	1|2	.	.	.	.	.	-	-	no:duplicate_of_stvar	no:star_allele	1	.	.	.	0
truth_stvar	chr1	31284762	31284780	.	19	1	0	0|1	.	.	.	.	.	-	-	ref	no:star_allele	1	.	.	.	0
truth_stvar	chr1	31284762	31284780	.	19	1	18	1|0	.	.	.	.	.	-	-	yes	ref	1	.	.	.	0
truth_smvar	chr1	31284762	31284780	.	19	1,1	18	1|2	.	.	.	.	.	-	-	no:duplicate_of_stvar	no:star_allele	1	.	.	.	0
vg	chr1	31284763	31284763	>2221608>2221615	1	1	0	1|.	1	53.1063	PASS	-	-	.	.	.	.	.	.	.	.	0
vg	chr1	31284771	31284772	>2221618>2221625	2	2	0	1|.	1	16.2936	PASS	-	-	.	.	.	.	.	.	.	.	0
vg	chr1	31284780	31284780	>2221630>2221640	1	1	0	1|.	1	163.383	PASS	-	-	.	.	.	.	.	.	.	.	0
pangenie	chr1	31284781	31284934	chr1-31284799-DEL->2713668>2713671>2713949-153	154	1	-153	0/1	1	.	PASS	FP	-	.	.	.	.	.	.	.	265.11,265.3	0
truth_stvar	chr1	31284799	31284799	.	1	1	0	0|1	.	.	.	.	.	-	-	ref	yes	1	.	.	.	0
truth_smvar	chr1	31284799	31284799	.	1	1	0	0|1	.	.	.	.	.	-	-	ref	no:duplicate_of_stvar	1	.	.	.	0
truth_stvar	chr1	31284808	31284808	.	1	1	0	1|0	.	.	.	.	.	-	-	yes	ref	1	.	.	.	0
truth_smvar	chr1	31284808	31284808	.	1	1	0	1|0	.	.	.	.	.	-	-	no:duplicate_of_stvar	ref	1	.	.	.	0
truth_stvar	chr1	31284825	31284825	.	1	1	0	1|1	.	.	.	.	.	-	-	yes	yes	1	.	.	.	0
truth_smvar	chr1	31284825	31284825	.	1	1	0	1|1	.	.	.	.	.	-	-	no:duplicate_of_stvar	no:duplicate_of_stvar	1	.	.	.	0
truth_stvar	chr1	31284826	31284826	.	1	1	0	1|1	.	.	.	.	.	-	-	yes	yes	1	.	.	.	0
truth_smvar	chr1	31284826	31284826	.	1	1	0	1|1	.	.	.	.	.	-	-	no:duplicate_of_stvar	no:duplicate_of_stvar	1	.	.	.	0
truth_stvar	chr1	31284835	31284835	.	1	1	0	1|1	.	.	.	.	.	-	-	yes	yes	1	.	.	.	0
truth_smvar	chr1	31284835	31284835	.	1	1	0	1|1	.	.	.	.	.	-	-	no:duplicate_of_stvar	no:duplicate_of_stvar	1	.	.	.	0
truth_stvar	chr1	31284862	31284862	.	1	1	0	1|0	.	.	.	.	.	-	-	yes	ref	1	.	.	.	0
truth_smvar	chr1	31284862	31284862	.	1	1	0	1|0	.	.	.	.	.	-	-	no:duplicate_of_stvar	ref	1	.	.	.	0
truth_stvar	chr1	31284879	31284879	.	1	1	0	0|1	.	.	.	.	.	-	-	ref	yes	1	.	.	.	0
truth_smvar	chr1	31284879	31284879	.	1	1	0	0|1	.	.	.	.	.	-	-	ref	no:duplicate_of_stvar	1	.	.	.	0
truth_stvar	chr1	31284880	31284880	.	1	1	0	0|1	.	.	.	.	.	-	-	ref	yes	1	.	.	.	0
truth_smvar	chr1	31284880	31284880	.	1	1	0	0|1	.	.	.	.	.	-	-	ref	no:duplicate_of_stvar	1	.	.	.	0
truth_stvar	chr1	31284907	31284907	.	1	1	0	1|0	.	.	.	.	.	-	-	yes	ref	1	.	.	.	0
truth_smvar	chr1	31284907	31284907	.	1	1	0	1|0	.	.	.	.	.	-	-	no:duplicate_of_stvar	ref	1	.	.	.	0
truth_stvar	chr1	31284915	31284915	.	1	1	0	0|1	.	.	.	.	.	-	-	ref	yes	1	.	.	.	0
truth_smvar	chr1	31284915	31284915	.	1	1	0	0|1	.	.	.	.	.	-	-	ref	no:duplicate_of_stvar	1	.	.	.	0
truth_stvar	chr1	31284934	31284934	.	1	1	0	1|1	.	.	.	.	.	-	-	yes	yes	1	.	.	.	0
truth_smvar	chr1	31284934	31284934	.	1	1	0	1|1	.	.	.	.	.	-	-	no:duplicate_of_stvar	no:duplicate_of_stvar	1	.	.	.	0
vg	chr1	31284948	31284957	>2241821>2241838	10	1	-9	0|1	1	12.6694	PASS	-	-	.	.	.	.	.	.	.	.	0
truth_stvar	chr1	31284951	31284951	.	1	1	0	0|1	.	.	.	.	.	-	-	ref	yes	1	.	.	.	0
truth_smvar	chr1	31284951	31284951	.	1	1	0	0|1	.	.	.	.	.	-	-	ref	no:duplicate_of_stvar	1	.	.	.	0
pangenie	chr1	31284961	31284961	chr1-31284961-SNV->2713953>2713954>2713958-1	1	1	0	0/1	1	.	PASS	-	-	.	.	.	.	.	.	.	.	0
vg	chr1	31284970	31284970	>2241841>2241848	1	1	0	0|1	1	22.6737	PASS	-	-	.	.	.	.	.	.	.	.	0
pangenie	chr1	31284970	31284970	chr1-31284970-SNV->2713965>2713967>2713969-1	1	1	0	0/1	1	.	PASS	-	-	.	.	.	.	.	.	.	.	0
truth_stvar	chr1	31284974	31284974	.	1	1	0	0|1	.	.	.	.	.	-	-	ref	yes	1	.	.	.	0
truth_smvar	chr1	31284974	31284974	.	1	1	0	0|1	.	.	.	.	.	-	-	ref	no:duplicate_of_stvar	1	.	.	.	0
vg	chr1	31284978	31284978	>2241855>2241863	1	1	0	0|1	1	86.0412	PASS	-	-	.	.	.	.	.	.	.	.	0
pangenie	chr1	31284978	31284979	chr1-31284978-COMPLEX->2713975>2713978>2713980>2713982-2	2	2	0	0/1	1	.	PASS	-	-	.	.	.	.	.	.	.	.	0
pangenie	chr1	31284988	31284988	chr1-31284988-SNV->2713988>2713990>2713993-1	1	1	0	0/1	1	.	PASS	-	-	.	.	.	.	.	.	.	.	0
truth_stvar	chr1	31284997	31284997	.	1	1	0	0|1	.	.	.	.	.	-	-	ref	yes	1	.	.	.	0
truth_smvar	chr1	31284997	31284997	.	1	1	0	0|1	.	.	.	.	.	-	-	ref	no:duplicate_of_stvar	1	.	.	.	0
pangenie	chr1	31284997	31285033	chr1-31284997-DEL->2713994>2713995>2714039-36	37	1	-36	0/1	1	.	PASS	-	-	.	.	.	.	.	.	.	.	0
vg	chr1	31285005	31285005	>2241891>2241980	1	1	0	0|1	1	16.9842	PASS	-	-	.	.	.	.	.	.	.	.	0
truth_stvar	chr1	31285006	31285006	.	1	1	0	0|1	.	.	.	.	.	-	-	ref	yes	1	.	.	.	0
truth_smvar	chr1	31285006	31285006	.	1	1	0	0|1	.	.	.	.	.	-	-	ref	no:duplicate_of_stvar	1	.	.	.	0
vg	chr1	31285006	31285051	>2241891>2241980	46	1	-45	0|1	1	16.9842	PASS	-	-	.	.	.	.	.	.	.	.	0
truth_stvar	chr1	31285014	31285014	.	1	1	0	1|0	.	.	.	.	.	-	-	yes	ref	1	.	.	.	0
truth_smvar	chr1	31285014	31285014	.	1	1	0	1|0	.	.	.	.	.	-	-	no:duplicate_of_stvar	ref	1	.	.	.	0
truth_stvar	chr1	31285015	31285015	.	1	1	0	1|1	.	.	.	.	.	-	-	yes	yes	1	.	.	.	0
truth_smvar	chr1	31285015	31285015	.	1	1	0	1|1	.	.	.	.	.	-	-	no:duplicate_of_stvar	no:duplicate_of_stvar	1	.	.	.	0
truth_stvar	chr1	31285024	31285024	.	1	1	0	0|1	.	.	.	.	.	-	-	ref	yes	1	.	.	.	0
truth_smvar	chr1	31285024	31285024	.	1	1	0	0|1	.	.	.	.	.	-	-	ref	no:duplicate_of_stvar	1	.	.	.	0
truth_stvar	chr1	31285033	31285033	.	1	1	0	1|0	.	.	.	.	.	-	-	yes	ref	1	.	.	.	0
truth_smvar	chr1	31285033	31285033	.	1	1	0	1|0	.	.	.	.	.	-	-	no:duplicate_of_stvar	ref	1	.	.	.	0
truth_stvar	chr1	31285042	31285042	.	1	1	0	1|0	.	.	.	.	.	-	-	yes	ref	1	.	.	.	0
truth_smvar	chr1	31285042	31285042	.	1	1	0	1|0	.	.	.	.	.	-	-	no:duplicate_of_stvar	ref	1	.	.	.	0
pangenie	chr1	31285046	31285046	chr1-31285046-SNV->2714064>2714066>2714067-1	1	1	0	0/1	1	.	PASS	-	-	.	.	.	.	.	.	.	.	0
pangenie	chr1	31285050	31285051	chr1-31285050-COMPLEX->2714067>2714071>2714073>2714074-2	2	2	0	0/1	1	.	PASS	-	-	.	.	.	.	.	.	.	.	0
vg	chr1	31285060	31285060	>2241986>2241995	1	1	0	0|1	1	46.6009	PASS	-	-	.	.	.	.	.	.	.	.	0
pangenie	chr1	31285060	31285132	chr1-31285060-DEL->2714079>2714139-72	73	1	-72	0/1	1	.	PASS	TP	-	.	.	.	.	.	.	.	265.4,265.4	0
vg	chr1	31285069	31285069	>2242004>2242008	1	1	0	0|1	1	38.3286	PASS	-	-	.	.	.	.	.	.	.	.	0
truth_stvar	chr1	31285077	31285077	.	1	1	0	1|1	.	.	.	.	.	-	-	yes	yes	1	.	.	.	0
truth_smvar	chr1	31285077	31285077	.	1	1	0	1|1	.	.	.	.	.	-	-	no:duplicate_of_stvar	no:duplicate_of_stvar	1	.	.	.	0
vg	chr1	31285077	31285077	>2242016>2242024	1	1	0	0|1	1	47.3011	PASS	-	-	.	.	.	.	.	.	.	.	0
truth_stvar	chr1	31285087	31285087	.	1	1	0	1|0	.	.	.	.	.	-	-	yes	ref	1	.	.	.	0
truth_smvar	chr1	31285087	31285087	.	1	1	0	1|0	.	.	.	.	.	-	-	no:duplicate_of_stvar	ref	1	.	.	.	0
truth_stvar	chr1	31285096	31285096	.	1	1	0	1|0	.	.	.	.	.	-	-	yes	ref	1	.	.	.	0
truth_smvar	chr1	31285096	31285096	.	1	1	0	1|0	.	.	.	.	.	-	-	no:duplicate_of_stvar	ref	1	.	.	.	0
truth_stvar	chr1	31285105	31285105	.	1	1	0	1|0	.	.	.	.	.	-	-	yes	ref	1	.	.	.	0
truth_smvar	chr1	31285105	31285105	.	1	1	0	1|0	.	.	.	.	.	-	-	no:duplicate_of_stvar	ref	1	.	.	.	0
vg	chr1	31285105	31285105	>2242041>2242061	1	1	0	1|0	1	40.9095	PASS	-	-	.	.	.	.	.	.	.	.	0
truth_stvar	chr1	31285114	31285114	.	1	1	0	1|0	.	.	.	.	.	-	-	yes	ref	1	.	.	.	0
truth_smvar	chr1	31285114	31285114	.	1	1	0	1|0	.	.	.	.	.	-	-	no:duplicate_of_stvar	ref	1	.	.	.	0
vg	chr1	31285114	31285114	>2242079>2242083	1	1	0	0|1	1	60.4287	PASS	-	-	.	.	.	.	.	.	.	.	0
truth_stvar	chr1	31285123	31285123	.	1	1	0	1|0	.	.	.	.	.	-	-	yes	ref	1	.	.	.	0
truth_smvar	chr1	31285123	31285123	.	1	1	0	1|0	.	.	.	.	.	-	-	no:duplicate_of_stvar	ref	1	.	.	.	0
truth_stvar	chr1	31285131	31285131	.	1	1	0	1|0	.	.	.	.	.	-	-	yes	ref	1	.	.	.	0
truth_smvar	chr1	31285131	31285131	.	1	1	0	1|0	.	.	.	.	.	-	-	no:duplicate_of_stvar	ref	1	.	.	.	0
vg	chr1	31285141	31285141	>2242120>2242128	1	1	0	1|0	1	24.0656	PASS	-	-	.	.	.	.	.	.	.	.	0
pangenie	chr1	31285141	31285141	chr1-31285141-SNV->2714149>2714150>2714154-1	1	1	0	0/1	1	.	PASS	-	-	.	.	.	.	.	.	.	.	0
vg	chr1	31285150	31285150	>2242134>2242142	1	1	0	1|0	1	3.78656	PASS	-	-	.	.	.	.	.	.	.	.	0
pangenie	chr1	31285150	31285150	chr1-31285150-SNV->2714158>2714160>2714163-1	1	1	0	0/1	1	.	PASS	-	-	.	.	.	.	.	.	.	.	0
truth_stvar	chr1	31285158	31285968	.	811	1	810	0|1	.	.	.	.	.	TP	FN	ref	yes	1	DEL	9	.	0
truth_smvar	chr1	31285158	31285968	.	811	1	810	0|1	.	.	.	.	.	-	-	ref	no:duplicate_of_stvar	1	.	9	.	0
vg	chr1	31285159	31285159	>2242151>2242159	1	1	0	1|0	1	22.6171	PASS	-	-	.	.	.	.	.	.	.	.	0
pangenie	chr1	31285159	31285159	chr1-31285159-SNV->2714167>2714168>2714177-1	1	1	0	0/1	1	.	PASS	-	-	.	.	.	.	.	.	.	.	0
truth_stvar	chr1	31285167	31285248	.	82	1	0	0|1	.	.	.	.	.	-	-	ref	no:star_allele	1	DEL	9	.	0
truth_stvar	chr1	31285167	31285248	.	82	1	81	1|0	.	.	.	.	.	TP	TP	yes	ref	1	DEL	9	.	0
truth_smvar	chr1	31285167	31285248	.	82	1,1	81	1|2	.	.	.	.	.	-	-	no:duplicate_of_stvar	no:star_allele	1	.	9	.	0
vg	chr1	31285168	31285168	>2242168>2242172	1	1	0	1|1	1	86.4187	PASS	-	-	.	.	.	.	.	.	.	.	0
pangenie	chr1	31285168	31285168	chr1-31285168-SNV->2714184>2714186>2714188-1	1	1	0	0/1	1	.	PASS	-	-	.	.	.	.	.	.	.	.	0
vg	chr1	31285177	31285177	>2242178>2242185	1	1	0	1|1	1	103.555	PASS	-	-	.	.	.	.	.	.	.	.	0
pangenie	chr1	31285177	31285177	chr1-31285177-SNV->2714192>2714196>2714207-1	1	1	0	0/1	1	.	PASS	-	-	.	.	.	.	.	.	.	.	0
vg	chr1	31285185	31285185	>2242191>2242198	1	1	0	1|1	1	83.0067	PASS	-	-	.	.	.	.	.	.	.	.	0
pangenie	chr1	31285185	31285186	chr1-31285185-COMPLEX->2714210>2714212>2714215>2714216-2	2	2	0	0/1	1	.	PASS	-	-	.	.	.	.	.	.	.	.	0
vg	chr1	31285194	31285194	>2242206>2242214	1	1	0	1|1	1	79.7907	PASS	-	-	.	.	.	.	.	.	.	.	0
pangenie	chr1	31285194	31285195	chr1-31285194-COMPLEX->2714220>2714223>2714226>2714227-2	2	2	0	0/1	1	.	PASS	-	-	.	.	.	.	.	.	.	.	0
pangenie	chr1	31285199	31285199	chr1-31285199-SNV->2714228>2714229>2714232-1	1	1	0	0/1	1	.	PASS	-	-	.	.	.	.	.	.	.	.	0
pangenie	chr1	31285203	31285203	chr1-31285203-SNV->2714233>2714237>2714261-1	1	1	0	0/1	1	.	PASS	-	-	.	.	.	.	.	.	.	.	0
vg	chr1	31285213	31285213	>2242233>2242239	1	1	0	1|0	1	32.9908	PASS	-	-	.	.	.	.	.	.	.	.	0
pangenie	chr1	31285213	31285213	chr1-31285213-SNV->2714267>2717037>2717041-1	1	1	0	0/1	1	.	PASS	-	-	.	.	.	.	.	.	.	.	0
vg	chr1	31285222	31285222	>2242245>2242252	1	1	0	1|2	1	56.8512	PASS	-	-	.	.	.	.	.	.	.	.	0
vg	chr1	31285222	31285222	>2242245>2242252	1	1	0	1|2	1	56.8512	PASS	-	-	.	.	.	.	.	.	.	.	0
pangenie	chr1	31285222	31285222	chr1-31285222-SNV->2717047>2717049>2717051-1	1	1	0	0/1	1	.	PASS	-	-	.	.	.	.	.	.	.	.	0
vg	chr1	31285231	31285231	>2242258>2242265	1	1	0	1|2	1	71.5171	PASS	-	-	.	.	.	.	.	.	.	.	0
vg	chr1	31285231	31285231	>2242258>2242265	1	1	0	1|2	1	71.5171	PASS	-	-	.	.	.	.	.	.	.	.	0
pangenie	chr1	31285231	31285231	chr1-31285231-SNV->2717055>2717057>2717060-1	1	1	0	0/1	1	.	PASS	-	-	.	.	.	.	.	.	.	.	0
vg	chr1	31285240	31285240	>2242269>2242276	1	1	0	1|0	1	10.598	PASS	-	-	.	.	.	.	.	.	.	.	0
pangenie	chr1	31285240	31285240	chr1-31285240-SNV->2717064>2717065>2717069-1	1	1	0	0/1	1	.	PASS	-	-	.	.	.	.	.	.	.	.	0
vg	chr1	31285248	31285249	>2242280>2242300	2	2	0	2|1	1	127.048	PASS	-	-	.	.	.	.	.	.	.	.	0
vg	chr1	31285248	31285249	>2242280>2242300	2	2	0	2|1	1	127.048	PASS	-	-	.	.	.	.	.	.	.	.	0
pangenie	chr1	31285248	31285249	chr1-31285248-COMPLEX->2717073>2717076>2717078>2717080-2	2	2	0	0/1	1	.	PASS	-	-	.	.	.	.	.	.	.	.	0
pangenie	chr1	31285248	31285266	chr1-31285267-DEL->2717096>2717115-18	19	1	-18	0/1	1	.	PASS	-	-	.	.	.	.	.	.	.	.	0
vg	chr1	31285258	31285258	>2242311>2242315	1	1	0	1|0	1	3.13633	PASS	-	-	.	.	.	.	.	.	.	.	0
vg	chr1	31285267	31285267	>2242323>2242333	1	1	0	1|0	1	0.0465103	PASS	-	-	.	.	.	.	.	.	.	.	0
truth_stvar	chr1	31285275	31285275	.	1	1	0	0|1	.	.	.	.	.	-	-	ref	no:star_allele	1	.	.	.	0
truth_stvar	chr1	31285275	31285275	.	1	1	0	1|0	.	.	.	.	.	-	-	yes	ref	1	.	.	.	0
truth_smvar	chr1	31285275	31285275	.	1	1,1	0	1|2	.	.	.	.	.	-	-	no:duplicate_of_stvar	no:star_allele	1	.	.	.	0
vg	chr1	31285276	31285276	>2242340>2242348	1	1	0	1|0	1	4.44855	PASS	-	-	.	.	.	.	.	.	.	.	0
truth_stvar	chr1	31285285	31285285	.	1	1	0	0|1	.	.	.	.	.	-	-	ref	no:star_allele	1	.	.	.	0
truth_stvar	chr1	31285285	31285285	.	1	1	0	1|0	.	.	.	.	.	-	-	yes	ref	1	.	.	.	0
truth_smvar	chr1	31285285	31285285	.	1	1,1	0	1|2	.	.	.	.	.	-	-	no:duplicate_of_stvar	no:star_allele	1	.	.	.	0
vg	chr1	31285285	31285285	>2242355>2242360	1	1	0	1|0	1	19.5634	PASS	-	-	.	.	.	.	.	.	.	.	0
truth_stvar	chr1	31285294	31285294	.	1	1	0	0|1	.	.	.	.	.	-	-	ref	no:star_allele	1	.	.	.	0
truth_stvar	chr1	31285294	31285294	.	1	1	0	1|0	.	.	.	.	.	-	-	yes	ref	1	.	.	.	0
truth_smvar	chr1	31285294	31285294	.	1	1,1	0	1|2	.	.	.	.	.	-	-	no:duplicate_of_stvar	no:star_allele	1	.	.	.	0
vg	chr1	31285294	31285294	>2242364>2242372	1	1	0	1|2	1	27.9788	PASS	-	-	.	.	.	.	.	.	.	.	0
vg	chr1	31285294	31285294	>2242364>2242372	1	1	0	1|2	1	27.9788	PASS	-	-	.	.	.	.	.	.	.	.	0
pangenie	chr1	31285294	31287877	chr1-31285294-COMPLEX->2717120>2741688>2741703>2741704>2741706>2741707>2741710>2741713>2741714>2741715>2741718>2741720>2741721>2741723>2741724>2741727>2741729>2741730>2741732>2741733>2741736>2741738>2741740>2741741>2741744>2741745>2741746>2741750>2741751>2741754>2741756>2741757>2741758>2741763>2741764>2741765>2741766>2741768>2741769>2741772>2741774>2741775>2741777>2741778>2741781>2741783>2741784>2741786>2741788>2741789>2741793>2741794>2741795>2741797>2741799>2741803>2741805>2741806>2741807>2741809>2741810>2741814>2741815>2741816>2741819>2741820>2741822>2741823>2741826>2741827>2741829>2741830>2741832>2741833>2741835>2741838>2741840>2741841>2741842>2741846>2741847>2741850>2741852>2741853>2741856>2741857>2741859>2741860>2741862>2741863>2741865>2741869>2741870>2741872>2741873>2741876>2741877>2741880>2741881>2741883>2741884>2741889>2741890>2741891>2741892>2741894>2741895>2741896>2741897>2741901>2741903>2741904>2741906>2741907>2741909>2741912>2741913>2741915>2741917>2741918>2741923>2741924>2741925>2741928>2741930>2741931>2741933>2741934>2741937>2741939>2741940>2741943>2741946>2741947>2741948>2741950>2741951>2741954>2741955>2741959>2741960>2741962>2741963>2741966>2741967>2741970>2741971>2741973>2741974>2741977>2741979>2741981>2741982>2741983>2741989>2741990>2741991>2741992>2741994>2741995>2741998>2742001>2742002>2742003>2742006>2742007>2742008>2742012>2742013>2742016>2742017>2742019>2742020>2742022>2742026>2742027>2742028>2742029>2742030>2742033>2742037>2742038>2742039>2742040>2742042>2742043>2742047>2742048>2742049>2742051>2742052>2742054>2742057>2742058>2742060>2742062>2742063>2742066>2742067>2742069>2742070>2742073>2742074>2742077>2742078>2742081>2742082>2742084>2742086>2742088>2742089>2742091>2742092>2742093>2742101>2742102>2742103>2742105>2742106>2742109>2742110>2742113>2742114>2742117>2742118>2742119>2742123>2742124>2742125>2742128>2742129>2742130>2742131>2742136>2742137>2742149>2742150>2742153>2742154>2742155>2742177>2742178>2743307>2743311>2743312>2743315>2743316>2743317>2743318>2743322>2743354>2743356>2743357>2743358>2743361>2743364>2743366>2743367>2743368>2743369>2743373>2743374>2743376>2743378>2743381>2743382>2743383>2743385>2743386>2743389>2743390>2743391>2743393>2743395>2743397>2743399>2743401>2743402>2743403>2743405>2743406>2743408>2743410>2743411>2743413>2743414>2743417>2743419>2743420>2743421>2743425>2743426>2743428>2743429>2743431>2743434>2743436>2743437>2743439>2743440>2743443>2743444>2743445>2743448>2743449>2743450>2743453>2743454>2743455>2743456>2743459>2743460>2743461>2743465>2743467>2743468>2743469>2743472>2743473>2743475>2743477>2743478>2743480>2743481>2743483>2743484>2743486>2743487>2743488>2743492>2743498>2743506>2743508>2743510>2743511>2743512>2743514>2743516>2743517>2743521>2743522>2743523>2743526>2743527>2743529>2743532>2743533>2743534>2743549>2743550>2743551>2743554>2743555>2743556>2743563>2743565>2743566>2743568>2743569>2743573>2743574>2743575>2743576>2743577>2743581>2743583>2743585>2743587>2743588>2743590>2743591>2743594>2743596>2743597>2743601>2743602>2743603>2743605>2743606>2743607>2743611>2743612>2743613>2743614>2743616>2743617>2743620>2743621>2743623>2743624>2743627>2743628>2743631>2743633>2743634>2743637>2743673>2743674>2743675>2743677>2743678>2743680>2743684>2743685>2743686>2743688>2743689>2743691>2743694>2743695>2743696>2743698>2743699>2743702>2743703>2743706>2743707>2743710>2743712>2743713>2743717>2743718>2743719>2743729>2743732>2743733>2743734>2743738>2743739>2743741>2743742>2743744>2743745>2743747>2743748>2743750>2743752>2743753>2743755>2743760>2743761>2743762>2743765>2743767>2743768>2743770>2743771>2743774>2743775>2743779>2743780>2743782>2743783>2743787>2743788>2743789>2743790>2743792>2743794>2743795>2743798>2743799>2743800>2743804>2743805>2743806>2743810>2743811>2743812>2743814>2743815>2743817>2743820>2743822>2743824>2743825>2743826>2743831>2743832>2743833>2743834>2743836>2743839>2743840>2743841>2743843>2743844>2743846>2743848>2743851>2743852>2743861>2743862>2743864>2743865>2743869>2743870>2743871>2743872>2743874>2743875>2743878>2743879>2743880>2743882>2743883>2743886>2743888>2743889>2743891>2743892>2743895>2743897>2743898>2743900>2743901>2743904>2743906>2743907>2743909>2743911>2743913>2743915>2743917>2743919>2743920>2743922>2743925>2743926>2743927>2743929>2743930>2743931>2743935>2743936>2743938>2743941>2743942>2743944>2743946>2743948>2743951>2743952>2743954>2743955>2743956>2743959>2743960>2743962>2743966>2743967>2743968>2743971>2743972>2743973>2743974>2743978>2743979>2743981>2743982>2743986>2743987>2743989>2743990>2743993>2743994>2743996>2743998>2744000>2744001>2744002>2744004>2744005>2744006>2744010>2744011>2744014>2744015>2744017>2744018>2744022>2744023>2744024>2744025>2744028>2744029>2744031>2744032>2744036>2744037>2744038>2744040>2744042>2744043>2744046>2744047>2744048>2744051>2744052>2744054>2744055>2744058>2744059>2744060>2744061>2744062>2744064>2744065>2744068>2744069>2744071>2744072>2744075>2744078>2744079>2744081>2744082>2744085>2744086>2744089>2744090>2744092>2744093>2744096>2744098>2744099>2744101>2744102>2744104>2744105>2744108>2744109>2744110>2744114>2744115>2744117>2744118>2744121>2744122>2744123>2744125>2744126>2744127>2744131>2744133>2744134>2744137>2744138>2744140>2744141>2744142>2744146>2744147>2744149>2744151>2744153>2744155>2744156>2744157>2744161>2744162>2744164>2744165>2744168>2744170>2744172>2744174>2744176>2744178>2744180>2744181>2744184>2744185>2744189>2744190>2744193>2744194>2744195>2744197>2744198>2744210>2744211>2744212>2744216>2744217>2744218>2744220>2744222>2744224>2744226>2744228>2744229>2744231>2744232>2744233>2744236>2744237>2744238>2744242>2744243>2744245>2744246>2744248>2744251>2744252>2744255>2744256>2744257>2744260>2744262>2744263>2744264>2744268>2744269>2744272>2744275>2744276>2744277>2744279>2744281>2744282>2744283>2744287>2744288>2744290>2744293>2744294>2744296>2744297>2744298>2744302>2744303>2744305>2744306>2744307>2744309>2744313>2744314>2744316>2744317>2744320>2744321>2744324>2744327>2744328>2744329>2744331>2744334>2744335>2744339>2744340>2744341>2744342>2744346>2744347>2744349>2744350>2744352>2744355>2744356>2744358>2744359>2744362>2744367>2744368>2744371>2744372>2744374>2744375>2744376>2744380>2744381>2744384>2744385>2744388>2744389>2744391>2744393>2744394>2744396>2744398>2744399>2744401>2744402>2744404>2744408>2744409>2744410>2744412>2744414>2744415>2744419>2744420>2744421>2744424>2744426>2744427>2744429>2744430>2744434>2744435>2744436>2744438>2744439>2744443>2744444>2744445>2744447>2744449>2744477>2744480>2744482>2744485>2744486>2744487>2744488>2744492>2744495>2744496>2744497>2744499>2744500>2744501>2744506>2744508>2744509>2744511>2744521>2744524>2744525>2744526>2744529>2744531>2744532>2744534>2744537>2744538>2744540>2744541>2744543>2744545>2744547>2744549>2744551>2744552>2744553>2744557>2744559>2744562>2744563>2744564>2744566>2744567>2744569>2744572>2744573>2744574>2744576>2744577>2744580>2744582>2744584>2744585>2744588>2744590>2744592>2744594>2744596>2744597>2744599>2744600>2744602>2744605>2744606>2744608>2744611>2744612>2744614>2744618>2744619>2744620>2744630>2744634>2744635>2744639>2744645>2744646>2744650>2744651>2744652>2744656>2744657>2744658>2744660>2744661>2744664>2744667>2744668>2744669>2744671>2744672>2744673>2744677>2744678>2744682>2744683>2744686>2744687>2744688>2744690>2744693>2744695>2744696>2744698>2744701>2744702>2744703>2744705>2744706>2744708>2744711>2744712>2744714>2744715>2744716>2744718>2744722>2744723>2744725>2744727>2744729>2744730>2744733>2744734>2744736>2744738>2744739>2744740>2744744>2744745>2744747>2744756>2744757>2744760>2744761>2744763>2744764>2744765>2744769>2744770>2744772>2744774>2744775>2744777>2744779>2744780>2744782>2744784>2744787>2744788>2744789>2744791>2744792>2744793>2744797>2744798>2744802>2744803>2744804>2744806>2744807>2744811>2744812>2744813>2744816>2744817>2744819>2744822>2744823>2744824>2744828>2744831>2744832>2744833>2744834>2744838>2744839>2744841>2744842>2744845>2744847>2744849>2744850>2744852>2744853>2744857>2744858>2744871>2744874>2744876>2744877>2744878>2744879>2744883>2744884>2744885>2744888>2744889>2744891>2744892>2744895>2744898>2744899>2744900>2744902>2744905>2744907>2744909>2744910>2744912>2744913>2744923>2744925>2744927>2744929>2744958>2744959>2744960>2744961>2744964>2744967>2744968>2744971>2744972>2744973>2744981>2744999>2745004>2745005>2745007>2745008>2745013>2745014>2745015>2745016>2745017>2745021>2745022>2745024>2745026>2745027>2745029>2745030>2745033>2745036>2745037>2745038>2745040>2745067>2745069>2745073>2745074>2745076>2745078>2745081>2745082>2745083>2745085>2745086>2745087>2745091>2745092>2745094>2745095>2745098>2745100>2745101>2745103>2745104>2745106>2745109>2745110>2745112>2745114>2745115>2745119>2745120>2745121>2745123>2745125>2745127>2745128>2745131>2745132>2745136>2745137>2745138>2745139>2745143>2745144>2745146>2745148>2745149>2745151>2745152>2745156>2745159>2745161>2745163>2745164>2745167>2745168>2745169>2745170>2745174>2745176>2745177>2745179>2745181>2745184>2745185>2745186>2745188>2745192>2745193>2745194>2745195>2745197>2745200>2745201>2745203>2745205>2745206>2745207>2745208>2745213>2745216>2745217>2745220>2745221>2745223>2745224>2745226>2745229>2745230>2745232>2745233>2745235>2745238>2745239>2745241>2745242>2745245>2745246>2745249>2745253>2745254>2745255>2745256>2745258>2745260>2745261>2745264>2745265>2745267>2745268>2745271>2745273>2745274>2745276>2745277>2745280>2745283>2745284>2745285>2745287>2745288>2745289>2745294>2745295>2745296>2745298>2745299>2745300>2745304>2745305>2745308>2745309>2745310>2745311>2745315>2745316>2745318>2745321>2745322>2745324>2745325>2745329>2745330>2745331>2745333>2745337>2745338>2745339>2745340>2745342>2745344>2745346>2745349>2745350>2745351>2745354>2745355>2745356>2745357>2745361>2745362>2745364>2745365>2745367>2745369>2745373>2745374>2745376>2745377>2745378>2745382>2745383>2745385>2745386>2745388>2745390>2745394>2745395>2745397>2745399>2745400>2745403>2745404>2745406>2745408>2745411>2745414>2745415>2745416>2745418>2745419>2745420>2745424>2745427>2745428>2745430>2745431>2745433>2745436>2745437>2745439>2745440>2745441>2745446>2745447>2745448>2745451>2745452>2745453>2745454>2745456>2745460>2745461>2745463>2745465>2745466>2745467>2745471>2745472>2745474>2745475>2745479>2745480>2745481>2745483>2745485>2745486>2745490>2745491>2745492>2745494>2745496>2745497>2745500>2745501>2745503>2745504>2745508>2745509>2745510>2745513>2745514>2745516>2745519>2745520>2745521>2745523>2745524>2745526>2745529>2745530>2745533>2745534>2745535>2745537>2745539>2745543>2745544>2745546>2745547>2745551>2745552>2745553>2745555>2745556>2745559>2745561>2745562>2745564>2745566>2745567>2745568>2745572>2745573>2745576>2745577>2745578>2745581>2745583>2745584>2745587>2745588>2745589>2745592>2745595>2745596>2745597>2745599>2745600>2745602>2745605>2745606>2745608>2745611>2745612>2745614>2745615>2745619>2745621>2745622>2745624>2745625>2745628>2745630>2745632>2745633>2745635>2745636>2745641>2745642>2745643>2745645>2745646>2745649>2745651>2745652>2745654>2745655>2745656>2745661>2745662>2745663>2745665>2745666>2745670>2745671>2745672>2745675>2745676>2745677>2745681>2745682>2745683>2745685>2745687>2745688>2745691>2745692>2745696>2745697>2745698>2745701>2745702>2745708>2745709>2745710>2745712>2745713>2745714>2745717>2745718>2745721>2746330-2800	2584	2800	216	0/1	1	.	PASS	FP	-	.	.	.	.	.	.	.	265.15,265.5	0
truth_stvar	chr1	31285303	31285303	.	1	1	0	0|1	.	.	.	.	.	-	-	ref	no:star_allele	1	.	.	.	0
truth_stvar	chr1	31285303	31285303	.	1	1	0	1|0	.	.	.	.	.	-	-	yes	ref	1	.	.	.	0
truth_smvar	chr1	31285303	31285303	.	1	1,1	0	1|2	.	.	.	.	.	-	-	no:duplicate_of_stvar	no:star_allele	1	.	.	.	0
vg	chr1	31285303	31285303	>2242383>2242387	1	1	0	2|1	1	27.1234	PASS	-	-	.	.	.	.	.	.	.	.	0
vg	chr1	31285303	31285303	>2242383>2242387	1	1	0	2|1	1	27.1234	PASS	-	-	.	.	.	.	.	.	.	.	0
vg	chr1	31285304	31285403	>2242387>2242494	100	1	-99	0|1	1	80.1477	PASS	TP	-	.	.	.	.	.	.	.	280.4,280.8	0
truth_stvar	chr1	31285312	31285312	.	1	1	0	0|1	.	.	.	.	.	-	-	ref	no:star_allele	1	.	.	.	0
truth_stvar	chr1	31285312	31285312	.	1	1	0	1|0	.	.	.	.	.	-	-	yes	ref	1	.	.	.	0
truth_smvar	chr1	31285312	31285312	.	1	1,1	0	1|2	.	.	.	.	.	-	-	no:duplicate_of_stvar	no:star_allele	1	.	.	.	0
truth_stvar	chr1	31285329	31285329	.	1	1	0	0|1	.	.	.	.	.	-	-	ref	no:star_allele	1	.	.	.	0
truth_stvar	chr1	31285329	31285329	.	1	1	0	1|0	.	.	.	.	.	-	-	yes	ref	1	.	.	.	0
truth_smvar	chr1	31285329	31285329	.	1	1,1	0	1|2	.	.	.	.	.	-	-	no:duplicate_of_stvar	no:star_allele	1	.	.	.	0
vg	chr1	31285329	31285329	>2242400>2242411	1	10	9	1|.	1	53.0006	PASS	-	-	.	.	.	.	.	.	.	.	0
vg	chr1	31285348	31285348	>2242423>2242428	1	1	0	1|.	1	25.9005	PASS	-	-	.	.	.	.	.	.	.	.	0
vg	chr1	31285375	31285411	>2242457>2242493	37	1	-36	2|1	1	75.7411	PASS	-	-	.	.	.	.	.	.	.	.	0
vg	chr1	31285375	31285411	>2242457>2242493	37	37	0	2|1	1	75.7411	PASS	-	-	.	.	.	.	.	.	.	.	0
truth_stvar	chr1	31285384	31285384	.	1	1	0	0|1	.	.	.	.	.	-	-	ref	no:star_allele	1	.	.	.	0
truth_stvar	chr1	31285384	31285384	.	1	1	0	1|0	.	.	.	.	.	-	-	yes	ref	1	.	.	.	0
truth_smvar	chr1	31285384	31285384	.	1	1,1	0	1|2	.	.	.	.	.	-	-	no:duplicate_of_stvar	no:star_allele	1	.	.	.	0
vg	chr1	31285384	31285384	>2242469>2242474	1	1	0	1|.	1	17.5383	PASS	-	-	.	.	.	.	.	.	.	.	0
vg	chr1	31285401	31285402	>2242481>2242487	2	2	0	1|.	1	17.1559	PASS	-	-	.	.	.	.	.	.	.	.	0
truth_stvar	chr1	31285411	31285420	.	10	1	0	0|1	.	.	.	.	.	-	-	ref	no:star_allele	1	.	.	.	0
truth_stvar	chr1	31285411	31285420	.	10	1	9	1|0	.	.	.	.	.	-	-	yes	ref	1	.	.	.	0
truth_smvar	chr1	31285411	31285420	.	10	1,1	9	1|2	.	.	.	.	.	-	-	no:duplicate_of_stvar	no:star_allele	1	.	.	.	0
vg	chr1	31285419	31285420	>2242494>2242501	2	2	0	2|1	1	75.6525	PASS	-	-	.	.	.	.	.	.	.	.	0
vg	chr1	31285419	31285420	>2242494>2242501	2	2	0	2|1	1	75.6525	PASS	-	-	.	.	.	.	.	.	.	.	0
vg	chr1	31285428	31285429	>2242508>2242516	2	2	0	2|1	1	39.5095	PASS	-	-	.	.	.	.	.	.	.	.	0
vg	chr1	31285428	31285429	>2242508>2242516	2	2	0	2|1	1	39.5095	PASS	-	-	.	.	.	.	.	.	.	.	0
vg	chr1	31285437	31285438	>2242521>2242527	2	2	0	1|2	1	30.5113	PASS	-	-	.	.	.	.	.	.	.	.	0
vg	chr1	31285437	31285438	>2242521>2242527	2	2	0	1|2	1	30.5113	PASS	-	-	.	.	.	.	.	.	.	.	0
vg	chr1	31285447	31285447	>2242533>2242540	1	1	0	1|0	1	1.4463	PASS	-	-	.	.	.	.	.	.	.	.	0
truth_stvar	chr1	31285456	31285456	.	1	1	0	0|1	.	.	.	.	.	-	-	ref	no:star_allele	1	.	.	.	0
truth_stvar	chr1	31285456	31285456	.	1	1	0	1|0	.	.	.	.	.	-	-	yes	ref	1	.	.	.	0
truth_smvar	chr1	31285456	31285456	.	1	1,1	0	1|2	.	.	.	.	.	-	-	no:duplicate_of_stvar	no:star_allele	1	.	.	.	0
vg	chr1	31285456	31285456	>2242546>2242554	1	1	0	1|0	1	7.19316	PASS	-	-	.	.	.	.	.	.	.	.	0
truth_stvar	chr1	31285460	31285460	.	1	1	0	0|1	.	.	.	.	.	-	-	ref	no:star_allele	1	.	.	.	0
truth_stvar	chr1	31285460	31285460	.	1	1	0	1|0	.	.	.	.	.	-	-	yes	ref	1	.	.	.	0
truth_smvar	chr1	31285460	31285460	.	1	1,1	0	1|2	.	.	.	.	.	-	-	no:duplicate_of_stvar	no:star_allele	1	.	.	.	0
vg	chr1	31285460	31285460	>2242555>2242558	1	1	0	1|1	1	55.5578	PASS	-	-	.	.	.	.	.	.	.	.	0
vg	chr1	31285465	31285465	>2242565>2242569	1	1	0	0|1	1	22.0833	PASS	-	-	.	.	.	.	.	.	.	.	0
vg	chr1	31285474	31285474	>2242573>2242580	1	1	0	0|1	1	3.71146	PASS	-	-	.	.	.	.	.	.	.	.	0
vg	chr1	31285483	31285483	>2242586>2242593	1	1	0	1|1	1	8.94999	PASS	-	-	.	.	.	.	.	.	.	.	0
truth_stvar	chr1	31285492	31285492	.	1	1	0	0|1	.	.	.	.	.	-	-	ref	no:star_allele	1	.	.	.	0
truth_stvar	chr1	31285492	31285492	.	1	1	0	1|0	.	.	.	.	.	-	-	yes	ref	1	.	.	.	0
truth_smvar	chr1	31285492	31285492	.	1	1,1	0	1|2	.	.	.	.	.	-	-	no:duplicate_of_stvar	no:star_allele	1	.	.	.	0
vg	chr1	31285492	31285492	>2242602>2242609	1	1	0	1|1	1	11.0685	PASS	-	-	.	.	.	.	.	.	.	.	0
truth_stvar	chr1	31285501	31285501	.	1	1	0	0|1	.	.	.	.	.	-	-	ref	no:star_allele	1	.	.	.	0
truth_stvar	chr1	31285501	31285501	.	1	1	0	1|0	.	.	.	.	.	-	-	yes	ref	1	.	.	.	0
truth_smvar	chr1	31285501	31285501	.	1	1,1	0	1|2	.	.	.	.	.	-	-	no:duplicate_of_stvar	no:star_allele	1	.	.	.	0
vg	chr1	31285501	31285501	>2242615>2242622	1	1	0	1|0	1	2.35333	PASS	-	-	.	.	.	.	.	.	.	.	0
truth_stvar	chr1	31285510	31285510	.	1	1	0	0|1	.	.	.	.	.	-	-	ref	no:star_allele	1	.	.	.	0
truth_stvar	chr1	31285510	31285510	.	1	1	0	1|0	.	.	.	.	.	-	-	yes	ref	1	.	.	.	0
truth_smvar	chr1	31285510	31285510	.	1	1,1	0	1|2	.	.	.	.	.	-	-	no:duplicate_of_stvar	no:star_allele	1	.	.	.	0
vg	chr1	31285510	31285510	>2242628>2242635	1	1	0	1|1	1	31.7348	PASS	-	-	.	.	.	.	.	.	.	.	0
truth_stvar	chr1	31285519	31285519	.	1	1	0	0|1	.	.	.	.	.	-	-	ref	no:star_allele	1	.	.	.	0
truth_stvar	chr1	31285519	31285519	.	1	1	0	1|0	.	.	.	.	.	-	-	yes	ref	1	.	.	.	0
truth_smvar	chr1	31285519	31285519	.	1	1,1	0	1|2	.	.	.	.	.	-	-	no:duplicate_of_stvar	no:star_allele	1	.	.	.	0
vg	chr1	31285519	31285519	>2242641>2243423	1	1	0	1|0	1	45.563	PASS	-	-	.	.	.	.	.	.	.	.	0
truth_stvar	chr1	31285523	31285523	.	1	1	0	0|1	.	.	.	.	.	-	-	ref	no:star_allele	1	.	.	.	0
truth_stvar	chr1	31285523	31285523	.	1	1	0	1|0	.	.	.	.	.	-	-	yes	ref	1	.	.	.	0
truth_smvar	chr1	31285523	31285523	.	1	1,1	0	1|2	.	.	.	.	.	-	-	no:duplicate_of_stvar	no:star_allele	1	.	.	.	0
vg	chr1	31285523	31285523	>2242682>2242686	1	1	0	1|1	1	48.4907	PASS	-	-	.	.	.	.	.	.	.	.	0
truth_stvar	chr1	31285527	31285527	.	1	1	0	0|1	.	.	.	.	.	-	-	ref	no:star_allele	1	.	.	.	0
truth_stvar	chr1	31285527	31285527	.	1	1	0	1|0	.	.	.	.	.	-	-	yes	ref	1	.	.	.	0
truth_smvar	chr1	31285527	31285527	.	1	1,1	0	1|2	.	.	.	.	.	-	-	no:duplicate_of_stvar	no:star_allele	1	.	.	.	0
vg	chr1	31285527	31285528	>2242687>2242696	2	2	0	1|1	1	51.479	PASS	-	-	.	.	.	.	.	.	.	.	0
truth_stvar	chr1	31285528	31285528	.	1	1	0	0|1	.	.	.	.	.	-	-	ref	no:star_allele	1	.	.	.	0
truth_stvar	chr1	31285528	31285528	.	1	1	0	1|0	.	.	.	.	.	-	-	yes	ref	1	.	.	.	0
truth_smvar	chr1	31285528	31285528	.	1	1,1	0	1|2	.	.	.	.	.	-	-	no:duplicate_of_stvar	no:star_allele	1	.	.	.	0
vg	chr1	31285545	31285555	>2242716>2242732	11	2	-9	1|2	1	20.1646	PASS	-	-	.	.	.	.	.	.	.	.	0
vg	chr1	31285545	31285555	>2242716>2242732	11	2	-9	1|2	1	20.1646	PASS	-	-	.	.	.	.	.	.	.	.	0
truth_stvar	chr1	31285555	31285555	.	1	1	0	0|1	.	.	.	.	.	-	-	ref	no:star_allele	1	.	.	.	0
truth_stvar	chr1	31285555	31285555	.	1	1	0	1|0	.	.	.	.	.	-	-	yes	ref	1	.	.	.	0
truth_smvar	chr1	31285555	31285555	.	1	1,1	0	1|2	.	.	.	.	.	-	-	no:duplicate_of_stvar	no:star_allele	1	.	.	.	0
truth_stvar	chr1	31285564	31285564	.	1	1	0	0|1	.	.	.	.	.	-	-	ref	no:star_allele	1	.	.	.	0
truth_stvar	chr1	31285564	31285564	.	1	1	0	1|0	.	.	.	.	.	-	-	yes	ref	1	.	.	.	0
truth_smvar	chr1	31285564	31285564	.	1	1,1	0	1|2	.	.	.	.	.	-	-	no:duplicate_of_stvar	no:star_allele	1	.	.	.	0
truth_stvar	chr1	31285573	31285573	.	1	1	0	0|1	.	.	.	.	.	-	-	ref	no:star_allele	1	.	.	.	0
truth_stvar	chr1	31285573	31285573	.	1	1	0	1|0	.	.	.	.	.	-	-	yes	ref	1	.	.	.	0
truth_smvar	chr1	31285573	31285573	.	1	1,1	0	1|2	.	.	.	.	.	-	-	no:duplicate_of_stvar	no:star_allele	1	.	.	.	0
vg	chr1	31285573	31285573	>2242751>2242759	1	1	0	0|1	1	1.9477	PASS	-	-	.	.	.	.	.	.	.	.	0
vg	chr1	31285582	31285609	>2242641>2243423	28	28	0	1|2	1	45.563	PASS	-	-	.	.	.	.	.	.	.	.	0
vg	chr1	31285582	31285609	>2242641>2243423	28	1	-27	1|2	1	45.563	PASS	-	-	.	.	.	.	.	.	.	.	0
truth_stvar	chr1	31285600	31285600	.	1	1	0	0|1	.	.	.	.	.	-	-	ref	no:star_allele	1	.	.	.	0
truth_stvar	chr1	31285600	31285600	.	1	1	0	1|0	.	.	.	.	.	-	-	yes	ref	1	.	.	.	0
truth_smvar	chr1	31285600	31285600	.	1	1,1	0	1|2	.	.	.	.	.	-	-	no:duplicate_of_stvar	no:star_allele	1	.	.	.	0
vg	chr1	31285617	31286184	>2242641>2243423	568	559	-9	1|2	1	45.563	PASS	-	-	.	.	.	.	.	.	.	.	0
vg	chr1	31285617	31286184	>2242641>2243423	568	1	-567	1|2	1	45.563	PASS	TP	-	.	.	.	.	.	.	.	280.3,280.9	0
vg	chr1	31285627	31285627	>2242826>2242832	1	1	0	1|.	1	14.8856	PASS	-	-	.	.	.	.	.	.	.	.	0
vg	chr1	31285636	31285636	>2242836>2242841	1	1	0	1|.	1	16.3232	PASS	-	-	.	.	.	.	.	.	.	.	0
vg	chr1	31285645	31285645	>2242847>2242851	1	1	0	1|.	1	16.002	PASS	-	-	.	.	.	.	.	.	.	.	0
vg	chr1	31285653	31285654	>2242852>2242859	2	2	0	1|.	1	18.2173	PASS	-	-	.	.	.	.	.	.	.	.	0
vg	chr1	31285662	31285663	>2242863>2242870	2	2	0	1|.	1	15.5133	PASS	-	-	.	.	.	.	.	.	.	.	0
truth_stvar	chr1	31285671	31285671	.	1	1	0	0|1	.	.	.	.	.	-	-	ref	no:star_allele	1	.	.	.	0
truth_stvar	chr1	31285671	31285671	.	1	1	0	1|0	.	.	.	.	.	-	-	yes	ref	1	.	.	.	0
truth_smvar	chr1	31285671	31285671	.	1	1,1	0	1|2	.	.	.	.	.	-	-	no:duplicate_of_stvar	no:star_allele	1	.	.	.	0
truth_stvar	chr1	31285672	31285672	.	1	1	0	0|1	.	.	.	.	.	-	-	ref	no:star_allele	1	.	.	.	0
truth_stvar	chr1	31285672	31285672	.	1	1	0	1|0	.	.	.	.	.	-	-	yes	ref	1	.	.	.	0
truth_smvar	chr1	31285672	31285672	.	1	1,1	0	1|2	.	.	.	.	.	-	-	no:duplicate_of_stvar	no:star_allele	1	.	.	.	0
vg	chr1	31285689	31285689	>2242885>2242891	1	1	0	1|.	1	4.46871	PASS	-	-	.	.	.	.	.	.	.	.	0
truth_stvar	chr1	31285698	31285698	.	1	1	0	0|1	.	.	.	.	.	-	-	ref	no:star_allele	1	.	.	.	0
truth_stvar	chr1	31285698	31285698	.	1	1	0	1|0	.	.	.	.	.	-	-	yes	ref	1	.	.	.	0
truth_smvar	chr1	31285698	31285698	.	1	1,1	0	1|2	.	.	.	.	.	-	-	no:duplicate_of_stvar	no:star_allele	1	.	.	.	0
vg	chr1	31285698	31285699	>2242896>2242902	2	2	0	1|.	1	2.82765	PASS	-	-	.	.	.	.	.	.	.	.	0
truth_stvar	chr1	31285708	31285708	.	1	1	0	0|1	.	.	.	.	.	-	-	ref	no:star_allele	1	.	.	.	0
truth_stvar	chr1	31285708	31285708	.	1	1	0	1|0	.	.	.	.	.	-	-	yes	ref	1	.	.	.	0
truth_smvar	chr1	31285708	31285708	.	1	1,1	0	1|2	.	.	.	.	.	-	-	no:duplicate_of_stvar	no:star_allele	1	.	.	.	0
vg	chr1	31285708	31285708	>2242902>2242908	1	1	0	1|.	1	3.7022	PASS	-	-	.	.	.	.	.	.	.	.	0
truth_stvar	chr1	31285712	31285712	.	1	1	0	0|1	.	.	.	.	.	-	-	ref	no:star_allele	1	.	.	.	0
truth_stvar	chr1	31285712	31285712	.	1	1	0	1|0	.	.	.	.	.	-	-	yes	ref	1	.	.	.	0
truth_smvar	chr1	31285712	31285712	.	1	1,1	0	1|2	.	.	.	.	.	-	-	no:duplicate_of_stvar	no:star_allele	1	.	.	.	0
truth_stvar	chr1	31285716	31285716	.	1	1	0	0|1	.	.	.	.	.	-	-	ref	no:star_allele	1	.	.	.	0
truth_stvar	chr1	31285716	31285716	.	1	1	0	1|0	.	.	.	.	.	-	-	yes	ref	1	.	.	.	0
truth_smvar	chr1	31285716	31285716	.	1	1,1	0	1|2	.	.	.	.	.	-	-	no:duplicate_of_stvar	no:star_allele	1	.	.	.	0
truth_stvar	chr1	31285717	31285717	.	1	1	0	0|1	.	.	.	.	.	-	-	ref	no:star_allele	1	.	.	.	0
truth_stvar	chr1	31285717	31285717	.	1	1	0	1|0	.	.	.	.	.	-	-	yes	ref	1	.	.	.	0
truth_smvar	chr1	31285717	31285717	.	1	1,1	0	1|2	.	.	.	.	.	-	-	no:duplicate_of_stvar	no:star_allele	1	.	.	.	0
vg	chr1	31285753	31285753	>2242942>2242948	1	1	0	1|.	1	2.37459	PASS	-	-	.	.	.	.	.	.	.	.	0
truth_stvar	chr1	31285762	31285762	.	1	1	0	0|1	.	.	.	.	.	-	-	ref	no:star_allele	1	.	.	.	0
truth_stvar	chr1	31285762	31285762	.	1	1	0	1|0	.	.	.	.	.	-	-	yes	ref	1	.	.	.	0
truth_smvar	chr1	31285762	31285762	.	1	1,1	0	1|2	.	.	.	.	.	-	-	no:duplicate_of_stvar	no:star_allele	1	.	.	.	0
vg	chr1	31285762	31285762	>2242952>2242959	1	1	0	1|.	1	3.14879	PASS	-	-	.	.	.	.	.	.	.	.	0
truth_stvar	chr1	31285771	31285771	.	1	1	0	0|1	.	.	.	.	.	-	-	ref	no:star_allele	1	.	.	.	0
truth_stvar	chr1	31285771	31285771	.	1	1	0	1|0	.	.	.	.	.	-	-	yes	ref	1	.	.	.	0
truth_smvar	chr1	31285771	31285771	.	1	1,1	0	1|2	.	.	.	.	.	-	-	no:duplicate_of_stvar	no:star_allele	1	.	.	.	0
vg	chr1	31285771	31285771	>2242966>2242970	1	1	0	1|.	1	4.25992	PASS	-	-	.	.	.	.	.	.	.	.	0
truth_stvar	chr1	31285789	31285789	.	1	1	0	0|1	.	.	.	.	.	-	-	ref	no:star_allele	1	.	.	.	0
truth_stvar	chr1	31285789	31285789	.	1	1	0	1|0	.	.	.	.	.	-	-	yes	ref	1	.	.	.	0
truth_smvar	chr1	31285789	31285789	.	1	1,1	0	1|2	.	.	.	.	.	-	-	no:duplicate_of_stvar	no:star_allele	1	.	.	.	0
truth_stvar	chr1	31285798	31285798	.	1	1	0	0|1	.	.	.	.	.	-	-	ref	no:star_allele	1	.	.	.	0
truth_stvar	chr1	31285798	31285798	.	1	1	0	1|0	.	.	.	.	.	-	-	yes	ref	1	.	.	.	0
truth_smvar	chr1	31285798	31285798	.	1	1,1	0	1|2	.	.	.	.	.	-	-	no:duplicate_of_stvar	no:star_allele	1	.	.	.	0
vg	chr1	31285798	31285798	>2242994>2243002	1	1	0	1|.	1	5.36248	PASS	-	-	.	.	.	.	.	.	.	.	0
truth_stvar	chr1	31285807	31285807	.	1	1	0	0|1	.	.	.	.	.	-	-	ref	no:star_allele	1	.	.	.	0
truth_stvar	chr1	31285807	31285807	.	1	1	0	1|0	.	.	.	.	.	-	-	yes	ref	1	.	.	.	0
truth_smvar	chr1	31285807	31285807	.	1	1,1	0	1|2	.	.	.	.	.	-	-	no:duplicate_of_stvar	no:star_allele	1	.	.	.	0
vg	chr1	31285807	31285807	>2243003>2243010	1	1	0	1|.	1	7.40888	PASS	-	-	.	.	.	.	.	.	.	.	0
truth_stvar	chr1	31285810	31285810	.	1	1	0	0|1	.	.	.	.	.	-	-	ref	no:star_allele	1	.	.	.	0
truth_stvar	chr1	31285810	31285810	.	1	1	0	1|0	.	.	.	.	.	-	-	yes	ref	1	.	.	.	0
truth_smvar	chr1	31285810	31285810	.	1	1,1	0	1|2	.	.	.	.	.	-	-	no:duplicate_of_stvar	no:star_allele	1	.	.	.	0
vg	chr1	31285810	31285810	>2243010>2243015	1	1	0	1|.	1	6.4656	PASS	-	-	.	.	.	.	.	.	.	.	0
truth_stvar	chr1	31285816	31285816	.	1	1	0	0|1	.	.	.	.	.	-	-	ref	no:star_allele	1	.	.	.	0
truth_stvar	chr1	31285816	31285816	.	1	1	0	1|0	.	.	.	.	.	-	-	yes	ref	1	.	.	.	0
truth_smvar	chr1	31285816	31285816	.	1	1,1	0	1|2	.	.	.	.	.	-	-	no:duplicate_of_stvar	no:star_allele	1	.	.	.	0
truth_stvar	chr1	31285825	31285825	.	1	1	0	0|1	.	.	.	.	.	-	-	ref	no:star_allele	1	.	.	.	0
truth_stvar	chr1	31285825	31285825	.	1	1	0	1|0	.	.	.	.	.	-	-	yes	ref	1	.	.	.	0
truth_smvar	chr1	31285825	31285825	.	1	1,1	0	1|2	.	.	.	.	.	-	-	no:duplicate_of_stvar	no:star_allele	1	.	.	.	0
truth_stvar	chr1	31285834	31285834	.	1	1	0	0|1	.	.	.	.	.	-	-	ref	no:star_allele	1	.	.	.	0
truth_stvar	chr1	31285834	31285834	.	1	1	0	1|0	.	.	.	.	.	-	-	yes	ref	1	.	.	.	0
truth_smvar	chr1	31285834	31285834	.	1	1,1	0	1|2	.	.	.	.	.	-	-	no:duplicate_of_stvar	no:star_allele	1	.	.	.	0
vg	chr1	31285834	31285834	>2243036>2243041	1	1	0	1|.	1	6.48693	PASS	-	-	.	.	.	.	.	.	.	.	0
truth_stvar	chr1	31285843	31285843	.	1	1	0	0|1	.	.	.	.	.	-	-	ref	no:star_allele	1	.	.	.	0
truth_stvar	chr1	31285843	31285843	.	1	1	0	1|0	.	.	.	.	.	-	-	yes	ref	1	.	.	.	0
truth_smvar	chr1	31285843	31285843	.	1	1,1	0	1|2	.	.	.	.	.	-	-	no:duplicate_of_stvar	no:star_allele	1	.	.	.	0
vg	chr1	31285843	31285843	>2243044>2243050	1	1	0	1|.	1	8.9423	PASS	-	-	.	.	.	.	.	.	.	.	0
truth_stvar	chr1	31285860	31285860	.	1	1	0	0|1	.	.	.	.	.	-	-	ref	no:star_allele	1	.	.	.	0
truth_stvar	chr1	31285860	31285860	.	1	1	0	1|0	.	.	.	.	.	-	-	yes	ref	1	.	.	.	0
truth_smvar	chr1	31285860	31285860	.	1	1,1	0	1|2	.	.	.	.	.	-	-	no:duplicate_of_stvar	no:star_allele	1	.	.	.	0
vg	chr1	31285860	31285869	>2243058>2243075	10	1	-9	1|.	1	15.0509	PASS	-	-	.	.	.	.	.	.	.	.	0
truth_stvar	chr1	31285879	31285879	.	1	1	0	0|1	.	.	.	.	.	-	-	ref	no:star_allele	1	.	.	.	0
truth_stvar	chr1	31285879	31285879	.	1	1	0	1|0	.	.	.	.	.	-	-	yes	ref	1	.	.	.	0
truth_smvar	chr1	31285879	31285879	.	1	1,1	0	1|2	.	.	.	.	.	-	-	no:duplicate_of_stvar	no:star_allele	1	.	.	.	0
vg	chr1	31285879	31285879	>2243081>2243088	1	1	0	1|.	1	10.482	PASS	-	-	.	.	.	.	.	.	.	.	0
vg	chr1	31285888	31285888	>2243093>2243097	1	1	0	1|.	1	1.19329	PASS	-	-	.	.	.	.	.	.	.	.	0
vg	chr1	31285896	31285896	>2243100>2243106	1	1	0	1|.	1	14.2331	PASS	-	-	.	.	.	.	.	.	.	.	0
truth_stvar	chr1	31285915	31285915	.	1	1	0	0|1	.	.	.	.	.	-	-	ref	no:star_allele	1	.	.	.	0
truth_stvar	chr1	31285915	31285915	.	1	1	0	1|0	.	.	.	.	.	-	-	yes	ref	1	.	.	.	0
truth_smvar	chr1	31285915	31285915	.	1	1,1	0	1|2	.	.	.	.	.	-	-	no:duplicate_of_stvar	no:star_allele	1	.	.	.	0
truth_stvar	chr1	31285919	31285919	.	1	1	0	0|1	.	.	.	.	.	-	-	ref	no:star_allele	1	.	.	.	0
truth_stvar	chr1	31285919	31285919	.	1	1	0	1|0	.	.	.	.	.	-	-	yes	ref	1	.	.	.	0
truth_smvar	chr1	31285919	31285919	.	1	1,1	0	1|2	.	.	.	.	.	-	-	no:duplicate_of_stvar	no:star_allele	1	.	.	.	0
vg	chr1	31285919	31285919	>2243126>2243130	1	1	0	1|.	1	25.7711	PASS	-	-	.	.	.	.	.	.	.	.	0
vg	chr1	31285923	31285923	>2243130>2243136	1	1	0	1|.	1	14.1093	PASS	-	-	.	.	.	.	.	.	.	.	0
truth_stvar	chr1	31285924	31285924	.	1	1	0	0|1	.	.	.	.	.	-	-	ref	no:star_allele	1	.	.	.	0
truth_stvar	chr1	31285924	31285924	.	1	55	54	1|0	.	.	.	.	.	FN	FN	yes	ref	1	INS	9	.	0
truth_smvar	chr1	31285924	31285924	.	1	55,1	54	1|2	.	.	.	.	.	-	-	no:duplicate_of_stvar	no:star_allele	1	.	9	.	0
vg	chr1	31285933	31285933	>2243139>2243144	1	1	0	1|.	1	7.17776	PASS	-	-	.	.	.	.	.	.	.	.	0
vg	chr1	31285942	31285942	>2243150>2243157	1	1	0	1|.	1	21.0442	PASS	-	-	.	.	.	.	.	.	.	.	0
vg	chr1	31285951	31285951	>2243160>2243166	1	1	0	1|.	1	15.5389	PASS	-	-	.	.	.	.	.	.	.	.	0
vg	chr1	31285968	31285969	>2243179>2243186	2	2	0	1|.	1	13.7413	PASS	-	-	.	.	.	.	.	.	.	.	0
vg	chr1	31285978	31285978	>2243187>2243194	1	1	0	1|.	1	10.6131	PASS	-	-	.	.	.	.	.	.	.	.	0
vg	chr1	31285987	31285987	>2243200>2243207	1	1	0	1|.	1	5.05752	PASS	-	-	.	.	.	.	.	.	.	.	0
truth_stvar	chr1	31285995	31285995	.	1	1	0	1|1	.	.	.	.	.	-	-	yes	yes	1	.	.	.	0
truth_smvar	chr1	31285995	31285995	.	1	1	0	1|1	.	.	.	.	.	-	-	no:duplicate_of_stvar	no:duplicate_of_stvar	1	.	.	.	0
vg	chr1	31285995	31285996	>2243207>2243213	2	2	0	1|.	1	18.5766	PASS	-	-	.	.	.	.	.	.	.	.	0
truth_stvar	chr1	31285996	31285996	.	1	1	0	1|0	.	.	.	.	.	-	-	yes	ref	1	.	.	.	0
truth_smvar	chr1	31285996	31285996	.	1	1	0	1|0	.	.	.	.	.	-	-	no:duplicate_of_stvar	ref	1	.	.	.	0
truth_stvar	chr1	31286005	31286005	.	1	1	0	1|0	.	.	.	.	.	-	-	yes	ref	1	.	.	.	0
truth_stvar	chr1	31286005	31286005	.	1	1	0	0|1	.	.	.	.	.	-	-	ref	yes	1	.	.	.	0
truth_smvar	chr1	31286005	31286005	.	1	1,1	0	1|2	.	.	.	.	.	-	-	no:duplicate_of_stvar	no:duplicate_of_stvar	1	.	.	.	0
vg	chr1	31286005	31286005	>2243216>2243223	1	1	0	1|.	1	9.54873	PASS	-	-	.	.	.	.	.	.	.	.	0
truth_stvar	chr1	31286014	31286014	.	1	1	0	1|0	.	.	.	.	.	-	-	yes	ref	1	.	.	.	0
truth_stvar	chr1	31286014	31286014	.	1	1	0	0|1	.	.	.	.	.	-	-	ref	yes	1	.	.	.	0
truth_smvar	chr1	31286014	31286014	.	1	1,1	0	1|2	.	.	.	.	.	-	-	no:duplicate_of_stvar	no:duplicate_of_stvar	1	.	.	.	0
vg	chr1	31286014	31286014	>2243223>2243229	1	1	0	1|.	1	9.51385	PASS	-	-	.	.	.	.	.	.	.	.	0
vg	chr1	31286041	31286050	>2243247>2243268	10	10	0	1|.	1	11.5893	PASS	-	-	.	.	.	.	.	.	.	.	0
truth_stvar	chr1	31286050	31286050	.	1	1	0	1|0	.	.	.	.	.	-	-	yes	ref	1	.	.	.	0
truth_smvar	chr1	31286050	31286050	.	1	1	0	1|0	.	.	.	.	.	-	-	no:duplicate_of_stvar	ref	1	.	.	.	0
vg	chr1	31286050	31286050	>2243254>2243259	1	1	0	1|.	1	1.53599	PASS	-	-	.	.	.	.	.	.	.	.	0
truth_stvar	chr1	31286059	31286059	.	1	1	0	1|0	.	.	.	.	.	-	-	yes	ref	1	.	.	.	0
truth_smvar	chr1	31286059	31286059	.	1	1	0	1|0	.	.	.	.	.	-	-	no:duplicate_of_stvar	ref	1	.	.	.	0
truth_stvar	chr1	31286076	31286076	.	1	1	0	0|1	.	.	.	.	.	-	-	ref	yes	1	.	.	.	0
truth_smvar	chr1	31286076	31286076	.	1	1	0	0|1	.	.	.	.	.	-	-	ref	no:duplicate_of_stvar	1	.	.	.	0
truth_stvar	chr1	31286077	31286077	.	1	1	0	0|1	.	.	.	.	.	-	-	ref	yes	1	.	.	.	0
truth_smvar	chr1	31286077	31286077	.	1	1	0	0|1	.	.	.	.	.	-	-	ref	no:duplicate_of_stvar	1	.	.	.	0
vg	chr1	31286094	31286095	>2243302>2243308	2	2	0	1|.	1	2.07272	PASS	-	-	.	.	.	.	.	.	.	.	0
truth_stvar	chr1	31286104	31286104	.	1	46	45	1|0	.	.	.	.	.	-	-	yes	ref	1	INS	9	.	0
truth_smvar	chr1	31286104	31286104	.	1	46	45	1|0	.	.	.	.	.	-	-	no:duplicate_of_stvar	ref	1	.	9	.	0
truth_stvar	chr1	31286113	31286113	.	1	1	0	0|1	.	.	.	.	.	-	-	ref	yes	1	.	.	.	0
truth_smvar	chr1	31286113	31286113	.	1	1	0	0|1	.	.	.	.	.	-	-	ref	no:duplicate_of_stvar	1	.	.	.	0
vg	chr1	31286113	31286113	>2243319>2243327	1	1	0	1|.	1	3.38075	PASS	-	-	.	.	.	.	.	.	.	.	0
truth_stvar	chr1	31286122	31286122	.	1	1	0	1|0	.	.	.	.	.	-	-	yes	ref	1	.	.	.	0
truth_smvar	chr1	31286122	31286122	.	1	1	0	1|0	.	.	.	.	.	-	-	no:duplicate_of_stvar	ref	1	.	.	.	0
vg	chr1	31286122	31286122	>2243330>2243336	1	1	0	1|.	1	2.32593	PASS	-	-	.	.	.	.	.	.	.	.	0
truth_stvar	chr1	31286131	31286131	.	1	1	0	0|1	.	.	.	.	.	-	-	ref	yes	1	.	.	.	0
truth_smvar	chr1	31286131	31286131	.	1	1	0	0|1	.	.	.	.	.	-	-	ref	no:duplicate_of_stvar	1	.	.	.	0
truth_stvar	chr1	31286140	31286140	.	1	1	0	0|1	.	.	.	.	.	-	-	ref	yes	1	.	.	.	0
truth_smvar	chr1	31286140	31286140	.	1	1	0	0|1	.	.	.	.	.	-	-	ref	no:duplicate_of_stvar	1	.	.	.	0
truth_stvar	chr1	31286148	31286148	.	1	1	0	0|1	.	.	.	.	.	-	-	ref	yes	1	.	.	.	0
truth_smvar	chr1	31286148	31286148	.	1	1	0	0|1	.	.	.	.	.	-	-	ref	no:duplicate_of_stvar	1	.	.	.	0
vg	chr1	31286149	31286149	>2243351>2243359	1	1	0	1|.	1	0.0736127	PASS	-	-	.	.	.	.	.	.	.	.	0
truth_stvar	chr1	31286158	31286158	.	1	1	0	1|0	.	.	.	.	.	-	-	yes	ref	1	.	.	.	0
truth_smvar	chr1	31286158	31286158	.	1	1	0	1|0	.	.	.	.	.	-	-	no:duplicate_of_stvar	ref	1	.	.	.	0
vg	chr1	31286158	31286158	>2243363>2243370	1	1	0	1|.	1	2.73391	PASS	-	-	.	.	.	.	.	.	.	.	0
truth_stvar	chr1	31286198	31286198	.	1	1	0	0|1	.	.	.	.	.	-	-	ref	yes	1	.	.	.	0
truth_smvar	chr1	31286198	31286198	.	1	1	0	0|1	.	.	.	.	.	-	-	ref	no:duplicate_of_stvar	1	.	.	.	0
truth_stvar	chr1	31286202	31286202	.	1	1	0	0|1	.	.	.	.	.	-	-	ref	yes	1	.	.	.	0
truth_smvar	chr1	31286202	31286202	.	1	1	0	0|1	.	.	.	.	.	-	-	ref	no:duplicate_of_stvar	1	.	.	.	0
vg	chr1	31286202	31286202	>2243438>2243461	1	1	0	1|0	1	31.4797	PASS	-	-	.	.	.	.	.	.	.	.	0
truth_stvar	chr1	31286207	31286207	.	1	1	0	1|0	.	.	.	.	.	-	-	yes	ref	1	.	.	.	0
truth_smvar	chr1	31286207	31286207	.	1	1	0	1|0	.	.	.	.	.	-	-	no:duplicate_of_stvar	ref	1	.	.	.	0
truth_stvar	chr1	31286211	31286211	.	1	1	0	1|0	.	.	.	.	.	-	-	yes	ref	1	.	.	.	0
truth_smvar	chr1	31286211	31286211	.	1	1	0	1|0	.	.	.	.	.	-	-	no:duplicate_of_stvar	ref	1	.	.	.	0
truth_stvar	chr1	31286212	31286212	.	1	1	0	0|1	.	.	.	.	.	-	-	ref	yes	1	.	.	.	0
truth_smvar	chr1	31286212	31286212	.	1	1	0	0|1	.	.	.	.	.	-	-	ref	no:duplicate_of_stvar	1	.	.	.	0
truth_stvar	chr1	31286221	31286221	.	1	1	0	1|0	.	.	.	.	.	-	-	yes	ref	1	.	.	.	0
truth_smvar	chr1	31286221	31286221	.	1	1	0	1|0	.	.	.	.	.	-	-	no:duplicate_of_stvar	ref	1	.	.	.	0
truth_stvar	chr1	31286230	31286230	.	1	1	0	1|0	.	.	.	.	.	-	-	yes	ref	1	.	.	.	0
truth_smvar	chr1	31286230	31286230	.	1	1	0	1|0	.	.	.	.	.	-	-	no:duplicate_of_stvar	ref	1	.	.	.	0
truth_stvar	chr1	31286239	31286239	.	1	1	0	1|0	.	.	.	.	.	-	-	yes	ref	1	.	.	.	0
truth_stvar	chr1	31286239	31286239	.	1	1	0	0|1	.	.	.	.	.	-	-	ref	yes	1	.	.	.	0
truth_smvar	chr1	31286239	31286239	.	1	1,1	0	1|2	.	.	.	.	.	-	-	no:duplicate_of_stvar	no:duplicate_of_stvar	1	.	.	.	0
vg	chr1	31286239	31286239	>2243505>2243512	1	1	0	1|1	1	87.8909	PASS	-	-	.	.	.	.	.	.	.	.	0
truth_stvar	chr1	31286243	31286243	.	1	1	0	1|0	.	.	.	.	.	-	-	yes	ref	1	.	.	.	0
truth_smvar	chr1	31286243	31286243	.	1	1	0	1|0	.	.	.	.	.	-	-	no:duplicate_of_stvar	ref	1	.	.	.	0
vg	chr1	31286243	31286243	>2243513>2243517	1	1	0	1|0	1	21.4217	PASS	-	-	.	.	.	.	.	.	.	.	0
truth_stvar	chr1	31286247	31286247	.	1	1	0	1|0	.	.	.	.	.	-	-	yes	ref	1	.	.	.	0
truth_smvar	chr1	31286247	31286247	.	1	1	0	1|0	.	.	.	.	.	-	-	no:duplicate_of_stvar	ref	1	.	.	.	0
vg	chr1	31286247	31286248	>2243518>2243533	2	2	0	1|2	1	86.7653	PASS	-	-	.	.	.	.	.	.	.	.	0
vg	chr1	31286247	31286248	>2243518>2243533	2	2	0	1|2	1	86.7653	PASS	-	-	.	.	.	.	.	.	.	.	0
truth_stvar	chr1	31286248	31286248	.	1	1	0	0|1	.	.	.	.	.	-	-	ref	yes	1	.	.	.	0
truth_stvar	chr1	31286248	31286248	.	1	1	0	1|0	.	.	.	.	.	-	-	yes	ref	1	.	.	.	0
truth_smvar	chr1	31286248	31286248	.	1	1,1	0	2|1	.	.	.	.	.	-	-	no:duplicate_of_stvar	no:duplicate_of_stvar	1	.	.	.	0
vg	chr1	31286249	31286312	>2243533>2243610	64	1	-63	1|1	1	146.046	PASS	FP	-	.	.	.	.	.	.	.	280.7,280.10	0
truth_stvar	chr1	31286256	31286256	.	1	1	0	0|1	.	.	.	.	.	-	-	ref	yes	1	.	.	.	0
truth_smvar	chr1	31286256	31286256	.	1	1	0	0|1	.	.	.	.	.	-	-	ref	no:duplicate_of_stvar	1	.	.	.	0
truth_stvar	chr1	31286257	31286257	.	1	1	0	1|1	.	.	.	.	.	-	-	yes	yes	1	.	.	.	0
truth_smvar	chr1	31286257	31286257	.	1	1	0	1|1	.	.	.	.	.	-	-	no:duplicate_of_stvar	no:duplicate_of_stvar	1	.	.	.	0
truth_stvar	chr1	31286284	31286284	.	1	1	0	0|1	.	.	.	.	.	-	-	ref	yes	1	.	.	.	0
truth_smvar	chr1	31286284	31286284	.	1	1	0	0|1	.	.	.	.	.	-	-	ref	no:duplicate_of_stvar	1	.	.	.	0
truth_stvar	chr1	31286293	31286293	.	1	1	0	0|1	.	.	.	.	.	-	-	ref	yes	1	.	.	.	0
truth_smvar	chr1	31286293	31286293	.	1	1	0	0|1	.	.	.	.	.	-	-	ref	no:duplicate_of_stvar	1	.	.	.	0
truth_stvar	chr1	31286302	31286302	.	1	1	0	0|1	.	.	.	.	.	-	-	ref	yes	1	.	.	.	0
truth_smvar	chr1	31286302	31286302	.	1	1	0	0|1	.	.	.	.	.	-	-	ref	no:duplicate_of_stvar	1	.	.	.	0
truth_stvar	chr1	31286310	31286310	.	1	1	0	0|1	.	.	.	.	.	-	-	ref	yes	1	.	.	.	0
truth_smvar	chr1	31286310	31286310	.	1	1	0	0|1	.	.	.	.	.	-	-	ref	no:duplicate_of_stvar	1	.	.	.	0
truth_stvar	chr1	31286311	31286311	.	1	1	0	0|1	.	.	.	.	.	-	-	ref	yes	1	.	.	.	0
truth_smvar	chr1	31286311	31286311	.	1	1	0	0|1	.	.	.	.	.	-	-	ref	no:duplicate_of_stvar	1	.	.	.	0
truth_stvar	chr1	31286319	31286319	.	1	1	0	1|1	.	.	.	.	.	-	-	yes	yes	1	.	.	.	0
truth_smvar	chr1	31286319	31286319	.	1	1	0	1|1	.	.	.	.	.	-	-	no:duplicate_of_stvar	no:duplicate_of_stvar	1	.	.	.	0
vg	chr1	31286319	31286320	>2243614>2243622	2	2	0	1|2	1	91.413	PASS	-	-	.	.	.	.	.	.	.	.	0
vg	chr1	31286319	31286320	>2243614>2243622	2	2	0	1|2	1	91.413	PASS	-	-	.	.	.	.	.	.	.	.	0
vg	chr1	31286327	31286345	>2243628>2243656	19	1	-18	1|1	1	139.666	PASS	-	-	.	.	.	.	.	.	.	.	0
truth_stvar	chr1	31286337	31286337	.	1	1	0	1|0	.	.	.	.	.	-	-	yes	ref	1	.	.	.	0
truth_smvar	chr1	31286337	31286337	.	1	1	0	1|0	.	.	.	.	.	-	-	no:duplicate_of_stvar	ref	1	.	.	.	0
truth_stvar	chr1	31286346	31286346	.	1	1	0	1|0	.	.	.	.	.	-	-	yes	ref	1	.	.	.	0
truth_smvar	chr1	31286346	31286346	.	1	1	0	1|0	.	.	.	.	.	-	-	no:duplicate_of_stvar	ref	1	.	.	.	0
vg	chr1	31286347	31286347	>2243628>2243656	1	1	0	1|0	1	139.666	PASS	-	-	.	.	.	.	.	.	.	.	0
truth_stvar	chr1	31286355	31286355	.	1	1	0	0|1	.	.	.	.	.	-	-	ref	yes	1	.	.	.	0
truth_smvar	chr1	31286355	31286355	.	1	1	0	0|1	.	.	.	.	.	-	-	ref	no:duplicate_of_stvar	1	.	.	.	0
vg	chr1	31286360	31286360	>2243671>2243674	1	1	0	1|0	1	28.668	PASS	-	-	.	.	.	.	.	.	.	.	0
vg	chr1	31286364	31286365	>2243675>2243683	2	2	0	1|2	1	94.4087	PASS	-	-	.	.	.	.	.	.	.	.	0
vg	chr1	31286364	31286365	>2243675>2243683	2	2	0	1|2	1	94.4087	PASS	-	-	.	.	.	.	.	.	.	.	0
truth_stvar	chr1	31286365	31286365	.	1	1	0	1|0	.	.	.	.	.	-	-	yes	ref	1	.	.	.	0
truth_smvar	chr1	31286365	31286365	.	1	1	0	1|0	.	.	.	.	.	-	-	no:duplicate_of_stvar	ref	1	.	.	.	0
truth_stvar	chr1	31286374	31286509	.	136	1	135	1|0	.	.	.	.	.	TP	FN	yes	ref	1	DEL	9	.	0
truth_smvar	chr1	31286374	31286509	.	136	1	135	1|0	.	.	.	.	.	-	-	no:duplicate_of_stvar	ref	1	.	9	.	0
truth_stvar	chr1	31286392	31286392	.	1	1	0	1|0	.	.	.	.	.	-	-	no:star_allele	ref	1	.	.	.	0
truth_stvar	chr1	31286392	31286392	.	1	1	0	0|1	.	.	.	.	.	-	-	ref	yes	1	.	.	.	0
truth_smvar	chr1	31286392	31286392	.	1	1,1	0	2|1	.	.	.	.	.	-	-	no:star_allele	no:duplicate_of_stvar	1	.	.	.	0
vg	chr1	31286392	31286392	>2243718>2243722	1	1	0	1|0	1	50.6764	PASS	-	-	.	.	.	.	.	.	.	.	0
truth_stvar	chr1	31286401	31286401	.	1	1	0	1|0	.	.	.	.	.	-	-	no:star_allele	ref	1	.	.	.	0
truth_stvar	chr1	31286401	31286401	.	1	1	0	0|1	.	.	.	.	.	-	-	ref	yes	1	.	.	.	0
truth_smvar	chr1	31286401	31286401	.	1	1,1	0	2|1	.	.	.	.	.	-	-	no:star_allele	no:duplicate_of_stvar	1	.	.	.	0
vg	chr1	31286401	31286401	>2243731>2243738	1	1	0	0|1	1	3.30357	PASS	-	-	.	.	.	.	.	.	.	.	0
vg	chr1	31286405	31286405	>2243738>2243741	1	1	0	1|0	1	39.2245	PASS	-	-	.	.	.	.	.	.	.	.	0
truth_stvar	chr1	31286409	31286409	.	1	1	0	1|0	.	.	.	.	.	-	-	no:star_allele	ref	1	.	.	.	0
truth_stvar	chr1	31286409	31286409	.	1	1	0	0|1	.	.	.	.	.	-	-	ref	yes	1	.	.	.	0
truth_smvar	chr1	31286409	31286409	.	1	1,1	0	2|1	.	.	.	.	.	-	-	no:star_allele	no:duplicate_of_stvar	1	.	.	.	0
vg	chr1	31286409	31286410	>2243742>2243750	2	2	0	0|1	1	15.3261	PASS	-	-	.	.	.	.	.	.	.	.	0
truth_stvar	chr1	31286410	31286410	.	1	1	0	1|0	.	.	.	.	.	-	-	no:star_allele	ref	1	.	.	.	0
truth_stvar	chr1	31286410	31286410	.	1	1	0	0|1	.	.	.	.	.	-	-	ref	yes	1	.	.	.	0
truth_smvar	chr1	31286410	31286410	.	1	1,1	0	2|1	.	.	.	.	.	-	-	no:star_allele	no:duplicate_of_stvar	1	.	.	.	0
vg	chr1	31286418	31286418	>2243759>2243768	1	1	0	0|1	1	0.256337	PASS	-	-	.	.	.	.	.	.	.	.	0
vg	chr1	31286427	31286427	>2243774>2243781	1	1	0	0|1	1	3.59009	PASS	-	-	.	.	.	.	.	.	.	.	0
vg	chr1	31286437	31286437	>2243789>2243797	1	1	0	1|0	1	4.06894	PASS	-	-	.	.	.	.	.	.	.	.	0
vg	chr1	31286450	31286504	>2243812>2243872	55	1	-54	2|1	1	46.482	PASS	FP	-	.	.	.	.	.	.	.	280.7,280.11	0
vg	chr1	31286450	31286504	>2243812>2243872	55	37	-18	2|1	1	46.482	PASS	-	-	.	.	.	.	.	.	.	.	0
truth_stvar	chr1	31286472	31286472	.	1	1	0	1|0	.	.	.	.	.	-	-	no:star_allele	ref	1	.	.	.	0
truth_stvar	chr1	31286472	31286472	.	1	1	0	0|1	.	.	.	.	.	-	-	ref	yes	1	.	.	.	0
truth_smvar	chr1	31286472	31286472	.	1	1,1	0	2|1	.	.	.	.	.	-	-	no:star_allele	no:duplicate_of_stvar	1	.	.	.	0
truth_stvar	chr1	31286473	31286473	.	1	1	0	1|0	.	.	.	.	.	-	-	no:star_allele	ref	1	.	.	.	0
truth_stvar	chr1	31286473	31286473	.	1	1	0	0|1	.	.	.	.	.	-	-	ref	yes	1	.	.	.	0
truth_smvar	chr1	31286473	31286473	.	1	1,1	0	2|1	.	.	.	.	.	-	-	no:star_allele	no:duplicate_of_stvar	1	.	.	.	0
truth_stvar	chr1	31286482	31286482	.	1	1	0	1|0	.	.	.	.	.	-	-	no:star_allele	ref	1	.	.	.	0
truth_stvar	chr1	31286482	31286482	.	1	1	0	0|1	.	.	.	.	.	-	-	ref	yes	1	.	.	.	0
truth_smvar	chr1	31286482	31286482	.	1	1,1	0	2|1	.	.	.	.	.	-	-	no:star_allele	no:duplicate_of_stvar	1	.	.	.	0
vg	chr1	31286482	31286482	>2243840>2243844	1	1	0	1|.	1	22.0112	PASS	-	-	.	.	.	.	.	.	.	.	0
vg	chr1	31286491	31286491	>2243848>2243855	1	1	0	1|.	1	20.5723	PASS	-	-	.	.	.	.	.	.	.	.	0
vg	chr1	31286500	31286500	>2243862>2243866	1	1	0	1|.	1	22.1173	PASS	-	-	.	.	.	.	.	.	.	.	0
vg	chr1	31286508	31286545	>2243873>2243935	38	2	-36	1|2	1	88.8915	PASS	-	-	.	.	.	.	.	.	.	.	0
vg	chr1	31286508	31286545	>2243873>2243935	38	2	-36	1|2	1	88.8915	PASS	-	-	.	.	.	.	.	.	.	.	0
truth_stvar	chr1	31286509	31286509	.	1	1	0	1|0	.	.	.	.	.	-	-	no:star_allele	ref	1	.	.	.	0
truth_stvar	chr1	31286509	31286509	.	1	1	0	0|1	.	.	.	.	.	-	-	ref	yes	1	.	.	.	0
truth_smvar	chr1	31286509	31286509	.	1	1,1	0	2|1	.	.	.	.	.	-	-	no:star_allele	no:duplicate_of_stvar	1	.	.	.	0
truth_stvar	chr1	31286518	31286518	.	1	1	0	1|0	.	.	.	.	.	-	-	yes	ref	1	.	.	.	0
truth_smvar	chr1	31286518	31286518	.	1	1	0	1|0	.	.	.	.	.	-	-	no:duplicate_of_stvar	ref	1	.	.	.	0
truth_stvar	chr1	31286527	31286527	.	1	1	0	1|0	.	.	.	.	.	-	-	yes	ref	1	.	.	.	0
truth_smvar	chr1	31286527	31286527	.	1	1	0	1|0	.	.	.	.	.	-	-	no:duplicate_of_stvar	ref	1	.	.	.	0
truth_stvar	chr1	31286536	31286536	.	1	1	0	0|1	.	.	.	.	.	-	-	ref	yes	1	.	.	.	0
truth_smvar	chr1	31286536	31286536	.	1	1	0	0|1	.	.	.	.	.	-	-	ref	no:duplicate_of_stvar	1	.	.	.	0
truth_stvar	chr1	31286545	31286545	.	1	1	0	0|1	.	.	.	.	.	-	-	ref	yes	1	.	.	.	0
truth_smvar	chr1	31286545	31286545	.	1	1	0	0|1	.	.	.	.	.	-	-	ref	no:duplicate_of_stvar	1	.	.	.	0
truth_stvar	chr1	31286554	31286554	.	1	1	0	0|1	.	.	.	.	.	-	-	ref	yes	1	.	.	.	0
truth_stvar	chr1	31286554	31286554	.	1	1	0	1|0	.	.	.	.	.	-	-	yes	ref	1	.	.	.	0
truth_smvar	chr1	31286554	31286554	.	1	1,1	0	2|1	.	.	.	.	.	-	-	no:duplicate_of_stvar	no:duplicate_of_stvar	1	.	.	.	0
truth_stvar	chr1	31286563	31286563	.	1	1	0	1|0	.	.	.	.	.	-	-	yes	ref	1	.	.	.	0
truth_stvar	chr1	31286563	31286563	.	1	1	0	0|1	.	.	.	.	.	-	-	ref	yes	1	.	.	.	0
truth_smvar	chr1	31286563	31286563	.	1	1,1	0	1|2	.	.	.	.	.	-	-	no:duplicate_of_stvar	no:duplicate_of_stvar	1	.	.	.	0
vg	chr1	31286563	31286563	>2243950>2243957	1	1	0	1|0	1	12.4168	PASS	-	-	.	.	.	.	.	.	.	.	0
truth_stvar	chr1	31286571	31286571	.	1	1	0	1|1	.	.	.	.	.	-	-	yes	yes	1	.	.	.	0
truth_smvar	chr1	31286571	31286571	.	1	1	0	1|1	.	.	.	.	.	-	-	no:duplicate_of_stvar	no:duplicate_of_stvar	1	.	.	.	0
truth_stvar	chr1	31286572	31286572	.	1	1	0	1|1	.	.	.	.	.	-	-	yes	yes	1	.	.	.	0
truth_smvar	chr1	31286572	31286572	.	1	1	0	1|1	.	.	.	.	.	-	-	no:duplicate_of_stvar	no:duplicate_of_stvar	1	.	.	.	0
vg	chr1	31286572	31286572	>2243966>2243970	1	1	0	0|1	1	39.9806	PASS	-	-	.	.	.	.	.	.	.	.	0
truth_stvar	chr1	31286580	31286580	.	1	1	0	1|0	.	.	.	.	.	-	-	yes	ref	1	.	.	.	0
truth_smvar	chr1	31286580	31286580	.	1	1	0	1|0	.	.	.	.	.	-	-	no:duplicate_of_stvar	ref	1	.	.	.	0
vg	chr1	31286580	31286581	>2243977>2243985	2	2	0	2|1	1	57.5169	PASS	-	-	.	.	.	.	.	.	.	.	0
vg	chr1	31286580	31286581	>2243977>2243985	2	2	0	2|1	1	57.5169	PASS	-	-	.	.	.	.	.	.	.	.	0
truth_stvar	chr1	31286581	31286581	.	1	1	0	1|1	.	.	.	.	.	-	-	yes	yes	1	.	.	.	0
truth_smvar	chr1	31286581	31286581	.	1	1	0	1|1	.	.	.	.	.	-	-	no:duplicate_of_stvar	no:duplicate_of_stvar	1	.	.	.	0
vg	chr1	31286585	31286585	>2243985>2243988	1	1	0	1|0	1	0.881372	PASS	-	-	.	.	.	.	.	.	.	.	0
vg	chr1	31286589	31286599	>2243989>2244007	11	2	-9	2|1	1	35.8721	PASS	-	-	.	.	.	.	.	.	.	.	0
vg	chr1	31286589	31286599	>2243989>2244007	11	11	0	2|1	1	35.8721	PASS	-	-	.	.	.	.	.	.	.	.	0
truth_stvar	chr1	31286590	31286590	.	1	1	0	0|1	.	.	.	.	.	-	-	ref	yes	1	.	.	.	0
truth_smvar	chr1	31286590	31286590	.	1	1	0	0|1	.	.	.	.	.	-	-	ref	no:duplicate_of_stvar	1	.	.	.	0
truth_stvar	chr1	31286599	31286599	.	1	1	0	0|1	.	.	.	.	.	-	-	ref	yes	1	.	.	.	0
truth_smvar	chr1	31286599	31286599	.	1	1	0	0|1	.	.	.	.	.	-	-	ref	no:duplicate_of_stvar	1	.	.	.	0
vg	chr1	31286608	31286608	>2244011>2244018	1	1	0	1|1	1	65.3213	PASS	-	-	.	.	.	.	.	.	.	.	0
vg	chr1	31286616	31286617	>2244022>2244029	2	2	0	1|2	1	91.6651	PASS	-	-	.	.	.	.	.	.	.	.	0
vg	chr1	31286616	31286617	>2244022>2244029	2	2	0	1|2	1	91.6651	PASS	-	-	.	.	.	.	.	.	.	.	0
truth_stvar	chr1	31286617	31286617	.	1	1	0	1|0	.	.	.	.	.	-	-	yes	ref	1	.	.	.	0
truth_smvar	chr1	31286617	31286617	.	1	1	0	1|0	.	.	.	.	.	-	-	no:duplicate_of_stvar	ref	1	.	.	.	0
truth_stvar	chr1	31286626	31286626	.	1	1	0	0|1	.	.	.	.	.	-	-	ref	yes	1	.	.	.	0
truth_stvar	chr1	31286626	31286626	.	1	1	0	1|0	.	.	.	.	.	-	-	yes	ref	1	.	.	.	0
truth_smvar	chr1	31286626	31286626	.	1	1,1	0	2|1	.	.	.	.	.	-	-	no:duplicate_of_stvar	no:duplicate_of_stvar	1	.	.	.	0
vg	chr1	31286626	31286626	>2244030>2244038	1	1	0	1|1	1	92.8669	PASS	-	-	.	.	.	.	.	.	.	.	0
vg	chr1	31286630	31286630	>2244040>2244043	1	1	0	1|0	1	26.7549	PASS	-	-	.	.	.	.	.	.	.	.	0
truth_stvar	chr1	31286634	31286634	.	1	1	0	0|1	.	.	.	.	.	-	-	ref	yes	1	.	.	.	0
truth_smvar	chr1	31286634	31286634	.	1	1	0	0|1	.	.	.	.	.	-	-	ref	no:duplicate_of_stvar	1	.	.	.	0
vg	chr1	31286634	31286634	>2244044>2244051	1	1	0	0|1	1	51.2662	PASS	-	-	.	.	.	.	.	.	.	.	0
truth_stvar	chr1	31286635	31286635	.	1	1	0	0|1	.	.	.	.	.	-	-	ref	yes	1	.	.	.	0
truth_smvar	chr1	31286635	31286635	.	1	1	0	0|1	.	.	.	.	.	-	-	ref	no:duplicate_of_stvar	1	.	.	.	0
vg	chr1	31286643	31286644	>2244057>2244066	2	2	0	1|2	1	61.0503	PASS	-	-	.	.	.	.	.	.	.	.	0
vg	chr1	31286643	31286644	>2244057>2244066	2	2	0	1|2	1	61.0503	PASS	-	-	.	.	.	.	.	.	.	.	0
truth_stvar	chr1	31286653	31286653	.	1	1	0	0|1	.	.	.	.	.	-	-	ref	yes	1	.	.	.	0
truth_smvar	chr1	31286653	31286653	.	1	1	0	0|1	.	.	.	.	.	-	-	ref	no:duplicate_of_stvar	1	.	.	.	0
vg	chr1	31286653	31286842	>2244072>2244359	190	1	-189	2|1	1	94.1351	PASS	FP	-	.	.	.	.	.	.	.	280.6,280.13	0
vg	chr1	31286653	31286842	>2244072>2244359	190	1	-189	2|1	1	94.1351	PASS	TP	-	.	.	.	.	.	.	.	280.6,280.12	0
truth_stvar	chr1	31286661	31286661	.	1	1	0	0|1	.	.	.	.	.	-	-	ref	yes	1	.	.	.	0
truth_smvar	chr1	31286661	31286661	.	1	1	0	0|1	.	.	.	.	.	-	-	ref	no:duplicate_of_stvar	1	.	.	.	0
truth_stvar	chr1	31286662	31286662	.	1	1	0	0|1	.	.	.	.	.	-	-	ref	yes	1	.	.	.	0
truth_smvar	chr1	31286662	31286662	.	1	1	0	0|1	.	.	.	.	.	-	-	ref	no:duplicate_of_stvar	1	.	.	.	0
truth_stvar	chr1	31286688	31286688	.	1	1	0	1|1	.	.	.	.	.	-	-	yes	yes	1	.	.	.	0
truth_smvar	chr1	31286688	31286688	.	1	1	0	1|1	.	.	.	.	.	-	-	no:duplicate_of_stvar	no:duplicate_of_stvar	1	.	.	.	0
truth_stvar	chr1	31286689	31286689	.	1	1	0	0|1	.	.	.	.	.	-	-	ref	yes	1	.	.	.	0
truth_smvar	chr1	31286689	31286689	.	1	1	0	0|1	.	.	.	.	.	-	-	ref	no:duplicate_of_stvar	1	.	.	.	0
truth_stvar	chr1	31286716	31286716	.	1	1	0	1|0	.	.	.	.	.	-	-	yes	ref	1	.	.	.	0
truth_stvar	chr1	31286716	31286779	.	64	1	63	0|1	.	.	.	.	.	TP	FN	ref	yes	1	DEL	9	.	0
truth_smvar	chr1	31286716	31286779	.	64	1,64	63	2|1	.	.	.	.	.	-	-	no:overlaps_applied_stvar	no:duplicate_of_stvar	1	.	9	.	0
truth_stvar	chr1	31286734	31286734	.	1	1	0	0|1	.	.	.	.	.	-	-	ref	no:star_allele	1	.	.	.	0
truth_stvar	chr1	31286734	31286734	.	1	37	36	1|0	.	.	.	.	.	-	-	yes	ref	1	INS	9	.	0
truth_smvar	chr1	31286734	31286734	.	1	37,1	36	1|2	.	.	.	.	.	-	-	no:duplicate_of_stvar	no:star_allele	1	.	9	.	0
truth_stvar	chr1	31286778	31286778	.	1	1	0	0|1	.	.	.	.	.	-	-	ref	no:star_allele	1	.	.	.	0
truth_stvar	chr1	31286778	31286778	.	1	1	0	1|0	.	.	.	.	.	-	-	yes	ref	1	.	.	.	0
truth_smvar	chr1	31286778	31286778	.	1	1,1	0	1|2	.	.	.	.	.	-	-	no:duplicate_of_stvar	no:star_allele	1	.	.	.	0
truth_stvar	chr1	31286805	31286805	.	1	1	0	1|0	.	.	.	.	.	-	-	yes	ref	1	.	.	.	0
truth_smvar	chr1	31286805	31286805	.	1	1	0	1|0	.	.	.	.	.	-	-	no:duplicate_of_stvar	ref	1	.	.	.	0
truth_stvar	chr1	31286832	31286832	.	1	1	0	1|0	.	.	.	.	.	-	-	yes	ref	1	.	.	.	0
truth_smvar	chr1	31286832	31286832	.	1	1	0	1|0	.	.	.	.	.	-	-	no:duplicate_of_stvar	ref	1	.	.	.	0
truth_stvar	chr1	31286833	31286833	.	1	1	0	1|0	.	.	.	.	.	-	-	yes	ref	1	.	.	.	0
truth_smvar	chr1	31286833	31286833	.	1	1	0	1|0	.	.	.	.	.	-	-	no:duplicate_of_stvar	ref	1	.	.	.	0
truth_stvar	chr1	31286851	31286851	.	1	1	0	1|0	.	.	.	.	.	-	-	yes	ref	1	.	.	.	0
truth_smvar	chr1	31286851	31286851	.	1	1	0	1|0	.	.	.	.	.	-	-	no:duplicate_of_stvar	ref	1	.	.	.	0
vg	chr1	31286855	31286855	>2244372>2244375	1	1	0	1|0	1	36.6338	PASS	-	-	.	.	.	.	.	.	.	.	0
truth_stvar	chr1	31286859	31286859	.	1	1	0	1|0	.	.	.	.	.	-	-	yes	ref	1	.	.	.	0
truth_smvar	chr1	31286859	31286859	.	1	1	0	1|0	.	.	.	.	.	-	-	no:duplicate_of_stvar	ref	1	.	.	.	0
vg	chr1	31286859	31286859	>2244376>2244384	1	1	0	1|0	1	60.8412	PASS	-	-	.	.	.	.	.	.	.	.	0
truth_stvar	chr1	31286869	31286869	.	1	1	0	1|0	.	.	.	.	.	-	-	yes	ref	1	.	.	.	0
truth_smvar	chr1	31286869	31286869	.	1	1	0	1|0	.	.	.	.	.	-	-	no:duplicate_of_stvar	ref	1	.	.	.	0
vg	chr1	31286869	31286869	>2244389>2244395	1	1	0	1|1	1	92.118	PASS	-	-	.	.	.	.	.	.	.	.	0
truth_stvar	chr1	31286878	31286878	.	1	1	0	1|0	.	.	.	.	.	-	-	yes	ref	1	.	.	.	0
truth_smvar	chr1	31286878	31286878	.	1	1	0	1|0	.	.	.	.	.	-	-	no:duplicate_of_stvar	ref	1	.	.	.	0
vg	chr1	31286878	31286878	>2244403>2244412	1	1	0	1|1	1	90.7396	PASS	-	-	.	.	.	.	.	.	.	.	0
truth_stvar	chr1	31286886	31286886	.	1	1	0	1|0	.	.	.	.	.	-	-	yes	ref	1	.	.	.	0
truth_stvar	chr1	31286886	31287021	.	136	1	135	0|1	.	.	.	.	.	TP	FN	ref	yes	1	DEL	9	.	0
truth_smvar	chr1	31286886	31287021	.	136	1,136	135	2|1	.	.	.	.	.	-	-	no:overlaps_applied_stvar	no:duplicate_of_stvar	1	.	9	.	0
vg	chr1	31286886	31286887	>2244416>2244423	2	2	0	2|1	1	55.079	PASS	-	-	.	.	.	.	.	.	.	.	0
vg	chr1	31286886	31286887	>2244416>2244423	2	2	0	2|1	1	55.079	PASS	-	-	.	.	.	.	.	.	.	.	0
truth_stvar	chr1	31286887	31286887	.	1	1	0	0|1	.	.	.	.	.	-	-	ref	no:star_allele	1	.	.	.	0
truth_stvar	chr1	31286887	31286887	.	1	1	0	1|0	.	.	.	.	.	-	-	yes	ref	1	.	.	.	0
truth_smvar	chr1	31286887	31286887	.	1	1,1	0	1|2	.	.	.	.	.	-	-	no:duplicate_of_stvar	no:star_allele	1	.	.	.	0
vg	chr1	31286895	31286895	>2244429>2244436	1	1	0	0|1	1	0.705813	PASS	-	-	.	.	.	.	.	.	.	.	0
truth_stvar	chr1	31286904	31286904	.	1	1	0	0|1	.	.	.	.	.	-	-	ref	no:star_allele	1	.	.	.	0
truth_stvar	chr1	31286904	31286904	.	1	1	0	1|0	.	.	.	.	.	-	-	yes	ref	1	.	.	.	0
truth_smvar	chr1	31286904	31286904	.	1	1,1	0	1|2	.	.	.	.	.	-	-	no:duplicate_of_stvar	no:star_allele	1	.	.	.	0
vg	chr1	31286904	31286905	>2244442>2244449	2	2	0	1|2	1	92.2683	PASS	-	-	.	.	.	.	.	.	.	.	0
vg	chr1	31286904	31286905	>2244442>2244449	2	2	0	1|2	1	92.2683	PASS	-	-	.	.	.	.	.	.	.	.	0
vg	chr1	31286913	31286932	>2244455>2244616	20	2	-18	1|2	1	169.643	PASS	-	-	.	.	.	.	.	.	.	.	0
vg	chr1	31286913	31286932	>2244455>2244616	20	20	0	1|2	1	169.643	PASS	-	-	.	.	.	.	.	.	.	.	0
truth_stvar	chr1	31286922	31287021	.	100	1	0	0|1	.	.	.	.	.	-	-	ref	no:star_allele	1	DEL	9	.	0
truth_stvar	chr1	31286922	31287021	.	100	1	99	1|0	.	.	.	.	.	TP	FN	yes	ref	1	DEL	9	.	0
truth_smvar	chr1	31286922	31287021	.	100	1,1	99	1|2	.	.	.	.	.	-	-	no:duplicate_of_stvar	no:star_allele	1	.	9	.	0
vg	chr1	31286923	31286923	>2244464>2244469	1	1	0	.|1	1	0.365111	PASS	-	-	.	.	.	.	.	.	.	.	0
vg	chr1	31286948	31287056	>2244455>2244616	109	1	-108	1|2	1	169.643	PASS	TP	-	.	.	.	.	.	.	.	280.9,280.14	0
vg	chr1	31286948	31287056	>2244455>2244616	109	73	-36	1|2	1	169.643	PASS	-	-	.	.	.	.	.	.	.	.	0
vg	chr1	31286950	31286950	>2244492>2244497	1	1	0	.|1	1	75.8203	PASS	-	-	.	.	.	.	.	.	.	.	0
vg	chr1	31286959	31286959	>2244500>2244506	1	1	0	.|1	1	92.6794	PASS	-	-	.	.	.	.	.	.	.	.	0
vg	chr1	31286968	31286968	>2244516>2244520	1	1	0	.|1	1	92.3009	PASS	-	-	.	.	.	.	.	.	.	.	0
vg	chr1	31286977	31286995	>2244524>2244550	19	1	-18	.|1	1	91.8919	PASS	-	-	.	.	.	.	.	.	.	.	0
vg	chr1	31287004	31287004	>2244554>2244559	1	1	0	.|1	1	104.833	PASS	-	-	.	.	.	.	.	.	.	.	0
vg	chr1	31287013	31287013	>2244560>2244567	1	1	0	.|1	1	123.244	PASS	-	-	.	.	.	.	.	.	.	.	0
vg	chr1	31287017	31287017	>2244567>2244588	1	1	0	.|1	1	121.238	PASS	-	-	.	.	.	.	.	.	.	.	0
truth_stvar	chr1	31287039	31287039	.	1	1	0	1|0	.	.	.	.	.	-	-	yes	ref	1	.	.	.	0
truth_smvar	chr1	31287039	31287039	.	1	1	0	1|0	.	.	.	.	.	-	-	no:duplicate_of_stvar	ref	1	.	.	.	0
truth_stvar	chr1	31287040	31287040	.	1	1	0	1|1	.	.	.	.	.	-	-	yes	yes	1	.	.	.	0
truth_smvar	chr1	31287040	31287040	.	1	1	0	1|1	.	.	.	.	.	-	-	no:duplicate_of_stvar	no:duplicate_of_stvar	1	.	.	.	0
truth_stvar	chr1	31287049	31287049	.	1	1	0	0|1	.	.	.	.	.	-	-	ref	yes	1	.	.	.	0
truth_smvar	chr1	31287049	31287049	.	1	1	0	0|1	.	.	.	.	.	-	-	ref	no:duplicate_of_stvar	1	.	.	.	0
truth_stvar	chr1	31287058	31287058	.	1	1	0	1|0	.	.	.	.	.	-	-	yes	ref	1	.	.	.	0
truth_smvar	chr1	31287058	31287058	.	1	1	0	1|0	.	.	.	.	.	-	-	no:duplicate_of_stvar	ref	1	.	.	.	0
vg	chr1	31287058	31287058	>2244455>2244616	1	1	0	1|1	1	169.643	PASS	-	-	.	.	.	.	.	.	.	.	0
vg	chr1	31287059	31287131	>2244616>2244722	73	1	-72	1|2	1	143.84	PASS	FP	-	.	.	.	.	.	.	.	280.7,280.15	0
vg	chr1	31287059	31287131	>2244616>2244722	73	28	-45	1|2	1	143.84	PASS	-	-	.	.	.	.	.	.	.	.	0
truth_stvar	chr1	31287066	31287066	.	1	1	0	1|0	.	.	.	.	.	-	-	yes	ref	1	.	.	.	0
truth_smvar	chr1	31287066	31287066	.	1	1	0	1|0	.	.	.	.	.	-	-	no:duplicate_of_stvar	ref	1	.	.	.	0
truth_stvar	chr1	31287067	31287067	.	1	1	0	1|1	.	.	.	.	.	-	-	yes	yes	1	.	.	.	0
truth_smvar	chr1	31287067	31287067	.	1	1	0	1|1	.	.	.	.	.	-	-	no:duplicate_of_stvar	no:duplicate_of_stvar	1	.	.	.	0
truth_stvar	chr1	31287075	31287075	.	1	1	0	0|1	.	.	.	.	.	-	-	ref	yes	1	.	.	.	0
truth_smvar	chr1	31287075	31287075	.	1	1	0	0|1	.	.	.	.	.	-	-	ref	no:duplicate_of_stvar	1	.	.	.	0
truth_stvar	chr1	31287085	31287085	.	1	1	0	0|1	.	.	.	.	.	-	-	ref	yes	1	.	.	.	0
truth_stvar	chr1	31287085	31287085	.	1	1	0	1|0	.	.	.	.	.	-	-	yes	ref	1	.	.	.	0
truth_smvar	chr1	31287085	31287085	.	1	1,1	0	2|1	.	.	.	.	.	-	-	no:duplicate_of_stvar	no:duplicate_of_stvar	1	.	.	.	0
truth_stvar	chr1	31287093	31287093	.	1	1	0	1|0	.	.	.	.	.	-	-	yes	ref	1	.	.	.	0
truth_smvar	chr1	31287093	31287093	.	1	1	0	1|0	.	.	.	.	.	-	-	no:duplicate_of_stvar	ref	1	.	.	.	0
truth_stvar	chr1	31287094	31287094	.	1	1	0	0|1	.	.	.	.	.	-	-	ref	yes	1	.	.	.	0
truth_smvar	chr1	31287094	31287094	.	1	1	0	0|1	.	.	.	.	.	-	-	ref	no:duplicate_of_stvar	1	.	.	.	0
truth_stvar	chr1	31287102	31287102	.	1	1	0	0|1	.	.	.	.	.	-	-	ref	yes	1	.	.	.	0
truth_smvar	chr1	31287102	31287102	.	1	1	0	0|1	.	.	.	.	.	-	-	ref	no:duplicate_of_stvar	1	.	.	.	0
truth_stvar	chr1	31287112	31287112	.	1	1	0	1|0	.	.	.	.	.	-	-	yes	ref	1	.	.	.	0
truth_smvar	chr1	31287112	31287112	.	1	1	0	1|0	.	.	.	.	.	-	-	no:duplicate_of_stvar	ref	1	.	.	.	0
vg	chr1	31287112	31287112	>2244694>2244700	1	1	0	.|1	1	145.026	PASS	-	-	.	.	.	.	.	.	.	.	0
vg	chr1	31287116	31287116	>2244700>2244703	1	1	0	.|1	1	114.019	PASS	-	-	.	.	.	.	.	.	.	.	0
truth_stvar	chr1	31287120	31287120	.	1	1	0	1|0	.	.	.	.	.	-	-	yes	ref	1	.	.	.	0
truth_smvar	chr1	31287120	31287120	.	1	1	0	1|0	.	.	.	.	.	-	-	no:duplicate_of_stvar	ref	1	.	.	.	0
vg	chr1	31287120	31287120	>2244704>2244711	1	1	0	.|1	1	95.2208	PASS	-	-	.	.	.	.	.	.	.	.	0
truth_stvar	chr1	31287130	31287130	.	1	1	0	0|1	.	.	.	.	.	-	-	ref	yes	1	.	.	.	0
truth_smvar	chr1	31287130	31287130	.	1	1	0	0|1	.	.	.	.	.	-	-	ref	no:duplicate_of_stvar	1	.	.	.	0
truth_stvar	chr1	31287138	31287138	.	1	1	0	0|1	.	.	.	.	.	-	-	ref	yes	1	.	.	.	0
truth_smvar	chr1	31287138	31287138	.	1	1	0	0|1	.	.	.	.	.	-	-	ref	no:duplicate_of_stvar	1	.	.	.	0
vg	chr1	31287139	31287139	>2244729>2245318	1	1	0	1|1	1	188.637	PASS	-	-	.	.	.	.	.	.	.	.	0
truth_stvar	chr1	31287147	31287147	.	1	1	0	1|0	.	.	.	.	.	-	-	yes	ref	1	.	.	.	0
truth_smvar	chr1	31287147	31287147	.	1	1	0	1|0	.	.	.	.	.	-	-	no:duplicate_of_stvar	ref	1	.	.	.	0
vg	chr1	31287148	31287202	>2244737>2244823	55	1	-54	1|2	1	151.265	PASS	FP	-	.	.	.	.	.	.	.	280.7,280.16	0
vg	chr1	31287148	31287202	>2244737>2244823	55	1	-54	1|2	1	151.265	PASS	FP	-	.	.	.	.	.	.	.	280.7,280.17	0
truth_stvar	chr1	31287152	31287152	.	1	1	0	1|0	.	.	.	.	.	-	-	yes	ref	1	.	.	.	0
truth_stvar	chr1	31287152	31287494	.	343	1	342	0|1	.	.	.	.	.	TP	FN	ref	yes	1	DEL	9	.	0
truth_smvar	chr1	31287152	31287494	.	343	1,343	342	2|1	.	.	.	.	.	-	-	no:overlaps_applied_stvar	no:duplicate_of_stvar	1	.	9	.	0
truth_stvar	chr1	31287183	31287183	.	1	1	0	0|1	.	.	.	.	.	-	-	ref	no:star_allele	1	.	.	.	0
truth_stvar	chr1	31287183	31287183	.	1	1	0	1|0	.	.	.	.	.	-	-	yes	ref	1	.	.	.	0
truth_smvar	chr1	31287183	31287183	.	1	1,1	0	1|2	.	.	.	.	.	-	-	no:duplicate_of_stvar	no:star_allele	1	.	.	.	0
truth_stvar	chr1	31287202	31287202	.	1	1	0	0|1	.	.	.	.	.	-	-	ref	no:star_allele	1	.	.	.	0
truth_stvar	chr1	31287202	31287202	.	1	1	0	1|0	.	.	.	.	.	-	-	yes	ref	1	.	.	.	0
truth_smvar	chr1	31287202	31287202	.	1	1,1	0	1|2	.	.	.	.	.	-	-	no:duplicate_of_stvar	no:star_allele	1	.	.	.	0
truth_stvar	chr1	31287210	31287210	.	1	1	0	0|1	.	.	.	.	.	-	-	ref	no:star_allele	1	.	.	.	0
truth_stvar	chr1	31287210	31287210	.	1	1	0	1|0	.	.	.	.	.	-	-	yes	ref	1	.	.	.	0
truth_smvar	chr1	31287210	31287210	.	1	1,1	0	1|2	.	.	.	.	.	-	-	no:duplicate_of_stvar	no:star_allele	1	.	.	.	0
truth_stvar	chr1	31287211	31287211	.	1	1	0	0|1	.	.	.	.	.	-	-	ref	no:star_allele	1	.	.	.	0
truth_stvar	chr1	31287211	31287211	.	1	1	0	1|0	.	.	.	.	.	-	-	yes	ref	1	.	.	.	0
truth_smvar	chr1	31287211	31287211	.	1	1,1	0	1|2	.	.	.	.	.	-	-	no:duplicate_of_stvar	no:star_allele	1	.	.	.	0
vg	chr1	31287211	31287211	>2244827>2244834	1	1	0	1|1	1	138.65	PASS	-	-	.	.	.	.	.	.	.	.	0
truth_stvar	chr1	31287219	31287219	.	1	1	0	0|1	.	.	.	.	.	-	-	ref	no:star_allele	1	.	.	.	0
truth_stvar	chr1	31287219	31287219	.	1	1	0	1|0	.	.	.	.	.	-	-	yes	ref	1	.	.	.	0
truth_smvar	chr1	31287219	31287219	.	1	1,1	0	1|2	.	.	.	.	.	-	-	no:duplicate_of_stvar	no:star_allele	1	.	.	.	0
vg	chr1	31287219	31287282	>2244846>2244922	64	1	-63	2|1	1	66.8357	PASS	TP	-	.	.	.	.	.	.	.	280.7,280.19	0
vg	chr1	31287219	31287282	>2244846>2244922	64	10	-54	2|1	1	66.8357	PASS	FP	-	.	.	.	.	.	.	.	280.7,280.18	0
truth_stvar	chr1	31287220	31287220	.	1	1	0	0|1	.	.	.	.	.	-	-	ref	no:star_allele	1	.	.	.	0
truth_stvar	chr1	31287220	31287220	.	1	1	0	1|0	.	.	.	.	.	-	-	yes	ref	1	.	.	.	0
truth_smvar	chr1	31287220	31287220	.	1	1,1	0	1|2	.	.	.	.	.	-	-	no:duplicate_of_stvar	no:star_allele	1	.	.	.	0
truth_stvar	chr1	31287246	31287246	.	1	1	0	0|1	.	.	.	.	.	-	-	ref	no:star_allele	1	.	.	.	0
truth_stvar	chr1	31287246	31287246	.	1	1	0	1|0	.	.	.	.	.	-	-	yes	ref	1	.	.	.	0
truth_smvar	chr1	31287246	31287246	.	1	1,1	0	1|2	.	.	.	.	.	-	-	no:duplicate_of_stvar	no:star_allele	1	.	.	.	0
truth_stvar	chr1	31287256	31287256	.	1	1	0	0|1	.	.	.	.	.	-	-	ref	no:star_allele	1	.	.	.	0
truth_stvar	chr1	31287256	31287256	.	1	1	0	1|0	.	.	.	.	.	-	-	yes	ref	1	.	.	.	0
truth_smvar	chr1	31287256	31287256	.	1	1,1	0	1|2	.	.	.	.	.	-	-	no:duplicate_of_stvar	no:star_allele	1	.	.	.	0
truth_stvar	chr1	31287265	31287265	.	1	1	0	0|1	.	.	.	.	.	-	-	ref	no:star_allele	1	.	.	.	0
truth_stvar	chr1	31287265	31287265	.	1	1	0	1|0	.	.	.	.	.	-	-	yes	ref	1	.	.	.	0
truth_smvar	chr1	31287265	31287265	.	1	1,1	0	1|2	.	.	.	.	.	-	-	no:duplicate_of_stvar	no:star_allele	1	.	.	.	0
truth_stvar	chr1	31287273	31287273	.	1	1	0	0|1	.	.	.	.	.	-	-	ref	no:star_allele	1	.	.	.	0
truth_stvar	chr1	31287273	31287273	.	1	1	0	1|0	.	.	.	.	.	-	-	yes	ref	1	.	.	.	0
truth_smvar	chr1	31287273	31287273	.	1	1,1	0	1|2	.	.	.	.	.	-	-	no:duplicate_of_stvar	no:star_allele	1	.	.	.	0
vg	chr1	31287291	31287300	>2244927>2244942	10	1	-9	1|1	1	87.474	PASS	-	-	.	.	.	.	.	.	.	.	0
truth_stvar	chr1	31287292	31287292	.	1	1	0	0|1	.	.	.	.	.	-	-	ref	no:star_allele	1	.	.	.	0
truth_stvar	chr1	31287292	31287292	.	1	1	0	1|0	.	.	.	.	.	-	-	yes	ref	1	.	.	.	0
truth_smvar	chr1	31287292	31287292	.	1	1,1	0	1|2	.	.	.	.	.	-	-	no:duplicate_of_stvar	no:star_allele	1	.	.	.	0
truth_stvar	chr1	31287301	31287301	.	1	1	0	0|1	.	.	.	.	.	-	-	ref	no:star_allele	1	.	.	.	0
truth_stvar	chr1	31287301	31287301	.	1	1	0	1|0	.	.	.	.	.	-	-	yes	ref	1	.	.	.	0
truth_smvar	chr1	31287301	31287301	.	1	1,1	0	1|2	.	.	.	.	.	-	-	no:duplicate_of_stvar	no:star_allele	1	.	.	.	0
truth_stvar	chr1	31287318	31287327	.	10	1	0	0|1	.	.	.	.	.	-	-	ref	no:star_allele	1	.	.	.	0
truth_stvar	chr1	31287318	31287327	.	10	1	9	1|0	.	.	.	.	.	-	-	yes	ref	1	.	.	.	0
truth_smvar	chr1	31287318	31287327	.	10	1,1	9	1|2	.	.	.	.	.	-	-	no:duplicate_of_stvar	no:star_allele	1	.	.	.	0
vg	chr1	31287318	31287327	>2244959>2244974	10	1	-9	1|0	1	38.8522	PASS	-	-	.	.	.	.	.	.	.	.	0
vg	chr1	31287337	31287337	>2244978>2244996	1	10	9	2|1	1	61.9035	PASS	-	-	.	.	.	.	.	.	.	.	0
vg	chr1	31287337	31287337	>2244978>2244996	1	10	9	2|1	1	61.9035	PASS	-	-	.	.	.	.	.	.	.	.	0
vg	chr1	31287346	31287346	>2244999>2245005	1	1	0	0|1	1	39.6061	PASS	-	-	.	.	.	.	.	.	.	.	0
vg	chr1	31287349	31287466	>2245006>2245139	118	1	-117	1|0	1	66.837	PASS	TP	-	.	.	.	.	.	.	.	280.8,280.20	0
vg	chr1	31287355	31287355	>2245013>2245026	1	1	0	.|1	1	8.28723	PASS	-	-	.	.	.	.	.	.	.	.	0
truth_stvar	chr1	31287364	31287364	.	1	1	0	0|1	.	.	.	.	.	-	-	ref	no:star_allele	1	.	.	.	0
truth_stvar	chr1	31287364	31287364	.	1	1	0	1|0	.	.	.	.	.	-	-	yes	ref	1	.	.	.	0
truth_smvar	chr1	31287364	31287364	.	1	1,1	0	1|2	.	.	.	.	.	-	-	no:duplicate_of_stvar	no:star_allele	1	.	.	.	0
vg	chr1	31287373	31287373	>2245043>2245047	1	1	0	.|1	1	32.6999	PASS	-	-	.	.	.	.	.	.	.	.	0
vg	chr1	31287382	31287445	>2245052>2245134	64	64	0	.|1	1	51.0289	PASS	FP	-	.	.	.	.	.	.	.	280.7,280.21	0
vg	chr1	31287399	31287399	>2245064>2245078	1	1	0	.|1	1	43.1271	PASS	-	-	.	.	.	.	.	.	.	.	0
pangenie	chr1	31287418	31287418	chr1-31287418-SNV->2745777>2745782>2745783-1	1	1	0	1/0	1	.	PASS	-	-	.	.	.	.	.	.	.	.	0
pangenie	chr1	31287422	31287422	chr1-31287422-SNV->2745784>2745785>2745788-1	1	1	0	1/0	1	.	PASS	-	-	.	.	.	.	.	.	.	.	0
pangenie	chr1	31287426	31287427	chr1-31287426-COMPLEX->2745788>2745791>2745792>2745793-2	2	2	0	1/0	1	.	PASS	-	-	.	.	.	.	.	.	.	.	0
vg	chr1	31287427	31287427	>2245087>2245095	1	1	0	.|1	1	38.6493	PASS	-	-	.	.	.	.	.	.	.	.	0
pangenie	chr1	31287427	31287427	chr1-31287430-INS->2745793>2745794>2745796>2745797>2745799>2745800>2745802>2745803>2745805>2745806-36	1	37	36	1/0	1	.	PASS	-	-	.	.	.	.	.	.	.	.	0
truth_stvar	chr1	31287436	31287436	.	1	1	0	0|1	.	.	.	.	.	-	-	ref	no:star_allele	1	.	.	.	0
truth_stvar	chr1	31287436	31287436	.	1	1	0	1|0	.	.	.	.	.	-	-	yes	ref	1	.	.	.	0
truth_smvar	chr1	31287436	31287436	.	1	1,1	0	1|2	.	.	.	.	.	-	-	no:duplicate_of_stvar	no:star_allele	1	.	.	.	0
vg	chr1	31287436	31287445	>2245099>2245125	10	10	0	.|1	1	22.2422	PASS	-	-	.	.	.	.	.	.	.	.	0
pangenie	chr1	31287436	31287436	chr1-31287436-SNV->2745808>2745812>2745813-1	1	1	0	1/0	1	.	PASS	-	-	.	.	.	.	.	.	.	.	0
vg	chr1	31287445	31287445	>2245110>2245121	1	1	0	.|1	1	28.6696	PASS	-	-	.	.	.	.	.	.	.	.	0
pangenie	chr1	31287445	31287445	chr1-31287445-SNV->2745814>2745817>2745819-1	1	1	0	1/0	1	.	PASS	-	-	.	.	.	.	.	.	.	.	0
pangenie	chr1	31287472	31287472	chr1-31287480-INS->2745853>2745856>2745857>2745859>2745861>2745862>2745864>2745865>2745867>2745868>2745869>2745870>2745871-27	1	28	27	1/0	1	.	PASS	-	-	.	.	.	.	.	.	.	.	0
vg	chr1	31287481	31287553	>2245140>2245259	73	1	-72	1|1	1	50.7464	PASS	FP	-	.	.	.	.	.	.	.	280.12,280.22	0
truth_stvar	chr1	31287490	31287499	.	10	1	0	0|1	.	.	.	.	.	-	-	ref	no:star_allele	1	.	.	.	0
truth_stvar	chr1	31287490	31287499	.	10	1	9	1|0	.	.	.	.	.	-	-	yes	ref	1	.	.	.	0
truth_smvar	chr1	31287490	31287499	.	10	1,1	9	1|2	.	.	.	.	.	-	-	no:duplicate_of_stvar	no:star_allele	1	.	.	.	0
pangenie	chr1	31287498	31287498	chr1-31287498-SNV->2745884>2745886>2745890-1	1	1	0	1/0	1	.	PASS	-	-	.	.	.	.	.	.	.	.	0
truth_stvar	chr1	31287508	31287508	.	1	1	0	1|0	.	.	.	.	.	-	-	yes	ref	1	.	.	.	0
truth_smvar	chr1	31287508	31287508	.	1	1	0	1|0	.	.	.	.	.	-	-	no:duplicate_of_stvar	ref	1	.	.	.	0
truth_stvar	chr1	31287517	31287670	.	154	1	153	0|1	.	.	.	.	.	TP	FN	ref	yes	1	DEL	9	.	0
truth_smvar	chr1	31287517	31287670	.	154	1	153	0|1	.	.	.	.	.	-	-	ref	no:duplicate_of_stvar	1	.	9	.	0
pangenie	chr1	31287517	31287517	chr1-31287517-SNV->2745909>2745912>2745914-1	1	1	0	1/0	1	.	PASS	-	-	.	.	.	.	.	.	.	.	0
pangenie	chr1	31287526	31287526	chr1-31287526-SNV->2745921>2745923>2745925-1	1	1	0	1/0	1	.	PASS	-	-	.	.	.	.	.	.	.	.	0
pangenie	chr1	31287530	31287530	chr1-31287530-SNV->2745925>2745927>2745928-1	1	1	0	1/0	1	.	PASS	-	-	.	.	.	.	.	.	.	.	0
pangenie	chr1	31287534	31287535	chr1-31287534-COMPLEX->2745929>2745930>2745934>2745936-2	2	2	0	1/0	1	.	PASS	-	-	.	.	.	.	.	.	.	.	0
truth_stvar	chr1	31287535	31287535	.	1	1	0	0|1	.	.	.	.	.	-	-	ref	no:star_allele	1	.	.	.	0
truth_stvar	chr1	31287535	31287535	.	1	1	0	1|0	.	.	.	.	.	-	-	yes	ref	1	.	.	.	0
truth_smvar	chr1	31287535	31287535	.	1	1,1	0	1|2	.	.	.	.	.	-	-	no:duplicate_of_stvar	no:star_allele	1	.	.	.	0
pangenie	chr1	31287544	31287544	chr1-31287544-SNV->2745937>2745941>2745942-1	1	1	0	1/0	1	.	PASS	-	-	.	.	.	.	.	.	.	.	0
pangenie	chr1	31287553	31287553	chr1-31287553-SNV->2745946>2745949>2745950-1	1	1	0	1/0	1	.	PASS	-	-	.	.	.	.	.	.	.	.	0
vg	chr1	31287562	31287562	>2245234>2245240	1	1	0	0|1	1	26.9696	PASS	-	-	.	.	.	.	.	.	.	.	0
pangenie	chr1	31287562	31287562	chr1-31287562-SNV->2745952>2745956>2745957-1	1	1	0	1/0	1	.	PASS	-	-	.	.	.	.	.	.	.	.	0
vg	chr1	31287571	31287580	>2245140>2245259	10	1	-9	1|1	1	50.7464	PASS	-	-	.	.	.	.	.	.	.	.	0
pangenie	chr1	31287571	31287571	chr1-31287571-SNV->2745964>2745968>2745969-1	1	1	0	1/0	1	.	PASS	-	-	.	.	.	.	.	.	.	.	0
pangenie	chr1	31287580	31287580	chr1-31287580-SNV->2745970>2745973>2745975-1	1	1	0	1/0	1	.	PASS	-	-	.	.	.	.	.	.	.	.	0
vg	chr1	31287589	31287589	>2245265>2245272	1	1	0	1|0	1	56.0013	PASS	-	-	.	.	.	.	.	.	.	.	0
pangenie	chr1	31287589	31287589	chr1-31287589-SNV->2745979>2745982>2745983-1	1	1	0	1/0	1	.	PASS	-	-	.	.	.	.	.	.	.	.	0
truth_stvar	chr1	31287598	31287598	.	1	1	0	0|1	.	.	.	.	.	-	-	ref	no:star_allele	1	.	.	.	0
truth_stvar	chr1	31287598	31287598	.	1	1	0	1|0	.	.	.	.	.	-	-	yes	ref	1	.	.	.	0
truth_smvar	chr1	31287598	31287598	.	1	1,1	0	1|2	.	.	.	.	.	-	-	no:duplicate_of_stvar	no:star_allele	1	.	.	.	0
vg	chr1	31287598	31287598	>2245278>2245285	1	1	0	0|1	1	25.0689	PASS	-	-	.	.	.	.	.	.	.	.	0
pangenie	chr1	31287598	31287598	chr1-31287598-SNV->2745991>2745993>2745995-1	1	1	0	1/0	1	.	PASS	-	-	.	.	.	.	.	.	.	.	0
truth_stvar	chr1	31287606	31287606	.	1	1	0	0|1	.	.	.	.	.	-	-	ref	no:star_allele	1	.	.	.	0
truth_stvar	chr1	31287606	31287606	.	1	1	0	1|0	.	.	.	.	.	-	-	yes	ref	1	.	.	.	0
truth_smvar	chr1	31287606	31287606	.	1	1,1	0	1|2	.	.	.	.	.	-	-	no:duplicate_of_stvar	no:star_allele	1	.	.	.	0
vg	chr1	31287606	31287607	>2245293>2245300	2	2	0	2|1	1	123.511	PASS	-	-	.	.	.	.	.	.	.	.	0
vg	chr1	31287606	31287607	>2245293>2245300	2	2	0	2|1	1	123.511	PASS	-	-	.	.	.	.	.	.	.	.	0
pangenie	chr1	31287606	31287606	chr1-31287606-SNV->2746002>2746006>2746007-1	1	1	0	1/0	1	.	PASS	-	-	.	.	.	.	.	.	.	.	0
vg	chr1	31287616	31287625	>2244729>2245318	10	1	-9	1|2	1	188.637	PASS	-	-	.	.	.	.	.	.	.	.	0
vg	chr1	31287616	31287625	>2244729>2245318	10	10	0	1|2	1	188.637	PASS	-	-	.	.	.	.	.	.	.	.	0
pangenie	chr1	31287620	31287620	chr1-31287620-SNV->2746022>2746023>2746027-1	1	1	0	1/0	1	.	PASS	-	-	.	.	.	.	.	.	.	.	0
truth_stvar	chr1	31287624	31287624	.	1	1	0	0|1	.	.	.	.	.	-	-	ref	no:star_allele	1	.	.	.	0
truth_stvar	chr1	31287624	31287624	.	1	1	0	1|0	.	.	.	.	.	-	-	yes	ref	1	.	.	.	0
truth_smvar	chr1	31287624	31287624	.	1	1,1	0	1|2	.	.	.	.	.	-	-	no:duplicate_of_stvar	no:star_allele	1	.	.	.	0
pangenie	chr1	31287624	31287625	chr1-31287624-COMPLEX->2746028>2746029>2746033>2746035-2	2	2	0	1/0	1	.	PASS	-	-	.	.	.	.	.	.	.	.	0
truth_stvar	chr1	31287625	31287625	.	1	1	0	0|1	.	.	.	.	.	-	-	ref	no:star_allele	1	.	.	.	0
truth_stvar	chr1	31287625	31287625	.	1	1	0	1|0	.	.	.	.	.	-	-	yes	ref	1	.	.	.	0
truth_smvar	chr1	31287625	31287625	.	1	1,1	0	1|2	.	.	.	.	.	-	-	no:duplicate_of_stvar	no:star_allele	1	.	.	.	0
truth_stvar	chr1	31287628	31287628	.	1	1	0	0|1	.	.	.	.	.	-	-	ref	no:star_allele	1	.	.	.	0
truth_stvar	chr1	31287628	31287628	.	1	1	0	1|0	.	.	.	.	.	-	-	yes	ref	1	.	.	.	0
truth_smvar	chr1	31287628	31287628	.	1	1,1	0	1|2	.	.	.	.	.	-	-	no:duplicate_of_stvar	no:star_allele	1	.	.	.	0
vg	chr1	31287633	31287634	>2245324>2245332	2	2	0	1|2	1	61.0897	PASS	-	-	.	.	.	.	.	.	.	.	0
vg	chr1	31287633	31287634	>2245324>2245332	2	2	0	1|2	1	61.0897	PASS	-	-	.	.	.	.	.	.	.	.	0
truth_stvar	chr1	31287643	31287643	.	1	1	0	0|1	.	.	.	.	.	-	-	ref	no:star_allele	1	.	.	.	0
truth_stvar	chr1	31287643	31287643	.	1	1	0	1|0	.	.	.	.	.	-	-	yes	ref	1	.	.	.	0
truth_smvar	chr1	31287643	31287643	.	1	1,1	0	1|2	.	.	.	.	.	-	-	no:duplicate_of_stvar	no:star_allele	1	.	.	.	0
vg	chr1	31287643	31287643	>2245337>2245343	1	1	0	1|2	1	82.837	PASS	-	-	.	.	.	.	.	.	.	.	0
vg	chr1	31287643	31287643	>2245337>2245343	1	1	0	1|2	1	82.837	PASS	-	-	.	.	.	.	.	.	.	.	0
pangenie	chr1	31287643	31287643	chr1-31287643-SNV->2746057>2746059>2746061-1	1	1	0	1/0	1	.	PASS	-	-	.	.	.	.	.	.	.	.	0
vg	chr1	31287652	31287652	>2245347>2245354	1	1	0	1|1	1	88.1464	PASS	-	-	.	.	.	.	.	.	.	.	0
pangenie	chr1	31287652	31287652	chr1-31287652-SNV->2746067>2746069>2746071-1	1	1	0	1/0	1	.	PASS	-	-	.	.	.	.	.	.	.	.	0
vg	chr1	31287661	31287661	>2245360>2245366	1	1	0	1|0	1	24.2348	PASS	-	-	.	.	.	.	.	.	.	.	0
vg	chr1	31287670	31287670	>2245371>2245377	1	1	0	1|0	1	1.27826	PASS	-	-	.	.	.	.	.	.	.	.	0
pangenie	chr1	31287670	31287670	chr1-31287670-SNV->2746084>2746085>2746089-1	1	1	0	1/0	1	.	PASS	-	-	.	.	.	.	.	.	.	.	0
vg	chr1	31287679	31287679	>2245382>2245388	1	1	0	0|1	1	7.1981	PASS	-	-	.	.	.	.	.	.	.	.	0
truth_stvar	chr1	31287687	31287768	.	82	1	81	1|0	.	.	.	.	.	TP	TP	yes	ref	1	DEL	9	.	0
truth_smvar	chr1	31287687	31287768	.	82	1	81	1|0	.	.	.	.	.	-	-	no:duplicate_of_stvar	ref	1	.	9	.	0
vg	chr1	31287688	31287688	>2245392>2245399	1	1	0	0|1	1	3.83957	PASS	-	-	.	.	.	.	.	.	.	.	0
pangenie	chr1	31287688	31287688	chr1-31287688-SNV->2746099>2746102>2746104-1	1	1	0	1/0	1	.	PASS	-	-	.	.	.	.	.	.	.	.	0
vg	chr1	31287697	31287994	>2245403>2245733	298	64	-234	2|1	1	35.0599	PASS	TP	-	.	.	.	.	.	.	.	280.16,280.24	0
vg	chr1	31287697	31287994	>2245403>2245733	298	1	-297	2|1	1	35.0599	PASS	TP	-	.	.	.	.	.	.	.	280.10,280.23	0
pangenie	chr1	31287697	31287697	chr1-31287697-SNV->2746108>2746111>2746112-1	1	1	0	1/0	1	.	PASS	-	-	.	.	.	.	.	.	.	.	0
vg	chr1	31287706	31287706	>2245411>2245418	1	1	0	.|1	1	4.27044	PASS	-	-	.	.	.	.	.	.	.	.	0
pangenie	chr1	31287706	31287706	chr1-31287706-SNV->2746116>2746120>2746121-1	1	1	0	1/0	1	.	PASS	-	-	.	.	.	.	.	.	.	.	0
vg	chr1	31287715	31287724	>2245421>2245437	10	1	-9	.|1	1	6.58606	PASS	-	-	.	.	.	.	.	.	.	.	0
pangenie	chr1	31287733	31287733	chr1-31287733-SNV->2746141>2746142>2746146-1	1	1	0	1/0	1	.	PASS	-	-	.	.	.	.	.	.	.	.	0
pangenie	chr1	31287733	31287733	chr1-31287740-INS->2746149>2746150>2746151>2746154>2746155>2746156>2746159>2746160-18	1	19	18	1/0	1	.	PASS	-	-	.	.	.	.	.	.	.	.	0
truth_stvar	chr1	31287741	31287741	.	1	1	0	1|0	.	.	.	.	.	-	-	no:star_allele	ref	1	.	.	.	0
truth_stvar	chr1	31287741	31287741	.	1	1	0	0|1	.	.	.	.	.	-	-	ref	yes	1	.	.	.	0
truth_smvar	chr1	31287741	31287741	.	1	1,1	0	2|1	.	.	.	.	.	-	-	no:star_allele	no:duplicate_of_stvar	1	.	.	.	0
pangenie	chr1	31287742	31287742	chr1-31287742-SNV->2746160>2746162>2746164-1	1	1	0	1/0	1	.	PASS	-	-	.	.	.	.	.	.	.	.	0
vg	chr1	31287750	31287840	>2245453>2245715	91	1	-90	.|1	1	6.38537	PASS	TP	-	.	.	.	.	.	.	.	280.12,280.25	0
pangenie	chr1	31287751	31287751	chr1-31287751-SNV->2746165>2746166>2746170-1	1	1	0	1/0	1	.	PASS	-	-	.	.	.	.	.	.	.	.	0
truth_stvar	chr1	31287764	31287764	.	1	1	0	1|0	.	.	.	.	.	-	-	no:star_allele	ref	1	.	.	.	0
truth_stvar	chr1	31287764	31287764	.	1	1	0	0|1	.	.	.	.	.	-	-	ref	yes	1	.	.	.	0
truth_smvar	chr1	31287764	31287764	.	1	1,1	0	2|1	.	.	.	.	.	-	-	no:star_allele	no:duplicate_of_stvar	1	.	.	.	0
pangenie	chr1	31287764	31287764	chr1-31287764-SNV->2746181>2746183>2746184-1	1	1	0	1/0	1	.	PASS	-	-	.	.	.	.	.	.	.	.	0
pangenie	chr1	31287768	31287769	chr1-31287768-COMPLEX->2746184>2746186>2746188>2746189-2	2	2	0	1/0	1	.	PASS	-	-	.	.	.	.	.	.	.	.	0
truth_stvar	chr1	31287778	31287778	.	1	1	0	0|1	.	.	.	.	.	-	-	ref	yes	1	.	.	.	0
truth_smvar	chr1	31287778	31287778	.	1	1	0	0|1	.	.	.	.	.	-	-	ref	no:duplicate_of_stvar	1	.	.	.	0
pangenie	chr1	31287778	31287778	chr1-31287778-SNV->2746191>2746194>2746196-1	1	1	0	1/0	1	.	PASS	-	-	.	.	.	.	.	.	.	.	0
truth_stvar	chr1	31287787	31287787	.	1	1	0	0|1	.	.	.	.	.	-	-	ref	yes	1	.	.	.	0
truth_smvar	chr1	31287787	31287787	.	1	1	0	0|1	.	.	.	.	.	-	-	ref	no:duplicate_of_stvar	1	.	.	.	0
pangenie	chr1	31287787	31287787	chr1-31287787-SNV->2746200>2746203>2746204-1	1	1	0	1/0	1	.	PASS	-	-	.	.	.	.	.	.	.	.	0
truth_stvar	chr1	31287796	31287796	.	1	1	0	0|1	.	.	.	.	.	-	-	ref	yes	1	.	.	.	0
truth_smvar	chr1	31287796	31287796	.	1	1	0	0|1	.	.	.	.	.	-	-	ref	no:duplicate_of_stvar	1	.	.	.	0
pangenie	chr1	31287796	31287796	chr1-31287796-SNV->2746208>2746210>2746212-1	1	1	0	1/0	1	.	PASS	-	-	.	.	.	.	.	.	.	.	0
truth_stvar	chr1	31287805	31287805	.	1	1	0	1|1	.	.	.	.	.	-	-	yes	yes	1	.	.	.	0
truth_smvar	chr1	31287805	31287805	.	1	1	0	1|1	.	.	.	.	.	-	-	no:duplicate_of_stvar	no:duplicate_of_stvar	1	.	.	.	0
pangenie	chr1	31287805	31287805	chr1-31287805-SNV->2746218>2746220>2746222-1	1	1	0	1/0	1	.	PASS	-	-	.	.	.	.	.	.	.	.	0
truth_stvar	chr1	31287814	31287814	.	1	1	0	1|0	.	.	.	.	.	-	-	yes	ref	1	.	.	.	0
truth_smvar	chr1	31287814	31287814	.	1	1	0	1|0	.	.	.	.	.	-	-	no:duplicate_of_stvar	ref	1	.	.	.	0
pangenie	chr1	31287814	31287814	chr1-31287821-INS->2746240>2746241>2746244>2746246>2746247>2746250>2746251-18	1	19	18	1/0	1	.	PASS	-	-	.	.	.	.	.	.	.	.	0
pangenie	chr1	31287814	31287814	chr1-31287814-SNV->2746231>2746233>2746235-1	1	1	0	1/0	1	.	PASS	-	-	.	.	.	.	.	.	.	.	0
truth_stvar	chr1	31287823	31287823	.	1	1	0	0|1	.	.	.	.	.	-	-	ref	yes	1	.	.	.	0
truth_smvar	chr1	31287823	31287823	.	1	1	0	0|1	.	.	.	.	.	-	-	ref	no:duplicate_of_stvar	1	.	.	.	0
pangenie	chr1	31287823	31287823	chr1-31287823-SNV->2746251>2746253>2746256-1	1	1	0	1/0	1	.	PASS	-	-	.	.	.	.	.	.	.	.	0
truth_stvar	chr1	31287832	31287832	.	1	1	0	1|0	.	.	.	.	.	-	-	yes	ref	1	.	.	.	0
truth_smvar	chr1	31287832	31287832	.	1	1	0	1|0	.	.	.	.	.	-	-	no:duplicate_of_stvar	ref	1	.	.	.	0
truth_stvar	chr1	31287836	31287836	.	1	1	0	0|1	.	.	.	.	.	-	-	ref	yes	1	.	.	.	0
truth_smvar	chr1	31287836	31287836	.	1	1	0	0|1	.	.	.	.	.	-	-	ref	no:duplicate_of_stvar	1	.	.	.	0
truth_stvar	chr1	31287840	31287840	.	1	1	0	0|1	.	.	.	.	.	-	-	ref	yes	1	.	.	.	0
truth_smvar	chr1	31287840	31287840	.	1	1	0	0|1	.	.	.	.	.	-	-	ref	no:duplicate_of_stvar	1	.	.	.	0
truth_stvar	chr1	31287841	31287841	.	1	1	0	1|0	.	.	.	.	.	-	-	yes	ref	1	.	.	.	0
truth_smvar	chr1	31287841	31287841	.	1	1	0	1|0	.	.	.	.	.	-	-	no:duplicate_of_stvar	ref	1	.	.	.	0
vg	chr1	31287841	31287976	>2245453>2245715	136	1	-135	.|1	1	6.38537	PASS	TP	-	.	.	.	.	.	.	.	280.11,280.26	0
pangenie	chr1	31287841	31287841	chr1-31287841-SNV->2746269>2746272>2746274-1	1	1	0	1/0	1	.	PASS	-	-	.	.	.	.	.	.	.	.	0
pangenie	chr1	31287850	31287850	chr1-31287862-INS->2746289>2746292>2746293>2746295>2746296>2746299>2746300>2746302-9	1	10	9	1/0	1	.	PASS	-	-	.	.	.	.	.	.	.	.	0
truth_stvar	chr1	31287859	31287859	.	1	1	0	0|1	.	.	.	.	.	-	-	ref	yes	1	.	.	.	0
truth_smvar	chr1	31287859	31287859	.	1	1	0	0|1	.	.	.	.	.	-	-	ref	no:duplicate_of_stvar	1	.	.	.	0
truth_stvar	chr1	31287868	31287868	.	1	1	0	0|1	.	.	.	.	.	-	-	ref	yes	1	.	.	.	0
truth_smvar	chr1	31287868	31287868	.	1	1	0	0|1	.	.	.	.	.	-	-	ref	no:duplicate_of_stvar	1	.	.	.	0
truth_stvar	chr1	31287871	31287871	.	1	1	0	0|1	.	.	.	.	.	-	-	ref	yes	1	.	.	.	0
truth_smvar	chr1	31287871	31287871	.	1	1	0	0|1	.	.	.	.	.	-	-	ref	no:duplicate_of_stvar	1	.	.	.	0
truth_stvar	chr1	31287877	31287877	.	1	1	0	1|0	.	.	.	.	.	-	-	yes	ref	1	.	.	.	0
truth_smvar	chr1	31287877	31287877	.	1	1	0	1|0	.	.	.	.	.	-	-	no:duplicate_of_stvar	ref	1	.	.	.	0
pangenie	chr1	31287877	31287877	chr1-31287907-INS->2746353>2746354>2746356>2746357>2746360>2746362>2746363-9	1	10	9	1/0	1	.	PASS	-	-	.	.	.	.	.	.	.	.	0
truth_stvar	chr1	31287881	31287881	.	1	1	0	1|0	.	.	.	.	.	-	-	yes	ref	1	.	.	.	0
truth_smvar	chr1	31287881	31287881	.	1	1	0	1|0	.	.	.	.	.	-	-	no:duplicate_of_stvar	ref	1	.	.	.	0
truth_stvar	chr1	31287885	31287885	.	1	1	0	1|0	.	.	.	.	.	-	-	yes	ref	1	.	.	.	0
truth_smvar	chr1	31287885	31287885	.	1	1	0	1|0	.	.	.	.	.	-	-	no:duplicate_of_stvar	ref	1	.	.	.	0
truth_stvar	chr1	31287886	31287886	.	1	1	0	0|1	.	.	.	.	.	-	-	ref	yes	1	.	.	.	0
truth_smvar	chr1	31287886	31287886	.	1	1	0	0|1	.	.	.	.	.	-	-	ref	no:duplicate_of_stvar	1	.	.	.	0
pangenie	chr1	31287886	31287886	chr1-31287886-SNV->2746325>2746328>2746329-1	1	1	0	1/0	1	.	PASS	-	-	.	.	.	.	.	.	.	.	0
pangenie	chr1	31287886	31288093	chr1-31287893-DEL->2746334>2746588-207	208	1	-207	0/1	1	.	PASS	TP	-	.	.	.	.	.	.	.	265.15,265.6	0
truth_stvar	chr1	31287895	31287895	.	1	1	0	0|1	.	.	.	.	.	-	-	ref	yes	1	.	.	.	0
truth_smvar	chr1	31287895	31287895	.	1	1	0	0|1	.	.	.	.	.	-	-	ref	no:duplicate_of_stvar	1	.	.	.	0
truth_stvar	chr1	31287908	31287908	.	1	1	0	0|1	.	.	.	.	.	-	-	ref	yes	1	.	.	.	0
truth_smvar	chr1	31287908	31287908	.	1	1	0	0|1	.	.	.	.	.	-	-	ref	no:duplicate_of_stvar	1	.	.	.	0
truth_stvar	chr1	31287912	31287912	.	1	1	0	0|1	.	.	.	.	.	-	-	ref	yes	1	.	.	.	0
truth_smvar	chr1	31287912	31287912	.	1	1	0	0|1	.	.	.	.	.	-	-	ref	no:duplicate_of_stvar	1	.	.	.	0
pangenie	chr1	31287913	31287913	chr1-31287913-SNV->2746366>2746368>2746370-1	1	1	0	1/0	1	.	PASS	-	-	.	.	.	.	.	.	.	.	0
truth_stvar	chr1	31287921	31287921	.	1	1	0	1|1	.	.	.	.	.	-	-	yes	yes	1	.	.	.	0
truth_smvar	chr1	31287921	31287921	.	1	1	0	1|1	.	.	.	.	.	-	-	no:duplicate_of_stvar	no:duplicate_of_stvar	1	.	.	.	0
pangenie	chr1	31287921	31287922	chr1-31287921-COMPLEX->2746377>2746382>2746384>2746386-2	2	2	0	1/0	1	.	PASS	-	-	.	.	.	.	.	.	.	.	0
pangenie	chr1	31287931	31287931	chr1-31287931-SNV->2746393>2746395>2746397-1	1	1	0	1/0	1	.	PASS	-	-	.	.	.	.	.	.	.	.	0
pangenie	chr1	31287940	31287940	chr1-31287940-SNV->2746403>2746404>2746408-1	1	1	0	1/0	1	.	PASS	-	-	.	.	.	.	.	.	.	.	0
truth_stvar	chr1	31287949	31287949	.	1	1	0	0|1	.	.	.	.	.	-	-	ref	yes	1	.	.	.	0
truth_smvar	chr1	31287949	31287949	.	1	1	0	0|1	.	.	.	.	.	-	-	ref	no:duplicate_of_stvar	1	.	.	.	0
truth_stvar	chr1	31287958	31287958	.	1	1	0	0|1	.	.	.	.	.	-	-	ref	yes	1	.	.	.	0
truth_smvar	chr1	31287958	31287958	.	1	1	0	0|1	.	.	.	.	.	-	-	ref	no:duplicate_of_stvar	1	.	.	.	0
truth_stvar	chr1	31287967	31287967	.	1	1	0	0|1	.	.	.	.	.	-	-	ref	yes	1	.	.	.	0
truth_smvar	chr1	31287967	31287967	.	1	1	0	0|1	.	.	.	.	.	-	-	ref	no:duplicate_of_stvar	1	.	.	.	0
truth_stvar	chr1	31287976	31287976	.	1	1	0	0|1	.	.	.	.	.	-	-	ref	yes	1	.	.	.	0
truth_smvar	chr1	31287976	31287976	.	1	1	0	0|1	.	.	.	.	.	-	-	ref	no:duplicate_of_stvar	1	.	.	.	0
pangenie	chr1	31287976	31287976	chr1-31287976-SNV->2746442>2746445>2746447-1	1	1	0	1/0	1	.	PASS	-	-	.	.	.	.	.	.	.	.	0
truth_stvar	chr1	31287985	31287985	.	1	1	0	0|1	.	.	.	.	.	-	-	ref	yes	1	.	.	.	0
truth_smvar	chr1	31287985	31287985	.	1	1	0	0|1	.	.	.	.	.	-	-	ref	no:duplicate_of_stvar	1	.	.	.	0
vg	chr1	31287985	31287985	>2245719>2245724	1	1	0	.|1	1	56.7136	PASS	-	-	.	.	.	.	.	.	.	.	0
truth_stvar	chr1	31287994	31287994	.	1	1	0	0|1	.	.	.	.	.	-	-	ref	yes	1	.	.	.	0
truth_smvar	chr1	31287994	31287994	.	1	1	0	0|1	.	.	.	.	.	-	-	ref	no:duplicate_of_stvar	1	.	.	.	0
pangenie	chr1	31287994	31287994	chr1-31287994-SNV->2746468>2746473>2746474-1	1	1	0	1/0	1	.	PASS	-	-	.	.	.	.	.	.	.	.	0
truth_stvar	chr1	31288002	31288002	.	1	1	0	1|0	.	.	.	.	.	-	-	yes	ref	1	.	.	.	0
truth_smvar	chr1	31288002	31288002	.	1	1	0	1|0	.	.	.	.	.	-	-	no:duplicate_of_stvar	ref	1	.	.	.	0
truth_stvar	chr1	31288003	31288003	.	1	1	0	0|1	.	.	.	.	.	-	-	ref	yes	1	.	.	.	0
truth_stvar	chr1	31288003	31288003	.	1	1	0	1|0	.	.	.	.	.	-	-	yes	ref	1	.	.	.	0
truth_smvar	chr1	31288003	31288003	.	1	1,1	0	2|1	.	.	.	.	.	-	-	no:duplicate_of_stvar	no:duplicate_of_stvar	1	.	.	.	0
vg	chr1	31288003	31288003	>2245737>2245744	1	1	0	0|1	1	27.4436	PASS	-	-	.	.	.	.	.	.	.	.	0
pangenie	chr1	31288003	31288003	chr1-31288003-SNV->2746481>2746486>2746487-1	1	1	0	1/0	1	.	PASS	-	-	.	.	.	.	.	.	.	.	0
truth_stvar	chr1	31288012	31288012	.	1	1	0	0|1	.	.	.	.	.	-	-	ref	yes	1	.	.	.	0
truth_stvar	chr1	31288012	31288012	.	1	1	0	1|0	.	.	.	.	.	-	-	yes	ref	1	.	.	.	0
truth_smvar	chr1	31288012	31288012	.	1	1,1	0	2|1	.	.	.	.	.	-	-	no:duplicate_of_stvar	no:duplicate_of_stvar	1	.	.	.	0
vg	chr1	31288012	31288012	>2245748>2246009	1	1	0	0|1	1	102.768	PASS	-	-	.	.	.	.	.	.	.	.	0
pangenie	chr1	31288012	31288012	chr1-31288012-SNV->2746487>2746489>2746491-1	1	1	0	1/0	1	.	PASS	-	-	.	.	.	.	.	.	.	.	0
vg	chr1	31288020	31288038	>2245748>2246009	19	1	-18	2|1	1	102.768	PASS	-	-	.	.	.	.	.	.	.	.	0
vg	chr1	31288020	31288038	>2245748>2246009	19	19	0	2|1	1	102.768	PASS	-	-	.	.	.	.	.	.	.	.	0
pangenie	chr1	31288021	31288021	chr1-31288021-SNV->2746495>2746497>2746500-1	1	1	0	1/0	1	.	PASS	-	-	.	.	.	.	.	.	.	.	0
vg	chr1	31288029	31288029	>2245772>2245779	1	1	0	1|.	1	14.2916	PASS	-	-	.	.	.	.	.	.	.	.	0
pangenie	chr1	31288030	31288030	chr1-31288030-SNV->2746504>2746506>2746510-1	1	1	0	1/0	1	.	PASS	-	-	.	.	.	.	.	.	.	.	0
vg	chr1	31288048	31288048	>2245792>2245798	1	1	0	1|2	1	48.7014	PASS	-	-	.	.	.	.	.	.	.	.	0
vg	chr1	31288048	31288048	>2245792>2245798	1	1	0	1|2	1	48.7014	PASS	-	-	.	.	.	.	.	.	.	.	0
vg	chr1	31288057	31288057	>2245798>2245805	1	1	0	1|0	1	22.9581	PASS	-	-	.	.	.	.	.	.	.	.	0
vg	chr1	31288065	31288066	>2245808>2245816	2	2	0	1|2	1	81.1268	PASS	-	-	.	.	.	.	.	.	.	.	0
vg	chr1	31288065	31288066	>2245808>2245816	2	2	0	1|2	1	81.1268	PASS	-	-	.	.	.	.	.	.	.	.	0
truth_stvar	chr1	31288066	31288066	.	1	1	0	1|1	.	.	.	.	.	-	-	yes	yes	1	.	.	.	0
truth_smvar	chr1	31288066	31288066	.	1	1	0	1|1	.	.	.	.	.	-	-	no:duplicate_of_stvar	no:duplicate_of_stvar	1	.	.	.	0
pangenie	chr1	31288066	31288066	chr1-31288066-SNV->2746551>2746553>2746555-1	1	1	0	1/0	1	.	PASS	-	-	.	.	.	.	.	.	.	.	0
truth_stvar	chr1	31288070	31288070	.	1	1	0	1|0	.	.	.	.	.	-	-	yes	ref	1	.	.	.	0
truth_smvar	chr1	31288070	31288070	.	1	1	0	1|0	.	.	.	.	.	-	-	no:duplicate_of_stvar	ref	1	.	.	.	0
truth_stvar	chr1	31288074	31288074	.	1	1	0	1|0	.	.	.	.	.	-	-	yes	ref	1	.	.	.	0
truth_smvar	chr1	31288074	31288074	.	1	1	0	1|0	.	.	.	.	.	-	-	no:duplicate_of_stvar	ref	1	.	.	.	0
truth_stvar	chr1	31288075	31288075	.	1	1	0	0|1	.	.	.	.	.	-	-	ref	yes	1	.	.	.	0
truth_stvar	chr1	31288075	31288075	.	1	1	0	1|0	.	.	.	.	.	-	-	yes	ref	1	.	.	.	0
truth_smvar	chr1	31288075	31288075	.	1	1,1	0	2|1	.	.	.	.	.	-	-	no:duplicate_of_stvar	no:duplicate_of_stvar	1	.	.	.	0
vg	chr1	31288075	31288120	>2245822>2245920	46	1	-45	2|1	1	88.4548	PASS	-	-	.	.	.	.	.	.	.	.	0
vg	chr1	31288075	31288120	>2245822>2245920	46	46	0	2|1	1	88.4548	PASS	-	-	.	.	.	.	.	.	.	.	0
truth_stvar	chr1	31288083	31288191	.	109	1	108	0|1	.	.	.	.	.	FN	TP	ref	yes	1	DEL	9	.	0
truth_smvar	chr1	31288083	31288191	.	109	1	108	0|1	.	.	.	.	.	-	-	ref	no:duplicate_of_stvar	1	.	9	.	0
truth_stvar	chr1	31288093	31288174	.	82	1	0	0|1	.	.	.	.	.	-	-	ref	no:star_allele	1	DEL	9	.	0
truth_stvar	chr1	31288093	31288174	.	82	1	81	1|0	.	.	.	.	.	TP	TP	yes	ref	1	DEL	9	.	0
truth_smvar	chr1	31288093	31288174	.	82	1,1	81	1|2	.	.	.	.	.	-	-	no:duplicate_of_stvar	no:star_allele	1	.	9	.	0
vg	chr1	31288093	31288093	>2245852>2245856	1	1	0	1|.	1	0.11293	PASS	-	-	.	.	.	.	.	.	.	.	0
vg	chr1	31288102	31288102	>2245862>2245867	1	1	0	1|.	1	27.9133	PASS	-	-	.	.	.	.	.	.	.	.	0
pangenie	chr1	31288102	31288102	chr1-31288102-SNV->2746588>2751469>2751470-1	1	1	0	0/1	1	.	PASS	-	-	.	.	.	.	.	.	.	.	0
pangenie	chr1	31288106	31288223	chr1-31288106-DEL->2751470>2751644>2751645-117	118	1	-117	0/1	1	.	PASS	TP	-	.	.	.	.	.	.	.	265.13,265.7	0
vg	chr1	31288111	31288111	>2245871>2245876	1	1	0	1|.	1	45.2811	PASS	-	-	.	.	.	.	.	.	.	.	0
vg	chr1	31288129	31288129	>2245885>2245892	1	1	0	1|1	1	81.8628	PASS	-	-	.	.	.	.	.	.	.	.	0
vg	chr1	31288137	31288138	>2245893>2245900	2	2	0	2|1	1	67.4893	PASS	-	-	.	.	.	.	.	.	.	.	0
vg	chr1	31288137	31288138	>2245893>2245900	2	2	0	2|1	1	67.4893	PASS	-	-	.	.	.	.	.	.	.	.	0
pangenie	chr1	31288138	31288138	chr1-31288138-SNV->2751522>2751525>2751526-1	1	1	0	1/0	1	.	PASS	-	-	.	.	.	.	.	.	.	.	0
pangenie	chr1	31288142	31288142	chr1-31288142-SNV->2751529>2751532>2751533-1	1	1	0	1/0	1	.	PASS	-	-	.	.	.	.	.	.	.	.	0
pangenie	chr1	31288146	31288147	chr1-31288146-COMPLEX->2751534>2751540>2751541>2751542-2	2	2	0	1/0	1	.	PASS	-	-	.	.	.	.	.	.	.	.	0
vg	chr1	31288147	31288156	>2245901>2245910	10	1	-9	2|1	1	87.4394	PASS	-	-	.	.	.	.	.	.	.	.	0
vg	chr1	31288147	31288156	>2245901>2245910	10	1	-9	2|1	1	87.4394	PASS	-	-	.	.	.	.	.	.	.	.	0
pangenie	chr1	31288155	31288156	chr1-31288155-COMPLEX->2751549>2751551>2751554>2751555-2	2	2	0	1/0	1	.	PASS	-	-	.	.	.	.	.	.	.	.	0
vg	chr1	31288165	31288165	>2245822>2245920	1	1	0	0|1	1	88.4548	PASS	-	-	.	.	.	.	.	.	.	.	0
pangenie	chr1	31288165	31288165	chr1-31288165-SNV->2751561>2751563>2751565-1	1	1	0	1/0	1	.	PASS	-	-	.	.	.	.	.	.	.	.	0
vg	chr1	31288169	31288169	>2245920>2245923	1	1	0	1|1	1	100.85	PASS	-	-	.	.	.	.	.	.	.	.	0
pangenie	chr1	31288169	31288169	chr1-31288169-SNV->2751568>2751571>2751572-1	1	1	0	1/0	1	.	PASS	-	-	.	.	.	.	.	.	.	.	0
pangenie	chr1	31288174	31288174	chr1-31288174-SNV->2751576>2751578>2751580-1	1	1	0	1/0	1	.	PASS	-	-	.	.	.	.	.	.	.	.	0
vg	chr1	31288183	31288219	>2245748>2246009	37	1	-36	2|1	1	102.768	PASS	-	-	.	.	.	.	.	.	.	.	0
vg	chr1	31288183	31288219	>2245748>2246009	37	37	0	2|1	1	102.768	PASS	-	-	.	.	.	.	.	.	.	.	0
pangenie	chr1	31288183	31288183	chr1-31288183-SNV->2751586>2751587>2751591-1	1	1	0	1/0	1	.	PASS	-	-	.	.	.	.	.	.	.	.	0
vg	chr1	31288187	31288187	>2245943>2245947	1	1	0	1|.	1	55.9997	PASS	-	-	.	.	.	.	.	.	.	.	0
pangenie	chr1	31288187	31288187	chr1-31288187-SNV->2751594>2751597>2751598-1	1	1	0	1/0	1	.	PASS	-	-	.	.	.	.	.	.	.	.	0
vg	chr1	31288191	31288192	>2245948>2245961	2	2	0	1|.	1	51.0992	PASS	-	-	.	.	.	.	.	.	.	.	0
pangenie	chr1	31288191	31288192	chr1-31288191-COMPLEX->2751599>2751602>2751603>2751608-2	2	2	0	1/0	1	.	PASS	-	-	.	.	.	.	.	.	.	.	0
truth_stvar	chr1	31288201	31288201	.	1	1	0	0|1	.	.	.	.	.	-	-	ref	yes	1	.	.	.	0
truth_stvar	chr1	31288201	31288201	.	1	1	0	1|0	.	.	.	.	.	-	-	yes	ref	1	.	.	.	0
truth_smvar	chr1	31288201	31288201	.	1	1,1	0	2|1	.	.	.	.	.	-	-	no:duplicate_of_stvar	no:duplicate_of_stvar	1	.	.	.	0
vg	chr1	31288201	31288201	>2245961>2245966	1	1	0	1|.	1	33.9167	PASS	-	-	.	.	.	.	.	.	.	.	0
pangenie	chr1	31288201	31288201	chr1-31288201-SNV->2751615>2751618>2751620-1	1	1	0	1/0	1	.	PASS	-	-	.	.	.	.	.	.	.	.	0
truth_stvar	chr1	31288210	31288210	.	1	1	0	1|1	.	.	.	.	.	-	-	yes	yes	1	.	.	.	0
truth_smvar	chr1	31288210	31288210	.	1	1	0	1|1	.	.	.	.	.	-	-	no:duplicate_of_stvar	no:duplicate_of_stvar	1	.	.	.	0
vg	chr1	31288210	31288210	>2245969>2245975	1	1	0	1|.	1	33.6633	PASS	-	-	.	.	.	.	.	.	.	.	0
pangenie	chr1	31288210	31288210	chr1-31288210-SNV->2751626>2751629>2751631-1	1	1	0	1/0	1	.	PASS	-	-	.	.	.	.	.	.	.	.	0
pangenie	chr1	31288210	31288282	chr1-31288253-DEL->2751681>2751730-72	73	1	-72	0/1	1	.	PASS	TP	-	.	.	.	.	.	.	.	265.12,265.8	0
truth_stvar	chr1	31288219	31288219	.	1	1	0	0|1	.	.	.	.	.	-	-	ref	yes	1	.	.	.	0
truth_smvar	chr1	31288219	31288219	.	1	1	0	0|1	.	.	.	.	.	-	-	ref	no:duplicate_of_stvar	1	.	.	.	0
pangenie	chr1	31288219	31288219	chr1-31288219-SNV->2751638>2751640>2751642-1	1	1	0	1/0	1	.	PASS	-	-	.	.	.	.	.	.	.	.	0
pangenie	chr1	31288227	31288227	chr1-31288227-SNV->2751646>2751649>2751650-1	1	1	0	0/1	1	.	PASS	-	-	.	.	.	.	.	.	.	.	0
vg	chr1	31288228	31288228	>2245989>2245996	1	1	0	1|0	1	40.0851	PASS	-	-	.	.	.	.	.	.	.	.	0
pangenie	chr1	31288231	31288231	chr1-31288231-SNV->2751653>2751656>2751657-1	1	1	0	0/1	1	.	PASS	-	-	.	.	.	.	.	.	.	.	0
truth_stvar	chr1	31288232	31288232	.	1	1	0	1|0	.	.	.	.	.	-	-	yes	ref	1	.	.	.	0
truth_smvar	chr1	31288232	31288232	.	1	1	0	1|0	.	.	.	.	.	-	-	no:duplicate_of_stvar	ref	1	.	.	.	0
truth_stvar	chr1	31288236	31288236	.	1	1	0	1|0	.	.	.	.	.	-	-	yes	ref	1	.	.	.	0
truth_smvar	chr1	31288236	31288236	.	1	1	0	1|0	.	.	.	.	.	-	-	no:duplicate_of_stvar	ref	1	.	.	.	0
vg	chr1	31288237	31288237	>2245748>2246009	1	1	0	1|0	1	102.768	PASS	-	-	.	.	.	.	.	.	.	.	0
pangenie	chr1	31288237	31288237	chr1-31288237-SNV->2751661>2751664>2751666-1	1	1	0	1/0	1	.	PASS	-	-	.	.	.	.	.	.	.	.	0
pangenie	chr1	31288237	31288237	chr1-31288237-SNV->2751661>2751665>2751666-1	1	1	0	0/1	1	.	PASS	-	-	.	.	.	.	.	.	.	.	0
pangenie	chr1	31288240	31288240	chr1-31288240-SNV->2751666>2751668>2751669-1	1	1	0	0/1	1	.	PASS	-	-	.	.	.	.	.	.	.	.	0
vg	chr1	31288245	31288308	>2246014>2246146	64	1	-63	1|2	1	66.1531	PASS	FP	-	.	.	.	.	.	.	.	280.12,280.28	0
vg	chr1	31288245	31288308	>2246014>2246146	64	1	-63	1|2	1	66.1531	PASS	TP	-	.	.	.	.	.	.	.	280.14,280.27	0
pangenie	chr1	31288246	31288246	chr1-31288246-SNV->2751672>2751674>2751678-1	1	1	0	1/1	1	.	PASS	-	-	.	.	.	.	.	.	.	.	0
pangenie	chr1	31288255	31288255	chr1-31288255-SNV->2751682>2751685>2751686-1	1	1	0	1/0	1	.	PASS	-	-	.	.	.	.	.	.	.	.	0
truth_stvar	chr1	31288264	31288264	.	1	1	0	0|1	.	.	.	.	.	-	-	ref	yes	1	.	.	.	0
truth_smvar	chr1	31288264	31288264	.	1	1	0	0|1	.	.	.	.	.	-	-	ref	no:duplicate_of_stvar	1	.	.	.	0
truth_stvar	chr1	31288273	31288273	.	1	1	0	0|1	.	.	.	.	.	-	-	ref	yes	1	.	.	.	0
truth_stvar	chr1	31288273	31288273	.	1	1	0	1|0	.	.	.	.	.	-	-	yes	ref	1	.	.	.	0
truth_smvar	chr1	31288273	31288273	.	1	1,1	0	2|1	.	.	.	.	.	-	-	no:duplicate_of_stvar	no:duplicate_of_stvar	1	.	.	.	0
truth_stvar	chr1	31288277	31288277	.	1	1	0	1|0	.	.	.	.	.	-	-	yes	ref	1	.	.	.	0
truth_smvar	chr1	31288277	31288277	.	1	1	0	1|0	.	.	.	.	.	-	-	no:duplicate_of_stvar	ref	1	.	.	.	0
truth_stvar	chr1	31288281	31288281	.	1	1	0	1|0	.	.	.	.	.	-	-	yes	ref	1	.	.	.	0
truth_smvar	chr1	31288281	31288281	.	1	1	0	1|0	.	.	.	.	.	-	-	no:duplicate_of_stvar	ref	1	.	.	.	0
truth_stvar	chr1	31288282	31288282	.	1	1	0	0|1	.	.	.	.	.	-	-	ref	yes	1	.	.	.	0
truth_smvar	chr1	31288282	31288282	.	1	1	0	0|1	.	.	.	.	.	-	-	ref	no:duplicate_of_stvar	1	.	.	.	0
truth_stvar	chr1	31288291	31288291	.	1	1	0	0|1	.	.	.	.	.	-	-	ref	yes	1	.	.	.	0
truth_stvar	chr1	31288291	31288291	.	1	1	0	1|0	.	.	.	.	.	-	-	yes	ref	1	.	.	.	0
truth_smvar	chr1	31288291	31288291	.	1	1,1	0	2|1	.	.	.	.	.	-	-	no:duplicate_of_stvar	no:duplicate_of_stvar	1	.	.	.	0
pangenie	chr1	31288291	31288291	chr1-31288291-SNV->2751707>2751710>2751711-1	1	1	0	1/0	1	.	PASS	-	-	.	.	.	.	.	.	.	.	0
vg	chr1	31288309	31288345	>2246014>2246146	37	37	0	1|2	1	66.1531	PASS	-	-	.	.	.	.	.	.	.	.	0
vg	chr1	31288309	31288345	>2246014>2246146	37	1	-36	1|2	1	66.1531	PASS	-	-	.	.	.	.	.	.	.	.	0
pangenie	chr1	31288309	31288309	chr1-31288309-SNV->2751718>2751719>2751723-1	1	1	0	1/0	1	.	PASS	-	-	.	.	.	.	.	.	.	.	0
truth_stvar	chr1	31288318	31288318	.	1	1	0	0|1	.	.	.	.	.	-	-	ref	yes	1	.	.	.	0
truth_smvar	chr1	31288318	31288318	.	1	1	0	0|1	.	.	.	.	.	-	-	ref	no:duplicate_of_stvar	1	.	.	.	0
vg	chr1	31288318	31288318	>2246101>2246108	1	1	0	1|.	1	0.00367269	PASS	-	-	.	.	.	.	.	.	.	.	0
vg	chr1	31288327	31288327	>2246113>2246133	1	1	0	1|.	1	20.5599	PASS	-	-	.	.	.	.	.	.	.	.	0
pangenie	chr1	31288327	31288327	chr1-31288327-SNV->2751730>2751733>2751734-1	1	1	0	1/0	1	.	PASS	-	-	.	.	.	.	.	.	.	.	0
pangenie	chr1	31288327	31288372	chr1-31288334-DEL->2751738>2751790-45	46	1	-45	0/1	1	.	PASS	-	-	.	.	.	.	.	.	.	.	0
truth_stvar	chr1	31288331	31288331	.	1	1	0	1|0	.	.	.	.	.	-	-	yes	ref	1	.	.	.	0
truth_smvar	chr1	31288331	31288331	.	1	1	0	1|0	.	.	.	.	.	-	-	no:duplicate_of_stvar	ref	1	.	.	.	0
truth_stvar	chr1	31288335	31288335	.	1	1	0	0|1	.	.	.	.	.	-	-	ref	yes	1	.	.	.	0
truth_smvar	chr1	31288335	31288335	.	1	1	0	0|1	.	.	.	.	.	-	-	ref	no:duplicate_of_stvar	1	.	.	.	0
pangenie	chr1	31288335	31288335	chr1-31288335-INS->2751738>2751742>2751745>2751746>2751747>2751749>2751752>2751753>2751754>2751755>2751756-72	1	73	72	1/0	1	.	PASS	FP	-	.	.	.	.	.	.	.	265.14,265.9	0
truth_stvar	chr1	31288336	31288336	.	1	1	0	0|1	.	.	.	.	.	-	-	ref	yes	1	.	.	.	0
truth_smvar	chr1	31288336	31288336	.	1	1	0	0|1	.	.	.	.	.	-	-	ref	no:duplicate_of_stvar	1	.	.	.	0
pangenie	chr1	31288345	31288345	chr1-31288345-SNV->2751763>2751767>2751768-1	1	1	0	1/0	1	.	PASS	-	-	.	.	.	.	.	.	.	.	0
vg	chr1	31288353	31288353	>2220969>2251428	1	1	0	0|1	1	321.305	PASS	-	-	.	.	.	.	.	.	.	.	0
truth_stvar	chr1	31288354	31288354	.	1	1	0	1|0	.	.	.	.	.	-	-	yes	ref	1	.	.	.	0
truth_smvar	chr1	31288354	31288354	.	1	1	0	1|0	.	.	.	.	.	-	-	no:duplicate_of_stvar	ref	1	.	.	.	0
truth_stvar	chr1	31288363	31288363	.	1	1	0	1|1	.	.	.	.	.	-	-	yes	yes	1	.	.	.	0
truth_smvar	chr1	31288363	31288363	.	1	1	0	1|1	.	.	.	.	.	-	-	no:duplicate_of_stvar	no:duplicate_of_stvar	1	.	.	.	0
vg	chr1	31288363	31288579	>2246180>2246395	217	1	-216	1|2	1	43.7065	PASS	TP	-	.	.	.	.	.	.	.	280.15,280.29	0
vg	chr1	31288363	31288579	>2246180>2246395	217	226	9	1|2	1	43.7065	PASS	-	-	.	.	.	.	.	.	.	.	0
pangenie	chr1	31288363	31288363	chr1-31288363-SNV->2751778>2751781>2751782-1	1	1	0	1/0	1	.	PASS	-	-	.	.	.	.	.	.	.	.	0
truth_stvar	chr1	31288367	31288367	.	1	1	0	1|0	.	.	.	.	.	-	-	yes	ref	1	.	.	.	0
truth_smvar	chr1	31288367	31288367	.	1	1	0	1|0	.	.	.	.	.	-	-	no:duplicate_of_stvar	ref	1	.	.	.	0
truth_stvar	chr1	31288371	31288371	.	1	1	0	1|0	.	.	.	.	.	-	-	yes	ref	1	.	.	.	0
truth_smvar	chr1	31288371	31288371	.	1	1	0	1|0	.	.	.	.	.	-	-	no:duplicate_of_stvar	ref	1	.	.	.	0
pangenie	chr1	31288371	31288372	chr1-31288371-COMPLEX->2751782>2751785>2751788>2751789-2	2	2	0	1/0	1	.	PASS	-	-	.	.	.	.	.	.	.	.	0
truth_stvar	chr1	31288372	31288372	.	1	1	0	0|1	.	.	.	.	.	-	-	ref	yes	1	.	.	.	0
truth_stvar	chr1	31288372	31288372	.	1	1	0	1|0	.	.	.	.	.	-	-	yes	ref	1	.	.	.	0
truth_smvar	chr1	31288372	31288372	.	1	1,1	0	2|1	.	.	.	.	.	-	-	no:duplicate_of_stvar	no:duplicate_of_stvar	1	.	.	.	0
truth_stvar	chr1	31288380	31288380	.	1	1	0	0|1	.	.	.	.	.	-	-	ref	yes	1	.	.	.	0
truth_smvar	chr1	31288380	31288380	.	1	1	0	0|1	.	.	.	.	.	-	-	ref	no:duplicate_of_stvar	1	.	.	.	0
truth_stvar	chr1	31288381	31288381	.	1	1	0	0|1	.	.	.	.	.	-	-	ref	yes	1	.	.	.	0
truth_smvar	chr1	31288381	31288381	.	1	1	0	0|1	.	.	.	.	.	-	-	ref	no:duplicate_of_stvar	1	.	.	.	0
vg	chr1	31288381	31288381	>2246200>2246211	1	10	9	.|1	1	0.42613	PASS	-	-	.	.	.	.	.	.	.	.	0
pangenie	chr1	31288381	31288381	chr1-31288381-SNV->2751790>2751793>2751795-1	1	1	0	1/1	1	.	PASS	-	-	.	.	.	.	.	.	.	.	0
pangenie	chr1	31288389	31288390	chr1-31288389-COMPLEX->2751799>2751800>2751804>2751806-2	2	2	0	1/0	1	.	PASS	-	-	.	.	.	.	.	.	.	.	0
truth_stvar	chr1	31288390	31288390	.	1	1	0	0|1	.	.	.	.	.	-	-	ref	yes	1	.	.	.	0
truth_smvar	chr1	31288390	31288390	.	1	1	0	0|1	.	.	.	.	.	-	-	ref	no:duplicate_of_stvar	1	.	.	.	0
vg	chr1	31288390	31288390	>2246214>2246219	1	1	0	.|1	1	1.75398	PASS	-	-	.	.	.	.	.	.	.	.	0
pangenie	chr1	31288390	31288390	chr1-31288390-SNV->2751802>2751804>2751806-1	1	1	0	0/1	1	.	PASS	-	-	.	.	.	.	.	.	.	.	0
pangenie	chr1	31288390	31288435	chr1-31288398-DEL->2751810>2751896-45	46	1	-45	0/1	1	.	PASS	-	-	.	.	.	.	.	.	.	.	0
truth_stvar	chr1	31288398	31288398	.	1	1	0	0|1	.	.	.	.	.	-	-	ref	yes	1	.	.	.	0
truth_smvar	chr1	31288398	31288398	.	1	1	0	0|1	.	.	.	.	.	-	-	ref	no:duplicate_of_stvar	1	.	.	.	0
truth_stvar	chr1	31288399	31288399	.	1	1	0	1|1	.	.	.	.	.	-	-	yes	yes	1	.	.	.	0
truth_smvar	chr1	31288399	31288399	.	1	1	0	1|1	.	.	.	.	.	-	-	no:duplicate_of_stvar	no:duplicate_of_stvar	1	.	.	.	0
vg	chr1	31288399	31288399	>2246224>2246260	1	1	0	.|1	1	3.05868	PASS	-	-	.	.	.	.	.	.	.	.	0
pangenie	chr1	31288399	31288399	chr1-31288399-SNV->2751810>2751813>2751814-1	1	1	0	1/0	1	.	PASS	-	-	.	.	.	.	.	.	.	.	0
truth_stvar	chr1	31288403	31288403	.	1	1	0	1|0	.	.	.	.	.	-	-	yes	ref	1	.	.	.	0
truth_smvar	chr1	31288403	31288403	.	1	1	0	1|0	.	.	.	.	.	-	-	no:duplicate_of_stvar	ref	1	.	.	.	0
truth_stvar	chr1	31288407	31288407	.	1	1	0	1|0	.	.	.	.	.	-	-	yes	ref	1	.	.	.	0
truth_smvar	chr1	31288407	31288407	.	1	1	0	1|0	.	.	.	.	.	-	-	no:duplicate_of_stvar	ref	1	.	.	.	0
pangenie	chr1	31288407	31288407	chr1-31288407-SNV->2751818>2751819>2751822-1	1	1	0	1/0	1	.	PASS	-	-	.	.	.	.	.	.	.	.	0
truth_stvar	chr1	31288416	31288632	.	217	1	216	1|0	.	.	.	.	.	TP	TP	yes	ref	1	DEL	9	.	0
truth_smvar	chr1	31288416	31288632	.	217	1	216	1|0	.	.	.	.	.	-	-	no:duplicate_of_stvar	ref	1	.	9	.	0
pangenie	chr1	31288417	31288417	chr1-31288425-INS->2751837>2751840>2751842>2751843>2751844>2751846>2751847>2751848>2751849>2751852>2751853>2751854>2751856>2751857>2751858>2751862>2751863>2751866>2751867>2751868>2751871-45	1	46	45	1/0	1	.	PASS	-	-	.	.	.	.	.	.	.	.	0
pangenie	chr1	31288417	31288417	chr1-31288417-SNV->2751831>2751833>2751836-1	1	1	0	1/0	1	.	PASS	-	-	.	.	.	.	.	.	.	.	0
pangenie	chr1	31288444	31288444	chr1-31288444-SNV->2751891>2751893>2751897-1	1	1	0	1/0	1	.	PASS	-	-	.	.	.	.	.	.	.	.	0
pangenie	chr1	31288462	31288462	chr1-31288462-SNV->2751916>2751918>2751920-1	1	1	0	1/0	1	.	PASS	-	-	.	.	.	.	.	.	.	.	0
pangenie	chr1	31288471	31288471	chr1-31288471-SNV->2751926>2751928>2751930-1	1	1	0	0/1	1	.	PASS	-	-	.	.	.	.	.	.	.	.	0
pangenie	chr1	31288471	31288480	chr1-31288474-DEL->2751931>2751946-9	10	1	-9	0/1	1	.	PASS	-	-	.	.	.	.	.	.	.	.	0
pangenie	chr1	31288471	31288480	chr1-31288492-DEL->2751952>2751964-9	10	1	-9	0/1	1	.	PASS	-	-	.	.	.	.	.	.	.	.	0
pangenie	chr1	31288471	31288480	chr1-31288505-DEL->2751964>2751970-9	10	1	-9	0/1	1	.	PASS	-	-	.	.	.	.	.	.	.	.	0
pangenie	chr1	31288471	31288516	chr1-31288515-DEL->2751970>2752011-45	46	1	-45	0/1	1	.	PASS	-	-	.	.	.	.	.	.	.	.	0
truth_stvar	chr1	31288480	31288480	.	1	1	0	1|0	.	.	.	.	.	-	-	no:star_allele	ref	1	.	.	.	0
truth_stvar	chr1	31288480	31288480	.	1	1	0	0|1	.	.	.	.	.	-	-	ref	yes	1	.	.	.	0
truth_smvar	chr1	31288480	31288480	.	1	1,1	0	2|1	.	.	.	.	.	-	-	no:star_allele	no:duplicate_of_stvar	1	.	.	.	0
vg	chr1	31288480	31288498	>2246260>2246309	19	19	0	.|1	1	36.7766	PASS	-	-	.	.	.	.	.	.	.	.	0
vg	chr1	31288480	31288489	>2246282>2246303	10	10	0	.|1	1	36.7829	PASS	-	-	.	.	.	.	.	.	.	.	0
vg	chr1	31288480	31288480	>2246290>2246294	1	1	0	.|1	1	19.8224	PASS	-	-	.	.	.	.	.	.	.	.	0
pangenie	chr1	31288480	31288480	chr1-31288480-SNV->2751937>2751942>2751943-1	1	1	0	1/0	1	.	PASS	-	-	.	.	.	.	.	.	.	.	0
truth_stvar	chr1	31288488	31288668	.	181	1	0	1|0	.	.	.	.	.	-	-	no:star_allele	ref	1	DEL	9	.	0
truth_stvar	chr1	31288488	31288668	.	181	1	180	0|1	.	.	.	.	.	TP	FN	ref	yes	1	DEL	9	.	0
truth_smvar	chr1	31288488	31288668	.	181	1,1	180	2|1	.	.	.	.	.	-	-	no:star_allele	no:duplicate_of_stvar	1	.	9	.	0
pangenie	chr1	31288488	31288489	chr1-31288488-COMPLEX->2751946>2751950>2751951>2751952-2	2	2	0	1/0	1	.	PASS	-	-	.	.	.	.	.	.	.	.	0
pangenie	chr1	31288489	31288489	chr1-31288489-SNV->2751947>2751951>2751952-1	1	1	0	0/1	1	.	PASS	-	-	.	.	.	.	.	.	.	.	0
vg	chr1	31288516	31288516	>2246323>2246327	1	1	0	.|1	1	1.35661	PASS	-	-	.	.	.	.	.	.	.	.	0
vg	chr1	31288525	31288525	>2246330>2246344	1	1	0	.|1	1	48.2156	PASS	-	-	.	.	.	.	.	.	.	.	0
pangenie	chr1	31288525	31288525	chr1-31288532-INS->2751987>2751988>2751989>2751990-45	1	46	45	1/0	1	.	PASS	-	-	.	.	.	.	.	.	.	.	0
pangenie	chr1	31288525	31288525	chr1-31288525-SNV->2751981>2751986>2751987-1	1	1	0	1/0	1	.	PASS	-	-	.	.	.	.	.	.	.	.	0
vg	chr1	31288534	31288534	>2246348>2246353	1	1	0	.|1	1	59.5885	PASS	-	-	.	.	.	.	.	.	.	.	0
pangenie	chr1	31288534	31288534	chr1-31288534-SNV->2751990>2751992>2751993-1	1	1	0	1/0	1	.	PASS	-	-	.	.	.	.	.	.	.	.	0
pangenie	chr1	31288542	31288543	chr1-31288542-COMPLEX->2751996>2751999>2752000>2752001-2	2	2	0	1/0	1	.	PASS	-	-	.	.	.	.	.	.	.	.	0
vg	chr1	31288543	31288543	>2246356>2246362	1	1	0	.|1	1	28.719	PASS	-	-	.	.	.	.	.	.	.	.	0
vg	chr1	31288552	31288552	>2246366>2246371	1	1	0	.|1	1	30.1998	PASS	-	-	.	.	.	.	.	.	.	.	0
pangenie	chr1	31288552	31288552	chr1-31288568-INS->2752018>2752022>2752023>2752024>2752026-9	1	10	9	1/0	1	.	PASS	-	-	.	.	.	.	.	.	.	.	0
pangenie	chr1	31288552	31288552	chr1-31288552-SNV->2752001>2752003>2752004-1	1	1	0	1/0	1	.	PASS	-	-	.	.	.	.	.	.	.	.	0
vg	chr1	31288561	31288561	>2246371>2246375	1	1	0	.|1	1	13.1626	PASS	-	-	.	.	.	.	.	.	.	.	0
pangenie	chr1	31288561	31288570	chr1-31288573-DEL->2752031>2752048-9	10	1	-9	0/1	1	.	PASS	-	-	.	.	.	.	.	.	.	.	0
vg	chr1	31288570	31288570	>2246378>2246384	1	1	0	.|1	1	41.2395	PASS	-	-	.	.	.	.	.	.	.	.	0
pangenie	chr1	31288570	31288570	chr1-31288570-SNV->2752026>2752029>2752030-1	1	1	0	1/0	1	.	PASS	-	-	.	.	.	.	.	.	.	.	0
pangenie	chr1	31288579	31288579	chr1-31288579-SNV->2752039>2752043>2752044-1	1	1	0	1/0	1	.	PASS	-	-	.	.	.	.	.	.	.	.	0
pangenie	chr1	31288579	31288651	chr1-31288587-DEL->2752053>2752134-72	73	1	-72	1/0	1	.	PASS	TP	-	.	.	.	.	.	.	.	265.14,265.10	0
vg	chr1	31288588	31288588	>2246421>2246425	1	1	0	1|1	1	49.2606	PASS	-	-	.	.	.	.	.	.	.	.	0
pangenie	chr1	31288588	31288588	chr1-31288588-SNV->2752053>2752057>2752058-1	1	1	0	0/1	1	.	PASS	-	-	.	.	.	.	.	.	.	.	0
vg	chr1	31288595	31288613	>2246431>2246484	19	1	-18	1|0	1	21.4294	PASS	-	-	.	.	.	.	.	.	.	.	0
pangenie	chr1	31288596	31288597	chr1-31288596-COMPLEX->2752062>2752063>2752067>2752069-2	2	2	0	0/1	1	.	PASS	-	-	.	.	.	.	.	.	.	.	0
pangenie	chr1	31288606	31288606	chr1-31288606-SNV->2752073>2752078>2752079-1	1	1	0	0/1	1	.	PASS	-	-	.	.	.	.	.	.	.	.	0
vg	chr1	31288615	31288615	>2246431>2246484	1	1	0	0|1	1	21.4294	PASS	-	-	.	.	.	.	.	.	.	.	0
pangenie	chr1	31288615	31288615	chr1-31288615-SNV->2752087>2752089>2752091-1	1	1	0	0/1	1	.	PASS	-	-	.	.	.	.	.	.	.	.	0
vg	chr1	31288624	31288624	>2246462>2246470	1	1	0	1|1	1	14.1202	PASS	-	-	.	.	.	.	.	.	.	.	0
pangenie	chr1	31288624	31288624	chr1-31288624-SNV->2752097>2752101>2752102-1	1	1	0	0/1	1	.	PASS	-	-	.	.	.	.	.	.	.	.	0
vg	chr1	31288632	31288632	>2246431>2246484	1	1	0	1|1	1	21.4294	PASS	-	-	.	.	.	.	.	.	.	.	0
pangenie	chr1	31288632	31288633	chr1-31288632-COMPLEX->2752105>2752107>2752110>2752111-2	2	2	0	0/1	1	.	PASS	-	-	.	.	.	.	.	.	.	.	0
vg	chr1	31288642	31288669	>2246493>2246558	28	1	-27	1|2	1	29.0938	PASS	-	-	.	.	.	.	.	.	.	.	0
vg	chr1	31288642	31288669	>2246493>2246558	28	46	18	1|2	1	29.0938	PASS	-	-	.	.	.	.	.	.	.	.	0
truth_stvar	chr1	31288646	31288646	.	1	1	0	0|1	.	.	.	.	.	-	-	ref	no:star_allele	1	.	.	.	0
truth_stvar	chr1	31288646	31288646	.	1	1	0	1|0	.	.	.	.	.	-	-	yes	ref	1	.	.	.	0
truth_smvar	chr1	31288646	31288646	.	1	1,1	0	1|2	.	.	.	.	.	-	-	no:duplicate_of_stvar	no:star_allele	1	.	.	.	0
vg	chr1	31288646	31288646	>2246497>2246500	1	1	0	.|1	1	30.9438	PASS	-	-	.	.	.	.	.	.	.	.	0
pangenie	chr1	31288646	31288646	chr1-31288646-SNV->2752120>2752122>2752123-1	1	1	0	0/1	1	.	PASS	-	-	.	.	.	.	.	.	.	.	0
vg	chr1	31288647	31288647	>2246500>2246524	1	19	18	.|1	1	19.9909	PASS	-	-	.	.	.	.	.	.	.	.	0
pangenie	chr1	31288659	31288659	chr1-31288659-SNV->2752131>2752133>2752134-1	1	1	0	0/1	1	.	PASS	-	-	.	.	.	.	.	.	.	.	0
vg	chr1	31288664	31288664	>2246533>2246537	1	1	0	.|1	1	13.5048	PASS	-	-	.	.	.	.	.	.	.	.	0
pangenie	chr1	31288664	31288664	chr1-31288664-SNV->2752137>2752139>2752140-1	1	1	0	1/1	1	.	PASS	-	-	.	.	.	.	.	.	.	.	0
pangenie	chr1	31288664	31289186	chr1-31288667-DEL->2752140>2752817-522	523	1	-522	1/0	1	.	PASS	FP	-	.	.	.	.	.	.	.	265.0,265.11	0
pangenie	chr1	31288668	31288669	chr1-31288668-COMPLEX->2752140>2752142>2752144>2752146-2	2	2	0	0/1	1	.	PASS	-	-	.	.	.	.	.	.	.	.	0
truth_stvar	chr1	31288678	31288678	.	1	1	0	0|1	.	.	.	.	.	-	-	ref	yes	1	.	.	.	0
truth_smvar	chr1	31288678	31288678	.	1	1	0	0|1	.	.	.	.	.	-	-	ref	no:duplicate_of_stvar	1	.	.	.	0
vg	chr1	31288678	31288678	>2246563>2246569	1	1	0	1|1	1	10.6439	PASS	-	-	.	.	.	.	.	.	.	.	0
vg	chr1	31288682	31289402	>2220969>2251428	721	1	-720	1|1	1	321.305	PASS	FP	-	.	.	.	.	.	.	.	280.3,280.30	0
truth_stvar	chr1	31288687	31288687	.	1	1	0	0|1	.	.	.	.	.	-	-	ref	yes	1	.	.	.	0
truth_smvar	chr1	31288687	31288687	.	1	1	0	0|1	.	.	.	.	.	-	-	ref	no:duplicate_of_stvar	1	.	.	.	0
pangenie	chr1	31288687	31288687	chr1-31288687-SNV->2752163>2752167>2752168-1	1	1	0	0/1	1	.	PASS	-	-	.	.	.	.	.	.	.	.	0
truth_stvar	chr1	31288696	31288696	.	1	1	0	1|1	.	.	.	.	.	-	-	yes	yes	1	.	.	.	0
truth_smvar	chr1	31288696	31288696	.	1	1	0	1|1	.	.	.	.	.	-	-	no:duplicate_of_stvar	no:duplicate_of_stvar	1	.	.	.	0
truth_stvar	chr1	31288700	31288700	.	1	1	0	1|0	.	.	.	.	.	-	-	yes	ref	1	.	.	.	0
truth_smvar	chr1	31288700	31288700	.	1	1	0	1|0	.	.	.	.	.	-	-	no:duplicate_of_stvar	ref	1	.	.	.	0
truth_stvar	chr1	31288704	31288704	.	1	1	0	1|0	.	.	.	.	.	-	-	yes	ref	1	.	.	.	0
truth_smvar	chr1	31288704	31288704	.	1	1	0	1|0	.	.	.	.	.	-	-	no:duplicate_of_stvar	ref	1	.	.	.	0
pangenie	chr1	31288705	31288705	chr1-31288705-SNV->2752179>2752181>2752183-1	1	1	0	0/1	1	.	PASS	-	-	.	.	.	.	.	.	.	.	0
truth_stvar	chr1	31288723	31288723	.	1	1	0	1|1	.	.	.	.	.	-	-	yes	yes	1	.	.	.	0
truth_smvar	chr1	31288723	31288723	.	1	1	0	1|1	.	.	.	.	.	-	-	no:duplicate_of_stvar	no:duplicate_of_stvar	1	.	.	.	0
truth_stvar	chr1	31288732	31288732	.	1	1	0	1|0	.	.	.	.	.	-	-	yes	ref	1	.	.	.	0
truth_smvar	chr1	31288732	31288732	.	1	1	0	1|0	.	.	.	.	.	-	-	no:duplicate_of_stvar	ref	1	.	.	.	0
pangenie	chr1	31288732	31288732	chr1-31288732-SNV->2752206>2752209>2752211-1	1	1	0	0/1	1	.	PASS	-	-	.	.	.	.	.	.	.	.	0
truth_stvar	chr1	31288741	31288741	.	1	1	0	1|0	.	.	.	.	.	-	-	yes	ref	1	.	.	.	0
truth_smvar	chr1	31288741	31288741	.	1	1	0	1|0	.	.	.	.	.	-	-	no:duplicate_of_stvar	ref	1	.	.	.	0
pangenie	chr1	31288741	31288741	chr1-31288741-SNV->2752215>2752219>2752220-1	1	1	0	0/1	1	.	PASS	-	-	.	.	.	.	.	.	.	.	0
truth_stvar	chr1	31288750	31288750	.	1	1	0	1|0	.	.	.	.	.	-	-	yes	ref	1	.	.	.	0
truth_smvar	chr1	31288750	31288750	.	1	1	0	1|0	.	.	.	.	.	-	-	no:duplicate_of_stvar	ref	1	.	.	.	0
pangenie	chr1	31288750	31288750	chr1-31288750-SNV->2752224>2752228>2752229-1	1	1	0	0/1	1	.	PASS	-	-	.	.	.	.	.	.	.	.	0
truth_stvar	chr1	31288759	31288759	.	1	1	0	1|0	.	.	.	.	.	-	-	yes	ref	1	.	.	.	0
truth_stvar	chr1	31288759	31288759	.	1	1	0	0|1	.	.	.	.	.	-	-	ref	yes	1	.	.	.	0
truth_smvar	chr1	31288759	31288759	.	1	1,1	0	1|2	.	.	.	.	.	-	-	no:duplicate_of_stvar	no:duplicate_of_stvar	1	.	.	.	0
pangenie	chr1	31288759	31288759	chr1-31288759-SNV->2752235>2752239>2752240-1	1	1	0	0/1	1	.	PASS	-	-	.	.	.	.	.	.	.	.	0
pangenie	chr1	31288768	31288768	chr1-31288768-SNV->2752243>2752246>2752247-1	1	1	0	0/1	1	.	PASS	-	-	.	.	.	.	.	.	.	.	0
truth_stvar	chr1	31288777	31288777	.	1	1	0	0|1	.	.	.	.	.	-	-	ref	yes	1	.	.	.	0
truth_smvar	chr1	31288777	31288777	.	1	1	0	0|1	.	.	.	.	.	-	-	ref	no:duplicate_of_stvar	1	.	.	.	0
truth_stvar	chr1	31288786	31288786	.	1	1	0	1|0	.	.	.	.	.	-	-	yes	ref	1	.	.	.	0
truth_smvar	chr1	31288786	31288786	.	1	1	0	1|0	.	.	.	.	.	-	-	no:duplicate_of_stvar	ref	1	.	.	.	0
pangenie	chr1	31288786	31288786	chr1-31288786-SNV->2752265>2752268>2752269-1	1	1	0	0/1	1	.	PASS	-	-	.	.	.	.	.	.	.	.	0
truth_stvar	chr1	31288795	31288795	.	1	1	0	0|1	.	.	.	.	.	-	-	ref	yes	1	.	.	.	0
truth_smvar	chr1	31288795	31288795	.	1	1	0	0|1	.	.	.	.	.	-	-	ref	no:duplicate_of_stvar	1	.	.	.	0
pangenie	chr1	31288795	31288795	chr1-31288795-SNV->2752273>2752275>2752277-1	1	1	0	0/1	1	.	PASS	-	-	.	.	.	.	.	.	.	.	0
truth_stvar	chr1	31288831	31288921	.	91	1	90	1|0	.	.	.	.	.	FN	FN	yes	ref	1	DEL	9	.	0
truth_smvar	chr1	31288831	31288921	.	91	1	90	1|0	.	.	.	.	.	-	-	no:duplicate_of_stvar	ref	1	.	9	.	0
truth_stvar	chr1	31288839	31288839	.	1	1	0	1|0	.	.	.	.	.	-	-	no:star_allele	ref	1	.	.	.	0
truth_stvar	chr1	31288839	31288839	.	1	1	0	0|1	.	.	.	.	.	-	-	ref	yes	1	.	.	.	0
truth_smvar	chr1	31288839	31288839	.	1	1,1	0	2|1	.	.	.	.	.	-	-	no:star_allele	no:duplicate_of_stvar	1	.	.	.	0
pangenie	chr1	31288839	31288840	chr1-31288839-COMPLEX->2752315>2752318>2752321>2752322-2	2	2	0	0/1	1	.	PASS	-	-	.	.	.	.	.	.	.	.	0
truth_stvar	chr1	31288857	31288857	.	1	1	0	1|0	.	.	.	.	.	-	-	no:star_allele	ref	1	.	.	.	0
truth_stvar	chr1	31288857	31288857	.	1	1	0	0|1	.	.	.	.	.	-	-	ref	yes	1	.	.	.	0
truth_smvar	chr1	31288857	31288857	.	1	1,1	0	2|1	.	.	.	.	.	-	-	no:star_allele	no:duplicate_of_stvar	1	.	.	.	0
pangenie	chr1	31288857	31288858	chr1-31288857-COMPLEX->2752338>2752340>2752343>2752344-2	2	2	0	0/1	1	.	PASS	-	-	.	.	.	.	.	.	.	.	0
truth_stvar	chr1	31288867	31288867	.	1	1	0	1|0	.	.	.	.	.	-	-	no:star_allele	ref	1	.	.	.	0
truth_stvar	chr1	31288867	31288867	.	1	1	0	0|1	.	.	.	.	.	-	-	ref	yes	1	.	.	.	0
truth_smvar	chr1	31288867	31288867	.	1	1,1	0	2|1	.	.	.	.	.	-	-	no:star_allele	no:duplicate_of_stvar	1	.	.	.	0
pangenie	chr1	31288867	31288867	chr1-31288867-SNV->2752344>2752346>2752348-1	1	1	0	0/1	1	.	PASS	-	-	.	.	.	.	.	.	.	.	0
pangenie	chr1	31288876	31288876	chr1-31288876-SNV->2752356>2752359>2752360-1	1	1	0	0/1	1	.	PASS	-	-	.	.	.	.	.	.	.	.	0
truth_stvar	chr1	31288885	31288885	.	1	1	0	1|0	.	.	.	.	.	-	-	no:star_allele	ref	1	.	.	.	0
truth_stvar	chr1	31288885	31288885	.	1	1	0	0|1	.	.	.	.	.	-	-	ref	yes	1	.	.	.	0
truth_smvar	chr1	31288885	31288885	.	1	1,1	0	2|1	.	.	.	.	.	-	-	no:star_allele	no:duplicate_of_stvar	1	.	.	.	0
pangenie	chr1	31288885	31288885	chr1-31288885-SNV->2752364>2752368>2752369-1	1	1	0	0/1	1	.	PASS	-	-	.	.	.	.	.	.	.	.	0
truth_stvar	chr1	31288893	31288893	.	1	1	0	1|0	.	.	.	.	.	-	-	no:star_allele	ref	1	.	.	.	0
truth_stvar	chr1	31288893	31288893	.	1	1	0	0|1	.	.	.	.	.	-	-	ref	yes	1	.	.	.	0
truth_smvar	chr1	31288893	31288893	.	1	1,1	0	2|1	.	.	.	.	.	-	-	no:star_allele	no:duplicate_of_stvar	1	.	.	.	0
truth_stvar	chr1	31288894	31288894	.	1	1	0	1|0	.	.	.	.	.	-	-	no:star_allele	ref	1	.	.	.	0
truth_stvar	chr1	31288894	31288894	.	1	1	0	0|1	.	.	.	.	.	-	-	ref	yes	1	.	.	.	0
truth_smvar	chr1	31288894	31288894	.	1	1,1	0	2|1	.	.	.	.	.	-	-	no:star_allele	no:duplicate_of_stvar	1	.	.	.	0
pangenie	chr1	31288894	31288894	chr1-31288894-SNV->2752378>2752380>2752382-1	1	1	0	0/1	1	.	PASS	-	-	.	.	.	.	.	.	.	.	0
pangenie	chr1	31288903	31288903	chr1-31288903-SNV->2752383>2752386>2752388-1	1	1	0	0/1	1	.	PASS	-	-	.	.	.	.	.	.	.	.	0
truth_stvar	chr1	31288907	31288907	.	1	1	0	1|0	.	.	.	.	.	-	-	no:star_allele	ref	1	.	.	.	0
truth_stvar	chr1	31288907	31288907	.	1	1	0	0|1	.	.	.	.	.	-	-	ref	yes	1	.	.	.	0
truth_smvar	chr1	31288907	31288907	.	1	1,1	0	2|1	.	.	.	.	.	-	-	no:star_allele	no:duplicate_of_stvar	1	.	.	.	0
pangenie	chr1	31288907	31288907	chr1-31288911-INS->2752395>2752396>2752398>2752400>2752401-9	1	10	9	0/1	1	.	PASS	-	-	.	.	.	.	.	.	.	.	0
pangenie	chr1	31288907	31288907	chr1-31288907-SNV->2752388>2752390>2752391-1	1	1	0	0/1	1	.	PASS	-	-	.	.	.	.	.	.	.	.	0
truth_stvar	chr1	31288921	31288921	.	1	1	0	1|0	.	.	.	.	.	-	-	no:star_allele	ref	1	.	.	.	0
truth_stvar	chr1	31288921	31288921	.	1	1	0	0|1	.	.	.	.	.	-	-	ref	yes	1	.	.	.	0
truth_smvar	chr1	31288921	31288921	.	1	1,1	0	2|1	.	.	.	.	.	-	-	no:star_allele	no:duplicate_of_stvar	1	.	.	.	0
pangenie	chr1	31288921	31288921	chr1-31288921-SNV->2752405>2752407>2752410-1	1	1	0	0/1	1	.	PASS	-	-	.	.	.	.	.	.	.	.	0
truth_stvar	chr1	31288930	31288930	.	1	1	0	1|0	.	.	.	.	.	-	-	yes	ref	1	.	.	.	0
truth_smvar	chr1	31288930	31288930	.	1	1	0	1|0	.	.	.	.	.	-	-	no:duplicate_of_stvar	ref	1	.	.	.	0
pangenie	chr1	31288930	31288930	chr1-31288930-SNV->2752416>2752418>2752421-1	1	1	0	0/1	1	.	PASS	-	-	.	.	.	.	.	.	.	.	0
truth_stvar	chr1	31288939	31288939	.	1	1	0	0|1	.	.	.	.	.	-	-	ref	yes	1	.	.	.	0
truth_smvar	chr1	31288939	31288939	.	1	1	0	0|1	.	.	.	.	.	-	-	ref	no:duplicate_of_stvar	1	.	.	.	0
pangenie	chr1	31288939	31288939	chr1-31288939-SNV->2752427>2752430>2752432-1	1	1	0	0/1	1	.	PASS	-	-	.	.	.	.	.	.	.	.	0
truth_stvar	chr1	31288942	31288942	.	1	1	0	0|1	.	.	.	.	.	-	-	ref	yes	1	.	.	.	0
truth_smvar	chr1	31288942	31288942	.	1	1	0	0|1	.	.	.	.	.	-	-	ref	no:duplicate_of_stvar	1	.	.	.	0
pangenie	chr1	31288948	31288948	chr1-31288964-INS->2752449>2752452>2752453>2752454-9	1	10	9	0/1	1	.	PASS	-	-	.	.	.	.	.	.	.	.	0
pangenie	chr1	31288948	31288948	chr1-31288948-SNV->2752439>2752441>2752443-1	1	1	0	0/1	1	.	PASS	-	-	.	.	.	.	.	.	.	.	0
truth_stvar	chr1	31288957	31288957	.	1	1	0	0|1	.	.	.	.	.	-	-	ref	yes	1	.	.	.	0
truth_smvar	chr1	31288957	31288957	.	1	1	0	0|1	.	.	.	.	.	-	-	ref	no:duplicate_of_stvar	1	.	.	.	0
truth_stvar	chr1	31288974	31288983	.	10	1	9	1|0	.	.	.	.	.	-	-	yes	ref	1	.	.	.	0
truth_smvar	chr1	31288974	31288983	.	10	1	9	1|0	.	.	.	.	.	-	-	no:duplicate_of_stvar	ref	1	.	.	.	0
truth_stvar	chr1	31288979	31288979	.	1	1	0	1|0	.	.	.	.	.	-	-	no:star_allele	ref	1	.	.	.	0
truth_stvar	chr1	31288979	31288979	.	1	1	0	0|1	.	.	.	.	.	-	-	ref	yes	1	.	.	.	0
truth_smvar	chr1	31288979	31288979	.	1	1,1	0	2|1	.	.	.	.	.	-	-	no:star_allele	no:duplicate_of_stvar	1	.	.	.	0
pangenie	chr1	31288979	31288979	chr1-31288979-SNV->2752467>2752469>2752470-1	1	1	0	0/1	1	.	PASS	-	-	.	.	.	.	.	.	.	.	0
truth_stvar	chr1	31288983	31288983	.	1	1	0	1|0	.	.	.	.	.	-	-	no:star_allele	ref	1	.	.	.	0
truth_stvar	chr1	31288983	31288983	.	1	1	0	0|1	.	.	.	.	.	-	-	ref	yes	1	.	.	.	0
truth_smvar	chr1	31288983	31288983	.	1	1,1	0	2|1	.	.	.	.	.	-	-	no:star_allele	no:duplicate_of_stvar	1	.	.	.	0
pangenie	chr1	31288983	31288984	chr1-31288983-COMPLEX->2752470>2752471>2752475>2752476-2	2	2	0	0/1	1	.	PASS	-	-	.	.	.	.	.	.	.	.	0
truth_stvar	chr1	31288993	31288993	.	1	1	0	0|1	.	.	.	.	.	-	-	ref	yes	1	.	.	.	0
truth_smvar	chr1	31288993	31288993	.	1	1	0	0|1	.	.	.	.	.	-	-	ref	no:duplicate_of_stvar	1	.	.	.	0
truth_stvar	chr1	31289002	31289002	.	1	1	0	0|1	.	.	.	.	.	-	-	ref	yes	1	.	.	.	0
truth_smvar	chr1	31289002	31289002	.	1	1	0	0|1	.	.	.	.	.	-	-	ref	no:duplicate_of_stvar	1	.	.	.	0
pangenie	chr1	31289002	31289002	chr1-31289002-SNV->2752489>2752492>2752494-1	1	1	0	0/1	1	.	PASS	-	-	.	.	.	.	.	.	.	.	0
truth_stvar	chr1	31289011	31289011	.	1	1	0	1|0	.	.	.	.	.	-	-	yes	ref	1	.	.	.	0
truth_smvar	chr1	31289011	31289011	.	1	1	0	1|0	.	.	.	.	.	-	-	no:duplicate_of_stvar	ref	1	.	.	.	0
pangenie	chr1	31289011	31289011	chr1-31289011-SNV->2752502>2752507>2752508-1	1	1	0	0/1	1	.	PASS	-	-	.	.	.	.	.	.	.	.	0
truth_stvar	chr1	31289014	31289014	.	1	1	0	1|1	.	.	.	.	.	-	-	yes	yes	1	.	.	.	0
truth_smvar	chr1	31289014	31289014	.	1	1	0	1|1	.	.	.	.	.	-	-	no:duplicate_of_stvar	no:duplicate_of_stvar	1	.	.	.	0
pangenie	chr1	31289014	31289014	chr1-31289014-SNV->2752509>2752511>2752512-1	1	1	0	0/1	1	.	PASS	-	-	.	.	.	.	.	.	.	.	0
truth_stvar	chr1	31289020	31289020	.	1	1	0	1|0	.	.	.	.	.	-	-	yes	ref	1	.	.	.	0
truth_stvar	chr1	31289020	31289020	.	1	1	0	0|1	.	.	.	.	.	-	-	ref	yes	1	.	.	.	0
truth_smvar	chr1	31289020	31289020	.	1	1,1	0	1|2	.	.	.	.	.	-	-	no:duplicate_of_stvar	no:duplicate_of_stvar	1	.	.	.	0
pangenie	chr1	31289020	31289020	chr1-31289020-SNV->2752515>2752517>2752519-1	1	1	0	0/1	1	.	PASS	-	-	.	.	.	.	.	.	.	.	0
truth_stvar	chr1	31289029	31289029	.	1	10	9	0|1	.	.	.	.	.	-	-	ref	yes	1	.	.	.	0
truth_smvar	chr1	31289029	31289029	.	1	10	9	0|1	.	.	.	.	.	-	-	ref	no:duplicate_of_stvar	1	.	.	.	0
pangenie	chr1	31289029	31289029	chr1-31289029-SNV->2752525>2752529>2752530-1	1	1	0	0/1	1	.	PASS	-	-	.	.	.	.	.	.	.	.	0
truth_stvar	chr1	31289038	31289038	.	1	1	0	0|1	.	.	.	.	.	-	-	ref	yes	1	.	.	.	0
truth_smvar	chr1	31289038	31289038	.	1	1	0	0|1	.	.	.	.	.	-	-	ref	no:duplicate_of_stvar	1	.	.	.	0
pangenie	chr1	31289038	31289038	chr1-31289038-SNV->2752530>2752532>2752534-1	1	1	0	0/1	1	.	PASS	-	-	.	.	.	.	.	.	.	.	0
pangenie	chr1	31289038	31289038	chr1-31289055-INS->2752544>2752546>2752548>2752549>2752551>2752553>2752554>2752556>2752557>2752559>2752560>2752562>2752563>2752564>2752565>2752568>2752571>2752572>2752573>2752575>2752578>2752579>2752580>2752583>2752584-81	1	82	81	0/1	1	.	PASS	FP	-	.	.	.	.	.	.	.	265.12,265.12	0
truth_stvar	chr1	31289047	31289047	.	1	1	0	1|0	.	.	.	.	.	-	-	yes	ref	1	.	.	.	0
truth_smvar	chr1	31289047	31289047	.	1	1	0	1|0	.	.	.	.	.	-	-	no:duplicate_of_stvar	ref	1	.	.	.	0
truth_stvar	chr1	31289056	31289056	.	1	1	0	1|1	.	.	.	.	.	-	-	yes	yes	1	.	.	.	0
truth_smvar	chr1	31289056	31289056	.	1	1	0	1|1	.	.	.	.	.	-	-	no:duplicate_of_stvar	no:duplicate_of_stvar	1	.	.	.	0
truth_stvar	chr1	31289065	31289065	.	1	1	0	0|1	.	.	.	.	.	-	-	ref	yes	1	.	.	.	0
truth_smvar	chr1	31289065	31289065	.	1	1	0	0|1	.	.	.	.	.	-	-	ref	no:duplicate_of_stvar	1	.	.	.	0
truth_stvar	chr1	31289074	31289074	.	1	1	0	1|0	.	.	.	.	.	-	-	yes	ref	1	.	.	.	0
truth_smvar	chr1	31289074	31289074	.	1	1	0	1|0	.	.	.	.	.	-	-	no:duplicate_of_stvar	ref	1	.	.	.	0
pangenie	chr1	31289074	31289074	chr1-31289074-SNV->2752600>2752602>2752604-1	1	1	0	0/1	1	.	PASS	-	-	.	.	.	.	.	.	.	.	0
truth_stvar	chr1	31289077	31289077	.	1	1	0	1|0	.	.	.	.	.	-	-	yes	ref	1	.	.	.	0
truth_smvar	chr1	31289077	31289077	.	1	1	0	1|0	.	.	.	.	.	-	-	no:duplicate_of_stvar	ref	1	.	.	.	0
pangenie	chr1	31289077	31289077	chr1-31289077-SNV->2752604>2752606>2752607-1	1	1	0	0/1	1	.	PASS	-	-	.	.	.	.	.	.	.	.	0
truth_stvar	chr1	31289083	31289083	.	1	1	0	1|1	.	.	.	.	.	-	-	yes	yes	1	.	.	.	0
truth_smvar	chr1	31289083	31289083	.	1	1	0	1|1	.	.	.	.	.	-	-	no:duplicate_of_stvar	no:duplicate_of_stvar	1	.	.	.	0
pangenie	chr1	31289083	31289083	chr1-31289083-SNV->2752607>2752609>2752611-1	1	1	0	0/1	1	.	PASS	-	-	.	.	.	.	.	.	.	.	0
pangenie	chr1	31289083	31289083	chr1-31289094-INS->2752615>2752616>2752618>2752619>2752621>2752623>2752625>2752626-18	1	19	18	0/1	1	.	PASS	-	-	.	.	.	.	.	.	.	.	0
truth_stvar	chr1	31289092	31289092	.	1	1	0	1|0	.	.	.	.	.	-	-	yes	ref	1	.	.	.	0
truth_smvar	chr1	31289092	31289092	.	1	1	0	1|0	.	.	.	.	.	-	-	no:duplicate_of_stvar	ref	1	.	.	.	0
pangenie	chr1	31289092	31289092	chr1-31289092-SNV->2752611>2752613>2752615-1	1	1	0	0/1	1	.	PASS	-	-	.	.	.	.	.	.	.	.	0
truth_stvar	chr1	31289101	31289101	.	1	10	9	0|1	.	.	.	.	.	-	-	ref	yes	1	.	.	.	0
truth_smvar	chr1	31289101	31289101	.	1	10	9	0|1	.	.	.	.	.	-	-	ref	no:duplicate_of_stvar	1	.	.	.	0
pangenie	chr1	31289101	31289101	chr1-31289101-SNV->2752626>2752629>2752630-1	1	1	0	0/1	1	.	PASS	-	-	.	.	.	.	.	.	.	.	0
truth_stvar	chr1	31289110	31289110	.	1	1	0	0|1	.	.	.	.	.	-	-	ref	yes	1	.	.	.	0
truth_smvar	chr1	31289110	31289110	.	1	1	0	0|1	.	.	.	.	.	-	-	ref	no:duplicate_of_stvar	1	.	.	.	0
pangenie	chr1	31289110	31289110	chr1-31289126-INS->2752648>2752650>2752651>2752652>2752654>2752655-9	1	10	9	0/1	1	.	PASS	-	-	.	.	.	.	.	.	.	.	0
pangenie	chr1	31289110	31289110	chr1-31289110-SNV->2752631>2752635>2752636-1	1	1	0	0/1	1	.	PASS	-	-	.	.	.	.	.	.	.	.	0
truth_stvar	chr1	31289128	31289128	.	1	1	0	1|0	.	.	.	.	.	-	-	yes	ref	1	.	.	.	0
truth_smvar	chr1	31289128	31289128	.	1	1	0	1|0	.	.	.	.	.	-	-	no:duplicate_of_stvar	ref	1	.	.	.	0
pangenie	chr1	31289128	31289128	chr1-31289128-INS->2752655>2752656>2752659>2752660>2752662>2752663>2752664>2752668>2752669>2752672>2752673>2752676>2752677>2752678>2752681>2752682>2752686>2752687>2752688>2752690>2752692>2752693>2752694>2752695>2752698>2752699>2752701>2752702>2752705>2752706>2752708>2752710>2752712-90	1	91	90	0/1	1	.	PASS	FP	-	.	.	.	.	.	.	.	265.1,265.13	0
pangenie	chr1	31289137	31289137	chr1-31289137-INS->2752713>2752716>2752717>2752718>2752719>2752721>2752722>2752724>2752726>2752727>2752731>2752732>2752733>2752737>2752738>2752741>2752742>2752743>2752745>2752748>2752749>2752751>2752752>2752755>2752757>2752759-54	1	55	54	0/1	1	.	PASS	FP	-	.	.	.	.	.	.	.	265.5,265.14	0
truth_stvar	chr1	31289146	31289146	.	1	1	0	0|1	.	.	.	.	.	-	-	ref	yes	1	.	.	.	0
truth_smvar	chr1	31289146	31289146	.	1	1	0	0|1	.	.	.	.	.	-	-	ref	no:duplicate_of_stvar	1	.	.	.	0
truth_stvar	chr1	31289155	31289155	.	1	1	0	0|1	.	.	.	.	.	-	-	ref	yes	1	.	.	.	0
truth_smvar	chr1	31289155	31289155	.	1	1	0	0|1	.	.	.	.	.	-	-	ref	no:duplicate_of_stvar	1	.	.	.	0
truth_stvar	chr1	31289163	31289163	.	1	1	0	1|0	.	.	.	.	.	-	-	yes	ref	1	.	.	.	0
truth_smvar	chr1	31289163	31289163	.	1	1	0	1|0	.	.	.	.	.	-	-	no:duplicate_of_stvar	ref	1	.	.	.	0
pangenie	chr1	31289164	31289164	chr1-31289164-SNV->2752788>2752790>2752792-1	1	1	0	0/1	1	.	PASS	-	-	.	.	.	.	.	.	.	.	0
truth_stvar	chr1	31289173	31289173	.	1	1	0	1|1	.	.	.	.	.	-	-	yes	yes	1	.	.	.	0
truth_smvar	chr1	31289173	31289173	.	1	1	0	1|1	.	.	.	.	.	-	-	no:duplicate_of_stvar	no:duplicate_of_stvar	1	.	.	.	0
pangenie	chr1	31289173	31289173	chr1-31289173-SNV->2752800>2752804>2752805-1	1	1	0	0/1	1	.	PASS	-	-	.	.	.	.	.	.	.	.	0
truth_stvar	chr1	31289191	31289191	.	1	1	0	1|0	.	.	.	.	.	-	-	yes	ref	1	.	.	.	0
truth_stvar	chr1	31289191	31289227	.	37	1	36	0|1	.	.	.	.	.	-	-	ref	yes	1	DEL	9	.	0
truth_smvar	chr1	31289191	31289227	.	37	37,1	36	1|2	.	.	.	.	.	-	-	no:overlaps_applied_stvar	no:duplicate_of_stvar	1	.	.	.	0
pangenie	chr1	31289191	31289191	chr1-31289191-SNV->2752817>2752818>2752822-1	1	1	0	0/1	1	.	PASS	-	-	.	.	.	.	.	.	.	.	0
pangenie	chr1	31289191	31289200	chr1-31289203-DEL->2752834>2752846-9	10	1	-9	0/1	1	.	PASS	-	-	.	.	.	.	.	.	.	.	0
pangenie	chr1	31289191	31289209	chr1-31289194-DEL->2752823>2752846-18	19	1	-18	1/0	1	.	PASS	-	-	.	.	.	.	.	.	.	.	0
pangenie	chr1	31289200	31289200	chr1-31289200-SNV->2752828>2752832>2752834-1	1	1	0	0/1	1	.	PASS	-	-	.	.	.	.	.	.	.	.	0
pangenie	chr1	31289217	31289218	chr1-31289217-COMPLEX->2752848>2752851>2752852>2752855-2	2	2	0	0/1	1	.	PASS	-	-	.	.	.	.	.	.	.	.	0
pangenie	chr1	31289217	31289272	chr1-31289217-COMPLEX->2752848>2752924>2752925>2752926-56	56	2	-54	1/0	1	.	PASS	FP	-	.	.	.	.	.	.	.	265.5,265.15	0
truth_stvar	chr1	31289227	31289227	.	1	1	0	0|1	.	.	.	.	.	-	-	ref	no:star_allele	1	.	.	.	0
truth_stvar	chr1	31289227	31289227	.	1	1	0	1|0	.	.	.	.	.	-	-	yes	ref	1	.	.	.	0
truth_smvar	chr1	31289227	31289227	.	1	1,1	0	1|2	.	.	.	.	.	-	-	no:duplicate_of_stvar	no:star_allele	1	.	.	.	0
pangenie	chr1	31289227	31289227	chr1-31289227-SNV->2752862>2752865>2752866-1	1	1	0	0/1	1	.	PASS	-	-	.	.	.	.	.	.	.	.	0
truth_stvar	chr1	31289231	31289231	.	1	1	0	0|1	.	.	.	.	.	-	-	ref	yes	1	.	.	.	0
truth_smvar	chr1	31289231	31289231	.	1	1	0	0|1	.	.	.	.	.	-	-	ref	no:duplicate_of_stvar	1	.	.	.	0
truth_stvar	chr1	31289235	31289235	.	1	1	0	0|1	.	.	.	.	.	-	-	ref	yes	1	.	.	.	0
truth_smvar	chr1	31289235	31289235	.	1	1	0	0|1	.	.	.	.	.	-	-	ref	no:duplicate_of_stvar	1	.	.	.	0
truth_stvar	chr1	31289236	31289236	.	1	1	0	0|1	.	.	.	.	.	-	-	ref	yes	1	.	.	.	0
truth_stvar	chr1	31289236	31289371	.	136	1	135	1|0	.	.	.	.	.	FN	TP	yes	ref	1	DEL	9	.	0
truth_smvar	chr1	31289236	31289371	.	136	1,136	135	1|2	.	.	.	.	.	-	-	no:duplicate_of_stvar	no:overlaps_applied_stvar	1	.	9	.	0
pangenie	chr1	31289236	31289236	chr1-31289236-SNV->2752869>2752871>2752873-1	1	1	0	0/1	1	.	PASS	-	-	.	.	.	.	.	.	.	.	0
truth_stvar	chr1	31289254	31289254	.	1	1	0	1|0	.	.	.	.	.	-	-	no:star_allele	ref	1	.	.	.	0
truth_stvar	chr1	31289254	31289254	.	1	1	0	0|1	.	.	.	.	.	-	-	ref	yes	1	.	.	.	0
truth_smvar	chr1	31289254	31289254	.	1	1,1	0	2|1	.	.	.	.	.	-	-	no:star_allele	no:duplicate_of_stvar	1	.	.	.	0
pangenie	chr1	31289254	31289254	chr1-31289254-SNV->2752895>2752897>2752899-1	1	1	0	0/1	1	.	PASS	-	-	.	.	.	.	.	.	.	.	0
truth_stvar	chr1	31289257	31289257	.	1	1	0	1|0	.	.	.	.	.	-	-	no:star_allele	ref	1	.	.	.	0
truth_stvar	chr1	31289257	31289257	.	1	1	0	0|1	.	.	.	.	.	-	-	ref	yes	1	.	.	.	0
truth_smvar	chr1	31289257	31289257	.	1	1,1	0	2|1	.	.	.	.	.	-	-	no:star_allele	no:duplicate_of_stvar	1	.	.	.	0
pangenie	chr1	31289257	31289257	chr1-31289257-SNV->2752899>2752901>2752902-1	1	1	0	0/1	1	.	PASS	-	-	.	.	.	.	.	.	.	.	0
pangenie	chr1	31289263	31289263	chr1-31289263-SNV->2752909>2752911>2752913-1	1	1	0	0/1	1	.	PASS	-	-	.	.	.	.	.	.	.	.	0
truth_stvar	chr1	31289266	31289266	.	1	1	0	1|0	.	.	.	.	.	-	-	no:star_allele	ref	1	.	.	.	0
truth_stvar	chr1	31289266	31289266	.	1	1	0	0|1	.	.	.	.	.	-	-	ref	yes	1	.	.	.	0
truth_smvar	chr1	31289266	31289266	.	1	1,1	0	2|1	.	.	.	.	.	-	-	no:star_allele	no:duplicate_of_stvar	1	.	.	.	0
truth_stvar	chr1	31289272	31289272	.	1	1	0	1|0	.	.	.	.	.	-	-	no:star_allele	ref	1	.	.	.	0
truth_stvar	chr1	31289272	31289272	.	1	1	0	0|1	.	.	.	.	.	-	-	ref	yes	1	.	.	.	0
truth_smvar	chr1	31289272	31289272	.	1	1,1	0	2|1	.	.	.	.	.	-	-	no:star_allele	no:duplicate_of_stvar	1	.	.	.	0
pangenie	chr1	31289272	31289272	chr1-31289272-SNV->2752920>2752922>2752926-1	1	1	0	0/1	1	.	PASS	-	-	.	.	.	.	.	.	.	.	0
pangenie	chr1	31289272	31289407	chr1-31289274-DEL->2752926>2753143-135	136	1	-135	1/0	1	.	PASS	TP	-	.	.	.	.	.	.	.	265.18,265.16	0
truth_stvar	chr1	31289281	31289281	.	1	1	0	1|0	.	.	.	.	.	-	-	no:star_allele	ref	1	.	.	.	0
truth_stvar	chr1	31289281	31289281	.	1	1	0	0|1	.	.	.	.	.	-	-	ref	yes	1	.	.	.	0
truth_smvar	chr1	31289281	31289281	.	1	1,1	0	2|1	.	.	.	.	.	-	-	no:star_allele	no:duplicate_of_stvar	1	.	.	.	0
truth_stvar	chr1	31289299	31289299	.	1	1	0	1|0	.	.	.	.	.	-	-	no:star_allele	ref	1	.	.	.	0
truth_stvar	chr1	31289299	31289299	.	1	1	0	0|1	.	.	.	.	.	-	-	ref	yes	1	.	.	.	0
truth_smvar	chr1	31289299	31289299	.	1	1,1	0	2|1	.	.	.	.	.	-	-	no:star_allele	no:duplicate_of_stvar	1	.	.	.	0
truth_stvar	chr1	31289308	31289308	.	1	1	0	1|0	.	.	.	.	.	-	-	no:star_allele	ref	1	.	.	.	0
truth_stvar	chr1	31289308	31289308	.	1	1	0	0|1	.	.	.	.	.	-	-	ref	yes	1	.	.	.	0
truth_smvar	chr1	31289308	31289308	.	1	1,1	0	2|1	.	.	.	.	.	-	-	no:star_allele	no:duplicate_of_stvar	1	.	.	.	0
truth_stvar	chr1	31289317	31289317	.	1	1	0	1|0	.	.	.	.	.	-	-	no:star_allele	ref	1	.	.	.	0
truth_stvar	chr1	31289317	31289317	.	1	1	0	0|1	.	.	.	.	.	-	-	ref	yes	1	.	.	.	0
truth_smvar	chr1	31289317	31289317	.	1	1,1	0	2|1	.	.	.	.	.	-	-	no:star_allele	no:duplicate_of_stvar	1	.	.	.	0
pangenie	chr1	31289317	31289317	chr1-31289317-SNV->2752964>2752966>2752968-1	1	1	0	0/1	1	.	PASS	-	-	.	.	.	.	.	.	.	.	0
truth_stvar	chr1	31289326	31289326	.	1	1	0	1|0	.	.	.	.	.	-	-	no:star_allele	ref	1	.	.	.	0
truth_stvar	chr1	31289326	31289326	.	1	1	0	0|1	.	.	.	.	.	-	-	ref	yes	1	.	.	.	0
truth_smvar	chr1	31289326	31289326	.	1	1,1	0	2|1	.	.	.	.	.	-	-	no:star_allele	no:duplicate_of_stvar	1	.	.	.	0
pangenie	chr1	31289326	31289326	chr1-31289326-SNV->2752973>2752975>2752978-1	1	1	0	0/1	1	.	PASS	-	-	.	.	.	.	.	.	.	.	0
pangenie	chr1	31289335	31289335	chr1-31289335-SNV->2752978>2752981>2752982-1	1	1	0	0/1	1	.	PASS	-	-	.	.	.	.	.	.	.	.	0
pangenie	chr1	31289335	31289335	chr1-31289405-INS->2753124>2753125>2753127>2753128>2753129>2753131>2753133>2753134>2753136>2753137>2753138>2753139>2753140-351	1	352	351	0/1	1	.	PASS	FP	-	.	.	.	.	.	.	.	265.10,265.17	0
pangenie	chr1	31289343	31289343	chr1-31289343-SNV->2752987>2752992>2752993-1	1	1	0	0/1	1	.	PASS	-	-	.	.	.	.	.	.	.	.	0
pangenie	chr1	31289353	31289353	chr1-31289353-SNV->2753000>2753002>2753004-1	1	1	0	0/1	1	.	PASS	-	-	.	.	.	.	.	.	.	.	0
pangenie	chr1	31289362	31289362	chr1-31289362-SNV->2753010>2753014>2753015-1	1	1	0	0/1	1	.	PASS	-	-	.	.	.	.	.	.	.	.	0
pangenie	chr1	31289371	31289371	chr1-31289371-SNV->2753015>2753018>2753019-1	1	1	0	0/1	1	.	PASS	-	-	.	.	.	.	.	.	.	.	0
pangenie	chr1	31289371	31289371	chr1-31289388-INS->2753029>2753032>2753033>2753034>2753035>2753037>2753038>2753039>2753043>2753044>2753046>2753048>2753049>2753050>2753052>2753054>2753055>2753058>2753059>2753061>2753062>2753063>2753065>2753066>2753068>2753071>2753073>2753075>2753077>2753078>2753080>2753081>2753085>2753086>2753087>2753089>2753091>2753092>2753093>2753094>2753095>2753097>2753098>2753100>2753102>2753104>2753105>2753106>2753108>2753109>2753110-126	1	127	126	0/1	1	.	PASS	FP	-	.	.	.	.	.	.	.	265.18,265.18	0
pangenie	chr1	31289380	31289380	chr1-31289380-SNV->2753023>2753027>2753028-1	1	1	0	0/1	1	.	PASS	-	-	.	.	.	.	.	.	.	.	0
truth_stvar	chr1	31289389	31289389	.	1	10	9	1|0	.	.	.	.	.	-	-	yes	ref	1	.	.	.	0
truth_smvar	chr1	31289389	31289389	.	1	10	9	1|0	.	.	.	.	.	-	-	no:duplicate_of_stvar	ref	1	.	.	.	0
pangenie	chr1	31289398	31289398	chr1-31289398-SNV->2753117>2753120>2753121-1	1	1	0	0/1	1	.	PASS	-	-	.	.	.	.	.	.	.	.	0
