source	chrom	pos	end	id	ref_len	alt_len	len_diff	gt	called	qual	filter	truvari	aardvark	vg_truvari	pg_truvari	applied_h1	applied_h2	in_sv_benchmark	svtype	TRFperiod	MatchId	overlaps_span_edge
vg	chr7	159804597	159822466	>184658175>184754311	17870	1	-17869	1|2	1	1378.03	PASS	FP	-	.	.	.	.	.	.	.	1007.8,1007.0	0
vg	chr7	159804597	159822466	>184658175>184754311	17870	18859	989	1|2	1	1378.03	PASS	FP	-	.	.	.	.	.	.	.	1007.29,1007.2	0
truth_stvar	chr7	159804615	159805148	.	534	1	533	1|0	.	.	.	.	.	FN	FN	yes	ref	1	DEL	90	.	0
truth_smvar	chr7	159804615	159805148	.	534	1	533	1|0	.	.	.	.	.	-	-	no:duplicate_of_stvar	ref	1	.	90	.	0
vg	chr7	159804639	159804853	>184658336>184658453	215	5	-210	.|1	1	146.594	PASS	FP	-	.	.	.	.	.	.	.	1007.20,1007.1	0
truth_stvar	chr7	159804728	159804833	.	106	1	0	1|0	.	.	.	.	.	-	-	no:star_allele	ref	1	DEL	90	.	0
truth_stvar	chr7	159804728	159804833	.	106	1	105	0|1	.	.	.	.	.	FN	FN	ref	yes	1	DEL	90	.	0
truth_smvar	chr7	159804728	159804833	.	106	1,1	105	2|1	.	.	.	.	.	-	-	no:star_allele	no:duplicate_of_stvar	1	.	90	.	0
vg	chr7	159804849	159804849	>184658445>184658448	1	1	0	.|1	1	96.499	PASS	-	-	.	.	.	.	.	.	.	.	0
vg	chr7	159804853	159804853	>184658448>184658452	1	1	0	.|1	1	101.523	PASS	-	-	.	.	.	.	.	.	.	.	0
vg	chr7	159804866	159804866	>184658460>184658464	1	1	0	.|1	1	65.3458	PASS	-	-	.	.	.	.	.	.	.	.	0
vg	chr7	159804869	159804869	>184658464>184658468	1	1	0	.|1	1	93.6181	PASS	-	-	.	.	.	.	.	.	.	.	0
vg	chr7	159804914	159804914	>184658493>184658496	1	1	0	.|1	1	116.258	PASS	-	-	.	.	.	.	.	.	.	.	0
vg	chr7	159804969	159804969	>184658532>184658535	1	1	0	.|1	1	53.1189	PASS	-	-	.	.	.	.	.	.	.	.	0
vg	chr7	159805012	159805335	>184658548>184658669	324	1	-323	.|1	1	12.4268	PASS	TP	-	.	.	.	.	.	.	.	1007.2,1007.3	0
truth_stvar	chr7	159805172	159805172	.	1	1	0	1|0	.	.	.	.	.	-	-	yes	ref	1	.	.	.	0
truth_smvar	chr7	159805172	159805172	.	1	1	0	1|0	.	.	.	.	.	-	-	no:duplicate_of_stvar	ref	1	.	.	.	0
truth_stvar	chr7	159805176	159805176	.	1	1	0	1|0	.	.	.	.	.	-	-	yes	ref	1	.	.	.	0
truth_smvar	chr7	159805176	159805176	.	1	1	0	1|0	.	.	.	.	.	-	-	no:duplicate_of_stvar	ref	1	.	.	.	0
truth_stvar	chr7	159805189	159805189	.	1	1	0	1|0	.	.	.	.	.	-	-	yes	ref	1	.	.	.	0
truth_smvar	chr7	159805189	159805189	.	1	1	0	1|0	.	.	.	.	.	-	-	no:duplicate_of_stvar	ref	1	.	.	.	0
truth_stvar	chr7	159805192	159805192	.	1	1	0	1|0	.	.	.	.	.	-	-	yes	ref	1	.	.	.	0
truth_smvar	chr7	159805192	159805192	.	1	1	0	1|0	.	.	.	.	.	-	-	no:duplicate_of_stvar	ref	1	.	.	.	0
truth_stvar	chr7	159805292	159805292	.	1	1	0	1|0	.	.	.	.	.	-	-	yes	ref	1	.	.	.	0
truth_smvar	chr7	159805292	159805292	.	1	1	0	1|0	.	.	.	.	.	-	-	no:duplicate_of_stvar	ref	1	.	.	.	0
vg	chr7	159805389	159805493	>184658669>184658696	105	1	-104	.|1	1	21.2189	PASS	FP	-	.	.	.	.	.	.	.	1007.1,1007.4	0
truth_stvar	chr7	159805500	159805500	.	1	4	3	0|1	.	.	.	.	.	-	-	ref	yes	1	.	.	.	0
truth_smvar	chr7	159805500	159805500	.	1	4	3	0|1	.	.	.	.	.	-	-	ref	no:duplicate_of_stvar	1	.	.	.	0
vg	chr7	159805520	159805526	>184658701>184658704	7	1	-6	.|1	1	15.3052	PASS	-	-	.	.	.	.	.	.	.	.	0
vg	chr7	159805536	159805536	>184658704>184658707	1	1	0	.|1	1	14.6362	PASS	-	-	.	.	.	.	.	.	.	.	0
vg	chr7	159805539	159805545	>184658709>184658712	7	1	-6	.|1	1	17.689	PASS	-	-	.	.	.	.	.	.	.	.	0
vg	chr7	159805585	159805585	>184658722>184658725	1	1	0	.|1	1	0.119539	PASS	-	-	.	.	.	.	.	.	.	.	0
truth_stvar	chr7	159805653	159805947	.	295	1	294	1|0	.	.	.	.	.	TP	FN	yes	ref	1	DEL	90	.	0
truth_smvar	chr7	159805653	159805947	.	295	1	294	1|0	.	.	.	.	.	-	-	no:duplicate_of_stvar	ref	1	.	90	.	0
truth_stvar	chr7	159805931	159805934	.	4	1	0	1|0	.	.	.	.	.	-	-	no:star_allele	ref	1	.	.	.	0
truth_stvar	chr7	159805931	159805934	.	4	1	3	0|1	.	.	.	.	.	-	-	ref	yes	1	.	.	.	0
truth_smvar	chr7	159805931	159805934	.	4	1,1	3	2|1	.	.	.	.	.	-	-	no:star_allele	no:duplicate_of_stvar	1	.	.	.	0
truth_stvar	chr7	159806049	159806049	.	1	1	0	1|0	.	.	.	.	.	-	-	yes	ref	1	.	.	.	0
truth_smvar	chr7	159806049	159806049	.	1	1	0	1|0	.	.	.	.	.	-	-	no:duplicate_of_stvar	ref	1	.	.	.	0
truth_stvar	chr7	159806191	159806241	.	51	1	50	1|0	.	.	.	.	.	FN	FN	yes	ref	1	DEL	90	.	0
truth_smvar	chr7	159806191	159806241	.	51	1	50	1|0	.	.	.	.	.	-	-	no:duplicate_of_stvar	ref	1	.	90	.	0
truth_stvar	chr7	159806291	159806291	.	1	52	51	1|0	.	.	.	.	.	FN	FN	yes	ref	1	INS	90	.	0
truth_smvar	chr7	159806291	159806291	.	1	52	51	1|0	.	.	.	.	.	-	-	no:duplicate_of_stvar	ref	1	.	90	.	0
truth_stvar	chr7	159806378	159806378	.	1	7	6	1|0	.	.	.	.	.	-	-	yes	ref	1	.	.	.	0
truth_smvar	chr7	159806378	159806378	.	1	7	6	1|0	.	.	.	.	.	-	-	no:duplicate_of_stvar	ref	1	.	.	.	0
truth_stvar	chr7	159806385	159806385	.	1	1	0	1|0	.	.	.	.	.	-	-	yes	ref	1	.	.	.	0
truth_smvar	chr7	159806385	159806385	.	1	1	0	1|0	.	.	.	.	.	-	-	no:duplicate_of_stvar	ref	1	.	.	.	0
vg	chr7	159806385	159806385	>184658960>184659153	1	46	45	.|1	1	73.9778	PASS	-	-	.	.	.	.	.	.	.	.	0
truth_stvar	chr7	159806387	159806387	.	1	1	0	1|0	.	.	.	.	.	-	-	yes	ref	1	.	.	.	0
truth_smvar	chr7	159806387	159806387	.	1	1	0	1|0	.	.	.	.	.	-	-	no:duplicate_of_stvar	ref	1	.	.	.	0
truth_stvar	chr7	159806422	159806425	.	4	1	3	1|0	.	.	.	.	.	-	-	yes	ref	1	.	.	.	0
truth_smvar	chr7	159806422	159806425	.	4	1	3	1|0	.	.	.	.	.	-	-	no:duplicate_of_stvar	ref	1	.	.	.	0
vg	chr7	159806423	159806423	>184659158>184659168	1	1	0	.|1	1	34.9232	PASS	-	-	.	.	.	.	.	.	.	.	0
truth_stvar	chr7	159806430	159806430	.	1	1	0	1|0	.	.	.	.	.	-	-	yes	ref	1	.	.	.	0
truth_smvar	chr7	159806430	159806430	.	1	1	0	1|0	.	.	.	.	.	-	-	no:duplicate_of_stvar	ref	1	.	.	.	0
truth_stvar	chr7	159806431	159806434	.	4	1	3	1|0	.	.	.	.	.	-	-	yes	ref	1	.	.	.	0
truth_smvar	chr7	159806431	159806434	.	4	1	3	1|0	.	.	.	.	.	-	-	no:duplicate_of_stvar	ref	1	.	.	.	0
vg	chr7	159806431	159806434	>184659174>184659195	4	1	-3	.|1	1	62.0121	PASS	-	-	.	.	.	.	.	.	.	.	0
truth_stvar	chr7	159806432	159806435	.	4	1	0	1|0	.	.	.	.	.	-	-	no:star_allele	ref	1	.	.	.	0
truth_stvar	chr7	159806432	159806435	.	4	1	3	0|1	.	.	.	.	.	-	-	ref	yes	1	.	.	.	0
truth_smvar	chr7	159806432	159806435	.	4	1,1	3	2|1	.	.	.	.	.	-	-	no:star_allele	no:duplicate_of_stvar	1	.	.	.	0
vg	chr7	159806437	159806437	>184659195>184660706	1	217	216	.|1	1	44.5685	PASS	FP	-	.	.	.	.	.	.	.	1007.20,1007.6	0
vg	chr7	159806440	159806440	>184659365>184659370	1	1	0	.|1	1	0.167371	PASS	-	-	.	.	.	.	.	.	.	.	0
vg	chr7	159806442	159806442	>184660706>184662002	1	643	642	.|1	1	184.678	PASS	FP	-	.	.	.	.	.	.	.	1007.36,1007.7	0
vg	chr7	159806467	159806467	>184662019>184662029	1	4	3	.|1	1	104.471	PASS	-	-	.	.	.	.	.	.	.	.	0
vg	chr7	159806470	159806470	>184662029>184662033	1	1	0	.|1	1	103.714	PASS	-	-	.	.	.	.	.	.	.	.	0
vg	chr7	159806472	159806472	>184662014>184662713	1	46	45	.|1	1	106.038	PASS	-	-	.	.	.	.	.	.	.	.	0
vg	chr7	159806473	159806473	>184662014>184662713	1	172	171	.|1	1	106.038	PASS	FP	-	.	.	.	.	.	.	.	1007.22,1007.5	0
vg	chr7	159806475	159806475	>184662713>184662716	1	1	0	.|1	1	2.08187	PASS	-	-	.	.	.	.	.	.	.	.	0
truth_stvar	chr7	159806485	159806485	.	1	1	0	1|0	.	.	.	.	.	-	-	yes	ref	1	.	.	.	0
truth_stvar	chr7	159806485	159806914	.	430	1	429	0|1	.	.	.	.	.	FN	FN	ref	yes	1	DEL	90	.	0
truth_smvar	chr7	159806485	159806914	.	430	430,1	429	1|2	.	.	.	.	.	-	-	no:overlaps_applied_stvar	no:duplicate_of_stvar	1	.	.	.	0
vg	chr7	159806492	159806492	>184662742>184662904	1	89	88	.|1	1	15.1066	PASS	TP	-	.	.	.	.	.	.	.	1007.7,1007.8	0
vg	chr7	159806493	159806493	>184662904>184663044	1	45	44	.|1	1	18.6874	PASS	-	-	.	.	.	.	.	.	.	.	0
truth_stvar	chr7	159806509	159806509	.	1	1	0	0|1	.	.	.	.	.	-	-	ref	no:star_allele	1	.	.	.	0
truth_stvar	chr7	159806509	159806509	.	1	58	57	1|0	.	.	.	.	.	FN	FN	yes	ref	1	INS	90	.	0
truth_smvar	chr7	159806509	159806509	.	1	58,1	57	1|2	.	.	.	.	.	-	-	no:duplicate_of_stvar	no:star_allele	1	.	90	.	0
vg	chr7	159806513	159806513	>184663061>184663071	1	4	3	.|1	1	13.7455	PASS	-	-	.	.	.	.	.	.	.	.	0
vg	chr7	159806516	159806516	>184663071>184663273	1	161	160	.|1	1	22.8764	PASS	FP	-	.	.	.	.	.	.	.	1007.28,1007.9	0
truth_stvar	chr7	159806622	159806622	.	1	1	0	0|1	.	.	.	.	.	-	-	ref	no:star_allele	1	.	.	.	0
truth_stvar	chr7	159806622	159806622	.	1	1	0	1|0	.	.	.	.	.	-	-	yes	ref	1	.	.	.	0
truth_smvar	chr7	159806622	159806622	.	1	1,1	0	1|2	.	.	.	.	.	-	-	no:duplicate_of_stvar	no:star_allele	1	.	.	.	0
truth_stvar	chr7	159806635	159806635	.	1	1	0	0|1	.	.	.	.	.	-	-	ref	no:star_allele	1	.	.	.	0
truth_stvar	chr7	159806635	159806635	.	1	79	78	1|0	.	.	.	.	.	TP	FN	yes	ref	1	INS	90	.	0
truth_smvar	chr7	159806635	159806635	.	1	79,1	78	1|2	.	.	.	.	.	-	-	no:duplicate_of_stvar	no:star_allele	1	.	90	.	0
truth_stvar	chr7	159806685	159806685	.	1	1	0	0|1	.	.	.	.	.	-	-	ref	no:star_allele	1	.	.	.	0
truth_stvar	chr7	159806685	159806685	.	1	1	0	1|0	.	.	.	.	.	-	-	yes	ref	1	.	.	.	0
truth_smvar	chr7	159806685	159806685	.	1	1,1	0	1|2	.	.	.	.	.	-	-	no:duplicate_of_stvar	no:star_allele	1	.	.	.	0
truth_stvar	chr7	159806702	159806702	.	1	1	0	0|1	.	.	.	.	.	-	-	ref	no:star_allele	1	.	.	.	0
truth_stvar	chr7	159806702	159806702	.	1	4	3	1|0	.	.	.	.	.	-	-	yes	ref	1	.	.	.	0
truth_smvar	chr7	159806702	159806702	.	1	4,1	3	1|2	.	.	.	.	.	-	-	no:duplicate_of_stvar	no:star_allele	1	.	.	.	0
truth_stvar	chr7	159806712	159806712	.	1	1	0	0|1	.	.	.	.	.	-	-	ref	no:star_allele	1	.	.	.	0
truth_stvar	chr7	159806712	159806712	.	1	1	0	1|0	.	.	.	.	.	-	-	yes	ref	1	.	.	.	0
truth_smvar	chr7	159806712	159806712	.	1	1,1	0	1|2	.	.	.	.	.	-	-	no:duplicate_of_stvar	no:star_allele	1	.	.	.	0
truth_stvar	chr7	159806725	159806725	.	1	1	0	0|1	.	.	.	.	.	-	-	ref	no:star_allele	1	.	.	.	0
truth_stvar	chr7	159806725	159806725	.	1	1	0	1|0	.	.	.	.	.	-	-	yes	ref	1	.	.	.	0
truth_smvar	chr7	159806725	159806725	.	1	1,1	0	1|2	.	.	.	.	.	-	-	no:duplicate_of_stvar	no:star_allele	1	.	.	.	0
truth_stvar	chr7	159806737	159806737	.	1	1	0	0|1	.	.	.	.	.	-	-	ref	no:star_allele	1	.	.	.	0
truth_stvar	chr7	159806737	159806737	.	1	1	0	1|0	.	.	.	.	.	-	-	yes	ref	1	.	.	.	0
truth_smvar	chr7	159806737	159806737	.	1	1,1	0	1|2	.	.	.	.	.	-	-	no:duplicate_of_stvar	no:star_allele	1	.	.	.	0
truth_stvar	chr7	159806744	159806744	.	1	1	0	0|1	.	.	.	.	.	-	-	ref	no:star_allele	1	.	.	.	0
truth_stvar	chr7	159806744	159806744	.	1	1	0	1|0	.	.	.	.	.	-	-	yes	ref	1	.	.	.	0
truth_smvar	chr7	159806744	159806744	.	1	1,1	0	1|2	.	.	.	.	.	-	-	no:duplicate_of_stvar	no:star_allele	1	.	.	.	0
truth_stvar	chr7	159806799	159806799	.	1	1	0	0|1	.	.	.	.	.	-	-	ref	no:star_allele	1	.	.	.	0
truth_stvar	chr7	159806799	159806799	.	1	1	0	1|0	.	.	.	.	.	-	-	yes	ref	1	.	.	.	0
truth_smvar	chr7	159806799	159806799	.	1	1,1	0	1|2	.	.	.	.	.	-	-	no:duplicate_of_stvar	no:star_allele	1	.	.	.	0
truth_stvar	chr7	159806809	159806809	.	1	1	0	0|1	.	.	.	.	.	-	-	ref	no:star_allele	1	.	.	.	0
truth_stvar	chr7	159806809	159806809	.	1	1	0	1|0	.	.	.	.	.	-	-	yes	ref	1	.	.	.	0
truth_smvar	chr7	159806809	159806809	.	1	1,1	0	1|2	.	.	.	.	.	-	-	no:duplicate_of_stvar	no:star_allele	1	.	.	.	0
truth_stvar	chr7	159806812	159806812	.	1	1	0	0|1	.	.	.	.	.	-	-	ref	no:star_allele	1	.	.	.	0
truth_stvar	chr7	159806812	159806812	.	1	1	0	1|0	.	.	.	.	.	-	-	yes	ref	1	.	.	.	0
truth_smvar	chr7	159806812	159806812	.	1	1,1	0	1|2	.	.	.	.	.	-	-	no:duplicate_of_stvar	no:star_allele	1	.	.	.	0
truth_stvar	chr7	159806824	159806824	.	1	1	0	0|1	.	.	.	.	.	-	-	ref	no:star_allele	1	.	.	.	0
truth_stvar	chr7	159806824	159806824	.	1	1	0	1|0	.	.	.	.	.	-	-	yes	ref	1	.	.	.	0
truth_smvar	chr7	159806824	159806824	.	1	1,1	0	1|2	.	.	.	.	.	-	-	no:duplicate_of_stvar	no:star_allele	1	.	.	.	0
truth_stvar	chr7	159806939	159806939	.	1	37	36	1|0	.	.	.	.	.	-	-	yes	ref	1	INS	90	.	0
truth_smvar	chr7	159806939	159806939	.	1	37	36	1|0	.	.	.	.	.	-	-	no:duplicate_of_stvar	ref	1	.	90	.	0
truth_stvar	chr7	159806953	159806956	.	4	1	3	1|0	.	.	.	.	.	-	-	yes	ref	1	.	.	.	0
truth_smvar	chr7	159806953	159806956	.	4	1	3	1|0	.	.	.	.	.	-	-	no:duplicate_of_stvar	ref	1	.	.	.	0
truth_stvar	chr7	159806989	159806989	.	1	1	0	1|0	.	.	.	.	.	-	-	yes	ref	1	.	.	.	0
truth_stvar	chr7	159806989	159806992	.	4	1	3	0|1	.	.	.	.	.	-	-	ref	yes	1	.	.	.	0
truth_smvar	chr7	159806989	159806992	.	4	1,4	3	2|1	.	.	.	.	.	-	-	no:overlaps_applied_stvar	no:duplicate_of_stvar	1	.	.	.	0
truth_stvar	chr7	159807004	159807004	.	1	1	0	1|1	.	.	.	.	.	-	-	yes	yes	1	.	.	.	0
truth_smvar	chr7	159807004	159807004	.	1	1	0	1|1	.	.	.	.	.	-	-	no:duplicate_of_stvar	no:duplicate_of_stvar	1	.	.	.	0
truth_stvar	chr7	159807039	159807039	.	1	1	0	1|0	.	.	.	.	.	-	-	yes	ref	1	.	.	.	0
truth_smvar	chr7	159807039	159807039	.	1	1	0	1|0	.	.	.	.	.	-	-	no:duplicate_of_stvar	ref	1	.	.	.	0
truth_stvar	chr7	159807066	159807072	.	7	1	6	1|0	.	.	.	.	.	-	-	yes	ref	1	.	.	.	0
truth_smvar	chr7	159807066	159807072	.	7	1	6	1|0	.	.	.	.	.	-	-	no:duplicate_of_stvar	ref	1	.	.	.	0
truth_stvar	chr7	159807074	159807074	.	1	1	0	1|0	.	.	.	.	.	-	-	yes	ref	1	.	.	.	0
truth_smvar	chr7	159807074	159807074	.	1	1	0	1|0	.	.	.	.	.	-	-	no:duplicate_of_stvar	ref	1	.	.	.	0
truth_stvar	chr7	159807091	159807094	.	4	1	3	1|0	.	.	.	.	.	-	-	yes	ref	1	.	.	.	0
truth_smvar	chr7	159807091	159807094	.	4	1	3	1|0	.	.	.	.	.	-	-	no:duplicate_of_stvar	ref	1	.	.	.	0
truth_stvar	chr7	159807124	159807127	.	4	1	3	0|1	.	.	.	.	.	-	-	ref	yes	1	.	.	.	0
truth_smvar	chr7	159807124	159807127	.	4	1	3	0|1	.	.	.	.	.	-	-	ref	no:duplicate_of_stvar	1	.	.	.	0
truth_stvar	chr7	159807132	159807138	.	7	1	6	1|0	.	.	.	.	.	-	-	yes	ref	1	.	.	.	0
truth_smvar	chr7	159807132	159807138	.	7	1	6	1|0	.	.	.	.	.	-	-	no:duplicate_of_stvar	ref	1	.	.	.	0
truth_stvar	chr7	159807174	159807174	.	1	1	0	1|0	.	.	.	.	.	-	-	yes	ref	1	.	.	.	0
truth_smvar	chr7	159807174	159807174	.	1	1	0	1|0	.	.	.	.	.	-	-	no:duplicate_of_stvar	ref	1	.	.	.	0
truth_stvar	chr7	159807184	159808636	.	1453	1	1452	0|1	.	.	.	.	.	FN	FN	ref	yes	1	DEL	90	.	0
truth_smvar	chr7	159807184	159808636	.	1453	1	1452	0|1	.	.	.	.	.	-	-	ref	no:duplicate_of_stvar	1	.	90	.	0
truth_stvar	chr7	159807191	159807191	.	1	1	0	0|1	.	.	.	.	.	-	-	ref	no:star_allele	1	.	.	.	0
truth_stvar	chr7	159807191	159807191	.	1	4	3	1|0	.	.	.	.	.	-	-	yes	ref	1	.	.	.	0
truth_smvar	chr7	159807191	159807191	.	1	4,1	3	1|2	.	.	.	.	.	-	-	no:duplicate_of_stvar	no:star_allele	1	.	.	.	0
truth_stvar	chr7	159807201	159807201	.	1	1	0	0|1	.	.	.	.	.	-	-	ref	no:star_allele	1	.	.	.	0
truth_stvar	chr7	159807201	159807201	.	1	1	0	1|0	.	.	.	.	.	-	-	yes	ref	1	.	.	.	0
truth_smvar	chr7	159807201	159807201	.	1	1,1	0	1|2	.	.	.	.	.	-	-	no:duplicate_of_stvar	no:star_allele	1	.	.	.	0
truth_stvar	chr7	159807214	159807214	.	1	1	0	0|1	.	.	.	.	.	-	-	ref	no:star_allele	1	.	.	.	0
truth_stvar	chr7	159807214	159807214	.	1	1	0	1|0	.	.	.	.	.	-	-	yes	ref	1	.	.	.	0
truth_smvar	chr7	159807214	159807214	.	1	1,1	0	1|2	.	.	.	.	.	-	-	no:duplicate_of_stvar	no:star_allele	1	.	.	.	0
truth_stvar	chr7	159807221	159807221	.	1	1	0	0|1	.	.	.	.	.	-	-	ref	no:star_allele	1	.	.	.	0
truth_stvar	chr7	159807221	159807221	.	1	1	0	1|0	.	.	.	.	.	-	-	yes	ref	1	.	.	.	0
truth_smvar	chr7	159807221	159807221	.	1	1,1	0	1|2	.	.	.	.	.	-	-	no:duplicate_of_stvar	no:star_allele	1	.	.	.	0
truth_stvar	chr7	159807226	159807226	.	1	1	0	0|1	.	.	.	.	.	-	-	ref	no:star_allele	1	.	.	.	0
truth_stvar	chr7	159807226	159807226	.	1	1	0	1|0	.	.	.	.	.	-	-	yes	ref	1	.	.	.	0
truth_smvar	chr7	159807226	159807226	.	1	1,1	0	1|2	.	.	.	.	.	-	-	no:duplicate_of_stvar	no:star_allele	1	.	.	.	0
truth_stvar	chr7	159807243	159807243	.	1	1	0	0|1	.	.	.	.	.	-	-	ref	no:star_allele	1	.	.	.	0
truth_stvar	chr7	159807243	159807243	.	1	1	0	1|0	.	.	.	.	.	-	-	yes	ref	1	.	.	.	0
truth_smvar	chr7	159807243	159807243	.	1	1,1	0	1|2	.	.	.	.	.	-	-	no:duplicate_of_stvar	no:star_allele	1	.	.	.	0
truth_stvar	chr7	159807253	159807253	.	1	1	0	0|1	.	.	.	.	.	-	-	ref	no:star_allele	1	.	.	.	0
truth_stvar	chr7	159807253	159807253	.	1	1	0	1|0	.	.	.	.	.	-	-	yes	ref	1	.	.	.	0
truth_smvar	chr7	159807253	159807253	.	1	1,1	0	1|2	.	.	.	.	.	-	-	no:duplicate_of_stvar	no:star_allele	1	.	.	.	0
truth_stvar	chr7	159807256	159807256	.	1	1	0	0|1	.	.	.	.	.	-	-	ref	no:star_allele	1	.	.	.	0
truth_stvar	chr7	159807256	159807256	.	1	1	0	1|0	.	.	.	.	.	-	-	yes	ref	1	.	.	.	0
truth_smvar	chr7	159807256	159807256	.	1	1,1	0	1|2	.	.	.	.	.	-	-	no:duplicate_of_stvar	no:star_allele	1	.	.	.	0
truth_stvar	chr7	159807285	159807285	.	1	1	0	0|1	.	.	.	.	.	-	-	ref	no:star_allele	1	.	.	.	0
truth_stvar	chr7	159807285	159807285	.	1	1	0	1|0	.	.	.	.	.	-	-	yes	ref	1	.	.	.	0
truth_smvar	chr7	159807285	159807285	.	1	1,1	0	1|2	.	.	.	.	.	-	-	no:duplicate_of_stvar	no:star_allele	1	.	.	.	0
truth_stvar	chr7	159807290	159807290	.	1	1	0	0|1	.	.	.	.	.	-	-	ref	no:star_allele	1	.	.	.	0
truth_stvar	chr7	159807290	159807290	.	1	4	3	1|0	.	.	.	.	.	-	-	yes	ref	1	.	.	.	0
truth_smvar	chr7	159807290	159807290	.	1	4,1	3	1|2	.	.	.	.	.	-	-	no:duplicate_of_stvar	no:star_allele	1	.	.	.	0
truth_stvar	chr7	159807424	159807424	.	1	1	0	0|1	.	.	.	.	.	-	-	ref	no:star_allele	1	.	.	.	0
truth_stvar	chr7	159807424	159807424	.	1	13	12	1|0	.	.	.	.	.	-	-	yes	ref	1	.	.	.	0
truth_smvar	chr7	159807424	159807424	.	1	13,1	12	1|2	.	.	.	.	.	-	-	no:duplicate_of_stvar	no:star_allele	1	.	.	.	0
truth_stvar	chr7	159807430	159807430	.	1	1	0	0|1	.	.	.	.	.	-	-	ref	no:star_allele	1	.	.	.	0
truth_stvar	chr7	159807430	159807430	.	1	1	0	1|0	.	.	.	.	.	-	-	yes	ref	1	.	.	.	0
truth_smvar	chr7	159807430	159807430	.	1	1,1	0	1|2	.	.	.	.	.	-	-	no:duplicate_of_stvar	no:star_allele	1	.	.	.	0
truth_stvar	chr7	159807510	159807510	.	1	1	0	0|1	.	.	.	.	.	-	-	ref	no:star_allele	1	.	.	.	0
truth_stvar	chr7	159807510	159807510	.	1	1	0	1|0	.	.	.	.	.	-	-	yes	ref	1	.	.	.	0
truth_smvar	chr7	159807510	159807510	.	1	1,1	0	1|2	.	.	.	.	.	-	-	no:duplicate_of_stvar	no:star_allele	1	.	.	.	0
truth_stvar	chr7	159807520	159807520	.	1	1	0	0|1	.	.	.	.	.	-	-	ref	no:star_allele	1	.	.	.	0
truth_stvar	chr7	159807520	159807520	.	1	1	0	1|0	.	.	.	.	.	-	-	yes	ref	1	.	.	.	0
truth_smvar	chr7	159807520	159807520	.	1	1,1	0	1|2	.	.	.	.	.	-	-	no:duplicate_of_stvar	no:star_allele	1	.	.	.	0
truth_stvar	chr7	159807685	159807688	.	4	1	0	0|1	.	.	.	.	.	-	-	ref	no:star_allele	1	.	.	.	0
truth_stvar	chr7	159807685	159807688	.	4	1	3	1|0	.	.	.	.	.	-	-	yes	ref	1	.	.	.	0
truth_smvar	chr7	159807685	159807688	.	4	1,1	3	1|2	.	.	.	.	.	-	-	no:duplicate_of_stvar	no:star_allele	1	.	.	.	0
truth_stvar	chr7	159807820	159807820	.	1	1	0	0|1	.	.	.	.	.	-	-	ref	no:star_allele	1	.	.	.	0
truth_stvar	chr7	159807820	159807820	.	1	1	0	1|0	.	.	.	.	.	-	-	yes	ref	1	.	.	.	0
truth_smvar	chr7	159807820	159807820	.	1	1,1	0	1|2	.	.	.	.	.	-	-	no:duplicate_of_stvar	no:star_allele	1	.	.	.	0
truth_stvar	chr7	159807835	159807835	.	1	1	0	0|1	.	.	.	.	.	-	-	ref	no:star_allele	1	.	.	.	0
truth_stvar	chr7	159807835	159807835	.	1	1	0	1|0	.	.	.	.	.	-	-	yes	ref	1	.	.	.	0
truth_smvar	chr7	159807835	159807835	.	1	1,1	0	1|2	.	.	.	.	.	-	-	no:duplicate_of_stvar	no:star_allele	1	.	.	.	0
truth_stvar	chr7	159807915	159807915	.	1	1	0	0|1	.	.	.	.	.	-	-	ref	no:star_allele	1	.	.	.	0
truth_stvar	chr7	159807915	159807915	.	1	1	0	1|0	.	.	.	.	.	-	-	yes	ref	1	.	.	.	0
truth_smvar	chr7	159807915	159807915	.	1	1,1	0	1|2	.	.	.	.	.	-	-	no:duplicate_of_stvar	no:star_allele	1	.	.	.	0
truth_stvar	chr7	159807925	159807925	.	1	1	0	0|1	.	.	.	.	.	-	-	ref	no:star_allele	1	.	.	.	0
truth_stvar	chr7	159807925	159807925	.	1	1	0	1|0	.	.	.	.	.	-	-	yes	ref	1	.	.	.	0
truth_smvar	chr7	159807925	159807925	.	1	1,1	0	1|2	.	.	.	.	.	-	-	no:duplicate_of_stvar	no:star_allele	1	.	.	.	0
truth_stvar	chr7	159807937	159807937	.	1	1	0	0|1	.	.	.	.	.	-	-	ref	no:star_allele	1	.	.	.	0
truth_stvar	chr7	159807937	159807937	.	1	1	0	1|0	.	.	.	.	.	-	-	yes	ref	1	.	.	.	0
truth_smvar	chr7	159807937	159807937	.	1	1,1	0	1|2	.	.	.	.	.	-	-	no:duplicate_of_stvar	no:star_allele	1	.	.	.	0
truth_stvar	chr7	159807955	159807958	.	4	1	0	0|1	.	.	.	.	.	-	-	ref	no:star_allele	1	.	.	.	0
truth_stvar	chr7	159807955	159807958	.	4	1	3	1|0	.	.	.	.	.	-	-	yes	ref	1	.	.	.	0
truth_smvar	chr7	159807955	159807958	.	4	1,1	3	1|2	.	.	.	.	.	-	-	no:duplicate_of_stvar	no:star_allele	1	.	.	.	0
truth_stvar	chr7	159808005	159808005	.	1	1	0	0|1	.	.	.	.	.	-	-	ref	no:star_allele	1	.	.	.	0
truth_stvar	chr7	159808005	159808005	.	1	1	0	1|0	.	.	.	.	.	-	-	yes	ref	1	.	.	.	0
truth_smvar	chr7	159808005	159808005	.	1	1,1	0	1|2	.	.	.	.	.	-	-	no:duplicate_of_stvar	no:star_allele	1	.	.	.	0
truth_stvar	chr7	159808045	159808048	.	4	1	0	0|1	.	.	.	.	.	-	-	ref	no:star_allele	1	.	.	.	0
truth_stvar	chr7	159808045	159808048	.	4	1	3	1|0	.	.	.	.	.	-	-	yes	ref	1	.	.	.	0
truth_smvar	chr7	159808045	159808048	.	4	1,1	3	1|2	.	.	.	.	.	-	-	no:duplicate_of_stvar	no:star_allele	1	.	.	.	0
truth_stvar	chr7	159808090	159808090	.	1	1	0	0|1	.	.	.	.	.	-	-	ref	no:star_allele	1	.	.	.	0
truth_stvar	chr7	159808090	159808090	.	1	1	0	1|0	.	.	.	.	.	-	-	yes	ref	1	.	.	.	0
truth_smvar	chr7	159808090	159808090	.	1	1,1	0	1|2	.	.	.	.	.	-	-	no:duplicate_of_stvar	no:star_allele	1	.	.	.	0
truth_stvar	chr7	159808135	159808135	.	1	1	0	0|1	.	.	.	.	.	-	-	ref	no:star_allele	1	.	.	.	0
truth_stvar	chr7	159808135	159808135	.	1	1	0	1|0	.	.	.	.	.	-	-	yes	ref	1	.	.	.	0
truth_smvar	chr7	159808135	159808135	.	1	1,1	0	1|2	.	.	.	.	.	-	-	no:duplicate_of_stvar	no:star_allele	1	.	.	.	0
truth_stvar	chr7	159808140	159808140	.	1	1	0	0|1	.	.	.	.	.	-	-	ref	no:star_allele	1	.	.	.	0
truth_stvar	chr7	159808140	159808140	.	1	1	0	1|0	.	.	.	.	.	-	-	yes	ref	1	.	.	.	0
truth_smvar	chr7	159808140	159808140	.	1	1,1	0	1|2	.	.	.	.	.	-	-	no:duplicate_of_stvar	no:star_allele	1	.	.	.	0
truth_stvar	chr7	159808180	159808180	.	1	1	0	0|1	.	.	.	.	.	-	-	ref	no:star_allele	1	.	.	.	0
truth_stvar	chr7	159808180	159808180	.	1	1	0	1|0	.	.	.	.	.	-	-	yes	ref	1	.	.	.	0
truth_smvar	chr7	159808180	159808180	.	1	1,1	0	1|2	.	.	.	.	.	-	-	no:duplicate_of_stvar	no:star_allele	1	.	.	.	0
truth_stvar	chr7	159808195	159808195	.	1	1	0	0|1	.	.	.	.	.	-	-	ref	no:star_allele	1	.	.	.	0
truth_stvar	chr7	159808195	159808195	.	1	307	306	1|0	.	.	.	.	.	FN	FN	yes	ref	1	INS	90	.	0
truth_smvar	chr7	159808195	159808195	.	1	307,1	306	1|2	.	.	.	.	.	-	-	no:duplicate_of_stvar	no:star_allele	1	.	90	.	0
truth_stvar	chr7	159808240	159808240	.	1	1	0	0|1	.	.	.	.	.	-	-	ref	no:star_allele	1	.	.	.	0
truth_stvar	chr7	159808240	159808240	.	1	1	0	1|0	.	.	.	.	.	-	-	yes	ref	1	.	.	.	0
truth_smvar	chr7	159808240	159808240	.	1	1,1	0	1|2	.	.	.	.	.	-	-	no:duplicate_of_stvar	no:star_allele	1	.	.	.	0
truth_stvar	chr7	159808414	159808414	.	1	1	0	0|1	.	.	.	.	.	-	-	ref	no:star_allele	1	.	.	.	0
truth_stvar	chr7	159808414	159808414	.	1	4	3	1|0	.	.	.	.	.	-	-	yes	ref	1	.	.	.	0
truth_smvar	chr7	159808414	159808414	.	1	4,1	3	1|2	.	.	.	.	.	-	-	no:duplicate_of_stvar	no:star_allele	1	.	.	.	0
truth_stvar	chr7	159808444	159808447	.	4	1	0	0|1	.	.	.	.	.	-	-	ref	no:star_allele	1	.	.	.	0
truth_stvar	chr7	159808444	159808447	.	4	1	3	1|0	.	.	.	.	.	-	-	yes	ref	1	.	.	.	0
truth_smvar	chr7	159808444	159808447	.	4	1,1	3	1|2	.	.	.	.	.	-	-	no:duplicate_of_stvar	no:star_allele	1	.	.	.	0
truth_stvar	chr7	159808459	159808459	.	1	1	0	0|1	.	.	.	.	.	-	-	ref	no:star_allele	1	.	.	.	0
truth_stvar	chr7	159808459	159808459	.	1	1	0	1|0	.	.	.	.	.	-	-	yes	ref	1	.	.	.	0
truth_smvar	chr7	159808459	159808459	.	1	1,1	0	1|2	.	.	.	.	.	-	-	no:duplicate_of_stvar	no:star_allele	1	.	.	.	0
truth_stvar	chr7	159808534	159808537	.	4	1	0	0|1	.	.	.	.	.	-	-	ref	no:star_allele	1	.	.	.	0
truth_stvar	chr7	159808534	159808537	.	4	1	3	1|0	.	.	.	.	.	-	-	yes	ref	1	.	.	.	0
truth_smvar	chr7	159808534	159808537	.	4	1,1	3	1|2	.	.	.	.	.	-	-	no:duplicate_of_stvar	no:star_allele	1	.	.	.	0
truth_stvar	chr7	159808629	159808629	.	1	1	0	0|1	.	.	.	.	.	-	-	ref	no:star_allele	1	.	.	.	0
truth_stvar	chr7	159808629	159808629	.	1	1	0	1|0	.	.	.	.	.	-	-	yes	ref	1	.	.	.	0
truth_smvar	chr7	159808629	159808629	.	1	1,1	0	1|2	.	.	.	.	.	-	-	no:duplicate_of_stvar	no:star_allele	1	.	.	.	0
truth_stvar	chr7	159808630	159808630	.	1	1	0	0|1	.	.	.	.	.	-	-	ref	no:star_allele	1	.	.	.	0
truth_stvar	chr7	159808630	159808630	.	1	1	0	1|0	.	.	.	.	.	-	-	yes	ref	1	.	.	.	0
truth_smvar	chr7	159808630	159808630	.	1	1,1	0	1|2	.	.	.	.	.	-	-	no:duplicate_of_stvar	no:star_allele	1	.	.	.	0
truth_stvar	chr7	159808632	159808632	.	1	1	0	0|1	.	.	.	.	.	-	-	ref	no:star_allele	1	.	.	.	0
truth_stvar	chr7	159808632	159808632	.	1	1	0	1|0	.	.	.	.	.	-	-	yes	ref	1	.	.	.	0
truth_smvar	chr7	159808632	159808632	.	1	1,1	0	1|2	.	.	.	.	.	-	-	no:duplicate_of_stvar	no:star_allele	1	.	.	.	0
truth_stvar	chr7	159808633	159808633	.	1	1	0	0|1	.	.	.	.	.	-	-	ref	no:star_allele	1	.	.	.	0
truth_stvar	chr7	159808633	159808633	.	1	1	0	1|0	.	.	.	.	.	-	-	yes	ref	1	.	.	.	0
truth_smvar	chr7	159808633	159808633	.	1	1,1	0	1|2	.	.	.	.	.	-	-	no:duplicate_of_stvar	no:star_allele	1	.	.	.	0
truth_stvar	chr7	159808667	159808667	.	1	1	0	1|0	.	.	.	.	.	-	-	yes	ref	1	.	.	.	0
truth_smvar	chr7	159808667	159808667	.	1	1	0	1|0	.	.	.	.	.	-	-	no:duplicate_of_stvar	ref	1	.	.	.	0
truth_stvar	chr7	159808698	159808698	.	1	7	6	1|0	.	.	.	.	.	-	-	yes	ref	1	.	.	.	0
truth_smvar	chr7	159808698	159808698	.	1	7	6	1|0	.	.	.	.	.	-	-	no:duplicate_of_stvar	ref	1	.	.	.	0
truth_stvar	chr7	159808700	159808700	.	1	1	0	1|0	.	.	.	.	.	-	-	yes	ref	1	.	.	.	0
truth_smvar	chr7	159808700	159808700	.	1	1	0	1|0	.	.	.	.	.	-	-	no:duplicate_of_stvar	ref	1	.	.	.	0
truth_stvar	chr7	159808710	159808710	.	1	1	0	1|0	.	.	.	.	.	-	-	yes	ref	1	.	.	.	0
truth_smvar	chr7	159808710	159808710	.	1	1	0	1|0	.	.	.	.	.	-	-	no:duplicate_of_stvar	ref	1	.	.	.	0
truth_stvar	chr7	159808713	159808713	.	1	4	3	1|0	.	.	.	.	.	-	-	yes	ref	1	.	.	.	0
truth_smvar	chr7	159808713	159808713	.	1	4	3	1|0	.	.	.	.	.	-	-	no:duplicate_of_stvar	ref	1	.	.	.	0
truth_stvar	chr7	159808747	159808750	.	4	1	3	1|0	.	.	.	.	.	-	-	yes	ref	1	.	.	.	0
truth_smvar	chr7	159808747	159808750	.	4	1	3	1|0	.	.	.	.	.	-	-	no:duplicate_of_stvar	ref	1	.	.	.	0
truth_stvar	chr7	159808748	159808748	.	1	1	0	1|0	.	.	.	.	.	-	-	no:star_allele	ref	1	.	.	.	0
truth_stvar	chr7	159808748	159808748	.	1	1	0	0|1	.	.	.	.	.	-	-	ref	yes	1	.	.	.	0
truth_smvar	chr7	159808748	159808748	.	1	1,1	0	2|1	.	.	.	.	.	-	-	no:star_allele	no:duplicate_of_stvar	1	.	.	.	0
truth_stvar	chr7	159808750	159808882	.	133	1	0	1|0	.	.	.	.	.	-	-	no:star_allele	ref	1	DEL	90	.	0
truth_stvar	chr7	159808750	159808882	.	133	1	132	0|1	.	.	.	.	.	FN	FN	ref	yes	1	DEL	90	.	0
truth_smvar	chr7	159808750	159808882	.	133	1,1	132	2|1	.	.	.	.	.	-	-	no:star_allele	no:duplicate_of_stvar	1	.	90	.	0
truth_stvar	chr7	159808779	159808779	.	1	1	0	0|1	.	.	.	.	.	-	-	ref	no:star_allele	1	.	.	.	0
truth_stvar	chr7	159808779	159808779	.	1	7	6	1|0	.	.	.	.	.	-	-	yes	ref	1	.	.	.	0
truth_smvar	chr7	159808779	159808779	.	1	7,1	6	1|2	.	.	.	.	.	-	-	no:duplicate_of_stvar	no:star_allele	1	.	.	.	0
truth_stvar	chr7	159808781	159808781	.	1	1	0	0|1	.	.	.	.	.	-	-	ref	no:star_allele	1	.	.	.	0
truth_stvar	chr7	159808781	159808781	.	1	1	0	1|0	.	.	.	.	.	-	-	yes	ref	1	.	.	.	0
truth_smvar	chr7	159808781	159808781	.	1	1,1	0	1|2	.	.	.	.	.	-	-	no:duplicate_of_stvar	no:star_allele	1	.	.	.	0
truth_stvar	chr7	159808791	159808791	.	1	1	0	0|1	.	.	.	.	.	-	-	ref	no:star_allele	1	.	.	.	0
truth_stvar	chr7	159808791	159808791	.	1	1	0	1|0	.	.	.	.	.	-	-	yes	ref	1	.	.	.	0
truth_smvar	chr7	159808791	159808791	.	1	1,1	0	1|2	.	.	.	.	.	-	-	no:duplicate_of_stvar	no:star_allele	1	.	.	.	0
truth_stvar	chr7	159808794	159808794	.	1	1	0	0|1	.	.	.	.	.	-	-	ref	no:star_allele	1	.	.	.	0
truth_stvar	chr7	159808794	159808794	.	1	4	3	1|0	.	.	.	.	.	-	-	yes	ref	1	.	.	.	0
truth_smvar	chr7	159808794	159808794	.	1	4,1	3	1|2	.	.	.	.	.	-	-	no:duplicate_of_stvar	no:star_allele	1	.	.	.	0
truth_stvar	chr7	159808828	159808828	.	1	1	0	0|1	.	.	.	.	.	-	-	ref	no:star_allele	1	.	.	.	0
truth_stvar	chr7	159808828	159808828	.	1	1	0	1|0	.	.	.	.	.	-	-	yes	ref	1	.	.	.	0
truth_smvar	chr7	159808828	159808828	.	1	1,1	0	1|2	.	.	.	.	.	-	-	no:duplicate_of_stvar	no:star_allele	1	.	.	.	0
truth_stvar	chr7	159808831	159808831	.	1	1	0	0|1	.	.	.	.	.	-	-	ref	no:star_allele	1	.	.	.	0
truth_stvar	chr7	159808831	159808831	.	1	1	0	1|0	.	.	.	.	.	-	-	yes	ref	1	.	.	.	0
truth_smvar	chr7	159808831	159808831	.	1	1,1	0	1|2	.	.	.	.	.	-	-	no:duplicate_of_stvar	no:star_allele	1	.	.	.	0
truth_stvar	chr7	159808843	159808843	.	1	1	0	0|1	.	.	.	.	.	-	-	ref	no:star_allele	1	.	.	.	0
truth_stvar	chr7	159808843	159808843	.	1	46	45	1|0	.	.	.	.	.	-	-	yes	ref	1	INS	90	.	0
truth_smvar	chr7	159808843	159808843	.	1	46,1	45	1|2	.	.	.	.	.	-	-	no:duplicate_of_stvar	no:star_allele	1	.	90	.	0
truth_stvar	chr7	159808878	159808878	.	1	1	0	0|1	.	.	.	.	.	-	-	ref	no:star_allele	1	.	.	.	0
truth_stvar	chr7	159808878	159808878	.	1	1	0	1|0	.	.	.	.	.	-	-	yes	ref	1	.	.	.	0
truth_smvar	chr7	159808878	159808878	.	1	1,1	0	1|2	.	.	.	.	.	-	-	no:duplicate_of_stvar	no:star_allele	1	.	.	.	0
truth_stvar	chr7	159808888	159808888	.	1	1	0	0|1	.	.	.	.	.	-	-	ref	yes	1	.	.	.	0
truth_smvar	chr7	159808888	159808888	.	1	1	0	0|1	.	.	.	.	.	-	-	ref	no:duplicate_of_stvar	1	.	.	.	0
truth_stvar	chr7	159808916	159808916	.	1	4	3	0|1	.	.	.	.	.	-	-	ref	yes	1	.	.	.	0
truth_smvar	chr7	159808916	159808916	.	1	4	3	0|1	.	.	.	.	.	-	-	ref	no:duplicate_of_stvar	1	.	.	.	0
truth_stvar	chr7	159808918	159808918	.	1	1	0	1|0	.	.	.	.	.	-	-	yes	ref	1	.	.	.	0
truth_smvar	chr7	159808918	159808918	.	1	1	0	1|0	.	.	.	.	.	-	-	no:duplicate_of_stvar	ref	1	.	.	.	0
truth_stvar	chr7	159808930	159808930	.	1	1	0	1|1	.	.	.	.	.	-	-	yes	yes	1	.	.	.	0
truth_smvar	chr7	159808930	159808930	.	1	1	0	1|1	.	.	.	.	.	-	-	no:duplicate_of_stvar	no:duplicate_of_stvar	1	.	.	.	0
truth_stvar	chr7	159809005	159809005	.	1	1	0	0|1	.	.	.	.	.	-	-	ref	yes	1	.	.	.	0
truth_stvar	chr7	159809005	159809008	.	4	1	3	1|0	.	.	.	.	.	-	-	yes	ref	1	.	.	.	0
truth_smvar	chr7	159809005	159809008	.	4	1,4	3	1|2	.	.	.	.	.	-	-	no:duplicate_of_stvar	no:overlaps_applied_stvar	1	.	.	.	0
truth_stvar	chr7	159809010	159809010	.	1	1	0	0|1	.	.	.	.	.	-	-	ref	yes	1	.	.	.	0
truth_smvar	chr7	159809010	159809010	.	1	1	0	0|1	.	.	.	.	.	-	-	ref	no:duplicate_of_stvar	1	.	.	.	0
truth_stvar	chr7	159809020	159809020	.	1	1	0	0|1	.	.	.	.	.	-	-	ref	yes	1	.	.	.	0
truth_smvar	chr7	159809020	159809020	.	1	1	0	0|1	.	.	.	.	.	-	-	ref	no:duplicate_of_stvar	1	.	.	.	0
truth_stvar	chr7	159809053	159809053	.	1	40	39	1|0	.	.	.	.	.	-	-	yes	ref	1	INS	90	.	0
truth_smvar	chr7	159809053	159809053	.	1	40	39	1|0	.	.	.	.	.	-	-	no:duplicate_of_stvar	ref	1	.	90	.	0
truth_stvar	chr7	159809095	159809095	.	1	1	0	0|1	.	.	.	.	.	-	-	ref	yes	1	.	.	.	0
truth_smvar	chr7	159809095	159809095	.	1	1	0	0|1	.	.	.	.	.	-	-	ref	no:duplicate_of_stvar	1	.	.	.	0
truth_stvar	chr7	159809124	159809130	.	7	1	6	0|1	.	.	.	.	.	-	-	ref	yes	1	.	.	.	0
truth_smvar	chr7	159809124	159809130	.	7	1	6	0|1	.	.	.	.	.	-	-	ref	no:duplicate_of_stvar	1	.	.	.	0
truth_stvar	chr7	159809132	159809132	.	1	1	0	0|1	.	.	.	.	.	-	-	ref	yes	1	.	.	.	0
truth_smvar	chr7	159809132	159809132	.	1	1	0	0|1	.	.	.	.	.	-	-	ref	no:duplicate_of_stvar	1	.	.	.	0
truth_stvar	chr7	159809142	159809142	.	1	1	0	1|0	.	.	.	.	.	-	-	yes	ref	1	.	.	.	0
truth_smvar	chr7	159809142	159809142	.	1	1	0	1|0	.	.	.	.	.	-	-	no:duplicate_of_stvar	ref	1	.	.	.	0
truth_stvar	chr7	159809146	159809146	.	1	1	0	0|1	.	.	.	.	.	-	-	ref	yes	1	.	.	.	0
truth_smvar	chr7	159809146	159809146	.	1	1	0	0|1	.	.	.	.	.	-	-	ref	no:duplicate_of_stvar	1	.	.	.	0
truth_stvar	chr7	159809194	159809194	.	1	1	0	0|1	.	.	.	.	.	-	-	ref	yes	1	.	.	.	0
truth_smvar	chr7	159809194	159809194	.	1	1	0	0|1	.	.	.	.	.	-	-	ref	no:duplicate_of_stvar	1	.	.	.	0
truth_stvar	chr7	159809224	159809224	.	1	1	0	1|1	.	.	.	.	.	-	-	yes	yes	1	.	.	.	0
truth_smvar	chr7	159809224	159809224	.	1	1	0	1|1	.	.	.	.	.	-	-	no:duplicate_of_stvar	no:duplicate_of_stvar	1	.	.	.	0
truth_stvar	chr7	159809239	159809239	.	1	1	0	1|0	.	.	.	.	.	-	-	yes	ref	1	.	.	.	0
truth_smvar	chr7	159809239	159809239	.	1	1	0	1|0	.	.	.	.	.	-	-	no:duplicate_of_stvar	ref	1	.	.	.	0
truth_stvar	chr7	159809272	159809272	.	1	1	0	1|0	.	.	.	.	.	-	-	yes	ref	1	.	.	.	0
truth_smvar	chr7	159809272	159809272	.	1	1	0	1|0	.	.	.	.	.	-	-	no:duplicate_of_stvar	ref	1	.	.	.	0
truth_stvar	chr7	159809284	159809284	.	1	1	0	0|1	.	.	.	.	.	-	-	ref	yes	1	.	.	.	0
truth_smvar	chr7	159809284	159809284	.	1	1	0	0|1	.	.	.	.	.	-	-	ref	no:duplicate_of_stvar	1	.	.	.	0
truth_stvar	chr7	159809306	159809477	.	172	1	171	0|1	.	.	.	.	.	FN	FN	ref	yes	1	DEL	90	.	0
truth_smvar	chr7	159809306	159809477	.	172	1	171	0|1	.	.	.	.	.	-	-	ref	no:duplicate_of_stvar	1	.	90	.	0
truth_stvar	chr7	159809317	159809317	.	1	1	0	0|1	.	.	.	.	.	-	-	ref	no:star_allele	1	.	.	.	0
truth_stvar	chr7	159809317	159809317	.	1	88	87	1|0	.	.	.	.	.	FN	FN	yes	ref	1	INS	90	.	0
truth_smvar	chr7	159809317	159809317	.	1	88,1	87	1|2	.	.	.	.	.	-	-	no:duplicate_of_stvar	no:star_allele	1	.	90	.	0
truth_stvar	chr7	159809433	159809433	.	1	1	0	0|1	.	.	.	.	.	-	-	ref	no:star_allele	1	.	.	.	0
truth_stvar	chr7	159809433	159809433	.	1	7	6	1|0	.	.	.	.	.	-	-	yes	ref	1	.	.	.	0
truth_smvar	chr7	159809433	159809433	.	1	7,1	6	1|2	.	.	.	.	.	-	-	no:duplicate_of_stvar	no:star_allele	1	.	.	.	0
truth_stvar	chr7	159809435	159809435	.	1	1	0	0|1	.	.	.	.	.	-	-	ref	no:star_allele	1	.	.	.	0
truth_stvar	chr7	159809435	159809435	.	1	1	0	1|0	.	.	.	.	.	-	-	yes	ref	1	.	.	.	0
truth_smvar	chr7	159809435	159809435	.	1	1,1	0	1|2	.	.	.	.	.	-	-	no:duplicate_of_stvar	no:star_allele	1	.	.	.	0
truth_stvar	chr7	159809445	159809445	.	1	1	0	0|1	.	.	.	.	.	-	-	ref	no:star_allele	1	.	.	.	0
truth_stvar	chr7	159809445	159809445	.	1	1	0	1|0	.	.	.	.	.	-	-	yes	ref	1	.	.	.	0
truth_smvar	chr7	159809445	159809445	.	1	1,1	0	1|2	.	.	.	.	.	-	-	no:duplicate_of_stvar	no:star_allele	1	.	.	.	0
truth_stvar	chr7	159809448	159809448	.	1	1	0	0|1	.	.	.	.	.	-	-	ref	no:star_allele	1	.	.	.	0
truth_stvar	chr7	159809448	159809448	.	1	4	3	1|0	.	.	.	.	.	-	-	yes	ref	1	.	.	.	0
truth_smvar	chr7	159809448	159809448	.	1	4,1	3	1|2	.	.	.	.	.	-	-	no:duplicate_of_stvar	no:star_allele	1	.	.	.	0
truth_stvar	chr7	159809452	159809452	.	1	1	0	0|1	.	.	.	.	.	-	-	ref	no:star_allele	1	.	.	.	0
truth_stvar	chr7	159809452	159809452	.	1	1	0	1|0	.	.	.	.	.	-	-	yes	ref	1	.	.	.	0
truth_smvar	chr7	159809452	159809452	.	1	1,1	0	1|2	.	.	.	.	.	-	-	no:duplicate_of_stvar	no:star_allele	1	.	.	.	0
truth_stvar	chr7	159809477	159809477	.	1	1	0	0|1	.	.	.	.	.	-	-	ref	no:star_allele	1	.	.	.	0
truth_stvar	chr7	159809477	159809477	.	1	43	42	1|0	.	.	.	.	.	-	-	yes	ref	1	INS	90	.	0
truth_smvar	chr7	159809477	159809477	.	1	43,1	42	1|2	.	.	.	.	.	-	-	no:duplicate_of_stvar	no:star_allele	1	.	90	.	0
truth_stvar	chr7	159809497	159809497	.	1	1	0	1|0	.	.	.	.	.	-	-	yes	ref	1	.	.	.	0
truth_smvar	chr7	159809497	159809497	.	1	1	0	1|0	.	.	.	.	.	-	-	no:duplicate_of_stvar	ref	1	.	.	.	0
truth_stvar	chr7	159809569	159809569	.	1	1	0	0|1	.	.	.	.	.	-	-	ref	yes	1	.	.	.	0
truth_stvar	chr7	159809569	159809569	.	1	4	3	1|0	.	.	.	.	.	-	-	yes	ref	1	.	.	.	0
truth_smvar	chr7	159809569	159809569	.	1	1,4	3	2|1	.	.	.	.	.	-	-	no:duplicate_of_stvar	no:duplicate_of_stvar	1	.	.	.	0
truth_stvar	chr7	159809614	159809617	.	4	1	3	0|1	.	.	.	.	.	-	-	ref	yes	1	.	.	.	0
truth_smvar	chr7	159809614	159809617	.	4	1	3	0|1	.	.	.	.	.	-	-	ref	no:duplicate_of_stvar	1	.	.	.	0
truth_stvar	chr7	159809662	159809662	.	1	43	42	1|0	.	.	.	.	.	-	-	yes	ref	1	INS	90	.	0
truth_smvar	chr7	159809662	159809662	.	1	43	42	1|0	.	.	.	.	.	-	-	no:duplicate_of_stvar	ref	1	.	90	.	0
truth_stvar	chr7	159809674	159809674	.	1	1	0	0|1	.	.	.	.	.	-	-	ref	yes	1	.	.	.	0
truth_smvar	chr7	159809674	159809674	.	1	1	0	0|1	.	.	.	.	.	-	-	ref	no:duplicate_of_stvar	1	.	.	.	0
truth_stvar	chr7	159809749	159809749	.	1	4	3	1|0	.	.	.	.	.	-	-	yes	ref	1	.	.	.	0
truth_smvar	chr7	159809749	159809749	.	1	4	3	1|0	.	.	.	.	.	-	-	no:duplicate_of_stvar	ref	1	.	.	.	0
truth_stvar	chr7	159809752	159810094	.	343	1	342	0|1	.	.	.	.	.	FN	FN	ref	yes	1	DEL	90	.	0
truth_smvar	chr7	159809752	159810094	.	343	1	342	0|1	.	.	.	.	.	-	-	ref	no:duplicate_of_stvar	1	.	90	.	0
truth_stvar	chr7	159809761	159809761	.	1	1	0	0|1	.	.	.	.	.	-	-	ref	no:star_allele	1	.	.	.	0
truth_stvar	chr7	159809761	159809761	.	1	1	0	1|0	.	.	.	.	.	-	-	yes	ref	1	.	.	.	0
truth_smvar	chr7	159809761	159809761	.	1	1,1	0	1|2	.	.	.	.	.	-	-	no:duplicate_of_stvar	no:star_allele	1	.	.	.	0
truth_stvar	chr7	159809796	159809796	.	1	1	0	0|1	.	.	.	.	.	-	-	ref	no:star_allele	1	.	.	.	0
truth_stvar	chr7	159809796	159809796	.	1	1	0	1|0	.	.	.	.	.	-	-	yes	ref	1	.	.	.	0
truth_smvar	chr7	159809796	159809796	.	1	1,1	0	1|2	.	.	.	.	.	-	-	no:duplicate_of_stvar	no:star_allele	1	.	.	.	0
truth_stvar	chr7	159809803	159809803	.	1	1	0	0|1	.	.	.	.	.	-	-	ref	no:star_allele	1	.	.	.	0
truth_stvar	chr7	159809803	159809803	.	1	4	3	1|0	.	.	.	.	.	-	-	yes	ref	1	.	.	.	0
truth_smvar	chr7	159809803	159809803	.	1	4,1	3	1|2	.	.	.	.	.	-	-	no:duplicate_of_stvar	no:star_allele	1	.	.	.	0
truth_stvar	chr7	159809838	159809838	.	1	1	0	0|1	.	.	.	.	.	-	-	ref	no:star_allele	1	.	.	.	0
truth_stvar	chr7	159809838	159809838	.	1	1	0	1|0	.	.	.	.	.	-	-	yes	ref	1	.	.	.	0
truth_smvar	chr7	159809838	159809838	.	1	1,1	0	1|2	.	.	.	.	.	-	-	no:duplicate_of_stvar	no:star_allele	1	.	.	.	0
truth_stvar	chr7	159809878	159809878	.	1	1	0	0|1	.	.	.	.	.	-	-	ref	no:star_allele	1	.	.	.	0
truth_stvar	chr7	159809878	159809878	.	1	1	0	1|0	.	.	.	.	.	-	-	yes	ref	1	.	.	.	0
truth_smvar	chr7	159809878	159809878	.	1	1,1	0	1|2	.	.	.	.	.	-	-	no:duplicate_of_stvar	no:star_allele	1	.	.	.	0
truth_stvar	chr7	159809883	159809883	.	1	1	0	0|1	.	.	.	.	.	-	-	ref	no:star_allele	1	.	.	.	0
truth_stvar	chr7	159809883	159809883	.	1	1	0	1|0	.	.	.	.	.	-	-	yes	ref	1	.	.	.	0
truth_smvar	chr7	159809883	159809883	.	1	1,1	0	1|2	.	.	.	.	.	-	-	no:duplicate_of_stvar	no:star_allele	1	.	.	.	0
truth_stvar	chr7	159809893	159809893	.	1	1	0	0|1	.	.	.	.	.	-	-	ref	no:star_allele	1	.	.	.	0
truth_stvar	chr7	159809893	159809893	.	1	1	0	1|0	.	.	.	.	.	-	-	yes	ref	1	.	.	.	0
truth_smvar	chr7	159809893	159809893	.	1	1,1	0	1|2	.	.	.	.	.	-	-	no:duplicate_of_stvar	no:star_allele	1	.	.	.	0
truth_stvar	chr7	159809897	159809897	.	1	1	0	0|1	.	.	.	.	.	-	-	ref	no:star_allele	1	.	.	.	0
truth_stvar	chr7	159809897	159809897	.	1	1	0	1|0	.	.	.	.	.	-	-	yes	ref	1	.	.	.	0
truth_smvar	chr7	159809897	159809897	.	1	1,1	0	1|2	.	.	.	.	.	-	-	no:duplicate_of_stvar	no:star_allele	1	.	.	.	0
truth_stvar	chr7	159809977	159809977	.	1	1	0	0|1	.	.	.	.	.	-	-	ref	no:star_allele	1	.	.	.	0
truth_stvar	chr7	159809977	159809977	.	1	4	3	1|0	.	.	.	.	.	-	-	yes	ref	1	.	.	.	0
truth_smvar	chr7	159809977	159809977	.	1	4,1	3	1|2	.	.	.	.	.	-	-	no:duplicate_of_stvar	no:star_allele	1	.	.	.	0
truth_stvar	chr7	159810029	159810029	.	1	1	0	0|1	.	.	.	.	.	-	-	ref	no:star_allele	1	.	.	.	0
truth_stvar	chr7	159810029	159810029	.	1	1	0	1|0	.	.	.	.	.	-	-	yes	ref	1	.	.	.	0
truth_smvar	chr7	159810029	159810029	.	1	1,1	0	1|2	.	.	.	.	.	-	-	no:duplicate_of_stvar	no:star_allele	1	.	.	.	0
truth_stvar	chr7	159810042	159810042	.	1	1	0	0|1	.	.	.	.	.	-	-	ref	no:star_allele	1	.	.	.	0
truth_stvar	chr7	159810042	159810042	.	1	7	6	1|0	.	.	.	.	.	-	-	yes	ref	1	.	.	.	0
truth_smvar	chr7	159810042	159810042	.	1	7,1	6	1|2	.	.	.	.	.	-	-	no:duplicate_of_stvar	no:star_allele	1	.	.	.	0
truth_stvar	chr7	159810044	159810044	.	1	1	0	0|1	.	.	.	.	.	-	-	ref	no:star_allele	1	.	.	.	0
truth_stvar	chr7	159810044	159810044	.	1	1	0	1|0	.	.	.	.	.	-	-	yes	ref	1	.	.	.	0
truth_smvar	chr7	159810044	159810044	.	1	1,1	0	1|2	.	.	.	.	.	-	-	no:duplicate_of_stvar	no:star_allele	1	.	.	.	0
truth_stvar	chr7	159810054	159810054	.	1	1	0	0|1	.	.	.	.	.	-	-	ref	no:star_allele	1	.	.	.	0
truth_stvar	chr7	159810054	159810054	.	1	1	0	1|0	.	.	.	.	.	-	-	yes	ref	1	.	.	.	0
truth_smvar	chr7	159810054	159810054	.	1	1,1	0	1|2	.	.	.	.	.	-	-	no:duplicate_of_stvar	no:star_allele	1	.	.	.	0
truth_stvar	chr7	159810055	159810055	.	1	1	0	0|1	.	.	.	.	.	-	-	ref	no:star_allele	1	.	.	.	0
truth_stvar	chr7	159810055	159810055	.	1	1	0	1|0	.	.	.	.	.	-	-	yes	ref	1	.	.	.	0
truth_smvar	chr7	159810055	159810055	.	1	1,1	0	1|2	.	.	.	.	.	-	-	no:duplicate_of_stvar	no:star_allele	1	.	.	.	0
truth_stvar	chr7	159810057	159810057	.	1	1	0	0|1	.	.	.	.	.	-	-	ref	no:star_allele	1	.	.	.	0
truth_stvar	chr7	159810057	159810057	.	1	1	0	1|0	.	.	.	.	.	-	-	yes	ref	1	.	.	.	0
truth_smvar	chr7	159810057	159810057	.	1	1,1	0	1|2	.	.	.	.	.	-	-	no:duplicate_of_stvar	no:star_allele	1	.	.	.	0
truth_stvar	chr7	159810083	159810086	.	4	1	0	0|1	.	.	.	.	.	-	-	ref	no:star_allele	1	.	.	.	0
truth_stvar	chr7	159810083	159810086	.	4	1	3	1|0	.	.	.	.	.	-	-	yes	ref	1	.	.	.	0
truth_smvar	chr7	159810083	159810086	.	4	1,1	3	1|2	.	.	.	.	.	-	-	no:duplicate_of_stvar	no:star_allele	1	.	.	.	0
truth_stvar	chr7	159810123	159810123	.	1	1	0	0|1	.	.	.	.	.	-	-	ref	yes	1	.	.	.	0
truth_smvar	chr7	159810123	159810123	.	1	1	0	0|1	.	.	.	.	.	-	-	ref	no:duplicate_of_stvar	1	.	.	.	0
truth_stvar	chr7	159810133	159810136	.	4	1	3	0|1	.	.	.	.	.	-	-	ref	yes	1	.	.	.	0
truth_smvar	chr7	159810133	159810136	.	4	1	3	0|1	.	.	.	.	.	-	-	ref	no:duplicate_of_stvar	1	.	.	.	0
truth_stvar	chr7	159810146	159810146	.	1	1	0	0|1	.	.	.	.	.	-	-	ref	yes	1	.	.	.	0
truth_smvar	chr7	159810146	159810146	.	1	1	0	0|1	.	.	.	.	.	-	-	ref	no:duplicate_of_stvar	1	.	.	.	0
truth_stvar	chr7	159810168	159810168	.	1	1	0	0|1	.	.	.	.	.	-	-	ref	yes	1	.	.	.	0
truth_smvar	chr7	159810168	159810168	.	1	1	0	0|1	.	.	.	.	.	-	-	ref	no:duplicate_of_stvar	1	.	.	.	0
truth_stvar	chr7	159810178	159810178	.	1	1	0	0|1	.	.	.	.	.	-	-	ref	yes	1	.	.	.	0
truth_stvar	chr7	159810178	159810178	.	1	4	3	1|0	.	.	.	.	.	-	-	yes	ref	1	.	.	.	0
truth_smvar	chr7	159810178	159810178	.	1	1,4	3	2|1	.	.	.	.	.	-	-	no:duplicate_of_stvar	no:duplicate_of_stvar	1	.	.	.	0
truth_stvar	chr7	159810193	159810193	.	1	1	0	1|0	.	.	.	.	.	-	-	yes	ref	1	.	.	.	0
truth_smvar	chr7	159810193	159810193	.	1	1	0	1|0	.	.	.	.	.	-	-	no:duplicate_of_stvar	ref	1	.	.	.	0
truth_stvar	chr7	159810210	159810210	.	1	1	0	0|1	.	.	.	.	.	-	-	ref	yes	1	.	.	.	0
truth_smvar	chr7	159810210	159810210	.	1	1	0	0|1	.	.	.	.	.	-	-	ref	no:duplicate_of_stvar	1	.	.	.	0
truth_stvar	chr7	159810215	159810218	.	4	1	3	0|1	.	.	.	.	.	-	-	ref	yes	1	.	.	.	0
truth_smvar	chr7	159810215	159810218	.	4	1	3	0|1	.	.	.	.	.	-	-	ref	no:duplicate_of_stvar	1	.	.	.	0
truth_stvar	chr7	159810238	159810238	.	1	1	0	1|1	.	.	.	.	.	-	-	yes	yes	1	.	.	.	0
truth_smvar	chr7	159810238	159810238	.	1	1	0	1|1	.	.	.	.	.	-	-	no:duplicate_of_stvar	no:duplicate_of_stvar	1	.	.	.	0
truth_stvar	chr7	159810283	159810283	.	1	1	0	0|1	.	.	.	.	.	-	-	ref	yes	1	.	.	.	0
truth_smvar	chr7	159810283	159810283	.	1	1	0	0|1	.	.	.	.	.	-	-	ref	no:duplicate_of_stvar	1	.	.	.	0
truth_stvar	chr7	159810313	159810313	.	1	1	0	0|1	.	.	.	.	.	-	-	ref	yes	1	.	.	.	0
truth_stvar	chr7	159810313	159810316	.	4	1	3	1|0	.	.	.	.	.	-	-	yes	ref	1	.	.	.	0
truth_smvar	chr7	159810313	159810316	.	4	1,4	3	1|2	.	.	.	.	.	-	-	no:duplicate_of_stvar	no:overlaps_applied_stvar	1	.	.	.	0
truth_stvar	chr7	159810345	159810345	.	1	1	0	0|1	.	.	.	.	.	-	-	ref	yes	1	.	.	.	0
truth_smvar	chr7	159810345	159810345	.	1	1	0	0|1	.	.	.	.	.	-	-	ref	no:duplicate_of_stvar	1	.	.	.	0
truth_stvar	chr7	159810355	159810355	.	1	1	0	0|1	.	.	.	.	.	-	-	ref	yes	1	.	.	.	0
truth_smvar	chr7	159810355	159810355	.	1	1	0	0|1	.	.	.	.	.	-	-	ref	no:duplicate_of_stvar	1	.	.	.	0
truth_stvar	chr7	159810358	159810358	.	1	4	3	1|0	.	.	.	.	.	-	-	yes	ref	1	.	.	.	0
truth_stvar	chr7	159810358	159810358	.	1	1	0	0|1	.	.	.	.	.	-	-	ref	yes	1	.	.	.	0
truth_smvar	chr7	159810358	159810358	.	1	1,4	3	2|1	.	.	.	.	.	-	-	no:duplicate_of_stvar	no:duplicate_of_stvar	1	.	.	.	0
truth_stvar	chr7	159810370	159810370	.	1	1	0	1|0	.	.	.	.	.	-	-	yes	ref	1	.	.	.	0
truth_smvar	chr7	159810370	159810370	.	1	1	0	1|0	.	.	.	.	.	-	-	no:duplicate_of_stvar	ref	1	.	.	.	0
truth_stvar	chr7	159810405	159810405	.	1	1	0	0|1	.	.	.	.	.	-	-	ref	yes	1	.	.	.	0
truth_stvar	chr7	159810405	159810405	.	1	1	0	1|0	.	.	.	.	.	-	-	yes	ref	1	.	.	.	0
truth_smvar	chr7	159810405	159810405	.	1	1,1	0	2|1	.	.	.	.	.	-	-	no:duplicate_of_stvar	no:duplicate_of_stvar	1	.	.	.	0
truth_stvar	chr7	159810406	159810406	.	1	1	0	1|0	.	.	.	.	.	-	-	yes	ref	1	.	.	.	0
truth_smvar	chr7	159810406	159810406	.	1	1	0	1|0	.	.	.	.	.	-	-	no:duplicate_of_stvar	ref	1	.	.	.	0
truth_stvar	chr7	159810408	159810408	.	1	1	0	1|0	.	.	.	.	.	-	-	yes	ref	1	.	.	.	0
truth_smvar	chr7	159810408	159810408	.	1	1	0	1|0	.	.	.	.	.	-	-	no:duplicate_of_stvar	ref	1	.	.	.	0
truth_stvar	chr7	159810409	159810409	.	1	1	0	1|0	.	.	.	.	.	-	-	yes	ref	1	.	.	.	0
truth_smvar	chr7	159810409	159810409	.	1	1	0	1|0	.	.	.	.	.	-	-	no:duplicate_of_stvar	ref	1	.	.	.	0
truth_stvar	chr7	159810412	159810412	.	1	4	3	0|1	.	.	.	.	.	-	-	ref	yes	1	.	.	.	0
truth_smvar	chr7	159810412	159810412	.	1	4	3	0|1	.	.	.	.	.	-	-	ref	no:duplicate_of_stvar	1	.	.	.	0
truth_stvar	chr7	159810457	159810457	.	1	1	0	1|1	.	.	.	.	.	-	-	yes	yes	1	.	.	.	0
truth_smvar	chr7	159810457	159810457	.	1	1	0	1|1	.	.	.	.	.	-	-	no:duplicate_of_stvar	no:duplicate_of_stvar	1	.	.	.	0
truth_stvar	chr7	159810474	159810474	.	1	1	0	0|1	.	.	.	.	.	-	-	ref	yes	1	.	.	.	0
truth_smvar	chr7	159810474	159810474	.	1	1	0	0|1	.	.	.	.	.	-	-	ref	no:duplicate_of_stvar	1	.	.	.	0
truth_stvar	chr7	159810479	159810482	.	4	1	3	1|0	.	.	.	.	.	-	-	yes	ref	1	.	.	.	0
truth_smvar	chr7	159810479	159810482	.	4	1	3	1|0	.	.	.	.	.	-	-	no:duplicate_of_stvar	ref	1	.	.	.	0
truth_stvar	chr7	159810487	159810487	.	1	1	0	0|1	.	.	.	.	.	-	-	ref	yes	1	.	.	.	0
truth_smvar	chr7	159810487	159810487	.	1	1	0	0|1	.	.	.	.	.	-	-	ref	no:duplicate_of_stvar	1	.	.	.	0
truth_stvar	chr7	159810547	159810547	.	1	1	0	1|0	.	.	.	.	.	-	-	yes	ref	1	.	.	.	0
truth_smvar	chr7	159810547	159810547	.	1	1	0	1|0	.	.	.	.	.	-	-	no:duplicate_of_stvar	ref	1	.	.	.	0
truth_stvar	chr7	159810580	159811099	.	520	1	519	0|1	.	.	.	.	.	FN	FN	ref	yes	1	DEL	90	.	0
truth_smvar	chr7	159810580	159811099	.	520	1	519	0|1	.	.	.	.	.	-	-	ref	no:duplicate_of_stvar	1	.	90	.	0
truth_stvar	chr7	159810592	159810592	.	1	1	0	0|1	.	.	.	.	.	-	-	ref	no:star_allele	1	.	.	.	0
truth_stvar	chr7	159810592	159810592	.	1	1	0	1|0	.	.	.	.	.	-	-	yes	ref	1	.	.	.	0
truth_smvar	chr7	159810592	159810592	.	1	1,1	0	1|2	.	.	.	.	.	-	-	no:duplicate_of_stvar	no:star_allele	1	.	.	.	0
truth_stvar	chr7	159810634	159810634	.	1	1	0	0|1	.	.	.	.	.	-	-	ref	no:star_allele	1	.	.	.	0
truth_stvar	chr7	159810634	159810634	.	1	4	3	1|0	.	.	.	.	.	-	-	yes	ref	1	.	.	.	0
truth_smvar	chr7	159810634	159810634	.	1	4,1	3	1|2	.	.	.	.	.	-	-	no:duplicate_of_stvar	no:star_allele	1	.	.	.	0
truth_stvar	chr7	159810664	159810664	.	1	1	0	0|1	.	.	.	.	.	-	-	ref	no:star_allele	1	.	.	.	0
truth_stvar	chr7	159810664	159810664	.	1	1	0	1|0	.	.	.	.	.	-	-	yes	ref	1	.	.	.	0
truth_smvar	chr7	159810664	159810664	.	1	1,1	0	1|2	.	.	.	.	.	-	-	no:duplicate_of_stvar	no:star_allele	1	.	.	.	0
truth_stvar	chr7	159810696	159810696	.	1	1	0	0|1	.	.	.	.	.	-	-	ref	no:star_allele	1	.	.	.	0
truth_stvar	chr7	159810696	159810696	.	1	7	6	1|0	.	.	.	.	.	-	-	yes	ref	1	.	.	.	0
truth_smvar	chr7	159810696	159810696	.	1	7,1	6	1|2	.	.	.	.	.	-	-	no:duplicate_of_stvar	no:star_allele	1	.	.	.	0
truth_stvar	chr7	159810698	159810698	.	1	1	0	0|1	.	.	.	.	.	-	-	ref	no:star_allele	1	.	.	.	0
truth_stvar	chr7	159810698	159810698	.	1	1	0	1|0	.	.	.	.	.	-	-	yes	ref	1	.	.	.	0
truth_smvar	chr7	159810698	159810698	.	1	1,1	0	1|2	.	.	.	.	.	-	-	no:duplicate_of_stvar	no:star_allele	1	.	.	.	0
truth_stvar	chr7	159810708	159810708	.	1	1	0	0|1	.	.	.	.	.	-	-	ref	no:star_allele	1	.	.	.	0
truth_stvar	chr7	159810708	159810708	.	1	1	0	1|0	.	.	.	.	.	-	-	yes	ref	1	.	.	.	0
truth_smvar	chr7	159810708	159810708	.	1	1,1	0	1|2	.	.	.	.	.	-	-	no:duplicate_of_stvar	no:star_allele	1	.	.	.	0
truth_stvar	chr7	159810711	159810711	.	1	1	0	0|1	.	.	.	.	.	-	-	ref	no:star_allele	1	.	.	.	0
truth_stvar	chr7	159810711	159810711	.	1	4	3	1|0	.	.	.	.	.	-	-	yes	ref	1	.	.	.	0
truth_smvar	chr7	159810711	159810711	.	1	4,1	3	1|2	.	.	.	.	.	-	-	no:duplicate_of_stvar	no:star_allele	1	.	.	.	0
truth_stvar	chr7	159810715	159810715	.	1	1	0	0|1	.	.	.	.	.	-	-	ref	no:star_allele	1	.	.	.	0
truth_stvar	chr7	159810715	159810715	.	1	1	0	1|0	.	.	.	.	.	-	-	yes	ref	1	.	.	.	0
truth_smvar	chr7	159810715	159810715	.	1	1,1	0	1|2	.	.	.	.	.	-	-	no:duplicate_of_stvar	no:star_allele	1	.	.	.	0
truth_stvar	chr7	159810790	159810790	.	1	1	0	0|1	.	.	.	.	.	-	-	ref	no:star_allele	1	.	.	.	0
truth_stvar	chr7	159810790	159810790	.	1	1	0	1|0	.	.	.	.	.	-	-	yes	ref	1	.	.	.	0
truth_smvar	chr7	159810790	159810790	.	1	1,1	0	1|2	.	.	.	.	.	-	-	no:duplicate_of_stvar	no:star_allele	1	.	.	.	0
truth_stvar	chr7	159810838	159810838	.	1	1	0	0|1	.	.	.	.	.	-	-	ref	no:star_allele	1	.	.	.	0
truth_stvar	chr7	159810838	159810838	.	1	1	0	1|0	.	.	.	.	.	-	-	yes	ref	1	.	.	.	0
truth_smvar	chr7	159810838	159810838	.	1	1,1	0	1|2	.	.	.	.	.	-	-	no:duplicate_of_stvar	no:star_allele	1	.	.	.	0
truth_stvar	chr7	159810895	159810895	.	1	1	0	0|1	.	.	.	.	.	-	-	ref	no:star_allele	1	.	.	.	0
truth_stvar	chr7	159810895	159810895	.	1	1	0	1|0	.	.	.	.	.	-	-	yes	ref	1	.	.	.	0
truth_smvar	chr7	159810895	159810895	.	1	1,1	0	1|2	.	.	.	.	.	-	-	no:duplicate_of_stvar	no:star_allele	1	.	.	.	0
truth_stvar	chr7	159810925	159810928	.	4	1	0	0|1	.	.	.	.	.	-	-	ref	no:star_allele	1	.	.	.	0
truth_stvar	chr7	159810925	159810928	.	4	1	3	1|0	.	.	.	.	.	-	-	yes	ref	1	.	.	.	0
truth_smvar	chr7	159810925	159810928	.	4	1,1	3	1|2	.	.	.	.	.	-	-	no:duplicate_of_stvar	no:star_allele	1	.	.	.	0
truth_stvar	chr7	159810940	159810940	.	1	1	0	0|1	.	.	.	.	.	-	-	ref	no:star_allele	1	.	.	.	0
truth_stvar	chr7	159810940	159810940	.	1	1	0	1|0	.	.	.	.	.	-	-	yes	ref	1	.	.	.	0
truth_smvar	chr7	159810940	159810940	.	1	1,1	0	1|2	.	.	.	.	.	-	-	no:duplicate_of_stvar	no:star_allele	1	.	.	.	0
truth_stvar	chr7	159810957	159810957	.	1	1	0	0|1	.	.	.	.	.	-	-	ref	no:star_allele	1	.	.	.	0
truth_stvar	chr7	159810957	159810957	.	1	7	6	1|0	.	.	.	.	.	-	-	yes	ref	1	.	.	.	0
truth_smvar	chr7	159810957	159810957	.	1	7,1	6	1|2	.	.	.	.	.	-	-	no:duplicate_of_stvar	no:star_allele	1	.	.	.	0
truth_stvar	chr7	159810959	159810959	.	1	1	0	0|1	.	.	.	.	.	-	-	ref	no:star_allele	1	.	.	.	0
truth_stvar	chr7	159810959	159810959	.	1	1	0	1|0	.	.	.	.	.	-	-	yes	ref	1	.	.	.	0
truth_smvar	chr7	159810959	159810959	.	1	1,1	0	1|2	.	.	.	.	.	-	-	no:duplicate_of_stvar	no:star_allele	1	.	.	.	0
truth_stvar	chr7	159810969	159810969	.	1	1	0	0|1	.	.	.	.	.	-	-	ref	no:star_allele	1	.	.	.	0
truth_stvar	chr7	159810969	159810969	.	1	1	0	1|0	.	.	.	.	.	-	-	yes	ref	1	.	.	.	0
truth_smvar	chr7	159810969	159810969	.	1	1,1	0	1|2	.	.	.	.	.	-	-	no:duplicate_of_stvar	no:star_allele	1	.	.	.	0
truth_stvar	chr7	159811011	159811011	.	1	1	0	0|1	.	.	.	.	.	-	-	ref	no:star_allele	1	.	.	.	0
truth_stvar	chr7	159811011	159811011	.	1	1	0	1|0	.	.	.	.	.	-	-	yes	ref	1	.	.	.	0
truth_smvar	chr7	159811011	159811011	.	1	1,1	0	1|2	.	.	.	.	.	-	-	no:duplicate_of_stvar	no:star_allele	1	.	.	.	0
truth_stvar	chr7	159811015	159811015	.	1	1	0	0|1	.	.	.	.	.	-	-	ref	no:star_allele	1	.	.	.	0
truth_stvar	chr7	159811015	159811015	.	1	1	0	1|0	.	.	.	.	.	-	-	yes	ref	1	.	.	.	0
truth_smvar	chr7	159811015	159811015	.	1	1,1	0	1|2	.	.	.	.	.	-	-	no:duplicate_of_stvar	no:star_allele	1	.	.	.	0
truth_stvar	chr7	159811066	159811066	.	1	1	0	0|1	.	.	.	.	.	-	-	ref	no:star_allele	1	.	.	.	0
truth_stvar	chr7	159811066	159811066	.	1	1	0	1|0	.	.	.	.	.	-	-	yes	ref	1	.	.	.	0
truth_smvar	chr7	159811066	159811066	.	1	1,1	0	1|2	.	.	.	.	.	-	-	no:duplicate_of_stvar	no:star_allele	1	.	.	.	0
truth_stvar	chr7	159811096	159811096	.	1	1	0	0|1	.	.	.	.	.	-	-	ref	no:star_allele	1	.	.	.	0
truth_stvar	chr7	159811096	159811096	.	1	1	0	1|0	.	.	.	.	.	-	-	yes	ref	1	.	.	.	0
truth_smvar	chr7	159811096	159811096	.	1	1,1	0	1|2	.	.	.	.	.	-	-	no:duplicate_of_stvar	no:star_allele	1	.	.	.	0
truth_stvar	chr7	159811151	159811151	.	1	1	0	0|1	.	.	.	.	.	-	-	ref	yes	1	.	.	.	0
truth_smvar	chr7	159811151	159811151	.	1	1	0	0|1	.	.	.	.	.	-	-	ref	no:duplicate_of_stvar	1	.	.	.	0
truth_stvar	chr7	159811156	159811156	.	1	1	0	1|0	.	.	.	.	.	-	-	yes	ref	1	.	.	.	0
truth_smvar	chr7	159811156	159811156	.	1	1	0	1|0	.	.	.	.	.	-	-	no:duplicate_of_stvar	ref	1	.	.	.	0
truth_stvar	chr7	159811173	159811173	.	1	1	0	0|1	.	.	.	.	.	-	-	ref	yes	1	.	.	.	0
truth_smvar	chr7	159811173	159811173	.	1	1	0	0|1	.	.	.	.	.	-	-	ref	no:duplicate_of_stvar	1	.	.	.	0
truth_stvar	chr7	159811183	159811183	.	1	1	0	0|1	.	.	.	.	.	-	-	ref	yes	1	.	.	.	0
truth_smvar	chr7	159811183	159811183	.	1	1	0	0|1	.	.	.	.	.	-	-	ref	no:duplicate_of_stvar	1	.	.	.	0
truth_stvar	chr7	159811186	159811186	.	1	1	0	1|0	.	.	.	.	.	-	-	yes	ref	1	.	.	.	0
truth_stvar	chr7	159811186	159811189	.	4	1	3	0|1	.	.	.	.	.	-	-	ref	yes	1	.	.	.	0
truth_smvar	chr7	159811186	159811189	.	4	4,1	3	1|2	.	.	.	.	.	-	-	no:overlaps_applied_stvar	no:duplicate_of_stvar	1	.	.	.	0
truth_stvar	chr7	159811189	159811189	.	1	1	0	0|1	.	.	.	.	.	-	-	ref	no:star_allele	1	.	.	.	0
truth_stvar	chr7	159811189	159811189	.	1	1	0	1|0	.	.	.	.	.	-	-	yes	ref	1	.	.	.	0
truth_smvar	chr7	159811189	159811189	.	1	1,1	0	1|2	.	.	.	.	.	-	-	no:duplicate_of_stvar	no:star_allele	1	.	.	.	0
truth_stvar	chr7	159811230	159811239	.	10	1	9	0|1	.	.	.	.	.	-	-	ref	yes	1	.	.	.	0
truth_smvar	chr7	159811230	159811239	.	10	1	9	0|1	.	.	.	.	.	-	-	ref	no:duplicate_of_stvar	1	.	.	.	0
truth_stvar	chr7	159811241	159811241	.	1	1	0	0|1	.	.	.	.	.	-	-	ref	yes	1	.	.	.	0
truth_smvar	chr7	159811241	159811241	.	1	1	0	0|1	.	.	.	.	.	-	-	ref	no:duplicate_of_stvar	1	.	.	.	0
truth_stvar	chr7	159811277	159811277	.	1	1	0	0|1	.	.	.	.	.	-	-	ref	yes	1	.	.	.	0
truth_smvar	chr7	159811277	159811277	.	1	1	0	0|1	.	.	.	.	.	-	-	ref	no:duplicate_of_stvar	1	.	.	.	0
truth_stvar	chr7	159811284	159811284	.	1	1	0	0|1	.	.	.	.	.	-	-	ref	yes	1	.	.	.	0
truth_smvar	chr7	159811284	159811284	.	1	1	0	0|1	.	.	.	.	.	-	-	ref	no:duplicate_of_stvar	1	.	.	.	0
truth_stvar	chr7	159811285	159811285	.	1	4	3	0|1	.	.	.	.	.	-	-	ref	yes	1	.	.	.	0
truth_smvar	chr7	159811285	159811285	.	1	4	3	0|1	.	.	.	.	.	-	-	ref	no:duplicate_of_stvar	1	.	.	.	0
truth_stvar	chr7	159811291	159811291	.	1	1	0	1|0	.	.	.	.	.	-	-	yes	ref	1	.	.	.	0
truth_smvar	chr7	159811291	159811291	.	1	1	0	1|0	.	.	.	.	.	-	-	no:duplicate_of_stvar	ref	1	.	.	.	0
truth_stvar	chr7	159811321	159811321	.	1	1	0	1|0	.	.	.	.	.	-	-	yes	ref	1	.	.	.	0
truth_smvar	chr7	159811321	159811321	.	1	1	0	1|0	.	.	.	.	.	-	-	no:duplicate_of_stvar	ref	1	.	.	.	0
truth_stvar	chr7	159811353	159811353	.	1	1	0	0|1	.	.	.	.	.	-	-	ref	yes	1	.	.	.	0
truth_smvar	chr7	159811353	159811353	.	1	1	0	0|1	.	.	.	.	.	-	-	ref	no:duplicate_of_stvar	1	.	.	.	0
truth_stvar	chr7	159811363	159811363	.	1	1	0	0|1	.	.	.	.	.	-	-	ref	yes	1	.	.	.	0
truth_smvar	chr7	159811363	159811363	.	1	1	0	0|1	.	.	.	.	.	-	-	ref	no:duplicate_of_stvar	1	.	.	.	0
truth_stvar	chr7	159811366	159811366	.	1	1	0	1|0	.	.	.	.	.	-	-	yes	ref	1	.	.	.	0
truth_stvar	chr7	159811366	159811369	.	4	1	3	0|1	.	.	.	.	.	-	-	ref	yes	1	.	.	.	0
truth_smvar	chr7	159811366	159811369	.	4	4,1	3	1|2	.	.	.	.	.	-	-	no:overlaps_applied_stvar	no:duplicate_of_stvar	1	.	.	.	0
truth_stvar	chr7	159811369	159811369	.	1	1	0	0|1	.	.	.	.	.	-	-	ref	no:star_allele	1	.	.	.	0
truth_stvar	chr7	159811369	159811369	.	1	1	0	1|0	.	.	.	.	.	-	-	yes	ref	1	.	.	.	0
truth_smvar	chr7	159811369	159811369	.	1	1,1	0	1|2	.	.	.	.	.	-	-	no:duplicate_of_stvar	no:star_allele	1	.	.	.	0
truth_stvar	chr7	159811378	159811381	.	4	1	3	1|0	.	.	.	.	.	-	-	yes	ref	1	.	.	.	0
truth_smvar	chr7	159811378	159811381	.	4	1	3	1|0	.	.	.	.	.	-	-	no:duplicate_of_stvar	ref	1	.	.	.	0
truth_stvar	chr7	159811405	159811405	.	1	1	0	0|1	.	.	.	.	.	-	-	ref	yes	1	.	.	.	0
truth_smvar	chr7	159811405	159811405	.	1	1	0	0|1	.	.	.	.	.	-	-	ref	no:duplicate_of_stvar	1	.	.	.	0
truth_stvar	chr7	159811471	159811471	.	1	1	0	1|1	.	.	.	.	.	-	-	yes	yes	1	.	.	.	0
truth_smvar	chr7	159811471	159811471	.	1	1	0	1|1	.	.	.	.	.	-	-	no:duplicate_of_stvar	no:duplicate_of_stvar	1	.	.	.	0
truth_stvar	chr7	159811478	159811478	.	1	1	0	1|1	.	.	.	.	.	-	-	yes	yes	1	.	.	.	0
truth_smvar	chr7	159811478	159811478	.	1	1	0	1|1	.	.	.	.	.	-	-	no:duplicate_of_stvar	no:duplicate_of_stvar	1	.	.	.	0
truth_stvar	chr7	159811488	159811488	.	1	1	0	0|1	.	.	.	.	.	-	-	ref	yes	1	.	.	.	0
truth_smvar	chr7	159811488	159811488	.	1	1	0	0|1	.	.	.	.	.	-	-	ref	no:duplicate_of_stvar	1	.	.	.	0
truth_stvar	chr7	159811501	159811501	.	1	1	0	1|0	.	.	.	.	.	-	-	yes	ref	1	.	.	.	0
truth_stvar	chr7	159811501	159811504	.	4	1	3	0|1	.	.	.	.	.	-	-	ref	yes	1	.	.	.	0
truth_smvar	chr7	159811501	159811504	.	4	4,1	3	1|2	.	.	.	.	.	-	-	no:overlaps_applied_stvar	no:duplicate_of_stvar	1	.	.	.	0
truth_stvar	chr7	159811504	159811504	.	1	1	0	0|1	.	.	.	.	.	-	-	ref	no:star_allele	1	.	.	.	0
truth_stvar	chr7	159811504	159811504	.	1	1	0	1|0	.	.	.	.	.	-	-	yes	ref	1	.	.	.	0
truth_smvar	chr7	159811504	159811504	.	1	1,1	0	1|2	.	.	.	.	.	-	-	no:duplicate_of_stvar	no:star_allele	1	.	.	.	0
truth_stvar	chr7	159811511	159811511	.	1	1	0	0|1	.	.	.	.	.	-	-	ref	yes	1	.	.	.	0
truth_smvar	chr7	159811511	159811511	.	1	1	0	0|1	.	.	.	.	.	-	-	ref	no:duplicate_of_stvar	1	.	.	.	0
truth_stvar	chr7	159811533	159811533	.	1	1	0	0|1	.	.	.	.	.	-	-	ref	yes	1	.	.	.	0
truth_smvar	chr7	159811533	159811533	.	1	1	0	0|1	.	.	.	.	.	-	-	ref	no:duplicate_of_stvar	1	.	.	.	0
truth_stvar	chr7	159811538	159811541	.	4	1	3	0|1	.	.	.	.	.	-	-	ref	yes	1	.	.	.	0
truth_smvar	chr7	159811538	159811541	.	4	1	3	0|1	.	.	.	.	.	-	-	ref	no:duplicate_of_stvar	1	.	.	.	0
truth_stvar	chr7	159811578	159811578	.	1	1	0	0|1	.	.	.	.	.	-	-	ref	yes	1	.	.	.	0
truth_smvar	chr7	159811578	159811578	.	1	1	0	0|1	.	.	.	.	.	-	-	ref	no:duplicate_of_stvar	1	.	.	.	0
truth_stvar	chr7	159811583	159811586	.	4	1	3	0|1	.	.	.	.	.	-	-	ref	yes	1	.	.	.	0
truth_smvar	chr7	159811583	159811586	.	4	1	3	0|1	.	.	.	.	.	-	-	ref	no:duplicate_of_stvar	1	.	.	.	0
truth_stvar	chr7	159811591	159811591	.	1	1	0	1|1	.	.	.	.	.	-	-	yes	yes	1	.	.	.	0
truth_smvar	chr7	159811591	159811591	.	1	1	0	1|1	.	.	.	.	.	-	-	no:duplicate_of_stvar	no:duplicate_of_stvar	1	.	.	.	0
truth_stvar	chr7	159811636	159811639	.	4	1	3	1|0	.	.	.	.	.	-	-	yes	ref	1	.	.	.	0
truth_smvar	chr7	159811636	159811639	.	4	1	3	1|0	.	.	.	.	.	-	-	no:duplicate_of_stvar	ref	1	.	.	.	0
truth_stvar	chr7	159811651	159811651	.	1	1	0	0|1	.	.	.	.	.	-	-	ref	yes	1	.	.	.	0
truth_smvar	chr7	159811651	159811651	.	1	1	0	0|1	.	.	.	.	.	-	-	ref	no:duplicate_of_stvar	1	.	.	.	0
truth_stvar	chr7	159811696	159811696	.	1	1	0	0|1	.	.	.	.	.	-	-	ref	yes	1	.	.	.	0
truth_smvar	chr7	159811696	159811696	.	1	1	0	0|1	.	.	.	.	.	-	-	ref	no:duplicate_of_stvar	1	.	.	.	0
truth_stvar	chr7	159811729	159811729	.	1	1	0	1|0	.	.	.	.	.	-	-	yes	ref	1	.	.	.	0
truth_smvar	chr7	159811729	159811729	.	1	1	0	1|0	.	.	.	.	.	-	-	no:duplicate_of_stvar	ref	1	.	.	.	0
truth_stvar	chr7	159811741	159811741	.	1	1	0	1|0	.	.	.	.	.	-	-	yes	ref	1	.	.	.	0
truth_smvar	chr7	159811741	159811741	.	1	1	0	1|0	.	.	.	.	.	-	-	no:duplicate_of_stvar	ref	1	.	.	.	0
truth_stvar	chr7	159811771	159811771	.	1	1	0	1|1	.	.	.	.	.	-	-	yes	yes	1	.	.	.	0
truth_smvar	chr7	159811771	159811771	.	1	1	0	1|1	.	.	.	.	.	-	-	no:duplicate_of_stvar	no:duplicate_of_stvar	1	.	.	.	0
truth_stvar	chr7	159811776	159811776	.	1	1	0	1|0	.	.	.	.	.	-	-	yes	ref	1	.	.	.	0
truth_smvar	chr7	159811776	159811776	.	1	1	0	1|0	.	.	.	.	.	-	-	no:duplicate_of_stvar	ref	1	.	.	.	0
truth_stvar	chr7	159811819	159811819	.	1	1	0	1|0	.	.	.	.	.	-	-	yes	ref	1	.	.	.	0
truth_stvar	chr7	159811819	159811864	.	46	1	45	0|1	.	.	.	.	.	-	-	ref	yes	1	DEL	90	.	0
truth_smvar	chr7	159811819	159811864	.	46	46,1	45	1|2	.	.	.	.	.	-	-	no:overlaps_applied_stvar	no:duplicate_of_stvar	1	.	.	.	0
truth_stvar	chr7	159811853	159811856	.	4	1	0	0|1	.	.	.	.	.	-	-	ref	no:star_allele	1	.	.	.	0
truth_stvar	chr7	159811853	159811856	.	4	1	3	1|0	.	.	.	.	.	-	-	yes	ref	1	.	.	.	0
truth_smvar	chr7	159811853	159811856	.	4	1,1	3	1|2	.	.	.	.	.	-	-	no:duplicate_of_stvar	no:star_allele	1	.	.	.	0
truth_stvar	chr7	159811876	159811876	.	1	1	0	1|0	.	.	.	.	.	-	-	yes	ref	1	.	.	.	0
truth_smvar	chr7	159811876	159811876	.	1	1	0	1|0	.	.	.	.	.	-	-	no:duplicate_of_stvar	ref	1	.	.	.	0
truth_stvar	chr7	159811942	159811942	.	1	1	0	1|0	.	.	.	.	.	-	-	yes	ref	1	.	.	.	0
truth_smvar	chr7	159811942	159811942	.	1	1	0	1|0	.	.	.	.	.	-	-	no:duplicate_of_stvar	ref	1	.	.	.	0
truth_stvar	chr7	159811999	159811999	.	1	1	0	1|0	.	.	.	.	.	-	-	yes	ref	1	.	.	.	0
truth_smvar	chr7	159811999	159811999	.	1	1	0	1|0	.	.	.	.	.	-	-	no:duplicate_of_stvar	ref	1	.	.	.	0
truth_stvar	chr7	159812011	159812011	.	1	1	0	1|0	.	.	.	.	.	-	-	yes	ref	1	.	.	.	0
truth_smvar	chr7	159812011	159812011	.	1	1	0	1|0	.	.	.	.	.	-	-	no:duplicate_of_stvar	ref	1	.	.	.	0
truth_stvar	chr7	159812046	159812046	.	1	1	0	0|1	.	.	.	.	.	-	-	ref	yes	1	.	.	.	0
truth_smvar	chr7	159812046	159812046	.	1	1	0	0|1	.	.	.	.	.	-	-	ref	no:duplicate_of_stvar	1	.	.	.	0
truth_stvar	chr7	159812056	159812056	.	1	1	0	0|1	.	.	.	.	.	-	-	ref	yes	1	.	.	.	0
truth_smvar	chr7	159812056	159812056	.	1	1	0	0|1	.	.	.	.	.	-	-	ref	no:duplicate_of_stvar	1	.	.	.	0
truth_stvar	chr7	159812089	159812089	.	1	88	87	1|0	.	.	.	.	.	FN	FN	yes	ref	1	INS	90	.	0
truth_smvar	chr7	159812089	159812089	.	1	88	87	1|0	.	.	.	.	.	-	-	no:duplicate_of_stvar	ref	1	.	90	.	0
truth_stvar	chr7	159812101	159812101	.	1	1	0	1|0	.	.	.	.	.	-	-	yes	ref	1	.	.	.	0
truth_smvar	chr7	159812101	159812101	.	1	1	0	1|0	.	.	.	.	.	-	-	no:duplicate_of_stvar	ref	1	.	.	.	0
truth_stvar	chr7	159812131	159812131	.	1	1	0	0|1	.	.	.	.	.	-	-	ref	yes	1	.	.	.	0
truth_smvar	chr7	159812131	159812131	.	1	1	0	0|1	.	.	.	.	.	-	-	ref	no:duplicate_of_stvar	1	.	.	.	0
truth_stvar	chr7	159812134	159812134	.	1	1	0	0|1	.	.	.	.	.	-	-	ref	yes	1	.	.	.	0
truth_smvar	chr7	159812134	159812134	.	1	1	0	0|1	.	.	.	.	.	-	-	ref	no:duplicate_of_stvar	1	.	.	.	0
truth_stvar	chr7	159812168	159812171	.	4	1	3	1|0	.	.	.	.	.	-	-	yes	ref	1	.	.	.	0
truth_smvar	chr7	159812168	159812171	.	4	1	3	1|0	.	.	.	.	.	-	-	no:duplicate_of_stvar	ref	1	.	.	.	0
truth_stvar	chr7	159812173	159812173	.	1	1	0	0|1	.	.	.	.	.	-	-	ref	yes	1	.	.	.	0
truth_smvar	chr7	159812173	159812173	.	1	1	0	0|1	.	.	.	.	.	-	-	ref	no:duplicate_of_stvar	1	.	.	.	0
truth_stvar	chr7	159812176	159812179	.	4	1	3	0|1	.	.	.	.	.	-	-	ref	yes	1	.	.	.	0
truth_smvar	chr7	159812176	159812179	.	4	1	3	0|1	.	.	.	.	.	-	-	ref	no:duplicate_of_stvar	1	.	.	.	0
truth_stvar	chr7	159812257	159812257	.	1	1	0	1|0	.	.	.	.	.	-	-	yes	ref	1	.	.	.	0
truth_smvar	chr7	159812257	159812257	.	1	1	0	1|0	.	.	.	.	.	-	-	no:duplicate_of_stvar	ref	1	.	.	.	0
truth_stvar	chr7	159812261	159812741	.	481	1	480	0|1	.	.	.	.	.	FN	FN	ref	yes	1	DEL	90	.	0
truth_smvar	chr7	159812261	159812741	.	481	1	480	0|1	.	.	.	.	.	-	-	ref	no:duplicate_of_stvar	1	.	90	.	0
truth_stvar	chr7	159812275	159812278	.	4	1	0	0|1	.	.	.	.	.	-	-	ref	no:star_allele	1	.	.	.	0
truth_stvar	chr7	159812275	159812278	.	4	1	3	1|0	.	.	.	.	.	-	-	yes	ref	1	.	.	.	0
truth_smvar	chr7	159812275	159812278	.	4	1,1	3	1|2	.	.	.	.	.	-	-	no:duplicate_of_stvar	no:star_allele	1	.	.	.	0
truth_stvar	chr7	159812316	159812316	.	1	1	0	0|1	.	.	.	.	.	-	-	ref	no:star_allele	1	.	.	.	0
truth_stvar	chr7	159812316	159812316	.	1	1	0	1|0	.	.	.	.	.	-	-	yes	ref	1	.	.	.	0
truth_smvar	chr7	159812316	159812316	.	1	1,1	0	1|2	.	.	.	.	.	-	-	no:duplicate_of_stvar	no:star_allele	1	.	.	.	0
truth_stvar	chr7	159812317	159812317	.	1	1	0	0|1	.	.	.	.	.	-	-	ref	no:star_allele	1	.	.	.	0
truth_stvar	chr7	159812317	159812317	.	1	1	0	1|0	.	.	.	.	.	-	-	yes	ref	1	.	.	.	0
truth_smvar	chr7	159812317	159812317	.	1	1,1	0	1|2	.	.	.	.	.	-	-	no:duplicate_of_stvar	no:star_allele	1	.	.	.	0
truth_stvar	chr7	159812319	159812319	.	1	1	0	0|1	.	.	.	.	.	-	-	ref	no:star_allele	1	.	.	.	0
truth_stvar	chr7	159812319	159812319	.	1	1	0	1|0	.	.	.	.	.	-	-	yes	ref	1	.	.	.	0
truth_smvar	chr7	159812319	159812319	.	1	1,1	0	1|2	.	.	.	.	.	-	-	no:duplicate_of_stvar	no:star_allele	1	.	.	.	0
truth_stvar	chr7	159812320	159812320	.	1	1	0	0|1	.	.	.	.	.	-	-	ref	no:star_allele	1	.	.	.	0
truth_stvar	chr7	159812320	159812320	.	1	1	0	1|0	.	.	.	.	.	-	-	yes	ref	1	.	.	.	0
truth_smvar	chr7	159812320	159812320	.	1	1,1	0	1|2	.	.	.	.	.	-	-	no:duplicate_of_stvar	no:star_allele	1	.	.	.	0
truth_stvar	chr7	159812347	159812347	.	1	1	0	0|1	.	.	.	.	.	-	-	ref	no:star_allele	1	.	.	.	0
truth_stvar	chr7	159812347	159812347	.	1	1	0	1|0	.	.	.	.	.	-	-	yes	ref	1	.	.	.	0
truth_smvar	chr7	159812347	159812347	.	1	1,1	0	1|2	.	.	.	.	.	-	-	no:duplicate_of_stvar	no:star_allele	1	.	.	.	0
truth_stvar	chr7	159812355	159812355	.	1	1	0	0|1	.	.	.	.	.	-	-	ref	no:star_allele	1	.	.	.	0
truth_stvar	chr7	159812355	159812355	.	1	91	90	1|0	.	.	.	.	.	FN	FN	yes	ref	1	INS	90	.	0
truth_smvar	chr7	159812355	159812355	.	1	91,1	90	1|2	.	.	.	.	.	-	-	no:duplicate_of_stvar	no:star_allele	1	.	90	.	0
truth_stvar	chr7	159812455	159812455	.	1	1	0	0|1	.	.	.	.	.	-	-	ref	no:star_allele	1	.	.	.	0
truth_stvar	chr7	159812455	159812455	.	1	1	0	1|0	.	.	.	.	.	-	-	yes	ref	1	.	.	.	0
truth_smvar	chr7	159812455	159812455	.	1	1,1	0	1|2	.	.	.	.	.	-	-	no:duplicate_of_stvar	no:star_allele	1	.	.	.	0
truth_stvar	chr7	159812490	159812490	.	1	1	0	0|1	.	.	.	.	.	-	-	ref	no:star_allele	1	.	.	.	0
truth_stvar	chr7	159812490	159812490	.	1	1	0	1|0	.	.	.	.	.	-	-	yes	ref	1	.	.	.	0
truth_smvar	chr7	159812490	159812490	.	1	1,1	0	1|2	.	.	.	.	.	-	-	no:duplicate_of_stvar	no:star_allele	1	.	.	.	0
truth_stvar	chr7	159812493	159812493	.	1	1	0	0|1	.	.	.	.	.	-	-	ref	no:star_allele	1	.	.	.	0
truth_stvar	chr7	159812493	159812493	.	1	4	3	1|0	.	.	.	.	.	-	-	yes	ref	1	.	.	.	0
truth_smvar	chr7	159812493	159812493	.	1	4,1	3	1|2	.	.	.	.	.	-	-	no:duplicate_of_stvar	no:star_allele	1	.	.	.	0
truth_stvar	chr7	159812546	159812546	.	1	1	0	0|1	.	.	.	.	.	-	-	ref	no:star_allele	1	.	.	.	0
truth_stvar	chr7	159812546	159812546	.	1	1	0	1|0	.	.	.	.	.	-	-	yes	ref	1	.	.	.	0
truth_smvar	chr7	159812546	159812546	.	1	1,1	0	1|2	.	.	.	.	.	-	-	no:duplicate_of_stvar	no:star_allele	1	.	.	.	0
truth_stvar	chr7	159812594	159812594	.	1	1	0	0|1	.	.	.	.	.	-	-	ref	no:star_allele	1	.	.	.	0
truth_stvar	chr7	159812594	159812594	.	1	43	42	1|0	.	.	.	.	.	-	-	yes	ref	1	INS	90	.	0
truth_smvar	chr7	159812594	159812594	.	1	43,1	42	1|2	.	.	.	.	.	-	-	no:duplicate_of_stvar	no:star_allele	1	.	90	.	0
truth_stvar	chr7	159812659	159812659	.	1	1	0	0|1	.	.	.	.	.	-	-	ref	no:star_allele	1	.	.	.	0
truth_stvar	chr7	159812659	159812659	.	1	4	3	1|0	.	.	.	.	.	-	-	yes	ref	1	.	.	.	0
truth_smvar	chr7	159812659	159812659	.	1	4,1	3	1|2	.	.	.	.	.	-	-	no:duplicate_of_stvar	no:star_allele	1	.	.	.	0
truth_stvar	chr7	159812695	159812695	.	1	1	0	0|1	.	.	.	.	.	-	-	ref	no:star_allele	1	.	.	.	0
truth_stvar	chr7	159812695	159812695	.	1	1	0	1|0	.	.	.	.	.	-	-	yes	ref	1	.	.	.	0
truth_smvar	chr7	159812695	159812695	.	1	1,1	0	1|2	.	.	.	.	.	-	-	no:duplicate_of_stvar	no:star_allele	1	.	.	.	0
truth_stvar	chr7	159812704	159812704	.	1	1	0	0|1	.	.	.	.	.	-	-	ref	no:star_allele	1	.	.	.	0
truth_stvar	chr7	159812704	159812704	.	1	1	0	1|0	.	.	.	.	.	-	-	yes	ref	1	.	.	.	0
truth_smvar	chr7	159812704	159812704	.	1	1,1	0	1|2	.	.	.	.	.	-	-	no:duplicate_of_stvar	no:star_allele	1	.	.	.	0
truth_stvar	chr7	159812716	159812719	.	4	1	0	0|1	.	.	.	.	.	-	-	ref	no:star_allele	1	.	.	.	0
truth_stvar	chr7	159812716	159812719	.	4	1	3	1|0	.	.	.	.	.	-	-	yes	ref	1	.	.	.	0
truth_smvar	chr7	159812716	159812719	.	4	1,1	3	1|2	.	.	.	.	.	-	-	no:duplicate_of_stvar	no:star_allele	1	.	.	.	0
truth_stvar	chr7	159812726	159812726	.	1	1	0	0|1	.	.	.	.	.	-	-	ref	no:star_allele	1	.	.	.	0
truth_stvar	chr7	159812726	159812726	.	1	1	0	1|0	.	.	.	.	.	-	-	yes	ref	1	.	.	.	0
truth_smvar	chr7	159812726	159812726	.	1	1,1	0	1|2	.	.	.	.	.	-	-	no:duplicate_of_stvar	no:star_allele	1	.	.	.	0
truth_stvar	chr7	159812736	159812736	.	1	1	0	0|1	.	.	.	.	.	-	-	ref	no:star_allele	1	.	.	.	0
truth_stvar	chr7	159812736	159812736	.	1	1	0	1|0	.	.	.	.	.	-	-	yes	ref	1	.	.	.	0
truth_smvar	chr7	159812736	159812736	.	1	1,1	0	1|2	.	.	.	.	.	-	-	no:duplicate_of_stvar	no:star_allele	1	.	.	.	0
truth_stvar	chr7	159812741	159812741	.	1	1	0	0|1	.	.	.	.	.	-	-	ref	no:star_allele	1	.	.	.	0
truth_stvar	chr7	159812741	159812741	.	1	4	3	1|0	.	.	.	.	.	-	-	yes	ref	1	.	.	.	0
truth_smvar	chr7	159812741	159812741	.	1	4,1	3	1|2	.	.	.	.	.	-	-	no:duplicate_of_stvar	no:star_allele	1	.	.	.	0
truth_stvar	chr7	159812796	159812796	.	1	1	0	0|1	.	.	.	.	.	-	-	ref	yes	1	.	.	.	0
truth_smvar	chr7	159812796	159812796	.	1	1	0	0|1	.	.	.	.	.	-	-	ref	no:duplicate_of_stvar	1	.	.	.	0
truth_stvar	chr7	159812806	159812806	.	1	1	0	0|1	.	.	.	.	.	-	-	ref	yes	1	.	.	.	0
truth_smvar	chr7	159812806	159812806	.	1	1	0	0|1	.	.	.	.	.	-	-	ref	no:duplicate_of_stvar	1	.	.	.	0
truth_stvar	chr7	159812828	159812831	.	4	1	3	1|0	.	.	.	.	.	-	-	yes	ref	1	.	.	.	0
truth_smvar	chr7	159812828	159812831	.	4	1	3	1|0	.	.	.	.	.	-	-	no:duplicate_of_stvar	ref	1	.	.	.	0
truth_stvar	chr7	159812868	159813174	.	307	1	306	0|1	.	.	.	.	.	FN	FN	ref	yes	1	DEL	90	.	0
truth_smvar	chr7	159812868	159813174	.	307	1	306	0|1	.	.	.	.	.	-	-	ref	no:duplicate_of_stvar	1	.	90	.	0
truth_stvar	chr7	159812886	159812886	.	1	1	0	0|1	.	.	.	.	.	-	-	ref	no:star_allele	1	.	.	.	0
truth_stvar	chr7	159812886	159812886	.	1	1	0	1|0	.	.	.	.	.	-	-	yes	ref	1	.	.	.	0
truth_smvar	chr7	159812886	159812886	.	1	1,1	0	1|2	.	.	.	.	.	-	-	no:duplicate_of_stvar	no:star_allele	1	.	.	.	0
truth_stvar	chr7	159812889	159812889	.	1	1	0	0|1	.	.	.	.	.	-	-	ref	no:star_allele	1	.	.	.	0
truth_stvar	chr7	159812889	159812889	.	1	4	3	1|0	.	.	.	.	.	-	-	yes	ref	1	.	.	.	0
truth_smvar	chr7	159812889	159812889	.	1	4,1	3	1|2	.	.	.	.	.	-	-	no:duplicate_of_stvar	no:star_allele	1	.	.	.	0
truth_stvar	chr7	159812893	159812893	.	1	1	0	0|1	.	.	.	.	.	-	-	ref	no:star_allele	1	.	.	.	0
truth_stvar	chr7	159812893	159812893	.	1	1	0	1|0	.	.	.	.	.	-	-	yes	ref	1	.	.	.	0
truth_smvar	chr7	159812893	159812893	.	1	1,1	0	1|2	.	.	.	.	.	-	-	no:duplicate_of_stvar	no:star_allele	1	.	.	.	0
truth_stvar	chr7	159812965	159812965	.	1	1	0	0|1	.	.	.	.	.	-	-	ref	no:star_allele	1	.	.	.	0
truth_stvar	chr7	159812965	159812965	.	1	181	180	1|0	.	.	.	.	.	FN	FN	yes	ref	1	INS	90	.	0
truth_smvar	chr7	159812965	159812965	.	1	181,1	180	1|2	.	.	.	.	.	-	-	no:duplicate_of_stvar	no:star_allele	1	.	90	.	0
truth_stvar	chr7	159813097	159813097	.	1	1	0	0|1	.	.	.	.	.	-	-	ref	no:star_allele	1	.	.	.	0
truth_stvar	chr7	159813097	159813097	.	1	4	3	1|0	.	.	.	.	.	-	-	yes	ref	1	.	.	.	0
truth_smvar	chr7	159813097	159813097	.	1	4,1	3	1|2	.	.	.	.	.	-	-	no:duplicate_of_stvar	no:star_allele	1	.	.	.	0
truth_stvar	chr7	159813137	159813137	.	1	1	0	0|1	.	.	.	.	.	-	-	ref	no:star_allele	1	.	.	.	0
truth_stvar	chr7	159813137	159813137	.	1	217	216	1|0	.	.	.	.	.	FN	FN	yes	ref	1	INS	90	.	0
truth_smvar	chr7	159813137	159813137	.	1	217,1	216	1|2	.	.	.	.	.	-	-	no:duplicate_of_stvar	no:star_allele	1	.	90	.	0
truth_stvar	chr7	159813145	159813145	.	1	1	0	0|1	.	.	.	.	.	-	-	ref	no:star_allele	1	.	.	.	0
truth_stvar	chr7	159813145	159813145	.	1	1	0	1|0	.	.	.	.	.	-	-	yes	ref	1	.	.	.	0
truth_smvar	chr7	159813145	159813145	.	1	1,1	0	1|2	.	.	.	.	.	-	-	no:duplicate_of_stvar	no:star_allele	1	.	.	.	0
truth_stvar	chr7	159813174	159813174	.	1	1	0	0|1	.	.	.	.	.	-	-	ref	no:star_allele	1	.	.	.	0
truth_stvar	chr7	159813174	159813174	.	1	1	0	1|0	.	.	.	.	.	-	-	yes	ref	1	.	.	.	0
truth_smvar	chr7	159813174	159813174	.	1	1,1	0	1|2	.	.	.	.	.	-	-	no:duplicate_of_stvar	no:star_allele	1	.	.	.	0
truth_stvar	chr7	159813187	159813187	.	1	1	0	1|0	.	.	.	.	.	-	-	yes	ref	1	.	.	.	0
truth_smvar	chr7	159813187	159813187	.	1	1	0	1|0	.	.	.	.	.	-	-	no:duplicate_of_stvar	ref	1	.	.	.	0
truth_stvar	chr7	159813190	159813190	.	1	1	0	1|1	.	.	.	.	.	-	-	yes	yes	1	.	.	.	0
truth_smvar	chr7	159813190	159813190	.	1	1	0	1|1	.	.	.	.	.	-	-	no:duplicate_of_stvar	no:duplicate_of_stvar	1	.	.	.	0
truth_stvar	chr7	159813247	159813247	.	1	1	0	0|1	.	.	.	.	.	-	-	ref	yes	1	.	.	.	0
truth_smvar	chr7	159813247	159813247	.	1	1	0	0|1	.	.	.	.	.	-	-	ref	no:duplicate_of_stvar	1	.	.	.	0
truth_stvar	chr7	159813277	159813277	.	1	1	0	1|1	.	.	.	.	.	-	-	yes	yes	1	.	.	.	0
truth_smvar	chr7	159813277	159813277	.	1	1	0	1|1	.	.	.	.	.	-	-	no:duplicate_of_stvar	no:duplicate_of_stvar	1	.	.	.	0
truth_stvar	chr7	159813280	159813280	.	1	1	0	1|1	.	.	.	.	.	-	-	yes	yes	1	.	.	.	0
truth_smvar	chr7	159813280	159813280	.	1	1	0	1|1	.	.	.	.	.	-	-	no:duplicate_of_stvar	no:duplicate_of_stvar	1	.	.	.	0
truth_stvar	chr7	159813282	159813282	.	1	1	0	0|1	.	.	.	.	.	-	-	ref	yes	1	.	.	.	0
truth_smvar	chr7	159813282	159813282	.	1	1	0	0|1	.	.	.	.	.	-	-	ref	no:duplicate_of_stvar	1	.	.	.	0
truth_stvar	chr7	159813292	159813292	.	1	1	0	1|1	.	.	.	.	.	-	-	yes	yes	1	.	.	.	0
truth_smvar	chr7	159813292	159813292	.	1	1	0	1|1	.	.	.	.	.	-	-	no:duplicate_of_stvar	no:duplicate_of_stvar	1	.	.	.	0
truth_stvar	chr7	159813304	159813304	.	1	1	0	0|1	.	.	.	.	.	-	-	ref	yes	1	.	.	.	0
truth_smvar	chr7	159813304	159813304	.	1	1	0	0|1	.	.	.	.	.	-	-	ref	no:duplicate_of_stvar	1	.	.	.	0
truth_stvar	chr7	159813337	159813337	.	1	1	0	1|1	.	.	.	.	.	-	-	yes	yes	1	.	.	.	0
truth_smvar	chr7	159813337	159813337	.	1	1	0	1|1	.	.	.	.	.	-	-	no:duplicate_of_stvar	no:duplicate_of_stvar	1	.	.	.	0
truth_stvar	chr7	159813457	159813457	.	1	1	0	1|0	.	.	.	.	.	-	-	yes	ref	1	.	.	.	0
truth_stvar	chr7	159813457	159813544	.	88	1	87	0|1	.	.	.	.	.	FN	FN	ref	yes	1	DEL	90	.	0
truth_smvar	chr7	159813457	159813544	.	88	88,1	87	1|2	.	.	.	.	.	-	-	no:overlaps_applied_stvar	no:duplicate_of_stvar	1	.	.	.	0
truth_stvar	chr7	159813517	159813517	.	1	1	0	0|1	.	.	.	.	.	-	-	ref	no:star_allele	1	.	.	.	0
truth_stvar	chr7	159813517	159813517	.	1	1	0	1|0	.	.	.	.	.	-	-	yes	ref	1	.	.	.	0
truth_smvar	chr7	159813517	159813517	.	1	1,1	0	1|2	.	.	.	.	.	-	-	no:duplicate_of_stvar	no:star_allele	1	.	.	.	0
truth_stvar	chr7	159813539	159813539	.	1	1	0	0|1	.	.	.	.	.	-	-	ref	no:star_allele	1	.	.	.	0
truth_stvar	chr7	159813539	159813539	.	1	4	3	1|0	.	.	.	.	.	-	-	yes	ref	1	.	.	.	0
truth_smvar	chr7	159813539	159813539	.	1	4,1	3	1|2	.	.	.	.	.	-	-	no:duplicate_of_stvar	no:star_allele	1	.	.	.	0
truth_stvar	chr7	159813589	159813589	.	1	1	0	0|1	.	.	.	.	.	-	-	ref	yes	1	.	.	.	0
truth_smvar	chr7	159813589	159813589	.	1	1	0	0|1	.	.	.	.	.	-	-	ref	no:duplicate_of_stvar	1	.	.	.	0
truth_stvar	chr7	159813649	159813649	.	1	1	0	0|1	.	.	.	.	.	-	-	ref	yes	1	.	.	.	0
truth_smvar	chr7	159813649	159813649	.	1	1	0	0|1	.	.	.	.	.	-	-	ref	no:duplicate_of_stvar	1	.	.	.	0
truth_stvar	chr7	159813674	159813674	.	1	169	168	1|0	.	.	.	.	.	FN	FN	yes	ref	1	INS	90	.	0
truth_smvar	chr7	159813674	159813674	.	1	169	168	1|0	.	.	.	.	.	-	-	no:duplicate_of_stvar	ref	1	.	90	.	0
truth_stvar	chr7	159813679	159813679	.	1	1	0	0|1	.	.	.	.	.	-	-	ref	yes	1	.	.	.	0
truth_smvar	chr7	159813679	159813679	.	1	1	0	0|1	.	.	.	.	.	-	-	ref	no:duplicate_of_stvar	1	.	.	.	0
truth_stvar	chr7	159813682	159813682	.	1	1	0	1|0	.	.	.	.	.	-	-	yes	ref	1	.	.	.	0
truth_smvar	chr7	159813682	159813682	.	1	1	0	1|0	.	.	.	.	.	-	-	no:duplicate_of_stvar	ref	1	.	.	.	0
truth_stvar	chr7	159813729	159813729	.	1	1	0	1|1	.	.	.	.	.	-	-	yes	yes	1	.	.	.	0
truth_smvar	chr7	159813729	159813729	.	1	1	0	1|1	.	.	.	.	.	-	-	no:duplicate_of_stvar	no:duplicate_of_stvar	1	.	.	.	0
truth_stvar	chr7	159813730	159813730	.	1	1	0	1|1	.	.	.	.	.	-	-	yes	yes	1	.	.	.	0
truth_smvar	chr7	159813730	159813730	.	1	1	0	1|1	.	.	.	.	.	-	-	no:duplicate_of_stvar	no:duplicate_of_stvar	1	.	.	.	0
truth_stvar	chr7	159813732	159813732	.	1	1	0	1|1	.	.	.	.	.	-	-	yes	yes	1	.	.	.	0
truth_smvar	chr7	159813732	159813732	.	1	1	0	1|1	.	.	.	.	.	-	-	no:duplicate_of_stvar	no:duplicate_of_stvar	1	.	.	.	0
truth_stvar	chr7	159813736	159813736	.	1	1	0	0|1	.	.	.	.	.	-	-	ref	yes	1	.	.	.	0
truth_smvar	chr7	159813736	159813736	.	1	1	0	0|1	.	.	.	.	.	-	-	ref	no:duplicate_of_stvar	1	.	.	.	0
truth_stvar	chr7	159813771	159813771	.	1	1	0	0|1	.	.	.	.	.	-	-	ref	yes	1	.	.	.	0
truth_smvar	chr7	159813771	159813771	.	1	1	0	0|1	.	.	.	.	.	-	-	ref	no:duplicate_of_stvar	1	.	.	.	0
truth_stvar	chr7	159813772	159813772	.	1	1	0	0|1	.	.	.	.	.	-	-	ref	yes	1	.	.	.	0
truth_smvar	chr7	159813772	159813772	.	1	1	0	0|1	.	.	.	.	.	-	-	ref	no:duplicate_of_stvar	1	.	.	.	0
truth_stvar	chr7	159813774	159813774	.	1	1	0	0|1	.	.	.	.	.	-	-	ref	yes	1	.	.	.	0
truth_smvar	chr7	159813774	159813774	.	1	1	0	0|1	.	.	.	.	.	-	-	ref	no:duplicate_of_stvar	1	.	.	.	0
truth_stvar	chr7	159813775	159813775	.	1	1	0	0|1	.	.	.	.	.	-	-	ref	yes	1	.	.	.	0
truth_smvar	chr7	159813775	159813775	.	1	1	0	0|1	.	.	.	.	.	-	-	ref	no:duplicate_of_stvar	1	.	.	.	0
truth_stvar	chr7	159813778	159813778	.	1	1	0	1|0	.	.	.	.	.	-	-	yes	ref	1	.	.	.	0
truth_smvar	chr7	159813778	159813778	.	1	1	0	1|0	.	.	.	.	.	-	-	no:duplicate_of_stvar	ref	1	.	.	.	0
truth_stvar	chr7	159813817	159813820	.	4	1	3	0|1	.	.	.	.	.	-	-	ref	yes	1	.	.	.	0
truth_smvar	chr7	159813817	159813820	.	4	1	3	0|1	.	.	.	.	.	-	-	ref	no:duplicate_of_stvar	1	.	.	.	0
truth_stvar	chr7	159813853	159813853	.	1	1	0	0|1	.	.	.	.	.	-	-	ref	yes	1	.	.	.	0
truth_smvar	chr7	159813853	159813853	.	1	1	0	0|1	.	.	.	.	.	-	-	ref	no:duplicate_of_stvar	1	.	.	.	0
truth_stvar	chr7	159813858	159813858	.	1	1	0	1|0	.	.	.	.	.	-	-	yes	ref	1	.	.	.	0
truth_smvar	chr7	159813858	159813858	.	1	1	0	1|0	.	.	.	.	.	-	-	no:duplicate_of_stvar	ref	1	.	.	.	0
truth_stvar	chr7	159813898	159813898	.	1	46	45	1|0	.	.	.	.	.	-	-	yes	ref	1	INS	90	.	0
truth_smvar	chr7	159813898	159813898	.	1	46	45	1|0	.	.	.	.	.	-	-	no:duplicate_of_stvar	ref	1	.	90	.	0
truth_stvar	chr7	159813901	159813940	.	40	1	39	0|1	.	.	.	.	.	-	-	ref	yes	1	DEL	90	.	0
truth_smvar	chr7	159813901	159813940	.	40	1	39	0|1	.	.	.	.	.	-	-	ref	no:duplicate_of_stvar	1	.	90	.	0
truth_stvar	chr7	159813952	159813952	.	1	1	0	1|1	.	.	.	.	.	-	-	yes	yes	1	.	.	.	0
truth_smvar	chr7	159813952	159813952	.	1	1	0	1|1	.	.	.	.	.	-	-	no:duplicate_of_stvar	no:duplicate_of_stvar	1	.	.	.	0
truth_stvar	chr7	159813994	159814129	.	136	1	135	0|1	.	.	.	.	.	FN	FN	ref	yes	1	DEL	90	.	0
truth_smvar	chr7	159813994	159814129	.	136	1	135	0|1	.	.	.	.	.	-	-	ref	no:duplicate_of_stvar	1	.	90	.	0
truth_stvar	chr7	159813998	159813998	.	1	1	0	0|1	.	.	.	.	.	-	-	ref	no:star_allele	1	.	.	.	0
truth_stvar	chr7	159813998	159813998	.	1	1	0	1|0	.	.	.	.	.	-	-	yes	ref	1	.	.	.	0
truth_smvar	chr7	159813998	159813998	.	1	1,1	0	1|2	.	.	.	.	.	-	-	no:duplicate_of_stvar	no:star_allele	1	.	.	.	0
truth_stvar	chr7	159814033	159814036	.	4	1	0	0|1	.	.	.	.	.	-	-	ref	no:star_allele	1	.	.	.	0
truth_stvar	chr7	159814033	159814036	.	4	1	3	1|0	.	.	.	.	.	-	-	yes	ref	1	.	.	.	0
truth_smvar	chr7	159814033	159814036	.	4	1,1	3	1|2	.	.	.	.	.	-	-	no:duplicate_of_stvar	no:star_allele	1	.	.	.	0
truth_stvar	chr7	159814072	159814072	.	1	1	0	0|1	.	.	.	.	.	-	-	ref	no:star_allele	1	.	.	.	0
truth_stvar	chr7	159814072	159814072	.	1	1	0	1|0	.	.	.	.	.	-	-	yes	ref	1	.	.	.	0
truth_smvar	chr7	159814072	159814072	.	1	1,1	0	1|2	.	.	.	.	.	-	-	no:duplicate_of_stvar	no:star_allele	1	.	.	.	0
truth_stvar	chr7	159814088	159814088	.	1	1	0	0|1	.	.	.	.	.	-	-	ref	no:star_allele	1	.	.	.	0
truth_stvar	chr7	159814088	159814088	.	1	1	0	1|0	.	.	.	.	.	-	-	yes	ref	1	.	.	.	0
truth_smvar	chr7	159814088	159814088	.	1	1,1	0	1|2	.	.	.	.	.	-	-	no:duplicate_of_stvar	no:star_allele	1	.	.	.	0
truth_stvar	chr7	159814114	159814117	.	4	1	0	0|1	.	.	.	.	.	-	-	ref	no:star_allele	1	.	.	.	0
truth_stvar	chr7	159814114	159814117	.	4	1	3	1|0	.	.	.	.	.	-	-	yes	ref	1	.	.	.	0
truth_smvar	chr7	159814114	159814117	.	4	1,1	3	1|2	.	.	.	.	.	-	-	no:duplicate_of_stvar	no:star_allele	1	.	.	.	0
truth_stvar	chr7	159814164	159814164	.	1	1	0	1|0	.	.	.	.	.	-	-	yes	ref	1	.	.	.	0
truth_smvar	chr7	159814164	159814164	.	1	1	0	1|0	.	.	.	.	.	-	-	no:duplicate_of_stvar	ref	1	.	.	.	0
truth_stvar	chr7	159814165	159814165	.	1	1	0	1|0	.	.	.	.	.	-	-	yes	ref	1	.	.	.	0
truth_smvar	chr7	159814165	159814165	.	1	1	0	1|0	.	.	.	.	.	-	-	no:duplicate_of_stvar	ref	1	.	.	.	0
truth_stvar	chr7	159814167	159814167	.	1	1	0	1|0	.	.	.	.	.	-	-	yes	ref	1	.	.	.	0
truth_smvar	chr7	159814167	159814167	.	1	1	0	1|0	.	.	.	.	.	-	-	no:duplicate_of_stvar	ref	1	.	.	.	0
truth_stvar	chr7	159814168	159814168	.	1	1	0	0|1	.	.	.	.	.	-	-	ref	yes	1	.	.	.	0
truth_smvar	chr7	159814168	159814168	.	1	1	0	0|1	.	.	.	.	.	-	-	ref	no:duplicate_of_stvar	1	.	.	.	0
truth_stvar	chr7	159814171	159814171	.	1	1	0	1|0	.	.	.	.	.	-	-	yes	ref	1	.	.	.	0
truth_smvar	chr7	159814171	159814171	.	1	1	0	1|0	.	.	.	.	.	-	-	no:duplicate_of_stvar	ref	1	.	.	.	0
truth_stvar	chr7	159814201	159814201	.	1	4	3	1|1	.	.	.	.	.	-	-	yes	yes	1	.	.	.	0
truth_smvar	chr7	159814201	159814201	.	1	4	3	1|1	.	.	.	.	.	-	-	no:duplicate_of_stvar	no:duplicate_of_stvar	1	.	.	.	0
truth_stvar	chr7	159814243	159814243	.	1	1	0	0|1	.	.	.	.	.	-	-	ref	yes	1	.	.	.	0
truth_smvar	chr7	159814243	159814243	.	1	1	0	0|1	.	.	.	.	.	-	-	ref	no:duplicate_of_stvar	1	.	.	.	0
truth_stvar	chr7	159814348	159814348	.	1	1	0	1|0	.	.	.	.	.	-	-	yes	ref	1	.	.	.	0
truth_smvar	chr7	159814348	159814348	.	1	1	0	1|0	.	.	.	.	.	-	-	no:duplicate_of_stvar	ref	1	.	.	.	0
truth_stvar	chr7	159814378	159814378	.	1	1	0	0|1	.	.	.	.	.	-	-	ref	yes	1	.	.	.	0
truth_smvar	chr7	159814378	159814378	.	1	1	0	0|1	.	.	.	.	.	-	-	ref	no:duplicate_of_stvar	1	.	.	.	0
truth_stvar	chr7	159814393	159814393	.	1	1	0	0|1	.	.	.	.	.	-	-	ref	yes	1	.	.	.	0
truth_smvar	chr7	159814393	159814393	.	1	1	0	0|1	.	.	.	.	.	-	-	ref	no:duplicate_of_stvar	1	.	.	.	0
truth_stvar	chr7	159814415	159814418	.	4	1	3	1|0	.	.	.	.	.	-	-	yes	ref	1	.	.	.	0
truth_smvar	chr7	159814415	159814418	.	4	1	3	1|0	.	.	.	.	.	-	-	no:duplicate_of_stvar	ref	1	.	.	.	0
truth_stvar	chr7	159814423	159814423	.	1	1	0	0|1	.	.	.	.	.	-	-	ref	yes	1	.	.	.	0
truth_smvar	chr7	159814423	159814423	.	1	1	0	0|1	.	.	.	.	.	-	-	ref	no:duplicate_of_stvar	1	.	.	.	0
truth_stvar	chr7	159814426	159814426	.	1	1	0	1|0	.	.	.	.	.	-	-	yes	ref	1	.	.	.	0
truth_smvar	chr7	159814426	159814426	.	1	1	0	1|0	.	.	.	.	.	-	-	no:duplicate_of_stvar	ref	1	.	.	.	0
truth_stvar	chr7	159814432	159814435	.	4	1	3	1|1	.	.	.	.	.	-	-	yes	yes	1	.	.	.	0
truth_smvar	chr7	159814432	159814435	.	4	1	3	1|1	.	.	.	.	.	-	-	no:duplicate_of_stvar	no:duplicate_of_stvar	1	.	.	.	0
truth_stvar	chr7	159814441	159814441	.	1	1	0	1|0	.	.	.	.	.	-	-	yes	ref	1	.	.	.	0
truth_smvar	chr7	159814441	159814441	.	1	1	0	1|0	.	.	.	.	.	-	-	no:duplicate_of_stvar	ref	1	.	.	.	0
truth_stvar	chr7	159814468	159814471	.	4	1	3	0|1	.	.	.	.	.	-	-	ref	yes	1	.	.	.	0
truth_smvar	chr7	159814468	159814471	.	4	1	3	0|1	.	.	.	.	.	-	-	ref	no:duplicate_of_stvar	1	.	.	.	0
truth_stvar	chr7	159814513	159814513	.	1	1	0	0|1	.	.	.	.	.	-	-	ref	yes	1	.	.	.	0
truth_smvar	chr7	159814513	159814513	.	1	1	0	0|1	.	.	.	.	.	-	-	ref	no:duplicate_of_stvar	1	.	.	.	0
truth_stvar	chr7	159814518	159814518	.	1	1	0	1|0	.	.	.	.	.	-	-	yes	ref	1	.	.	.	0
truth_smvar	chr7	159814518	159814518	.	1	1	0	1|0	.	.	.	.	.	-	-	no:duplicate_of_stvar	ref	1	.	.	.	0
truth_stvar	chr7	159814570	159814972	.	403	1	402	0|1	.	.	.	.	.	FN	FN	ref	yes	1	DEL	90	.	0
truth_smvar	chr7	159814570	159814972	.	403	1	402	0|1	.	.	.	.	.	-	-	ref	no:duplicate_of_stvar	1	.	90	.	0
truth_stvar	chr7	159814603	159814603	.	1	1	0	0|1	.	.	.	.	.	-	-	ref	no:star_allele	1	.	.	.	0
truth_stvar	chr7	159814603	159814603	.	1	94	93	1|0	.	.	.	.	.	FN	FN	yes	ref	1	INS	90	.	0
truth_smvar	chr7	159814603	159814603	.	1	94,1	93	1|2	.	.	.	.	.	-	-	no:duplicate_of_stvar	no:star_allele	1	.	90	.	0
truth_stvar	chr7	159814615	159814615	.	1	1	0	0|1	.	.	.	.	.	-	-	ref	no:star_allele	1	.	.	.	0
truth_stvar	chr7	159814615	159814615	.	1	1	0	1|0	.	.	.	.	.	-	-	yes	ref	1	.	.	.	0
truth_smvar	chr7	159814615	159814615	.	1	1,1	0	1|2	.	.	.	.	.	-	-	no:duplicate_of_stvar	no:star_allele	1	.	.	.	0
truth_stvar	chr7	159814727	159814730	.	4	1	0	0|1	.	.	.	.	.	-	-	ref	no:star_allele	1	.	.	.	0
truth_stvar	chr7	159814727	159814730	.	4	1	3	1|0	.	.	.	.	.	-	-	yes	ref	1	.	.	.	0
truth_smvar	chr7	159814727	159814730	.	4	1,1	3	1|2	.	.	.	.	.	-	-	no:duplicate_of_stvar	no:star_allele	1	.	.	.	0
truth_stvar	chr7	159814738	159814738	.	1	1	0	0|1	.	.	.	.	.	-	-	ref	no:star_allele	1	.	.	.	0
truth_stvar	chr7	159814738	159814738	.	1	1	0	1|0	.	.	.	.	.	-	-	yes	ref	1	.	.	.	0
truth_smvar	chr7	159814738	159814738	.	1	1,1	0	1|2	.	.	.	.	.	-	-	no:duplicate_of_stvar	no:star_allele	1	.	.	.	0
truth_stvar	chr7	159814767	159814767	.	1	1	0	0|1	.	.	.	.	.	-	-	ref	no:star_allele	1	.	.	.	0
truth_stvar	chr7	159814767	159814767	.	1	1	0	1|0	.	.	.	.	.	-	-	yes	ref	1	.	.	.	0
truth_smvar	chr7	159814767	159814767	.	1	1,1	0	1|2	.	.	.	.	.	-	-	no:duplicate_of_stvar	no:star_allele	1	.	.	.	0
truth_stvar	chr7	159814772	159814772	.	1	1	0	0|1	.	.	.	.	.	-	-	ref	no:star_allele	1	.	.	.	0
truth_stvar	chr7	159814772	159814772	.	1	4	3	1|0	.	.	.	.	.	-	-	yes	ref	1	.	.	.	0
truth_smvar	chr7	159814772	159814772	.	1	4,1	3	1|2	.	.	.	.	.	-	-	no:duplicate_of_stvar	no:star_allele	1	.	.	.	0
truth_stvar	chr7	159814914	159814917	.	4	1	0	0|1	.	.	.	.	.	-	-	ref	no:star_allele	1	.	.	.	0
truth_stvar	chr7	159814914	159814917	.	4	1	3	1|0	.	.	.	.	.	-	-	yes	ref	1	.	.	.	0
truth_smvar	chr7	159814914	159814917	.	4	1,1	3	1|2	.	.	.	.	.	-	-	no:duplicate_of_stvar	no:star_allele	1	.	.	.	0
truth_stvar	chr7	159815034	159815034	.	1	94	93	1|0	.	.	.	.	.	FN	FN	yes	ref	1	INS	90	.	0
truth_smvar	chr7	159815034	159815034	.	1	94	93	1|0	.	.	.	.	.	-	-	no:duplicate_of_stvar	ref	1	.	90	.	0
truth_stvar	chr7	159815036	159815036	.	1	1	0	1|0	.	.	.	.	.	-	-	yes	ref	1	.	.	.	0
truth_smvar	chr7	159815036	159815036	.	1	1	0	1|0	.	.	.	.	.	-	-	no:duplicate_of_stvar	ref	1	.	.	.	0
truth_stvar	chr7	159815046	159815046	.	1	1	0	1|0	.	.	.	.	.	-	-	yes	ref	1	.	.	.	0
truth_smvar	chr7	159815046	159815046	.	1	1	0	1|0	.	.	.	.	.	-	-	no:duplicate_of_stvar	ref	1	.	.	.	0
truth_stvar	chr7	159815049	159815049	.	1	4	3	1|0	.	.	.	.	.	-	-	yes	ref	1	.	.	.	0
truth_smvar	chr7	159815049	159815049	.	1	4	3	1|0	.	.	.	.	.	-	-	no:duplicate_of_stvar	ref	1	.	.	.	0
truth_stvar	chr7	159815050	159816205	.	1156	1	1155	0|1	.	.	.	.	.	FN	FN	ref	yes	1	DEL	90	.	0
truth_smvar	chr7	159815050	159816205	.	1156	1	1155	0|1	.	.	.	.	.	-	-	ref	no:duplicate_of_stvar	1	.	90	.	0
truth_stvar	chr7	159815053	159815053	.	1	1	0	0|1	.	.	.	.	.	-	-	ref	no:star_allele	1	.	.	.	0
truth_stvar	chr7	159815053	159815053	.	1	1	0	1|0	.	.	.	.	.	-	-	yes	ref	1	.	.	.	0
truth_smvar	chr7	159815053	159815053	.	1	1,1	0	1|2	.	.	.	.	.	-	-	no:duplicate_of_stvar	no:star_allele	1	.	.	.	0
truth_stvar	chr7	159815088	159815088	.	1	1	0	0|1	.	.	.	.	.	-	-	ref	no:star_allele	1	.	.	.	0
truth_stvar	chr7	159815088	159815088	.	1	1	0	1|0	.	.	.	.	.	-	-	yes	ref	1	.	.	.	0
truth_smvar	chr7	159815088	159815088	.	1	1,1	0	1|2	.	.	.	.	.	-	-	no:duplicate_of_stvar	no:star_allele	1	.	.	.	0
truth_stvar	chr7	159815098	159815098	.	1	1	0	0|1	.	.	.	.	.	-	-	ref	no:star_allele	1	.	.	.	0
truth_stvar	chr7	159815098	159815098	.	1	1	0	1|0	.	.	.	.	.	-	-	yes	ref	1	.	.	.	0
truth_smvar	chr7	159815098	159815098	.	1	1,1	0	1|2	.	.	.	.	.	-	-	no:duplicate_of_stvar	no:star_allele	1	.	.	.	0
truth_stvar	chr7	159815143	159815143	.	1	1	0	0|1	.	.	.	.	.	-	-	ref	no:star_allele	1	.	.	.	0
truth_stvar	chr7	159815143	159815143	.	1	1	0	1|0	.	.	.	.	.	-	-	yes	ref	1	.	.	.	0
truth_smvar	chr7	159815143	159815143	.	1	1,1	0	1|2	.	.	.	.	.	-	-	no:duplicate_of_stvar	no:star_allele	1	.	.	.	0
truth_stvar	chr7	159815173	159815173	.	1	1	0	0|1	.	.	.	.	.	-	-	ref	no:star_allele	1	.	.	.	0
truth_stvar	chr7	159815173	159815173	.	1	1	0	1|0	.	.	.	.	.	-	-	yes	ref	1	.	.	.	0
truth_smvar	chr7	159815173	159815173	.	1	1,1	0	1|2	.	.	.	.	.	-	-	no:duplicate_of_stvar	no:star_allele	1	.	.	.	0
truth_stvar	chr7	159815178	159815178	.	1	1	0	0|1	.	.	.	.	.	-	-	ref	no:star_allele	1	.	.	.	0
truth_stvar	chr7	159815178	159815178	.	1	1	0	1|0	.	.	.	.	.	-	-	yes	ref	1	.	.	.	0
truth_smvar	chr7	159815178	159815178	.	1	1,1	0	1|2	.	.	.	.	.	-	-	no:duplicate_of_stvar	no:star_allele	1	.	.	.	0
truth_stvar	chr7	159815205	159815205	.	1	1	0	0|1	.	.	.	.	.	-	-	ref	no:star_allele	1	.	.	.	0
truth_stvar	chr7	159815205	159815205	.	1	1	0	1|0	.	.	.	.	.	-	-	yes	ref	1	.	.	.	0
truth_smvar	chr7	159815205	159815205	.	1	1,1	0	1|2	.	.	.	.	.	-	-	no:duplicate_of_stvar	no:star_allele	1	.	.	.	0
truth_stvar	chr7	159815210	159815210	.	1	1	0	0|1	.	.	.	.	.	-	-	ref	no:star_allele	1	.	.	.	0
truth_stvar	chr7	159815210	159815210	.	1	4	3	1|0	.	.	.	.	.	-	-	yes	ref	1	.	.	.	0
truth_smvar	chr7	159815210	159815210	.	1	4,1	3	1|2	.	.	.	.	.	-	-	no:duplicate_of_stvar	no:star_allele	1	.	.	.	0
truth_stvar	chr7	159815230	159815230	.	1	1	0	0|1	.	.	.	.	.	-	-	ref	no:star_allele	1	.	.	.	0
truth_stvar	chr7	159815230	159815230	.	1	1	0	1|0	.	.	.	.	.	-	-	yes	ref	1	.	.	.	0
truth_smvar	chr7	159815230	159815230	.	1	1,1	0	1|2	.	.	.	.	.	-	-	no:duplicate_of_stvar	no:star_allele	1	.	.	.	0
truth_stvar	chr7	159815305	159815305	.	1	1	0	0|1	.	.	.	.	.	-	-	ref	no:star_allele	1	.	.	.	0
truth_stvar	chr7	159815305	159815305	.	1	1	0	1|0	.	.	.	.	.	-	-	yes	ref	1	.	.	.	0
truth_smvar	chr7	159815305	159815305	.	1	1,1	0	1|2	.	.	.	.	.	-	-	no:duplicate_of_stvar	no:star_allele	1	.	.	.	0
truth_stvar	chr7	159815337	159815337	.	1	1	0	0|1	.	.	.	.	.	-	-	ref	no:star_allele	1	.	.	.	0
truth_stvar	chr7	159815337	159815337	.	1	1	0	1|0	.	.	.	.	.	-	-	yes	ref	1	.	.	.	0
truth_smvar	chr7	159815337	159815337	.	1	1,1	0	1|2	.	.	.	.	.	-	-	no:duplicate_of_stvar	no:star_allele	1	.	.	.	0
truth_stvar	chr7	159815342	159815342	.	1	1	0	0|1	.	.	.	.	.	-	-	ref	no:star_allele	1	.	.	.	0
truth_stvar	chr7	159815342	159815342	.	1	4	3	1|0	.	.	.	.	.	-	-	yes	ref	1	.	.	.	0
truth_smvar	chr7	159815342	159815342	.	1	4,1	3	1|2	.	.	.	.	.	-	-	no:duplicate_of_stvar	no:star_allele	1	.	.	.	0
truth_stvar	chr7	159815362	159815362	.	1	1	0	0|1	.	.	.	.	.	-	-	ref	no:star_allele	1	.	.	.	0
truth_stvar	chr7	159815362	159815362	.	1	1	0	1|0	.	.	.	.	.	-	-	yes	ref	1	.	.	.	0
truth_smvar	chr7	159815362	159815362	.	1	1,1	0	1|2	.	.	.	.	.	-	-	no:duplicate_of_stvar	no:star_allele	1	.	.	.	0
truth_stvar	chr7	159815379	159815379	.	1	1	0	0|1	.	.	.	.	.	-	-	ref	no:star_allele	1	.	.	.	0
truth_stvar	chr7	159815379	159815379	.	1	1	0	1|0	.	.	.	.	.	-	-	yes	ref	1	.	.	.	0
truth_smvar	chr7	159815379	159815379	.	1	1,1	0	1|2	.	.	.	.	.	-	-	no:duplicate_of_stvar	no:star_allele	1	.	.	.	0
truth_stvar	chr7	159815395	159815395	.	1	1	0	0|1	.	.	.	.	.	-	-	ref	no:star_allele	1	.	.	.	0
truth_stvar	chr7	159815395	159815395	.	1	1	0	1|0	.	.	.	.	.	-	-	yes	ref	1	.	.	.	0
truth_smvar	chr7	159815395	159815395	.	1	1,1	0	1|2	.	.	.	.	.	-	-	no:duplicate_of_stvar	no:star_allele	1	.	.	.	0
truth_stvar	chr7	159815407	159815407	.	1	1	0	0|1	.	.	.	.	.	-	-	ref	no:star_allele	1	.	.	.	0
truth_stvar	chr7	159815407	159815407	.	1	1	0	1|0	.	.	.	.	.	-	-	yes	ref	1	.	.	.	0
truth_smvar	chr7	159815407	159815407	.	1	1,1	0	1|2	.	.	.	.	.	-	-	no:duplicate_of_stvar	no:star_allele	1	.	.	.	0
truth_stvar	chr7	159815452	159815452	.	1	1	0	0|1	.	.	.	.	.	-	-	ref	no:star_allele	1	.	.	.	0
truth_stvar	chr7	159815452	159815452	.	1	40	39	1|0	.	.	.	.	.	-	-	yes	ref	1	INS	90	.	0
truth_smvar	chr7	159815452	159815452	.	1	40,1	39	1|2	.	.	.	.	.	-	-	no:duplicate_of_stvar	no:star_allele	1	.	90	.	0
truth_stvar	chr7	159815532	159815532	.	1	1	0	0|1	.	.	.	.	.	-	-	ref	no:star_allele	1	.	.	.	0
truth_stvar	chr7	159815532	159815532	.	1	1	0	1|0	.	.	.	.	.	-	-	yes	ref	1	.	.	.	0
truth_smvar	chr7	159815532	159815532	.	1	1,1	0	1|2	.	.	.	.	.	-	-	no:duplicate_of_stvar	no:star_allele	1	.	.	.	0
truth_stvar	chr7	159815611	159815611	.	1	1	0	0|1	.	.	.	.	.	-	-	ref	no:star_allele	1	.	.	.	0
truth_stvar	chr7	159815611	159815611	.	1	1	0	1|0	.	.	.	.	.	-	-	yes	ref	1	.	.	.	0
truth_smvar	chr7	159815611	159815611	.	1	1,1	0	1|2	.	.	.	.	.	-	-	no:duplicate_of_stvar	no:star_allele	1	.	.	.	0
truth_stvar	chr7	159815622	159815622	.	1	1	0	0|1	.	.	.	.	.	-	-	ref	no:star_allele	1	.	.	.	0
truth_stvar	chr7	159815622	159815622	.	1	1	0	1|0	.	.	.	.	.	-	-	yes	ref	1	.	.	.	0
truth_smvar	chr7	159815622	159815622	.	1	1,1	0	1|2	.	.	.	.	.	-	-	no:duplicate_of_stvar	no:star_allele	1	.	.	.	0
truth_stvar	chr7	159815667	159815667	.	1	1	0	0|1	.	.	.	.	.	-	-	ref	no:star_allele	1	.	.	.	0
truth_stvar	chr7	159815667	159815667	.	1	1	0	1|0	.	.	.	.	.	-	-	yes	ref	1	.	.	.	0
truth_smvar	chr7	159815667	159815667	.	1	1,1	0	1|2	.	.	.	.	.	-	-	no:duplicate_of_stvar	no:star_allele	1	.	.	.	0
truth_stvar	chr7	159815702	159815702	.	1	1	0	0|1	.	.	.	.	.	-	-	ref	no:star_allele	1	.	.	.	0
truth_stvar	chr7	159815702	159815702	.	1	43	42	1|0	.	.	.	.	.	-	-	yes	ref	1	INS	90	.	0
truth_smvar	chr7	159815702	159815702	.	1	43,1	42	1|2	.	.	.	.	.	-	-	no:duplicate_of_stvar	no:star_allele	1	.	90	.	0
truth_stvar	chr7	159815879	159815879	.	1	1	0	0|1	.	.	.	.	.	-	-	ref	no:star_allele	1	.	.	.	0
truth_stvar	chr7	159815879	159815879	.	1	163	162	1|0	.	.	.	.	.	FN	FN	yes	ref	1	INS	90	.	0
truth_smvar	chr7	159815879	159815879	.	1	163,1	162	1|2	.	.	.	.	.	-	-	no:duplicate_of_stvar	no:star_allele	1	.	90	.	0
truth_stvar	chr7	159815929	159815932	.	4	1	0	0|1	.	.	.	.	.	-	-	ref	no:star_allele	1	.	.	.	0
truth_stvar	chr7	159815929	159815932	.	4	1	3	1|0	.	.	.	.	.	-	-	yes	ref	1	.	.	.	0
truth_smvar	chr7	159815929	159815932	.	4	1,1	3	1|2	.	.	.	.	.	-	-	no:duplicate_of_stvar	no:star_allele	1	.	.	.	0
truth_stvar	chr7	159815951	159815951	.	1	1	0	0|1	.	.	.	.	.	-	-	ref	no:star_allele	1	.	.	.	0
truth_stvar	chr7	159815951	159815951	.	1	1	0	1|0	.	.	.	.	.	-	-	yes	ref	1	.	.	.	0
truth_smvar	chr7	159815951	159815951	.	1	1,1	0	1|2	.	.	.	.	.	-	-	no:duplicate_of_stvar	no:star_allele	1	.	.	.	0
truth_stvar	chr7	159816031	159816031	.	1	1	0	0|1	.	.	.	.	.	-	-	ref	no:star_allele	1	.	.	.	0
truth_stvar	chr7	159816031	159816031	.	1	1	0	1|0	.	.	.	.	.	-	-	yes	ref	1	.	.	.	0
truth_smvar	chr7	159816031	159816031	.	1	1,1	0	1|2	.	.	.	.	.	-	-	no:duplicate_of_stvar	no:star_allele	1	.	.	.	0
truth_stvar	chr7	159816038	159816038	.	1	1	0	0|1	.	.	.	.	.	-	-	ref	no:star_allele	1	.	.	.	0
truth_stvar	chr7	159816038	159816038	.	1	1	0	1|0	.	.	.	.	.	-	-	yes	ref	1	.	.	.	0
truth_smvar	chr7	159816038	159816038	.	1	1,1	0	1|2	.	.	.	.	.	-	-	no:duplicate_of_stvar	no:star_allele	1	.	.	.	0
truth_stvar	chr7	159816076	159816076	.	1	1	0	0|1	.	.	.	.	.	-	-	ref	no:star_allele	1	.	.	.	0
truth_stvar	chr7	159816076	159816076	.	1	1	0	1|0	.	.	.	.	.	-	-	yes	ref	1	.	.	.	0
truth_smvar	chr7	159816076	159816076	.	1	1,1	0	1|2	.	.	.	.	.	-	-	no:duplicate_of_stvar	no:star_allele	1	.	.	.	0
truth_stvar	chr7	159816173	159816173	.	1	1	0	0|1	.	.	.	.	.	-	-	ref	no:star_allele	1	.	.	.	0
truth_stvar	chr7	159816173	159816173	.	1	1	0	1|0	.	.	.	.	.	-	-	yes	ref	1	.	.	.	0
truth_smvar	chr7	159816173	159816173	.	1	1,1	0	1|2	.	.	.	.	.	-	-	no:duplicate_of_stvar	no:star_allele	1	.	.	.	0
truth_stvar	chr7	159816205	159816205	.	1	1	0	0|1	.	.	.	.	.	-	-	ref	no:star_allele	1	.	.	.	0
truth_stvar	chr7	159816205	159816205	.	1	4	3	1|0	.	.	.	.	.	-	-	yes	ref	1	.	.	.	0
truth_smvar	chr7	159816205	159816205	.	1	4,1	3	1|2	.	.	.	.	.	-	-	no:duplicate_of_stvar	no:star_allele	1	.	.	.	0
truth_stvar	chr7	159816238	159816241	.	4	1	3	1|0	.	.	.	.	.	-	-	yes	ref	1	.	.	.	0
truth_smvar	chr7	159816238	159816241	.	4	1	3	1|0	.	.	.	.	.	-	-	no:duplicate_of_stvar	ref	1	.	.	.	0
truth_stvar	chr7	159816253	159816253	.	1	1	0	1|0	.	.	.	.	.	-	-	yes	ref	1	.	.	.	0
truth_smvar	chr7	159816253	159816253	.	1	1	0	1|0	.	.	.	.	.	-	-	no:duplicate_of_stvar	ref	1	.	.	.	0
truth_stvar	chr7	159816298	159816298	.	1	1	0	1|1	.	.	.	.	.	-	-	yes	yes	1	.	.	.	0
truth_smvar	chr7	159816298	159816298	.	1	1	0	1|1	.	.	.	.	.	-	-	no:duplicate_of_stvar	no:duplicate_of_stvar	1	.	.	.	0
truth_stvar	chr7	159816343	159816343	.	1	1	0	1|0	.	.	.	.	.	-	-	yes	ref	1	.	.	.	0
truth_smvar	chr7	159816343	159816343	.	1	1	0	1|0	.	.	.	.	.	-	-	no:duplicate_of_stvar	ref	1	.	.	.	0
truth_stvar	chr7	159816388	159816388	.	1	1	0	1|1	.	.	.	.	.	-	-	yes	yes	1	.	.	.	0
truth_smvar	chr7	159816388	159816388	.	1	1	0	1|1	.	.	.	.	.	-	-	no:duplicate_of_stvar	no:duplicate_of_stvar	1	.	.	.	0
truth_stvar	chr7	159816433	159816433	.	1	1	0	0|1	.	.	.	.	.	-	-	ref	yes	1	.	.	.	0
truth_smvar	chr7	159816433	159816433	.	1	1	0	0|1	.	.	.	.	.	-	-	ref	no:duplicate_of_stvar	1	.	.	.	0
truth_stvar	chr7	159816450	159816450	.	1	7	6	1|0	.	.	.	.	.	-	-	yes	ref	1	.	.	.	0
truth_smvar	chr7	159816450	159816450	.	1	7	6	1|0	.	.	.	.	.	-	-	no:duplicate_of_stvar	ref	1	.	.	.	0
truth_stvar	chr7	159816452	159816452	.	1	1	0	1|0	.	.	.	.	.	-	-	yes	ref	1	.	.	.	0
truth_smvar	chr7	159816452	159816452	.	1	1	0	1|0	.	.	.	.	.	-	-	no:duplicate_of_stvar	ref	1	.	.	.	0
truth_stvar	chr7	159816462	159816462	.	1	1	0	1|0	.	.	.	.	.	-	-	yes	ref	1	.	.	.	0
truth_smvar	chr7	159816462	159816462	.	1	1	0	1|0	.	.	.	.	.	-	-	no:duplicate_of_stvar	ref	1	.	.	.	0
truth_stvar	chr7	159816465	159816465	.	1	4	3	1|0	.	.	.	.	.	-	-	yes	ref	1	.	.	.	0
truth_smvar	chr7	159816465	159816465	.	1	4	3	1|0	.	.	.	.	.	-	-	no:duplicate_of_stvar	ref	1	.	.	.	0
truth_stvar	chr7	159816466	159816466	.	1	1	0	0|1	.	.	.	.	.	-	-	ref	yes	1	.	.	.	0
truth_smvar	chr7	159816466	159816466	.	1	1	0	0|1	.	.	.	.	.	-	-	ref	no:duplicate_of_stvar	1	.	.	.	0
truth_stvar	chr7	159816469	159816469	.	1	1	0	1|1	.	.	.	.	.	-	-	yes	yes	1	.	.	.	0
truth_smvar	chr7	159816469	159816469	.	1	1	0	1|1	.	.	.	.	.	-	-	no:duplicate_of_stvar	no:duplicate_of_stvar	1	.	.	.	0
truth_stvar	chr7	159816508	159816508	.	1	1	0	1|1	.	.	.	.	.	-	-	yes	yes	1	.	.	.	0
truth_smvar	chr7	159816508	159816508	.	1	1	0	1|1	.	.	.	.	.	-	-	no:duplicate_of_stvar	no:duplicate_of_stvar	1	.	.	.	0
truth_stvar	chr7	159816514	159816514	.	1	1	0	0|1	.	.	.	.	.	-	-	ref	yes	1	.	.	.	0
truth_smvar	chr7	159816514	159816514	.	1	1	0	0|1	.	.	.	.	.	-	-	ref	no:duplicate_of_stvar	1	.	.	.	0
truth_stvar	chr7	159816549	159816549	.	1	1	0	0|1	.	.	.	.	.	-	-	ref	yes	1	.	.	.	0
truth_smvar	chr7	159816549	159816549	.	1	1	0	0|1	.	.	.	.	.	-	-	ref	no:duplicate_of_stvar	1	.	.	.	0
truth_stvar	chr7	159816604	159816604	.	1	1	0	1|1	.	.	.	.	.	-	-	yes	yes	1	.	.	.	0
truth_smvar	chr7	159816604	159816604	.	1	1	0	1|1	.	.	.	.	.	-	-	no:duplicate_of_stvar	no:duplicate_of_stvar	1	.	.	.	0
truth_stvar	chr7	159816634	159816634	.	1	1	0	0|1	.	.	.	.	.	-	-	ref	yes	1	.	.	.	0
truth_smvar	chr7	159816634	159816634	.	1	1	0	0|1	.	.	.	.	.	-	-	ref	no:duplicate_of_stvar	1	.	.	.	0
truth_stvar	chr7	159816639	159816639	.	1	1	0	0|1	.	.	.	.	.	-	-	ref	yes	1	.	.	.	0
truth_smvar	chr7	159816639	159816639	.	1	1	0	0|1	.	.	.	.	.	-	-	ref	no:duplicate_of_stvar	1	.	.	.	0
truth_stvar	chr7	159816646	159816649	.	4	1	3	1|0	.	.	.	.	.	-	-	yes	ref	1	.	.	.	0
truth_smvar	chr7	159816646	159816649	.	4	1	3	1|0	.	.	.	.	.	-	-	no:duplicate_of_stvar	ref	1	.	.	.	0
truth_stvar	chr7	159816649	159816649	.	1	1	0	1|0	.	.	.	.	.	-	-	no:star_allele	ref	1	.	.	.	0
truth_stvar	chr7	159816649	159816649	.	1	1	0	0|1	.	.	.	.	.	-	-	ref	yes	1	.	.	.	0
truth_smvar	chr7	159816649	159816649	.	1	1,1	0	2|1	.	.	.	.	.	-	-	no:star_allele	no:duplicate_of_stvar	1	.	.	.	0
truth_stvar	chr7	159816682	159817645	.	964	1	963	0|1	.	.	.	.	.	FN	FN	ref	yes	1	DEL	90	.	0
truth_smvar	chr7	159816682	159817645	.	964	1	963	0|1	.	.	.	.	.	-	-	ref	no:duplicate_of_stvar	1	.	90	.	0
truth_stvar	chr7	159816724	159816724	.	1	1	0	0|1	.	.	.	.	.	-	-	ref	no:star_allele	1	.	.	.	0
truth_stvar	chr7	159816724	159816724	.	1	4	3	1|0	.	.	.	.	.	-	-	yes	ref	1	.	.	.	0
truth_smvar	chr7	159816724	159816724	.	1	4,1	3	1|2	.	.	.	.	.	-	-	no:duplicate_of_stvar	no:star_allele	1	.	.	.	0
truth_stvar	chr7	159816771	159816771	.	1	1	0	0|1	.	.	.	.	.	-	-	ref	no:star_allele	1	.	.	.	0
truth_stvar	chr7	159816771	159816771	.	1	1	0	1|0	.	.	.	.	.	-	-	yes	ref	1	.	.	.	0
truth_smvar	chr7	159816771	159816771	.	1	1,1	0	1|2	.	.	.	.	.	-	-	no:duplicate_of_stvar	no:star_allele	1	.	.	.	0
truth_stvar	chr7	159816774	159816774	.	1	1	0	0|1	.	.	.	.	.	-	-	ref	no:star_allele	1	.	.	.	0
truth_stvar	chr7	159816774	159816774	.	1	4	3	1|0	.	.	.	.	.	-	-	yes	ref	1	.	.	.	0
truth_smvar	chr7	159816774	159816774	.	1	4,1	3	1|2	.	.	.	.	.	-	-	no:duplicate_of_stvar	no:star_allele	1	.	.	.	0
truth_stvar	chr7	159816778	159816778	.	1	1	0	0|1	.	.	.	.	.	-	-	ref	no:star_allele	1	.	.	.	0
truth_stvar	chr7	159816778	159816778	.	1	1	0	1|0	.	.	.	.	.	-	-	yes	ref	1	.	.	.	0
truth_smvar	chr7	159816778	159816778	.	1	1,1	0	1|2	.	.	.	.	.	-	-	no:duplicate_of_stvar	no:star_allele	1	.	.	.	0
truth_stvar	chr7	159816785	159816785	.	1	1	0	0|1	.	.	.	.	.	-	-	ref	no:star_allele	1	.	.	.	0
truth_stvar	chr7	159816785	159816785	.	1	1	0	1|0	.	.	.	.	.	-	-	yes	ref	1	.	.	.	0
truth_smvar	chr7	159816785	159816785	.	1	1,1	0	1|2	.	.	.	.	.	-	-	no:duplicate_of_stvar	no:star_allele	1	.	.	.	0
truth_stvar	chr7	159816858	159816858	.	1	1	0	0|1	.	.	.	.	.	-	-	ref	no:star_allele	1	.	.	.	0
truth_stvar	chr7	159816858	159816858	.	1	1	0	1|0	.	.	.	.	.	-	-	yes	ref	1	.	.	.	0
truth_smvar	chr7	159816858	159816858	.	1	1,1	0	1|2	.	.	.	.	.	-	-	no:duplicate_of_stvar	no:star_allele	1	.	.	.	0
truth_stvar	chr7	159816868	159816868	.	1	1	0	0|1	.	.	.	.	.	-	-	ref	no:star_allele	1	.	.	.	0
truth_stvar	chr7	159816868	159816868	.	1	1	0	1|0	.	.	.	.	.	-	-	yes	ref	1	.	.	.	0
truth_smvar	chr7	159816868	159816868	.	1	1,1	0	1|2	.	.	.	.	.	-	-	no:duplicate_of_stvar	no:star_allele	1	.	.	.	0
truth_stvar	chr7	159816895	159816895	.	1	1	0	0|1	.	.	.	.	.	-	-	ref	no:star_allele	1	.	.	.	0
truth_stvar	chr7	159816895	159816895	.	1	4	3	1|0	.	.	.	.	.	-	-	yes	ref	1	.	.	.	0
truth_smvar	chr7	159816895	159816895	.	1	4,1	3	1|2	.	.	.	.	.	-	-	no:duplicate_of_stvar	no:star_allele	1	.	.	.	0
truth_stvar	chr7	159816910	159816910	.	1	1	0	0|1	.	.	.	.	.	-	-	ref	no:star_allele	1	.	.	.	0
truth_stvar	chr7	159816910	159816910	.	1	1	0	1|0	.	.	.	.	.	-	-	yes	ref	1	.	.	.	0
truth_smvar	chr7	159816910	159816910	.	1	1,1	0	1|2	.	.	.	.	.	-	-	no:duplicate_of_stvar	no:star_allele	1	.	.	.	0
truth_stvar	chr7	159816937	159816937	.	1	1	0	0|1	.	.	.	.	.	-	-	ref	no:star_allele	1	.	.	.	0
truth_stvar	chr7	159816937	159816937	.	1	4	3	1|0	.	.	.	.	.	-	-	yes	ref	1	.	.	.	0
truth_smvar	chr7	159816937	159816937	.	1	4,1	3	1|2	.	.	.	.	.	-	-	no:duplicate_of_stvar	no:star_allele	1	.	.	.	0
truth_stvar	chr7	159816947	159816947	.	1	1	0	0|1	.	.	.	.	.	-	-	ref	no:star_allele	1	.	.	.	0
truth_stvar	chr7	159816947	159816947	.	1	1	0	1|0	.	.	.	.	.	-	-	yes	ref	1	.	.	.	0
truth_smvar	chr7	159816947	159816947	.	1	1,1	0	1|2	.	.	.	.	.	-	-	no:duplicate_of_stvar	no:star_allele	1	.	.	.	0
truth_stvar	chr7	159816952	159816952	.	1	1	0	0|1	.	.	.	.	.	-	-	ref	no:star_allele	1	.	.	.	0
truth_stvar	chr7	159816952	159816952	.	1	1	0	1|0	.	.	.	.	.	-	-	yes	ref	1	.	.	.	0
truth_smvar	chr7	159816952	159816952	.	1	1,1	0	1|2	.	.	.	.	.	-	-	no:duplicate_of_stvar	no:star_allele	1	.	.	.	0
truth_stvar	chr7	159817024	159817024	.	1	1	0	0|1	.	.	.	.	.	-	-	ref	no:star_allele	1	.	.	.	0
truth_stvar	chr7	159817024	159817024	.	1	4	3	1|0	.	.	.	.	.	-	-	yes	ref	1	.	.	.	0
truth_smvar	chr7	159817024	159817024	.	1	4,1	3	1|2	.	.	.	.	.	-	-	no:duplicate_of_stvar	no:star_allele	1	.	.	.	0
truth_stvar	chr7	159817039	159817039	.	1	1	0	0|1	.	.	.	.	.	-	-	ref	no:star_allele	1	.	.	.	0
truth_stvar	chr7	159817039	159817039	.	1	1	0	1|0	.	.	.	.	.	-	-	yes	ref	1	.	.	.	0
truth_smvar	chr7	159817039	159817039	.	1	1,1	0	1|2	.	.	.	.	.	-	-	no:duplicate_of_stvar	no:star_allele	1	.	.	.	0
truth_stvar	chr7	159817074	159817074	.	1	1	0	0|1	.	.	.	.	.	-	-	ref	no:star_allele	1	.	.	.	0
truth_stvar	chr7	159817074	159817074	.	1	1	0	1|0	.	.	.	.	.	-	-	yes	ref	1	.	.	.	0
truth_smvar	chr7	159817074	159817074	.	1	1,1	0	1|2	.	.	.	.	.	-	-	no:duplicate_of_stvar	no:star_allele	1	.	.	.	0
truth_stvar	chr7	159817078	159817078	.	1	1	0	0|1	.	.	.	.	.	-	-	ref	no:star_allele	1	.	.	.	0
truth_stvar	chr7	159817078	159817078	.	1	1	0	1|0	.	.	.	.	.	-	-	yes	ref	1	.	.	.	0
truth_smvar	chr7	159817078	159817078	.	1	1,1	0	1|2	.	.	.	.	.	-	-	no:duplicate_of_stvar	no:star_allele	1	.	.	.	0
truth_stvar	chr7	159817084	159817084	.	1	1	0	0|1	.	.	.	.	.	-	-	ref	no:star_allele	1	.	.	.	0
truth_stvar	chr7	159817084	159817084	.	1	1	0	1|0	.	.	.	.	.	-	-	yes	ref	1	.	.	.	0
truth_smvar	chr7	159817084	159817084	.	1	1,1	0	1|2	.	.	.	.	.	-	-	no:duplicate_of_stvar	no:star_allele	1	.	.	.	0
truth_stvar	chr7	159817111	159817111	.	1	1	0	0|1	.	.	.	.	.	-	-	ref	no:star_allele	1	.	.	.	0
truth_stvar	chr7	159817111	159817111	.	1	4	3	1|0	.	.	.	.	.	-	-	yes	ref	1	.	.	.	0
truth_smvar	chr7	159817111	159817111	.	1	4,1	3	1|2	.	.	.	.	.	-	-	no:duplicate_of_stvar	no:star_allele	1	.	.	.	0
truth_stvar	chr7	159817126	159817126	.	1	1	0	0|1	.	.	.	.	.	-	-	ref	no:star_allele	1	.	.	.	0
truth_stvar	chr7	159817126	159817126	.	1	1	0	1|0	.	.	.	.	.	-	-	yes	ref	1	.	.	.	0
truth_smvar	chr7	159817126	159817126	.	1	1,1	0	1|2	.	.	.	.	.	-	-	no:duplicate_of_stvar	no:star_allele	1	.	.	.	0
truth_stvar	chr7	159817138	159817138	.	1	1	0	0|1	.	.	.	.	.	-	-	ref	no:star_allele	1	.	.	.	0
truth_stvar	chr7	159817138	159817138	.	1	1	0	1|0	.	.	.	.	.	-	-	yes	ref	1	.	.	.	0
truth_smvar	chr7	159817138	159817138	.	1	1,1	0	1|2	.	.	.	.	.	-	-	no:duplicate_of_stvar	no:star_allele	1	.	.	.	0
truth_stvar	chr7	159817171	159817171	.	1	1	0	0|1	.	.	.	.	.	-	-	ref	no:star_allele	1	.	.	.	0
truth_stvar	chr7	159817171	159817171	.	1	1	0	1|0	.	.	.	.	.	-	-	yes	ref	1	.	.	.	0
truth_smvar	chr7	159817171	159817171	.	1	1,1	0	1|2	.	.	.	.	.	-	-	no:duplicate_of_stvar	no:star_allele	1	.	.	.	0
truth_stvar	chr7	159817210	159817213	.	4	1	0	0|1	.	.	.	.	.	-	-	ref	no:star_allele	1	.	.	.	0
truth_stvar	chr7	159817210	159817213	.	4	1	3	1|0	.	.	.	.	.	-	-	yes	ref	1	.	.	.	0
truth_smvar	chr7	159817210	159817213	.	4	1,1	3	1|2	.	.	.	.	.	-	-	no:duplicate_of_stvar	no:star_allele	1	.	.	.	0
truth_stvar	chr7	159817261	159817261	.	1	1	0	0|1	.	.	.	.	.	-	-	ref	no:star_allele	1	.	.	.	0
truth_stvar	chr7	159817261	159817261	.	1	1	0	1|0	.	.	.	.	.	-	-	yes	ref	1	.	.	.	0
truth_smvar	chr7	159817261	159817261	.	1	1,1	0	1|2	.	.	.	.	.	-	-	no:duplicate_of_stvar	no:star_allele	1	.	.	.	0
truth_stvar	chr7	159817306	159817306	.	1	1	0	0|1	.	.	.	.	.	-	-	ref	no:star_allele	1	.	.	.	0
truth_stvar	chr7	159817306	159817306	.	1	1	0	1|0	.	.	.	.	.	-	-	yes	ref	1	.	.	.	0
truth_smvar	chr7	159817306	159817306	.	1	1,1	0	1|2	.	.	.	.	.	-	-	no:duplicate_of_stvar	no:star_allele	1	.	.	.	0
truth_stvar	chr7	159817328	159817328	.	1	1	0	0|1	.	.	.	.	.	-	-	ref	no:star_allele	1	.	.	.	0
truth_stvar	chr7	159817328	159817328	.	1	4	3	1|0	.	.	.	.	.	-	-	yes	ref	1	.	.	.	0
truth_smvar	chr7	159817328	159817328	.	1	4,1	3	1|2	.	.	.	.	.	-	-	no:duplicate_of_stvar	no:star_allele	1	.	.	.	0
truth_stvar	chr7	159817423	159817426	.	4	1	0	0|1	.	.	.	.	.	-	-	ref	no:star_allele	1	.	.	.	0
truth_stvar	chr7	159817423	159817426	.	4	1	3	1|0	.	.	.	.	.	-	-	yes	ref	1	.	.	.	0
truth_smvar	chr7	159817423	159817426	.	4	1,1	3	1|2	.	.	.	.	.	-	-	no:duplicate_of_stvar	no:star_allele	1	.	.	.	0
truth_stvar	chr7	159817435	159817438	.	4	1	0	0|1	.	.	.	.	.	-	-	ref	no:star_allele	1	.	.	.	0
truth_stvar	chr7	159817435	159817438	.	4	1	3	1|0	.	.	.	.	.	-	-	yes	ref	1	.	.	.	0
truth_smvar	chr7	159817435	159817438	.	4	1,1	3	1|2	.	.	.	.	.	-	-	no:duplicate_of_stvar	no:star_allele	1	.	.	.	0
truth_stvar	chr7	159817455	159817455	.	1	1	0	0|1	.	.	.	.	.	-	-	ref	no:star_allele	1	.	.	.	0
truth_stvar	chr7	159817455	159817455	.	1	1	0	1|0	.	.	.	.	.	-	-	yes	ref	1	.	.	.	0
truth_smvar	chr7	159817455	159817455	.	1	1,1	0	1|2	.	.	.	.	.	-	-	no:duplicate_of_stvar	no:star_allele	1	.	.	.	0
truth_stvar	chr7	159817468	159817468	.	1	1	0	0|1	.	.	.	.	.	-	-	ref	no:star_allele	1	.	.	.	0
truth_stvar	chr7	159817468	159817468	.	1	1	0	1|0	.	.	.	.	.	-	-	yes	ref	1	.	.	.	0
truth_smvar	chr7	159817468	159817468	.	1	1,1	0	1|2	.	.	.	.	.	-	-	no:duplicate_of_stvar	no:star_allele	1	.	.	.	0
truth_stvar	chr7	159817475	159817475	.	1	1	0	0|1	.	.	.	.	.	-	-	ref	no:star_allele	1	.	.	.	0
truth_stvar	chr7	159817475	159817475	.	1	1	0	1|0	.	.	.	.	.	-	-	yes	ref	1	.	.	.	0
truth_smvar	chr7	159817475	159817475	.	1	1,1	0	1|2	.	.	.	.	.	-	-	no:duplicate_of_stvar	no:star_allele	1	.	.	.	0
truth_stvar	chr7	159817558	159817558	.	1	1	0	0|1	.	.	.	.	.	-	-	ref	no:star_allele	1	.	.	.	0
truth_stvar	chr7	159817558	159817558	.	1	1	0	1|0	.	.	.	.	.	-	-	yes	ref	1	.	.	.	0
truth_smvar	chr7	159817558	159817558	.	1	1,1	0	1|2	.	.	.	.	.	-	-	no:duplicate_of_stvar	no:star_allele	1	.	.	.	0
truth_stvar	chr7	159817567	159817570	.	4	1	0	0|1	.	.	.	.	.	-	-	ref	no:star_allele	1	.	.	.	0
truth_stvar	chr7	159817567	159817570	.	4	1	3	1|0	.	.	.	.	.	-	-	yes	ref	1	.	.	.	0
truth_smvar	chr7	159817567	159817570	.	4	1,1	3	1|2	.	.	.	.	.	-	-	no:duplicate_of_stvar	no:star_allele	1	.	.	.	0
truth_stvar	chr7	159817645	159817645	.	1	1	0	0|1	.	.	.	.	.	-	-	ref	no:star_allele	1	.	.	.	0
truth_stvar	chr7	159817645	159817645	.	1	4	3	1|0	.	.	.	.	.	-	-	yes	ref	1	.	.	.	0
truth_smvar	chr7	159817645	159817645	.	1	4,1	3	1|2	.	.	.	.	.	-	-	no:duplicate_of_stvar	no:star_allele	1	.	.	.	0
truth_stvar	chr7	159817654	159817657	.	4	1	3	1|0	.	.	.	.	.	-	-	yes	ref	1	.	.	.	0
truth_smvar	chr7	159817654	159817657	.	4	1	3	1|0	.	.	.	.	.	-	-	no:duplicate_of_stvar	ref	1	.	.	.	0
truth_stvar	chr7	159817687	159817687	.	1	1	0	0|1	.	.	.	.	.	-	-	ref	yes	1	.	.	.	0
truth_stvar	chr7	159817687	159817690	.	4	1	3	1|0	.	.	.	.	.	-	-	yes	ref	1	.	.	.	0
truth_smvar	chr7	159817687	159817690	.	4	1,4	3	1|2	.	.	.	.	.	-	-	no:duplicate_of_stvar	no:overlaps_applied_stvar	1	.	.	.	0
truth_stvar	chr7	159817690	159817690	.	1	1	0	1|0	.	.	.	.	.	-	-	no:star_allele	ref	1	.	.	.	0
truth_stvar	chr7	159817690	159817690	.	1	1	0	0|1	.	.	.	.	.	-	-	ref	yes	1	.	.	.	0
truth_smvar	chr7	159817690	159817690	.	1	1,1	0	2|1	.	.	.	.	.	-	-	no:star_allele	no:duplicate_of_stvar	1	.	.	.	0
truth_stvar	chr7	159817747	159817747	.	1	1	0	1|0	.	.	.	.	.	-	-	yes	ref	1	.	.	.	0
truth_smvar	chr7	159817747	159817747	.	1	1	0	1|0	.	.	.	.	.	-	-	no:duplicate_of_stvar	ref	1	.	.	.	0
truth_stvar	chr7	159817806	159817809	.	4	1	3	1|0	.	.	.	.	.	-	-	yes	ref	1	.	.	.	0
truth_smvar	chr7	159817806	159817809	.	4	1	3	1|0	.	.	.	.	.	-	-	no:duplicate_of_stvar	ref	1	.	.	.	0
truth_stvar	chr7	159817870	159817912	.	43	1	42	0|1	.	.	.	.	.	-	-	ref	yes	1	DEL	90	.	0
truth_smvar	chr7	159817870	159817912	.	43	1	42	0|1	.	.	.	.	.	-	-	ref	no:duplicate_of_stvar	1	.	90	.	0
truth_stvar	chr7	159817879	159817879	.	1	1	0	0|1	.	.	.	.	.	-	-	ref	no:star_allele	1	.	.	.	0
truth_stvar	chr7	159817879	159817879	.	1	37	36	1|0	.	.	.	.	.	-	-	yes	ref	1	INS	90	.	0
truth_smvar	chr7	159817879	159817879	.	1	37,1	36	1|2	.	.	.	.	.	-	-	no:duplicate_of_stvar	no:star_allele	1	.	90	.	0
truth_stvar	chr7	159817882	159817882	.	1	1	0	0|1	.	.	.	.	.	-	-	ref	no:star_allele	1	.	.	.	0
truth_stvar	chr7	159817882	159817882	.	1	1	0	1|0	.	.	.	.	.	-	-	yes	ref	1	.	.	.	0
truth_smvar	chr7	159817882	159817882	.	1	1,1	0	1|2	.	.	.	.	.	-	-	no:duplicate_of_stvar	no:star_allele	1	.	.	.	0
truth_stvar	chr7	159817914	159817914	.	1	4	3	1|0	.	.	.	.	.	-	-	yes	ref	1	.	.	.	0
truth_smvar	chr7	159817914	159817914	.	1	4	3	1|0	.	.	.	.	.	-	-	no:duplicate_of_stvar	ref	1	.	.	.	0
truth_stvar	chr7	159817918	159817918	.	1	1	0	1|0	.	.	.	.	.	-	-	yes	ref	1	.	.	.	0
truth_smvar	chr7	159817918	159817918	.	1	1	0	1|0	.	.	.	.	.	-	-	no:duplicate_of_stvar	ref	1	.	.	.	0
truth_stvar	chr7	159817959	159817959	.	1	1	0	0|1	.	.	.	.	.	-	-	ref	yes	1	.	.	.	0
truth_smvar	chr7	159817959	159817959	.	1	1	0	0|1	.	.	.	.	.	-	-	ref	no:duplicate_of_stvar	1	.	.	.	0
truth_stvar	chr7	159818036	159818036	.	1	4	3	0|1	.	.	.	.	.	-	-	ref	yes	1	.	.	.	0
truth_smvar	chr7	159818036	159818036	.	1	4	3	0|1	.	.	.	.	.	-	-	ref	no:duplicate_of_stvar	1	.	.	.	0
truth_stvar	chr7	159818044	159818044	.	1	4	3	1|0	.	.	.	.	.	-	-	yes	ref	1	.	.	.	0
truth_smvar	chr7	159818044	159818044	.	1	4	3	1|0	.	.	.	.	.	-	-	no:duplicate_of_stvar	ref	1	.	.	.	0
truth_stvar	chr7	159818091	159818091	.	1	1	0	1|1	.	.	.	.	.	-	-	yes	yes	1	.	.	.	0
truth_smvar	chr7	159818091	159818091	.	1	1	0	1|1	.	.	.	.	.	-	-	no:duplicate_of_stvar	no:duplicate_of_stvar	1	.	.	.	0
truth_stvar	chr7	159818101	159818101	.	1	1	0	1|0	.	.	.	.	.	-	-	yes	ref	1	.	.	.	0
truth_smvar	chr7	159818101	159818101	.	1	1	0	1|0	.	.	.	.	.	-	-	no:duplicate_of_stvar	ref	1	.	.	.	0
truth_stvar	chr7	159818146	159818146	.	1	1	0	1|0	.	.	.	.	.	-	-	yes	ref	1	.	.	.	0
truth_smvar	chr7	159818146	159818146	.	1	1	0	1|0	.	.	.	.	.	-	-	no:duplicate_of_stvar	ref	1	.	.	.	0
truth_stvar	chr7	159818153	159818153	.	1	1	0	0|1	.	.	.	.	.	-	-	ref	yes	1	.	.	.	0
truth_smvar	chr7	159818153	159818153	.	1	1	0	0|1	.	.	.	.	.	-	-	ref	no:duplicate_of_stvar	1	.	.	.	0
truth_stvar	chr7	159818176	159818179	.	4	1	3	0|1	.	.	.	.	.	-	-	ref	yes	1	.	.	.	0
truth_smvar	chr7	159818176	159818179	.	4	1	3	0|1	.	.	.	.	.	-	-	ref	no:duplicate_of_stvar	1	.	.	.	0
truth_stvar	chr7	159818221	159818221	.	1	4	3	1|0	.	.	.	.	.	-	-	yes	ref	1	.	.	.	0
truth_stvar	chr7	159818221	159818476	.	256	1	255	0|1	.	.	.	.	.	FN	FN	ref	yes	1	DEL	90	.	0
truth_smvar	chr7	159818221	159818476	.	256	1,259	255	2|1	.	.	.	.	.	-	-	no:overlaps_applied_stvar	no:duplicate_of_stvar	1	.	90	.	0
truth_stvar	chr7	159818233	159818233	.	1	1	0	0|1	.	.	.	.	.	-	-	ref	no:star_allele	1	.	.	.	0
truth_stvar	chr7	159818233	159818233	.	1	1	0	1|0	.	.	.	.	.	-	-	yes	ref	1	.	.	.	0
truth_smvar	chr7	159818233	159818233	.	1	1,1	0	1|2	.	.	.	.	.	-	-	no:duplicate_of_stvar	no:star_allele	1	.	.	.	0
truth_stvar	chr7	159818250	159818250	.	1	1	0	0|1	.	.	.	.	.	-	-	ref	no:star_allele	1	.	.	.	0
truth_stvar	chr7	159818250	159818250	.	1	7	6	1|0	.	.	.	.	.	-	-	yes	ref	1	.	.	.	0
truth_smvar	chr7	159818250	159818250	.	1	7,1	6	1|2	.	.	.	.	.	-	-	no:duplicate_of_stvar	no:star_allele	1	.	.	.	0
truth_stvar	chr7	159818252	159818252	.	1	1	0	0|1	.	.	.	.	.	-	-	ref	no:star_allele	1	.	.	.	0
truth_stvar	chr7	159818252	159818252	.	1	1	0	1|0	.	.	.	.	.	-	-	yes	ref	1	.	.	.	0
truth_smvar	chr7	159818252	159818252	.	1	1,1	0	1|2	.	.	.	.	.	-	-	no:duplicate_of_stvar	no:star_allele	1	.	.	.	0
truth_stvar	chr7	159818262	159818262	.	1	1	0	0|1	.	.	.	.	.	-	-	ref	no:star_allele	1	.	.	.	0
truth_stvar	chr7	159818262	159818262	.	1	1	0	1|0	.	.	.	.	.	-	-	yes	ref	1	.	.	.	0
truth_smvar	chr7	159818262	159818262	.	1	1,1	0	1|2	.	.	.	.	.	-	-	no:duplicate_of_stvar	no:star_allele	1	.	.	.	0
truth_stvar	chr7	159818269	159818269	.	1	1	0	0|1	.	.	.	.	.	-	-	ref	no:star_allele	1	.	.	.	0
truth_stvar	chr7	159818269	159818269	.	1	4	3	1|0	.	.	.	.	.	-	-	yes	ref	1	.	.	.	0
truth_smvar	chr7	159818269	159818269	.	1	4,1	3	1|2	.	.	.	.	.	-	-	no:duplicate_of_stvar	no:star_allele	1	.	.	.	0
truth_stvar	chr7	159818299	159818299	.	1	1	0	0|1	.	.	.	.	.	-	-	ref	no:star_allele	1	.	.	.	0
truth_stvar	chr7	159818299	159818299	.	1	1	0	1|0	.	.	.	.	.	-	-	yes	ref	1	.	.	.	0
truth_smvar	chr7	159818299	159818299	.	1	1,1	0	1|2	.	.	.	.	.	-	-	no:duplicate_of_stvar	no:star_allele	1	.	.	.	0
truth_stvar	chr7	159818302	159818302	.	1	1	0	0|1	.	.	.	.	.	-	-	ref	no:star_allele	1	.	.	.	0
truth_stvar	chr7	159818302	159818302	.	1	1	0	1|0	.	.	.	.	.	-	-	yes	ref	1	.	.	.	0
truth_smvar	chr7	159818302	159818302	.	1	1,1	0	1|2	.	.	.	.	.	-	-	no:duplicate_of_stvar	no:star_allele	1	.	.	.	0
truth_stvar	chr7	159818304	159818304	.	1	1	0	0|1	.	.	.	.	.	-	-	ref	no:star_allele	1	.	.	.	0
truth_stvar	chr7	159818304	159818304	.	1	1	0	1|0	.	.	.	.	.	-	-	yes	ref	1	.	.	.	0
truth_smvar	chr7	159818304	159818304	.	1	1,1	0	1|2	.	.	.	.	.	-	-	no:duplicate_of_stvar	no:star_allele	1	.	.	.	0
truth_stvar	chr7	159818311	159818311	.	1	1	0	0|1	.	.	.	.	.	-	-	ref	no:star_allele	1	.	.	.	0
truth_stvar	chr7	159818311	159818311	.	1	4	3	1|0	.	.	.	.	.	-	-	yes	ref	1	.	.	.	0
truth_smvar	chr7	159818311	159818311	.	1	4,1	3	1|2	.	.	.	.	.	-	-	no:duplicate_of_stvar	no:star_allele	1	.	.	.	0
truth_stvar	chr7	159818440	159818440	.	1	1	0	0|1	.	.	.	.	.	-	-	ref	no:star_allele	1	.	.	.	0
truth_stvar	chr7	159818440	159818440	.	1	1	0	1|0	.	.	.	.	.	-	-	yes	ref	1	.	.	.	0
truth_smvar	chr7	159818440	159818440	.	1	1,1	0	1|2	.	.	.	.	.	-	-	no:duplicate_of_stvar	no:star_allele	1	.	.	.	0
truth_stvar	chr7	159818468	159818468	.	1	1	0	0|1	.	.	.	.	.	-	-	ref	no:star_allele	1	.	.	.	0
truth_stvar	chr7	159818468	159818468	.	1	4	3	1|0	.	.	.	.	.	-	-	yes	ref	1	.	.	.	0
truth_smvar	chr7	159818468	159818468	.	1	4,1	3	1|2	.	.	.	.	.	-	-	no:duplicate_of_stvar	no:star_allele	1	.	.	.	0
truth_stvar	chr7	159818488	159818488	.	1	1	0	1|0	.	.	.	.	.	-	-	yes	ref	1	.	.	.	0
truth_smvar	chr7	159818488	159818488	.	1	1	0	1|0	.	.	.	.	.	-	-	no:duplicate_of_stvar	ref	1	.	.	.	0
truth_stvar	chr7	159818558	159818681	.	124	1	123	0|1	.	.	.	.	.	FN	FN	ref	yes	1	DEL	90	.	0
truth_smvar	chr7	159818558	159818681	.	124	1	123	0|1	.	.	.	.	.	-	-	ref	no:duplicate_of_stvar	1	.	90	.	0
truth_stvar	chr7	159818608	159818608	.	1	1	0	0|1	.	.	.	.	.	-	-	ref	no:star_allele	1	.	.	.	0
truth_stvar	chr7	159818608	159818608	.	1	4	3	1|0	.	.	.	.	.	-	-	yes	ref	1	.	.	.	0
truth_smvar	chr7	159818608	159818608	.	1	4,1	3	1|2	.	.	.	.	.	-	-	no:duplicate_of_stvar	no:star_allele	1	.	.	.	0
truth_stvar	chr7	159818650	159818650	.	1	1	0	0|1	.	.	.	.	.	-	-	ref	no:star_allele	1	.	.	.	0
truth_stvar	chr7	159818650	159818650	.	1	4	3	1|0	.	.	.	.	.	-	-	yes	ref	1	.	.	.	0
truth_smvar	chr7	159818650	159818650	.	1	4,1	3	1|2	.	.	.	.	.	-	-	no:duplicate_of_stvar	no:star_allele	1	.	.	.	0
truth_stvar	chr7	159818676	159818676	.	1	1	0	0|1	.	.	.	.	.	-	-	ref	no:star_allele	1	.	.	.	0
truth_stvar	chr7	159818676	159818676	.	1	4	3	1|0	.	.	.	.	.	-	-	yes	ref	1	.	.	.	0
truth_smvar	chr7	159818676	159818676	.	1	4,1	3	1|2	.	.	.	.	.	-	-	no:duplicate_of_stvar	no:star_allele	1	.	.	.	0
truth_stvar	chr7	159818686	159818686	.	1	1	0	1|0	.	.	.	.	.	-	-	yes	ref	1	.	.	.	0
truth_smvar	chr7	159818686	159818686	.	1	1	0	1|0	.	.	.	.	.	-	-	no:duplicate_of_stvar	ref	1	.	.	.	0
truth_stvar	chr7	159818689	159818689	.	1	4	3	1|0	.	.	.	.	.	-	-	yes	ref	1	.	.	.	0
truth_smvar	chr7	159818689	159818689	.	1	4	3	1|0	.	.	.	.	.	-	-	no:duplicate_of_stvar	ref	1	.	.	.	0
truth_stvar	chr7	159818691	159818691	.	1	1	0	1|0	.	.	.	.	.	-	-	yes	ref	1	.	.	.	0
truth_smvar	chr7	159818691	159818691	.	1	1	0	1|0	.	.	.	.	.	-	-	no:duplicate_of_stvar	ref	1	.	.	.	0
truth_stvar	chr7	159818695	159818695	.	1	1	0	0|1	.	.	.	.	.	-	-	ref	yes	1	.	.	.	0
truth_smvar	chr7	159818695	159818695	.	1	1	0	0|1	.	.	.	.	.	-	-	ref	no:duplicate_of_stvar	1	.	.	.	0
truth_stvar	chr7	159818698	159818698	.	1	4	3	1|0	.	.	.	.	.	-	-	yes	ref	1	.	.	.	0
truth_smvar	chr7	159818698	159818698	.	1	4	3	1|0	.	.	.	.	.	-	-	no:duplicate_of_stvar	ref	1	.	.	.	0
truth_stvar	chr7	159818743	159818743	.	1	1	0	0|1	.	.	.	.	.	-	-	ref	yes	1	.	.	.	0
truth_smvar	chr7	159818743	159818743	.	1	1	0	0|1	.	.	.	.	.	-	-	ref	no:duplicate_of_stvar	1	.	.	.	0
truth_stvar	chr7	159818778	159818778	.	1	1	0	0|1	.	.	.	.	.	-	-	ref	yes	1	.	.	.	0
truth_smvar	chr7	159818778	159818778	.	1	1	0	0|1	.	.	.	.	.	-	-	ref	no:duplicate_of_stvar	1	.	.	.	0
truth_stvar	chr7	159818788	159818788	.	1	1	0	1|1	.	.	.	.	.	-	-	yes	yes	1	.	.	.	0
truth_smvar	chr7	159818788	159818788	.	1	1	0	1|1	.	.	.	.	.	-	-	no:duplicate_of_stvar	no:duplicate_of_stvar	1	.	.	.	0
truth_stvar	chr7	159818805	159818805	.	1	1	0	1|0	.	.	.	.	.	-	-	yes	ref	1	.	.	.	0
truth_smvar	chr7	159818805	159818805	.	1	1	0	1|0	.	.	.	.	.	-	-	no:duplicate_of_stvar	ref	1	.	.	.	0
truth_stvar	chr7	159818823	159818823	.	1	1	0	1|1	.	.	.	.	.	-	-	yes	yes	1	.	.	.	0
truth_smvar	chr7	159818823	159818823	.	1	1	0	1|1	.	.	.	.	.	-	-	no:duplicate_of_stvar	no:duplicate_of_stvar	1	.	.	.	0
truth_stvar	chr7	159818833	159818833	.	1	1	0	1|1	.	.	.	.	.	-	-	yes	yes	1	.	.	.	0
truth_smvar	chr7	159818833	159818833	.	1	1	0	1|1	.	.	.	.	.	-	-	no:duplicate_of_stvar	no:duplicate_of_stvar	1	.	.	.	0
truth_stvar	chr7	159818837	159818837	.	1	1	0	0|1	.	.	.	.	.	-	-	ref	yes	1	.	.	.	0
truth_smvar	chr7	159818837	159818837	.	1	1	0	0|1	.	.	.	.	.	-	-	ref	no:duplicate_of_stvar	1	.	.	.	0
truth_stvar	chr7	159818878	159818878	.	1	1	0	1|0	.	.	.	.	.	-	-	yes	ref	1	.	.	.	0
truth_smvar	chr7	159818878	159818878	.	1	1	0	1|0	.	.	.	.	.	-	-	no:duplicate_of_stvar	ref	1	.	.	.	0
truth_stvar	chr7	159818885	159818885	.	1	1	0	1|0	.	.	.	.	.	-	-	yes	ref	1	.	.	.	0
truth_smvar	chr7	159818885	159818885	.	1	1	0	1|0	.	.	.	.	.	-	-	no:duplicate_of_stvar	ref	1	.	.	.	0
truth_stvar	chr7	159818908	159818911	.	4	1	3	1|0	.	.	.	.	.	-	-	yes	ref	1	.	.	.	0
truth_smvar	chr7	159818908	159818911	.	4	1	3	1|0	.	.	.	.	.	-	-	no:duplicate_of_stvar	ref	1	.	.	.	0
truth_stvar	chr7	159818953	159818956	.	4	1	3	1|0	.	.	.	.	.	-	-	yes	ref	1	.	.	.	0
truth_smvar	chr7	159818953	159818956	.	4	1	3	1|0	.	.	.	.	.	-	-	no:duplicate_of_stvar	ref	1	.	.	.	0
truth_stvar	chr7	159818998	159818998	.	1	1	0	1|0	.	.	.	.	.	-	-	yes	ref	1	.	.	.	0
truth_smvar	chr7	159818998	159818998	.	1	1	0	1|0	.	.	.	.	.	-	-	no:duplicate_of_stvar	ref	1	.	.	.	0
truth_stvar	chr7	159819013	159819013	.	1	1	0	1|1	.	.	.	.	.	-	-	yes	yes	1	.	.	.	0
truth_smvar	chr7	159819013	159819013	.	1	1	0	1|1	.	.	.	.	.	-	-	no:duplicate_of_stvar	no:duplicate_of_stvar	1	.	.	.	0
truth_stvar	chr7	159819043	159820384	.	1342	1	1341	0|1	.	.	.	.	.	FN	FN	ref	yes	1	DEL	90	.	0
truth_smvar	chr7	159819043	159820384	.	1342	1	1341	0|1	.	.	.	.	.	-	-	ref	no:duplicate_of_stvar	1	.	90	.	0
truth_stvar	chr7	159819048	159819048	.	1	1	0	0|1	.	.	.	.	.	-	-	ref	no:star_allele	1	.	.	.	0
truth_stvar	chr7	159819048	159819048	.	1	1	0	1|0	.	.	.	.	.	-	-	yes	ref	1	.	.	.	0
truth_smvar	chr7	159819048	159819048	.	1	1,1	0	1|2	.	.	.	.	.	-	-	no:duplicate_of_stvar	no:star_allele	1	.	.	.	0
truth_stvar	chr7	159819093	159819093	.	1	1	0	0|1	.	.	.	.	.	-	-	ref	no:star_allele	1	.	.	.	0
truth_stvar	chr7	159819093	159819093	.	1	1	0	1|0	.	.	.	.	.	-	-	yes	ref	1	.	.	.	0
truth_smvar	chr7	159819093	159819093	.	1	1,1	0	1|2	.	.	.	.	.	-	-	no:duplicate_of_stvar	no:star_allele	1	.	.	.	0
truth_stvar	chr7	159819096	159819099	.	4	1	0	0|1	.	.	.	.	.	-	-	ref	no:star_allele	1	.	.	.	0
truth_stvar	chr7	159819096	159819099	.	4	1	3	1|0	.	.	.	.	.	-	-	yes	ref	1	.	.	.	0
truth_smvar	chr7	159819096	159819099	.	4	1,1	3	1|2	.	.	.	.	.	-	-	no:duplicate_of_stvar	no:star_allele	1	.	.	.	0
truth_stvar	chr7	159819175	159819175	.	1	1	0	0|1	.	.	.	.	.	-	-	ref	no:star_allele	1	.	.	.	0
truth_stvar	chr7	159819175	159819175	.	1	1	0	1|0	.	.	.	.	.	-	-	yes	ref	1	.	.	.	0
truth_smvar	chr7	159819175	159819175	.	1	1,1	0	1|2	.	.	.	.	.	-	-	no:duplicate_of_stvar	no:star_allele	1	.	.	.	0
truth_stvar	chr7	159819177	159819177	.	1	1	0	0|1	.	.	.	.	.	-	-	ref	no:star_allele	1	.	.	.	0
truth_stvar	chr7	159819177	159819177	.	1	1	0	1|0	.	.	.	.	.	-	-	yes	ref	1	.	.	.	0
truth_smvar	chr7	159819177	159819177	.	1	1,1	0	1|2	.	.	.	.	.	-	-	no:duplicate_of_stvar	no:star_allele	1	.	.	.	0
truth_stvar	chr7	159819265	159819265	.	1	1	0	0|1	.	.	.	.	.	-	-	ref	no:star_allele	1	.	.	.	0
truth_stvar	chr7	159819265	159819265	.	1	1	0	1|0	.	.	.	.	.	-	-	yes	ref	1	.	.	.	0
truth_smvar	chr7	159819265	159819265	.	1	1,1	0	1|2	.	.	.	.	.	-	-	no:duplicate_of_stvar	no:star_allele	1	.	.	.	0
truth_stvar	chr7	159819313	159819313	.	1	1	0	0|1	.	.	.	.	.	-	-	ref	no:star_allele	1	.	.	.	0
truth_stvar	chr7	159819313	159819313	.	1	85	84	1|0	.	.	.	.	.	FN	FN	yes	ref	1	INS	90	.	0
truth_smvar	chr7	159819313	159819313	.	1	85,1	84	1|2	.	.	.	.	.	-	-	no:duplicate_of_stvar	no:star_allele	1	.	90	.	0
truth_stvar	chr7	159819355	159819355	.	1	1	0	0|1	.	.	.	.	.	-	-	ref	no:star_allele	1	.	.	.	0
truth_stvar	chr7	159819355	159819355	.	1	1	0	1|0	.	.	.	.	.	-	-	yes	ref	1	.	.	.	0
truth_smvar	chr7	159819355	159819355	.	1	1,1	0	1|2	.	.	.	.	.	-	-	no:duplicate_of_stvar	no:star_allele	1	.	.	.	0
truth_stvar	chr7	159819400	159819400	.	1	1	0	0|1	.	.	.	.	.	-	-	ref	no:star_allele	1	.	.	.	0
truth_stvar	chr7	159819400	159819400	.	1	1	0	1|0	.	.	.	.	.	-	-	yes	ref	1	.	.	.	0
truth_smvar	chr7	159819400	159819400	.	1	1,1	0	1|2	.	.	.	.	.	-	-	no:duplicate_of_stvar	no:star_allele	1	.	.	.	0
truth_stvar	chr7	159819411	159819411	.	1	1	0	0|1	.	.	.	.	.	-	-	ref	no:star_allele	1	.	.	.	0
truth_stvar	chr7	159819411	159819411	.	1	43	42	1|0	.	.	.	.	.	-	-	yes	ref	1	INS	90	.	0
truth_smvar	chr7	159819411	159819411	.	1	43,1	42	1|2	.	.	.	.	.	-	-	no:duplicate_of_stvar	no:star_allele	1	.	90	.	0
truth_stvar	chr7	159819445	159819445	.	1	1	0	0|1	.	.	.	.	.	-	-	ref	no:star_allele	1	.	.	.	0
truth_stvar	chr7	159819445	159819445	.	1	1	0	1|0	.	.	.	.	.	-	-	yes	ref	1	.	.	.	0
truth_smvar	chr7	159819445	159819445	.	1	1,1	0	1|2	.	.	.	.	.	-	-	no:duplicate_of_stvar	no:star_allele	1	.	.	.	0
truth_stvar	chr7	159819464	159819464	.	1	1	0	0|1	.	.	.	.	.	-	-	ref	no:star_allele	1	.	.	.	0
truth_stvar	chr7	159819464	159819464	.	1	1	0	1|0	.	.	.	.	.	-	-	yes	ref	1	.	.	.	0
truth_smvar	chr7	159819464	159819464	.	1	1,1	0	1|2	.	.	.	.	.	-	-	no:duplicate_of_stvar	no:star_allele	1	.	.	.	0
truth_stvar	chr7	159819472	159819472	.	1	1	0	0|1	.	.	.	.	.	-	-	ref	no:star_allele	1	.	.	.	0
truth_stvar	chr7	159819472	159819472	.	1	1	0	1|0	.	.	.	.	.	-	-	yes	ref	1	.	.	.	0
truth_smvar	chr7	159819472	159819472	.	1	1,1	0	1|2	.	.	.	.	.	-	-	no:duplicate_of_stvar	no:star_allele	1	.	.	.	0
truth_stvar	chr7	159819517	159819517	.	1	1	0	0|1	.	.	.	.	.	-	-	ref	no:star_allele	1	.	.	.	0
truth_stvar	chr7	159819517	159819517	.	1	1	0	1|0	.	.	.	.	.	-	-	yes	ref	1	.	.	.	0
truth_smvar	chr7	159819517	159819517	.	1	1,1	0	1|2	.	.	.	.	.	-	-	no:duplicate_of_stvar	no:star_allele	1	.	.	.	0
truth_stvar	chr7	159819580	159819580	.	1	1	0	0|1	.	.	.	.	.	-	-	ref	no:star_allele	1	.	.	.	0
truth_stvar	chr7	159819580	159819580	.	1	1	0	1|0	.	.	.	.	.	-	-	yes	ref	1	.	.	.	0
truth_smvar	chr7	159819580	159819580	.	1	1,1	0	1|2	.	.	.	.	.	-	-	no:duplicate_of_stvar	no:star_allele	1	.	.	.	0
truth_stvar	chr7	159819625	159819625	.	1	1	0	0|1	.	.	.	.	.	-	-	ref	no:star_allele	1	.	.	.	0
truth_stvar	chr7	159819625	159819625	.	1	1	0	1|0	.	.	.	.	.	-	-	yes	ref	1	.	.	.	0
truth_smvar	chr7	159819625	159819625	.	1	1,1	0	1|2	.	.	.	.	.	-	-	no:duplicate_of_stvar	no:star_allele	1	.	.	.	0
truth_stvar	chr7	159819640	159819640	.	1	1	0	0|1	.	.	.	.	.	-	-	ref	no:star_allele	1	.	.	.	0
truth_stvar	chr7	159819640	159819640	.	1	259	258	1|0	.	.	.	.	.	FN	FN	yes	ref	1	INS	90	.	0
truth_smvar	chr7	159819640	159819640	.	1	259,1	258	1|2	.	.	.	.	.	-	-	no:duplicate_of_stvar	no:star_allele	1	.	90	.	0
truth_stvar	chr7	159819685	159819685	.	1	1	0	0|1	.	.	.	.	.	-	-	ref	no:star_allele	1	.	.	.	0
truth_stvar	chr7	159819685	159819685	.	1	1	0	1|0	.	.	.	.	.	-	-	yes	ref	1	.	.	.	0
truth_smvar	chr7	159819685	159819685	.	1	1,1	0	1|2	.	.	.	.	.	-	-	no:duplicate_of_stvar	no:star_allele	1	.	.	.	0
truth_stvar	chr7	159819702	159819702	.	1	1	0	0|1	.	.	.	.	.	-	-	ref	no:star_allele	1	.	.	.	0
truth_stvar	chr7	159819702	159819702	.	1	1	0	1|0	.	.	.	.	.	-	-	yes	ref	1	.	.	.	0
truth_smvar	chr7	159819702	159819702	.	1	1,1	0	1|2	.	.	.	.	.	-	-	no:duplicate_of_stvar	no:star_allele	1	.	.	.	0
truth_stvar	chr7	159819714	159819714	.	1	1	0	0|1	.	.	.	.	.	-	-	ref	no:star_allele	1	.	.	.	0
truth_stvar	chr7	159819714	159819714	.	1	1	0	1|0	.	.	.	.	.	-	-	yes	ref	1	.	.	.	0
truth_smvar	chr7	159819714	159819714	.	1	1,1	0	1|2	.	.	.	.	.	-	-	no:duplicate_of_stvar	no:star_allele	1	.	.	.	0
truth_stvar	chr7	159819715	159819715	.	1	1	0	0|1	.	.	.	.	.	-	-	ref	no:star_allele	1	.	.	.	0
truth_stvar	chr7	159819715	159819715	.	1	1	0	1|0	.	.	.	.	.	-	-	yes	ref	1	.	.	.	0
truth_smvar	chr7	159819715	159819715	.	1	1,1	0	1|2	.	.	.	.	.	-	-	no:duplicate_of_stvar	no:star_allele	1	.	.	.	0
truth_stvar	chr7	159819727	159819727	.	1	1	0	0|1	.	.	.	.	.	-	-	ref	no:star_allele	1	.	.	.	0
truth_stvar	chr7	159819727	159819727	.	1	1	0	1|0	.	.	.	.	.	-	-	yes	ref	1	.	.	.	0
truth_smvar	chr7	159819727	159819727	.	1	1,1	0	1|2	.	.	.	.	.	-	-	no:duplicate_of_stvar	no:star_allele	1	.	.	.	0
truth_stvar	chr7	159819772	159819772	.	1	1	0	0|1	.	.	.	.	.	-	-	ref	no:star_allele	1	.	.	.	0
truth_stvar	chr7	159819772	159819772	.	1	4	3	1|0	.	.	.	.	.	-	-	yes	ref	1	.	.	.	0
truth_smvar	chr7	159819772	159819772	.	1	4,1	3	1|2	.	.	.	.	.	-	-	no:duplicate_of_stvar	no:star_allele	1	.	.	.	0
truth_stvar	chr7	159819859	159819859	.	1	1	0	0|1	.	.	.	.	.	-	-	ref	no:star_allele	1	.	.	.	0
truth_stvar	chr7	159819859	159819859	.	1	1	0	1|0	.	.	.	.	.	-	-	yes	ref	1	.	.	.	0
truth_smvar	chr7	159819859	159819859	.	1	1,1	0	1|2	.	.	.	.	.	-	-	no:duplicate_of_stvar	no:star_allele	1	.	.	.	0
truth_stvar	chr7	159819888	159819888	.	1	1	0	0|1	.	.	.	.	.	-	-	ref	no:star_allele	1	.	.	.	0
truth_stvar	chr7	159819888	159819888	.	1	1	0	1|0	.	.	.	.	.	-	-	yes	ref	1	.	.	.	0
truth_smvar	chr7	159819888	159819888	.	1	1,1	0	1|2	.	.	.	.	.	-	-	no:duplicate_of_stvar	no:star_allele	1	.	.	.	0
truth_stvar	chr7	159819889	159819889	.	1	1	0	0|1	.	.	.	.	.	-	-	ref	no:star_allele	1	.	.	.	0
truth_stvar	chr7	159819889	159819889	.	1	1	0	1|0	.	.	.	.	.	-	-	yes	ref	1	.	.	.	0
truth_smvar	chr7	159819889	159819889	.	1	1,1	0	1|2	.	.	.	.	.	-	-	no:duplicate_of_stvar	no:star_allele	1	.	.	.	0
truth_stvar	chr7	159819931	159819931	.	1	1	0	0|1	.	.	.	.	.	-	-	ref	no:star_allele	1	.	.	.	0
truth_stvar	chr7	159819931	159819931	.	1	1	0	1|0	.	.	.	.	.	-	-	yes	ref	1	.	.	.	0
truth_smvar	chr7	159819931	159819931	.	1	1,1	0	1|2	.	.	.	.	.	-	-	no:duplicate_of_stvar	no:star_allele	1	.	.	.	0
truth_stvar	chr7	159819946	159819946	.	1	1	0	0|1	.	.	.	.	.	-	-	ref	no:star_allele	1	.	.	.	0
truth_stvar	chr7	159819946	159819946	.	1	1	0	1|0	.	.	.	.	.	-	-	yes	ref	1	.	.	.	0
truth_smvar	chr7	159819946	159819946	.	1	1,1	0	1|2	.	.	.	.	.	-	-	no:duplicate_of_stvar	no:star_allele	1	.	.	.	0
truth_stvar	chr7	159819976	159819979	.	4	1	0	0|1	.	.	.	.	.	-	-	ref	no:star_allele	1	.	.	.	0
truth_stvar	chr7	159819976	159819979	.	4	1	3	1|0	.	.	.	.	.	-	-	yes	ref	1	.	.	.	0
truth_smvar	chr7	159819976	159819979	.	4	1,1	3	1|2	.	.	.	.	.	-	-	no:duplicate_of_stvar	no:star_allele	1	.	.	.	0
truth_stvar	chr7	159819991	159819991	.	1	1	0	0|1	.	.	.	.	.	-	-	ref	no:star_allele	1	.	.	.	0
truth_stvar	chr7	159819991	159819991	.	1	1	0	1|0	.	.	.	.	.	-	-	yes	ref	1	.	.	.	0
truth_smvar	chr7	159819991	159819991	.	1	1,1	0	1|2	.	.	.	.	.	-	-	no:duplicate_of_stvar	no:star_allele	1	.	.	.	0
truth_stvar	chr7	159820036	159820036	.	1	1	0	0|1	.	.	.	.	.	-	-	ref	no:star_allele	1	.	.	.	0
truth_stvar	chr7	159820036	159820036	.	1	1	0	1|0	.	.	.	.	.	-	-	yes	ref	1	.	.	.	0
truth_smvar	chr7	159820036	159820036	.	1	1,1	0	1|2	.	.	.	.	.	-	-	no:duplicate_of_stvar	no:star_allele	1	.	.	.	0
truth_stvar	chr7	159820081	159820081	.	1	1	0	0|1	.	.	.	.	.	-	-	ref	no:star_allele	1	.	.	.	0
truth_stvar	chr7	159820081	159820081	.	1	1	0	1|0	.	.	.	.	.	-	-	yes	ref	1	.	.	.	0
truth_smvar	chr7	159820081	159820081	.	1	1,1	0	1|2	.	.	.	.	.	-	-	no:duplicate_of_stvar	no:star_allele	1	.	.	.	0
truth_stvar	chr7	159820106	159820106	.	1	1	0	0|1	.	.	.	.	.	-	-	ref	no:star_allele	1	.	.	.	0
truth_stvar	chr7	159820106	159820106	.	1	85	84	1|0	.	.	.	.	.	FN	FN	yes	ref	1	INS	90	.	0
truth_smvar	chr7	159820106	159820106	.	1	85,1	84	1|2	.	.	.	.	.	-	-	no:duplicate_of_stvar	no:star_allele	1	.	90	.	0
truth_stvar	chr7	159820114	159820114	.	1	1	0	0|1	.	.	.	.	.	-	-	ref	no:star_allele	1	.	.	.	0
truth_stvar	chr7	159820114	159820114	.	1	1	0	1|0	.	.	.	.	.	-	-	yes	ref	1	.	.	.	0
truth_smvar	chr7	159820114	159820114	.	1	1,1	0	1|2	.	.	.	.	.	-	-	no:duplicate_of_stvar	no:star_allele	1	.	.	.	0
truth_stvar	chr7	159820126	159820126	.	1	1	0	0|1	.	.	.	.	.	-	-	ref	no:star_allele	1	.	.	.	0
truth_stvar	chr7	159820126	159820126	.	1	1	0	1|0	.	.	.	.	.	-	-	yes	ref	1	.	.	.	0
truth_smvar	chr7	159820126	159820126	.	1	1,1	0	1|2	.	.	.	.	.	-	-	no:duplicate_of_stvar	no:star_allele	1	.	.	.	0
truth_stvar	chr7	159820156	159820156	.	1	1	0	0|1	.	.	.	.	.	-	-	ref	no:star_allele	1	.	.	.	0
truth_stvar	chr7	159820156	159820156	.	1	1	0	1|0	.	.	.	.	.	-	-	yes	ref	1	.	.	.	0
truth_smvar	chr7	159820156	159820156	.	1	1,1	0	1|2	.	.	.	.	.	-	-	no:duplicate_of_stvar	no:star_allele	1	.	.	.	0
truth_stvar	chr7	159820171	159820171	.	1	1	0	0|1	.	.	.	.	.	-	-	ref	no:star_allele	1	.	.	.	0
truth_stvar	chr7	159820171	159820171	.	1	1	0	1|0	.	.	.	.	.	-	-	yes	ref	1	.	.	.	0
truth_smvar	chr7	159820171	159820171	.	1	1,1	0	1|2	.	.	.	.	.	-	-	no:duplicate_of_stvar	no:star_allele	1	.	.	.	0
truth_stvar	chr7	159820246	159820246	.	1	1	0	0|1	.	.	.	.	.	-	-	ref	no:star_allele	1	.	.	.	0
truth_stvar	chr7	159820246	159820246	.	1	1	0	1|0	.	.	.	.	.	-	-	yes	ref	1	.	.	.	0
truth_smvar	chr7	159820246	159820246	.	1	1,1	0	1|2	.	.	.	.	.	-	-	no:duplicate_of_stvar	no:star_allele	1	.	.	.	0
truth_stvar	chr7	159820261	159820261	.	1	1	0	0|1	.	.	.	.	.	-	-	ref	no:star_allele	1	.	.	.	0
truth_stvar	chr7	159820261	159820261	.	1	1	0	1|0	.	.	.	.	.	-	-	yes	ref	1	.	.	.	0
truth_smvar	chr7	159820261	159820261	.	1	1,1	0	1|2	.	.	.	.	.	-	-	no:duplicate_of_stvar	no:star_allele	1	.	.	.	0
truth_stvar	chr7	159820291	159820291	.	1	1	0	0|1	.	.	.	.	.	-	-	ref	no:star_allele	1	.	.	.	0
truth_stvar	chr7	159820291	159820291	.	1	1	0	1|0	.	.	.	.	.	-	-	yes	ref	1	.	.	.	0
truth_smvar	chr7	159820291	159820291	.	1	1,1	0	1|2	.	.	.	.	.	-	-	no:duplicate_of_stvar	no:star_allele	1	.	.	.	0
truth_stvar	chr7	159820296	159820296	.	1	1	0	0|1	.	.	.	.	.	-	-	ref	no:star_allele	1	.	.	.	0
truth_stvar	chr7	159820296	159820296	.	1	1	0	1|0	.	.	.	.	.	-	-	yes	ref	1	.	.	.	0
truth_smvar	chr7	159820296	159820296	.	1	1,1	0	1|2	.	.	.	.	.	-	-	no:duplicate_of_stvar	no:star_allele	1	.	.	.	0
truth_stvar	chr7	159820336	159820336	.	1	1	0	0|1	.	.	.	.	.	-	-	ref	no:star_allele	1	.	.	.	0
truth_stvar	chr7	159820336	159820336	.	1	1	0	1|0	.	.	.	.	.	-	-	yes	ref	1	.	.	.	0
truth_smvar	chr7	159820336	159820336	.	1	1,1	0	1|2	.	.	.	.	.	-	-	no:duplicate_of_stvar	no:star_allele	1	.	.	.	0
truth_stvar	chr7	159820351	159820351	.	1	1	0	0|1	.	.	.	.	.	-	-	ref	no:star_allele	1	.	.	.	0
truth_stvar	chr7	159820351	159820351	.	1	1	0	1|0	.	.	.	.	.	-	-	yes	ref	1	.	.	.	0
truth_smvar	chr7	159820351	159820351	.	1	1,1	0	1|2	.	.	.	.	.	-	-	no:duplicate_of_stvar	no:star_allele	1	.	.	.	0
truth_stvar	chr7	159820426	159820429	.	4	1	3	0|1	.	.	.	.	.	-	-	ref	yes	1	.	.	.	0
truth_smvar	chr7	159820426	159820429	.	4	1	3	0|1	.	.	.	.	.	-	-	ref	no:duplicate_of_stvar	1	.	.	.	0
truth_stvar	chr7	159820441	159820441	.	1	1	0	0|1	.	.	.	.	.	-	-	ref	yes	1	.	.	.	0
truth_smvar	chr7	159820441	159820441	.	1	1	0	0|1	.	.	.	.	.	-	-	ref	no:duplicate_of_stvar	1	.	.	.	0
truth_stvar	chr7	159820483	159820483	.	1	1	0	1|0	.	.	.	.	.	-	-	yes	ref	1	.	.	.	0
truth_smvar	chr7	159820483	159820483	.	1	1	0	1|0	.	.	.	.	.	-	-	no:duplicate_of_stvar	ref	1	.	.	.	0
truth_stvar	chr7	159820513	159820516	.	4	1	3	1|0	.	.	.	.	.	-	-	yes	ref	1	.	.	.	0
truth_stvar	chr7	159820513	159821152	.	640	1	639	0|1	.	.	.	.	.	FN	FN	ref	yes	1	DEL	90	.	0
truth_smvar	chr7	159820513	159821152	.	640	1,637	639	2|1	.	.	.	.	.	-	-	no:overlaps_applied_stvar	no:duplicate_of_stvar	1	.	90	.	0
truth_stvar	chr7	159820558	159820561	.	4	1	0	0|1	.	.	.	.	.	-	-	ref	no:star_allele	1	.	.	.	0
truth_stvar	chr7	159820558	159820561	.	4	1	3	1|0	.	.	.	.	.	-	-	yes	ref	1	.	.	.	0
truth_smvar	chr7	159820558	159820561	.	4	1,1	3	1|2	.	.	.	.	.	-	-	no:duplicate_of_stvar	no:star_allele	1	.	.	.	0
truth_stvar	chr7	159820595	159820595	.	1	1	0	0|1	.	.	.	.	.	-	-	ref	no:star_allele	1	.	.	.	0
truth_stvar	chr7	159820595	159820595	.	1	4	3	1|0	.	.	.	.	.	-	-	yes	ref	1	.	.	.	0
truth_smvar	chr7	159820595	159820595	.	1	4,1	3	1|2	.	.	.	.	.	-	-	no:duplicate_of_stvar	no:star_allele	1	.	.	.	0
truth_stvar	chr7	159820605	159820605	.	1	1	0	0|1	.	.	.	.	.	-	-	ref	no:star_allele	1	.	.	.	0
truth_stvar	chr7	159820605	159820605	.	1	1	0	1|0	.	.	.	.	.	-	-	yes	ref	1	.	.	.	0
truth_smvar	chr7	159820605	159820605	.	1	1,1	0	1|2	.	.	.	.	.	-	-	no:duplicate_of_stvar	no:star_allele	1	.	.	.	0
truth_stvar	chr7	159820615	159820615	.	1	1	0	0|1	.	.	.	.	.	-	-	ref	no:star_allele	1	.	.	.	0
truth_stvar	chr7	159820615	159820615	.	1	1	0	1|0	.	.	.	.	.	-	-	yes	ref	1	.	.	.	0
truth_smvar	chr7	159820615	159820615	.	1	1,1	0	1|2	.	.	.	.	.	-	-	no:duplicate_of_stvar	no:star_allele	1	.	.	.	0
truth_stvar	chr7	159820695	159820695	.	1	1	0	0|1	.	.	.	.	.	-	-	ref	no:star_allele	1	.	.	.	0
truth_stvar	chr7	159820695	159820695	.	1	1	0	1|0	.	.	.	.	.	-	-	yes	ref	1	.	.	.	0
truth_smvar	chr7	159820695	159820695	.	1	1,1	0	1|2	.	.	.	.	.	-	-	no:duplicate_of_stvar	no:star_allele	1	.	.	.	0
truth_stvar	chr7	159820772	159820772	.	1	1	0	0|1	.	.	.	.	.	-	-	ref	no:star_allele	1	.	.	.	0
truth_stvar	chr7	159820772	159820772	.	1	4	3	1|0	.	.	.	.	.	-	-	yes	ref	1	.	.	.	0
truth_smvar	chr7	159820772	159820772	.	1	4,1	3	1|2	.	.	.	.	.	-	-	no:duplicate_of_stvar	no:star_allele	1	.	.	.	0
truth_stvar	chr7	159820792	159820792	.	1	1	0	0|1	.	.	.	.	.	-	-	ref	no:star_allele	1	.	.	.	0
truth_stvar	chr7	159820792	159820792	.	1	1	0	1|0	.	.	.	.	.	-	-	yes	ref	1	.	.	.	0
truth_smvar	chr7	159820792	159820792	.	1	1,1	0	1|2	.	.	.	.	.	-	-	no:duplicate_of_stvar	no:star_allele	1	.	.	.	0
truth_stvar	chr7	159820809	159820809	.	1	1	0	0|1	.	.	.	.	.	-	-	ref	no:star_allele	1	.	.	.	0
truth_stvar	chr7	159820809	159820809	.	1	1	0	1|0	.	.	.	.	.	-	-	yes	ref	1	.	.	.	0
truth_smvar	chr7	159820809	159820809	.	1	1,1	0	1|2	.	.	.	.	.	-	-	no:duplicate_of_stvar	no:star_allele	1	.	.	.	0
truth_stvar	chr7	159820912	159820912	.	1	1	0	0|1	.	.	.	.	.	-	-	ref	no:star_allele	1	.	.	.	0
truth_stvar	chr7	159820912	159820912	.	1	1	0	1|0	.	.	.	.	.	-	-	yes	ref	1	.	.	.	0
truth_smvar	chr7	159820912	159820912	.	1	1,1	0	1|2	.	.	.	.	.	-	-	no:duplicate_of_stvar	no:star_allele	1	.	.	.	0
truth_stvar	chr7	159820927	159820927	.	1	1	0	0|1	.	.	.	.	.	-	-	ref	no:star_allele	1	.	.	.	0
truth_stvar	chr7	159820927	159820927	.	1	1	0	1|0	.	.	.	.	.	-	-	yes	ref	1	.	.	.	0
truth_smvar	chr7	159820927	159820927	.	1	1,1	0	1|2	.	.	.	.	.	-	-	no:duplicate_of_stvar	no:star_allele	1	.	.	.	0
truth_stvar	chr7	159820934	159820934	.	1	1	0	0|1	.	.	.	.	.	-	-	ref	no:star_allele	1	.	.	.	0
truth_stvar	chr7	159820934	159820934	.	1	1	0	1|0	.	.	.	.	.	-	-	yes	ref	1	.	.	.	0
truth_smvar	chr7	159820934	159820934	.	1	1,1	0	1|2	.	.	.	.	.	-	-	no:duplicate_of_stvar	no:star_allele	1	.	.	.	0
truth_stvar	chr7	159820944	159820944	.	1	1	0	0|1	.	.	.	.	.	-	-	ref	no:star_allele	1	.	.	.	0
truth_stvar	chr7	159820944	159820944	.	1	1	0	1|0	.	.	.	.	.	-	-	yes	ref	1	.	.	.	0
truth_smvar	chr7	159820944	159820944	.	1	1,1	0	1|2	.	.	.	.	.	-	-	no:duplicate_of_stvar	no:star_allele	1	.	.	.	0
truth_stvar	chr7	159821017	159821017	.	1	1	0	0|1	.	.	.	.	.	-	-	ref	no:star_allele	1	.	.	.	0
truth_stvar	chr7	159821017	159821017	.	1	1	0	1|0	.	.	.	.	.	-	-	yes	ref	1	.	.	.	0
truth_smvar	chr7	159821017	159821017	.	1	1,1	0	1|2	.	.	.	.	.	-	-	no:duplicate_of_stvar	no:star_allele	1	.	.	.	0
truth_stvar	chr7	159821140	159821140	.	1	1	0	0|1	.	.	.	.	.	-	-	ref	no:star_allele	1	.	.	.	0
truth_stvar	chr7	159821140	159821140	.	1	43	42	1|0	.	.	.	.	.	-	-	yes	ref	1	INS	90	.	0
truth_smvar	chr7	159821140	159821140	.	1	43,1	42	1|2	.	.	.	.	.	-	-	no:duplicate_of_stvar	no:star_allele	1	.	90	.	0
truth_stvar	chr7	159821197	159821197	.	1	1	0	1|1	.	.	.	.	.	-	-	yes	yes	1	.	.	.	0
truth_smvar	chr7	159821197	159821197	.	1	1	0	1|1	.	.	.	.	.	-	-	no:duplicate_of_stvar	no:duplicate_of_stvar	1	.	.	.	0
truth_stvar	chr7	159821227	159821227	.	1	1	0	1|0	.	.	.	.	.	-	-	yes	ref	1	.	.	.	0
truth_stvar	chr7	159821227	159821230	.	4	1	3	0|1	.	.	.	.	.	-	-	ref	yes	1	.	.	.	0
truth_smvar	chr7	159821227	159821230	.	4	1,4	3	2|1	.	.	.	.	.	-	-	no:overlaps_applied_stvar	no:duplicate_of_stvar	1	.	.	.	0
truth_stvar	chr7	159821242	159821242	.	1	1	0	0|1	.	.	.	.	.	-	-	ref	yes	1	.	.	.	0
truth_smvar	chr7	159821242	159821242	.	1	1	0	0|1	.	.	.	.	.	-	-	ref	no:duplicate_of_stvar	1	.	.	.	0
truth_stvar	chr7	159821287	159821287	.	1	1	0	1|0	.	.	.	.	.	-	-	yes	ref	1	.	.	.	0
truth_smvar	chr7	159821287	159821287	.	1	1	0	1|0	.	.	.	.	.	-	-	no:duplicate_of_stvar	ref	1	.	.	.	0
truth_stvar	chr7	159821332	159821332	.	1	1	0	1|0	.	.	.	.	.	-	-	yes	ref	1	.	.	.	0
truth_smvar	chr7	159821332	159821332	.	1	1	0	1|0	.	.	.	.	.	-	-	no:duplicate_of_stvar	ref	1	.	.	.	0
truth_stvar	chr7	159821377	159821377	.	1	1	0	0|1	.	.	.	.	.	-	-	ref	yes	1	.	.	.	0
truth_smvar	chr7	159821377	159821377	.	1	1	0	0|1	.	.	.	.	.	-	-	ref	no:duplicate_of_stvar	1	.	.	.	0
truth_stvar	chr7	159821467	159821467	.	1	1	0	0|1	.	.	.	.	.	-	-	ref	yes	1	.	.	.	0
truth_smvar	chr7	159821467	159821467	.	1	1	0	0|1	.	.	.	.	.	-	-	ref	no:duplicate_of_stvar	1	.	.	.	0
truth_stvar	chr7	159821512	159821512	.	1	1	0	0|1	.	.	.	.	.	-	-	ref	yes	1	.	.	.	0
truth_smvar	chr7	159821512	159821512	.	1	1	0	0|1	.	.	.	.	.	-	-	ref	no:duplicate_of_stvar	1	.	.	.	0
truth_stvar	chr7	159821539	159821539	.	1	4	3	1|0	.	.	.	.	.	-	-	yes	ref	1	.	.	.	0
truth_smvar	chr7	159821539	159821539	.	1	4	3	1|0	.	.	.	.	.	-	-	no:duplicate_of_stvar	ref	1	.	.	.	0
truth_stvar	chr7	159821541	159821541	.	1	1	0	1|1	.	.	.	.	.	-	-	yes	yes	1	.	.	.	0
truth_smvar	chr7	159821541	159821541	.	1	1	0	1|1	.	.	.	.	.	-	-	no:duplicate_of_stvar	no:duplicate_of_stvar	1	.	.	.	0
truth_stvar	chr7	159821542	159821542	.	1	4	3	0|1	.	.	.	.	.	-	-	ref	yes	1	.	.	.	0
truth_smvar	chr7	159821542	159821542	.	1	4	3	0|1	.	.	.	.	.	-	-	ref	no:duplicate_of_stvar	1	.	.	.	0
truth_stvar	chr7	159821554	159821554	.	1	1	0	0|1	.	.	.	.	.	-	-	ref	yes	1	.	.	.	0
truth_smvar	chr7	159821554	159821554	.	1	1	0	0|1	.	.	.	.	.	-	-	ref	no:duplicate_of_stvar	1	.	.	.	0
truth_stvar	chr7	159821599	159821599	.	1	1	0	1|0	.	.	.	.	.	-	-	yes	ref	1	.	.	.	0
truth_smvar	chr7	159821599	159821599	.	1	1	0	1|0	.	.	.	.	.	-	-	no:duplicate_of_stvar	ref	1	.	.	.	0
truth_stvar	chr7	159821674	159821674	.	1	1	0	1|0	.	.	.	.	.	-	-	yes	ref	1	.	.	.	0
truth_smvar	chr7	159821674	159821674	.	1	1	0	1|0	.	.	.	.	.	-	-	no:duplicate_of_stvar	ref	1	.	.	.	0
truth_stvar	chr7	159821689	159821689	.	1	1	0	1|1	.	.	.	.	.	-	-	yes	yes	1	.	.	.	0
truth_smvar	chr7	159821689	159821689	.	1	1	0	1|1	.	.	.	.	.	-	-	no:duplicate_of_stvar	no:duplicate_of_stvar	1	.	.	.	0
truth_stvar	chr7	159821734	159821734	.	1	1	0	1|0	.	.	.	.	.	-	-	yes	ref	1	.	.	.	0
truth_smvar	chr7	159821734	159821734	.	1	1	0	1|0	.	.	.	.	.	-	-	no:duplicate_of_stvar	ref	1	.	.	.	0
truth_stvar	chr7	159821764	159821764	.	1	1	0	1|1	.	.	.	.	.	-	-	yes	yes	1	.	.	.	0
truth_smvar	chr7	159821764	159821764	.	1	1	0	1|1	.	.	.	.	.	-	-	no:duplicate_of_stvar	no:duplicate_of_stvar	1	.	.	.	0
truth_stvar	chr7	159821776	159822211	.	436	1	435	0|1	.	.	.	.	.	FN	FN	ref	yes	1	DEL	90	.	0
truth_smvar	chr7	159821776	159822211	.	436	1	435	0|1	.	.	.	.	.	-	-	ref	no:duplicate_of_stvar	1	.	90	.	0
truth_stvar	chr7	159821824	159821824	.	1	1	0	0|1	.	.	.	.	.	-	-	ref	no:star_allele	1	.	.	.	0
truth_stvar	chr7	159821824	159821824	.	1	1	0	1|0	.	.	.	.	.	-	-	yes	ref	1	.	.	.	0
truth_smvar	chr7	159821824	159821824	.	1	1,1	0	1|2	.	.	.	.	.	-	-	no:duplicate_of_stvar	no:star_allele	1	.	.	.	0
truth_stvar	chr7	159821896	159821896	.	1	1	0	0|1	.	.	.	.	.	-	-	ref	no:star_allele	1	.	.	.	0
truth_stvar	chr7	159821896	159821896	.	1	4	3	1|0	.	.	.	.	.	-	-	yes	ref	1	.	.	.	0
truth_smvar	chr7	159821896	159821896	.	1	4,1	3	1|2	.	.	.	.	.	-	-	no:duplicate_of_stvar	no:star_allele	1	.	.	.	0
truth_stvar	chr7	159821962	159821962	.	1	1	0	0|1	.	.	.	.	.	-	-	ref	no:star_allele	1	.	.	.	0
truth_stvar	chr7	159821962	159821962	.	1	1	0	1|0	.	.	.	.	.	-	-	yes	ref	1	.	.	.	0
truth_smvar	chr7	159821962	159821962	.	1	1,1	0	1|2	.	.	.	.	.	-	-	no:duplicate_of_stvar	no:star_allele	1	.	.	.	0
truth_stvar	chr7	159821986	159821986	.	1	1	0	0|1	.	.	.	.	.	-	-	ref	no:star_allele	1	.	.	.	0
truth_stvar	chr7	159821986	159821986	.	1	49	48	1|0	.	.	.	.	.	-	-	yes	ref	1	INS	90	.	0
truth_smvar	chr7	159821986	159821986	.	1	49,1	48	1|2	.	.	.	.	.	-	-	no:duplicate_of_stvar	no:star_allele	1	.	90	.	0
truth_stvar	chr7	159821998	159821998	.	1	1	0	0|1	.	.	.	.	.	-	-	ref	no:star_allele	1	.	.	.	0
truth_stvar	chr7	159821998	159821998	.	1	1	0	1|0	.	.	.	.	.	-	-	yes	ref	1	.	.	.	0
truth_smvar	chr7	159821998	159821998	.	1	1,1	0	1|2	.	.	.	.	.	-	-	no:duplicate_of_stvar	no:star_allele	1	.	.	.	0
truth_stvar	chr7	159822020	159822020	.	1	1	0	0|1	.	.	.	.	.	-	-	ref	no:star_allele	1	.	.	.	0
truth_stvar	chr7	159822020	159822020	.	1	4	3	1|0	.	.	.	.	.	-	-	yes	ref	1	.	.	.	0
truth_smvar	chr7	159822020	159822020	.	1	4,1	3	1|2	.	.	.	.	.	-	-	no:duplicate_of_stvar	no:star_allele	1	.	.	.	0
truth_stvar	chr7	159822115	159822115	.	1	1	0	0|1	.	.	.	.	.	-	-	ref	no:star_allele	1	.	.	.	0
truth_stvar	chr7	159822115	159822115	.	1	4	3	1|0	.	.	.	.	.	-	-	yes	ref	1	.	.	.	0
truth_smvar	chr7	159822115	159822115	.	1	4,1	3	1|2	.	.	.	.	.	-	-	no:duplicate_of_stvar	no:star_allele	1	.	.	.	0
truth_stvar	chr7	159822157	159822157	.	1	1	0	0|1	.	.	.	.	.	-	-	ref	no:star_allele	1	.	.	.	0
truth_stvar	chr7	159822157	159822157	.	1	4	3	1|0	.	.	.	.	.	-	-	yes	ref	1	.	.	.	0
truth_smvar	chr7	159822157	159822157	.	1	4,1	3	1|2	.	.	.	.	.	-	-	no:duplicate_of_stvar	no:star_allele	1	.	.	.	0
truth_stvar	chr7	159822199	159822199	.	1	1	0	0|1	.	.	.	.	.	-	-	ref	no:star_allele	1	.	.	.	0
truth_stvar	chr7	159822199	159822199	.	1	4	3	1|0	.	.	.	.	.	-	-	yes	ref	1	.	.	.	0
truth_smvar	chr7	159822199	159822199	.	1	4,1	3	1|2	.	.	.	.	.	-	-	no:duplicate_of_stvar	no:star_allele	1	.	.	.	0
vg	chr7	159822201	159822201	>184748496>184748503	1	3	2	.|1	1	6.99072	PASS	-	-	.	.	.	.	.	.	.	.	0
vg	chr7	159822202	159822202	>184748496>184748503	1	2	1	.|1	1	6.99072	PASS	-	-	.	.	.	.	.	.	.	.	0
truth_stvar	chr7	159822211	159822211	.	1	1	0	0|1	.	.	.	.	.	-	-	ref	no:star_allele	1	.	.	.	0
truth_stvar	chr7	159822211	159822211	.	1	1	0	1|0	.	.	.	.	.	-	-	yes	ref	1	.	.	.	0
truth_smvar	chr7	159822211	159822211	.	1	1,1	0	1|2	.	.	.	.	.	-	-	no:duplicate_of_stvar	no:star_allele	1	.	.	.	0
vg	chr7	159822211	159822211	>184748509>184748514	1	1	0	.|1	1	5.42718	PASS	-	-	.	.	.	.	.	.	.	.	0
vg	chr7	159822233	159822233	>184748528>184748534	1	4	3	.|1	1	3.47528	PASS	-	-	.	.	.	.	.	.	.	.	0
vg	chr7	159822238	159822238	>184748538>184748541	1	1	0	.|1	1	12.4779	PASS	-	-	.	.	.	.	.	.	.	.	0
truth_stvar	chr7	159822241	159822241	.	1	4	3	1|0	.	.	.	.	.	-	-	yes	ref	1	.	.	.	0
truth_smvar	chr7	159822241	159822241	.	1	4	3	1|0	.	.	.	.	.	-	-	no:duplicate_of_stvar	ref	1	.	.	.	0
vg	chr7	159822241	159822241	>184748543>184748547	1	1	0	.|1	1	13.0475	PASS	-	-	.	.	.	.	.	.	.	.	0
vg	chr7	159822242	159822242	>184748547>184748592	1	40	39	.|1	1	14.0317	PASS	-	-	.	.	.	.	.	.	.	.	0
vg	chr7	159822245	159822245	>184748593>184748601	1	4	3	.|1	1	12.5196	PASS	-	-	.	.	.	.	.	.	.	.	0
vg	chr7	159822253	159822253	>184748609>184748613	1	1	0	.|1	1	12.1984	PASS	-	-	.	.	.	.	.	.	.	.	0
truth_stvar	chr7	159822267	159822270	.	4	1	3	0|1	.	.	.	.	.	-	-	ref	yes	1	.	.	.	0
truth_smvar	chr7	159822267	159822270	.	4	1	3	0|1	.	.	.	.	.	-	-	ref	no:duplicate_of_stvar	1	.	.	.	0
truth_stvar	chr7	159822275	159822275	.	1	4	3	1|0	.	.	.	.	.	-	-	yes	ref	1	.	.	.	0
truth_smvar	chr7	159822275	159822275	.	1	4	3	1|0	.	.	.	.	.	-	-	no:duplicate_of_stvar	ref	1	.	.	.	0
vg	chr7	159822279	159822279	>184748636>184748640	1	4	3	.|1	1	20.1073	PASS	-	-	.	.	.	.	.	.	.	.	0
truth_stvar	chr7	159822295	159822295	.	1	1	0	1|1	.	.	.	.	.	-	-	yes	yes	1	.	.	.	0
truth_smvar	chr7	159822295	159822295	.	1	1	0	1|1	.	.	.	.	.	-	-	no:duplicate_of_stvar	no:duplicate_of_stvar	1	.	.	.	0
vg	chr7	159822301	159822301	>184748626>184749723	1	130	129	.|1	1	29.7985	PASS	FP	-	.	.	.	.	.	.	.	1007.38,1007.10	0
vg	chr7	159822305	159822305	>184748838>184748841	1	1	0	.|1	1	1.9313	PASS	-	-	.	.	.	.	.	.	.	.	0
vg	chr7	159822310	159822310	>184748842>184748848	1	10	9	.|1	1	1.7846	PASS	-	-	.	.	.	.	.	.	.	.	0
vg	chr7	159822313	159822313	>184748626>184749723	1	349	348	.|1	1	29.7985	PASS	FP	-	.	.	.	.	.	.	.	1007.13,1007.11	0
vg	chr7	159822315	159822315	>184749566>184749572	1	4	3	.|1	1	7.194	PASS	-	-	.	.	.	.	.	.	.	.	0
truth_stvar	chr7	159822320	159822446	.	127	1	126	0|1	.	.	.	.	.	FN	FN	ref	yes	1	DEL	90	.	0
truth_smvar	chr7	159822320	159822446	.	127	1	126	0|1	.	.	.	.	.	-	-	ref	no:duplicate_of_stvar	1	.	90	.	0
vg	chr7	159822323	159822323	>184749578>184749688	1	133	132	.|1	1	20.8348	PASS	FP	-	.	.	.	.	.	.	.	1007.38,1007.12	0
vg	chr7	159822325	159822325	>184749688>184749696	1	1	0	.|1	1	31.1144	PASS	-	-	.	.	.	.	.	.	.	.	0
vg	chr7	159822328	159822328	>184749688>184749696	1	1	0	.|1	1	31.1144	PASS	-	-	.	.	.	.	.	.	.	.	0
vg	chr7	159822332	159822332	>184749702>184749706	1	4	3	.|1	1	28.7959	PASS	-	-	.	.	.	.	.	.	.	.	0
truth_stvar	chr7	159822340	159822340	.	1	1	0	0|1	.	.	.	.	.	-	-	ref	no:star_allele	1	.	.	.	0
truth_stvar	chr7	159822340	159822340	.	1	1	0	1|0	.	.	.	.	.	-	-	yes	ref	1	.	.	.	0
truth_smvar	chr7	159822340	159822340	.	1	1,1	0	1|2	.	.	.	.	.	-	-	no:duplicate_of_stvar	no:star_allele	1	.	.	.	0
truth_stvar	chr7	159822357	159822357	.	1	1	0	0|1	.	.	.	.	.	-	-	ref	no:star_allele	1	.	.	.	0
truth_stvar	chr7	159822357	159822357	.	1	1	0	1|0	.	.	.	.	.	-	-	yes	ref	1	.	.	.	0
truth_smvar	chr7	159822357	159822357	.	1	1,1	0	1|2	.	.	.	.	.	-	-	no:duplicate_of_stvar	no:star_allele	1	.	.	.	0
vg	chr7	159822357	159822357	>184749723>184749726	1	1	0	.|1	1	14.3373	PASS	-	-	.	.	.	.	.	.	.	.	0
vg	chr7	159822358	159822358	>184749726>184749855	1	136	135	.|1	1	31.8167	PASS	FP	-	.	.	.	.	.	.	.	1007.38,1007.14	0
vg	chr7	159822359	159822359	>184749727>184749848	1	133	132	.|1	1	31.1078	PASS	FP	-	.	.	.	.	.	.	.	1007.38,1007.13	0
vg	chr7	159822372	159822372	>184749864>184749901	1	36	35	.|1	1	6.90051	PASS	-	-	.	.	.	.	.	.	.	.	0
vg	chr7	159822373	159822373	>184749864>184749901	1	2	1	.|1	1	6.90051	PASS	-	-	.	.	.	.	.	.	.	.	0
vg	chr7	159822375	159822375	>184749902>184749910	1	7	6	.|1	1	4.0533	PASS	-	-	.	.	.	.	.	.	.	.	0
vg	chr7	159822377	159822377	>184749912>184749916	1	4	3	.|1	1	2.48616	PASS	-	-	.	.	.	.	.	.	.	.	0
vg	chr7	159822379	159822379	>184749917>184749923	1	4	3	.|1	1	3.11977	PASS	-	-	.	.	.	.	.	.	.	.	0
vg	chr7	159822381	159822381	>184749925>184750014	1	87	86	.|1	1	11.5146	PASS	FP	-	.	.	.	.	.	.	.	1007.38,1007.15	0
truth_stvar	chr7	159822382	159822382	.	1	1	0	0|1	.	.	.	.	.	-	-	ref	no:star_allele	1	.	.	.	0
truth_stvar	chr7	159822382	159822382	.	1	4	3	1|0	.	.	.	.	.	-	-	yes	ref	1	.	.	.	0
truth_smvar	chr7	159822382	159822382	.	1	4,1	3	1|2	.	.	.	.	.	-	-	no:duplicate_of_stvar	no:star_allele	1	.	.	.	0
vg	chr7	159822382	159822382	>184749925>184750014	1	2	1	.|1	1	11.5146	PASS	-	-	.	.	.	.	.	.	.	.	0
truth_stvar	chr7	159822399	159822399	.	1	1	0	0|1	.	.	.	.	.	-	-	ref	no:star_allele	1	.	.	.	0
truth_stvar	chr7	159822399	159822399	.	1	1	0	1|0	.	.	.	.	.	-	-	yes	ref	1	.	.	.	0
truth_smvar	chr7	159822399	159822399	.	1	1,1	0	1|2	.	.	.	.	.	-	-	no:duplicate_of_stvar	no:star_allele	1	.	.	.	0
truth_stvar	chr7	159822412	159822412	.	1	1	0	0|1	.	.	.	.	.	-	-	ref	no:star_allele	1	.	.	.	0
truth_stvar	chr7	159822412	159822412	.	1	4	3	1|0	.	.	.	.	.	-	-	yes	ref	1	.	.	.	0
truth_smvar	chr7	159822412	159822412	.	1	4,1	3	1|2	.	.	.	.	.	-	-	no:duplicate_of_stvar	no:star_allele	1	.	.	.	0
vg	chr7	159822416	159822416	>184750054>184750059	1	4	3	.|1	1	5.21754	PASS	-	-	.	.	.	.	.	.	.	.	0
vg	chr7	159822424	159822424	>184750066>184750074	1	1	0	.|1	1	3.43603	PASS	-	-	.	.	.	.	.	.	.	.	0
truth_stvar	chr7	159822434	159822437	.	4	1	0	0|1	.	.	.	.	.	-	-	ref	no:star_allele	1	.	.	.	0
truth_stvar	chr7	159822434	159822437	.	4	1	3	1|0	.	.	.	.	.	-	-	yes	ref	1	.	.	.	0
truth_smvar	chr7	159822434	159822437	.	4	1,1	3	1|2	.	.	.	.	.	-	-	no:duplicate_of_stvar	no:star_allele	1	.	.	.	0
pangenie	chr7	159822437	159822437	chr7-159822485-INS->187464475>187464476>187464477>187464478>187464480>187464481>187464483>187464484>187464486>187464488>187464490>187464491>187464492>187464495>187464496>187464498>187464499>187464500>187464502>187464503>187464505>187464506>187464508>187464509>187464510>187464511>187464514>187464515>187464517>187464518>187464519>187464522>187464523>187464524>187464528>187464529>187464531>187464532>187464534>187464535>187464538>187464539>187464540>187464542>187464543>187464545>187464546>187464548>187464549>187464551>187464554>187464555>187464556>187464559>187464560>187464561>187464563>187464564>187464565>187464567>187464568>187464570>187464572>187464573>187464574>187464577>187464578>187464580>187464583>187464584>187464585>187464588>187464589>187464590>187464591>187464593>187464594>187464596>187464598>187464599>187464601>187464602>187464603>187464605>187464606>187464607>187464609>187464610>187464611>187464614>187464616>187464618>187464619>187464620>187464622>187464623>187464624>187464625>187464626>187464627>187464628>187464632>187464633>187464634>187464636>187464637>187464639>187464640>187464642>187464643>187464645>187464646>187464647>187464649>187464650>187464651>187464653>187464654>187464656>187464658>187464661>187464662>187464665>187464666>187464670>187464671>187464673>187464674>187464675>187464679>187464680>187464681>187464683>187464684>187464719>187464720>187464723>187464724>187464725>187464726>187464728>187464729>187464731>187464732>187464734>187464736>187464737>187464739>187464740>187464742>187464743>187464744>187464746>187464747>187464750>187464751>187464754>187464755>187464757>187464758>187464760>187464761>187464764>187464765>187464766>187464767>187464768>187464769>187464771>187464776>187464777>187464778>187464781>187464782>187464784>187464785>187464786>187464790>187464791>187464792>187464794>187464795>187464797>187464798>187464800>187464801>187464803>187464804>187464807>187464808>187464811>187464813>187464814>187464816>187464817>187464818>187464820>187464821>187464822>187464824>187464825>187464826>187464827>187464829>187464830>187464832>187464833>187464836>187464837>187464840>187464842>187464843>187464844>187464845>187464846>187464848>187464849>187464855>187464857>187464858>187464860>187464862>187464863>187464866>187464869>187464870>187464871>187464872>187464874>187464875>187464876>187464877>187464880>187464881>187464882>187464884>187464885>187464887>187464889>187464890>187464892>187464899>187464900>187464902>187464903>187464905>187464906>187464909>187465001>187465003>187465004>187465007>187465009>187465010>187465012>187465015>187465016>187465017>187465019>187465020>187465023>187465024>187465025>187465030>187465257>187465259>187465260>187465262>187465267>187465268>187465271>187465272>187465275>187465276>187465277>187465279>187465281>187465282>187465284>187465286>187465287>187465289>187465291>187465293>187465294>187465298>187465299>187465300>187465302>187465317>187465319>187465323>187465324>187465326>187465327>187465331>187465332>187465334>187465335>187465337>187465365-435	1	436	435	0/1	1	.	PASS	FP	-	.	.	.	.	.	.	.	983.37,983.0	0
vg	chr7	159822441	159822441	>184750085>184750088	1	1	0	.|1	1	23.6636	PASS	-	-	.	.	.	.	.	.	.	.	0
pangenie	chr7	159822441	159822441	chr7-159822445-INS->187464402>187464403>187464404-3	1	4	3	1/1	1	.	PASS	-	-	.	.	.	.	.	.	.	.	0
pangenie	chr7	159822446	159822446	chr7-159822458-INS->187464421>187464423>187464424>187464425>187464426>187464427>187464428>187464431>187464434>187464435>187464436>187464437>187464438>187464439>187464440>187464442>187464443>187464444>187464445>187464448>187464449>187464450>187464452>187464453>187464455>187464456-48	1	49	48	0/1	1	.	PASS	-	-	.	.	.	.	.	.	.	.	0
vg	chr7	159822451	159822451	>184750090>184750093	1	1	0	.|1	1	22.689	PASS	-	-	.	.	.	.	.	.	.	.	0
pangenie	chr7	159822451	159822451	chr7-159822458-INS->187464421>187464449>187464450>187464452>187464456-3	1	4	3	1/0	1	.	PASS	-	-	.	.	.	.	.	.	.	.	0
pangenie	chr7	159822451	159822451	chr7-159822451-SNV->187464409>187464411>187464412-1	1	1	0	1/1	1	.	PASS	-	-	.	.	.	.	.	.	.	.	0
vg	chr7	159822454	159822454	>184750093>184750122	1	1	0	.|1	1	23.3949	PASS	-	-	.	.	.	.	.	.	.	.	0
pangenie	chr7	159822454	159822454	chr7-159822454-SNV->187464412>187464414>187464415-1	1	1	0	1/1	1	.	PASS	-	-	.	.	.	.	.	.	.	.	0
vg	chr7	159822458	159822458	>184750129>184750133	1	4	3	.|1	1	25.2687	PASS	-	-	.	.	.	.	.	.	.	.	0
vg	chr7	159822466	159822466	>184750140>184750328	1	214	213	.|1	1	27.2474	PASS	FP	-	.	.	.	.	.	.	.	1007.20,1007.16	0
pangenie	chr7	159822466	159822466	chr7-159822466-SNV->187464462>187464464>187464465-1	1	1	0	0/1	1	.	PASS	-	-	.	.	.	.	.	.	.	.	0
vg	chr7	159822468	159822468	>184750330>184750335	1	4	3	.|1	1	4.98903	PASS	-	-	.	.	.	.	.	.	.	.	0
vg	chr7	159822473	159822473	>184750338>184750350	1	8	7	.|1	1	14.5819	PASS	-	-	.	.	.	.	.	.	.	.	0
pangenie	chr7	159822480	159822480	chr7-159822487-INS->187465351>187465352>187465353-3	1	4	3	1/0	1	.	PASS	-	-	.	.	.	.	.	.	.	.	0
pangenie	chr7	159822483	159822483	chr7-159822484-INS->187464475>187464476>187464477>187464478>187464480>187464481>187464483>187464484>187464486>187464488>187464490>187464491>187464492>187464495>187464496>187464497>187464499>187464500>187464502>187464503>187464505>187464506>187464508>187464509>187464510>187464511>187464514>187464515>187464517>187464518>187464519>187464522>187464523>187464524>187464528>187464529>187464531>187464532>187464534>187464536>187464538>187464539>187464540>187464542>187464543>187464545>187464546>187464548>187464549>187464551>187464554>187464555>187464556>187464559>187464560>187464561>187464563>187464564>187464565>187464567>187464568>187464570>187464572>187464573>187464574>187464577>187464578>187464580>187464583>187464584>187464585>187464586>187464589>187464590>187464591>187464593>187464594>187464596>187464598>187464599>187464601>187464602>187464603>187464605>187464606>187464607>187464609>187464610>187464611>187464614>187464616>187464617>187464619>187464623>187464624>187464625>187464626>187464627>187464628>187464629>187464633>187464634>187464636>187464637>187464639>187464640>187464642>187464643>187464645>187464646>187464647>187464649>187464650>187464651>187464653>187464654>187464656>187464657>187464661>187464662>187464665>187464666>187464667>187464669>187464670>187464671>187464673>187464674>187464675>187464679>187464680>187464681>187464683>187464684>187464685>187464686>187464688>187464689>187464690>187464691>187464692>187464693>187464696>187464697>187464698>187464699>187464702>187464703>187464704>187464706>187464708>187464710>187464711>187464715>187464716>187464717>187464718>187464719>187464720>187464723>187464724>187464725>187464726>187464728>187464729>187464731>187464732>187464734>187464736>187464737>187464739>187464740>187464742>187464743>187464744>187464746>187464747>187464750>187464753>187464754>187464755>187464757>187464758>187464760>187464761>187464764>187464765>187464766>187464767>187464768>187464769>187464771>187464776>187464777>187464778>187464781>187464782>187464784>187464785>187464786>187464790>187464791>187464792>187464794>187464795>187464797>187464798>187464800>187464801>187464803>187464805>187464807>187464808>187464811>187464813>187464817>187464818>187464820>187464821>187464822>187464824>187464825>187464826>187464827>187464829>187464830>187464832>187464833>187464836>187464837>187464843>187464844>187464845>187464846>187464848>187464849>187464853>187464854>187464855>187464857>187464858>187464860>187464862>187464863>187464866>187464869>187464870>187464871>187464872>187464874>187464875>187464876>187464877>187464880>187464881>187464882>187464884>187464885>187464887>187464889>187464891>187464892>187464895>187464896>187464897>187464899>187464900>187464902>187464903>187464905>187464906>187464909>187465001>187465003>187465004>187465007>187465009>187465010>187465012>187465013>187465014>187465015>187465016>187465018>187465019>187465020>187465021>187465024>187465025>187465028>187465029>187465030>187465032>187465033>187465035>187465036>187465038>187465039>187465040>187465042>187465044>187465045>187465048>187465049>187465050>187465051>187465052>187465054>187465055>187465056>187465059>187465060>187465061>187465063>187465065>187465067>187465068>187465069>187465072>187465074>187465075>187465076>187465078>187465079>187465080>187465081>187465082>187465083>187465086>187465087>187465088>187465089>187465090>187465092>187465094>187465095>187465097>187465099>187465100>187465102>187465103>187465105>187465106>187465107>187465108>187465111>187465112>187465113>187465115>187465117>187465118>187465120>187465121>187465124>187465125>187465126>187465128>187465129>187465131>187465133>187465134>187465135>187465138>187465140>187465141>187465143>187465144>187465145>187465148>187465150>187465151>187465154>187465155>187465156>187465158>187465159>187465160>187465162>187465163>187465165>187465166>187465167>187465169>187465170>187465172>187465173>187465175>187465176>187465177>187465179>187465180>187465182>187465183>187465184>187465187>187465189>187465190>187465191>187465193>187465194>187465196>187465197>187465199>187465200>187465202>187465203>187465204>187465206>187465208>187465209>187465211>187465213>187465214>187465215>187465218>187465219>187465220>187465222>187465223>187465249>187465250>187465251>187465252>187465254>187465256>187465258>187465259>187465260>187465262>187465263>187465264>187465266>187465267>187465270>187465271>187465272>187465275>187465276>187465277>187465279>187465281>187465282>187465284>187465286>187465287>187465289>187465291>187465293>187465294>187465298>187465299>187465300>187465302>187465307>187465309>187465310>187465311>187465312>187465313>187465314>187465315>187465316>187465317>187465319>187465320>187465322>187465323>187465324>187465326>187465327>187465331>187465332>187465334>187465335>187465337>187465350>187465351-831	1	832	831	1/0	1	.	PASS	FP	-	.	.	.	.	.	.	.	983.29,983.1	0
truth_stvar	chr7	159822519	159822519	.	1	1	0	1|1	.	.	.	.	.	-	-	yes	yes	1	.	.	.	0
truth_smvar	chr7	159822519	159822519	.	1	1	0	1|1	.	.	.	.	.	-	-	no:duplicate_of_stvar	no:duplicate_of_stvar	1	.	.	.	0
vg	chr7	159822519	159822519	>184754390>184754393	1	1	0	1|1	1	152.944	PASS	-	-	.	.	.	.	.	.	.	.	0
pangenie	chr7	159822519	159822519	chr7-159822519-SNV->187465365>187465367>187465368-1	1	1	0	1/1	1	.	PASS	-	-	.	.	.	.	.	.	.	.	0
