source	chrom	pos	end	id	ref_len	alt_len	len_diff	gt	called	qual	filter	truvari	aardvark	vg_truvari	pg_truvari	applied_h1	applied_h2	in_sv_benchmark	svtype	TRFperiod	MatchId	overlaps_span_edge
truth_stvar	chr4	1427633	1427633	.	1	1	0	1|1	.	.	.	.	.	-	-	yes	yes	1	.	.	.	0
truth_smvar	chr4	1427633	1427633	.	1	1	0	1|1	.	.	.	.	.	-	-	no:duplicate_of_stvar	no:duplicate_of_stvar	1	.	.	.	0
vg	chr4	1427633	1427633	>148869967>148869970	1	1	0	1|1	1	198.458	PASS	-	-	.	.	.	.	.	.	.	.	0
pangenie	chr4	1427633	1427633	chr4-1427633-SNV->150318789>150318791>150318792-1	1	1	0	1/1	1	.	PASS	-	-	.	.	.	.	.	.	.	.	0
truth_stvar	chr4	1427777	1427777	.	1	1	0	1|1	.	.	.	.	.	-	-	yes	yes	1	.	.	.	0
truth_smvar	chr4	1427777	1427777	.	1	1	0	1|1	.	.	.	.	.	-	-	no:duplicate_of_stvar	no:duplicate_of_stvar	1	.	.	.	0
vg	chr4	1427777	1427777	>148869992>148869995	1	1	0	1|1	1	241.668	PASS	-	-	.	.	.	.	.	.	.	.	0
pangenie	chr4	1427777	1427777	chr4-1427777-SNV->150318814>150318816>150318817-1	1	1	0	1/1	1	.	PASS	-	-	.	.	.	.	.	.	.	.	0
truth_stvar	chr4	1427803	1427803	.	1	1	0	1|1	.	.	.	.	.	-	-	yes	yes	1	.	.	.	0
truth_smvar	chr4	1427803	1427803	.	1	1	0	1|1	.	.	.	.	.	-	-	no:duplicate_of_stvar	no:duplicate_of_stvar	1	.	.	.	0
vg	chr4	1427803	1427803	>148869998>148870001	1	1	0	1|1	1	190.943	PASS	-	-	.	.	.	.	.	.	.	.	0
pangenie	chr4	1427803	1427803	chr4-1427803-SNV->150318820>150318822>150318823-1	1	1	0	1/1	1	.	PASS	-	-	.	.	.	.	.	.	.	.	0
truth_stvar	chr4	1427859	1428688	.	830	1	829	0|1	.	.	.	.	.	FN	FN	ref	yes	1	DEL	46	.	0
truth_smvar	chr4	1427859	1428688	.	830	1	829	0|1	.	.	.	.	.	-	-	ref	no:duplicate_of_stvar	1	.	46	.	0
truth_stvar	chr4	1427868	1427868	.	1	1	0	0|1	.	.	.	.	.	-	-	ref	no:star_allele	1	.	.	.	0
truth_stvar	chr4	1427868	1427868	.	1	47	46	1|0	.	.	.	.	.	-	-	yes	ref	1	INS	46	.	0
truth_smvar	chr4	1427868	1427868	.	1	47,1	46	1|2	.	.	.	.	.	-	-	no:duplicate_of_stvar	no:star_allele	1	.	46	.	0
pangenie	chr4	1427868	1427868	chr4-1427875-INS->150318832>150318833>150318834>150318836>150318837-46	1	47	46	1/1	1	.	PASS	-	-	.	.	.	.	.	.	.	.	0
vg	chr4	1427872	1427872	>148870012>148870015	1	1	0	1|0	1	48.2662	PASS	-	-	.	.	.	.	.	.	.	.	0
pangenie	chr4	1427872	1427872	chr4-1427872-SNV->150318829>150318831>150318832-1	1	1	0	0/1	1	.	PASS	-	-	.	.	.	.	.	.	.	.	0
vg	chr4	1427890	1427890	>148870016>148870019	1	1	0	1|1	1	62.2979	PASS	-	-	.	.	.	.	.	.	.	.	0
vg	chr4	1427900	1428038	>148870024>148871509	139	1	-138	1|1	1	40.1845	PASS	FP	-	.	.	.	.	.	.	.	49.16,49.6	0
truth_stvar	chr4	1427911	1427911	.	1	1	0	0|1	.	.	.	.	.	-	-	ref	no:star_allele	1	.	.	.	0
truth_stvar	chr4	1427911	1427911	.	1	1	0	1|0	.	.	.	.	.	-	-	yes	ref	1	.	.	.	0
truth_smvar	chr4	1427911	1427911	.	1	1,1	0	1|2	.	.	.	.	.	-	-	no:duplicate_of_stvar	no:star_allele	1	.	.	.	0
pangenie	chr4	1427911	1427911	chr4-1427911-SNV->150318845>150318847>150318848-1	1	1	0	1/1	1	.	PASS	-	-	.	.	.	.	.	.	.	.	0
vg	chr4	1427914	1439596	>148870019>148893529	11683	12563	880	2|1	1	667.941	PASS	FP	-	.	.	.	.	.	.	.	49.2,49.7	0
vg	chr4	1427914	1439596	>148870019>148893529	11683	6264	-5419	2|1	1	667.941	PASS	FP	-	.	.	.	.	.	.	.	49.1,49.8	0
truth_stvar	chr4	1427937	1427937	.	1	1	0	0|1	.	.	.	.	.	-	-	ref	no:star_allele	1	.	.	.	0
truth_stvar	chr4	1427937	1427937	.	1	1	0	1|0	.	.	.	.	.	-	-	yes	ref	1	.	.	.	0
truth_smvar	chr4	1427937	1427937	.	1	1,1	0	1|2	.	.	.	.	.	-	-	no:duplicate_of_stvar	no:star_allele	1	.	.	.	0
truth_stvar	chr4	1427951	1427951	.	1	1	0	0|1	.	.	.	.	.	-	-	ref	no:star_allele	1	.	.	.	0
truth_stvar	chr4	1427951	1427951	.	1	1	0	1|0	.	.	.	.	.	-	-	yes	ref	1	.	.	.	0
truth_smvar	chr4	1427951	1427951	.	1	1,1	0	1|2	.	.	.	.	.	-	-	no:duplicate_of_stvar	no:star_allele	1	.	.	.	0
truth_stvar	chr4	1427986	1427986	.	1	1	0	0|1	.	.	.	.	.	-	-	ref	no:star_allele	1	.	.	.	0
truth_stvar	chr4	1427986	1427986	.	1	1	0	1|0	.	.	.	.	.	-	-	yes	ref	1	.	.	.	0
truth_smvar	chr4	1427986	1427986	.	1	1,1	0	1|2	.	.	.	.	.	-	-	no:duplicate_of_stvar	no:star_allele	1	.	.	.	0
truth_stvar	chr4	1427996	1427996	.	1	1	0	0|1	.	.	.	.	.	-	-	ref	no:star_allele	1	.	.	.	0
truth_stvar	chr4	1427996	1427996	.	1	1	0	1|0	.	.	.	.	.	-	-	yes	ref	1	.	.	.	0
truth_smvar	chr4	1427996	1427996	.	1	1,1	0	1|2	.	.	.	.	.	-	-	no:duplicate_of_stvar	no:star_allele	1	.	.	.	0
truth_stvar	chr4	1427999	1427999	.	1	1	0	0|1	.	.	.	.	.	-	-	ref	no:star_allele	1	.	.	.	0
truth_stvar	chr4	1427999	1427999	.	1	1	0	1|0	.	.	.	.	.	-	-	yes	ref	1	.	.	.	0
truth_smvar	chr4	1427999	1427999	.	1	1,1	0	1|2	.	.	.	.	.	-	-	no:duplicate_of_stvar	no:star_allele	1	.	.	.	0
truth_stvar	chr4	1428048	1428048	.	1	1	0	0|1	.	.	.	.	.	-	-	ref	no:star_allele	1	.	.	.	0
truth_stvar	chr4	1428048	1428048	.	1	1	0	1|0	.	.	.	.	.	-	-	yes	ref	1	.	.	.	0
truth_smvar	chr4	1428048	1428048	.	1	1,1	0	1|2	.	.	.	.	.	-	-	no:duplicate_of_stvar	no:star_allele	1	.	.	.	0
vg	chr4	1428048	1428048	>148871509>148871512	1	1	0	1|1	1	39.2462	PASS	-	-	.	.	.	.	.	.	.	.	0
vg	chr4	1428052	1428052	>148871512>148871515	1	1	0	1|1	1	39.2462	PASS	-	-	.	.	.	.	.	.	.	.	0
vg	chr4	1428058	1428104	>148871515>148871525	47	1	-46	1|1	1	40.9668	PASS	-	-	.	.	.	.	.	.	.	.	0
truth_stvar	chr4	1428073	1428073	.	1	1	0	0|1	.	.	.	.	.	-	-	ref	no:star_allele	1	.	.	.	0
truth_stvar	chr4	1428073	1428073	.	1	1	0	1|0	.	.	.	.	.	-	-	yes	ref	1	.	.	.	0
truth_smvar	chr4	1428073	1428073	.	1	1,1	0	1|2	.	.	.	.	.	-	-	no:duplicate_of_stvar	no:star_allele	1	.	.	.	0
truth_stvar	chr4	1428104	1428104	.	1	1	0	0|1	.	.	.	.	.	-	-	ref	no:star_allele	1	.	.	.	0
truth_stvar	chr4	1428104	1428104	.	1	1	0	1|0	.	.	.	.	.	-	-	yes	ref	1	.	.	.	0
truth_smvar	chr4	1428104	1428104	.	1	1,1	0	1|2	.	.	.	.	.	-	-	no:duplicate_of_stvar	no:star_allele	1	.	.	.	0
truth_stvar	chr4	1428126	1428126	.	1	1	0	0|1	.	.	.	.	.	-	-	ref	no:star_allele	1	.	.	.	0
truth_stvar	chr4	1428126	1428126	.	1	1	0	1|0	.	.	.	.	.	-	-	yes	ref	1	.	.	.	0
truth_smvar	chr4	1428126	1428126	.	1	1,1	0	1|2	.	.	.	.	.	-	-	no:duplicate_of_stvar	no:star_allele	1	.	.	.	0
vg	chr4	1428126	1428126	>148871528>148871531	1	1	0	1|1	1	23.7308	PASS	-	-	.	.	.	.	.	.	.	.	0
vg	chr4	1428141	1428141	>148871539>148871542	1	1	0	1|1	1	15.7263	PASS	-	-	.	.	.	.	.	.	.	.	0
vg	chr4	1428167	1428167	>148871548>148871551	1	1	0	1|1	1	9.27492	PASS	-	-	.	.	.	.	.	.	.	.	0
truth_stvar	chr4	1428177	1428177	.	1	1	0	0|1	.	.	.	.	.	-	-	ref	no:star_allele	1	.	.	.	0
truth_stvar	chr4	1428177	1428177	.	1	1	0	1|0	.	.	.	.	.	-	-	yes	ref	1	.	.	.	0
truth_smvar	chr4	1428177	1428177	.	1	1,1	0	1|2	.	.	.	.	.	-	-	no:duplicate_of_stvar	no:star_allele	1	.	.	.	0
truth_stvar	chr4	1428188	1428188	.	1	1	0	0|1	.	.	.	.	.	-	-	ref	no:star_allele	1	.	.	.	0
truth_stvar	chr4	1428188	1428188	.	1	1	0	1|0	.	.	.	.	.	-	-	yes	ref	1	.	.	.	0
truth_smvar	chr4	1428188	1428188	.	1	1,1	0	1|2	.	.	.	.	.	-	-	no:duplicate_of_stvar	no:star_allele	1	.	.	.	0
vg	chr4	1428188	1428188	>148871560>148871563	1	1	0	1|1	1	3.97965	PASS	-	-	.	.	.	.	.	.	.	.	0
truth_stvar	chr4	1428229	1428229	.	1	1	0	0|1	.	.	.	.	.	-	-	ref	no:star_allele	1	.	.	.	0
truth_stvar	chr4	1428229	1428229	.	1	1	0	1|0	.	.	.	.	.	-	-	yes	ref	1	.	.	.	0
truth_smvar	chr4	1428229	1428229	.	1	1,1	0	1|2	.	.	.	.	.	-	-	no:duplicate_of_stvar	no:star_allele	1	.	.	.	0
truth_stvar	chr4	1428255	1428255	.	1	1	0	0|1	.	.	.	.	.	-	-	ref	no:star_allele	1	.	.	.	0
truth_stvar	chr4	1428255	1428255	.	1	1	0	1|0	.	.	.	.	.	-	-	yes	ref	1	.	.	.	0
truth_smvar	chr4	1428255	1428255	.	1	1,1	0	1|2	.	.	.	.	.	-	-	no:duplicate_of_stvar	no:star_allele	1	.	.	.	0
vg	chr4	1428299	1428300	>148871623>148871649	2	1	-1	1|1	1	10.5243	PASS	-	-	.	.	.	.	.	.	.	.	0
vg	chr4	1428304	1428305	>148871649>148871654	2	2	0	1|1	1	10.5153	PASS	-	-	.	.	.	.	.	.	.	.	0
vg	chr4	1428311	1428449	>148871655>148871758	139	1	-138	1|1	1	12.3517	PASS	FP	-	.	.	.	.	.	.	.	49.16,49.9	0
truth_stvar	chr4	1428329	1428329	.	1	1	0	0|1	.	.	.	.	.	-	-	ref	no:star_allele	1	.	.	.	0
truth_stvar	chr4	1428329	1428329	.	1	1	0	1|0	.	.	.	.	.	-	-	yes	ref	1	.	.	.	0
truth_smvar	chr4	1428329	1428329	.	1	1,1	0	1|2	.	.	.	.	.	-	-	no:duplicate_of_stvar	no:star_allele	1	.	.	.	0
truth_stvar	chr4	1428357	1428357	.	1	1	0	0|1	.	.	.	.	.	-	-	ref	no:star_allele	1	.	.	.	0
truth_stvar	chr4	1428357	1428357	.	1	1	0	1|0	.	.	.	.	.	-	-	yes	ref	1	.	.	.	0
truth_smvar	chr4	1428357	1428357	.	1	1,1	0	1|2	.	.	.	.	.	-	-	no:duplicate_of_stvar	no:star_allele	1	.	.	.	0
truth_stvar	chr4	1428368	1428368	.	1	1	0	0|1	.	.	.	.	.	-	-	ref	no:star_allele	1	.	.	.	0
truth_stvar	chr4	1428368	1428368	.	1	1	0	1|0	.	.	.	.	.	-	-	yes	ref	1	.	.	.	0
truth_smvar	chr4	1428368	1428368	.	1	1,1	0	1|2	.	.	.	.	.	-	-	no:duplicate_of_stvar	no:star_allele	1	.	.	.	0
truth_stvar	chr4	1428425	1428425	.	1	1	0	0|1	.	.	.	.	.	-	-	ref	no:star_allele	1	.	.	.	0
truth_stvar	chr4	1428425	1428425	.	1	1	0	1|0	.	.	.	.	.	-	-	yes	ref	1	.	.	.	0
truth_smvar	chr4	1428425	1428425	.	1	1,1	0	1|2	.	.	.	.	.	-	-	no:duplicate_of_stvar	no:star_allele	1	.	.	.	0
truth_stvar	chr4	1428460	1428460	.	1	1	0	0|1	.	.	.	.	.	-	-	ref	no:star_allele	1	.	.	.	0
truth_stvar	chr4	1428460	1428460	.	1	1	0	1|0	.	.	.	.	.	-	-	yes	ref	1	.	.	.	0
truth_smvar	chr4	1428460	1428460	.	1	1,1	0	1|2	.	.	.	.	.	-	-	no:duplicate_of_stvar	no:star_allele	1	.	.	.	0
vg	chr4	1428460	1428460	>148871764>148871767	1	1	0	1|1	1	21.9739	PASS	-	-	.	.	.	.	.	.	.	.	0
truth_stvar	chr4	1428495	1428495	.	1	1	0	0|1	.	.	.	.	.	-	-	ref	no:star_allele	1	.	.	.	0
truth_stvar	chr4	1428495	1428495	.	1	1	0	1|0	.	.	.	.	.	-	-	yes	ref	1	.	.	.	0
truth_smvar	chr4	1428495	1428495	.	1	1,1	0	1|2	.	.	.	.	.	-	-	no:duplicate_of_stvar	no:star_allele	1	.	.	.	0
vg	chr4	1428495	1428495	>148871781>148871784	1	1	0	1|1	1	18.484	PASS	-	-	.	.	.	.	.	.	.	.	0
truth_stvar	chr4	1428500	1428500	.	1	1	0	0|1	.	.	.	.	.	-	-	ref	no:star_allele	1	.	.	.	0
truth_stvar	chr4	1428500	1428500	.	1	1	0	1|0	.	.	.	.	.	-	-	yes	ref	1	.	.	.	0
truth_smvar	chr4	1428500	1428500	.	1	1,1	0	1|2	.	.	.	.	.	-	-	no:duplicate_of_stvar	no:star_allele	1	.	.	.	0
truth_stvar	chr4	1428515	1428515	.	1	1	0	0|1	.	.	.	.	.	-	-	ref	no:star_allele	1	.	.	.	0
truth_stvar	chr4	1428515	1428515	.	1	1	0	1|0	.	.	.	.	.	-	-	yes	ref	1	.	.	.	0
truth_smvar	chr4	1428515	1428515	.	1	1,1	0	1|2	.	.	.	.	.	-	-	no:duplicate_of_stvar	no:star_allele	1	.	.	.	0
vg	chr4	1428515	1428515	>148871790>148871793	1	1	0	1|1	1	31.7897	PASS	-	-	.	.	.	.	.	.	.	.	0
truth_stvar	chr4	1428541	1428541	.	1	1	0	0|1	.	.	.	.	.	-	-	ref	no:star_allele	1	.	.	.	0
truth_stvar	chr4	1428541	1428541	.	1	1	0	1|0	.	.	.	.	.	-	-	yes	ref	1	.	.	.	0
truth_smvar	chr4	1428541	1428541	.	1	1,1	0	1|2	.	.	.	.	.	-	-	no:duplicate_of_stvar	no:star_allele	1	.	.	.	0
truth_stvar	chr4	1428543	1428543	.	1	1	0	0|1	.	.	.	.	.	-	-	ref	no:star_allele	1	.	.	.	0
truth_stvar	chr4	1428543	1428543	.	1	1	0	1|0	.	.	.	.	.	-	-	yes	ref	1	.	.	.	0
truth_smvar	chr4	1428543	1428543	.	1	1,1	0	1|2	.	.	.	.	.	-	-	no:duplicate_of_stvar	no:star_allele	1	.	.	.	0
vg	chr4	1428543	1428543	>148871802>148871805	1	1	0	1|1	1	41.1857	PASS	-	-	.	.	.	.	.	.	.	.	0
truth_stvar	chr4	1428546	1428546	.	1	1	0	0|1	.	.	.	.	.	-	-	ref	no:star_allele	1	.	.	.	0
truth_stvar	chr4	1428546	1428546	.	1	1	0	1|0	.	.	.	.	.	-	-	yes	ref	1	.	.	.	0
truth_smvar	chr4	1428546	1428546	.	1	1,1	0	1|2	.	.	.	.	.	-	-	no:duplicate_of_stvar	no:star_allele	1	.	.	.	0
vg	chr4	1428546	1428546	>148871805>148871808	1	1	0	0|1	1	4.99911	PASS	-	-	.	.	.	.	.	.	.	.	0
truth_stvar	chr4	1428552	1428552	.	1	1	0	0|1	.	.	.	.	.	-	-	ref	no:star_allele	1	.	.	.	0
truth_stvar	chr4	1428552	1428552	.	1	1	0	1|0	.	.	.	.	.	-	-	yes	ref	1	.	.	.	0
truth_smvar	chr4	1428552	1428552	.	1	1,1	0	1|2	.	.	.	.	.	-	-	no:duplicate_of_stvar	no:star_allele	1	.	.	.	0
vg	chr4	1428552	1428552	>148871811>148871814	1	1	0	1|1	1	37.5583	PASS	-	-	.	.	.	.	.	.	.	.	0
truth_stvar	chr4	1428622	1428622	.	1	1	0	0|1	.	.	.	.	.	-	-	ref	no:star_allele	1	.	.	.	0
truth_stvar	chr4	1428622	1428622	.	1	2	1	1|0	.	.	.	.	.	-	-	yes	ref	1	.	.	.	0
truth_smvar	chr4	1428622	1428622	.	1	2,1	1	1|2	.	.	.	.	.	-	-	no:duplicate_of_stvar	no:star_allele	1	.	.	.	0
truth_stvar	chr4	1428701	1428701	.	1	1	0	0|1	.	.	.	.	.	-	-	ref	yes	1	.	.	.	0
truth_smvar	chr4	1428701	1428701	.	1	1	0	0|1	.	.	.	.	.	-	-	ref	no:duplicate_of_stvar	1	.	.	.	0
truth_stvar	chr4	1428719	1428719	.	1	1	0	0|1	.	.	.	.	.	-	-	ref	yes	1	.	.	.	0
truth_smvar	chr4	1428719	1428719	.	1	1	0	0|1	.	.	.	.	.	-	-	ref	no:duplicate_of_stvar	1	.	.	.	0
truth_stvar	chr4	1428743	1428743	.	1	1	0	1|0	.	.	.	.	.	-	-	yes	ref	1	.	.	.	0
truth_smvar	chr4	1428743	1428743	.	1	1	0	1|0	.	.	.	.	.	-	-	no:duplicate_of_stvar	ref	1	.	.	.	0
truth_stvar	chr4	1428748	1428748	.	1	232	231	1|0	.	.	.	.	.	FN	FN	yes	ref	1	INS	46	.	0
truth_smvar	chr4	1428748	1428748	.	1	232	231	1|0	.	.	.	.	.	-	-	no:duplicate_of_stvar	ref	1	.	46	.	0
truth_stvar	chr4	1428773	1428773	.	1	1	0	1|1	.	.	.	.	.	-	-	yes	yes	1	.	.	.	0
truth_smvar	chr4	1428773	1428773	.	1	1	0	1|1	.	.	.	.	.	-	-	no:duplicate_of_stvar	no:duplicate_of_stvar	1	.	.	.	0
truth_stvar	chr4	1428786	1428786	.	1	1	0	0|1	.	.	.	.	.	-	-	ref	yes	1	.	.	.	0
truth_smvar	chr4	1428786	1428786	.	1	1	0	0|1	.	.	.	.	.	-	-	ref	no:duplicate_of_stvar	1	.	.	.	0
truth_stvar	chr4	1428812	1428812	.	1	1	0	0|1	.	.	.	.	.	-	-	ref	yes	1	.	.	.	0
truth_smvar	chr4	1428812	1428812	.	1	1	0	0|1	.	.	.	.	.	-	-	ref	no:duplicate_of_stvar	1	.	.	.	0
truth_stvar	chr4	1428817	1428817	.	1	1	0	1|0	.	.	.	.	.	-	-	yes	ref	1	.	.	.	0
truth_smvar	chr4	1428817	1428817	.	1	1	0	1|0	.	.	.	.	.	-	-	no:duplicate_of_stvar	ref	1	.	.	.	0
truth_stvar	chr4	1428848	1428848	.	1	1	0	1|1	.	.	.	.	.	-	-	yes	yes	1	.	.	.	0
truth_smvar	chr4	1428848	1428848	.	1	1	0	1|1	.	.	.	.	.	-	-	no:duplicate_of_stvar	no:duplicate_of_stvar	1	.	.	.	0
truth_stvar	chr4	1428851	1428851	.	1	1	0	1|0	.	.	.	.	.	-	-	yes	ref	1	.	.	.	0
truth_smvar	chr4	1428851	1428851	.	1	1	0	1|0	.	.	.	.	.	-	-	no:duplicate_of_stvar	ref	1	.	.	.	0
truth_stvar	chr4	1428860	1428860	.	1	1	0	1|1	.	.	.	.	.	-	-	yes	yes	1	.	.	.	0
truth_smvar	chr4	1428860	1428860	.	1	1	0	1|1	.	.	.	.	.	-	-	no:duplicate_of_stvar	no:duplicate_of_stvar	1	.	.	.	0
truth_stvar	chr4	1428863	1428863	.	1	1	0	1|0	.	.	.	.	.	-	-	yes	ref	1	.	.	.	0
truth_smvar	chr4	1428863	1428863	.	1	1	0	1|0	.	.	.	.	.	-	-	no:duplicate_of_stvar	ref	1	.	.	.	0
truth_stvar	chr4	1428874	1428874	.	1	1	0	1|0	.	.	.	.	.	-	-	yes	ref	1	.	.	.	0
truth_smvar	chr4	1428874	1428874	.	1	1	0	1|0	.	.	.	.	.	-	-	no:duplicate_of_stvar	ref	1	.	.	.	0
truth_stvar	chr4	1428909	1428909	.	1	1	0	1|0	.	.	.	.	.	-	-	yes	ref	1	.	.	.	0
truth_smvar	chr4	1428909	1428909	.	1	1	0	1|0	.	.	.	.	.	-	-	no:duplicate_of_stvar	ref	1	.	.	.	0
truth_stvar	chr4	1428948	1428948	.	1	1	0	0|1	.	.	.	.	.	-	-	ref	yes	1	.	.	.	0
truth_smvar	chr4	1428948	1428948	.	1	1	0	0|1	.	.	.	.	.	-	-	ref	no:duplicate_of_stvar	1	.	.	.	0
truth_stvar	chr4	1428949	1428949	.	1	1	0	0|1	.	.	.	.	.	-	-	ref	yes	1	.	.	.	0
truth_smvar	chr4	1428949	1428949	.	1	1	0	0|1	.	.	.	.	.	-	-	ref	no:duplicate_of_stvar	1	.	.	.	0
truth_stvar	chr4	1428955	1428955	.	1	1	0	1|0	.	.	.	.	.	-	-	yes	ref	1	.	.	.	0
truth_smvar	chr4	1428955	1428955	.	1	1	0	1|0	.	.	.	.	.	-	-	no:duplicate_of_stvar	ref	1	.	.	.	0
truth_stvar	chr4	1428969	1428969	.	1	1	0	1|0	.	.	.	.	.	-	-	yes	ref	1	.	.	.	0
truth_smvar	chr4	1428969	1428969	.	1	1	0	1|0	.	.	.	.	.	-	-	no:duplicate_of_stvar	ref	1	.	.	.	0
truth_stvar	chr4	1428989	1428989	.	1	1	0	1|0	.	.	.	.	.	-	-	yes	ref	1	.	.	.	0
truth_smvar	chr4	1428989	1428989	.	1	1	0	1|0	.	.	.	.	.	-	-	no:duplicate_of_stvar	ref	1	.	.	.	0
truth_stvar	chr4	1429080	1429080	.	1	1	0	1|0	.	.	.	.	.	-	-	yes	ref	1	.	.	.	0
truth_smvar	chr4	1429080	1429080	.	1	1	0	1|0	.	.	.	.	.	-	-	no:duplicate_of_stvar	ref	1	.	.	.	0
truth_stvar	chr4	1429130	1429130	.	1	1	0	0|1	.	.	.	.	.	-	-	ref	yes	1	.	.	.	0
truth_smvar	chr4	1429130	1429130	.	1	1	0	0|1	.	.	.	.	.	-	-	ref	no:duplicate_of_stvar	1	.	.	.	0
truth_stvar	chr4	1429174	1429175	.	2	1	1	1|0	.	.	.	.	.	-	-	yes	ref	1	.	.	.	0
truth_smvar	chr4	1429174	1429175	.	2	1	1	1|0	.	.	.	.	.	-	-	no:duplicate_of_stvar	ref	1	.	.	.	0
truth_stvar	chr4	1429203	1429203	.	1	1	0	1|0	.	.	.	.	.	-	-	yes	ref	1	.	.	.	0
truth_smvar	chr4	1429203	1429203	.	1	1	0	1|0	.	.	.	.	.	-	-	no:duplicate_of_stvar	ref	1	.	.	.	0
truth_stvar	chr4	1429206	1429206	.	1	1	0	1|1	.	.	.	.	.	-	-	yes	yes	1	.	.	.	0
truth_smvar	chr4	1429206	1429206	.	1	1	0	1|1	.	.	.	.	.	-	-	no:duplicate_of_stvar	no:duplicate_of_stvar	1	.	.	.	0
truth_stvar	chr4	1429232	1429232	.	1	1	0	0|1	.	.	.	.	.	-	-	ref	yes	1	.	.	.	0
truth_smvar	chr4	1429232	1429232	.	1	1	0	0|1	.	.	.	.	.	-	-	ref	no:duplicate_of_stvar	1	.	.	.	0
truth_stvar	chr4	1429243	1429243	.	1	1	0	1|1	.	.	.	.	.	-	-	yes	yes	1	.	.	.	0
truth_smvar	chr4	1429243	1429243	.	1	1	0	1|1	.	.	.	.	.	-	-	no:duplicate_of_stvar	no:duplicate_of_stvar	1	.	.	.	0
truth_stvar	chr4	1429272	1429272	.	1	1	0	0|1	.	.	.	.	.	-	-	ref	yes	1	.	.	.	0
truth_smvar	chr4	1429272	1429272	.	1	1	0	0|1	.	.	.	.	.	-	-	ref	no:duplicate_of_stvar	1	.	.	.	0
truth_stvar	chr4	1429300	1429300	.	1	1	0	0|1	.	.	.	.	.	-	-	ref	yes	1	.	.	.	0
truth_smvar	chr4	1429300	1429300	.	1	1	0	0|1	.	.	.	.	.	-	-	ref	no:duplicate_of_stvar	1	.	.	.	0
truth_stvar	chr4	1429313	1429313	.	1	2	1	1|0	.	.	.	.	.	-	-	yes	ref	1	.	.	.	0
truth_smvar	chr4	1429313	1429313	.	1	2	1	1|0	.	.	.	.	.	-	-	no:duplicate_of_stvar	ref	1	.	.	.	0
truth_stvar	chr4	1429324	1429324	.	1	1	0	1|1	.	.	.	.	.	-	-	yes	yes	1	.	.	.	0
truth_smvar	chr4	1429324	1429324	.	1	1	0	1|1	.	.	.	.	.	-	-	no:duplicate_of_stvar	no:duplicate_of_stvar	1	.	.	.	0
truth_stvar	chr4	1429333	1429333	.	1	1	0	1|0	.	.	.	.	.	-	-	yes	ref	1	.	.	.	0
truth_smvar	chr4	1429333	1429333	.	1	1	0	1|0	.	.	.	.	.	-	-	no:duplicate_of_stvar	ref	1	.	.	.	0
truth_stvar	chr4	1429344	1429852	.	509	1	508	0|1	.	.	.	.	.	FN	FN	ref	yes	1	DEL	46	.	0
truth_smvar	chr4	1429344	1429852	.	509	1	508	0|1	.	.	.	.	.	-	-	ref	no:duplicate_of_stvar	1	.	46	.	0
truth_stvar	chr4	1429370	1429370	.	1	1	0	0|1	.	.	.	.	.	-	-	ref	no:star_allele	1	.	.	.	0
truth_stvar	chr4	1429370	1429370	.	1	1	0	1|0	.	.	.	.	.	-	-	yes	ref	1	.	.	.	0
truth_smvar	chr4	1429370	1429370	.	1	1,1	0	1|2	.	.	.	.	.	-	-	no:duplicate_of_stvar	no:star_allele	1	.	.	.	0
truth_stvar	chr4	1429416	1429416	.	1	1	0	0|1	.	.	.	.	.	-	-	ref	no:star_allele	1	.	.	.	0
truth_stvar	chr4	1429416	1429416	.	1	1	0	1|0	.	.	.	.	.	-	-	yes	ref	1	.	.	.	0
truth_smvar	chr4	1429416	1429416	.	1	1,1	0	1|2	.	.	.	.	.	-	-	no:duplicate_of_stvar	no:star_allele	1	.	.	.	0
truth_stvar	chr4	1429427	1429427	.	1	1	0	0|1	.	.	.	.	.	-	-	ref	no:star_allele	1	.	.	.	0
truth_stvar	chr4	1429427	1429427	.	1	1	0	1|0	.	.	.	.	.	-	-	yes	ref	1	.	.	.	0
truth_smvar	chr4	1429427	1429427	.	1	1,1	0	1|2	.	.	.	.	.	-	-	no:duplicate_of_stvar	no:star_allele	1	.	.	.	0
truth_stvar	chr4	1429462	1429462	.	1	1	0	0|1	.	.	.	.	.	-	-	ref	no:star_allele	1	.	.	.	0
truth_stvar	chr4	1429462	1429462	.	1	1	0	1|0	.	.	.	.	.	-	-	yes	ref	1	.	.	.	0
truth_smvar	chr4	1429462	1429462	.	1	1,1	0	1|2	.	.	.	.	.	-	-	no:duplicate_of_stvar	no:star_allele	1	.	.	.	0
truth_stvar	chr4	1429471	1429471	.	1	1	0	0|1	.	.	.	.	.	-	-	ref	no:star_allele	1	.	.	.	0
truth_stvar	chr4	1429471	1429471	.	1	1	0	1|0	.	.	.	.	.	-	-	yes	ref	1	.	.	.	0
truth_smvar	chr4	1429471	1429471	.	1	1,1	0	1|2	.	.	.	.	.	-	-	no:duplicate_of_stvar	no:star_allele	1	.	.	.	0
truth_stvar	chr4	1429493	1429493	.	1	1	0	0|1	.	.	.	.	.	-	-	ref	no:star_allele	1	.	.	.	0
truth_stvar	chr4	1429493	1429493	.	1	1	0	1|0	.	.	.	.	.	-	-	yes	ref	1	.	.	.	0
truth_smvar	chr4	1429493	1429493	.	1	1,1	0	1|2	.	.	.	.	.	-	-	no:duplicate_of_stvar	no:star_allele	1	.	.	.	0
truth_stvar	chr4	1429497	1429497	.	1	1	0	0|1	.	.	.	.	.	-	-	ref	no:star_allele	1	.	.	.	0
truth_stvar	chr4	1429497	1429497	.	1	1	0	1|0	.	.	.	.	.	-	-	yes	ref	1	.	.	.	0
truth_smvar	chr4	1429497	1429497	.	1	1,1	0	1|2	.	.	.	.	.	-	-	no:duplicate_of_stvar	no:star_allele	1	.	.	.	0
truth_stvar	chr4	1429574	1429574	.	1	1	0	0|1	.	.	.	.	.	-	-	ref	no:star_allele	1	.	.	.	0
truth_stvar	chr4	1429574	1429574	.	1	1	0	1|0	.	.	.	.	.	-	-	yes	ref	1	.	.	.	0
truth_smvar	chr4	1429574	1429574	.	1	1,1	0	1|2	.	.	.	.	.	-	-	no:duplicate_of_stvar	no:star_allele	1	.	.	.	0
truth_stvar	chr4	1429589	1429590	.	2	1	0	0|1	.	.	.	.	.	-	-	ref	no:star_allele	1	.	.	.	0
truth_stvar	chr4	1429589	1429590	.	2	1	1	1|0	.	.	.	.	.	-	-	yes	ref	1	.	.	.	0
truth_smvar	chr4	1429589	1429590	.	2	1,1	1	1|2	.	.	.	.	.	-	-	no:duplicate_of_stvar	no:star_allele	1	.	.	.	0
truth_stvar	chr4	1429601	1429601	.	1	1	0	0|1	.	.	.	.	.	-	-	ref	no:star_allele	1	.	.	.	0
truth_stvar	chr4	1429601	1429601	.	1	1	0	1|0	.	.	.	.	.	-	-	yes	ref	1	.	.	.	0
truth_smvar	chr4	1429601	1429601	.	1	1,1	0	1|2	.	.	.	.	.	-	-	no:duplicate_of_stvar	no:star_allele	1	.	.	.	0
truth_stvar	chr4	1429610	1429610	.	1	1	0	0|1	.	.	.	.	.	-	-	ref	no:star_allele	1	.	.	.	0
truth_stvar	chr4	1429610	1429610	.	1	1	0	1|0	.	.	.	.	.	-	-	yes	ref	1	.	.	.	0
truth_smvar	chr4	1429610	1429610	.	1	1,1	0	1|2	.	.	.	.	.	-	-	no:duplicate_of_stvar	no:star_allele	1	.	.	.	0
truth_stvar	chr4	1429617	1429617	.	1	1	0	0|1	.	.	.	.	.	-	-	ref	no:star_allele	1	.	.	.	0
truth_stvar	chr4	1429617	1429617	.	1	1	0	1|0	.	.	.	.	.	-	-	yes	ref	1	.	.	.	0
truth_smvar	chr4	1429617	1429617	.	1	1,1	0	1|2	.	.	.	.	.	-	-	no:duplicate_of_stvar	no:star_allele	1	.	.	.	0
truth_stvar	chr4	1429621	1429621	.	1	1	0	0|1	.	.	.	.	.	-	-	ref	no:star_allele	1	.	.	.	0
truth_stvar	chr4	1429621	1429621	.	1	1	0	1|0	.	.	.	.	.	-	-	yes	ref	1	.	.	.	0
truth_smvar	chr4	1429621	1429621	.	1	1,1	0	1|2	.	.	.	.	.	-	-	no:duplicate_of_stvar	no:star_allele	1	.	.	.	0
truth_stvar	chr4	1429632	1429632	.	1	1	0	0|1	.	.	.	.	.	-	-	ref	no:star_allele	1	.	.	.	0
truth_stvar	chr4	1429632	1429632	.	1	1	0	1|0	.	.	.	.	.	-	-	yes	ref	1	.	.	.	0
truth_smvar	chr4	1429632	1429632	.	1	1,1	0	1|2	.	.	.	.	.	-	-	no:duplicate_of_stvar	no:star_allele	1	.	.	.	0
truth_stvar	chr4	1429647	1429647	.	1	1	0	0|1	.	.	.	.	.	-	-	ref	no:star_allele	1	.	.	.	0
truth_stvar	chr4	1429647	1429647	.	1	1	0	1|0	.	.	.	.	.	-	-	yes	ref	1	.	.	.	0
truth_smvar	chr4	1429647	1429647	.	1	1,1	0	1|2	.	.	.	.	.	-	-	no:duplicate_of_stvar	no:star_allele	1	.	.	.	0
truth_stvar	chr4	1429658	1429658	.	1	1	0	0|1	.	.	.	.	.	-	-	ref	no:star_allele	1	.	.	.	0
truth_stvar	chr4	1429658	1429658	.	1	1	0	1|0	.	.	.	.	.	-	-	yes	ref	1	.	.	.	0
truth_smvar	chr4	1429658	1429658	.	1	1,1	0	1|2	.	.	.	.	.	-	-	no:duplicate_of_stvar	no:star_allele	1	.	.	.	0
truth_stvar	chr4	1429693	1429693	.	1	1	0	0|1	.	.	.	.	.	-	-	ref	no:star_allele	1	.	.	.	0
truth_stvar	chr4	1429693	1429693	.	1	1	0	1|0	.	.	.	.	.	-	-	yes	ref	1	.	.	.	0
truth_smvar	chr4	1429693	1429693	.	1	1,1	0	1|2	.	.	.	.	.	-	-	no:duplicate_of_stvar	no:star_allele	1	.	.	.	0
truth_stvar	chr4	1429702	1429702	.	1	1	0	0|1	.	.	.	.	.	-	-	ref	no:star_allele	1	.	.	.	0
truth_stvar	chr4	1429702	1429702	.	1	1	0	1|0	.	.	.	.	.	-	-	yes	ref	1	.	.	.	0
truth_smvar	chr4	1429702	1429702	.	1	1,1	0	1|2	.	.	.	.	.	-	-	no:duplicate_of_stvar	no:star_allele	1	.	.	.	0
truth_stvar	chr4	1429723	1429723	.	1	1	0	0|1	.	.	.	.	.	-	-	ref	no:star_allele	1	.	.	.	0
truth_stvar	chr4	1429723	1429723	.	1	1	0	1|0	.	.	.	.	.	-	-	yes	ref	1	.	.	.	0
truth_smvar	chr4	1429723	1429723	.	1	1,1	0	1|2	.	.	.	.	.	-	-	no:duplicate_of_stvar	no:star_allele	1	.	.	.	0
truth_stvar	chr4	1429724	1429724	.	1	1	0	0|1	.	.	.	.	.	-	-	ref	no:star_allele	1	.	.	.	0
truth_stvar	chr4	1429724	1429724	.	1	1	0	1|0	.	.	.	.	.	-	-	yes	ref	1	.	.	.	0
truth_smvar	chr4	1429724	1429724	.	1	1,1	0	1|2	.	.	.	.	.	-	-	no:duplicate_of_stvar	no:star_allele	1	.	.	.	0
truth_stvar	chr4	1429804	1429804	.	1	1	0	0|1	.	.	.	.	.	-	-	ref	no:star_allele	1	.	.	.	0
truth_stvar	chr4	1429804	1429804	.	1	1	0	1|0	.	.	.	.	.	-	-	yes	ref	1	.	.	.	0
truth_smvar	chr4	1429804	1429804	.	1	1,1	0	1|2	.	.	.	.	.	-	-	no:duplicate_of_stvar	no:star_allele	1	.	.	.	0
truth_stvar	chr4	1429820	1429821	.	2	1	0	0|1	.	.	.	.	.	-	-	ref	no:star_allele	1	.	.	.	0
truth_stvar	chr4	1429820	1429821	.	2	1	1	1|0	.	.	.	.	.	-	-	yes	ref	1	.	.	.	0
truth_smvar	chr4	1429820	1429821	.	2	1,1	1	1|2	.	.	.	.	.	-	-	no:duplicate_of_stvar	no:star_allele	1	.	.	.	0
truth_stvar	chr4	1429852	1429852	.	1	1	0	0|1	.	.	.	.	.	-	-	ref	no:star_allele	1	.	.	.	0
truth_stvar	chr4	1429852	1429852	.	1	1	0	1|0	.	.	.	.	.	-	-	yes	ref	1	.	.	.	0
truth_smvar	chr4	1429852	1429852	.	1	1,1	0	1|2	.	.	.	.	.	-	-	no:duplicate_of_stvar	no:star_allele	1	.	.	.	0
truth_stvar	chr4	1429878	1429878	.	1	1	0	1|0	.	.	.	.	.	-	-	yes	ref	1	.	.	.	0
truth_smvar	chr4	1429878	1429878	.	1	1	0	1|0	.	.	.	.	.	-	-	no:duplicate_of_stvar	ref	1	.	.	.	0
truth_stvar	chr4	1429883	1429883	.	1	1	0	0|1	.	.	.	.	.	-	-	ref	yes	1	.	.	.	0
truth_smvar	chr4	1429883	1429883	.	1	1	0	0|1	.	.	.	.	.	-	-	ref	no:duplicate_of_stvar	1	.	.	.	0
truth_stvar	chr4	1429924	1429924	.	1	1	0	0|1	.	.	.	.	.	-	-	ref	yes	1	.	.	.	0
truth_smvar	chr4	1429924	1429924	.	1	1	0	0|1	.	.	.	.	.	-	-	ref	no:duplicate_of_stvar	1	.	.	.	0
truth_stvar	chr4	1429926	1429926	.	1	1	0	1|0	.	.	.	.	.	-	-	yes	ref	1	.	.	.	0
truth_smvar	chr4	1429926	1429926	.	1	1	0	1|0	.	.	.	.	.	-	-	no:duplicate_of_stvar	ref	1	.	.	.	0
truth_stvar	chr4	1429935	1429935	.	1	1	0	1|1	.	.	.	.	.	-	-	yes	yes	1	.	.	.	0
truth_smvar	chr4	1429935	1429935	.	1	1	0	1|1	.	.	.	.	.	-	-	no:duplicate_of_stvar	no:duplicate_of_stvar	1	.	.	.	0
truth_stvar	chr4	1429972	1429972	.	1	1	0	1|0	.	.	.	.	.	-	-	yes	ref	1	.	.	.	0
truth_smvar	chr4	1429972	1429972	.	1	1	0	1|0	.	.	.	.	.	-	-	no:duplicate_of_stvar	ref	1	.	.	.	0
truth_stvar	chr4	1430019	1430019	.	1	1	0	0|1	.	.	.	.	.	-	-	ref	yes	1	.	.	.	0
truth_smvar	chr4	1430019	1430019	.	1	1	0	0|1	.	.	.	.	.	-	-	ref	no:duplicate_of_stvar	1	.	.	.	0
truth_stvar	chr4	1430030	1430030	.	1	1	0	1|0	.	.	.	.	.	-	-	yes	ref	1	.	.	.	0
truth_smvar	chr4	1430030	1430030	.	1	1	0	1|0	.	.	.	.	.	-	-	no:duplicate_of_stvar	ref	1	.	.	.	0
truth_stvar	chr4	1430092	1430092	.	1	1	0	1|0	.	.	.	.	.	-	-	yes	ref	1	.	.	.	0
truth_smvar	chr4	1430092	1430092	.	1	1	0	1|0	.	.	.	.	.	-	-	no:duplicate_of_stvar	ref	1	.	.	.	0
truth_stvar	chr4	1430143	1430143	.	1	2	1	0|1	.	.	.	.	.	-	-	ref	yes	1	.	.	.	0
truth_smvar	chr4	1430143	1430143	.	1	2	1	0|1	.	.	.	.	.	-	-	ref	no:duplicate_of_stvar	1	.	.	.	0
truth_stvar	chr4	1430185	1430185	.	1	1	0	1|1	.	.	.	.	.	-	-	yes	yes	1	.	.	.	0
truth_smvar	chr4	1430185	1430185	.	1	1	0	1|1	.	.	.	.	.	-	-	no:duplicate_of_stvar	no:duplicate_of_stvar	1	.	.	.	0
truth_stvar	chr4	1430191	1430603	.	413	1	412	0|1	.	.	.	.	.	FN	FN	ref	yes	1	DEL	46	.	0
truth_smvar	chr4	1430191	1430603	.	413	1	412	0|1	.	.	.	.	.	-	-	ref	no:duplicate_of_stvar	1	.	46	.	0
truth_stvar	chr4	1430231	1430415	.	185	1	0	0|1	.	.	.	.	.	-	-	ref	no:star_allele	1	DEL	46	.	0
truth_stvar	chr4	1430231	1430415	.	185	1	184	1|0	.	.	.	.	.	FN	FN	yes	ref	1	DEL	46	.	0
truth_smvar	chr4	1430231	1430415	.	185	1,1	184	1|2	.	.	.	.	.	-	-	no:duplicate_of_stvar	no:star_allele	1	.	46	.	0
truth_stvar	chr4	1430418	1430418	.	1	1	0	0|1	.	.	.	.	.	-	-	ref	no:star_allele	1	.	.	.	0
truth_stvar	chr4	1430418	1430418	.	1	1	0	1|0	.	.	.	.	.	-	-	yes	ref	1	.	.	.	0
truth_smvar	chr4	1430418	1430418	.	1	1,1	0	1|2	.	.	.	.	.	-	-	no:duplicate_of_stvar	no:star_allele	1	.	.	.	0
truth_stvar	chr4	1430476	1430476	.	1	1	0	0|1	.	.	.	.	.	-	-	ref	no:star_allele	1	.	.	.	0
truth_stvar	chr4	1430476	1430476	.	1	1	0	1|0	.	.	.	.	.	-	-	yes	ref	1	.	.	.	0
truth_smvar	chr4	1430476	1430476	.	1	1,1	0	1|2	.	.	.	.	.	-	-	no:duplicate_of_stvar	no:star_allele	1	.	.	.	0
truth_stvar	chr4	1430536	1430536	.	1	1	0	0|1	.	.	.	.	.	-	-	ref	no:star_allele	1	.	.	.	0
truth_stvar	chr4	1430536	1430536	.	1	1	0	1|0	.	.	.	.	.	-	-	yes	ref	1	.	.	.	0
truth_smvar	chr4	1430536	1430536	.	1	1,1	0	1|2	.	.	.	.	.	-	-	no:duplicate_of_stvar	no:star_allele	1	.	.	.	0
truth_stvar	chr4	1430603	1430603	.	1	1	0	0|1	.	.	.	.	.	-	-	ref	no:star_allele	1	.	.	.	0
truth_stvar	chr4	1430603	1430603	.	1	2	1	1|0	.	.	.	.	.	-	-	yes	ref	1	.	.	.	0
truth_smvar	chr4	1430603	1430603	.	1	2,1	1	1|2	.	.	.	.	.	-	-	no:duplicate_of_stvar	no:star_allele	1	.	.	.	0
truth_stvar	chr4	1430661	1430661	.	1	1	0	1|1	.	.	.	.	.	-	-	yes	yes	1	.	.	.	0
truth_smvar	chr4	1430661	1430661	.	1	1	0	1|1	.	.	.	.	.	-	-	no:duplicate_of_stvar	no:duplicate_of_stvar	1	.	.	.	0
truth_stvar	chr4	1430667	1430667	.	1	1	0	1|0	.	.	.	.	.	-	-	yes	ref	1	.	.	.	0
truth_smvar	chr4	1430667	1430667	.	1	1	0	1|0	.	.	.	.	.	-	-	no:duplicate_of_stvar	ref	1	.	.	.	0
truth_stvar	chr4	1430668	1430668	.	1	1	0	1|0	.	.	.	.	.	-	-	yes	ref	1	.	.	.	0
truth_smvar	chr4	1430668	1430668	.	1	1	0	1|0	.	.	.	.	.	-	-	no:duplicate_of_stvar	ref	1	.	.	.	0
truth_stvar	chr4	1430704	1430704	.	1	1	0	1|1	.	.	.	.	.	-	-	yes	yes	1	.	.	.	0
truth_smvar	chr4	1430704	1430704	.	1	1	0	1|1	.	.	.	.	.	-	-	no:duplicate_of_stvar	no:duplicate_of_stvar	1	.	.	.	0
truth_stvar	chr4	1430714	1430714	.	1	1	0	1|1	.	.	.	.	.	-	-	yes	yes	1	.	.	.	0
truth_smvar	chr4	1430714	1430714	.	1	1	0	1|1	.	.	.	.	.	-	-	no:duplicate_of_stvar	no:duplicate_of_stvar	1	.	.	.	0
truth_stvar	chr4	1430751	1430751	.	1	1	0	1|0	.	.	.	.	.	-	-	yes	ref	1	.	.	.	0
truth_smvar	chr4	1430751	1430751	.	1	1	0	1|0	.	.	.	.	.	-	-	no:duplicate_of_stvar	ref	1	.	.	.	0
truth_stvar	chr4	1430760	1430760	.	1	1	0	0|1	.	.	.	.	.	-	-	ref	yes	1	.	.	.	0
truth_smvar	chr4	1430760	1430760	.	1	1	0	0|1	.	.	.	.	.	-	-	ref	no:duplicate_of_stvar	1	.	.	.	0
truth_stvar	chr4	1430765	1430765	.	1	1	0	1|0	.	.	.	.	.	-	-	yes	ref	1	.	.	.	0
truth_smvar	chr4	1430765	1430765	.	1	1	0	1|0	.	.	.	.	.	-	-	no:duplicate_of_stvar	ref	1	.	.	.	0
truth_stvar	chr4	1430767	1430767	.	1	1	0	1|0	.	.	.	.	.	-	-	yes	ref	1	.	.	.	0
truth_smvar	chr4	1430767	1430767	.	1	1	0	1|0	.	.	.	.	.	-	-	no:duplicate_of_stvar	ref	1	.	.	.	0
truth_stvar	chr4	1430768	1430768	.	1	1	0	0|1	.	.	.	.	.	-	-	ref	yes	1	.	.	.	0
truth_smvar	chr4	1430768	1430768	.	1	1	0	0|1	.	.	.	.	.	-	-	ref	no:duplicate_of_stvar	1	.	.	.	0
truth_stvar	chr4	1430799	1430799	.	1	1	0	1|0	.	.	.	.	.	-	-	yes	ref	1	.	.	.	0
truth_smvar	chr4	1430799	1430799	.	1	1	0	1|0	.	.	.	.	.	-	-	no:duplicate_of_stvar	ref	1	.	.	.	0
truth_stvar	chr4	1430843	1430843	.	1	1	0	0|1	.	.	.	.	.	-	-	ref	yes	1	.	.	.	0
truth_smvar	chr4	1430843	1430843	.	1	1	0	0|1	.	.	.	.	.	-	-	ref	no:duplicate_of_stvar	1	.	.	.	0
truth_stvar	chr4	1430845	1430845	.	1	1	0	1|1	.	.	.	.	.	-	-	yes	yes	1	.	.	.	0
truth_smvar	chr4	1430845	1430845	.	1	1	0	1|1	.	.	.	.	.	-	-	no:duplicate_of_stvar	no:duplicate_of_stvar	1	.	.	.	0
truth_stvar	chr4	1430878	1430878	.	1	3	2	0|1	.	.	.	.	.	-	-	ref	yes	1	.	.	.	0
truth_stvar	chr4	1430878	1430878	.	1	49	48	1|0	.	.	.	.	.	-	-	yes	ref	1	INS	46	.	0
truth_smvar	chr4	1430878	1430878	.	1	3,49	48	2|1	.	.	.	.	.	-	-	no:duplicate_of_stvar	no:duplicate_of_stvar	1	.	.	.	0
truth_stvar	chr4	1430936	1431120	.	185	1	184	0|1	.	.	.	.	.	FN	FN	ref	yes	1	DEL	46	.	0
truth_smvar	chr4	1430936	1431120	.	185	1	184	0|1	.	.	.	.	.	-	-	ref	no:duplicate_of_stvar	1	.	46	.	0
truth_stvar	chr4	1430980	1430980	.	1	1	0	0|1	.	.	.	.	.	-	-	ref	no:star_allele	1	.	.	.	0
truth_stvar	chr4	1430980	1430980	.	1	1	0	1|0	.	.	.	.	.	-	-	yes	ref	1	.	.	.	0
truth_smvar	chr4	1430980	1430980	.	1	1,1	0	1|2	.	.	.	.	.	-	-	no:duplicate_of_stvar	no:star_allele	1	.	.	.	0
truth_stvar	chr4	1430982	1430982	.	1	1	0	0|1	.	.	.	.	.	-	-	ref	no:star_allele	1	.	.	.	0
truth_stvar	chr4	1430982	1430982	.	1	1	0	1|0	.	.	.	.	.	-	-	yes	ref	1	.	.	.	0
truth_smvar	chr4	1430982	1430982	.	1	1,1	0	1|2	.	.	.	.	.	-	-	no:duplicate_of_stvar	no:star_allele	1	.	.	.	0
truth_stvar	chr4	1431025	1431025	.	1	1	0	0|1	.	.	.	.	.	-	-	ref	no:star_allele	1	.	.	.	0
truth_stvar	chr4	1431025	1431025	.	1	1	0	1|0	.	.	.	.	.	-	-	yes	ref	1	.	.	.	0
truth_smvar	chr4	1431025	1431025	.	1	1,1	0	1|2	.	.	.	.	.	-	-	no:duplicate_of_stvar	no:star_allele	1	.	.	.	0
truth_stvar	chr4	1431026	1431026	.	1	1	0	0|1	.	.	.	.	.	-	-	ref	no:star_allele	1	.	.	.	0
truth_stvar	chr4	1431026	1431026	.	1	1	0	1|0	.	.	.	.	.	-	-	yes	ref	1	.	.	.	0
truth_smvar	chr4	1431026	1431026	.	1	1,1	0	1|2	.	.	.	.	.	-	-	no:duplicate_of_stvar	no:star_allele	1	.	.	.	0
truth_stvar	chr4	1431035	1431035	.	1	1	0	0|1	.	.	.	.	.	-	-	ref	no:star_allele	1	.	.	.	0
truth_stvar	chr4	1431035	1431035	.	1	1	0	1|0	.	.	.	.	.	-	-	yes	ref	1	.	.	.	0
truth_smvar	chr4	1431035	1431035	.	1	1,1	0	1|2	.	.	.	.	.	-	-	no:duplicate_of_stvar	no:star_allele	1	.	.	.	0
truth_stvar	chr4	1431047	1431047	.	1	1	0	0|1	.	.	.	.	.	-	-	ref	no:star_allele	1	.	.	.	0
truth_stvar	chr4	1431047	1431047	.	1	1	0	1|0	.	.	.	.	.	-	-	yes	ref	1	.	.	.	0
truth_smvar	chr4	1431047	1431047	.	1	1,1	0	1|2	.	.	.	.	.	-	-	no:duplicate_of_stvar	no:star_allele	1	.	.	.	0
truth_stvar	chr4	1431062	1431062	.	1	1	0	0|1	.	.	.	.	.	-	-	ref	no:star_allele	1	.	.	.	0
truth_stvar	chr4	1431062	1431062	.	1	1	0	1|0	.	.	.	.	.	-	-	yes	ref	1	.	.	.	0
truth_smvar	chr4	1431062	1431062	.	1	1,1	0	1|2	.	.	.	.	.	-	-	no:duplicate_of_stvar	no:star_allele	1	.	.	.	0
truth_stvar	chr4	1431072	1431072	.	1	1	0	0|1	.	.	.	.	.	-	-	ref	no:star_allele	1	.	.	.	0
truth_stvar	chr4	1431072	1431072	.	1	1	0	1|0	.	.	.	.	.	-	-	yes	ref	1	.	.	.	0
truth_smvar	chr4	1431072	1431072	.	1	1,1	0	1|2	.	.	.	.	.	-	-	no:duplicate_of_stvar	no:star_allele	1	.	.	.	0
truth_stvar	chr4	1431081	1431081	.	1	1	0	0|1	.	.	.	.	.	-	-	ref	no:star_allele	1	.	.	.	0
truth_stvar	chr4	1431081	1431081	.	1	1	0	1|0	.	.	.	.	.	-	-	yes	ref	1	.	.	.	0
truth_smvar	chr4	1431081	1431081	.	1	1,1	0	1|2	.	.	.	.	.	-	-	no:duplicate_of_stvar	no:star_allele	1	.	.	.	0
truth_stvar	chr4	1431088	1431088	.	1	1	0	0|1	.	.	.	.	.	-	-	ref	no:star_allele	1	.	.	.	0
truth_stvar	chr4	1431088	1431088	.	1	1	0	1|0	.	.	.	.	.	-	-	yes	ref	1	.	.	.	0
truth_smvar	chr4	1431088	1431088	.	1	1,1	0	1|2	.	.	.	.	.	-	-	no:duplicate_of_stvar	no:star_allele	1	.	.	.	0
truth_stvar	chr4	1431118	1431118	.	1	1	0	0|1	.	.	.	.	.	-	-	ref	no:star_allele	1	.	.	.	0
truth_stvar	chr4	1431118	1431118	.	1	1	0	1|0	.	.	.	.	.	-	-	yes	ref	1	.	.	.	0
truth_smvar	chr4	1431118	1431118	.	1	1,1	0	1|2	.	.	.	.	.	-	-	no:duplicate_of_stvar	no:star_allele	1	.	.	.	0
truth_stvar	chr4	1431120	1431120	.	1	1	0	0|1	.	.	.	.	.	-	-	ref	no:star_allele	1	.	.	.	0
truth_stvar	chr4	1431120	1431120	.	1	1	0	1|0	.	.	.	.	.	-	-	yes	ref	1	.	.	.	0
truth_smvar	chr4	1431120	1431120	.	1	1,1	0	1|2	.	.	.	.	.	-	-	no:duplicate_of_stvar	no:star_allele	1	.	.	.	0
truth_stvar	chr4	1431132	1431132	.	1	1	0	1|0	.	.	.	.	.	-	-	yes	ref	1	.	.	.	0
truth_smvar	chr4	1431132	1431132	.	1	1	0	1|0	.	.	.	.	.	-	-	no:duplicate_of_stvar	ref	1	.	.	.	0
truth_stvar	chr4	1431141	1431141	.	1	1	0	0|1	.	.	.	.	.	-	-	ref	yes	1	.	.	.	0
truth_smvar	chr4	1431141	1431141	.	1	1	0	0|1	.	.	.	.	.	-	-	ref	no:duplicate_of_stvar	1	.	.	.	0
truth_stvar	chr4	1431164	1431164	.	1	1	0	1|0	.	.	.	.	.	-	-	yes	ref	1	.	.	.	0
truth_smvar	chr4	1431164	1431164	.	1	1	0	1|0	.	.	.	.	.	-	-	no:duplicate_of_stvar	ref	1	.	.	.	0
truth_stvar	chr4	1431166	1431166	.	1	1	0	1|1	.	.	.	.	.	-	-	yes	yes	1	.	.	.	0
truth_smvar	chr4	1431166	1431166	.	1	1	0	1|1	.	.	.	.	.	-	-	no:duplicate_of_stvar	no:duplicate_of_stvar	1	.	.	.	0
truth_stvar	chr4	1431178	1431178	.	1	1	0	1|0	.	.	.	.	.	-	-	yes	ref	1	.	.	.	0
truth_smvar	chr4	1431178	1431178	.	1	1	0	1|0	.	.	.	.	.	-	-	no:duplicate_of_stvar	ref	1	.	.	.	0
truth_stvar	chr4	1431199	1431199	.	1	2	1	1|0	.	.	.	.	.	-	-	yes	ref	1	.	.	.	0
truth_smvar	chr4	1431199	1431199	.	1	2	1	1|0	.	.	.	.	.	-	-	no:duplicate_of_stvar	ref	1	.	.	.	0
truth_stvar	chr4	1431201	1431612	.	412	1	411	0|1	.	.	.	.	.	FN	FN	ref	yes	1	DEL	46	.	0
truth_smvar	chr4	1431201	1431612	.	412	1	411	0|1	.	.	.	.	.	-	-	ref	no:duplicate_of_stvar	1	.	46	.	0
truth_stvar	chr4	1431244	1431244	.	1	1	0	0|1	.	.	.	.	.	-	-	ref	no:star_allele	1	.	.	.	0
truth_stvar	chr4	1431244	1431244	.	1	49	48	1|0	.	.	.	.	.	-	-	yes	ref	1	INS	46	.	0
truth_smvar	chr4	1431244	1431244	.	1	49,1	48	1|2	.	.	.	.	.	-	-	no:duplicate_of_stvar	no:star_allele	1	.	46	.	0
truth_stvar	chr4	1431263	1431263	.	1	1	0	0|1	.	.	.	.	.	-	-	ref	no:star_allele	1	.	.	.	0
truth_stvar	chr4	1431263	1431263	.	1	1	0	1|0	.	.	.	.	.	-	-	yes	ref	1	.	.	.	0
truth_smvar	chr4	1431263	1431263	.	1	1,1	0	1|2	.	.	.	.	.	-	-	no:duplicate_of_stvar	no:star_allele	1	.	.	.	0
truth_stvar	chr4	1431285	1431285	.	1	1	0	0|1	.	.	.	.	.	-	-	ref	no:star_allele	1	.	.	.	0
truth_stvar	chr4	1431285	1431285	.	1	1	0	1|0	.	.	.	.	.	-	-	yes	ref	1	.	.	.	0
truth_smvar	chr4	1431285	1431285	.	1	1,1	0	1|2	.	.	.	.	.	-	-	no:duplicate_of_stvar	no:star_allele	1	.	.	.	0
truth_stvar	chr4	1431427	1431427	.	1	1	0	0|1	.	.	.	.	.	-	-	ref	no:star_allele	1	.	.	.	0
truth_stvar	chr4	1431427	1431427	.	1	2	1	1|0	.	.	.	.	.	-	-	yes	ref	1	.	.	.	0
truth_smvar	chr4	1431427	1431427	.	1	2,1	1	1|2	.	.	.	.	.	-	-	no:duplicate_of_stvar	no:star_allele	1	.	.	.	0
truth_stvar	chr4	1431437	1431437	.	1	1	0	0|1	.	.	.	.	.	-	-	ref	no:star_allele	1	.	.	.	0
truth_stvar	chr4	1431437	1431437	.	1	1	0	1|0	.	.	.	.	.	-	-	yes	ref	1	.	.	.	0
truth_smvar	chr4	1431437	1431437	.	1	1,1	0	1|2	.	.	.	.	.	-	-	no:duplicate_of_stvar	no:star_allele	1	.	.	.	0
truth_stvar	chr4	1431514	1431514	.	1	1	0	0|1	.	.	.	.	.	-	-	ref	no:star_allele	1	.	.	.	0
truth_stvar	chr4	1431514	1431514	.	1	1	0	1|0	.	.	.	.	.	-	-	yes	ref	1	.	.	.	0
truth_smvar	chr4	1431514	1431514	.	1	1,1	0	1|2	.	.	.	.	.	-	-	no:duplicate_of_stvar	no:star_allele	1	.	.	.	0
truth_stvar	chr4	1431569	1431569	.	1	1	0	0|1	.	.	.	.	.	-	-	ref	no:star_allele	1	.	.	.	0
truth_stvar	chr4	1431569	1431569	.	1	1	0	1|0	.	.	.	.	.	-	-	yes	ref	1	.	.	.	0
truth_smvar	chr4	1431569	1431569	.	1	1,1	0	1|2	.	.	.	.	.	-	-	no:duplicate_of_stvar	no:star_allele	1	.	.	.	0
truth_stvar	chr4	1431581	1431581	.	1	1	0	0|1	.	.	.	.	.	-	-	ref	no:star_allele	1	.	.	.	0
truth_stvar	chr4	1431581	1431581	.	1	1	0	1|0	.	.	.	.	.	-	-	yes	ref	1	.	.	.	0
truth_smvar	chr4	1431581	1431581	.	1	1,1	0	1|2	.	.	.	.	.	-	-	no:duplicate_of_stvar	no:star_allele	1	.	.	.	0
truth_stvar	chr4	1431612	1431612	.	1	1	0	0|1	.	.	.	.	.	-	-	ref	no:star_allele	1	.	.	.	0
truth_stvar	chr4	1431612	1431612	.	1	1	0	1|0	.	.	.	.	.	-	-	yes	ref	1	.	.	.	0
truth_smvar	chr4	1431612	1431612	.	1	1,1	0	1|2	.	.	.	.	.	-	-	no:duplicate_of_stvar	no:star_allele	1	.	.	.	0
truth_stvar	chr4	1431621	1431621	.	1	1	0	1|0	.	.	.	.	.	-	-	yes	ref	1	.	.	.	0
truth_smvar	chr4	1431621	1431621	.	1	1	0	1|0	.	.	.	.	.	-	-	no:duplicate_of_stvar	ref	1	.	.	.	0
truth_stvar	chr4	1431655	1431655	.	1	1	0	0|1	.	.	.	.	.	-	-	ref	yes	1	.	.	.	0
truth_smvar	chr4	1431655	1431655	.	1	1	0	0|1	.	.	.	.	.	-	-	ref	no:duplicate_of_stvar	1	.	.	.	0
truth_stvar	chr4	1431657	1431657	.	1	1	0	1|0	.	.	.	.	.	-	-	yes	ref	1	.	.	.	0
truth_smvar	chr4	1431657	1431657	.	1	1	0	1|0	.	.	.	.	.	-	-	no:duplicate_of_stvar	ref	1	.	.	.	0
truth_stvar	chr4	1431667	1431667	.	1	1	0	1|0	.	.	.	.	.	-	-	yes	ref	1	.	.	.	0
truth_smvar	chr4	1431667	1431667	.	1	1	0	1|0	.	.	.	.	.	-	-	no:duplicate_of_stvar	ref	1	.	.	.	0
truth_stvar	chr4	1431716	1431719	.	4	1	3	1|0	.	.	.	.	.	-	-	yes	ref	1	.	.	.	0
truth_smvar	chr4	1431716	1431719	.	4	1	3	1|0	.	.	.	.	.	-	-	no:duplicate_of_stvar	ref	1	.	.	.	0
truth_stvar	chr4	1431721	1431721	.	1	1	0	1|0	.	.	.	.	.	-	-	yes	ref	1	.	.	.	0
truth_smvar	chr4	1431721	1431721	.	1	1	0	1|0	.	.	.	.	.	-	-	no:duplicate_of_stvar	ref	1	.	.	.	0
truth_stvar	chr4	1431729	1431729	.	1	1	0	1|1	.	.	.	.	.	-	-	yes	yes	1	.	.	.	0
truth_smvar	chr4	1431729	1431729	.	1	1	0	1|1	.	.	.	.	.	-	-	no:duplicate_of_stvar	no:duplicate_of_stvar	1	.	.	.	0
truth_stvar	chr4	1431747	1431747	.	1	1	0	1|0	.	.	.	.	.	-	-	yes	ref	1	.	.	.	0
truth_smvar	chr4	1431747	1431747	.	1	1	0	1|0	.	.	.	.	.	-	-	no:duplicate_of_stvar	ref	1	.	.	.	0
truth_stvar	chr4	1431759	1431759	.	1	1	0	0|1	.	.	.	.	.	-	-	ref	yes	1	.	.	.	0
truth_smvar	chr4	1431759	1431759	.	1	1	0	0|1	.	.	.	.	.	-	-	ref	no:duplicate_of_stvar	1	.	.	.	0
truth_stvar	chr4	1431761	1431761	.	1	1	0	0|1	.	.	.	.	.	-	-	ref	yes	1	.	.	.	0
truth_smvar	chr4	1431761	1431761	.	1	1	0	0|1	.	.	.	.	.	-	-	ref	no:duplicate_of_stvar	1	.	.	.	0
truth_stvar	chr4	1431773	1431773	.	1	1	0	0|1	.	.	.	.	.	-	-	ref	yes	1	.	.	.	0
truth_smvar	chr4	1431773	1431773	.	1	1	0	0|1	.	.	.	.	.	-	-	ref	no:duplicate_of_stvar	1	.	.	.	0
truth_stvar	chr4	1431789	1431789	.	1	1	0	1|0	.	.	.	.	.	-	-	yes	ref	1	.	.	.	0
truth_smvar	chr4	1431789	1431789	.	1	1	0	1|0	.	.	.	.	.	-	-	no:duplicate_of_stvar	ref	1	.	.	.	0
truth_stvar	chr4	1431793	1431793	.	1	1	0	0|1	.	.	.	.	.	-	-	ref	yes	1	.	.	.	0
truth_smvar	chr4	1431793	1431793	.	1	1	0	0|1	.	.	.	.	.	-	-	ref	no:duplicate_of_stvar	1	.	.	.	0
truth_stvar	chr4	1431860	1431860	.	1	1	0	1|0	.	.	.	.	.	-	-	yes	ref	1	.	.	.	0
truth_smvar	chr4	1431860	1431860	.	1	1	0	1|0	.	.	.	.	.	-	-	no:duplicate_of_stvar	ref	1	.	.	.	0
truth_stvar	chr4	1431884	1431884	.	1	1	0	0|1	.	.	.	.	.	-	-	ref	yes	1	.	.	.	0
truth_smvar	chr4	1431884	1431884	.	1	1	0	0|1	.	.	.	.	.	-	-	ref	no:duplicate_of_stvar	1	.	.	.	0
truth_stvar	chr4	1431897	1431897	.	1	1	0	1|1	.	.	.	.	.	-	-	yes	yes	1	.	.	.	0
truth_smvar	chr4	1431897	1431897	.	1	1	0	1|1	.	.	.	.	.	-	-	no:duplicate_of_stvar	no:duplicate_of_stvar	1	.	.	.	0
truth_stvar	chr4	1431899	1431899	.	1	1	0	1|0	.	.	.	.	.	-	-	yes	ref	1	.	.	.	0
truth_smvar	chr4	1431899	1431899	.	1	1	0	1|0	.	.	.	.	.	-	-	no:duplicate_of_stvar	ref	1	.	.	.	0
truth_stvar	chr4	1431928	1432572	.	645	1	644	0|1	.	.	.	.	.	FN	FN	ref	yes	1	DEL	46	.	0
truth_smvar	chr4	1431928	1432572	.	645	1	644	0|1	.	.	.	.	.	-	-	ref	no:duplicate_of_stvar	1	.	46	.	0
truth_stvar	chr4	1431943	1431943	.	1	1	0	0|1	.	.	.	.	.	-	-	ref	no:star_allele	1	.	.	.	0
truth_stvar	chr4	1431943	1431943	.	1	1	0	1|0	.	.	.	.	.	-	-	yes	ref	1	.	.	.	0
truth_smvar	chr4	1431943	1431943	.	1	1,1	0	1|2	.	.	.	.	.	-	-	no:duplicate_of_stvar	no:star_allele	1	.	.	.	0
truth_stvar	chr4	1431952	1431952	.	1	1	0	0|1	.	.	.	.	.	-	-	ref	no:star_allele	1	.	.	.	0
truth_stvar	chr4	1431952	1431952	.	1	1	0	1|0	.	.	.	.	.	-	-	yes	ref	1	.	.	.	0
truth_smvar	chr4	1431952	1431952	.	1	1,1	0	1|2	.	.	.	.	.	-	-	no:duplicate_of_stvar	no:star_allele	1	.	.	.	0
truth_stvar	chr4	1431989	1431989	.	1	1	0	0|1	.	.	.	.	.	-	-	ref	no:star_allele	1	.	.	.	0
truth_stvar	chr4	1431989	1431989	.	1	1	0	1|0	.	.	.	.	.	-	-	yes	ref	1	.	.	.	0
truth_smvar	chr4	1431989	1431989	.	1	1,1	0	1|2	.	.	.	.	.	-	-	no:duplicate_of_stvar	no:star_allele	1	.	.	.	0
truth_stvar	chr4	1431998	1431998	.	1	1	0	0|1	.	.	.	.	.	-	-	ref	no:star_allele	1	.	.	.	0
truth_stvar	chr4	1431998	1431998	.	1	1	0	1|0	.	.	.	.	.	-	-	yes	ref	1	.	.	.	0
truth_smvar	chr4	1431998	1431998	.	1	1,1	0	1|2	.	.	.	.	.	-	-	no:duplicate_of_stvar	no:star_allele	1	.	.	.	0
truth_stvar	chr4	1432005	1432005	.	1	1	0	0|1	.	.	.	.	.	-	-	ref	no:star_allele	1	.	.	.	0
truth_stvar	chr4	1432005	1432005	.	1	1	0	1|0	.	.	.	.	.	-	-	yes	ref	1	.	.	.	0
truth_smvar	chr4	1432005	1432005	.	1	1,1	0	1|2	.	.	.	.	.	-	-	no:duplicate_of_stvar	no:star_allele	1	.	.	.	0
truth_stvar	chr4	1432070	1432070	.	1	1	0	0|1	.	.	.	.	.	-	-	ref	no:star_allele	1	.	.	.	0
truth_stvar	chr4	1432070	1432070	.	1	2	1	1|0	.	.	.	.	.	-	-	yes	ref	1	.	.	.	0
truth_smvar	chr4	1432070	1432070	.	1	2,1	1	1|2	.	.	.	.	.	-	-	no:duplicate_of_stvar	no:star_allele	1	.	.	.	0
truth_stvar	chr4	1432081	1432081	.	1	1	0	0|1	.	.	.	.	.	-	-	ref	no:star_allele	1	.	.	.	0
truth_stvar	chr4	1432081	1432081	.	1	1	0	1|0	.	.	.	.	.	-	-	yes	ref	1	.	.	.	0
truth_smvar	chr4	1432081	1432081	.	1	1,1	0	1|2	.	.	.	.	.	-	-	no:duplicate_of_stvar	no:star_allele	1	.	.	.	0
truth_stvar	chr4	1432090	1432090	.	1	1	0	0|1	.	.	.	.	.	-	-	ref	no:star_allele	1	.	.	.	0
truth_stvar	chr4	1432090	1432090	.	1	1	0	1|0	.	.	.	.	.	-	-	yes	ref	1	.	.	.	0
truth_smvar	chr4	1432090	1432090	.	1	1,1	0	1|2	.	.	.	.	.	-	-	no:duplicate_of_stvar	no:star_allele	1	.	.	.	0
truth_stvar	chr4	1432190	1432190	.	1	1	0	0|1	.	.	.	.	.	-	-	ref	no:star_allele	1	.	.	.	0
truth_stvar	chr4	1432190	1432190	.	1	1	0	1|0	.	.	.	.	.	-	-	yes	ref	1	.	.	.	0
truth_smvar	chr4	1432190	1432190	.	1	1,1	0	1|2	.	.	.	.	.	-	-	no:duplicate_of_stvar	no:star_allele	1	.	.	.	0
truth_stvar	chr4	1432210	1432210	.	1	1	0	0|1	.	.	.	.	.	-	-	ref	no:star_allele	1	.	.	.	0
truth_stvar	chr4	1432210	1432210	.	1	1	0	1|0	.	.	.	.	.	-	-	yes	ref	1	.	.	.	0
truth_smvar	chr4	1432210	1432210	.	1	1,1	0	1|2	.	.	.	.	.	-	-	no:duplicate_of_stvar	no:star_allele	1	.	.	.	0
truth_stvar	chr4	1432235	1432281	.	47	1	0	0|1	.	.	.	.	.	-	-	ref	no:star_allele	1	DEL	46	.	0
truth_stvar	chr4	1432235	1432281	.	47	1	46	1|0	.	.	.	.	.	-	-	yes	ref	1	DEL	46	.	0
truth_smvar	chr4	1432235	1432281	.	47	1,1	46	1|2	.	.	.	.	.	-	-	no:duplicate_of_stvar	no:star_allele	1	.	46	.	0
truth_stvar	chr4	1432296	1432296	.	1	1	0	0|1	.	.	.	.	.	-	-	ref	no:star_allele	1	.	.	.	0
truth_stvar	chr4	1432296	1432296	.	1	1	0	1|0	.	.	.	.	.	-	-	yes	ref	1	.	.	.	0
truth_smvar	chr4	1432296	1432296	.	1	1,1	0	1|2	.	.	.	.	.	-	-	no:duplicate_of_stvar	no:star_allele	1	.	.	.	0
truth_stvar	chr4	1432318	1432318	.	1	1	0	0|1	.	.	.	.	.	-	-	ref	no:star_allele	1	.	.	.	0
truth_stvar	chr4	1432318	1432318	.	1	1	0	1|0	.	.	.	.	.	-	-	yes	ref	1	.	.	.	0
truth_smvar	chr4	1432318	1432318	.	1	1,1	0	1|2	.	.	.	.	.	-	-	no:duplicate_of_stvar	no:star_allele	1	.	.	.	0
truth_stvar	chr4	1432348	1432348	.	1	1	0	0|1	.	.	.	.	.	-	-	ref	no:star_allele	1	.	.	.	0
truth_stvar	chr4	1432348	1432348	.	1	1	0	1|0	.	.	.	.	.	-	-	yes	ref	1	.	.	.	0
truth_smvar	chr4	1432348	1432348	.	1	1,1	0	1|2	.	.	.	.	.	-	-	no:duplicate_of_stvar	no:star_allele	1	.	.	.	0
truth_stvar	chr4	1432394	1432394	.	1	1	0	0|1	.	.	.	.	.	-	-	ref	no:star_allele	1	.	.	.	0
truth_stvar	chr4	1432394	1432394	.	1	1	0	1|0	.	.	.	.	.	-	-	yes	ref	1	.	.	.	0
truth_smvar	chr4	1432394	1432394	.	1	1,1	0	1|2	.	.	.	.	.	-	-	no:duplicate_of_stvar	no:star_allele	1	.	.	.	0
truth_stvar	chr4	1432403	1432403	.	1	1	0	0|1	.	.	.	.	.	-	-	ref	no:star_allele	1	.	.	.	0
truth_stvar	chr4	1432403	1432403	.	1	1	0	1|0	.	.	.	.	.	-	-	yes	ref	1	.	.	.	0
truth_smvar	chr4	1432403	1432403	.	1	1,1	0	1|2	.	.	.	.	.	-	-	no:duplicate_of_stvar	no:star_allele	1	.	.	.	0
truth_stvar	chr4	1432424	1432424	.	1	1	0	0|1	.	.	.	.	.	-	-	ref	no:star_allele	1	.	.	.	0
truth_stvar	chr4	1432424	1432424	.	1	1	0	1|0	.	.	.	.	.	-	-	yes	ref	1	.	.	.	0
truth_smvar	chr4	1432424	1432424	.	1	1,1	0	1|2	.	.	.	.	.	-	-	no:duplicate_of_stvar	no:star_allele	1	.	.	.	0
truth_stvar	chr4	1432443	1432443	.	1	1	0	0|1	.	.	.	.	.	-	-	ref	no:star_allele	1	.	.	.	0
truth_stvar	chr4	1432443	1432443	.	1	1	0	1|0	.	.	.	.	.	-	-	yes	ref	1	.	.	.	0
truth_smvar	chr4	1432443	1432443	.	1	1,1	0	1|2	.	.	.	.	.	-	-	no:duplicate_of_stvar	no:star_allele	1	.	.	.	0
truth_stvar	chr4	1432449	1432449	.	1	1	0	0|1	.	.	.	.	.	-	-	ref	no:star_allele	1	.	.	.	0
truth_stvar	chr4	1432449	1432449	.	1	1	0	1|0	.	.	.	.	.	-	-	yes	ref	1	.	.	.	0
truth_smvar	chr4	1432449	1432449	.	1	1,1	0	1|2	.	.	.	.	.	-	-	no:duplicate_of_stvar	no:star_allele	1	.	.	.	0
truth_stvar	chr4	1432486	1432486	.	1	1	0	0|1	.	.	.	.	.	-	-	ref	no:star_allele	1	.	.	.	0
truth_stvar	chr4	1432486	1432486	.	1	1	0	1|0	.	.	.	.	.	-	-	yes	ref	1	.	.	.	0
truth_smvar	chr4	1432486	1432486	.	1	1,1	0	1|2	.	.	.	.	.	-	-	no:duplicate_of_stvar	no:star_allele	1	.	.	.	0
truth_stvar	chr4	1432504	1432504	.	1	1	0	0|1	.	.	.	.	.	-	-	ref	no:star_allele	1	.	.	.	0
truth_stvar	chr4	1432504	1432504	.	1	1	0	1|0	.	.	.	.	.	-	-	yes	ref	1	.	.	.	0
truth_smvar	chr4	1432504	1432504	.	1	1,1	0	1|2	.	.	.	.	.	-	-	no:duplicate_of_stvar	no:star_allele	1	.	.	.	0
truth_stvar	chr4	1432528	1432528	.	1	1	0	0|1	.	.	.	.	.	-	-	ref	no:star_allele	1	.	.	.	0
truth_stvar	chr4	1432528	1432528	.	1	1	0	1|0	.	.	.	.	.	-	-	yes	ref	1	.	.	.	0
truth_smvar	chr4	1432528	1432528	.	1	1,1	0	1|2	.	.	.	.	.	-	-	no:duplicate_of_stvar	no:star_allele	1	.	.	.	0
truth_stvar	chr4	1432541	1432541	.	1	1	0	0|1	.	.	.	.	.	-	-	ref	no:star_allele	1	.	.	.	0
truth_stvar	chr4	1432541	1432541	.	1	1	0	1|0	.	.	.	.	.	-	-	yes	ref	1	.	.	.	0
truth_smvar	chr4	1432541	1432541	.	1	1,1	0	1|2	.	.	.	.	.	-	-	no:duplicate_of_stvar	no:star_allele	1	.	.	.	0
truth_stvar	chr4	1432572	1432572	.	1	1	0	0|1	.	.	.	.	.	-	-	ref	no:star_allele	1	.	.	.	0
truth_stvar	chr4	1432572	1432572	.	1	1	0	1|0	.	.	.	.	.	-	-	yes	ref	1	.	.	.	0
truth_smvar	chr4	1432572	1432572	.	1	1,1	0	1|2	.	.	.	.	.	-	-	no:duplicate_of_stvar	no:star_allele	1	.	.	.	0
truth_stvar	chr4	1432587	1432587	.	1	1	0	0|1	.	.	.	.	.	-	-	ref	yes	1	.	.	.	0
truth_smvar	chr4	1432587	1432587	.	1	1	0	0|1	.	.	.	.	.	-	-	ref	no:duplicate_of_stvar	1	.	.	.	0
truth_stvar	chr4	1432631	1432631	.	1	1	0	0|1	.	.	.	.	.	-	-	ref	yes	1	.	.	.	0
truth_smvar	chr4	1432631	1432631	.	1	1	0	0|1	.	.	.	.	.	-	-	ref	no:duplicate_of_stvar	1	.	.	.	0
truth_stvar	chr4	1432633	1432633	.	1	1	0	1|0	.	.	.	.	.	-	-	yes	ref	1	.	.	.	0
truth_smvar	chr4	1432633	1432633	.	1	1	0	1|0	.	.	.	.	.	-	-	no:duplicate_of_stvar	ref	1	.	.	.	0
truth_stvar	chr4	1432642	1432642	.	1	1	0	1|0	.	.	.	.	.	-	-	yes	ref	1	.	.	.	0
truth_smvar	chr4	1432642	1432642	.	1	1	0	1|0	.	.	.	.	.	-	-	no:duplicate_of_stvar	ref	1	.	.	.	0
truth_stvar	chr4	1432647	1432647	.	1	1	0	1|0	.	.	.	.	.	-	-	yes	ref	1	.	.	.	0
truth_smvar	chr4	1432647	1432647	.	1	1	0	1|0	.	.	.	.	.	-	-	no:duplicate_of_stvar	ref	1	.	.	.	0
truth_stvar	chr4	1432649	1432649	.	1	1	0	1|0	.	.	.	.	.	-	-	yes	ref	1	.	.	.	0
truth_smvar	chr4	1432649	1432649	.	1	1	0	1|0	.	.	.	.	.	-	-	no:duplicate_of_stvar	ref	1	.	.	.	0
truth_stvar	chr4	1432664	1432664	.	1	1	0	1|0	.	.	.	.	.	-	-	yes	ref	1	.	.	.	0
truth_smvar	chr4	1432664	1432664	.	1	1	0	1|0	.	.	.	.	.	-	-	no:duplicate_of_stvar	ref	1	.	.	.	0
truth_stvar	chr4	1432681	1432681	.	1	1	0	1|0	.	.	.	.	.	-	-	yes	ref	1	.	.	.	0
truth_smvar	chr4	1432681	1432681	.	1	1	0	1|0	.	.	.	.	.	-	-	no:duplicate_of_stvar	ref	1	.	.	.	0
truth_stvar	chr4	1432719	1432719	.	1	1	0	0|1	.	.	.	.	.	-	-	ref	yes	1	.	.	.	0
truth_smvar	chr4	1432719	1432719	.	1	1	0	0|1	.	.	.	.	.	-	-	ref	no:duplicate_of_stvar	1	.	.	.	0
truth_stvar	chr4	1432763	1433038	.	276	1	275	0|1	.	.	.	.	.	FN	FN	ref	yes	1	DEL	46	.	0
truth_smvar	chr4	1432763	1433038	.	276	1	275	0|1	.	.	.	.	.	-	-	ref	no:duplicate_of_stvar	1	.	46	.	0
truth_stvar	chr4	1432771	1432771	.	1	1	0	0|1	.	.	.	.	.	-	-	ref	no:star_allele	1	.	.	.	0
truth_stvar	chr4	1432771	1432771	.	1	1	0	1|0	.	.	.	.	.	-	-	yes	ref	1	.	.	.	0
truth_smvar	chr4	1432771	1432771	.	1	1,1	0	1|2	.	.	.	.	.	-	-	no:duplicate_of_stvar	no:star_allele	1	.	.	.	0
truth_stvar	chr4	1432787	1432787	.	1	1	0	0|1	.	.	.	.	.	-	-	ref	no:star_allele	1	.	.	.	0
truth_stvar	chr4	1432787	1432787	.	1	1	0	1|0	.	.	.	.	.	-	-	yes	ref	1	.	.	.	0
truth_smvar	chr4	1432787	1432787	.	1	1,1	0	1|2	.	.	.	.	.	-	-	no:duplicate_of_stvar	no:star_allele	1	.	.	.	0
truth_stvar	chr4	1432894	1432986	.	93	1	0	0|1	.	.	.	.	.	-	-	ref	no:star_allele	1	DEL	46	.	0
truth_stvar	chr4	1432894	1432986	.	93	1	92	1|0	.	.	.	.	.	FN	FN	yes	ref	1	DEL	46	.	0
truth_smvar	chr4	1432894	1432986	.	93	1,1	92	1|2	.	.	.	.	.	-	-	no:duplicate_of_stvar	no:star_allele	1	.	46	.	0
truth_stvar	chr4	1433001	1433001	.	1	1	0	0|1	.	.	.	.	.	-	-	ref	no:star_allele	1	.	.	.	0
truth_stvar	chr4	1433001	1433001	.	1	1	0	1|0	.	.	.	.	.	-	-	yes	ref	1	.	.	.	0
truth_smvar	chr4	1433001	1433001	.	1	1,1	0	1|2	.	.	.	.	.	-	-	no:duplicate_of_stvar	no:star_allele	1	.	.	.	0
truth_stvar	chr4	1433008	1433008	.	1	1	0	0|1	.	.	.	.	.	-	-	ref	no:star_allele	1	.	.	.	0
truth_stvar	chr4	1433008	1433008	.	1	1	0	1|0	.	.	.	.	.	-	-	yes	ref	1	.	.	.	0
truth_smvar	chr4	1433008	1433008	.	1	1,1	0	1|2	.	.	.	.	.	-	-	no:duplicate_of_stvar	no:star_allele	1	.	.	.	0
truth_stvar	chr4	1433038	1433038	.	1	1	0	0|1	.	.	.	.	.	-	-	ref	no:star_allele	1	.	.	.	0
truth_stvar	chr4	1433038	1433038	.	1	1	0	1|0	.	.	.	.	.	-	-	yes	ref	1	.	.	.	0
truth_smvar	chr4	1433038	1433038	.	1	1,1	0	1|2	.	.	.	.	.	-	-	no:duplicate_of_stvar	no:star_allele	1	.	.	.	0
truth_stvar	chr4	1433056	1433056	.	1	1	0	0|1	.	.	.	.	.	-	-	ref	yes	1	.	.	.	0
truth_smvar	chr4	1433056	1433056	.	1	1	0	0|1	.	.	.	.	.	-	-	ref	no:duplicate_of_stvar	1	.	.	.	0
truth_stvar	chr4	1433084	1433084	.	1	1	0	1|1	.	.	.	.	.	-	-	yes	yes	1	.	.	.	0
truth_smvar	chr4	1433084	1433084	.	1	1	0	1|1	.	.	.	.	.	-	-	no:duplicate_of_stvar	no:duplicate_of_stvar	1	.	.	.	0
truth_stvar	chr4	1433093	1433093	.	1	1	0	1|0	.	.	.	.	.	-	-	yes	ref	1	.	.	.	0
truth_smvar	chr4	1433093	1433093	.	1	1	0	1|0	.	.	.	.	.	-	-	no:duplicate_of_stvar	ref	1	.	.	.	0
truth_stvar	chr4	1433139	1433139	.	1	1	0	1|0	.	.	.	.	.	-	-	yes	ref	1	.	.	.	0
truth_smvar	chr4	1433139	1433139	.	1	1	0	1|0	.	.	.	.	.	-	-	no:duplicate_of_stvar	ref	1	.	.	.	0
truth_stvar	chr4	1433176	1433176	.	1	1	0	1|1	.	.	.	.	.	-	-	yes	yes	1	.	.	.	0
truth_smvar	chr4	1433176	1433176	.	1	1	0	1|1	.	.	.	.	.	-	-	no:duplicate_of_stvar	no:duplicate_of_stvar	1	.	.	.	0
truth_stvar	chr4	1433194	1433194	.	1	1	0	0|1	.	.	.	.	.	-	-	ref	yes	1	.	.	.	0
truth_smvar	chr4	1433194	1433194	.	1	1	0	0|1	.	.	.	.	.	-	-	ref	no:duplicate_of_stvar	1	.	.	.	0
truth_stvar	chr4	1433220	1433220	.	1	1	0	0|1	.	.	.	.	.	-	-	ref	yes	1	.	.	.	0
truth_smvar	chr4	1433220	1433220	.	1	1	0	0|1	.	.	.	.	.	-	-	ref	no:duplicate_of_stvar	1	.	.	.	0
truth_stvar	chr4	1433227	1433227	.	1	1	0	1|0	.	.	.	.	.	-	-	yes	ref	1	.	.	.	0
truth_smvar	chr4	1433227	1433227	.	1	1	0	1|0	.	.	.	.	.	-	-	no:duplicate_of_stvar	ref	1	.	.	.	0
truth_stvar	chr4	1433231	1433231	.	1	1	0	1|1	.	.	.	.	.	-	-	yes	yes	1	.	.	.	0
truth_smvar	chr4	1433231	1433231	.	1	1	0	1|1	.	.	.	.	.	-	-	no:duplicate_of_stvar	no:duplicate_of_stvar	1	.	.	.	0
truth_stvar	chr4	1433247	1433247	.	1	1	0	1|0	.	.	.	.	.	-	-	yes	ref	1	.	.	.	0
truth_smvar	chr4	1433247	1433247	.	1	1	0	1|0	.	.	.	.	.	-	-	no:duplicate_of_stvar	ref	1	.	.	.	0
truth_stvar	chr4	1433262	1433262	.	1	1	0	1|1	.	.	.	.	.	-	-	yes	yes	1	.	.	.	0
truth_smvar	chr4	1433262	1433262	.	1	1	0	1|1	.	.	.	.	.	-	-	no:duplicate_of_stvar	no:duplicate_of_stvar	1	.	.	.	0
truth_stvar	chr4	1433277	1433277	.	1	1	0	1|0	.	.	.	.	.	-	-	yes	ref	1	.	.	.	0
truth_smvar	chr4	1433277	1433277	.	1	1	0	1|0	.	.	.	.	.	-	-	no:duplicate_of_stvar	ref	1	.	.	.	0
truth_stvar	chr4	1433317	1433317	.	1	1	0	1|0	.	.	.	.	.	-	-	yes	ref	1	.	.	.	0
truth_smvar	chr4	1433317	1433317	.	1	1	0	1|0	.	.	.	.	.	-	-	no:duplicate_of_stvar	ref	1	.	.	.	0
truth_stvar	chr4	1433323	1433323	.	1	1	0	0|1	.	.	.	.	.	-	-	ref	yes	1	.	.	.	0
truth_smvar	chr4	1433323	1433323	.	1	1	0	0|1	.	.	.	.	.	-	-	ref	no:duplicate_of_stvar	1	.	.	.	0
truth_stvar	chr4	1433332	1433332	.	1	1	0	0|1	.	.	.	.	.	-	-	ref	yes	1	.	.	.	0
truth_smvar	chr4	1433332	1433332	.	1	1	0	0|1	.	.	.	.	.	-	-	ref	no:duplicate_of_stvar	1	.	.	.	0
truth_stvar	chr4	1433369	1433369	.	1	1	0	0|1	.	.	.	.	.	-	-	ref	yes	1	.	.	.	0
truth_smvar	chr4	1433369	1433369	.	1	1	0	0|1	.	.	.	.	.	-	-	ref	no:duplicate_of_stvar	1	.	.	.	0
truth_stvar	chr4	1433415	1433415	.	1	1	0	0|1	.	.	.	.	.	-	-	ref	yes	1	.	.	.	0
truth_smvar	chr4	1433415	1433415	.	1	1	0	0|1	.	.	.	.	.	-	-	ref	no:duplicate_of_stvar	1	.	.	.	0
truth_stvar	chr4	1433424	1433424	.	1	1	0	0|1	.	.	.	.	.	-	-	ref	yes	1	.	.	.	0
truth_smvar	chr4	1433424	1433424	.	1	1	0	0|1	.	.	.	.	.	-	-	ref	no:duplicate_of_stvar	1	.	.	.	0
truth_stvar	chr4	1433445	1433445	.	1	1	0	0|1	.	.	.	.	.	-	-	ref	yes	1	.	.	.	0
truth_smvar	chr4	1433445	1433445	.	1	1	0	0|1	.	.	.	.	.	-	-	ref	no:duplicate_of_stvar	1	.	.	.	0
truth_stvar	chr4	1433451	1433451	.	1	46	45	1|0	.	.	.	.	.	-	-	yes	ref	1	INS	46	.	0
truth_smvar	chr4	1433451	1433451	.	1	46	45	1|0	.	.	.	.	.	-	-	no:duplicate_of_stvar	ref	1	.	46	.	0
truth_stvar	chr4	1433472	1433472	.	1	1	0	1|1	.	.	.	.	.	-	-	yes	yes	1	.	.	.	0
truth_smvar	chr4	1433472	1433472	.	1	1	0	1|1	.	.	.	.	.	-	-	no:duplicate_of_stvar	no:duplicate_of_stvar	1	.	.	.	0
truth_stvar	chr4	1433507	1433507	.	1	1	0	0|1	.	.	.	.	.	-	-	ref	yes	1	.	.	.	0
truth_smvar	chr4	1433507	1433507	.	1	1	0	0|1	.	.	.	.	.	-	-	ref	no:duplicate_of_stvar	1	.	.	.	0
truth_stvar	chr4	1433553	1433553	.	1	1	0	1|1	.	.	.	.	.	-	-	yes	yes	1	.	.	.	0
truth_smvar	chr4	1433553	1433553	.	1	1	0	1|1	.	.	.	.	.	-	-	no:duplicate_of_stvar	no:duplicate_of_stvar	1	.	.	.	0
truth_stvar	chr4	1433555	1433555	.	1	1	0	1|0	.	.	.	.	.	-	-	yes	ref	1	.	.	.	0
truth_smvar	chr4	1433555	1433555	.	1	1	0	1|0	.	.	.	.	.	-	-	no:duplicate_of_stvar	ref	1	.	.	.	0
truth_stvar	chr4	1433584	1433584	.	1	1	0	1|1	.	.	.	.	.	-	-	yes	yes	1	.	.	.	0
truth_smvar	chr4	1433584	1433584	.	1	1	0	1|1	.	.	.	.	.	-	-	no:duplicate_of_stvar	no:duplicate_of_stvar	1	.	.	.	0
truth_stvar	chr4	1433599	1433599	.	1	1	0	0|1	.	.	.	.	.	-	-	ref	yes	1	.	.	.	0
truth_smvar	chr4	1433599	1433599	.	1	1	0	0|1	.	.	.	.	.	-	-	ref	no:duplicate_of_stvar	1	.	.	.	0
truth_stvar	chr4	1433639	1433639	.	1	1	0	0|1	.	.	.	.	.	-	-	ref	yes	1	.	.	.	0
truth_smvar	chr4	1433639	1433639	.	1	1	0	0|1	.	.	.	.	.	-	-	ref	no:duplicate_of_stvar	1	.	.	.	0
truth_stvar	chr4	1433685	1433685	.	1	93	92	1|0	.	.	.	.	.	FN	FN	yes	ref	1	INS	46	.	0
truth_stvar	chr4	1433685	1433685	.	1	1	0	0|1	.	.	.	.	.	-	-	ref	yes	1	.	.	.	0
truth_smvar	chr4	1433685	1433685	.	1	1,93	92	2|1	.	.	.	.	.	-	-	no:duplicate_of_stvar	no:duplicate_of_stvar	1	.	.	.	0
truth_stvar	chr4	1433691	1433691	.	1	1	0	1|1	.	.	.	.	.	-	-	yes	yes	1	.	.	.	0
truth_smvar	chr4	1433691	1433691	.	1	1	0	1|1	.	.	.	.	.	-	-	no:duplicate_of_stvar	no:duplicate_of_stvar	1	.	.	.	0
truth_stvar	chr4	1433700	1433700	.	1	1	0	1|0	.	.	.	.	.	-	-	yes	ref	1	.	.	.	0
truth_smvar	chr4	1433700	1433700	.	1	1	0	1|0	.	.	.	.	.	-	-	no:duplicate_of_stvar	ref	1	.	.	.	0
truth_stvar	chr4	1433722	1433722	.	1	1	0	1|1	.	.	.	.	.	-	-	yes	yes	1	.	.	.	0
truth_smvar	chr4	1433722	1433722	.	1	1	0	1|1	.	.	.	.	.	-	-	no:duplicate_of_stvar	no:duplicate_of_stvar	1	.	.	.	0
truth_stvar	chr4	1433739	1433739	.	1	1	0	0|1	.	.	.	.	.	-	-	ref	yes	1	.	.	.	0
truth_smvar	chr4	1433739	1433739	.	1	1	0	0|1	.	.	.	.	.	-	-	ref	no:duplicate_of_stvar	1	.	.	.	0
truth_stvar	chr4	1433772	1433772	.	1	2	1	1|0	.	.	.	.	.	-	-	yes	ref	1	.	.	.	0
truth_smvar	chr4	1433772	1433772	.	1	2	1	1|0	.	.	.	.	.	-	-	no:duplicate_of_stvar	ref	1	.	.	.	0
truth_stvar	chr4	1433792	1433792	.	1	1	0	0|1	.	.	.	.	.	-	-	ref	yes	1	.	.	.	0
truth_smvar	chr4	1433792	1433792	.	1	1	0	0|1	.	.	.	.	.	-	-	ref	no:duplicate_of_stvar	1	.	.	.	0
truth_stvar	chr4	1433794	1433794	.	1	1	0	0|1	.	.	.	.	.	-	-	ref	yes	1	.	.	.	0
truth_smvar	chr4	1433794	1433794	.	1	1	0	0|1	.	.	.	.	.	-	-	ref	no:duplicate_of_stvar	1	.	.	.	0
truth_stvar	chr4	1433814	1433814	.	1	1	0	1|0	.	.	.	.	.	-	-	yes	ref	1	.	.	.	0
truth_smvar	chr4	1433814	1433814	.	1	1	0	1|0	.	.	.	.	.	-	-	no:duplicate_of_stvar	ref	1	.	.	.	0
truth_stvar	chr4	1433829	1433829	.	1	1	0	0|1	.	.	.	.	.	-	-	ref	yes	1	.	.	.	0
truth_smvar	chr4	1433829	1433829	.	1	1	0	0|1	.	.	.	.	.	-	-	ref	no:duplicate_of_stvar	1	.	.	.	0
truth_stvar	chr4	1433838	1433838	.	1	1	0	1|1	.	.	.	.	.	-	-	yes	yes	1	.	.	.	0
truth_smvar	chr4	1433838	1433838	.	1	1	0	1|1	.	.	.	.	.	-	-	no:duplicate_of_stvar	no:duplicate_of_stvar	1	.	.	.	0
truth_stvar	chr4	1433846	1433846	.	1	1	0	1|1	.	.	.	.	.	-	-	yes	yes	1	.	.	.	0
truth_smvar	chr4	1433846	1433846	.	1	1	0	1|1	.	.	.	.	.	-	-	no:duplicate_of_stvar	no:duplicate_of_stvar	1	.	.	.	0
truth_stvar	chr4	1433847	1433847	.	1	1	0	0|1	.	.	.	.	.	-	-	ref	yes	1	.	.	.	0
truth_smvar	chr4	1433847	1433847	.	1	1	0	0|1	.	.	.	.	.	-	-	ref	no:duplicate_of_stvar	1	.	.	.	0
truth_stvar	chr4	1433892	1433892	.	1	1	0	1|0	.	.	.	.	.	-	-	yes	ref	1	.	.	.	0
truth_smvar	chr4	1433892	1433892	.	1	1	0	1|0	.	.	.	.	.	-	-	no:duplicate_of_stvar	ref	1	.	.	.	0
truth_stvar	chr4	1433915	1433915	.	1	1	0	0|1	.	.	.	.	.	-	-	ref	yes	1	.	.	.	0
truth_smvar	chr4	1433915	1433915	.	1	1	0	0|1	.	.	.	.	.	-	-	ref	no:duplicate_of_stvar	1	.	.	.	0
truth_stvar	chr4	1433921	1433921	.	1	1	0	1|0	.	.	.	.	.	-	-	yes	ref	1	.	.	.	0
truth_smvar	chr4	1433921	1433921	.	1	1	0	1|0	.	.	.	.	.	-	-	no:duplicate_of_stvar	ref	1	.	.	.	0
truth_stvar	chr4	1433930	1433930	.	1	1	0	0|1	.	.	.	.	.	-	-	ref	yes	1	.	.	.	0
truth_smvar	chr4	1433930	1433930	.	1	1	0	0|1	.	.	.	.	.	-	-	ref	no:duplicate_of_stvar	1	.	.	.	0
truth_stvar	chr4	1433967	1433967	.	1	1	0	0|1	.	.	.	.	.	-	-	ref	yes	1	.	.	.	0
truth_smvar	chr4	1433967	1433967	.	1	1	0	0|1	.	.	.	.	.	-	-	ref	no:duplicate_of_stvar	1	.	.	.	0
truth_stvar	chr4	1433978	1433978	.	1	1	0	0|1	.	.	.	.	.	-	-	ref	yes	1	.	.	.	0
truth_smvar	chr4	1433978	1433978	.	1	1	0	0|1	.	.	.	.	.	-	-	ref	no:duplicate_of_stvar	1	.	.	.	0
truth_stvar	chr4	1433985	1434445	.	461	1	460	0|1	.	.	.	.	.	FN	FN	ref	yes	1	DEL	46	.	0
truth_smvar	chr4	1433985	1434445	.	461	1	460	0|1	.	.	.	.	.	-	-	ref	no:duplicate_of_stvar	1	.	46	.	0
truth_stvar	chr4	1434007	1434007	.	1	1	0	0|1	.	.	.	.	.	-	-	ref	no:star_allele	1	.	.	.	0
truth_stvar	chr4	1434007	1434007	.	1	47	46	1|0	.	.	.	.	.	-	-	yes	ref	1	INS	46	.	0
truth_smvar	chr4	1434007	1434007	.	1	47,1	46	1|2	.	.	.	.	.	-	-	no:duplicate_of_stvar	no:star_allele	1	.	46	.	0
truth_stvar	chr4	1434013	1434013	.	1	1	0	0|1	.	.	.	.	.	-	-	ref	no:star_allele	1	.	.	.	0
truth_stvar	chr4	1434013	1434013	.	1	1	0	1|0	.	.	.	.	.	-	-	yes	ref	1	.	.	.	0
truth_smvar	chr4	1434013	1434013	.	1	1,1	0	1|2	.	.	.	.	.	-	-	no:duplicate_of_stvar	no:star_allele	1	.	.	.	0
truth_stvar	chr4	1434075	1434075	.	1	1	0	0|1	.	.	.	.	.	-	-	ref	no:star_allele	1	.	.	.	0
truth_stvar	chr4	1434075	1434075	.	1	1	0	1|0	.	.	.	.	.	-	-	yes	ref	1	.	.	.	0
truth_smvar	chr4	1434075	1434075	.	1	1,1	0	1|2	.	.	.	.	.	-	-	no:duplicate_of_stvar	no:star_allele	1	.	.	.	0
truth_stvar	chr4	1434090	1434090	.	1	1	0	0|1	.	.	.	.	.	-	-	ref	no:star_allele	1	.	.	.	0
truth_stvar	chr4	1434090	1434090	.	1	1	0	1|0	.	.	.	.	.	-	-	yes	ref	1	.	.	.	0
truth_smvar	chr4	1434090	1434090	.	1	1,1	0	1|2	.	.	.	.	.	-	-	no:duplicate_of_stvar	no:star_allele	1	.	.	.	0
truth_stvar	chr4	1434105	1434105	.	1	1	0	0|1	.	.	.	.	.	-	-	ref	no:star_allele	1	.	.	.	0
truth_stvar	chr4	1434105	1434105	.	1	1	0	1|0	.	.	.	.	.	-	-	yes	ref	1	.	.	.	0
truth_smvar	chr4	1434105	1434105	.	1	1,1	0	1|2	.	.	.	.	.	-	-	no:duplicate_of_stvar	no:star_allele	1	.	.	.	0
truth_stvar	chr4	1434136	1434136	.	1	1	0	0|1	.	.	.	.	.	-	-	ref	no:star_allele	1	.	.	.	0
truth_stvar	chr4	1434136	1434136	.	1	93	92	1|0	.	.	.	.	.	FN	FN	yes	ref	1	INS	46	.	0
truth_smvar	chr4	1434136	1434136	.	1	93,1	92	1|2	.	.	.	.	.	-	-	no:duplicate_of_stvar	no:star_allele	1	.	46	.	0
truth_stvar	chr4	1434188	1434188	.	1	1	0	0|1	.	.	.	.	.	-	-	ref	no:star_allele	1	.	.	.	0
truth_stvar	chr4	1434188	1434188	.	1	1	0	1|0	.	.	.	.	.	-	-	yes	ref	1	.	.	.	0
truth_smvar	chr4	1434188	1434188	.	1	1,1	0	1|2	.	.	.	.	.	-	-	no:duplicate_of_stvar	no:star_allele	1	.	.	.	0
truth_stvar	chr4	1434231	1434231	.	1	1	0	0|1	.	.	.	.	.	-	-	ref	no:star_allele	1	.	.	.	0
truth_stvar	chr4	1434231	1434231	.	1	1	0	1|0	.	.	.	.	.	-	-	yes	ref	1	.	.	.	0
truth_smvar	chr4	1434231	1434231	.	1	1,1	0	1|2	.	.	.	.	.	-	-	no:duplicate_of_stvar	no:star_allele	1	.	.	.	0
truth_stvar	chr4	1434243	1434243	.	1	1	0	0|1	.	.	.	.	.	-	-	ref	no:star_allele	1	.	.	.	0
truth_stvar	chr4	1434243	1434243	.	1	1	0	1|0	.	.	.	.	.	-	-	yes	ref	1	.	.	.	0
truth_smvar	chr4	1434243	1434243	.	1	1,1	0	1|2	.	.	.	.	.	-	-	no:duplicate_of_stvar	no:star_allele	1	.	.	.	0
truth_stvar	chr4	1434259	1434259	.	1	1	0	0|1	.	.	.	.	.	-	-	ref	no:star_allele	1	.	.	.	0
truth_stvar	chr4	1434259	1434259	.	1	1	0	1|0	.	.	.	.	.	-	-	yes	ref	1	.	.	.	0
truth_smvar	chr4	1434259	1434259	.	1	1,1	0	1|2	.	.	.	.	.	-	-	no:duplicate_of_stvar	no:star_allele	1	.	.	.	0
truth_stvar	chr4	1434274	1434274	.	1	1	0	0|1	.	.	.	.	.	-	-	ref	no:star_allele	1	.	.	.	0
truth_stvar	chr4	1434274	1434274	.	1	1	0	1|0	.	.	.	.	.	-	-	yes	ref	1	.	.	.	0
truth_smvar	chr4	1434274	1434274	.	1	1,1	0	1|2	.	.	.	.	.	-	-	no:duplicate_of_stvar	no:star_allele	1	.	.	.	0
truth_stvar	chr4	1434335	1434335	.	1	1	0	0|1	.	.	.	.	.	-	-	ref	no:star_allele	1	.	.	.	0
truth_stvar	chr4	1434335	1434335	.	1	1	0	1|0	.	.	.	.	.	-	-	yes	ref	1	.	.	.	0
truth_smvar	chr4	1434335	1434335	.	1	1,1	0	1|2	.	.	.	.	.	-	-	no:duplicate_of_stvar	no:star_allele	1	.	.	.	0
truth_stvar	chr4	1434383	1434383	.	1	1	0	0|1	.	.	.	.	.	-	-	ref	no:star_allele	1	.	.	.	0
truth_stvar	chr4	1434383	1434383	.	1	1	0	1|0	.	.	.	.	.	-	-	yes	ref	1	.	.	.	0
truth_smvar	chr4	1434383	1434383	.	1	1,1	0	1|2	.	.	.	.	.	-	-	no:duplicate_of_stvar	no:star_allele	1	.	.	.	0
truth_stvar	chr4	1434412	1434412	.	1	1	0	0|1	.	.	.	.	.	-	-	ref	no:star_allele	1	.	.	.	0
truth_stvar	chr4	1434412	1434412	.	1	1	0	1|0	.	.	.	.	.	-	-	yes	ref	1	.	.	.	0
truth_smvar	chr4	1434412	1434412	.	1	1,1	0	1|2	.	.	.	.	.	-	-	no:duplicate_of_stvar	no:star_allele	1	.	.	.	0
truth_stvar	chr4	1434445	1434445	.	1	1	0	0|1	.	.	.	.	.	-	-	ref	no:star_allele	1	.	.	.	0
truth_stvar	chr4	1434445	1434445	.	1	1	0	1|0	.	.	.	.	.	-	-	yes	ref	1	.	.	.	0
truth_smvar	chr4	1434445	1434445	.	1	1,1	0	1|2	.	.	.	.	.	-	-	no:duplicate_of_stvar	no:star_allele	1	.	.	.	0
truth_stvar	chr4	1434469	1434469	.	1	1	0	1|0	.	.	.	.	.	-	-	yes	ref	1	.	.	.	0
truth_smvar	chr4	1434469	1434469	.	1	1	0	1|0	.	.	.	.	.	-	-	no:duplicate_of_stvar	ref	1	.	.	.	0
truth_stvar	chr4	1434471	1434471	.	1	1	0	0|1	.	.	.	.	.	-	-	ref	yes	1	.	.	.	0
truth_smvar	chr4	1434471	1434471	.	1	1	0	0|1	.	.	.	.	.	-	-	ref	no:duplicate_of_stvar	1	.	.	.	0
truth_stvar	chr4	1434477	1434477	.	1	1	0	0|1	.	.	.	.	.	-	-	ref	yes	1	.	.	.	0
truth_smvar	chr4	1434477	1434477	.	1	1	0	0|1	.	.	.	.	.	-	-	ref	no:duplicate_of_stvar	1	.	.	.	0
truth_stvar	chr4	1434489	1434489	.	1	1	0	1|0	.	.	.	.	.	-	-	yes	ref	1	.	.	.	0
truth_smvar	chr4	1434489	1434489	.	1	1	0	1|0	.	.	.	.	.	-	-	no:duplicate_of_stvar	ref	1	.	.	.	0
truth_stvar	chr4	1434491	1434491	.	1	1	0	0|1	.	.	.	.	.	-	-	ref	yes	1	.	.	.	0
truth_smvar	chr4	1434491	1434491	.	1	1	0	0|1	.	.	.	.	.	-	-	ref	no:duplicate_of_stvar	1	.	.	.	0
truth_stvar	chr4	1434520	1434520	.	1	1	0	1|1	.	.	.	.	.	-	-	yes	yes	1	.	.	.	0
truth_smvar	chr4	1434520	1434520	.	1	1	0	1|1	.	.	.	.	.	-	-	no:duplicate_of_stvar	no:duplicate_of_stvar	1	.	.	.	0
truth_stvar	chr4	1434528	1434528	.	1	1	0	0|1	.	.	.	.	.	-	-	ref	yes	1	.	.	.	0
truth_smvar	chr4	1434528	1434528	.	1	1	0	0|1	.	.	.	.	.	-	-	ref	no:duplicate_of_stvar	1	.	.	.	0
truth_stvar	chr4	1434538	1434538	.	1	1	0	1|0	.	.	.	.	.	-	-	yes	ref	1	.	.	.	0
truth_smvar	chr4	1434538	1434538	.	1	1	0	1|0	.	.	.	.	.	-	-	no:duplicate_of_stvar	ref	1	.	.	.	0
truth_stvar	chr4	1434559	1434559	.	1	1	0	1|0	.	.	.	.	.	-	-	yes	ref	1	.	.	.	0
truth_smvar	chr4	1434559	1434559	.	1	1	0	1|0	.	.	.	.	.	-	-	no:duplicate_of_stvar	ref	1	.	.	.	0
truth_stvar	chr4	1434626	1434626	.	1	1	0	0|1	.	.	.	.	.	-	-	ref	yes	1	.	.	.	0
truth_smvar	chr4	1434626	1434626	.	1	1	0	0|1	.	.	.	.	.	-	-	ref	no:duplicate_of_stvar	1	.	.	.	0
truth_stvar	chr4	1434646	1434646	.	1	1	0	1|0	.	.	.	.	.	-	-	yes	ref	1	.	.	.	0
truth_smvar	chr4	1434646	1434646	.	1	1	0	1|0	.	.	.	.	.	-	-	no:duplicate_of_stvar	ref	1	.	.	.	0
truth_stvar	chr4	1434657	1434657	.	1	1	0	1|1	.	.	.	.	.	-	-	yes	yes	1	.	.	.	0
truth_smvar	chr4	1434657	1434657	.	1	1	0	1|1	.	.	.	.	.	-	-	no:duplicate_of_stvar	no:duplicate_of_stvar	1	.	.	.	0
truth_stvar	chr4	1434703	1434794	.	92	1	91	0|1	.	.	.	.	.	FN	FN	ref	yes	1	DEL	46	.	0
truth_smvar	chr4	1434703	1434794	.	92	1	91	0|1	.	.	.	.	.	-	-	ref	no:duplicate_of_stvar	1	.	46	.	0
truth_stvar	chr4	1434764	1434764	.	1	1	0	0|1	.	.	.	.	.	-	-	ref	no:star_allele	1	.	.	.	0
truth_stvar	chr4	1434764	1434764	.	1	1	0	1|0	.	.	.	.	.	-	-	yes	ref	1	.	.	.	0
truth_smvar	chr4	1434764	1434764	.	1	1,1	0	1|2	.	.	.	.	.	-	-	no:duplicate_of_stvar	no:star_allele	1	.	.	.	0
truth_stvar	chr4	1434794	1434794	.	1	1	0	0|1	.	.	.	.	.	-	-	ref	no:star_allele	1	.	.	.	0
truth_stvar	chr4	1434794	1434794	.	1	1	0	1|0	.	.	.	.	.	-	-	yes	ref	1	.	.	.	0
truth_smvar	chr4	1434794	1434794	.	1	1,1	0	1|2	.	.	.	.	.	-	-	no:duplicate_of_stvar	no:star_allele	1	.	.	.	0
truth_stvar	chr4	1434840	1434840	.	1	1	0	1|1	.	.	.	.	.	-	-	yes	yes	1	.	.	.	0
truth_smvar	chr4	1434840	1434840	.	1	1	0	1|1	.	.	.	.	.	-	-	no:duplicate_of_stvar	no:duplicate_of_stvar	1	.	.	.	0
truth_stvar	chr4	1434849	1434849	.	1	1	0	0|1	.	.	.	.	.	-	-	ref	yes	1	.	.	.	0
truth_smvar	chr4	1434849	1434849	.	1	1	0	0|1	.	.	.	.	.	-	-	ref	no:duplicate_of_stvar	1	.	.	.	0
truth_stvar	chr4	1434886	1434886	.	1	1	0	1|1	.	.	.	.	.	-	-	yes	yes	1	.	.	.	0
truth_smvar	chr4	1434886	1434886	.	1	1	0	1|1	.	.	.	.	.	-	-	no:duplicate_of_stvar	no:duplicate_of_stvar	1	.	.	.	0
truth_stvar	chr4	1434895	1434895	.	1	1	0	1|0	.	.	.	.	.	-	-	yes	ref	1	.	.	.	0
truth_smvar	chr4	1434895	1434895	.	1	1	0	1|0	.	.	.	.	.	-	-	no:duplicate_of_stvar	ref	1	.	.	.	0
truth_stvar	chr4	1434901	1434901	.	1	1	0	0|1	.	.	.	.	.	-	-	ref	yes	1	.	.	.	0
truth_smvar	chr4	1434901	1434901	.	1	1	0	0|1	.	.	.	.	.	-	-	ref	no:duplicate_of_stvar	1	.	.	.	0
truth_stvar	chr4	1434917	1434917	.	1	47	46	1|0	.	.	.	.	.	-	-	yes	ref	1	INS	46	.	0
truth_smvar	chr4	1434917	1434917	.	1	47	46	1|0	.	.	.	.	.	-	-	no:duplicate_of_stvar	ref	1	.	46	.	0
truth_stvar	chr4	1434927	1434927	.	1	1	0	1|0	.	.	.	.	.	-	-	yes	ref	1	.	.	.	0
truth_smvar	chr4	1434927	1434927	.	1	1	0	1|0	.	.	.	.	.	-	-	no:duplicate_of_stvar	ref	1	.	.	.	0
truth_stvar	chr4	1435024	1435162	.	139	1	138	0|1	.	.	.	.	.	FN	FN	ref	yes	1	DEL	46	.	0
truth_smvar	chr4	1435024	1435162	.	139	1	138	0|1	.	.	.	.	.	-	-	ref	no:duplicate_of_stvar	1	.	46	.	0
truth_stvar	chr4	1435041	1435041	.	1	1	0	0|1	.	.	.	.	.	-	-	ref	no:star_allele	1	.	.	.	0
truth_stvar	chr4	1435041	1435041	.	1	1	0	1|0	.	.	.	.	.	-	-	yes	ref	1	.	.	.	0
truth_smvar	chr4	1435041	1435041	.	1	1,1	0	1|2	.	.	.	.	.	-	-	no:duplicate_of_stvar	no:star_allele	1	.	.	.	0
truth_stvar	chr4	1435070	1435070	.	1	1	0	0|1	.	.	.	.	.	-	-	ref	no:star_allele	1	.	.	.	0
truth_stvar	chr4	1435070	1435070	.	1	1	0	1|0	.	.	.	.	.	-	-	yes	ref	1	.	.	.	0
truth_smvar	chr4	1435070	1435070	.	1	1,1	0	1|2	.	.	.	.	.	-	-	no:duplicate_of_stvar	no:star_allele	1	.	.	.	0
truth_stvar	chr4	1435079	1435079	.	1	1	0	0|1	.	.	.	.	.	-	-	ref	no:star_allele	1	.	.	.	0
truth_stvar	chr4	1435079	1435079	.	1	1	0	1|0	.	.	.	.	.	-	-	yes	ref	1	.	.	.	0
truth_smvar	chr4	1435079	1435079	.	1	1,1	0	1|2	.	.	.	.	.	-	-	no:duplicate_of_stvar	no:star_allele	1	.	.	.	0
truth_stvar	chr4	1435085	1435085	.	1	1	0	0|1	.	.	.	.	.	-	-	ref	no:star_allele	1	.	.	.	0
truth_stvar	chr4	1435085	1435085	.	1	1	0	1|0	.	.	.	.	.	-	-	yes	ref	1	.	.	.	0
truth_smvar	chr4	1435085	1435085	.	1	1,1	0	1|2	.	.	.	.	.	-	-	no:duplicate_of_stvar	no:star_allele	1	.	.	.	0
truth_stvar	chr4	1435116	1435116	.	1	1	0	0|1	.	.	.	.	.	-	-	ref	no:star_allele	1	.	.	.	0
truth_stvar	chr4	1435116	1435116	.	1	1	0	1|0	.	.	.	.	.	-	-	yes	ref	1	.	.	.	0
truth_smvar	chr4	1435116	1435116	.	1	1,1	0	1|2	.	.	.	.	.	-	-	no:duplicate_of_stvar	no:star_allele	1	.	.	.	0
truth_stvar	chr4	1435162	1435162	.	1	1	0	0|1	.	.	.	.	.	-	-	ref	no:star_allele	1	.	.	.	0
truth_stvar	chr4	1435162	1435162	.	1	1	0	1|0	.	.	.	.	.	-	-	yes	ref	1	.	.	.	0
truth_smvar	chr4	1435162	1435162	.	1	1,1	0	1|2	.	.	.	.	.	-	-	no:duplicate_of_stvar	no:star_allele	1	.	.	.	0
truth_stvar	chr4	1435171	1435171	.	1	1	0	1|0	.	.	.	.	.	-	-	yes	ref	1	.	.	.	0
truth_stvar	chr4	1435171	1435171	.	1	1	0	0|1	.	.	.	.	.	-	-	ref	yes	1	.	.	.	0
truth_smvar	chr4	1435171	1435171	.	1	1,1	0	1|2	.	.	.	.	.	-	-	no:duplicate_of_stvar	no:duplicate_of_stvar	1	.	.	.	0
truth_stvar	chr4	1435178	1435178	.	1	1	0	1|1	.	.	.	.	.	-	-	yes	yes	1	.	.	.	0
truth_smvar	chr4	1435178	1435178	.	1	1	0	1|1	.	.	.	.	.	-	-	no:duplicate_of_stvar	no:duplicate_of_stvar	1	.	.	.	0
truth_stvar	chr4	1435192	1435192	.	1	1	0	1|0	.	.	.	.	.	-	-	yes	ref	1	.	.	.	0
truth_smvar	chr4	1435192	1435192	.	1	1	0	1|0	.	.	.	.	.	-	-	no:duplicate_of_stvar	ref	1	.	.	.	0
truth_stvar	chr4	1435193	1435193	.	1	1	0	1|1	.	.	.	.	.	-	-	yes	yes	1	.	.	.	0
truth_smvar	chr4	1435193	1435193	.	1	1	0	1|1	.	.	.	.	.	-	-	no:duplicate_of_stvar	no:duplicate_of_stvar	1	.	.	.	0
truth_stvar	chr4	1435202	1435202	.	1	1	0	0|1	.	.	.	.	.	-	-	ref	yes	1	.	.	.	0
truth_smvar	chr4	1435202	1435202	.	1	1	0	0|1	.	.	.	.	.	-	-	ref	no:duplicate_of_stvar	1	.	.	.	0
truth_stvar	chr4	1435208	1435208	.	1	1	0	1|1	.	.	.	.	.	-	-	yes	yes	1	.	.	.	0
truth_smvar	chr4	1435208	1435208	.	1	1	0	1|1	.	.	.	.	.	-	-	no:duplicate_of_stvar	no:duplicate_of_stvar	1	.	.	.	0
truth_stvar	chr4	1435263	1435263	.	1	1	0	1|0	.	.	.	.	.	-	-	yes	ref	1	.	.	.	0
truth_smvar	chr4	1435263	1435263	.	1	1	0	1|0	.	.	.	.	.	-	-	no:duplicate_of_stvar	ref	1	.	.	.	0
truth_stvar	chr4	1435285	1435285	.	1	1	0	0|1	.	.	.	.	.	-	-	ref	yes	1	.	.	.	0
truth_smvar	chr4	1435285	1435285	.	1	1	0	0|1	.	.	.	.	.	-	-	ref	no:duplicate_of_stvar	1	.	.	.	0
truth_stvar	chr4	1435294	1435294	.	1	1	0	1|0	.	.	.	.	.	-	-	yes	ref	1	.	.	.	0
truth_smvar	chr4	1435294	1435294	.	1	1	0	1|0	.	.	.	.	.	-	-	no:duplicate_of_stvar	ref	1	.	.	.	0
truth_stvar	chr4	1435300	1435300	.	1	1	0	1|1	.	.	.	.	.	-	-	yes	yes	1	.	.	.	0
truth_smvar	chr4	1435300	1435300	.	1	1	0	1|1	.	.	.	.	.	-	-	no:duplicate_of_stvar	no:duplicate_of_stvar	1	.	.	.	0
truth_stvar	chr4	1435309	1435309	.	1	1	0	1|0	.	.	.	.	.	-	-	yes	ref	1	.	.	.	0
truth_smvar	chr4	1435309	1435309	.	1	1	0	1|0	.	.	.	.	.	-	-	no:duplicate_of_stvar	ref	1	.	.	.	0
truth_stvar	chr4	1435316	1435316	.	1	1	0	1|1	.	.	.	.	.	-	-	yes	yes	1	.	.	.	0
truth_smvar	chr4	1435316	1435316	.	1	1	0	1|1	.	.	.	.	.	-	-	no:duplicate_of_stvar	no:duplicate_of_stvar	1	.	.	.	0
truth_stvar	chr4	1435331	1435331	.	1	1	0	1|0	.	.	.	.	.	-	-	yes	ref	1	.	.	.	0
truth_smvar	chr4	1435331	1435331	.	1	1	0	1|0	.	.	.	.	.	-	-	no:duplicate_of_stvar	ref	1	.	.	.	0
truth_stvar	chr4	1435338	1435338	.	1	1	0	1|1	.	.	.	.	.	-	-	yes	yes	1	.	.	.	0
truth_smvar	chr4	1435338	1435338	.	1	1	0	1|1	.	.	.	.	.	-	-	no:duplicate_of_stvar	no:duplicate_of_stvar	1	.	.	.	0
truth_stvar	chr4	1435346	1435346	.	1	1	0	1|1	.	.	.	.	.	-	-	yes	yes	1	.	.	.	0
truth_smvar	chr4	1435346	1435346	.	1	1	0	1|1	.	.	.	.	.	-	-	no:duplicate_of_stvar	no:duplicate_of_stvar	1	.	.	.	0
truth_stvar	chr4	1435364	1435364	.	1	1	0	1|0	.	.	.	.	.	-	-	yes	ref	1	.	.	.	0
truth_smvar	chr4	1435364	1435364	.	1	1	0	1|0	.	.	.	.	.	-	-	no:duplicate_of_stvar	ref	1	.	.	.	0
truth_stvar	chr4	1435437	1435437	.	1	1	0	1|1	.	.	.	.	.	-	-	yes	yes	1	.	.	.	0
truth_smvar	chr4	1435437	1435437	.	1	1	0	1|1	.	.	.	.	.	-	-	no:duplicate_of_stvar	no:duplicate_of_stvar	1	.	.	.	0
truth_stvar	chr4	1435447	1435447	.	1	1	0	1|1	.	.	.	.	.	-	-	yes	yes	1	.	.	.	0
truth_smvar	chr4	1435447	1435447	.	1	1	0	1|1	.	.	.	.	.	-	-	no:duplicate_of_stvar	no:duplicate_of_stvar	1	.	.	.	0
truth_stvar	chr4	1435493	1435493	.	1	1	0	0|1	.	.	.	.	.	-	-	ref	yes	1	.	.	.	0
truth_smvar	chr4	1435493	1435493	.	1	1	0	0|1	.	.	.	.	.	-	-	ref	no:duplicate_of_stvar	1	.	.	.	0
truth_stvar	chr4	1435546	1435821	.	276	1	275	0|1	.	.	.	.	.	TP	FN	ref	yes	1	DEL	46	.	0
truth_smvar	chr4	1435546	1435821	.	276	1	275	0|1	.	.	.	.	.	-	-	ref	no:duplicate_of_stvar	1	.	46	.	0
truth_stvar	chr4	1435548	1435548	.	1	1	0	0|1	.	.	.	.	.	-	-	ref	no:star_allele	1	.	.	.	0
truth_stvar	chr4	1435548	1435548	.	1	1	0	1|0	.	.	.	.	.	-	-	yes	ref	1	.	.	.	0
truth_smvar	chr4	1435548	1435548	.	1	1,1	0	1|2	.	.	.	.	.	-	-	no:duplicate_of_stvar	no:star_allele	1	.	.	.	0
truth_stvar	chr4	1435576	1435576	.	1	1	0	0|1	.	.	.	.	.	-	-	ref	no:star_allele	1	.	.	.	0
truth_stvar	chr4	1435576	1435576	.	1	1	0	1|0	.	.	.	.	.	-	-	yes	ref	1	.	.	.	0
truth_smvar	chr4	1435576	1435576	.	1	1,1	0	1|2	.	.	.	.	.	-	-	no:duplicate_of_stvar	no:star_allele	1	.	.	.	0
vg	chr4	1435604	1435604	>148881283>148881401	1	170	169	1|0	1	32.8953	PASS	FP	-	.	.	.	.	.	.	.	49.17,49.10	0
vg	chr4	1435606	1435606	>148881402>148881406	1	5	4	1|1	1	23.7724	PASS	-	-	.	.	.	.	.	.	.	.	0
truth_stvar	chr4	1435611	1435611	.	1	1	0	0|1	.	.	.	.	.	-	-	ref	no:star_allele	1	.	.	.	0
truth_stvar	chr4	1435611	1435611	.	1	2	1	1|0	.	.	.	.	.	-	-	yes	ref	1	.	.	.	0
truth_smvar	chr4	1435611	1435611	.	1	2,1	1	1|2	.	.	.	.	.	-	-	no:duplicate_of_stvar	no:star_allele	1	.	.	.	0
vg	chr4	1435615	1435615	>148881415>148881421	1	2	1	1|2	1	22.0042	PASS	-	-	.	.	.	.	.	.	.	.	0
vg	chr4	1435615	1435615	>148881415>148881421	1	3	2	1|2	1	22.0042	PASS	-	-	.	.	.	.	.	.	.	.	0
vg	chr4	1435621	1435621	>148881421>148881425	1	1	0	0|1	1	1.61045	PASS	-	-	.	.	.	.	.	.	.	.	0
vg	chr4	1435652	1435652	>148881443>148881446	1	1	0	1|1	1	22.3378	PASS	-	-	.	.	.	.	.	.	.	.	0
vg	chr4	1435667	1435667	>148881459>148881464	1	1	0	1|0	1	18.5675	PASS	-	-	.	.	.	.	.	.	.	.	0
vg	chr4	1435670	1435670	>148881467>148881520	1	47	46	1|0	1	21.2359	PASS	-	-	.	.	.	.	.	.	.	.	0
vg	chr4	1435698	1435698	>148881535>148881538	1	1	0	1|0	1	3.91173	PASS	-	-	.	.	.	.	.	.	.	.	0
vg	chr4	1435705	1435705	>148881544>148881567	1	47	46	1|0	1	6.52386	PASS	-	-	.	.	.	.	.	.	.	.	0
truth_stvar	chr4	1435713	1435713	.	1	1	0	0|1	.	.	.	.	.	-	-	ref	no:star_allele	1	.	.	.	0
truth_stvar	chr4	1435713	1435713	.	1	1	0	1|0	.	.	.	.	.	-	-	yes	ref	1	.	.	.	0
truth_smvar	chr4	1435713	1435713	.	1	1,1	0	1|2	.	.	.	.	.	-	-	no:duplicate_of_stvar	no:star_allele	1	.	.	.	0
vg	chr4	1435713	1435713	>148881568>148881688	1	139	138	2|1	1	17.9917	PASS	FP	-	.	.	.	.	.	.	.	49.16,49.11	0
vg	chr4	1435713	1435713	>148881568>148881688	1	139	138	2|1	1	17.9917	PASS	FP	-	.	.	.	.	.	.	.	49.16,49.12	0
vg	chr4	1435738	1435738	>148881704>148881707	1	1	0	1|0	1	2.80063	PASS	-	-	.	.	.	.	.	.	.	.	0
truth_stvar	chr4	1435750	1435750	.	1	1	0	0|1	.	.	.	.	.	-	-	ref	no:star_allele	1	.	.	.	0
truth_stvar	chr4	1435750	1435750	.	1	1	0	1|0	.	.	.	.	.	-	-	yes	ref	1	.	.	.	0
truth_smvar	chr4	1435750	1435750	.	1	1,1	0	1|2	.	.	.	.	.	-	-	no:duplicate_of_stvar	no:star_allele	1	.	.	.	0
vg	chr4	1435750	1435750	>148881718>148881721	1	1	0	1|1	1	8.62138	PASS	-	-	.	.	.	.	.	.	.	.	0
truth_stvar	chr4	1435759	1435759	.	1	1	0	0|1	.	.	.	.	.	-	-	ref	no:star_allele	1	.	.	.	0
truth_stvar	chr4	1435759	1435759	.	1	1	0	1|0	.	.	.	.	.	-	-	yes	ref	1	.	.	.	0
truth_smvar	chr4	1435759	1435759	.	1	1,1	0	1|2	.	.	.	.	.	-	-	no:duplicate_of_stvar	no:star_allele	1	.	.	.	0
vg	chr4	1435759	1435759	>148881724>148881728	1	1	0	1|0	1	7.41307	PASS	-	-	.	.	.	.	.	.	.	.	0
vg	chr4	1435768	1435768	>148881731>148881735	1	1	0	1|0	1	4.2485	PASS	-	-	.	.	.	.	.	.	.	.	0
truth_stvar	chr4	1435805	1435805	.	1	1	0	0|1	.	.	.	.	.	-	-	ref	no:star_allele	1	.	.	.	0
truth_stvar	chr4	1435805	1435805	.	1	1	0	1|0	.	.	.	.	.	-	-	yes	ref	1	.	.	.	0
truth_smvar	chr4	1435805	1435805	.	1	1,1	0	1|2	.	.	.	.	.	-	-	no:duplicate_of_stvar	no:star_allele	1	.	.	.	0
vg	chr4	1435805	1435805	>148881765>148881768	1	1	0	1|0	1	6.51812	PASS	-	-	.	.	.	.	.	.	.	.	0
truth_stvar	chr4	1435812	1435812	.	1	1	0	0|1	.	.	.	.	.	-	-	ref	no:star_allele	1	.	.	.	0
truth_stvar	chr4	1435812	1435812	.	1	1	0	1|0	.	.	.	.	.	-	-	yes	ref	1	.	.	.	0
truth_smvar	chr4	1435812	1435812	.	1	1,1	0	1|2	.	.	.	.	.	-	-	no:duplicate_of_stvar	no:star_allele	1	.	.	.	0
vg	chr4	1435812	1435812	>148881772>148881775	1	1	0	1|1	1	6.79823	PASS	-	-	.	.	.	.	.	.	.	.	0
truth_stvar	chr4	1435814	1435814	.	1	1	0	0|1	.	.	.	.	.	-	-	ref	no:star_allele	1	.	.	.	0
truth_stvar	chr4	1435814	1435814	.	1	1	0	1|0	.	.	.	.	.	-	-	yes	ref	1	.	.	.	0
truth_smvar	chr4	1435814	1435814	.	1	1,1	0	1|2	.	.	.	.	.	-	-	no:duplicate_of_stvar	no:star_allele	1	.	.	.	0
truth_stvar	chr4	1435821	1435821	.	1	1	0	0|1	.	.	.	.	.	-	-	ref	no:star_allele	1	.	.	.	0
truth_stvar	chr4	1435821	1435821	.	1	1	0	1|0	.	.	.	.	.	-	-	yes	ref	1	.	.	.	0
truth_smvar	chr4	1435821	1435821	.	1	1,1	0	1|2	.	.	.	.	.	-	-	no:duplicate_of_stvar	no:star_allele	1	.	.	.	0
vg	chr4	1435821	1435821	>148881779>148881783	1	1	0	1|1	1	8.94804	PASS	-	-	.	.	.	.	.	.	.	.	0
truth_stvar	chr4	1435836	1435836	.	1	1	0	1|0	.	.	.	.	.	-	-	yes	ref	1	.	.	.	0
truth_smvar	chr4	1435836	1435836	.	1	1	0	1|0	.	.	.	.	.	-	-	no:duplicate_of_stvar	ref	1	.	.	.	0
vg	chr4	1435836	1435836	>148881789>148881792	1	1	0	1|1	1	4.72727	PASS	-	-	.	.	.	.	.	.	.	.	0
truth_stvar	chr4	1435851	1435851	.	1	1	0	1|1	.	.	.	.	.	-	-	yes	yes	1	.	.	.	0
truth_smvar	chr4	1435851	1435851	.	1	1	0	1|1	.	.	.	.	.	-	-	no:duplicate_of_stvar	no:duplicate_of_stvar	1	.	.	.	0
vg	chr4	1435851	1435851	>148881801>148881804	1	1	0	1|0	1	8.37983	PASS	-	-	.	.	.	.	.	.	.	.	0
vg	chr4	1435906	1435906	>148881838>148881841	1	1	0	1|0	1	5.09545	PASS	-	-	.	.	.	.	.	.	.	.	0
vg	chr4	1435928	1435928	>148881850>148881854	1	1	0	1|0	1	2.67647	PASS	-	-	.	.	.	.	.	.	.	.	0
truth_stvar	chr4	1435929	1435929	.	1	1	0	1|0	.	.	.	.	.	-	-	yes	ref	1	.	.	.	0
truth_smvar	chr4	1435929	1435929	.	1	1	0	1|0	.	.	.	.	.	-	-	no:duplicate_of_stvar	ref	1	.	.	.	0
vg	chr4	1435943	1435943	>148881860>148881864	1	1	0	1|0	1	2.94149	PASS	-	-	.	.	.	.	.	.	.	.	0
vg	chr4	1435962	1435962	>148882671>148883220	1	461	460	1|0	1	14.9026	PASS	FP	-	.	.	.	.	.	.	.	49.18,49.13	0
truth_stvar	chr4	1435998	1436366	.	369	1	368	0|1	.	.	.	.	.	TP	FN	ref	yes	1	DEL	46	.	0
truth_smvar	chr4	1435998	1436366	.	369	1	368	0|1	.	.	.	.	.	-	-	ref	no:duplicate_of_stvar	1	.	46	.	0
truth_stvar	chr4	1436035	1436035	.	1	1	0	0|1	.	.	.	.	.	-	-	ref	no:star_allele	1	.	.	.	0
truth_stvar	chr4	1436035	1436035	.	1	1	0	1|0	.	.	.	.	.	-	-	yes	ref	1	.	.	.	0
truth_smvar	chr4	1436035	1436035	.	1	1,1	0	1|2	.	.	.	.	.	-	-	no:duplicate_of_stvar	no:star_allele	1	.	.	.	0
vg	chr4	1436035	1436035	>148883293>148883297	1	1	0	1|1	1	8.60448	PASS	-	-	.	.	.	.	.	.	.	.	0
truth_stvar	chr4	1436044	1436044	.	1	1	0	0|1	.	.	.	.	.	-	-	ref	no:star_allele	1	.	.	.	0
truth_stvar	chr4	1436044	1436044	.	1	1	0	1|0	.	.	.	.	.	-	-	yes	ref	1	.	.	.	0
truth_smvar	chr4	1436044	1436044	.	1	1,1	0	1|2	.	.	.	.	.	-	-	no:duplicate_of_stvar	no:star_allele	1	.	.	.	0
vg	chr4	1436060	1436336	>148883322>148883676	277	1	-276	1|1	1	10.4259	PASS	TP	-	.	.	.	.	.	.	.	49.18,49.14	0
truth_stvar	chr4	1436063	1436063	.	1	1	0	0|1	.	.	.	.	.	-	-	ref	no:star_allele	1	.	.	.	0
truth_stvar	chr4	1436063	1436063	.	1	1	0	1|0	.	.	.	.	.	-	-	yes	ref	1	.	.	.	0
truth_smvar	chr4	1436063	1436063	.	1	1,1	0	1|2	.	.	.	.	.	-	-	no:duplicate_of_stvar	no:star_allele	1	.	.	.	0
truth_stvar	chr4	1436127	1436127	.	1	1	0	0|1	.	.	.	.	.	-	-	ref	no:star_allele	1	.	.	.	0
truth_stvar	chr4	1436127	1436127	.	1	1	0	1|0	.	.	.	.	.	-	-	yes	ref	1	.	.	.	0
truth_smvar	chr4	1436127	1436127	.	1	1,1	0	1|2	.	.	.	.	.	-	-	no:duplicate_of_stvar	no:star_allele	1	.	.	.	0
truth_stvar	chr4	1436136	1436136	.	1	1	0	0|1	.	.	.	.	.	-	-	ref	no:star_allele	1	.	.	.	0
truth_stvar	chr4	1436136	1436136	.	1	1	0	1|0	.	.	.	.	.	-	-	yes	ref	1	.	.	.	0
truth_smvar	chr4	1436136	1436136	.	1	1,1	0	1|2	.	.	.	.	.	-	-	no:duplicate_of_stvar	no:star_allele	1	.	.	.	0
truth_stvar	chr4	1436143	1436143	.	1	1	0	0|1	.	.	.	.	.	-	-	ref	no:star_allele	1	.	.	.	0
truth_stvar	chr4	1436143	1436143	.	1	1	0	1|0	.	.	.	.	.	-	-	yes	ref	1	.	.	.	0
truth_smvar	chr4	1436143	1436143	.	1	1,1	0	1|2	.	.	.	.	.	-	-	no:duplicate_of_stvar	no:star_allele	1	.	.	.	0
truth_stvar	chr4	1436158	1436158	.	1	1	0	0|1	.	.	.	.	.	-	-	ref	no:star_allele	1	.	.	.	0
truth_stvar	chr4	1436158	1436158	.	1	1	0	1|0	.	.	.	.	.	-	-	yes	ref	1	.	.	.	0
truth_smvar	chr4	1436158	1436158	.	1	1,1	0	1|2	.	.	.	.	.	-	-	no:duplicate_of_stvar	no:star_allele	1	.	.	.	0
truth_stvar	chr4	1436168	1436168	.	1	1	0	0|1	.	.	.	.	.	-	-	ref	no:star_allele	1	.	.	.	0
truth_stvar	chr4	1436168	1436168	.	1	1	0	1|0	.	.	.	.	.	-	-	yes	ref	1	.	.	.	0
truth_smvar	chr4	1436168	1436168	.	1	1,1	0	1|2	.	.	.	.	.	-	-	no:duplicate_of_stvar	no:star_allele	1	.	.	.	0
truth_stvar	chr4	1436173	1436173	.	1	1	0	0|1	.	.	.	.	.	-	-	ref	no:star_allele	1	.	.	.	0
truth_stvar	chr4	1436173	1436173	.	1	1	0	1|0	.	.	.	.	.	-	-	yes	ref	1	.	.	.	0
truth_smvar	chr4	1436173	1436173	.	1	1,1	0	1|2	.	.	.	.	.	-	-	no:duplicate_of_stvar	no:star_allele	1	.	.	.	0
truth_stvar	chr4	1436219	1436219	.	1	1	0	0|1	.	.	.	.	.	-	-	ref	no:star_allele	1	.	.	.	0
truth_stvar	chr4	1436219	1436219	.	1	1	0	1|0	.	.	.	.	.	-	-	yes	ref	1	.	.	.	0
truth_smvar	chr4	1436219	1436219	.	1	1,1	0	1|2	.	.	.	.	.	-	-	no:duplicate_of_stvar	no:star_allele	1	.	.	.	0
truth_stvar	chr4	1436228	1436228	.	1	1	0	0|1	.	.	.	.	.	-	-	ref	no:star_allele	1	.	.	.	0
truth_stvar	chr4	1436228	1436228	.	1	1	0	1|0	.	.	.	.	.	-	-	yes	ref	1	.	.	.	0
truth_smvar	chr4	1436228	1436228	.	1	1,1	0	1|2	.	.	.	.	.	-	-	no:duplicate_of_stvar	no:star_allele	1	.	.	.	0
truth_stvar	chr4	1436231	1436231	.	1	1	0	0|1	.	.	.	.	.	-	-	ref	no:star_allele	1	.	.	.	0
truth_stvar	chr4	1436231	1436231	.	1	1	0	1|0	.	.	.	.	.	-	-	yes	ref	1	.	.	.	0
truth_smvar	chr4	1436231	1436231	.	1	1,1	0	1|2	.	.	.	.	.	-	-	no:duplicate_of_stvar	no:star_allele	1	.	.	.	0
truth_stvar	chr4	1436256	1436256	.	1	1	0	0|1	.	.	.	.	.	-	-	ref	no:star_allele	1	.	.	.	0
truth_stvar	chr4	1436256	1436256	.	1	1	0	1|0	.	.	.	.	.	-	-	yes	ref	1	.	.	.	0
truth_smvar	chr4	1436256	1436256	.	1	1,1	0	1|2	.	.	.	.	.	-	-	no:duplicate_of_stvar	no:star_allele	1	.	.	.	0
truth_stvar	chr4	1436265	1436265	.	1	1	0	0|1	.	.	.	.	.	-	-	ref	no:star_allele	1	.	.	.	0
truth_stvar	chr4	1436265	1436265	.	1	1	0	1|0	.	.	.	.	.	-	-	yes	ref	1	.	.	.	0
truth_smvar	chr4	1436265	1436265	.	1	1,1	0	1|2	.	.	.	.	.	-	-	no:duplicate_of_stvar	no:star_allele	1	.	.	.	0
truth_stvar	chr4	1436282	1436282	.	1	1	0	0|1	.	.	.	.	.	-	-	ref	no:star_allele	1	.	.	.	0
truth_stvar	chr4	1436282	1436282	.	1	1	0	1|0	.	.	.	.	.	-	-	yes	ref	1	.	.	.	0
truth_smvar	chr4	1436282	1436282	.	1	1,1	0	1|2	.	.	.	.	.	-	-	no:duplicate_of_stvar	no:star_allele	1	.	.	.	0
truth_stvar	chr4	1436313	1436313	.	1	1	0	0|1	.	.	.	.	.	-	-	ref	no:star_allele	1	.	.	.	0
truth_stvar	chr4	1436313	1436313	.	1	1	0	1|0	.	.	.	.	.	-	-	yes	ref	1	.	.	.	0
truth_smvar	chr4	1436313	1436313	.	1	1,1	0	1|2	.	.	.	.	.	-	-	no:duplicate_of_stvar	no:star_allele	1	.	.	.	0
truth_stvar	chr4	1436358	1436358	.	1	1	0	0|1	.	.	.	.	.	-	-	ref	no:star_allele	1	.	.	.	0
truth_stvar	chr4	1436358	1436358	.	1	1	0	1|0	.	.	.	.	.	-	-	yes	ref	1	.	.	.	0
truth_smvar	chr4	1436358	1436358	.	1	1,1	0	1|2	.	.	.	.	.	-	-	no:duplicate_of_stvar	no:star_allele	1	.	.	.	0
vg	chr4	1436366	1436366	>148883707>148883711	1	1	0	1|1	1	6.12085	PASS	-	-	.	.	.	.	.	.	.	.	0
vg	chr4	1436368	1436368	>148883711>148883714	1	1	0	0|1	1	4.34919	PASS	-	-	.	.	.	.	.	.	.	.	0
truth_stvar	chr4	1436377	1436377	.	1	1	0	0|1	.	.	.	.	.	-	-	ref	yes	1	.	.	.	0
truth_smvar	chr4	1436377	1436377	.	1	1	0	0|1	.	.	.	.	.	-	-	ref	no:duplicate_of_stvar	1	.	.	.	0
truth_stvar	chr4	1436428	1436428	.	1	1	0	0|1	.	.	.	.	.	-	-	ref	yes	1	.	.	.	0
truth_smvar	chr4	1436428	1436428	.	1	1	0	0|1	.	.	.	.	.	-	-	ref	no:duplicate_of_stvar	1	.	.	.	0
truth_stvar	chr4	1436434	1436434	.	1	1	0	1|0	.	.	.	.	.	-	-	yes	ref	1	.	.	.	0
truth_smvar	chr4	1436434	1436434	.	1	1	0	1|0	.	.	.	.	.	-	-	no:duplicate_of_stvar	ref	1	.	.	.	0
vg	chr4	1436434	1436434	>148884095>148884098	1	1	0	0|1	1	3.36976	PASS	-	-	.	.	.	.	.	.	.	.	0
vg	chr4	1436449	1436449	>148884116>148884119	1	1	0	0|1	1	3.44002	PASS	-	-	.	.	.	.	.	.	.	.	0
truth_stvar	chr4	1436458	1436458	.	1	1	0	0|1	.	.	.	.	.	-	-	ref	yes	1	.	.	.	0
truth_smvar	chr4	1436458	1436458	.	1	1	0	0|1	.	.	.	.	.	-	-	ref	no:duplicate_of_stvar	1	.	.	.	0
truth_stvar	chr4	1436495	1436495	.	1	1	0	1|1	.	.	.	.	.	-	-	yes	yes	1	.	.	.	0
truth_smvar	chr4	1436495	1436495	.	1	1	0	1|1	.	.	.	.	.	-	-	no:duplicate_of_stvar	no:duplicate_of_stvar	1	.	.	.	0
vg	chr4	1436495	1436495	>148884160>148884164	1	1	0	1|1	1	6.83146	PASS	-	-	.	.	.	.	.	.	.	.	0
vg	chr4	1436498	1436498	>148884165>148884169	1	1	0	0|1	1	2.71862	PASS	-	-	.	.	.	.	.	.	.	.	0
vg	chr4	1436526	1436617	>148884195>148884260	92	1	-91	1|1	1	10.9692	PASS	FP	-	.	.	.	.	.	.	.	49.15,49.15	0
truth_stvar	chr4	1436530	1436530	.	1	2	1	1|1	.	.	.	.	.	-	-	yes	yes	1	.	.	.	0
truth_smvar	chr4	1436530	1436530	.	1	2	1	1|1	.	.	.	.	.	-	-	no:duplicate_of_stvar	no:duplicate_of_stvar	1	.	.	.	0
truth_stvar	chr4	1436542	1436542	.	1	1	0	1|0	.	.	.	.	.	-	-	yes	ref	1	.	.	.	0
truth_smvar	chr4	1436542	1436542	.	1	1	0	1|0	.	.	.	.	.	-	-	no:duplicate_of_stvar	ref	1	.	.	.	0
truth_stvar	chr4	1436595	1436595	.	1	1	0	0|1	.	.	.	.	.	-	-	ref	yes	1	.	.	.	0
truth_smvar	chr4	1436595	1436595	.	1	1	0	0|1	.	.	.	.	.	-	-	ref	no:duplicate_of_stvar	1	.	.	.	0
truth_stvar	chr4	1436600	1436600	.	1	1	0	1|0	.	.	.	.	.	-	-	yes	ref	1	.	.	.	0
truth_smvar	chr4	1436600	1436600	.	1	1	0	1|0	.	.	.	.	.	-	-	no:duplicate_of_stvar	ref	1	.	.	.	0
truth_stvar	chr4	1436617	1436617	.	1	1	0	1|0	.	.	.	.	.	-	-	yes	ref	1	.	.	.	0
truth_smvar	chr4	1436617	1436617	.	1	1	0	1|0	.	.	.	.	.	-	-	no:duplicate_of_stvar	ref	1	.	.	.	0
vg	chr4	1436627	1436627	>148884332>148884336	1	1	0	0|1	1	3.0388	PASS	-	-	.	.	.	.	.	.	.	.	0
truth_stvar	chr4	1436632	1436632	.	1	1	0	0|1	.	.	.	.	.	-	-	ref	yes	1	.	.	.	0
truth_smvar	chr4	1436632	1436632	.	1	1	0	0|1	.	.	.	.	.	-	-	ref	no:duplicate_of_stvar	1	.	.	.	0
vg	chr4	1436632	1436632	>148884339>148884343	1	1	0	2|1	1	6.30438	PASS	-	-	.	.	.	.	.	.	.	.	0
vg	chr4	1436632	1436632	>148884339>148884343	1	1	0	2|1	1	6.30438	PASS	-	-	.	.	.	.	.	.	.	.	0
truth_stvar	chr4	1436678	1436678	.	1	1	0	0|1	.	.	.	.	.	-	-	ref	yes	1	.	.	.	0
truth_smvar	chr4	1436678	1436678	.	1	1	0	0|1	.	.	.	.	.	-	-	ref	no:duplicate_of_stvar	1	.	.	.	0
vg	chr4	1436678	1437092	>148884380>148884503	415	1	-414	1|1	1	5.92825	PASS	TP	-	.	.	.	.	.	.	.	49.19,49.16	0
truth_stvar	chr4	1436709	1437031	.	323	1	322	0|1	.	.	.	.	.	TP	FN	ref	yes	1	DEL	46	.	0
truth_smvar	chr4	1436709	1437031	.	323	1	322	0|1	.	.	.	.	.	-	-	ref	no:duplicate_of_stvar	1	.	46	.	0
truth_stvar	chr4	1436724	1436724	.	1	1	0	0|1	.	.	.	.	.	-	-	ref	no:star_allele	1	.	.	.	0
truth_stvar	chr4	1436724	1436724	.	1	1	0	1|0	.	.	.	.	.	-	-	yes	ref	1	.	.	.	0
truth_smvar	chr4	1436724	1436724	.	1	1,1	0	1|2	.	.	.	.	.	-	-	no:duplicate_of_stvar	no:star_allele	1	.	.	.	0
truth_stvar	chr4	1436733	1436733	.	1	1	0	0|1	.	.	.	.	.	-	-	ref	no:star_allele	1	.	.	.	0
truth_stvar	chr4	1436733	1436733	.	1	1	0	1|0	.	.	.	.	.	-	-	yes	ref	1	.	.	.	0
truth_smvar	chr4	1436733	1436733	.	1	1,1	0	1|2	.	.	.	.	.	-	-	no:duplicate_of_stvar	no:star_allele	1	.	.	.	0
truth_stvar	chr4	1436770	1436770	.	1	1	0	0|1	.	.	.	.	.	-	-	ref	no:star_allele	1	.	.	.	0
truth_stvar	chr4	1436770	1436770	.	1	1	0	1|0	.	.	.	.	.	-	-	yes	ref	1	.	.	.	0
truth_smvar	chr4	1436770	1436770	.	1	1,1	0	1|2	.	.	.	.	.	-	-	no:duplicate_of_stvar	no:star_allele	1	.	.	.	0
truth_stvar	chr4	1436825	1436825	.	1	1	0	0|1	.	.	.	.	.	-	-	ref	no:star_allele	1	.	.	.	0
truth_stvar	chr4	1436825	1436825	.	1	1	0	1|0	.	.	.	.	.	-	-	yes	ref	1	.	.	.	0
truth_smvar	chr4	1436825	1436825	.	1	1,1	0	1|2	.	.	.	.	.	-	-	no:duplicate_of_stvar	no:star_allele	1	.	.	.	0
truth_stvar	chr4	1436832	1436832	.	1	1	0	0|1	.	.	.	.	.	-	-	ref	no:star_allele	1	.	.	.	0
truth_stvar	chr4	1436832	1436832	.	1	1	0	1|0	.	.	.	.	.	-	-	yes	ref	1	.	.	.	0
truth_smvar	chr4	1436832	1436832	.	1	1,1	0	1|2	.	.	.	.	.	-	-	no:duplicate_of_stvar	no:star_allele	1	.	.	.	0
truth_stvar	chr4	1436857	1436857	.	1	1	0	0|1	.	.	.	.	.	-	-	ref	no:star_allele	1	.	.	.	0
truth_stvar	chr4	1436857	1436857	.	1	1	0	1|0	.	.	.	.	.	-	-	yes	ref	1	.	.	.	0
truth_smvar	chr4	1436857	1436857	.	1	1,1	0	1|2	.	.	.	.	.	-	-	no:duplicate_of_stvar	no:star_allele	1	.	.	.	0
truth_stvar	chr4	1436862	1436862	.	1	1	0	0|1	.	.	.	.	.	-	-	ref	no:star_allele	1	.	.	.	0
truth_stvar	chr4	1436862	1436862	.	1	1	0	1|0	.	.	.	.	.	-	-	yes	ref	1	.	.	.	0
truth_smvar	chr4	1436862	1436862	.	1	1,1	0	1|2	.	.	.	.	.	-	-	no:duplicate_of_stvar	no:star_allele	1	.	.	.	0
truth_stvar	chr4	1436863	1436863	.	1	1	0	0|1	.	.	.	.	.	-	-	ref	no:star_allele	1	.	.	.	0
truth_stvar	chr4	1436863	1436863	.	1	1	0	1|0	.	.	.	.	.	-	-	yes	ref	1	.	.	.	0
truth_smvar	chr4	1436863	1436863	.	1	1,1	0	1|2	.	.	.	.	.	-	-	no:duplicate_of_stvar	no:star_allele	1	.	.	.	0
truth_stvar	chr4	1436908	1436908	.	1	1	0	0|1	.	.	.	.	.	-	-	ref	no:star_allele	1	.	.	.	0
truth_stvar	chr4	1436908	1436908	.	1	1	0	1|0	.	.	.	.	.	-	-	yes	ref	1	.	.	.	0
truth_smvar	chr4	1436908	1436908	.	1	1,1	0	1|2	.	.	.	.	.	-	-	no:duplicate_of_stvar	no:star_allele	1	.	.	.	0
truth_stvar	chr4	1436940	1436940	.	1	1	0	0|1	.	.	.	.	.	-	-	ref	no:star_allele	1	.	.	.	0
truth_stvar	chr4	1436940	1436940	.	1	1	0	1|0	.	.	.	.	.	-	-	yes	ref	1	.	.	.	0
truth_smvar	chr4	1436940	1436940	.	1	1,1	0	1|2	.	.	.	.	.	-	-	no:duplicate_of_stvar	no:star_allele	1	.	.	.	0
truth_stvar	chr4	1436945	1436945	.	1	1	0	0|1	.	.	.	.	.	-	-	ref	no:star_allele	1	.	.	.	0
truth_stvar	chr4	1436945	1436945	.	1	1	0	1|0	.	.	.	.	.	-	-	yes	ref	1	.	.	.	0
truth_smvar	chr4	1436945	1436945	.	1	1,1	0	1|2	.	.	.	.	.	-	-	no:duplicate_of_stvar	no:star_allele	1	.	.	.	0
truth_stvar	chr4	1436948	1436948	.	1	1	0	0|1	.	.	.	.	.	-	-	ref	no:star_allele	1	.	.	.	0
truth_stvar	chr4	1436948	1436948	.	1	1	0	1|0	.	.	.	.	.	-	-	yes	ref	1	.	.	.	0
truth_smvar	chr4	1436948	1436948	.	1	1,1	0	1|2	.	.	.	.	.	-	-	no:duplicate_of_stvar	no:star_allele	1	.	.	.	0
truth_stvar	chr4	1436954	1436954	.	1	1	0	0|1	.	.	.	.	.	-	-	ref	no:star_allele	1	.	.	.	0
truth_stvar	chr4	1436954	1436954	.	1	1	0	1|0	.	.	.	.	.	-	-	yes	ref	1	.	.	.	0
truth_smvar	chr4	1436954	1436954	.	1	1,1	0	1|2	.	.	.	.	.	-	-	no:duplicate_of_stvar	no:star_allele	1	.	.	.	0
truth_stvar	chr4	1437007	1437007	.	1	1	0	0|1	.	.	.	.	.	-	-	ref	no:star_allele	1	.	.	.	0
truth_stvar	chr4	1437007	1437007	.	1	1	0	1|0	.	.	.	.	.	-	-	yes	ref	1	.	.	.	0
truth_smvar	chr4	1437007	1437007	.	1	1,1	0	1|2	.	.	.	.	.	-	-	no:duplicate_of_stvar	no:star_allele	1	.	.	.	0
truth_stvar	chr4	1437016	1437016	.	1	1	0	0|1	.	.	.	.	.	-	-	ref	no:star_allele	1	.	.	.	0
truth_stvar	chr4	1437016	1437016	.	1	1	0	1|0	.	.	.	.	.	-	-	yes	ref	1	.	.	.	0
truth_smvar	chr4	1437016	1437016	.	1	1,1	0	1|2	.	.	.	.	.	-	-	no:duplicate_of_stvar	no:star_allele	1	.	.	.	0
truth_stvar	chr4	1437031	1437031	.	1	1	0	0|1	.	.	.	.	.	-	-	ref	no:star_allele	1	.	.	.	0
truth_stvar	chr4	1437031	1437031	.	1	1	0	1|0	.	.	.	.	.	-	-	yes	ref	1	.	.	.	0
truth_smvar	chr4	1437031	1437031	.	1	1,1	0	1|2	.	.	.	.	.	-	-	no:duplicate_of_stvar	no:star_allele	1	.	.	.	0
truth_stvar	chr4	1437040	1437040	.	1	47	46	1|0	.	.	.	.	.	-	-	yes	ref	1	INS	46	.	0
truth_stvar	chr4	1437040	1437040	.	1	1	0	0|1	.	.	.	.	.	-	-	ref	yes	1	.	.	.	0
truth_smvar	chr4	1437040	1437040	.	1	1,47	46	2|1	.	.	.	.	.	-	-	no:duplicate_of_stvar	no:duplicate_of_stvar	1	.	.	.	0
truth_stvar	chr4	1437046	1437046	.	1	1	0	1|1	.	.	.	.	.	-	-	yes	yes	1	.	.	.	0
truth_smvar	chr4	1437046	1437046	.	1	1	0	1|1	.	.	.	.	.	-	-	no:duplicate_of_stvar	no:duplicate_of_stvar	1	.	.	.	0
truth_stvar	chr4	1437066	1437066	.	1	1	0	1|0	.	.	.	.	.	-	-	yes	ref	1	.	.	.	0
truth_smvar	chr4	1437066	1437066	.	1	1	0	1|0	.	.	.	.	.	-	-	no:duplicate_of_stvar	ref	1	.	.	.	0
truth_stvar	chr4	1437087	1437087	.	1	1	0	0|1	.	.	.	.	.	-	-	ref	yes	1	.	.	.	0
truth_smvar	chr4	1437087	1437087	.	1	1	0	0|1	.	.	.	.	.	-	-	ref	no:duplicate_of_stvar	1	.	.	.	0
truth_stvar	chr4	1437092	1437092	.	1	1	0	1|1	.	.	.	.	.	-	-	yes	yes	1	.	.	.	0
truth_smvar	chr4	1437092	1437092	.	1	1	0	1|1	.	.	.	.	.	-	-	no:duplicate_of_stvar	no:duplicate_of_stvar	1	.	.	.	0
truth_stvar	chr4	1437094	1437094	.	1	1	0	1|0	.	.	.	.	.	-	-	yes	ref	1	.	.	.	0
truth_smvar	chr4	1437094	1437094	.	1	1	0	1|0	.	.	.	.	.	-	-	no:duplicate_of_stvar	ref	1	.	.	.	0
vg	chr4	1437101	1437101	>148884506>148884510	1	1	0	0|1	1	3.75797	PASS	-	-	.	.	.	.	.	.	.	.	0
truth_stvar	chr4	1437105	1437105	.	1	1	0	0|1	.	.	.	.	.	-	-	ref	yes	1	.	.	.	0
truth_smvar	chr4	1437105	1437105	.	1	1	0	0|1	.	.	.	.	.	-	-	ref	no:duplicate_of_stvar	1	.	.	.	0
truth_stvar	chr4	1437120	1437120	.	1	1	0	0|1	.	.	.	.	.	-	-	ref	yes	1	.	.	.	0
truth_smvar	chr4	1437120	1437120	.	1	1	0	0|1	.	.	.	.	.	-	-	ref	no:duplicate_of_stvar	1	.	.	.	0
truth_stvar	chr4	1437132	1437132	.	1	1	0	0|1	.	.	.	.	.	-	-	ref	yes	1	.	.	.	0
truth_smvar	chr4	1437132	1437132	.	1	1	0	0|1	.	.	.	.	.	-	-	ref	no:duplicate_of_stvar	1	.	.	.	0
truth_stvar	chr4	1437147	1437147	.	1	1	0	0|1	.	.	.	.	.	-	-	ref	yes	1	.	.	.	0
truth_smvar	chr4	1437147	1437147	.	1	1	0	0|1	.	.	.	.	.	-	-	ref	no:duplicate_of_stvar	1	.	.	.	0
vg	chr4	1437172	1437172	>148884571>148884574	1	1	0	0|1	1	4.83653	PASS	-	-	.	.	.	.	.	.	.	.	0
truth_stvar	chr4	1437173	1437174	.	2	1	1	1|0	.	.	.	.	.	-	-	yes	ref	1	.	.	.	0
truth_smvar	chr4	1437173	1437174	.	2	1	1	1|0	.	.	.	.	.	-	-	no:duplicate_of_stvar	ref	1	.	.	.	0
truth_stvar	chr4	1437241	1437241	.	1	1	0	1|1	.	.	.	.	.	-	-	yes	yes	1	.	.	.	0
truth_smvar	chr4	1437241	1437241	.	1	1	0	1|1	.	.	.	.	.	-	-	no:duplicate_of_stvar	no:duplicate_of_stvar	1	.	.	.	0
vg	chr4	1437241	1437241	>148884644>148884648	1	1	0	1|1	1	6.17088	PASS	-	-	.	.	.	.	.	.	.	.	0
truth_stvar	chr4	1437276	1437276	.	1	1	0	1|1	.	.	.	.	.	-	-	yes	yes	1	.	.	.	0
truth_smvar	chr4	1437276	1437276	.	1	1	0	1|1	.	.	.	.	.	-	-	no:duplicate_of_stvar	no:duplicate_of_stvar	1	.	.	.	0
vg	chr4	1437276	1437276	>148884673>148884676	1	1	0	1|1	1	5.66993	PASS	-	-	.	.	.	.	.	.	.	.	0
truth_stvar	chr4	1437285	1437285	.	1	1	0	1|0	.	.	.	.	.	-	-	yes	ref	1	.	.	.	0
truth_smvar	chr4	1437285	1437285	.	1	1	0	1|0	.	.	.	.	.	-	-	no:duplicate_of_stvar	ref	1	.	.	.	0
vg	chr4	1437287	1437287	>148884684>148884687	1	1	0	0|1	1	4.8305	PASS	-	-	.	.	.	.	.	.	.	.	0
truth_stvar	chr4	1437306	1437306	.	1	1	0	1|0	.	.	.	.	.	-	-	yes	ref	1	.	.	.	0
truth_smvar	chr4	1437306	1437306	.	1	1	0	1|0	.	.	.	.	.	-	-	no:duplicate_of_stvar	ref	1	.	.	.	0
truth_stvar	chr4	1437316	1437316	.	1	1	0	0|1	.	.	.	.	.	-	-	ref	yes	1	.	.	.	0
truth_smvar	chr4	1437316	1437316	.	1	1	0	0|1	.	.	.	.	.	-	-	ref	no:duplicate_of_stvar	1	.	.	.	0
truth_stvar	chr4	1437322	1437322	.	1	1	0	0|1	.	.	.	.	.	-	-	ref	yes	1	.	.	.	0
truth_smvar	chr4	1437322	1437322	.	1	1	0	0|1	.	.	.	.	.	-	-	ref	no:duplicate_of_stvar	1	.	.	.	0
vg	chr4	1437322	1437322	>148884715>148884719	1	1	0	1|1	1	5.92901	PASS	-	-	.	.	.	.	.	.	.	.	0
truth_stvar	chr4	1437368	1437368	.	1	1	0	1|0	.	.	.	.	.	-	-	yes	ref	1	.	.	.	0
truth_smvar	chr4	1437368	1437368	.	1	1	0	1|0	.	.	.	.	.	-	-	no:duplicate_of_stvar	ref	1	.	.	.	0
truth_stvar	chr4	1437381	1437381	.	1	1	0	0|1	.	.	.	.	.	-	-	ref	yes	1	.	.	.	0
truth_smvar	chr4	1437381	1437381	.	1	1	0	0|1	.	.	.	.	.	-	-	ref	no:duplicate_of_stvar	1	.	.	.	0
truth_stvar	chr4	1437396	1437396	.	1	1	0	0|1	.	.	.	.	.	-	-	ref	yes	1	.	.	.	0
truth_smvar	chr4	1437396	1437396	.	1	1	0	0|1	.	.	.	.	.	-	-	ref	no:duplicate_of_stvar	1	.	.	.	0
truth_stvar	chr4	1437408	1437408	.	1	1	0	0|1	.	.	.	.	.	-	-	ref	yes	1	.	.	.	0
truth_smvar	chr4	1437408	1437408	.	1	1	0	0|1	.	.	.	.	.	-	-	ref	no:duplicate_of_stvar	1	.	.	.	0
vg	chr4	1437423	1437423	>148884806>148884809	1	1	0	1|1	1	12.4016	PASS	-	-	.	.	.	.	.	.	.	.	0
vg	chr4	1437425	1437425	>148884809>148884812	1	1	0	1|0	1	0.882176	PASS	-	-	.	.	.	.	.	.	.	.	0
truth_stvar	chr4	1437460	1437460	.	1	1	0	1|1	.	.	.	.	.	-	-	yes	yes	1	.	.	.	0
truth_smvar	chr4	1437460	1437460	.	1	1	0	1|1	.	.	.	.	.	-	-	no:duplicate_of_stvar	no:duplicate_of_stvar	1	.	.	.	0
vg	chr4	1437460	1437460	>148884838>148884843	1	1	0	1|1	1	25.33	PASS	-	-	.	.	.	.	.	.	.	.	0
truth_stvar	chr4	1437464	1437464	.	1	231	230	1|0	.	.	.	.	.	FN	FN	yes	ref	1	INS	46	.	0
truth_smvar	chr4	1437464	1437464	.	1	231	230	1|0	.	.	.	.	.	-	-	no:duplicate_of_stvar	ref	1	.	46	.	0
truth_stvar	chr4	1437478	1437478	.	1	1	0	1|0	.	.	.	.	.	-	-	yes	ref	1	.	.	.	0
truth_smvar	chr4	1437478	1437478	.	1	1	0	1|0	.	.	.	.	.	-	-	no:duplicate_of_stvar	ref	1	.	.	.	0
truth_stvar	chr4	1437491	1437491	.	1	1	0	1|1	.	.	.	.	.	-	-	yes	yes	1	.	.	.	0
truth_smvar	chr4	1437491	1437491	.	1	1	0	1|1	.	.	.	.	.	-	-	no:duplicate_of_stvar	no:duplicate_of_stvar	1	.	.	.	0
vg	chr4	1437491	1437491	>148884866>148884870	1	1	0	0|1	1	7.87733	PASS	-	-	.	.	.	.	.	.	.	.	0
vg	chr4	1437506	1437506	>148884882>148885232	1	1	0	1|0	1	0.942146	PASS	-	-	.	.	.	.	.	.	.	.	0
truth_stvar	chr4	1437546	1437546	.	1	1	0	1|0	.	.	.	.	.	-	-	yes	ref	1	.	.	.	0
truth_smvar	chr4	1437546	1437546	.	1	1	0	1|0	.	.	.	.	.	-	-	no:duplicate_of_stvar	ref	1	.	.	.	0
vg	chr4	1437552	1437552	>148885264>148885269	1	1	0	0|1	1	11.3645	PASS	-	-	.	.	.	.	.	.	.	.	0
vg	chr4	1437555	1437555	>148885270>148885274	1	1	0	1|0	1	1.75399	PASS	-	-	.	.	.	.	.	.	.	.	0
truth_stvar	chr4	1437561	1437561	.	1	1	0	0|1	.	.	.	.	.	-	-	ref	yes	1	.	.	.	0
truth_stvar	chr4	1437561	1437561	.	1	1	0	1|0	.	.	.	.	.	-	-	yes	ref	1	.	.	.	0
truth_smvar	chr4	1437561	1437561	.	1	1,1	0	2|1	.	.	.	.	.	-	-	no:duplicate_of_stvar	no:duplicate_of_stvar	1	.	.	.	0
vg	chr4	1437561	1437561	>148885329>148885334	1	1	0	1|1	1	6.32749	PASS	-	-	.	.	.	.	.	.	.	.	0
truth_stvar	chr4	1437563	1437563	.	1	1	0	0|1	.	.	.	.	.	-	-	ref	yes	1	.	.	.	0
truth_smvar	chr4	1437563	1437563	.	1	1	0	0|1	.	.	.	.	.	-	-	ref	no:duplicate_of_stvar	1	.	.	.	0
vg	chr4	1437593	1437593	>148885396>148885400	1	1	0	1|0	1	6.1378	PASS	-	-	.	.	.	.	.	.	.	.	0
truth_stvar	chr4	1437598	1437598	.	1	1	0	1|1	.	.	.	.	.	-	-	yes	yes	1	.	.	.	0
truth_smvar	chr4	1437598	1437598	.	1	1	0	1|1	.	.	.	.	.	-	-	no:duplicate_of_stvar	no:duplicate_of_stvar	1	.	.	.	0
vg	chr4	1437598	1437598	>148885400>148885405	1	1	0	1|0	1	9.26239	PASS	-	-	.	.	.	.	.	.	.	.	0
truth_stvar	chr4	1437613	1437613	.	1	1	0	1|0	.	.	.	.	.	-	-	yes	ref	1	.	.	.	0
truth_smvar	chr4	1437613	1437613	.	1	1	0	1|0	.	.	.	.	.	-	-	no:duplicate_of_stvar	ref	1	.	.	.	0
truth_stvar	chr4	1437629	1437629	.	1	1	0	0|1	.	.	.	.	.	-	-	ref	yes	1	.	.	.	0
truth_smvar	chr4	1437629	1437629	.	1	1	0	0|1	.	.	.	.	.	-	-	ref	no:duplicate_of_stvar	1	.	.	.	0
truth_stvar	chr4	1437644	1437644	.	1	1	0	0|1	.	.	.	.	.	-	-	ref	yes	1	.	.	.	0
truth_smvar	chr4	1437644	1437644	.	1	1	0	0|1	.	.	.	.	.	-	-	ref	no:duplicate_of_stvar	1	.	.	.	0
vg	chr4	1437653	1437653	>148885461>148885465	1	1	0	1|0	1	5.22783	PASS	-	-	.	.	.	.	.	.	.	.	0
vg	chr4	1437690	1438058	>148885503>148885728	369	1	-368	1|1	1	16.1498	PASS	TP	-	.	.	.	.	.	.	.	49.21,49.17	0
truth_stvar	chr4	1437691	1437691	.	1	1	0	1|1	.	.	.	.	.	-	-	yes	yes	1	.	.	.	0
truth_smvar	chr4	1437691	1437691	.	1	1	0	1|1	.	.	.	.	.	-	-	no:duplicate_of_stvar	no:duplicate_of_stvar	1	.	.	.	0
truth_stvar	chr4	1437693	1437693	.	1	1	0	0|1	.	.	.	.	.	-	-	ref	yes	1	.	.	.	0
truth_smvar	chr4	1437693	1437693	.	1	1	0	0|1	.	.	.	.	.	-	-	ref	no:duplicate_of_stvar	1	.	.	.	0
truth_stvar	chr4	1437731	1437731	.	1	1	0	0|1	.	.	.	.	.	-	-	ref	yes	1	.	.	.	0
truth_smvar	chr4	1437731	1437731	.	1	1	0	0|1	.	.	.	.	.	-	-	ref	no:duplicate_of_stvar	1	.	.	.	0
truth_stvar	chr4	1437736	1437736	.	1	1	0	0|1	.	.	.	.	.	-	-	ref	yes	1	.	.	.	0
truth_stvar	chr4	1437736	1437736	.	1	1	0	1|0	.	.	.	.	.	-	-	yes	ref	1	.	.	.	0
truth_smvar	chr4	1437736	1437736	.	1	1,1	0	2|1	.	.	.	.	.	-	-	no:duplicate_of_stvar	no:duplicate_of_stvar	1	.	.	.	0
truth_stvar	chr4	1437745	1437745	.	1	1	0	1|0	.	.	.	.	.	-	-	yes	ref	1	.	.	.	0
truth_smvar	chr4	1437745	1437745	.	1	1	0	1|0	.	.	.	.	.	-	-	no:duplicate_of_stvar	ref	1	.	.	.	0
truth_stvar	chr4	1437754	1438214	.	461	1	460	0|1	.	.	.	.	.	TP	FN	ref	yes	1	DEL	46	.	0
truth_smvar	chr4	1437754	1438214	.	461	1	460	0|1	.	.	.	.	.	-	-	ref	no:duplicate_of_stvar	1	.	46	.	0
truth_stvar	chr4	1437776	1437776	.	1	1	0	0|1	.	.	.	.	.	-	-	ref	no:star_allele	1	.	.	.	0
truth_stvar	chr4	1437776	1437776	.	1	1	0	1|0	.	.	.	.	.	-	-	yes	ref	1	.	.	.	0
truth_smvar	chr4	1437776	1437776	.	1	1,1	0	1|2	.	.	.	.	.	-	-	no:duplicate_of_stvar	no:star_allele	1	.	.	.	0
truth_stvar	chr4	1437782	1437782	.	1	1	0	0|1	.	.	.	.	.	-	-	ref	no:star_allele	1	.	.	.	0
truth_stvar	chr4	1437782	1437782	.	1	1	0	1|0	.	.	.	.	.	-	-	yes	ref	1	.	.	.	0
truth_smvar	chr4	1437782	1437782	.	1	1,1	0	1|2	.	.	.	.	.	-	-	no:duplicate_of_stvar	no:star_allele	1	.	.	.	0
truth_stvar	chr4	1437828	1437828	.	1	1	0	0|1	.	.	.	.	.	-	-	ref	no:star_allele	1	.	.	.	0
truth_stvar	chr4	1437828	1437828	.	1	1	0	1|0	.	.	.	.	.	-	-	yes	ref	1	.	.	.	0
truth_smvar	chr4	1437828	1437828	.	1	1,1	0	1|2	.	.	.	.	.	-	-	no:duplicate_of_stvar	no:star_allele	1	.	.	.	0
truth_stvar	chr4	1437844	1437844	.	1	1	0	0|1	.	.	.	.	.	-	-	ref	no:star_allele	1	.	.	.	0
truth_stvar	chr4	1437844	1437844	.	1	1	0	1|0	.	.	.	.	.	-	-	yes	ref	1	.	.	.	0
truth_smvar	chr4	1437844	1437844	.	1	1,1	0	1|2	.	.	.	.	.	-	-	no:duplicate_of_stvar	no:star_allele	1	.	.	.	0
truth_stvar	chr4	1437874	1437874	.	1	1	0	0|1	.	.	.	.	.	-	-	ref	no:star_allele	1	.	.	.	0
truth_stvar	chr4	1437874	1437874	.	1	1	0	1|0	.	.	.	.	.	-	-	yes	ref	1	.	.	.	0
truth_smvar	chr4	1437874	1437874	.	1	1,1	0	1|2	.	.	.	.	.	-	-	no:duplicate_of_stvar	no:star_allele	1	.	.	.	0
truth_stvar	chr4	1437920	1437920	.	1	1	0	0|1	.	.	.	.	.	-	-	ref	no:star_allele	1	.	.	.	0
truth_stvar	chr4	1437920	1437920	.	1	1	0	1|0	.	.	.	.	.	-	-	yes	ref	1	.	.	.	0
truth_smvar	chr4	1437920	1437920	.	1	1,1	0	1|2	.	.	.	.	.	-	-	no:duplicate_of_stvar	no:star_allele	1	.	.	.	0
truth_stvar	chr4	1437922	1437922	.	1	1	0	0|1	.	.	.	.	.	-	-	ref	no:star_allele	1	.	.	.	0
truth_stvar	chr4	1437922	1437922	.	1	1	0	1|0	.	.	.	.	.	-	-	yes	ref	1	.	.	.	0
truth_smvar	chr4	1437922	1437922	.	1	1,1	0	1|2	.	.	.	.	.	-	-	no:duplicate_of_stvar	no:star_allele	1	.	.	.	0
truth_stvar	chr4	1437957	1437957	.	1	1	0	0|1	.	.	.	.	.	-	-	ref	no:star_allele	1	.	.	.	0
truth_stvar	chr4	1437957	1437957	.	1	1	0	1|0	.	.	.	.	.	-	-	yes	ref	1	.	.	.	0
truth_smvar	chr4	1437957	1437957	.	1	1,1	0	1|2	.	.	.	.	.	-	-	no:duplicate_of_stvar	no:star_allele	1	.	.	.	0
truth_stvar	chr4	1437966	1437966	.	1	1	0	0|1	.	.	.	.	.	-	-	ref	no:star_allele	1	.	.	.	0
truth_stvar	chr4	1437966	1437966	.	1	1	0	1|0	.	.	.	.	.	-	-	yes	ref	1	.	.	.	0
truth_smvar	chr4	1437966	1437966	.	1	1,1	0	1|2	.	.	.	.	.	-	-	no:duplicate_of_stvar	no:star_allele	1	.	.	.	0
truth_stvar	chr4	1438012	1438012	.	1	1	0	0|1	.	.	.	.	.	-	-	ref	no:star_allele	1	.	.	.	0
truth_stvar	chr4	1438012	1438012	.	1	1	0	1|0	.	.	.	.	.	-	-	yes	ref	1	.	.	.	0
truth_smvar	chr4	1438012	1438012	.	1	1,1	0	1|2	.	.	.	.	.	-	-	no:duplicate_of_stvar	no:star_allele	1	.	.	.	0
truth_stvar	chr4	1438028	1438028	.	1	1	0	0|1	.	.	.	.	.	-	-	ref	no:star_allele	1	.	.	.	0
truth_stvar	chr4	1438028	1438028	.	1	1	0	1|0	.	.	.	.	.	-	-	yes	ref	1	.	.	.	0
truth_smvar	chr4	1438028	1438028	.	1	1,1	0	1|2	.	.	.	.	.	-	-	no:duplicate_of_stvar	no:star_allele	1	.	.	.	0
truth_stvar	chr4	1438043	1438043	.	1	1	0	0|1	.	.	.	.	.	-	-	ref	no:star_allele	1	.	.	.	0
truth_stvar	chr4	1438043	1438043	.	1	1	0	1|0	.	.	.	.	.	-	-	yes	ref	1	.	.	.	0
truth_smvar	chr4	1438043	1438043	.	1	1,1	0	1|2	.	.	.	.	.	-	-	no:duplicate_of_stvar	no:star_allele	1	.	.	.	0
truth_stvar	chr4	1438058	1438058	.	1	1	0	0|1	.	.	.	.	.	-	-	ref	no:star_allele	1	.	.	.	0
truth_stvar	chr4	1438058	1438058	.	1	1	0	1|0	.	.	.	.	.	-	-	yes	ref	1	.	.	.	0
truth_smvar	chr4	1438058	1438058	.	1	1,1	0	1|2	.	.	.	.	.	-	-	no:duplicate_of_stvar	no:star_allele	1	.	.	.	0
vg	chr4	1438092	1438092	>148885746>148885750	1	1	0	1|0	1	3.30999	PASS	-	-	.	.	.	.	.	.	.	.	0
vg	chr4	1438104	1438104	>148885762>148885857	1	1	0	1|2	1	20.2607	PASS	-	-	.	.	.	.	.	.	.	.	0
vg	chr4	1438104	1438104	>148885762>148885857	1	139	138	1|2	1	20.2607	PASS	FP	-	.	.	.	.	.	.	.	49.16,49.18	0
vg	chr4	1438123	1438215	>148885872>148885950	93	1	-92	1|1	1	21.5591	PASS	FP	-	.	.	.	.	.	.	.	49.22,49.19	0
truth_stvar	chr4	1438152	1438152	.	1	1	0	0|1	.	.	.	.	.	-	-	ref	no:star_allele	1	.	.	.	0
truth_stvar	chr4	1438152	1438152	.	1	1	0	1|0	.	.	.	.	.	-	-	yes	ref	1	.	.	.	0
truth_smvar	chr4	1438152	1438152	.	1	1,1	0	1|2	.	.	.	.	.	-	-	no:duplicate_of_stvar	no:star_allele	1	.	.	.	0
truth_stvar	chr4	1438181	1438181	.	1	1	0	0|1	.	.	.	.	.	-	-	ref	no:star_allele	1	.	.	.	0
truth_stvar	chr4	1438181	1438181	.	1	1	0	1|0	.	.	.	.	.	-	-	yes	ref	1	.	.	.	0
truth_smvar	chr4	1438181	1438181	.	1	1,1	0	1|2	.	.	.	.	.	-	-	no:duplicate_of_stvar	no:star_allele	1	.	.	.	0
truth_stvar	chr4	1438214	1438214	.	1	1	0	0|1	.	.	.	.	.	-	-	ref	no:star_allele	1	.	.	.	0
truth_stvar	chr4	1438214	1438214	.	1	1	0	1|0	.	.	.	.	.	-	-	yes	ref	1	.	.	.	0
truth_smvar	chr4	1438214	1438214	.	1	1,1	0	1|2	.	.	.	.	.	-	-	no:duplicate_of_stvar	no:star_allele	1	.	.	.	0
truth_stvar	chr4	1438248	1438248	.	1	1	0	1|0	.	.	.	.	.	-	-	yes	ref	1	.	.	.	0
truth_smvar	chr4	1438248	1438248	.	1	1	0	1|0	.	.	.	.	.	-	-	no:duplicate_of_stvar	ref	1	.	.	.	0
truth_stvar	chr4	1438251	1438251	.	1	1	0	0|1	.	.	.	.	.	-	-	ref	yes	1	.	.	.	0
truth_smvar	chr4	1438251	1438251	.	1	1	0	0|1	.	.	.	.	.	-	-	ref	no:duplicate_of_stvar	1	.	.	.	0
truth_stvar	chr4	1438307	1438307	.	1	1	0	1|1	.	.	.	.	.	-	-	yes	yes	1	.	.	.	0
truth_smvar	chr4	1438307	1438307	.	1	1	0	1|1	.	.	.	.	.	-	-	no:duplicate_of_stvar	no:duplicate_of_stvar	1	.	.	.	0
vg	chr4	1438307	1438307	>148886019>148886023	1	1	0	1|1	1	10.3921	PASS	-	-	.	.	.	.	.	.	.	.	0
truth_stvar	chr4	1438322	1438322	.	1	1	0	0|1	.	.	.	.	.	-	-	ref	yes	1	.	.	.	0
truth_smvar	chr4	1438322	1438322	.	1	1	0	0|1	.	.	.	.	.	-	-	ref	no:duplicate_of_stvar	1	.	.	.	0
vg	chr4	1438330	1438330	>148887296>148887299	1	1	0	1|0	1	7.03221	PASS	-	-	.	.	.	.	.	.	.	.	0
truth_stvar	chr4	1438343	1438343	.	1	1	0	1|0	.	.	.	.	.	-	-	yes	ref	1	.	.	.	0
truth_smvar	chr4	1438343	1438343	.	1	1	0	1|0	.	.	.	.	.	-	-	no:duplicate_of_stvar	ref	1	.	.	.	0
truth_stvar	chr4	1438376	1438376	.	1	1	0	0|1	.	.	.	.	.	-	-	ref	yes	1	.	.	.	0
truth_smvar	chr4	1438376	1438376	.	1	1	0	0|1	.	.	.	.	.	-	-	ref	no:duplicate_of_stvar	1	.	.	.	0
vg	chr4	1438420	1438420	>148887399>148887403	1	1	0	1|0	1	8.52914	PASS	-	-	.	.	.	.	.	.	.	.	0
truth_stvar	chr4	1438466	1438466	.	1	1	0	0|1	.	.	.	.	.	-	-	ref	yes	1	.	.	.	0
truth_smvar	chr4	1438466	1438466	.	1	1	0	0|1	.	.	.	.	.	-	-	ref	no:duplicate_of_stvar	1	.	.	.	0
truth_stvar	chr4	1438481	1438481	.	1	1	0	1|0	.	.	.	.	.	-	-	yes	ref	1	.	.	.	0
truth_smvar	chr4	1438481	1438481	.	1	1	0	1|0	.	.	.	.	.	-	-	no:duplicate_of_stvar	ref	1	.	.	.	0
vg	chr4	1438509	1438601	>148887486>148887531	93	1	-92	1|1	1	5.60023	PASS	TP	-	.	.	.	.	.	.	.	49.22,49.20	0
truth_stvar	chr4	1438518	1438610	.	93	1	92	0|1	.	.	.	.	.	TP	FN	ref	yes	1	DEL	46	.	0
truth_smvar	chr4	1438518	1438610	.	93	1	92	0|1	.	.	.	.	.	-	-	ref	no:duplicate_of_stvar	1	.	46	.	0
truth_stvar	chr4	1438534	1438534	.	1	1	0	0|1	.	.	.	.	.	-	-	ref	no:star_allele	1	.	.	.	0
truth_stvar	chr4	1438534	1438534	.	1	1	0	1|0	.	.	.	.	.	-	-	yes	ref	1	.	.	.	0
truth_smvar	chr4	1438534	1438534	.	1	1,1	0	1|2	.	.	.	.	.	-	-	no:duplicate_of_stvar	no:star_allele	1	.	.	.	0
truth_stvar	chr4	1438538	1438538	.	1	1	0	0|1	.	.	.	.	.	-	-	ref	no:star_allele	1	.	.	.	0
truth_stvar	chr4	1438538	1438538	.	1	1	0	1|0	.	.	.	.	.	-	-	yes	ref	1	.	.	.	0
truth_smvar	chr4	1438538	1438538	.	1	1,1	0	1|2	.	.	.	.	.	-	-	no:duplicate_of_stvar	no:star_allele	1	.	.	.	0
truth_stvar	chr4	1438564	1438564	.	1	1	0	0|1	.	.	.	.	.	-	-	ref	no:star_allele	1	.	.	.	0
truth_stvar	chr4	1438564	1438564	.	1	1	0	1|0	.	.	.	.	.	-	-	yes	ref	1	.	.	.	0
truth_smvar	chr4	1438564	1438564	.	1	1,1	0	1|2	.	.	.	.	.	-	-	no:duplicate_of_stvar	no:star_allele	1	.	.	.	0
truth_stvar	chr4	1438589	1438589	.	1	1	0	0|1	.	.	.	.	.	-	-	ref	no:star_allele	1	.	.	.	0
truth_stvar	chr4	1438589	1438589	.	1	1	0	1|0	.	.	.	.	.	-	-	yes	ref	1	.	.	.	0
truth_smvar	chr4	1438589	1438589	.	1	1,1	0	1|2	.	.	.	.	.	-	-	no:duplicate_of_stvar	no:star_allele	1	.	.	.	0
truth_stvar	chr4	1438610	1438610	.	1	1	0	0|1	.	.	.	.	.	-	-	ref	no:star_allele	1	.	.	.	0
truth_stvar	chr4	1438610	1438610	.	1	1	0	1|0	.	.	.	.	.	-	-	yes	ref	1	.	.	.	0
truth_smvar	chr4	1438610	1438610	.	1	1,1	0	1|2	.	.	.	.	.	-	-	no:duplicate_of_stvar	no:star_allele	1	.	.	.	0
vg	chr4	1438610	1438610	>148887538>148887541	1	1	0	1|1	1	4.86862	PASS	-	-	.	.	.	.	.	.	.	.	0
truth_stvar	chr4	1438619	1438619	.	1	1	0	1|0	.	.	.	.	.	-	-	yes	ref	1	.	.	.	0
truth_smvar	chr4	1438619	1438619	.	1	1	0	1|0	.	.	.	.	.	-	-	no:duplicate_of_stvar	ref	1	.	.	.	0
vg	chr4	1438619	1438619	>148887544>148887548	1	1	0	0|1	1	5.60295	PASS	-	-	.	.	.	.	.	.	.	.	0
vg	chr4	1438658	1438658	>148887577>148887580	1	1	0	1|0	1	4.16334	PASS	-	-	.	.	.	.	.	.	.	.	0
vg	chr4	1438665	1438665	>148887585>148887806	1	1058	1057	0|1	1	14.367	PASS	FP	-	.	.	.	.	.	.	.	49.2,49.21	0
truth_stvar	chr4	1438704	1438704	.	1	1	0	0|1	.	.	.	.	.	-	-	ref	yes	1	.	.	.	0
truth_smvar	chr4	1438704	1438704	.	1	1	0	0|1	.	.	.	.	.	-	-	ref	no:duplicate_of_stvar	1	.	.	.	0
vg	chr4	1438704	1438704	>148887834>148887837	1	1	0	1|0	1	3.62979	PASS	-	-	.	.	.	.	.	.	.	.	0
truth_stvar	chr4	1438750	1438750	.	1	1	0	0|1	.	.	.	.	.	-	-	ref	yes	1	.	.	.	0
truth_smvar	chr4	1438750	1438750	.	1	1	0	0|1	.	.	.	.	.	-	-	ref	no:duplicate_of_stvar	1	.	.	.	0
truth_stvar	chr4	1438751	1438751	.	1	507	506	1|0	.	.	.	.	.	FN	FN	yes	ref	1	INS	46	.	0
truth_smvar	chr4	1438751	1438751	.	1	507	506	1|0	.	.	.	.	.	-	-	no:duplicate_of_stvar	ref	1	.	46	.	0
vg	chr4	1438779	1439469	>148887902>148888980	691	1	-690	1|2	1	8.79144	PASS	FP	-	.	.	.	.	.	.	.	49.24,49.22	0
vg	chr4	1438779	1439469	>148887902>148888980	691	691	0	1|2	1	8.79144	PASS	FP	-	.	.	.	.	.	.	.	49.24,49.23	0
truth_stvar	chr4	1438789	1438789	.	1	1	0	1|0	.	.	.	.	.	-	-	yes	ref	1	.	.	.	0
truth_smvar	chr4	1438789	1438789	.	1	1	0	1|0	.	.	.	.	.	-	-	no:duplicate_of_stvar	ref	1	.	.	.	0
truth_stvar	chr4	1438794	1438794	.	1	1	0	1|0	.	.	.	.	.	-	-	yes	ref	1	.	.	.	0
truth_smvar	chr4	1438794	1438794	.	1	1	0	1|0	.	.	.	.	.	-	-	no:duplicate_of_stvar	ref	1	.	.	.	0
truth_stvar	chr4	1438840	1439300	.	461	1	460	0|1	.	.	.	.	.	FN	FN	ref	yes	1	DEL	46	.	0
truth_smvar	chr4	1438840	1439300	.	461	1	460	0|1	.	.	.	.	.	-	-	ref	no:duplicate_of_stvar	1	.	46	.	0
truth_stvar	chr4	1438849	1438849	.	1	1	0	0|1	.	.	.	.	.	-	-	ref	no:star_allele	1	.	.	.	0
truth_stvar	chr4	1438849	1438849	.	1	1	0	1|0	.	.	.	.	.	-	-	yes	ref	1	.	.	.	0
truth_smvar	chr4	1438849	1438849	.	1	1,1	0	1|2	.	.	.	.	.	-	-	no:duplicate_of_stvar	no:star_allele	1	.	.	.	0
truth_stvar	chr4	1438850	1438850	.	1	1	0	0|1	.	.	.	.	.	-	-	ref	no:star_allele	1	.	.	.	0
truth_stvar	chr4	1438850	1438850	.	1	1	0	1|0	.	.	.	.	.	-	-	yes	ref	1	.	.	.	0
truth_smvar	chr4	1438850	1438850	.	1	1,1	0	1|2	.	.	.	.	.	-	-	no:duplicate_of_stvar	no:star_allele	1	.	.	.	0
truth_stvar	chr4	1438856	1438856	.	1	1	0	0|1	.	.	.	.	.	-	-	ref	no:star_allele	1	.	.	.	0
truth_stvar	chr4	1438856	1438856	.	1	1	0	1|0	.	.	.	.	.	-	-	yes	ref	1	.	.	.	0
truth_smvar	chr4	1438856	1438856	.	1	1,1	0	1|2	.	.	.	.	.	-	-	no:duplicate_of_stvar	no:star_allele	1	.	.	.	0
vg	chr4	1438856	1438856	>148888439>148888442	1	1	0	.|1	1	0.162635	PASS	-	-	.	.	.	.	.	.	.	.	0
truth_stvar	chr4	1438886	1438886	.	1	1	0	0|1	.	.	.	.	.	-	-	ref	no:star_allele	1	.	.	.	0
truth_stvar	chr4	1438886	1438886	.	1	1	0	1|0	.	.	.	.	.	-	-	yes	ref	1	.	.	.	0
truth_smvar	chr4	1438886	1438886	.	1	1,1	0	1|2	.	.	.	.	.	-	-	no:duplicate_of_stvar	no:star_allele	1	.	.	.	0
vg	chr4	1438886	1438886	>148888449>148888453	1	1	0	.|1	1	3.79202	PASS	-	-	.	.	.	.	.	.	.	.	0
vg	chr4	1438895	1438895	>148888459>148888463	1	1	0	.|1	1	2.44239	PASS	-	-	.	.	.	.	.	.	.	.	0
truth_stvar	chr4	1438920	1438920	.	1	1	0	0|1	.	.	.	.	.	-	-	ref	no:star_allele	1	.	.	.	0
truth_stvar	chr4	1438920	1438920	.	1	1	0	1|0	.	.	.	.	.	-	-	yes	ref	1	.	.	.	0
truth_smvar	chr4	1438920	1438920	.	1	1,1	0	1|2	.	.	.	.	.	-	-	no:duplicate_of_stvar	no:star_allele	1	.	.	.	0
vg	chr4	1438926	1438926	>148888710>148888713	1	1	0	.|1	1	3.28722	PASS	-	-	.	.	.	.	.	.	.	.	0
truth_stvar	chr4	1438932	1438932	.	1	1	0	0|1	.	.	.	.	.	-	-	ref	no:star_allele	1	.	.	.	0
truth_stvar	chr4	1438932	1438932	.	1	1	0	1|0	.	.	.	.	.	-	-	yes	ref	1	.	.	.	0
truth_smvar	chr4	1438932	1438932	.	1	1,1	0	1|2	.	.	.	.	.	-	-	no:duplicate_of_stvar	no:star_allele	1	.	.	.	0
vg	chr4	1438932	1438932	>148888713>148888716	1	1	0	.|1	1	3.29675	PASS	-	-	.	.	.	.	.	.	.	.	0
truth_stvar	chr4	1438974	1438974	.	1	1	0	0|1	.	.	.	.	.	-	-	ref	no:star_allele	1	.	.	.	0
truth_stvar	chr4	1438974	1438974	.	1	1	0	1|0	.	.	.	.	.	-	-	yes	ref	1	.	.	.	0
truth_smvar	chr4	1438974	1438974	.	1	1,1	0	1|2	.	.	.	.	.	-	-	no:duplicate_of_stvar	no:star_allele	1	.	.	.	0
truth_stvar	chr4	1438978	1438978	.	1	1	0	0|1	.	.	.	.	.	-	-	ref	no:star_allele	1	.	.	.	0
truth_stvar	chr4	1438978	1438978	.	1	1	0	1|0	.	.	.	.	.	-	-	yes	ref	1	.	.	.	0
truth_smvar	chr4	1438978	1438978	.	1	1,1	0	1|2	.	.	.	.	.	-	-	no:duplicate_of_stvar	no:star_allele	1	.	.	.	0
vg	chr4	1438978	1438978	>148888733>148888737	1	1	0	.|1	1	4.97959	PASS	-	-	.	.	.	.	.	.	.	.	0
truth_stvar	chr4	1438987	1438987	.	1	1	0	0|1	.	.	.	.	.	-	-	ref	no:star_allele	1	.	.	.	0
truth_stvar	chr4	1438987	1438987	.	1	1	0	1|0	.	.	.	.	.	-	-	yes	ref	1	.	.	.	0
truth_smvar	chr4	1438987	1438987	.	1	1,1	0	1|2	.	.	.	.	.	-	-	no:duplicate_of_stvar	no:star_allele	1	.	.	.	0
truth_stvar	chr4	1438994	1438994	.	1	1	0	0|1	.	.	.	.	.	-	-	ref	no:star_allele	1	.	.	.	0
truth_stvar	chr4	1438994	1438994	.	1	1	0	1|0	.	.	.	.	.	-	-	yes	ref	1	.	.	.	0
truth_smvar	chr4	1438994	1438994	.	1	1,1	0	1|2	.	.	.	.	.	-	-	no:duplicate_of_stvar	no:star_allele	1	.	.	.	0
vg	chr4	1438994	1438994	>148888746>148888749	1	1	0	.|1	1	3.0103	PASS	-	-	.	.	.	.	.	.	.	.	0
truth_stvar	chr4	1439009	1439009	.	1	1	0	0|1	.	.	.	.	.	-	-	ref	no:star_allele	1	.	.	.	0
truth_stvar	chr4	1439009	1439009	.	1	1	0	1|0	.	.	.	.	.	-	-	yes	ref	1	.	.	.	0
truth_smvar	chr4	1439009	1439009	.	1	1,1	0	1|2	.	.	.	.	.	-	-	no:duplicate_of_stvar	no:star_allele	1	.	.	.	0
truth_stvar	chr4	1439024	1439024	.	1	1	0	0|1	.	.	.	.	.	-	-	ref	no:star_allele	1	.	.	.	0
truth_stvar	chr4	1439024	1439024	.	1	1	0	1|0	.	.	.	.	.	-	-	yes	ref	1	.	.	.	0
truth_smvar	chr4	1439024	1439024	.	1	1,1	0	1|2	.	.	.	.	.	-	-	no:duplicate_of_stvar	no:star_allele	1	.	.	.	0
truth_stvar	chr4	1439064	1439064	.	1	1	0	0|1	.	.	.	.	.	-	-	ref	no:star_allele	1	.	.	.	0
truth_stvar	chr4	1439064	1439064	.	1	1	0	1|0	.	.	.	.	.	-	-	yes	ref	1	.	.	.	0
truth_smvar	chr4	1439064	1439064	.	1	1,1	0	1|2	.	.	.	.	.	-	-	no:duplicate_of_stvar	no:star_allele	1	.	.	.	0
truth_stvar	chr4	1439079	1439079	.	1	1	0	0|1	.	.	.	.	.	-	-	ref	no:star_allele	1	.	.	.	0
truth_stvar	chr4	1439079	1439079	.	1	1	0	1|0	.	.	.	.	.	-	-	yes	ref	1	.	.	.	0
truth_smvar	chr4	1439079	1439079	.	1	1,1	0	1|2	.	.	.	.	.	-	-	no:duplicate_of_stvar	no:star_allele	1	.	.	.	0
truth_stvar	chr4	1439116	1439116	.	1	1	0	0|1	.	.	.	.	.	-	-	ref	no:star_allele	1	.	.	.	0
truth_stvar	chr4	1439116	1439116	.	1	1	0	1|0	.	.	.	.	.	-	-	yes	ref	1	.	.	.	0
truth_smvar	chr4	1439116	1439116	.	1	1,1	0	1|2	.	.	.	.	.	-	-	no:duplicate_of_stvar	no:star_allele	1	.	.	.	0
vg	chr4	1439119	1439119	>148888804>148888822	1	47	46	.|1	1	3.34022	PASS	-	-	.	.	.	.	.	.	.	.	0
truth_stvar	chr4	1439132	1439132	.	1	1	0	0|1	.	.	.	.	.	-	-	ref	no:star_allele	1	.	.	.	0
truth_stvar	chr4	1439132	1439132	.	1	1	0	1|0	.	.	.	.	.	-	-	yes	ref	1	.	.	.	0
truth_smvar	chr4	1439132	1439132	.	1	1,1	0	1|2	.	.	.	.	.	-	-	no:duplicate_of_stvar	no:star_allele	1	.	.	.	0
vg	chr4	1439132	1439132	>148888822>148888825	1	1	0	.|1	1	4.53928	PASS	-	-	.	.	.	.	.	.	.	.	0
truth_stvar	chr4	1439147	1439147	.	1	1	0	0|1	.	.	.	.	.	-	-	ref	no:star_allele	1	.	.	.	0
truth_stvar	chr4	1439147	1439147	.	1	1	0	1|0	.	.	.	.	.	-	-	yes	ref	1	.	.	.	0
truth_smvar	chr4	1439147	1439147	.	1	1,1	0	1|2	.	.	.	.	.	-	-	no:duplicate_of_stvar	no:star_allele	1	.	.	.	0
vg	chr4	1439147	1439147	>148888827>148888830	1	1	0	.|1	1	4.54415	PASS	-	-	.	.	.	.	.	.	.	.	0
truth_stvar	chr4	1439162	1439162	.	1	1	0	0|1	.	.	.	.	.	-	-	ref	no:star_allele	1	.	.	.	0
truth_stvar	chr4	1439162	1439162	.	1	1	0	1|0	.	.	.	.	.	-	-	yes	ref	1	.	.	.	0
truth_smvar	chr4	1439162	1439162	.	1	1,1	0	1|2	.	.	.	.	.	-	-	no:duplicate_of_stvar	no:star_allele	1	.	.	.	0
vg	chr4	1439162	1439162	>148888836>148888839	1	1	0	.|1	1	5.93657	PASS	-	-	.	.	.	.	.	.	.	.	0
truth_stvar	chr4	1439208	1439208	.	1	1	0	0|1	.	.	.	.	.	-	-	ref	no:star_allele	1	.	.	.	0
truth_stvar	chr4	1439208	1439208	.	1	1	0	1|0	.	.	.	.	.	-	-	yes	ref	1	.	.	.	0
truth_smvar	chr4	1439208	1439208	.	1	1,1	0	1|2	.	.	.	.	.	-	-	no:duplicate_of_stvar	no:star_allele	1	.	.	.	0
truth_stvar	chr4	1439210	1439210	.	1	1	0	0|1	.	.	.	.	.	-	-	ref	no:star_allele	1	.	.	.	0
truth_stvar	chr4	1439210	1439210	.	1	1	0	1|0	.	.	.	.	.	-	-	yes	ref	1	.	.	.	0
truth_smvar	chr4	1439210	1439210	.	1	1,1	0	1|2	.	.	.	.	.	-	-	no:duplicate_of_stvar	no:star_allele	1	.	.	.	0
truth_stvar	chr4	1439212	1439212	.	1	1	0	0|1	.	.	.	.	.	-	-	ref	no:star_allele	1	.	.	.	0
truth_stvar	chr4	1439212	1439212	.	1	1	0	1|0	.	.	.	.	.	-	-	yes	ref	1	.	.	.	0
truth_smvar	chr4	1439212	1439212	.	1	1,1	0	1|2	.	.	.	.	.	-	-	no:duplicate_of_stvar	no:star_allele	1	.	.	.	0
vg	chr4	1439256	1439256	>148888884>148888887	1	1	0	.|1	1	11.2078	PASS	-	-	.	.	.	.	.	.	.	.	0
truth_stvar	chr4	1439285	1439285	.	1	1	0	0|1	.	.	.	.	.	-	-	ref	no:star_allele	1	.	.	.	0
truth_stvar	chr4	1439285	1439285	.	1	1	0	1|0	.	.	.	.	.	-	-	yes	ref	1	.	.	.	0
truth_smvar	chr4	1439285	1439285	.	1	1,1	0	1|2	.	.	.	.	.	-	-	no:duplicate_of_stvar	no:star_allele	1	.	.	.	0
vg	chr4	1439285	1439285	>148888896>148888899	1	1	0	.|1	1	4.83597	PASS	-	-	.	.	.	.	.	.	.	.	0
truth_stvar	chr4	1439300	1439300	.	1	1	0	0|1	.	.	.	.	.	-	-	ref	no:star_allele	1	.	.	.	0
truth_stvar	chr4	1439300	1439300	.	1	1	0	1|0	.	.	.	.	.	-	-	yes	ref	1	.	.	.	0
truth_smvar	chr4	1439300	1439300	.	1	1,1	0	1|2	.	.	.	.	.	-	-	no:duplicate_of_stvar	no:star_allele	1	.	.	.	0
vg	chr4	1439300	1439300	>148888905>148888908	1	1	0	.|1	1	3.11448	PASS	-	-	.	.	.	.	.	.	.	.	0
truth_stvar	chr4	1439318	1439318	.	1	1	0	1|1	.	.	.	.	.	-	-	yes	yes	1	.	.	.	0
truth_smvar	chr4	1439318	1439318	.	1	1	0	1|1	.	.	.	.	.	-	-	no:duplicate_of_stvar	no:duplicate_of_stvar	1	.	.	.	0
vg	chr4	1439318	1439318	>148888914>148888917	1	1	0	.|1	1	6.69968	PASS	-	-	.	.	.	.	.	.	.	.	0
truth_stvar	chr4	1439346	1439346	.	1	1	0	0|1	.	.	.	.	.	-	-	ref	yes	1	.	.	.	0
truth_smvar	chr4	1439346	1439346	.	1	1	0	0|1	.	.	.	.	.	-	-	ref	no:duplicate_of_stvar	1	.	.	.	0
vg	chr4	1439352	1439352	>148888938>148888941	1	1	0	.|1	1	1.25015	PASS	-	-	.	.	.	.	.	.	.	.	0
truth_stvar	chr4	1439392	1439392	.	1	1	0	1|0	.	.	.	.	.	-	-	yes	ref	1	.	.	.	0
truth_smvar	chr4	1439392	1439392	.	1	1	0	1|0	.	.	.	.	.	-	-	no:duplicate_of_stvar	ref	1	.	.	.	0
truth_stvar	chr4	1439411	1439411	.	1	1	0	1|1	.	.	.	.	.	-	-	yes	yes	1	.	.	.	0
truth_smvar	chr4	1439411	1439411	.	1	1	0	1|1	.	.	.	.	.	-	-	no:duplicate_of_stvar	no:duplicate_of_stvar	1	.	.	.	0
vg	chr4	1439411	1439411	>148888961>148888964	1	1	0	.|1	1	6.85629	PASS	-	-	.	.	.	.	.	.	.	.	0
truth_stvar	chr4	1439412	1439412	.	1	1	0	0|1	.	.	.	.	.	-	-	ref	yes	1	.	.	.	0
truth_smvar	chr4	1439412	1439412	.	1	1	0	0|1	.	.	.	.	.	-	-	ref	no:duplicate_of_stvar	1	.	.	.	0
truth_stvar	chr4	1439438	1439438	.	1	1	0	1|0	.	.	.	.	.	-	-	yes	ref	1	.	.	.	0
truth_smvar	chr4	1439438	1439438	.	1	1	0	1|0	.	.	.	.	.	-	-	no:duplicate_of_stvar	ref	1	.	.	.	0
vg	chr4	1439447	1439447	>148888972>148888976	1	1	0	.|1	1	1.17574	PASS	-	-	.	.	.	.	.	.	.	.	0
truth_stvar	chr4	1439457	1439457	.	1	1	0	1|1	.	.	.	.	.	-	-	yes	yes	1	.	.	.	0
truth_smvar	chr4	1439457	1439457	.	1	1	0	1|1	.	.	.	.	.	-	-	no:duplicate_of_stvar	no:duplicate_of_stvar	1	.	.	.	0
vg	chr4	1439457	1439457	>148888976>148888979	1	1	0	.|1	1	6.70233	PASS	-	-	.	.	.	.	.	.	.	.	0
truth_stvar	chr4	1439458	1439458	.	1	1	0	1|0	.	.	.	.	.	-	-	yes	ref	1	.	.	.	0
truth_smvar	chr4	1439458	1439458	.	1	1	0	1|0	.	.	.	.	.	-	-	no:duplicate_of_stvar	ref	1	.	.	.	0
vg	chr4	1439530	1439530	>148889021>148889024	1	1	0	1|0	1	2.12971	PASS	-	-	.	.	.	.	.	.	.	.	0
vg	chr4	1439585	1439585	>148889073>148889077	1	1	0	0|1	1	4.25533	PASS	-	-	.	.	.	.	.	.	.	.	0
truth_stvar	chr4	1439594	1439594	.	1	1	0	0|1	.	.	.	.	.	-	-	ref	yes	1	.	.	.	0
truth_smvar	chr4	1439594	1439594	.	1	1	0	0|1	.	.	.	.	.	-	-	ref	no:duplicate_of_stvar	1	.	.	.	0
vg	chr4	1439596	1439596	>148889083>148889086	1	1	0	1|0	1	1.4924	PASS	-	-	.	.	.	.	.	.	.	.	0
vg	chr4	1439597	1439597	>148889086>148889510	1	1473	1472	0|1	1	33.6934	PASS	FP	-	.	.	.	.	.	.	.	49.1,49.25	0
vg	chr4	1439609	1439615	>148893529>148893600	7	1	-6	2|1	1	21.0145	PASS	-	-	.	.	.	.	.	.	.	.	0
vg	chr4	1439609	1439615	>148893529>148893600	7	145	138	2|1	1	21.0145	PASS	FP	-	.	.	.	.	.	.	.	49.16,49.24	0
vg	chr4	1439618	1439618	>148893603>148893606	1	1	0	1|0	1	1.37657	PASS	-	-	.	.	.	.	.	.	.	.	0
truth_stvar	chr4	1439640	1439640	.	1	1	0	1|1	.	.	.	.	.	-	-	yes	yes	1	.	.	.	0
truth_smvar	chr4	1439640	1439640	.	1	1	0	1|1	.	.	.	.	.	-	-	no:duplicate_of_stvar	no:duplicate_of_stvar	1	.	.	.	0
truth_stvar	chr4	1439656	1439656	.	1	1	0	1|1	.	.	.	.	.	-	-	yes	yes	1	.	.	.	0
truth_smvar	chr4	1439656	1439656	.	1	1	0	1|1	.	.	.	.	.	-	-	no:duplicate_of_stvar	no:duplicate_of_stvar	1	.	.	.	0
vg	chr4	1439656	1439656	>148893627>148893630	1	1	0	1|1	1	8.89072	PASS	-	-	.	.	.	.	.	.	.	.	0
vg	chr4	1439678	1439724	>148893644>148893795	47	1	-46	0|1	1	46.5283	PASS	-	-	.	.	.	.	.	.	.	.	0
truth_stvar	chr4	1439686	1439686	.	1	1	0	1|0	.	.	.	.	.	-	-	yes	ref	1	.	.	.	0
truth_smvar	chr4	1439686	1439686	.	1	1	0	1|0	.	.	.	.	.	-	-	no:duplicate_of_stvar	ref	1	.	.	.	0
vg	chr4	1439686	1439686	>148893646>148893775	1	1	0	1|.	1	18.7157	PASS	-	-	.	.	.	.	.	.	.	.	0
truth_stvar	chr4	1439687	1439733	.	47	1	46	0|1	.	.	.	.	.	-	-	ref	yes	1	DEL	46	.	0
truth_smvar	chr4	1439687	1439733	.	47	1	46	0|1	.	.	.	.	.	-	-	ref	no:duplicate_of_stvar	1	.	46	.	0
truth_stvar	chr4	1439716	1439716	.	1	1	0	0|1	.	.	.	.	.	-	-	ref	no:star_allele	1	.	.	.	0
truth_stvar	chr4	1439716	1439716	.	1	1	0	1|0	.	.	.	.	.	-	-	yes	ref	1	.	.	.	0
truth_smvar	chr4	1439716	1439716	.	1	1,1	0	1|2	.	.	.	.	.	-	-	no:duplicate_of_stvar	no:star_allele	1	.	.	.	0
vg	chr4	1439716	1439716	>148893787>148893790	1	1	0	1|.	1	4.31973	PASS	-	-	.	.	.	.	.	.	.	.	0
vg	chr4	1439730	1439730	>148893797>148893800	1	1	0	0|1	1	0.804167	PASS	-	-	.	.	.	.	.	.	.	.	0
vg	chr4	1439731	1439731	>148893800>148893814	1	47	46	1|0	1	0.107727	PASS	-	-	.	.	.	.	.	.	.	.	0
truth_stvar	chr4	1439733	1439733	.	1	1	0	0|1	.	.	.	.	.	-	-	ref	no:star_allele	1	.	.	.	0
truth_stvar	chr4	1439733	1439733	.	1	1	0	1|0	.	.	.	.	.	-	-	yes	ref	1	.	.	.	0
truth_smvar	chr4	1439733	1439733	.	1	1,1	0	1|2	.	.	.	.	.	-	-	no:duplicate_of_stvar	no:star_allele	1	.	.	.	0
vg	chr4	1439733	1439733	>148893814>148893817	1	1	0	1|1	1	59.7542	PASS	-	-	.	.	.	.	.	.	.	.	0
truth_stvar	chr4	1439770	1439770	.	1	1	0	1|1	.	.	.	.	.	-	-	yes	yes	1	.	.	.	0
truth_smvar	chr4	1439770	1439770	.	1	1	0	1|1	.	.	.	.	.	-	-	no:duplicate_of_stvar	no:duplicate_of_stvar	1	.	.	.	0
vg	chr4	1439770	1439770	>148893822>148893826	1	1	0	1|0	1	0.486062	PASS	-	-	.	.	.	.	.	.	.	.	0
vg	chr4	1439815	1439907	>148893833>148893843	93	1	-92	0|1	1	16.2792	PASS	FP	-	.	.	.	.	.	.	.	49.22,49.26	0
truth_stvar	chr4	1439994	1439994	.	1	1	0	1|1	.	.	.	.	.	-	-	yes	yes	1	.	.	.	0
truth_smvar	chr4	1439994	1439994	.	1	1	0	1|1	.	.	.	.	.	-	-	no:duplicate_of_stvar	no:duplicate_of_stvar	1	.	.	.	0
vg	chr4	1439994	1439994	>148893849>148893852	1	1	0	1|1	1	135.789	PASS	-	-	.	.	.	.	.	.	.	.	0
pangenie	chr4	1439994	1439994	chr4-1439994-SNV->150342232>150342234>150342235-1	1	1	0	1/1	1	.	PASS	-	-	.	.	.	.	.	.	.	.	0
truth_stvar	chr4	1440014	1440014	.	1	1	0	1|1	.	.	.	.	.	-	-	yes	yes	1	.	.	.	0
truth_smvar	chr4	1440014	1440014	.	1	1	0	1|1	.	.	.	.	.	-	-	no:duplicate_of_stvar	no:duplicate_of_stvar	1	.	.	.	0
vg	chr4	1440014	1440014	>148893852>148893855	1	1	0	1|1	1	131.231	PASS	-	-	.	.	.	.	.	.	.	.	0
pangenie	chr4	1440014	1440014	chr4-1440014-SNV->150342235>150342237>150342238-1	1	1	0	1/1	1	.	PASS	-	-	.	.	.	.	.	.	.	.	0
truth_stvar	chr4	1440047	1440050	.	4	1	3	1|0	.	.	.	.	.	-	-	yes	ref	1	.	.	.	0
truth_smvar	chr4	1440047	1440050	.	4	1	3	1|0	.	.	.	.	.	-	-	no:duplicate_of_stvar	ref	1	.	.	.	0
vg	chr4	1440047	1440050	>148893861>148893863	4	1	-3	0|1	1	19.9425	PASS	-	TP	.	.	.	.	.	.	.	.	0
pangenie	chr4	1440047	1440050	chr4-1440047-DEL->150342244>150342246-3	4	1	-3	0/1	1	.	PASS	-	TP	.	.	.	.	.	.	.	.	0
truth_stvar	chr4	1440070	1440070	.	1	1	0	1|1	.	.	.	.	.	-	-	yes	yes	1	.	.	.	0
truth_smvar	chr4	1440070	1440070	.	1	1	0	1|1	.	.	.	.	.	-	-	no:duplicate_of_stvar	no:duplicate_of_stvar	1	.	.	.	0
vg	chr4	1440070	1440070	>148893877>148893880	1	1	0	1|1	1	177.035	PASS	-	TP	.	.	.	.	.	.	.	.	0
pangenie	chr4	1440070	1440070	chr4-1440070-SNV->150342260>150342262>150342263-1	1	1	0	1/1	1	.	PASS	-	TP	.	.	.	.	.	.	.	.	0
truth_stvar	chr4	1440135	1440135	.	1	1	0	1|1	.	.	.	.	.	-	-	yes	yes	1	.	.	.	0
truth_smvar	chr4	1440135	1440135	.	1	1	0	1|1	.	.	.	.	.	-	-	no:duplicate_of_stvar	no:duplicate_of_stvar	1	.	.	.	0
vg	chr4	1440135	1440135	>148893883>148893886	1	1	0	1|1	1	211.472	PASS	-	TP	.	.	.	.	.	.	.	.	0
pangenie	chr4	1440135	1440135	chr4-1440135-SNV->150342266>150342268>150342269-1	1	1	0	1/1	1	.	PASS	-	TP	.	.	.	.	.	.	.	.	0
truth_stvar	chr4	1440158	1440158	.	1	5	4	0|1	.	.	.	.	.	-	-	ref	yes	1	.	.	.	0
truth_stvar	chr4	1440158	1440158	.	1	7	6	1|0	.	.	.	.	.	-	-	yes	ref	1	.	.	.	0
truth_smvar	chr4	1440158	1440158	.	1	5,7	6	2|1	.	.	.	.	.	-	-	no:duplicate_of_stvar	no:duplicate_of_stvar	1	.	.	.	0
vg	chr4	1440158	1440158	>148893889>148893899	1	5	4	1|2	1	156.765	PASS	-	TP	.	.	.	.	.	.	.	.	0
vg	chr4	1440158	1440158	>148893889>148893899	1	7	6	1|2	1	156.765	PASS	-	TP	.	.	.	.	.	.	.	.	0
pangenie	chr4	1440158	1440158	chr4-1440158-INS->150342272>150342276>150342277>150342278>150342281>150342282-4	1	5	4	1/0	1	.	PASS	-	TP	.	.	.	.	.	.	.	.	0
pangenie	chr4	1440158	1440158	chr4-1440158-INS->150342272>150342275>150342276>150342277>150342278>150342281>150342282-5	1	6	5	0/1	1	.	PASS	-	FP	.	.	.	.	.	.	.	.	0
