region_id	stratum	method	size.nodes_per_kb	size.node_len_mean	size.node_len_median	size.node_frac_1bp	size.edges_per_kb	size.bubbles	size.largest_bubble_alleles	size.distinct_walks	alignment.all_cost_over_opt	alignment.all_pair_ratio_median	alignment.all_excess_per_kb	alignment.all_frac_pairs_optimal	alignment.ref_cost_over_opt	alignment.affine_all_cost_over_opt	alignment.affine_ref_cost_over_opt	alignment.affine_all_excess_per_kb	alignment.all_U_per_kb	inflation.sv_pieces_median	inflation.sv_pieces_mean	inflation.anchored_over_free	inflation.indel_bp_ratio	inflation.indel_bp_excess_per_kb	redundancy.kmer_frac_extra	redundancy.kmer_extra_per_kb	truth.d_graph_sum	truth.h1_d_graph	truth.h2_d_graph	truth.d_panel_sum	truth.truvari.raw_f1	truth.truvari.refined_f1	truth.truvari.phab_f1	truth.truvari.records_sv	reads.all_unique	reads.all_redundant_only	reads.all_tandem	reads.all_ratio_mean	reads.mqlt5_redundant_only	reads.mqlt5_ratio_mean
L000034	hotspot_vntr	mc	1154.62	1.812	1	0.7456	1368.57	49	21	32	2.7264	3.4399	304.35	0.0054	2.7335	2.3028	2.2915	619.14	19.7	7.0	6.6364	2.7335	3.2111	261.86	0.57903	2693.59	15	7	8	321	0.2667	1.0	1.0	18	0.3721	0.4474	0.1727	2.1667	0.5522	2.553
L000289	hotspot_vntr	mc	1680.66	1.576	1.0	0.7639	2154.31	14	34	34	1.6301	1.5663	328.63	0.0	1.5859	1.5709	1.5303	660.92	55.32	6.0	7.2424	1.5859	1.5551	272.49	0.81187	9365.47	7	5	2	690	0.4211	1.0	1.0	19	0.6174	0.1636	0.2006	1.9308	0.2085	2.2958
L000308	control_vntr_matched	mc	51.85	20.028	1	0.5023	60.86	23	6	9	1.7879	1.9358	194.5	0.2024	1.0233	1.4052	1.0136	258.68	3.99	1.0	1.6061	1.0233	1.0271	7.72	0.06543	76.68	0	0	0	0	1.0	1.0	1.0	3	0.9244	0.0586	0.0151	1.0597	0.2812	1.2969
L000381	control_vntr_matched	mc	72.67	14.24	1	0.5406	82.89	71	3	8	1.0169	1.0	0.12	0.8726	1.0236	1.0123	1.0174	0.22	0.0	1.0	1.0303	1.0236	1.7263	13.45	0.00919	11.08	0	0	0	1	1.0	1.0	1.0	1	0.9933	0.006	0.0	1.006	0.0303	1.0312
L000407	control_vntr_correct	mc	87.44	12.265	3.0	0.4244	100.29	32	3	9	1.2836	1.0104	9.61	0.3708	1.0888	1.2509	1.0482	19.32	0.38	1.0	0.5758	1.0888	1.1032	1.99	0.10446	127.48	0	0	0	0	1.0	1.0	1.0	1	0.819	0.181	0.0	1.1857	0.6238	1.6436
L000506	control_nontr_sv	mc	30.12	33.265	1.0	0.5294	32.77	1	5	5	1.0	1.0	0.0	1.0	1.0	1.0	1.0	0.0	0.0	0.0	0.4545	1.0	1.0	0.0	0.0071	7.09	0	0	0	0	1.0	1.0	1.0	1	0.9231	0.0769	0.0	1.188	0.3333	2.0
L000698	control_vntr_correct	mc	52.72	24.158	1.0	0.5217	59.31	15	4	9	1.0573	1.0	1.95	0.8088	1.093	1.0271	1.0405	1.99	0.47	2.0	2.0303	1.093	1.1792	38.14	0.01745	23.5	0	0	0	0	1.0	1.0	1.0	2	0.8958	0.0271	0.0771	1.0365	0.1429	1.1429
L000709	control_vntr_matched	mc	18.85	53.085	1.0	0.5169	19.33	4	2	3	1.0	1.0	0.0	1.0	1.0	1.0	1.0	0.0	0.0	0.0	0.4545	1.0	1.0	0.0	0.00158	1.6	4	0	4	4	1.0	1.0	1.0	1	0.9771	0.0055	0.0173	1.0055	0.0	1.0
L001084	hotspot_vntr	mc	1550.27	4.78	1	0.6833	1763.49	4	33	33	1.4474	1.4541	215.4	0.0	1.7039	1.4375	1.6673	436.01	183.62	13.0	12.1818	1.7039	1.7073	243.75	0.74366	8131.07	1	0	1	358	0.1111	1.0	1.0	24	0.0824	0.2788	0.636	4.3881	0.2961	4.4682
L001264	hotspot_vntr	mc	1875.91	2.172	1	0.7228	2331.02	62	32	34	1.7427	1.6752	402.89	0.0	1.8276	1.6703	1.7241	789.84	46.82	6.0	5.7879	1.8276	1.8291	312.81	0.76341	9874.46	35	13	22	749	0.1818	1.0	1.0	12	0.2527	0.1708	0.5587	3.8617	0.1594	4.2665
L001491	control_vntr_correct	mc	212.82	6.707	1	0.5521	240.76	31	4	9	1.0128	1.0087	2.87	0.3232	1.0087	1.0042	1.0023	1.96	0.45	1.0	0.5152	1.0087	1.0	0.0	0.03784	73.13	2	2	0	3	1.0	1.0	1.0	2	0.9443	0.0	0.0352	1.0015	0.0	1.0043
L001527	control_nontr_sv	mc	51.19	19.741	1.0	0.5862	67.08	9	10	12	1.0001	1.0	0.02	0.981	1.0	1.0	1.0	0.0	0.0	0.0	0.2727	1.0	1.0	0.0	0.00758	8.83	0	0	0	0	1.0	1.0	1.0	1	0.9703	0.0297	0.0	1.1683	0.0	1.0
L001894	control_vntr_matched	mc	55.87	18.734	1	0.5014	64.39	47	3	5	1.2726	1.0	7.84	0.6814	1.6769	1.1933	1.2534	12.63	0.15	3.0	2.9697	1.6769	11.2355	53.06	0.03572	42.72	0	0	0	0	1.0	1.0	1.0	3	0.9639	0.0333	0.0021	1.0336	0.45	1.45
L001899	control_vntr_matched	mc	218.99	5.606	2	0.4779	235.83	13	3	9	1.3566	1.0	34.4	0.5338	1.2551	1.3313	1.2376	68.0	6.45	1.0	0.7576	1.2551	1.2733	15.84	0.20556	279.22	0	0	0	0	1.0	1.0	1.0	1	0.4043	0.3609	0.2348	1.6235	0.4315	1.8233
L001909	hotspot_vntr	mc	819.86	4.045	1	0.5264	983.46	117	17	34	1.9587	2.0044	302.81	0.0	2.1284	1.8989	2.0695	615.65	58.95	17.0	16.7879	2.1284	2.146	302.9	0.73795	4198.28	55	7	48	1052	0.2	1.0	1.0	31	0.1798	0.1244	0.6883	4.6968	0.1289	4.7836
L001922	control_vntr_correct	mc	236.02	4.348	1.0	0.5419	245.91	7	12	12	1.0146	1.0042	4.51	0.2407	1.0107	1.0185	1.0161	11.53	0.09	0.0	0.4545	1.0107	1.0091	1.66	0.06791	77.36	0	0	0	0	1.0	1.0	1.0	1	0.5728	0.1265	0.2888	1.2488	0.1643	1.469
L002013	hotspot_vntr	mc	1435.97	2.265	1	0.7285	1760.79	47	32	32	1.4062	1.342	212.25	0.0	1.7103	1.4163	1.6895	465.46	13.6	10.0	9.5455	1.7103	1.7589	259.62	0.62078	5230.77	0	0	0	1172	0.15	0.15	0.8462	25	0.2275	0.1206	0.6443	2.3355	0.1145	2.4658
L002096	hotspot_vntr	mc	682.18	4.184	1.0	0.5377	768.67	57	25	33	1.713	1.1568	165.6	0.075	1.7081	1.6471	1.5966	322.82	11.22	11.0	11.3333	1.7081	1.7022	340.24	0.38119	1486.63	31	31	0	39	0.4667	1.0	1.0	16	0.25	0.1324	0.598	1.5518	0.1262	1.6158
L002143	hotspot_vntr	mc	317.75	5.576	1.0	0.6139	368.01	121	16	23	2.4038	2.0255	92.28	0.2233	5.0202	2.0343	3.9204	174.6	18.87	13.0	13.5758	5.0202	8.4533	192.6	0.48109	1184.27	3	0	3	72	0.3871	1.0	1.0	23	0.3758	0.2357	0.3848	2.1392	0.3598	2.6639
L002182	hotspot_vntr	mc	2147.82	2.407	1	0.7352	2525.13	13	31	32	1.3521	1.1563	189.99	0.0054	1.9406	1.3477	1.8455	394.4	55.06	5.0	5.4545	1.9406	1.948	375.97	0.69453	7574.12	0	0	0	19	0.0	1.0	1.0	9	0.3565	0.3535	0.284	2.0942	0.4519	2.3619
L002292	control_nontr_sv	mc	27.03	37.102	1	0.5085	30.69	3	4	6	1.0	1.0	0.0	1.0	1.0	1.0	1.0	0.0	0.0	0.0	0.4545	1.0	1.0	0.0	0.00044	0.46	0	0	0	0	1.0	1.0	1.0	1	0.9839	0.0161	0.0	1.0482		
L002884	control_vntr_matched	mc	85.84	12.711	3	0.3815	92.45	25	2	12	1.0131	1.0	0.15	0.9091	1.0185	1.0032	1.0054	0.08	0.02	1.0	1.0303	1.0185	1.0541	4.41	0.0151	18.23	2	0	2	2	1.0	1.0	1.0	1	0.6995	0.066	0.2345	1.0831	0.0814	1.1256
L002940	hotspot_other	mc	339.09	5.094	2.0	0.4073	440.02	23	20	26	1.2688	1.2215	83.79	0.0481	1.2914	1.2467	1.2662	173.5	35.39	5.0	3.6667	1.2914	1.3671	86.69	0.38504	1059.32	0	0	0	24	0.1667	1.0	1.0	9	0.4018	0.4417	0.1442	2.132	0.5628	2.5778
L003119	control_vntr_correct	mc	25.44	39.365	2.0	0.4865	26.81	5	2	6	1.0009	1.0	0.09	0.9297	1.0009	1.0012	1.0013	0.26	0.0	1.0	0.9697	1.0009	1.0008	0.36	0.0	0.0	0	0	0	0	1.0	1.0	1.0	1	0.3775	0.0596	0.5629	1.0762	0.0875	1.1187
L003171	control_nontr_sv	mc	39.47	25.405	1.0	0.5476	42.29	4	2	2	1.003	1.003	1.11	0.0	1.003	1.0	1.0	0.0	0.0	1.0	1.0	1.003	1.0	0.0	0.00889	9.4	0	0	0	0	1.0	1.0	1.0	1	1.0	0.0	0.0	1.0	0.0	1.0
L003672	control_vntr_correct	mc	61.17	17.101	2.5	0.4557	67.36	16	2	7	1.3072	1.3089	23.15	0.2361	1.3098	1.0146	1.0147	3.02	0.0	0.0	0.9697	1.3098	3.0904	40.56	0.03032	34.84	0	0	0	0	1.0	1.0	1.0	2	0.8422	0.109	0.0487	1.1121	0.3333	1.358
L003695	hotspot_other	mc	225.73	6.392	2.0	0.458	287.13	8	12	12	1.6638	1.6957	96.46	0.0	2.2277	1.676	2.1654	223.55	9.31	4.0	4.2424	2.2277	2.3438	153.33	0.40638	891.65	0	0	0	0	0.1818	1.0	1.0	8	0.3204	0.3564	0.3204	2.5644	0.4556	3.0998
L003826	control_vntr_matched	mc	438.31	3.293	1	0.5854	520.08	35	31	33	1.9879	2.709	77.1	0.0071	2.347	1.8132	1.9644	157.19	28.74	2.0	2.3333	2.347	3.1945	83.46	0.28554	687.08	2	0	2	30	0.4	0.4		4	0.3261	0.5364	0.1348	3.0476	0.674	3.7019
L003828	hotspot_other	mc	687.95	1.676	1.0	0.7739	765.73	9	26	26	1.0713	1.0536	30.76	0.0073	1.0327	1.1257	1.0706	111.02	78.06	15.0	13.8788	1.0327	1.0259	23.86	0.37895	738.63	0	0	0	48	0.16	1.0	1.0	19	0.2155	0.5345	0.25	2.9685	0.5444	3.0956
L003872	control_vntr_matched	mc	160.07	6.708	2	0.4038	198.65	77	5	7	1.2403	1.2563	23.99	0.2119	1.2289	1.1189	1.1215	35.07	0.27	2.0	1.0303	1.2289	1.9978	33.11	0.14432	229.44	0	0	0	0	1.0	1.0	1.0	2	0.8634	0.1347	0.0	1.1349	0.4184	1.4184
L003883	control_nontr_sv	mc	99.03	45.39	1.0	0.5366	108.7	2	3	3	1.0003	1.0003	0.4	0.0525	1.0003	1.0	1.0	0.0	0.0	1.0	0.5152	1.0003	1.0	0.0	0.0	0.0	0	0	0	0	1.0	1.0	1.0	1	0.9974	0.0026	0.0	1.0026	0.0	1.0
L004021	control_vntr_matched	mc	106.24	9.482	1.0	0.5487	114.13	43	6	20	1.0215	1.0	1.01	0.8283	1.0072	1.0063	1.0154	0.62	0.0	1.0	1.2121	1.0072	1.0309	1.04	0.00921	10.47	0	0	0	1	1.0	1.0	1.0	1	0.9793	0.019	0.0	1.019	0.0345	1.0357
L004145	hotspot_vntr	mc	315.5	4.696	1.0	0.5388	355.74	212	25	31	1.8095	1.918	159.11	0.0182	1.8408	1.4744	1.533	280.48	70.35	4.0	10.3871	1.8408	2.044	157.71	0.21826	411.74	1	0	1	10	0.3256	1.0	1.0	18	0.6931	0.2734	0.0335	1.5418	0.6733	2.4119
L004620	control_nontr_sv	mc	34.98	28.647	2.0	0.4706	38.07	2	4	5	1.0	1.0	0.0	1.0	1.0	1.0	1.0	0.0	0.0	1.0	0.5152	1.0	1.0	0.0	0.00988	10.29	0	0	0	0	1.0	1.0	1.0	1	0.9375	0.0625	0.0	1.0625	0.0	1.0
L004848	hotspot_other	mc	972.95	1.755	1.0	0.7561	1255.34	45	18	30	1.752	1.7992	165.42	0.0	1.5407	1.7641	1.5525	403.28	21.99	6.0	5.3333	1.5407	1.5095	137.26	0.70683	4513.05	4	4	0	99	0.5	0.5		5	0.3636	0.3058	0.1777	2.6945	0.2875	2.7942
L004989	hotspot_other	mc	416.02	3.19	1.0	0.6297	543.38	20	28	29	1.6528	1.75	129.52	0.0072	1.2396	1.6052	1.2958	276.73	16.34	5.0	5.1515	1.2396	1.2115	73.04	0.45853	1233.04	0	0	0	88	0.1818	1.0	1.0	8	0.4027	0.3557	0.2282	2.5368	0.4819	3.2505
L005064	hotspot_other	mc	448.35	3.838	2	0.4424	526.59	45	23	29	1.2478	1.231	43.15	0.1099	1.2526	1.2351	1.2517	89.43	19.13	1.0	1.5758	1.2526	1.2811	28.28	0.45072	1160.15	1	0	1	60	0.5714	1.0	1.0	5	0.5187	0.1847	0.2735	1.8268	0.2532	2.502
L005261	hotspot_other	mc	1030.27	2.742	1	0.5537	1360.88	51	8	26	1.089	1.0858	35.39	0.0446	1.0506	1.1749	1.1319	145.92	2.33	4.0	3.3636	1.0506	1.0323	12.98	0.58503	3884.75	30	29	1	146	0.0	1.0	1.0	8	0.5714	0.3333	0.0909	1.7674	0.4815	2.1822
L005411	hotspot_vntr	mc	612.31	2.849	1.0	0.6347	707.7	158	4	33	5.603	7.0643	311.15	0.0	2.1788	4.5685	2.0012	641.95	28.41	9.0	10.1515	2.1788	2.2884	256.65	0.66424	2171.42	8	8	0	157	0.2222	1.0	1.0	23	0.1281	0.6256	0.2279	3.6253	0.6592	3.7539
L005481	hotspot_vntr	mc	299.87	4.833	1	0.5249	356.53	30	13	23	1.5979	1.7947	69.62	0.1617	3.2254	1.6053	2.7603	149.42	9.15	8.0	7.6364	3.2254	3.8595	378.21	0.42886	918.82	14	0	14	71	0.0	1.0	1.0	10	0.3811	0.2693	0.3295	2.1473	0.3738	2.662
L005618	hotspot_other	mc	762.14	2.431	1.0	0.6718	1026.52	46	20	32	1.5981	1.393	149.19	0.0	1.3278	1.603	1.4126	360.43	12.0	2.0	3.3636	1.3278	1.2592	62.91	0.78065	5756.56	3	2	1	304	0.597	1.0	1.0	8	0.52	0.2523	0.1477	2.0796	0.3568	2.7446
L005688	control_nontr_sv	mc	203.65	7.034	1	0.6207	262.64	38	3	5	1.0167	1.0172	3.56	0.3571	1.0167	1.0029	1.0029	1.47	7.35	1.0	0.8182	1.0167	1.0158	4.01	0.0	0.0	0	0	0	0	1.0	1.0	1.0	1	1.0	0.0	0.0	1.0	0.0	1.0
L005990	hotspot_vntr	mc	530.94	3.767	1.0	0.5536	620.8	59	28	32	1.2107	1.0941	34.38	0.0786	1.6682	1.2336	1.6278	80.86	36.09	9.0	10.4839	1.6682	1.674	150.74	0.38122	1161.62	21	21	0	238	0.2353	1.0	1.0	12	0.4579	0.096	0.4293	1.8501	0.1317	2.3603
L006556	control_nontr_sv	mc	48.6	20.667	1	0.5778	52.92	4	3	4	1.0033	1.0033	1.12	0.1373	1.0033	1.0	1.0	0.0	0.0	1.0	0.5152	1.0033	1.0	0.0	0.005	5.4	0	0	0	0	1.0	1.0	1.0	1	0.9923	0.0077	0.0	1.0077	0.0	1.0
L006952	hotspot_vntr	mc	947.98	1.835	1.0	0.6514	1275.49	18	21	28	1.0841	1.0152	52.08	0.0333	1.1885	1.1341	1.2294	172.26	23.99	7.0	5.9697	1.1885	1.1656	81.15	0.76176	5452.77	0	0	0	30	0.3077	1.0	1.0	9	0.5321	0.2226	0.0717	2.2213	0.2	2.4692
L007009	hotspot_vntr	mc	882.55	3.426	1	0.6562	994.44	8	24	27	1.0853	1.0037	79.07	0.0658	1.1599	1.0834	1.152	158.69	150.09	5.0	12.697	1.1599	1.1628	128.6	0.68091	3228.5	53	40	13	834	0.1562	1.0	1.0	35	0.1933	0.2123	0.5881	2.5983	0.2179	2.7828
L007033	control_vntr_correct	mc	278.0	4.803	1	0.556	281.94	5	3	3	1.0012	1.0014	1.54	0.0	1.001	1.0	1.0	0.0	6.51	1.0	1.0	1.001	1.0	0.0	0.2186	304.02	0	0	0	0	1.0	1.0	1.0	1	0.9608	0.0196	0.0196	1.0294	0.5	1.75
L007040	hotspot_vntr	mc	447.22	3.002	1	0.625	469.88	99	12	27	1.5665	2.1923	244.79	0.0309	1.0498	1.5149	1.0466	476.47	51.0	11.0	11.0	1.0498	1.0463	63.98	0.38657	660.61	3	3	0	33	0.069	0.069	0.9677	19	0.3046	0.3383	0.3558	2.2587	0.4007	2.5154
L007065	control_vntr_matched	mc	36.67	27.763	5.0	0.4359	39.73	8	7	9	1.0003	1.0	0.02	0.9515	1.0	1.0	1.0	0.0	0.0	1.0	0.5455	1.0	1.0	0.0	0.0068	7.29	0	0	0	0	1.0	1.0	1.0	1	0.9766	0.013	0.0104	1.0132	0.0	1.0
L007081	hotspot_vntr	mc	1394.51	2.46	1.0	0.7459	1860.01	48	27	33	1.1302	1.1145	55.58	0.0	1.1086	1.2188	1.1893	199.63	17.19	6.0	7.7576	1.1086	1.0991	47.02	0.56292	5701.94	84	83	1	502	0.2632	0.2632	0.9333	30	0.1658	0.2915	0.5226	3.8674	0.2652	4.2946
L007161	hotspot_other	mc	480.89	3.207	1	0.5684	535.21	32	21	25	3.1222	2.3365	333.09	0.2281	3.3916	2.4359	2.4859	613.38	67.41	3.0	3.303	3.3916	3.582	301.37	0.3351	708.54	0	0	0	0	0.1333	1.0	1.0	7	0.5617	0.1283	0.293	1.2776	0.137	1.4343
L007172	control_vntr_matched	mc	202.39	6.885	2	0.4795	238.95	13	9	11	1.1031	1.0173	18.52	0.4083	1.1154	1.0787	1.0978	29.86	5.91	1.0	0.6667	1.1154	1.1109	9.85	0.14166	246.59	0	0	0	0	1.0	1.0	1.0	1	0.6425	0.0412	0.3114	1.0936	0.0681	1.2046
L007184	hotspot_other	mc	180.69	7.821	2.0	0.453	221.62	8	14	21	1.3822	1.0491	71.89	0.2191	1.6549	1.3726	1.6369	150.28	23.46	2.0	1.9697	1.6549	1.6559	207.55	0.32993	623.94	0	0	0	8	0.6667	1.0	1.0	4	0.7054	0.1071	0.1786	1.3718	0.1852	1.9328
L007192	control_nontr_sv	mc	65.69	20.689	1	0.5556	78.83	5	6	11	1.0001	1.0	0.01	0.9903	1.0	1.0018	1.0015	0.61	0.0	0.0	0.2424	1.0	1.0	0.0	0.0109	16.06	0	0	0	0	1.0	1.0	1.0	1	0.9204	0.0796	0.0	1.2212	0.4444	2.3333
L007376	control_vntr_matched	mc	37.15	26.947	1	0.5104	38.39	5	8	9	1.0001	1.0	0.02	0.7533	1.0007	1.0	1.0	0.0	0.0	1.0	1.0606	1.0007	1.0	0.0	0.00217	2.22	1	0	1	1	1.0	1.0	1.0	1	0.9446	0.0073	0.0481	1.0076	0.033	1.0385
L007480	hotspot_other	mc	611.74	4.581	1.0	0.626	728.51	3	21	21	1.1607	1.1707	47.9	0.1191	1.1748	1.1806	1.1986	112.16	51.8	3.0	3.0606	1.1748	1.1582	41.03	0.44	1754.0	1	1	0	61	0.0	1.0	1.0	4	0.3947	0.2663	0.3341	2.1248	0.2842	2.507
L007687	control_vntr_matched	mc	140.26	8.159	1	0.6011	173.53	77	5	10	1.1116	1.0	8.79	0.7854	1.0745	1.111	1.0802	18.34	0.35	1.0	0.7879	1.0745	1.1214	5.25	0.22384	338.0	0	0	0	0	1.0	1.0	1.0	1	0.7221	0.1685	0.1072	1.193	0.3231	1.4
L007717	control_vntr_matched	mc	152.28	6.709	2.0	0.4036	174.42	59	8	21	1.0619	1.0342	3.85	0.2187	1.0374	1.0383	1.0128	5.82	0.02	0.0	0.5455	1.0374	1.2364	9.49	0.0795	112.07	2	2	0	2	1.0	1.0	1.0	1	0.956	0.0248	0.0151	1.0336	0.0	1.0455
L007798	hotspot_other	mc	1394.04	3.172	1.0	0.5599	1696.79	33	27	32	1.2639	1.2851	187.47	0.0018	1.3365	1.2626	1.3287	384.86	24.96	7.0	7.2424	1.3365	1.3269	201.45	0.54816	4765.6	8	0	8	797	0.1818	1.0	1.0	15	0.287	0.1217	0.5899	2.3478	0.1375	2.5817
L007844	hotspot_other	mc	1820.93	1.74	1.0	0.7461	2492.45	80	26	34	1.5958	1.6551	220.76	0.0018	1.6442	1.5924	1.6647	514.03	9.36	6.0	6.0909	1.6442	1.5859	216.56	0.77966	11797.28	148	148	0	724	0.4762	1.0	1.0	13	0.2986	0.3831	0.2197	2.2785	0.393	2.4564
L008216	hotspot_vntr	mc	360.51	4.818	1	0.5941	413.63	41	18	21	3.2348	3.769	314.63	0.1171	4.6448	2.9706	4.0317	633.22	28.09	9.0	8.4848	4.6448	6.0767	485.49	0.43117	1045.44	1	1	0	1	0.3158	1.0	1.0	15	0.4007	0.3502	0.2491	1.9022	0.4864	2.2923
L008631	control_nontr_sv	mc	49.79	29.714	1	0.5714	58.32	3	6	8	1.0002	1.0	0.03	0.9946	1.0	1.0004	1.0	0.15	0.0	0.0	0.1818	1.0	1.0	0.0	0.00929	14.22	0	0	0	0	1.0	1.0	1.0	1	0.9404	0.0596	0.0	1.1788	0.1282	1.4615
L008864	hotspot_vntr	mc	2673.39	2.685	1	0.6347	3274.99	4	28	28	1.5142	1.8577	287.91	0.0018	1.6915	1.5208	1.6788	625.27	47.78	8.0	8.4545	1.6915	1.6957	293.03	0.58758	8623.65	54	54	0	703	0.3448	1.0	1.0	21	0.247	0.3518	0.3933	2.715	0.3825	2.9918
L008877	hotspot_other	mc	1542.24	3.416	1.0	0.5816	1927.06	12	30	30	1.8776	1.6284	214.76	0.0503	1.3268	1.7245	1.2977	433.05	124.69	8.0	7.9394	1.3268	1.3306	149.43	0.61763	5767.4	20	6	14	178	0.5333	1.0	1.0	19	0.3451	0.2732	0.3451	2.0917	0.3488	2.4272
L008887	control_vntr_correct	mc	64.43	18.0	4	0.3772	69.44	14	2	7	1.1329	1.0	1.73	0.9063	1.1541	1.1197	1.154	3.6	0.65	2.0	2.0	1.1541	1.1609	20.7	0.03251	40.12	0	0	0	0	1.0	1.0	1.0	2	0.9716	0.0079	0.0205	1.0091	0.0455	1.0682
L008902	control_vntr_correct	mc	101.21	10.754	3	0.3404	121.45	57	2	7	1.2634	1.2818	15.68	0.1485	1.0241	1.0124	1.0009	2.47	0.0	1.0	1.0	1.0241	1.5547	17.14	0.04666	65.7	0	0	0	0	1.0	1.0	1.0	2	0.97	0.0194	0.0088	1.0221	0.0909	1.1364
L008976	hotspot_vntr	mc	2766.47	2.602	1.0	0.7257	3240.99	55	28	28	1.4362	1.3945	266.76	0.0	1.4229	1.4126	1.3935	531.88	169.34	4.0	5.1481	1.4229	1.4164	195.75	0.68634	9877.46	81	4	77	2129	0.2632	1.0	1.0	14	0.1866	0.1866	0.6142	2.9	0.1927	3.0698
L009000	hotspot_vntr	mc	724.59	1.927	1.0	0.6802	936.58	36	34	34	1.3073	1.3006	162.11	0.0	1.101	1.3251	1.128	385.59	9.71	12.0	15.6061	1.101	1.0734	75.21	0.74199	3922.14	4	4	0	780	0.2391	1.0	1.0	22	0.4007	0.2684	0.3272	3.0438	0.2428	3.4702
L009283	control_nontr_sv	mc	57.4	17.511	4	0.4444	62.5	5	2	4	1.0078	1.0074	1.17	0.1933	1.0074	1.0	1.0	0.0	0.0	0.0	0.4848	1.0074	1.0	0.0	0.00926	10.2	0	0	0	0	1.0	1.0	1.0	1	1.0	0.0	0.0	1.0	0.0	1.0
L009398	hotspot_vntr	mc	164.53	9.318	2	0.3396	208.61	22	6	25	1.4309	1.0192	153.53	0.0446	1.6718	1.4576	1.7006	336.41	11.58	8.0	6.0312	1.6718	1.6675	196.94	0.40909	788.83	0	0	0	63	0.3077	1.0	1.0	10	0.15	0.4556	0.3889	3.1638	0.4507	3.4447
L009448	hotspot_vntr	mc	2180.98	1.376	1	0.7852	2746.76	68	24	24	1.5653	1.4158	297.51	0.0	1.8617	1.6051	1.8515	715.34	20.7	14.0	13.3478	1.8617	1.8392	298.17	0.84701	11112.33	12	8	4	1312	0.2051	1.0	1.0	13	0.4641	0.2321	0.2632	2.1613	0.2151	2.381
L009600	control_nontr_sv	mc	29.64	37.233	1.5	0.5	29.64	1	2	2	1.0	1.0	0.0	1.0	1.0	1.0	1.0	0.0	0.0	1.0	1.0	1.0	1.0	0.0	0.00179	1.98	0	0	0	0	1.0	1.0	1.0	1	1.0	0.0	0.0	1.0	0.0	1.0
L009656	hotspot_vntr	mc	396.31	6.373	2	0.4572	473.9	11	22	26	1.3349	1.2162	82.68	0.1737	4.5184	1.3062	4.0847	162.96	39.87	8.0	7.8182	4.5184	4.9455	630.44	0.54461	1859.5	0	0	0	0	0.0	1.0	1.0	13	0.3844	0.2125	0.3949	1.6304	0.2348	1.847
L009658	hotspot_vntr	mc	492.2	4.357	1	0.54	576.59	27	31	31	2.9472	3.3427	420.76	0.002	1.5769	2.6027	1.523	828.09	83.49	17.0	17.7097	1.5769	1.5766	278.07	0.63946	1979.78	3	3	0	221	0.3404	1.0	1.0	31	0.1649	0.229	0.5812	2.6671	0.2519	2.865
L009770	control_vntr_matched	mc	73.05	13.904	2.0	0.462	77.96	15	5	7	1.007	1.0009	0.81	0.4754	1.0021	1.006	1.0001	1.41	2.56	1.0	1.0606	1.0021	1.0	0.0	0.05181	56.81	0	0	0	0	1.0	1.0	1.0	1	0.7711	0.0338	0.1951	1.0402	0.0813	1.1109
L009771	control_vntr_correct	mc	36.69	29.93	6	0.4186	40.1	5	2	2	1.0	1.0	0.0	1.0	1.0	1.0248	1.0248	4.89	0.0	1.0	1.0	1.0	1.0	0.0	0.01559	17.92	0	0	0	0	1.0	1.0	1.0	1	0.9505	0.0495	0.0	1.0495	0.25	1.25
L009803	hotspot_vntr	mc	803.2	1.684	1.0	0.7654	1045.06	186	27	30	1.3294	1.3378	153.58	0.0036	1.1339	1.3899	1.205	394.95	15.8	14.0	12.4545	1.1339	1.0835	51.06	0.77029	4218.06	0	0	0	370	0.4056	1.0	1.0	27	0.3622	0.3597	0.273	2.4435	0.411	2.6998
L009885	control_vntr_correct	mc	105.54	9.875	2.0	0.3795	119.69	15	16	17	1.0182	1.0	1.28	0.6824	1.1872	1.0289	1.1954	4.2	1.23	1.0	1.0606	1.1872	1.2572	17.06	0.07039	85.87	0	0	0	0	1.0	1.0	1.0	1	0.7484	0.2357	0.0096	1.3116	0.6522	1.9507
L010060	hotspot_other	mc	329.58	5.059	1.0	0.5911	403.42	7	18	24	1.8254	1.7489	121.18	0.0681	2.2444	1.7335	2.0496	242.24	19.09	3.0	3.4545	2.2444	2.5283	144.67	0.34321	870.25	0	0	0	0	0.6667	1.0	1.0	2	0.5494	0.3083	0.1265	1.4558	0.4786	1.6884
L010113	control_vntr_correct	mc	57.63	17.52	3	0.4509	62.29	14	2	8	1.0	1.0	0.0	1.0	1.0	1.0	1.0	0.0	0.0	0.0	0.4848	1.0	1.0	0.0	0.01417	15.32	0	0	0	0	1.0	1.0	1.0	1	0.9323	0.0541	0.0135	1.0547	0.0909	1.101
L010328	hotspot_vntr	mc	3301.7	3.02	2	0.4889	3918.03	15	29	29	1.9062	2.2253	448.79	0.0	1.6433	1.8472	1.6181	902.21	98.73	8.0	8.7812	1.6433	1.639	335.33	0.74306	12232.99	49	3	46	533	0.2857	1.0	1.0	18	0.2686	0.2635	0.4576	2.5712	0.2987	2.9271
L010350	control_vntr_matched	mc	31.58	32.652	5	0.4592	33.48	15	2	11	1.0	1.0	0.0	1.0	1.0	1.0	1.0	0.0	0.08	1.0	0.6364	1.0	1.0	0.0	0.00267	2.85	0	0	0	0	1.0	1.0	1.0	1	0.9733	0.0049	0.0218	1.0049	0.0111	1.0111
L010452	control_nontr_sv	mc	34.87	30.857	1.5	0.5	37.36	3	2	2	1.0	1.0	0.0	1.0	1.0	1.0	1.0	0.0	0.0	1.0	0.9697	1.0	1.0	0.0	0.00674	7.47	0	0	0	0	1.0	1.0	1.0	1	0.8103	0.1897	0.0	1.1897	0.5	1.5
L010508	control_vntr_correct	mc	72.28	14.169	1	0.5098	77.1	18	2	11	1.0023	1.0	0.03	0.9956	1.0007	1.0014	1.0	0.04	0.0	1.0	0.5152	1.0007	1.125	1.2	0.00864	9.64	0	0	0	0	1.0	1.0	1.0	1	0.9841	0.0111	0.0048	1.0111	0.0667	1.0667
L011121	control_vntr_correct	mc	67.42	17.547	2.0	0.4826	77.62	10	6	10	1.1276	1.0	7.41	0.7778	1.1655	1.1134	1.1355	13.79	0.25	1.0	1.1515	1.1655	1.1898	22.94	0.04617	62.33	0	0	0	0	1.0	1.0	1.0	1	0.916	0.0336	0.0485	1.0435	0.0548	1.0854
L011138	hotspot_vntr	mc	861.44	5.725	1.0	0.6095	927.93	25	28	28	1.3392	1.258	144.89	0.0677	1.6188	1.3304	1.548	290.68	340.24	4.0	6.3125	1.6188	1.6647	207.12	0.60126	3566.89	1	1	0	3	0.0	1.0	1.0	7	0.0577	0.3177	0.6201	2.7657	0.3207	2.8085
L011224	control_vntr_correct	mc	157.16	8.165	2	0.4296	176.95	36	2	13	1.027	1.0112	3.42	0.2671	1.012	1.0072	1.0047	2.04	1.01	1.0	1.0	1.012	1.016	1.52	0.0405	63.64	1	0	1	1	1.0	1.0	1.0	2	0.8076	0.0252	0.1655	1.0454	0.0087	1.0691
L011227	control_vntr_matched	mc	136.73	8.901	2.0	0.4332	156.93	39	3	11	1.2238	1.0	11.62	0.7269	1.165	1.1767	1.1534	20.34	1.06	1.0	0.6667	1.165	1.1873	5.56	0.13855	198.45	0	0	0	0	1.0	1.0	1.0	1	0.535	0.1216	0.3359	1.2202	0.2323	1.4269
L011430	control_vntr_matched	mc	207.06	5.227	2	0.3602	239.86	57	6	13	1.3614	1.172	17.92	0.2321	1.1691	1.1868	1.1026	26.07	0.14	0.0	0.5152	1.1691	1.9243	25.06	0.20217	306.1	0	0	0	0	1.0	1.0	1.0	1	0.7857	0.1687	0.0258	1.2076	0.4696	1.6232
L011463	hotspot_vntr	mc	278.33	4.524	1.0	0.5257	330.38	117	10	27	2.1673	2.2473	172.58	0.1033	1.6001	1.5674	1.3202	248.92	6.67	10.0	9.4242	1.6001	1.8411	167.72	0.22414	427.19	24	0	24	64	0.3947	0.3947	0.9333	17	0.5977	0.3123	0.09	1.7022	0.6389	2.535
L011931	control_nontr_sv	mc	74.61	25.403	1.0	0.6528	84.97	4	8	8	1.0012	1.0012	0.49	0.2684	1.0012	1.0	1.0	0.0	0.0	1.0	0.5152	1.0012	1.0	0.0	0.00727	14.51	0	0	0	0	1.0	1.0	1.0	1	0.9565	0.0435	0.0	1.087	0.0	1.0
L012184	hotspot_vntr	mc	1952.51	1.836	1.0	0.8247	2198.57	9	31	31	1.5992	1.7542	137.01	0.0566	1.2372	1.6118	1.2845	342.13	41.18	17.0	15.0645	1.2372	1.219	118.73	0.53872	3362.26	6	6	0	99	0.44	1.0	1.0	31	0.175	0.1812	0.6238	2.5112	0.1912	2.5903
L012256	hotspot_other	mc	260.6	9.673	2	0.3485	301.46	11	24	30	1.7445	1.2298	231.9	0.1241	3.5413	1.7118	3.3624	469.82	45.58	7.0	6.1212	3.5413	3.5927	663.29	0.55902	1640.26	0	0	0	7	0.1333	1.0	1.0	10	0.3857	0.317	0.2875	2.4739	0.4369	3.0852
L012272	hotspot_vntr	mc	111.49	18.169	1.0	0.6414	128.09	1	31	31	1.254	1.0461	9.09	0.1658	1.1528	1.148	1.148	20.44	456.6	6.0	6.2121	1.1528	1.2262	13.27	0.51525	1160.02	3	1	2	147	0.3571	1.0	1.0	13	0.1382	0.5052	0.3403	2.726	0.544	2.8974
L012294	hotspot_vntr	mc	1201.9	6.944	2.0	0.4949	1473.79	7	20	33	1.4185	1.3085	267.09	0.0	1.6092	1.4221	1.5998	563.38	43.75	9.0	10.0909	1.6092	1.6295	278.6	0.62849	7474.62	1	1	0	489	0.3846	1.0	1.0	18	0.1398	0.1592	0.6971	3.7605	0.1341	4.064
L012313	control_vntr_matched	mc	44.08	23.298	1	0.5674	51.27	22	2	14	1.0702	1.0	1.71	0.5094	1.3288	1.0086	1.0	0.5	0.0	2.0	1.6364	1.3288	2.3528	25.55	0.01199	13.75	1	1	0	1	1.0	1.0	1.0	2	0.8918	0.0371	0.0711	1.0386	0.1008	1.105
L012489	hotspot_other	mc	245.38	5.939	1.0	0.529	311.52	34	29	30	1.7362	1.6821	92.16	0.0252	2.0741	1.3146	1.6148	115.31	8.19	4.0	4.2121	2.0741	2.8924	131.29	0.18628	442.39	0	0	0	15	0.1818	0.6667	1.0	8	0.5019	0.3745	0.1236	1.8856	0.5486	2.4609
L012530	control_nontr_sv	mc	51.41	19.65	2.0	0.475	60.41	7	3	7	1.0	1.0	0.0	1.0	1.0	1.0	1.0	0.0	0.0	0.0	0.4848	1.0	1.0345	2.58	0.0	0.0	0	0	0	0	1.0	1.0	1.0	1	0.9355	0.0645	0.0	1.0645		
L013000	control_vntr_correct	mc	96.26	10.563	1.0	0.5364	110.28	1	22	22	1.0049	1.0	0.45	0.8799	1.0256	1.0038	1.0185	0.73	0.12	1.0	1.0	1.0256	1.0467	10.67	0.07991	100.93	1	1	0	2	1.0	1.0	1.0	1	0.7397	0.062	0.157	1.0876	0.0619	1.0895
L013064	hotspot_other	mc	445.9	3.375	1.0	0.5316	552.09	61	13	32	2.1158	2.3644	96.21	0.0984	2.1387	1.6782	1.8063	189.56	9.62	4.0	3.7879	2.1387	2.2877	194.26	0.39166	1147.96	5	5	0	84	0.6154	1.0	1.0	8	0.7849	0.1977	0.0174	1.2703	0.5581	1.8488
L013074	control_vntr_correct	mc	16.8	59.583	1	0.5652	17.97	9	2	3	1.0015	1.0	0.43	0.8675	1.0015	1.0	1.0	0.0	0.0	1.0	1.0	1.0015	1.0	0.0	0.00171	1.75	0	0	0	0	1.0	1.0	1.0	1	0.9976	0.0	0.0	1.0	0.0	1.0
L013244	hotspot_vntr	mc	396.26	11.819	2.0	0.4863	434.3	9	16	17	1.4401	1.8225	174.76	0.0676	1.6418	1.4378	1.6355	358.16	143.9	5.0	10.4545	1.6418	1.6323	153.77	0.35458	1823.09	0	0	0	0	0.4	1.0	1.0	21	0.1321	0.1065	0.7554	1.9002	0.0965	1.9594
L013399	control_nontr_sv	mc	22.8	95.933	2	0.4667	24.32	2	2	3	1.0	1.0	0.0	1.0	1.0	1.0	1.0	0.0	0.0	1.0	0.7879	1.0	1.0	0.0	0.0	0.0	0	0	0	0	1.0	1.0	1.0	1	0.9957	0.0043	0.0	1.0043	0.0	1.0
L013531	hotspot_other	mc	502.68	2.958	1	0.6091	607.42	6	21	21	1.4129	1.4841	94.07	0.0168	1.1047	1.4036	1.1354	203.97	36.21	6.0	5.4545	1.1047	1.0982	42.89	0.42903	1118.5	5	0	5	29	0.4444	1.0	1.0	13	0.4804	0.2843	0.1176	1.7361	0.3333	2.7353
L014111	control_vntr_matched	mc	56.45	18.374	1.0	0.5294	68.55	51	3	4	1.112	1.0993	7.1	0.1599	1.1153	1.0022	1.0023	0.38	0.0	2.0	1.0606	1.1153	4.6202	29.44	0.01803	22.3	0	0	0	0	1.0	1.0	1.0	2	0.997	0.0015	0.0	1.0015	0.0	1.0
L014160	hotspot_vntr	mc	518.13	2.787	1.0	0.5886	594.77	80	30	34	1.5999	1.6449	115.93	0.098	1.8258	1.4704	1.5686	228.12	22.28	7.0	9.0909	1.8258	2.047	162.18	0.34894	799.57	3	0	3	32	0.3333	1.0	1.0	17	0.7387	0.2133	0.0466	1.4204	0.5167	2.1693
L014181	control_vntr_matched	mc	186.58	6.147	2.0	0.4334	204.02	64	3	5	1.1693	1.035	20.12	0.4841	1.0719	1.1429	1.0442	37.73	12.89	1.0	1.2727	1.0719	1.0792	4.68	0.1107	144.03	0	0	0	0	1.0	1.0	1.0	1	0.7668	0.1466	0.0824	1.1656	0.3688	1.4328
L014210	hotspot_vntr	mc	561.15	4.266	1	0.6053	643.41	13	13	13	2.2863	2.4991	334.23	0.0879	2.7738	2.1006	2.3532	663.65	163.23	9.0	8.0606	2.7738	2.9759	378.05	0.60057	2161.53	24	0	24	27	0.1579	1.0	1.0	17	0.2363	0.4102	0.347	2.2754	0.4949	2.4959
L014297	hotspot_vntr	mc	443.23	2.665	1	0.609	503.32	45	6	15	1.3028	1.1753	60.8	0.2093	1.3857	1.3442	1.3724	143.67	4.17	9.0	9.3333	1.3857	1.3427	143.53	0.41914	811.42	0	0	0	0	0.5714	0.5714	1.0	9	0.3123	0.3422	0.3322	2.2862	0.3857	2.5977
L014324	control_vntr_correct	mc	136.44	10.915	1	0.5423	148.77	24	5	6	1.5589	1.0	54.55	0.5742	1.1456	1.5568	1.1289	112.26	31.67	1.0	1.1212	1.1456	1.1455	22.72	0.26262	432.38	0	0	0	0	1.0	1.0	1.0	1	0.4586	0.4478	0.0935	1.5319	0.6508	1.7839
L014358	hotspot_vntr	mc	717.41	5.472	1.0	0.5039	899.22	28	27	31	1.7424	1.2876	229.82	0.0036	1.6499	1.7421	1.6754	486.8	34.68	2.0	2.2121	1.6499	1.6524	168.88	0.64097	4107.82	11	0	11	239	0.3333	1.0	1.0	9	0.1389	0.2381	0.623	3.8276	0.2045	4.0139
L014426	control_vntr_correct	mc	51.96	19.347	3.0	0.4286	60.45	7	3	9	1.0767	1.047	15.62	0.3203	1.0037	1.0524	1.0005	22.54	1.13	0.0	0.9697	1.0037	1.0076	1.1	0.04716	54.08	1	1	0	1	1.0	1.0	1.0	2	0.8659	0.1226	0.0115	1.1379	0.0625	1.0625
L014899	control_nontr_sv	mc	19.0	52.684	11	0.4737	20.0	2	2	2	1.0	1.0	0.0	1.0	1.0	1.0	1.0	0.0	0.0	1.0	0.5455	1.0	1.0	0.0	0.0	0.0	0	0	0	0	1.0	1.0	1.0	1	1.0	0.0	0.0	1.0		
L015126	hotspot_other	mc	838.07	2.329	1	0.6194	1072.07	18	30	30	2.2007	2.9121	173.71	0.0036	3.2935	2.1366	2.6504	397.0	39.47	6.0	6.1818	3.2935	3.7703	315.99	0.69605	3195.22	0	0	0	12	0.1818	1.0	1.0	9	0.5556	0.2168	0.1084	2.2811	0.3351	3.3925
L015223	control_vntr_matched	mc	102.11	14.843	3	0.3594	119.91	46	3	4	1.1007	1.0976	28.02	0.24	1.1075	1.0112	1.014	7.22	0.84	2.0	1.8788	1.1075	1.1145	42.06	0.0536	95.57	0	0	0	0	1.0	1.0	1.0	2	0.9389	0.0292	0.0319	1.0299	0.069	1.0862
L015285	control_vntr_correct	mc	85.79	11.687	2.0	0.4826	88.4	7	3	4	1.0049	1.0049	0.35	0.0997	1.0049	1.0	1.0	0.0	0.0	1.0	0.5152	1.0049	1.0	0.0	0.00744	7.83	0	0	0	0	1.0	1.0	1.0	1	0.9341	0.0019	0.064	1.0235	0.0139	1.1664
L015331	hotspot_vntr	mc	859.53	2.876	1.0	0.5978	1042.49	65	30	30	1.81	1.6073	203.34	0.0307	1.945	1.7932	1.9217	430.51	121.3	8.0	6.8485	1.945	1.9506	173.82	0.69909	3573.02	0	0	0	1	0.0909	1.0	1.0	16	0.2092	0.183	0.5997	4.4231	0.2115	4.9632
L015347	hotspot_vntr	mc	1987.66	4.244	1.0	0.5638	2175.11	7	29	29	1.5705	1.5599	336.99	0.0	1.6777	1.475	1.5989	607.7	195.05	14.0	13.8571	1.6777	1.706	323.86	0.8075	8922.25	207	177	30	2036	0.1538	0.1538	0.9767	39	0.2022	0.1882	0.6039	4.1391	0.198	4.3231
L015415	hotspot_vntr	mc	483.01	5.421	1	0.5657	544.11	37	11	14	1.1837	1.0788	102.91	0.0331	1.2588	1.1904	1.2382	216.28	3.57	7.0	6.3333	1.2588	1.2329	106.78	0.44137	1503.95	0	0	0	0	0.4545	1.0	1.0	12	0.2611	0.1504	0.5819	2.1779	0.1645	2.4543
L015708	hotspot_other	mc	148.83	7.452	2	0.4594	172.65	48	9	24	3.303	3.6471	57.32	0.0622	4.7685	2.7298	3.5921	118.45	0.09	3.0	2.7879	4.7685	6.7687	72.67	0.16267	236.88	0	0	0	3	0.0	0.0		3	0.5493	0.284	0.1667	2.2982	0.4694	3.2246
L015743	control_vntr_correct	mc	18.78	53.344	1.5	0.5	21.08	10	2	7	1.0026	1.0	0.44	0.8431	1.0027	1.0035	1.0023	1.19	0.0	1.0	0.9697	1.0027	1.0019	1.35	0.00425	4.38	1	0	1	2	1.0	1.0	1.0	1	0.4077	0.0476	0.5446	1.0952	0.0818	1.1635
L015847	hotspot_other	mc	396.13	3.054	1	0.5715	466.78	65	14	29	1.3307	1.5325	45.44	0.1027	1.59	1.2921	1.4373	94.93	0.86	15.0	14.4545	1.59	1.5904	288.1	0.14454	266.26	0	0	0	39	0.2143	1.0	1.0	17	0.4907	0.4167	0.0926	2.0552	0.6875	3.0618
L015904	hotspot_other	mc	1819.75	2.287	1.0	0.6709	2347.13	5	33	33	2.0757	2.4436	322.32	0.0	1.8516	1.9781	1.8562	692.48	36.69	10.0	10.5152	1.8516	1.8277	280.46	0.69998	7304.01	15	0	15	389	0.4444	1.0	1.0	17	0.3411	0.3579	0.2809	2.9173	0.4644	3.5126
L016040	control_nontr_sv	mc	48.75	22.429	1	0.5143	57.1	7	2	4	1.0	1.0	0.0	1.0	1.0	1.0	1.0	0.0	0.0	1.0	0.5152	1.0	1.0	0.0	0.01228	15.32	0	0	0	0	1.0	1.0	1.0	1	0.9464	0.0536	0.0	1.0536		
L016062	control_vntr_correct	mc	187.45	6.724	1	0.6126	200.0	33	2	4	2.6382	1.0	42.77	0.8969	1.9792	2.5425	1.9258	87.75	0.28	1.0	0.6061	1.9792	2.0047	12.34	0.21587	303.04	0	0	0	0	1.0	1.0	1.0	1	0.5428	0.1711	0.2861	1.3409	0.3095	1.6122
L016124	control_vntr_matched	mc	99.87	10.398	1.0	0.5054	107.38	28	2	6	1.5848	1.5705	36.66	0.2746	1.5932	1.2208	1.2235	38.7	0.0	0.0	1.4545	1.5932	2.0549	31.71	0.04513	51.81	0	0	0	0	1.0	1.0	1.0	3	0.9863	0.0037	0.0075	1.0037	0.0	1.0
L016274	control_nontr_sv	mc	37.74	45.357	3.0	0.4643	39.08	1	3	3	1.0	1.0	0.0	1.0	1.0	1.0	1.0	0.0	0.0	0.0	0.4242	1.0	1.0	0.0	0.01561	26.95	0	0	0	0	1.0	1.0	1.0	1	0.9537	0.0463	0.0	1.0463	0.2	1.2
L016523	control_vntr_correct	mc	41.5	25.158	4.5	0.4737	47.32	13	2	12	1.0	1.0	0.0	1.0	1.0	1.0	1.0	0.0	0.5	0.0	0.4848	1.0	1.3057	5.3	0.01208	13.83	0	0	0	0	1.0	1.0	1.0	1	0.9721	0.0239	0.004	1.0239	0.0909	1.0909
L016830	control_vntr_correct	mc	104.98	9.829	3.0	0.4087	110.81	16	4	7	1.0135	1.0043	3.56	0.3252	1.0189	1.0089	1.0072	4.75	0.4	1.0	1.0909	1.0189	1.0237	6.29	0.05085	57.07	1	1	0	1	1.0	1.0	1.0	2	0.909	0.0412	0.0498	1.0475	0.101	1.149
L016870	hotspot_other	mc	693.31	3.359	1	0.5722	752.38	7	16	20	1.0299	1.0587	15.61	0.2298	1.0278	1.0386	1.0429	41.7	35.07	13.0	12.7879	1.0278	1.0269	30.48	0.39984	1159.84	0	0	0	0	0.0	1.0	1.0	13	0.8544	0.1456	0.0	1.2524	0.087	1.1739
L016884	control_vntr_correct	mc	246.18	4.975	1.0	0.5271	339.22	15	27	28	1.3369	1.4381	57.41	0.0307	1.4638	1.2785	1.4064	114.53	3.87	1.0	1.8182	1.4638	1.519	60.84	0.29333	782.44	0	0	0	30	0.6667	0.6667	1.0	2	0.2769	0.6	0.1231	2.7189	0.7073	3.286
L017097	control_nontr_sv	mc	93.18	23.028	1	0.5915	115.49	11	6	10	1.0025	1.0012	0.93	0.4393	1.0026	1.0	1.0	0.0	0.0	1.0	0.6364	1.0026	1.0	0.0	0.0	0.0	0	0	0	1	1.0	1.0	1.0	1	1.0	0.0	0.0	1.0	0.0	1.0
L017325	control_vntr_matched	mc	139.08	8.63	2.0	0.3676	167.13	15	23	24	1.3018	1.1	49.95	0.2949	1.0668	1.2599	1.0591	94.66	52.58	1.0	1.5455	1.0668	1.0647	41.22	0.30988	498.61	1	1	0	1	1.0	1.0	1.0	1	0.6688	0.1494	0.1753	1.2356	0.2639	1.4916
TR101140	control_vntr_matched	mc	345.14	4.551	1.0	0.5987	404.05	110	7	12	2.3524	1.0	152.27	0.5651	2.3658	2.04	2.0415	293.59	24.53	0.0	1.0312	2.3658	2.691	67.67	0.18798	426.35	0	0	0	0				0	0.5982	0.0839	0.2978	1.1251	0.0842	1.1256
TR368009	control_vntr_matched	mc	101.24	10.58	1.0	0.564	122.58	231	4	6	1.1691	1.0	4.96	0.9122	1.1662	1.1539	1.149	9.89	2.56	0.0	0.1212	1.1662	1.1047	1.03	0.11347	142.38	0	0	0	0				0	0.9274	0.0536	0.0177	1.0544	0.5166	1.5315
TR423938	control_vntr_matched	mc	57.18	17.512	4	0.3798	58.95	5	2	3	1.003	1.003	0.23	0.4923	1.003	1.0148	1.0148	2.34	0.0	0.0	0.0303	1.003	1.0	0.0	0.01355	13.74	0	0	0	0				0	0.6528	0.0907	0.2565	1.092	0.1933	1.1967
TR424743	control_vntr_matched	mc	120.41	28.565	3.0	0.4674	135.26	11	15	19	1.0018	1.0007	0.81	0.278	1.0016	1.0038	1.0015	3.48	158.23	1.0	0.6364	1.0016	1.0078	3.54	0.26348	963.6	0	0	0	0				0	0.4065	0.1491	0.4417	1.5024	0.182	1.7279
TR446002	control_vntr_matched	mc	46.24	21.692	2	0.4766	50.13	6	3	5	1.0007	1.0	0.02	0.964	1.0014	1.0343	1.0551	1.93	0.31	0.0	0.0303	1.0014	1.0	0.0	0.00775	8.21	1	1	0	1				0	1.0	0.0	0.0	1.0	0.0	1.0
TR455654	control_vntr_matched	mc	49.11	20.788	1.5	0.5	55.35	10	3	7	1.0274	1.1429	0.66	0.1445	1.0353	1.0357	1.045	1.94	0.0	0.0	0.0303	1.0353	1.1582	1.14	0.01451	15.81	0	0	0	0				0	0.9368	0.0632	0.0	1.0989	0.5	1.5
TR460913	control_vntr_matched	mc	101.29	10.03	1	0.5714	116.53	21	2	7	1.2901	1.0	1.45	0.8421	1.2857	1.3844	1.377	5.57	0.0	0.0	0.0	1.2857	1.1538	0.09	0.0936	118.05	0	0	0	0				0	0.8062	0.1454	0.0485	1.1742	0.451	1.5791
TR499275	control_vntr_matched	mc	22.55	44.439	1.5	0.5	24.63	10	2	4	1.0	1.0	0.0	1.0	1.0	1.0	1.0	0.0	0.0	0.0	0.0	1.0	1.0	0.0	0.00221	2.3	0	0	0	0				0	0.9764	0.0012	0.0224	1.0012	0.0	1.0
TR499276	control_vntr_matched	mc	30.56	32.818	1	0.5693	33.24	13	2	5	1.0	1.0	0.0	1.0	1.0	1.0	1.0	0.0	0.0	0.0	0.0	1.0	1.0	0.0	0.0	0.0	0	0	0	0				0	1.0	0.0	0.0	1.0	0.0	1.0
TR573259	control_vntr_matched	mc	194.59	7.717	3.0	0.3996	209.66	43	2	4	1.7672	1.0	97.7	0.6562	1.7671	1.6635	1.6632	187.83	0.45	0.0	0.1515	1.7671	1.7705	8.95	0.16663	277.15	0	0	0	0				0	0.8285	0.0539	0.1175	1.085	0.1064	1.2482
TR668316	control_vntr_matched	mc	124.06	10.147	3.0	0.4605	134.84	26	3	13	1.0158	1.0	1.05	0.8129	1.0149	1.0307	1.0303	4.15	0.0	0.0	0.4828	1.0149	1.0105	0.29	0.05138	72.15	0	0	0	0				0	0.4009	0.1232	0.4743	1.2526	0.1232	1.2526
TR687433	control_vntr_matched	mc	134.84	8.951	1.0	0.5265	142.3	6	3	4	1.9642	1.8879	98.71	0.3333	1.9662	2.0231	2.0254	211.66	43.75	0.0	0.2121	1.9662	1.9333	8.26	0.21622	275.95	1	0	1	1				0	0.5671	0.0956	0.3372	1.3646	0.1677	1.6321
TR687489	control_vntr_matched	mc	67.74	14.795	4	0.3892	68.84	4	2	2	1.0	1.0	0.0	1.0	1.0	1.0	1.0	0.0	0.0	0.0	0.0	1.0	1.0	0.0	0.00107	1.1	0	0	0	0				0	0.8352	0.0	0.1648	1.0009	0.0	1.0
TR724750	control_vntr_matched	mc	218.94	5.512	1.0	0.5752	236.4	53	2	4	3.1513	1.0	30.41	0.8507	3.1444	2.272	2.2667	55.03	3.3	0.0	0.1212	3.1444	5.097	6.87	0.16161	227.0	0	0	0	0				0	0.7013	0.1391	0.1596	1.1517	0.2476	1.2762
TR743754	control_vntr_matched	mc	37.29	26.936	1	0.5321	42.08	10	4	9	1.0062	1.0	0.36	0.875	1.0015	1.0035	1.0	0.43	0.0	0.0	0.0909	1.0015	1.0	0.0	0.00345	3.76	0	0	0	0				0	0.931	0.0498	0.0192	1.0498	0.2222	1.2222
TR831034	control_vntr_matched	mc	490.01	2.656	1	0.5971	575.9	296	19	27	1.7052	1.4982	49.84	0.0283	1.6586	1.3874	1.372	82.57	10.09	0.0	2.1667	1.6586	4.9988	64.4	0.15553	400.2	2	2	0	28				0	0.8704	0.1296	0.0	1.1296	0.5625	1.5625
L000034	hotspot_vntr	mafft_fftns2	406.75	4.42	1	0.5446	571.47	58	30	32	1.3528	1.3621	62.19	0.0358	1.3211	1.2461	1.2261	116.94	4.84	2.0	2.4545	1.3211	1.361	42.76	0.44115	1545.91	66	18	48	321	0.2105	1.0	1.0	7	0.4819	0.3375	0.1727	1.7231	0.3805	1.9006
L000289	hotspot_vntr	mafft_fftns2	758.42	2.705	1	0.7599	1137.03	7	34	34	1.2472	1.1523	128.92	0.0	1.2366	1.2235	1.2183	258.72	8.15	12.0	11.8788	1.2366	1.182	89.35	0.77877	7639.71	11	8	3	690	0.3	1.0	1.0	21	0.6757	0.1053	0.2006	1.5198	0.1178	1.6664
L000308	control_vntr_matched	mafft_fftns2	19.72	51.407	1	0.5309	27.26	16	6	9	1.7945	1.9641	196.14	0.2024	1.0259	1.406	1.0128	259.2	0.0	1.0	1.5455	1.0259	1.0322	9.17	0.02387	26.78	0	0	0	0	1.0	1.0	1.0	3	0.9527	0.0302	0.0151	1.0312	0.0312	1.0469
L000381	control_vntr_matched	mafft_fftns2	34.54	30.017	1.0	0.625	46.19	82	2	8	1.0412	1.0	0.28	0.8726	1.0578	1.0614	1.0867	1.08	0.02	1.0	0.9697	1.0578	1.6978	12.92	0.01728	21.01	0	0	0	1	1.0	1.0	1.0	1	0.9854	0.014	0.0	1.014	0.0303	1.0312
L000407	control_vntr_correct	mafft_fftns2	11.39	91.065	3	0.4194	15.8	9	4	9	1.0566	1.0105	1.92	0.3236	1.0756	1.013	1.017	1.0	0.0	1.0	0.5455	1.0756	1.0929	1.8	0.00998	11.02	0	0	0	0	1.0	1.0	1.0	1	0.9667	0.0333	0.0	1.0333	0.0792	1.0792
L000506	control_nontr_sv	mafft_fftns2	6.2	161.571	33	0.4286	8.86	1	5	5	1.0	1.0	0.0	1.0	1.0	1.0	1.0	0.0	0.0	0.0	0.4545	1.0	1.0	0.0	0.0	0.0	0	0	0	0	1.0	1.0	1.0	1	0.9145	0.0855	0.0	1.1966	0.3333	2.0
L000698	control_vntr_correct	mafft_fftns2	18.91	66.848	1.0	0.5455	26.36	20	6	9	1.0347	1.0	1.18	0.8088	1.0563	1.0059	1.0097	0.43	0.0	2.0	1.9697	1.0563	1.1357	28.88	0.02472	33.52	0	0	0	0	1.0	1.0	1.0	2	0.866	0.0568	0.0771	1.0961	0.0286	1.1571
L000709	control_vntr_matched	mafft_fftns2	2.56	405.938	66.5	0.375	3.35	6	2	3	2.9743	2.9744	70.63	0.0594	2.9738	2.9498	2.9489	143.1	0.0	0.0	1.3636	2.9738	3.0	33.82	0.03594	37.53	4	0	4	4	1.0	1.0	1.0	1	0.9299	0.0528	0.0173	1.053	0.0714	1.0893
L001084	hotspot_vntr	mafft_fftns2	486.96	7.8	1	0.7647	671.09	16	33	33	1.4686	1.3941	225.63	0.0	2.4818	1.4557	2.3862	454.13	6.15	12.0	11.0606	2.4818	2.4905	513.61	0.61535	4483.84	0	0	0	358	0.1333	1.0	1.0	18	0.2363	0.125	0.636	4.2747	0.1225	4.2603
L001264	hotspot_vntr	mafft_fftns2	1027.51	4.35	1.0	0.6886	1460.32	14	34	34	1.47	1.2604	254.95	0.0	1.7017	1.4265	1.618	502.63	14.54	11.0	11.7273	1.7017	1.6865	259.02	0.7448	8931.22	16	2	14	749	0.3721	1.0	1.0	28	0.2989	0.1246	0.5587	3.587	0.1192	4.0207
L001491	control_vntr_correct	mafft_fftns2	80.53	17.724	1.0	0.6327	107.64	31	4	9	1.0149	1.0109	3.32	0.3232	1.0107	1.0019	1.0	0.88	0.0	1.0	0.5152	1.0107	1.0	0.0	0.02625	50.12	2	2	0	3	1.0	1.0	1.0	1	0.9443	0.0	0.0352	1.0	0.0	1.0
L001527	control_nontr_sv	mafft_fftns2	35.3	28.625	1.0	0.625	51.19	9	10	12	1.0001	1.0	0.02	0.981	1.0	1.0	1.0	0.0	0.0	0.0	0.2727	1.0	1.0	0.0	0.00758	8.83	0	0	0	0	1.0	1.0	1.0	1	0.9703	0.0297	0.0	1.1683	0.0	1.0
L001894	control_vntr_matched	mafft_fftns2	40.4	26.238	1	0.5287	54.79	66	3	5	1.5141	1.0	14.78	0.6814	2.6244	1.462	2.0258	30.18	0.1	4.0	3.9697	2.6244	16.8877	82.35	0.05708	69.8	0	0	0	0	0.2857	0.4		4	0.8946	0.1026	0.0021	1.1034	0.3	1.3
L001899	control_vntr_matched	mafft_fftns2	85.76	13.357	1.0	0.5238	119.96	34	7	9	1.6505	1.7432	62.75	0.0	1.6812	1.6876	1.7253	141.13	2.28	2.0	1.2727	1.6812	1.6831	39.59	0.25115	361.92	0	0	0	0	0.0	1.0	1.0	2	0.3826	0.3826	0.2348	2.0475	0.3425	2.0845
L001909	hotspot_vntr	mafft_fftns2	400.57	5.65	1	0.5623	579.37	468	34	34	1.3881	1.1974	122.59	0.0	1.293	1.3569	1.2836	244.39	3.07	15.0	14.1515	1.293	1.2798	73.94	0.64763	2739.97	79	1	78	1052	0.2254	1.0	1.0	42	0.1914	0.1128	0.6883	4.2581	0.1187	4.3642
L001922	control_vntr_correct	mafft_fftns2	143.7	8.328	1	0.554	195.37	3	12	12	1.1799	1.005	55.63	0.0569	1.3199	1.2025	1.341	126.14	0.56	1.0	1.697	1.3199	1.3062	55.99	0.38766	672.22	0	0	0	0	0.4	1.0	1.0	4	0.3795	0.3198	0.2888	1.9585	0.3143	2.4725
L002013	hotspot_vntr	mafft_fftns2	758.73	3.625	1.0	0.6871	1105.91	5	32	32	1.1435	1.1018	74.95	0.0054	1.2319	1.138	1.2204	154.33	7.42	8.0	9.5455	1.2319	1.2457	84.06	0.54889	3887.93	19	16	3	1172	0.5	1.0	1.0	21	0.2901	0.058	0.6443	2.0364	0.0592	2.1428
L002096	hotspot_vntr	mafft_fftns2	261.55	15.283	1	0.5657	374.44	61	23	33	1.6259	1.3459	145.38	0.0339	1.1234	1.5655	1.0969	282.15	12.15	6.0	6.1212	1.1234	1.0803	38.93	0.53677	2796.46	4	4	0	39	0.2182	1.0	1.0	9	0.2279	0.1544	0.598	2.164	0.1214	2.3256
L002143	hotspot_vntr	mafft_fftns2	594.03	4.398	1	0.6698	834.91	151	21	23	9.5148	16.093	559.75	0.0075	11.515	7.8785	8.9026	1161.21	3.3	19.0	18.5758	11.515	19.2477	471.55	0.78946	4789.79	2	0	2	72	0.1	0.1	0.9231	32	0.1069	0.5045	0.3848	7.2447	0.461	8.1465
L002182	hotspot_vntr	mafft_fftns2	1100.92	2.76	1	0.7554	1582.08	24	31	32	1.1423	1.0747	76.78	0.0018	1.1525	1.1741	1.1588	197.43	5.33	4.0	4.8182	1.1525	1.0757	30.04	0.70994	8153.27	0	0	0	19	0.2791	1.0	1.0	14	0.2779	0.432	0.284	4.1719	0.4904	4.8701
L002292	control_nontr_sv	mafft_fftns2	8.7	115.211	3	0.4737	12.37	3	4	6	1.0	1.0	0.0	1.0	1.0	1.0	1.0	0.0	0.0	0.0	0.4545	1.0	1.0	0.0	0.0	0.0	0	0	0	0	1.0	1.0	1.0	1	0.9839	0.0161	0.0	1.0482		
L002884	control_vntr_matched	mafft_fftns2	20.6	55.103	13.0	0.3462	28.79	28	2	12	1.7202	1.0	8.25	0.6727	1.0389	1.6539	1.0224	17.19	0.02	1.0	1.1212	1.0389	1.0726	5.91	0.04981	62.33	2	0	2	2	1.0	1.0	1.0	1	0.6361	0.1294	0.2345	1.1903	0.095	1.1888
L002940	hotspot_other	mafft_fftns2	309.87	4.984	1.0	0.6743	442.67	35	24	26	1.0991	1.0532	30.9	0.0685	1.113	1.0751	1.0847	52.81	2.48	2.0	2.4848	1.113	1.1229	29.01	0.28387	670.65	1	1	0	24	0.0	1.0	1.0	5	0.4755	0.3681	0.1442	2.1469	0.5023	2.6429
L003119	control_vntr_correct	mafft_fftns2	4.13	242.75	119.0	0.4167	5.5	5	2	6	1.0009	1.0	0.09	0.9297	1.0009	1.0012	1.0013	0.26	0.0	1.0	0.9697	1.0009	1.0008	0.36	0.0	0.0	0	0	0	0	1.0	1.0	1.0	1	0.3079	0.1291	0.5629	1.1341	0.0187	1.0281
L003171	control_nontr_sv	mafft_fftns2	11.28	88.917	47.5	0.5	14.1	4	2	2	1.003	1.003	1.11	0.0	1.003	1.0	1.0	0.0	0.0	1.0	1.0	1.003	1.0	0.0	0.0	0.0	0	0	0	0	1.0	1.0	1.0	1	1.0	0.0	0.0	1.0	0.0	1.0
L003672	control_vntr_correct	mafft_fftns2	17.42	60.022	1	0.5556	23.23	15	2	7	1.2992	1.3008	22.55	0.2361	1.3017	1.0	1.0	0.0	0.0	0.0	0.9697	1.3017	3.0708	40.18	0.01875	21.29	0	0	0	0	1.0	1.0	1.0	2	0.935	0.0162	0.0487	1.0162	0.0	1.0
L003695	hotspot_other	mafft_fftns2	158.47	9.934	1	0.5271	223.93	6	12	12	1.3642	1.1884	52.92	0.0	1.6139	1.3521	1.6429	116.44	1.12	1.0	1.2727	1.6139	1.5099	58.18	0.38209	805.42	0	0	0	0	0.5714	1.0	1.0	4	0.3812	0.2956	0.3204	2.3356	0.3745	2.7932
L003826	control_vntr_matched	mafft_fftns2	308.87	4.65	1	0.5959	432.82	25	33	33	1.6807	2.1918	53.12	0.0107	2.2916	1.5319	1.8747	102.81	1.43	3.0	3.4545	2.2916	3.0699	78.72	0.29536	720.6	4	0	4	30	0.2857	0.2857		6	0.2399	0.6226	0.1348	3.3157	0.707	3.8895
L003828	hotspot_other	mafft_fftns2	110.27	11.054	1.0	0.5875	160.2	20	26	26	1.0915	1.0313	39.46	0.0055	1.0294	1.1003	1.0293	88.58	11.73	7.0	6.5455	1.0294	1.0244	22.51	0.29541	507.52	0	0	0	48	0.4444	1.0	1.0	12	0.6207	0.1293	0.25	2.0335	0.1111	2.1681
L003872	control_vntr_matched	mafft_fftns2	81.56	12.817	2	0.444	112.69	48	6	7	1.147	1.1697	14.68	0.2506	1.1245	1.064	1.0591	18.88	0.25	0.0	0.0303	1.1245	1.6692	22.2	0.03643	51.44	0	0	0	0	0.0	0.0	1.0	0	0.9762	0.0218	0.0	1.0218	0.0204	1.0204
L003883	control_nontr_sv	mafft_fftns2	32.61	137.852	1	0.5926	42.27	2	3	3	1.0003	1.0003	0.4	0.0525	1.0003	1.0	1.0	0.0	0.0	1.0	0.5152	1.0003	1.0	0.0	0.0	0.0	0	0	0	0	1.0	1.0	1.0	1	0.9974	0.0026	0.0	1.0026	0.0	1.0
L004021	control_vntr_matched	mafft_fftns2	22.1	45.579	1	0.6023	29.73	43	6	20	1.0215	1.0	1.01	0.7736	1.0039	1.0047	1.0058	0.46	0.0	1.0	1.1212	1.0039	1.0234	0.79	0.004	4.52	0	0	0	1	1.0	1.0	1.0	1	0.9822	0.0161	0.0	1.0161	0.0172	1.0179
L004145	hotspot_vntr	mafft_fftns2	182.16	6.581	1	0.5515	252.32	524	22	31	1.37	1.3503	72.72	0.0141	1.3631	1.1648	1.1801	97.42	2.05	3.0	9.0968	1.3631	1.3957	59.77	0.14856	257.32	1	0	1	10	0.1395	1.0	1.0	18	0.6455	0.321	0.0335	1.869	0.5099	2.9392
L004620	control_nontr_sv	mafft_fftns2	10.29	97.4	11.0	0.5	13.37	2	4	5	1.0	1.0	0.0	1.0	1.0	1.0	1.0	0.0	0.0	1.0	0.5152	1.0	1.0	0.0	0.00694	7.2	0	0	0	0	1.0	1.0	1.0	1	0.9609	0.0391	0.0	1.0391	0.0	1.0
L004848	hotspot_other	mafft_fftns2	638.35	2.732	1	0.7576	899.38	36	27	30	1.4252	1.3211	93.54	0.009	1.449	1.3642	1.352	192.23	5.85	5.0	4.9697	1.449	1.3862	104.04	0.65199	3506.88	10	2	8	99	0.3077	0.3077		10	0.5207	0.1488	0.1777	1.8192	0.1625	2.0504
L004989	hotspot_other	mafft_fftns2	284.2	6.898	1	0.6614	409.9	16	28	29	1.3652	1.3073	72.45	0.0306	1.3517	1.3108	1.3268	142.13	7.68	4.0	3.7879	1.3517	1.336	116.04	0.48997	1398.78	21	8	13	88	0.2	1.0	1.0	7	0.4765	0.2819	0.2282	1.9052	0.3373	2.2095
L005064	hotspot_other	mafft_fftns2	94.44	16.505	2	0.4272	136.0	31	21	29	1.0985	1.0963	17.16	0.0973	1.0624	1.0484	1.0281	18.43	0.29	1.0	0.8485	1.0624	1.0854	8.59	0.2663	513.14	3	0	3	60	1.0	1.0	1.0	2	0.5844	0.119	0.2735	1.3113	0.1435	1.5261
L005261	hotspot_other	mafft_fftns2	639.12	4.954	1	0.5938	942.96	12	20	26	1.0675	1.0202	26.85	0.171	1.0229	1.0745	1.029	62.17	6.75	2.0	1.4545	1.0229	1.0194	7.79	0.55179	3392.32	21	21	0	146	0.0	1.0	1.0	3	0.6234	0.2814	0.0909	1.5822	0.4259	2.0179
L005411	hotspot_vntr	mafft_fftns2	118.21	9.549	1	0.5806	168.9	74	24	33	1.5043	1.8226	34.09	0.0161	1.12	1.3052	1.0909	54.91	1.09	4.0	4.1212	1.12	1.1282	25.53	0.39244	708.96	2	2	0	157	0.0	0.6667	1.0	5	0.4367	0.3171	0.2279	2.041	0.332	2.0742
L005481	hotspot_vntr	mafft_fftns2	173.29	8.153	1	0.5526	242.88	22	20	23	1.4336	1.074	50.48	0.2138	1.2822	1.4437	1.2007	109.55	1.2	2.0	1.9394	1.2822	1.4109	54.34	0.43115	927.44	11	0	11	71	0.0	1.0	1.0	7	0.4269	0.2235	0.3295	2.125	0.301	2.58
L005618	hotspot_other	mafft_fftns2	576.77	2.562	1.0	0.6801	827.19	55	32	32	1.3103	1.2566	77.39	0.0	1.234	1.2653	1.2272	158.57	3.48	5.0	4.8182	1.234	1.166	40.28	0.73462	4477.67	10	3	7	304	0.7143	1.0	1.0	7	0.6708	0.1015	0.1477	1.5075	0.1622	1.7827
L005688	control_nontr_sv	mafft_fftns2	178.37	7.969	1	0.6299	238.76	39	3	5	1.0235	1.0241	5.03	0.3571	1.0236	1.0	1.0	0.0	0.0	1.0	0.8182	1.0236	1.0158	4.01	0.0	0.0	0	0	0	0	1.0	1.0	1.0	1	1.0	0.0	0.0	1.0	0.0	1.0
L005990	hotspot_vntr	mafft_fftns2	137.14	15.598	2.0	0.4823	206.48	103	4	32	1.098	1.0334	15.98	0.121	1.1024	1.0968	1.0798	33.51	0.49	7.0	8.6774	1.1024	1.0998	22.31	0.32855	922.61	80	80	0	238	0.1818	1.0	1.0	6	0.4663	0.0875	0.4293	1.7022	0.1034	2.0844
L006556	control_nontr_sv	mafft_fftns2	16.2	62.0	1	0.5333	20.52	4	3	4	1.0033	1.0033	1.12	0.1373	1.0033	1.0	1.0	0.0	0.0	1.0	0.5152	1.0033	1.0	0.0	0.0	0.0	0	0	0	0	1.0	1.0	1.0	1	0.9846	0.0154	0.0	1.0154	0.0	1.0
L006952	hotspot_vntr	mafft_fftns2	727.42	2.124	1.0	0.6705	1001.25	5	28	28	1.0331	1.0107	20.46	0.1722	1.0565	1.0364	1.0576	46.72	0.79	1.0	1.5455	1.0565	1.0074	3.62	0.75	5116.1	6	4	2	30	0.5714	1.0	1.0	3	0.5358	0.2189	0.0717	1.8002	0.2242	2.064
L007009	hotspot_vntr	mafft_fftns2	352.35	4.554	1.0	0.6711	492.54	7	25	27	1.0922	1.0319	85.43	0.0293	1.2638	1.0911	1.2586	173.32	12.05	13.0	16.8485	1.2638	1.255	201.53	0.60243	2292.53	13	8	5	834	0.3611	1.0	1.0	43	0.1589	0.2467	0.5881	3.0397	0.2055	3.1564
L007033	control_vntr_correct	mafft_fftns2	12.62	84.625	1.0	0.5312	16.56	5	3	3	1.0012	1.0014	1.54	0.0	1.001	1.0	1.0	0.0	0.0	1.0	1.0	1.001	1.0	0.0	0.03264	36.67	0	0	0	0	1.0	1.0	1.0	1	0.8824	0.098	0.0196	1.1078	0.5	1.75
L007040	hotspot_vntr	mafft_fftns2	84.55	12.571	1.0	0.6285	119.46	11	27	27	1.3999	1.6727	172.8	0.0091	1.0124	1.368	1.0118	340.58	7.67	18.0	18.1818	1.0124	1.0057	7.95	0.34673	556.39	0	0	0	33	0.0	1.0	1.0	41	0.1685	0.4744	0.3558	3.4261	0.4663	3.7243
L007065	control_vntr_matched	mafft_fftns2	9.17	111.051	1	0.5128	12.22	8	7	9	1.0003	1.0	0.02	0.9515	1.0	1.0	1.0	0.0	0.0	1.0	0.5455	1.0	1.0	0.0	0.0033	3.53	0	0	0	0	1.0	1.0	1.0	1	0.9792	0.0104	0.0104	1.0106	0.0385	1.0385
L007081	hotspot_vntr	mafft_fftns2	716.68	8.293	1.0	0.6374	1109.18	11	32	33	1.2309	1.0985	98.56	0.0036	1.1051	1.2405	1.1334	219.44	6.1	5.0	4.7576	1.1051	1.0929	44.11	0.58752	6306.1	39	30	9	502	0.3846	1.0	1.0	18	0.2714	0.1859	0.5226	3.0289	0.2197	3.4097
L007161	hotspot_other	mafft_fftns2	398.39	3.544	1.0	0.6934	565.1	75	20	25	1.5683	1.5251	89.19	0.0438	1.5719	1.4401	1.4535	188.01	2.9	3.0	2.697	1.5719	1.332	38.75	0.49928	1401.84	0	0	0	0	0.2857	1.0	1.0	6	0.4431	0.247	0.293	1.8346	0.2466	2.2723
L007172	control_vntr_matched	mafft_fftns2	141.91	9.679	1	0.5785	198.74	10	10	11	1.0763	1.0118	13.71	0.4243	1.0533	1.0605	1.0439	22.97	3.24	1.0	0.7273	1.0533	1.0409	3.63	0.20859	393.82	0	0	0	0	0.0	1.0	1.0	2	0.4827	0.201	0.3114	1.2575	0.0366	1.1387
L007184	hotspot_other	mafft_fftns2	104.25	11.748	1	0.5556	153.67	3	21	21	1.2194	1.0745	41.27	0.1948	1.138	1.1997	1.139	80.53	2.99	2.0	1.7576	1.138	1.1273	40.27	0.18762	292.66	0	0	0	8	0.0	1.0	1.0	3	0.75	0.0625	0.1786	1.3052	0.1111	1.9081
L007192	control_nontr_sv	mafft_fftns2	27.74	49.0	1	0.5789	39.42	4	6	11	1.0	1.0	0.0	1.0	1.0	1.0	1.0	0.0	0.0	0.0	0.2424	1.0	1.0	0.0	0.01188	17.52	0	0	0	0	1.0	1.0	1.0	1	0.9204	0.0796	0.0	1.2212	0.4444	2.3333
L007376	control_vntr_matched	mafft_fftns2	5.01	200.361	1	0.5876	6.72	5	8	9	1.003	1.0	0.51	0.7533	1.0713	1.0033	1.0802	1.12	0.0	3.0	2.8788	1.0713	1.0645	4.71	0.00777	8.01	1	0	1	1	1.0	1.0	1.0	1	0.9024	0.0494	0.0481	1.0534	0.033	1.033
L007480	hotspot_other	mafft_fftns2	264.37	9.518	1.0	0.6525	373.44	12	19	21	1.234	1.0827	69.76	0.0215	1.1339	1.2531	1.1545	157.26	1.94	3.0	2.9091	1.1339	1.1061	27.51	0.37411	1334.32	1	1	0	61	0.0	1.0	1.0	3	0.2978	0.3632	0.3341	2.3089	0.3129	2.5709
L007687	control_vntr_matched	mafft_fftns2	124.76	9.218	1.0	0.6303	168.24	85	5	10	1.1728	1.0	13.61	0.6018	1.1214	1.2004	1.1466	33.12	0.08	1.0	0.9394	1.1214	1.1497	6.48	0.29321	486.2	0	0	0	0	0.5	0.5	1.0	3	0.6018	0.2888	0.1072	1.4868	0.1769	1.5
L007717	control_vntr_matched	mafft_fftns2	55.13	18.553	2.0	0.4508	77.27	58	8	21	1.0272	1.0282	1.69	0.2561	1.0411	1.0099	1.0185	1.51	0.17	0.0	0.5455	1.0411	1.2267	9.1	0.04933	67.33	2	2	0	2	1.0	1.0	1.0	1	0.9601	0.0206	0.0151	1.0253	0.0455	1.0909
L007798	hotspot_other	mafft_fftns2	789.45	4.455	1.0	0.638	1102.29	17	32	32	1.0612	1.0405	43.49	0.0143	1.0913	1.0601	1.0864	88.01	13.05	3.0	5.3333	1.0913	1.0676	41.66	0.45903	3333.26	7	0	7	797	0.1111	1.0	1.0	11	0.313	0.0957	0.5899	2.0303	0.1073	2.2077
L007844	hotspot_other	mafft_fftns2	1761.57	1.972	1.0	0.8004	2509.05	44	34	34	1.3157	1.2458	116.96	0.0	1.2642	1.3022	1.2581	262.23	3.1	5.0	5.7879	1.2642	1.1627	60.13	0.79416	12863.18	89	89	0	724	0.4	1.0	1.0	12	0.2986	0.3831	0.2197	2.5225	0.3813	2.7858
L008216	hotspot_vntr	mafft_fftns2	251.92	7.462	1.0	0.6286	349.15	30	19	21	2.3751	2.4343	193.59	0.0149	2.1522	2.2562	1.9666	403.67	4.59	4.0	4.6364	2.1522	2.6858	161.22	0.58164	1917.47	1	1	0	1	0.2727	1.0	1.0	12	0.1704	0.5805	0.2491	3.3937	0.5196	3.7116
L008631	control_nontr_sv	mafft_fftns2	18.49	80.0	3	0.4615	27.03	3	6	8	1.0	1.0	0.0	1.0	1.0	1.0	1.0	0.0	0.0	0.0	0.1818	1.0	1.0	0.0	0.00929	14.22	0	0	0	0	1.0	1.0	1.0	1	0.9404	0.0596	0.0	1.1921	0.1282	1.4615
L008864	hotspot_vntr	mafft_fftns2	870.48	6.722	1	0.5601	1278.74	12	25	28	1.1649	1.0885	92.3	0.0894	1.1931	1.1533	1.1562	184.05	2.93	2.0	3.9394	1.1931	1.1938	81.62	0.41665	4323.32	100	98	2	703	0.4444	1.0	1.0	10	0.415	0.1838	0.3933	1.7634	0.2186	1.919
L008877	hotspot_other	mafft_fftns2	622.26	7.027	1.0	0.5772	904.73	114	28	30	1.342	1.3141	83.68	0.0162	1.1091	1.2631	1.1043	157.22	3.37	10.0	9.3636	1.1091	1.0776	35.07	0.50349	3620.77	38	19	19	178	0.3125	1.0	1.0	21	0.3845	0.2338	0.3451	1.6114	0.2442	1.7233
L008887	control_vntr_correct	mafft_fftns2	16.2	71.452	2.0	0.4762	21.99	15	2	7	2.7504	22.0	22.81	0.157	1.1189	2.6207	1.116	48.71	0.0	2.0	2.0	1.1189	1.1236	15.91	0.02917	35.88	0	0	0	0	1.0	1.0	1.0	2	0.9131	0.0664	0.0205	1.0698	0.1364	1.2197
L008902	control_vntr_correct	mafft_fftns2	58.95	18.494	2.0	0.4578	82.03	62	3	7	1.2763	1.2955	16.46	0.191	1.0435	1.0407	1.0313	8.08	0.0	1.0	1.0	1.0435	1.5314	16.42	0.03226	44.74	0	0	0	0	1.0	1.0	1.0	2	0.9735	0.0159	0.0088	1.0204	0.1818	1.3182
L008976	hotspot_vntr	mafft_fftns2	790.09	6.787	1	0.7381	1119.69	20	28	28	1.2768	1.2238	169.28	0.0	1.5138	1.2694	1.4808	347.28	14.19	8.0	8.037	1.5138	1.4893	230.02	0.58131	6267.27	201	1	200	2129	0.36	1.0	1.0	26	0.1853	0.188	0.6142	2.9113	0.1922	3.0649
L009000	hotspot_vntr	mafft_fftns2	361.46	4.33	1	0.6604	528.97	7	34	34	1.2677	1.2316	141.24	0.0	1.0797	1.2493	1.0846	295.66	6.71	25.0	23.303	1.0797	1.0536	54.93	0.71341	3395.05	10	8	2	780	0.5196	1.0	1.0	49	0.5184	0.1507	0.3272	2.4705	0.1503	2.8541
L009283	control_nontr_sv	mafft_fftns2	19.13	52.533	1	0.5333	24.23	5	2	4	1.0078	1.0074	1.17	0.1933	1.0074	1.0	1.0	0.0	0.0	0.0	0.4848	1.0074	1.0	0.0	0.0	0.0	0	0	0	0	1.0	1.0	1.0	1	1.0	0.0	0.0	1.0	0.0	1.0
L009398	hotspot_vntr	mafft_fftns2	135.32	10.841	2.0	0.3561	190.67	20	19	25	1.1193	1.024	42.51	0.0194	1.2529	1.1355	1.2763	99.59	1.11	2.0	2.2188	1.2529	1.2235	65.95	0.43521	878.01	0	0	0	63	0.0	1.0	1.0	3	0.3778	0.2278	0.3889	2.9819	0.2746	3.4473
L009448	hotspot_vntr	mafft_fftns2	970.62	2.282	1	0.6956	1399.89	3	24	24	1.1947	1.1702	102.49	0.0	1.2463	1.2013	1.2478	238.02	7.73	10.0	11.087	1.2463	1.1356	48.17	0.80114	8086.55	42	37	5	1312	0.3415	1.0	1.0	15	0.5311	0.1651	0.2632	1.8528	0.2032	2.1457
L009600	control_nontr_sv	mafft_fftns2	2.96	372.333	409	0.0	2.96	1	2	2	1.0	1.0	0.0	1.0	1.0	1.0	1.0	0.0	0.0	1.0	1.0	1.0	1.0	0.0	0.0	0.0	0	0	0	0	1.0	1.0	1.0	1	1.0	0.0	0.0	1.0	0.0	1.0
L009656	hotspot_vntr	mafft_fftns2	220.88	8.305	1	0.6029	310.78	4	26	26	1.0745	1.107	18.4	0.1572	1.1221	1.0555	1.0785	29.56	0.8	1.0	1.9394	1.1221	1.1911	30.54	0.44219	1232.59	0	0	0	0	0.6667	1.0	1.0	1	0.4971	0.0999	0.3949	1.4144	0.1076	1.5713
L009658	hotspot_vntr	mafft_fftns2	216.69	6.889	1	0.5837	306.8	79	28	31	1.7478	1.7561	161.59	0.0	1.5431	1.6136	1.4973	317.02	4.22	12.0	12.5161	1.5431	1.5151	248.42	0.54501	1337.09	20	20	0	221	0.2927	0.2927	0.9714	25	0.2057	0.1882	0.5812	2.4679	0.202	2.6285
L009770	control_vntr_matched	mafft_fftns2	38.66	27.365	2	0.4751	51.9	41	3	7	1.1997	1.1997	23.07	0.3115	1.0349	1.2243	1.057	52.64	0.1	2.0	2.1515	1.0349	1.0114	2.99	0.13764	165.95	0	0	0	0	0.4	1.0	1.0	4	0.6723	0.1326	0.1951	1.2353	0.1875	1.499
L009771	control_vntr_correct	mafft_fftns2	10.24	107.25	10.5	0.5	12.8	4	2	2	1.0	1.0	0.0	1.0	1.0	1.0	1.0	0.0	0.0	1.0	1.0	1.0	1.0	0.0	0.00075	0.85	0	0	0	0	1.0	1.0	1.0	1	0.989	0.011	0.0	1.011	0.0	1.0
L009803	hotspot_vntr	mafft_fftns2	572.65	2.488	1.0	0.7374	819.19	17	30	30	1.1885	1.1506	87.87	0.0	1.0779	1.2006	1.0926	203.2	8.61	10.0	9.5758	1.0779	1.0363	22.22	0.76273	4043.5	0	0	0	370	0.4737	1.0	1.0	24	0.4082	0.3138	0.273	2.1972	0.3562	2.397
L009885	control_vntr_correct	mafft_fftns2	30.46	33.307	2	0.4646	42.22	8	16	17	1.0035	1.0	0.25	0.7951	1.028	1.002	1.0218	0.29	0.03	1.0	1.0606	1.028	1.0691	4.58	0.02676	31.18	0	0	0	0	1.0	1.0	1.0	1	0.8121	0.172	0.0096	1.187	0.5	1.5399
L010060	hotspot_other	mafft_fftns2	113.48	15.022	1.0	0.5515	161.45	5	21	24	1.3153	1.0423	46.28	0.2118	1.7309	1.2228	1.5878	73.57	2.11	3.0	2.6667	1.7309	1.9025	85.44	0.24864	551.11	0	0	0	0	0.0	1.0	1.0	4	0.7352	0.1225	0.1265	1.2925	0.1197	1.3725
L010113	control_vntr_correct	mafft_fftns2	14.66	69.841	1.0	0.5455	19.65	16	2	8	1.7997	1.83	20.62	0.1517	1.7879	1.7444	1.71	43.2	0.0	0.0	0.4848	1.7879	1.8454	13.31	0.02942	32.31	0	0	0	0	0.0	1.0	1.0	1	0.9323	0.0541	0.0135	1.0547	0.0909	1.101
L010328	hotspot_vntr	mafft_fftns2	2009.52	2.486	1.0	0.6821	2834.69	16	29	29	1.1928	1.2254	95.5	0.0	1.1407	1.2255	1.1647	240.18	5.22	7.0	7.625	1.1407	1.0717	37.64	0.71041	10376.87	8	1	7	533	0.6364	1.0	1.0	12	0.2648	0.2674	0.4576	2.6419	0.297	3.0079
L010350	control_vntr_matched	mafft_fftns2	6.51	158.958	1.0	0.5625	8.68	17	2	11	1.0246	1.0	0.43	0.9305	1.0098	1.0263	1.0106	0.96	0.0	1.0	0.6364	1.0098	1.0101	0.19	0.00431	4.61	0	0	0	0	1.0	1.0	1.0	1	0.9515	0.0267	0.0218	1.0288	0.0444	1.0778
L010452	control_nontr_sv	mafft_fftns2	11.21	96.0	13	0.4444	13.7	3	2	2	1.0	1.0	0.0	1.0	1.0	1.0	1.0	0.0	0.0	1.0	0.9697	1.0	1.0	0.0	0.0	0.0	0	0	0	0	1.0	1.0	1.0	1	1.0	0.0	0.0	1.0	0.0	1.0
L010508	control_vntr_correct	mafft_fftns2	16.72	62.424	1	0.5085	22.68	21	2	11	1.1959	1.0	2.89	0.8568	1.1043	1.192	1.1011	6.25	0.0	1.0	0.5152	1.1043	1.25	2.39	0.02525	28.63	0	0	0	0	1.0	1.0	1.0	1	0.919	0.0762	0.0048	1.077	0.1	1.1167
L011121	control_vntr_correct	mafft_fftns2	162.29	9.708	1.0	0.6087	220.7	76	4	10	2.4158	1.0	82.21	0.5988	1.1932	2.4862	1.1812	180.59	0.18	1.0	1.3333	1.1932	1.1995	24.11	0.42459	950.22	0	0	0	0	1.0	1.0	1.0	1	0.4254	0.5243	0.0485	2.0318	0.4658	2.3602
L011138	hotspot_vntr	mafft_fftns2	383.1	9.468	1	0.6851	540.93	168	27	28	1.5385	1.3183	230.03	0.0	2.6246	1.5566	2.4376	489.71	4.83	25.0	22.0938	2.6246	2.7107	533.04	0.60019	3550.96	1	1	0	3	0.1818	1.0	1.0	43	0.076	0.2995	0.6201	4.9955	0.2969	5.0773
L011224	control_vntr_correct	mafft_fftns2	134.26	9.697	1.0	0.5665	184.71	73	6	13	1.3654	1.3607	46.31	0.2648	1.332	1.4437	1.413	124.89	0.51	1.0	1.9091	1.332	1.2465	23.41	0.14314	251.84	1	0	1	1	0.3333	1.0	1.0	4	0.7158	0.1169	0.1655	1.1435	0.0522	1.1336
L011227	control_vntr_matched	mafft_fftns2	11.62	110.5	7.5	0.4286	16.05	13	3	11	1.1129	1.0	5.86	0.8059	1.0825	1.0535	1.0615	6.16	0.0	1.0	0.6061	1.0825	1.107	3.18	0.07357	97.98	0	0	0	0	1.0	1.0	1.0	1	0.6064	0.0502	0.3359	1.0989	0.0581	1.1464
L011430	control_vntr_matched	mafft_fftns2	89.45	11.872	2	0.4152	127.82	85	7	13	1.1752	1.1711	8.69	0.2046	1.1116	1.0381	1.0488	5.31	0.12	0.0	0.5152	1.1116	1.8052	21.83	0.18974	282.88	0	0	0	0	0.0	1.0	1.0	1	0.7976	0.1567	0.0258	1.1857	0.4087	1.5432
L011463	hotspot_vntr	mafft_fftns2	117.05	10.379	1.0	0.5451	165.02	105	10	27	1.887	1.933	131.13	0.1105	1.2857	1.3485	1.0832	152.89	2.17	5.0	5.3333	1.2857	1.4352	86.79	0.16165	285.13	0	0	0	64	0.6	1.0	1.0	10	0.6667	0.2433	0.09	1.6425	0.3796	2.2843
L011931	control_nontr_sv	mafft_fftns2	24.87	76.208	1.0	0.5417	35.23	4	8	8	1.0012	1.0012	0.49	0.2684	1.0012	1.0	1.0	0.0	0.0	1.0	0.5152	1.0012	1.0	0.0	0.00778	15.54	0	0	0	0	1.0	1.0	1.0	1	0.9565	0.0435	0.0	1.087	0.0	1.0
L012184	hotspot_vntr	mafft_fftns2	657.7	7.596	1.0	0.6684	948.73	19	30	31	1.8604	1.8719	196.73	0.0061	1.7421	1.6814	1.6685	381.07	4.67	12.0	11.6129	1.7421	1.7778	421.64	0.65378	5436.44	2	2	0	99	0.5	1.0	1.0	21	0.21	0.1462	0.6238	3.4897	0.1472	3.5929
L012256	hotspot_other	mafft_fftns2	130.93	11.832	1	0.5029	189.71	59	28	30	1.198	1.0786	61.66	0.0953	1.4421	1.182	1.4086	120.1	3.91	7.0	6.9091	1.4421	1.4523	115.71	0.33381	648.34	4	2	2	7	0.4211	1.0	1.0	14	0.5577	0.145	0.2875	2.0387	0.2039	2.5255
L012272	hotspot_vntr	mafft_fftns2	37.81	30.143	1.0	0.6562	52.39	234	16	31	1.3252	1.3223	11.65	0.0072	1.391	1.376	1.376	51.93	0.44	10.0	10.4242	1.391	1.5232	30.69	0.17294	228.2	4	2	2	147	0.4865	0.9524	1.0	22	0.5505	0.0929	0.3403	2.0541	0.0988	2.1647
L012294	hotspot_vntr	mafft_fftns2	524.82	8.757	1.0	0.5128	830.45	10	33	33	1.1144	1.0802	73.03	0.0018	1.2248	1.1276	1.2234	170.3	13.52	8.0	9.0606	1.2248	1.2378	105.26	0.41539	3139.43	0	0	0	489	0.4	1.0	1.0	12	0.1689	0.1301	0.6971	3.2298	0.1146	3.5049
L012313	control_vntr_matched	mafft_fftns2	21.26	48.324	1.0	0.6176	27.82	21	4	14	1.0653	1.0	1.59	0.8873	1.3288	1.0004	1.0	0.02	0.0	2.0	1.6364	1.3288	2.3528	25.55	0.01118	12.82	1	1	0	1	1.0	1.0	1.0	2	0.881	0.0479	0.0711	1.0554	0.0504	1.091
L012489	hotspot_other	mafft_fftns2	188.83	7.855	1	0.58	272.05	32	29	30	1.7093	1.6486	88.79	0.0234	1.5816	1.2927	1.2796	107.29	2.04	2.0	1.8788	1.5816	2.1229	77.9	0.17965	423.19	0	0	0	15	0.1818	0.6667	1.0	8	0.4903	0.3861	0.1236	2.2585	0.5625	3.0553
L012530	control_nontr_sv	mafft_fftns2	26.99	37.429	1	0.5238	35.99	7	3	7	1.0	1.0	0.0	1.0	1.0	1.0	1.0	0.0	0.0	0.0	0.4848	1.0	1.0345	2.58	0.00886	10.28	0	0	0	0	1.0	1.0	1.0	1	0.9516	0.0484	0.0	1.0484		
L013000	control_vntr_correct	mafft_fftns2	32.48	31.288	1	0.5899	46.03	1	22	22	1.0048	1.0	0.44	0.8799	1.0247	1.0036	1.0144	0.69	0.0	1.0	1.0	1.0247	1.0467	10.67	0.03977	48.13	1	1	0	2	1.0	1.0	1.0	1	0.7562	0.0455	0.157	1.065	0.0398	1.0606
L013064	hotspot_other	mafft_fftns2	232.51	6.372	1.0	0.5325	336.69	80	21	32	1.6518	1.7838	56.2	0.0787	1.4833	1.3217	1.2865	89.9	1.74	1.0	1.9091	1.4833	1.4597	69.36	0.28755	719.68	21	21	0	84	0.2222	1.0	1.0	4	0.7267	0.2558	0.0174	1.436	0.4884	2.0
L013074	control_vntr_correct	mafft_fftns2	4.09	244.714	1.0	0.5714	5.26	10	2	3	1.0015	1.0	0.43	0.8675	1.0015	1.0006	1.0006	0.36	0.0	2.0	2.0	1.0015	1.0	0.0	0.00143	1.46	0	0	0	0	0.0	1.0	1.0	2	0.9976	0.0	0.0	1.0	0.0	1.0
L013244	hotspot_vntr	mafft_fftns2	203.9	17.893	1	0.5329	286.93	14	17	17	1.2495	1.2377	99.07	0.0179	1.4031	1.2789	1.4426	228.16	3.9	10.0	8.0303	1.4031	1.3616	87.95	0.28092	1296.43	0	0	0	0	0.1875	1.0	1.0	23	0.1558	0.0828	0.7554	2.0719	0.057	2.1174
L013399	control_nontr_sv	mafft_fftns2	9.12	239.833	167.5	0.3333	10.64	2	2	3	1.0	1.0	0.0	1.0	1.0	1.0	1.0	0.0	0.0	1.0	0.7879	1.0	1.0	0.0	0.0	0.0	0	0	0	0	1.0	1.0	1.0	1	0.9957	0.0043	0.0	1.0043	0.0	1.0
L013531	hotspot_other	mafft_fftns2	128.44	13.28	2.0	0.497	186.93	8	18	21	1.221	1.089	50.35	0.2332	1.1322	1.1556	1.1309	78.62	3.31	5.0	4.9697	1.1322	1.1231	53.76	0.35219	809.25	12	0	12	29	0.3077	1.0	1.0	8	0.5588	0.2059	0.1176	1.4167	0.2857	1.7745
L014111	control_vntr_matched	mafft_fftns2	33.68	30.796	1.0	0.5493	45.78	51	3	4	1.112	1.0993	7.1	0.1599	1.1153	1.0022	1.0023	0.38	0.0	2.0	1.0606	1.1153	4.6202	29.44	0.01482	18.26	0	0	0	0	1.0	1.0	1.0	2	0.997	0.0015	0.0	1.0015	0.0	1.0
L014160	hotspot_vntr	mafft_fftns2	218.55	7.061	1.0	0.6001	306.83	81	34	34	1.4587	1.51	88.63	0.0357	1.7292	1.3007	1.4311	145.8	1.48	11.0	9.2121	1.7292	1.9201	142.52	0.40403	1011.38	3	0	3	32	0.4651	1.0	1.0	24	0.5876	0.3644	0.0466	1.7487	0.5981	2.689
L014181	control_vntr_matched	mafft_fftns2	24.05	49.714	3	0.4176	33.3	29	4	5	1.6078	1.6072	72.24	0.2381	1.1674	1.4882	1.1242	128.95	0.07	1.0	1.2121	1.1674	1.1749	10.33	0.08601	108.88	0	0	0	0	0.5	0.5	1.0	3	0.8073	0.1061	0.0824	1.1442	0.1812	1.2893
L014210	hotspot_vntr	mafft_fftns2	178.93	7.309	1	0.5774	244.74	130	9	13	1.3546	1.1429	92.13	0.033	1.4787	1.3048	1.3905	183.77	4.56	9.0	8.0	1.4787	1.4989	95.45	0.3701	844.64	19	0	19	27	0.3333	1.0	1.0	15	0.4643	0.1821	0.347	1.5231	0.1687	1.532
L014297	hotspot_vntr	mafft_fftns2	171.65	6.381	2	0.4758	240.04	26	13	15	1.2882	1.268	57.88	0.1087	1.0526	1.3299	1.0426	137.72	4.61	8.0	8.0	1.0526	1.0059	2.48	0.44183	890.11	0	0	0	0	0.6667	1.0	1.0	7	0.289	0.3654	0.3322	2.9292	0.4036	3.3629
L014324	control_vntr_correct	mafft_fftns2	33.81	35.235	1	0.5882	45.35	26	2	6	1.0604	1.0087	5.89	0.3871	1.0685	1.067	1.0522	13.5	0.0	1.0	1.0303	1.0685	1.0693	10.82	0.10209	138.03	0	0	0	0	1.0	1.0	1.0	1	0.6511	0.2554	0.0935	1.2803	0.2952	1.3334
L014358	hotspot_vntr	mafft_fftns2	336.15	8.327	1	0.5535	496.83	9	30	31	1.3285	1.1449	101.68	0.0144	1.3763	1.3197	1.3574	209.75	12.73	2.0	1.6061	1.3763	1.3816	98.77	0.51414	2434.81	6	1	5	239	0.2222	1.0	1.0	6	0.1706	0.2063	0.623	2.916	0.1818	3.0426
L014426	control_vntr_correct	mafft_fftns2	58.32	17.709	2.0	0.4273	82.18	27	2	9	1.0597	1.0314	12.14	0.0161	1.0796	1.0676	1.108	29.05	0.03	0.0	1.4242	1.0796	1.0585	8.51	0.13075	164.37	1	1	0	1	0.8	1.0	1.0	3	0.6475	0.341	0.0115	1.5709	0.125	1.125
L014899	control_nontr_sv	mafft_fftns2	6.0	166.833	109.5	0.3333	7.0	2	2	2	1.0	1.0	0.0	1.0	1.0	1.0	1.0	0.0	0.0	1.0	0.5455	1.0	1.0	0.0	0.0	0.0	0	0	0	0	1.0	1.0	1.0	1	1.0	0.0	0.0	1.0		
L015126	hotspot_other	mafft_fftns2	725.92	2.119	1.0	0.7565	1055.27	39	30	30	1.4623	1.4821	66.88	0.0018	1.3596	1.5236	1.3065	182.88	1.56	2.0	1.7576	1.3596	1.1421	16.2	0.76562	4557.85	0	0	0	12	0.5	1.0	1.0	2	0.4986	0.2737	0.1084	3.6073	0.3511	5.3699
L015223	control_vntr_matched	mafft_fftns2	46.88	32.31	3	0.4031	65.41	48	3	4	1.0975	1.0953	27.12	0.24	1.1023	1.0069	1.0077	4.46	0.28	6.0	5.6364	1.1023	1.1054	38.72	0.05475	97.75	0	0	0	0	0.25	1.0	1.0	6	0.9442	0.0239	0.0319	1.0252	0.1034	1.1207
L015285	control_vntr_correct	mafft_fftns2	33.2	30.449	1	0.6292	44.01	30	2	4	1.1125	1.1122	8.04	0.0997	1.1122	1.219	1.2186	32.87	0.0	1.0	0.5152	1.1122	1.0	0.0	0.06724	75.35	0	0	0	0	1.0	1.0	1.0	1	0.8644	0.0716	0.064	1.0951	0.0833	1.2428
L015331	hotspot_vntr	mafft_fftns2	422.1	6.395	1.0	0.665	593.92	107	25	30	1.8062	1.6661	202.39	0.0162	2.2944	1.7771	2.238	421.76	3.06	7.0	7.1212	2.2944	2.2966	237.11	0.67645	3215.46	0	0	0	1	0.2105	1.0	1.0	13	0.2418	0.1503	0.5997	4.298	0.1517	4.7867
L015347	hotspot_vntr	mafft_fftns2	588.71	4.677	1	0.6373	843.19	64	29	29	1.332	1.2809	196.13	0.0	1.4654	1.3085	1.4303	394.71	2.46	23.0	27.8214	1.4654	1.453	207.82	0.65	3950.17	60	31	29	2036	0.2772	1.0	1.0	62	0.193	0.1974	0.6039	4.0601	0.1998	4.2495
L015415	hotspot_vntr	mafft_fftns2	240.3	10.376	1.0	0.5586	339.51	8	14	14	1.1536	1.0447	86.04	0.0	1.087	1.1641	1.0802	186.45	21.4	5.0	5.8182	1.087	1.0531	24.37	0.48586	1798.83	0	0	0	0	0.1905	1.0	1.0	11	0.2434	0.1681	0.5819	3.1076	0.1908	3.6266
L015708	hotspot_other	mafft_fftns2	64.57	17.642	2	0.4813	93.23	45	13	24	1.7734	1.1613	19.25	0.0567	3.1155	1.6379	2.4992	43.68	0.14	1.0	1.2727	3.1155	4.3527	42.24	0.16029	232.73	2	0	2	3	0.0	0.0		2	0.5282	0.3052	0.1667	2.812	0.4327	3.9588
L015743	control_vntr_correct	mafft_fftns2	7.51	133.444	1.0	0.6111	10.43	11	4	7	1.0068	1.2308	1.14	0.2377	1.0024	1.007	1.0009	2.39	0.0	1.0	0.9697	1.0024	1.001	0.66	0.00344	3.55	1	0	1	2	1.0	1.0	1.0	2	0.4077	0.0476	0.5446	1.06	0.0818	1.0891
L015847	hotspot_other	mafft_fftns2	197.95	5.522	1	0.5654	277.69	49	12	29	1.1632	1.1355	22.42	0.2108	1.1089	1.0882	1.0322	28.67	0.85	11.0	10.7576	1.1089	1.036	17.54	0.11066	196.08	0	0	0	39	0.087	1.0	1.0	12	0.5926	0.3148	0.0926	2.0163	0.5208	3.0366
L015904	hotspot_other	mafft_fftns2	1179.82	3.308	1.0	0.7233	1724.45	16	33	33	1.4149	1.4068	124.33	0.0179	1.243	1.3903	1.267	276.32	5.09	5.0	5.0606	1.243	1.1218	41.26	0.68524	6815.44	45	10	35	389	0.5714	1.0	1.0	11	0.393	0.306	0.2809	2.4598	0.4079	2.9388
L016040	control_nontr_sv	mafft_fftns2	29.25	37.381	1	0.5714	37.6	7	2	4	1.0	1.0	0.0	1.0	1.0	1.0	1.0	0.0	0.0	1.0	0.5152	1.0	1.0	0.0	0.0	0.0	0	0	0	0	1.0	1.0	1.0	1	1.0	0.0	0.0	1.0		
L016062	control_vntr_correct	mafft_fftns2	16.35	64.209	1	0.5581	21.67	15	2	4	1.0038	1.0	0.1	0.8969	1.0018	1.0056	1.0033	0.32	0.0	1.0	0.5152	1.0018	1.0019	0.02	0.03112	35.36	0	0	0	0	1.0	1.0	1.0	1	0.6773	0.0367	0.2861	1.0464	0.0667	1.083
L016124	control_vntr_matched	mafft_fftns2	42.68	24.767	2	0.4654	57.99	47	2	6	1.7134	1.6957	44.72	0.1209	1.6918	1.3941	1.3742	69.09	0.43	0.0	1.3939	1.6918	2.0769	32.37	0.09385	113.56	0	0	0	0	1.0	1.0	1.0	3	0.8981	0.0919	0.0075	1.1258	0.0833	1.125
L016274	control_nontr_sv	mafft_fftns2	6.74	254.0	337	0.2	8.09	1	3	3	1.0	1.0	0.0	1.0	1.0	1.0	1.0	0.0	0.0	0.0	0.4242	1.0	1.0	0.0	0.0	0.0	0	0	0	0	1.0	1.0	1.0	1	0.9537	0.0463	0.0	1.0463	0.0	1.0
L016523	control_vntr_correct	mafft_fftns2	15.65	66.698	1	0.5116	21.48	13	2	12	1.0	1.0	0.0	1.0	1.0	1.0	1.0	0.0	0.1	0.0	0.4848	1.0	1.3057	5.3	0.00766	8.74	0	0	0	0	1.0	1.0	1.0	1	0.9741	0.0219	0.004	1.0219	0.0909	1.0909
L016830	control_vntr_correct	mafft_fftns2	21.87	46.086	3	0.4381	29.79	19	4	7	1.0081	1.0085	2.14	0.3252	1.012	1.0159	1.0113	8.49	0.18	5.0	4.0303	1.012	1.0142	3.78	0.06542	74.57	1	1	0	1	0.2222	1.0	1.0	7	0.8669	0.0833	0.0498	1.1202	0.1111	1.2052
L016870	hotspot_other	mafft_fftns2	257.44	5.512	1.0	0.5229	360.18	127	7	20	1.0175	1.0253	9.14	0.2354	1.0055	1.0146	1.0046	15.73	0.77	4.0	4.3636	1.0055	1.0028	3.22	0.24256	557.49	0	0	0	0	0.3333	1.0	1.0	4	0.9417	0.0583	0.0	1.1068	0.0435	1.1304
L016884	control_vntr_correct	mafft_fftns2	250.95	5.048	1.0	0.5932	365.46	15	28	28	1.1489	1.1224	25.38	0.0614	1.1179	1.1061	1.0822	43.63	2.61	1.0	0.9697	1.1179	1.1152	13.5	0.28007	733.3	0	0	0	30	0.6667	0.6667	1.0	2	0.4308	0.4462	0.1231	2.3007	0.5122	2.867
L017097	control_nontr_sv	mafft_fftns2	66.93	32.059	1	0.6275	89.24	11	6	10	1.0025	1.0012	0.93	0.4393	1.0026	1.0	1.0	0.0	0.0	1.0	0.6364	1.0026	1.0	0.0	0.0	0.0	0	0	0	1	1.0	1.0	1.0	1	1.0	0.0	0.0	1.0	0.0	1.0
L017325	control_vntr_matched	mafft_fftns2	73.63	17.683	2.0	0.4286	104.31	11	23	24	1.0602	1.006	9.96	0.4084	1.0461	1.045	1.0393	16.38	1.86	2.0	2.1818	1.0461	1.0411	26.19	0.35112	600.88	1	1	0	1	0.6667	1.0	1.0	2	0.6299	0.1883	0.1753	1.2652	0.0556	1.2347
TR101140	control_vntr_matched	mafft_fftns2	205.0	6.585	1	0.6131	275.0	435	2	12	1.2478	1.0	27.9	0.5651	1.2567	1.2333	1.2394	65.85	0.61	0.0	0.875	1.2567	1.2231	8.93	0.13025	275.81	0	0	0	0				0	0.6015	0.0805	0.2978	1.0945	0.0809	1.0949
TR368009	control_vntr_matched	mafft_fftns2	45.33	22.437	1	0.6217	60.47	166	3	6	1.0421	1.0	1.23	0.9122	1.0413	1.0114	1.011	0.73	0.0	0.0	0.1212	1.0413	1.0017	0.02	0.04986	58.37	0	0	0	0				0	0.9678	0.0132	0.0177	1.0136	0.0927	1.0973
TR423938	control_vntr_matched	mafft_fftns2	3.99	250.889	286	0.4444	4.88	3	2	3	1.0	1.0	0.0	1.0	1.0	1.0	1.0	0.0	0.0	0.0	0.0303	1.0	1.0	0.0	0.00922	9.31	0	0	0	0				0	0.671	0.0725	0.2565	1.091	0.16	1.2008
TR424743	control_vntr_matched	mafft_fftns2	40.6	72.559	1	0.5379	56.57	18	10	19	1.1023	1.0012	46.99	0.2722	1.0025	1.1044	1.0028	96.26	46.99	1.0	1.5152	1.0025	1.0078	3.54	0.14559	458.98	0	0	0	0				0	0.4458	0.1098	0.4417	1.4754	0.1236	1.6927
TR446002	control_vntr_matched	mafft_fftns2	10.8	92.84	2	0.4	14.26	6	3	5	1.0024	1.0	0.06	0.8698	1.0014	1.0	1.0	0.0	0.0	0.0	0.0303	1.0014	1.0	0.0	0.00409	4.32	1	1	0	1				0	1.0	0.0	0.0	1.0	0.0	1.0
TR455654	control_vntr_matched	mafft_fftns2	17.89	57.14	2	0.4884	24.97	14	3	7	1.0035	1.0	0.08	0.9065	1.0015	1.0033	1.0	0.18	0.0	0.0	0.0303	1.0015	1.1301	0.94	0.00616	6.66	0	0	0	0				0	0.9432	0.0568	0.0	1.0926	0.25	1.25
TR460913	control_vntr_matched	mafft_fftns2	34.27	29.489	1	0.6222	44.94	15	2	7	1.0736	1.0	0.37	0.8421	1.0714	1.1018	1.0984	1.47	0.0	0.0	0.0	1.0714	1.0	0.0	0.04456	53.31	0	0	0	0				0	0.8855	0.0661	0.0485	1.0859	0.2353	1.3235
TR499275	control_vntr_matched	mafft_fftns2	6.9	145.167	1.0	0.5333	8.98	10	2	4	1.0	1.0	0.0	1.0	1.0	1.0	1.0	0.0	0.0	0.0	0.0	1.0	1.0	0.0	0.0	0.0	0	0	0	0				0	0.9701	0.0075	0.0224	1.0075	0.0	1.0
TR499276	control_vntr_matched	mafft_fftns2	8.92	112.4	1.0	0.675	11.6	13	2	5	1.0	1.0	0.0	1.0	1.0	1.0	1.0	0.0	0.0	0.0	0.0	1.0	1.0	0.0	0.0	0.0	0	0	0	0				0	1.0	0.0	0.0	1.0	0.0	1.0
TR573259	control_vntr_matched	mafft_fftns2	47.96	28.307	4.0	0.4786	65.78	52	2	4	1.022	1.0	2.8	0.6562	1.022	1.0009	1.0008	0.26	0.34	0.0	0.2727	1.022	1.0071	0.08	0.12196	192.53	0	0	0	0				0	0.8035	0.079	0.1175	1.1138	0.1064	1.2323
TR668316	control_vntr_matched	mafft_fftns2	44.4	30.581	2.0	0.5	61.38	40	6	13	1.1823	1.0027	12.04	0.4816	1.1604	1.2004	1.1787	27.07	0.1	0.0	0.4828	1.1604	1.1481	4.09	0.15598	246.16	0	0	0	0	0.0	0.0	0.0	2	0.2668	0.2574	0.4743	1.5563	0.2574	1.5563
TR687433	control_vntr_matched	mafft_fftns2	55.19	20.941	1	0.5784	74.28	53	4	4	1.9873	1.0659	101.08	0.3229	2.0133	2.0765	2.1014	222.7	0.11	0.0	0.2727	2.0133	1.9333	8.26	0.2695	369.03	0	0	0	1				0	0.4144	0.2483	0.3372	1.718	0.2635	2.0646
TR687489	control_vntr_matched	mafft_fftns2	4.39	228.083	2.0	0.5	5.49	4	2	2	1.0	1.0	0.0	1.0	1.0	1.0	1.0	0.0	0.0	0.0	0.0	1.0	1.0	0.0	0.0	0.0	0	0	0	0				0	0.8352	0.0	0.1648	1.0019	0.0	1.0034
TR724750	control_vntr_matched	mafft_fftns2	50.03	23.376	1	0.5638	67.49	53	2	4	2.8404	1.0	26.02	0.8507	2.8345	2.0458	2.0414	45.24	0.0	0.0	0.1212	2.8345	4.5758	6.0	0.14463	199.13	0	0	0	0				0	0.6883	0.1521	0.1596	1.1643	0.2238	1.2503
TR743754	control_vntr_matched	mafft_fftns2	37.97	26.667	1	0.5586	50.98	32	5	9	1.0131	1.0	0.77	0.8367	1.0127	1.0275	1.0265	3.36	0.0	0.0	0.1818	1.0127	1.0	0.0	0.08035	95.11	0	0	0	0				0	0.5479	0.433	0.0192	1.477	0.5	1.75
TR831034	control_vntr_matched	mafft_fftns2	227.69	5.595	1.0	0.6031	322.86	346	11	27	1.3466	1.2493	24.49	0.0674	1.306	1.1479	1.1156	31.51	0.86	2.0	2.2333	1.306	3.7288	43.95	0.15477	397.89	2	2	0	28	0.0	0.0		1	0.8519	0.1481	0.0	1.2222	0.4375	1.4375
L000034	hotspot_vntr	mafft_fftns2__all	440.2	5.004	1	0.519	624.17	51	31	32	2.0284	2.2865	181.3	0.025	2.4708	1.7856	2.1116	373.37	17.57	5.0	6.7273	2.4708	2.8419	218.13	0.49952	1954.56	35	14	21	321	0.3571	1.0	1.0	16	0.394	0.4254	0.1727	1.8941	0.4733	2.0983
L000308	control_vntr_matched	mafft_fftns2__all	22.64	44.817	1	0.5591	31.16	20	6	9	1.798	1.9679	196.98	0.2024	1.0278	1.4113	1.0164	262.58	0.0	1.0	1.5455	1.0278	1.0322	9.17	0.03351	37.97	0	0	0	0	1.0	1.0	1.0	3	0.9452	0.0378	0.0151	1.0388	0.0625	1.0781
L000381	control_vntr_matched	mafft_fftns2__all	30.94	33.46	1	0.6279	41.44	73	3	8	1.0247	1.0	0.17	0.8726	1.0347	1.0184	1.026	0.33	0.0	1.0	1.0303	1.0347	1.7263	13.45	0.01331	16.12	0	0	0	1	1.0	1.0	1.0	1	0.9967	0.0027	0.0	1.0033	0.0303	1.0312
L000407	control_vntr_correct	mafft_fftns2__all	11.39	91.032	5	0.3548	15.8	8	4	9	1.0579	1.0	1.96	0.9213	1.0656	1.0204	1.0156	1.57	0.35	0.0	0.5152	1.0656	1.0929	1.8	0.00767	8.45	0	0	0	0	0.0	1.0	1.0	1	0.969	0.031	0.0	1.0381	0.0792	1.1089
L000506	control_nontr_sv	mafft_fftns2__all	6.2	161.571	33	0.4286	8.86	1	5	5	1.0	1.0	0.0	1.0	1.0	1.0	1.0	0.0	0.0	0.0	0.4545	1.0	1.0	0.0	0.0	0.0	0	0	0	0	1.0	1.0	1.0	1	0.9145	0.0855	0.0	1.1966	0.3333	2.0
L000698	control_vntr_correct	mafft_fftns2__all	19.2	65.866	1	0.5672	26.65	19	7	9	1.0358	1.0	1.22	0.8088	1.0572	1.0081	1.0116	0.59	0.3	1.0	1.0	1.0572	1.1357	28.88	0.02554	34.67	0	0	0	0	0.6667	1.0	1.0	1	0.8728	0.0501	0.0771	1.0609	0.0286	1.0286
L000709	control_vntr_matched	mafft_fftns2__all	2.56	405.938	66.5	0.375	3.35	6	2	3	2.9743	2.9744	70.63	0.0594	2.9738	2.9498	2.9489	143.1	0.0	0.0	1.3636	2.9738	3.0	33.82	0.03594	37.53	4	0	4	4	1.0	1.0	1.0	1	0.9299	0.0528	0.0173	1.053	0.0714	1.0893
L001264	hotspot_vntr	mafft_fftns2__all	890.1	6.242	1	0.6906	1286.42	13	34	34	1.4941	1.4023	268.06	0.0	1.4235	1.4497	1.3781	529.9	14.75	9.0	10.0909	1.4235	1.3916	147.74	0.75266	9312.19	10	1	9	749	0.3	1.0	1.0	25	0.2776	0.1459	0.5587	3.7374	0.1417	4.1735
L001491	control_vntr_correct	mafft_fftns2__all	112.57	12.774	1	0.6277	151.19	44	4	9	1.042	1.0393	9.36	0.3232	1.0391	1.0656	1.0667	30.83	0.0	2.0	1.0303	1.0391	1.0	0.0	0.09226	188.99	2	2	0	3	0.0	1.0	1.0	3	0.9091	0.0352	0.0352	1.0368	0.0325	1.0342
L001527	control_nontr_sv	mafft_fftns2__all	35.3	28.625	1.0	0.625	51.19	9	10	12	1.0001	1.0	0.02	0.981	1.0	1.0	1.0	0.0	0.0	0.0	0.2727	1.0	1.0	0.0	0.00758	8.83	0	0	0	0	1.0	1.0	1.0	1	0.9703	0.0297	0.0	1.1683	0.0	1.0
L001894	control_vntr_matched	mafft_fftns2__all	38.54	27.49	1	0.5462	52.0	65	3	5	1.3945	1.0	11.34	0.6814	2.8289	1.3328	2.1266	21.74	0.0	5.0	5.0	2.8289	18.4094	90.24	0.0524	63.77	0	0	0	0	0.25	0.4286		5	0.9696	0.0276	0.0021	1.0276	0.0	1.0
L001899	control_vntr_matched	mafft_fftns2__all	104.65	11.78	2	0.4732	145.99	33	4	9	1.8586	1.7541	82.82	0.0024	1.9272	1.8877	1.9609	182.2	8.84	2.0	1.4545	1.9272	1.9251	53.61	0.31828	503.83	0	0	0	0	0.0	1.0	1.0	2	0.3391	0.4261	0.2348	2.2545	0.3836	2.4653
L001922	control_vntr_correct	mafft_fftns2__all	81.59	13.439	1	0.5709	112.37	10	12	12	1.0942	1.0535	29.13	0.0766	1.0887	1.1097	1.1043	68.31	1.0	0.0	0.5152	1.0887	1.0806	14.75	0.26125	375.49	0	0	0	0	1.0	1.0	1.0	1	0.4487	0.2506	0.2888	1.7309	0.2357	2.0517
L002013	hotspot_vntr	mafft_fftns2__all	898.88	3.583	1.0	0.6767	1330.06	6	32	32	1.3227	1.2698	168.63	0.0125	1.6162	1.3113	1.5686	348.04	24.74	11.0	9.9394	1.6162	1.6631	226.85	0.59846	4762.38	3	3	0	1172	0.4865	1.0	1.0	22	0.2718	0.0763	0.6443	2.2772	0.0725	2.4112
L002096	hotspot_vntr	mafft_fftns2__all	265.72	15.124	1	0.566	378.95	101	22	33	1.3741	1.1338	86.89	0.0339	1.1142	1.3381	1.1093	168.68	9.19	6.0	6.4242	1.1142	1.0678	32.86	0.52898	2710.32	15	15	0	39	0.2727	1.0	1.0	8	0.2574	0.125	0.598	2.1168	0.0971	2.2589
L002143	hotspot_vntr	mafft_fftns2__all	427.99	5.773	1.0	0.6452	606.19	106	22	23	5.012	6.0213	263.75	0.0075	8.4825	4.3233	6.8376	561.04	5.39	19.0	20.9394	8.4825	13.6028	325.68	0.74088	3652.26	2	0	2	72	0.1455	1.0	1.0	46	0.1386	0.4729	0.3848	5.8942	0.4509	6.7309
L002182	hotspot_vntr	mafft_fftns2__all	1095.9	3.794	1	0.7276	1624.79	11	32	32	1.2762	1.1053	149.03	0.0107	1.4301	1.3018	1.4078	342.27	21.2	5.0	5.4848	1.4301	1.3759	149.09	0.72602	8827.47	0	0	0	19	0.1538	1.0	1.0	8	0.2931	0.4169	0.284	4.3027	0.4808	5.0282
L002292	control_nontr_sv	mafft_fftns2__all	8.7	115.211	3	0.4737	12.37	3	4	6	1.0	1.0	0.0	1.0	1.0	1.0	1.0	0.0	0.0	0.0	0.4545	1.0	1.0	0.0	0.0	0.0	0	0	0	0	1.0	1.0	1.0	1	0.9839	0.0161	0.0	1.0482		
L002884	control_vntr_matched	mafft_fftns2__all	22.98	49.816	8	0.3218	32.49	29	2	12	1.9482	1.0059	10.86	0.4571	1.051	1.8811	1.0351	23.16	0.14	1.0	1.0909	1.051	1.0854	6.96	0.05678	71.58	2	0	2	2	0.5	1.0	1.0	3	0.6509	0.1146	0.2345	1.2961	0.086	1.5136
L002940	hotspot_other	mafft_fftns2__all	360.34	4.656	1.0	0.6265	529.44	38	16	26	1.1482	1.0897	46.19	0.0537	1.2044	1.1686	1.2144	118.55	7.42	2.0	3.4545	1.2044	1.2562	60.51	0.35786	942.9	0	0	0	24	0.0	1.0	1.0	8	0.4233	0.4202	0.1442	2.674	0.586	3.4246
L003119	control_vntr_correct	mafft_fftns2__all	4.13	242.75	119.0	0.4167	5.5	5	2	6	1.0009	1.0	0.09	0.9297	1.0009	1.0012	1.0013	0.26	0.0	1.0	0.9697	1.0009	1.0008	0.36	0.0	0.0	0	0	0	0	1.0	1.0	1.0	1	0.3079	0.1291	0.5629	1.1341	0.0187	1.0281
L003171	control_nontr_sv	mafft_fftns2__all	11.28	88.917	47.0	0.5	14.1	4	2	2	1.003	1.003	1.11	0.0	1.003	1.0	1.0	0.0	0.0	1.0	1.0	1.003	1.0	0.0	0.00889	9.4	0	0	0	0	1.0	1.0	1.0	1	1.0	0.0	0.0	1.0	0.0	1.0
L003672	control_vntr_correct	mafft_fftns2__all	18.97	55.163	1	0.551	25.55	17	2	7	1.3152	1.3171	23.76	0.2361	1.3179	1.0292	1.0294	6.03	0.0	0.0	0.9697	1.3179	3.1099	40.94	0.0277	31.75	0	0	0	0	1.0	1.0	1.0	2	0.8863	0.065	0.0487	1.0731	0.2222	1.2593
L003695	hotspot_other	mafft_fftns2__all	217.61	6.751	1.0	0.5539	314.67	8	12	12	1.5725	1.8261	83.19	0.0328	1.6147	1.5969	1.5641	197.42	8.33	1.0	1.6667	1.6147	1.6562	74.87	0.42369	957.56	0	0	0	0	0.3636	1.0	1.0	4	0.3343	0.3425	0.3204	2.7934	0.4054	3.3146
L003826	control_vntr_matched	mafft_fftns2__all	316.09	5.2	1.0	0.6024	451.6	20	33	33	1.8435	2.0898	65.83	0.0429	1.9205	1.6743	1.6061	130.34	1.95	1.0	2.2121	1.9205	2.5433	58.69	0.36554	990.47	0	0	0	30	0.2222	0.2222		9	0.159	0.7035	0.1348	4.0012	0.7729	4.6206
L003828	hotspot_other	mafft_fftns2__all	168.37	8.362	1	0.5733	243.92	3	26	26	1.139	1.075	59.96	0.0073	1.0565	1.1551	1.0657	136.98	15.13	10.0	9.303	1.0565	1.049	45.2	0.41226	849.08	0	0	0	48	0.4211	1.0	1.0	13	0.4828	0.2672	0.25	2.5511	0.2	2.602
L003872	control_vntr_matched	mafft_fftns2__all	83.93	12.472	2.0	0.4435	115.74	48	6	7	1.1638	1.1805	16.36	0.1731	1.1341	1.0728	1.0622	21.48	0.22	1.0	0.5152	1.1341	1.6516	21.62	0.03458	48.73	0	0	0	0	0.6667	1.0	1.0	1	0.9683	0.0297	0.0	1.0298	0.0204	1.0204
L003883	control_nontr_sv	mafft_fftns2__all	32.61	137.852	1	0.5926	42.27	2	3	3	1.0003	1.0003	0.4	0.0525	1.0003	1.0	1.0	0.0	0.0	1.0	0.5152	1.0003	1.0	0.0	0.0	0.0	0	0	0	0	1.0	1.0	1.0	1	0.9974	0.0026	0.0	1.0026	0.0	1.0
L004021	control_vntr_matched	mafft_fftns2__all	22.49	44.799	1.0	0.6034	30.37	44	6	20	1.0213	1.0	1.01	0.8283	1.0041	1.0044	1.0065	0.43	0.01	1.0	1.1212	1.0041	1.0236	0.8	0.00627	7.11	0	0	0	1	1.0	1.0	1.0	1	0.9643	0.0339	0.0	1.034	0.0172	1.0179
L004145	hotspot_vntr	mafft_fftns2__all	178.83	6.84	1	0.5303	248.16	434	14	31	1.4987	1.5547	98.03	0.0263	1.4952	1.2788	1.2905	164.84	8.23	11.0	7.2581	1.4952	1.5597	84.55	0.15553	271.61	1	0	1	10	0.3243	1.0	1.0	12	0.6667	0.2998	0.0335	1.7053	0.4455	2.4153
L004620	control_nontr_sv	mafft_fftns2__all	10.29	97.4	11.0	0.5	13.37	2	4	5	1.0	1.0	0.0	1.0	1.0	1.0	1.0	0.0	0.0	1.0	0.5152	1.0	1.0	0.0	0.00694	7.2	0	0	0	0	1.0	1.0	1.0	1	0.9609	0.0391	0.0	1.0391	0.0	1.0
L004848	hotspot_other	mafft_fftns2__all	682.96	3.126	1	0.7971	999.05	22	30	30	1.6793	1.7804	149.41	0.0054	1.7125	1.6154	1.5986	324.8	18.54	5.0	4.8788	1.7125	1.6772	182.45	0.71497	4695.3	4	3	1	99	0.25	1.0	1.0	5	0.4711	0.1983	0.1777	2.2655	0.225	2.6585
L004989	hotspot_other	mafft_fftns2__all	401.0	5.233	1	0.6713	583.43	10	29	29	1.5849	1.495	116.05	0.0216	1.3386	1.5121	1.3367	234.17	10.11	3.0	2.8485	1.3386	1.3063	105.78	0.55844	1841.49	0	0	0	88	0.25	1.0	1.0	5	0.4362	0.3221	0.2282	2.3444	0.3855	3.0048
L005064	hotspot_other	mafft_fftns2__all	155.87	11.178	2.0	0.4725	228.91	59	22	29	1.1418	1.1503	24.7	0.0919	1.129	1.1211	1.1334	46.06	0.79	1.0	0.8485	1.129	1.1444	14.53	0.39331	916.56	5	0	5	60	0.6667	0.6667	1.0	1	0.5346	0.1687	0.2735	1.7729	0.211	2.3984
L005261	hotspot_other	mafft_fftns2__all	850.99	4.438	1	0.6033	1268.92	30	21	26	1.1198	1.0122	47.64	0.0892	1.0128	1.1509	1.0344	125.87	2.92	1.0	1.8788	1.0128	1.0042	1.69	0.65001	5117.58	29	29	0	146	0.0	1.0	1.0	5	0.5455	0.3593	0.0909	2.0594	0.5278	2.6978
L005411	hotspot_vntr	mafft_fftns2__all	155.52	8.495	1.0	0.581	225.41	99	21	33	1.9121	2.0731	61.65	0.0054	1.2632	1.6536	1.2124	117.59	3.81	2.0	2.6061	1.2632	1.2992	59.59	0.50863	1136.16	5	5	0	157	0.2857	1.0	1.0	3	0.2937	0.46	0.2279	2.7685	0.4847	2.8363
L005481	hotspot_vntr	mafft_fftns2__all	285.62	5.819	1.0	0.609	414.18	20	23	23	1.6346	3.7407	73.88	0.0706	1.8604	1.7067	1.7659	174.45	3.31	2.0	2.6061	1.8604	2.0538	139.38	0.57424	1650.43	8	0	8	71	0.3077	1.0	1.0	5	0.4155	0.235	0.3295	3.6995	0.3301	4.9899
L005618	hotspot_other	mafft_fftns2__all	698.21	2.616	1	0.6569	1029.31	62	32	32	1.499	1.4045	124.47	0.0	1.3842	1.4631	1.4161	276.83	8.57	5.0	4.4242	1.3842	1.3369	81.75	0.76138	5161.08	9	4	5	304	0.8571	1.0	1.0	7	0.6338	0.1385	0.1477	1.5233	0.2108	1.7907
L005688	control_nontr_sv	mafft_fftns2__all	178.37	7.969	1	0.6299	238.76	39	3	5	1.0235	1.0241	5.03	0.3571	1.0236	1.0	1.0	0.0	0.0	1.0	0.8182	1.0236	1.0158	4.01	0.0	0.0	0	0	0	0	1.0	1.0	1.0	1	1.0	0.0	0.0	1.0	0.0	1.0
L005990	hotspot_vntr	mafft_fftns2__all	150.52	14.061	2.0	0.4646	228.22	71	20	32	1.1774	1.0539	28.93	0.119	1.6306	1.1788	1.5769	61.9	1.12	11.0	11.1613	1.6306	1.6327	141.51	0.33414	946.18	9	9	0	238	0.4211	1.0	1.0	14	0.4327	0.1212	0.4293	1.7619	0.1223	2.1448
L006556	control_nontr_sv	mafft_fftns2__all	16.2	62.0	1	0.5333	20.52	4	3	4	1.0033	1.0033	1.12	0.1373	1.0033	1.0	1.0	0.0	0.0	1.0	0.5152	1.0033	1.0	0.0	0.00896	9.72	0	0	0	0	1.0	1.0	1.0	1	1.0	0.0	0.0	1.0	0.0	1.0
L006952	hotspot_vntr	mafft_fftns2__all	849.77	2.718	1.0	0.6724	1210.57	6	28	28	1.1243	1.0138	76.94	0.0278	1.2371	1.1399	1.2407	179.75	1.95	3.0	2.3939	1.2371	1.2023	99.1	0.78815	6344.57	4	4	0	30	0.5	1.0	1.0	4	0.4981	0.2566	0.0717	2.0963	0.2485	2.3683
L007033	control_vntr_correct	mafft_fftns2__all	26.42	43.791	4	0.4925	35.88	5	3	3	1.0046	1.0014	5.82	0.0	1.0081	1.0036	1.0074	9.08	0.0	1.0	1.1515	1.0081	1.0069	8.44	0.14543	184.94	0	0	0	0	1.0	1.0	1.0	1	0.8824	0.098	0.0196	1.1078	0.5	1.75
L007065	control_vntr_matched	mafft_fftns2__all	10.58	96.289	1	0.5333	14.1	10	7	9	1.0063	1.0286	0.37	0.2577	1.0092	1.0117	1.0175	1.4	0.0	1.0	0.5455	1.0092	1.0	0.0	0.00918	9.87	0	0	0	0	1.0	1.0	1.0	1	0.9675	0.0221	0.0104	1.0223	0.0385	1.0385
L007081	hotspot_vntr	mafft_fftns2__all	831.21	7.624	1	0.6269	1346.95	8	33	33	1.2636	1.1651	112.53	0.0071	1.1626	1.2853	1.1933	260.36	18.38	6.0	6.8788	1.1626	1.1529	72.6	0.60405	6754.19	26	24	2	502	0.3333	1.0	1.0	22	0.2412	0.2161	0.5226	3.4472	0.197	3.86
L007161	hotspot_other	mafft_fftns2__all	372.81	3.417	1	0.6646	527.74	77	20	25	1.3535	1.3304	55.49	0.0639	1.4907	1.318	1.3667	135.83	4.25	2.0	2.0	1.4907	1.3398	39.66	0.42668	1046.28	0	0	0	0	0.2857	1.0	1.0	6	0.4019	0.2881	0.293	1.6848	0.226	1.9502
L007172	control_vntr_matched	mafft_fftns2__all	149.55	8.827	1.0	0.5622	205.72	37	8	11	1.0493	1.0186	8.84	0.4427	1.0225	1.0346	1.0198	13.12	0.67	1.0	1.0	1.0225	1.0096	0.85	0.17368	314.06	0	0	0	0	0.0	1.0	1.0	2	0.5931	0.0906	0.3114	1.1225	0.089	1.1755
L007184	hotspot_other	mafft_fftns2__all	117.37	11.138	1.0	0.5132	179.92	7	20	21	1.2211	1.0447	41.58	0.161	1.196	1.2206	1.2169	88.99	12.81	2.0	2.7576	1.196	1.1838	58.16	0.25103	424.71	0	0	0	8	0.3333	1.0	1.0	4	0.6786	0.1339	0.1786	1.6121	0.2222	2.3618
L007192	control_nontr_sv	mafft_fftns2__all	29.2	46.65	1.5	0.5	40.88	4	6	11	1.0	1.0	0.0	1.0	1.0	1.0	1.0	0.0	0.75	0.0	0.2424	1.0	1.0	0.0	0.0109	16.06	0	0	0	0	1.0	1.0	1.0	1	0.9204	0.0796	0.0	1.2212	0.4444	2.3333
L007376	control_vntr_matched	mafft_fftns2__all	3.98	251.649	1	0.6104	5.27	5	8	9	1.0002	1.0	0.03	0.5995	1.0007	1.0001	1.0001	0.04	0.01	1.0	1.0606	1.0007	1.0	0.0	0.00192	1.96	1	0	1	1	1.0	1.0	1.0	1	0.9367	0.0152	0.0481	1.0155	0.011	1.0165
L007480	hotspot_other	mafft_fftns2__all	431.54	8.088	1.0	0.6868	608.18	8	21	21	1.2584	1.1734	77.05	0.0625	1.1672	1.2965	1.2001	184.2	2.38	3.0	2.8182	1.1672	1.1297	33.64	0.56265	2871.96	0	0	0	61	0.0	0.0	0.6667	7	0.2446	0.4165	0.3341	3.1324	0.3453	3.2789
L007687	control_vntr_matched	mafft_fftns2__all	98.68	12.199	1	0.59	133.08	61	6	10	1.4237	1.0317	33.37	0.4624	2.9182	1.4587	3.1702	75.8	0.1	4.0	4.303	2.9182	2.8266	79.08	0.27957	454.82	0	0	0	0	0.5	1.0	1.0	3	0.3961	0.4945	0.1072	1.6104	0.4231	1.7564
L007717	control_vntr_matched	mafft_fftns2__all	56.71	18.056	2	0.4542	79.53	61	8	21	1.0293	1.0256	1.82	0.3065	1.0379	1.0131	1.0122	1.99	0.15	0.0	0.5455	1.0379	1.2225	8.93	0.0534	73.2	2	2	0	2	1.0	1.0	1.0	1	0.9574	0.0234	0.0151	1.0279	0.0455	1.0682
L007798	hotspot_other	mafft_fftns2__all	700.23	8.849	1	0.6233	986.01	22	32	32	1.1638	1.1032	116.38	0.0018	1.2025	1.1624	1.1996	237.93	7.2	7.0	7.8788	1.2025	1.1797	110.74	0.57934	5410.09	9	0	9	797	0.2143	1.0	1.0	21	0.2812	0.1275	0.5899	2.247	0.1318	2.4542
L007844	hotspot_other	mafft_fftns2__all	2146.88	1.968	1.0	0.8233	3218.31	23	34	34	1.398	1.3599	147.47	0.0	1.3765	1.4325	1.4034	375.3	13.64	7.0	7.8485	1.3765	1.2871	106.13	0.83978	17475.35	38	38	0	724	0.3125	1.0	1.0	24	0.3042	0.3775	0.2197	3.7919	0.358	4.0393
L008216	hotspot_vntr	mafft_fftns2__all	269.96	7.156	1.0	0.6361	379.22	8	21	21	2.8305	2.7802	257.71	0.0019	2.4036	2.6473	2.174	529.32	6.82	5.0	5.3939	2.4036	3.029	194.03	0.59801	2051.79	1	1	0	1	0.3636	1.0	1.0	7	0.2378	0.5131	0.2491	3.9557	0.5106	4.3818
L008631	control_nontr_sv	mafft_fftns2__all	18.49	80.0	3	0.4615	27.03	3	6	8	1.0	1.0	0.0	1.0	1.0	1.0	1.0	0.0	0.0	0.0	0.1818	1.0	1.0	0.0	0.00929	14.22	0	0	0	0	1.0	1.0	1.0	1	0.9404	0.0596	0.0	1.1921	0.1282	1.4615
L008864	hotspot_vntr	mafft_fftns2__all	1085.41	6.013	1	0.5391	1616.14	6	28	28	1.2138	1.2	119.69	0.0274	1.2192	1.211	1.19	253.31	32.05	2.0	5.2727	1.2192	1.2231	93.97	0.49426	5915.53	60	60	0	703	0.3636	1.0	1.0	14	0.3755	0.2233	0.3933	2.0007	0.2678	2.2042
L008877	hotspot_other	mafft_fftns2__all	822.11	4.823	1	0.5577	1205.43	94	29	30	1.4378	1.4566	107.12	0.0108	1.1815	1.3655	1.148	218.43	12.03	7.0	7.0303	1.1815	1.1726	77.99	0.51616	3809.08	34	19	15	178	0.5	1.0	1.0	13	0.4648	0.1535	0.3451	1.6217	0.1884	1.7948
L008887	control_vntr_correct	mafft_fftns2__all	16.2	71.452	2.0	0.4762	21.99	15	2	7	1.2066	1.0	2.69	0.8209	1.0146	1.1876	1.0097	5.64	0.0	2.0	2.0	1.0146	1.0165	2.12	0.02917	35.88	0	0	0	0	1.0	1.0	1.0	2	0.9131	0.0664	0.0205	1.0698	0.1364	1.2197
L008902	control_vntr_correct	mafft_fftns2__all	52.56	20.696	2.0	0.4189	73.51	57	3	7	1.2464	1.2636	14.67	0.191	1.0336	1.0046	1.0145	0.91	0.0	1.0	1.0	1.0336	1.5547	17.14	0.033	45.81	0	0	0	0	1.0	1.0	1.0	2	0.9753	0.0141	0.0088	1.0186	0.0909	1.2273
L009000	hotspot_vntr	mafft_fftns2__all	390.67	4.731	1.0	0.6531	591.91	10	34	34	1.3527	1.4062	186.05	0.0	1.1206	1.3414	1.1312	404.87	21.36	31.0	29.8788	1.1206	1.0935	95.76	0.73686	3819.1	6	6	0	780	0.3962	1.0	1.0	59	0.5184	0.1507	0.3272	2.6648	0.1329	3.0618
L009283	control_nontr_sv	mafft_fftns2__all	19.13	52.533	1	0.5333	24.23	5	2	4	1.0078	1.0074	1.17	0.1933	1.0074	1.0	1.0	0.0	0.0	0.0	0.4848	1.0074	1.0	0.0	0.0	0.0	0	0	0	0	1.0	1.0	1.0	1	1.0	0.0	0.0	1.0	0.0	1.0
L009398	hotspot_vntr	mafft_fftns2__all	159.41	9.347	2	0.3215	231.68	16	24	25	1.1805	1.0772	64.3	0.0136	1.3092	1.1963	1.3294	144.3	8.09	3.0	3.5625	1.3092	1.2891	85.32	0.43464	875.96	0	0	0	63	0.3333	1.0	1.0	9	0.1944	0.4111	0.3889	3.9719	0.4296	4.5994
L009448	hotspot_vntr	mafft_fftns2__all	1327.63	2.312	1.0	0.7048	1994.26	5	24	24	1.4262	1.3421	224.33	0.0	1.5708	1.4494	1.5745	531.24	27.43	12.0	12.7826	1.5708	1.4919	174.77	0.84236	10726.06	2	1	1	1312	0.2745	1.0	1.0	25	0.488	0.2081	0.2632	2.1333	0.251	2.483
L009600	control_nontr_sv	mafft_fftns2__all	2.96	372.333	409	0.0	2.96	1	2	2	1.0	1.0	0.0	1.0	1.0	1.0	1.0	0.0	0.0	1.0	1.0	1.0	1.0	0.0	0.0	0.0	0	0	0	0	1.0	1.0	1.0	1	1.0	0.0	0.0	1.0	0.0	1.0
L009656	hotspot_vntr	mafft_fftns2__all	166.9	11.929	1	0.5375	234.77	4	26	26	1.1027	1.0904	25.34	0.1536	1.1864	1.0812	1.1468	43.22	0.62	1.0	1.6667	1.1864	1.2689	42.97	0.41691	1111.73	0	0	0	0	0.6667	1.0	1.0	1	0.5075	0.0894	0.3949	1.376	0.0744	1.4984
L009658	hotspot_vntr	mafft_fftns2__all	225.74	8.86	1	0.571	324.72	49	30	31	2.092	2.2968	235.97	0.0081	1.6306	1.926	1.5802	478.47	8.07	9.0	8.7742	1.6306	1.615	296.57	0.62277	1842.77	4	4	0	221	0.2143	0.2143	1.0	12	0.2265	0.1674	0.5812	2.6987	0.1857	2.8974
L009770	control_vntr_matched	mafft_fftns2__all	71.55	14.415	2	0.4776	97.18	74	6	7	1.4633	1.1053	53.51	0.3115	1.0968	1.5849	1.205	137.26	2.1	5.0	4.7879	1.0968	1.0104	2.72	0.20974	275.95	0	0	0	0	0.0	1.0	1.0	5	0.6255	0.1795	0.1951	1.3468	0.1812	1.6664
L009771	control_vntr_correct	mafft_fftns2__all	10.24	107.25	10.5	0.5	12.8	4	2	2	1.0	1.0	0.0	1.0	1.0	1.0	1.0	0.0	0.0	1.0	1.0	1.0	1.0	0.0	0.00075	0.85	0	0	0	0	1.0	1.0	1.0	1	0.989	0.011	0.0	1.011	0.0	1.0
L009803	hotspot_vntr	mafft_fftns2__all	702.95	2.445	1.0	0.7492	1034.91	7	30	30	1.4081	1.3793	190.29	0.0	1.1292	1.4296	1.1679	435.13	30.6	13.0	11.9394	1.1292	1.0817	49.98	0.80343	5141.21	0	0	0	370	0.3158	1.0	1.0	20	0.398	0.324	0.273	2.437	0.3699	2.7001
L009885	control_vntr_correct	mafft_fftns2__all	32.86	31.204	3	0.438	45.81	14	15	17	1.0072	1.0	0.51	0.7951	1.0558	1.0102	1.0783	1.48	0.02	0.0	0.1515	1.0558	1.0885	5.87	0.03805	44.85	0	0	0	0	0.0	0.0	1.0	0	0.7834	0.2006	0.0096	1.249	0.5435	1.7109
L010060	hotspot_other	mafft_fftns2__all	162.7	10.615	1.0	0.5436	233.63	4	23	24	1.3656	1.1862	53.68	0.1381	1.623	1.2821	1.4911	93.15	6.52	3.0	2.3939	1.623	1.8002	75.75	0.30429	728.41	0	0	0	0	0.0	1.0	1.0	2	0.7233	0.1344	0.1265	1.4424	0.1282	1.4406
L010113	control_vntr_correct	mafft_fftns2__all	13.66	73.951	1	0.5854	18.32	14	2	8	1.0	1.0	0.0	1.0	1.0	1.0	1.0	0.0	0.01	0.0	0.4848	1.0	1.0	0.0	0.01538	16.66	0	0	0	0	1.0	1.0	1.0	1	0.9357	0.0508	0.0135	1.0513	0.0909	1.101
L010328	hotspot_vntr	mafft_fftns2__all	2496.94	2.697	1	0.7058	3591.5	15	29	29	1.4204	1.5008	208.18	0.0	1.2221	1.4771	1.2997	508.1	17.08	5.5	7.5625	1.2221	1.1461	76.64	0.78405	15357.82	2	0	2	533	0.5185	1.0	1.0	17	0.2571	0.2751	0.4576	3.3245	0.3087	3.7945
L010350	control_vntr_matched	mafft_fftns2__all	6.37	161.851	1	0.617	8.54	16	2	11	1.0071	1.0	0.12	0.5368	1.0085	1.027	1.0326	0.99	0.01	1.0	0.6364	1.0085	1.0088	0.16	0.00254	2.71	0	0	0	0	1.0	1.0	1.0	1	0.9666	0.0115	0.0218	1.0155	0.0333	1.0667
L010452	control_nontr_sv	mafft_fftns2__all	11.21	96.0	13	0.4444	13.7	3	2	2	1.0	1.0	0.0	1.0	1.0	1.0	1.0	0.0	0.0	1.0	0.9697	1.0	1.0	0.0	0.0	0.0	0	0	0	0	1.0	1.0	1.0	1	1.0	0.0	0.0	1.0	0.0	1.0
L010508	control_vntr_correct	mafft_fftns2__all	19.27	54.706	1.0	0.5147	26.08	25	2	11	2.9796	2.8933	29.22	0.2467	3.4135	2.9358	3.34	63.02	0.0	2.0	1.1515	3.4135	4.0	28.72	0.04693	54.42	0	0	0	0	1.0	1.0	1.0	1	0.8778	0.1175	0.0048	1.1188	0.1	1.1278
L011121	control_vntr_correct	mafft_fftns2__all	140.73	8.571	1	0.6045	188.95	104	6	10	1.1473	1.0	8.55	0.6142	1.1198	1.2777	1.1873	33.74	1.94	2.0	1.9394	1.1198	1.0631	7.62	0.27081	478.24	0	0	0	0	0.0	1.0	1.0	2	0.4776	0.472	0.0485	1.5421	0.3973	1.5346
L011224	control_vntr_correct	mafft_fftns2__all	62.86	20.093	1.0	0.5185	86.53	34	3	13	1.0246	1.0112	3.11	0.2671	1.012	1.0016	1.0	0.46	0.04	1.0	1.0	1.012	1.016	1.52	0.03717	58.21	1	0	1	1	1.0	1.0	1.0	2	0.7878	0.045	0.1655	1.0635	0.0	1.05
L011227	control_vntr_matched	mafft_fftns2__all	12.18	105.477	7.5	0.4091	16.61	14	3	11	1.1129	1.0	5.86	0.8059	1.0825	1.0535	1.0615	6.16	0.0	1.0	0.6061	1.0825	1.107	3.18	0.07606	101.58	0	0	0	0	1.0	1.0	1.0	1	0.6049	0.0517	0.3359	1.101	0.0645	1.1542
L011430	control_vntr_matched	mafft_fftns2__all	99.66	10.727	2.0	0.4689	140.51	84	8	13	1.2437	1.2299	12.08	0.2004	1.2758	1.1115	1.1982	15.55	0.77	0.0	0.4848	1.2758	2.0182	27.61	0.20086	303.62	0	0	0	0	1.0	1.0	1.0	1	0.7937	0.1607	0.0258	1.2046	0.3826	1.5277
L011463	hotspot_vntr	mafft_fftns2__all	226.1	5.811	1	0.5297	316.26	195	20	27	1.74	1.7224	109.4	0.0471	1.508	1.3851	1.3294	168.94	5.88	13.0	10.697	1.508	1.647	129.02	0.26464	532.15	29	0	29	64	0.2353	1.0	1.0	26	0.6207	0.2893	0.09	2.0156	0.4398	3.1396
L011931	control_nontr_sv	mafft_fftns2__all	24.87	76.208	2.0	0.5	35.23	4	8	8	1.0012	1.0012	0.49	0.2684	1.0012	1.0	1.0	0.0	0.0	1.0	0.5152	1.0012	1.0	0.0	0.0	0.0	0	0	0	0	1.0	1.0	1.0	1	0.9783	0.0217	0.0	1.0652	0.0	1.0
L012184	hotspot_vntr	mafft_fftns2__all	852.91	5.55	1	0.6874	1241.65	19	30	31	1.8509	2.0422	194.55	0.002	1.1544	1.7457	1.1897	417.0	5.92	19.0	18.2581	1.1544	1.1326	71.89	0.68018	6122.92	1	1	0	99	0.4262	1.0	1.0	42	0.2137	0.1425	0.6238	4.216	0.1457	4.353
L012256	hotspot_other	mafft_fftns2__all	140.26	11.198	2.0	0.4388	206.61	39	27	30	1.2408	1.1244	75.0	0.0953	1.1764	1.229	1.1692	151.17	4.83	7.0	6.8485	1.1764	1.1816	46.47	0.35427	709.89	2	0	2	7	0.3333	1.0	1.0	13	0.4423	0.2604	0.2875	2.4349	0.3107	3.0547
L012294	hotspot_vntr	mafft_fftns2__all	664.53	10.379	2	0.4977	1070.55	7	33	33	1.2557	1.1909	163.2	0.0018	1.7456	1.266	1.7051	355.07	25.77	12.0	13.5152	1.7456	1.7748	342.92	0.55301	5466.26	0	0	0	489	0.2941	0.2941	0.8	26	0.167	0.132	0.6971	3.8365	0.1195	4.1508
L012313	control_vntr_matched	mafft_fftns2__all	23.13	46.865	1.0	0.5676	30.63	21	5	14	1.6957	1.0074	16.98	0.4509	4.491	1.5458	3.2098	31.51	1.29	4.0	3.5758	4.491	8.2149	136.24	0.06112	73.77	1	1	0	1	0.5714	0.5714	1.0	5	0.8068	0.1221	0.0711	1.1321	0.1345	1.1807
L012489	hotspot_other	mafft_fftns2__all	192.39	8.677	2	0.4991	278.81	40	29	30	1.7072	1.5747	88.54	0.0072	1.6891	1.3029	1.3668	111.03	2.42	1.0	1.2424	1.6891	2.2989	90.12	0.23238	584.99	1	0	1	15	0.2	0.8333	1.0	7	0.5135	0.3629	0.1236	2.4781	0.5347	3.4225
L012530	control_nontr_sv	mafft_fftns2__all	29.56	34.217	2	0.4783	39.85	7	3	7	1.0037	1.0	0.45	0.8346	1.0132	1.0085	1.0302	2.25	0.0	0.0	0.4848	1.0132	1.0486	3.63	0.02612	30.85	0	0	0	0	1.0	1.0	1.0	1	0.9516	0.0484	0.0	1.0484		
L013000	control_vntr_correct	mafft_fftns2__all	39.95	25.942	1	0.5614	56.31	1	22	22	1.027	1.0	2.46	0.5084	1.1372	1.0324	1.1415	6.23	0.61	3.0	2.9394	1.1372	1.1559	35.61	0.07443	93.46	1	1	0	2	0.0	1.0	1.0	3	0.6736	0.1281	0.157	1.1875	0.1239	1.1875
L013064	hotspot_other	mafft_fftns2__all	253.15	5.968	2	0.4811	371.41	65	23	32	1.7997	2.0149	68.95	0.093	1.6907	1.4846	1.5186	135.44	6.17	2.0	2.3939	1.6907	1.7151	107.89	0.30814	794.16	10	10	0	84	0.2	1.0	1.0	5	0.7442	0.2384	0.0174	1.4012	0.4651	2.093
L013074	control_vntr_correct	mafft_fftns2__all	4.09	244.714	1.0	0.5714	5.26	10	2	3	1.0015	1.0	0.43	0.8675	1.0015	1.0006	1.0006	0.36	0.0	2.0	2.0	1.0015	1.0	0.0	0.00171	1.75	0	0	0	0	0.0	1.0	1.0	2	0.9976	0.0	0.0	1.0	0.0	1.0
L013244	hotspot_vntr	mafft_fftns2__all	170.12	22.566	2.0	0.497	240.58	8	13	17	1.2945	1.52	116.94	0.0378	1.2421	1.3278	1.2833	268.18	7.52	9.0	7.0	1.2421	1.2012	48.93	0.2723	1241.77	0	0	0	0	0.2	1.0	1.0	21	0.142	0.0966	0.7554	2.0917	0.057	2.0912
L013399	control_nontr_sv	mafft_fftns2__all	9.12	239.833	167.5	0.3333	10.64	2	2	3	1.0	1.0	0.0	1.0	1.0	1.0	1.0	0.0	0.0	1.0	0.7879	1.0	1.0	0.0	0.0	0.0	0	0	0	0	1.0	1.0	1.0	1	0.9957	0.0043	0.0	1.0043	0.0	1.0
L013531	hotspot_other	mafft_fftns2__all	188.07	8.126	2.0	0.4858	278.67	4	20	21	1.2282	1.1107	51.99	0.2575	1.1414	1.1916	1.1517	96.82	28.71	3.0	2.7273	1.1414	1.1337	58.37	0.37021	875.0	11	0	11	29	0.6	1.0	1.0	5	0.6275	0.1373	0.1176	1.4608	0.1429	1.8725
L014111	control_vntr_matched	mafft_fftns2__all	39.85	26.345	1.0	0.5536	54.32	60	3	4	1.1674	1.1225	10.61	0.1134	1.1556	1.0679	1.0564	11.68	0.01	1.0	0.5455	1.1556	4.7019	30.11	0.04031	51.0	0	0	0	0	0.6667	0.6667		1	0.9552	0.0433	0.0	1.0433	0.0	1.0
L014160	hotspot_vntr	mafft_fftns2__all	260.07	6.264	1.0	0.5423	369.22	83	34	34	1.4862	1.4203	93.96	0.0267	1.7762	1.3695	1.5147	179.19	4.29	9.0	9.8182	1.7762	1.977	151.33	0.45764	1258.81	3	0	3	32	0.4	1.0	1.0	21	0.5268	0.4251	0.0466	1.9705	0.5837	2.9431
L014181	control_vntr_matched	mafft_fftns2__all	21.41	55.136	5	0.3704	29.6	26	4	5	1.527	1.045	62.64	0.4841	1.1774	1.4142	1.1371	109.39	1.6	1.0	1.0909	1.1774	1.1818	10.74	0.0752	94.08	0	0	0	0	1.0	1.0	1.0	1	0.824	0.0894	0.0824	1.1069	0.1375	1.173
L014210	hotspot_vntr	mafft_fftns2__all	217.05	7.109	1.0	0.5816	296.95	165	9	13	1.4564	1.1209	118.6	0.0264	1.51	1.4154	1.4301	250.51	8.65	9.0	7.6667	1.51	1.5206	99.6	0.47058	1277.8	3	0	3	27	0.2353	1.0	1.0	13	0.3847	0.2617	0.347	1.865	0.3069	2.0184
L014297	hotspot_vntr	mafft_fftns2__all	289.18	5.292	2	0.4822	414.67	17	14	15	1.9305	1.5439	186.86	0.0382	1.2898	2.0442	1.302	435.91	31.36	7.0	7.2424	1.2898	1.2308	96.66	0.60667	1734.4	0	0	0	0	0.5	1.0	1.0	11	0.2093	0.4452	0.3322	4.6316	0.4215	5.2591
L014324	control_vntr_correct	mafft_fftns2__all	41.77	32.505	1	0.5619	56.48	29	5	6	1.9171	1.3829	89.51	0.1935	1.4574	1.921	1.4495	185.7	0.0	3.0	2.8788	1.4574	1.458	71.48	0.21623	334.92	0	0	0	0	0.6667	1.0	1.0	2	0.4101	0.4964	0.0935	1.6018	0.4254	1.522
L014358	hotspot_vntr	mafft_fftns2__all	391.12	9.777	1	0.5405	590.56	7	31	31	1.3608	1.148	111.68	0.0126	1.3253	1.3596	1.3263	235.91	10.82	1.0	1.4545	1.3253	1.3273	84.71	0.60168	3475.69	7	0	7	239	0.6667	1.0	1.0	3	0.2262	0.1508	0.623	3.4059	0.1364	3.7031
L014426	control_vntr_correct	mafft_fftns2__all	41.36	24.628	2.0	0.4872	59.92	12	3	9	1.1005	1.0744	20.44	0.0392	1.0198	1.0999	1.0348	42.97	1.7	0.0	0.9697	1.0198	1.014	2.03	0.08196	97.56	1	1	0	1	1.0	1.0	1.0	2	0.659	0.3295	0.0115	1.7184	0.125	1.1562
L014899	control_nontr_sv	mafft_fftns2__all	6.0	166.833	109.5	0.3333	7.0	2	2	2	1.0	1.0	0.0	1.0	1.0	1.0	1.0	0.0	0.0	1.0	0.5455	1.0	1.0	0.0	0.0	0.0	0	0	0	0	1.0	1.0	1.0	1	1.0	0.0	0.0	1.0		
L015126	hotspot_other	mafft_fftns2__all	783.45	2.632	1.0	0.7306	1148.03	31	28	30	1.6244	1.6259	90.34	0.0108	1.6217	1.6919	1.5562	241.68	2.71	1.0	0.9091	1.6217	1.5203	59.35	0.78587	5120.88	0	0	0	12	0.0	1.0	1.0	2	0.5068	0.2656	0.1084	3.244	0.3511	4.866
L015223	control_vntr_matched	mafft_fftns2__all	47.24	32.069	2.5	0.4077	65.77	48	3	4	1.0975	1.0953	27.12	0.24	1.1023	1.0069	1.0077	4.46	0.35	6.0	5.6364	1.1023	1.1054	38.72	0.05629	100.65	0	0	0	0	0.25	1.0	1.0	6	0.9442	0.0239	0.0319	1.0252	0.1034	1.1207
L015285	control_vntr_correct	mafft_fftns2__all	19.77	55.755	1	0.5472	26.48	18	2	4	2.307	2.3073	93.48	0.0997	2.3073	2.3156	2.3163	197.43	45.68	3.0	1.5455	2.3073	2.3	50.94	0.11581	136.89	0	0	0	0	1.0	1.0	1.0	1	0.8136	0.1224	0.064	1.1506	0.0694	1.2567
L015331	hotspot_vntr	mafft_fftns2__all	482.7	5.904	1	0.6734	696.31	23	30	30	1.74	1.7543	185.76	0.0072	2.6775	1.7407	2.6093	401.99	10.76	12.0	11.9697	2.6775	2.6914	309.29	0.70392	3656.37	0	0	0	1	0.1818	1.0	1.0	27	0.2516	0.1405	0.5997	5.3203	0.1517	5.9132
L015415	hotspot_vntr	mafft_fftns2__all	282.87	11.076	1.0	0.5934	396.5	6	14	14	1.2007	1.0566	112.41	0.0	1.1446	1.2108	1.1355	239.52	24.51	5.0	5.7273	1.1446	1.1105	50.65	0.59383	2783.04	0	0	0	0	0.48	1.0	1.0	15	0.2456	0.1659	0.5819	3.6943	0.1875	4.3697
L015708	hotspot_other	mafft_fftns2__all	90.12	14.54	2	0.3908	133.98	41	14	24	3.2519	3.0625	56.05	0.0201	3.4496	2.8079	2.8423	123.8	3.33	0.0	0.2121	3.4496	4.792	47.77	0.26667	443.37	2	0	2	3	0.0	0.0		2	0.439	0.3944	0.1667	3.4447	0.5143	4.9283
L015743	control_vntr_correct	mafft_fftns2__all	8.35	120.15	1.0	0.55	11.48	13	2	7	1.0076	1.2308	1.27	0.2377	1.0032	1.0095	1.0035	3.25	0.0	1.0	0.9697	1.0032	1.001	0.66	0.00827	8.56	1	0	1	2	1.0	1.0	1.0	1	0.3601	0.0952	0.5446	1.1052	0.1006	1.1027
L015847	hotspot_other	mafft_fftns2__all	190.72	6.285	2.0	0.4804	269.99	37	15	29	1.3325	1.6466	45.69	0.0811	1.1936	1.2538	1.1413	82.48	1.52	8.0	8.3333	1.1936	1.1395	68.08	0.15417	287.25	0	0	0	39	0.1	1.0	1.0	9	0.5556	0.3519	0.0926	2.5813	0.6042	4.2245
L015904	hotspot_other	mafft_fftns2__all	1490.73	2.987	1	0.7255	2245.8	16	33	33	1.4805	1.4947	143.99	0.0	1.3702	1.5168	1.4462	365.91	11.55	4.0	5.2424	1.3702	1.2531	85.77	0.74079	8946.96	8	0	8	389	0.4348	1.0	1.0	13	0.4532	0.2458	0.2809	2.5522	0.3268	3.027
L016040	control_nontr_sv	mafft_fftns2__all	29.25	37.381	1	0.5714	37.6	7	2	4	1.0	1.0	0.0	1.0	1.0	1.0	1.0	0.0	0.0	1.0	0.5152	1.0	1.0	0.0	0.0	0.0	0	0	0	0	1.0	1.0	1.0	1	1.0	0.0	0.0	1.0		
L016062	control_vntr_correct	mafft_fftns2__all	108.75	11.577	1.0	0.6538	147.53	63	4	4	11.2034	12.9836	266.37	0.0	12.3832	11.0266	12.1802	570.4	2.17	7.0	4.1212	12.3832	12.4609	140.78	0.36388	629.66	0	0	0	0	0.1818	1.0	1.0	10	0.3839	0.3301	0.2861	2.1822	0.3905	2.8289
L016124	control_vntr_matched	mafft_fftns2__all	123.22	9.444	1	0.5512	167.52	128	4	6	3.0602	2.931	129.15	0.0	2.9181	2.61	2.4971	282.24	0.71	1.0	2.4545	2.9181	3.3297	70.02	0.28288	432.48	0	0	0	0	0.25	0.25	1.0	5	0.6236	0.3665	0.0075	1.5338	0.375	1.7778
L016274	control_nontr_sv	mafft_fftns2__all	6.74	254.0	337	0.2	8.09	1	3	3	1.0	1.0	0.0	1.0	1.0	1.0	1.0	0.0	0.0	0.0	0.4242	1.0	1.0	0.0	0.0	0.0	0	0	0	0	1.0	1.0	1.0	1	0.9537	0.0463	0.0	1.0463	0.0	1.0
L016523	control_vntr_correct	mafft_fftns2__all	15.29	68.286	1.0	0.5238	21.11	13	2	12	1.0	1.0	0.0	1.0	1.0	1.0	1.0	0.0	0.5	0.0	0.4848	1.0	1.3057	5.3	0.00512	5.82	0	0	0	0	1.0	1.0	1.0	1	0.9741	0.0219	0.004	1.0219	0.0909	1.0909
L016830	control_vntr_correct	mafft_fftns2__all	14.16	72.676	4.0	0.4118	19.37	16	4	7	1.0129	1.0035	3.4	0.3252	1.018	1.0074	1.0055	3.97	0.0	1.0	1.0303	1.018	1.0237	6.29	0.04178	46.45	1	1	0	1	1.0	1.0	1.0	2	0.9013	0.0489	0.0498	1.0539	0.0909	1.1224
L016870	hotspot_other	mafft_fftns2__all	255.78	6.75	2	0.4867	360.78	11	18	20	1.0273	1.0278	14.29	0.209	1.0374	1.0326	1.044	35.23	21.52	8.0	8.697	1.0374	1.0355	40.15	0.32982	856.78	0	0	0	0	0.1818	1.0	1.0	9	0.9223	0.0777	0.0	1.1748	0.0435	1.1739
L016884	control_vntr_correct	mafft_fftns2__all	295.32	4.864	1	0.5396	433.68	14	28	28	1.2822	1.288	48.09	0.0217	1.378	1.2339	1.3295	96.19	7.82	1.0	1.1515	1.378	1.3983	46.69	0.31335	860.21	0	0	0	30	0.0	0.0	1.0	1	0.3538	0.5231	0.1231	3.9874	0.5854	5.3459
L017097	control_nontr_sv	mafft_fftns2__all	66.93	32.059	1	0.6275	89.24	11	6	10	1.0025	1.0012	0.93	0.4393	1.0026	1.0	1.0	0.0	0.0	1.0	0.6364	1.0026	1.0	0.0	0.0	0.0	0	0	0	1	1.0	1.0	1.0	1	1.0	0.0	0.0	1.0	0.0	1.0
L017325	control_vntr_matched	mafft_fftns2__all	65.45	23.703	2.0	0.4196	93.5	15	23	24	1.0757	1.006	12.53	0.4084	1.0785	1.0555	1.0708	20.21	0.77	2.0	2.303	1.0785	1.0739	47.09	0.42647	825.71	1	1	0	1	0.6667	1.0	1.0	2	0.6234	0.1948	0.1753	1.3066	0.0556	1.3342
TR101140	control_vntr_matched	mafft_fftns2__all	134.46	11.589	1	0.6312	180.41	309	6	12	2.7851	1.0	200.98	0.5651	2.8558	2.3523	2.3953	381.75	0.0	0.0	1.2188	2.8558	3.333	93.36	0.15089	327.3	0	0	0	0				0	0.6015	0.0805	0.2978	1.094	0.0809	1.0944
TR368009	control_vntr_matched	mafft_fftns2__all	236.14	7.076	1	0.6184	319.04	352	5	6	26.5775	2201.0	750.06	0.0053	47.1148	25.3888	44.4746	1567.31	2.74	7.0	10.697	47.1148	46.9576	451.09	0.52633	1236.05	0	0	0	0	0.0	0.0		17	0.2063	0.7748	0.0177	2.257	0.7616	2.5745
TR423938	control_vntr_matched	mafft_fftns2__all	3.99	250.889	236	0.4444	4.88	3	2	3	1.0	1.0	0.0	1.0	1.0	1.0	1.0	0.0	0.0	0.0	0.0303	1.0	1.0	0.0	0.00922	9.31	0	0	0	0				0	0.7435	0.0	0.2565	1.0716	0.0	1.1375
TR424743	control_vntr_matched	mafft_fftns2__all	61.61	63.682	1.0	0.5136	85.97	13	16	19	1.1651	1.0219	75.84	0.1236	1.0043	1.168	1.0031	154.95	45.94	2.0	1.2121	1.0043	1.0091	4.13	0.36542	1551.11	0	0	0	0	0.0	0.0		0	0.3943	0.1612	0.4417	1.8313	0.1326	2.1164
TR446002	control_vntr_matched	mafft_fftns2__all	11.67	86.0	2	0.4444	15.56	6	3	5	1.0153	1.0714	0.37	0.1994	1.0251	1.0219	1.0367	1.23	0.0	0.0	0.0303	1.0251	1.0	0.0	0.00775	8.21	1	1	0	1				0	1.0	0.0	0.0	1.0	0.0	1.0
TR455654	control_vntr_matched	mafft_fftns2__all	18.31	55.841	1.5	0.5	25.8	13	3	7	1.024	1.0	0.58	0.7422	1.0353	1.0374	1.0542	2.04	0.0	0.0	0.0303	1.0353	1.1722	1.24	0.03152	34.96	0	0	0	0				0	0.92	0.08	0.0	1.0842	0.5	1.5
TR460913	control_vntr_matched	mafft_fftns2__all	36.56	27.667	1.0	0.625	47.98	16	2	7	1.0977	1.0	0.49	0.8421	1.0952	1.135	1.1311	1.96	0.0	0.0	0.0	1.0952	1.0	0.0	0.0518	62.45	0	0	0	0				0	0.8767	0.0749	0.0485	1.0947	0.2745	1.3627
TR499275	control_vntr_matched	mafft_fftns2__all	6.9	145.167	1.0	0.5333	8.98	10	2	4	1.0	1.0	0.0	1.0	1.0	1.0	1.0	0.0	0.0	0.0	0.0	1.0	1.0	0.0	0.0	0.0	0	0	0	0				0	0.9739	0.0037	0.0224	1.0037	0.0	1.0
TR499276	control_vntr_matched	mafft_fftns2__all	8.92	112.4	1.0	0.675	11.6	13	2	5	1.0	1.0	0.0	1.0	1.0	1.0	1.0	0.0	0.0	0.0	0.0	1.0	1.0	0.0	0.0	0.0	0	0	0	0				0	1.0	0.0	0.0	1.0	0.0	1.0
TR573259	control_vntr_matched	mafft_fftns2__all	72.29	19.085	2	0.4834	99.01	78	2	4	1.109	1.0	13.88	0.6562	1.109	1.1211	1.1209	34.29	0.78	0.0	0.2424	1.109	1.0765	0.89	0.18197	308.32	0	0	0	0				0	0.8131	0.0694	0.1175	1.118	0.0532	1.2326
TR668316	control_vntr_matched	mafft_fftns2__all	62.03	23.642	3.0	0.4737	86.19	37	9	13	2.6957	3.0992	112.05	0.089	3.2436	2.7727	3.3569	239.47	1.93	0.0	1.6552	3.2436	3.1877	60.47	0.23909	418.54	0	0	0	0	0.0	0.0	0.0	2	0.2637	0.2605	0.4743	2.0388	0.2605	2.0388
TR687433	control_vntr_matched	mafft_fftns2__all	79.65	13.408	1	0.5805	106.8	80	3	4	1.3912	1.4352	40.05	0.3229	1.3811	1.5235	1.5112	108.3	0.43	0.0	0.2727	1.3811	1.2667	2.36	0.27675	382.76	0	0	0	1				0	0.4295	0.2332	0.3372	1.5901	0.2605	1.8257
TR687489	control_vntr_matched	mafft_fftns2__all	6.96	148.947	10	0.4211	9.15	7	2	2	31.8333	31.8333	67.7	0.0	31.8333	17.0	17.0	140.53	0.0	0.0	0.0606	31.8333	62.3333	2.04	0.04118	43.94	0	0	0	0				0	0.7278	0.1074	0.1648	1.1273	0.051	1.1179
TR724750	control_vntr_matched	mafft_fftns2__all	114.17	10.2	1.0	0.6118	153.46	109	3	4	2.5411	1.0	21.79	0.7059	2.5493	2.0728	2.0805	46.41	0.1	0.0	0.0909	2.5493	3.5818	4.33	0.25935	412.36	0	0	0	0				0	0.5343	0.3061	0.1596	1.4545	0.3095	1.5386
TR743754	control_vntr_matched	mafft_fftns2__all	31.13	33.385	1	0.5495	42.08	23	5	9	1.7305	22.0	42.88	0.1862	2.2367	1.7352	2.2097	89.81	0.01	1.0	1.0303	2.2367	2.3043	26.39	0.07446	87.58	0	0	0	0	0.0	0.0		2	0.7663	0.2146	0.0192	1.2165	0.1667	1.1944
TR831034	control_vntr_matched	mafft_fftns2__all	259.13	5.422	1	0.6138	369.5	302	15	27	1.624	1.4475	44.1	0.0304	1.5224	1.3525	1.2806	75.12	1.79	2.0	2.7	1.5224	4.4167	55.02	0.21759	604.29	2	2	0	28	0.0	0.0		6	0.8272	0.1728	0.0	1.2778	0.5625	2.3125
L000308	control_vntr_matched	mafft_fftnsi__all	22.64	44.817	1	0.5591	31.16	20	6	9	1.798	1.9679	196.98	0.2024	1.0278	1.4113	1.0164	262.58	0.0	1.0	1.5455	1.0278	1.0322	9.17	0.03351	37.97	0	0	0	0	1.0	1.0	1.0	3	0.9452	0.0378	0.0151	1.0388	0.0625	1.0781
L000381	control_vntr_matched	mafft_fftnsi__all	30.94	33.46	1	0.6279	41.44	73	3	8	1.0247	1.0	0.17	0.8726	1.0347	1.0184	1.026	0.33	0.0	1.0	1.0303	1.0347	1.7263	13.45	0.01331	16.12	0	0	0	1	1.0	1.0	1.0	1	0.9967	0.0027	0.0	1.0033	0.0303	1.0312
L000407	control_vntr_correct	mafft_fftnsi__all	11.39	91.032	5	0.3548	15.8	8	4	9	1.0579	1.0	1.96	0.9213	1.0656	1.0204	1.0156	1.57	0.35	0.0	0.5152	1.0656	1.0929	1.8	0.00767	8.45	0	0	0	0	0.0	1.0	1.0	1	0.969	0.031	0.0	1.0381	0.0792	1.1089
L000506	control_nontr_sv	mafft_fftnsi__all	6.2	161.571	33	0.4286	8.86	1	5	5	1.0	1.0	0.0	1.0	1.0	1.0	1.0	0.0	0.0	0.0	0.4545	1.0	1.0	0.0	0.0	0.0	0	0	0	0	1.0	1.0	1.0	1	0.9145	0.0855	0.0	1.1966	0.3333	2.0
L000698	control_vntr_correct	mafft_fftnsi__all	19.2	65.866	1	0.5672	26.65	19	7	9	1.0358	1.0	1.22	0.8088	1.0572	1.0081	1.0116	0.59	0.3	1.0	1.0	1.0572	1.1357	28.88	0.02554	34.67	0	0	0	0	0.6667	1.0	1.0	1	0.8728	0.0501	0.0771	1.0609	0.0286	1.0286
L000709	control_vntr_matched	mafft_fftnsi__all	2.4	430.533	88	0.4	3.03	5	2	3	1.0	1.0	0.0	1.0	1.0	1.0	1.0	0.0	29.66	0.0	0.4545	1.0	1.0	0.0	0.02986	30.99	4	0	4	4	1.0	1.0	1.0	1	0.9346	0.0481	0.0173	1.0483	0.0714	1.0893
L001491	control_vntr_correct	mafft_fftnsi__all	112.57	12.774	1	0.6277	151.19	44	4	9	1.042	1.0393	9.36	0.3232	1.0391	1.0656	1.0667	30.83	0.0	2.0	1.0303	1.0391	1.0	0.0	0.09226	188.99	2	2	0	3	0.0	1.0	1.0	3	0.9091	0.0352	0.0352	1.0368	0.0325	1.0342
L001527	control_nontr_sv	mafft_fftnsi__all	35.3	28.625	1.0	0.625	51.19	9	10	12	1.0001	1.0	0.02	0.981	1.0	1.0	1.0	0.0	0.0	0.0	0.2727	1.0	1.0	0.0	0.00758	8.83	0	0	0	0	1.0	1.0	1.0	1	0.9703	0.0297	0.0	1.1683	0.0	1.0
L001894	control_vntr_matched	mafft_fftnsi__all	38.85	26.709	1	0.5618	52.31	65	3	5	1.1451	1.0	4.17	0.6814	1.6701	1.1102	1.3729	7.2	0.0	1.0	1.0	1.6701	9.8605	45.93	0.03859	46.28	0	0	0	0	0.5	0.5		1	0.9731	0.0241	0.0021	1.0241	0.0	1.0
L001899	control_vntr_matched	mafft_fftnsi__all	102.6	11.866	2	0.4826	144.97	36	4	9	1.7818	1.7705	75.42	0.0024	1.8088	1.8591	1.905	176.34	2.47	2.0	1.2424	1.8088	1.7901	45.79	0.322	512.51	0	0	0	0	0.0	1.0	1.0	2	0.3217	0.4435	0.2348	2.2122	0.411	2.4726
L001922	control_vntr_correct	mafft_fftnsi__all	72.56	14.735	1	0.5798	99.1	10	12	12	1.082	1.0563	25.36	0.0766	1.0811	1.0965	1.0968	60.12	0.42	0.0	0.5152	1.0811	1.0715	13.07	0.22565	309.43	0	0	0	0	1.0	1.0	1.0	1	0.5084	0.1909	0.2888	1.5858	0.2071	1.9233
L002292	control_nontr_sv	mafft_fftnsi__all	8.7	115.211	3	0.4737	12.37	3	4	6	1.0	1.0	0.0	1.0	1.0	1.0	1.0	0.0	0.0	0.0	0.4545	1.0	1.0	0.0	0.0	0.0	0	0	0	0	1.0	1.0	1.0	1	0.9839	0.0161	0.0	1.0482		
L002884	control_vntr_matched	mafft_fftnsi__all	22.19	50.405	9.5	0.3571	30.9	28	2	12	1.4305	1.0	4.93	0.6	1.0289	1.4109	1.0135	10.8	1.2	1.0	1.0303	1.0289	1.0621	5.05	0.03721	45.96	2	0	2	2	1.0	1.0	1.0	1	0.6496	0.1159	0.2345	1.2566	0.1041	1.468
L002940	hotspot_other	mafft_fftnsi__all	272.69	5.583	1.0	0.5812	394.86	45	16	26	1.0971	1.0472	30.27	0.0833	1.1069	1.1033	1.1055	72.67	5.26	2.0	3.303	1.1069	1.1427	33.69	0.26415	607.35	0	0	0	24	0.0	1.0	1.0	8	0.4693	0.3742	0.1442	2.0162	0.5349	2.4774
L003119	control_vntr_correct	mafft_fftnsi__all	4.13	242.75	119.0	0.4167	5.5	5	2	6	1.0009	1.0	0.09	0.9297	1.0009	1.0012	1.0013	0.26	0.0	1.0	0.9697	1.0009	1.0008	0.36	0.0	0.0	0	0	0	0	1.0	1.0	1.0	1	0.3079	0.1291	0.5629	1.1341	0.0187	1.0281
L003171	control_nontr_sv	mafft_fftnsi__all	11.28	88.917	47.0	0.5	14.1	4	2	2	1.003	1.003	1.11	0.0	1.003	1.0	1.0	0.0	0.0	1.0	1.0	1.003	1.0	0.0	0.00889	9.4	0	0	0	0	1.0	1.0	1.0	1	1.0	0.0	0.0	1.0	0.0	1.0
L003672	control_vntr_correct	mafft_fftnsi__all	18.97	55.163	1	0.5306	25.55	17	2	7	1.3152	1.3171	23.76	0.2361	1.3179	1.0292	1.0294	6.03	0.0	0.0	0.9697	1.3179	3.1099	40.94	0.03228	37.17	0	0	0	0	1.0	1.0	1.0	2	0.8863	0.065	0.0487	1.0735	0.2407	1.2809
L003695	hotspot_other	mafft_fftnsi__all	207.22	7.059	1	0.5534	299.77	9	12	12	1.5708	1.8261	82.94	0.0328	1.6044	1.588	1.5464	194.47	8.42	2.0	1.9697	1.6044	1.6509	74.27	0.41835	936.79	0	0	0	0	0.5714	1.0	1.0	5	0.337	0.3398	0.3204	2.8152	0.4015	3.3538
L003826	control_vntr_matched	mafft_fftnsi__all	304.83	4.883	1	0.6019	429.93	21	33	33	1.619	1.861	48.31	0.0429	1.7276	1.4802	1.4507	92.82	2.25	0.0	1.0606	1.7276	2.3015	49.5	0.32263	818.84	0	0	0	30	0.2857	0.2857		6	0.2776	0.5849	0.1348	3.527	0.7143	4.2014
L003872	control_vntr_matched	mafft_fftnsi__all	83.25	12.573	2.0	0.4472	115.06	48	6	7	1.1595	1.1733	15.92	0.1731	1.1341	1.0654	1.0622	19.3	0.0	1.0	0.5152	1.1341	1.6516	21.62	0.03551	50.08	0	0	0	0	0.6667	1.0	1.0	1	0.9683	0.0297	0.0	1.0298	0.0204	1.0204
L003883	control_nontr_sv	mafft_fftnsi__all	32.61	137.852	1	0.5926	42.27	2	3	3	1.0003	1.0003	0.4	0.0525	1.0003	1.0	1.0	0.0	0.0	1.0	0.5152	1.0003	1.0	0.0	0.0	0.0	0	0	0	0	1.0	1.0	1.0	1	0.9974	0.0026	0.0	1.0026	0.0	1.0
L004620	control_nontr_sv	mafft_fftnsi__all	10.29	97.4	11.0	0.5	13.37	2	4	5	1.0	1.0	0.0	1.0	1.0	1.0	1.0	0.0	0.0	1.0	0.5152	1.0	1.0	0.0	0.00694	7.2	0	0	0	0	1.0	1.0	1.0	1	0.9609	0.0391	0.0	1.0391	0.0	1.0
L004848	hotspot_other	mafft_fftnsi__all	681.06	2.753	1	0.7749	1001.42	46	30	30	1.5203	1.5212	114.44	0.0108	1.6254	1.4953	1.533	261.41	9.11	5.0	5.1515	1.6254	1.5839	157.31	0.70685	4513.53	8	3	5	99	0.2222	0.2222		6	0.5124	0.157	0.1777	2.0923	0.1688	2.4307
L004989	hotspot_other	mafft_fftnsi__all	423.25	4.263	1	0.6767	607.34	11	29	29	1.509	1.4196	100.99	0.0216	1.2068	1.4415	1.2086	201.88	4.44	4.0	3.3939	1.2068	1.1742	60.17	0.51102	1521.69	7	0	7	88	0.5	1.0	1.0	5	0.4631	0.2953	0.2282	2.1783	0.3614	2.7572
L005064	hotspot_other	mafft_fftnsi__all	145.78	11.87	2	0.4486	213.94	57	21	29	1.1353	1.0682	23.57	0.1568	1.1073	1.1086	1.0952	41.32	0.29	1.0	0.8485	1.1073	1.1224	12.31	0.39228	912.59	5	0	5	60	0.6667	0.6667	1.0	1	0.556	0.1474	0.2735	1.5885	0.1941	2.0711
L005261	hotspot_other	mafft_fftnsi__all	799.77	3.742	1	0.5575	1199.07	28	22	26	1.0606	1.0081	24.09	0.0836	1.0089	1.0936	1.0325	78.13	1.71	1.0	1.7576	1.0089	1.0045	1.81	0.6145	4392.32	33	33	0	146	0.0	1.0	1.0	4	0.6147	0.29	0.0909	1.913	0.4167	2.514
L005481	hotspot_vntr	mafft_fftnsi__all	264.41	5.887	1.0	0.604	380.38	20	22	23	1.5463	3.7407	63.61	0.0706	1.8019	1.6158	1.7124	152.02	2.09	3.0	3.303	1.8019	1.9828	130.0	0.55361	1517.56	8	0	8	71	0.3077	1.0	1.0	5	0.4155	0.235	0.3295	3.403	0.3301	4.5335
L005688	control_nontr_sv	mafft_fftnsi__all	178.37	7.969	1	0.6299	238.76	39	3	5	1.0235	1.0241	5.03	0.3571	1.0236	1.0	1.0	0.0	0.0	1.0	0.8182	1.0236	1.0158	4.01	0.0	0.0	0	0	0	0	1.0	1.0	1.0	1	1.0	0.0	0.0	1.0	0.0	1.0
L005990	hotspot_vntr	mafft_fftnsi__all	148.4	14.306	2.0	0.4539	225.63	60	20	32	1.1732	1.055	28.26	0.1028	1.96	1.1741	1.8495	60.26	0.9	12.0	12.0968	1.96	1.9703	217.03	0.33596	953.93	9	9	0	238	0.4	1.0	1.0	15	0.4394	0.1145	0.4293	1.7646	0.1223	2.1664
L006556	control_nontr_sv	mafft_fftnsi__all	16.2	62.0	1	0.5333	20.52	4	3	4	1.0033	1.0033	1.12	0.1373	1.0033	1.0	1.0	0.0	0.0	1.0	0.5152	1.0033	1.0	0.0	0.00896	9.72	0	0	0	0	1.0	1.0	1.0	1	1.0	0.0	0.0	1.0	0.0	1.0
L006952	hotspot_vntr	mafft_fftnsi__all	885.98	2.422	1	0.6773	1257.59	6	28	28	1.0913	1.0136	56.54	0.0278	1.2084	1.1097	1.2164	140.92	1.72	2.0	2.5758	1.2084	1.172	84.26	0.7868	6293.38	6	6	0	30	0.25	1.0	1.0	4	0.4981	0.2566	0.0717	2.0868	0.2485	2.3702
L007033	control_vntr_correct	mafft_fftnsi__all	32.33	35.841	1.0	0.5244	43.77	5	3	3	1.0046	1.0014	5.86	0.0	1.0081	1.0036	1.0076	9.23	0.01	1.0	1.1212	1.0081	1.0069	8.44	0.16333	212.15	0	0	0	0	1.0	1.0	1.0	1	0.8824	0.098	0.0196	1.1176	0.5	2.0
L007065	control_vntr_matched	mafft_fftnsi__all	10.58	96.289	1	0.5333	14.1	10	7	9	1.0063	1.0286	0.37	0.2577	1.0092	1.0117	1.0175	1.4	0.0	1.0	0.5455	1.0092	1.0	0.0	0.00918	9.87	0	0	0	0	1.0	1.0	1.0	1	0.9675	0.0221	0.0104	1.0223	0.0385	1.0385
L007161	hotspot_other	mafft_fftnsi__all	328.26	3.65	1.0	0.6567	459.61	87	19	25	1.2965	1.3062	46.53	0.073	1.4409	1.2655	1.3296	113.42	4.41	2.0	1.9697	1.4409	1.2841	33.16	0.36332	802.24	0	0	0	0	0.1818	1.0	1.0	3	0.4794	0.2107	0.293	1.4315	0.1507	1.5437
L007172	control_vntr_matched	mafft_fftnsi__all	150.55	8.773	1	0.5629	206.71	37	8	11	1.0494	1.0186	8.86	0.4427	1.0226	1.0344	1.0197	13.07	0.69	1.0	1.0	1.0226	1.0096	0.85	0.17368	314.06	0	0	0	0	0.0	1.0	1.0	2	0.5931	0.0906	0.3114	1.1225	0.089	1.1755
L007184	hotspot_other	mafft_fftnsi__all	98.07	12.961	2	0.4331	145.95	6	20	21	1.2127	1.0407	40.01	0.1592	1.1742	1.2027	1.1814	81.77	7.45	3.0	3.4242	1.1742	1.1658	52.47	0.21182	340.54	1	0	1	8	0.2857	1.0	1.0	5	0.6964	0.1161	0.1786	1.4939	0.1852	2.0317
L007192	control_nontr_sv	mafft_fftnsi__all	29.2	46.65	1.5	0.5	40.88	4	6	11	1.0	1.0	0.0	1.0	1.0	1.0	1.0	0.0	0.75	0.0	0.2424	1.0	1.0	0.0	0.0109	16.06	0	0	0	0	1.0	1.0	1.0	1	0.9204	0.0796	0.0	1.2212	0.4444	2.3333
L007480	hotspot_other	mafft_fftnsi__all	476.59	6.519	1.0	0.6891	668.64	8	21	21	1.2273	1.1698	67.77	0.0625	1.1501	1.2683	1.1844	166.67	3.55	3.0	2.7576	1.1501	1.113	29.31	0.53188	2536.46	0	0	0	61	0.0	1.0	1.0	5	0.2446	0.4165	0.3341	2.8713	0.3453	3.0058
L007687	control_vntr_matched	mafft_fftnsi__all	97.16	12.167	1	0.5992	130.81	61	6	10	1.3469	1.0317	27.32	0.4712	2.033	1.3817	2.2831	63.07	0.1	2.0	2.3636	2.033	1.8684	37.6	0.26921	431.76	0	0	0	0	1.0	1.0	1.0	1	0.4639	0.4267	0.1072	1.5238	0.3923	1.6679
L007717	control_vntr_matched	mafft_fftnsi__all	54.45	18.772	2	0.4315	76.59	58	8	21	1.028	1.0284	1.75	0.2561	1.0392	1.0085	1.0122	1.29	0.01	0.0	0.5455	1.0392	1.2267	9.1	0.05883	81.11	2	2	0	2	1.0	1.0	1.0	1	0.9532	0.0275	0.0151	1.0308	0.0455	1.0455
L007844	hotspot_other	mafft_fftnsi__all	1992.45	1.81	1	0.8051	2987.42	23	34	34	1.2783	1.2539	103.13	0.0	1.3339	1.3289	1.3719	285.36	6.24	6.0	7.3333	1.3339	1.239	88.34	0.8248	15695.67	58	58	0	724	0.25	1.0	1.0	24	0.3127	0.369	0.2197	3.0888	0.3541	3.3246
L008216	hotspot_vntr	mafft_fftnsi__all	273.64	7.001	1	0.6398	383.56	8	21	21	2.8273	2.7754	257.25	0.0019	2.3804	2.6464	2.156	529.05	6.12	5.0	5.4545	2.3804	2.9982	191.09	0.59758	2048.11	1	1	0	1	0.375	1.0	1.0	8	0.2378	0.5131	0.2491	3.8807	0.5106	4.283
L008631	control_nontr_sv	mafft_fftnsi__all	18.49	80.0	3	0.4615	27.03	3	6	8	1.0	1.0	0.0	1.0	1.0	1.0	1.0	0.0	0.0	0.0	0.1818	1.0	1.0	0.0	0.00929	14.22	0	0	0	0	1.0	1.0	1.0	1	0.9404	0.0596	0.0	1.1921	0.1282	1.4615
L008887	control_vntr_correct	mafft_fftnsi__all	14.66	77.868	1.0	0.5263	19.68	14	2	7	1.0067	1.0	0.09	0.9063	1.0077	1.0021	1.0027	0.06	0.0	2.0	2.0	1.0077	1.0094	1.2	0.01559	18.9	0	0	0	0	1.0	1.0	1.0	2	0.9684	0.0111	0.0205	1.0143	0.0455	1.1288
L008902	control_vntr_correct	mafft_fftnsi__all	52.2	20.837	2	0.4218	73.15	56	3	7	1.2461	1.2636	14.65	0.191	1.0334	1.0043	1.0142	0.85	0.0	1.0	1.0	1.0334	1.5547	17.14	0.03645	50.78	0	0	0	0	1.0	1.0	1.0	2	0.9682	0.0212	0.0088	1.0257	0.0909	1.2273
L009283	control_nontr_sv	mafft_fftnsi__all	19.13	52.533	1	0.5333	24.23	5	2	4	1.0078	1.0074	1.17	0.1933	1.0074	1.0	1.0	0.0	0.0	0.0	0.4848	1.0074	1.0	0.0	0.0	0.0	0	0	0	0	1.0	1.0	1.0	1	1.0	0.0	0.0	1.0	0.0	1.0
L009398	hotspot_vntr	mafft_fftnsi__all	126.6	10.077	2	0.3441	184.52	15	24	25	1.1513	1.0753	53.89	0.0136	1.2692	1.1644	1.2883	120.87	5.17	3.0	3.0	1.2692	1.2467	72.79	0.35658	631.47	0	0	0	63	0.3636	1.0	1.0	8	0.3444	0.2611	0.3889	3.4101	0.3099	3.9683
L009600	control_nontr_sv	mafft_fftnsi__all	2.96	372.333	409	0.0	2.96	1	2	2	1.0	1.0	0.0	1.0	1.0	1.0	1.0	0.0	0.0	1.0	1.0	1.0	1.0	0.0	0.0	0.0	0	0	0	0	1.0	1.0	1.0	1	1.0	0.0	0.0	1.0	0.0	1.0
L009656	hotspot_vntr	mafft_fftnsi__all	159.75	12.548	1	0.5329	224.45	4	26	26	1.1	1.089	24.69	0.1536	1.1811	1.0778	1.1373	41.42	0.56	1.0	1.6667	1.1811	1.2646	42.28	0.41756	1114.71	0	0	0	0	1.0	1.0	1.0	1	0.5087	0.0883	0.3949	1.3495	0.0724	1.4569
L009770	control_vntr_matched	mafft_fftnsi__all	75.82	13.623	2	0.4817	102.52	74	6	7	1.4419	1.0777	51.04	0.4754	1.1097	1.5621	1.2255	131.89	7.35	4.0	3.8485	1.1097	1.0104	2.72	0.21724	288.55	0	0	0	0	0.0	1.0	1.0	4	0.6203	0.1847	0.1951	1.3794	0.1875	1.732
L009771	control_vntr_correct	mafft_fftnsi__all	10.24	107.25	10.5	0.5	12.8	4	2	2	1.0	1.0	0.0	1.0	1.0	1.0	1.0	0.0	0.0	1.0	1.0	1.0	1.0	0.0	0.00075	0.85	0	0	0	0	1.0	1.0	1.0	1	0.989	0.011	0.0	1.011	0.0	1.0
L009885	control_vntr_correct	mafft_fftnsi__all	32.86	31.08	2	0.438	45.81	12	16	17	1.0071	1.0	0.5	0.7951	1.0551	1.0092	1.0745	1.33	0.04	0.0	0.1212	1.0551	1.0842	5.59	0.03687	43.42	0	0	0	0	0.0	0.0	1.0	0	0.7834	0.2006	0.0096	1.249	0.5435	1.7109
L010060	hotspot_other	mafft_fftnsi__all	162.29	10.509	1	0.5527	233.63	4	23	24	1.3482	1.1771	51.13	0.1381	1.614	1.2659	1.4806	87.8	5.44	3.0	2.3636	1.614	1.7884	74.63	0.30137	718.4	0	0	0	0	0.0	1.0	1.0	2	0.7273	0.1304	0.1265	1.3922	0.1282	1.4101
L010113	control_vntr_correct	mafft_fftnsi__all	13.66	73.951	1	0.5854	18.32	14	2	8	1.0	1.0	0.0	1.0	1.0	1.0	1.0	0.0	0.01	0.0	0.4848	1.0	1.0	0.0	0.01538	16.66	0	0	0	0	1.0	1.0	1.0	1	0.9357	0.0508	0.0135	1.0513	0.0909	1.101
L010350	control_vntr_matched	mafft_fftnsi__all	6.24	165.391	1.0	0.6087	8.27	16	2	11	1.0001	1.0	0.0	0.9958	1.0	1.0002	1.0	0.01	0.0	1.0	0.6364	1.0	1.0	0.0	0.00267	2.85	0	0	0	0	1.0	1.0	1.0	1	0.9673	0.0109	0.0218	1.013	0.0333	1.0667
L010452	control_nontr_sv	mafft_fftnsi__all	11.21	96.0	13	0.4444	13.7	3	2	2	1.0	1.0	0.0	1.0	1.0	1.0	1.0	0.0	0.0	1.0	0.9697	1.0	1.0	0.0	0.0	0.0	0	0	0	0	1.0	1.0	1.0	1	1.0	0.0	0.0	1.0	0.0	1.0
L010508	control_vntr_correct	mafft_fftnsi__all	18.14	57.578	1.0	0.5469	24.38	23	2	11	2.6274	2.8933	24.02	0.3965	3.2064	2.5891	3.1377	51.73	0.0	2.0	1.1515	3.2064	3.75	26.33	0.03989	45.92	0	0	0	0	1.0	1.0	1.0	1	0.9143	0.081	0.0048	1.0815	0.0667	1.0778
L011121	control_vntr_correct	mafft_fftnsi__all	141.91	8.467	1.0	0.5994	190.91	106	6	10	1.1928	1.0	11.2	0.5247	1.1145	1.3272	1.1806	39.76	0.13	2.0	1.9394	1.1145	1.0631	7.62	0.26903	473.93	0	0	0	0	0.0	1.0	1.0	2	0.4795	0.4701	0.0485	1.5398	0.3973	1.5346
L011224	control_vntr_correct	mafft_fftnsi__all	62.48	20.217	1	0.5093	86.15	34	3	13	1.025	1.0112	3.17	0.2648	1.012	1.0026	1.0	0.72	0.02	1.0	1.0	1.012	1.016	1.52	0.03884	60.92	1	0	1	1	1.0	1.0	1.0	2	0.8004	0.0324	0.1655	1.05	0.0087	1.0565
L011227	control_vntr_matched	mafft_fftnsi__all	12.18	105.477	7.5	0.4091	16.61	14	3	11	1.1129	1.0	5.86	0.8059	1.0825	1.0535	1.0615	6.16	0.0	1.0	0.6061	1.0825	1.107	3.18	0.07606	101.58	0	0	0	0	1.0	1.0	1.0	1	0.617	0.0395	0.3359	1.0939	0.0613	1.1628
L011430	control_vntr_matched	mafft_fftnsi__all	90.37	11.753	2.0	0.4281	127.51	79	8	13	1.1933	1.1638	9.58	0.2046	1.0867	1.0498	1.0224	6.95	0.71	0.0	0.4848	1.0867	1.7645	20.73	0.20053	303.0	0	0	0	0	1.0	1.0	1.0	1	0.7956	0.1587	0.0258	1.1813	0.3652	1.4595
L011931	control_nontr_sv	mafft_fftnsi__all	24.87	76.208	2.0	0.5	35.23	4	8	8	1.0012	1.0012	0.49	0.2684	1.0012	1.0	1.0	0.0	0.0	1.0	0.5152	1.0012	1.0	0.0	0.0	0.0	0	0	0	0	1.0	1.0	1.0	1	0.9783	0.0217	0.0	1.0652	0.0	1.0
L012313	control_vntr_matched	mafft_fftnsi__all	22.82	47.301	1	0.5753	30.01	20	5	14	1.0704	1.0073	1.72	0.4927	1.3288	1.0089	1.0	0.52	8.29	2.0	1.6364	1.3288	2.3528	25.55	0.05427	65.02	1	1	0	1	1.0	1.0	1.0	2	0.8145	0.1144	0.0711	1.1244	0.1261	1.1723
L012489	hotspot_other	mafft_fftnsi__all	189.54	8.42	1	0.5141	272.05	40	29	30	1.6779	1.5414	84.86	0.0288	1.6521	1.2814	1.3363	103.15	1.75	2.0	2.2424	1.6521	2.2442	86.32	0.20971	512.8	0	0	0	15	0.25	1.0	1.0	5	0.5212	0.3552	0.1236	2.4229	0.5208	3.337
L012530	control_nontr_sv	mafft_fftnsi__all	26.99	37.429	1	0.5238	35.99	7	3	7	1.0	1.0	0.0	1.0	1.0	1.0	1.0	0.0	0.0	0.0	0.4848	1.0	1.0345	2.58	0.00886	10.28	0	0	0	0	1.0	1.0	1.0	1	0.9516	0.0484	0.0	1.0484		
L013000	control_vntr_correct	mafft_fftnsi__all	40.65	25.328	1.0	0.5747	57.24	1	22	22	1.0271	1.0	2.46	0.5647	1.1382	1.0325	1.1436	6.24	0.07	3.0	2.9394	1.1382	1.1559	35.61	0.06976	87.15	1	1	0	2	0.0	1.0	1.0	3	0.6736	0.1281	0.157	1.181	0.1239	1.1806
L013064	hotspot_other	mafft_fftnsi__all	243.58	6.014	2.0	0.4876	355.31	70	21	32	1.6525	1.8021	56.26	0.1467	1.626	1.3877	1.4595	108.37	5.33	2.0	2.0303	1.626	1.6386	96.34	0.29647	751.38	12	12	0	84	0.0	1.0	1.0	4	0.7907	0.1919	0.0174	1.2587	0.3953	1.6628
L013074	control_vntr_correct	mafft_fftnsi__all	4.09	244.714	1.0	0.5714	5.26	10	2	3	1.0015	1.0	0.43	0.8675	1.0015	1.0006	1.0006	0.36	0.0	2.0	2.0	1.0015	1.0	0.0	0.00171	1.75	0	0	0	0	0.0	1.0	1.0	2	0.9976	0.0	0.0	1.0	0.0	1.0
L013399	control_nontr_sv	mafft_fftnsi__all	9.12	239.833	167.5	0.3333	10.64	2	2	3	1.0	1.0	0.0	1.0	1.0	1.0	1.0	0.0	0.0	1.0	0.7879	1.0	1.0	0.0	0.0	0.0	0	0	0	0	1.0	1.0	1.0	1	0.9957	0.0043	0.0	1.0043	0.0	1.0
L013531	hotspot_other	mafft_fftnsi__all	186.54	8.15	1.0	0.5082	280.2	4	20	21	1.2537	1.1011	57.79	0.2425	1.1248	1.214	1.1355	108.14	24.11	3.0	2.7879	1.1248	1.1169	51.04	0.36939	871.94	5	0	5	29	0.5455	1.0	1.0	6	0.6275	0.1373	0.1176	1.4163	0.2381	1.9902
L014111	control_vntr_matched	mafft_fftnsi__all	39.85	26.161	1.0	0.5536	54.08	60	3	4	1.1342	1.1225	8.51	0.1599	1.1381	1.042	1.0429	7.22	0.34	1.0	0.5455	1.1381	4.6202	29.44	0.03452	43.41	0	0	0	0	0.6667	0.6667		1	0.9627	0.0358	0.0	1.0359	0.0	1.0
L014181	control_vntr_matched	mafft_fftnsi__all	22.99	51.115	4	0.3678	31.98	29	4	5	1.5288	1.045	62.85	0.4841	1.1778	1.4189	1.1496	110.64	0.07	2.0	2.0303	1.1778	1.1818	10.74	0.0752	94.08	0	0	0	0	0.0	1.0	1.0	2	0.824	0.0894	0.0824	1.1069	0.1375	1.173
L014297	hotspot_vntr	mafft_fftnsi__all	271.91	4.801	2	0.4872	388.11	18	14	15	1.9256	1.7679	185.89	0.0181	1.4122	2.0321	1.4037	430.86	17.48	7.0	7.3333	1.4122	1.3504	146.77	0.58283	1571.05	0	0	0	0	0.1538	1.0	1.0	8	0.2093	0.4452	0.3322	4.3912	0.4215	4.9569
L014324	control_vntr_correct	mafft_fftnsi__all	36.99	36.559	1	0.5484	49.72	25	5	6	1.5618	1.0131	54.83	0.3871	1.1017	1.5581	1.0883	112.53	15.09	1.0	1.0606	1.1017	1.0988	15.43	0.20562	314.24	0	0	0	0	0.6667	1.0	1.0	2	0.4388	0.4676	0.0935	1.5701	0.381	1.4787
L014358	hotspot_vntr	mafft_fftnsi__all	376.32	8.734	1.0	0.5225	563.07	7	31	31	1.2835	1.0903	87.75	0.009	1.2729	1.29	1.2799	190.26	6.8	1.0	1.3333	1.2729	1.2738	70.88	0.56068	2936.58	7	1	6	239	0.2857	1.0	1.0	4	0.1944	0.1825	0.623	3.1726	0.1742	3.4422
L014426	control_vntr_correct	mafft_fftnsi__all	37.12	27.229	2.0	0.4714	52.49	13	3	9	1.0895	1.0588	18.22	0.2028	1.0132	1.0876	1.0281	37.68	0.88	0.0	1.3939	1.0132	1.0073	1.07	0.07287	85.9	1	1	0	1	0.4	1.0	1.0	3	0.659	0.3295	0.0115	1.5805	0.125	1.1562
L014899	control_nontr_sv	mafft_fftnsi__all	6.0	166.833	109.5	0.3333	7.0	2	2	2	1.0	1.0	0.0	1.0	1.0	1.0	1.0	0.0	0.0	1.0	0.5455	1.0	1.0	0.0	0.0	0.0	0	0	0	0	1.0	1.0	1.0	1	1.0	0.0	0.0	1.0		
L015126	hotspot_other	mafft_fftnsi__all	704.91	2.782	1	0.7139	1029.41	46	28	30	1.4066	1.3731	58.82	0.0126	1.4601	1.4874	1.4127	170.23	1.87	0.0	0.8788	1.4601	1.3388	38.64	0.76252	4479.96	0	0	0	12	0.0	0.0	1.0	0	0.5447	0.2276	0.1084	2.8525	0.3298	4.217
L015223	control_vntr_matched	mafft_fftnsi__all	46.88	32.31	3	0.4031	65.41	48	3	4	1.0975	1.0953	27.12	0.24	1.1023	1.0069	1.0077	4.46	0.28	6.0	5.6364	1.1023	1.1054	38.72	0.05706	102.11	0	0	0	0	0.25	1.0	1.0	6	0.9469	0.0212	0.0319	1.0226	0.1034	1.1207
L015285	control_vntr_correct	mafft_fftnsi__all	18.28	55.122	1	0.5918	24.24	16	2	4	1.039	1.039	2.79	0.0997	1.039	1.079	1.0791	11.86	2.42	1.0	0.5152	1.039	1.0	0.0	0.03877	42.15	0	0	0	0	1.0	1.0	1.0	1	0.8757	0.0603	0.064	1.0819	0.0556	1.2081
L015415	hotspot_vntr	mafft_fftnsi__all	294.54	8.985	1.0	0.5851	412.98	15	14	14	1.1641	1.0346	91.93	0.0	1.1079	1.1761	1.1011	200.1	15.05	5.0	5.4848	1.1079	1.0723	33.13	0.54742	2302.44	0	0	0	0	0.5385	1.0	1.0	16	0.2456	0.1659	0.5819	3.3969	0.1875	4.0154
L015708	hotspot_other	mafft_fftnsi__all	85.64	14.577	2.0	0.4073	124.65	44	12	24	2.955	3.0208	48.66	0.0201	3.2462	2.5726	2.6879	107.68	3.36	0.0	0.1818	3.2462	4.4875	43.93	0.23983	384.67	2	0	2	3	0.0	0.0		1	0.439	0.3944	0.1667	3.3173	0.5143	4.7314
L015743	control_vntr_correct	mafft_fftnsi__all	8.35	120.15	1.0	0.55	11.48	13	2	7	1.0076	1.2308	1.27	0.2377	1.0032	1.0095	1.0035	3.25	0.0	1.0	0.9697	1.0032	1.001	0.66	0.00827	8.56	1	0	1	2	1.0	1.0	1.0	1	0.3601	0.0952	0.5446	1.1052	0.1006	1.1027
L015847	hotspot_other	mafft_fftnsi__all	189.79	6.022	1.0	0.5061	267.66	38	15	29	1.2344	1.4912	32.21	0.0883	1.1982	1.1683	1.1339	54.68	0.87	8.0	8.1212	1.1982	1.1411	68.84	0.13788	252.04	0	0	0	39	0.0909	1.0	1.0	11	0.5556	0.3519	0.0926	2.3994	0.6042	3.857
L016040	control_nontr_sv	mafft_fftnsi__all	29.25	37.381	1	0.5714	37.6	7	2	4	1.0	1.0	0.0	1.0	1.0	1.0	1.0	0.0	0.0	1.0	0.5152	1.0	1.0	0.0	0.0	0.0	0	0	0	0	1.0	1.0	1.0	1	1.0	0.0	0.0	1.0		
L016062	control_vntr_correct	mafft_fftnsi__all	110.27	11.417	1.0	0.6724	149.81	66	4	4	11.2059	12.9836	266.43	0.0	12.3859	11.0345	12.1885	570.85	1.03	7.0	4.1515	12.3859	12.4609	140.78	0.36624	636.12	0	0	0	0	0.2222	1.0	1.0	8	0.3888	0.3252	0.2861	2.1784	0.3905	2.8309
L016124	control_vntr_matched	mafft_fftnsi__all	121.07	9.419	1	0.5543	164.56	128	3	6	2.8462	2.7926	115.74	0.0	2.8039	2.457	2.4204	255.4	0.78	1.0	2.2121	2.8039	3.1758	65.4	0.27408	413.96	0	0	0	0	0.25	1.0	1.0	5	0.6845	0.3056	0.0075	1.4703	0.3333	1.6944
L016274	control_nontr_sv	mafft_fftnsi__all	6.74	254.0	337	0.2	8.09	1	3	3	1.0	1.0	0.0	1.0	1.0	1.0	1.0	0.0	0.0	0.0	0.4242	1.0	1.0	0.0	0.0	0.0	0	0	0	0	1.0	1.0	1.0	1	0.9537	0.0463	0.0	1.0463	0.0	1.0
L016523	control_vntr_correct	mafft_fftnsi__all	15.65	66.698	1	0.5116	21.48	13	2	12	1.0	1.0	0.0	1.0	1.0	1.0	1.0	0.0	0.1	0.0	0.4848	1.0	1.3057	5.3	0.00766	8.74	0	0	0	0	1.0	1.0	1.0	1	0.9741	0.0219	0.004	1.0219	0.0909	1.0909
L016830	control_vntr_correct	mafft_fftnsi__all	14.16	72.676	4.0	0.4118	19.37	16	4	7	1.0129	1.0035	3.4	0.3252	1.018	1.0074	1.0055	3.97	0.0	1.0	1.0303	1.018	1.0237	6.29	0.04178	46.45	1	1	0	1	1.0	1.0	1.0	2	0.908	0.0421	0.0498	1.0482	0.1313	1.1759
L016884	control_vntr_correct	mafft_fftnsi__all	270.04	4.915	1.0	0.5495	394.56	14	27	28	1.1989	1.1707	33.89	0.0361	1.2322	1.1574	1.2003	64.72	4.54	1.0	1.0303	1.2322	1.2418	28.35	0.2769	721.85	0	0	0	30	0.0	0.0	1.0	0	0.4462	0.4308	0.1231	3.0042	0.5122	3.8603
L017097	control_nontr_sv	mafft_fftnsi__all	66.93	32.059	1	0.6275	89.24	11	6	10	1.0025	1.0012	0.93	0.4393	1.0026	1.0	1.0	0.0	0.0	1.0	0.6364	1.0026	1.0	0.0	0.0	0.0	0	0	0	1	1.0	1.0	1.0	1	1.0	0.0	0.0	1.0	0.0	1.0
L017325	control_vntr_matched	mafft_fftnsi__all	64.43	24.113	2	0.4059	92.18	14	23	24	1.0712	1.006	11.78	0.4103	1.0783	1.0517	1.0706	18.83	0.31	2.0	2.2121	1.0783	1.0735	46.79	0.42772	829.95	1	1	0	1	0.6667	1.0	1.0	2	0.6429	0.1753	0.1753	1.2912	0.0556	1.3273
TR423938	control_vntr_matched	mafft_fftnsi__all	3.99	250.889	236	0.4444	4.88	3	2	3	1.0	1.0	0.0	1.0	1.0	1.0	1.0	0.0	0.0	0.0	0.0303	1.0	1.0	0.0	0.00922	9.31	0	0	0	0				0	0.7435	0.0	0.2565	1.0716	0.0	1.1375
TR446002	control_vntr_matched	mafft_fftnsi__all	11.67	86.0	2	0.4444	15.56	6	3	5	1.0153	1.0714	0.37	0.1994	1.0251	1.0219	1.0367	1.23	0.0	0.0	0.0303	1.0251	1.0	0.0	0.00775	8.21	1	1	0	1				0	1.0	0.0	0.0	1.0	0.0	1.0
TR455654	control_vntr_matched	mafft_fftnsi__all	18.31	55.841	1.5	0.5	25.8	13	3	7	1.024	1.0	0.58	0.7422	1.0353	1.0374	1.0542	2.04	0.0	0.0	0.0303	1.0353	1.1722	1.24	0.03152	34.96	0	0	0	0				0	0.92	0.08	0.0	1.0842	0.5	1.5
TR460913	control_vntr_matched	mafft_fftnsi__all	36.56	27.667	1.0	0.625	47.98	16	2	7	1.0977	1.0	0.49	0.8421	1.0952	1.135	1.1311	1.96	0.0	0.0	0.0	1.0952	1.0	0.0	0.0518	62.45	0	0	0	0				0	0.8767	0.0749	0.0485	1.0947	0.2745	1.3627
TR499275	control_vntr_matched	mafft_fftnsi__all	6.9	145.167	1.0	0.5333	8.98	10	2	4	1.0	1.0	0.0	1.0	1.0	1.0	1.0	0.0	0.0	0.0	0.0	1.0	1.0	0.0	0.0	0.0	0	0	0	0				0	0.9739	0.0037	0.0224	1.0037	0.0	1.0
TR499276	control_vntr_matched	mafft_fftnsi__all	8.92	112.4	1.0	0.675	11.6	13	2	5	1.0	1.0	0.0	1.0	1.0	1.0	1.0	0.0	0.0	0.0	0.0	1.0	1.0	0.0	0.0	0.0	0	0	0	0				0	1.0	0.0	0.0	1.0	0.0	1.0
TR573259	control_vntr_matched	mafft_fftnsi__all	74.34	18.558	2	0.4885	101.75	80	2	4	1.109	1.0	13.88	0.6562	1.109	1.1259	1.1257	35.63	0.78	0.0	0.2424	1.109	1.0765	0.89	0.1823	309.01	0	0	0	0				0	0.8131	0.0694	0.1175	1.118	0.0532	1.2326
TR668316	control_vntr_matched	mafft_fftnsi__all	61.38	23.809	3.0	0.484	85.21	36	8	13	2.672	3.1901	110.49	0.0982	3.2243	2.7538	3.3428	236.92	1.55	0.0	1.5862	3.2243	3.1683	59.93	0.2371	413.97	0	0	0	0	0.0	0.0	0.0	2	0.2715	0.2527	0.4743	1.9999	0.2527	1.9999
TR687433	control_vntr_matched	mafft_fftnsi__all	77.57	13.515	1.0	0.5731	104.12	74	3	4	1.26	1.1582	26.61	0.3229	1.2459	1.3832	1.3671	79.28	0.0	0.0	0.2121	1.2459	1.1333	1.18	0.25389	340.39	0	0	0	1				0	0.4413	0.2215	0.3372	1.5549	0.2485	1.7834
TR687489	control_vntr_matched	mafft_fftnsi__all	6.96	148.947	10	0.4211	9.15	7	2	2	31.8333	31.8333	67.7	0.0	31.8333	17.0	17.0	140.53	0.0	0.0	0.0606	31.8333	62.3333	2.04	0.04118	43.94	0	0	0	0				0	0.7278	0.1074	0.1648	1.1273	0.051	1.1179
TR724750	control_vntr_matched	mafft_fftnsi__all	110.14	10.561	1.0	0.6128	148.09	109	3	4	2.5308	1.0	21.64	0.7059	2.5387	2.0594	2.0667	45.83	0.05	0.0	0.0909	2.5387	3.5818	4.33	0.25478	402.62	0	0	0	0				0	0.5436	0.2968	0.1596	1.4164	0.3095	1.5458
TR743754	control_vntr_matched	mafft_fftnsi__all	30.79	33.633	1.0	0.5333	41.05	24	5	9	1.0147	1.0	0.87	0.8367	1.0093	1.0229	1.0174	2.79	18.45	0.0	0.1212	1.0093	1.0	0.0	0.06604	76.98	0	0	0	0				0	0.7663	0.2146	0.0192	1.2165	0.1667	1.1944
L000034	hotspot_vntr	mafft_linsi	354.69	5.079	1.0	0.5667	493.22	94	30	32	1.3279	1.2866	57.81	0.1127	1.2995	1.2113	1.1913	100.39	4.4	2.0	2.7576	1.2995	1.3416	40.45	0.40189	1315.87	78	20	58	321	0.2105	1.0	1.0	7	0.6107	0.2088	0.1727	1.4027	0.2181	1.4506
L000289	hotspot_vntr	mafft_linsi	764.13	2.172	1.0	0.7702	1122.34	69	34	34	1.0951	1.1084	49.58	0.0036	1.0919	1.0869	1.0875	100.55	1.58	4.0	3.5758	1.0919	1.0138	6.78	0.77817	7612.93	18	11	7	690	0.0	1.0	1.0	6	0.6757	0.1053	0.2006	1.4811	0.1088	1.6212
L000308	control_vntr_matched	mafft_linsi	22.64	44.634	1	0.5484	31.16	22	6	9	1.7697	1.9367	190.01	0.2024	1.0128	1.3901	1.0027	249.06	0.0	1.0	1.5455	1.0128	1.0161	4.58	0.03517	39.92	0	0	0	0	1.0	1.0	1.0	3	0.9395	0.0435	0.0151	1.0445	0.2812	1.2969
L000381	control_vntr_matched	mafft_linsi	29.64	34.908	1.0	0.6214	39.72	70	3	8	1.0169	1.0	0.12	0.8726	1.0236	1.0062	1.0087	0.11	0.0	1.0	1.0303	1.0236	1.7263	13.45	0.00872	10.51	0	0	0	1	1.0	1.0	1.0	1	0.994	0.0053	0.0	1.0053	0.0303	1.0312
L000407	control_vntr_correct	mafft_linsi	10.29	100.786	3.0	0.3929	14.33	7	4	9	1.0492	1.0	1.67	0.9348	1.0656	1.0	1.0	0.0	0.0	1.0	0.5455	1.0656	1.0929	1.8	0.00101	1.1	0	0	0	0	1.0	1.0	1.0	1	0.9881	0.0119	0.0	1.0119	0.0297	1.0297
L000506	control_nontr_sv	mafft_linsi	6.2	161.571	33	0.4286	8.86	1	5	5	1.0	1.0	0.0	1.0	1.0	1.0	1.0	0.0	0.0	0.0	0.4545	1.0	1.0	0.0	0.0	0.0	0	0	0	0	1.0	1.0	1.0	1	0.9145	0.0855	0.0	1.1966	0.3333	2.0
L000698	control_vntr_correct	mafft_linsi	18.62	67.877	1	0.5385	26.07	20	6	9	1.0342	1.0	1.16	0.8088	1.0556	1.0056	1.0092	0.41	0.0	2.0	1.9697	1.0556	1.1361	28.97	0.02472	33.52	0	0	0	0	1.0	1.0	1.0	2	0.866	0.0568	0.0771	1.0961	0.0286	1.1571
L000709	control_vntr_matched	mafft_linsi	1.92	522.0	23.0	0.5	2.4	4	2	3	1.0	1.0	0.0	1.0	1.0	1.0	1.0	0.0	0.0	0.0	0.4545	1.0	1.0	0.0	0.0	0.0	4	0	4	4	1.0	1.0	1.0	1	0.9732	0.0095	0.0173	1.0095	0.0	1.0
L001084	hotspot_vntr	mafft_linsi	450.4	6.29	1	0.7575	611.57	79	33	33	1.0511	1.0585	24.58	0.0	1.056	1.0545	1.0539	54.28	0.21	1.0	1.3333	1.056	1.0195	6.7	0.53401	3211.99	1	0	1	358	0.0	1.0	1.0	4	0.2363	0.125	0.636	3.6667	0.1178	3.5689
L001264	hotspot_vntr	mafft_linsi	921.81	2.789	1.0	0.7221	1297.57	220	34	34	1.092	1.1021	49.92	0.0	1.15	1.09	1.1392	106.08	0.93	3.0	3.8788	1.15	1.0937	35.34	0.69571	6996.67	18	6	12	749	0.4828	1.0	1.0	12	0.3333	0.0902	0.5587	3.3725	0.0934	3.7741
L001491	control_vntr_correct	mafft_linsi	80.53	17.724	1.0	0.6327	107.64	31	4	9	1.0149	1.0109	3.32	0.3232	1.0107	1.0019	1.0	0.88	0.0	1.0	0.5152	1.0107	1.0	0.0	0.02625	50.12	2	2	0	3	1.0	1.0	1.0	1	0.9443	0.0	0.0352	1.0	0.0	1.0
L001527	control_nontr_sv	mafft_linsi	36.19	27.927	1	0.6098	52.07	9	10	12	1.0001	1.0	0.02	0.981	1.0	1.0	1.0	0.0	0.0	0.0	0.2727	1.0	1.0	0.0	0.0	0.0	0	0	0	0	1.0	1.0	1.0	1	0.9703	0.0297	0.0	1.1683	0.0	1.0
L001894	control_vntr_matched	mafft_linsi	48.91	21.193	1.0	0.5823	65.78	84	3	5	1.0042	1.0	0.12	0.6814	1.0157	1.0025	1.0085	0.16	0.0	0.0	0.0606	1.0157	4.1703	16.43	0.0524	63.77	0	0	0	0	0.0	0.0		0	0.9866	0.0106	0.0021	1.0106	0.0	1.0
L001899	control_vntr_matched	mafft_linsi	63.3	16.944	1.5	0.5	87.29	29	3	9	1.0356	1.0	3.44	0.8043	1.0251	1.0326	1.0225	6.68	0.36	1.0	0.5758	1.0251	1.0313	1.81	0.14517	183.26	0	0	0	0	1.0	1.0	1.0	1	0.5957	0.1696	0.2348	1.3468	0.226	1.4847
L001909	hotspot_vntr	mafft_linsi	410.09	3.919	1.0	0.5712	582.82	595	34	34	1.159	1.1417	50.24	0.0	1.1591	1.1484	1.1666	101.6	0.76	7.0	7.6364	1.1591	1.1346	35.57	0.58227	2078.03	114	7	107	1052	0.2414	1.0	1.0	29	0.1893	0.1148	0.6883	3.8353	0.1171	3.909
L001922	control_vntr_correct	mafft_linsi	53.64	19.2	1.0	0.5632	72.84	52	8	12	1.0103	1.0014	3.19	0.3742	1.0046	1.0137	1.0066	8.56	0.33	0.0	0.4545	1.0046	1.0037	0.67	0.1058	125.64	0	0	0	0	1.0	1.0	1.0	1	0.5155	0.1838	0.2888	1.261	0.1	1.2819
L002013	hotspot_vntr	mafft_linsi	782.93	3.151	1.0	0.6939	1130.79	37	32	32	1.1	1.0938	52.24	0.0018	1.1205	1.104	1.1174	116.27	2.77	5.0	8.1212	1.1205	1.1274	43.58	0.53555	3684.55	24	20	4	1172	0.4848	1.0	1.0	18	0.2779	0.0702	0.6443	1.946	0.0515	2.0175
L002096	hotspot_vntr	mafft_linsi	213.27	11.796	1.0	0.57	299.41	108	12	33	1.2129	1.0702	49.44	0.0786	1.0716	1.1736	1.0469	86.61	0.71	7.0	7.1212	1.0716	1.0227	10.98	0.30241	1046.2	4	4	0	39	0.087	1.0	1.0	9	0.299	0.0833	0.598	1.4181	0.0825	1.4935
L002143	hotspot_vntr	mafft_linsi	142.66	8.485	1.0	0.5616	192.92	180	13	23	1.1825	1.1384	12.0	0.3527	1.2988	1.1337	1.1753	22.58	0.22	4.0	2.8182	1.2988	1.7712	19.93	0.32406	612.4	3	0	3	72	0.5333	1.0	1.0	7	0.4608	0.1506	0.3848	1.6034	0.2211	1.8621
L002182	hotspot_vntr	mafft_linsi	907.45	3.006	1	0.7365	1264.24	49	32	32	1.0582	1.0536	31.4	0.025	1.1608	1.0601	1.1517	68.22	0.87	2.0	2.1818	1.1608	1.0837	33.18	0.62216	5485.34	2	1	1	19	0.25	1.0	1.0	3	0.4562	0.2538	0.284	1.5833	0.3365	1.7283
L002292	control_nontr_sv	mafft_linsi	78.33	13.485	2	0.4795	104.9	54	4	6	1.0887	1.0887	67.1	0.188	1.0885	1.1573	1.1566	239.72	5.12	0.0	0.9091	1.0885	1.0325	11.8	0.1087	126.43	0	0	0	0	0.6667	1.0	1.0	2	0.9036	0.0964	0.0	1.1285		
L002884	control_vntr_matched	mafft_linsi	17.96	60.75	4.0	0.3824	24.83	25	2	12	1.0149	1.0	0.17	0.9091	1.0213	1.0032	1.0054	0.08	0.0	1.0	1.0303	1.0213	1.0541	4.41	0.00946	11.36	2	0	2	2	1.0	1.0	1.0	1	0.6981	0.0674	0.2345	1.0759	0.0724	1.0904
L002940	hotspot_other	mafft_linsi	262.51	5.7	1	0.6476	368.75	41	22	26	1.0795	1.0398	24.78	0.1889	1.073	1.0427	1.0436	30.04	1.66	1.0	1.303	1.073	1.0674	15.93	0.22569	493.14	1	0	1	24	0.3333	1.0	1.0	3	0.5767	0.2669	0.1442	1.5318	0.3767	1.7512
L003119	control_vntr_correct	mafft_linsi	5.5	182.312	5.0	0.3125	7.22	6	2	6	1.0027	1.0	0.27	0.827	1.0027	1.0048	1.0049	0.98	0.18	1.0	0.9697	1.0027	1.0008	0.36	0.01081	11.0	0	0	0	0	1.0	1.0	1.0	1	0.3344	0.1026	0.5629	1.1175	0.125	1.1531
L003171	control_nontr_sv	mafft_linsi	11.28	88.917	47.5	0.5	14.1	4	2	2	1.003	1.003	1.11	0.0	1.003	1.0	1.0	0.0	0.0	1.0	1.0	1.003	1.0	0.0	0.0	0.0	0	0	0	0	1.0	1.0	1.0	1	1.0	0.0	0.0	1.0	0.0	1.0
L003672	control_vntr_correct	mafft_linsi	17.42	60.022	1	0.5556	23.23	15	2	7	1.2992	1.3008	22.55	0.2361	1.3017	1.0	1.0	0.0	0.0	0.0	0.9697	1.3017	3.0708	40.18	0.01875	21.29	0	0	0	0	1.0	1.0	1.0	2	0.935	0.0162	0.0487	1.0162	0.0	1.0
L003695	hotspot_other	mafft_linsi	84.88	15.585	1.5	0.5	119.19	5	11	12	1.1928	1.3095	28.02	0.2598	1.734	1.146	1.5491	48.28	1.03	3.0	2.697	1.734	1.8271	94.38	0.1912	307.9	0	0	0	0	0.6667	1.0	1.0	3	0.5221	0.1547	0.3204	1.5304	0.1969	1.716
L003826	control_vntr_matched	mafft_linsi	403.93	3.28	1.0	0.666	556.49	137	33	33	1.2028	1.2536	15.83	0.0643	1.3647	1.146	1.1974	28.22	0.29	1.0	1.3939	1.3647	1.6623	25.19	0.2751	652.41	5	0	5	30	0.6667	1.0		2	0.5418	0.3208	0.1348	2.0176	0.4212	2.3425
L003828	hotspot_other	mafft_linsi	157.42	6.849	1.0	0.566	219.42	68	26	26	1.0467	1.033	20.16	0.0474	1.0132	1.0619	1.021	54.69	2.95	3.0	3.1212	1.0132	1.003	2.73	0.27245	453.31	4	3	1	48	0.1667	1.0	1.0	6	0.6121	0.1379	0.25	1.7244	0.1333	1.8197
L003872	control_vntr_matched	mafft_linsi	109.64	9.722	2.0	0.463	150.25	64	6	7	1.1983	1.213	19.8	0.2119	1.1677	1.1075	1.0924	31.72	0.9	1.0	1.0	1.1677	1.6535	21.68	0.06966	101.86	0	0	0	0	1.0	1.0	1.0	2	0.9386	0.0594	0.0	1.0595	0.0204	1.0204
L003883	control_nontr_sv	mafft_linsi	356.28	13.247	1	0.5051	474.64	92	3	3	1.0617	1.0617	71.87	0.0525	1.0617	1.1331	1.1332	310.91	4.85	1.0	0.5152	1.0617	1.0021	1.97	0.08351	423.91	0	0	0	0	1.0	1.0	1.0	1	0.9314	0.0686	0.0	1.0686	0.3333	1.3333
L004021	control_vntr_matched	mafft_linsi	22.1	45.579	1	0.6023	29.73	43	6	20	1.0215	1.0	1.01	0.7736	1.0039	1.0047	1.0058	0.46	0.0	1.0	1.1212	1.0039	1.0234	0.79	0.00377	4.27	0	0	0	1	1.0	1.0	1.0	1	0.9816	0.0167	0.0	1.0167	0.0172	1.0179
L004145	hotspot_vntr	mafft_linsi	278.98	4.235	1.0	0.6034	386.81	803	20	31	1.2281	1.2096	44.83	0.1192	1.2015	1.1386	1.124	81.95	2.13	3.0	4.2258	1.2015	1.0912	13.77	0.18901	343.69	1	0	1	10	0.0588	1.0	1.0	9	0.7743	0.1922	0.0335	1.3828	0.4208	1.9556
L004620	control_nontr_sv	mafft_linsi	11.32	88.545	6	0.4545	14.4	3	3	5	1.0002	1.0	0.06	0.9494	1.0032	1.0004	1.0063	0.25	0.0	1.0	0.5152	1.0032	1.0	0.0	0.0	0.0	0	0	0	0	1.0	1.0	1.0	1	0.9531	0.0469	0.0	1.0469	0.0	1.0
L004848	hotspot_other	mafft_linsi	580.92	2.649	1.0	0.7696	816.33	60	27	30	1.2058	1.1875	45.26	0.0198	1.1733	1.1715	1.1415	90.52	2.84	3.0	2.4242	1.1733	1.0753	20.28	0.60943	2920.74	21	8	13	99	0.5	1.0		1	0.5826	0.0868	0.1777	1.3692	0.0938	1.4505
L004989	hotspot_other	mafft_linsi	343.72	3.917	1.0	0.7055	493.33	16	29	29	1.2766	1.2222	54.88	0.018	1.0815	1.2177	1.0884	99.53	5.61	3.0	3.2727	1.0815	1.0471	16.26	0.41796	1045.61	5	2	3	88	0.2222	1.0	1.0	6	0.6443	0.1141	0.2282	1.5967	0.1325	1.8995
L005064	hotspot_other	mafft_linsi	84.96	19.766	2.0	0.3921	120.72	44	21	29	1.0902	1.0708	15.7	0.218	1.0517	1.0428	1.021	16.29	0.38	1.0	0.8182	1.0517	1.0684	6.89	0.27685	541.26	3	0	3	60	1.0	1.0	1.0	2	0.6004	0.103	0.2735	1.2531	0.1139	1.4083
L005261	hotspot_other	mafft_linsi	396.97	7.71	1	0.5191	582.07	20	21	26	1.0617	1.0445	24.54	0.1877	1.0263	1.0595	1.0323	49.65	1.19	1.0	1.4848	1.0263	1.0214	8.58	0.44293	2190.92	51	51	0	146	0.0	1.0	1.0	3	0.7446	0.1602	0.0909	1.3304	0.2778	1.6168
L005411	hotspot_vntr	mafft_linsi	123.72	9.05	1.0	0.6132	175.35	108	22	33	1.3831	1.6152	25.89	0.0607	1.1302	1.2026	1.0862	36.44	0.38	4.0	4.4242	1.1302	1.143	28.48	0.41639	783.09	19	19	0	157	0.25	0.25	1.0	4	0.4437	0.31	0.2279	1.8279	0.3207	1.8508
L005481	hotspot_vntr	mafft_linsi	142.48	8.451	1.0	0.5674	195.16	10	22	23	1.0871	1.0	10.14	0.5762	1.5388	1.0788	1.4065	19.46	0.64	2.0	1.9394	1.5388	1.6842	90.5	0.30946	548.38	58	0	58	71	1.0	1.0	1.0	2	0.4527	0.1977	0.3295	1.4262	0.1456	1.4561
L005618	hotspot_other	mafft_linsi	567.28	2.303	1.0	0.6752	795.92	120	32	32	1.2334	1.2176	58.21	0.0	1.1545	1.1863	1.1335	111.33	2.75	4.0	3.7576	1.1545	1.086	20.87	0.72757	4319.93	27	3	24	304	0.6349	1.0	1.0	7	0.6769	0.0954	0.1477	1.4291	0.1459	1.6506
L005688	control_nontr_sv	mafft_linsi	178.37	7.969	1	0.6299	238.76	39	3	5	1.0235	1.0241	5.03	0.3571	1.0236	1.0	1.0	0.0	0.0	1.0	0.8182	1.0236	1.0158	4.01	0.0	0.0	0	0	0	0	1.0	1.0	1.0	1	1.0	0.0	0.0	1.0	0.0	1.0
L005990	hotspot_vntr	mafft_linsi	123.61	16.462	2	0.4194	184.73	109	18	32	1.0628	1.0266	10.25	0.1351	1.2002	1.0632	1.164	21.89	1.93	10.0	10.2258	1.2002	1.1973	44.13	0.28139	738.33	75	75	0	238	0.1538	1.0	1.0	8	0.4747	0.0791	0.4293	1.5951	0.094	1.9167
L006556	control_nontr_sv	mafft_linsi	153.35	6.923	1.0	0.6479	205.18	47	3	4	1.1894	1.1895	65.22	0.1373	1.1951	1.3647	1.375	256.4	1.12	1.0	0.5152	1.1951	1.0393	7.29	0.23029	321.81	0	0	0	0	1.0	1.0	1.0	1	0.9462	0.0538	0.0	1.0538	0.0	1.0
L006952	hotspot_vntr	mafft_linsi	727.42	2.143	1.0	0.6802	996.25	4	28	28	1.0319	1.011	19.74	0.2167	1.0758	1.0379	1.0809	48.68	0.48	2.0	1.9697	1.0758	1.026	12.76	0.74989	5113.19	9	6	3	30	0.2857	1.0	1.0	3	0.5358	0.2189	0.0717	1.7259	0.2242	1.9889
L007009	hotspot_vntr	mafft_linsi	330.45	4.484	1	0.677	454.1	87	24	27	1.0369	1.0215	34.24	0.0658	1.0353	1.0375	1.0403	71.33	3.86	3.0	6.7576	1.0353	1.0186	14.72	0.57261	2027.0	30	12	18	834	0.1633	1.0	1.0	20	0.2002	0.2054	0.5881	2.4288	0.1931	2.5564
L007033	control_vntr_correct	mafft_linsi	61.91	18.038	2	0.4713	82.41	47	3	3	1.0619	1.0598	78.31	0.0	1.0641	1.1208	1.1256	307.05	4.3	1.0	1.0	1.0641	1.0081	9.82	0.09639	115.93	0	0	0	0	1.0	1.0	1.0	1	0.7843	0.1961	0.0196	1.2059	0.5	1.75
L007040	hotspot_vntr	mafft_linsi	71.37	15.134	1.0	0.6595	99.28	148	10	27	1.135	1.1093	58.34	0.0653	1.019	1.1097	1.0193	101.5	0.67	4.0	3.7576	1.019	1.0096	13.31	0.32031	494.03	3	3	0	33	0.2222	1.0	1.0	8	0.2143	0.4286	0.3558	2.0606	0.4411	2.1668
L007065	control_vntr_matched	mafft_linsi	11.28	90.312	1.5	0.5	15.04	11	7	9	1.0017	1.0	0.1	0.9158	1.0011	1.0027	1.0022	0.32	0.0	1.0	0.5455	1.0011	1.0	0.0	0.01328	14.34	0	0	0	0	1.0	1.0	1.0	1	0.9662	0.0234	0.0104	1.0235	0.0385	1.0385
L007081	hotspot_vntr	mafft_linsi	747.49	4.834	1.0	0.6263	1150.03	33	32	33	1.079	1.0598	33.73	0.0054	1.0365	1.1104	1.061	100.78	2.6	4.0	3.6667	1.0365	1.0218	10.34	0.49905	4410.58	64	54	10	502	0.5455	1.0	1.0	14	0.3568	0.1005	0.5226	2.7259	0.1439	3.0798
L007161	hotspot_other	mafft_linsi	314.17	3.767	1	0.7118	431.73	99	21	25	1.2968	1.2712	46.58	0.2318	1.5269	1.2023	1.3231	86.43	0.59	2.0	3.2424	1.5269	1.3168	36.97	0.32041	662.83	0	0	0	0	0.5714	1.0	1.0	6	0.586	0.1041	0.293	1.2586	0.089	1.3706
L007172	control_vntr_matched	mafft_linsi	162.18	8.123	1.0	0.5246	222.33	63	7	11	1.031	1.0118	5.57	0.383	1.024	1.0178	1.0166	6.74	1.72	1.0	0.6061	1.024	1.0098	0.87	0.17017	306.41	0	0	0	0	1.0	1.0	1.0	1	0.6425	0.0412	0.3114	1.0812	0.0157	1.1124
L007184	hotspot_other	mafft_linsi	91.89	11.269	2	0.4286	133.59	5	19	21	1.1225	1.0305	23.04	0.191	1.0129	1.1027	1.0135	41.44	1.57	2.0	1.7273	1.0129	1.0065	2.06	0.11057	157.53	0	0	0	8	0.0	0.0	1.0	5	0.7143	0.0982	0.1786	1.2773	0.1852	1.7222
L007192	control_nontr_sv	mafft_linsi	27.74	49.0	1	0.5789	39.42	4	6	11	1.0	1.0	0.0	1.0	1.0	1.0	1.0	0.0	0.0	0.0	0.2424	1.0	1.0	0.0	0.01188	17.52	0	0	0	0	1.0	1.0	1.0	1	0.9204	0.0796	0.0	1.2212	0.4444	2.3333
L007376	control_vntr_matched	mafft_linsi	4.5	222.782	1	0.6092	5.94	10	8	9	1.0005	1.0	0.09	0.748	1.001	1.0008	1.0006	0.27	0.0	1.0	1.0606	1.001	1.0	0.0	0.00202	2.07	1	0	1	1	1.0	1.0	1.0	1	0.942	0.0099	0.0481	1.0099	0.011	1.011
L007480	hotspot_other	mafft_linsi	374.63	6.019	1.0	0.6329	516.3	59	20	21	1.0904	1.05	26.95	0.0684	1.0801	1.1256	1.0977	78.05	1.38	2.0	1.697	1.0801	1.0445	11.53	0.34878	1195.61	1	1	0	61	1.0	1.0	1.0	1	0.4262	0.2349	0.3341	1.8284	0.2662	2.0848
L007687	control_vntr_matched	mafft_linsi	46.5	23.683	1	0.5691	62.38	36	5	10	1.0336	1.0	2.65	0.7854	1.009	1.0188	1.0044	3.1	0.0	1.0	0.6667	1.009	1.0599	2.59	0.09515	123.25	0	0	0	0	1.0	1.0	1.0	1	0.7943	0.0963	0.1072	1.1173	0.1615	1.2231
L007717	control_vntr_matched	mafft_linsi	54.45	18.78	2	0.4357	76.59	58	8	21	1.0663	1.0366	4.13	0.2561	1.0391	1.0362	1.0068	5.5	0.02	0.0	0.5455	1.0391	1.2267	9.1	0.04949	67.56	2	2	0	2	1.0	1.0	1.0	1	0.9491	0.0316	0.0151	1.0357	0.0455	1.0682
L007798	hotspot_other	mafft_linsi	821.1	3.711	1.0	0.6673	1138.3	36	7	32	1.0355	1.0441	25.23	0.0089	1.0445	1.0391	1.0428	57.23	0.92	4.0	4.1818	1.0445	1.018	11.08	0.44295	3123.62	5	0	5	797	0.2222	1.0	1.0	11	0.3261	0.0826	0.5899	2.0311	0.0923	2.2044
L007844	hotspot_other	mafft_linsi	1491.95	2.239	1.0	0.7785	2083.0	97	34	34	1.2196	1.2097	81.36	0.0	1.1841	1.2138	1.2018	185.51	1.27	4.0	4.3636	1.1841	1.0565	20.89	0.72583	8826.46	148	147	1	724	0.7368	1.0	1.0	11	0.4225	0.2592	0.2197	1.5899	0.2568	1.6406
L008216	hotspot_vntr	mafft_linsi	144.34	7.681	1.0	0.6296	196.79	47	19	21	1.1346	1.0331	18.95	0.1413	1.1665	1.1168	1.1091	37.53	1.66	2.0	2.0303	1.1665	1.3887	37.17	0.26938	508.52	1	1	0	1	1.0	1.0	1.0	4	0.5524	0.1985	0.2491	1.5939	0.2175	1.7194
L008631	control_nontr_sv	mafft_linsi	19.91	74.286	3.5	0.4286	28.45	3	6	8	1.0	1.0	0.0	1.0	1.0	1.0	1.0	0.0	0.0	0.0	0.1818	1.0	1.0	0.0	0.0	0.0	0	0	0	0	1.0	1.0	1.0	1	0.9139	0.0861	0.0	1.2185	0.1282	1.4615
L008864	hotspot_vntr	mafft_linsi	1018.3	6.025	1.0	0.5751	1487.1	74	22	28	1.1137	1.068	63.67	0.0912	1.1114	1.107	1.1164	128.47	2.32	2.0	4.0606	1.1114	1.0875	36.85	0.46506	5262.32	94	92	2	703	0.4	1.0	1.0	12	0.4368	0.1621	0.3933	1.8415	0.1967	2.018
L008877	hotspot_other	mafft_linsi	746.56	4.641	1.0	0.5753	1063.27	145	29	30	1.3136	1.2647	76.73	0.0539	1.1688	1.2285	1.128	136.57	3.95	4.0	4.303	1.1688	1.1518	68.6	0.44588	2873.09	39	17	22	178	0.4	1.0	1.0	9	0.4803	0.138	0.3451	1.4273	0.1674	1.5252
L008887	control_vntr_correct	mafft_linsi	14.66	77.868	1.0	0.5263	19.68	14	2	7	1.0067	1.0	0.09	0.9063	1.0077	1.0021	1.0027	0.06	0.0	2.0	2.0	1.0077	1.0094	1.2	0.01559	18.9	0	0	0	0	1.0	1.0	1.0	2	0.9684	0.0111	0.0205	1.0143	0.0455	1.1288
L008902	control_vntr_correct	mafft_linsi	61.43	17.751	2	0.4913	85.58	63	3	7	1.2466	1.2636	14.69	0.191	1.0435	1.0187	1.0503	3.72	0.01	1.0	1.0	1.0435	1.4875	15.07	0.03621	50.43	0	0	0	0	1.0	1.0	1.0	2	0.9753	0.0141	0.0088	1.0186	0.0909	1.2273
L008976	hotspot_vntr	mafft_linsi	906.94	4.497	1	0.7488	1256.08	193	27	28	1.0773	1.0658	47.24	0.0026	1.1691	1.0804	1.1682	103.67	1.18	2.0	2.1852	1.1691	1.1131	53.18	0.56404	5839.99	170	1	169	2129	0.0625	1.0	1.0	8	0.1821	0.1911	0.6142	2.9023	0.1828	2.9442
L009000	hotspot_vntr	mafft_linsi	393.31	3.215	1.0	0.6613	569.15	39	34	34	1.1388	1.1638	73.22	0.0	1.0539	1.143	1.0682	169.59	3.22	16.0	15.8182	1.0539	1.0223	22.81	0.71228	3376.24	11	8	3	780	0.3077	1.0	1.0	31	0.4816	0.1875	0.3272	2.5124	0.1792	2.8835
L009283	control_nontr_sv	mafft_linsi	19.13	52.533	1	0.5333	24.23	5	2	4	1.0078	1.0074	1.17	0.1933	1.0074	1.0	1.0	0.0	0.0	0.0	0.4848	1.0074	1.0	0.0	0.0	0.0	0	0	0	0	1.0	1.0	1.0	1	1.0	0.0	0.0	1.0	0.0	1.0
L009398	hotspot_vntr	mafft_linsi	105.07	10.551	2	0.3854	147.1	18	23	25	1.0346	1.0188	12.32	0.0814	1.0295	1.0347	1.0297	25.53	0.5	1.0	1.0	1.0295	1.0189	5.58	0.26899	419.27	4	4	0	63	0.8571	1.0	1.0	4	0.4667	0.1389	0.3889	1.9716	0.1549	2.1837
L009448	hotspot_vntr	mafft_linsi	1065.71	1.858	1	0.7132	1494.59	57	24	24	1.167	1.193	87.88	0.0	1.2157	1.1778	1.2125	210.19	1.93	5.0	4.3478	1.2157	1.0849	30.15	0.80775	8433.55	36	31	5	1312	0.1765	1.0	1.0	8	0.5215	0.1746	0.2632	1.9121	0.1753	2.0651
L009600	control_nontr_sv	mafft_linsi	2.96	372.333	409	0.0	2.96	1	2	2	1.0	1.0	0.0	1.0	1.0	1.0	1.0	0.0	0.0	1.0	1.0	1.0	1.0	0.0	0.0	0.0	0	0	0	0	1.0	1.0	1.0	1	1.0	0.0	0.0	1.0	0.0	1.0
L009656	hotspot_vntr	mafft_linsi	370.71	4.041	1.0	0.5723	509.62	55	26	26	1.0987	1.072	24.38	0.1755	1.1106	1.112	1.1051	59.63	0.88	2.0	2.0	1.1106	1.122	19.5	0.44397	1241.52	0	0	0	0	0.5	1.0	1.0	2	0.4344	0.1626	0.3949	1.3813	0.1644	1.4815
L009658	hotspot_vntr	mafft_linsi	199.15	6.287	1	0.5447	275.6	100	28	31	1.5181	1.4062	111.95	0.0303	1.1471	1.4	1.1413	206.66	2.2	11.0	10.2581	1.1471	1.1016	48.99	0.41897	804.91	28	28	0	221	0.4375	0.9333	1.0	18	0.2739	0.1199	0.5812	1.5205	0.1129	1.5467
L009770	control_vntr_matched	mafft_linsi	24.99	40.453	1	0.5641	33.32	32	5	7	1.0225	1.0019	2.6	0.4754	1.0031	1.034	1.0019	7.99	0.1	1.0	1.0303	1.0031	1.0003	0.09	0.0685	76.46	0	0	0	0	1.0	1.0	1.0	1	0.7399	0.065	0.1951	1.0671	0.05	1.0589
L009771	control_vntr_correct	mafft_linsi	10.24	107.25	10.5	0.5	12.8	4	2	2	1.0	1.0	0.0	1.0	1.0	1.0	1.0	0.0	0.0	1.0	1.0	1.0	1.0	0.0	0.00075	0.85	0	0	0	0	1.0	1.0	1.0	1	0.989	0.011	0.0	1.011	0.0	1.0
L009803	hotspot_vntr	mafft_linsi	531.11	2.398	1	0.7345	742.34	128	29	30	1.1082	1.1193	50.45	0.0126	1.0776	1.1164	1.0937	117.9	1.73	8.0	7.6061	1.0776	1.0281	17.22	0.74248	3626.68	8	2	6	370	0.4	1.0	1.0	18	0.5204	0.2015	0.273	1.871	0.2363	2.0434
L009885	control_vntr_correct	mafft_linsi	30.22	33.897	2.0	0.4444	42.22	10	16	17	1.0043	1.0	0.3	0.7951	1.0427	1.0025	1.0253	0.37	0.0	1.0	1.0606	1.0427	1.0885	5.87	0.03075	35.98	0	0	0	0	0.0	1.0	1.0	1	0.8121	0.172	0.0096	1.1873	0.5	1.542
L010060	hotspot_other	mafft_linsi	387.98	4.183	1.0	0.5914	538.17	74	22	24	1.1415	1.0589	20.78	0.1068	1.1465	1.1297	1.1284	42.84	2.35	1.0	1.1212	1.1465	1.1697	16.07	0.35933	934.08	0	0	0	0	1.0	1.0	1.0	1	0.4743	0.3834	0.1265	1.5783	0.4786	1.7014
L010113	control_vntr_correct	mafft_linsi	13.66	73.951	1	0.5854	18.32	14	2	8	1.0	1.0	0.0	1.0	1.0	1.0	1.0	0.0	0.01	0.0	0.4848	1.0	1.0	0.0	0.01447	15.66	0	0	0	0	1.0	1.0	1.0	1	0.9357	0.0508	0.0135	1.0513	0.0909	1.101
L010328	hotspot_vntr	mafft_linsi	1698.98	2.761	1	0.6725	2341.16	28	29	29	1.1415	1.1531	70.08	0.0019	1.114	1.1508	1.1259	160.56	1.33	5.0	6.2188	1.114	1.0521	27.32	0.6157	6776.87	23	3	20	533	0.6	1.0	1.0	10	0.3303	0.2018	0.4576	1.6709	0.2114	1.8016
L010350	control_vntr_matched	mafft_linsi	5.96	172.886	1.0	0.6136	7.86	15	2	11	1.0	1.0	0.0	1.0	1.0	1.0	1.0	0.0	0.0	1.0	0.6364	1.0	1.0	0.0	0.0	0.0	0	0	0	0	1.0	1.0	1.0	1	0.9709	0.0073	0.0218	1.0094	0.0333	1.0667
L010452	control_nontr_sv	mafft_linsi	11.21	96.0	13	0.4444	13.7	3	2	2	1.0	1.0	0.0	1.0	1.0	1.0	1.0	0.0	0.0	1.0	0.9697	1.0	1.0	0.0	0.0	0.0	0	0	0	0	1.0	1.0	1.0	1	1.0	0.0	0.0	1.0	0.0	1.0
L010508	control_vntr_correct	mafft_linsi	14.74	69.481	1.0	0.5769	19.56	18	2	11	1.0023	1.0	0.03	0.9956	1.0007	1.0014	1.0	0.04	0.0	1.0	0.5152	1.0007	1.125	1.2	0.00383	4.25	0	0	0	0	1.0	1.0	1.0	1	0.9841	0.0111	0.0048	1.0111	0.0333	1.0333
L011121	control_vntr_correct	mafft_linsi	55.27	20.901	1	0.5603	74.09	15	6	10	1.0376	1.0	2.19	0.6142	1.1709	1.0358	1.1608	4.35	0.02	1.0	1.0909	1.1709	1.1722	20.81	0.07491	104.27	0	0	0	0	1.0	1.0	1.0	1	0.8825	0.0672	0.0485	1.0693	0.0822	1.0922
L011138	hotspot_vntr	mafft_linsi	179.01	12.885	1.0	0.6784	242.87	119	27	28	1.041	1.0205	17.51	0.1741	1.0744	1.04	1.0605	35.23	5.25	2.0	4.125	1.0744	1.0394	12.26	0.28901	961.54	1	1	0	3	0.125	0.125	1.0	9	0.2205	0.1549	0.6201	1.6655	0.1593	1.6831
L011224	control_vntr_correct	mafft_linsi	65.19	19.429	1.0	0.5119	88.47	40	2	13	1.036	1.0224	4.56	0.2306	1.0234	1.0263	1.0254	7.4	0.98	1.0	1.0	1.0234	1.009	0.85	0.03117	48.51	1	0	1	1	1.0	1.0	1.0	2	0.8076	0.0252	0.1655	1.0359	0.0174	1.0691
L011227	control_vntr_matched	mafft_linsi	21.04	59.539	2.5	0.4211	28.78	20	2	11	1.0599	1.0	3.11	0.7607	1.0136	1.0121	1.0018	1.39	0.02	1.0	0.6364	1.0136	1.0319	0.95	0.08064	108.22	0	0	0	0	1.0	1.0	1.0	1	0.6413	0.0152	0.3359	1.086	0.0161	1.1428
L011430	control_vntr_matched	mafft_linsi	96.26	11.1	2	0.4469	135.87	91	7	13	1.2032	1.173	10.07	0.2004	1.1202	1.0623	1.0636	8.7	0.31	0.0	0.5152	1.1202	1.7744	20.99	0.19008	283.5	0	0	0	0	1.0	1.0	1.0	1	0.7976	0.1567	0.0258	1.1847	0.4174	1.5477
L011463	hotspot_vntr	mafft_linsi	133.38	8.667	1.0	0.5842	184.25	132	6	27	1.8385	1.4245	123.95	0.2101	1.282	1.3213	1.0967	140.97	1.77	5.0	4.6364	1.282	1.388	77.36	0.13915	239.03	32	0	32	64	0.6667	1.0	1.0	8	0.7682	0.1418	0.09	1.3484	0.2917	1.7772
L011931	control_nontr_sv	mafft_linsi	25.91	73.16	1	0.52	36.27	4	8	8	1.0012	1.0012	0.49	0.2684	1.0012	1.0	1.0	0.0	0.0	1.0	0.5152	1.0012	1.0	0.0	0.0	0.0	0	0	0	0	1.0	1.0	1.0	1	0.9783	0.0217	0.0	1.0652	0.0	1.0
L012184	hotspot_vntr	mafft_linsi	388.74	7.986	1.0	0.6422	550.96	44	30	31	1.1428	1.0742	32.64	0.0364	1.0419	1.1148	1.0542	64.2	1.88	10.0	10.3548	1.0419	1.0167	9.07	0.38848	1828.96	8	8	0	99	0.7805	1.0	1.0	22	0.2625	0.0938	0.6238	1.7709	0.1002	1.808
L012256	hotspot_other	mafft_linsi	110.75	11.13	2	0.4533	159.69	42	27	30	1.0896	1.0292	27.9	0.2068	1.0778	1.0737	1.0577	48.61	0.51	3.0	3.3636	1.0778	1.083	21.23	0.18393	291.62	4	2	2	7	0.5455	1.0	1.0	6	0.5184	0.1843	0.2875	1.703	0.2621	2.0083
L012294	hotspot_vntr	mafft_linsi	535.42	7.316	1.0	0.5068	819.3	56	33	33	1.0569	1.0387	36.31	0.0018	1.0939	1.0763	1.1103	101.77	2.63	8.0	9.3636	1.0939	1.1015	44.92	0.38054	2714.17	0	0	0	489	0.4615	1.0	1.0	18	0.2214	0.0777	0.6971	2.9845	0.0829	3.2803
L012313	control_vntr_matched	mafft_linsi	21.26	48.324	1.0	0.6176	27.82	21	4	14	1.0653	1.0	1.59	0.8873	1.3288	1.0004	1.0	0.02	0.0	2.0	1.6364	1.3288	2.3528	25.55	0.01118	12.82	1	1	0	1	1.0	1.0	1.0	2	0.8748	0.0541	0.0711	1.0541	0.042	1.042
L012489	hotspot_other	mafft_linsi	189.19	7.423	1.0	0.609	266.36	43	29	30	1.5449	1.2639	68.22	0.054	1.5194	1.1712	1.2181	62.75	0.86	2.0	1.9091	1.5194	2.0369	71.94	0.15908	365.58	0	0	0	15	0.3333	1.0	1.0	3	0.5753	0.3012	0.1236	1.7817	0.4444	2.2879
L012530	control_nontr_sv	mafft_linsi	28.28	35.727	1.5	0.5	37.28	7	3	7	1.0	1.0	0.0	1.0	1.0	1.0	1.0	0.0	0.0	0.0	0.4848	1.0	1.0345	2.58	0.0	0.0	0	0	0	0	1.0	1.0	1.0	1	0.9355	0.0645	0.0	1.0645		
L013000	control_vntr_correct	mafft_linsi	32.01	31.737	1	0.5693	45.09	1	22	22	1.0055	1.0	0.5	0.8499	1.0239	1.0049	1.0138	0.93	0.0	2.0	1.9697	1.0239	1.0483	11.04	0.03698	44.63	1	1	0	2	0.0	1.0	1.0	2	0.7645	0.0372	0.157	1.0463	0.0354	1.0451
L013064	hotspot_other	mafft_linsi	236.03	6.015	1	0.5522	337.7	71	24	32	1.5196	1.5606	44.81	0.1843	1.5958	1.2335	1.3491	65.25	2.44	2.0	2.0	1.5958	1.5752	86.77	0.26249	634.63	26	26	0	84	0.25	1.0	1.0	3	0.9012	0.0814	0.0174	1.1308	0.2326	1.4302
L013074	control_vntr_correct	mafft_linsi	4.68	214.281	1.0	0.5312	5.99	11	2	3	1.0025	1.0	0.73	0.8675	1.0025	1.002	1.002	1.18	0.0	1.0	1.0	1.0025	1.0	0.0	0.00171	1.75	0	0	0	0	1.0	1.0	1.0	1	0.9976	0.0	0.0	1.0	0.0	1.0
L013244	hotspot_vntr	mafft_linsi	109.17	31.687	1	0.5101	148.56	21	2	17	1.0364	1.0334	14.44	0.2346	1.0463	1.0422	1.0528	34.51	0.78	5.0	4.303	1.0463	1.0226	5.49	0.15823	623.77	0	0	0	0	0.5556	1.0	1.0	9	0.1578	0.0809	0.7554	1.4737	0.0658	1.4934
L013399	control_nontr_sv	mafft_linsi	9.12	239.833	167.5	0.3333	10.64	2	2	3	1.0	1.0	0.0	1.0	1.0	1.0	1.0	0.0	0.0	1.0	0.7879	1.0	1.0	0.0	0.0	0.0	0	0	0	0	1.0	1.0	1.0	1	0.9957	0.0043	0.0	1.0043	0.0	1.0
L013531	hotspot_other	mafft_linsi	184.25	7.064	1.0	0.5581	264.14	9	19	21	1.133	1.0909	30.29	0.2407	1.0702	1.0766	1.0669	38.73	0.3	2.0	2.4545	1.0702	1.0562	24.53	0.26222	529.05	15	0	15	29	0.1818	1.0	1.0	6	0.6863	0.0784	0.1176	1.2292	0.1905	1.6471
L014111	control_vntr_matched	mafft_linsi	41.51	25.063	1	0.5771	55.98	62	3	4	1.1533	1.1424	9.72	0.1599	1.1577	1.056	1.0573	9.63	0.0	2.0	1.0606	1.1577	4.6202	29.44	0.02681	33.44	0	0	0	0	1.0	1.0	1.0	2	0.997	0.0015	0.0	1.0015	0.0	1.0
L014160	hotspot_vntr	mafft_linsi	205.93	5.881	1	0.6181	284.57	119	34	34	1.2328	1.1716	44.98	0.2068	1.3712	1.1084	1.1635	52.55	1.27	5.0	8.0303	1.3712	1.4743	73.46	0.27421	563.64	4	0	4	32	0.5556	1.0	1.0	17	0.7613	0.1907	0.0466	1.2693	0.3493	1.5835
L014181	control_vntr_matched	mafft_linsi	62.37	17.229	1.0	0.5212	84.57	79	2	5	1.0443	1.03	5.27	0.4841	1.04	1.0135	1.0076	3.56	0.18	1.0	1.2424	1.04	1.0465	2.75	0.10379	133.99	0	0	0	0	1.0	1.0	1.0	1	0.7723	0.1411	0.0824	1.1612	0.3438	1.4032
L014210	hotspot_vntr	mafft_linsi	193.8	6.481	1	0.6065	263.41	226	8	13	1.1222	1.0972	31.76	0.1341	1.3403	1.1234	1.2846	74.42	2.06	4.0	5.5758	1.3403	1.3321	63.53	0.39278	929.92	27	0	27	27	0.2778	1.0	1.0	12	0.493	0.1534	0.347	1.5494	0.1518	1.5908
L014297	hotspot_vntr	mafft_linsi	95.95	11.851	1	0.5087	130.48	15	7	15	1.0511	1.0015	10.25	0.4708	1.0974	1.0429	1.083	17.92	0.26	1.0	1.1818	1.0974	1.0286	12.0	0.29408	468.46	0	0	0	0	0.0	1.0	1.0	1	0.485	0.1694	0.3322	1.4738	0.1211	1.5099
L014324	control_vntr_correct	mafft_linsi	13.92	85.086	1	0.5429	18.3	10	4	6	1.0458	1.0022	4.47	0.3871	1.0674	1.0351	1.0498	7.07	0.0	1.0	1.0	1.0674	1.0691	10.78	0.02772	34.61	0	0	0	0	1.0	1.0	1.0	1	0.8417	0.0647	0.0935	1.0712	0.1079	1.1182
L014358	hotspot_vntr	mafft_linsi	308.67	6.831	1.0	0.5525	455.95	16	30	31	1.1106	1.0546	34.24	0.0162	1.048	1.1183	1.0586	77.63	2.97	2.0	2.3333	1.048	1.0457	11.82	0.43069	1740.66	7	0	7	239	0.2	1.0	1.0	7	0.3135	0.0635	0.623	2.3637	0.0455	2.5237
L014426	control_vntr_correct	mafft_linsi	38.18	26.528	1.0	0.5278	51.96	17	3	9	1.0476	1.0196	9.68	0.3433	1.021	1.0417	1.0362	17.95	2.02	0.0	0.9697	1.021	1.0073	1.07	0.05285	60.98	1	1	0	1	1.0	1.0	1.0	2	0.8467	0.1418	0.0115	1.1686	0.0625	1.0625
L014899	control_nontr_sv	mafft_linsi	6.0	166.833	109.5	0.3333	7.0	2	2	2	1.0	1.0	0.0	1.0	1.0	1.0	1.0	0.0	0.0	1.0	0.5455	1.0	1.0	0.0	0.0	0.0	0	0	0	0	1.0	1.0	1.0	1	1.0	0.0	0.0	1.0		
L015126	hotspot_other	mafft_linsi	479.64	3.57	1.0	0.686	666.45	79	29	30	1.3315	1.2915	47.95	0.0467	1.564	1.2517	1.4156	87.92	0.97	2.0	2.0303	1.564	1.4208	48.0	0.62788	2354.23	0	0	0	12	0.0	1.0	1.0	1	0.5664	0.206	0.1084	1.5571	0.25	1.921
L015223	control_vntr_matched	mafft_linsi	74.13	20.49	1.0	0.5392	100.65	73	2	4	1.082	1.0779	22.8	0.24	1.09	1.0093	1.0165	5.96	1.12	5.0	4.697	1.09	1.0675	24.79	0.07894	144.62	0	0	0	0	0.2857	1.0	1.0	5	0.9429	0.0252	0.0319	1.0262	0.0345	1.0603
L015285	control_vntr_correct	mafft_linsi	8.95	112.0	1.0	0.5833	11.56	7	3	4	1.0049	1.0049	0.35	0.0997	1.0049	1.0	1.0	0.0	0.0	1.0	0.5152	1.0049	1.0	0.0	0.00744	7.83	0	0	0	0	1.0	1.0	1.0	1	0.9341	0.0019	0.064	1.0235	0.0139	1.1664
L015331	hotspot_vntr	mafft_linsi	409.1	3.929	1.0	0.6759	565.59	96	29	30	1.1522	1.0863	38.2	0.0343	1.1844	1.1504	1.168	81.61	0.9	3.0	3.2121	1.1844	1.1685	30.82	0.5719	2054.56	0	0	0	1	0.7273	1.0	1.0	5	0.2974	0.0948	0.5997	3.0741	0.1175	3.4165
L015347	hotspot_vntr	mafft_linsi	576.58	3.642	1	0.655	825.83	64	29	29	1.1291	1.1397	76.24	0.0	1.1622	1.1265	1.1755	161.81	1.8	13.0	13.5	1.1622	1.1244	57.08	0.61178	3351.84	67	36	31	2036	0.3188	1.0	1.0	30	0.2078	0.1826	0.6039	3.9403	0.1857	4.1176
L015415	hotspot_vntr	mafft_linsi	173.7	10.579	1.0	0.5553	235.5	37	10	14	1.0488	1.0199	27.33	0.1921	1.0746	1.0578	1.069	65.67	0.18	1.0	1.2727	1.0746	1.0263	12.05	0.30774	846.21	0	0	0	0	0.0	1.0	1.0	2	0.323	0.0885	0.5819	1.7282	0.102	1.9106
L015708	hotspot_other	mafft_linsi	59.05	18.234	1	0.5439	82.87	43	15	24	1.1866	1.0625	4.65	0.1554	1.0535	1.181	1.0758	12.4	0.07	0.0	0.1818	1.0535	1.2529	3.19	0.12404	172.65	2	0	2	3				0	0.5939	0.2394	0.1667	2.0589	0.3878	2.8126
L015743	control_vntr_correct	mafft_linsi	51.96	19.803	1	0.5502	69.91	83	2	7	1.0528	1.0	8.81	0.8431	1.0538	1.1047	1.1075	35.81	0.2	1.0	0.9697	1.0538	1.0059	4.07	0.05876	64.07	1	0	1	2	1.0	1.0	1.0	1	0.3601	0.0952	0.5446	1.1052	0.1006	1.1027
L015847	hotspot_other	mafft_linsi	199.81	5.881	1	0.5974	277.45	51	5	29	1.1389	1.0556	19.09	0.3279	1.212	1.0652	1.1231	21.18	0.48	2.0	2.3333	1.212	1.1119	54.6	0.1281	231.52	0	0	0	39	0.0	1.0	1.0	2	0.6296	0.2778	0.0926	1.8389	0.4792	2.7
L015904	hotspot_other	mafft_linsi	1097.46	3.09	1	0.6731	1570.07	21	33	33	1.3234	1.2792	96.9	0.0214	1.2097	1.2839	1.2108	200.98	3.79	5.0	5.303	1.2097	1.1053	35.67	0.63003	5331.18	54	20	34	389	0.5	1.0	1.0	6	0.5017	0.1973	0.2809	1.7911	0.2703	2.0334
L016040	control_nontr_sv	mafft_linsi	29.25	37.381	1	0.5714	37.6	7	2	4	1.0	1.0	0.0	1.0	1.0	1.0	1.0	0.0	0.0	1.0	0.5152	1.0	1.0	0.0	0.0	0.0	0	0	0	0	1.0	1.0	1.0	1	1.0	0.0	0.0	1.0		
L016062	control_vntr_correct	mafft_linsi	14.07	74.568	1	0.5135	18.63	13	2	4	1.0007	1.0	0.02	0.95	1.0	1.0	1.0	0.0	0.0	1.0	0.5152	1.0	1.0019	0.02	0.02163	24.33	0	0	0	0	1.0	1.0	1.0	1	0.6968	0.0171	0.2861	1.0273	0.0286	1.0467
L016124	control_vntr_matched	mafft_linsi	69.8	14.704	1.0	0.5577	93.15	88	2	6	1.0543	1.0533	3.4	0.2746	1.055	1.0069	1.007	1.21	0.0	0.0	0.9697	1.055	1.0	0.0	0.10321	126.17	0	0	0	0	0.4	1.0	1.0	2	0.9752	0.0149	0.0075	1.0149	0.0	1.0
L016274	control_nontr_sv	mafft_linsi	6.74	254.0	337	0.2	8.09	1	3	3	1.0	1.0	0.0	1.0	1.0	1.0	1.0	0.0	0.0	0.0	0.4242	1.0	1.0	0.0	0.0	0.0	0	0	0	0	1.0	1.0	1.0	1	0.9537	0.0463	0.0	1.0463	0.0	1.0
L016523	control_vntr_correct	mafft_linsi	15.29	68.286	1.0	0.5238	21.11	13	2	12	1.0	1.0	0.0	1.0	1.0	1.0	1.0	0.0	0.5	0.0	0.4848	1.0	1.3057	5.3	0.00512	5.82	0	0	0	0	1.0	1.0	1.0	1	0.9741	0.0219	0.004	1.0219	0.0909	1.0909
L016830	control_vntr_correct	mafft_linsi	38.12	27.29	2	0.4645	51.66	49	3	7	1.0529	1.0476	13.93	0.3252	1.0399	1.0877	1.0553	46.91	0.06	2.0	2.0303	1.0399	1.0257	6.84	0.12025	145.59	0	0	0	1	0.3333	1.0	1.0	4	0.772	0.1782	0.0498	1.189	0.1313	1.1577
L016870	hotspot_other	mafft_linsi	271.34	5.3	1.0	0.5056	377.85	114	4	20	1.0231	1.0417	12.06	0.2335	1.0105	1.022	1.0131	23.77	1.6	2.0	2.5758	1.0105	1.0055	6.22	0.26125	615.65	0	0	0	0	0.5	1.0	1.0	2	0.9515	0.0485	0.0	1.068	0.0435	1.087
L016884	control_vntr_correct	mafft_linsi	249.05	5.197	1.0	0.5843	354.01	15	27	28	1.1511	1.1256	25.74	0.0668	1.1681	1.1112	1.1365	45.74	2.7	1.0	1.0303	1.1681	1.1578	18.5	0.25663	650.76	1	1	0	30	0.0	0.0	1.0	1	0.5692	0.3077	0.1231	1.9455	0.3171	2.3038
L017097	control_nontr_sv	mafft_linsi	66.93	32.059	1	0.6275	89.24	11	6	10	1.0025	1.0012	0.93	0.4393	1.0026	1.0	1.0	0.0	0.0	1.0	0.6364	1.0026	1.0	0.0	0.0	0.0	0	0	0	1	1.0	1.0	1.0	1	1.0	0.0	0.0	1.0	0.0	1.0
L017325	control_vntr_matched	mafft_linsi	92.18	12.162	2	0.4184	129.44	58	22	24	1.0524	1.018	8.67	0.4084	1.0356	1.0452	1.0343	16.47	0.94	3.0	3.0303	1.0356	1.029	18.44	0.28909	451.57	1	1	0	1	0.0	1.0	1.0	3	0.5942	0.224	0.1753	1.2949	0.2222	1.3922
TR101140	control_vntr_matched	mafft_linsi	204.32	6.539	1.0	0.6171	273.78	330	10	12	1.3077	1.0	34.64	0.5651	1.3138	1.2142	1.2137	60.46	0.02	0.0	0.375	1.3138	1.3679	14.72	0.13991	299.59	0	0	0	0				0	0.5805	0.1015	0.2978	1.1107	0.1019	1.1112
TR368009	control_vntr_matched	mafft_linsi	61.38	16.712	1	0.5899	81.72	224	3	6	1.068	1.0	1.99	0.9122	1.0666	1.0586	1.0565	3.77	0.02	0.0	0.0606	1.0666	1.0017	0.02	0.07382	88.65	0	0	0	0				0	0.9653	0.0157	0.0177	1.0161	0.0861	1.0906
TR423938	control_vntr_matched	mafft_linsi	3.99	250.889	286	0.4444	4.88	3	2	3	1.0	1.0	0.0	1.0	1.0	1.0	1.0	0.0	0.0	0.0	0.0303	1.0	1.0	0.0	0.00922	9.31	0	0	0	0				0	0.6528	0.0907	0.2565	1.092	0.1933	1.1967
TR424743	control_vntr_matched	mafft_linsi	247.55	11.311	2.0	0.4932	332.96	84	9	19	1.0376	1.0234	17.28	0.2046	1.0269	1.0701	1.0534	64.65	0.89	1.0	0.6061	1.0269	1.0102	4.65	0.19066	634.56	0	0	0	0				0	0.4119	0.1436	0.4417	1.6695	0.0247	1.362
TR446002	control_vntr_matched	mafft_linsi	10.8	92.84	2	0.4	14.26	6	3	5	1.0024	1.0	0.06	0.8698	1.0014	1.0	1.0	0.0	0.0	0.0	0.0303	1.0014	1.0	0.0	0.00409	4.32	1	1	0	1				0	1.0	0.0	0.0	1.0	0.0	1.0
TR455654	control_vntr_matched	mafft_linsi	17.89	57.14	2	0.4884	24.97	14	3	7	1.0035	1.0	0.08	0.9065	1.0015	1.0033	1.0	0.18	0.0	0.0	0.0303	1.0015	1.1301	0.94	0.00616	6.66	0	0	0	0				0	0.9432	0.0568	0.0	1.0926	0.25	1.25
TR460913	control_vntr_matched	mafft_linsi	27.42	36.778	1.0	0.6111	35.8	12	2	7	1.0015	1.0	0.01	0.9904	1.0	1.002	1.0	0.03	0.0	0.0	0.0	1.0	1.0	0.0	0.01509	17.52	0	0	0	0				0	0.9163	0.0352	0.0485	1.0441	0.1569	1.1961
TR499275	control_vntr_matched	mafft_linsi	6.9	145.167	1.0	0.5333	8.98	10	2	4	1.0	1.0	0.0	1.0	1.0	1.0	1.0	0.0	0.0	0.0	0.0	1.0	1.0	0.0	0.0	0.0	0	0	0	0				0	0.9701	0.0075	0.0224	1.0075	0.0	1.0
TR499276	control_vntr_matched	mafft_linsi	8.92	112.4	1.0	0.675	11.6	13	2	5	1.0	1.0	0.0	1.0	1.0	1.0	1.0	0.0	0.0	0.0	0.0	1.0	1.0	0.0	0.0	0.0	0	0	0	0				0	1.0	0.0	0.0	1.0	0.0	1.0
TR573259	control_vntr_matched	mafft_linsi	50.36	26.959	4	0.4762	69.2	56	2	4	1.0246	1.0	3.14	0.6562	1.0246	1.001	1.0008	0.28	0.0	0.0	0.2424	1.0246	1.0071	0.08	0.12005	189.11	0	0	0	0				0	0.8035	0.079	0.1175	1.114	0.1064	1.2323
TR668316	control_vntr_matched	mafft_linsi	21.22	60.954	1	0.5231	28.73	18	4	13	1.0057	1.0	0.38	0.8129	1.002	1.0045	1.0012	0.61	0.0	0.0	0.3103	1.002	1.0	0.0	0.05643	79.66	0	0	0	0				0	0.4228	0.1014	0.4743	1.1656	0.1014	1.1656
TR687433	control_vntr_matched	mafft_linsi	2.39	419.125	462.5	0.25	2.98	3	2	4	1.0	1.0	0.0	1.0	1.0	1.0	1.0	0.0	0.0	0.0	0.0909	1.0	1.0	0.0	0.0	0.0	1	0	1	1				0	0.6594	0.0034	0.3372	1.0315	0.006	1.0552
TR687489	control_vntr_matched	mafft_linsi	4.39	228.083	2.0	0.5	5.49	4	2	2	1.0	1.0	0.0	1.0	1.0	1.0	1.0	0.0	0.0	0.0	0.0	1.0	1.0	0.0	0.0	0.0	0	0	0	0				0	0.8352	0.0	0.1648	1.0019	0.0	1.0034
TR724750	control_vntr_matched	mafft_linsi	128.61	8.54	1	0.6632	171.93	130	2	4	1.0601	1.0	0.85	0.8507	1.0599	1.0462	1.046	2.0	0.0	0.0	0.0303	1.0599	1.0364	0.06	0.24091	373.74	0	0	0	0				0	0.6382	0.2022	0.1596	1.235	0.2667	1.3415
TR743754	control_vntr_matched	mafft_linsi	15.74	63.848	1.0	0.6087	20.53	11	4	9	1.0067	1.0	0.39	0.8367	1.0019	1.0045	1.0009	0.55	0.0	0.0	0.0909	1.0019	1.0	0.0	0.00031	0.34	0	0	0	0				0	0.9157	0.0651	0.0192	1.067	0.1111	1.1389
TR831034	control_vntr_matched	mafft_linsi	234.5	5.361	1	0.6035	331.4	371	16	27	1.3552	1.1973	25.1	0.187	1.3764	1.1559	1.1632	33.22	1.88	1.0	2.5667	1.3764	3.9657	47.76	0.15667	403.68	6	6	0	28				0	0.8704	0.1296	0.0	1.1296	0.3125	1.3125
L000308	control_vntr_matched	mafft_linsi__all	22.64	44.634	1	0.5484	31.16	22	6	9	1.7697	1.9367	190.01	0.2024	1.0128	1.3918	1.0039	250.11	0.0	1.0	1.9697	1.0128	1.0161	4.58	0.03393	38.46	0	0	0	0	0.5714	1.0	1.0	4	0.9395	0.0435	0.0151	1.0445	0.2812	1.2969
L000407	control_vntr_correct	mafft_linsi__all	10.29	100.786	3.0	0.3929	14.33	7	4	9	1.0492	1.0	1.67	0.9348	1.0656	1.0	1.0	0.0	0.0	1.0	0.5455	1.0656	1.0929	1.8	0.00101	1.1	0	0	0	0	1.0	1.0	1.0	1	0.9881	0.0119	0.0	1.0119	0.0297	1.0297
L000506	control_nontr_sv	mafft_linsi__all	6.2	161.571	33	0.4286	8.86	1	5	5	1.0	1.0	0.0	1.0	1.0	1.0	1.0	0.0	0.0	0.0	0.4545	1.0	1.0	0.0	0.0	0.0	0	0	0	0	1.0	1.0	1.0	1	0.9145	0.0855	0.0	1.1966	0.3333	2.0
L000698	control_vntr_correct	mafft_linsi__all	15.47	81.704	2.5	0.5	21.78	15	4	9	1.061	1.0	2.07	0.8088	1.1001	1.0281	1.0471	2.07	0.04	2.0	2.0303	1.1001	1.1892	40.28	0.0122	16.33	0	0	0	0	1.0	1.0	1.0	2	0.8931	0.0298	0.0771	1.0392	0.1429	1.1429
L000709	control_vntr_matched	mafft_linsi__all	1.92	522.0	23.0	0.5	2.4	4	2	3	1.0	1.0	0.0	1.0	1.0	1.0	1.0	0.0	0.0	0.0	0.4545	1.0	1.0	0.0	0.0	0.0	4	0	4	4	1.0	1.0	1.0	1	0.9732	0.0095	0.0173	1.0095	0.0	1.0
L001491	control_vntr_correct	mafft_linsi__all	114.22	12.604	1	0.6115	153.66	44	3	9	1.0418	1.0393	9.33	0.3232	1.039	1.0718	1.0729	33.72	0.99	1.0	0.5152	1.039	1.0	0.0	0.09007	184.06	2	2	0	3	1.0	1.0	1.0	2	0.9091	0.0352	0.0352	1.0368	0.0325	1.0342
L001527	control_nontr_sv	mafft_linsi__all	36.19	27.927	1	0.6098	52.07	9	10	12	1.0001	1.0	0.02	0.981	1.0	1.0	1.0	0.0	0.0	0.0	0.2727	1.0	1.0	0.0	0.0	0.0	0	0	0	0	1.0	1.0	1.0	1	0.9703	0.0297	0.0	1.1683	0.0	1.0
L001894	control_vntr_matched	mafft_linsi__all	40.55	25.427	1.0	0.5687	54.48	59	3	5	1.064	1.0	1.84	0.6814	1.2695	1.0385	1.0999	2.52	0.03	1.0	1.0	1.2695	6.9312	30.74	0.03908	46.9	0	0	0	0	0.5	0.5		1	0.9781	0.0191	0.0021	1.0198	0.1667	1.1667
L001899	control_vntr_matched	mafft_linsi__all	61.26	17.3	1.0	0.5167	84.74	24	3	9	1.0282	1.0	2.72	0.8043	1.0094	1.0222	1.0043	4.56	1.32	1.0	0.6061	1.0094	1.0165	0.95	0.14378	181.21	0	0	0	0	1.0	1.0	1.0	1	0.5957	0.1696	0.2348	1.352	0.226	1.4929
L001922	control_vntr_correct	mafft_linsi__all	71.15	14.631	1.0	0.5635	95.99	27	10	12	1.0369	1.0382	11.42	0.3742	1.0374	1.0776	1.0769	48.36	0.93	0.0	1.1515	1.0374	1.0055	1.01	0.18821	246.19	0	0	0	0	0.0	1.0	1.0	3	0.4797	0.2196	0.2888	1.3979	0.1714	1.5634
L002292	control_nontr_sv	mafft_linsi__all	78.33	13.485	2	0.4795	104.9	54	4	6	1.0887	1.0887	67.1	0.188	1.0885	1.1573	1.1566	239.72	5.12	0.0	0.9091	1.0885	1.0325	11.8	0.1087	126.43	0	0	0	0	0.6667	1.0	1.0	2	0.9036	0.0964	0.0	1.1285		
L003119	control_vntr_correct	mafft_linsi__all	6.19	162.111	5.0	0.3333	8.25	6	2	6	1.0024	1.0	0.24	0.827	1.0024	1.0088	1.009	1.81	0.29	2.0	1.9394	1.0024	1.0005	0.23	0.01447	14.78	0	0	0	0	0.6667	1.0	1.0	2	0.3278	0.1093	0.5629	1.1242	0.125	1.1531
L003171	control_nontr_sv	mafft_linsi__all	11.28	88.917	47.5	0.5	14.1	4	2	2	1.003	1.003	1.11	0.0	1.003	1.0	1.0	0.0	0.0	1.0	1.0	1.003	1.0	0.0	0.0	0.0	0	0	0	0	1.0	1.0	1.0	1	1.0	0.0	0.0	1.0	0.0	1.0
L003672	control_vntr_correct	mafft_linsi__all	24.0	43.629	1.0	0.5161	32.52	22	2	7	1.3192	1.3211	24.06	0.2361	1.3219	1.0584	1.0588	12.07	0.0	0.0	1.4545	1.3219	3.0904	40.56	0.04067	47.23	0	0	0	0	0.4	1.0	1.0	3	0.8097	0.1415	0.0487	1.1481	0.3519	1.4043
L003695	hotspot_other	mafft_linsi__all	124.15	10.815	1	0.5127	174.27	7	12	12	1.1812	1.2367	26.33	0.1463	1.4331	1.1748	1.3693	57.82	7.21	1.0	1.0606	1.4331	1.4597	52.45	0.26422	467.72	0	0	0	0	0.4	1.0	1.0	2	0.5331	0.1436	0.3204	1.7224	0.1815	1.9604
L003872	control_vntr_matched	mafft_linsi__all	116.07	9.259	2	0.4636	159.05	71	6	7	1.2063	1.213	20.6	0.2119	1.1723	1.1194	1.099	35.23	0.96	1.0	1.0	1.1723	1.6535	21.68	0.07735	114.04	0	0	0	0	1.0	1.0	1.0	2	0.9347	0.0634	0.0	1.0635	0.0204	1.0204
L003883	control_nontr_sv	mafft_linsi__all	356.28	13.247	1	0.5051	474.64	92	3	3	1.0617	1.0617	71.87	0.0525	1.0617	1.1331	1.1332	310.91	4.85	1.0	0.5152	1.0617	1.0021	1.97	0.08351	423.91	0	0	0	0	1.0	1.0	1.0	1	0.9314	0.0686	0.0	1.0686	0.3333	1.3333
L004620	control_nontr_sv	mafft_linsi__all	11.32	88.545	6	0.4545	14.4	3	3	5	1.0002	1.0	0.06	0.9494	1.0032	1.0004	1.0063	0.25	0.0	1.0	0.5152	1.0032	1.0	0.0	0.0	0.0	0	0	0	0	1.0	1.0	1.0	1	0.9531	0.0469	0.0	1.0469	0.0	1.0
L004989	hotspot_other	mafft_linsi__all	399.89	3.459	1	0.7177	573.41	20	29	29	1.3103	1.2083	61.56	0.0198	1.1264	1.2635	1.14	120.46	6.89	2.0	1.7879	1.1264	1.0747	25.8	0.44581	1171.3	8	3	5	88	0.4444	1.0	1.0	6	0.6443	0.1141	0.2282	1.6832	0.1566	2.0694
L005261	hotspot_other	mafft_linsi__all	474.97	6.145	1.0	0.5147	697.32	27	19	26	1.0435	1.0222	17.31	0.0799	1.0194	1.0646	1.0456	53.9	1.65	3.0	2.4242	1.0194	1.0025	1.02	0.47	2443.54	27	26	1	146	0.0	1.0	1.0	5	0.7403	0.1645	0.0909	1.3069	0.2685	1.5755
L005688	control_nontr_sv	mafft_linsi__all	178.37	7.969	1	0.6299	238.76	39	3	5	1.0235	1.0241	5.03	0.3571	1.0236	1.0	1.0	0.0	0.0	1.0	0.8182	1.0236	1.0158	4.01	0.0	0.0	0	0	0	0	1.0	1.0	1.0	1	1.0	0.0	0.0	1.0	0.0	1.0
L006556	control_nontr_sv	mafft_linsi__all	150.11	7.058	1	0.6547	200.86	46	3	4	1.1828	1.183	62.98	0.1373	1.1885	1.3519	1.3623	247.41	1.12	1.0	0.5152	1.1885	1.0393	7.29	0.22851	318.57	0	0	0	0	1.0	1.0	1.0	1	0.9462	0.0538	0.0	1.0538	0.0	1.0
L006952	hotspot_vntr	mafft_linsi__all	782.36	2.102	1.0	0.6846	1081.98	4	28	28	1.0381	1.0112	23.57	0.1907	1.1441	1.0475	1.1474	61.01	1.01	1.0	2.2727	1.1441	1.0986	48.33	0.76575	5574.7	7	5	2	30	0.3333	1.0	1.0	2	0.5509	0.2038	0.0717	1.7396	0.2061	2.0032
L007065	control_vntr_matched	mafft_linsi__all	41.37	24.977	1.0	0.6023	55.48	53	8	9	1.0276	1.0	1.62	0.9158	1.0229	1.0495	1.0405	5.93	0.02	1.0	0.5455	1.0229	1.0094	0.23	0.07037	80.63	0	0	0	0	1.0	1.0	1.0	1	0.9155	0.0741	0.0104	1.0757	0.0769	1.0769
L007161	hotspot_other	mafft_linsi__all	302.96	3.892	1.0	0.7097	418.51	77	17	25	1.4524	1.3897	71.02	0.2299	1.6635	1.3342	1.4332	142.77	2.96	2.0	3.4848	1.6635	1.5065	59.12	0.29777	596.15	0	0	0	0	0.5333	1.0	1.0	7	0.5956	0.0944	0.293	1.2314	0.0685	1.3138
L007184	hotspot_other	mafft_linsi__all	91.12	11.432	2.0	0.4322	132.82	3	19	21	1.1375	1.037	25.86	0.1835	1.0178	1.1205	1.0241	48.59	0.64	1.0	1.5152	1.0178	1.0111	3.52	0.11632	166.8	0	0	0	8	0.0	1.0	1.0	5	0.7232	0.0893	0.1786	1.291	0.1852	1.8003
L007192	control_nontr_sv	mafft_linsi__all	30.66	44.381	1	0.619	42.34	4	6	11	1.0	1.0	0.0	1.0	1.0	1.0	1.0	0.0	0.38	0.0	0.2424	1.0	1.0	0.0	0.0109	16.06	0	0	0	0	1.0	1.0	1.0	1	0.9204	0.0796	0.0	1.2212	0.4444	2.3333
L007480	hotspot_other	mafft_linsi__all	280.97	7.979	1.0	0.6709	393.6	9	20	21	1.1113	1.0925	33.18	0.0352	1.1698	1.1321	1.198	82.07	6.15	3.0	3.0606	1.1698	1.1381	35.82	0.32606	1080.02	1	1	0	61	0.0	1.0	1.0	1	0.5109	0.1501	0.3341	1.7975	0.1978	2.1214
L007687	control_vntr_matched	mafft_linsi__all	77.5	14.361	1	0.6	103.97	58	3	10	1.0454	1.0	3.57	0.7854	1.017	1.0437	1.0215	7.23	0.16	1.0	0.7273	1.017	1.0599	2.59	0.16868	237.81	0	0	0	0	0.6667	1.0	1.0	2	0.7724	0.1182	0.1072	1.17	0.1923	1.3462
L008216	hotspot_vntr	mafft_linsi__all	146.34	7.719	1.0	0.6324	200.13	40	19	21	1.103	1.027	14.5	0.0836	1.1929	1.0903	1.1334	29.01	3.15	2.0	2.0	1.1929	1.4223	40.38	0.27337	518.88	1	1	0	1	1.0	1.0	1.0	4	0.5375	0.2135	0.2491	1.6802	0.2387	1.7977
L008631	control_nontr_sv	mafft_linsi__all	19.91	74.286	3.5	0.4286	28.45	3	6	8	1.0	1.0	0.0	1.0	1.0	1.0	1.0	0.0	0.0	0.0	0.1818	1.0	1.0	0.0	0.0	0.0	0	0	0	0	1.0	1.0	1.0	1	0.9139	0.0861	0.0	1.2185	0.1282	1.4615
L008887	control_vntr_correct	mafft_linsi__all	14.66	77.868	1.0	0.5263	19.68	14	2	7	1.0067	1.0	0.09	0.9063	1.0077	1.0021	1.0027	0.06	0.0	2.0	2.0	1.0077	1.0094	1.2	0.01559	18.9	0	0	0	0	1.0	1.0	1.0	2	0.9684	0.0111	0.0205	1.0143	0.0455	1.1288
L008902	control_vntr_correct	mafft_linsi__all	59.66	18.286	2.0	0.494	82.74	63	2	7	1.2707	1.2909	16.12	0.191	1.0303	1.0424	1.0288	8.43	0.26	1.0	1.0	1.0303	1.4889	15.11	0.02853	39.42	0	0	0	0	1.0	1.0	1.0	2	0.9753	0.0141	0.0088	1.0186	0.0909	1.2273
L009283	control_nontr_sv	mafft_linsi__all	19.13	52.533	1	0.5333	24.23	5	2	4	1.0078	1.0074	1.17	0.1933	1.0074	1.0	1.0	0.0	0.0	0.0	0.4848	1.0074	1.0	0.0	0.0	0.0	0	0	0	0	1.0	1.0	1.0	1	1.0	0.0	0.0	1.0	0.0	1.0
L009398	hotspot_vntr	mafft_linsi__all	98.92	11.503	2	0.399	138.9	14	24	25	1.0328	1.0182	11.67	0.0426	1.0379	1.0315	1.0409	23.17	2.04	1.0	0.7812	1.0379	1.0228	6.72	0.28035	443.87	9	9	0	63	0.8	1.0	1.0	2	0.5	0.1056	0.3889	2.0192	0.1268	2.258
L009600	control_nontr_sv	mafft_linsi__all	2.96	372.333	409	0.0	2.96	1	2	2	1.0	1.0	0.0	1.0	1.0	1.0	1.0	0.0	0.0	1.0	1.0	1.0	1.0	0.0	0.0	0.0	0	0	0	0	1.0	1.0	1.0	1	1.0	0.0	0.0	1.0	0.0	1.0
L009770	control_vntr_matched	mafft_linsi__all	14.31	70.179	1	0.597	19.01	14	5	7	1.007	1.0	0.8	0.6393	1.003	1.0047	1.0018	1.11	0.0	1.0	1.0606	1.003	1.0	0.0	0.04455	48.48	0	0	0	0	1.0	1.0	1.0	1	0.7776	0.0273	0.1951	1.0378	0.0813	1.1271
L009771	control_vntr_correct	mafft_linsi__all	10.24	107.25	10.5	0.5	12.8	4	2	2	1.0	1.0	0.0	1.0	1.0	1.0	1.0	0.0	0.0	1.0	1.0	1.0	1.0	0.0	0.00075	0.85	0	0	0	0	1.0	1.0	1.0	1	0.989	0.011	0.0	1.011	0.0	1.0
L010113	control_vntr_correct	mafft_linsi__all	13.66	73.951	1	0.5854	18.32	14	2	8	1.0	1.0	0.0	1.0	1.0	1.0	1.0	0.0	0.01	0.0	0.4848	1.0	1.0	0.0	0.01447	15.66	0	0	0	0	1.0	1.0	1.0	1	0.9357	0.0508	0.0135	1.0513	0.0909	1.101
L010452	control_nontr_sv	mafft_linsi__all	11.21	96.0	13	0.4444	13.7	3	2	2	1.0	1.0	0.0	1.0	1.0	1.0	1.0	0.0	0.0	1.0	0.9697	1.0	1.0	0.0	0.0	0.0	0	0	0	0	1.0	1.0	1.0	1	1.0	0.0	0.0	1.0	0.0	1.0
L010508	control_vntr_correct	mafft_linsi__all	14.74	69.481	1.0	0.5769	19.56	18	2	11	1.0023	1.0	0.03	0.9956	1.0007	1.0014	1.0	0.04	0.0	1.0	0.5152	1.0007	1.125	1.2	0.00383	4.25	0	0	0	0	1.0	1.0	1.0	1	0.9841	0.0111	0.0048	1.0111	0.0333	1.0333
L011121	control_vntr_correct	mafft_linsi__all	45.47	25.336	1.0	0.5431	61.15	8	6	10	1.0322	1.0	1.87	0.8827	1.1504	1.0255	1.1215	3.1	0.07	1.0	1.0909	1.1504	1.1722	20.81	0.04367	58.8	0	0	0	0	1.0	1.0	1.0	1	0.9272	0.0224	0.0485	1.0233	0.0411	1.0431
L011224	control_vntr_correct	mafft_linsi__all	67.91	18.686	1	0.5143	92.36	40	2	13	1.0368	1.0224	4.67	0.2306	1.0234	1.0275	1.0254	7.73	0.95	1.0	1.0	1.0234	1.009	0.85	0.03117	48.51	1	0	1	1	1.0	1.0	1.0	2	0.8076	0.0252	0.1655	1.0359	0.0174	1.0691
L011227	control_vntr_matched	mafft_linsi__all	11.9	107.93	18	0.4186	16.33	15	2	11	1.1132	1.0	5.87	0.7833	1.0825	1.0541	1.0615	6.23	0.0	1.0	0.6061	1.0825	1.107	3.18	0.07357	97.98	0	0	0	0	1.0	1.0	1.0	1	0.6413	0.0152	0.3359	1.0863	0.0161	1.1432
L011430	control_vntr_matched	mafft_linsi__all	104.61	10.26	2.0	0.4852	146.39	81	7	13	1.2138	1.1979	10.6	0.2004	1.1217	1.0807	1.0563	11.25	0.87	0.0	0.5152	1.1217	1.7898	21.41	0.1984	298.98	0	0	0	0	1.0	1.0	1.0	1	0.8056	0.1488	0.0258	1.1761	0.3739	1.5
L011931	control_nontr_sv	mafft_linsi__all	24.87	76.208	2.0	0.5	35.23	4	8	8	1.0012	1.0012	0.49	0.2684	1.0012	1.0	1.0	0.0	0.0	1.0	0.5152	1.0012	1.0	0.0	0.0	0.0	0	0	0	0	1.0	1.0	1.0	1	0.9783	0.0217	0.0	1.0652	0.0	1.0
L012313	control_vntr_matched	mafft_linsi__all	21.26	48.324	1.0	0.6176	27.82	21	4	14	1.0653	1.0	1.59	0.8873	1.3288	1.0004	1.0	0.02	0.0	2.0	1.6364	1.3288	2.3528	25.55	0.01118	12.82	1	1	0	1	1.0	1.0	1.0	2	0.8748	0.0541	0.0711	1.0541	0.042	1.042
L012530	control_nontr_sv	mafft_linsi__all	28.28	35.727	1.5	0.5	37.28	7	3	7	1.0	1.0	0.0	1.0	1.0	1.0	1.0	0.0	0.0	0.0	0.4848	1.0	1.0345	2.58	0.0	0.0	0	0	0	0	1.0	1.0	1.0	1	0.9355	0.0645	0.0	1.0645		
L013074	control_vntr_correct	mafft_linsi__all	4.68	214.281	1.0	0.5312	5.99	11	2	3	1.0025	1.0	0.73	0.8675	1.0025	1.0026	1.0026	1.54	0.0	1.0	1.0	1.0025	1.0	0.0	0.00171	1.75	0	0	0	0	1.0	1.0	1.0	1	0.9976	0.0	0.0	1.0	0.0	1.0
L013399	control_nontr_sv	mafft_linsi__all	9.12	239.833	167.5	0.3333	10.64	2	2	3	1.0	1.0	0.0	1.0	1.0	1.0	1.0	0.0	0.0	1.0	0.7879	1.0	1.0	0.0	0.0	0.0	0	0	0	0	1.0	1.0	1.0	1	0.9957	0.0043	0.0	1.0043	0.0	1.0
L014111	control_vntr_matched	mafft_linsi__all	41.51	25.063	1	0.5771	55.98	62	3	4	1.1533	1.1424	9.72	0.1599	1.1577	1.056	1.0573	9.63	0.0	2.0	1.0606	1.1577	4.6202	29.44	0.02681	33.44	0	0	0	0	1.0	1.0	1.0	2	0.997	0.0015	0.0	1.0015	0.0	1.0
L014181	control_vntr_matched	mafft_linsi__all	59.2	18.125	1.5	0.5	80.6	75	2	5	1.0444	1.03	5.27	0.4841	1.0587	1.0135	1.0245	3.57	0.12	1.0	1.2727	1.0587	1.0664	3.92	0.09918	127.38	0	0	0	0	1.0	1.0	1.0	1	0.7723	0.1411	0.0824	1.1619	0.3438	1.4032
L014324	control_vntr_correct	mafft_linsi__all	67.22	17.905	1	0.6154	89.9	56	3	6	1.0502	1.0131	4.9	0.3871	1.0175	1.0914	1.0106	18.44	0.08	1.0	0.9394	1.0175	1.011	1.71	0.19895	301.51	0	0	0	0	1.0	1.0	1.0	1	0.5216	0.3849	0.0935	1.4497	0.346	1.4398
L014426	control_vntr_correct	mafft_linsi__all	39.77	25.467	1	0.5067	54.61	18	3	9	1.0576	1.0196	11.73	0.3041	1.0269	1.0519	1.0523	22.3	0.65	0.0	0.9697	1.0269	1.0073	1.07	0.0511	58.85	1	1	0	1	1.0	1.0	1.0	2	0.8314	0.1571	0.0115	1.1839	0.125	1.125
L014899	control_nontr_sv	mafft_linsi__all	6.0	166.833	109.5	0.3333	7.0	2	2	2	1.0	1.0	0.0	1.0	1.0	1.0	1.0	0.0	0.0	1.0	0.5455	1.0	1.0	0.0	0.0	0.0	0	0	0	0	1.0	1.0	1.0	1	1.0	0.0	0.0	1.0		
L015223	control_vntr_matched	mafft_linsi__all	71.58	21.188	1	0.5279	97.38	71	2	4	1.0805	1.0779	22.37	0.24	1.0854	1.0061	1.0073	3.94	1.12	5.0	4.697	1.0854	1.0677	24.86	0.0793	145.35	0	0	0	0	0.2857	1.0	1.0	5	0.9429	0.0252	0.0319	1.0262	0.0345	1.0603
L015285	control_vntr_correct	mafft_linsi__all	8.95	112.0	1.0	0.5833	11.56	7	3	4	1.0049	1.0049	0.35	0.0997	1.0049	1.0	1.0	0.0	0.0	1.0	0.5152	1.0049	1.0	0.0	0.00744	7.83	0	0	0	0	1.0	1.0	1.0	1	0.9341	0.0019	0.064	1.0235	0.0139	1.1664
L015415	hotspot_vntr	mafft_linsi__all	178.17	11.035	1	0.5491	244.42	51	11	14	1.0216	1.0139	12.09	0.0661	1.0485	1.0317	1.0492	36.05	4.07	1.0	3.0909	1.0485	1.003	1.36	0.34811	1016.48	0	0	0	0	0.3158	1.0	1.0	9	0.3319	0.0796	0.5819	1.9135	0.0987	2.1504
L015743	control_vntr_correct	mafft_linsi__all	52.8	19.502	1	0.5494	70.95	82	2	7	1.0548	1.0769	9.15	0.2377	1.054	1.1051	1.1082	35.96	0.42	1.0	0.9697	1.054	1.0063	4.4	0.06109	66.78	1	0	1	2	1.0	1.0	1.0	1	0.3601	0.0952	0.5446	1.0962	0.1006	1.1027
L016040	control_nontr_sv	mafft_linsi__all	29.25	37.381	1	0.5714	37.6	7	2	4	1.0	1.0	0.0	1.0	1.0	1.0	1.0	0.0	0.0	1.0	0.5152	1.0	1.0	0.0	0.0	0.0	0	0	0	0	1.0	1.0	1.0	1	1.0	0.0	0.0	1.0		
L016062	control_vntr_correct	mafft_linsi__all	13.69	76.639	1.0	0.5278	18.25	12	3	4	1.0	1.0	0.0	1.0	1.0	1.0	1.0	0.0	0.02	1.0	0.5152	1.0	1.0019	0.02	0.02787	31.56	0	0	0	0	1.0	1.0	1.0	1	0.6895	0.0244	0.2861	1.0324	0.0429	1.0562
L016124	control_vntr_matched	mafft_linsi__all	69.8	14.704	1.0	0.5577	93.15	88	2	6	1.0543	1.0533	3.4	0.2746	1.055	1.0069	1.007	1.21	0.0	0.0	0.9697	1.055	1.0	0.0	0.10321	126.17	0	0	0	0	0.4	1.0	1.0	2	0.9752	0.0149	0.0075	1.0149	0.0	1.0
L016274	control_nontr_sv	mafft_linsi__all	6.74	254.0	337	0.2	8.09	1	3	3	1.0	1.0	0.0	1.0	1.0	1.0	1.0	0.0	0.0	0.0	0.4242	1.0	1.0	0.0	0.0	0.0	0	0	0	0	1.0	1.0	1.0	1	0.9537	0.0463	0.0	1.0463	0.0	1.0
L016523	control_vntr_correct	mafft_linsi__all	15.29	68.286	1.0	0.5238	21.11	13	2	12	1.0	1.0	0.0	1.0	1.0	1.0	1.0	0.0	0.5	0.0	0.4848	1.0	1.3057	5.3	0.00512	5.82	0	0	0	0	1.0	1.0	1.0	1	0.9741	0.0219	0.004	1.0219	0.0909	1.0909
L017097	control_nontr_sv	mafft_linsi__all	66.93	32.059	1	0.6275	89.24	11	6	10	1.0025	1.0012	0.93	0.4393	1.0026	1.0	1.0	0.0	0.0	1.0	0.6364	1.0026	1.0	0.0	0.0	0.0	0	0	0	1	1.0	1.0	1.0	1	1.0	0.0	0.0	1.0	0.0	1.0
TR423938	control_vntr_matched	mafft_linsi__all	93.09	11.129	1.0	0.581	125.0	73	2	3	1.2349	1.2349	18.23	0.4923	1.2349	1.5608	1.5608	88.35	0.93	0.0	0.0606	1.2349	1.0182	0.08	0.21822	279.26	0	0	0	0				0	0.443	0.3005	0.2565	1.3115	0.0867	1.1083
TR446002	control_vntr_matched	mafft_linsi__all	10.8	92.84	2	0.4	14.26	6	3	5	1.0024	1.0	0.06	0.8698	1.0014	1.0	1.0	0.0	0.0	0.0	0.0303	1.0014	1.0	0.0	0.00409	4.32	1	1	0	1				0	1.0	0.0	0.0	1.0	0.0	1.0
TR455654	control_vntr_matched	mafft_linsi__all	17.89	57.14	2	0.4884	24.97	14	3	7	1.0035	1.0	0.08	0.9065	1.0015	1.0033	1.0	0.18	0.0	0.0	0.0303	1.0015	1.1301	0.94	0.00616	6.66	0	0	0	0				0	0.9432	0.0568	0.0	1.0926	0.25	1.25
TR460913	control_vntr_matched	mafft_linsi__all	36.56	27.667	1.0	0.625	47.98	16	2	7	1.0977	1.0	0.49	0.8421	1.0952	1.135	1.1311	1.96	0.0	0.0	0.0	1.0952	1.0	0.0	0.053	63.98	0	0	0	0				0	0.8767	0.0749	0.0485	1.0947	0.2745	1.3627
TR499275	control_vntr_matched	mafft_linsi__all	6.9	145.167	1.0	0.5333	8.98	10	2	4	1.0	1.0	0.0	1.0	1.0	1.0	1.0	0.0	0.0	0.0	0.0	1.0	1.0	0.0	0.0	0.0	0	0	0	0				0	0.9701	0.0075	0.0224	1.0075	0.0	1.0
TR499276	control_vntr_matched	mafft_linsi__all	8.92	112.4	1.0	0.675	11.6	13	2	5	1.0	1.0	0.0	1.0	1.0	1.0	1.0	0.0	0.0	0.0	0.0	1.0	1.0	0.0	0.0	0.0	0	0	0	0				0	1.0	0.0	0.0	1.0	0.0	1.0
TR573259	control_vntr_matched	mafft_linsi__all	78.45	17.502	1	0.5415	107.57	79	2	4	1.0726	1.0	9.25	0.6562	1.0729	1.0865	1.087	24.49	0.67	0.0	0.1515	1.0729	1.0356	0.41	0.16612	276.12	0	0	0	0				0	0.8035	0.079	0.1175	1.1251	0.1064	1.2801
TR668316	control_vntr_matched	mafft_linsi__all	24.16	53.73	3.5	0.5	32.97	18	4	13	1.017	1.0	1.12	0.8129	1.0129	1.0173	1.0134	2.33	1.94	0.0	0.2759	1.0129	1.0105	0.29	0.06529	93.05	0	0	0	0				0	0.4477	0.0764	0.4743	1.2262	0.0764	1.2262
TR687433	control_vntr_matched	mafft_linsi__all	31.62	32.594	1.0	0.5566	42.06	36	2	4	1.2086	1.0712	21.35	0.3333	1.209	1.2874	1.288	59.46	0.0	0.0	0.1515	1.209	1.1333	1.18	0.11949	135.74	1	0	1	1				0	0.5638	0.099	0.3372	1.2645	0.1737	1.4579
TR687489	control_vntr_matched	mafft_linsi__all	4.39	228.083	2.0	0.5	5.49	4	2	2	1.0	1.0	0.0	1.0	1.0	1.0	1.0	0.0	0.0	0.0	0.0	1.0	1.0	0.0	0.0	0.0	0	0	0	0				0	0.8352	0.0	0.1648	1.0019	0.0	1.0034
TR724750	control_vntr_matched	mafft_linsi__all	131.63	8.352	1.0	0.6633	175.96	133	2	4	1.0706	1.0	1.0	0.8507	1.0704	1.06	1.0598	2.6	0.0	0.0	0.0303	1.0704	1.0364	0.06	0.24726	386.84	0	0	0	0				0	0.6382	0.2022	0.1596	1.235	0.2667	1.3415
TR743754	control_vntr_matched	mafft_linsi__all	15.74	63.848	1.0	0.6087	20.53	11	4	9	1.0067	1.0	0.39	0.8367	1.0019	1.0045	1.0009	0.55	0.0	0.0	0.0909	1.0019	1.0	0.0	0.00031	0.34	0	0	0	0				0	0.9157	0.0651	0.0192	1.067	0.1111	1.1389
L000034	hotspot_vntr	mafft_einsi	301.67	6.085	1.0	0.5282	418.43	86	30	32	1.3775	1.24	66.55	0.127	1.318	1.2281	1.1946	108.4	1.27	2.0	2.0606	1.318	1.3635	43.05	0.34584	1035.34	64	21	43	321	0.3529	1.0	1.0	5	0.6829	0.1366	0.1727	1.2467	0.1671	1.3146
L000289	hotspot_vntr	mafft_einsi	730.08	2.564	1	0.7593	1083.29	31	34	34	1.1327	1.1204	69.22	0.0036	1.1215	1.1216	1.1127	140.77	2.23	8.0	7.8485	1.1215	1.052	25.53	0.77295	7387.94	14	11	3	690	0.3333	1.0	1.0	17	0.7141	0.0669	0.2006	1.4389	0.0816	1.5881
L000308	control_vntr_matched	mafft_einsi	22.64	44.634	1	0.5484	31.16	22	6	9	1.7697	1.9367	190.01	0.2024	1.0128	1.3901	1.0027	249.06	0.0	1.0	1.5455	1.0128	1.0161	4.58	0.03101	35.05	0	0	0	0	1.0	1.0	1.0	3	0.9414	0.0416	0.0151	1.0426	0.2812	1.2969
L000381	control_vntr_matched	mafft_einsi	29.64	34.908	1.0	0.6214	39.72	70	3	8	1.0169	1.0	0.12	0.8726	1.0236	1.0062	1.0087	0.11	0.0	1.0	1.0303	1.0236	1.7263	13.45	0.00872	10.51	0	0	0	1	1.0	1.0	1.0	1	0.994	0.0053	0.0	1.0053	0.0303	1.0312
L000407	control_vntr_correct	mafft_einsi	10.29	100.786	3.0	0.3929	14.33	7	4	9	1.0492	1.0	1.67	0.9348	1.0656	1.0	1.0	0.0	0.0	1.0	0.5455	1.0656	1.0929	1.8	0.00101	1.1	0	0	0	0	1.0	1.0	1.0	1	0.9881	0.0119	0.0	1.0119	0.0297	1.0297
L000506	control_nontr_sv	mafft_einsi	6.2	161.571	33	0.4286	8.86	1	5	5	1.0	1.0	0.0	1.0	1.0	1.0	1.0	0.0	0.0	0.0	0.4545	1.0	1.0	0.0	0.0	0.0	0	0	0	0	1.0	1.0	1.0	1	0.9145	0.0855	0.0	1.1966	0.3333	2.0
L000698	control_vntr_correct	mafft_einsi	16.05	78.732	1.0	0.5179	22.35	16	4	9	1.0564	1.0	1.92	0.8088	1.0924	1.0227	1.038	1.67	0.0	2.0	2.0303	1.0924	1.1796	38.23	0.01135	15.19	0	0	0	0	1.0	1.0	1.0	2	0.8917	0.0311	0.0771	1.0406	0.1429	1.1429
L000709	control_vntr_matched	mafft_einsi	1.92	522.0	23.0	0.5	2.4	4	2	3	1.0	1.0	0.0	1.0	1.0	1.0	1.0	0.0	0.0	0.0	0.4545	1.0	1.0	0.0	0.0	0.0	4	0	4	4	1.0	1.0	1.0	1	0.9732	0.0095	0.0173	1.0095	0.0	1.0
L001084	hotspot_vntr	mafft_einsi	368.03	10.091	1.0	0.7565	508.69	30	33	33	1.1488	1.0646	71.64	0.0	1.1678	1.1486	1.1598	148.06	2.49	8.0	8.0909	1.1678	1.1386	47.75	0.55514	3497.66	1	0	1	358	0.2857	1.0	1.0	16	0.2912	0.0701	0.636	3.1243	0.0775	3.1577
L001264	hotspot_vntr	mafft_einsi	891.11	3.152	1.0	0.7034	1268.61	35	34	34	1.1441	1.1275	78.17	0.0	1.1729	1.1339	1.1538	157.79	3.58	10.0	9.6667	1.1729	1.1245	46.98	0.68924	6787.43	14	1	13	749	0.4211	1.0	1.0	23	0.3393	0.0842	0.5587	3.2801	0.0886	3.6647
L001491	control_vntr_correct	mafft_einsi	80.53	17.724	1.0	0.6327	107.64	31	4	9	1.0149	1.0109	3.32	0.3232	1.0107	1.0019	1.0	0.88	0.0	1.0	0.5152	1.0107	1.0	0.0	0.02625	50.12	2	2	0	3	1.0	1.0	1.0	1	0.9443	0.0	0.0352	1.0	0.0	1.0
L001527	control_nontr_sv	mafft_einsi	36.19	27.927	1	0.6098	52.07	9	10	12	1.0001	1.0	0.02	0.981	1.0	1.0	1.0	0.0	0.0	0.0	0.2727	1.0	1.0	0.0	0.0	0.0	0	0	0	0	1.0	1.0	1.0	1	0.9703	0.0297	0.0	1.1683	0.0	1.0
L001894	control_vntr_matched	mafft_einsi	48.91	21.193	1.0	0.5823	65.78	84	3	5	1.0042	1.0	0.12	0.6814	1.0157	1.0025	1.0085	0.16	0.0	0.0	0.0606	1.0157	4.1703	16.43	0.0524	63.77	0	0	0	0	0.0	0.0		0	0.9866	0.0106	0.0021	1.0106	0.0	1.0
L001899	control_vntr_matched	mafft_einsi	61.26	17.258	1.5	0.5	84.23	26	3	9	1.0379	1.0	3.66	0.8043	1.0151	1.0373	1.0135	7.66	1.9	1.0	0.6061	1.0151	1.0198	1.14	0.15237	193.98	0	0	0	0	1.0	1.0	1.0	1	0.5957	0.1696	0.2348	1.3686	0.226	1.5189
L001922	control_vntr_correct	mafft_einsi	21.17	48.253	2	0.4933	28.8	3	12	12	1.0091	1.0007	2.81	0.3982	1.0031	1.0074	1.0017	4.58	0.14	0.0	0.4242	1.0031	1.0055	1.01	0.02489	27.1	0	0	0	0	1.0	1.0	1.0	1	0.6325	0.0668	0.2888	1.1582	0.0714	1.2347
L002013	hotspot_vntr	mafft_einsi	739.79	4.101	1	0.656	1070.08	8	32	32	1.1727	1.1186	90.24	0.0018	1.2025	1.1591	1.1825	177.91	6.02	6.0	7.9394	1.2025	1.2192	74.99	0.55103	3921.71	14	10	4	1172	0.3902	1.0	1.0	26	0.2977	0.0504	0.6443	1.9465	0.0496	2.0461
L002096	hotspot_vntr	mafft_einsi	297.33	8.423	1.0	0.6051	418.9	88	29	33	1.2055	1.0571	47.73	0.0732	1.0921	1.1763	1.0635	87.97	5.12	7.0	7.2424	1.0921	1.044	21.31	0.3628	1374.09	4	4	0	39	0.3333	1.0	1.0	10	0.2819	0.1005	0.598	1.5095	0.0971	1.5945
L002143	hotspot_vntr	mafft_einsi	93.49	13.426	1.0	0.5159	126.05	116	15	23	1.2824	1.1549	18.57	0.3527	1.3406	1.1942	1.1845	32.79	0.12	3.0	2.2121	1.3406	1.8811	22.77	0.25351	433.8	3	0	3	72	0.5714	1.0	1.0	6	0.4925	0.119	0.3848	1.343	0.1806	1.4864
L002182	hotspot_vntr	mafft_einsi	784.34	3.515	1	0.733	1097.99	11	31	32	1.0686	1.0375	37.0	0.0054	1.2443	1.0656	1.2109	74.38	6.52	4.0	3.8182	1.2443	1.1888	74.88	0.58548	4705.19	2	1	1	19	0.1818	1.0	1.0	6	0.4955	0.2145	0.284	1.4815	0.2885	1.6172
L002292	control_nontr_sv	mafft_einsi	8.7	115.211	3	0.4737	12.37	3	4	6	1.0	1.0	0.0	1.0	1.0	1.0	1.0	0.0	0.0	0.0	0.4545	1.0	1.0	0.0	0.0	0.0	0	0	0	0	1.0	1.0	1.0	1	0.9839	0.0161	0.0	1.0482		
L002884	control_vntr_matched	mafft_einsi	17.96	60.75	4.0	0.3824	24.83	25	2	12	1.0149	1.0	0.17	0.9091	1.0213	1.0032	1.0054	0.08	0.0	1.0	1.0303	1.0213	1.0541	4.41	0.00946	11.36	2	0	2	2	1.0	1.0	1.0	1	0.6981	0.0674	0.2345	1.0759	0.0724	1.0904
L002940	hotspot_other	mafft_einsi	251.44	5.956	1.0	0.6373	352.37	28	25	26	1.0856	1.0473	26.68	0.1648	1.0852	1.0456	1.0408	32.07	1.38	1.0	1.0	1.0852	1.094	22.2	0.20689	441.35	7	6	1	24	0.3333	1.0	1.0	3	0.589	0.2546	0.1442	1.5867	0.3628	1.8251
L003119	control_vntr_correct	mafft_einsi	4.13	242.75	119.0	0.4167	5.5	5	2	6	1.0009	1.0	0.09	0.9297	1.0009	1.0012	1.0013	0.26	0.0	1.0	0.9697	1.0009	1.0008	0.36	0.0	0.0	0	0	0	0	1.0	1.0	1.0	1	0.3079	0.1291	0.5629	1.1341	0.0187	1.0281
L003171	control_nontr_sv	mafft_einsi	11.28	88.917	47.5	0.5	14.1	4	2	2	1.003	1.003	1.11	0.0	1.003	1.0	1.0	0.0	0.0	1.0	1.0	1.003	1.0	0.0	0.0	0.0	0	0	0	0	1.0	1.0	1.0	1	1.0	0.0	0.0	1.0	0.0	1.0
L003672	control_vntr_correct	mafft_einsi	17.42	60.022	1	0.5556	23.23	15	2	7	1.2992	1.3008	22.55	0.2361	1.3017	1.0	1.0	0.0	0.0	0.0	0.9697	1.3017	3.0708	40.18	0.01875	21.29	0	0	0	0	1.0	1.0	1.0	2	0.935	0.0162	0.0487	1.0162	0.0	1.0
L003695	hotspot_other	mafft_einsi	86.23	17.775	1	0.5026	119.19	9	11	12	1.2185	1.1304	31.76	0.286	1.8021	1.1872	1.6173	61.92	0.32	3.0	2.6061	1.8021	1.8721	99.51	0.26999	481.72	0	0	0	0	0.6667	1.0	1.0	3	0.4834	0.1934	0.3204	1.475	0.2471	1.6356
L003826	control_vntr_matched	mafft_einsi	352.79	3.732	1	0.6208	483.39	54	33	33	1.2145	1.26	16.74	0.0893	1.3532	1.142	1.1749	27.45	0.78	1.0	1.4848	1.3532	1.6693	25.45	0.25541	589.71	5	0	5	30	0.6667	0.6667		2	0.5391	0.3235	0.1348	2.0348	0.4249	2.3622
L003828	hotspot_other	mafft_einsi	97.46	11.688	1	0.5943	138.3	21	26	26	1.0627	1.025	27.05	0.0619	1.021	1.0662	1.0209	58.52	10.21	5.0	5.1212	1.021	1.0151	13.93	0.25525	414.89	8	4	4	48	0.4	1.0	1.0	9	0.7069	0.0431	0.25	1.4993	0.0444	1.6075
L003872	control_vntr_matched	mafft_einsi	87.65	11.996	2	0.4788	120.14	46	6	7	1.1878	1.2166	18.75	0.2506	1.1613	1.0917	1.0833	27.05	1.2	1.0	1.0	1.1613	1.6491	21.54	0.03296	46.36	0	0	0	0	1.0	1.0	1.0	2	0.9762	0.0218	0.0	1.0218	0.0204	1.0204
L003883	control_nontr_sv	mafft_einsi	32.61	137.852	1	0.5926	42.27	2	3	3	1.0003	1.0003	0.4	0.0525	1.0003	1.0	1.0	0.0	0.0	1.0	0.5152	1.0003	1.0	0.0	0.0	0.0	0	0	0	0	1.0	1.0	1.0	1	0.9974	0.0026	0.0	1.0026	0.0	1.0
L004021	control_vntr_matched	mafft_einsi	22.1	45.579	1	0.6023	29.73	43	6	20	1.0215	1.0	1.01	0.7736	1.0039	1.0047	1.0058	0.46	0.0	1.0	1.1212	1.0039	1.0234	0.79	0.00377	4.27	0	0	0	1	1.0	1.0	1.0	1	0.9816	0.0167	0.0	1.0167	0.0172	1.0179
L004145	hotspot_vntr	mafft_einsi	197.48	5.762	1.0	0.547	269.49	504	21	31	1.2098	1.1726	41.23	0.1051	1.1688	1.0768	1.063	45.42	2.19	5.0	7.8387	1.1688	1.1218	18.4	0.10683	176.4	1	0	1	10	0.0488	1.0	1.0	16	0.7848	0.1817	0.0335	1.3024	0.3911	1.73
L004620	control_nontr_sv	mafft_einsi	10.29	97.4	11.0	0.5	13.37	2	4	5	1.0	1.0	0.0	1.0	1.0	1.0	1.0	0.0	0.0	1.0	0.5152	1.0	1.0	0.0	0.00694	7.2	0	0	0	0	1.0	1.0	1.0	1	0.9609	0.0391	0.0	1.0391	0.0	1.0
L004848	hotspot_other	mafft_einsi	513.05	4.497	1	0.7021	716.66	46	26	30	1.4527	1.3088	99.57	0.0234	1.5931	1.3624	1.4749	191.29	10.19	4.0	4.2424	1.5931	1.5341	143.91	0.59474	2747.03	22	4	18	99	0.2222	0.2222		6	0.5	0.1694	0.1777	1.3606	0.1688	1.4243
L004989	hotspot_other	mafft_einsi	273.64	5.837	1.0	0.6707	390.99	11	28	29	1.3265	1.2585	64.77	0.0432	1.1814	1.2767	1.1827	126.52	5.56	3.0	3.0606	1.1814	1.1445	49.91	0.40943	1009.45	3	1	2	88	0.4	0.4	0.8571	7	0.5772	0.1812	0.2282	1.6018	0.2169	1.8367
L005064	hotspot_other	mafft_einsi	44.93	39.837	6	0.2313	66.01	26	20	29	1.1019	1.0708	17.75	0.2541	1.0629	1.044	1.0233	16.75	0.11	1.0	0.7879	1.0629	1.0893	8.99	0.27719	542.18	26	0	26	60	1.0	1.0	1.0	2	0.6004	0.103	0.2735	1.2482	0.1139	1.393
L005261	hotspot_other	mafft_einsi	395.81	7.715	2.0	0.4735	583.24	7	25	26	1.0547	1.022	21.77	0.1914	1.025	1.0589	1.0354	49.16	4.22	1.0	1.4545	1.025	1.0219	8.8	0.43468	2118.74	45	45	0	146	0.0	1.0	1.0	3	0.7316	0.1732	0.0909	1.312	0.2593	1.5491
L005411	hotspot_vntr	mafft_einsi	90.67	12.262	1.0	0.5799	131.12	66	18	33	1.5009	1.7992	33.86	0.0571	1.2201	1.2725	1.1451	49.03	0.73	2.0	2.3939	1.2201	1.2537	50.54	0.34396	575.48	16	16	0	157	0.6667	0.8571	1.0	2	0.4961	0.2576	0.2279	1.7214	0.2709	1.7442
L005481	hotspot_vntr	mafft_einsi	83.17	16.207	1	0.5179	114.98	20	19	23	1.0432	1.0	5.03	0.5781	1.1687	1.0211	1.0812	5.21	0.15	3.0	2.9697	1.1687	1.2765	36.58	0.27744	469.85	30	0	30	71	0.0	0.0	0.8	3	0.5587	0.0917	0.3295	1.2855	0.1117	1.3711
L005618	hotspot_other	mafft_einsi	564.49	2.515	1.0	0.6696	796.2	71	31	32	1.3418	1.2492	85.24	0.0018	1.2086	1.2769	1.184	165.52	8.09	3.0	3.3333	1.2086	1.1483	36.0	0.71437	4045.51	15	2	13	304	0.5333	1.0	1.0	8	0.7046	0.0677	0.1477	1.3038	0.1027	1.4304
L005688	control_nontr_sv	mafft_einsi	178.37	7.969	1	0.6299	238.76	39	3	5	1.0235	1.0241	5.03	0.3571	1.0236	1.0	1.0	0.0	0.0	1.0	0.8182	1.0236	1.0158	4.01	0.0	0.0	0	0	0	0	1.0	1.0	1.0	1	1.0	0.0	0.0	1.0	0.0	1.0
L005990	hotspot_vntr	mafft_einsi	112.51	23.818	2.0	0.4581	167.4	110	19	32	1.1336	1.0282	21.8	0.1331	1.1264	1.1232	1.1046	42.66	3.91	8.0	9.0323	1.1264	1.1218	27.23	0.40514	1284.17	66	64	2	238	0.3333	1.0	1.0	7	0.4731	0.0808	0.4293	1.6909	0.0909	2.0618
L006556	control_nontr_sv	mafft_einsi	16.2	62.0	1	0.5333	20.52	4	3	4	1.0033	1.0033	1.12	0.1373	1.0033	1.0	1.0	0.0	0.0	1.0	0.5152	1.0033	1.0	0.0	0.0	0.0	0	0	0	0	1.0	1.0	1.0	1	0.9846	0.0154	0.0	1.0154	0.0	1.0
L006952	hotspot_vntr	mafft_einsi	710.36	2.203	1	0.6667	977.11	4	28	28	1.0511	1.0098	31.65	0.2315	1.1072	1.0536	1.1082	68.79	2.81	2.0	1.9697	1.1072	1.0576	28.24	0.73272	4674.99	8	4	4	30	0.25	1.0	1.0	4	0.5547	0.2	0.0717	1.7188	0.1939	1.9482
L007009	hotspot_vntr	mafft_einsi	261.32	6.751	1	0.6677	363.01	31	24	27	1.0634	1.0155	58.76	0.0658	1.0908	1.059	1.0846	112.29	9.44	15.0	15.2121	1.0908	1.0839	66.27	0.5518	1862.65	18	11	7	834	0.3014	1.0	1.0	44	0.2295	0.1761	0.5881	2.2639	0.1663	2.3886
L007033	control_vntr_correct	mafft_einsi	12.62	84.625	1.0	0.5312	16.56	5	3	3	1.0012	1.0014	1.54	0.0	1.001	1.0	1.0	0.0	0.0	1.0	1.0	1.001	1.0	0.0	0.03264	36.67	0	0	0	0	1.0	1.0	1.0	1	0.8824	0.098	0.0196	1.1078	0.5	1.75
L007040	hotspot_vntr	mafft_einsi	66.37	16.837	1	0.6323	93.1	80	21	27	1.2524	1.2699	109.05	0.0762	1.0328	1.2327	1.0309	215.37	2.94	14.0	13.303	1.0328	1.0256	35.43	0.3148	481.62	3	3	0	33	0.1446	1.0	1.0	21	0.2156	0.4272	0.3558	2.3294	0.4428	2.4713
L007065	control_vntr_matched	mafft_einsi	9.17	111.051	1	0.5128	12.22	8	7	9	1.0003	1.0	0.02	0.9515	1.0	1.0	1.0	0.0	0.0	1.0	0.5455	1.0	1.0	0.0	0.0033	3.53	0	0	0	0	1.0	1.0	1.0	1	0.9792	0.0104	0.0104	1.0106	0.0385	1.0385
L007081	hotspot_vntr	mafft_einsi	623.58	9.11	1	0.6176	968.52	20	32	33	1.2199	1.1055	93.9	0.0107	1.0695	1.2247	1.0884	205.06	11.23	4.0	5.0909	1.0695	1.057	27.07	0.54398	5281.31	40	33	7	502	0.4348	1.0	1.0	15	0.3317	0.1256	0.5226	2.6375	0.1212	2.9036
L007161	hotspot_other	mafft_einsi	274.22	4.26	1.0	0.696	378.56	69	18	25	1.268	1.2413	42.07	0.2318	1.4912	1.1633	1.2817	69.75	0.86	2.0	3.3333	1.4912	1.3257	38.01	0.29494	588.1	0	0	0	0	0.5714	1.0	1.0	6	0.5763	0.1138	0.293	1.2514	0.1027	1.347
L007172	control_vntr_matched	mafft_einsi	135.93	9.87	1	0.5428	187.44	40	9	11	1.0576	1.0172	10.34	0.4427	1.026	1.0373	1.0168	14.16	0.61	1.0	0.7879	1.026	1.0119	1.05	0.164	293.12	0	0	0	0	1.0	1.0	1.0	1	0.6161	0.0675	0.3114	1.1093	0.0209	1.1176
L007184	hotspot_other	mafft_einsi	71.04	17.848	2.0	0.3696	104.25	6	20	21	1.2022	1.0305	38.03	0.2472	1.2285	1.1744	1.2161	70.34	3.54	2.0	1.7576	1.2285	1.2249	71.17	0.19951	315.83	1	0	1	8	0.5	1.0	1.0	3	0.6964	0.1161	0.1786	1.3608	0.1852	1.8459
L007192	control_nontr_sv	mafft_einsi	27.74	49.0	1	0.5263	39.42	4	6	11	1.0	1.0	0.0	1.0	1.0	1.0	1.0	0.0	0.01	0.0	0.2424	1.0	1.0	0.0	0.0109	16.06	0	0	0	0	1.0	1.0	1.0	1	0.9204	0.0796	0.0	1.2212	0.4444	2.3333
L007376	control_vntr_matched	mafft_einsi	3.77	265.411	1	0.6027	5.01	5	8	9	1.0001	1.0	0.02	0.7533	1.0007	1.0	1.0	0.0	0.0	1.0	1.0606	1.0007	1.0	0.0	0.00086	0.88	1	0	1	1	1.0	1.0	1.0	1	0.9407	0.0112	0.0481	1.0112	0.011	1.011
L007480	hotspot_other	mafft_einsi	209.84	11.633	1.0	0.6271	291.64	4	21	21	1.0929	1.0403	27.7	0.1445	1.1278	1.0856	1.1191	53.19	11.25	3.0	2.4242	1.1278	1.113	29.31	0.30555	982.22	1	1	0	61	0.6667	1.0	1.0	2	0.4552	0.2058	0.3341	1.7891	0.2374	2.0399
L007687	control_vntr_matched	mafft_einsi	46.5	23.683	1	0.5691	62.38	36	5	10	1.0336	1.0	2.65	0.7854	1.009	1.0188	1.0044	3.1	0.0	1.0	0.6667	1.009	1.0599	2.59	0.09515	123.25	0	0	0	0	1.0	1.0	1.0	1	0.7943	0.0963	0.1072	1.1173	0.1615	1.2231
L007717	control_vntr_matched	mafft_einsi	53.32	19.165	2.0	0.4322	75.01	57	8	21	1.0652	1.0366	4.06	0.2561	1.0386	1.0348	1.0065	5.29	0.02	0.0	0.5455	1.0386	1.2267	9.1	0.0449	61.0	2	2	0	2	1.0	1.0	1.0	1	0.9601	0.0206	0.0151	1.0246	0.0455	1.0682
L007798	hotspot_other	mafft_einsi	745.64	4.366	1	0.633	1037.84	16	32	32	1.051	1.0427	36.2	0.0197	1.08	1.0493	1.0763	72.22	7.11	4.0	6.1212	1.08	1.0564	34.73	0.43086	2973.85	7	0	7	797	0.1818	1.0	1.0	15	0.3406	0.0681	0.5899	1.9227	0.0829	2.0963
L007844	hotspot_other	mafft_einsi	1469.82	2.325	1.0	0.7775	2062.37	35	34	34	1.2626	1.2177	97.28	0.0143	1.2143	1.2361	1.1963	204.84	5.34	5.0	5.1212	1.2143	1.1218	45.0	0.71893	8527.67	161	158	3	724	0.6316	1.0	1.0	11	0.4676	0.2141	0.2197	1.6028	0.2023	1.6643
L008216	hotspot_vntr	mafft_einsi	113.6	10.003	1.0	0.6176	155.03	8	20	21	1.1595	1.0235	22.45	0.2454	1.2068	1.1291	1.1404	41.49	3.81	2.0	2.0	1.2068	1.4479	42.84	0.20447	354.49	1	1	0	1	0.5714	1.0	1.0	3	0.5955	0.1554	0.2491	1.4184	0.1329	1.4841
L008631	control_nontr_sv	mafft_einsi	19.91	74.286	3.5	0.4286	28.45	3	6	8	1.0	1.0	0.0	1.0	1.0	1.0	1.0	0.0	0.0	0.0	0.1818	1.0	1.0	0.0	0.0	0.0	0	0	0	0	1.0	1.0	1.0	1	0.9139	0.0861	0.0	1.2185	0.1282	1.4615
L008864	hotspot_vntr	mafft_einsi	899.11	7.095	1.0	0.5444	1302.67	23	20	28	1.2022	1.0944	113.21	0.1113	1.286	1.173	1.2174	207.68	7.21	2.0	4.3333	1.286	1.2945	124.05	0.44461	4845.61	104	104	0	703	0.4545	1.0	1.0	14	0.4289	0.17	0.3933	1.8095	0.2022	1.9757
L008877	hotspot_other	mafft_einsi	623.0	6.2	1.0	0.5771	892.45	109	30	30	1.3883	1.3038	95.02	0.0575	1.1176	1.2724	1.0718	162.82	7.69	7.0	6.3636	1.1176	1.1097	49.58	0.44543	2867.88	47	22	25	178	0.4444	1.0	1.0	16	0.4873	0.131	0.3451	1.3999	0.1558	1.4902
L008887	control_vntr_correct	mafft_einsi	14.66	77.868	1.0	0.5263	19.68	14	2	7	1.0067	1.0	0.09	0.9063	1.0077	1.0021	1.0027	0.06	0.0	2.0	2.0	1.0077	1.0094	1.2	0.01559	18.9	0	0	0	0	1.0	1.0	1.0	2	0.9684	0.0111	0.0205	1.0143	0.0455	1.1288
L008902	control_vntr_correct	mafft_einsi	55.4	19.66	2.0	0.4295	77.41	59	3	7	1.2471	1.2636	14.72	0.191	1.0435	1.0061	1.0384	1.21	0.01	1.0	1.0	1.0435	1.5314	16.42	0.03621	50.43	0	0	0	0	1.0	1.0	1.0	2	0.9753	0.0141	0.0088	1.0186	0.0909	1.2273
L008976	hotspot_vntr	mafft_einsi	723.32	6.246	1	0.7388	1014.74	84	28	28	1.1427	1.0892	87.24	0.0	1.2057	1.1371	1.1969	176.76	5.83	7.0	6.9259	1.2057	1.1634	76.81	0.51532	4799.33	212	3	209	2129	0.2927	1.0	1.0	17	0.2705	0.1027	0.6142	2.1551	0.111	2.262
L009000	hotspot_vntr	mafft_einsi	380.2	3.777	1	0.6432	548.61	15	34	34	1.2462	1.2429	129.87	0.0	1.1189	1.2232	1.12	264.69	7.17	26.0	24.4848	1.1189	1.0936	95.86	0.70399	3243.49	11	8	3	780	0.4946	1.0	1.0	46	0.5441	0.125	0.3272	2.3418	0.1214	2.6881
L009283	control_nontr_sv	mafft_einsi	19.13	52.533	1	0.5333	24.23	5	2	4	1.0078	1.0074	1.17	0.1933	1.0074	1.0	1.0	0.0	0.0	0.0	0.4848	1.0074	1.0	0.0	0.0	0.0	0	0	0	0	1.0	1.0	1.0	1	1.0	0.0	0.0	1.0	0.0	1.0
L009398	hotspot_vntr	mafft_einsi	83.55	13.325	2	0.3926	117.38	18	21	25	1.0501	1.0188	17.84	0.0678	1.0364	1.0461	1.0345	33.87	1.04	1.0	0.9688	1.0364	1.0266	7.86	0.21114	304.97	6	6	0	63	0.6667	1.0	1.0	3	0.4556	0.15	0.3889	1.88	0.162	2.0399
L009448	hotspot_vntr	mafft_einsi	967.81	2.37	1.0	0.692	1373.71	11	24	24	1.2793	1.2248	147.03	0.0	1.4	1.2678	1.3852	316.62	10.64	14.0	12.5217	1.4	1.2812	99.91	0.79138	7614.26	39	34	5	1312	0.3404	1.0	1.0	21	0.5861	0.11	0.2632	1.679	0.1474	1.9235
L009600	control_nontr_sv	mafft_einsi	2.96	372.333	409	0.0	2.96	1	2	2	1.0	1.0	0.0	1.0	1.0	1.0	1.0	0.0	0.0	1.0	1.0	1.0	1.0	0.0	0.0	0.0	0	0	0	0	1.0	1.0	1.0	1	1.0	0.0	0.0	1.0	0.0	1.0
L009656	hotspot_vntr	mafft_einsi	178.81	11.007	1	0.5705	249.06	5	25	26	1.089	1.1044	21.96	0.2102	1.1361	1.0639	1.0882	34.02	0.69	2.0	2.7576	1.1361	1.203	32.44	0.42968	1171.46	0	0	0	0	0.5	1.0	1.0	2	0.5377	0.0592	0.3949	1.2726	0.0548	1.3772
L009658	hotspot_vntr	mafft_einsi	100.64	14.047	1.0	0.5101	141.17	61	27	31	1.5055	1.3001	109.23	0.0343	1.5153	1.3651	1.4479	188.65	1.48	8.0	7.1613	1.5153	1.5017	241.95	0.39274	721.91	32	32	0	221	0.4	1.0	1.0	14	0.3164	0.0774	0.5812	1.3917	0.0771	1.4291
L009770	control_vntr_matched	mafft_einsi	13.67	73.453	1.0	0.5938	18.15	13	5	7	1.0065	1.0	0.76	0.6393	1.0021	1.0039	1.0	0.91	0.0	1.0	1.0303	1.0021	1.0	0.0	0.0406	44.0	0	0	0	0	1.0	1.0	1.0	1	0.7776	0.0273	0.1951	1.0311	0.0813	1.0984
L009771	control_vntr_correct	mafft_einsi	10.24	107.25	10.5	0.5	12.8	4	2	2	1.0	1.0	0.0	1.0	1.0	1.0	1.0	0.0	0.0	1.0	1.0	1.0	1.0	0.0	0.00075	0.85	0	0	0	0	1.0	1.0	1.0	1	0.989	0.011	0.0	1.011	0.0	1.0
L009803	hotspot_vntr	mafft_einsi	453.29	3.475	1.0	0.725	633.7	57	30	30	1.1837	1.156	85.67	0.0162	1.1622	1.1782	1.1666	180.48	2.78	10.0	9.2424	1.1622	1.1221	74.7	0.72236	3272.67	15	6	9	370	0.4375	1.0	1.0	18	0.5612	0.1607	0.273	1.6842	0.1884	1.8251
L009885	control_vntr_correct	mafft_einsi	29.74	34.444	2.0	0.4516	41.5	9	16	17	1.0046	1.0	0.32	0.7951	1.0426	1.0023	1.0249	0.33	0.0	1.0	1.0909	1.0426	1.0885	5.87	0.03075	35.98	0	0	0	0	0.0	1.0	1.0	1	0.8121	0.172	0.0096	1.1873	0.5	1.542
L010060	hotspot_other	mafft_einsi	344.6	5.241	1.0	0.5666	473.93	44	23	24	1.1506	1.0259	22.11	0.2192	1.1179	1.1165	1.0969	38.48	3.43	1.0	0.9394	1.1179	1.1456	13.78	0.3622	945.77	0	0	0	0	1.0	1.0	1.0	1	0.585	0.2727	0.1265	1.4157	0.4188	1.6362
L010113	control_vntr_correct	mafft_einsi	13.32	75.775	1.0	0.55	17.99	14	2	8	1.0	1.0	0.0	1.0	1.0	1.0	1.0	0.0	0.3	0.0	0.4848	1.0	1.0	0.0	0.00867	9.33	0	0	0	0	1.0	1.0	1.0	1	0.9408	0.0457	0.0135	1.0462	0.0909	1.101
L010328	hotspot_vntr	mafft_einsi	1045.24	6.13	1	0.629	1447.28	18	29	29	1.2521	1.1944	124.85	0.0363	1.1518	1.2344	1.1519	249.61	8.85	6.0	7.5938	1.1518	1.1097	57.56	0.5731	5678.57	59	3	56	533	0.48	1.0	1.0	15	0.4383	0.0938	0.4576	1.5245	0.1124	1.6564
L010350	control_vntr_matched	mafft_einsi	5.96	172.886	1.0	0.6136	7.86	15	2	11	1.0	1.0	0.0	1.0	1.0	1.0	1.0	0.0	0.0	1.0	0.6364	1.0	1.0	0.0	0.0	0.0	0	0	0	0	1.0	1.0	1.0	1	0.9709	0.0073	0.0218	1.0094	0.0333	1.0667
L010452	control_nontr_sv	mafft_einsi	11.21	96.0	13	0.4444	13.7	3	2	2	1.0	1.0	0.0	1.0	1.0	1.0	1.0	0.0	0.0	1.0	0.9697	1.0	1.0	0.0	0.0	0.0	0	0	0	0	1.0	1.0	1.0	1	1.0	0.0	0.0	1.0	0.0	1.0
L010508	control_vntr_correct	mafft_einsi	14.74	69.481	1.0	0.5769	19.56	18	2	11	1.0023	1.0	0.03	0.9956	1.0007	1.0014	1.0	0.04	0.0	1.0	0.5152	1.0007	1.125	1.2	0.00383	4.25	0	0	0	0	1.0	1.0	1.0	1	0.9841	0.0111	0.0048	1.0111	0.0333	1.0333
L011121	control_vntr_correct	mafft_einsi	47.04	24.5	1.0	0.5417	63.11	9	6	10	1.0334	1.0	1.94	0.6914	1.1506	1.0277	1.1219	3.36	0.02	1.0	1.0909	1.1506	1.1722	20.81	0.0481	65.07	0	0	0	0	1.0	1.0	1.0	1	0.9142	0.0354	0.0485	1.0366	0.0411	1.0443
L011138	hotspot_vntr	mafft_einsi	131.39	18.173	1.0	0.6552	178.13	101	3	28	1.1117	1.0252	47.7	0.1857	1.2742	1.0976	1.2321	85.86	0.58	7.0	7.25	1.2742	1.2574	80.21	0.2316	712.93	1	1	0	3	0.2222	0.2222	1.0	13	0.2812	0.0942	0.6201	1.3839	0.0973	1.394
L011224	control_vntr_correct	mafft_einsi	58.6	21.695	2	0.4901	80.33	39	2	13	1.0387	1.0224	4.91	0.2306	1.0229	1.0274	1.0247	7.71	0.94	1.0	1.0	1.0229	1.0085	0.81	0.03238	50.45	1	0	1	1	1.0	1.0	1.0	2	0.8094	0.0234	0.1655	1.0333	0.0174	1.0652
L011227	control_vntr_matched	mafft_einsi	11.9	107.93	18	0.4186	16.33	15	2	11	1.1132	1.0	5.87	0.7833	1.0825	1.0541	1.0615	6.23	0.0	1.0	0.6061	1.0825	1.107	3.18	0.07357	97.98	0	0	0	0	1.0	1.0	1.0	1	0.6155	0.041	0.3359	1.1027	0.0323	1.1479
L011430	control_vntr_matched	mafft_einsi	96.26	11.103	2	0.4566	136.18	87	7	13	1.1876	1.173	9.3	0.2046	1.1223	1.0571	1.0697	7.97	0.52	0.0	0.5455	1.1223	1.78	21.15	0.19675	295.88	0	0	0	0	0.0	1.0	1.0	1	0.7976	0.1567	0.0258	1.1897	0.4174	1.57
L011463	hotspot_vntr	mafft_einsi	108.54	10.632	1.0	0.5674	151.24	99	3	27	1.7955	1.518	117.61	0.2029	1.2737	1.2765	1.0656	121.32	1.35	5.0	5.1818	1.2737	1.4162	82.99	0.10924	181.35	32	0	32	64	0.6316	1.0	1.0	9	0.751	0.159	0.09	1.3773	0.3148	1.8284
L011931	control_nontr_sv	mafft_einsi	25.91	73.16	1	0.52	36.27	4	8	8	1.0012	1.0012	0.49	0.2684	1.0012	1.0	1.0	0.0	0.0	1.0	0.5152	1.0012	1.0	0.0	0.0	0.0	0	0	0	0	1.0	1.0	1.0	1	0.9783	0.0217	0.0	1.0652	0.0	1.0
L012184	hotspot_vntr	mafft_einsi	341.88	9.427	1	0.6238	485.4	58	30	31	1.1856	1.0666	42.44	0.0485	1.0536	1.1422	1.0539	79.53	3.85	10.0	9.5806	1.0536	1.0374	20.29	0.37378	1718.43	11	11	0	99	0.6154	1.0	1.0	20	0.2675	0.0887	0.6238	1.6904	0.0941	1.7279
L012256	hotspot_other	mafft_einsi	93.59	14.682	2	0.442	135.97	29	27	30	1.1213	1.0177	37.78	0.2302	1.0974	1.0953	1.069	62.87	5.73	3.0	3.5455	1.0974	1.1063	27.2	0.23161	390.01	4	2	2	7	0.4	1.0	1.0	5	0.5111	0.1916	0.2875	1.7852	0.2718	2.1462
L012294	hotspot_vntr	mafft_einsi	522.31	9.131	2	0.4842	816.51	7	33	33	1.1464	1.1237	93.41	0.0036	1.5456	1.1534	1.5109	204.69	20.42	11.0	11.2424	1.5456	1.5676	251.2	0.43024	3336.31	0	0	0	489	0.3125	1.0	1.0	24	0.1806	0.1184	0.6971	3.0273	0.1098	3.3046
L012313	control_vntr_matched	mafft_einsi	20.63	49.773	1.0	0.6061	27.2	20	5	14	1.065	1.0	1.59	0.9061	1.3285	1.0	1.0	0.0	1.3	2.0	1.6364	1.3285	2.3528	25.55	0.00549	6.25	1	1	0	1	1.0	1.0	1.0	2	0.8748	0.0541	0.0711	1.0541	0.042	1.042
L012489	hotspot_other	mafft_einsi	178.88	7.877	1	0.5924	253.2	44	29	30	1.5417	1.3033	67.81	0.045	1.5154	1.161	1.2317	59.02	1.32	2.0	2.0909	1.5154	2.0097	70.05	0.13705	306.9	0	0	0	15	0.3333	1.0	1.0	3	0.5637	0.3127	0.1236	1.7531	0.4583	2.2225
L012530	control_nontr_sv	mafft_einsi	28.28	35.727	1.5	0.5	37.28	7	3	7	1.0	1.0	0.0	1.0	1.0	1.0	1.0	0.0	0.0	0.0	0.4848	1.0	1.0345	2.58	0.0	0.0	0	0	0	0	1.0	1.0	1.0	1	0.9355	0.0645	0.0	1.0645		
L013000	control_vntr_correct	mafft_einsi	32.01	31.737	1	0.5693	45.09	1	22	22	1.0046	1.0	0.42	0.8799	1.0239	1.0035	1.0138	0.67	0.13	2.0	1.9697	1.0239	1.0483	11.04	0.03417	41.12	1	1	0	2	0.0	1.0	1.0	2	0.7686	0.0331	0.157	1.0399	0.031	1.0382
L013064	hotspot_other	mafft_einsi	236.03	6.162	1	0.5501	334.68	71	25	32	1.6559	1.7959	56.55	0.1843	1.5392	1.3146	1.3159	87.93	2.83	1.0	1.0606	1.5392	1.5014	75.64	0.26018	627.08	27	27	0	84	0.0	0.0	1.0	2	0.8488	0.1337	0.0174	1.2006	0.4186	1.686
L013074	control_vntr_correct	mafft_einsi	4.09	244.714	1.0	0.5714	5.26	10	2	3	1.0015	1.0	0.43	0.8675	1.0015	1.0006	1.0006	0.36	0.0	2.0	2.0	1.0015	1.0	0.0	0.00143	1.46	0	0	0	0	0.0	1.0	1.0	2	0.9976	0.0	0.0	1.0	0.0	1.0
L013244	hotspot_vntr	mafft_einsi	38.88	86.686	2	0.4934	53.99	6	16	17	1.0523	1.0263	20.78	0.2346	1.0141	1.0447	1.0075	36.56	0.81	2.0	3.7576	1.0141	1.0006	0.14	0.06079	214.77	0	0	0	0	0.7059	1.0	1.0	8	0.2051	0.0335	0.7554	1.2381	0.0329	1.2575
L013399	control_nontr_sv	mafft_einsi	9.12	239.833	167.5	0.3333	10.64	2	2	3	1.0	1.0	0.0	1.0	1.0	1.0	1.0	0.0	0.0	1.0	0.7879	1.0	1.0	0.0	0.0	0.0	0	0	0	0	1.0	1.0	1.0	1	0.9957	0.0043	0.0	1.0043	0.0	1.0
L013531	hotspot_other	mafft_einsi	163.61	9.264	1.0	0.521	232.03	9	18	21	1.2229	1.0983	50.79	0.2705	1.1483	1.1457	1.1388	73.61	13.97	2.0	2.7273	1.1483	1.1384	60.45	0.30402	650.23	17	0	17	29	0.5	1.0	1.0	7	0.6471	0.1176	0.1176	1.2795	0.1905	1.5882
L014111	control_vntr_matched	mafft_einsi	33.68	30.796	1.0	0.5493	45.78	51	3	4	1.112	1.0993	7.1	0.1599	1.1153	1.0022	1.0023	0.38	0.0	2.0	1.0606	1.1153	4.6202	29.44	0.01482	18.26	0	0	0	0	1.0	1.0	1.0	2	0.997	0.0015	0.0	1.0015	0.0	1.0
L014160	hotspot_vntr	mafft_einsi	167.54	7.257	1.0	0.6007	231.68	81	34	34	1.2404	1.177	46.45	0.2157	1.3512	1.1055	1.136	51.16	0.88	5.0	8.1818	1.3512	1.468	72.5	0.23341	454.24	4	0	4	32	0.5405	1.0	1.0	18	0.8249	0.1271	0.0466	1.2137	0.2679	1.5436
L014181	control_vntr_matched	mafft_einsi	63.95	16.81	1.0	0.5289	86.68	82	2	5	1.0446	1.03	5.3	0.4841	1.0336	1.0163	1.0018	4.29	0.18	1.0	1.2424	1.0336	1.0396	2.34	0.10379	133.99	0	0	0	0	1.0	1.0	1.0	1	0.7723	0.1411	0.0824	1.1612	0.3438	1.4032
L014210	hotspot_vntr	mafft_einsi	153.61	7.935	1	0.5911	208.35	108	8	13	1.3434	1.0417	89.22	0.167	1.5523	1.2664	1.407	160.62	6.92	17.0	13.4545	1.5523	1.6053	115.82	0.3003	616.99	11	0	11	27	0.25	1.0	1.0	27	0.5644	0.082	0.347	1.2995	0.0917	1.3369
L014297	hotspot_vntr	mafft_einsi	70.39	16.236	2.0	0.4528	96.95	10	7	15	1.0599	1.0	12.02	0.5795	1.0637	1.0506	1.0374	21.14	1.32	6.0	5.6364	1.0637	1.0207	8.69	0.23647	348.27	0	0	0	0	0.5455	1.0	1.0	6	0.4983	0.1561	0.3322	1.4336	0.1076	1.4547
L014324	control_vntr_correct	mafft_einsi	12.73	93.031	1.0	0.5312	16.71	10	3	6	1.045	1.0	4.4	0.5806	1.0673	1.0336	1.0497	6.78	0.0	1.0	1.0	1.0673	1.0691	10.78	0.02117	26.25	0	0	0	0	1.0	1.0	1.0	1	0.8705	0.036	0.0935	1.0424	0.0571	1.0674
L014358	hotspot_vntr	mafft_einsi	289.64	7.859	1	0.5328	435.52	7	30	31	1.1821	1.0728	56.38	0.0233	1.0981	1.1734	1.0908	113.73	10.55	2.0	1.6364	1.0981	1.0983	25.46	0.43629	1780.83	9	1	8	239	0.5714	1.0	1.0	4	0.3095	0.0675	0.623	2.1732	0.0758	2.3216
L014426	control_vntr_correct	mafft_einsi	20.68	48.641	4	0.3846	29.16	7	3	9	1.0764	1.047	15.55	0.3433	1.0035	1.0516	1.0	22.19	1.29	0.0	0.9697	1.0035	1.0073	1.07	0.0209	23.33	1	1	0	1	1.0	1.0	1.0	2	0.8506	0.1379	0.0115	1.1648	0.0625	1.0625
L014899	control_nontr_sv	mafft_einsi	6.0	166.833	109.5	0.3333	7.0	2	2	2	1.0	1.0	0.0	1.0	1.0	1.0	1.0	0.0	0.0	1.0	0.5455	1.0	1.0	0.0	0.0	0.0	0	0	0	0	1.0	1.0	1.0	1	1.0	0.0	0.0	1.0		
L015126	hotspot_other	mafft_einsi	333.87	6.105	1	0.6621	464.45	31	30	30	1.4769	1.4	68.99	0.0718	2.0879	1.3414	1.744	119.23	1.72	2.0	2.7879	2.0879	2.0914	124.49	0.5855	1970.91	0	0	0	12	0.0	1.0	1.0	2	0.6748	0.0976	0.1084	1.3354	0.1489	1.5896
L015223	control_vntr_matched	mafft_einsi	71.22	21.291	1.0	0.5255	97.02	71	2	4	1.0805	1.0779	22.37	0.24	1.0854	1.0061	1.0073	3.94	1.04	5.0	4.697	1.0854	1.0677	24.86	0.07894	144.62	0	0	0	0	0.2857	1.0	1.0	5	0.9429	0.0252	0.0319	1.0262	0.0345	1.0603
L015285	control_vntr_correct	mafft_einsi	8.95	112.0	1.0	0.5833	11.56	7	3	4	1.0049	1.0049	0.35	0.0997	1.0049	1.0	1.0	0.0	0.0	1.0	0.5152	1.0049	1.0	0.0	0.00744	7.83	0	0	0	0	1.0	1.0	1.0	1	0.9341	0.0019	0.064	1.0235	0.0139	1.1664
L015331	hotspot_vntr	mafft_einsi	265.15	10.109	1.0	0.6349	370.33	49	30	30	1.4157	1.1157	104.35	0.0542	1.3735	1.3703	1.3209	200.97	4.24	5.0	4.4848	1.3735	1.3825	69.95	0.61526	2459.48	0	0	0	1	0.5714	1.0	1.0	8	0.2876	0.1046	0.5997	2.8251	0.1111	3.0951
L015415	hotspot_vntr	mafft_einsi	138.0	14.104	1.0	0.5323	189.15	33	10	14	1.009	1.0029	5.06	0.2087	1.0402	1.0071	1.0278	8.07	2.07	3.0	3.2727	1.0402	1.007	3.22	0.28507	759.01	0	0	0	0	0.375	1.0	1.0	6	0.323	0.0885	0.5819	1.6504	0.102	1.8109
L015708	hotspot_other	mafft_einsi	54.9	20.365	1	0.522	78.04	44	12	24	1.635	1.1519	15.81	0.1152	1.6569	1.4566	1.4392	31.27	3.32	0.0	0.3333	1.6569	2.1847	14.92	0.14046	199.24	2	0	2	3	0.0	0.0		1	0.5469	0.2864	0.1667	1.9556	0.4163	2.5637
L015743	control_vntr_correct	mafft_einsi	6.47	154.935	1	0.5484	8.97	10	2	7	1.0035	1.0769	0.58	0.2377	1.002	1.0008	1.0005	0.28	0.0	1.0	0.9697	1.002	1.001	0.72	0.00767	7.93	1	0	1	2	1.0	1.0	1.0	1	0.4018	0.0536	0.5446	1.0561	0.0	1.0052
L015847	hotspot_other	mafft_einsi	174.17	6.731	1	0.5355	242.71	39	12	29	1.1265	1.0959	17.38	0.2378	1.2025	1.0513	1.092	16.68	1.04	7.0	6.8485	1.2025	1.1224	59.73	0.13135	238.28	0	0	0	39	0.2222	1.0	1.0	7	0.5833	0.3241	0.0926	1.9862	0.5417	2.9688
L015904	hotspot_other	mafft_einsi	878.4	4.479	1	0.648	1257.87	22	33	33	1.4396	1.4522	131.71	0.025	1.2932	1.3614	1.2733	255.9	6.52	5.0	5.1818	1.2932	1.201	68.11	0.59772	4651.57	78	16	62	389	0.5	1.0	1.0	10	0.4398	0.2592	0.2809	1.8068	0.3563	2.0682
L016040	control_nontr_sv	mafft_einsi	29.25	37.381	1	0.5714	37.6	7	2	4	1.0	1.0	0.0	1.0	1.0	1.0	1.0	0.0	0.0	1.0	0.5152	1.0	1.0	0.0	0.0	0.0	0	0	0	0	1.0	1.0	1.0	1	1.0	0.0	0.0	1.0		
L016062	control_vntr_correct	mafft_einsi	14.07	74.568	1	0.5135	18.63	13	2	4	1.0007	1.0	0.02	0.95	1.0	1.0	1.0	0.0	0.0	1.0	0.5152	1.0	1.0019	0.02	0.02163	24.33	0	0	0	0	1.0	1.0	1.0	1	0.6968	0.0171	0.2861	1.0273	0.0286	1.0467
L016124	control_vntr_matched	mafft_einsi	69.8	14.704	1.0	0.5577	93.15	88	2	6	1.0543	1.0533	3.4	0.2746	1.055	1.0069	1.007	1.21	0.0	0.0	0.9697	1.055	1.0	0.0	0.10321	126.17	0	0	0	0	0.4	1.0	1.0	2	0.9752	0.0149	0.0075	1.0149	0.0	1.0
L016274	control_nontr_sv	mafft_einsi	6.74	254.0	337	0.2	8.09	1	3	3	1.0	1.0	0.0	1.0	1.0	1.0	1.0	0.0	0.0	0.0	0.4242	1.0	1.0	0.0	0.0	0.0	0	0	0	0	1.0	1.0	1.0	1	0.9537	0.0463	0.0	1.0463	0.0	1.0
L016523	control_vntr_correct	mafft_einsi	15.29	68.286	1.0	0.5238	21.11	13	2	12	1.0	1.0	0.0	1.0	1.0	1.0	1.0	0.0	0.5	0.0	0.4848	1.0	1.3057	5.3	0.00512	5.82	0	0	0	0	1.0	1.0	1.0	1	0.9741	0.0219	0.004	1.0219	0.0909	1.0909
L016830	control_vntr_correct	mafft_einsi	15.83	65.026	3.0	0.4474	21.45	16	4	7	1.0127	1.0035	3.34	0.3252	1.0155	1.0074	1.0055	3.97	0.02	2.0	1.5152	1.0155	1.0202	5.38	0.05209	58.53	1	1	0	1	0.4	1.0	1.0	3	0.8956	0.0546	0.0498	1.0586	0.1111	1.1325
L016870	hotspot_other	mafft_einsi	241.58	6.172	2	0.4878	337.36	118	11	20	1.0266	1.0271	13.88	0.2599	1.0109	1.021	1.0086	22.66	3.14	2.0	2.6061	1.0109	1.0085	9.63	0.24494	564.74	0	0	0	0	1.0	1.0	1.0	2	0.932	0.068	0.0	1.068	0.0435	1.0435
L016884	control_vntr_correct	mafft_einsi	219.47	5.735	1.0	0.5717	313.93	16	27	28	1.1531	1.1195	26.09	0.0686	1.1926	1.1057	1.1515	43.46	2.59	1.0	1.2424	1.1926	1.1927	22.58	0.23087	565.84	0	0	0	30	0.0	0.0	1.0	0	0.4	0.4769	0.1231	2.1413	0.5122	2.4435
L017097	control_nontr_sv	mafft_einsi	66.93	32.059	1	0.6275	89.24	11	6	10	1.0025	1.0012	0.93	0.4393	1.0026	1.0	1.0	0.0	0.0	1.0	0.6364	1.0026	1.0	0.0	0.0	0.0	0	0	0	1	1.0	1.0	1.0	1	1.0	0.0	0.0	1.0	0.0	1.0
L017325	control_vntr_matched	mafft_einsi	69.54	16.462	2.0	0.3971	98.47	17	23	24	1.0528	1.0063	8.74	0.4084	1.0428	1.0366	1.0485	13.33	0.84	3.0	3.0	1.0428	1.033	21.01	0.27423	419.58	1	1	0	1	0.0	1.0	1.0	3	0.5357	0.2825	0.1753	1.3742	0.2778	1.4982
TR101140	control_vntr_matched	mafft_einsi	175.27	7.452	1	0.6222	234.73	332	4	12	1.0346	1.0	3.89	0.5651	1.0357	1.0069	1.007	1.96	5.22	0.0	0.3438	1.0357	1.0127	0.51	0.08879	179.46	0	0	0	0				0	0.651	0.031	0.2978	1.0437	0.0312	1.0439
TR368009	control_vntr_matched	mafft_einsi	41.04	24.753	1.0	0.6111	54.72	150	2	6	1.0385	1.0	1.13	0.9122	1.0378	1.0045	1.0044	0.29	0.01	0.0	0.0909	1.0378	1.0017	0.02	0.0483	56.46	0	0	0	0				0	0.9678	0.0132	0.0177	1.0136	0.0927	1.0973
TR423938	control_vntr_matched	mafft_einsi	3.99	250.889	286	0.4444	4.88	3	2	3	1.0	1.0	0.0	1.0	1.0	1.0	1.0	0.0	0.0	0.0	0.0303	1.0	1.0	0.0	0.00922	9.31	0	0	0	0				0	0.6528	0.0907	0.2565	1.092	0.1933	1.1967
TR424743	control_vntr_matched	mafft_einsi	28.0	93.62	1.0	0.57	38.64	16	14	19	1.0032	1.0013	1.45	0.3224	1.0028	1.0034	1.002	3.1	16.88	1.0	0.6061	1.0028	1.0078	3.54	0.02779	77.01	0	0	0	0				0	0.5244	0.0312	0.4417	1.1557	0.0112	1.1994
TR446002	control_vntr_matched	mafft_einsi	10.8	92.84	2	0.4	14.26	6	3	5	1.0024	1.0	0.06	0.8698	1.0014	1.0	1.0	0.0	0.0	0.0	0.0303	1.0014	1.0	0.0	0.00409	4.32	1	1	0	1				0	1.0	0.0	0.0	1.0	0.0	1.0
TR455654	control_vntr_matched	mafft_einsi	17.89	57.14	2	0.4884	24.97	14	3	7	1.0035	1.0	0.08	0.9065	1.0015	1.0033	1.0	0.18	0.0	0.0	0.0303	1.0015	1.1301	0.94	0.00616	6.66	0	0	0	0				0	0.9432	0.0568	0.0	1.0926	0.25	1.25
TR460913	control_vntr_matched	mafft_einsi	27.42	36.778	1.0	0.6111	35.8	12	2	7	1.0015	1.0	0.01	0.9904	1.0	1.002	1.0	0.03	0.0	0.0	0.0	1.0	1.0	0.0	0.01509	17.52	0	0	0	0				0	0.9163	0.0352	0.0485	1.0441	0.1569	1.1961
TR499275	control_vntr_matched	mafft_einsi	6.9	145.167	1.0	0.5333	8.98	10	2	4	1.0	1.0	0.0	1.0	1.0	1.0	1.0	0.0	0.0	0.0	0.0	1.0	1.0	0.0	0.0	0.0	0	0	0	0				0	0.9701	0.0075	0.0224	1.0075	0.0	1.0
TR499276	control_vntr_matched	mafft_einsi	8.92	112.4	1.0	0.675	11.6	13	2	5	1.0	1.0	0.0	1.0	1.0	1.0	1.0	0.0	0.0	0.0	0.0	1.0	1.0	0.0	0.0	0.0	0	0	0	0				0	1.0	0.0	0.0	1.0	0.0	1.0
TR573259	control_vntr_matched	mafft_einsi	51.04	26.604	4	0.4832	70.23	56	2	4	1.0255	1.0	3.25	0.6562	1.0255	1.0025	1.0024	0.71	0.0	0.0	0.2424	1.0255	1.0071	0.08	0.12005	189.11	0	0	0	0				0	0.8035	0.079	0.1175	1.1141	0.1064	1.2329
TR668316	control_vntr_matched	mafft_einsi	20.57	66.698	1	0.5397	27.75	18	4	13	1.0343	1.0	2.27	0.8129	1.002	1.0314	1.0	4.24	0.0	0.0	0.2759	1.002	1.0	0.0	0.10448	155.4	0	0	0	0				0	0.4228	0.1014	0.4743	1.1949	0.1014	1.1949
TR687433	control_vntr_matched	mafft_einsi	2.39	419.125	462.5	0.25	2.98	3	2	4	1.0	1.0	0.0	1.0	1.0	1.0	1.0	0.0	0.0	0.0	0.0909	1.0	1.0	0.0	0.0	0.0	1	0	1	1				0	0.6594	0.0034	0.3372	1.0315	0.006	1.0552
TR687489	control_vntr_matched	mafft_einsi	4.39	228.083	2.0	0.5	5.49	4	2	2	1.0	1.0	0.0	1.0	1.0	1.0	1.0	0.0	0.0	0.0	0.0	1.0	1.0	0.0	0.0	0.0	0	0	0	0				0	0.8352	0.0	0.1648	1.0019	0.0	1.0034
TR724750	control_vntr_matched	mafft_einsi	128.61	8.54	1	0.6632	171.93	130	2	4	1.0601	1.0	0.85	0.8507	1.0599	1.0462	1.046	2.0	0.0	0.0	0.0303	1.0599	1.0364	0.06	0.24091	373.74	0	0	0	0				0	0.6382	0.2022	0.1596	1.235	0.2667	1.3415
TR743754	control_vntr_matched	mafft_einsi	15.74	63.848	1.0	0.6087	20.53	11	4	9	1.0067	1.0	0.39	0.8367	1.0019	1.0045	1.0009	0.55	0.0	0.0	0.0909	1.0019	1.0	0.0	0.00031	0.34	0	0	0	0				0	0.9157	0.0651	0.0192	1.067	0.1111	1.1389
TR831034	control_vntr_matched	mafft_einsi	230.88	5.455	1.0	0.6123	326.77	362	7	27	1.3368	1.2033	23.8	0.1696	1.3812	1.1414	1.1678	30.13	1.65	2.0	2.4	1.3812	3.985	48.07	0.15065	385.43	4	4	0	28	0.0	0.0		1	0.8519	0.1481	0.0	1.1481	0.3125	1.3125
L000308	control_vntr_matched	mafft_einsi__all	21.42	47.148	1.0	0.5341	29.45	20	6	9	1.768	1.9348	189.59	0.2024	1.0119	1.3893	1.0021	248.52	0.18	1.0	1.9697	1.0119	1.0161	4.58	0.02976	33.59	0	0	0	0	0.5714	1.0	1.0	4	0.9433	0.0397	0.0151	1.0407	0.25	1.2656
L000407	control_vntr_correct	mafft_einsi__all	10.29	100.786	3.0	0.3929	14.33	7	4	9	1.0492	1.0	1.67	0.9348	1.0656	1.0	1.0	0.0	0.0	1.0	0.5455	1.0656	1.0929	1.8	0.00101	1.1	0	0	0	0	1.0	1.0	1.0	1	0.9881	0.0119	0.0	1.0119	0.0297	1.0297
L000506	control_nontr_sv	mafft_einsi__all	6.2	161.571	33	0.4286	8.86	1	5	5	1.0	1.0	0.0	1.0	1.0	1.0	1.0	0.0	0.0	0.0	0.4545	1.0	1.0	0.0	0.0	0.0	0	0	0	0	1.0	1.0	1.0	1	0.9145	0.0855	0.0	1.1966	0.3333	2.0
L000709	control_vntr_matched	mafft_einsi__all	1.92	522.0	23.0	0.5	2.4	4	2	3	1.0	1.0	0.0	1.0	1.0	1.0	1.0	0.0	0.0	0.0	0.4545	1.0	1.0	0.0	0.0	0.0	4	0	4	4	1.0	1.0	1.0	1	0.9732	0.0095	0.0173	1.0095	0.0	1.0
L001491	control_vntr_correct	mafft_einsi__all	80.53	17.724	1.0	0.6327	107.64	31	4	9	1.0149	1.0109	3.32	0.3232	1.0107	1.0019	1.0	0.88	0.0	1.0	0.5152	1.0107	1.0	0.0	0.02625	50.12	2	2	0	3	1.0	1.0	1.0	1	0.9443	0.0	0.0352	1.0	0.0	1.0
L001527	control_nontr_sv	mafft_einsi__all	36.19	27.927	1	0.6098	52.07	9	10	12	1.0001	1.0	0.02	0.981	1.0	1.0	1.0	0.0	0.0	0.0	0.2727	1.0	1.0	0.0	0.0	0.0	0	0	0	0	1.0	1.0	1.0	1	0.9703	0.0297	0.0	1.1683	0.0	1.0
L001899	control_vntr_matched	mafft_einsi__all	63.81	16.728	1	0.536	88.82	23	3	9	1.0289	1.0	2.79	0.8043	1.0094	1.0227	1.0036	4.66	1.59	1.0	0.6061	1.0094	1.0165	0.95	0.15406	196.53	0	0	0	0	1.0	1.0	1.0	1	0.5957	0.1696	0.2348	1.3571	0.226	1.5009
L001922	control_vntr_correct	mafft_einsi__all	21.17	48.253	2	0.4933	28.8	3	12	12	1.0091	1.0007	2.81	0.3982	1.0031	1.0074	1.0017	4.58	0.14	0.0	0.4242	1.0031	1.0055	1.01	0.02489	27.1	0	0	0	0	1.0	1.0	1.0	1	0.6325	0.0668	0.2888	1.1582	0.0714	1.2347
L002292	control_nontr_sv	mafft_einsi__all	8.7	115.211	3	0.4737	12.37	3	4	6	1.0	1.0	0.0	1.0	1.0	1.0	1.0	0.0	0.0	0.0	0.4545	1.0	1.0	0.0	0.0	0.0	0	0	0	0	1.0	1.0	1.0	1	0.9839	0.0161	0.0	1.0482		
L003119	control_vntr_correct	mafft_einsi__all	4.13	242.75	157.0	0.4167	5.5	5	2	6	1.0009	1.0	0.09	0.9297	1.0009	1.0012	1.0013	0.26	0.0	1.0	0.9697	1.0009	1.0008	0.36	0.0	0.0	0	0	0	0	1.0	1.0	1.0	1	0.3808	0.0563	0.5629	1.0894	0.0187	1.0531
L003171	control_nontr_sv	mafft_einsi__all	11.28	88.917	47.5	0.5	14.1	4	2	2	1.003	1.003	1.11	0.0	1.003	1.0	1.0	0.0	0.0	1.0	1.0	1.003	1.0	0.0	0.0	0.0	0	0	0	0	1.0	1.0	1.0	1	1.0	0.0	0.0	1.0	0.0	1.0
L003672	control_vntr_correct	mafft_einsi__all	24.0	43.629	1.0	0.5161	32.52	22	2	7	1.3192	1.3211	24.06	0.2361	1.3219	1.0584	1.0588	12.07	0.0	0.0	1.4545	1.3219	3.0904	40.56	0.04067	47.23	0	0	0	0	0.4	1.0	1.0	3	0.8097	0.1415	0.0487	1.1481	0.3519	1.4043
L003695	hotspot_other	mafft_einsi__all	64.11	25.261	2.0	0.4014	89.84	9	11	12	1.4616	1.6238	67.07	0.286	1.8254	1.4253	1.6669	140.65	1.75	3.0	2.697	1.8254	1.8819	100.62	0.28958	530.93	0	0	0	0	0.5	1.0	1.0	5	0.5331	0.1436	0.3204	1.4751	0.1776	1.6348
L003872	control_vntr_matched	mafft_einsi__all	89.34	11.795	2.0	0.4697	122.5	49	6	7	1.2203	1.2599	22.0	0.2506	1.1965	1.1267	1.1199	37.38	0.96	1.0	1.0	1.1965	1.6918	22.95	0.03226	45.35	0	0	0	0	1.0	1.0	1.0	2	0.9782	0.0198	0.0	1.0198	0.0204	1.0204
L003883	control_nontr_sv	mafft_einsi__all	32.61	137.852	1	0.5926	42.27	2	3	3	1.0003	1.0003	0.4	0.0525	1.0003	1.0	1.0	0.0	0.0	1.0	0.5152	1.0003	1.0	0.0	0.0	0.0	0	0	0	0	1.0	1.0	1.0	1	0.9974	0.0026	0.0	1.0026	0.0	1.0
L004620	control_nontr_sv	mafft_einsi__all	12.35	81.167	6.5	0.4167	16.46	2	5	5	1.0	1.0	0.0	0.997	1.0002	1.0	1.0004	0.01	0.41	1.0	0.5152	1.0002	1.0	0.0	0.00694	7.2	0	0	0	0	1.0	1.0	1.0	1	0.9141	0.0859	0.0	1.1094	0.0	1.0
L004989	hotspot_other	mafft_einsi__all	276.97	6.697	1.0	0.6104	398.78	11	29	29	1.4261	1.3582	84.54	0.0468	1.3059	1.3501	1.2794	160.05	19.04	3.0	3.3636	1.3059	1.2888	99.75	0.47047	1293.66	5	1	4	88	0.5714	1.0	1.0	4	0.5973	0.1611	0.2282	1.6583	0.2048	1.9453
L005261	hotspot_other	mafft_einsi__all	508.73	6.535	1	0.5263	747.38	15	23	26	1.0948	1.0125	37.69	0.1914	1.0158	1.1012	1.0302	84.42	4.29	1.0	1.4848	1.0158	1.009	3.61	0.50189	2776.48	24	23	1	146	0.0	1.0	1.0	5	0.645	0.2597	0.0909	1.4522	0.3611	1.7664
L005688	control_nontr_sv	mafft_einsi__all	178.37	7.969	1	0.6299	238.76	39	3	5	1.0235	1.0241	5.03	0.3571	1.0236	1.0	1.0	0.0	0.0	1.0	0.8182	1.0236	1.0158	4.01	0.0	0.0	0	0	0	0	1.0	1.0	1.0	1	1.0	0.0	0.0	1.0	0.0	1.0
L006556	control_nontr_sv	mafft_einsi__all	16.2	62.0	1	0.5333	20.52	4	3	4	1.0033	1.0033	1.12	0.1373	1.0033	1.0	1.0	0.0	0.0	1.0	0.5152	1.0033	1.0	0.0	0.0	0.0	0	0	0	0	1.0	1.0	1.0	1	0.9846	0.0154	0.0	1.0154	0.0	1.0
L007065	control_vntr_matched	mafft_einsi__all	9.17	111.051	1	0.5128	12.22	8	7	9	1.0003	1.0	0.02	0.9515	1.0	1.0	1.0	0.0	0.0	1.0	0.5455	1.0	1.0	0.0	0.0033	3.53	0	0	0	0	1.0	1.0	1.0	1	0.9792	0.0104	0.0104	1.0106	0.0385	1.0385
L007184	hotspot_other	mafft_einsi__all	74.13	21.354	2.0	0.4167	115.83	5	21	21	1.2345	1.0407	44.1	0.2191	1.258	1.2067	1.2493	83.37	12.18	2.0	2.1212	1.258	1.2535	80.22	0.32218	602.32	2	0	2	8	0.5	1.0	1.0	3	0.7321	0.0804	0.1786	1.5269	0.1481	2.2487
L007192	control_nontr_sv	mafft_einsi__all	27.74	49.0	1	0.5263	39.42	4	6	11	1.0	1.0	0.0	1.0	1.0	1.0	1.0	0.0	0.01	0.0	0.2424	1.0	1.0	0.0	0.0109	16.06	0	0	0	0	1.0	1.0	1.0	1	0.9204	0.0796	0.0	1.2212	0.4444	2.3333
L007687	control_vntr_matched	mafft_einsi__all	53.31	20.688	1	0.617	71.46	41	5	10	1.0347	1.0	2.73	0.7854	1.0097	1.0223	1.0069	3.69	0.03	1.0	0.697	1.0097	1.0599	2.59	0.10456	136.86	0	0	0	0	1.0	1.0	1.0	1	0.7899	0.1007	0.1072	1.1217	0.1692	1.2308
L008631	control_nontr_sv	mafft_einsi__all	19.91	74.286	3.5	0.4286	28.45	3	6	8	1.0	1.0	0.0	1.0	1.0	1.0	1.0	0.0	0.0	0.0	0.1818	1.0	1.0	0.0	0.0	0.0	0	0	0	0	1.0	1.0	1.0	1	0.9139	0.0861	0.0	1.2185	0.1282	1.4615
L008887	control_vntr_correct	mafft_einsi__all	14.66	77.868	1.0	0.5263	19.68	14	2	7	1.0067	1.0	0.09	0.9063	1.0077	1.0021	1.0027	0.06	0.0	2.0	2.0	1.0077	1.0094	1.2	0.01559	18.9	0	0	0	0	1.0	1.0	1.0	2	0.9684	0.0111	0.0205	1.0143	0.0455	1.1288
L008902	control_vntr_correct	mafft_einsi__all	53.62	20.318	2	0.4305	74.57	59	2	7	1.2712	1.2909	16.15	0.191	1.0303	1.0298	1.0169	5.91	0.26	1.0	1.0	1.0303	1.5327	16.46	0.02853	39.42	0	0	0	0	1.0	1.0	1.0	2	0.9753	0.0141	0.0088	1.0186	0.0909	1.2273
L009283	control_nontr_sv	mafft_einsi__all	19.13	52.533	1	0.5333	24.23	5	2	4	1.0078	1.0074	1.17	0.1933	1.0074	1.0	1.0	0.0	0.0	0.0	0.4848	1.0074	1.0	0.0	0.0	0.0	0	0	0	0	1.0	1.0	1.0	1	1.0	0.0	0.0	1.0	0.0	1.0
L009398	hotspot_vntr	mafft_einsi__all	68.68	16.328	2.0	0.3731	99.44	18	21	25	1.045	1.014	16.05	0.124	1.0297	1.0436	1.028	32.04	3.89	1.5	1.4062	1.0297	1.0228	6.72	0.18928	266.02	6	6	0	63	0.5714	1.0	1.0	5	0.3333	0.2722	0.3889	2.0611	0.2817	2.2313
L009600	control_nontr_sv	mafft_einsi__all	2.96	372.333	409	0.0	2.96	1	2	2	1.0	1.0	0.0	1.0	1.0	1.0	1.0	0.0	0.0	1.0	1.0	1.0	1.0	0.0	0.0	0.0	0	0	0	0	1.0	1.0	1.0	1	1.0	0.0	0.0	1.0	0.0	1.0
L009771	control_vntr_correct	mafft_einsi__all	10.24	107.25	10.5	0.5	12.8	4	2	2	1.0	1.0	0.0	1.0	1.0	1.0	1.0	0.0	0.0	1.0	1.0	1.0	1.0	0.0	0.00075	0.85	0	0	0	0	1.0	1.0	1.0	1	0.989	0.011	0.0	1.011	0.0	1.0
L010113	control_vntr_correct	mafft_einsi__all	13.32	75.775	1.0	0.55	17.99	14	2	8	1.0	1.0	0.0	1.0	1.0	1.0	1.0	0.0	0.3	0.0	0.4848	1.0	1.0	0.0	0.00867	9.33	0	0	0	0	1.0	1.0	1.0	1	0.9408	0.0457	0.0135	1.0462	0.0909	1.101
L010452	control_nontr_sv	mafft_einsi__all	11.21	96.0	13	0.4444	13.7	3	2	2	1.0	1.0	0.0	1.0	1.0	1.0	1.0	0.0	0.0	1.0	0.9697	1.0	1.0	0.0	0.0	0.0	0	0	0	0	1.0	1.0	1.0	1	1.0	0.0	0.0	1.0	0.0	1.0
L010508	control_vntr_correct	mafft_einsi__all	14.74	69.481	1.0	0.5769	19.56	18	2	11	1.0023	1.0	0.03	0.9956	1.0007	1.0014	1.0	0.04	0.0	1.0	0.5152	1.0007	1.125	1.2	0.00383	4.25	0	0	0	0	1.0	1.0	1.0	1	0.9841	0.0111	0.0048	1.0111	0.0333	1.0333
L011121	control_vntr_correct	mafft_einsi__all	45.47	25.336	1.0	0.5431	61.15	8	6	10	1.0322	1.0	1.87	0.8827	1.1504	1.0255	1.1215	3.1	0.11	1.0	1.0909	1.1504	1.1722	20.81	0.03975	53.31	0	0	0	0	1.0	1.0	1.0	1	0.9235	0.0261	0.0485	1.027	0.0274	1.0294
L011227	control_vntr_matched	mafft_einsi__all	11.9	107.93	18	0.4186	16.33	15	2	11	1.1132	1.0	5.87	0.7833	1.0825	1.0541	1.0615	6.23	0.0	1.0	0.6061	1.0825	1.107	3.18	0.07357	97.98	0	0	0	0	1.0	1.0	1.0	1	0.6155	0.041	0.3359	1.1022	0.0323	1.1468
L011931	control_nontr_sv	mafft_einsi__all	24.87	76.208	2.0	0.5	35.23	4	8	8	1.0012	1.0012	0.49	0.2684	1.0012	1.0	1.0	0.0	0.0	1.0	0.5152	1.0012	1.0	0.0	0.0	0.0	0	0	0	0	1.0	1.0	1.0	1	0.9783	0.0217	0.0	1.0652	0.0	1.0
L012313	control_vntr_matched	mafft_einsi__all	20.63	49.773	1.0	0.6061	27.2	20	5	14	1.065	1.0	1.59	0.9061	1.3285	1.0	1.0	0.0	1.3	2.0	1.6364	1.3285	2.3528	25.55	0.00549	6.25	1	1	0	1	1.0	1.0	1.0	2	0.8748	0.0541	0.0711	1.0541	0.042	1.042
L012530	control_nontr_sv	mafft_einsi__all	28.28	35.727	1.5	0.5	37.28	7	3	7	1.0	1.0	0.0	1.0	1.0	1.0	1.0	0.0	0.0	0.0	0.4848	1.0	1.0345	2.58	0.0	0.0	0	0	0	0	1.0	1.0	1.0	1	0.9355	0.0645	0.0	1.0645		
L013074	control_vntr_correct	mafft_einsi__all	4.09	244.714	1.0	0.5714	5.26	10	2	3	1.0015	1.0	0.43	0.8675	1.0015	1.0006	1.0006	0.36	0.0	2.0	2.0	1.0015	1.0	0.0	0.00143	1.46	0	0	0	0	0.0	1.0	1.0	2	0.9976	0.0	0.0	1.0	0.0	1.0
L013399	control_nontr_sv	mafft_einsi__all	9.12	239.833	167.5	0.3333	10.64	2	2	3	1.0	1.0	0.0	1.0	1.0	1.0	1.0	0.0	0.0	1.0	0.7879	1.0	1.0	0.0	0.0	0.0	0	0	0	0	1.0	1.0	1.0	1	0.9957	0.0043	0.0	1.0043	0.0	1.0
L014111	control_vntr_matched	mafft_einsi__all	33.68	30.796	1.0	0.5493	45.78	51	3	4	1.112	1.0993	7.1	0.1599	1.1153	1.0022	1.0023	0.38	0.0	2.0	1.0606	1.1153	4.6202	29.44	0.01482	18.26	0	0	0	0	1.0	1.0	1.0	2	0.997	0.0015	0.0	1.0015	0.0	1.0
L014324	control_vntr_correct	mafft_einsi__all	12.73	93.031	1.0	0.5312	16.71	10	3	6	1.045	1.0	4.4	0.5806	1.0673	1.0336	1.0497	6.78	0.0	1.0	1.0	1.0673	1.0691	10.78	0.02117	26.25	0	0	0	0	1.0	1.0	1.0	1	0.8705	0.036	0.0935	1.0424	0.0571	1.0674
L014426	control_vntr_correct	mafft_einsi__all	21.21	47.4	4.0	0.35	30.22	9	3	9	1.0879	1.047	17.89	0.3041	1.0035	1.0626	1.0053	26.9	0.04	0.0	0.9697	1.0035	1.0073	1.07	0.02044	22.8	1	1	0	1	1.0	1.0	1.0	2	0.8506	0.1379	0.0115	1.1734	0.0625	1.0781
L014899	control_nontr_sv	mafft_einsi__all	6.0	166.833	109.5	0.3333	7.0	2	2	2	1.0	1.0	0.0	1.0	1.0	1.0	1.0	0.0	0.0	1.0	0.5455	1.0	1.0	0.0	0.0	0.0	0	0	0	0	1.0	1.0	1.0	1	1.0	0.0	0.0	1.0		
L015223	control_vntr_matched	mafft_einsi__all	71.22	21.291	1.0	0.5255	97.02	71	2	4	1.0805	1.0779	22.37	0.24	1.0854	1.0061	1.0073	3.94	1.04	5.0	4.697	1.0854	1.0677	24.86	0.07894	144.62	0	0	0	0	0.2857	1.0	1.0	5	0.9429	0.0252	0.0319	1.0262	0.0345	1.0603
L015285	control_vntr_correct	mafft_einsi__all	8.95	112.0	1.0	0.5833	11.56	7	3	4	1.0049	1.0049	0.35	0.0997	1.0049	1.0	1.0	0.0	0.0	1.0	0.5152	1.0049	1.0	0.0	0.00744	7.83	0	0	0	0	1.0	1.0	1.0	1	0.9341	0.0019	0.064	1.0235	0.0139	1.1664
L015743	control_vntr_correct	mafft_einsi__all	6.68	167.688	1.0	0.5312	9.18	10	4	7	1.0038	1.0769	0.63	0.2377	1.002	1.0012	1.0001	0.41	36.09	1.0	0.9697	1.002	1.001	0.7	0.10809	124.37	1	0	1	2	1.0	1.0	1.0	2	0.3631	0.0923	0.5446	1.1801	0.0818	1.1981
L016040	control_nontr_sv	mafft_einsi__all	29.25	37.381	1	0.5714	37.6	7	2	4	1.0	1.0	0.0	1.0	1.0	1.0	1.0	0.0	0.0	1.0	0.5152	1.0	1.0	0.0	0.0	0.0	0	0	0	0	1.0	1.0	1.0	1	1.0	0.0	0.0	1.0		
L016062	control_vntr_correct	mafft_einsi__all	13.69	76.639	1.0	0.5278	18.25	12	3	4	1.0	1.0	0.0	1.0	1.0	1.0	1.0	0.0	0.02	1.0	0.5152	1.0	1.0019	0.02	0.02787	31.56	0	0	0	0	1.0	1.0	1.0	1	0.6895	0.0244	0.2861	1.0324	0.0429	1.0562
L016124	control_vntr_matched	mafft_einsi__all	69.8	14.704	1.0	0.5577	93.15	88	2	6	1.0543	1.0533	3.4	0.2746	1.055	1.0069	1.007	1.21	0.0	0.0	0.9697	1.055	1.0	0.0	0.10321	126.17	0	0	0	0	0.4	1.0	1.0	2	0.9752	0.0149	0.0075	1.0149	0.0	1.0
L016274	control_nontr_sv	mafft_einsi__all	6.74	254.0	337	0.2	8.09	1	3	3	1.0	1.0	0.0	1.0	1.0	1.0	1.0	0.0	0.0	0.0	0.4242	1.0	1.0	0.0	0.0	0.0	0	0	0	0	1.0	1.0	1.0	1	0.9537	0.0463	0.0	1.0463	0.0	1.0
L016523	control_vntr_correct	mafft_einsi__all	15.29	68.286	1.0	0.5238	21.11	13	2	12	1.0	1.0	0.0	1.0	1.0	1.0	1.0	0.0	0.5	0.0	0.4848	1.0	1.3057	5.3	0.00512	5.82	0	0	0	0	1.0	1.0	1.0	1	0.9741	0.0219	0.004	1.0219	0.0909	1.0909
L017097	control_nontr_sv	mafft_einsi__all	66.93	32.059	1	0.6275	89.24	11	6	10	1.0025	1.0012	0.93	0.4393	1.0026	1.0	1.0	0.0	0.0	1.0	0.6364	1.0026	1.0	0.0	0.0	0.0	0	0	0	1	1.0	1.0	1.0	1	1.0	0.0	0.0	1.0	0.0	1.0
TR423938	control_vntr_matched	mafft_einsi__all	3.99	250.889	286	0.4444	4.88	3	2	3	1.0	1.0	0.0	1.0	1.0	1.0	1.0	0.0	0.0	0.0	0.0303	1.0	1.0	0.0	0.00922	9.31	0	0	0	0				0	0.6528	0.0907	0.2565	1.092	0.1933	1.1967
TR446002	control_vntr_matched	mafft_einsi__all	10.8	92.84	2	0.4	14.26	6	3	5	1.0024	1.0	0.06	0.8698	1.0014	1.0	1.0	0.0	0.0	0.0	0.0303	1.0014	1.0	0.0	0.00409	4.32	1	1	0	1				0	1.0	0.0	0.0	1.0	0.0	1.0
TR455654	control_vntr_matched	mafft_einsi__all	15.81	64.605	2.0	0.4211	22.06	13	3	7	1.0069	1.0	0.17	0.9065	1.0092	1.0105	1.0146	0.57	0.04	0.0	0.0303	1.0092	1.1441	1.04	0.019	20.81	0	0	0	0				0	0.9411	0.0589	0.0	1.0632	0.25	1.25
TR460913	control_vntr_matched	mafft_einsi__all	27.42	36.778	1.0	0.6111	35.8	12	2	7	1.0015	1.0	0.01	0.9904	1.0	1.002	1.0	0.03	0.0	0.0	0.0	1.0	1.0	0.0	0.01509	17.52	0	0	0	0				0	0.9163	0.0352	0.0485	1.0441	0.1569	1.1961
TR499275	control_vntr_matched	mafft_einsi__all	6.9	145.167	1.0	0.5333	8.98	10	2	4	1.0	1.0	0.0	1.0	1.0	1.0	1.0	0.0	0.0	0.0	0.0	1.0	1.0	0.0	0.0	0.0	0	0	0	0				0	0.9701	0.0075	0.0224	1.0075	0.0	1.0
TR499276	control_vntr_matched	mafft_einsi__all	8.92	112.4	1.0	0.675	11.6	13	2	5	1.0	1.0	0.0	1.0	1.0	1.0	1.0	0.0	0.0	0.0	0.0	1.0	1.0	0.0	0.0	0.0	0	0	0	0				0	1.0	0.0	0.0	1.0	0.0	1.0
TR573259	control_vntr_matched	mafft_einsi__all	62.01	22.547	1	0.5083	84.62	64	2	4	1.0781	1.0	9.95	0.6562	1.0782	1.0749	1.0751	21.22	8.9	0.0	0.1515	1.0782	1.048	0.56	0.13878	223.36	0	0	0	0				0	0.8035	0.079	0.1175	1.1185	0.1064	1.2532
TR687433	control_vntr_matched	mafft_einsi__all	2.39	419.125	462.5	0.25	2.98	3	2	4	1.0	1.0	0.0	1.0	1.0	1.0	1.0	0.0	0.0	0.0	0.0909	1.0	1.0	0.0	0.0	0.0	1	0	1	1				0	0.6594	0.0034	0.3372	1.0315	0.006	1.0552
TR687489	control_vntr_matched	mafft_einsi__all	4.39	228.083	2.0	0.5	5.49	4	2	2	1.0	1.0	0.0	1.0	1.0	1.0	1.0	0.0	0.0	0.0	0.0	1.0	1.0	0.0	0.0	0.0	0	0	0	0				0	0.8352	0.0	0.1648	1.0019	0.0	1.0034
TR724750	control_vntr_matched	mafft_einsi__all	106.78	10.478	1.0	0.6164	143.05	109	2	4	1.5652	1.0	7.99	0.8507	1.5634	1.3417	1.3402	14.78	0.0	0.0	0.0303	1.5634	2.0303	1.73	0.21579	324.04	0	0	0	0				0	0.6401	0.2004	0.1596	1.2292	0.2619	1.3288
TR743754	control_vntr_matched	mafft_einsi__all	15.74	63.848	1.0	0.6087	20.53	11	4	9	1.0067	1.0	0.39	0.8367	1.0019	1.0045	1.0009	0.55	0.0	0.0	0.0909	1.0019	1.0	0.0	0.00031	0.34	0	0	0	0				0	0.9157	0.0651	0.0192	1.067	0.1111	1.1389
L000034	hotspot_vntr	mafft_ginsi	352.16	5.108	1.0	0.5699	490.38	94	30	32	1.3235	1.2861	57.03	0.1127	1.2944	1.209	1.1885	99.31	4.1	2.0	2.7273	1.2944	1.3355	39.74	0.40056	1308.61	75	20	55	321	0.1053	1.0	1.0	7	0.6107	0.2088	0.1727	1.4038	0.2181	1.45
L000289	hotspot_vntr	mafft_ginsi	766.03	2.135	1	0.7674	1127.7	73	34	34	1.0891	1.1014	46.49	0.0053	1.0897	1.0803	1.0861	92.95	1.6	5.0	4.6061	1.0897	1.0115	5.63	0.7783	7618.8	19	11	8	690	0.3871	1.0	1.0	12	0.6771	0.1038	0.2006	1.4812	0.1088	1.6238
L000308	control_vntr_matched	mafft_ginsi	22.64	44.634	1	0.5484	31.16	22	6	9	1.7697	1.9367	190.01	0.2024	1.0128	1.3901	1.0027	249.06	0.0	1.0	1.5455	1.0128	1.0161	4.58	0.03517	39.92	0	0	0	0	1.0	1.0	1.0	3	0.9395	0.0435	0.0151	1.0445	0.2812	1.2969
L000381	control_vntr_matched	mafft_ginsi	29.64	34.908	1.0	0.6214	39.72	70	3	8	1.0169	1.0	0.12	0.8726	1.0236	1.0062	1.0087	0.11	0.0	1.0	1.0303	1.0236	1.7263	13.45	0.00872	10.51	0	0	0	1	1.0	1.0	1.0	1	0.994	0.0053	0.0	1.0053	0.0303	1.0312
L000407	control_vntr_correct	mafft_ginsi	10.29	100.786	3.0	0.3929	14.33	7	4	9	1.0492	1.0	1.67	0.9348	1.0656	1.0	1.0	0.0	0.0	1.0	0.5455	1.0656	1.0929	1.8	0.00101	1.1	0	0	0	0	1.0	1.0	1.0	1	0.9881	0.0119	0.0	1.0119	0.0297	1.0297
L000506	control_nontr_sv	mafft_ginsi	6.2	161.571	33	0.4286	8.86	1	5	5	1.0	1.0	0.0	1.0	1.0	1.0	1.0	0.0	0.0	0.0	0.4545	1.0	1.0	0.0	0.0	0.0	0	0	0	0	1.0	1.0	1.0	1	0.9145	0.0855	0.0	1.1966	0.3333	2.0
L000698	control_vntr_correct	mafft_ginsi	18.62	67.877	1	0.5385	26.07	20	6	9	1.0342	1.0	1.16	0.8088	1.0556	1.0056	1.0092	0.41	0.0	2.0	1.9697	1.0556	1.1361	28.97	0.02472	33.52	0	0	0	0	1.0	1.0	1.0	2	0.866	0.0568	0.0771	1.0961	0.0286	1.1571
L000709	control_vntr_matched	mafft_ginsi	1.92	522.0	23.0	0.5	2.4	4	2	3	1.0	1.0	0.0	1.0	1.0	1.0	1.0	0.0	0.0	0.0	0.4545	1.0	1.0	0.0	0.0	0.0	4	0	4	4	1.0	1.0	1.0	1	0.9732	0.0095	0.0173	1.0095	0.0	1.0
L001084	hotspot_vntr	mafft_ginsi	458.65	6.114	1	0.7611	623.16	76	33	33	1.051	1.0575	24.53	0.0036	1.0592	1.0546	1.0573	54.41	1.41	2.0	2.2121	1.0592	1.0228	7.84	0.53667	3246.43	1	0	1	358	0.0	1.0	1.0	4	0.2514	0.1099	0.636	3.6233	0.1023	3.5419
L001264	hotspot_vntr	mafft_ginsi	920.5	2.844	1	0.7198	1296.99	220	34	34	1.104	1.1196	56.44	0.0	1.1703	1.1011	1.1578	119.11	1.0	3.0	3.9697	1.1703	1.1152	43.45	0.69864	7094.41	19	7	12	749	0.1538	1.0	1.0	11	0.3369	0.0866	0.5587	3.3896	0.0902	3.7951
L001491	control_vntr_correct	mafft_ginsi	80.53	17.724	1.0	0.6327	107.64	31	4	9	1.0149	1.0109	3.32	0.3232	1.0107	1.0019	1.0	0.88	0.0	1.0	0.5152	1.0107	1.0	0.0	0.02625	50.12	2	2	0	3	1.0	1.0	1.0	1	0.9443	0.0	0.0352	1.0	0.0	1.0
L001527	control_nontr_sv	mafft_ginsi	36.19	27.927	1	0.6098	52.07	9	10	12	1.0001	1.0	0.02	0.981	1.0	1.0	1.0	0.0	0.0	0.0	0.2727	1.0	1.0	0.0	0.0	0.0	0	0	0	0	1.0	1.0	1.0	1	0.9703	0.0297	0.0	1.1683	0.0	1.0
L001894	control_vntr_matched	mafft_ginsi	48.91	21.193	1.0	0.5823	65.78	84	3	5	1.0042	1.0	0.12	0.6814	1.0157	1.0025	1.0085	0.16	0.0	0.0	0.0606	1.0157	4.1703	16.43	0.0524	63.77	0	0	0	0	0.0	0.0		0	0.9866	0.0106	0.0021	1.0106	0.0	1.0
L001899	control_vntr_matched	mafft_ginsi	62.28	17.221	1.0	0.5082	86.27	29	3	9	1.0392	1.0	3.79	0.8043	1.0251	1.0472	1.034	9.69	0.36	1.0	1.0606	1.0251	1.0313	1.81	0.14517	183.26	0	0	0	0	0.0	1.0	1.0	2	0.5739	0.1913	0.2348	1.3294	0.2329	1.4505
L001909	hotspot_vntr	mafft_ginsi	366.48	4.354	1	0.5823	523.05	372	34	34	1.1735	1.1326	54.8	0.0	1.1759	1.1547	1.1771	105.93	0.52	8.0	8.3333	1.1759	1.1551	40.98	0.57526	2019.09	120	7	113	1052	0.2769	0.2769	1.0	36	0.1818	0.1224	0.6883	3.8095	0.1195	3.8753
L001922	control_vntr_correct	mafft_ginsi	95.43	11.172	1.0	0.5769	129.87	78	8	12	1.0276	1.0183	8.52	0.3742	1.0442	1.0531	1.0681	33.07	3.91	0.0	0.4242	1.0442	1.0257	4.69	0.20486	273.57	0	0	0	0	1.0	1.0	1.0	1	0.4105	0.2888	0.2888	1.429	0.1643	1.4914
L002013	hotspot_vntr	mafft_ginsi	779.27	3.335	1.0	0.6904	1121.43	32	32	32	1.1057	1.0957	55.21	0.0	1.1475	1.1098	1.1446	122.77	2.2	6.0	7.2727	1.1475	1.1554	53.16	0.53849	3728.37	9	9	0	1172	0.4375	1.0	1.0	17	0.2855	0.0626	0.6443	1.9687	0.0534	2.0591
L002096	hotspot_vntr	mafft_ginsi	213.27	11.774	1.0	0.57	299.76	104	12	33	1.2139	1.0702	49.69	0.0786	1.0718	1.1736	1.0471	86.63	0.74	7.0	7.2121	1.0718	1.023	11.12	0.30122	1040.29	4	4	0	39	0.087	1.0	1.0	9	0.2941	0.0882	0.598	1.4227	0.0874	1.4951
L002143	hotspot_vntr	mafft_ginsi	141.99	8.522	1	0.5576	191.84	183	12	23	1.1824	1.1384	11.99	0.3527	1.2984	1.1335	1.1747	22.53	0.18	4.0	2.8182	1.2984	1.7712	19.93	0.3213	604.7	3	0	3	72	0.5333	1.0	1.0	7	0.4608	0.1506	0.3848	1.5958	0.2211	1.8513
L002182	hotspot_vntr	mafft_ginsi	908.71	2.978	1.0	0.7396	1266.33	52	31	32	1.0595	1.0547	32.13	0.0072	1.1643	1.0602	1.1495	68.26	1.06	2.0	2.1818	1.1643	1.0938	37.22	0.62421	5533.5	2	1	1	19	0.25	1.0	1.0	3	0.4653	0.2447	0.284	1.5724	0.3317	1.7252
L002292	control_nontr_sv	mafft_ginsi	78.33	13.485	2	0.4795	104.9	54	4	6	1.0887	1.0887	67.1	0.188	1.0885	1.1573	1.1566	239.72	5.12	0.0	0.9091	1.0885	1.0325	11.8	0.1087	126.43	0	0	0	0	0.6667	1.0	1.0	2	0.9036	0.0964	0.0	1.1285		
L002884	control_vntr_matched	mafft_ginsi	17.96	60.75	4.0	0.3824	24.83	25	2	12	1.0149	1.0	0.17	0.9091	1.0213	1.0032	1.0054	0.08	0.0	1.0	1.0303	1.0213	1.0541	4.41	0.00946	11.36	2	0	2	2	1.0	1.0	1.0	1	0.6981	0.0674	0.2345	1.0759	0.0724	1.0904
L002940	hotspot_other	mafft_ginsi	256.31	5.845	1	0.6442	360.78	33	17	26	1.0789	1.0398	24.6	0.1963	1.0777	1.0455	1.0571	31.99	1.49	2.0	1.9091	1.0777	1.0692	16.34	0.22679	496.24	1	0	1	24	0.2857	1.0	1.0	4	0.5675	0.2761	0.1442	1.5318	0.3907	1.7559
L003119	control_vntr_correct	mafft_ginsi	58.44	17.982	2.0	0.4588	77.69	58	2	6	1.1154	1.0	11.64	0.827	1.1162	1.2593	1.2654	53.34	1.55	1.0	0.9697	1.1162	1.0008	0.36	0.0731	79.41	0	0	0	0	1.0	1.0	1.0	1	0.3278	0.1093	0.5629	1.1242	0.125	1.1531
L003171	control_nontr_sv	mafft_ginsi	11.28	88.917	47.5	0.5	14.1	4	2	2	1.003	1.003	1.11	0.0	1.003	1.0	1.0	0.0	0.0	1.0	1.0	1.003	1.0	0.0	0.0	0.0	0	0	0	0	1.0	1.0	1.0	1	1.0	0.0	0.0	1.0	0.0	1.0
L003672	control_vntr_correct	mafft_ginsi	17.42	60.022	1	0.5556	23.23	15	2	7	1.2992	1.3008	22.55	0.2361	1.3017	1.0	1.0	0.0	0.0	0.0	0.9697	1.3017	3.0708	40.18	0.01875	21.29	0	0	0	0	1.0	1.0	1.0	2	0.935	0.0162	0.0487	1.0162	0.0	1.0
L003695	hotspot_other	mafft_ginsi	95.71	13.807	1.0	0.5236	133.18	6	10	12	1.1904	1.2654	27.66	0.2249	1.7217	1.1508	1.5417	49.88	0.95	3.0	2.7273	1.7217	1.8121	92.67	0.21239	351.24	0	0	0	0	0.6667	1.0	1.0	3	0.5193	0.1575	0.3204	1.5527	0.2008	1.7317
L003826	control_vntr_matched	mafft_ginsi	409.42	3.239	1	0.6824	565.15	140	33	33	1.205	1.2536	16.0	0.0643	1.3665	1.1502	1.2004	29.02	0.31	1.0	1.3939	1.3665	1.6614	25.15	0.28071	670.9	5	0	5	30	0.6667	1.0		2	0.5418	0.3208	0.1348	2.0176	0.4212	2.3425
L003828	hotspot_other	mafft_ginsi	151.1	7.186	1.0	0.5553	210.88	69	26	26	1.048	1.0362	20.7	0.0583	1.0144	1.0646	1.0231	57.05	2.01	3.0	3.4848	1.0144	1.0033	3.09	0.27294	454.43	1	0	1	48	0.1538	1.0	1.0	7	0.6121	0.1379	0.25	1.7061	0.1333	1.8101
L003872	control_vntr_matched	mafft_ginsi	146.87	7.516	2.0	0.47	200.34	100	6	7	1.2317	1.213	23.13	0.2119	1.1875	1.1547	1.1193	45.63	1.01	1.0	1.0	1.1875	1.6541	21.7	0.10468	159.05	0	0	0	0	1.0	1.0	1.0	2	0.9287	0.0693	0.0	1.0694	0.0204	1.0204
L003883	control_nontr_sv	mafft_ginsi	355.07	13.289	1.0	0.5034	473.43	92	3	3	1.0617	1.0617	71.87	0.0525	1.0617	1.1331	1.1332	310.91	4.44	1.0	0.5152	1.0617	1.0021	1.97	0.08329	422.71	0	0	0	0	1.0	1.0	1.0	1	0.9314	0.0686	0.0	1.0686	0.3333	1.3333
L004021	control_vntr_matched	mafft_ginsi	22.1	45.579	1	0.6023	29.73	43	6	20	1.0215	1.0	1.01	0.7736	1.0039	1.0047	1.0058	0.46	0.0	1.0	1.1212	1.0039	1.0234	0.79	0.00377	4.27	0	0	0	1	1.0	1.0	1.0	1	0.9816	0.0167	0.0	1.0167	0.0172	1.0179
L004145	hotspot_vntr	mafft_ginsi	280.13	4.244	1.0	0.602	388.03	806	20	31	1.2294	1.2119	45.09	0.1192	1.2008	1.1396	1.1234	82.52	2.12	3.0	4.1935	1.2008	1.0908	13.72	0.19242	351.38	1	0	1	10	0.0588	1.0	1.0	9	0.7743	0.1922	0.0335	1.3797	0.4208	1.9469
L004620	control_nontr_sv	mafft_ginsi	11.32	88.545	6	0.4545	14.4	3	3	5	1.0002	1.0	0.06	0.9494	1.0032	1.0004	1.0063	0.25	0.0	1.0	0.5152	1.0032	1.0	0.0	0.0	0.0	0	0	0	0	1.0	1.0	1.0	1	0.9531	0.0469	0.0	1.0469	0.0	1.0
L004848	hotspot_other	mafft_ginsi	562.89	2.689	1.0	0.7681	792.6	44	27	30	1.246	1.2354	54.11	0.0216	1.1605	1.2045	1.1286	107.92	1.02	3.0	2.4545	1.1605	1.0644	17.36	0.6039	2853.82	17	4	13	99	0.0	1.0		1	0.5826	0.0868	0.1777	1.3395	0.0938	1.4193
L004989	hotspot_other	mafft_ginsi	367.63	3.67	1	0.7337	526.7	16	29	29	1.2377	1.1486	47.15	0.0162	1.0806	1.1946	1.091	88.97	7.89	3.0	2.8788	1.0806	1.0444	15.35	0.42638	1082.31	4	2	2	88	0.2222	1.0	1.0	6	0.651	0.1074	0.2282	1.612	0.1325	1.9421
L005064	hotspot_other	mafft_ginsi	93.22	17.413	2	0.4	132.33	44	21	29	1.0878	1.0708	15.3	0.218	1.0517	1.0409	1.0208	15.55	0.38	1.0	0.8182	1.0517	1.0684	6.89	0.27127	526.28	3	0	3	60	1.0	1.0	1.0	2	0.6004	0.103	0.2735	1.2475	0.1139	1.3974
L005261	hotspot_other	mafft_ginsi	405.12	7.224	1.0	0.5057	591.39	24	19	26	1.0393	1.0222	15.61	0.132	1.0178	1.042	1.0262	35.04	0.64	1.0	0.9697	1.0178	1.0124	4.97	0.42674	2051.22	49	49	0	146	0.6667	1.0	1.0	2	0.7273	0.1775	0.0909	1.337	0.3056	1.6308
L005411	hotspot_vntr	mafft_ginsi	122.3	9.152	1	0.6139	173.62	108	22	33	1.3829	1.6152	25.88	0.0607	1.1301	1.202	1.0861	36.33	0.38	4.0	4.4242	1.1301	1.143	28.48	0.41453	777.11	19	19	0	157	0.25	0.25	1.0	4	0.4437	0.31	0.2279	1.8106	0.3207	1.8338
L005481	hotspot_vntr	mafft_ginsi	142.48	8.451	1.0	0.5674	195.16	10	22	23	1.0871	1.0	10.14	0.5762	1.5388	1.0788	1.4065	19.46	0.64	2.0	1.9394	1.5388	1.6842	90.5	0.30946	548.38	58	0	58	71	1.0	1.0	1.0	2	0.4527	0.1977	0.3295	1.4262	0.1456	1.4561
L005618	hotspot_other	mafft_ginsi	577.33	2.25	1.0	0.6717	811.0	94	32	32	1.2383	1.2205	59.44	0.0018	1.1488	1.1923	1.1283	114.93	2.32	4.0	3.3939	1.1488	1.0818	19.85	0.72983	4369.63	15	2	13	304	0.1818	1.0	1.0	4	0.6708	0.1015	0.1477	1.4588	0.1568	1.7031
L005688	control_nontr_sv	mafft_ginsi	178.37	7.969	1	0.6299	238.76	39	3	5	1.0235	1.0241	5.03	0.3571	1.0236	1.0	1.0	0.0	0.0	1.0	0.8182	1.0236	1.0158	4.01	0.0	0.0	0	0	0	0	1.0	1.0	1.0	1	1.0	0.0	0.0	1.0	0.0	1.0
L005990	hotspot_vntr	mafft_ginsi	123.0	16.43	2	0.4289	182.76	120	18	32	1.0631	1.0317	10.3	0.125	1.1384	1.0617	1.1093	21.34	0.55	7.0	7.8065	1.1384	1.1352	30.25	0.28177	739.7	89	89	0	238	0.0	1.0	1.0	7	0.4798	0.0741	0.4293	1.5746	0.0878	1.8862
L006556	control_nontr_sv	mafft_ginsi	152.27	6.986	1	0.6454	203.02	47	3	4	1.1894	1.1895	65.22	0.1373	1.1951	1.3647	1.375	256.4	3.37	1.0	0.5152	1.1951	1.0393	7.29	0.23148	323.97	0	0	0	0	1.0	1.0	1.0	1	0.9462	0.0538	0.0	1.0538	0.0	1.0
L006952	hotspot_vntr	mafft_ginsi	722.01	2.187	1	0.6744	985.43	4	28	28	1.0337	1.0113	20.85	0.0611	1.107	1.0385	1.1089	49.45	0.72	2.0	1.9697	1.107	1.0589	28.87	0.7495	5102.37	6	4	2	30	0.5714	1.0	1.0	3	0.5509	0.2038	0.0717	1.6864	0.2061	1.9449
L007009	hotspot_vntr	mafft_ginsi	330.96	4.489	1	0.6779	455.0	100	24	27	1.0373	1.0204	34.61	0.0658	1.0394	1.0376	1.0449	71.54	3.55	5.0	6.8182	1.0394	1.0223	17.6	0.57408	2039.28	29	12	17	834	0.2222	1.0	1.0	16	0.214	0.1916	0.5881	2.4434	0.1897	2.5875
L007033	control_vntr_correct	mafft_ginsi	63.88	17.525	2.0	0.4877	85.17	48	3	3	1.0657	1.0636	83.22	0.0	1.0681	1.129	1.1346	327.93	3.99	1.0	1.0	1.0681	1.0081	9.82	0.09905	119.48	0	0	0	0	1.0	1.0	1.0	1	0.7843	0.1961	0.0196	1.2059	0.5	1.75
L007040	hotspot_vntr	mafft_ginsi	71.16	15.132	1.0	0.6541	99.38	143	4	27	1.1367	1.1083	59.09	0.0436	1.022	1.1123	1.022	103.88	0.52	6.0	5.6061	1.022	1.0128	17.68	0.31813	489.08	5	5	0	33	0.1739	1.0	1.0	13	0.2143	0.4286	0.3558	2.0997	0.4411	2.224
L007065	control_vntr_matched	mafft_ginsi	15.28	66.785	1	0.5077	20.45	18	6	9	1.0041	1.0	0.24	0.9158	1.0031	1.0084	1.0068	1.0	0.0	1.0	0.5455	1.0031	1.0	0.0	0.02559	27.97	0	0	0	0	1.0	1.0	1.0	1	0.9558	0.0338	0.0104	1.0339	0.0385	1.0385
L007081	hotspot_vntr	mafft_ginsi	754.86	4.627	1	0.638	1166.78	47	31	33	1.0696	1.0509	29.71	0.0071	1.0562	1.0968	1.0773	88.34	3.33	5.0	5.5152	1.0562	1.0422	20.02	0.50117	4448.09	89	78	11	502	0.3333	1.0	1.0	22	0.3568	0.1005	0.5226	2.6927	0.1439	3.0262
L007161	hotspot_other	mafft_ginsi	341.19	3.486	1	0.7178	467.95	141	21	25	1.2938	1.2628	46.11	0.2318	1.521	1.2019	1.3191	86.26	0.62	2.0	3.1515	1.521	1.3149	36.76	0.33555	709.97	0	0	0	0	0.5714	1.0	1.0	6	0.5545	0.1356	0.293	1.2913	0.089	1.3722
L007172	control_vntr_matched	mafft_ginsi	160.19	8.224	1.0	0.527	219.67	61	7	11	1.0308	1.0118	5.53	0.383	1.0237	1.0177	1.0165	6.7	1.76	1.0	0.6061	1.0237	1.0098	0.87	0.17017	306.41	0	0	0	0	1.0	1.0	1.0	1	0.6425	0.0412	0.3114	1.0812	0.0157	1.1124
L007184	hotspot_other	mafft_ginsi	78.76	13.618	2.0	0.4314	114.29	5	19	21	1.1258	1.0331	23.66	0.2097	1.0229	1.1035	1.0192	41.75	2.42	1.0	1.2424	1.0229	1.0163	5.15	0.09984	140.54	1	0	1	8	1.0	1.0	1.0	1	0.7321	0.0804	0.1786	1.2617	0.1481	1.6713
L007192	control_nontr_sv	mafft_ginsi	27.74	49.0	1	0.5789	39.42	4	6	11	1.0	1.0	0.0	1.0	1.0	1.0	1.0	0.0	0.0	0.0	0.2424	1.0	1.0	0.0	0.01188	17.52	0	0	0	0	1.0	1.0	1.0	1	0.9204	0.0796	0.0	1.2212	0.4444	2.3333
L007376	control_vntr_matched	mafft_ginsi	4.5	222.782	1	0.6092	5.94	10	8	9	1.0005	1.0	0.09	0.748	1.001	1.0008	1.0006	0.27	0.0	1.0	1.0606	1.001	1.0	0.0	0.00202	2.07	1	0	1	1	1.0	1.0	1.0	1	0.942	0.0099	0.0481	1.0099	0.011	1.011
L007480	hotspot_other	mafft_ginsi	372.85	6.049	1	0.6312	513.93	59	20	21	1.0904	1.05	26.95	0.0684	1.0801	1.1256	1.0977	78.04	1.31	2.0	1.697	1.0801	1.0445	11.53	0.34889	1196.21	1	1	0	61	1.0	1.0	1.0	1	0.4262	0.2349	0.3341	1.8272	0.2662	2.083
L007687	control_vntr_matched	mafft_ginsi	46.5	23.683	1	0.5691	62.38	36	5	10	1.0336	1.0	2.65	0.7854	1.009	1.0188	1.0044	3.1	0.0	1.0	0.6667	1.009	1.0599	2.59	0.09515	123.25	0	0	0	0	1.0	1.0	1.0	1	0.7943	0.0963	0.1072	1.1173	0.1615	1.2231
L007717	control_vntr_matched	mafft_ginsi	54.45	18.78	2	0.4357	76.59	58	8	21	1.0663	1.0366	4.13	0.2561	1.0391	1.0362	1.0068	5.5	0.02	0.0	0.5455	1.0391	1.2267	9.1	0.04949	67.56	2	2	0	2	1.0	1.0	1.0	1	0.9491	0.0316	0.0151	1.0357	0.0455	1.0682
L007798	hotspot_other	mafft_ginsi	772.94	4.068	1.0	0.6567	1067.89	33	6	32	1.04	1.0466	28.44	0.0089	1.0506	1.0416	1.0468	60.99	0.63	4.0	3.9697	1.0506	1.0257	15.84	0.43907	3074.77	8	0	8	797	0.1176	1.0	1.0	10	0.3362	0.0725	0.5899	1.9971	0.0829	2.1737
L007844	hotspot_other	mafft_ginsi	1477.36	2.263	1	0.7739	2063.88	93	34	34	1.2175	1.2101	80.6	0.0018	1.1779	1.2154	1.2047	186.9	1.87	4.0	3.9091	1.1779	1.0424	15.67	0.72293	8699.2	144	143	1	724	0.7368	1.0	1.0	11	0.4254	0.2563	0.2197	1.5767	0.2568	1.63
L008216	hotspot_vntr	mafft_ginsi	144.34	7.681	1.0	0.6296	196.79	47	19	21	1.1346	1.0331	18.95	0.1413	1.1665	1.1168	1.1091	37.53	1.66	2.0	2.0303	1.1665	1.3887	37.17	0.26938	508.52	1	1	0	1	1.0	1.0	1.0	4	0.5524	0.1985	0.2491	1.5939	0.2175	1.7194
L008631	control_nontr_sv	mafft_ginsi	19.91	74.286	3.5	0.4286	28.45	3	6	8	1.0	1.0	0.0	1.0	1.0	1.0	1.0	0.0	0.0	0.0	0.1818	1.0	1.0	0.0	0.0	0.0	0	0	0	0	1.0	1.0	1.0	1	0.9139	0.0861	0.0	1.2185	0.1282	1.4615
L008864	hotspot_vntr	mafft_ginsi	963.4	6.344	1	0.5582	1401.69	79	16	28	1.1055	1.064	59.05	0.0803	1.1191	1.0963	1.127	115.66	2.18	2.0	4.1515	1.1191	1.0952	40.09	0.45129	4978.41	95	94	1	703	0.3636	1.0	1.0	14	0.4526	0.1462	0.3933	1.7866	0.1803	1.9533
L008877	hotspot_other	mafft_ginsi	742.84	4.409	1.0	0.5782	1056.2	130	28	30	1.4753	1.2655	116.3	0.0575	1.0897	1.3288	1.0477	196.5	7.28	8.0	7.7576	1.0897	1.0795	35.93	0.42285	2615.93	26	8	18	178	0.4	1.0	1.0	19	0.4972	0.1211	0.3451	1.3948	0.1395	1.4748
L008887	control_vntr_correct	mafft_ginsi	14.66	77.868	1.0	0.5263	19.68	14	2	7	1.0067	1.0	0.09	0.9063	1.0077	1.0021	1.0027	0.06	0.0	2.0	2.0	1.0077	1.0094	1.2	0.01559	18.9	0	0	0	0	1.0	1.0	1.0	2	0.9684	0.0111	0.0205	1.0143	0.0455	1.1288
L008902	control_vntr_correct	mafft_ginsi	61.43	17.751	2	0.4913	85.58	63	3	7	1.2466	1.2636	14.69	0.191	1.0435	1.0187	1.0503	3.72	0.01	1.0	1.0	1.0435	1.4875	15.07	0.03621	50.43	0	0	0	0	1.0	1.0	1.0	2	0.9753	0.0141	0.0088	1.0186	0.0909	1.2273
L008976	hotspot_vntr	mafft_ginsi	879.24	4.706	1	0.752	1217.9	187	27	28	1.0755	1.077	46.17	0.0026	1.0861	1.0791	1.0946	102.01	0.25	2.0	2.0741	1.0861	1.0239	11.21	0.5634	5824.9	183	1	182	2129	0.1176	1.0	1.0	10	0.183	0.1902	0.6142	2.9159	0.1828	2.9559
L009000	hotspot_vntr	mafft_ginsi	376.8	3.389	1.0	0.6584	547.01	40	34	34	1.1461	1.1627	77.06	0.0	1.0554	1.1497	1.0695	177.54	3.1	23.0	21.6061	1.0554	1.0254	26.04	0.70998	3338.63	9	5	4	780	0.3668	1.0	1.0	43	0.511	0.1581	0.3272	2.4633	0.1445	2.8218
L009283	control_nontr_sv	mafft_ginsi	19.13	52.533	1	0.5333	24.23	5	2	4	1.0078	1.0074	1.17	0.1933	1.0074	1.0	1.0	0.0	0.0	0.0	0.4848	1.0074	1.0	0.0	0.0	0.0	0	0	0	0	1.0	1.0	1.0	1	1.0	0.0	0.0	1.0	0.0	1.0
L009398	hotspot_vntr	mafft_ginsi	106.61	10.409	2.0	0.3942	148.64	18	23	25	1.0348	1.0172	12.4	0.0814	1.029	1.0353	1.0297	25.97	0.69	1.0	0.9062	1.029	1.0189	5.58	0.26899	419.27	4	4	0	63	1.0	1.0	1.0	3	0.4667	0.1389	0.3889	1.9686	0.1549	2.1787
L009448	hotspot_vntr	mafft_ginsi	1055.56	1.846	1	0.7095	1480.7	67	24	24	1.1605	1.1874	84.46	0.0	1.2184	1.1732	1.2181	204.71	1.92	5.0	5.6957	1.2184	1.0846	30.06	0.80789	8441.03	32	26	6	1312	0.25	1.0	1.0	14	0.5646	0.1316	0.2632	1.7564	0.1633	1.9953
L009600	control_nontr_sv	mafft_ginsi	2.96	372.333	409	0.0	2.96	1	2	2	1.0	1.0	0.0	1.0	1.0	1.0	1.0	0.0	0.0	1.0	1.0	1.0	1.0	0.0	0.0	0.0	0	0	0	0	1.0	1.0	1.0	1	1.0	0.0	0.0	1.0	0.0	1.0
L009656	hotspot_vntr	mafft_ginsi	374.88	4.004	1	0.5717	513.99	60	26	26	1.1007	1.0723	24.87	0.1755	1.1158	1.1152	1.1111	61.31	0.82	2.0	2.0303	1.1158	1.1262	20.16	0.44843	1264.14	0	0	0	0	0.5	1.0	1.0	2	0.4344	0.1626	0.3949	1.3811	0.1644	1.481
L009658	hotspot_vntr	mafft_ginsi	199.7	6.27	1	0.5442	276.15	100	28	31	1.5094	1.4067	110.08	0.0303	1.1468	1.393	1.1408	203.06	2.98	11.0	10.2581	1.1468	1.1016	48.99	0.41839	802.97	28	28	0	221	0.4375	0.9333	1.0	18	0.2739	0.1199	0.5812	1.5205	0.1129	1.5467
L009770	control_vntr_matched	mafft_ginsi	24.99	40.453	1	0.5641	33.32	32	5	7	1.0225	1.0019	2.6	0.4754	1.0031	1.034	1.0019	7.99	0.1	1.0	1.0303	1.0031	1.0003	0.09	0.0685	76.46	0	0	0	0	1.0	1.0	1.0	1	0.7399	0.065	0.1951	1.0671	0.05	1.0589
L009771	control_vntr_correct	mafft_ginsi	10.24	107.25	10.5	0.5	12.8	4	2	2	1.0	1.0	0.0	1.0	1.0	1.0	1.0	0.0	0.0	1.0	1.0	1.0	1.0	0.0	0.00075	0.85	0	0	0	0	1.0	1.0	1.0	1	0.989	0.011	0.0	1.011	0.0	1.0
L009803	hotspot_vntr	mafft_ginsi	527.99	2.414	1	0.7373	738.83	124	29	30	1.1096	1.1157	51.11	0.0126	1.077	1.1187	1.0921	120.26	1.72	9.0	8.3636	1.077	1.0284	17.36	0.74025	3584.75	7	0	7	370	0.3448	1.0	1.0	15	0.5204	0.2015	0.273	1.8537	0.2363	2.0254
L009885	control_vntr_correct	mafft_ginsi	30.22	33.73	2.0	0.4444	41.98	9	16	17	1.004	1.0	0.28	0.7951	1.0379	1.0022	1.021	0.32	0.03	1.0	1.0606	1.0379	1.0833	5.53	0.02616	30.46	0	0	0	0	1.0	1.0	1.0	1	0.8121	0.172	0.0096	1.1873	0.5	1.542
L010060	hotspot_other	mafft_ginsi	382.14	4.236	1.0	0.5906	529.41	69	22	24	1.1378	1.0502	20.23	0.1068	1.1481	1.1254	1.1325	41.42	1.91	1.0	1.0303	1.1481	1.1734	16.42	0.35768	927.41	0	0	0	0	1.0	1.0	1.0	1	0.498	0.3597	0.1265	1.5542	0.4786	1.7014
L010113	control_vntr_correct	mafft_ginsi	13.66	73.951	1	0.5854	18.32	14	2	8	1.0	1.0	0.0	1.0	1.0	1.0	1.0	0.0	0.01	0.0	0.4848	1.0	1.0	0.0	0.01447	15.66	0	0	0	0	1.0	1.0	1.0	1	0.9357	0.0508	0.0135	1.0513	0.0909	1.101
L010328	hotspot_vntr	mafft_ginsi	1691.84	2.773	1.0	0.6745	2334.35	28	29	29	1.1502	1.1534	74.37	0.0019	1.1138	1.1597	1.1234	170.07	1.73	5.0	5.7188	1.1138	1.0546	28.66	0.62309	6992.86	32	3	29	533	0.5455	1.0	1.0	12	0.3149	0.2172	0.4576	1.6993	0.2332	1.8397
L010350	control_vntr_matched	mafft_ginsi	5.96	172.886	1.0	0.6136	7.86	15	2	11	1.0	1.0	0.0	1.0	1.0	1.0	1.0	0.0	0.0	1.0	0.6364	1.0	1.0	0.0	0.0	0.0	0	0	0	0	1.0	1.0	1.0	1	0.9709	0.0073	0.0218	1.0094	0.0333	1.0667
L010452	control_nontr_sv	mafft_ginsi	11.21	96.0	13	0.4444	13.7	3	2	2	1.0	1.0	0.0	1.0	1.0	1.0	1.0	0.0	0.0	1.0	0.9697	1.0	1.0	0.0	0.0	0.0	0	0	0	0	1.0	1.0	1.0	1	1.0	0.0	0.0	1.0	0.0	1.0
L010508	control_vntr_correct	mafft_ginsi	14.74	69.481	1.0	0.5769	19.56	18	2	11	1.0023	1.0	0.03	0.9956	1.0007	1.0014	1.0	0.04	0.0	1.0	0.5152	1.0007	1.125	1.2	0.00383	4.25	0	0	0	0	1.0	1.0	1.0	1	0.9841	0.0111	0.0048	1.0111	0.0333	1.0333
L011121	control_vntr_correct	mafft_ginsi	55.27	20.901	1	0.5603	74.09	15	6	10	1.0376	1.0	2.19	0.6142	1.1709	1.0358	1.1608	4.35	0.02	1.0	1.0909	1.1709	1.1722	20.81	0.07491	104.27	0	0	0	0	1.0	1.0	1.0	1	0.8825	0.0672	0.0485	1.0693	0.0822	1.0922
L011138	hotspot_vntr	mafft_ginsi	178.77	12.902	1	0.6793	242.4	124	27	28	1.0413	1.0219	17.65	0.1741	1.0723	1.0403	1.0582	35.42	4.82	2.0	3.8438	1.0723	1.0369	11.49	0.28912	962.02	1	1	0	3	0.125	0.125	1.0	9	0.2205	0.1549	0.6201	1.6658	0.1593	1.6834
L011224	control_vntr_correct	mafft_ginsi	65.19	19.429	1.0	0.5119	88.47	40	2	13	1.036	1.0224	4.56	0.2306	1.0234	1.0263	1.0254	7.4	0.98	1.0	1.0	1.0234	1.009	0.85	0.03117	48.51	1	0	1	1	1.0	1.0	1.0	2	0.8076	0.0252	0.1655	1.0359	0.0174	1.0691
L011227	control_vntr_matched	mafft_ginsi	21.04	59.539	2.5	0.4211	28.78	20	2	11	1.0599	1.0	3.11	0.7607	1.0136	1.0121	1.0018	1.39	0.02	1.0	0.6364	1.0136	1.0319	0.95	0.08064	108.22	0	0	0	0	1.0	1.0	1.0	1	0.6413	0.0152	0.3359	1.086	0.0161	1.1428
L011430	control_vntr_matched	mafft_ginsi	96.26	11.1	2	0.4469	135.87	91	7	13	1.2032	1.173	10.07	0.2004	1.1202	1.0623	1.0636	8.7	0.31	0.0	0.5152	1.1202	1.7744	20.99	0.19008	283.5	0	0	0	0	1.0	1.0	1.0	1	0.7976	0.1567	0.0258	1.1847	0.4174	1.5477
L011463	hotspot_vntr	mafft_ginsi	123.34	9.386	1	0.5821	170.64	110	6	27	1.8055	1.5	119.08	0.2101	1.3041	1.2806	1.1062	123.12	1.29	5.0	4.6364	1.3041	1.4255	84.85	0.12897	218.95	32	0	32	64	0.5556	1.0	1.0	8	0.7625	0.1475	0.09	1.36	0.2963	1.796
L011931	control_nontr_sv	mafft_ginsi	25.91	73.16	1	0.52	36.27	4	8	8	1.0012	1.0012	0.49	0.2684	1.0012	1.0	1.0	0.0	0.0	1.0	0.5152	1.0012	1.0	0.0	0.0	0.0	0	0	0	0	1.0	1.0	1.0	1	0.9783	0.0217	0.0	1.0652	0.0	1.0
L012184	hotspot_vntr	mafft_ginsi	387.69	8.007	1	0.6401	549.7	44	30	31	1.1431	1.0738	32.71	0.0364	1.0468	1.115	1.0587	64.33	1.67	10.0	10.7097	1.0468	1.022	11.92	0.38742	1820.76	10	10	0	99	0.7143	1.0	1.0	23	0.2625	0.0938	0.6238	1.7726	0.1002	1.8102
L012256	hotspot_other	mafft_ginsi	112.01	11.0	2.0	0.4572	161.2	42	27	30	1.0908	1.0281	28.29	0.2068	1.0796	1.076	1.0603	50.14	0.62	3.0	3.3333	1.0796	1.0845	21.61	0.18922	301.97	4	2	2	7	0.5455	1.0	1.0	6	0.5184	0.1843	0.2875	1.6999	0.2621	2.0135
L012294	hotspot_vntr	mafft_ginsi	514.22	7.999	1.0	0.5098	789.18	51	33	33	1.062	1.0461	39.6	0.0018	1.0845	1.0807	1.1017	107.67	3.44	7.0	7.697	1.0845	1.0917	40.6	0.39214	2850.25	1	0	1	489	0.4545	1.0	1.0	14	0.2214	0.0777	0.6971	2.9623	0.0829	3.2572
L012313	control_vntr_matched	mafft_ginsi	21.26	48.324	1.0	0.6176	27.82	21	4	14	1.0653	1.0	1.59	0.8873	1.3288	1.0004	1.0	0.02	0.0	2.0	1.6364	1.3288	2.3528	25.55	0.01118	12.82	1	1	0	1	1.0	1.0	1.0	2	0.8748	0.0541	0.0711	1.0541	0.042	1.042
L012489	hotspot_other	mafft_ginsi	182.08	7.689	1.0	0.6074	257.82	43	29	30	1.5409	1.2926	67.71	0.054	1.5213	1.1673	1.2177	61.31	1.01	1.0	1.4545	1.5213	2.0407	72.2	0.15673	359.17	0	0	0	15	0.4	1.0	1.0	2	0.5753	0.3012	0.1236	1.7763	0.4444	2.2782
L012530	control_nontr_sv	mafft_ginsi	28.28	35.727	1.5	0.5	37.28	7	3	7	1.0	1.0	0.0	1.0	1.0	1.0	1.0	0.0	0.0	0.0	0.4848	1.0	1.0345	2.58	0.0	0.0	0	0	0	0	1.0	1.0	1.0	1	0.9355	0.0645	0.0	1.0645		
L013000	control_vntr_correct	mafft_ginsi	32.24	31.507	1.0	0.5797	45.56	1	22	22	1.0046	1.0	0.42	0.8799	1.0237	1.0034	1.013	0.65	0.0	2.0	1.9697	1.0237	1.0471	10.76	0.03698	44.63	1	1	0	2	0.0	1.0	1.0	3	0.7521	0.0496	0.157	1.0614	0.0442	1.0567
L013064	hotspot_other	mafft_ginsi	232.01	6.102	1	0.5575	333.17	81	22	32	1.5203	1.565	44.86	0.1914	1.5899	1.2337	1.35	65.32	2.21	2.0	1.9697	1.5899	1.5763	86.94	0.25832	621.04	26	26	0	84	0.5	0.5	1.0	3	0.9012	0.0814	0.0174	1.1308	0.2326	1.4302
L013074	control_vntr_correct	mafft_ginsi	4.68	214.281	1.0	0.5312	5.99	11	2	3	1.0025	1.0	0.73	0.8675	1.0025	1.002	1.002	1.18	0.0	1.0	1.0	1.0025	1.0	0.0	0.00171	1.75	0	0	0	0	1.0	1.0	1.0	1	0.9976	0.0	0.0	1.0	0.0	1.0
L013244	hotspot_vntr	mafft_ginsi	109.34	31.637	1.0	0.5093	149.07	21	2	17	1.0372	1.0343	14.79	0.2346	1.0466	1.045	1.0557	36.85	0.79	5.0	4.697	1.0466	1.0226	5.49	0.15794	622.41	0	0	0	0	0.7368	1.0	1.0	10	0.1578	0.0809	0.7554	1.4851	0.0658	1.5059
L013399	control_nontr_sv	mafft_ginsi	9.12	239.833	167.5	0.3333	10.64	2	2	3	1.0	1.0	0.0	1.0	1.0	1.0	1.0	0.0	0.0	1.0	0.7879	1.0	1.0	0.0	0.0	0.0	0	0	0	0	1.0	1.0	1.0	1	0.9957	0.0043	0.0	1.0043	0.0	1.0
L013531	hotspot_other	mafft_ginsi	179.66	7.2	1.0	0.566	257.26	9	19	21	1.135	1.0909	30.76	0.2612	1.0691	1.0774	1.0667	39.1	0.23	3.0	3.4242	1.0691	1.0571	24.93	0.25871	519.5	15	0	15	29	0.3077	1.0	1.0	8	0.6863	0.0784	0.1176	1.1985	0.1905	1.5196
L014111	control_vntr_matched	mafft_ginsi	48.15	21.567	1	0.5419	64.99	71	3	4	1.0549	1.0397	3.48	0.1599	1.0565	1.0186	1.019	3.2	0.0	2.0	1.0606	1.0565	3.9264	23.8	0.02921	36.53	0	0	0	0	1.0	1.0	1.0	2	0.997	0.0015	0.0	1.0015	0.0	1.0
L014160	hotspot_vntr	mafft_ginsi	213.93	5.67	1	0.6283	295.32	130	34	34	1.2345	1.1672	45.31	0.2068	1.37	1.11	1.1637	53.34	0.66	5.0	8.0606	1.37	1.4705	72.88	0.27755	573.14	4	0	4	32	0.6111	1.0	1.0	17	0.7684	0.1836	0.0466	1.2622	0.3254	1.5595
L014181	control_vntr_matched	mafft_ginsi	62.37	17.229	1.0	0.5212	84.57	79	2	5	1.0443	1.03	5.27	0.4841	1.04	1.0135	1.0076	3.56	0.18	1.0	1.2424	1.04	1.0465	2.75	0.10379	133.99	0	0	0	0	1.0	1.0	1.0	1	0.7723	0.1411	0.0824	1.1612	0.3438	1.4032
L014210	hotspot_vntr	mafft_ginsi	191.74	6.473	1.0	0.6007	260.4	167	8	13	1.1907	1.0865	49.55	0.1341	1.5802	1.1787	1.4515	107.76	3.5	9.0	8.7879	1.5802	1.62	118.63	0.37632	867.43	27	0	27	27	0.05	1.0	1.0	19	0.4988	0.1477	0.347	1.5165	0.1438	1.5555
L014297	hotspot_vntr	mafft_ginsi	94.29	12.063	2.0	0.4894	128.49	22	7	15	1.0526	1.0015	10.57	0.4708	1.1008	1.0444	1.0857	18.53	0.08	2.0	2.1212	1.1008	1.0286	12.0	0.29349	467.13	0	0	0	0	0.2857	1.0	1.0	2	0.485	0.1694	0.3322	1.4759	0.1211	1.5126
L014324	control_vntr_correct	mafft_ginsi	13.92	85.086	1	0.5429	18.3	10	4	6	1.0458	1.0022	4.47	0.3871	1.0674	1.0351	1.0498	7.07	0.0	1.0	1.0	1.0674	1.0691	10.78	0.02772	34.61	0	0	0	0	1.0	1.0	1.0	1	0.8417	0.0647	0.0935	1.0712	0.1079	1.1182
L014358	hotspot_vntr	mafft_ginsi	313.6	6.811	1	0.5461	465.12	16	30	31	1.1264	1.061	39.12	0.0144	1.0665	1.1344	1.0791	88.19	2.1	2.0	2.4545	1.0665	1.0648	16.76	0.43128	1744.89	6	0	6	239	0.1667	1.0	1.0	9	0.3135	0.0635	0.623	2.3851	0.0455	2.5551
L014426	control_vntr_correct	mafft_ginsi	38.18	26.528	1.0	0.5278	51.96	17	3	9	1.0476	1.0196	9.68	0.3433	1.021	1.0417	1.0362	17.95	2.02	0.0	0.9697	1.021	1.0073	1.07	0.05285	60.98	1	1	0	1	1.0	1.0	1.0	2	0.8467	0.1418	0.0115	1.1686	0.0625	1.0625
L014899	control_nontr_sv	mafft_ginsi	6.0	166.833	109.5	0.3333	7.0	2	2	2	1.0	1.0	0.0	1.0	1.0	1.0	1.0	0.0	0.0	1.0	0.5455	1.0	1.0	0.0	0.0	0.0	0	0	0	0	1.0	1.0	1.0	1	1.0	0.0	0.0	1.0		
L015126	hotspot_other	mafft_ginsi	465.74	3.684	1	0.6829	646.74	52	29	30	1.3287	1.2986	47.55	0.0467	1.5603	1.2475	1.4119	86.44	0.93	2.0	2.0303	1.5603	1.4192	47.81	0.62323	2308.02	0	0	0	12	0.0	1.0	1.0	1	0.6287	0.1436	0.1084	1.4813	0.2287	1.886
L015223	control_vntr_matched	mafft_ginsi	74.85	20.291	1.0	0.5291	101.38	73	2	4	1.0817	1.0787	22.73	0.24	1.0877	1.0082	1.0108	5.26	1.4	5.0	4.697	1.0877	1.0675	24.79	0.0804	147.53	0	0	0	0	0.2857	1.0	1.0	5	0.9416	0.0266	0.0319	1.0276	0.0345	1.0603
L015285	control_vntr_correct	mafft_ginsi	8.95	112.0	1.0	0.5833	11.56	7	3	4	1.0049	1.0049	0.35	0.0997	1.0049	1.0	1.0	0.0	0.0	1.0	0.5152	1.0049	1.0	0.0	0.00744	7.83	0	0	0	0	1.0	1.0	1.0	1	0.9341	0.0019	0.064	1.0235	0.0139	1.1664
L015331	hotspot_vntr	mafft_ginsi	401.9	4.008	1	0.6713	555.84	109	28	30	1.1569	1.0924	39.39	0.0325	1.2799	1.1584	1.2638	85.98	0.54	5.0	4.9394	1.2799	1.2665	48.74	0.56384	1988.16	0	0	0	1	0.4615	1.0	1.0	7	0.2974	0.0948	0.5997	2.997	0.1175	3.3253
L015347	hotspot_vntr	mafft_ginsi	581.39	3.567	1	0.6592	833.36	62	29	29	1.1127	1.1194	66.57	0.0	1.1505	1.1142	1.1663	146.13	1.76	13.5	13.4643	1.1505	1.1124	51.58	0.61025	3330.3	60	38	22	2036	0.2388	1.0	1.0	28	0.1954	0.195	0.6039	3.9435	0.1939	4.1159
L015415	hotspot_vntr	mafft_ginsi	169.93	10.802	1	0.5535	230.69	37	10	14	1.0485	1.0199	27.16	0.1942	1.0744	1.0576	1.0688	65.39	0.24	1.0	1.3636	1.0744	1.0263	12.05	0.30339	829.04	0	0	0	0	0.1538	1.0	1.0	3	0.323	0.0885	0.5819	1.7244	0.102	1.9012
L015708	hotspot_other	mafft_ginsi	59.05	18.234	1	0.5439	82.87	43	15	24	1.1866	1.0625	4.65	0.1554	1.0535	1.181	1.0758	12.4	0.07	0.0	0.1818	1.0535	1.2529	3.19	0.12404	172.65	2	0	2	3				0	0.5939	0.2394	0.1667	2.0589	0.3878	2.8126
L015743	control_vntr_correct	mafft_ginsi	53.84	19.174	1.0	0.531	72.2	86	2	7	1.0597	1.0	9.96	0.8431	1.0609	1.1171	1.1204	40.05	0.27	1.0	0.9697	1.0609	1.0082	5.71	0.0593	64.69	1	0	1	2	1.0	1.0	1.0	1	0.3601	0.0952	0.5446	1.1052	0.1006	1.1027
L015847	hotspot_other	mafft_ginsi	199.58	5.886	1.0	0.5993	277.22	61	5	29	1.1392	1.0556	19.12	0.3279	1.2165	1.0661	1.1266	21.49	0.32	2.0	2.303	1.2165	1.118	57.57	0.12573	226.63	0	0	0	39	0.0	1.0	1.0	2	0.6296	0.2778	0.0926	1.8442	0.4792	2.7119
L015904	hotspot_other	mafft_ginsi	1134.11	2.932	1.0	0.7061	1648.12	22	33	33	1.2717	1.257	81.4	0.0214	1.181	1.266	1.2026	188.31	4.03	5.0	6.1212	1.181	1.0617	20.89	0.65047	5826.22	40	14	26	389	0.5455	1.0	1.0	12	0.49	0.209	0.2809	1.911	0.2875	2.19
L016040	control_nontr_sv	mafft_ginsi	29.25	37.381	1	0.5714	37.6	7	2	4	1.0	1.0	0.0	1.0	1.0	1.0	1.0	0.0	0.0	1.0	0.5152	1.0	1.0	0.0	0.0	0.0	0	0	0	0	1.0	1.0	1.0	1	1.0	0.0	0.0	1.0		
L016062	control_vntr_correct	mafft_ginsi	14.07	74.568	1	0.5135	18.63	13	2	4	1.0007	1.0	0.02	0.95	1.0	1.0	1.0	0.0	0.0	1.0	0.5152	1.0	1.0019	0.02	0.02163	24.33	0	0	0	0	1.0	1.0	1.0	1	0.6968	0.0171	0.2861	1.0273	0.0286	1.0467
L016124	control_vntr_matched	mafft_ginsi	69.8	14.704	1.0	0.5577	93.15	88	2	6	1.0543	1.0533	3.4	0.2746	1.055	1.0069	1.007	1.21	0.0	0.0	0.9697	1.055	1.0	0.0	0.10321	126.17	0	0	0	0	0.4	1.0	1.0	2	0.9752	0.0149	0.0075	1.0149	0.0	1.0
L016274	control_nontr_sv	mafft_ginsi	6.74	254.0	337	0.2	8.09	1	3	3	1.0	1.0	0.0	1.0	1.0	1.0	1.0	0.0	0.0	0.0	0.4242	1.0	1.0	0.0	0.0	0.0	0	0	0	0	1.0	1.0	1.0	1	0.9537	0.0463	0.0	1.0463	0.0	1.0
L016523	control_vntr_correct	mafft_ginsi	15.29	68.286	1.0	0.5238	21.11	13	2	12	1.0	1.0	0.0	1.0	1.0	1.0	1.0	0.0	0.5	0.0	0.4848	1.0	1.3057	5.3	0.00512	5.82	0	0	0	0	1.0	1.0	1.0	1	0.9741	0.0219	0.004	1.0219	0.0909	1.0909
L016830	control_vntr_correct	mafft_ginsi	38.12	27.29	2	0.4645	51.66	49	3	7	1.0529	1.0476	13.93	0.3252	1.0399	1.0877	1.0553	46.91	0.06	2.0	2.0303	1.0399	1.0257	6.84	0.12025	145.59	0	0	0	1	0.3333	1.0	1.0	4	0.772	0.1782	0.0498	1.189	0.1313	1.1577
L016870	hotspot_other	mafft_ginsi	275.57	5.214	1.0	0.5033	383.29	113	4	20	1.0223	1.04	11.68	0.1959	1.0075	1.0225	1.011	24.26	1.24	5.0	4.697	1.0075	1.0026	2.9	0.25849	606.89	0	0	0	0	0.2857	1.0	1.0	5	0.932	0.068	0.0	1.0874	0.0435	1.087
L016884	control_vntr_correct	mafft_ginsi	245.23	5.282	1.0	0.5817	347.81	15	27	28	1.1492	1.1256	25.43	0.0668	1.168	1.1049	1.1311	43.13	2.1	1.0	1.1515	1.168	1.1578	18.5	0.25691	651.72	2	2	0	30	0.0	0.0	1.0	1	0.5692	0.3077	0.1231	1.9385	0.3171	2.2927
L017097	control_nontr_sv	mafft_ginsi	66.93	32.059	1	0.6275	89.24	11	6	10	1.0025	1.0012	0.93	0.4393	1.0026	1.0	1.0	0.0	0.0	1.0	0.6364	1.0026	1.0	0.0	0.0	0.0	0	0	0	1	1.0	1.0	1.0	1	1.0	0.0	0.0	1.0	0.0	1.0
L017325	control_vntr_matched	mafft_ginsi	86.19	12.951	2.0	0.4136	121.26	44	23	24	1.0494	1.016	8.18	0.4084	1.0353	1.0392	1.0337	14.26	0.92	3.0	3.0606	1.0353	1.029	18.44	0.28502	442.66	1	1	0	1	0.0	1.0	1.0	3	0.6006	0.2175	0.1753	1.2883	0.2222	1.3919
TR101140	control_vntr_matched	mafft_ginsi	204.32	6.539	1.0	0.6171	273.78	330	10	12	1.3077	1.0	34.64	0.5651	1.3138	1.2142	1.2137	60.46	0.02	0.0	0.375	1.3138	1.3679	14.72	0.13991	299.59	0	0	0	0				0	0.5805	0.1015	0.2978	1.1107	0.1019	1.1112
TR368009	control_vntr_matched	mafft_ginsi	61.38	16.712	1	0.5899	81.72	224	3	6	1.068	1.0	1.99	0.9122	1.0666	1.0586	1.0565	3.77	0.02	0.0	0.0606	1.0666	1.0017	0.02	0.07382	88.65	0	0	0	0				0	0.9653	0.0157	0.0177	1.0161	0.0861	1.0906
TR423938	control_vntr_matched	mafft_ginsi	3.99	250.889	286	0.4444	4.88	3	2	3	1.0	1.0	0.0	1.0	1.0	1.0	1.0	0.0	0.0	0.0	0.0303	1.0	1.0	0.0	0.00922	9.31	0	0	0	0				0	0.6528	0.0907	0.2565	1.092	0.1933	1.1967
TR424743	control_vntr_matched	mafft_ginsi	270.23	10.407	1	0.513	363.48	91	9	19	1.0401	1.0254	18.4	0.2046	1.0291	1.0763	1.059	70.38	1.14	1.0	0.6061	1.0291	1.0102	4.65	0.19093	635.68	0	0	0	0				0	0.4119	0.1436	0.4417	1.6695	0.0247	1.362
TR446002	control_vntr_matched	mafft_ginsi	10.8	92.84	2	0.4	14.26	6	3	5	1.0024	1.0	0.06	0.8698	1.0014	1.0	1.0	0.0	0.0	0.0	0.0303	1.0014	1.0	0.0	0.00409	4.32	1	1	0	1				0	1.0	0.0	0.0	1.0	0.0	1.0
TR455654	control_vntr_matched	mafft_ginsi	17.89	57.14	2	0.4884	24.97	14	3	7	1.0035	1.0	0.08	0.9065	1.0015	1.0033	1.0	0.18	0.0	0.0	0.0303	1.0015	1.1301	0.94	0.00616	6.66	0	0	0	0				0	0.9432	0.0568	0.0	1.0926	0.25	1.25
TR460913	control_vntr_matched	mafft_ginsi	27.42	36.778	1.0	0.6111	35.8	12	2	7	1.0015	1.0	0.01	0.9904	1.0	1.002	1.0	0.03	0.0	0.0	0.0	1.0	1.0	0.0	0.01509	17.52	0	0	0	0				0	0.9163	0.0352	0.0485	1.0441	0.1569	1.1961
TR499275	control_vntr_matched	mafft_ginsi	6.9	145.167	1.0	0.5333	8.98	10	2	4	1.0	1.0	0.0	1.0	1.0	1.0	1.0	0.0	0.0	0.0	0.0	1.0	1.0	0.0	0.0	0.0	0	0	0	0				0	0.9701	0.0075	0.0224	1.0075	0.0	1.0
TR499276	control_vntr_matched	mafft_ginsi	8.92	112.4	1.0	0.675	11.6	13	2	5	1.0	1.0	0.0	1.0	1.0	1.0	1.0	0.0	0.0	0.0	0.0	1.0	1.0	0.0	0.0	0.0	0	0	0	0				0	1.0	0.0	0.0	1.0	0.0	1.0
TR573259	control_vntr_matched	mafft_ginsi	47.96	28.307	4.0	0.4714	65.78	53	2	4	1.022	1.0	2.8	0.6562	1.022	1.001	1.0008	0.28	0.34	0.0	0.2727	1.022	1.0071	0.08	0.12063	190.13	0	0	0	0				0	0.8035	0.079	0.1175	1.1138	0.1064	1.2323
TR668316	control_vntr_matched	mafft_ginsi	21.22	60.954	1	0.5231	28.73	18	4	13	1.0057	1.0	0.38	0.8129	1.002	1.0045	1.0012	0.61	0.0	0.0	0.2759	1.002	1.0	0.0	0.05643	79.66	0	0	0	0				0	0.4228	0.1014	0.4743	1.1656	0.1014	1.1656
TR687433	control_vntr_matched	mafft_ginsi	2.39	419.125	462.5	0.25	2.98	3	2	4	1.0	1.0	0.0	1.0	1.0	1.0	1.0	0.0	0.0	0.0	0.0909	1.0	1.0	0.0	0.0	0.0	1	0	1	1				0	0.6594	0.0034	0.3372	1.0315	0.006	1.0552
TR687489	control_vntr_matched	mafft_ginsi	4.39	228.083	2.0	0.5	5.49	4	2	2	1.0	1.0	0.0	1.0	1.0	1.0	1.0	0.0	0.0	0.0	0.0	1.0	1.0	0.0	0.0	0.0	0	0	0	0				0	0.8352	0.0	0.1648	1.0019	0.0	1.0034
TR724750	control_vntr_matched	mafft_ginsi	128.61	8.54	1	0.6632	171.93	130	2	4	1.0601	1.0	0.85	0.8507	1.0599	1.0462	1.046	2.0	0.0	0.0	0.0303	1.0599	1.0364	0.06	0.24091	373.74	0	0	0	0				0	0.6382	0.2022	0.1596	1.235	0.2667	1.3415
TR743754	control_vntr_matched	mafft_ginsi	15.74	63.848	1.0	0.6087	20.53	11	4	9	1.0067	1.0	0.39	0.8367	1.0019	1.0045	1.0009	0.55	0.0	0.0	0.0909	1.0019	1.0	0.0	0.00031	0.34	0	0	0	0				0	0.9157	0.0651	0.0192	1.067	0.1111	1.1389
TR831034	control_vntr_matched	mafft_ginsi	231.46	5.443	1.0	0.6083	327.2	372	16	27	1.3458	1.1946	24.44	0.187	1.3852	1.1473	1.1674	31.39	1.5	1.5	2.6333	1.3852	3.9928	48.2	0.15757	406.43	7	7	0	28	0.0	0.0		1	0.8704	0.1296	0.0	1.1296	0.3125	1.3125
L000308	control_vntr_matched	mafft_ginsi__all	22.64	44.634	1	0.5484	31.16	22	6	9	1.7697	1.9367	190.01	0.2024	1.0128	1.3918	1.0039	250.11	0.0	1.0	1.9697	1.0128	1.0161	4.58	0.03393	38.46	0	0	0	0	0.5714	1.0	1.0	4	0.9395	0.0435	0.0151	1.0445	0.2812	1.2969
L000407	control_vntr_correct	mafft_ginsi__all	10.29	100.786	3.0	0.3929	14.33	7	4	9	1.0492	1.0	1.67	0.9348	1.0656	1.0	1.0	0.0	0.0	1.0	0.5455	1.0656	1.0929	1.8	0.00101	1.1	0	0	0	0	1.0	1.0	1.0	1	0.9881	0.0119	0.0	1.0119	0.0297	1.0297
L000506	control_nontr_sv	mafft_ginsi__all	6.2	161.571	33	0.4286	8.86	1	5	5	1.0	1.0	0.0	1.0	1.0	1.0	1.0	0.0	0.0	0.0	0.4545	1.0	1.0	0.0	0.0	0.0	0	0	0	0	1.0	1.0	1.0	1	0.9145	0.0855	0.0	1.1966	0.3333	2.0
L000709	control_vntr_matched	mafft_ginsi__all	1.92	522.0	23.0	0.5	2.4	4	2	3	1.0	1.0	0.0	1.0	1.0	1.0	1.0	0.0	0.0	0.0	0.4545	1.0	1.0	0.0	0.0	0.0	4	0	4	4	1.0	1.0	1.0	1	0.9732	0.0095	0.0173	1.0095	0.0	1.0
L001491	control_vntr_correct	mafft_ginsi__all	114.22	12.604	1	0.6115	153.66	44	3	9	1.0418	1.0393	9.33	0.3232	1.039	1.0718	1.0729	33.72	0.99	1.0	0.5152	1.039	1.0	0.0	0.09007	184.06	2	2	0	3	1.0	1.0	1.0	2	0.9091	0.0352	0.0352	1.0368	0.0325	1.0342
L001527	control_nontr_sv	mafft_ginsi__all	36.19	27.927	1	0.6098	52.07	9	10	12	1.0001	1.0	0.02	0.981	1.0	1.0	1.0	0.0	0.0	0.0	0.2727	1.0	1.0	0.0	0.0	0.0	0	0	0	0	1.0	1.0	1.0	1	0.9703	0.0297	0.0	1.1683	0.0	1.0
L001899	control_vntr_matched	mafft_ginsi__all	61.26	17.367	1.5	0.5	84.23	29	3	9	1.0465	1.0	4.49	0.7657	1.0105	1.0405	1.0049	8.31	0.17	1.0	1.0606	1.0105	1.0165	0.95	0.14551	183.77	0	0	0	0	0.0	1.0	1.0	2	0.5826	0.1826	0.2348	1.3186	0.2329	1.447
L001922	control_vntr_correct	mafft_ginsi__all	66.91	15.532	1	0.5359	90.63	24	11	12	1.0368	1.0389	11.37	0.3742	1.0372	1.0755	1.0766	47.03	0.13	0.0	1.5152	1.0372	1.0055	1.01	0.18558	241.95	0	0	0	0	0.0	1.0	1.0	4	0.4916	0.2076	0.2888	1.3867	0.1714	1.5624
L002292	control_nontr_sv	mafft_ginsi__all	78.33	13.485	2	0.4795	104.9	54	4	6	1.0887	1.0887	67.1	0.188	1.0885	1.1573	1.1566	239.72	5.12	0.0	0.9091	1.0885	1.0325	11.8	0.1087	126.43	0	0	0	0	0.6667	1.0	1.0	2	0.9036	0.0964	0.0	1.1285		
L003119	control_vntr_correct	mafft_ginsi__all	60.5	17.347	1.0	0.5114	80.44	59	2	6	1.1297	1.0	13.08	0.827	1.1306	1.2532	1.2591	52.08	1.18	1.0	0.9697	1.1306	1.0296	13.3	0.0731	79.41	0	0	0	0	1.0	1.0	1.0	1	0.3278	0.1093	0.5629	1.1242	0.125	1.1531
L003171	control_nontr_sv	mafft_ginsi__all	11.28	88.917	47.5	0.5	14.1	4	2	2	1.003	1.003	1.11	0.0	1.003	1.0	1.0	0.0	0.0	1.0	1.0	1.003	1.0	0.0	0.0	0.0	0	0	0	0	1.0	1.0	1.0	1	1.0	0.0	0.0	1.0	0.0	1.0
L003672	control_vntr_correct	mafft_ginsi__all	24.0	43.629	1.0	0.5161	32.52	22	2	7	1.3192	1.3211	24.06	0.2361	1.3219	1.0584	1.0588	12.07	0.0	0.0	1.4545	1.3219	3.0904	40.56	0.04067	47.23	0	0	0	0	0.4	1.0	1.0	3	0.8097	0.1415	0.0487	1.1481	0.3519	1.4043
L003695	hotspot_other	mafft_ginsi__all	100.23	13.649	1.0	0.518	140.86	6	12	12	1.1895	1.2191	27.54	0.1485	1.4324	1.1806	1.3423	59.72	11.96	2.0	1.6364	1.4324	1.4822	55.02	0.24555	423.93	0	0	0	0	0.6667	1.0	1.0	3	0.5193	0.1575	0.3204	1.712	0.1853	1.9322
L003872	control_vntr_matched	mafft_ginsi__all	147.21	7.499	2	0.469	200.68	101	6	7	1.2318	1.213	23.14	0.2119	1.1875	1.1549	1.1193	45.69	1.01	1.0	1.0	1.1875	1.6541	21.7	0.10428	158.38	0	0	0	0	1.0	1.0	1.0	2	0.9287	0.0693	0.0	1.0694	0.0204	1.0204
L003883	control_nontr_sv	mafft_ginsi__all	355.07	13.289	1.0	0.5034	473.43	92	3	3	1.0617	1.0617	71.87	0.0525	1.0617	1.1331	1.1332	310.91	4.44	1.0	0.5152	1.0617	1.0021	1.97	0.08329	422.71	0	0	0	0	1.0	1.0	1.0	1	0.9314	0.0686	0.0	1.0686	0.3333	1.3333
L004620	control_nontr_sv	mafft_ginsi__all	11.32	88.545	6	0.4545	14.4	3	3	5	1.0002	1.0	0.06	0.9494	1.0032	1.0004	1.0063	0.25	0.0	1.0	0.5152	1.0032	1.0	0.0	0.0	0.0	0	0	0	0	1.0	1.0	1.0	1	0.9531	0.0469	0.0	1.0469	0.0	1.0
L004989	hotspot_other	mafft_ginsi__all	416.57	3.29	1	0.725	593.44	20	29	29	1.3096	1.2083	61.41	0.0216	1.1242	1.2635	1.1384	120.47	8.25	2.0	2.2424	1.1242	1.074	25.57	0.45196	1200.78	3	3	0	88	0.4	1.0	1.0	7	0.6443	0.1141	0.2282	1.659	0.1566	2.0352
L005261	hotspot_other	mafft_ginsi__all	488.94	5.964	1.0	0.5405	718.28	29	19	26	1.04	1.0223	15.92	0.1078	1.019	1.0557	1.0395	46.45	2.54	2.0	1.4848	1.019	1.0034	1.35	0.46737	2417.93	27	25	2	146	0.0	1.0	1.0	3	0.7403	0.1645	0.0909	1.2815	0.2685	1.521
L005688	control_nontr_sv	mafft_ginsi__all	178.37	7.969	1	0.6299	238.76	39	3	5	1.0235	1.0241	5.03	0.3571	1.0236	1.0	1.0	0.0	0.0	1.0	0.8182	1.0236	1.0158	4.01	0.0	0.0	0	0	0	0	1.0	1.0	1.0	1	1.0	0.0	0.0	1.0	0.0	1.0
L006556	control_nontr_sv	mafft_ginsi__all	150.11	7.058	1	0.6547	200.86	46	3	4	1.1828	1.183	62.98	0.1373	1.1885	1.3519	1.3623	247.41	1.12	1.0	0.5152	1.1885	1.0393	7.29	0.22851	318.57	0	0	0	0	1.0	1.0	1.0	1	0.9462	0.0538	0.0	1.0538	0.0	1.0
L007065	control_vntr_matched	mafft_ginsi__all	41.37	24.977	1.0	0.5966	55.48	53	8	9	1.0276	1.0	1.62	0.9158	1.0229	1.0495	1.0405	5.93	0.02	1.0	0.5455	1.0229	1.0094	0.23	0.07075	81.1	0	0	0	0	1.0	1.0	1.0	1	0.9155	0.0741	0.0104	1.0757	0.0769	1.0769
L007184	hotspot_other	mafft_ginsi__all	91.12	11.432	2.0	0.4322	132.82	3	19	21	1.1375	1.037	25.86	0.1835	1.0178	1.1205	1.0241	48.59	0.64	1.0	1.5152	1.0178	1.0111	3.52	0.11632	166.8	0	0	0	8	0.0	1.0	1.0	5	0.7232	0.0893	0.1786	1.291	0.1852	1.8003
L007192	control_nontr_sv	mafft_ginsi__all	30.66	44.381	1	0.619	42.34	4	6	11	1.0	1.0	0.0	1.0	1.0	1.0	1.0	0.0	0.38	0.0	0.2424	1.0	1.0	0.0	0.0109	16.06	0	0	0	0	1.0	1.0	1.0	1	0.9204	0.0796	0.0	1.2212	0.4444	2.3333
L007687	control_vntr_matched	mafft_ginsi__all	49.53	22.252	1	0.626	66.54	34	5	10	1.0348	1.0	2.74	0.7854	1.01	1.0227	1.0074	3.75	0.13	1.0	0.697	1.01	1.0599	2.59	0.11098	146.31	0	0	0	0	0.6667	1.0	1.0	2	0.7812	0.1094	0.1072	1.1601	0.1846	1.3346
L008631	control_nontr_sv	mafft_ginsi__all	19.91	74.286	3.5	0.4286	28.45	3	6	8	1.0	1.0	0.0	1.0	1.0	1.0	1.0	0.0	0.0	0.0	0.1818	1.0	1.0	0.0	0.0	0.0	0	0	0	0	1.0	1.0	1.0	1	0.9139	0.0861	0.0	1.2185	0.1282	1.4615
L008887	control_vntr_correct	mafft_ginsi__all	14.66	77.868	1.0	0.5263	19.68	14	2	7	1.0067	1.0	0.09	0.9063	1.0077	1.0021	1.0027	0.06	0.0	2.0	2.0	1.0077	1.0094	1.2	0.01559	18.9	0	0	0	0	1.0	1.0	1.0	2	0.9684	0.0111	0.0205	1.0143	0.0455	1.1288
L008902	control_vntr_correct	mafft_ginsi__all	59.66	18.286	2.0	0.494	82.74	63	2	7	1.2707	1.2909	16.12	0.191	1.0303	1.0424	1.0288	8.43	0.26	1.0	1.0	1.0303	1.4889	15.11	0.02853	39.42	0	0	0	0	1.0	1.0	1.0	2	0.9753	0.0141	0.0088	1.0186	0.0909	1.2273
L009283	control_nontr_sv	mafft_ginsi__all	19.13	52.533	1	0.5333	24.23	5	2	4	1.0078	1.0074	1.17	0.1933	1.0074	1.0	1.0	0.0	0.0	0.0	0.4848	1.0074	1.0	0.0	0.0	0.0	0	0	0	0	1.0	1.0	1.0	1	1.0	0.0	0.0	1.0	0.0	1.0
L009398	hotspot_vntr	mafft_ginsi__all	99.95	11.385	2	0.4	139.93	14	24	25	1.0326	1.0177	11.63	0.0426	1.0377	1.0314	1.0407	23.08	2.04	1.0	0.7812	1.0377	1.0228	6.72	0.28035	443.87	9	9	0	63	0.8	1.0	1.0	2	0.5	0.1056	0.3889	2.0301	0.1268	2.2728
L009600	control_nontr_sv	mafft_ginsi__all	2.96	372.333	409	0.0	2.96	1	2	2	1.0	1.0	0.0	1.0	1.0	1.0	1.0	0.0	0.0	1.0	1.0	1.0	1.0	0.0	0.0	0.0	0	0	0	0	1.0	1.0	1.0	1	1.0	0.0	0.0	1.0	0.0	1.0
L009771	control_vntr_correct	mafft_ginsi__all	10.24	107.25	10.5	0.5	12.8	4	2	2	1.0	1.0	0.0	1.0	1.0	1.0	1.0	0.0	0.0	1.0	1.0	1.0	1.0	0.0	0.00075	0.85	0	0	0	0	1.0	1.0	1.0	1	0.989	0.011	0.0	1.011	0.0	1.0
L010113	control_vntr_correct	mafft_ginsi__all	13.66	73.951	1	0.5854	18.32	14	2	8	1.0	1.0	0.0	1.0	1.0	1.0	1.0	0.0	0.01	0.0	0.4848	1.0	1.0	0.0	0.01447	15.66	0	0	0	0	1.0	1.0	1.0	1	0.9357	0.0508	0.0135	1.0513	0.0909	1.101
L010452	control_nontr_sv	mafft_ginsi__all	11.21	96.0	13	0.4444	13.7	3	2	2	1.0	1.0	0.0	1.0	1.0	1.0	1.0	0.0	0.0	1.0	0.9697	1.0	1.0	0.0	0.0	0.0	0	0	0	0	1.0	1.0	1.0	1	1.0	0.0	0.0	1.0	0.0	1.0
L010508	control_vntr_correct	mafft_ginsi__all	14.74	69.481	1.0	0.5769	19.56	18	2	11	1.0023	1.0	0.03	0.9956	1.0007	1.0014	1.0	0.04	0.0	1.0	0.5152	1.0007	1.125	1.2	0.00383	4.25	0	0	0	0	1.0	1.0	1.0	1	0.9841	0.0111	0.0048	1.0111	0.0333	1.0333
L011121	control_vntr_correct	mafft_ginsi__all	45.47	25.336	1.0	0.5431	61.15	8	6	10	1.0322	1.0	1.87	0.8827	1.1504	1.0255	1.1215	3.1	0.07	1.0	1.0909	1.1504	1.1722	20.81	0.04367	58.8	0	0	0	0	1.0	1.0	1.0	1	0.9272	0.0224	0.0485	1.0233	0.0411	1.0431
L011227	control_vntr_matched	mafft_ginsi__all	11.9	107.93	18	0.4186	16.33	15	2	11	1.1132	1.0	5.87	0.7833	1.0825	1.0541	1.0615	6.23	0.0	1.0	0.6061	1.0825	1.107	3.18	0.07357	97.98	0	0	0	0	1.0	1.0	1.0	1	0.6413	0.0152	0.3359	1.0863	0.0161	1.1432
L011931	control_nontr_sv	mafft_ginsi__all	24.87	76.208	2.0	0.5	35.23	4	8	8	1.0012	1.0012	0.49	0.2684	1.0012	1.0	1.0	0.0	0.0	1.0	0.5152	1.0012	1.0	0.0	0.0	0.0	0	0	0	0	1.0	1.0	1.0	1	0.9783	0.0217	0.0	1.0652	0.0	1.0
L012313	control_vntr_matched	mafft_ginsi__all	21.26	48.324	1.0	0.6176	27.82	21	4	14	1.0653	1.0	1.59	0.8873	1.3288	1.0004	1.0	0.02	0.0	2.0	1.6364	1.3288	2.3528	25.55	0.01118	12.82	1	1	0	1	1.0	1.0	1.0	2	0.8748	0.0541	0.0711	1.0541	0.042	1.042
L012530	control_nontr_sv	mafft_ginsi__all	28.28	35.727	1.5	0.5	37.28	7	3	7	1.0	1.0	0.0	1.0	1.0	1.0	1.0	0.0	0.0	0.0	0.4848	1.0	1.0345	2.58	0.0	0.0	0	0	0	0	1.0	1.0	1.0	1	0.9355	0.0645	0.0	1.0645		
L013074	control_vntr_correct	mafft_ginsi__all	4.68	214.281	1.0	0.5312	5.99	11	2	3	1.0025	1.0	0.73	0.8675	1.0025	1.0026	1.0026	1.54	0.0	1.0	1.0	1.0025	1.0	0.0	0.00171	1.75	0	0	0	0	1.0	1.0	1.0	1	0.9976	0.0	0.0	1.0	0.0	1.0
L013399	control_nontr_sv	mafft_ginsi__all	9.12	239.833	167.5	0.3333	10.64	2	2	3	1.0	1.0	0.0	1.0	1.0	1.0	1.0	0.0	0.0	1.0	0.7879	1.0	1.0	0.0	0.0	0.0	0	0	0	0	1.0	1.0	1.0	1	0.9957	0.0043	0.0	1.0043	0.0	1.0
L014111	control_vntr_matched	mafft_ginsi__all	48.15	21.567	1	0.5419	64.99	71	3	4	1.0549	1.0397	3.48	0.1599	1.0565	1.0186	1.019	3.2	0.0	2.0	1.0606	1.0565	3.9264	23.8	0.02921	36.53	0	0	0	0	1.0	1.0	1.0	2	0.997	0.0015	0.0	1.0015	0.0	1.0
L014324	control_vntr_correct	mafft_ginsi__all	67.22	17.905	1	0.6154	89.9	56	3	6	1.0502	1.0131	4.9	0.3871	1.0175	1.0914	1.0106	18.44	0.08	1.0	0.9394	1.0175	1.011	1.71	0.19895	301.51	0	0	0	0	1.0	1.0	1.0	1	0.5216	0.3849	0.0935	1.4497	0.346	1.4398
L014426	control_vntr_correct	mafft_ginsi__all	39.77	25.467	1	0.5067	54.61	18	3	9	1.0576	1.0196	11.73	0.3041	1.0269	1.0519	1.0523	22.3	0.65	0.0	0.9697	1.0269	1.0073	1.07	0.0511	58.85	1	1	0	1	1.0	1.0	1.0	2	0.8314	0.1571	0.0115	1.1839	0.125	1.125
L014899	control_nontr_sv	mafft_ginsi__all	6.0	166.833	109.5	0.3333	7.0	2	2	2	1.0	1.0	0.0	1.0	1.0	1.0	1.0	0.0	0.0	1.0	0.5455	1.0	1.0	0.0	0.0	0.0	0	0	0	0	1.0	1.0	1.0	1	1.0	0.0	0.0	1.0		
L015223	control_vntr_matched	mafft_ginsi__all	71.58	21.188	1	0.5279	97.38	71	2	4	1.0805	1.0779	22.37	0.24	1.0854	1.0061	1.0073	3.94	1.12	6.0	5.6364	1.0854	1.0677	24.86	0.07894	144.62	0	0	0	0	0.25	1.0	1.0	6	0.9429	0.0252	0.0319	1.0262	0.0345	1.0603
L015285	control_vntr_correct	mafft_ginsi__all	8.95	112.0	1.0	0.5833	11.56	7	3	4	1.0049	1.0049	0.35	0.0997	1.0049	1.0	1.0	0.0	0.0	1.0	0.5152	1.0049	1.0	0.0	0.00744	7.83	0	0	0	0	1.0	1.0	1.0	1	0.9341	0.0019	0.064	1.0235	0.0139	1.1664
L015743	control_vntr_correct	mafft_ginsi__all	54.67	18.893	1.0	0.5305	73.25	85	2	7	1.0617	1.0769	10.3	0.2377	1.0611	1.1175	1.121	40.2	0.49	1.0	0.9697	1.0611	1.0087	6.03	0.06163	67.4	1	0	1	2	1.0	1.0	1.0	1	0.3601	0.0952	0.5446	1.0962	0.1006	1.1027
L016040	control_nontr_sv	mafft_ginsi__all	29.25	37.381	1	0.5714	37.6	7	2	4	1.0	1.0	0.0	1.0	1.0	1.0	1.0	0.0	0.0	1.0	0.5152	1.0	1.0	0.0	0.0	0.0	0	0	0	0	1.0	1.0	1.0	1	1.0	0.0	0.0	1.0		
L016062	control_vntr_correct	mafft_ginsi__all	13.69	76.639	1.0	0.5278	18.25	12	3	4	1.0	1.0	0.0	1.0	1.0	1.0	1.0	0.0	0.02	1.0	0.5152	1.0	1.0019	0.02	0.02787	31.56	0	0	0	0	1.0	1.0	1.0	1	0.6895	0.0244	0.2861	1.0324	0.0429	1.0562
L016124	control_vntr_matched	mafft_ginsi__all	69.8	14.704	1.0	0.5577	93.15	88	2	6	1.0543	1.0533	3.4	0.2746	1.055	1.0069	1.007	1.21	0.0	0.0	0.9697	1.055	1.0	0.0	0.10321	126.17	0	0	0	0	0.4	1.0	1.0	2	0.9752	0.0149	0.0075	1.0149	0.0	1.0
L016274	control_nontr_sv	mafft_ginsi__all	6.74	254.0	337	0.2	8.09	1	3	3	1.0	1.0	0.0	1.0	1.0	1.0	1.0	0.0	0.0	0.0	0.4242	1.0	1.0	0.0	0.0	0.0	0	0	0	0	1.0	1.0	1.0	1	0.9537	0.0463	0.0	1.0463	0.0	1.0
L016523	control_vntr_correct	mafft_ginsi__all	15.29	68.286	1.0	0.5238	21.11	13	2	12	1.0	1.0	0.0	1.0	1.0	1.0	1.0	0.0	0.5	0.0	0.4848	1.0	1.3057	5.3	0.00512	5.82	0	0	0	0	1.0	1.0	1.0	1	0.9741	0.0219	0.004	1.0219	0.0909	1.0909
L017097	control_nontr_sv	mafft_ginsi__all	66.93	32.059	1	0.6275	89.24	11	6	10	1.0025	1.0012	0.93	0.4393	1.0026	1.0	1.0	0.0	0.0	1.0	0.6364	1.0026	1.0	0.0	0.0	0.0	0	0	0	1	1.0	1.0	1.0	1	1.0	0.0	0.0	1.0	0.0	1.0
TR423938	control_vntr_matched	mafft_ginsi__all	84.66	12.204	1	0.5812	113.48	66	2	3	1.2108	1.2108	16.36	0.4923	1.2108	1.5045	1.5045	79.46	1.4	0.0	0.0606	1.2108	1.0182	0.08	0.21167	268.62	0	0	0	0				0	0.443	0.3005	0.2565	1.3115	0.0867	1.1083
TR446002	control_vntr_matched	mafft_ginsi__all	10.8	92.84	2	0.4	14.26	6	3	5	1.0024	1.0	0.06	0.8698	1.0014	1.0	1.0	0.0	0.0	0.0	0.0303	1.0014	1.0	0.0	0.00409	4.32	1	1	0	1				0	1.0	0.0	0.0	1.0	0.0	1.0
TR455654	control_vntr_matched	mafft_ginsi__all	17.89	57.14	2	0.4884	24.97	14	3	7	1.0035	1.0	0.08	0.9065	1.0015	1.0033	1.0	0.18	0.0	0.0	0.0303	1.0015	1.1301	0.94	0.00616	6.66	0	0	0	0				0	0.9432	0.0568	0.0	1.0926	0.25	1.25
TR460913	control_vntr_matched	mafft_ginsi__all	36.56	27.667	1.0	0.625	47.98	16	2	7	1.0977	1.0	0.49	0.8421	1.0952	1.135	1.1311	1.96	0.0	0.0	0.0	1.0952	1.0	0.0	0.053	63.98	0	0	0	0				0	0.8767	0.0749	0.0485	1.0947	0.2745	1.3627
TR499275	control_vntr_matched	mafft_ginsi__all	6.9	145.167	1.0	0.5333	8.98	10	2	4	1.0	1.0	0.0	1.0	1.0	1.0	1.0	0.0	0.0	0.0	0.0	1.0	1.0	0.0	0.0	0.0	0	0	0	0				0	0.9701	0.0075	0.0224	1.0075	0.0	1.0
TR499276	control_vntr_matched	mafft_ginsi__all	8.92	112.4	1.0	0.675	11.6	13	2	5	1.0	1.0	0.0	1.0	1.0	1.0	1.0	0.0	0.0	0.0	0.0	1.0	1.0	0.0	0.0	0.0	0	0	0	0				0	1.0	0.0	0.0	1.0	0.0	1.0
TR573259	control_vntr_matched	mafft_ginsi__all	72.97	18.812	1	0.5446	100.38	78	2	4	1.0782	1.0	9.96	0.6562	1.0782	1.0853	1.0854	24.15	0.56	0.0	0.1515	1.0782	1.0463	0.54	0.16353	270.98	0	0	0	0				0	0.8035	0.079	0.1175	1.1252	0.1064	1.2807
TR687433	control_vntr_matched	mafft_ginsi__all	31.62	32.594	1.0	0.5566	42.06	36	2	4	1.2086	1.0712	21.35	0.3333	1.209	1.2874	1.288	59.46	0.0	0.0	0.1515	1.209	1.1333	1.18	0.11949	135.74	1	0	1	1				0	0.5638	0.099	0.3372	1.2645	0.1737	1.4579
TR687489	control_vntr_matched	mafft_ginsi__all	4.39	228.083	2.0	0.5	5.49	4	2	2	1.0	1.0	0.0	1.0	1.0	1.0	1.0	0.0	0.0	0.0	0.0	1.0	1.0	0.0	0.0	0.0	0	0	0	0				0	0.8352	0.0	0.1648	1.0019	0.0	1.0034
TR724750	control_vntr_matched	mafft_ginsi__all	131.63	8.352	1.0	0.6633	175.96	133	2	4	1.0706	1.0	1.0	0.8507	1.0704	1.06	1.0598	2.6	0.0	0.0	0.0303	1.0704	1.0364	0.06	0.24726	386.84	0	0	0	0				0	0.6382	0.2022	0.1596	1.235	0.2667	1.3415
TR743754	control_vntr_matched	mafft_ginsi__all	15.74	63.848	1.0	0.6087	20.53	11	4	9	1.0067	1.0	0.39	0.8367	1.0019	1.0045	1.0009	0.55	0.0	0.0	0.0909	1.0019	1.0	0.0	0.00031	0.34	0	0	0	0				0	0.9157	0.0651	0.0192	1.067	0.1111	1.1389
L000034	hotspot_vntr	poa_abpoa	394.13	4.094	1	0.5637	554.75	99	30	32	1.3313	1.4298	58.4	0.0322	1.3436	1.258	1.2699	122.6	2.16	3.0	2.8788	1.3436	1.4055	48.03	0.44786	1588.51	105	31	74	321	0.3158	1.0	1.0	7	0.5746	0.2449	0.1727	1.5817	0.29	1.7604
L000289	hotspot_vntr	poa_abpoa	671.85	2.279	1.0	0.7521	993.61	69	34	34	1.0738	1.0974	38.51	0.0018	1.0758	1.087	1.0922	100.74	2.9	11.0	9.7273	1.0758	1.0037	1.84	0.76654	7125.8	18	13	5	690	0.5607	1.0	1.0	15	0.6444	0.1366	0.2006	1.576	0.1782	1.7646
L000308	control_vntr_matched	poa_abpoa	21.42	47.148	1.0	0.5341	29.45	20	6	9	1.768	1.9348	189.59	0.2024	1.0119	1.3893	1.0021	248.52	0.18	1.0	1.9697	1.0119	1.0161	4.58	0.02976	33.59	0	0	0	0	0.5714	1.0	1.0	4	0.9433	0.0397	0.0151	1.0407	0.25	1.2656
L000381	control_vntr_matched	poa_abpoa	29.36	35.24	1.0	0.6275	39.43	70	3	8	1.0116	1.0	0.08	0.8726	1.0163	1.0103	1.0145	0.18	0.0	1.0	1.0303	1.0163	1.7263	13.45	0.00872	10.51	0	0	0	1	1.0	1.0	1.0	1	0.9953	0.004	0.0	1.004	0.0303	1.0312
L000407	control_vntr_correct	poa_abpoa	10.29	100.786	3.0	0.3929	14.33	7	4	9	1.0492	1.0	1.67	0.9348	1.0656	1.0	1.0	0.0	0.0	1.0	0.5455	1.0656	1.0929	1.8	0.00101	1.1	0	0	0	0	1.0	1.0	1.0	1	0.9881	0.0119	0.0	1.0119	0.0297	1.0297
L000506	control_nontr_sv	poa_abpoa	6.2	161.571	33	0.4286	8.86	1	5	5	1.0	1.0	0.0	1.0	1.0	1.0	1.0	0.0	0.0	0.0	0.4545	1.0	1.0	0.0	0.0	0.0	0	0	0	0	1.0	1.0	1.0	1	0.9145	0.0855	0.0	1.1966	0.3333	2.0
L000698	control_vntr_correct	poa_abpoa	18.62	67.862	1	0.5231	26.07	20	6	9	1.0334	1.0	1.13	0.8971	1.0553	1.0071	1.0107	0.52	0.0	1.0	1.0	1.0553	1.1357	28.88	0.02472	33.52	0	0	0	0	0.6667	1.0	1.0	1	0.866	0.0568	0.0771	1.0961	0.0286	1.1571
L000709	control_vntr_matched	poa_abpoa	1.92	522.0	23.0	0.5	2.4	4	2	3	1.0	1.0	0.0	1.0	1.0	1.0	1.0	0.0	0.0	0.0	0.4545	1.0	1.0	0.0	0.0	0.0	4	0	4	4	1.0	1.0	1.0	1	0.9732	0.0095	0.0173	1.0095	0.0	1.0
L001084	hotspot_vntr	poa_abpoa	373.38	7.055	1.0	0.7657	509.47	32	33	33	1.0258	1.0409	12.42	0.0036	1.0364	1.0292	1.0337	29.09	0.25	3.0	3.5455	1.0364	1.0011	0.37	0.49271	2722.25	1	0	1	358	0.0	1.0	1.0	3	0.2692	0.092	0.636	3.9148	0.0992	3.9767
L001264	hotspot_vntr	poa_abpoa	828.55	2.886	1.0	0.7165	1169.42	215	30	34	1.0836	1.0807	45.35	0.0	1.0986	1.0857	1.1018	101.04	0.67	8.0	7.697	1.0986	1.039	14.72	0.68358	6611.06	30	10	20	749	0.1667	1.0	1.0	9	0.2989	0.1246	0.5587	3.4391	0.1176	3.835
L001491	control_vntr_correct	poa_abpoa	232.54	6.272	1	0.5866	314.71	87	4	9	1.0496	1.0393	11.06	0.2857	1.0478	1.0913	1.0838	42.88	0.0	1.0	0.5152	1.0478	1.0029	0.5	0.19323	445.36	2	2	0	3	1.0	1.0	1.0	2	0.8798	0.0645	0.0352	1.0667	0.0407	1.0427
L001527	control_nontr_sv	poa_abpoa	36.19	27.927	1	0.6098	52.07	9	10	12	1.0001	1.0	0.02	0.981	1.0	1.0	1.0	0.0	0.0	0.0	0.2727	1.0	1.0	0.0	0.0	0.0	0	0	0	0	1.0	1.0	1.0	1	0.9703	0.0297	0.0	1.1683	0.0	1.0
L001894	control_vntr_matched	poa_abpoa	48.91	21.152	1.0	0.5823	65.78	85	3	5	1.0275	1.0	0.79	0.8382	1.0051	1.0485	1.0044	3.17	0.0	0.0	0.0303	1.0051	4.1486	16.32	0.05204	63.3	0	0	0	0	0.0	0.0		0	0.9717	0.0255	0.0021	1.0255	0.0	1.0
L001899	control_vntr_matched	poa_abpoa	65.85	16.155	1	0.5039	91.37	32	3	9	1.0353	1.0164	3.4	0.2246	1.0218	1.0503	1.0424	10.32	0.33	1.0	0.6061	1.0218	1.0165	0.95	0.16542	213.88	0	0	0	0	1.0	1.0	1.0	1	0.5957	0.1696	0.2348	1.3484	0.226	1.5009
L001909	hotspot_vntr	poa_abpoa	229.18	6.016	1	0.5152	333.4	116	34	34	1.1377	1.084	43.48	0.0	1.0996	1.1346	1.1157	92.15	0.89	16.0	15.697	1.0996	1.0884	23.35	0.52401	1641.19	280	5	275	1052	0.1351	1.0	1.0	45	0.1914	0.1128	0.6883	4.0601	0.1195	4.1727
L001922	control_vntr_correct	poa_abpoa	20.33	50.014	1.0	0.5139	27.95	3	12	12	1.0062	1.0014	1.92	0.3742	1.0019	1.0054	1.0012	3.37	0.19	0.0	0.4242	1.0019	1.0037	0.67	0.03117	34.16	0	0	0	0	1.0	1.0	1.0	1	0.6301	0.0692	0.2888	1.1447	0.0929	1.2717
L002013	hotspot_vntr	poa_abpoa	714.68	3.11	1	0.6963	1037.66	35	29	32	1.0984	1.0946	51.4	0.0	1.185	1.1385	1.2242	154.89	3.12	6.0	6.8485	1.185	1.1962	67.14	0.53058	3611.73	7	5	2	1172	0.5517	1.0	1.0	14	0.2779	0.0702	0.6443	2.0637	0.0611	2.1578
L002096	hotspot_vntr	poa_abpoa	317.82	6.846	1	0.6393	455.02	224	9	33	1.0593	1.0496	13.78	0.0661	1.0782	1.1	1.1178	49.88	0.52	6.0	6.8788	1.0782	1.0275	13.33	0.37099	1423.41	31	31	0	39	0.32	1.0	1.0	11	0.2672	0.1152	0.598	1.5435	0.1019	1.6341
L002143	hotspot_vntr	poa_abpoa	112.67	10.598	1.0	0.6031	153.47	194	10	23	1.3825	1.3676	25.15	0.2477	1.481	1.2711	1.2978	45.77	0.32	5.0	3.5455	1.481	2.1629	30.05	0.28241	502.7	3	0	3	72	0.5556	1.0	1.0	10	0.4646	0.1468	0.3848	1.5882	0.2254	1.8216
L002182	hotspot_vntr	poa_abpoa	772.61	3.319	1	0.7388	1081.24	64	17	32	1.0457	1.0448	24.67	0.0089	1.0856	1.0673	1.0979	76.38	1.46	2.0	2.4848	1.0856	1.0057	2.27	0.60501	5102.6	1	0	1	19	0.2222	1.0	1.0	4	0.3686	0.3414	0.284	1.916	0.4135	2.1368
L002292	control_nontr_sv	poa_abpoa	8.7	115.211	3	0.4737	12.37	3	4	6	1.0	1.0	0.0	1.0	1.0	1.0	1.0	0.0	0.0	0.0	0.4545	1.0	1.0	0.0	0.0	0.0	0	0	0	0	1.0	1.0	1.0	1	0.9839	0.0161	0.0	1.0482		
L002884	control_vntr_matched	poa_abpoa	17.96	60.75	4.0	0.3824	24.83	25	2	12	1.0149	1.0	0.17	0.9091	1.0213	1.0032	1.0054	0.08	0.0	1.0	1.0303	1.0213	1.0541	4.41	0.00946	11.36	2	0	2	2	1.0	1.0	1.0	1	0.6981	0.0674	0.2345	1.0759	0.0724	1.0904
L002940	hotspot_other	poa_abpoa	242.59	5.932	1.0	0.5693	347.06	65	10	26	1.07	1.0559	21.83	0.1481	1.0847	1.1085	1.1283	76.3	1.21	2.0	2.303	1.0847	1.0727	17.17	0.19486	409.47	0	0	0	24	0.25	1.0	1.0	5	0.5276	0.316	0.1442	1.6144	0.4512	1.8813
L003119	control_vntr_correct	poa_abpoa	3.78	264.727	155	0.4545	5.16	4	3	6	1.0005	1.0	0.05	0.9459	1.0005	1.0001	1.0001	0.03	0.0	1.0	0.9697	1.0005	1.0003	0.15	0.0	0.0	0	0	0	0	1.0	1.0	1.0	1	0.4139	0.0232	0.5629	1.0497	0.0437	1.0938
L003171	control_nontr_sv	poa_abpoa	11.28	88.917	47.5	0.5	14.1	4	2	2	1.003	1.003	1.11	0.0	1.003	1.0	1.0	0.0	0.0	1.0	1.0	1.003	1.0	0.0	0.0	0.0	0	0	0	0	1.0	1.0	1.0	1	1.0	0.0	0.0	1.0	0.0	1.0
L003672	control_vntr_correct	poa_abpoa	128.92	8.162	1	0.5495	174.6	115	2	7	1.035	1.0325	2.64	0.2361	1.0353	1.2722	1.2743	56.26	0.0	0.0	0.4848	1.0353	1.4493	8.72	0.21259	300.81	0	0	0	0	0.0	0.0	1.0	1	0.6729	0.2784	0.0487	1.2912	0.4259	1.4969
L003695	hotspot_other	poa_abpoa	83.97	15.403	3.0	0.3387	122.8	7	11	12	1.1353	1.2185	19.66	0.1441	1.1193	1.1632	1.201	53.96	0.28	1.0	0.697	1.1193	1.1522	17.37	0.29839	553.95	0	0	0	0	0.5	0.5	1.0	1	0.3923	0.2845	0.3204	1.9193	0.332	2.2098
L003826	control_vntr_matched	poa_abpoa	260.91	4.529	1	0.5869	364.63	29	33	33	1.2945	1.4277	22.98	0.0518	1.5291	1.269	1.4206	52.0	0.96	1.0	0.8788	1.5291	1.9518	36.2	0.27137	640.28	1	0	1	30	0.0	0.0		0	0.496	0.3666	0.1348	2.1738	0.4872	2.5506
L003828	hotspot_other	poa_abpoa	94.67	10.892	1.0	0.5745	136.25	17	26	26	1.0183	1.0226	7.91	0.0291	1.008	1.0371	1.0159	32.76	0.46	6.0	5.6364	1.008	1.0022	2.01	0.24227	387.04	2	0	2	48	0.125	1.0	1.0	10	0.5948	0.1552	0.25	1.8577	0.1222	1.8944
L003872	control_vntr_matched	poa_abpoa	75.8	13.732	2.0	0.4554	105.58	43	6	7	1.1412	1.1444	14.1	0.2119	1.1049	1.0531	1.039	15.66	0.25	1.0	1.0	1.1049	1.7295	24.21	0.03574	50.42	0	0	0	0	1.0	1.0	1.0	2	0.9723	0.0257	0.0	1.0258	0.0204	1.0204
L003883	control_nontr_sv	poa_abpoa	32.61	137.852	1	0.5926	42.27	2	3	3	1.0003	1.0003	0.4	0.0525	1.0003	1.0	1.0	0.0	0.0	1.0	0.5152	1.0003	1.0	0.0	0.0	0.0	0	0	0	0	1.0	1.0	1.0	1	0.9974	0.0026	0.0	1.0026	0.0	1.0
L004021	control_vntr_matched	poa_abpoa	21.71	46.387	1.0	0.5952	29.21	42	6	20	1.0211	1.0	1.0	0.8887	1.0005	1.004	1.0	0.4	0.0	1.0	1.1212	1.0005	1.0234	0.79	0.00377	4.27	0	0	0	1	1.0	1.0	1.0	1	0.9816	0.0167	0.0	1.0167	0.0172	1.0179
L004145	hotspot_vntr	poa_abpoa	193.18	5.619	1	0.531	270.9	601	20	31	1.1424	1.0995	27.99	0.0606	1.0896	1.0862	1.0655	50.95	0.28	4.0	4.0645	1.0896	1.1059	15.99	0.12226	205.42	1	0	1	10	0.0	1.0	1.0	9	0.7654	0.2011	0.0335	1.3262	0.4653	1.8018
L004620	control_nontr_sv	poa_abpoa	11.32	88.545	6	0.4545	14.4	3	3	5	1.0002	1.0	0.06	0.9494	1.0032	1.0004	1.0063	0.25	0.0	1.0	0.5152	1.0032	1.0	0.0	0.0	0.0	0	0	0	0	1.0	1.0	1.0	1	0.9531	0.0469	0.0	1.0469	0.0	1.0
L004848	hotspot_other	poa_abpoa	520.65	2.66	1	0.7393	751.31	92	20	30	1.2401	1.2392	52.82	0.0108	1.1229	1.2885	1.1536	152.26	2.4	3.0	2.9091	1.1229	1.0498	13.43	0.62316	3095.4	14	3	11	99	0.0	0.0		0	0.5207	0.1488	0.1777	1.7483	0.1625	1.9242
L004989	hotspot_other	poa_abpoa	280.31	4.167	1.0	0.6448	423.8	47	13	29	1.2001	1.1982	39.7	0.0054	1.0623	1.3297	1.149	150.77	2.79	5.0	4.6667	1.0623	1.0408	14.09	0.43928	1140.71	2	1	1	88	0.4	1.0	1.0	7	0.5436	0.2148	0.2282	1.9187	0.2892	2.4329
L005064	hotspot_other	poa_abpoa	265.89	5.155	2.0	0.4839	383.86	116	22	29	1.1855	1.1549	32.31	0.0883	1.2252	1.2958	1.3584	112.53	0.34	2.0	1.3939	1.2252	1.2031	20.43	0.4483	1148.84	4	0	4	60	0.2857	1.0	1.0	5	0.373	0.3304	0.2735	1.8884	0.3165	2.3418
L005261	hotspot_other	poa_abpoa	504.07	5.464	1	0.5335	738.07	30	15	26	1.0374	1.0227	14.89	0.1375	1.0206	1.0826	1.0534	68.93	1.35	2.0	1.5152	1.0206	1.0143	5.76	0.54742	3332.95	23	23	0	146	0.0	1.0	1.0	4	0.6234	0.2814	0.0909	1.6069	0.4259	2.0428
L005411	hotspot_vntr	poa_abpoa	141.35	7.511	1.0	0.6314	198.02	166	20	33	1.2607	1.4464	17.62	0.0071	1.0638	1.2472	1.0538	44.47	0.52	2.0	2.1212	1.0638	1.0649	12.93	0.47908	1009.44	35	35	0	157	0.2857	0.2857	1.0	3	0.351	0.4027	0.2279	2.3327	0.4188	2.367
L005481	hotspot_vntr	poa_abpoa	120.94	9.77	1	0.5452	167.0	44	14	23	1.0722	1.0032	8.4	0.4907	1.4093	1.0732	1.34	18.07	0.15	1.0	1.0909	1.4093	1.5249	69.42	0.28775	494.37	40	0	40	71	0.5	1.0	1.0	1	0.5043	0.1461	0.3295	1.3971	0.1602	1.5133
L005618	hotspot_other	poa_abpoa	510.33	2.359	1.0	0.68	738.41	185	25	32	1.1987	1.2143	49.57	0.0	1.1235	1.2861	1.219	171.04	2.16	4.0	3.2424	1.1235	1.0555	13.46	0.7195	4149.08	36	4	32	304	0.4286	1.0	1.0	7	0.5877	0.1846	0.1477	1.6933	0.2757	2.0794
L005688	control_nontr_sv	poa_abpoa	178.37	7.969	1	0.6299	238.76	39	3	5	1.0235	1.0241	5.03	0.3571	1.0236	1.0	1.0	0.0	0.0	1.0	0.8182	1.0236	1.0158	4.01	0.0	0.0	0	0	0	0	1.0	1.0	1.0	1	1.0	0.0	0.0	1.0	0.0	1.0
L005990	hotspot_vntr	poa_abpoa	135.62	13.527	2.0	0.4025	204.65	169	16	32	1.0437	1.0359	7.13	0.131	1.0734	1.0693	1.0993	23.99	0.23	6.0	6.0323	1.0734	1.0728	16.29	0.26725	687.7	90	90	0	238	0.25	1.0	1.0	3	0.4764	0.0774	0.4293	1.6446	0.094	2.0017
L006556	control_nontr_sv	poa_abpoa	16.2	62.0	1	0.5333	20.52	4	3	4	1.0033	1.0033	1.12	0.1373	1.0033	1.0	1.0	0.0	0.0	1.0	0.5152	1.0033	1.0	0.0	0.0	0.0	0	0	0	0	1.0	1.0	1.0	1	0.9846	0.0154	0.0	1.0154	0.0	1.0
L006952	hotspot_vntr	poa_abpoa	488.14	2.992	1	0.6053	696.21	4	28	28	1.0323	1.0085	20.02	0.0852	1.0671	1.0557	1.1002	71.57	1.45	3.0	2.3333	1.0671	1.0331	16.2	0.68301	3674.57	6	5	1	30	0.5	1.0	1.0	4	0.5698	0.1849	0.0717	1.7701	0.1818	2.0274
L007009	hotspot_vntr	poa_abpoa	299.7	4.537	1	0.6629	415.47	167	16	27	1.0198	1.0182	18.3	0.0603	1.0238	1.0238	1.0319	45.26	0.77	12.0	14.3333	1.0238	1.008	6.32	0.54557	1816.4	21	13	8	834	0.2222	1.0	1.0	34	0.1532	0.2524	0.5881	2.5552	0.2137	2.6777
L007033	control_vntr_correct	poa_abpoa	12.62	84.625	1.0	0.5312	16.56	5	3	3	1.0012	1.0014	1.54	0.0	1.001	1.0	1.0	0.0	0.0	1.0	1.0	1.001	1.0	0.0	0.03264	36.67	0	0	0	0	1.0	1.0	1.0	1	0.8824	0.098	0.0196	1.1078	0.5	1.75
L007040	hotspot_vntr	poa_abpoa	57.52	17.756	1	0.6473	82.03	153	8	27	1.0956	1.0876	41.33	0.0381	1.0086	1.0808	1.0088	74.74	0.73	12.0	12.2121	1.0086	1.0023	3.17	0.27199	391.66	3	3	0	33	0.0	1.0	1.0	21	0.2493	0.3935	0.3558	2.3271	0.4343	2.5214
L007065	control_vntr_matched	poa_abpoa	9.17	111.051	1	0.5128	12.22	8	7	9	1.0003	1.0	0.02	0.9515	1.0	1.0	1.0	0.0	0.0	1.0	0.5455	1.0	1.0	0.0	0.0033	3.53	0	0	0	0	1.0	1.0	1.0	1	0.9792	0.0104	0.0104	1.0106	0.0385	1.0385
L007081	hotspot_vntr	poa_abpoa	703.95	4.504	1	0.6993	1058.94	57	31	33	1.0363	1.0479	15.5	0.0054	1.0267	1.0894	1.0756	81.61	0.59	5.0	5.7879	1.0267	1.0134	6.36	0.51099	4626.26	318	306	12	502	0.3333	1.0	1.0	22	0.2563	0.201	0.5226	3.0144	0.2197	3.418
L007161	hotspot_other	poa_abpoa	238.29	4.649	1	0.5537	338.6	88	16	25	1.1804	1.1811	28.31	0.1734	1.2037	1.1873	1.1804	80.0	0.38	2.0	2.1515	1.2037	1.1127	13.15	0.33771	716.87	0	0	0	0	0.5	1.0	1.0	4	0.5593	0.1308	0.293	1.3258	0.1164	1.4546
L007172	control_vntr_matched	poa_abpoa	237.95	5.415	1.0	0.5601	336.66	115	7	11	1.0936	1.1016	16.8	0.2913	1.115	1.1672	1.2144	63.45	0.3	1.0	0.6061	1.115	1.0692	6.14	0.33025	736.79	0	0	0	0	0.0	1.0	1.0	1	0.4465	0.2372	0.3114	1.4315	0.1099	1.5622
L007184	hotspot_other	poa_abpoa	77.22	13.28	1.5	0.5	118.92	3	19	21	1.0743	1.0315	13.98	0.2004	1.0134	1.1182	1.05	47.68	0.84	2.0	1.9091	1.0134	1.0089	2.82	0.13083	190.73	0	0	0	8	0.0	1.0	1.0	3	0.6964	0.1161	0.1786	1.3549	0.2593	1.9478
L007192	control_nontr_sv	poa_abpoa	27.74	49.0	1	0.5789	39.42	4	6	11	1.0	1.0	0.0	1.0	1.0	1.0	1.0	0.0	0.0	0.0	0.2424	1.0	1.0	0.0	0.01188	17.52	0	0	0	0	1.0	1.0	1.0	1	0.9204	0.0796	0.0	1.2212	0.4444	2.3333
L007376	control_vntr_matched	poa_abpoa	3.77	265.411	1	0.6027	5.01	5	8	9	1.0001	1.0	0.02	0.7533	1.0007	1.0	1.0	0.0	0.0	1.0	1.0606	1.0007	1.0	0.0	0.00086	0.88	1	0	1	1	1.0	1.0	1.0	1	0.9407	0.0112	0.0481	1.0112	0.011	1.011
L007480	hotspot_other	poa_abpoa	273.27	7.633	1	0.6985	381.15	13	17	21	1.0515	1.0526	15.36	0.0938	1.0617	1.0835	1.1103	51.89	0.93	3.0	3.9091	1.0617	1.0221	5.73	0.30785	992.89	0	0	0	61	0.0	1.0	1.0	2	0.368	0.293	0.3341	2.0037	0.2878	2.2774
L007687	control_vntr_matched	poa_abpoa	120.98	9.169	1.0	0.6125	163.71	74	3	10	1.0469	1.0	3.69	0.7235	1.0267	1.1243	1.0916	20.54	0.14	1.0	0.7576	1.0267	1.0142	0.61	0.28291	462.38	0	0	0	0	1.0	1.0	1.0	1	0.3895	0.5011	0.1072	1.7001	0.2923	1.5981
L007717	control_vntr_matched	poa_abpoa	56.48	18.108	2.0	0.448	79.3	62	8	21	1.0277	1.024	1.73	0.3065	1.0396	1.0162	1.0211	2.47	0.14	0.0	0.5455	1.0396	1.2333	9.37	0.04933	67.33	2	2	0	2	1.0	1.0	1.0	1	0.9601	0.0206	0.0151	1.0253	0.0455	1.0909
L007798	hotspot_other	poa_abpoa	589.45	4.926	1.0	0.5969	824.31	79	21	32	1.0334	1.0519	23.76	0.0125	1.0434	1.0446	1.0537	65.39	0.84	8.0	7.303	1.0434	1.0199	12.29	0.38723	2482.34	12	0	12	797	0.2727	1.0	1.0	15	0.3116	0.0971	0.5899	2.0729	0.1111	2.2691
L007844	hotspot_other	poa_abpoa	1250.0	2.086	1	0.7392	1781.19	82	34	34	1.1728	1.1837	64.01	0.0	1.1815	1.2321	1.2473	201.41	3.34	3.0	3.2424	1.1815	1.0769	28.41	0.73761	9372.23	573	570	3	724	0.625	0.625	0.8571	8	0.3437	0.338	0.2197	1.9088	0.3346	1.9822
L008216	hotspot_vntr	poa_abpoa	160.04	6.952	1	0.6367	218.51	57	19	21	1.1893	1.2211	26.65	0.1506	1.0815	1.1945	1.0726	62.51	9.65	2.0	2.1818	1.0815	1.258	24.67	0.29915	588.71	1	1	0	1	0.6667	1.0	1.0	2	0.4981	0.2528	0.2491	1.6845	0.2779	1.8478
L008631	control_nontr_sv	poa_abpoa	19.91	74.286	3.5	0.4286	28.45	3	6	8	1.0	1.0	0.0	1.0	1.0	1.0	1.0	0.0	0.0	0.0	0.1818	1.0	1.0	0.0	0.0	0.0	0	0	0	0	1.0	1.0	1.0	1	0.9139	0.0861	0.0	1.2185	0.1282	1.4615
L008864	hotspot_vntr	poa_abpoa	1045.05	5.295	1	0.63	1546.69	171	23	28	1.0734	1.0988	41.08	0.0018	1.0918	1.119	1.1462	142.92	1.14	1.0	2.5758	1.0918	1.0669	28.2	0.50639	6209.76	97	97	0	703	0.2222	1.0	1.0	10	0.332	0.2668	0.3933	2.1262	0.3115	2.3269
L008877	hotspot_other	poa_abpoa	804.24	3.559	1	0.5882	1172.68	241	16	30	1.2537	1.2072	62.08	0.0144	1.073	1.2921	1.1213	174.6	1.64	6.0	6.7576	1.073	1.046	20.79	0.49534	3504.65	46	32	14	178	0.2759	0.2759	0.875	18	0.3197	0.2986	0.3451	1.8434	0.3302	2.0041
L008887	control_vntr_correct	poa_abpoa	13.12	86.971	6.0	0.4118	17.75	13	2	7	1.0019	1.0	0.03	0.9449	1.0022	1.0	1.0	0.0	0.0	2.0	2.0	1.0022	1.0094	1.2	0.01559	18.9	0	0	0	0	1.0	1.0	1.0	2	0.9684	0.0111	0.0205	1.0143	0.0455	1.1288
L008902	control_vntr_correct	poa_abpoa	101.56	10.724	1.0	0.5105	141.69	102	3	7	1.1248	1.1136	7.43	0.191	1.2541	1.1743	1.3743	34.62	0.0	2.0	1.5152	1.2541	1.7405	22.88	0.10511	157.67	0	0	0	0	0.4	1.0	1.0	3	0.9594	0.03	0.0088	1.0345	0.0909	1.1364
L008976	hotspot_vntr	poa_abpoa	756.35	5.01	1	0.7485	1056.83	187	28	28	1.044	1.0596	26.94	0.0026	1.0619	1.0537	1.0746	69.24	0.69	4.0	5.7407	1.0619	1.0045	2.13	0.51478	4788.85	199	2	197	2129	0.4783	1.0	1.0	22	0.1633	0.21	0.6142	2.8507	0.1988	2.9727
L009000	hotspot_vntr	poa_abpoa	328.36	3.352	1.0	0.6593	475.05	48	34	34	1.0867	1.1365	45.75	0.0	1.0304	1.127	1.0578	150.6	2.29	30.0	28.6061	1.0304	1.0035	3.55	0.71045	3346.26	17	14	3	780	0.4877	1.0	1.0	45	0.4596	0.2096	0.3272	2.7204	0.2139	3.1639
L009283	control_nontr_sv	poa_abpoa	19.13	52.533	1	0.5333	24.23	5	2	4	1.0078	1.0074	1.17	0.1933	1.0074	1.0	1.0	0.0	0.0	0.0	0.4848	1.0074	1.0	0.0	0.0	0.0	0	0	0	0	1.0	1.0	1.0	1	1.0	0.0	0.0	1.0	0.0	1.0
L009398	hotspot_vntr	poa_abpoa	94.31	11.207	2.0	0.3804	134.29	23	19	25	1.0198	1.0161	7.06	0.0484	1.0207	1.0364	1.0429	26.78	1.02	1.5	1.3438	1.0207	1.0035	1.03	0.2467	373.14	8	8	0	63	0.0	1.0	1.0	3	0.3778	0.2278	0.3889	2.2064	0.2254	2.4446
L009448	hotspot_vntr	poa_abpoa	811.41	2.089	1	0.6362	1168.56	78	24	24	1.1108	1.1246	58.34	0.0	1.1776	1.1941	1.2724	229.44	4.2	5.0	5.4348	1.1776	1.0909	32.29	0.8014	8099.64	75	61	14	1312	0.1176	1.0	1.0	8	0.5526	0.1435	0.2632	1.8398	0.1673	2.1098
L009600	control_nontr_sv	poa_abpoa	2.96	372.333	409	0.0	2.96	1	2	2	1.0	1.0	0.0	1.0	1.0	1.0	1.0	0.0	0.0	1.0	1.0	1.0	1.0	0.0	0.0	0.0	0	0	0	0	1.0	1.0	1.0	1	1.0	0.0	0.0	1.0	0.0	1.0
L009656	hotspot_vntr	poa_abpoa	254.61	5.519	1	0.5713	357.21	5	25	26	1.0623	1.1443	15.38	0.0695	1.1033	1.0673	1.0948	35.82	0.38	1.0	1.3636	1.1033	1.1556	24.86	0.41438	1100.22	0	0	0	0	1.0	1.0	1.0	1	0.4332	0.1638	0.3949	1.3915	0.1703	1.501
L009658	hotspot_vntr	poa_abpoa	206.63	5.246	1.0	0.5567	297.57	214	20	31	1.4358	1.3678	94.16	0.0101	1.0726	1.3872	1.1067	200.08	1.22	18.0	19.2581	1.0726	1.0402	19.37	0.50335	1131.29	47	29	18	221	0.4	1.0	1.0	29	0.2406	0.1532	0.5812	2.2503	0.164	2.4011
L009770	control_vntr_matched	poa_abpoa	13.67	73.453	1.0	0.5938	18.15	13	5	7	1.0065	1.0	0.76	0.6393	1.0021	1.0039	1.0	0.91	0.0	1.0	1.0303	1.0021	1.0	0.0	0.0406	44.0	0	0	0	0	1.0	1.0	1.0	1	0.7776	0.0273	0.1951	1.0311	0.0813	1.0984
L009771	control_vntr_correct	poa_abpoa	10.24	107.25	10.5	0.5	12.8	4	2	2	1.0	1.0	0.0	1.0	1.0	1.0	1.0	0.0	0.0	1.0	1.0	1.0	1.0	0.0	0.00075	0.85	0	0	0	0	1.0	1.0	1.0	1	0.989	0.011	0.0	1.011	0.0	1.0
L009803	hotspot_vntr	poa_abpoa	434.37	2.703	1	0.7256	608.54	225	24	30	1.0868	1.1101	40.49	0.0018	1.0557	1.1311	1.1013	132.83	2.78	12.0	10.8182	1.0557	1.0062	3.76	0.72759	3359.66	14	4	10	370	0.2581	1.0	1.0	17	0.4133	0.3087	0.273	2.0441	0.3562	2.2325
L009885	control_vntr_correct	poa_abpoa	31.66	32.061	2.0	0.4394	44.62	14	16	17	1.0065	1.0	0.46	0.7357	1.0164	1.009	1.003	1.3	0.0	1.0	1.0606	1.0164	1.0702	4.66	0.04	47.25	0	0	0	0	1.0	1.0	1.0	1	0.7962	0.1879	0.0096	1.2181	0.4348	1.5442
L010060	hotspot_other	poa_abpoa	474.76	3.128	1.0	0.6696	686.27	46	23	24	1.3696	1.3484	54.26	0.0792	1.4923	1.6564	1.737	216.79	3.88	1.0	1.5455	1.4923	1.4833	45.75	0.49723	1647.06	0	0	0	0	1.0	1.0	1.0	1	0.3834	0.4743	0.1265	2.5214	0.6496	3.2609
L010113	control_vntr_correct	poa_abpoa	13.66	73.951	1	0.5854	18.32	14	2	8	1.0	1.0	0.0	1.0	1.0	1.0	1.0	0.0	0.01	0.0	0.4848	1.0	1.0	0.0	0.01447	15.66	0	0	0	0	1.0	1.0	1.0	1	0.9357	0.0508	0.0135	1.0513	0.0909	1.101
L010328	hotspot_vntr	poa_abpoa	1240.48	3.251	1	0.5901	1767.69	42	29	29	1.1086	1.1806	53.79	0.0	1.1041	1.1773	1.1685	188.85	3.03	7.0	9.5938	1.1041	1.0503	26.41	0.61005	6617.35	18	1	17	533	0.6364	1.0	1.0	12	0.3432	0.1889	0.4576	1.8423	0.2181	2.0412
L010350	control_vntr_matched	poa_abpoa	5.96	172.886	1.0	0.6136	7.86	15	2	11	1.0	1.0	0.0	1.0	1.0	1.0	1.0	0.0	0.0	1.0	0.6364	1.0	1.0	0.0	0.0	0.0	0	0	0	0	1.0	1.0	1.0	1	0.9709	0.0073	0.0218	1.0094	0.0333	1.0667
L010452	control_nontr_sv	poa_abpoa	11.21	96.0	13	0.4444	13.7	3	2	2	1.0	1.0	0.0	1.0	1.0	1.0	1.0	0.0	0.0	1.0	0.9697	1.0	1.0	0.0	0.0	0.0	0	0	0	0	1.0	1.0	1.0	1	1.0	0.0	0.0	1.0	0.0	1.0
L010508	control_vntr_correct	poa_abpoa	14.74	69.481	1.0	0.5769	19.56	18	2	11	1.0023	1.0	0.03	0.9956	1.0007	1.0014	1.0	0.04	0.0	1.0	0.5152	1.0007	1.125	1.2	0.00383	4.25	0	0	0	0	1.0	1.0	1.0	1	0.9841	0.0111	0.0048	1.0111	0.0333	1.0333
L011121	control_vntr_correct	poa_abpoa	48.22	23.911	1	0.5447	65.07	11	6	10	1.0334	1.0	1.94	0.8765	1.1506	1.0294	1.1221	3.57	0.04	1.0	1.1212	1.1506	1.1722	20.81	0.04727	63.9	0	0	0	0	1.0	1.0	1.0	1	0.9123	0.0373	0.0485	1.0382	0.0685	1.0705
L011224	control_vntr_correct	poa_abpoa	123.01	10.189	1	0.53	170.74	96	3	13	1.1375	1.1383	17.42	0.2671	1.1296	1.2861	1.2822	80.55	0.0	1.0	1.0303	1.1296	1.0528	5.02	0.10381	174.62	1	0	1	1	1.0	1.0	1.0	2	0.7482	0.0845	0.1655	1.1264	0.0435	1.1317
L011227	control_vntr_matched	poa_abpoa	69.47	16.932	2	0.4861	95.77	37	4	11	1.1266	1.0	6.57	0.7607	1.096	1.0916	1.0914	10.54	0.05	1.0	0.6061	1.096	1.1127	3.35	0.13184	187.38	0	0	0	0	1.0	1.0	1.0	1	0.5365	0.1201	0.3359	1.1968	0.2226	1.3723
L011430	control_vntr_matched	poa_abpoa	90.99	11.667	2.0	0.3503	131.85	98	6	13	1.2675	1.2258	13.26	0.173	1.1506	1.1644	1.1148	22.94	0.05	0.0	0.4848	1.1506	1.8816	23.9	0.22698	354.69	0	0	0	0	1.0	1.0	1.0	1	0.8075	0.1468	0.0258	1.2182	0.3652	1.5436
L011463	hotspot_vntr	poa_abpoa	231.54	4.847	1	0.5856	327.49	300	12	27	1.665	1.4283	98.32	0.1196	1.1444	1.4081	1.1646	179.05	1.64	4.0	3.2424	1.1444	1.1903	37.94	0.28361	585.4	12	0	12	64	0.4	1.0	1.0	5	0.6533	0.2567	0.09	1.4082	0.3704	1.7086
L011931	control_nontr_sv	poa_abpoa	24.87	76.208	2.0	0.5	35.23	4	8	8	1.0012	1.0012	0.49	0.2684	1.0012	1.0	1.0	0.0	0.0	1.0	0.5152	1.0012	1.0	0.0	0.0	0.0	0	0	0	0	1.0	1.0	1.0	1	0.9783	0.0217	0.0	1.0652	0.0	1.0
L012184	hotspot_vntr	poa_abpoa	558.94	5.189	1.0	0.6823	789.87	93	30	31	1.0908	1.103	20.75	0.0242	1.0438	1.1127	1.0669	63.03	0.4	5.0	4.9032	1.0438	1.0172	9.35	0.50836	2976.89	7	7	0	99	0.3871	1.0	1.0	12	0.2238	0.1325	0.6238	2.4226	0.1381	2.4992
L012256	hotspot_other	poa_abpoa	99.39	11.924	2.0	0.401	146.32	31	18	30	1.0801	1.0248	24.95	0.1763	1.0505	1.0767	1.045	50.59	0.32	3.0	3.4545	1.0505	1.057	14.58	0.17487	274.22	4	2	2	7	0.6	1.0	1.0	5	0.543	0.1597	0.2875	1.7026	0.2233	2.0469
L012294	hotspot_vntr	poa_abpoa	487.73	7.518	1	0.5346	724.21	80	27	33	1.0459	1.0494	29.3	0.0	1.0778	1.0803	1.1143	107.16	0.82	5.0	6.5455	1.0778	1.0861	38.11	0.34753	2353.32	0	0	0	489	0.2857	1.0	1.0	13	0.1767	0.1223	0.6971	3.1348	0.1122	3.4165
L012313	control_vntr_matched	poa_abpoa	21.57	47.623	1	0.6087	29.07	21	4	14	1.0653	1.0	1.59	0.8873	1.3288	1.0004	1.0	0.02	0.0	2.0	1.6364	1.3288	2.3528	25.55	0.01118	12.82	1	1	0	1	1.0	1.0	1.0	2	0.8717	0.0572	0.0711	1.0634	0.042	1.042
L012489	hotspot_other	poa_abpoa	353.13	3.489	1	0.6616	517.07	145	29	30	1.1636	1.1741	20.48	0.0755	1.1517	1.2083	1.219	76.36	1.49	1.0	1.0	1.1517	1.4497	31.2	0.30405	844.24	0	0	0	15	0.4	1.0	1.0	2	0.4942	0.3822	0.1236	1.9634	0.5278	2.5175
L012530	control_nontr_sv	poa_abpoa	28.28	35.727	1.5	0.5	37.28	7	3	7	1.0	1.0	0.0	1.0	1.0	1.0	1.0	0.0	0.0	0.0	0.4848	1.0	1.0345	2.58	0.0	0.0	0	0	0	0	1.0	1.0	1.0	1	0.9355	0.0645	0.0	1.0645		
L013000	control_vntr_correct	poa_abpoa	77.1	13.567	1.0	0.5424	107.48	1	22	22	1.0338	1.0	3.07	0.8255	1.0305	1.0558	1.0238	10.72	0.0	1.0	1.0	1.0305	1.0523	11.94	0.12337	163.55	1	1	0	2	1.0	1.0	1.0	1	0.6033	0.1983	0.157	1.3014	0.2124	1.3237
L013064	hotspot_other	poa_abpoa	213.39	6.241	2.0	0.4127	313.03	119	16	32	1.3478	1.3231	29.99	0.1682	1.3924	1.2697	1.3445	75.39	1.12	1.0	0.9091	1.3924	1.4014	60.55	0.30393	778.56	32	32	0	84	0.3333	0.3333	1.0	1	0.8314	0.1512	0.0174	1.2035	0.3488	1.5581
L013074	control_vntr_correct	poa_abpoa	3.95	253.778	1	0.5926	5.11	9	2	3	1.0015	1.0	0.43	0.8675	1.0015	1.0	1.0	0.0	0.0	1.0	1.0	1.0015	1.0	0.0	0.00171	1.75	0	0	0	0	1.0	1.0	1.0	1	0.9976	0.0	0.0	1.0	0.0	1.0
L013244	hotspot_vntr	poa_abpoa	62.14	53.601	3.0	0.4399	87.27	9	16	17	1.0289	1.0519	11.46	0.2068	1.035	1.0438	1.0536	35.86	0.09	9.0	5.8788	1.035	1.0095	2.32	0.07815	281.32	0	0	0	0	0.4211	1.0	1.0	10	0.1953	0.0434	0.7554	1.3684	0.0417	1.3967
L013399	control_nontr_sv	poa_abpoa	9.12	239.833	167.5	0.3333	10.64	2	2	3	1.0	1.0	0.0	1.0	1.0	1.0	1.0	0.0	0.0	1.0	0.7879	1.0	1.0	0.0	0.0	0.0	0	0	0	0	1.0	1.0	1.0	1	0.9957	0.0043	0.0	1.0043	0.0	1.0
L013531	hotspot_other	poa_abpoa	207.19	5.854	1.0	0.5369	308.87	17	20	21	1.133	1.1155	30.31	0.1101	1.0504	1.1822	1.1235	92.06	2.27	7.0	5.9394	1.0504	1.0328	14.33	0.36693	862.77	11	0	11	29	0.4615	1.0	1.0	8	0.5588	0.2059	0.1176	1.4688	0.3333	2.2451
L014111	control_vntr_matched	poa_abpoa	94.88	11.053	1.0	0.5475	127.85	118	3	4	1.0726	1.0662	4.6	0.1599	1.0747	1.2725	1.2786	46.85	0.04	0.0	0.0303	1.0747	2.8563	15.1	0.09766	131.4	0	0	0	0	0.0	0.0		0	0.9896	0.009	0.0	1.009	0.0	1.0
L014160	hotspot_vntr	poa_abpoa	171.04	6.81	1.0	0.5468	240.44	75	34	34	1.1978	1.2385	38.23	0.1141	1.3459	1.1227	1.1676	59.48	1.17	5.0	5.4545	1.3459	1.4888	75.72	0.25976	523.51	8	0	8	32	0.5517	1.0	1.0	10	0.8121	0.1398	0.0466	1.2176	0.2871	1.5329
L014181	control_vntr_matched	poa_abpoa	59.99	17.863	2	0.4802	82.19	83	2	5	1.0403	1.03	4.78	0.4841	1.0328	1.0238	1.0141	6.29	0.0	1.0	1.2121	1.0328	1.0412	2.43	0.10047	129.23	0	0	0	0	1.0	1.0	1.0	1	0.7723	0.1411	0.0824	1.161	0.3438	1.4025
L014210	hotspot_vntr	poa_abpoa	178.77	6.865	1.0	0.6044	243.79	282	4	13	1.1002	1.1007	26.04	0.1209	1.1338	1.1147	1.1013	69.19	0.63	5.0	5.4848	1.1338	1.1149	21.98	0.37606	866.48	22	0	22	27	0.25	1.0	1.0	11	0.4381	0.2084	0.347	1.5394	0.2242	1.5988
L014297	hotspot_vntr	poa_abpoa	118.19	8.848	2.0	0.4775	162.35	37	8	15	1.0674	1.0548	13.53	0.0825	1.0578	1.1224	1.0519	51.09	0.7	5.0	4.5758	1.0578	1.0	0.0	0.35103	608.23	0	0	0	0	0.4	1.0	1.0	5	0.3522	0.3023	0.3322	2.0191	0.3274	2.2471
L014324	control_vntr_correct	poa_abpoa	84.73	14.282	1	0.6338	113.76	72	2	6	1.0596	1.0087	5.82	0.4	1.0088	1.1244	1.0	25.09	0.0	1.0	0.9394	1.0088	1.0056	0.87	0.22871	359.98	0	0	0	0	1.0	1.0	1.0	1	0.473	0.4335	0.0935	1.4755	0.3873	1.4525
L014358	hotspot_vntr	poa_abpoa	293.16	6.692	1.0	0.5553	428.47	19	29	31	1.0434	1.0503	13.43	0.0108	1.0444	1.0692	1.0767	45.43	0.78	2.0	2.0606	1.0444	1.0385	9.97	0.41435	1627.91	8	0	8	239	0.1818	1.0	1.0	8	0.2976	0.0794	0.623	2.3288	0.0833	2.5397
L014426	control_vntr_correct	poa_abpoa	21.74	46.293	4	0.3902	30.75	10	3	9	1.0817	1.0528	16.62	0.3433	1.007	1.0614	1.0066	26.41	0.08	0.0	0.9697	1.007	1.0073	1.07	0.03511	39.77	1	1	0	1	1.0	1.0	1.0	2	0.8352	0.1533	0.0115	1.182	0.125	1.1562
L014899	control_nontr_sv	poa_abpoa	6.0	166.833	109.5	0.3333	7.0	2	2	2	1.0	1.0	0.0	1.0	1.0	1.0	1.0	0.0	0.0	1.0	0.5455	1.0	1.0	0.0	0.0	0.0	0	0	0	0	1.0	1.0	1.0	1	1.0	0.0	0.0	1.0		
L015126	hotspot_other	poa_abpoa	445.7	3.028	1	0.6824	640.92	57	30	30	1.2286	1.3377	33.07	0.0126	1.4718	1.3335	1.423	116.5	1.67	2.0	2.1818	1.4718	1.3799	43.33	0.67627	2914.67	0	0	0	12	0.0	1.0	1.0	2	0.5664	0.206	0.1084	2.2139	0.3032	3.2258
L015223	control_vntr_matched	poa_abpoa	46.51	32.547	2.0	0.375	65.04	48	3	4	1.0999	1.0983	27.78	0.256	1.1035	1.0084	1.0108	5.4	0.0	2.0	1.8788	1.1035	1.108	39.69	0.0468	82.85	0	0	0	0	1.0	1.0	1.0	2	0.9495	0.0186	0.0319	1.0193	0.069	1.0862
L015285	control_vntr_correct	poa_abpoa	8.95	112.0	1.0	0.5833	11.56	7	3	4	1.0049	1.0049	0.35	0.0997	1.0049	1.0	1.0	0.0	0.0	1.0	0.5152	1.0049	1.0	0.0	0.00744	7.83	0	0	0	0	1.0	1.0	1.0	1	0.9341	0.0019	0.064	1.0235	0.0139	1.1664
L015331	hotspot_vntr	poa_abpoa	370.1	3.826	1.0	0.6738	511.49	145	29	30	1.083	1.0832	20.84	0.0325	1.1199	1.134	1.1814	72.71	0.86	4.0	4.0	1.1199	1.0546	9.99	0.54048	1808.92	0	0	0	1	0.2667	0.2667	1.0	9	0.2941	0.098	0.5997	3.337	0.1197	3.7296
L015415	hotspot_vntr	poa_abpoa	125.99	14.398	1	0.5422	172.67	42	8	14	1.0111	1.0069	6.2	0.1198	1.0331	1.0124	1.0206	14.08	0.56	3.0	3.0	1.0331	1.0	0.0	0.23337	579.47	0	0	0	0	0.5	1.0	1.0	6	0.2942	0.1173	0.5819	1.6617	0.1217	1.8071
L015708	hotspot_other	poa_abpoa	55.59	18.988	1	0.5342	77.35	51	6	24	1.0789	1.0426	1.96	0.1042	1.0569	1.1018	1.0902	6.97	0.1	0.0	0.0303	1.0569	1.2196	2.77	0.10878	148.83	2	0	2	3				0	0.5657	0.2676	0.1667	2.0516	0.4082	2.755
L015743	control_vntr_correct	poa_abpoa	6.47	154.903	1	0.5484	8.97	10	4	7	1.0034	1.0769	0.57	0.2377	1.0019	1.0052	1.0006	1.8	0.0	1.0	0.9697	1.0019	1.001	0.66	0.00344	3.55	1	0	1	2	1.0	1.0	1.0	2	0.4077	0.0476	0.5446	1.06	0.0818	1.0891
L015847	hotspot_other	poa_abpoa	202.38	5.303	1.0	0.5472	292.14	65	15	29	1.1369	1.1667	18.82	0.2	1.0949	1.2074	1.0851	67.41	1.28	7.0	6.9091	1.0949	1.058	28.28	0.19765	388.2	0	0	0	39	0.2222	1.0	1.0	7	0.5278	0.3796	0.0926	1.838	0.7083	2.698
L015904	hotspot_other	poa_abpoa	779.65	3.614	1.0	0.6438	1162.14	39	33	33	1.292	1.3229	87.51	0.0	1.2318	1.3411	1.3352	241.47	5.04	5.0	5.3636	1.2318	1.1674	56.72	0.61208	4939.63	32	6	26	389	0.3	1.0	1.0	10	0.4632	0.2358	0.2809	2.2028	0.3268	2.5943
L016040	control_nontr_sv	poa_abpoa	29.25	37.381	1	0.5714	37.6	7	2	4	1.0	1.0	0.0	1.0	1.0	1.0	1.0	0.0	0.0	1.0	0.5152	1.0	1.0	0.0	0.0	0.0	0	0	0	0	1.0	1.0	1.0	1	1.0	0.0	0.0	1.0		
L016062	control_vntr_correct	poa_abpoa	14.07	74.568	1	0.5135	18.63	13	2	4	1.0007	1.0	0.02	0.95	1.0	1.0	1.0	0.0	0.0	1.0	0.5152	1.0	1.0019	0.02	0.02163	24.33	0	0	0	0	1.0	1.0	1.0	1	0.6968	0.0171	0.2861	1.0273	0.0286	1.0467
L016124	control_vntr_matched	poa_abpoa	69.26	14.806	1.0	0.5698	92.89	87	3	6	1.045	1.0439	2.82	0.2746	1.0457	1.0066	1.0067	1.16	0.0	0.0	0.9697	1.0457	1.0	0.0	0.10321	126.17	0	0	0	0	0.4	1.0	1.0	2	0.9752	0.0149	0.0075	1.0149	0.0	1.0
L016274	control_nontr_sv	poa_abpoa	6.74	254.0	337	0.2	8.09	1	3	3	1.0	1.0	0.0	1.0	1.0	1.0	1.0	0.0	0.0	0.0	0.4242	1.0	1.0	0.0	0.0	0.0	0	0	0	0	1.0	1.0	1.0	1	0.9537	0.0463	0.0	1.0463	0.0	1.0
L016523	control_vntr_correct	poa_abpoa	17.11	61.064	1	0.5319	23.3	15	2	12	1.0029	1.0	0.09	0.879	1.0037	1.0091	1.0116	0.61	0.0	0.0	0.4848	1.0037	1.3057	5.3	0.00512	5.82	0	0	0	0	1.0	1.0	1.0	1	0.9741	0.0219	0.004	1.0219	0.0909	1.0909
L016830	control_vntr_correct	poa_abpoa	20.83	48.36	2.5	0.42	28.95	20	3	7	1.0075	1.0071	1.97	0.3252	1.017	1.0181	1.0147	9.67	0.0	3.0	2.4848	1.017	1.0209	5.55	0.05941	67.28	1	1	0	1	0.2857	1.0	1.0	5	0.8726	0.0776	0.0498	1.1153	0.0909	1.185
L016870	hotspot_other	poa_abpoa	257.29	5.504	2	0.4944	366.37	127	9	20	1.0174	1.0222	9.1	0.2279	1.0075	1.0209	1.0127	22.57	0.12	3.0	3.0909	1.0075	1.0051	5.72	0.27706	667.17	0	0	0	0	0.4	1.0	1.0	3	0.9515	0.0485	0.0	1.0874	0.0435	1.1304
L016884	control_vntr_correct	poa_abpoa	223.76	5.284	1	0.5565	326.34	18	26	28	1.1193	1.1299	20.33	0.0469	1.137	1.1277	1.1859	52.53	2.06	0.0	1.303	1.137	1.1139	13.35	0.25453	643.61	2	2	0	30	0.0	0.0	1.0	0	0.4154	0.4615	0.1231	2.3315	0.5122	2.7694
L017097	control_nontr_sv	poa_abpoa	66.93	32.059	1	0.6275	89.24	11	6	10	1.0025	1.0012	0.93	0.4393	1.0026	1.0	1.0	0.0	0.0	1.0	0.6364	1.0026	1.0	0.0	0.0	0.0	0	0	0	1	1.0	1.0	1.0	1	1.0	0.0	0.0	1.0	0.0	1.0
L017325	control_vntr_matched	poa_abpoa	93.35	11.088	2	0.4304	134.26	19	23	24	1.1502	1.0545	24.86	0.3645	1.0477	1.1589	1.09	57.88	0.29	8.0	7.5152	1.0477	1.035	22.32	0.28596	444.7	1	1	0	1	0.0	1.0	1.0	8	0.3929	0.4253	0.1753	1.6109	0.3333	1.5819
TR101140	control_vntr_matched	poa_abpoa	192.3	6.821	1	0.6353	258.51	410	3	12	1.0343	1.0	3.86	0.5651	1.0341	1.0053	1.0028	1.5	0.01	0.0	0.375	1.0341	1.0141	0.56	0.11946	249.86	0	0	0	0				0	0.6477	0.0344	0.2978	1.0751	0.0345	1.0754
TR368009	control_vntr_matched	poa_abpoa	41.32	24.583	1	0.6115	55.18	152	2	6	1.0382	1.0	1.12	0.9122	1.0375	1.0053	1.0051	0.34	0.0	0.0	0.0909	1.0375	1.0023	0.02	0.0483	56.46	0	0	0	0				0	0.9678	0.0132	0.0177	1.0136	0.0927	1.0973
TR423938	control_vntr_matched	poa_abpoa	3.99	250.889	286	0.4444	4.88	3	2	3	1.0	1.0	0.0	1.0	1.0	1.0	1.0	0.0	0.0	0.0	0.0303	1.0	1.0	0.0	0.00922	9.31	0	0	0	0				0	0.6528	0.0907	0.2565	1.092	0.1933	1.1967
TR424743	control_vntr_matched	poa_abpoa	34.44	76.366	1	0.5854	46.77	35	4	19	1.004	1.002	1.84	0.2124	1.0032	1.0068	1.0045	6.26	0.09	2.0	2.3939	1.0032	1.0078	3.54	0.0425	119.57	0	0	0	0				0	0.4187	0.1369	0.4417	1.2134	0.1528	1.2776
TR446002	control_vntr_matched	poa_abpoa	10.8	92.84	2	0.4	14.26	6	3	5	1.0024	1.0	0.06	0.8698	1.0014	1.0	1.0	0.0	0.0	0.0	0.0303	1.0014	1.0	0.0	0.00409	4.32	1	1	0	1				0	1.0	0.0	0.0	1.0	0.0	1.0
TR455654	control_vntr_matched	poa_abpoa	14.15	72.147	2.5	0.4412	20.39	10	3	7	1.0089	1.0	0.22	0.9065	1.0107	1.0068	1.0079	0.37	0.0	0.0	0.0303	1.0107	1.1511	1.09	0.00616	6.66	0	0	0	0				0	0.9432	0.0568	0.0	1.0926	0.25	1.25
TR460913	control_vntr_matched	poa_abpoa	27.42	36.778	1.0	0.6111	35.8	12	2	7	1.0015	1.0	0.01	0.9904	1.0	1.002	1.0	0.03	0.0	0.0	0.0	1.0	1.0	0.0	0.01509	17.52	0	0	0	0				0	0.9163	0.0352	0.0485	1.0441	0.1569	1.1961
TR499275	control_vntr_matched	poa_abpoa	6.9	145.167	1.0	0.5333	8.98	10	2	4	1.0	1.0	0.0	1.0	1.0	1.0	1.0	0.0	0.0	0.0	0.0	1.0	1.0	0.0	0.0	0.0	0	0	0	0				0	0.9701	0.0075	0.0224	1.0075	0.0	1.0
TR499276	control_vntr_matched	poa_abpoa	8.92	112.4	1.0	0.675	11.6	13	2	5	1.0	1.0	0.0	1.0	1.0	1.0	1.0	0.0	0.0	0.0	0.0	1.0	1.0	0.0	0.0	0.0	0	0	0	0				0	1.0	0.0	0.0	1.0	0.0	1.0
TR573259	control_vntr_matched	poa_abpoa	50.02	27.233	1.5	0.5	69.2	54	2	4	1.0483	1.0	6.16	0.6562	1.0483	1.0332	1.0332	9.4	0.0	0.0	0.0909	1.0483	1.032	0.37	0.13418	214.8	0	0	0	0				0	0.8073	0.0751	0.1175	1.1117	0.1064	1.2368
TR668316	control_vntr_matched	poa_abpoa	20.89	60.141	1.0	0.5312	28.4	17	4	13	1.0023	1.0	0.15	0.8129	1.002	1.0012	1.0012	0.16	0.0	0.0	0.2759	1.002	1.0	0.0	0.03249	44.73	0	0	0	0				0	0.4509	0.0733	0.4743	1.1117	0.0733	1.1117
TR687433	control_vntr_matched	poa_abpoa	2.39	419.125	462.5	0.25	2.98	3	2	4	1.0	1.0	0.0	1.0	1.0	1.0	1.0	0.0	0.0	0.0	0.0909	1.0	1.0	0.0	0.0	0.0	1	0	1	1				0	0.6594	0.0034	0.3372	1.0315	0.006	1.0552
TR687489	control_vntr_matched	poa_abpoa	4.39	228.083	2.0	0.5	5.49	4	2	2	1.0	1.0	0.0	1.0	1.0	1.0	1.0	0.0	0.0	0.0	0.0	1.0	1.0	0.0	0.0	0.0	0	0	0	0				0	0.8352	0.0	0.1648	1.0019	0.0	1.0034
TR724750	control_vntr_matched	poa_abpoa	108.46	10.068	1	0.6285	145.74	112	2	4	1.0071	1.0	0.1	0.8507	1.007	1.0	1.0	0.0	0.0	0.0	0.0	1.007	1.0848	0.14	0.21876	329.75	0	0	0	0				0	0.6401	0.2004	0.1596	1.2292	0.2619	1.3288
TR743754	control_vntr_matched	poa_abpoa	15.05	66.727	1.0	0.5909	19.84	10	4	9	1.0062	1.0	0.36	0.875	1.0015	1.0035	1.0	0.43	0.0	0.0	0.0909	1.0015	1.0	0.0	0.00031	0.34	0	0	0	0				0	0.9157	0.0651	0.0192	1.067	0.1111	1.1389
TR831034	control_vntr_matched	poa_abpoa	403.39	3.059	1	0.6384	577.35	728	5	27	1.5553	1.4126	39.24	0.0304	1.553	1.656	1.6717	139.8	0.79	1.0	1.8333	1.553	4.0403	48.96	0.2889	882.82	2	2	0	28	0.0	0.0		2	0.7407	0.2593	0.0	1.2778	0.25	1.25
L000034	hotspot_vntr	poa_abpoa__all	735.56	2.541	1	0.6791	1057.43	132	30	32	1.6613	1.7481	116.58	0.0089	1.9355	1.6975	1.9633	331.46	4.78	2.0	2.2121	1.9355	1.9828	116.39	0.67816	4126.54	18	0	18	321	0.2353	1.0	1.0	5	0.3375	0.4819	0.1727	3.0618	0.5383	3.4706
L000308	control_vntr_matched	poa_abpoa__all	25.07	40.34	1	0.534	34.32	25	6	9	1.7723	1.9396	190.65	0.2024	1.0142	1.3998	1.0093	255.27	0.39	2.0	2.4545	1.0142	1.0161	4.58	0.0397	45.28	0	0	0	0	0.5	1.0	1.0	5	0.9338	0.0491	0.0151	1.0502	0.25	1.2656
L000381	control_vntr_matched	poa_abpoa__all	30.08	34.407	1	0.622	40.29	72	2	8	1.0194	1.0	0.13	0.8726	1.0272	1.0163	1.023	0.29	0.0	1.0	1.0303	1.0272	1.7263	13.45	0.00978	11.8	0	0	0	1	1.0	1.0	1.0	1	0.99	0.0093	0.0	1.0093	0.0303	1.0312
L000407	control_vntr_correct	poa_abpoa__all	77.15	13.69	1.0	0.5238	106.54	77	3	9	1.0991	1.0	3.36	0.8652	1.1004	1.1407	1.1022	10.83	0.0	1.0	0.6364	1.1004	1.1032	1.99	0.16339	213.45	0	0	0	0	0.0	1.0	1.0	1	0.6119	0.3881	0.0	1.3929	0.7624	1.7723
L000506	control_nontr_sv	poa_abpoa__all	6.2	161.571	33	0.4286	8.86	1	5	5	1.0	1.0	0.0	1.0	1.0	1.0	1.0	0.0	0.0	0.0	0.4545	1.0	1.0	0.0	0.0	0.0	0	0	0	0	1.0	1.0	1.0	1	0.9145	0.0855	0.0	1.1966	0.3333	2.0
L000698	control_vntr_correct	poa_abpoa__all	18.91	66.848	1.0	0.5455	26.36	20	6	9	1.0347	1.0	1.18	0.8088	1.0563	1.0059	1.0097	0.43	0.0	2.0	1.9697	1.0563	1.1357	28.88	0.02554	34.67	0	0	0	0	1.0	1.0	1.0	2	0.866	0.0568	0.0771	1.0961	0.0286	1.1571
L000709	control_vntr_matched	poa_abpoa__all	1.92	522.0	23.0	0.5	2.4	4	2	3	1.0	1.0	0.0	1.0	1.0	1.0	1.0	0.0	0.0	0.0	0.4545	1.0	1.0	0.0	0.0	0.0	4	0	4	4	1.0	1.0	1.0	1	0.9732	0.0095	0.0173	1.0095	0.0	1.0
L001264	hotspot_vntr	poa_abpoa__all	967.71	2.524	1	0.7292	1388.65	269	32	34	1.0804	1.0841	43.62	0.0	1.1076	1.1276	1.1565	150.31	1.79	8.0	9.9697	1.1076	1.0508	19.16	0.70279	7236.46	8	1	7	749	0.317	1.0	1.0	25	0.2681	0.1554	0.5587	3.7573	0.1498	4.1642
L001491	control_vntr_correct	poa_abpoa__all	272.8	5.413	1.0	0.5783	371.41	100	3	9	1.2043	1.2118	45.57	0.3232	1.21	1.4441	1.4549	208.63	2.33	2.0	1.0303	1.21	1.0265	4.63	0.20429	477.4	2	2	0	3	0.0	1.0	1.0	2	0.8622	0.0821	0.0352	1.0896	0.0488	1.0641
L001527	control_nontr_sv	poa_abpoa__all	36.19	27.927	1	0.6098	52.07	9	10	12	1.0001	1.0	0.02	0.981	1.0	1.0	1.0	0.0	0.0	0.0	0.2727	1.0	1.0	0.0	0.0	0.0	0	0	0	0	1.0	1.0	1.0	1	0.9703	0.0297	0.0	1.1683	0.0	1.0
L001894	control_vntr_matched	poa_abpoa__all	40.24	25.623	1.0	0.5692	54.33	72	3	5	1.0669	1.0	1.92	0.6814	1.2673	1.0528	1.1052	3.45	0.05	1.0	1.0303	1.2673	6.9312	30.74	0.04168	50.15	0	0	0	0	0.5	0.5		1	0.9866	0.0106	0.0021	1.0106	0.0	1.0
L001899	control_vntr_matched	poa_abpoa__all	170.5	6.554	1.0	0.5599	239.41	72	4	9	1.4303	1.6448	41.51	0.1522	1.4609	1.8164	1.8904	167.57	1.4	0.0	0.0606	1.4609	1.3468	20.1	0.37511	647.78	0	0	0	0	0.0	0.0	1.0	0	0.3435	0.4217	0.2348	2.1094	0.3767	2.1779
L001922	control_vntr_correct	poa_abpoa__all	123.09	8.571	1.0	0.5711	167.14	40	6	12	1.0715	1.0809	22.09	0.2516	1.0753	1.1723	1.1801	107.32	1.15	0.0	2.697	1.0753	1.0049	0.89	0.27743	407.68	0	0	0	0	0.0	1.0	1.0	7	0.3938	0.3055	0.2888	1.6218	0.2214	1.8149
L002013	hotspot_vntr	poa_abpoa__all	1021.91	2.566	1	0.6953	1525.68	84	31	32	1.1793	1.2017	93.69	0.0	1.2836	1.3203	1.4503	358.09	6.94	4.0	6.7879	1.2836	1.2856	97.7	0.617	5147.68	0	0	0	1172	0.4444	0.4444	0.963	12	0.2183	0.1298	0.6443	2.439	0.1126	2.5822
L002096	hotspot_vntr	poa_abpoa__all	492.88	4.748	1	0.6772	716.92	318	12	33	1.3327	1.1112	77.27	0.05	1.1665	1.4298	1.2759	214.43	1.52	7.0	6.9697	1.1665	1.1118	54.19	0.50251	2437.65	3	3	0	39	0.48	1.0	1.0	11	0.2328	0.1495	0.598	1.9058	0.1262	2.0664
L002143	hotspot_vntr	poa_abpoa__all	260.06	4.963	1	0.6265	356.66	319	8	23	1.7903	1.9504	51.96	0.2233	2.0352	1.751	1.8708	126.79	0.26	3.0	3.1212	2.0352	2.6934	43.76	0.51883	1377.33	3	0	3	72	0.2353	0.5263	1.0	9	0.2018	0.4096	0.3848	2.6452	0.396	3.095
L002182	hotspot_vntr	poa_abpoa__all	985.76	2.76	1.0	0.7604	1422.11	63	5	32	1.0486	1.0579	26.22	0.0036	1.1173	1.1014	1.1612	114.96	3.9	5.0	5.5455	1.1173	1.0435	17.26	0.6816	7131.07	0	0	0	19	0.125	1.0	1.0	11	0.3323	0.3776	0.284	2.6545	0.4663	3.042
L002292	control_nontr_sv	poa_abpoa__all	8.7	115.211	3	0.4737	12.37	3	4	6	1.0	1.0	0.0	1.0	1.0	1.0	1.0	0.0	0.0	0.0	0.4545	1.0	1.0	0.0	0.0	0.0	0	0	0	0	1.0	1.0	1.0	1	0.9839	0.0161	0.0	1.0482		
L002884	control_vntr_matched	poa_abpoa__all	21.66	50.415	5.0	0.3902	29.85	31	2	12	1.0165	1.0	0.19	0.9091	1.0239	1.0233	1.0399	0.61	0.0	2.0	2.0303	1.0239	1.0473	3.85	0.0247	30.11	2	0	2	2	0.0	1.0	1.0	2	0.6792	0.0863	0.2345	1.0992	0.0995	1.1295
L002940	hotspot_other	poa_abpoa__all	378.49	3.992	1	0.6433	550.24	101	18	26	1.1387	1.1045	43.22	0.0315	1.1789	1.2483	1.2818	174.62	3.53	3.0	2.0303	1.1789	1.1695	40.03	0.36648	978.75	0	0	0	24	0.0	1.0	1.0	5	0.4264	0.4172	0.1442	2.0856	0.5628	2.5451
L003119	control_vntr_correct	poa_abpoa__all	3.78	264.727	155	0.4545	5.16	4	3	6	1.0008	1.0	0.09	0.9351	1.0009	1.0011	1.0011	0.23	0.0	1.0	0.9697	1.0009	1.0007	0.33	0.0	0.0	0	0	0	0	1.0	1.0	1.0	1	0.4272	0.0099	0.5629	1.0613	0.0187	1.1156
L003171	control_nontr_sv	poa_abpoa__all	11.28	88.917	47.5	0.5	14.1	4	2	2	1.003	1.003	1.11	0.0	1.003	1.0	1.0	0.0	0.0	1.0	1.0	1.003	1.0	0.0	0.0	0.0	0	0	0	0	1.0	1.0	1.0	1	1.0	0.0	0.0	1.0	0.0	1.0
L003672	control_vntr_correct	poa_abpoa__all	129.31	8.192	1.0	0.5539	174.99	112	2	7	1.1303	1.126	9.82	0.1618	1.1287	1.3236	1.3221	66.89	0.64	0.0	0.4848	1.1287	1.6838	13.27	0.22237	318.62	0	0	0	0	0.0	0.0	1.0	1	0.6729	0.2784	0.0487	1.319	0.4259	1.4969
L003695	hotspot_other	poa_abpoa__all	170.65	7.799	2.0	0.4286	254.18	13	12	12	1.2414	1.4686	35.08	0.0	1.3071	1.4755	1.5862	157.26	1.81	0.0	0.303	1.3071	1.3382	38.59	0.45401	1083.07	0	0	0	0	0.0	0.0	1.0	0	0.3481	0.3287	0.3204	2.7156	0.3745	3.2077
L003826	control_vntr_matched	poa_abpoa__all	343.54	3.765	1	0.6081	480.5	44	32	33	1.6391	2.0966	49.88	0.0161	1.6091	1.736	1.6491	142.26	1.14	1.0	0.6364	1.6091	1.9018	34.3	0.38079	1057.21	0	0	0	30	0.0	0.0		0	0.1294	0.7332	0.1348	3.0775	0.7619	3.4823
L003828	hotspot_other	poa_abpoa__all	473.73	2.459	1.0	0.6932	733.43	82	26	26	1.1294	1.1526	55.8	0.0	1.0604	1.5607	1.3732	495.32	13.21	10.0	9.2424	1.0604	1.0285	26.34	0.54665	1459.63	0	0	0	48	0.0952	1.0	1.0	15	0.1638	0.5862	0.25	3.6903	0.4889	3.4202
L003872	control_vntr_matched	poa_abpoa__all	80.54	12.924	2.0	0.4412	112.35	49	6	7	1.1195	1.13	11.93	0.0956	1.0936	1.0552	1.0486	16.27	0.25	1.0	0.5152	1.0936	1.7094	23.54	0.0408	57.87	0	0	0	0	0.6667	1.0	1.0	1	0.9663	0.0317	0.0	1.0317	0.0306	1.0306
L003883	control_nontr_sv	poa_abpoa__all	32.61	137.852	1	0.5926	42.27	2	3	3	1.0003	1.0003	0.4	0.0525	1.0003	1.0	1.0	0.0	0.0	1.0	0.5152	1.0003	1.0	0.0	0.0	0.0	0	0	0	0	1.0	1.0	1.0	1	0.9974	0.0026	0.0	1.0026	0.0	1.0
L004021	control_vntr_matched	poa_abpoa__all	73.28	14.131	1	0.6349	99.39	126	4	20	1.1487	1.0	7.03	0.7132	1.0815	1.199	1.1122	19.66	0.03	1.0	1.5455	1.0815	1.0855	2.88	0.12047	154.19	0	0	0	1	1.0	1.0	1.0	1	0.8114	0.1869	0.0	1.2108	0.1207	1.125
L004145	hotspot_vntr	poa_abpoa__all	470.05	2.68	1.0	0.5889	664.45	1176	11	31	1.7771	1.8926	152.73	0.0081	1.7918	1.9543	2.0296	564.23	3.56	10.0	6.6774	1.7918	1.6679	100.89	0.30309	641.38	1	0	1	10	0.25	0.4456	1.0	15	0.6279	0.3386	0.0335	1.5898	0.6634	2.319
L004620	control_nontr_sv	poa_abpoa__all	11.32	88.545	6	0.4545	14.4	3	3	5	1.0002	1.0	0.06	0.9494	1.0032	1.0004	1.0063	0.25	0.0	1.0	0.5152	1.0032	1.0	0.0	0.0	0.0	0	0	0	0	1.0	1.0	1.0	1	0.9531	0.0469	0.0	1.0469	0.0	1.0
L004848	hotspot_other	poa_abpoa__all	797.34	1.896	1.0	0.7911	1193.64	128	22	30	1.2136	1.2915	46.99	0.0	1.1444	1.4774	1.3654	251.97	4.31	2.0	1.697	1.1444	1.053	14.27	0.73984	5323.21	1	0	1	99	0.0	0.0		1	0.3678	0.3017	0.1777	3.0267	0.2875	3.2988
L004989	hotspot_other	poa_abpoa__all	368.19	3.444	1.0	0.6662	562.85	77	19	29	1.3001	1.354	59.53	0.0018	1.1188	1.5223	1.3084	238.83	3.07	4.0	3.6364	1.1188	1.0827	28.57	0.51465	1543.94	0	0	0	88	0.1818	1.0	1.0	8	0.4631	0.2953	0.2282	2.2509	0.3976	2.9159
L005064	hotspot_other	poa_abpoa__all	477.08	2.971	1	0.5766	719.74	244	14	29	1.3227	1.5325	56.19	0.0234	1.4204	1.7917	2.0109	301.21	2.9	0.0	0.8788	1.4204	1.3005	30.23	0.62742	2380.81	1	0	1	60	0.0	0.6667	1.0	1	0.3197	0.3837	0.2735	2.7844	0.3122	3.8507
L005261	hotspot_other	poa_abpoa__all	1118.74	2.655	1	0.6285	1670.55	81	14	26	1.0656	1.0577	26.09	0.0112	1.0365	1.248	1.1817	206.87	7.37	2.0	1.9091	1.0365	1.0039	1.58	0.71085	6774.16	10	9	1	146	0.0	1.0	1.0	5	0.5195	0.3853	0.0909	2.0978	0.5093	2.771
L005411	hotspot_vntr	poa_abpoa__all	316.07	3.503	1.0	0.6788	442.31	341	27	33	1.3294	1.5466	22.27	0.0286	1.151	1.7473	1.3282	134.43	1.91	4.0	4.2121	1.151	1.0671	13.36	0.70087	2571.7	1	1	0	157	0.2	0.6667	1.0	6	0.172	0.5817	0.2279	5.0129	0.6141	5.2258
L005481	hotspot_vntr	poa_abpoa__all	368.46	3.561	1.0	0.6781	520.87	80	16	23	1.3707	1.8357	43.16	0.0911	1.5388	1.6361	1.6406	157.04	1.04	0.0	0.3939	1.5388	1.491	64.94	0.61495	1954.27	3	0	3	71	0.0	0.0	1.0	1	0.1633	0.4871	0.3295	3.5542	0.4272	4.1643
L005618	hotspot_other	poa_abpoa__all	646.29	2.057	1	0.7084	953.66	173	32	32	1.2562	1.3143	63.91	0.0	1.1988	1.386	1.3609	230.72	4.08	3.0	3.5758	1.1988	1.1075	26.08	0.7708	5439.7	28	0	28	304	0.2791	1.0	1.0	11	0.5754	0.1969	0.1477	1.9938	0.3027	2.6058
L005688	control_nontr_sv	poa_abpoa__all	178.37	7.969	1	0.6299	238.76	39	3	5	1.0235	1.0241	5.03	0.3571	1.0236	1.0	1.0	0.0	0.0	1.0	0.8182	1.0236	1.0158	4.01	0.0	0.0	0	0	0	0	1.0	1.0	1.0	1	1.0	0.0	0.0	1.0	0.0	1.0
L005990	hotspot_vntr	poa_abpoa__all	280.98	6.722	2.0	0.4897	437.43	304	20	32	1.184	1.2794	30.01	0.0484	1.1679	1.4748	1.3135	164.34	1.64	3.0	4.8065	1.1679	1.1634	36.54	0.44902	1536.57	23	23	0	238	0.5	1.0	1.0	3	0.4209	0.133	0.4293	2.4596	0.163	3.2634
L006556	control_nontr_sv	poa_abpoa__all	16.2	62.0	1	0.5333	20.52	4	3	4	1.0033	1.0033	1.12	0.1373	1.0033	1.0	1.0	0.0	0.0	1.0	0.5152	1.0033	1.0	0.0	0.0	0.0	0	0	0	0	1.0	1.0	1.0	1	0.9846	0.0154	0.0	1.0154	0.0	1.0
L006952	hotspot_vntr	poa_abpoa__all	749.9	2.107	1.0	0.6293	1119.02	19	26	28	1.0314	1.0127	19.44	0.0537	1.0592	1.1214	1.1643	155.92	3.27	5.0	4.0909	1.0592	1.0144	7.06	0.76482	5545.98	2	2	0	30	0.0	1.0	1.0	10	0.4906	0.2642	0.0717	2.3241	0.2485	2.6124
L007033	control_vntr_correct	poa_abpoa__all	33.52	32.129	1	0.5176	44.95	5	3	3	1.001	1.0009	1.21	0.0	1.001	1.0019	1.0024	4.84	0.63	2.0	2.0303	1.001	1.0003	0.31	0.12591	156.55	0	0	0	0	0.6667	1.0	1.0	2	0.902	0.0784	0.0196	1.0882	0.0	1.25
L007065	control_vntr_matched	poa_abpoa__all	9.17	111.051	1	0.5128	12.22	8	7	9	1.0003	1.0	0.02	0.9515	1.0	1.0	1.0	0.0	0.0	1.0	0.5455	1.0	1.0	0.0	0.00549	5.88	0	0	0	0	1.0	1.0	1.0	1	0.974	0.0156	0.0104	1.0157	0.0385	1.0385
L007081	hotspot_vntr	poa_abpoa__all	853.32	3.776	1.0	0.6947	1325.52	69	32	33	1.0363	1.0476	15.49	0.0018	1.027	1.1401	1.1211	127.81	1.19	4.0	6.8485	1.027	1.0153	7.24	0.54673	5340.25	289	284	5	502	0.2273	0.2273	0.9412	36	0.2312	0.2261	0.5226	3.5777	0.2273	4.0014
L007161	hotspot_other	poa_abpoa__all	387.18	3.053	1	0.6288	563.67	177	14	25	1.4014	1.4743	63.0	0.146	1.4556	1.5189	1.5124	221.67	2.95	1.0	2.1515	1.4556	1.3409	39.79	0.4738	1265.88	0	0	0	0	0.5	1.0	1.0	4	0.4794	0.2107	0.293	1.6624	0.1781	2.0615
L007172	control_vntr_matched	poa_abpoa__all	261.88	5.231	1.0	0.5558	370.56	114	4	11	1.2299	1.147	41.28	0.0711	1.2094	1.3972	1.3923	150.71	0.68	2.0	1.7879	1.2094	1.1461	12.97	0.37373	891.66	0	0	0	0	0.0	1.0	1.0	3	0.4366	0.2471	0.3114	1.5575	0.1152	1.7768
L007184	hotspot_other	poa_abpoa__all	101.93	10.083	2.0	0.4545	154.44	18	14	21	1.2199	1.2439	41.37	0.0749	1.0267	1.31	1.1033	125.05	3.7	3.0	2.9394	1.0267	1.0226	7.15	0.18762	292.66	0	0	0	8	0.4	1.0	1.0	3	0.6696	0.1429	0.1786	1.4617	0.2222	1.9991
L007192	control_nontr_sv	poa_abpoa__all	30.66	44.333	1	0.5714	43.8	5	6	11	1.0001	1.0	0.01	0.9903	1.0	1.0018	1.0015	0.61	0.0	0.0	0.2424	1.0	1.0	0.0	0.0109	16.06	0	0	0	0	1.0	1.0	1.0	1	0.9204	0.0796	0.0	1.2212	0.4444	2.3333
L007376	control_vntr_matched	poa_abpoa__all	4.03	248.41	1.0	0.6026	5.37	5	8	9	1.0002	1.0	0.03	0.7533	1.0014	1.0001	1.0034	0.05	0.0	1.0	1.0606	1.0014	1.0	0.0	0.00207	2.12	1	0	1	1	1.0	1.0	1.0	1	0.9446	0.0073	0.0481	1.0073	0.033	1.033
L007480	hotspot_other	poa_abpoa__all	537.05	4.06	1.0	0.7616	757.56	23	16	21	1.0874	1.1136	26.05	0.0176	1.0709	1.1984	1.1655	123.22	1.59	3.0	2.7273	1.0709	1.005	1.3	0.47636	2030.82	0	0	0	61	0.0	1.0	1.0	5	0.3487	0.3123	0.3341	2.5143	0.3094	2.9053
L007687	control_vntr_matched	poa_abpoa__all	167.86	6.712	1.0	0.6441	227.22	105	5	10	1.1015	1.0465	7.99	0.2566	1.1044	1.2004	1.1973	33.11	0.04	2.0	1.1818	1.1044	1.0678	2.93	0.36332	668.81	0	0	0	0	0.0	1.0	1.0	2	0.3939	0.4967	0.1072	1.6727	0.3	1.6558
L007717	control_vntr_matched	poa_abpoa__all	61.0	16.793	2.0	0.4333	85.63	68	8	21	1.0395	1.0482	2.46	0.2561	1.0494	1.0511	1.0565	7.77	0.37	0.0	0.5455	1.0494	1.2232	8.96	0.07146	99.86	2	2	0	2	1.0	1.0	1.0	1	0.9601	0.0206	0.0151	1.0281	0.0	1.0455
L007798	hotspot_other	poa_abpoa__all	864.91	3.482	1	0.6378	1247.48	103	19	32	1.0354	1.0854	25.15	0.0054	1.0514	1.0872	1.1213	127.81	3.65	16.0	17.3939	1.0514	1.0196	12.08	0.47899	3611.47	0	0	0	797	0.2857	1.0	1.0	28	0.3	0.1087	0.5899	2.2826	0.1205	2.5161
L007844	hotspot_other	poa_abpoa__all	1920.52	1.509	1.0	0.8101	2900.91	116	34	34	1.1764	1.2103	65.37	0.0	1.1652	1.4171	1.4214	361.96	8.99	0.0	1.6364	1.1652	1.0129	4.76	0.83726	17152.92	513	513	0	724	0.375	0.375	0.875	8	0.2225	0.4592	0.2197	3.4316	0.4436	3.6962
L008216	hotspot_vntr	poa_abpoa__all	214.5	5.497	1.0	0.6449	294.02	67	7	21	1.1458	1.119	20.52	0.0502	1.3302	1.1643	1.3329	52.79	0.82	2.0	2.9394	1.3302	1.5499	52.58	0.4133	971.6	1	1	0	1	0.4	1.0	1.0	3	0.3408	0.4101	0.2491	2.1806	0.4169	2.3653
L008631	control_nontr_sv	poa_abpoa__all	19.91	74.286	3.5	0.4286	28.45	3	6	8	1.0	1.0	0.0	1.0	1.0	1.0	1.0	0.0	0.0	0.0	0.1818	1.0	1.0	0.0	0.0	0.0	0	0	0	0	1.0	1.0	1.0	1	0.9139	0.0861	0.0	1.2185	0.1282	1.4615
L008864	hotspot_vntr	poa_abpoa__all	1795.4	3.257	1.0	0.679	2727.83	265	16	28	1.0958	1.1558	53.67	0.0018	1.1422	1.2284	1.297	274.28	4.12	1.0	5.4848	1.1422	1.0932	39.27	0.64201	10855.47	33	33	0	703	0.2	1.0	1.0	22	0.2648	0.334	0.3933	3.1229	0.3825	3.5621
L008877	hotspot_other	poa_abpoa__all	1324.15	2.409	1.0	0.7035	2034.24	266	22	30	1.3423	1.4229	83.77	0.0108	1.125	1.614	1.3328	366.98	7.81	4.0	4.6061	1.125	1.0748	33.81	0.64514	6491.25	13	11	2	178	0.5	1.0	1.0	9	0.2901	0.3282	0.3451	2.6468	0.3605	2.9393
L008887	control_vntr_correct	poa_abpoa__all	14.27	79.946	7	0.4054	19.29	14	2	7	1.0019	1.0	0.03	0.9449	1.0022	1.0103	1.0133	0.31	0.03	2.0	2.0	1.0022	1.0094	1.2	0.02057	25.08	0	0	0	0	1.0	1.0	1.0	2	0.9621	0.0174	0.0205	1.0222	0.0455	1.1515
L008902	control_vntr_correct	poa_abpoa__all	98.72	11.047	2.0	0.4784	138.14	100	3	7	1.1568	1.1455	9.33	0.1485	1.2842	1.1964	1.3979	39.0	0.02	2.0	1.5152	1.2842	1.818	25.28	0.10723	161.22	0	0	0	0	0.4	1.0	1.0	3	0.9594	0.03	0.0088	1.0345	0.0909	1.1364
L009000	hotspot_vntr	poa_abpoa__all	450.77	2.535	1.0	0.7003	679.13	61	34	34	1.0929	1.1459	49.02	0.0	1.035	1.2205	1.1088	261.43	6.97	35.0	35.2727	1.035	1.0043	4.41	0.73945	3870.65	3	3	0	780	0.4523	0.4523	0.966	61	0.3897	0.2794	0.3272	3.2399	0.2659	3.6473
L009283	control_nontr_sv	poa_abpoa__all	19.13	52.533	1	0.5333	24.23	5	2	4	1.0078	1.0074	1.17	0.1933	1.0074	1.0	1.0	0.0	0.0	0.0	0.4848	1.0074	1.0	0.0	0.0	0.0	0	0	0	0	1.0	1.0	1.0	1	1.0	0.0	0.0	1.0	0.0	1.0
L009398	hotspot_vntr	poa_abpoa__all	105.59	10.068	2.0	0.3786	152.74	22	20	25	1.0244	1.019	8.69	0.062	1.0248	1.0587	1.0588	43.17	2.38	3.0	3.2812	1.0248	1.0037	1.1	0.27566	433.62	0	0	0	63	0.4	1.0	1.0	7	0.1833	0.4222	0.3889	2.8165	0.4155	3.0644
L009448	hotspot_vntr	poa_abpoa__all	1331.64	1.471	1.0	0.7397	2048.62	258	23	24	1.1563	1.1617	82.26	0.0	1.2259	1.4947	1.59	584.87	16.05	1.0	3.8261	1.2259	1.0745	26.46	0.84557	10990.12	2	2	0	1312	0.0	1.0	1.0	3	0.4474	0.2488	0.2632	2.2366	0.2271	2.4009
L009600	control_nontr_sv	poa_abpoa__all	2.96	372.333	409	0.0	2.96	1	2	2	1.0	1.0	0.0	1.0	1.0	1.0	1.0	0.0	0.0	1.0	1.0	1.0	1.0	0.0	0.0	0.0	0	0	0	0	1.0	1.0	1.0	1	1.0	0.0	0.0	1.0	0.0	1.0
L009656	hotspot_vntr	poa_abpoa__all	421.51	3.525	1.0	0.6347	603.49	6	26	26	1.1265	1.3333	31.24	0.0201	1.1869	1.2475	1.3535	131.71	1.25	0.0	0.7273	1.1869	1.1817	29.04	0.5665	2031.95	0	0	0	0	0.0	0.0	1.0	0	0.3821	0.2149	0.3949	1.8514	0.2035	2.1323
L009658	hotspot_vntr	poa_abpoa__all	414.27	2.906	1	0.6456	616.19	479	25	31	1.5026	1.6231	108.61	0.0	1.1702	1.6879	1.3067	355.41	6.47	20.0	19.6774	1.1702	1.109	52.56	0.67917	2362.94	5	5	0	221	0.2745	1.0	1.0	35	0.1341	0.2598	0.5812	3.5603	0.2638	3.8245
L009770	control_vntr_matched	poa_abpoa__all	68.35	15.009	1.0	0.5125	92.27	83	4	7	1.045	1.0047	5.2	0.4754	1.0075	1.1041	1.0238	24.43	0.1	3.0	3.0909	1.0075	1.0	0.0	0.19471	251.39	0	0	0	0	0.0	0.0	1.0	3	0.6294	0.1756	0.1951	1.3093	0.15	1.566
L009771	control_vntr_correct	poa_abpoa__all	10.24	107.25	10.5	0.5	12.8	4	2	2	1.0	1.0	0.0	1.0	1.0	1.0	1.0	0.0	0.0	1.0	1.0	1.0	1.0	0.0	0.01413	16.21	0	0	0	0	1.0	1.0	1.0	1	0.9505	0.0495	0.0	1.0495	0.25	1.25
L009803	hotspot_vntr	poa_abpoa__all	674.47	1.865	1.0	0.7791	966.06	271	25	30	1.0904	1.1162	42.14	0.0	1.0667	1.1905	1.1745	192.96	5.56	9.0	8.3333	1.0667	1.0007	0.43	0.79629	4916.91	0	0	0	370	0.4138	1.0	1.0	15	0.3954	0.3265	0.273	2.6553	0.3733	2.9393
L009885	control_vntr_correct	poa_abpoa__all	49.17	20.771	2	0.4585	70.28	17	16	17	1.0142	1.0	1.0	0.6824	1.0677	1.0348	1.1327	5.06	0.05	1.0	1.0606	1.0677	1.1146	7.6	0.0965	121.13	0	0	0	0	0.0	1.0	1.0	1	0.7134	0.2707	0.0096	1.3389	0.5217	1.7551
L010060	hotspot_other	poa_abpoa__all	504.38	3.23	1	0.6576	728.41	72	23	24	1.5657	1.7965	83.05	0.0313	1.5043	1.7855	1.6802	259.41	2.25	2.0	2.1515	1.5043	1.5601	53.03	0.51944	1800.17	0	0	0	0	0.6667	1.0	1.0	2	0.3755	0.4822	0.1265	2.5221	0.6496	3.3159
L010113	control_vntr_correct	poa_abpoa__all	21.32	47.5	1.0	0.5781	28.65	22	2	8	1.0771	1.08	1.99	0.2596	1.0761	1.1629	1.1555	9.45	0.01	0.0	0.0	1.0761	1.0	0.0	0.04163	46.3	0	0	0	0	0.0	0.0	1.0	0	0.9357	0.0508	0.0135	1.0515	0.0909	1.101
L010328	hotspot_vntr	poa_abpoa__all	2055.44	2.308	1	0.6952	3114.29	94	29	29	1.1666	1.2866	82.52	0.0	1.1319	1.4068	1.3438	433.18	11.09	5.0	7.6562	1.1319	1.0049	2.56	0.81063	18107.14	1	0	1	533	0.2105	1.0	1.0	9	0.2352	0.2969	0.4576	3.3666	0.3188	3.8359
L010350	control_vntr_matched	poa_abpoa__all	174.6	6.352	1.0	0.5543	235.87	452	2	11	4.0197	4.0267	52.18	0.4253	4.0499	6.7694	6.8901	211.16	0.15	1.0	0.6364	4.0499	2.0178	18.8	0.23734	331.03	0	0	0	0	0.0	0.0	1.0	1	0.6137	0.3645	0.0218	1.3648	0.1778	1.1833
L010452	control_nontr_sv	poa_abpoa__all	11.21	96.0	13	0.4444	13.7	3	2	2	1.0	1.0	0.0	1.0	1.0	1.0	1.0	0.0	0.0	1.0	0.9697	1.0	1.0	0.0	0.0	0.0	0	0	0	0	1.0	1.0	1.0	1	1.0	0.0	0.0	1.0	0.0	1.0
L010508	control_vntr_correct	poa_abpoa__all	113.66	9.334	1	0.6359	153.34	141	2	11	2.7184	2.8802	25.36	0.3612	2.7877	4.5969	4.7126	117.09	0.0	1.0	0.5152	2.7877	1.4589	4.39	0.21879	309.52	0	0	0	0	0.0	0.0	1.0	1	0.6619	0.3333	0.0048	1.3339	0.1	1.1111
L011121	control_vntr_correct	poa_abpoa__all	136.42	8.681	1.0	0.6006	183.85	93	3	10	1.0736	1.0	4.27	0.8765	1.0966	1.1315	1.0794	15.98	0.07	1.0	1.0606	1.0966	1.1093	13.21	0.21934	361.82	0	0	0	0	1.0	1.0	1.0	1	0.7164	0.2332	0.0485	1.2626	0.2877	1.3888
L011224	control_vntr_correct	poa_abpoa__all	134.26	9.494	1.5	0.5	186.65	112	5	13	1.2441	1.2336	30.93	0.2648	1.2225	1.4386	1.4198	123.46	1.67	1.0	1.4848	1.2225	1.1436	13.64	0.13551	236.32	1	0	1	1	0.4	1.0	1.0	3	0.7122	0.1205	0.1655	1.1633	0.0609	1.197
L011227	control_vntr_matched	poa_abpoa__all	68.09	17.939	1.0	0.5203	95.21	66	4	11	1.6877	1.0059	35.7	0.2664	1.5829	1.6778	1.6089	78.05	0.13	1.0	0.8485	1.5829	1.5858	17.4	0.19921	306.95	0	0	0	0	0.3333	1.0	1.0	5	0.4894	0.1672	0.3359	1.3677	0.2613	1.6527
L011430	control_vntr_matched	poa_abpoa__all	123.49	8.749	2	0.401	178.89	141	3	13	1.3831	1.2919	18.99	0.2046	1.2113	1.3555	1.2316	49.6	0.97	0.0	0.6061	1.2113	1.9425	25.55	0.27101	449.09	0	0	0	0	0.0	1.0	1.0	1	0.7679	0.1865	0.0258	1.2908	0.3826	1.5968
L011463	hotspot_vntr	poa_abpoa__all	354.2	3.503	1.0	0.6162	502.89	439	9	27	1.7775	1.7996	114.94	0.0453	1.5102	1.6768	1.6046	296.94	4.36	6.0	6.4242	1.5102	1.5457	108.81	0.39238	954.92	27	0	27	64	0.2727	1.0	1.0	12	0.5192	0.3908	0.09	1.8842	0.5694	2.5952
L011931	control_nontr_sv	poa_abpoa__all	24.87	76.208	2.0	0.5	35.23	4	8	8	1.0012	1.0012	0.49	0.2684	1.0012	1.0	1.0	0.0	0.0	1.0	0.5152	1.0012	1.0	0.0	0.0	0.0	0	0	0	0	1.0	1.0	1.0	1	0.9783	0.0217	0.0	1.0652	0.0	1.0
L012256	hotspot_other	poa_abpoa__all	189.46	6.521	2	0.4541	278.51	127	16	30	1.1089	1.0474	33.92	0.1439	1.1025	1.1759	1.1929	116.13	0.42	4.0	5.7879	1.1025	1.0948	24.26	0.30113	557.52	2	0	2	7	0.2	1.0	1.0	15	0.4595	0.2432	0.2875	2.1204	0.3155	2.6188
L012294	hotspot_vntr	poa_abpoa__all	586.17	6.563	1.0	0.5019	884.83	82	31	33	1.0719	1.0795	45.9	0.0	1.13	1.112	1.1712	149.41	1.16	8.0	9.6667	1.13	1.1393	61.67	0.38703	2789.74	0	0	0	489	0.2941	0.2941	0.9091	26	0.1883	0.1107	0.6971	3.2764	0.1073	3.6056
L012313	control_vntr_matched	poa_abpoa__all	21.57	47.623	1	0.6087	29.07	21	4	14	1.0653	1.0	1.59	0.8873	1.3288	1.0004	1.0	0.02	0.0	2.0	1.6364	1.3288	2.3528	25.55	0.01118	12.82	1	1	0	1	1.0	1.0	1.0	2	0.8717	0.0572	0.0711	1.0634	0.042	1.042
L012489	hotspot_other	poa_abpoa__all	407.18	3.151	1	0.6812	599.57	172	29	30	1.3015	1.2805	37.74	0.0252	1.4443	1.4379	1.7507	160.51	3.11	1.0	1.1212	1.4443	1.6679	46.34	0.36056	1089.62	0	0	0	15	0.4	0.4	1.0	2	0.4054	0.471	0.1236	2.3404	0.6181	2.9594
L012530	control_nontr_sv	poa_abpoa__all	28.28	35.727	1.5	0.5	37.28	7	3	7	1.0	1.0	0.0	1.0	1.0	1.0	1.0	0.0	0.0	0.0	0.4848	1.0	1.0345	2.58	0.0	0.0	0	0	0	0	1.0	1.0	1.0	1	0.9355	0.0645	0.0	1.0645		
L013000	control_vntr_correct	poa_abpoa__all	51.87	21.55	1.0	0.5541	73.36	1	22	22	1.1569	1.0	14.28	0.5028	1.0533	1.1596	1.0557	30.65	0.18	4.0	4.0303	1.0533	1.0747	17.07	0.17155	240.65	1	1	0	2	0.0	1.0	1.0	4	0.5579	0.2438	0.157	1.4055	0.2434	1.4171
L013064	hotspot_other	poa_abpoa__all	372.42	3.957	1.0	0.527	562.15	190	3	32	2.0143	2.2708	87.46	0.0411	1.6143	1.9213	1.7015	257.49	3.55	0.0	0.4545	1.6143	1.6264	94.5	0.46529	1551.59	2	2	0	84	0.3333	1.0	1.0	1	0.5581	0.4244	0.0174	1.7151	0.6744	2.7674
L013074	control_vntr_correct	poa_abpoa__all	3.95	253.778	1	0.5926	5.11	9	2	3	1.0015	1.0	0.43	0.8675	1.0015	1.0	1.0	0.0	0.0	1.0	1.0	1.0015	1.0	0.0	0.00171	1.75	0	0	0	0	1.0	1.0	1.0	1	0.9976	0.0	0.0	1.0	0.0	1.0
L013244	hotspot_vntr	poa_abpoa__all	256.03	13.494	1.0	0.5086	361.12	38	13	17	1.1134	1.2317	45.03	0.0298	1.1525	1.2189	1.2901	179.11	1.61	10.0	6.6061	1.1525	1.0483	11.74	0.27861	1281.66	0	0	0	0	0.4211	1.0	1.0	10	0.0828	0.1558	0.7554	2.1371	0.1096	2.1379
L013399	control_nontr_sv	poa_abpoa__all	9.12	239.833	167.5	0.3333	10.64	2	2	3	1.0	1.0	0.0	1.0	1.0	1.0	1.0	0.0	0.0	1.0	0.7879	1.0	1.0	0.0	0.0	0.0	0	0	0	0	1.0	1.0	1.0	1	0.9957	0.0043	0.0	1.0043	0.0	1.0
L013531	hotspot_other	poa_abpoa__all	378.06	3.576	1	0.6714	590.21	51	19	21	1.2435	1.2921	55.47	0.0	1.0839	1.5072	1.2701	256.32	5.87	5.0	3.7879	1.0839	1.0541	23.64	0.53349	1702.22	0	0	0	29	0.3636	1.0	1.0	6	0.1863	0.5784	0.1176	2.3895	0.4762	3.3725
L014111	control_vntr_matched	poa_abpoa__all	86.1	12.196	1	0.5455	116.22	111	3	4	1.1609	1.1556	10.2	0.1599	1.1656	1.3102	1.3171	53.33	0.0	0.0	0.0303	1.1656	3.4916	20.26	0.09686	130.22	0	0	0	0	0.0	0.0		0	0.9896	0.009	0.0	1.009	0.0	1.0
L014160	hotspot_vntr	poa_abpoa__all	349.71	3.572	1	0.6164	495.5	143	33	34	1.3624	1.4155	70.04	0.0107	1.5863	1.4113	1.5507	199.43	2.08	5.0	5.8182	1.5863	1.6725	104.17	0.44144	1179.04	2	0	2	32	0.4398	1.0	1.0	11	0.5311	0.4209	0.0466	1.6668	0.5933	2.1801
L014181	control_vntr_matched	poa_abpoa__all	90.91	12.25	2.0	0.4971	124.74	103	3	5	1.2318	1.2157	27.56	0.2381	1.4717	1.2414	1.5192	63.76	0.76	1.0	1.1515	1.4717	1.4282	25.29	0.16863	234.67	0	0	0	0	1.0	1.0	1.0	1	0.7374	0.176	0.0824	1.2177	0.3625	1.4533
L014210	hotspot_vntr	poa_abpoa__all	270.69	4.716	1	0.6113	370.04	384	5	13	1.1192	1.1176	30.98	0.1033	1.1348	1.1818	1.1576	109.63	2.63	8.0	8.7273	1.1348	1.0848	16.23	0.50517	1467.65	5	0	5	27	0.1622	1.0	1.0	16	0.178	0.4684	0.347	2.2031	0.4541	2.2889
L014297	hotspot_vntr	poa_abpoa__all	224.44	4.871	2.0	0.4704	306.44	78	11	15	1.1331	1.1542	26.74	0.0563	1.0942	1.2812	1.1433	117.4	0.88	2.0	3.3333	1.0942	1.0066	2.75	0.53881	1313.75	0	0	0	0	0.0	1.0	1.0	2	0.2458	0.4086	0.3322	3.3191	0.3587	3.7431
L014324	control_vntr_correct	poa_abpoa__all	114.56	10.653	1.0	0.625	155.93	93	2	6	1.1292	1.1223	12.61	0.4	1.1216	1.3156	1.2826	63.64	0.88	3.0	2.8182	1.1216	1.0276	4.31	0.3123	551.31	0	0	0	0	0.0	1.0	1.0	3	0.4388	0.4676	0.0935	1.7232	0.4381	1.8098
L014358	hotspot_vntr	poa_abpoa__all	349.54	5.685	1.0	0.5544	512.33	12	31	31	1.0414	1.0553	12.8	0.0269	1.0373	1.0754	1.0693	49.48	1.0	3.0	1.9697	1.0373	1.0343	8.88	0.44764	1864.69	5	0	5	239	0.5714	1.0	1.0	4	0.3294	0.0476	0.623	2.5544	0.053	2.8327
L014426	control_vntr_correct	poa_abpoa__all	32.34	31.18	3	0.377	45.6	12	3	9	1.0839	1.0548	17.07	0.3018	1.009	1.0728	1.0172	31.32	0.48	0.0	0.9394	1.009	1.0073	1.07	0.06276	73.17	1	1	0	1	1.0	1.0	1.0	2	0.8199	0.1686	0.0115	1.1992	0.125	1.1875
L014899	control_nontr_sv	poa_abpoa__all	6.0	166.833	109.5	0.3333	7.0	2	2	2	1.0	1.0	0.0	1.0	1.0	1.0	1.0	0.0	0.0	1.0	0.5455	1.0	1.0	0.0	0.0	0.0	0	0	0	0	1.0	1.0	1.0	1	1.0	0.0	0.0	1.0		
L015126	hotspot_other	poa_abpoa__all	698.45	2.17	1	0.7242	1046.86	80	30	30	1.2994	1.5242	43.31	0.009	1.3851	1.5936	1.5123	207.32	3.36	0.0	0.3939	1.3851	1.2428	27.7	0.78185	5000.65	0	0	0	12	0.0	0.0	1.0	1	0.4797	0.2927	0.1084	3.3039	0.3777	5.1695
L015223	control_vntr_matched	poa_abpoa__all	44.33	34.164	4.0	0.3607	62.14	46	3	4	1.1015	1.0983	28.22	0.24	1.1083	1.0086	1.0115	5.55	0.0	2.0	1.8788	1.1083	1.1145	42.06	0.04621	81.76	0	0	0	0	1.0	1.0	1.0	2	0.9442	0.0239	0.0319	1.0246	0.1034	1.1207
L015285	control_vntr_correct	poa_abpoa__all	67.89	15.148	1.0	0.5879	90.64	61	3	4	1.3853	1.3854	27.56	0.0997	1.3854	1.702	1.7023	105.34	0.35	1.0	0.5152	1.3854	1.1	3.92	0.16183	201.79	0	0	0	0	1.0	1.0	1.0	1	0.7439	0.1921	0.064	1.2206	0.1389	1.3419
L015331	hotspot_vntr	poa_abpoa__all	508.71	2.951	1	0.7084	716.74	211	24	30	1.103	1.1142	25.85	0.0325	1.1339	1.2153	1.2805	116.83	1.52	2.0	3.6061	1.1339	1.0176	3.21	0.61627	2469.93	0	0	0	1	0.3158	1.0	1.0	13	0.1781	0.2141	0.5997	4.8796	0.2137	5.4643
L015415	hotspot_vntr	poa_abpoa__all	265.02	7.074	1.0	0.5725	370.75	66	9	14	1.0195	1.0117	10.95	0.0496	1.0369	1.0463	1.0509	52.55	1.17	12.0	11.8788	1.0369	1.0006	0.27	0.42959	1433.57	0	0	0	0	0.2581	1.0	1.0	21	0.2699	0.1416	0.5819	2.8712	0.1612	3.2918
L015708	hotspot_other	poa_abpoa__all	70.44	15.225	1.0	0.5098	98.41	67	3	24	1.2594	1.0968	6.46	0.0878	1.2963	1.2675	1.2585	18.32	0.16	0.0	0.4242	1.2963	1.5807	7.32	0.17654	261.4	2	0	2	3	0.0	0.0		3	0.5023	0.331	0.1667	2.1564	0.4408	2.8433
L015743	control_vntr_correct	poa_abpoa__all	6.05	165.552	1	0.5172	8.56	9	4	7	1.0026	1.0	0.44	0.8431	1.0027	1.0032	1.002	1.11	0.0	1.0	0.9697	1.0027	1.0019	1.35	0.00122	1.25	1	0	1	2	1.0	1.0	1.0	2	0.4077	0.0476	0.5446	1.06	0.0818	1.0891
L015847	hotspot_other	poa_abpoa__all	282.58	3.898	1.0	0.5693	408.25	81	15	29	1.1821	1.3077	25.02	0.0811	1.1633	1.2702	1.2666	87.8	1.56	7.0	7.2727	1.1633	1.1008	49.18	0.19449	380.51	0	0	0	39	0.0	0.0	1.0	8	0.5185	0.3889	0.0926	2.1835	0.6875	3.3504
L015904	hotspot_other	poa_abpoa__all	1626.99	1.945	1	0.7914	2567.92	78	33	33	1.3188	1.4669	95.51	0.0	1.2595	1.6533	1.5964	462.53	12.1	1.0	2.0909	1.2595	1.1214	41.12	0.8002	12538.59	1	0	1	389	0.3077	1.0	1.0	3	0.2793	0.4197	0.2809	3.7733	0.5061	4.5962
L016040	control_nontr_sv	poa_abpoa__all	29.25	37.381	1	0.5714	37.6	7	2	4	1.0	1.0	0.0	1.0	1.0	1.0	1.0	0.0	0.0	1.0	0.5152	1.0	1.0	0.0	0.0	0.0	0	0	0	0	1.0	1.0	1.0	1	1.0	0.0	0.0	1.0		
L016062	control_vntr_correct	poa_abpoa__all	83.27	12.9	1	0.6621	111.03	74	2	4	1.8854	2.0984	23.11	0.1	1.971	2.6724	2.8415	95.14	0.35	1.0	0.5152	1.971	1.032	0.39	0.23756	342.97	0	0	0	0	0.0	0.0	1.0	1	0.379	0.335	0.2861	1.5049	0.3857	1.6911
L016124	control_vntr_matched	poa_abpoa__all	86.98	11.929	1.0	0.5895	116.51	110	2	6	1.2536	1.2476	15.9	0.2746	1.2572	1.2277	1.2304	39.91	0.0	0.0	1.4545	1.2572	1.1758	5.28	0.1221	152.48	0	0	0	0	0.0	1.0	1.0	3	0.954	0.036	0.0075	1.0361	0.0	1.0
L016274	control_nontr_sv	poa_abpoa__all	6.74	254.0	337	0.2	8.09	1	3	3	1.0	1.0	0.0	1.0	1.0	1.0	1.0	0.0	0.0	0.0	0.4242	1.0	1.0	0.0	0.0	0.0	0	0	0	0	1.0	1.0	1.0	1	0.9537	0.0463	0.0	1.0463	0.0	1.0
L016523	control_vntr_correct	poa_abpoa__all	17.11	61.064	1	0.5319	23.3	15	2	12	1.0029	1.0	0.09	0.879	1.0037	1.0091	1.0116	0.61	0.0	0.0	0.4848	1.0037	1.3057	5.3	0.00512	5.82	0	0	0	0	1.0	1.0	1.0	1	0.9741	0.0219	0.004	1.0219	0.0909	1.0909
L016830	control_vntr_correct	poa_abpoa__all	119.14	8.913	2.0	0.4755	165.38	113	5	7	1.0383	1.0177	10.07	0.2898	1.2609	1.0712	1.4681	38.09	0.22	3.0	2.5152	1.2609	1.1827	48.54	0.29916	454.7	0	0	0	1	0.3333	1.0	1.0	4	0.6628	0.2874	0.0498	1.3876	0.303	1.5705
L016884	control_vntr_correct	poa_abpoa__all	277.19	4.417	1	0.58	407.92	26	27	28	1.2909	1.2737	49.56	0.0343	1.4672	1.3402	1.5744	139.89	1.64	1.0	1.6061	1.4672	1.4363	51.14	0.35462	1035.78	0	0	0	30	1.0	1.0	1.0	1	0.1077	0.7692	0.1231	3.5916	0.8049	4.3769
L017097	control_nontr_sv	poa_abpoa__all	66.93	32.059	1	0.6275	89.24	11	6	10	1.0025	1.0012	0.93	0.4393	1.0026	1.0	1.0	0.0	0.0	1.0	0.6364	1.0026	1.0	0.0	0.0	0.0	0	0	0	1	1.0	1.0	1.0	1	1.0	0.0	0.0	1.0	0.0	1.0
L017325	control_vntr_matched	poa_abpoa__all	163.92	6.529	2.0	0.4563	236.52	55	18	24	1.154	1.0	25.49	0.5256	1.0487	1.2018	1.1	73.48	0.94	8.0	7.7576	1.0487	1.0319	20.33	0.39564	726.95	1	1	0	1	0.0	1.0	1.0	8	0.4578	0.3604	0.1753	1.5042	0.2917	1.6122
TR101140	control_vntr_matched	poa_abpoa__all	222.16	6.485	1.0	0.6448	302.03	500	3	12	1.5601	1.0	63.06	0.5651	1.5777	1.4719	1.4777	133.2	12.47	0.0	0.9688	1.5777	1.6889	27.57	0.18686	423.24	0	0	0	0				0	0.6477	0.0344	0.2978	1.1141	0.0345	1.1146
TR368009	control_vntr_matched	poa_abpoa__all	44.33	22.94	1.0	0.6152	59.1	162	2	6	1.0416	1.0	1.22	0.9122	1.0408	1.0096	1.0093	0.62	0.0	0.0	0.0909	1.0408	1.0017	0.02	0.04904	57.37	0	0	0	0				0	0.9678	0.0132	0.0177	1.0136	0.0927	1.0973
TR423938	control_vntr_matched	poa_abpoa__all	142.73	7.379	2.0	0.4783	195.92	120	3	3	1.4306	1.4277	33.41	0.4923	1.4307	2.0888	2.089	171.52	0.47	0.0	0.0606	1.4307	1.1636	0.73	0.32707	486.26	0	0	0	0				0	0.1943	0.5492	0.2565	1.6843	0.3933	1.6742
TR424743	control_vntr_matched	poa_abpoa__all	38.92	67.612	1	0.5827	52.65	33	5	19	1.0054	1.0027	2.49	0.2046	1.0039	1.0078	1.0046	7.16	0.0	2.0	1.5455	1.0039	1.0078	3.54	0.05269	149.82	0	0	0	0				0	0.4255	0.1301	0.4417	1.3438	0.164	1.4958
TR446002	control_vntr_matched	poa_abpoa__all	11.24	89.269	2.0	0.3846	15.13	6	3	5	1.0007	1.0	0.02	0.964	1.0014	1.0343	1.0551	1.93	0.31	0.0	0.0303	1.0014	1.0	0.0	0.00409	4.32	1	1	0	1				0	1.0	0.0	0.0	1.0	0.0	1.0
TR455654	control_vntr_matched	poa_abpoa__all	13.32	76.688	5.5	0.375	19.14	9	3	7	1.0152	1.0	0.37	0.8782	1.0153	1.0123	1.0106	0.67	0.6	0.0	0.0303	1.0153	1.1582	1.14	0.00616	6.66	0	0	0	0				0	0.9411	0.0589	0.0	1.0947	0.25	1.25
TR460913	control_vntr_matched	poa_abpoa__all	27.42	36.806	1.0	0.6389	35.8	10	4	7	1.0	1.0	0.0	1.0	1.0	1.0	1.0	0.0	0.12	0.0	0.0	1.0	1.0	0.0	0.02848	33.51	0	0	0	0				0	0.9339	0.0176	0.0485	1.0176	0.0392	1.0392
TR499275	control_vntr_matched	poa_abpoa__all	6.9	145.167	1.0	0.5333	8.98	10	2	4	1.0	1.0	0.0	1.0	1.0	1.0	1.0	0.0	0.0	0.0	0.0	1.0	1.0	0.0	0.0	0.0	0	0	0	0				0	0.9701	0.0075	0.0224	1.0075	0.0	1.0
TR499276	control_vntr_matched	poa_abpoa__all	8.92	112.4	1.0	0.675	11.6	13	2	5	1.0	1.0	0.0	1.0	1.0	1.0	1.0	0.0	0.0	0.0	0.0	1.0	1.0	0.0	0.0	0.0	0	0	0	0				0	1.0	0.0	0.0	1.0	0.0	1.0
TR573259	control_vntr_matched	poa_abpoa__all	118.19	11.765	2	0.487	164.44	134	2	4	1.1511	1.0	19.25	0.6562	1.1511	1.2579	1.2577	73.01	0.56	0.0	0.1212	1.1511	1.1014	1.18	0.25515	474.82	0	0	0	0				0	0.7765	0.106	0.1175	1.1712	0.1489	1.3847
TR668316	control_vntr_matched	poa_abpoa__all	47.01	27.139	3.0	0.4861	64.97	30	5	13	1.0443	1.0	2.93	0.7423	1.0398	1.0781	1.0736	10.55	0.0	0.0	0.3103	1.0398	1.021	0.58	0.12107	183.48	0	0	0	0				0	0.3619	0.1622	0.4743	1.4206	0.1622	1.4206
TR687433	control_vntr_matched	poa_abpoa__all	5.07	197.412	19	0.4118	6.56	6	2	4	1.0041	1.0038	0.42	0.3333	1.0041	1.0142	1.0142	2.93	0.11	0.0	0.1515	1.0041	1.0	0.0	0.01614	16.41	1	0	1	1				0	0.6107	0.052	0.3372	1.0891	0.0928	1.1559
TR687489	control_vntr_matched	poa_abpoa__all	4.39	228.083	2.0	0.5	5.49	4	2	2	1.0	1.0	0.0	1.0	1.0	1.0	1.0	0.0	0.0	0.0	0.0	1.0	1.0	0.0	0.0	0.0	0	0	0	0				0	0.8352	0.0	0.1648	1.0019	0.0	1.0034
TR724750	control_vntr_matched	poa_abpoa__all	143.05	7.918	1.0	0.6291	192.75	148	2	4	1.7383	1.0	10.44	0.8507	1.7359	1.6348	1.6322	27.46	0.05	0.0	0.0606	1.7359	2.1394	1.91	0.26953	434.52	0	0	0	0				0	0.6178	0.2226	0.1596	1.2756	0.2952	1.4151
TR743754	control_vntr_matched	poa_abpoa__all	15.05	66.727	1.0	0.5909	19.84	10	4	9	1.0062	1.0	0.36	0.875	1.0015	1.0035	1.0	0.43	0.0	0.0	0.0909	1.0015	1.0	0.0	0.00031	0.34	0	0	0	0				0	0.9157	0.0651	0.0192	1.067	0.1111	1.1389
TR831034	control_vntr_matched	poa_abpoa__all	417.29	3.072	1	0.6644	604.72	675	7	27	1.8093	1.4203	57.19	0.037	1.7389	1.8694	1.7893	185.28	1.73	0.0	1.3	1.7389	4.7216	59.93	0.31532	1000.72	2	2	0	28				0	0.7901	0.2099	0.0	1.2099	0.5625	1.5625
L000034	hotspot_vntr	poa_spoa	507.42	3.187	1.0	0.6362	728.94	119	30	32	1.2201	1.2533	38.8	0.025	1.221	1.2297	1.2423	109.14	3.28	0.0	1.1515	1.221	1.21	24.87	0.54571	2352.48	57	4	53	321	0.1333	1.0	1.0	3	0.438	0.3815	0.1727	1.9266	0.4478	2.1759
L000289	hotspot_vntr	poa_spoa	677.73	2.245	1.0	0.7511	1033.87	76	34	34	1.0669	1.0915	34.87	0.0018	1.0682	1.1059	1.1193	122.63	4.85	10.0	9.2424	1.0682	1.0001	0.03	0.7686	7208.23	5	5	0	690	0.4865	1.0	1.0	18	0.6415	0.1394	0.2006	1.6366	0.1813	1.811
L000308	control_vntr_matched	poa_spoa	162.12	6.477	1.0	0.5105	227.12	214	3	9	1.0492	1.0407	12.14	0.169	1.1045	1.0777	1.3171	49.63	0.65	3.0	3.4242	1.1045	1.038	10.82	0.29604	460.56	0	0	0	0	0.4444	1.0	1.0	6	0.6446	0.3384	0.0151	1.4568	0.4688	1.724
L000381	control_vntr_matched	poa_spoa	34.39	30.113	1	0.6276	46.34	84	2	8	1.0255	1.0	0.17	0.8764	1.0357	1.0757	1.1069	1.34	0.0	1.0	0.9697	1.0357	1.6978	12.92	0.01728	21.01	0	0	0	1	1.0	1.0	1.0	1	0.9867	0.0126	0.0	1.0126	0.0303	1.0312
L000407	control_vntr_correct	poa_spoa	10.29	100.786	3.0	0.3929	14.33	7	4	9	1.0492	1.0	1.67	0.9348	1.0656	1.0	1.0	0.0	0.0	1.0	0.5455	1.0656	1.0929	1.8	0.00101	1.1	0	0	0	0	1.0	1.0	1.0	1	0.9881	0.0119	0.0	1.0119	0.0297	1.0297
L000506	control_nontr_sv	poa_spoa	6.2	161.571	33	0.4286	8.86	1	5	5	1.0	1.0	0.0	1.0	1.0	1.0	1.0	0.0	0.0	0.0	0.4545	1.0	1.0	0.0	0.0	0.0	0	0	0	0	1.0	1.0	1.0	1	0.9145	0.0855	0.0	1.1966	0.3333	2.0
L000698	control_vntr_correct	poa_spoa	18.34	68.922	1.0	0.5312	25.79	20	6	9	1.0327	1.0	1.11	0.8971	1.0542	1.0089	1.0137	0.65	0.02	1.0	1.0	1.0542	1.1357	28.88	0.02328	31.52	0	0	0	0	0.6667	1.0	1.0	1	0.8647	0.0582	0.0771	1.0974	0.0286	1.1571
L000709	control_vntr_matched	poa_spoa	1.92	522.0	23.0	0.5	2.4	4	2	3	1.0	1.0	0.0	1.0	1.0	1.0	1.0	0.0	0.0	0.0	0.4545	1.0	1.0	0.0	0.0	0.0	4	0	4	4	1.0	1.0	1.0	1	0.9732	0.0095	0.0173	1.0095	0.0	1.0
L001491	control_vntr_correct	poa_spoa	80.53	17.704	1.0	0.6224	108.46	31	5	9	1.0146	1.0109	3.26	0.2857	1.0108	1.0079	1.0066	3.71	0.0	1.0	0.5152	1.0108	1.0003	0.05	0.02625	50.12	2	2	0	3	1.0	1.0	1.0	1	0.9443	0.0	0.0352	1.0	0.0	1.0
L001527	control_nontr_sv	poa_spoa	36.19	27.927	1	0.6098	52.07	9	10	12	1.0001	1.0	0.02	0.981	1.0	1.0	1.0	0.0	0.0	0.0	0.2727	1.0	1.0	0.0	0.0	0.0	0	0	0	0	1.0	1.0	1.0	1	0.9703	0.0297	0.0	1.1683	0.0	1.0
L001894	control_vntr_matched	poa_spoa	48.91	21.152	1.0	0.5823	65.78	85	3	5	1.0275	1.0	0.79	0.8382	1.0051	1.0485	1.0044	3.17	0.0	0.0	0.0303	1.0051	4.1486	16.32	0.05204	63.3	0	0	0	0	0.0	0.0		0	0.9717	0.0255	0.0021	1.0255	0.0	1.0
L001899	control_vntr_matched	poa_spoa	67.38	15.773	2.0	0.4621	94.95	38	3	9	1.0498	1.0437	4.8	0.1884	1.0421	1.1484	1.1574	30.45	0.67	1.0	0.5758	1.0421	1.0165	0.95	0.18221	240.43	0	0	0	0	0.0	0.0	1.0	1	0.5957	0.1696	0.2348	1.402	0.226	1.5854
L001922	control_vntr_correct	poa_spoa	31.06	32.836	1.0	0.5091	42.91	3	12	12	1.0032	1.0021	0.98	0.3326	1.003	1.0109	1.0109	6.81	0.37	0.0	1.1212	1.003	1.0037	0.67	0.08979	104.74	0	0	0	0	0.5	1.0	1.0	3	0.599	0.1002	0.2888	1.2562	0.1357	1.4573
L002013	hotspot_vntr	poa_spoa	777.45	2.819	1.0	0.697	1144.49	57	32	32	1.0775	1.0572	40.5	0.0	1.1353	1.1375	1.1987	153.8	3.47	6.0	7.6364	1.1353	1.1408	48.16	0.54016	3753.48	1	0	1	1172	0.4118	1.0	1.0	19	0.2656	0.0824	0.6443	2.1208	0.0744	2.2254
L002096	hotspot_vntr	poa_spoa	344.91	6.254	1	0.578	507.47	251	8	33	1.0466	1.0386	10.82	0.0518	1.0548	1.1522	1.1462	75.95	0.86	6.0	8.6667	1.0548	1.0205	9.94	0.41471	1709.97	20	20	0	39	0.4615	1.0	1.0	14	0.25	0.1324	0.598	1.6985	0.1117	1.7992
L002143	hotspot_vntr	poa_spoa	160.23	7.513	1.0	0.5885	219.54	260	9	23	1.1054	1.0169	6.93	0.2702	1.1214	1.1539	1.1969	25.97	0.15	1.0	1.3333	1.1214	1.1073	2.77	0.3673	741.56	3	0	3	72	0.5455	0.7692	1.0	3	0.3592	0.2523	0.3848	1.8373	0.2991	2.1248
L002182	hotspot_vntr	poa_spoa	764.24	3.33	1	0.6932	1096.73	64	18	32	1.0401	1.0385	21.63	0.0018	1.067	1.0779	1.102	88.38	2.91	2.0	3.9697	1.067	1.0021	0.82	0.61383	5295.23	0	0	0	19	0.1818	1.0	1.0	6	0.3505	0.3595	0.284	2.0632	0.4423	2.3301
L002292	control_nontr_sv	poa_spoa	8.7	115.211	3	0.4737	12.37	3	4	6	1.0	1.0	0.0	1.0	1.0	1.0	1.0	0.0	0.0	0.0	0.4545	1.0	1.0	0.0	0.0	0.0	0	0	0	0	1.0	1.0	1.0	1	0.9839	0.0161	0.0	1.0482		
L002884	control_vntr_matched	poa_spoa	18.75	58.169	12	0.338	26.15	27	4	12	1.0092	1.0	0.11	0.9091	1.0121	1.0107	1.0182	0.28	0.0	3.0	3.0303	1.0121	1.0473	3.85	0.01596	19.28	2	0	2	2	0.0	1.0	1.0	3	0.6981	0.0674	0.2345	1.0748	0.086	1.1049
L002940	hotspot_other	poa_spoa	273.13	5.178	1	0.5883	399.29	91	18	26	1.0538	1.0473	16.76	0.0667	1.1003	1.1593	1.2038	112.0	1.92	2.0	3.0303	1.1003	1.1048	24.75	0.24779	557.33	2	2	0	24	0.0	1.0	1.0	6	0.4693	0.3742	0.1442	1.8658	0.5116	2.2254
L003119	control_vntr_correct	poa_spoa	3.78	264.727	155	0.4545	5.16	4	3	6	1.0005	1.0	0.05	0.9459	1.0005	1.0001	1.0001	0.03	0.0	1.0	0.9697	1.0005	1.0003	0.15	0.0	0.0	0	0	0	0	1.0	1.0	1.0	1	0.4139	0.0232	0.5629	1.0497	0.0437	1.0938
L003171	control_nontr_sv	poa_spoa	11.28	88.917	47.5	0.5	14.1	4	2	2	1.003	1.003	1.11	0.0	1.003	1.0	1.0	0.0	0.0	1.0	1.0	1.003	1.0	0.0	0.0	0.0	0	0	0	0	1.0	1.0	1.0	1	1.0	0.0	0.0	1.0	0.0	1.0
L003672	control_vntr_correct	poa_spoa	129.69	8.113	1	0.5522	175.76	116	2	7	1.019	1.0163	1.43	0.2361	1.0192	1.2897	1.2919	59.88	0.0	0.0	0.4848	1.0192	1.3712	7.2	0.21259	300.81	0	0	0	0	0.0	0.0	1.0	1	0.6729	0.2784	0.0487	1.2912	0.4259	1.4969
L003695	hotspot_other	poa_spoa	99.77	12.919	3	0.3846	148.53	10	11	12	1.0765	1.1467	11.11	0.1485	1.1258	1.1392	1.2419	46.04	0.13	1.0	0.5758	1.1258	1.1477	16.86	0.30948	583.75	0	0	0	0	0.0	0.0	1.0	1	0.3425	0.3343	0.3204	2.0077	0.3977	2.285
L003826	control_vntr_matched	poa_spoa	296.45	3.99	1.0	0.5906	413.75	45	33	33	1.414	1.6	32.31	0.0589	1.8071	1.4484	1.7384	86.67	0.53	2.0	1.6364	1.8071	2.2927	49.16	0.29893	733.03	2	0	2	30	0.0	0.0		0	0.4933	0.3693	0.1348	2.4745	0.4835	2.9435
L003828	hotspot_other	poa_spoa	98.01	10.409	2.0	0.4848	147.95	17	24	26	1.0149	1.0169	6.42	0.0128	1.0042	1.0557	1.0243	49.23	0.88	13.0	12.1818	1.0042	1.0004	0.33	0.24482	392.43	0	0	0	48	0.2308	1.0	1.0	20	0.5259	0.2241	0.25	2.1472	0.1778	2.2426
L003872	control_vntr_matched	poa_spoa	91.71	11.317	2	0.4723	127.92	42	6	7	1.0627	1.0397	6.26	0.2119	1.0115	1.0703	1.0445	20.74	0.0	1.0	0.5152	1.0115	1.5184	17.2	0.04354	61.93	0	0	0	0	0.6667	1.0	1.0	1	0.9723	0.0257	0.0	1.0258	0.0204	1.0204
L003883	control_nontr_sv	poa_spoa	32.61	137.852	1	0.5926	42.27	2	3	3	1.0003	1.0003	0.4	0.0525	1.0003	1.0	1.0	0.0	0.0	1.0	0.5152	1.0003	1.0	0.0	0.0	0.0	0	0	0	0	1.0	1.0	1.0	1	0.9974	0.0026	0.0	1.0026	0.0	1.0
L004021	control_vntr_matched	poa_spoa	21.71	46.387	1.0	0.5952	29.21	42	6	20	1.0211	1.0	1.0	0.8887	1.0005	1.004	1.0	0.4	0.0	1.0	1.1212	1.0005	1.0234	0.79	0.00377	4.27	0	0	0	1	1.0	1.0	1.0	1	0.9816	0.0167	0.0	1.0167	0.0172	1.0179
L004620	control_nontr_sv	poa_spoa	10.29	97.4	11.0	0.5	13.37	2	4	5	1.0	1.0	0.0	1.0	1.0	1.0	1.0	0.0	0.0	1.0	0.5152	1.0	1.0	0.0	0.00694	7.2	0	0	0	0	1.0	1.0	1.0	1	0.9609	0.0391	0.0	1.0391	0.0	1.0
L004848	hotspot_other	poa_spoa	538.21	2.524	1.0	0.7116	813.95	103	23	30	1.157	1.1818	34.53	0.0108	1.0826	1.306	1.2008	161.49	2.52	3.0	2.8485	1.0826	1.0247	6.65	0.64382	3383.48	11	2	9	99	0.0	0.0		0	0.4504	0.219	0.1777	1.8895	0.2125	2.1058
L004989	hotspot_other	poa_spoa	343.72	3.337	1.0	0.7136	537.82	60	12	29	1.1598	1.1719	31.7	0.0	1.0607	1.4148	1.2754	189.67	2.41	3.0	3.0	1.0607	1.0307	10.61	0.51644	1555.06	0	0	0	88	0.2222	1.0	1.0	6	0.5302	0.2282	0.2282	2.087	0.3133	2.6512
L005064	hotspot_other	poa_spoa	289.12	4.6	2.0	0.4662	427.87	141	9	29	1.1748	1.1734	30.44	0.0577	1.2169	1.4016	1.491	152.78	0.52	1.0	1.0	1.2169	1.1822	18.33	0.48468	1329.77	5	0	5	60	0.4	0.4	1.0	3	0.341	0.3623	0.2735	2.098	0.3249	2.6404
L005261	hotspot_other	poa_spoa	603.03	4.51	2.0	0.4884	903.38	33	17	26	1.0315	1.0134	12.54	0.0874	1.0099	1.0953	1.0462	79.48	2.27	3.0	2.8788	1.0099	1.0045	1.81	0.59246	4005.82	44	40	4	146	0.0	1.0	1.0	7	0.5974	0.3074	0.0909	1.6986	0.4537	2.2212
L005411	hotspot_vntr	poa_spoa	173.15	6.085	1.0	0.6218	245.4	216	15	33	1.1517	1.1826	10.25	0.0321	1.0446	1.2369	1.0839	42.62	0.6	5.0	5.1515	1.0446	1.0338	6.73	0.54284	1303.32	9	9	0	157	0.2	0.6667	1.0	6	0.2024	0.5513	0.2279	2.7789	0.5699	2.8265
L005481	hotspot_vntr	poa_spoa	152.09	7.739	1	0.5621	215.04	42	14	23	1.0448	1.0147	5.22	0.3829	1.1746	1.0844	1.193	20.83	0.35	1.0	1.1515	1.1746	1.2216	29.3	0.35974	687.54	17	0	17	71	0.0	1.0	1.0	1	0.3926	0.2579	0.3295	1.8787	0.3398	2.2262
L005618	hotspot_other	poa_spoa	499.72	2.406	1.0	0.6721	740.65	194	31	32	1.1707	1.1928	42.58	0.0	1.1294	1.3165	1.2948	189.17	3.48	2.0	2.0303	1.1294	1.0573	13.89	0.72402	4243.44	58	0	58	304	0.5217	0.5217	0.9091	6	0.5908	0.1815	0.1477	1.75	0.2757	2.1815
L005688	control_nontr_sv	poa_spoa	174.16	8.145	1.0	0.6129	234.55	39	3	5	1.0167	1.0172	3.56	0.3571	1.0167	1.006	1.006	3.05	0.03	1.0	0.8182	1.0167	1.0158	4.01	0.0	0.0	0	0	0	0	1.0	1.0	1.0	1	1.0	0.0	0.0	1.0	0.0	1.0
L005990	hotspot_vntr	poa_spoa	166.49	10.913	2	0.432	256.96	187	19	32	1.0269	1.0199	4.38	0.1129	1.0409	1.1058	1.121	36.63	0.25	6.0	7.9677	1.0409	1.0417	9.33	0.30378	822.72	116	116	0	238	0.0	0.0	0.8	2	0.4697	0.0842	0.4293	1.7027	0.1066	2.0898
L006556	control_nontr_sv	poa_spoa	16.2	62.0	1	0.5333	20.52	4	3	4	1.0033	1.0033	1.12	0.1373	1.0033	1.0	1.0	0.0	0.0	1.0	0.5152	1.0033	1.0	0.0	0.0	0.0	0	0	0	0	1.0	1.0	1.0	1	0.9846	0.0154	0.0	1.0154	0.0	1.0
L006952	hotspot_vntr	poa_spoa	529.75	2.735	1	0.5947	776.95	13	20	28	1.0239	1.0123	14.81	0.0426	1.041	1.0666	1.0941	85.49	1.64	3.0	1.9394	1.041	1.0061	2.99	0.69559	3896.8	4	3	1	30	0.0	1.0	1.0	5	0.5019	0.2528	0.0717	2.034	0.2485	2.2983
L007033	control_vntr_correct	poa_spoa	12.22	87.323	2	0.4839	16.17	5	3	3	1.0007	1.0009	0.93	0.0	1.0005	1.0005	1.0005	1.23	0.0	1.0	1.0	1.0005	1.0	0.0	0.03264	36.67	0	0	0	0	1.0	1.0	1.0	1	0.9608	0.0196	0.0196	1.0294	0.5	1.75
L007065	control_vntr_matched	poa_spoa	9.17	111.051	1	0.5128	12.22	8	7	9	1.0003	1.0	0.02	0.9515	1.0	1.0	1.0	0.0	0.0	1.0	0.5455	1.0	1.0	0.0	0.0033	3.53	0	0	0	0	1.0	1.0	1.0	1	0.9792	0.0104	0.0104	1.0106	0.0385	1.0385
L007081	hotspot_vntr	poa_spoa	722.71	4.347	1	0.6766	1119.22	62	31	33	1.0304	1.0398	12.99	0.0018	1.0265	1.1113	1.1032	101.61	0.55	4.0	6.7273	1.0265	1.0108	5.12	0.51511	4703.28	314	306	8	502	0.1905	1.0	1.0	34	0.1859	0.2714	0.5226	3.4381	0.2727	3.8858
L007161	hotspot_other	poa_spoa	266.74	4.101	1.0	0.5485	388.04	109	15	25	1.1263	1.146	19.83	0.1697	1.1577	1.2357	1.2486	100.7	0.61	1.0	0.8788	1.1577	1.0735	8.58	0.39736	926.99	0	0	0	0	0.2222	1.0	1.0	1	0.5569	0.1332	0.293	1.4492	0.1164	1.6466
L007172	control_vntr_matched	poa_spoa	284.48	4.466	1.0	0.5678	407.44	142	6	11	1.1382	1.0622	24.81	0.1055	1.1918	1.3615	1.4791	137.19	0.21	2.0	1.7273	1.1918	1.087	7.72	0.34461	785.64	0	0	0	0	0.0	1.0	1.0	2	0.4465	0.2372	0.3114	1.4746	0.1099	1.6859
L007184	hotspot_other	poa_spoa	107.34	9.604	1	0.518	164.48	3	19	21	1.0412	1.0124	7.75	0.2116	1.0101	1.0981	1.072	39.55	0.52	2.0	2.6364	1.0101	1.0077	2.44	0.19401	305.02	0	0	0	8	0.0	1.0	1.0	3	0.7143	0.0982	0.1786	1.4447	0.2222	2.039
L007192	control_nontr_sv	poa_spoa	27.74	49.0	1	0.5789	39.42	4	6	11	1.0	1.0	0.0	1.0	1.0	1.0	1.0	0.0	0.0	0.0	0.2424	1.0	1.0	0.0	0.01188	17.52	0	0	0	0	1.0	1.0	1.0	1	0.9204	0.0796	0.0	1.2212	0.4444	2.3333
L007480	hotspot_other	poa_spoa	353.88	5.968	1	0.7085	496.15	14	17	21	1.0551	1.0592	16.43	0.0801	1.0584	1.1143	1.1187	71.04	0.86	3.0	3.8182	1.0584	1.0147	3.81	0.3645	1280.38	1	1	0	61	0.0	1.0	1.0	3	0.368	0.293	0.3341	2.1107	0.2878	2.4349
L007687	control_vntr_matched	poa_spoa	99.81	11.205	1.0	0.5758	134.97	89	4	10	1.0359	1.0	2.83	0.7854	1.0199	1.0462	1.0321	7.63	0.03	1.0	0.7879	1.0199	1.0599	2.59	0.22228	334.97	0	0	0	0	1.0	1.0	1.0	1	0.7659	0.1247	0.1072	1.197	0.2	1.3872
L007717	control_vntr_matched	poa_spoa	59.87	17.072	2	0.4453	84.27	69	8	21	1.0217	1.0128	1.35	0.3065	1.037	1.0448	1.068	6.81	0.02	0.0	0.5455	1.037	1.2135	8.57	0.05822	80.21	2	2	0	2	1.0	1.0	1.0	1	0.9601	0.0206	0.0151	1.0253	0.0455	1.0909
L007798	hotspot_other	poa_spoa	656.19	4.391	1	0.5792	971.79	87	25	32	1.0209	1.0394	14.83	0.0089	1.0249	1.0601	1.0778	88.04	2.29	17.0	17.6667	1.0249	1.0044	2.7	0.41548	2792.2	1	0	1	797	0.1667	1.0	1.0	29	0.2957	0.113	0.5899	2.178	0.1224	2.3883
L007844	hotspot_other	poa_spoa	1355.63	1.899	1	0.734	2002.01	98	32	34	1.128	1.1667	47.43	0.0	1.1239	1.2694	1.2829	233.73	5.21	1.0	3.6667	1.1239	1.0247	9.11	0.76822	11050.3	681	681	0	724	0.2	0.2	0.9091	12	0.2986	0.3831	0.2197	2.2998	0.3852	2.4481
L008216	hotspot_vntr	poa_spoa	202.14	5.529	1	0.6132	278.98	77	16	21	1.1274	1.0906	17.94	0.0781	1.1377	1.2171	1.1986	69.76	0.43	2.0	2.3636	1.1377	1.3038	29.05	0.34961	741.4	1	1	0	1	0.8571	1.0	1.0	3	0.4476	0.3034	0.2491	1.8808	0.3353	2.0776
L008631	control_nontr_sv	poa_spoa	19.91	74.286	3.5	0.4286	28.45	3	6	8	1.0	1.0	0.0	1.0	1.0	1.0	1.0	0.0	0.0	0.0	0.1818	1.0	1.0	0.0	0.0	0.0	0	0	0	0	1.0	1.0	1.0	1	0.9139	0.0861	0.0	1.2185	0.1282	1.4615
L008864	hotspot_vntr	poa_spoa	1206.01	4.509	1.0	0.6132	1862.51	213	15	28	1.0504	1.0731	28.2	0.0438	1.0549	1.1432	1.1452	171.92	2.11	0.0	3.5152	1.0549	1.0344	14.51	0.54624	7286.72	77	77	0	703	0.3158	1.0	1.0	11	0.2787	0.3202	0.3933	2.4541	0.3634	2.7487
L008877	hotspot_other	poa_spoa	1012.28	2.767	1.0	0.6463	1566.43	307	21	30	1.1625	1.1887	39.77	0.009	1.0501	1.3898	1.2106	232.95	2.38	9.0	8.9697	1.0501	1.0268	12.11	0.5815	4961.3	16	11	5	178	0.1714	1.0	1.0	24	0.2986	0.3197	0.3451	2.2069	0.3535	2.4553
L008887	control_vntr_correct	poa_spoa	13.12	86.971	6.0	0.4118	17.75	13	2	7	1.0019	1.0	0.03	0.9449	1.0022	1.0	1.0	0.0	0.0	2.0	2.0	1.0022	1.0094	1.2	0.01559	18.9	0	0	0	0	1.0	1.0	1.0	2	0.9684	0.0111	0.0205	1.0143	0.0455	1.1288
L008902	control_vntr_correct	poa_spoa	126.42	8.615	1.0	0.5871	174.36	120	3	7	1.0245	1.0045	1.46	0.191	1.2529	1.1885	1.4021	37.45	0.02	1.0	1.0	1.2529	1.6191	19.13	0.10891	164.06	0	0	0	0	1.0	1.0	1.0	2	0.9594	0.03	0.0088	1.0327	0.0909	1.1364
L009283	control_nontr_sv	poa_spoa	19.13	52.533	1	0.5333	24.23	5	2	4	1.0078	1.0074	1.17	0.1933	1.0074	1.0	1.0	0.0	0.0	0.0	0.4848	1.0074	1.0	0.0	0.0	0.0	0	0	0	0	1.0	1.0	1.0	1	1.0	0.0	0.0	1.0	0.0	1.0
L009398	hotspot_vntr	poa_spoa	91.75	11.486	2	0.3799	131.73	22	18	25	1.0188	1.016	6.72	0.0581	1.0217	1.0411	1.0478	30.24	0.79	1.5	2.2188	1.0217	1.0035	1.03	0.21973	320.86	0	0	0	63	0.2	1.0	1.0	7	0.4056	0.2	0.3889	2.1475	0.2254	2.4021
L009448	hotspot_vntr	poa_spoa	869.51	1.948	1.0	0.6323	1308.0	84	24	24	1.086	1.1013	45.24	0.0	1.1451	1.2187	1.2905	258.51	7.1	1.0	6.5652	1.1451	1.0558	19.83	0.81588	8894.35	28	26	2	1312	0.2632	1.0	1.0	12	0.5048	0.1914	0.2632	1.9808	0.2191	2.2731
L009600	control_nontr_sv	poa_spoa	2.96	372.333	409	0.0	2.96	1	2	2	1.0	1.0	0.0	1.0	1.0	1.0	1.0	0.0	0.0	1.0	1.0	1.0	1.0	0.0	0.0	0.0	0	0	0	0	1.0	1.0	1.0	1	1.0	0.0	0.0	1.0	0.0	1.0
L009656	hotspot_vntr	poa_spoa	354.83	3.97	1.0	0.5917	504.86	4	26	26	1.05	1.1089	12.35	0.064	1.0718	1.1128	1.1151	60.04	0.87	1.0	1.8485	1.0718	1.0998	15.95	0.51047	1621.35	0	0	0	0	1.0	1.0	1.0	1	0.4077	0.1893	0.3949	1.6307	0.1879	1.8365
L009658	hotspot_vntr	poa_spoa	262.58	4.11	1.0	0.5661	387.59	281	21	31	1.3634	1.4109	78.51	0.0061	1.0333	1.4024	1.1077	207.9	2.03	16.0	15.9355	1.0333	1.0039	1.88	0.5698	1478.44	6	3	3	221	0.3673	1.0	1.0	33	0.189	0.2048	0.5812	2.6831	0.2237	2.8836
L009770	control_vntr_matched	poa_spoa	39.09	25.852	2	0.4426	53.82	63	2	7	1.0145	1.0009	1.68	0.4754	1.0021	1.0567	1.0047	13.31	0.0	2.0	2.1818	1.0021	1.0	0.0	0.12963	154.85	0	0	0	0	0.6667	1.0	1.0	2	0.6411	0.1638	0.1951	1.2358	0.1125	1.3479
L009771	control_vntr_correct	poa_spoa	10.24	107.25	10.5	0.5	12.8	4	2	2	1.0	1.0	0.0	1.0	1.0	1.0	1.0	0.0	0.0	1.0	1.0	1.0	1.0	0.0	0.00075	0.85	0	0	0	0	1.0	1.0	1.0	1	0.989	0.011	0.0	1.011	0.0	1.0
L009803	hotspot_vntr	poa_spoa	469.09	2.486	1	0.7077	686.37	207	29	30	1.0667	1.0898	31.12	0.0	1.0438	1.1538	1.133	155.8	5.62	16.0	13.1818	1.0438	1.0003	0.15	0.73847	3551.78	3	0	3	370	0.4444	1.0	1.0	22	0.4286	0.2934	0.273	2.1203	0.3493	2.3438
L009885	control_vntr_correct	poa_spoa	32.86	30.854	2	0.4161	46.29	11	16	17	1.0041	1.0	0.29	0.7439	1.0018	1.0076	1.0209	1.1	0.0	0.0	0.0606	1.0018	1.0469	3.11	0.0462	54.93	0	0	0	0	0.0	0.0	1.0	0	0.8153	0.1688	0.0096	1.2024	0.3261	1.4594
L010060	hotspot_other	poa_spoa	343.35	4.103	1	0.5784	490.61	66	22	24	1.1144	1.0305	16.8	0.0424	1.2459	1.1479	1.2599	48.84	0.41	1.0	0.9697	1.2459	1.3432	32.49	0.36965	976.64	0	0	0	0	0.0	0.0	1.0	1	0.5138	0.3439	0.1265	1.5636	0.5128	1.9
L010113	control_vntr_correct	poa_spoa	13.66	73.951	1	0.5854	18.32	14	2	8	1.0	1.0	0.0	1.0	1.0	1.0	1.0	0.0	0.01	0.0	0.4848	1.0	1.0	0.0	0.01447	15.66	0	0	0	0	1.0	1.0	1.0	1	0.9357	0.0508	0.0135	1.0513	0.0909	1.101
L010328	hotspot_vntr	poa_spoa	1501.7	2.686	1	0.6045	2258.5	65	28	29	1.0897	1.1701	44.42	0.0	1.1022	1.2535	1.2436	269.96	6.08	3.0	7.7188	1.1022	1.0236	12.4	0.70828	10270.07	8	3	5	533	0.4545	1.0	1.0	12	0.2931	0.2391	0.4576	2.4529	0.2768	2.8111
L010350	control_vntr_matched	poa_spoa	5.96	172.886	1.0	0.6136	7.86	15	2	11	1.0	1.0	0.0	1.0	1.0	1.0	1.0	0.0	0.0	1.0	0.6364	1.0	1.0	0.0	0.0	0.0	0	0	0	0	1.0	1.0	1.0	1	0.9709	0.0073	0.0218	1.0094	0.0333	1.0667
L010452	control_nontr_sv	poa_spoa	11.21	96.0	13	0.4444	13.7	3	2	2	1.0	1.0	0.0	1.0	1.0	1.0	1.0	0.0	0.0	1.0	0.9697	1.0	1.0	0.0	0.0	0.0	0	0	0	0	1.0	1.0	1.0	1	1.0	0.0	0.0	1.0	0.0	1.0
L010508	control_vntr_correct	poa_spoa	14.74	69.481	1.0	0.5769	19.56	18	2	11	1.0023	1.0	0.03	0.9956	1.0007	1.0014	1.0	0.04	0.0	1.0	0.5152	1.0007	1.125	1.2	0.00383	4.25	0	0	0	0	1.0	1.0	1.0	1	0.9841	0.0111	0.0048	1.0111	0.0333	1.0333
L011121	control_vntr_correct	poa_spoa	139.55	8.478	1.0	0.573	188.55	88	5	10	1.0481	1.0	2.8	0.7994	1.1922	1.1109	1.3978	13.48	0.04	1.0	0.9394	1.1922	1.0067	0.81	0.25493	440.61	0	0	0	0	0.0	1.0	1.0	1	0.6157	0.334	0.0485	1.4522	0.2192	1.3513
L011224	control_vntr_correct	poa_spoa	149.01	8.398	1.0	0.5573	207.61	109	5	13	1.1149	1.1159	14.56	0.2671	1.1082	1.3514	1.3326	98.92	0.01	1.0	0.5455	1.1082	1.0165	1.57	0.12814	221.58	1	0	1	1	0.6667	1.0	1.0	1	0.7194	0.1133	0.1655	1.1362	0.0522	1.1074
L011227	control_vntr_matched	poa_spoa	85.8	13.732	2.0	0.4065	119.01	99	5	11	1.1195	1.0	6.2	0.6953	1.0659	1.141	1.1094	16.24	0.0	1.0	0.7273	1.0659	1.0626	1.86	0.17122	254.91	0	0	0	0	1.0	1.0	1.0	1	0.5106	0.1459	0.3359	1.2958	0.2161	1.5035
L011430	control_vntr_matched	poa_spoa	102.75	10.298	2.0	0.3313	149.18	123	7	13	1.1791	1.1658	8.88	0.2068	1.0808	1.0799	1.0482	11.15	0.02	0.0	0.5455	1.0808	1.7652	20.75	0.2439	389.66	0	0	0	0	0.0	1.0	1.0	1	0.744	0.2103	0.0258	1.274	0.4957	1.7032
L011463	hotspot_vntr	poa_spoa	262.84	4.197	1	0.589	378.19	362	15	27	1.5699	1.6195	84.25	0.1594	1.0757	1.4588	1.166	201.29	1.64	2.0	2.8788	1.0757	1.1079	21.51	0.29716	625.21	13	0	13	64	0.5333	1.0	1.0	5	0.6494	0.2605	0.09	1.4801	0.4306	1.9566
L011931	control_nontr_sv	poa_spoa	24.87	76.208	2.0	0.5	35.23	4	8	8	1.0012	1.0012	0.49	0.2684	1.0012	1.0	1.0	0.0	0.0	1.0	0.5152	1.0012	1.0	0.0	0.0	0.0	0	0	0	0	1.0	1.0	1.0	1	0.9783	0.0217	0.0	1.0652	0.0	1.0
L012184	hotspot_vntr	poa_spoa	579.53	4.98	1.0	0.6795	835.26	88	30	31	1.0808	1.1021	18.47	0.0303	1.0398	1.1345	1.0835	75.22	0.53	13.0	12.6774	1.0398	1.0232	12.58	0.52734	3212.02	7	7	0	99	0.5	1.0	1.0	29	0.2213	0.135	0.6238	2.7021	0.1396	2.8029
L012256	hotspot_other	poa_spoa	203.33	5.909	1.0	0.5298	299.95	185	18	30	1.0463	1.0304	14.43	0.1763	1.0387	1.113	1.1022	74.59	0.22	5.0	6.0	1.0387	1.035	8.96	0.29884	551.46	4	1	3	7	0.375	1.0	1.0	11	0.4816	0.2211	0.2875	1.9648	0.2864	2.4194
L012313	control_vntr_matched	poa_spoa	21.57	47.623	1	0.6087	29.07	21	4	14	1.0653	1.0	1.59	0.8873	1.3288	1.0004	1.0	0.02	0.0	2.0	1.6364	1.3288	2.3528	25.55	0.01118	12.82	1	1	0	1	1.0	1.0	1.0	2	0.8717	0.0572	0.0711	1.0634	0.042	1.042
L012489	hotspot_other	poa_spoa	353.13	3.456	1	0.6566	523.12	153	25	30	1.1317	1.0923	16.48	0.0791	1.1078	1.2314	1.2001	84.84	1.0	1.0	0.8788	1.1078	1.3768	26.14	0.30028	829.3	0	0	0	15	0.5	1.0	1.0	1	0.4865	0.39	0.1236	1.983	0.5347	2.5181
L012530	control_nontr_sv	poa_spoa	28.28	35.727	1.5	0.5	37.28	7	3	7	1.0	1.0	0.0	1.0	1.0	1.0	1.0	0.0	0.0	0.0	0.4848	1.0	1.0345	2.58	0.0	0.0	0	0	0	0	1.0	1.0	1.0	1	0.9355	0.0645	0.0	1.0645		
L013000	control_vntr_correct	poa_spoa	32.24	31.507	1.0	0.5652	45.56	1	22	22	1.0046	1.0	0.42	0.8799	1.0239	1.0038	1.0138	0.73	0.0	2.0	1.9697	1.0239	1.0483	11.04	0.03698	44.63	1	1	0	2	0.0	1.0	1.0	2	0.7686	0.0331	0.157	1.0399	0.031	1.0382
L013064	hotspot_other	poa_spoa	271.26	4.917	1	0.5009	401.61	147	4	32	1.3038	1.2652	26.19	0.161	1.2837	1.3429	1.3806	95.84	0.48	2.0	1.7576	1.2837	1.2543	38.36	0.37623	1075.49	19	19	0	84	0.0	0.0	1.0	2	0.7965	0.186	0.0174	1.3285	0.4651	1.9651
L013074	control_vntr_correct	poa_spoa	3.95	253.778	1	0.5926	5.11	9	2	3	1.0015	1.0	0.43	0.8675	1.0015	1.0	1.0	0.0	0.0	1.0	1.0	1.0015	1.0	0.0	0.00171	1.75	0	0	0	0	1.0	1.0	1.0	1	0.9976	0.0	0.0	1.0	0.0	1.0
L013399	control_nontr_sv	poa_spoa	9.12	239.833	167.5	0.3333	10.64	2	2	3	1.0	1.0	0.0	1.0	1.0	1.0	1.0	0.0	0.0	1.0	0.7879	1.0	1.0	0.0	0.0	0.0	0	0	0	0	1.0	1.0	1.0	1	0.9957	0.0043	0.0	1.0043	0.0	1.0
L013531	hotspot_other	poa_spoa	256.12	4.703	1.0	0.5627	388.0	43	19	21	1.1241	1.1397	28.27	0.0149	1.03	1.2295	1.1173	115.98	1.19	6.0	5.5455	1.03	1.012	5.23	0.42524	1101.3	3	0	3	29	0.2667	1.0	1.0	10	0.5098	0.2549	0.1176	1.7065	0.3333	2.7549
L014111	control_vntr_matched	poa_spoa	48.15	21.567	1	0.5419	64.99	71	3	4	1.0549	1.0397	3.48	0.1599	1.0565	1.0186	1.019	3.2	0.0	2.0	1.0606	1.0565	3.9264	23.8	0.02921	36.53	0	0	0	0	1.0	1.0	1.0	2	0.997	0.0015	0.0	1.0015	0.0	1.0
L014160	hotspot_vntr	poa_spoa	239.06	4.849	1.0	0.5659	337.96	154	25	34	1.1151	1.1383	22.25	0.1462	1.2323	1.1672	1.1911	81.06	0.66	6.0	4.6061	1.2323	1.304	47.1	0.33534	752.69	13	0	13	32	0.1538	1.0	1.0	7	0.7514	0.2006	0.0466	1.2786	0.3158	1.5576
L014181	control_vntr_matched	poa_spoa	55.5	19.133	4.0	0.3476	78.75	88	2	5	1.0145	1.0128	1.72	0.4841	1.0271	1.0306	1.0157	8.09	0.0	1.0	1.2424	1.0271	1.0393	2.32	0.08943	113.64	0	0	0	0	1.0	1.0	1.0	1	0.7723	0.1411	0.0824	1.163	0.3438	1.4119
L014210	hotspot_vntr	poa_spoa	205.35	5.95	1.0	0.5832	288.88	308	6	13	1.0535	1.0506	13.89	0.156	1.0538	1.1128	1.0738	68.03	1.21	5.0	5.5152	1.0538	1.0443	8.48	0.41888	1036.23	3	0	3	27	0.2581	1.0	1.0	10	0.3224	0.324	0.347	1.8658	0.3658	1.9837
L014297	hotspot_vntr	poa_spoa	113.88	9.058	2	0.4636	161.02	39	9	15	1.0403	1.0398	8.09	0.0845	1.0237	1.1106	1.0388	46.15	0.5	5.0	5.3333	1.0237	1.0	0.0	0.30107	484.4	0	0	0	0	0.6	1.0	1.0	5	0.4086	0.2458	0.3322	1.9146	0.278	2.1363
L014324	control_vntr_correct	poa_spoa	84.73	14.282	1	0.6338	113.76	72	2	6	1.0596	1.0087	5.82	0.4	1.0088	1.1244	1.0	25.09	0.0	1.0	0.9394	1.0088	1.0056	0.87	0.22871	359.98	0	0	0	0	1.0	1.0	1.0	1	0.473	0.4335	0.0935	1.4755	0.3873	1.4525
L014358	hotspot_vntr	poa_spoa	336.86	5.82	1.0	0.5397	502.47	18	29	31	1.0341	1.0407	10.56	0.0341	1.0254	1.0823	1.082	53.97	1.52	2.0	1.697	1.0254	1.024	6.22	0.44073	1813.25	7	0	7	239	0.5	1.0	1.0	5	0.2778	0.0992	0.623	2.619	0.1061	2.8939
L014426	control_vntr_correct	poa_spoa	53.55	18.871	3	0.3861	76.35	38	4	9	1.0264	1.0254	5.37	0.3433	1.0227	1.1114	1.1154	47.89	0.01	0.0	0.9697	1.0227	1.0073	1.07	0.10624	129.9	1	1	0	1	0.5	1.0	1.0	2	0.7663	0.2222	0.0115	1.2778	0.125	1.1562
L014899	control_nontr_sv	poa_spoa	6.0	166.833	109.5	0.3333	7.0	2	2	2	1.0	1.0	0.0	1.0	1.0	1.0	1.0	0.0	0.0	1.0	0.5455	1.0	1.0	0.0	0.0	0.0	0	0	0	0	1.0	1.0	1.0	1	1.0	0.0	0.0	1.0		
L015126	hotspot_other	poa_spoa	522.3	2.609	1.0	0.685	764.06	92	29	30	1.2124	1.3642	30.72	0.009	1.2765	1.4067	1.346	142.05	1.82	0.0	0.4545	1.2765	1.1245	14.21	0.71947	3578.54	0	0	0	12	0.0	0.0	1.0	0	0.4661	0.3062	0.1084	2.7806	0.3777	4.1726
L015223	control_vntr_matched	poa_spoa	89.03	16.8	4	0.3469	127.54	102	2	4	1.0165	1.0151	4.6	0.256	1.0194	1.0327	1.0325	21.03	0.21	6.0	5.6364	1.0194	1.0155	5.7	0.11593	221.29	0	0	0	0	0.0	1.0	1.0	6	0.9456	0.0226	0.0319	1.0256	0.0345	1.0948
L015285	control_vntr_correct	poa_spoa	8.95	112.0	1.0	0.5833	11.56	7	3	4	1.0049	1.0049	0.35	0.0997	1.0049	1.0	1.0	0.0	0.0	1.0	0.5152	1.0049	1.0	0.0	0.00744	7.83	0	0	0	0	1.0	1.0	1.0	1	0.9341	0.0019	0.064	1.0235	0.0139	1.1664
L015331	hotspot_vntr	poa_spoa	399.35	3.549	1.0	0.6674	558.63	150	23	30	1.0667	1.0729	16.75	0.0361	1.1058	1.1246	1.1807	67.61	0.72	4.0	4.2424	1.1058	1.0364	6.66	0.56138	1968.42	0	0	0	1	0.2222	1.0	1.0	12	0.2941	0.098	0.5997	3.7354	0.1197	4.1898
L015415	hotspot_vntr	poa_spoa	135.6	13.357	1	0.5038	189.5	58	8	14	1.0164	1.0157	9.17	0.1364	1.0281	1.0341	1.0287	38.8	0.33	6.0	6.4242	1.0281	1.0	0.0	0.2538	647.44	0	0	0	0	0.1739	1.0	1.0	13	0.2854	0.1261	0.5819	1.8596	0.1316	2.048
L015708	hotspot_other	poa_spoa	56.28	18.742	1	0.5276	78.73	52	5	24	1.2497	1.0476	6.21	0.1097	1.2062	1.2405	1.1985	16.47	0.16	0.0	0.0303	1.2062	1.4393	5.53	0.10878	148.83	2	0	2	3				0	0.5516	0.2817	0.1667	1.9887	0.4163	2.6293
L015743	control_vntr_correct	poa_spoa	6.68	150.062	1.0	0.5312	9.39	10	3	7	1.0033	1.0769	0.55	0.2377	1.0018	1.0064	1.0018	2.18	0.04	1.0	0.9697	1.0018	1.001	0.66	0.00365	3.76	1	0	1	2	1.0	1.0	1.0	1	0.4077	0.0476	0.5446	1.0843	0.0818	1.1342
L015847	hotspot_other	poa_spoa	182.56	5.677	2	0.4483	269.29	71	13	29	1.0974	1.1974	13.38	0.1514	1.0316	1.1268	1.0616	41.21	0.25	7.0	7.2121	1.0316	1.026	12.69	0.15428	287.48	0	0	0	39	0.0	1.0	1.0	7	0.5093	0.3981	0.0926	1.8799	0.7083	2.7506
L015904	hotspot_other	poa_spoa	998.71	2.812	1.0	0.6939	1522.64	71	24	33	1.1907	1.2508	57.13	0.0	1.1361	1.3587	1.3232	253.98	5.7	1.0	3.1212	1.1361	1.0322	10.9	0.687	6871.5	22	2	20	389	0.375	1.0	1.0	6	0.4314	0.2676	0.2809	2.4305	0.3636	2.8839
L016040	control_nontr_sv	poa_spoa	29.25	37.381	1	0.5714	37.6	7	2	4	1.0	1.0	0.0	1.0	1.0	1.0	1.0	0.0	0.0	1.0	0.5152	1.0	1.0	0.0	0.0	0.0	0	0	0	0	1.0	1.0	1.0	1	1.0	0.0	0.0	1.0		
L016062	control_vntr_correct	poa_spoa	14.07	74.568	1	0.5135	18.63	13	2	4	1.0007	1.0	0.02	0.95	1.0	1.0	1.0	0.0	0.0	1.0	0.5152	1.0	1.0019	0.02	0.02163	24.33	0	0	0	0	1.0	1.0	1.0	1	0.6968	0.0171	0.2861	1.0273	0.0286	1.0467
L016124	control_vntr_matched	poa_spoa	66.58	15.371	1.0	0.5323	89.93	86	3	6	1.0193	1.0188	1.21	0.2746	1.0196	1.0181	1.0183	3.17	0.0	0.0	0.4848	1.0196	1.0	0.0	0.10321	126.17	0	0	0	0	0.0	1.0	1.0	1	0.9752	0.0149	0.0075	1.0149	0.0	1.0
L016274	control_nontr_sv	poa_spoa	6.74	254.0	337	0.2	8.09	1	3	3	1.0	1.0	0.0	1.0	1.0	1.0	1.0	0.0	0.0	0.0	0.4242	1.0	1.0	0.0	0.0	0.0	0	0	0	0	1.0	1.0	1.0	1	0.9537	0.0463	0.0	1.0463	0.0	1.0
L016523	control_vntr_correct	poa_spoa	17.11	61.064	1	0.5319	23.3	15	2	12	1.0029	1.0	0.09	0.879	1.0037	1.0091	1.0116	0.61	0.0	0.0	0.4848	1.0037	1.3057	5.3	0.00512	5.82	0	0	0	0	1.0	1.0	1.0	1	0.9741	0.0219	0.004	1.0219	0.0909	1.0909
L016830	control_vntr_correct	poa_spoa	21.04	47.822	10	0.3564	29.37	20	4	7	1.0046	1.0043	1.22	0.3252	1.0096	1.0148	1.0117	7.93	0.0	4.0	3.5455	1.0096	1.0142	3.78	0.05854	66.24	1	1	0	1	0.25	1.0	1.0	6	0.8669	0.0833	0.0498	1.1196	0.1111	1.1985
L016870	hotspot_other	poa_spoa	247.32	5.527	2	0.452	360.78	152	11	20	1.009	1.0321	4.68	0.1864	1.0023	1.0258	1.011	27.83	0.3	8.0	7.3333	1.0023	1.0016	1.83	0.26479	626.98	0	0	0	0	0.0	1.0	1.0	8	0.9417	0.0583	0.0	1.1068	0.0435	1.1304
L016884	control_vntr_correct	poa_spoa	260.5	4.524	1.0	0.5476	385.02	48	25	28	1.0851	1.0692	14.5	0.056	1.1195	1.1509	1.2015	62.07	1.29	1.0	0.8788	1.1195	1.1035	12.13	0.30526	828.24	0	0	0	30	0.0	0.0	1.0	0	0.3846	0.4923	0.1231	2.6783	0.439	3.2461
L017097	control_nontr_sv	poa_spoa	66.93	32.059	1	0.6275	89.24	11	6	10	1.0025	1.0012	0.93	0.4393	1.0026	1.0	1.0	0.0	0.0	1.0	0.6364	1.0026	1.0	0.0	0.0	0.0	0	0	0	1	1.0	1.0	1.0	1	1.0	0.0	0.0	1.0	0.0	1.0
L017325	control_vntr_matched	poa_spoa	122.28	8.427	2	0.3883	180.13	32	18	24	1.0445	1.034	7.37	0.4029	1.032	1.1351	1.1426	49.21	0.97	14.0	13.3333	1.032	1.0149	9.51	0.36979	651.57	1	1	0	1	0.0	0.0	1.0	14	0.3279	0.4903	0.1753	1.8702	0.4444	2.0372
TR101140	control_vntr_matched	poa_spoa	191.76	6.824	1	0.6195	259.05	418	3	12	1.0275	1.0	3.1	0.5651	1.0273	1.0096	1.0068	2.7	0.02	0.0	1.1875	1.0273	1.0135	0.54	0.12014	251.49	0	0	0	0				0	0.6477	0.0344	0.2978	1.0751	0.0345	1.0754
TR368009	control_vntr_matched	poa_spoa	38.49	26.289	1.0	0.5427	52.26	151	3	6	1.0263	1.0	0.77	0.9122	1.0258	1.0053	1.0051	0.34	0.0	0.0	0.4848	1.0258	1.0017	0.02	0.0486	56.82	0	0	0	0				0	0.9678	0.0132	0.0177	1.0136	0.0927	1.0973
TR423938	control_vntr_matched	poa_spoa	3.99	250.889	286	0.4444	4.88	3	2	3	1.0	1.0	0.0	1.0	1.0	1.0	1.0	0.0	0.0	0.0	0.0303	1.0	1.0	0.0	0.00922	9.31	0	0	0	0				0	0.6528	0.0907	0.2565	1.092	0.1933	1.1967
TR424743	control_vntr_matched	poa_spoa	94.37	27.807	1	0.5045	131.9	108	6	19	1.0039	1.0009	1.78	0.2452	1.002	1.0106	1.0062	9.82	0.03	1.0	1.6364	1.002	1.0078	3.54	0.11116	336.88	0	0	0	0				0	0.2629	0.2927	0.4417	1.49	0.2292	1.5102
TR446002	control_vntr_matched	poa_spoa	10.8	92.84	2	0.4	14.26	6	3	5	1.0024	1.0	0.06	0.8698	1.0014	1.0	1.0	0.0	0.0	0.0	0.0303	1.0014	1.0	0.0	0.00409	4.32	1	1	0	1				0	1.0	0.0	0.0	1.0	0.0	1.0
TR455654	control_vntr_matched	poa_spoa	14.15	72.147	2.5	0.4412	20.39	10	3	7	1.0089	1.0	0.22	0.9065	1.0107	1.0068	1.0079	0.37	0.0	0.0	0.0303	1.0107	1.1511	1.09	0.00616	6.66	0	0	0	0				0	0.9432	0.0568	0.0	1.0926	0.25	1.25
TR460913	control_vntr_matched	poa_spoa	27.42	36.778	1.0	0.6111	35.8	12	2	7	1.0015	1.0	0.01	0.9904	1.0	1.002	1.0	0.03	0.0	0.0	0.0	1.0	1.0	0.0	0.01509	17.52	0	0	0	0				0	0.9163	0.0352	0.0485	1.0441	0.1569	1.1961
TR499275	control_vntr_matched	poa_spoa	6.9	145.167	1.0	0.5333	8.98	10	2	4	1.0	1.0	0.0	1.0	1.0	1.0	1.0	0.0	0.0	0.0	0.0	1.0	1.0	0.0	0.0	0.0	0	0	0	0				0	0.9701	0.0075	0.0224	1.0075	0.0	1.0
TR499276	control_vntr_matched	poa_spoa	8.92	112.4	1.0	0.675	11.6	13	2	5	1.0	1.0	0.0	1.0	1.0	1.0	1.0	0.0	0.0	0.0	0.0	1.0	1.0	0.0	0.0	0.0	0	0	0	0				0	1.0	0.0	0.0	1.0	0.0	1.0
TR573259	control_vntr_matched	poa_spoa	44.54	30.385	7.0	0.3846	62.69	54	2	4	1.0132	1.0	1.68	0.6562	1.0132	1.0065	1.0063	1.84	0.0	0.0	0.2121	1.0132	1.0071	0.08	0.10665	165.47	0	0	0	0				0	0.8035	0.079	0.1175	1.1135	0.1064	1.2315
TR668316	control_vntr_matched	poa_spoa	34.61	36.34	1.0	0.5189	47.01	24	4	13	1.0087	1.0	0.58	0.8129	1.0084	1.0179	1.0173	2.42	0.0	0.0	0.3448	1.0084	1.0	0.0	0.07167	102.84	0	0	0	0				0	0.3417	0.1825	0.4743	1.2932	0.1825	1.2932
TR687433	control_vntr_matched	poa_spoa	2.39	419.125	462.5	0.25	2.98	3	2	4	1.0	1.0	0.0	1.0	1.0	1.0	1.0	0.0	0.0	0.0	0.0909	1.0	1.0	0.0	0.0	0.0	1	0	1	1				0	0.6594	0.0034	0.3372	1.0315	0.006	1.0552
TR687489	control_vntr_matched	poa_spoa	4.39	228.083	2.0	0.5	5.49	4	2	2	1.0	1.0	0.0	1.0	1.0	1.0	1.0	0.0	0.0	0.0	0.0	1.0	1.0	0.0	0.0	0.0	0	0	0	0				0	0.8352	0.0	0.1648	1.0019	0.0	1.0034
TR724750	control_vntr_matched	poa_spoa	108.13	10.096	1.0	0.6211	145.4	112	2	4	1.0035	1.0	0.05	0.8507	1.0035	1.0023	1.0023	0.1	0.0	0.0	0.0	1.0035	1.0848	0.14	0.21876	329.75	0	0	0	0				0	0.6401	0.2004	0.1596	1.2292	0.2619	1.3288
TR743754	control_vntr_matched	poa_spoa	34.9	28.971	1.0	0.5098	47.21	30	5	9	1.0104	1.0	0.61	0.8367	1.0097	1.0266	1.0251	3.24	0.0	0.0	0.2121	1.0097	1.0	0.0	0.07581	89.29	0	0	0	0				0	0.5747	0.4061	0.0192	1.4732	0.3333	1.4722
TR831034	control_vntr_matched	poa_spoa	290.27	4.1	1.0	0.6412	418.74	499	8	27	1.331	1.2603	23.39	0.0587	1.3205	1.3151	1.327	67.16	0.79	1.0	1.6667	1.3205	3.6146	42.11	0.22205	620.22	3	3	0	28	0.0	0.0		1	0.8519	0.1481	0.0	1.1481	0.5625	1.5625
L000034	hotspot_vntr	poa_spoa__all	816.35	2.294	1	0.7058	1192.17	184	24	32	1.4278	1.4658	75.42	0.0089	1.3911	1.5841	1.545	277.59	7.39	0.0	0.6061	1.3911	1.3626	42.94	0.69864	4539.92	3	1	2	321	0.0	1.0	1.0	1	0.2449	0.5746	0.1727	3.3061	0.6195	3.7242
L000308	control_vntr_matched	poa_spoa__all	172.35	6.131	1.0	0.5169	239.78	225	3	9	1.0686	1.0624	16.94	0.169	1.1147	1.095	1.3302	60.66	1.72	3.0	3.4242	1.1147	1.0389	11.09	0.3028	475.66	0	0	0	0	0.4444	1.0	1.0	6	0.6314	0.3516	0.0151	1.47	0.4688	1.724
L000381	control_vntr_matched	poa_spoa__all	34.54	29.992	1.0	0.625	46.48	84	2	8	1.0281	1.0	0.19	0.8726	1.0394	1.0737	1.104	1.3	0.0	1.0	0.9697	1.0394	1.6978	12.92	0.01728	21.01	0	0	0	1	1.0	1.0	1.0	1	0.9867	0.0126	0.0	1.0126	0.0303	1.0312
L000407	control_vntr_correct	poa_spoa__all	52.17	20.07	3.0	0.4225	72.74	54	3	9	1.074	1.0	2.51	0.9034	1.0827	1.0994	1.0738	7.65	0.05	1.0	0.6364	1.0827	1.0986	1.91	0.118	146.22	0	0	0	0	0.0	1.0	1.0	1	0.7119	0.2881	0.0	1.2881	0.7426	1.7426
L000506	control_nontr_sv	poa_spoa__all	6.2	161.571	33	0.4286	8.86	1	5	5	1.0	1.0	0.0	1.0	1.0	1.0	1.0	0.0	0.0	0.0	0.4545	1.0	1.0	0.0	0.0	0.0	0	0	0	0	1.0	1.0	1.0	1	0.9145	0.0855	0.0	1.1966	0.3333	2.0
L000698	control_vntr_correct	poa_spoa__all	18.91	66.848	1.0	0.5455	26.36	20	6	9	1.0345	1.0	1.17	0.8147	1.0562	1.0092	1.0125	0.68	0.04	1.0	1.0	1.0562	1.1357	28.88	0.02554	34.67	0	0	0	0	0.6667	1.0	1.0	1	0.8674	0.0555	0.0771	1.0947	0.0286	1.1571
L000709	control_vntr_matched	poa_spoa__all	1.92	522.0	23.0	0.5	2.4	4	2	3	1.0	1.0	0.0	1.0	1.0	1.0	1.0	0.0	0.0	0.0	0.4545	1.0	1.0	0.0	0.0	0.0	4	0	4	4	1.0	1.0	1.0	1	0.9732	0.0095	0.0173	1.0095	0.0	1.0
L001491	control_vntr_correct	poa_spoa__all	277.73	5.32	1.0	0.5769	378.8	104	3	9	1.2043	1.2118	45.57	0.3232	1.21	1.4672	1.4786	219.5	1.47	2.0	1.0303	1.21	1.0265	4.63	0.20736	486.44	2	2	0	3	0.0	1.0	1.0	2	0.8622	0.0821	0.0352	1.0896	0.0488	1.0641
L001527	control_nontr_sv	poa_spoa__all	36.19	27.927	1	0.6098	52.07	9	10	12	1.0001	1.0	0.02	0.981	1.0	1.0	1.0	0.0	0.0	0.0	0.2727	1.0	1.0	0.0	0.0	0.0	0	0	0	0	1.0	1.0	1.0	1	0.9703	0.0297	0.0	1.1683	0.0	1.0
L001894	control_vntr_matched	poa_spoa__all	46.12	22.359	1.0	0.5403	63.3	85	3	5	1.0666	1.0	1.91	0.6814	1.2896	1.0933	1.1611	6.1	0.17	1.0	1.0909	1.2896	6.9312	30.74	0.0623	76.61	0	0	0	0	0.5	0.5		1	0.9632	0.034	0.0021	1.0347	0.2167	1.2167
L001899	control_vntr_matched	poa_spoa__all	208.78	5.614	1	0.5501	293.01	83	6	9	1.2657	1.1481	25.63	0.0314	1.2379	1.5831	1.5733	119.69	6.35	0.0	0.0606	1.2379	1.0971	5.63	0.45781	911.18	0	0	0	0	0.0	0.0	1.0	0	0.1522	0.613	0.2348	2.5984	0.5616	2.6523
L002096	hotspot_vntr	poa_spoa__all	638.07	3.544	1	0.6619	959.71	405	3	33	1.1471	1.1151	34.16	0.025	1.1045	1.4689	1.2927	233.95	3.28	4.0	6.8182	1.1045	1.0565	27.37	0.59028	3476.9	1	1	0	39	0.2308	0.2308	1.0	16	0.174	0.2083	0.598	2.5011	0.1748	2.706
L002143	hotspot_vntr	poa_spoa__all	299.65	4.213	1.0	0.6492	413.67	373	10	23	1.2207	1.0538	14.51	0.2683	1.3011	1.3543	1.3774	59.82	0.49	2.0	2.5758	1.3011	1.3277	8.47	0.56362	1649.82	2	0	2	72	0.1429	1.0	1.0	6	0.1837	0.4277	0.3848	3.0044	0.4046	3.4114
L002182	hotspot_vntr	poa_spoa__all	1036.85	2.569	1.0	0.7633	1528.89	64	26	32	1.0469	1.055	25.29	0.0089	1.0795	1.117	1.1461	132.75	4.58	2.0	5.1212	1.0795	1.0062	2.47	0.70454	7943.47	0	0	0	19	0.2222	1.0	1.0	13	0.3082	0.4018	0.284	3.2502	0.4808	3.7071
L002292	control_nontr_sv	poa_spoa__all	8.7	115.211	3	0.4737	12.37	3	4	6	1.0	1.0	0.0	1.0	1.0	1.0	1.0	0.0	0.0	0.0	0.4545	1.0	1.0	0.0	0.0	0.0	0	0	0	0	1.0	1.0	1.0	1	0.9839	0.0161	0.0	1.0482		
L002884	control_vntr_matched	poa_spoa__all	33.02	33.12	4	0.352	46.22	48	2	12	1.0266	1.0	0.3	0.9091	1.0401	1.1149	1.1971	3.02	0.04	1.0	1.0303	1.0401	1.0521	4.24	0.0548	68.94	2	0	2	2	0.0	1.0	1.0	1	0.6698	0.0957	0.2345	1.1157	0.086	1.1365
L002940	hotspot_other	poa_spoa__all	484.73	3.107	1	0.6941	713.15	101	25	26	1.1142	1.0771	35.59	0.0204	1.1788	1.2752	1.3561	193.5	3.3	0.0	1.7576	1.1788	1.1459	34.46	0.42793	1265.6	0	0	0	24	0.0	1.0	1.0	4	0.4939	0.3497	0.1442	2.3614	0.4837	2.9545
L003119	control_vntr_correct	poa_spoa__all	7.56	132.364	5.0	0.2727	11.0	9	2	6	1.0006	1.0	0.06	0.9297	1.0006	1.0142	1.0146	2.93	0.0	3.0	2.9091	1.0006	1.0005	0.23	0.01546	15.81	0	0	0	0	0.0	1.0	1.0	3	0.3278	0.1093	0.5629	1.1242	0.125	1.1531
L003171	control_nontr_sv	poa_spoa__all	11.28	88.917	47.5	0.5	14.1	4	2	2	1.003	1.003	1.11	0.0	1.003	1.0	1.0	0.0	0.0	1.0	1.0	1.003	1.0	0.0	0.0	0.0	0	0	0	0	1.0	1.0	1.0	1	1.0	0.0	0.0	1.0	0.0	1.0
L003672	control_vntr_correct	poa_spoa__all	133.95	7.87	1.0	0.5607	181.96	118	2	7	1.0222	1.0163	1.67	0.1618	1.0197	1.2974	1.2956	61.46	0.04	0.0	0.4848	1.0197	1.3712	7.2	0.22237	318.62	0	0	0	0	0.0	0.0	1.0	1	0.6729	0.2784	0.0487	1.319	0.4259	1.4969
L003695	hotspot_other	poa_spoa__all	200.45	6.678	2.0	0.4685	303.39	19	12	12	1.2396	1.3865	34.82	0.0	1.2533	1.4849	1.5553	160.36	2.18	0.0	0.0909	1.2533	1.2775	31.66	0.47593	1182.84	0	0	0	0	0.0	0.0	1.0	0	0.3315	0.3453	0.3204	2.7272	0.3977	3.1299
L003826	control_vntr_matched	poa_spoa__all	350.48	3.552	1	0.6183	494.65	64	27	33	1.5282	1.9274	41.23	0.0268	1.7771	1.7344	1.9126	141.95	1.45	0.0	0.2121	1.7771	2.1311	43.02	0.38336	1068.77	0	0	0	30	0.0	0.0		0	0.2668	0.5957	0.1348	3.3156	0.7326	4.0212
L003828	hotspot_other	poa_spoa__all	583.44	1.935	1	0.7499	968.63	60	24	26	1.1103	1.1776	47.56	0.0073	1.0301	1.618	1.3611	545.92	10.73	16.0	13.2727	1.0301	1.0146	13.5	0.59267	1761.28	0	0	0	48	0.0667	1.0	1.0	24	0.3966	0.3534	0.25	4.0453	0.2444	3.6112
L003872	control_vntr_matched	poa_spoa__all	120.14	8.676	2	0.4225	170.56	93	3	7	1.082	1.0722	8.18	0.0956	1.0378	1.1395	1.1106	41.14	0.29	0.0	0.1818	1.0378	1.5284	17.53	0.11493	176.65	0	0	0	0	0.0	0.0	1.0	0	0.901	0.097	0.0	1.0972	0.1531	1.1531
L003883	control_nontr_sv	poa_spoa__all	32.61	137.852	1	0.5926	42.27	2	3	3	1.0003	1.0003	0.4	0.0525	1.0003	1.0	1.0	0.0	0.0	1.0	0.5152	1.0003	1.0	0.0	0.0	0.0	0	0	0	0	1.0	1.0	1.0	1	0.9974	0.0026	0.0	1.0026	0.0	1.0
L004021	control_vntr_matched	poa_spoa__all	101.85	10.11	1.0	0.5596	139.98	180	5	20	1.1036	1.0	4.9	0.7189	1.0525	1.288	1.1654	28.46	0.07	1.0	2.0909	1.0525	1.0331	1.12	0.14641	193.1	0	0	0	1	1.0	1.0	1.0	1	0.7619	0.2363	0.0	1.2385	0.1897	1.1964
L004620	control_nontr_sv	poa_spoa__all	11.32	88.545	6	0.4545	14.4	3	3	5	1.0002	1.0	0.06	0.9494	1.0032	1.0004	1.0063	0.25	0.0	1.0	0.5152	1.0032	1.0	0.0	0.0	0.0	0	0	0	0	1.0	1.0	1.0	1	0.9531	0.0469	0.0	1.0469	0.0	1.0
L004848	hotspot_other	poa_spoa__all	853.35	1.77	1.0	0.8081	1322.26	141	23	30	1.1974	1.276	43.42	0.0	1.1283	1.5717	1.4384	301.76	5.0	0.0	0.2727	1.1283	1.0326	8.79	0.7453	5477.46	0	0	0	99	0.0	0.0		0	0.343	0.3264	0.1777	3.08	0.3	3.2511
L004989	hotspot_other	poa_spoa__all	449.94	2.906	1	0.7231	720.24	89	17	29	1.2918	1.3361	57.9	0.0018	1.1264	1.6299	1.3778	288.01	4.8	2.0	1.4545	1.1264	1.0871	30.07	0.56367	1880.98	0	0	0	88	0.3333	1.0	1.0	3	0.5302	0.2282	0.2282	2.0656	0.3133	2.636
L005064	hotspot_other	poa_spoa__all	571.52	2.477	1.0	0.6433	904.65	305	9	29	1.2796	1.4851	48.69	0.0378	1.3427	1.9489	2.1365	360.99	2.55	0.0	0.697	1.3427	1.2375	23.89	0.67105	2884.17	0	0	0	60	0.0	0.0	1.0	0	0.2753	0.4281	0.2735	2.9546	0.3418	4.2441
L005261	hotspot_other	poa_spoa__all	1247.96	2.371	1.0	0.6269	1882.42	88	16	26	1.0621	1.0771	24.68	0.0037	1.0324	1.283	1.2149	236.15	7.79	1.0	2.1515	1.0324	1.0072	2.88	0.73157	7509.9	17	16	1	146	0.0	1.0	1.0	6	0.4286	0.4762	0.0909	2.5101	0.5926	2.9377
L005411	hotspot_vntr	poa_spoa__all	327.56	3.377	1	0.6641	468.13	379	24	33	1.364	1.623	24.6	0.0304	1.1517	1.847	1.3608	152.37	1.04	7.0	7.5758	1.1517	1.0725	14.43	0.71989	2820.87	0	0	0	157	0.125	0.7895	1.0	12	0.1522	0.6016	0.2279	5.7895	0.6359	6.0518
L005481	hotspot_vntr	poa_spoa__all	403.25	3.246	1	0.6787	576.21	93	14	23	1.3734	2.7593	43.48	0.0428	1.3225	1.7459	1.4868	184.15	1.15	0.0	0.3939	1.3225	1.2278	30.14	0.62667	2054.01	5	0	5	71	0.0	0.0	1.0	0	0.2178	0.4327	0.3295	3.5865	0.4078	4.2705
L005618	hotspot_other	poa_spoa__all	723.62	1.853	1.0	0.7519	1128.7	195	17	32	1.2378	1.3046	59.32	0.0	1.1934	1.554	1.5142	331.15	6.17	1.0	1.5758	1.1934	1.0953	23.13	0.78463	5892.8	36	0	36	304	0.4138	1.0	1.0	10	0.5477	0.2246	0.1477	2.2832	0.3514	3.105
L005688	control_nontr_sv	poa_spoa__all	174.16	8.145	1.0	0.6129	234.55	39	3	5	1.0167	1.0172	3.56	0.3571	1.0167	1.006	1.006	3.05	0.03	1.0	0.8182	1.0167	1.0158	4.01	0.0	0.0	0	0	0	0	1.0	1.0	1.0	1	1.0	0.0	0.0	1.0	0.0	1.0
L005990	hotspot_vntr	poa_spoa__all	346.36	5.437	1.0	0.5443	548.27	370	10	32	1.2198	1.4304	35.86	0.0181	1.1431	1.6107	1.3436	211.37	1.79	3.0	5.2903	1.1431	1.1344	30.06	0.51317	1987.53	42	42	0	238	0.0	1.0	1.0	1	0.4108	0.1431	0.4293	2.7344	0.163	3.6527
L006556	control_nontr_sv	poa_spoa__all	16.2	62.0	1	0.5333	20.52	4	3	4	1.0033	1.0033	1.12	0.1373	1.0033	1.0	1.0	0.0	0.0	1.0	0.5152	1.0033	1.0	0.0	0.0	0.0	0	0	0	0	1.0	1.0	1.0	1	0.9846	0.0154	0.0	1.0154	0.0	1.0
L006952	hotspot_vntr	poa_spoa__all	797.34	1.962	1.0	0.6336	1202.25	21	24	28	1.0301	1.0148	18.65	0.0204	1.0525	1.1259	1.1691	161.72	3.5	5.0	3.2121	1.0525	1.0063	3.08	0.76833	5655.85	1	1	0	30	0.3636	1.0	1.0	7	0.4717	0.283	0.0717	2.4657	0.2485	2.7533
L007033	control_vntr_correct	poa_spoa__all	22.08	48.429	2.5	0.4464	29.97	6	3	3	1.0008	1.0009	0.98	0.0	1.0006	1.0021	1.0024	5.34	0.0	3.0	2.9394	1.0006	1.0	0.0	0.05939	68.61	0	0	0	0	0.5	1.0	1.0	3	0.9412	0.0392	0.0196	1.049	0.0	1.25
L007065	control_vntr_matched	poa_spoa__all	58.3	17.698	1.0	0.5403	79.92	79	4	9	1.0218	1.0	1.28	0.8342	1.0183	1.0698	1.0577	8.37	0.02	1.0	0.9697	1.0183	1.0	0.0	0.16186	205.69	0	0	0	0	1.0	1.0	1.0	1	0.7568	0.2328	0.0104	1.2384	0.3462	1.4359
L007161	hotspot_other	poa_spoa__all	543.26	2.206	1.0	0.6947	820.06	307	3	25	1.297	1.3336	46.62	0.1204	1.4419	1.6872	1.7829	293.55	3.35	0.0	0.7576	1.4419	1.2701	31.52	0.5916	2036.5	0	0	0	0	0.0	1.0	1.0	1	0.4068	0.2833	0.293	2.0636	0.2534	2.667
L007172	control_vntr_matched	poa_spoa__all	342.31	3.903	1.0	0.5845	497.84	189	5	11	1.4305	1.3053	77.31	0.0711	1.591	1.8467	2.1056	321.29	1.93	1.0	0.9394	1.591	1.4526	40.18	0.43461	1148.55	0	0	0	0	0.0	0.0	1.0	1	0.2867	0.397	0.3114	1.7788	0.2147	2.1161
L007184	hotspot_other	poa_spoa__all	122.01	8.557	1.0	0.5127	181.47	21	17	21	1.1722	1.0613	32.38	0.0974	1.0311	1.2555	1.1075	103.07	1.0	2.0	2.2424	1.0311	1.0235	7.43	0.19083	298.84	0	0	0	8	0.0	1.0	1.0	4	0.6786	0.1339	0.1786	1.462	0.2222	2.0503
L007192	control_nontr_sv	poa_spoa__all	30.66	44.333	1	0.5714	43.8	5	6	11	1.0001	1.0	0.01	0.9903	1.0	1.0018	1.0015	0.61	0.0	0.0	0.2424	1.0	1.0	0.0	0.0109	16.06	0	0	0	0	1.0	1.0	1.0	1	0.9204	0.0796	0.0	1.2212	0.4444	2.3333
L007480	hotspot_other	poa_spoa__all	647.3	3.417	1.0	0.7683	914.05	26	11	21	1.0824	1.1253	24.58	0.0176	1.1131	1.1894	1.2427	117.64	1.35	4.0	3.2727	1.1131	1.0089	2.31	0.52647	2481.92	0	0	0	61	0.0	1.0	1.0	4	0.414	0.247	0.3341	2.5192	0.2698	2.9909
L007687	control_vntr_matched	poa_spoa__all	141.78	8.019	1	0.6107	192.82	112	3	10	1.0731	1.0349	5.76	0.2257	1.058	1.1423	1.1369	23.52	0.13	3.0	1.7879	1.058	1.0657	2.84	0.31567	540.64	0	0	0	0	0.0	1.0	1.0	3	0.5339	0.3567	0.1072	1.5159	0.3077	1.6212
L007717	control_vntr_matched	poa_spoa__all	177.81	6.02	2	0.4752	252.15	261	6	21	1.0895	1.0314	5.57	0.3065	1.0716	1.2004	1.1421	30.47	0.29	0.0	0.9697	1.0716	1.2222	8.92	0.28078	506.55	2	2	0	2	0.0	1.0	1.0	2	0.5103	0.4704	0.0151	1.4989	0.3182	1.5016
L007844	hotspot_other	poa_spoa__all	2058.85	1.45	1	0.8256	3148.39	112	34	34	1.1715	1.1991	63.54	0.0	1.1611	1.4345	1.4314	377.06	8.46	1.0	2.0303	1.1611	1.0031	1.15	0.84972	18850.6	458	458	0	724	0.25	1.0	1.0	8	0.1915	0.4901	0.2197	3.8854	0.4591	4.1644
L008216	hotspot_vntr	poa_spoa__all	241.9	5.228	1.0	0.645	334.11	73	19	21	1.3415	1.4116	48.08	0.0502	1.3297	1.3695	1.324	118.72	0.24	2.0	2.8485	1.3297	1.5576	53.32	0.47172	1231.54	1	1	0	1	0.25	1.0	1.0	4	0.3071	0.4438	0.2491	2.5132	0.4411	2.701
L008631	control_nontr_sv	poa_spoa__all	19.91	74.286	3.5	0.4286	28.45	3	6	8	1.0	1.0	0.0	1.0	1.0	1.0	1.0	0.0	0.0	0.0	0.1818	1.0	1.0	0.0	0.0	0.0	0	0	0	0	1.0	1.0	1.0	1	0.9139	0.0861	0.0	1.2185	0.1282	1.4615
L008864	hotspot_vntr	poa_spoa__all	2058.66	2.827	1	0.6781	3272.64	288	16	28	1.089	1.1839	49.81	0.0	1.1404	1.2889	1.3761	346.91	6.99	0.0	3.9697	1.1404	1.0875	36.85	0.66859	12211.64	20	20	0	703	0.0909	1.0	1.0	14	0.2075	0.3913	0.3933	3.6322	0.4071	4.1006
L008877	hotspot_other	poa_spoa__all	1568.29	2.0	1.0	0.7565	2568.29	339	25	30	1.3333	1.4215	81.57	0.0018	1.1006	1.8291	1.4299	495.54	8.85	4.0	5.5152	1.1006	1.0517	23.35	0.68091	7619.28	4	3	1	178	0.2143	1.0	1.0	17	0.3042	0.3141	0.3451	2.6101	0.3581	2.9722
L008887	control_vntr_correct	poa_spoa__all	34.34	33.315	4	0.427	48.23	35	2	7	1.0203	1.0	0.26	0.9063	1.0235	1.1312	1.1689	3.94	0.0	1.0	1.0	1.0235	1.0087	1.12	0.08187	106.48	0	0	0	0	0.0	1.0	1.0	1	0.8689	0.1106	0.0205	1.1193	0.0455	1.1894
L008902	control_vntr_correct	poa_spoa__all	123.58	8.819	1.0	0.5661	170.81	118	3	7	1.056	1.0364	3.33	0.1485	1.2762	1.2103	1.4214	41.78	0.02	1.0	1.0	1.2762	1.685	21.17	0.10891	164.06	0	0	0	0	1.0	1.0	1.0	2	0.9594	0.03	0.0088	1.0327	0.0909	1.1364
L009283	control_nontr_sv	poa_spoa__all	19.13	52.533	1	0.5333	24.23	5	2	4	1.0078	1.0074	1.17	0.1933	1.0074	1.0	1.0	0.0	0.0	0.0	0.4848	1.0074	1.0	0.0	0.0	0.0	0	0	0	0	1.0	1.0	1.0	1	1.0	0.0	0.0	1.0	0.0	1.0
L009398	hotspot_vntr	poa_spoa__all	107.12	9.928	2	0.3589	155.82	23	23	25	1.0256	1.0184	9.13	0.0678	1.0262	1.0616	1.0626	45.3	1.84	1.5	2.2188	1.0262	1.0035	1.03	0.27988	442.85	0	0	0	63	0.4444	1.0	1.0	6	0.1833	0.4222	0.3889	2.9328	0.4155	3.2244
L009600	control_nontr_sv	poa_spoa__all	2.96	372.333	409	0.0	2.96	1	2	2	1.0	1.0	0.0	1.0	1.0	1.0	1.0	0.0	0.0	1.0	1.0	1.0	1.0	0.0	0.0	0.0	0	0	0	0	1.0	1.0	1.0	1	1.0	0.0	0.0	1.0	0.0	1.0
L009656	hotspot_vntr	poa_spoa__all	484.42	3.013	1	0.6247	708.08	4	26	26	1.1143	1.3659	28.22	0.0256	1.328	1.3098	1.6484	164.87	1.79	0.0	0.9394	1.328	1.2998	47.91	0.60044	2336.57	0	0	0	0	0.0	0.0	1.0	1	0.3449	0.252	0.3949	1.989	0.2231	2.2906
L009770	control_vntr_matched	poa_spoa__all	84.37	12.218	2	0.4608	115.34	111	3	7	1.0535	1.0047	6.18	0.4754	1.0199	1.1483	1.0738	34.79	0.31	4.0	4.1212	1.0199	1.0	0.0	0.22459	301.15	0	0	0	0	0.0	0.0	1.0	4	0.5332	0.2718	0.1951	1.3779	0.1875	1.5548
L009771	control_vntr_correct	poa_spoa__all	10.24	107.25	10.5	0.5	12.8	4	2	2	1.0	1.0	0.0	1.0	1.0	1.0	1.0	0.0	0.0	1.0	1.0	1.0	1.0	0.0	0.01413	16.21	0	0	0	0	1.0	1.0	1.0	1	0.9505	0.0495	0.0	1.0495	0.25	1.25
L009803	hotspot_vntr	poa_spoa__all	690.46	1.818	1.0	0.7768	992.78	276	26	30	1.0917	1.1198	42.74	0.0	1.0643	1.2025	1.1817	205.08	5.26	13.0	9.8485	1.0643	1.0003	0.19	0.79903	5000.98	0	0	0	370	0.32	1.0	1.0	11	0.3648	0.3571	0.273	2.8791	0.4007	3.1502
L009885	control_vntr_correct	poa_spoa__all	56.85	18.093	2	0.443	81.55	27	17	17	1.0945	1.027	6.65	0.4283	1.1937	1.1557	1.3143	22.62	0.05	0.0	0.0909	1.1937	1.2515	16.69	0.10742	136.48	0	0	0	0	0.0	0.0	1.0	0	0.6847	0.2994	0.0096	1.4318	0.5435	1.8855
L010060	hotspot_other	poa_spoa__all	634.54	2.536	1	0.7022	933.25	112	10	24	1.5627	1.6368	82.61	0.0129	1.6889	2.0581	2.1897	349.45	3.72	1.0	1.2121	1.6889	1.6488	61.42	0.56618	2173.55	0	0	0	0	0.0	0.0	1.0	1	0.3399	0.5178	0.1265	2.9859	0.6838	4.1739
L010113	control_vntr_correct	poa_spoa__all	24.65	41.122	1.0	0.527	33.31	26	2	8	1.0805	1.08	2.08	0.2159	1.0778	1.1746	1.1616	10.13	0.01	0.0	0.0	1.0778	1.0	0.0	0.04932	55.3	0	0	0	0	0.0	0.0	1.0	0	0.9222	0.0643	0.0135	1.065	0.0909	1.101
L010350	control_vntr_matched	poa_spoa__all	5.96	172.886	1.0	0.6136	7.86	15	2	11	1.0	1.0	0.0	1.0	1.0	1.0	1.0	0.0	0.0	1.0	0.6364	1.0	1.0	0.0	0.0	0.0	0	0	0	0	1.0	1.0	1.0	1	0.9709	0.0073	0.0218	1.0094	0.0333	1.0667
L010452	control_nontr_sv	poa_spoa__all	11.21	96.0	13	0.4444	13.7	3	2	2	1.0	1.0	0.0	1.0	1.0	1.0	1.0	0.0	0.0	1.0	0.9697	1.0	1.0	0.0	0.0	0.0	0	0	0	0	1.0	1.0	1.0	1	1.0	0.0	0.0	1.0	0.0	1.0
L010508	control_vntr_correct	poa_spoa__all	14.74	69.481	1.0	0.5769	19.56	18	2	11	1.0023	1.0	0.03	0.9956	1.0007	1.0014	1.0	0.04	0.0	1.0	0.5152	1.0007	1.125	1.2	0.00383	4.25	0	0	0	0	1.0	1.0	1.0	1	0.9841	0.0111	0.0048	1.0111	0.0333	1.0333
L011121	control_vntr_correct	poa_spoa__all	149.75	7.945	1.0	0.5733	201.49	89	5	10	1.057	1.0	3.31	0.7994	1.2688	1.1209	1.5528	14.69	0.1	1.0	0.9697	1.2688	1.0006	0.07	0.25	429.24	0	0	0	0	0.0	1.0	1.0	1	0.6082	0.3414	0.0485	1.3656	0.2192	1.2772
L011224	control_vntr_correct	poa_spoa__all	157.94	8.01	1	0.5307	220.02	127	3	13	1.2066	1.2019	26.18	0.2352	1.1895	1.4702	1.456	132.36	0.53	2.0	1.9697	1.1895	1.0877	8.33	0.15323	272.8	1	0	1	1	0.3333	1.0	1.0	4	0.7122	0.1205	0.1655	1.1587	0.0609	1.177
L011227	control_vntr_matched	poa_spoa__all	99.36	12.167	1	0.5738	138.94	90	3	11	1.3024	1.1941	15.7	0.2664	1.2505	1.409	1.3852	47.09	0.16	1.0	0.6667	1.2505	1.1862	5.53	0.25076	412.95	0	0	0	0	1.0	1.0	1.0	1	0.5	0.1565	0.3359	1.4504	0.2387	1.8087
L011430	control_vntr_matched	poa_spoa__all	156.92	6.899	2	0.4201	227.79	172	5	13	1.268	1.2919	13.28	0.2046	1.1601	1.369	1.2527	51.49	1.16	0.0	0.0303	1.1601	1.8409	22.8	0.29549	506.65	0	0	0	0	0.0	0.0	1.0	0	0.7282	0.2262	0.0258	1.3362	0.5043	1.7464
L011463	hotspot_vntr	poa_spoa__all	307.25	3.901	1.0	0.5919	437.22	433	7	27	1.339	1.2929	50.12	0.0688	1.3921	1.339	1.4579	148.75	3.74	6.0	5.1818	1.3921	1.4469	89.12	0.30934	662.3	28	0	28	64	0.2105	1.0	1.0	9	0.5364	0.3736	0.09	1.6894	0.463	2.1196
L011931	control_nontr_sv	poa_spoa__all	24.87	76.208	2.0	0.5	35.23	4	8	8	1.0012	1.0012	0.49	0.2684	1.0012	1.0	1.0	0.0	0.0	1.0	0.5152	1.0012	1.0	0.0	0.0	0.0	0	0	0	0	1.0	1.0	1.0	1	0.9783	0.0217	0.0	1.0652	0.0	1.0
L012256	hotspot_other	poa_spoa__all	251.01	4.905	1	0.5025	373.36	162	13	30	1.0619	1.0365	19.26	0.1835	1.0825	1.158	1.215	104.28	0.65	3.0	3.8485	1.0825	1.0764	19.54	0.36294	737.13	1	0	1	7	0.4	1.0	1.0	10	0.4914	0.2113	0.2875	2.133	0.2864	2.684
L012313	control_vntr_matched	poa_spoa__all	21.57	47.623	1	0.6087	29.07	21	4	14	1.0653	1.0	1.59	0.8873	1.3288	1.0004	1.0	0.02	0.0	2.0	1.6364	1.3288	2.3528	25.55	0.01118	12.82	1	1	0	1	1.0	1.0	1.0	2	0.8717	0.0572	0.0711	1.0634	0.042	1.042
L012489	hotspot_other	poa_spoa__all	375.53	3.417	1.0	0.6496	555.48	163	23	30	1.2998	1.2855	37.53	0.018	1.3457	1.3882	1.5098	142.29	1.81	0.0	0.7576	1.3457	1.6204	43.04	0.30742	857.75	0	0	0	15	0.5	0.5	1.0	1	0.4208	0.4556	0.1236	2.3315	0.6042	3.0268
L012530	control_nontr_sv	poa_spoa__all	28.28	35.727	1.5	0.5	37.28	7	3	7	1.0	1.0	0.0	1.0	1.0	1.0	1.0	0.0	0.0	0.0	0.4848	1.0	1.0345	2.58	0.0	0.0	0	0	0	0	1.0	1.0	1.0	1	0.9355	0.0645	0.0	1.0645		
L013000	control_vntr_correct	poa_spoa__all	37.62	27.366	1	0.5404	53.27	1	22	22	1.1594	1.1722	14.51	0.3133	1.0832	1.1685	1.0873	32.35	0.14	5.0	4.8788	1.0832	1.1046	23.9	0.06186	76.64	1	1	0	2	0.0	1.0	1.0	5	0.719	0.0826	0.157	1.1343	0.0796	1.1304
L013064	hotspot_other	poa_spoa__all	489.18	2.971	1.0	0.6049	746.35	242	11	32	1.6789	1.8197	58.53	0.0519	1.4947	1.8629	1.8019	241.17	4.05	0.0	0.0	1.4947	1.4522	68.23	0.5243	1965.27	3	3	0	84	0.0	0.0		0	0.5116	0.4709	0.0174	1.7238	0.7442	2.5465
L013074	control_vntr_correct	poa_spoa__all	3.95	253.778	1	0.5926	5.11	9	2	3	1.0015	1.0	0.43	0.8675	1.0015	1.0	1.0	0.0	0.0	1.0	1.0	1.0015	1.0	0.0	0.00171	1.75	0	0	0	0	1.0	1.0	1.0	1	0.9976	0.0	0.0	1.0	0.0	1.0
L013399	control_nontr_sv	poa_spoa__all	9.12	239.833	167.5	0.3333	10.64	2	2	3	1.0	1.0	0.0	1.0	1.0	1.0	1.0	0.0	0.0	1.0	0.7879	1.0	1.0	0.0	0.0	0.0	0	0	0	0	1.0	1.0	1.0	1	0.9957	0.0043	0.0	1.0043	0.0	1.0
L013531	hotspot_other	poa_spoa__all	464.07	2.871	1.0	0.6664	752.29	35	20	21	1.1881	1.258	42.84	0.0	1.0826	1.5035	1.3656	254.43	4.98	3.0	2.8485	1.0826	1.0519	22.65	0.57391	2004.97	0	0	0	29	0.3636	1.0	1.0	6	0.4216	0.3431	0.1176	2.2959	0.4286	3.7843
L014111	control_vntr_matched	poa_spoa__all	53.61	19.398	1.0	0.5354	72.58	72	3	4	1.0762	1.0629	4.83	0.1599	1.0784	1.0788	1.0805	13.54	0.0	1.0	0.5455	1.0784	3.9565	24.05	0.04603	58.59	0	0	0	0	0.6667	0.6667		1	0.997	0.0015	0.0	1.0015	0.0	1.0
L014160	hotspot_vntr	poa_spoa__all	526.51	2.459	1	0.6787	765.69	329	24	34	1.3504	1.45	67.7	0.0107	1.4795	1.6248	1.6751	302.97	4.45	2.0	2.5152	1.4795	1.4425	68.54	0.56208	1914.85	2	0	2	32	0.1818	1.0	1.0	3	0.3969	0.5551	0.0466	2.188	0.6507	3.1198
L014181	control_vntr_matched	poa_spoa__all	153.28	7.191	1.0	0.5121	211.42	211	2	5	1.1238	1.1284	14.71	0.2381	1.167	1.2504	1.3136	66.13	0.76	2.0	2.1515	1.167	1.0808	4.77	0.23675	358.88	0	0	0	0	0.0	1.0	1.0	2	0.6634	0.25	0.0824	1.303	0.4	1.5085
L014210	hotspot_vntr	poa_spoa__all	310.08	4.151	1.0	0.6179	428.57	434	7	13	1.1157	1.11	30.05	0.0879	1.1295	1.2145	1.196	129.37	2.89	10.0	9.0606	1.1295	1.0779	14.9	0.54178	1699.73	4	0	4	27	0.2778	1.0	1.0	15	0.1173	0.5291	0.347	2.4678	0.5243	2.6058
L014297	hotspot_vntr	poa_spoa__all	226.1	4.786	2	0.4479	313.75	70	12	15	1.1084	1.1008	21.78	0.0744	1.0747	1.2818	1.1823	117.63	2.05	2.0	3.0303	1.0747	1.0009	0.37	0.51055	1172.97	0	0	0	0	0.25	0.25	1.0	3	0.2425	0.412	0.3322	3.2295	0.3587	3.6338
L014324	control_vntr_correct	poa_spoa__all	123.71	9.875	1	0.6302	167.86	103	2	6	1.1424	1.1419	13.9	0.3871	1.1412	1.3854	1.3681	77.71	0.86	2.0	1.8788	1.1412	1.0278	4.33	0.31981	570.8	0	0	0	0	0.0	0.0	1.0	2	0.3165	0.5899	0.0935	1.8433	0.6063	1.9742
L014358	hotspot_vntr	poa_spoa__all	369.27	5.395	1.0	0.5611	546.86	21	31	31	1.0447	1.0541	13.83	0.0251	1.0423	1.1014	1.1039	66.52	1.6	1.0	1.3636	1.0423	1.0378	9.77	0.46789	2023.26	3	0	3	239	0.5	1.0	1.0	5	0.2143	0.1627	0.623	3.21	0.1591	3.5963
L014426	control_vntr_correct	poa_spoa__all	69.99	14.492	2.0	0.4091	99.15	44	4	9	1.0344	1.0333	7.0	0.3018	1.03	1.1393	1.1409	59.91	0.41	0.0	0.9394	1.03	1.0073	1.07	0.13001	163.31	1	1	0	1	0.5	1.0	1.0	2	0.751	0.2375	0.0115	1.295	0.125	1.1875
L014899	control_nontr_sv	poa_spoa__all	6.0	166.833	109.5	0.3333	7.0	2	2	2	1.0	1.0	0.0	1.0	1.0	1.0	1.0	0.0	0.0	1.0	0.5455	1.0	1.0	0.0	0.0	0.0	0	0	0	0	1.0	1.0	1.0	1	1.0	0.0	0.0	1.0		
L015126	hotspot_other	poa_spoa__all	750.48	2.002	1.0	0.7476	1149.0	118	24	30	1.3114	1.5288	45.05	0.0	1.3453	1.686	1.5557	239.59	3.99	0.0	0.2727	1.3453	1.1345	15.35	0.80207	5654.17	0	0	0	12	0.0	0.0	1.0	0	0.4363	0.336	0.1084	3.6222	0.3936	5.6284
L015223	control_vntr_matched	poa_spoa__all	88.66	16.873	4.0	0.3443	127.18	103	2	4	1.0189	1.0159	5.25	0.24	1.0249	1.0393	1.0382	25.28	0.07	7.0	6.5758	1.0249	1.022	8.07	0.11812	226.02	0	0	0	0	0.0	1.0	1.0	7	0.9402	0.0279	0.0319	1.0309	0.069	1.1293
L015285	control_vntr_correct	poa_spoa__all	39.16	25.81	1	0.5619	52.97	38	2	4	1.1125	1.1122	8.04	0.0997	1.1122	1.3306	1.3302	49.61	0.0	1.0	0.5152	1.1122	1.0	0.0	0.08191	93.25	0	0	0	0	0.0	1.0	1.0	1	0.8606	0.0753	0.064	1.0988	0.0833	1.2428
L015331	hotspot_vntr	poa_spoa__all	524.03	2.821	1	0.7067	739.03	210	25	30	1.0986	1.1074	24.76	0.0397	1.1321	1.2099	1.2806	113.9	1.35	2.0	2.1515	1.1321	1.0172	3.14	0.6145	2451.59	0	0	0	1	0.3636	1.0	1.0	5	0.165	0.2271	0.5997	4.9044	0.2115	5.4908
L015415	hotspot_vntr	poa_spoa__all	283.56	6.62	1.0	0.6102	397.53	77	10	14	1.0239	1.0146	13.4	0.0496	1.0418	1.0628	1.0665	71.38	2.21	12.0	14.1515	1.0418	1.0005	0.23	0.44478	1524.89	0	0	0	0	0.3784	1.0	1.0	27	0.2412	0.1704	0.5819	2.9983	0.1842	3.4682
L015708	hotspot_other	poa_spoa__all	66.3	16.255	2.0	0.4792	92.89	66	4	24	1.4848	1.1157	12.07	0.0603	1.6141	1.4844	1.5713	33.17	0.17	0.0	0.303	1.6141	2.0666	13.44	0.16188	235.5	2	0	2	3	0.0	0.0		1	0.4648	0.3685	0.1667	2.461	0.4898	3.3648
L015743	control_vntr_correct	poa_spoa__all	7.3	137.2	1	0.6	10.43	11	4	7	1.0034	1.0769	0.57	0.2377	1.0019	1.0111	1.0022	3.8	0.0	1.0	0.9697	1.0019	1.001	0.66	0.00385	3.96	1	0	1	2	1.0	1.0	1.0	2	0.4077	0.0476	0.5446	1.06	0.0818	1.0891
L015847	hotspot_other	poa_spoa__all	361.62	3.048	1	0.6041	536.72	143	10	29	1.2331	1.3333	32.03	0.0901	1.1399	1.476	1.3144	154.68	3.05	6.0	6.3939	1.1399	1.0723	35.26	0.24472	510.61	0	0	0	39	0.0	1.0	1.0	5	0.3889	0.5185	0.0926	2.3717	0.7708	3.5238
L015904	hotspot_other	poa_spoa__all	1908.15	1.724	1	0.8206	3105.22	104	30	33	1.2903	1.4152	86.98	0.0	1.2323	1.7364	1.7186	521.37	12.85	0.0	0.697	1.2323	1.0714	24.2	0.82516	14775.33	0	0	0	389	0.0	0.0	1.0	0	0.296	0.403	0.2809	4.0433	0.4939	4.9907
L016040	control_nontr_sv	poa_spoa__all	29.25	37.381	1	0.5714	37.6	7	2	4	1.0	1.0	0.0	1.0	1.0	1.0	1.0	0.0	0.0	1.0	0.5152	1.0	1.0	0.0	0.0	0.0	0	0	0	0	1.0	1.0	1.0	1	1.0	0.0	0.0	1.0		
L016062	control_vntr_correct	poa_spoa__all	91.25	11.787	1.0	0.6542	122.43	76	3	4	1.4189	1.4426	10.94	0.0469	1.4375	1.7892	1.819	44.9	0.38	1.0	0.5152	1.4375	1.0094	0.12	0.25921	385.17	0	0	0	0	1.0	1.0	1.0	1	0.3936	0.3203	0.2861	1.5834	0.3619	1.8408
L016124	control_vntr_matched	poa_spoa__all	78.12	13.186	1	0.5498	104.7	99	2	6	1.0896	1.0878	5.62	0.2746	1.0909	1.0989	1.1001	17.34	0.6	0.0	0.4848	1.0909	1.0	0.0	0.11314	139.87	0	0	0	0	0.0	1.0	1.0	1	0.9702	0.0199	0.0075	1.0199	0.0	1.0
L016274	control_nontr_sv	poa_spoa__all	6.74	254.0	337	0.2	8.09	1	3	3	1.0	1.0	0.0	1.0	1.0	1.0	1.0	0.0	0.0	0.0	0.4242	1.0	1.0	0.0	0.0	0.0	0	0	0	0	1.0	1.0	1.0	1	0.9537	0.0463	0.0	1.0463	0.0	1.0
L016523	control_vntr_correct	poa_spoa__all	32.76	32.056	2.0	0.4778	44.78	31	2	12	1.1208	1.125	3.66	0.257	1.1209	1.3496	1.3493	23.37	0.0	0.0	0.4848	1.1209	1.326	5.65	0.04954	58.97	0	0	0	0	0.0	1.0	1.0	1	0.9402	0.0558	0.004	1.0558	0.0909	1.0909
L016830	control_vntr_correct	poa_spoa__all	125.18	8.329	2	0.4526	176.0	166	4	7	1.1009	1.105	26.57	0.2279	1.1004	1.3196	1.2813	170.91	0.91	8.0	5.7576	1.1004	1.0461	12.26	0.29888	454.07	1	1	0	1	0.0	1.0	1.0	9	0.5134	0.4368	0.0498	1.549	0.3636	1.734
L016884	control_vntr_correct	poa_spoa__all	263.84	4.7	1	0.5606	393.13	42	22	28	1.2084	1.2549	35.51	0.0361	1.2491	1.2562	1.2983	105.34	2.45	0.0	0.7273	1.2491	1.2637	30.91	0.29748	798.19	0	0	0	30	0.0	0.0	1.0	0	0.2615	0.6154	0.1231	2.6378	0.6098	3.0111
L017097	control_nontr_sv	poa_spoa__all	66.93	32.059	1	0.6275	89.24	11	6	10	1.0025	1.0012	0.93	0.4393	1.0026	1.0	1.0	0.0	0.0	1.0	0.6364	1.0026	1.0	0.0	0.0	0.0	0	0	0	1	1.0	1.0	1.0	1	1.0	0.0	0.0	1.0	0.0	1.0
L017325	control_vntr_matched	poa_spoa__all	200.0	5.268	2	0.4836	297.3	48	12	24	1.1297	1.1728	21.46	0.1813	1.0305	1.255	1.1447	92.88	1.11	10.0	10.0909	1.0305	1.0111	7.05	0.45115	912.78	1	1	0	1	0.0	0.0	1.0	10	0.4221	0.3961	0.1753	1.6897	0.3333	1.8925
TR101140	control_vntr_matched	poa_spoa__all	224.73	5.99	1	0.6404	303.78	470	3	12	1.0696	1.0	7.83	0.5651	1.0634	1.0427	1.0329	12.06	0.17	0.0	0.5312	1.0634	1.05	2.0	0.17245	383.78	0	0	0	0				0	0.6477	0.0344	0.2978	1.1136	0.0345	1.1141
TR423938	control_vntr_matched	poa_spoa__all	67.38	15.132	1.0	0.5197	92.64	57	3	3	1.1355	1.1325	10.51	0.4923	1.1355	1.4568	1.457	71.96	0.23	0.0	0.0303	1.1355	1.0242	0.11	0.18813	231.83	0	0	0	0				0	0.443	0.3005	0.2565	1.3128	0.0867	1.1117
TR446002	control_vntr_matched	poa_spoa__all	17.29	58.025	4.0	0.275	24.2	13	3	5	1.0007	1.0	0.02	0.964	1.0014	1.064	1.0778	3.61	0.31	0.0	0.0606	1.0014	1.0	0.0	0.01855	19.88	1	1	0	1				0	0.9506	0.0494	0.0	1.0494	0.0	1.0
TR455654	control_vntr_matched	poa_spoa__all	13.32	76.688	5.5	0.375	19.14	9	3	7	1.0152	1.0	0.37	0.8782	1.0153	1.0123	1.0106	0.67	0.6	0.0	0.0303	1.0153	1.1582	1.14	0.00616	6.66	0	0	0	0				0	0.9411	0.0589	0.0	1.0947	0.25	1.25
TR460913	control_vntr_matched	poa_spoa__all	27.42	36.806	1.0	0.6389	35.8	10	4	7	1.0	1.0	0.0	1.0	1.0	1.0	1.0	0.0	0.12	0.0	0.0	1.0	1.0	0.0	0.02848	33.51	0	0	0	0				0	0.9339	0.0176	0.0485	1.0176	0.0392	1.0392
TR499275	control_vntr_matched	poa_spoa__all	6.9	145.167	1.0	0.5333	8.98	10	2	4	1.0	1.0	0.0	1.0	1.0	1.0	1.0	0.0	0.0	0.0	0.0	1.0	1.0	0.0	0.0	0.0	0	0	0	0				0	0.9701	0.0075	0.0224	1.0075	0.0	1.0
TR499276	control_vntr_matched	poa_spoa__all	8.92	112.4	1.0	0.675	11.6	13	2	5	1.0	1.0	0.0	1.0	1.0	1.0	1.0	0.0	0.0	0.0	0.0	1.0	1.0	0.0	0.0	0.0	0	0	0	0				0	1.0	0.0	0.0	1.0	0.0	1.0
TR573259	control_vntr_matched	poa_spoa__all	138.4	9.96	3.0	0.4381	195.27	163	2	4	1.0957	1.1029	12.18	0.0	1.0958	1.2836	1.2838	80.29	1.07	0.0	0.0909	1.0958	1.0463	0.54	0.26875	509.42	0	0	0	0				0	0.6821	0.2004	0.1175	1.2858	0.1596	1.4253
TR668316	control_vntr_matched	poa_spoa__all	72.8	17.547	2	0.4978	102.51	55	5	13	1.0675	1.0	4.46	0.7423	1.0619	1.1292	1.1212	17.45	0.14	0.0	0.4138	1.0619	1.0413	1.14	0.16752	268.04	0	0	0	0				0	0.3058	0.2184	0.4743	1.5972	0.2184	1.5972
TR687433	control_vntr_matched	poa_spoa__all	2.39	419.125	429.0	0.25	2.98	3	2	4	1.0	1.0	0.0	1.0	1.0	1.0	1.0	0.0	0.0	0.0	0.0909	1.0	1.0	0.0	0.00297	2.98	1	0	1	1				0	0.6409	0.0218	0.3372	1.0362	0.0389	1.0636
TR687489	control_vntr_matched	poa_spoa__all	4.39	228.083	2.0	0.5	5.49	4	2	2	1.0	1.0	0.0	1.0	1.0	1.0	1.0	0.0	0.0	0.0	0.0	1.0	1.0	0.0	0.0	0.0	0	0	0	0				0	0.8352	0.0	0.1648	1.0019	0.0	1.0034
TR724750	control_vntr_matched	poa_spoa__all	138.35	7.978	1.0	0.6311	185.7	142	2	4	1.1236	1.0	1.75	0.8507	1.1232	1.1893	1.1885	8.19	0.2	0.0	0.0	1.1232	1.1091	0.18	0.25746	408.33	0	0	0	0				0	0.6048	0.2356	0.1596	1.2687	0.2762	1.3511
TR743754	control_vntr_matched	poa_spoa__all	37.63	26.845	1.0	0.5091	51.32	33	5	9	1.0091	1.0	0.53	0.8367	1.0088	1.03	1.0288	3.66	0.0	0.0	0.2121	1.0088	1.0	0.0	0.08511	101.27	0	0	0	0				0	0.5747	0.4061	0.0192	1.4732	0.3333	1.4722
TR831034	control_vntr_matched	poa_spoa__all	367.32	3.362	1.0	0.6707	535.34	638	11	27	1.3971	1.4013	28.06	0.0196	1.4248	1.5528	1.6209	117.81	1.56	0.5	0.8333	1.4248	3.5869	41.66	0.29366	903.39	2	2	0	28	0.0	0.0		1	0.784	0.216	0.0	1.2778	0.5625	1.75
L000034	hotspot_vntr	poa_abpoa_mc	351.53	4.497	1.0	0.5718	491.01	52	28	32	1.8709	1.7431	153.52	0.025	2.0378	1.592	1.7043	281.32	8.32	3.0	4.4242	2.0378	2.3486	159.71	0.40845	1352.16	60	1	59	321	0.4762	1.0	1.0	9	0.5604	0.259	0.1727	1.5624	0.3132	1.7397
L000289	hotspot_vntr	poa_abpoa_mc	714.01	2.171	1.0	0.7655	1042.34	77	34	34	1.1107	1.1232	57.71	0.0018	1.0793	1.1059	1.0795	122.6	1.82	7.0	6.1818	1.0793	1.0016	0.8	0.77133	7320.37	22	16	6	690	0.2667	1.0	1.0	11	0.6771	0.1038	0.2006	1.5133	0.1541	1.7268
L000308	control_vntr_matched	poa_abpoa_mc	22.64	44.634	1	0.5484	31.16	22	6	9	1.7682	1.9348	189.63	0.2024	1.0119	1.3895	1.0022	248.64	0.01	2.0	2.0	1.0119	1.0161	4.58	0.03289	37.24	0	0	0	0	0.5714	1.0	1.0	4	0.9395	0.0435	0.0151	1.0445	0.25	1.2656
L000381	control_vntr_matched	poa_abpoa_mc	29.64	34.908	1.0	0.6214	39.72	70	3	8	1.0169	1.0	0.12	0.8726	1.0236	1.0062	1.0087	0.11	0.0	1.0	1.0303	1.0236	1.7263	13.45	0.00872	10.51	0	0	0	1	1.0	1.0	1.0	1	0.994	0.0053	0.0	1.0053	0.0303	1.0312
L000407	control_vntr_correct	poa_abpoa_mc	10.29	100.786	3.0	0.3929	14.33	7	4	9	1.0492	1.0	1.67	0.9348	1.0656	1.0	1.0	0.0	0.0	1.0	0.5455	1.0656	1.0929	1.8	0.00101	1.1	0	0	0	0	1.0	1.0	1.0	1	0.9881	0.0119	0.0	1.0119	0.0297	1.0297
L000506	control_nontr_sv	poa_abpoa_mc	6.2	161.571	33	0.4286	8.86	1	5	5	1.0	1.0	0.0	1.0	1.0	1.0	1.0	0.0	0.0	0.0	0.4545	1.0	1.0	0.0	0.0	0.0	0	0	0	0	1.0	1.0	1.0	1	0.9145	0.0855	0.0	1.1966	0.3333	2.0
L000698	control_vntr_correct	poa_abpoa_mc	16.33	77.351	1	0.5263	22.64	16	4	9	1.0568	1.0	1.93	0.8088	1.0931	1.0231	1.0385	1.7	0.0	2.0	2.0303	1.0931	1.1792	38.14	0.01135	15.19	0	0	0	0	1.0	1.0	1.0	2	0.8917	0.0311	0.0771	1.0406	0.1429	1.1429
L000709	control_vntr_matched	poa_abpoa_mc	1.92	522.0	23.0	0.5	2.4	4	2	3	1.0	1.0	0.0	1.0	1.0	1.0	1.0	0.0	0.0	0.0	0.4545	1.0	1.0	0.0	0.0	0.0	4	0	4	4	1.0	1.0	1.0	1	0.9732	0.0095	0.0173	1.0095	0.0	1.0
L001084	hotspot_vntr	poa_abpoa_mc	402.92	7.224	1	0.7831	546.37	36	33	33	1.0562	1.0408	27.04	0.0	1.0534	1.0564	1.0498	56.18	0.76	5.0	4.3939	1.0534	1.0192	6.63	0.53188	3184.57	1	0	1	358	0.2727	1.0	1.0	10	0.2912	0.0701	0.636	3.6041	0.0775	3.6442
L001264	hotspot_vntr	poa_abpoa_mc	890.1	2.964	1	0.7358	1243.56	121	34	34	1.1708	1.1334	92.65	0.0	1.2335	1.1552	1.2053	182.91	37.84	7.0	7.0303	1.2335	1.1933	72.93	0.70485	7308.28	37	10	27	749	0.3125	1.0	1.0	17	0.2764	0.1471	0.5587	3.4236	0.1465	3.8199
L001491	control_vntr_correct	poa_abpoa_mc	80.53	17.724	1.0	0.6327	107.64	31	4	9	1.0149	1.0109	3.32	0.3232	1.0107	1.0019	1.0	0.88	0.0	1.0	0.5152	1.0107	1.0	0.0	0.02625	50.12	2	2	0	3	1.0	1.0	1.0	1	0.9443	0.0	0.0352	1.0	0.0	1.0
L001527	control_nontr_sv	poa_abpoa_mc	36.19	27.927	1	0.6098	52.07	9	10	12	1.0001	1.0	0.02	0.981	1.0	1.0	1.0	0.0	0.0	0.0	0.2727	1.0	1.0	0.0	0.0	0.0	0	0	0	0	1.0	1.0	1.0	1	0.9703	0.0297	0.0	1.1683	0.0	1.0
L001894	control_vntr_matched	poa_abpoa_mc	38.23	26.943	1	0.5628	51.39	63	3	5	1.059	1.0	1.7	0.6814	1.2703	1.0298	1.1007	1.94	0.0	1.0	1.0	1.2703	6.9312	30.74	0.03184	37.92	0	0	0	0	0.5	0.5		1	0.9851	0.012	0.0021	1.012	0.0	1.0
L001899	control_vntr_matched	poa_abpoa_mc	64.83	16.315	1	0.5433	89.33	28	5	9	1.0644	1.0164	6.22	0.2246	1.0232	1.078	1.0457	16.02	0.36	1.0	0.5758	1.0232	1.0165	0.95	0.17033	221.54	0	0	0	0	1.0	1.0	1.0	1	0.6087	0.1565	0.2348	1.3325	0.2123	1.4826
L001909	hotspot_vntr	poa_abpoa_mc	301.02	5.189	1.0	0.5552	428.16	401	28	34	1.1822	1.1652	57.54	0.0	1.1853	1.1699	1.182	116.37	0.77	3.0	3.5758	1.1853	1.1725	45.6	0.57909	2051.09	147	14	133	1052	0.0	0.0	1.0	8	0.1934	0.1107	0.6883	3.7098	0.1156	3.7978
L001922	control_vntr_correct	poa_abpoa_mc	20.33	50.014	1.0	0.5139	27.95	3	12	12	1.0062	1.0014	1.92	0.3742	1.0019	1.0054	1.0012	3.37	0.19	0.0	0.4242	1.0019	1.0037	0.67	0.03117	34.16	0	0	0	0	1.0	1.0	1.0	1	0.6301	0.0692	0.2888	1.1447	0.0929	1.2717
L002013	hotspot_vntr	poa_abpoa_mc	647.34	3.437	1.0	0.695	924.67	4	32	32	1.2821	1.2595	147.42	0.0036	1.4957	1.2611	1.4495	291.94	20.2	9.0	8.1818	1.4957	1.5357	183.27	0.50915	3314.54	26	21	5	1172	0.4	1.0	1.0	15	0.2962	0.0519	0.6443	1.864	0.0534	1.9556
L002096	hotspot_vntr	poa_abpoa_mc	282.74	7.665	1.0	0.6216	397.36	102	22	33	1.1165	1.0661	27.07	0.0607	1.2855	1.146	1.2463	72.83	4.34	8.0	8.0303	1.2855	1.2471	119.7	0.32694	1172.28	31	31	0	39	0.3704	1.0	1.0	13	0.2696	0.1127	0.598	1.5756	0.0971	1.6704
L002143	hotspot_vntr	poa_abpoa_mc	101.73	11.732	1	0.5471	137.67	117	15	23	1.1757	1.1167	11.55	0.3527	1.2719	1.1074	1.1386	18.13	0.1	2.0	2.1515	1.2719	1.7578	19.58	0.25895	446.37	3	0	3	72	0.5714	0.7059	1.0	6	0.4819	0.1295	0.3848	1.4464	0.1936	1.638
L002182	hotspot_vntr	poa_abpoa_mc	831.66	3.127	1.0	0.7482	1159.55	33	31	32	1.054	1.0524	29.16	0.0268	1.0998	1.066	1.0982	74.87	1.01	3.0	3.3636	1.0998	1.0294	11.66	0.62508	5554.02	1	1	0	19	0.0	1.0	1.0	6	0.3837	0.3263	0.284	1.7905	0.4038	1.9661
L002292	control_nontr_sv	poa_abpoa_mc	8.7	115.211	3	0.4737	12.37	3	4	6	1.0	1.0	0.0	1.0	1.0	1.0	1.0	0.0	0.0	0.0	0.4545	1.0	1.0	0.0	0.0	0.0	0	0	0	0	1.0	1.0	1.0	1	0.9839	0.0161	0.0	1.0482		
L002884	control_vntr_matched	poa_abpoa_mc	17.96	60.75	4.0	0.3824	24.83	25	2	12	1.0149	1.0	0.17	0.9091	1.0213	1.0032	1.0054	0.08	0.0	1.0	1.0303	1.0213	1.0541	4.41	0.00946	11.36	2	0	2	2	1.0	1.0	1.0	1	0.6981	0.0674	0.2345	1.0759	0.0724	1.0904
L002940	hotspot_other	poa_abpoa_mc	218.24	6.631	1	0.5963	308.54	29	14	26	1.0914	1.0568	28.49	0.1019	1.1357	1.055	1.0816	38.65	2.72	2.0	1.2121	1.1357	1.164	38.72	0.16221	327.58	6	6	0	24	0.3333	1.0	1.0	3	0.5521	0.2914	0.1442	1.559	0.4186	1.8018
L003119	control_vntr_correct	poa_abpoa_mc	3.78	264.727	155	0.4545	5.16	4	3	6	1.0005	1.0	0.05	0.9459	1.0005	1.0001	1.0001	0.03	0.0	1.0	0.9697	1.0005	1.0003	0.15	0.0	0.0	0	0	0	0	1.0	1.0	1.0	1	0.4139	0.0232	0.5629	1.0497	0.0437	1.0938
L003171	control_nontr_sv	poa_abpoa_mc	11.28	88.917	47.5	0.5	14.1	4	2	2	1.003	1.003	1.11	0.0	1.003	1.0	1.0	0.0	0.0	1.0	1.0	1.003	1.0	0.0	0.0	0.0	0	0	0	0	1.0	1.0	1.0	1	1.0	0.0	0.0	1.0	0.0	1.0
L003672	control_vntr_correct	poa_abpoa_mc	17.42	60.022	1	0.5556	23.23	15	2	7	1.2992	1.3008	22.55	0.2361	1.3017	1.0	1.0	0.0	0.0	0.0	0.9697	1.3017	3.0708	40.18	0.01875	21.29	0	0	0	0	1.0	1.0	1.0	2	0.935	0.0162	0.0487	1.0162	0.0	1.0
L003695	hotspot_other	poa_abpoa_mc	69.53	18.617	3.0	0.3766	99.32	7	11	12	1.4763	1.2084	69.21	0.1812	1.5522	1.407	1.4476	134.59	2.09	2.0	2.5152	1.5522	1.6254	71.36	0.2284	385.55	0	0	0	0	0.5714	1.0	1.0	4	0.4641	0.2127	0.3204	1.6505	0.2741	1.8773
L003826	control_vntr_matched	poa_abpoa_mc	214.39	5.58	1.0	0.593	297.02	29	31	33	1.3124	1.4754	24.38	0.0518	1.4201	1.2069	1.2055	39.98	0.94	1.0	1.5758	1.4201	1.8434	32.08	0.19908	427.33	4	0	4	30	0.6667	0.6667		2	0.5553	0.3073	0.1348	1.9817	0.4103	2.3232
L003828	hotspot_other	poa_abpoa_mc	100.06	10.314	1	0.6011	143.31	24	9	26	1.0616	1.0243	26.56	0.0273	1.0062	1.0704	1.0116	62.19	6.79	6.0	6.0	1.0062	1.0012	1.09	0.24086	384.07	0	0	0	48	0.4	1.0	1.0	9	0.6293	0.1207	0.25	1.6692	0.1222	1.7625
L003872	control_vntr_matched	poa_abpoa_mc	67.68	15.415	2.0	0.435	94.08	33	6	7	1.1793	1.2022	17.9	0.2119	1.1558	1.047	1.0482	13.86	0.63	1.0	1.0	1.1558	1.8501	28.21	0.02427	33.84	0	0	0	0	1.0	1.0	1.0	2	0.9703	0.0277	0.0	1.0278	0.0204	1.0204
L003883	control_nontr_sv	poa_abpoa_mc	32.61	137.852	1	0.5926	42.27	2	3	3	1.0003	1.0003	0.4	0.0525	1.0003	1.0	1.0	0.0	0.0	1.0	0.5152	1.0003	1.0	0.0	0.0	0.0	0	0	0	0	1.0	1.0	1.0	1	0.9974	0.0026	0.0	1.0026	0.0	1.0
L004021	control_vntr_matched	poa_abpoa_mc	21.71	46.387	1.0	0.5952	29.21	42	6	20	1.0211	1.0	1.0	0.8887	1.0005	1.004	1.0	0.4	0.0	1.0	1.1212	1.0005	1.0234	0.79	0.00377	4.27	0	0	0	1	1.0	1.0	1.0	1	0.9816	0.0167	0.0	1.0167	0.0172	1.0179
L004145	hotspot_vntr	poa_abpoa_mc	203.31	5.585	1	0.5689	282.18	664	22	31	1.2598	1.2516	51.06	0.0364	1.2213	1.1158	1.1024	68.49	6.5	2.0	3.2258	1.2213	1.2245	33.91	0.16248	286.09	1	0	1	10	0.0625	1.0	1.0	7	0.7266	0.2399	0.0335	1.6193	0.5644	2.6294
L004620	control_nontr_sv	poa_abpoa_mc	11.32	88.545	6	0.4545	14.4	3	3	5	1.0002	1.0	0.06	0.9494	1.0032	1.0004	1.0063	0.25	0.0	1.0	0.5152	1.0032	1.0	0.0	0.0	0.0	0	0	0	0	1.0	1.0	1.0	1	0.9531	0.0469	0.0	1.0469	0.0	1.0
L004848	hotspot_other	poa_abpoa_mc	514.48	2.712	1.0	0.7417	720.93	17	27	30	1.4154	1.1941	91.38	0.0216	1.2371	1.3492	1.2039	184.32	4.45	3.0	3.1212	1.2371	1.1499	40.39	0.60202	2831.51	19	5	14	99	0.0	1.0	1.0	1	0.4793	0.1901	0.1777	1.5954	0.2	1.7027
L004989	hotspot_other	poa_abpoa_mc	341.49	3.505	1.0	0.7166	492.77	12	28	29	1.3979	1.255	78.94	0.0396	1.0819	1.3825	1.1341	174.88	11.53	2.0	2.4545	1.0819	1.0294	10.14	0.42901	1093.99	9	0	9	88	0.4	1.0	1.0	7	0.5638	0.1946	0.2282	1.7075	0.2771	2.0557
L005064	hotspot_other	poa_abpoa_mc	129.28	11.014	2	0.4657	185.51	48	21	29	1.1925	1.07	33.53	0.1514	1.2127	1.1516	1.1851	57.69	0.75	1.0	1.2121	1.2127	1.2348	23.63	0.28134	553.48	3	0	3	60	1.0	1.0	1.0	2	0.5986	0.1048	0.2735	1.3396	0.1224	1.6089
L005261	hotspot_other	poa_abpoa_mc	474.97	5.814	1.0	0.549	689.17	28	18	26	1.0364	1.0205	14.48	0.1171	1.019	1.056	1.0382	46.7	0.99	2.0	1.4848	1.019	1.0073	2.93	0.49228	2671.71	35	35	0	146	0.0	1.0	1.0	3	0.7056	0.1991	0.0909	1.3569	0.3333	1.6737
L005411	hotspot_vntr	poa_abpoa_mc	119.47	8.855	1	0.6324	168.9	106	25	33	1.3055	1.4908	20.65	0.0125	1.1188	1.1977	1.084	35.57	0.97	1.0	1.1515	1.1188	1.1325	26.39	0.42032	795.84	14	14	0	157	0.4	0.6667	1.0	1	0.4812	0.2725	0.2279	1.9163	0.287	1.9377
L005481	hotspot_vntr	poa_abpoa_mc	109.68	10.837	1	0.5438	150.76	23	19	23	1.071	1.0	8.26	0.5799	1.4745	1.0533	1.3278	13.16	0.05	3.0	2.8182	1.4745	1.6574	86.96	0.26624	444.0	38	0	38	71	0.3333	1.0	1.0	3	0.5616	0.0888	0.3295	1.3313	0.1117	1.4446
L005618	hotspot_other	poa_abpoa_mc	487.44	2.491	1.0	0.6793	674.48	97	32	32	1.3229	1.2723	80.54	0.0	1.1495	1.2715	1.1403	162.31	1.34	4.0	4.2424	1.1495	1.0875	21.23	0.71825	4123.39	19	6	13	304	0.2857	1.0	1.0	7	0.6277	0.1446	0.1477	1.5014	0.2432	1.8
L005688	control_nontr_sv	poa_abpoa_mc	178.37	7.969	1	0.6299	238.76	39	3	5	1.0235	1.0241	5.03	0.3571	1.0236	1.0	1.0	0.0	0.0	1.0	0.8182	1.0236	1.0158	4.01	0.0	0.0	0	0	0	0	1.0	1.0	1.0	1	1.0	0.0	0.0	1.0	0.0	1.0
L005990	hotspot_vntr	poa_abpoa_mc	153.87	13.175	2.0	0.4506	227.76	64	29	32	1.1684	1.0685	27.47	0.1028	1.3437	1.1745	1.3158	60.38	7.86	7.0	6.7419	1.3437	1.3378	75.56	0.33638	955.75	38	38	0	238	0.0	1.0	1.0	8	0.4747	0.0791	0.4293	1.6653	0.094	2.0309
L006556	control_nontr_sv	poa_abpoa_mc	16.2	62.0	1	0.5333	20.52	4	3	4	1.0033	1.0033	1.12	0.1373	1.0033	1.0	1.0	0.0	0.0	1.0	0.5152	1.0033	1.0	0.0	0.0	0.0	0	0	0	0	1.0	1.0	1.0	1	0.9846	0.0154	0.0	1.0154	0.0	1.0
L006952	hotspot_vntr	poa_abpoa_mc	612.57	2.442	1.0	0.6556	841.45	8	19	28	1.034	1.0119	21.07	0.0611	1.0557	1.0483	1.0705	62.08	1.05	3.0	2.7879	1.0557	1.0066	3.26	0.72823	4569.7	4	3	1	30	0.4444	1.0	1.0	5	0.6	0.1547	0.0717	1.7062	0.1758	2.0199
L007009	hotspot_vntr	poa_abpoa_mc	318.3	4.46	1	0.6757	437.37	70	23	27	1.0471	1.0149	43.68	0.064	1.0519	1.0467	1.0569	88.73	12.14	9.0	9.3333	1.0519	1.0362	28.58	0.5681	1990.05	46	34	12	834	0.1569	1.0	1.0	22	0.2817	0.1239	0.5881	2.4692	0.1175	2.6255
L007033	control_vntr_correct	poa_abpoa_mc	12.62	84.625	1.0	0.5312	16.56	5	3	3	1.0012	1.0014	1.54	0.0	1.001	1.0	1.0	0.0	0.0	1.0	1.0	1.001	1.0	0.0	0.03264	36.67	0	0	0	0	1.0	1.0	1.0	1	0.902	0.0784	0.0196	1.0784	0.0	1.0
L007040	hotspot_vntr	poa_abpoa_mc	61.43	16.673	1	0.6337	85.48	117	20	27	1.1494	1.2306	64.58	0.0508	1.0101	1.1226	1.0095	113.43	1.31	10.0	9.4242	1.0101	1.0023	3.18	0.27264	392.95	3	3	0	33	0.0741	1.0	1.0	17	0.2601	0.3827	0.3558	1.9096	0.4175	2.0494
L007065	control_vntr_matched	poa_abpoa_mc	9.17	111.051	1	0.5128	12.22	8	7	9	1.0003	1.0	0.02	0.9515	1.0	1.0	1.0	0.0	0.0	1.0	0.5455	1.0	1.0	0.0	0.0033	3.53	0	0	0	0	1.0	1.0	1.0	1	0.9792	0.0104	0.0104	1.0106	0.0385	1.0385
L007081	hotspot_vntr	poa_abpoa_mc	683.86	4.644	1	0.7003	1022.77	58	32	33	1.0609	1.0554	25.99	0.0071	1.0524	1.1029	1.0896	93.86	0.41	4.0	4.1818	1.0524	1.0398	18.91	0.5014	4452.11	306	292	14	502	0.4348	0.4348	0.9091	15	0.3317	0.1256	0.5226	2.8767	0.1742	3.2803
L007161	hotspot_other	poa_abpoa_mc	224.49	5.04	1	0.6261	313.88	64	14	25	1.2478	1.2055	38.89	0.1825	1.3602	1.1513	1.1858	64.62	0.75	2.0	2.0	1.3602	1.2704	31.56	0.30791	625.47	0	0	0	0	0.5	1.0	1.0	4	0.5981	0.092	0.293	1.2557	0.0753	1.3607
L007172	control_vntr_matched	poa_abpoa_mc	118.98	10.925	1.0	0.5363	163.51	13	9	11	1.0717	1.0075	12.87	0.4564	1.0911	1.0473	1.0708	17.94	3.2	1.0	0.6364	1.0911	1.0867	7.7	0.10652	178.13	0	0	0	0	1.0	1.0	1.0	1	0.6689	0.0148	0.3114	1.0514	0.0052	1.1045
L007184	hotspot_other	poa_abpoa_mc	81.85	12.651	2.0	0.4528	119.69	4	20	21	1.1594	1.0163	29.98	0.2341	1.01	1.1464	1.0137	59.04	9.25	2.0	2.2121	1.01	1.0046	1.46	0.11201	159.85	1	0	1	8	1.0	1.0	1.0	2	0.6875	0.125	0.1786	1.3456	0.2222	1.7335
L007192	control_nontr_sv	poa_abpoa_mc	27.74	49.0	1	0.5263	39.42	4	6	11	1.0	1.0	0.0	1.0	1.0	1.0	1.0	0.0	0.01	0.0	0.2424	1.0	1.0	0.0	0.0109	16.06	0	0	0	0	1.0	1.0	1.0	1	0.9204	0.0796	0.0	1.2212	0.4444	2.3333
L007376	control_vntr_matched	poa_abpoa_mc	36.43	27.857	1	0.5745	48.73	215	8	9	1.0149	1.0	2.5	0.748	1.012	1.0323	1.0244	10.79	0.06	1.0	1.6061	1.012	1.0	0.0	0.06823	74.87	1	0	1	1	1.0	1.0	1.0	1	0.7772	0.1747	0.0481	1.1747	0.044	1.044
L007480	hotspot_other	poa_abpoa_mc	295.2	7.112	1.0	0.6928	406.05	4	20	21	1.34	1.1307	101.37	0.0957	1.3191	1.3491	1.3323	216.84	6.84	3.0	2.7273	1.3191	1.2862	74.21	0.3081	994.07	7	7	0	61	0.4	1.0	1.0	4	0.4431	0.2179	0.3341	1.7995	0.2482	2.0645
L007687	control_vntr_matched	poa_abpoa_mc	44.99	24.445	1	0.5966	60.49	35	5	10	1.0326	1.0	2.57	0.7854	1.0083	1.0171	1.0032	2.83	0.0	1.0	0.6667	1.0083	1.0604	2.62	0.09144	117.96	0	0	0	0	1.0	1.0	1.0	1	0.7746	0.116	0.1072	1.1371	0.1692	1.2308
L007717	control_vntr_matched	poa_abpoa_mc	53.55	19.089	2	0.4346	75.24	57	8	21	1.0647	1.0366	4.03	0.2561	1.0407	1.0344	1.0097	5.24	0.03	0.0	0.5455	1.0407	1.2267	9.1	0.0449	61.0	2	2	0	2	1.0	1.0	1.0	1	0.9601	0.0206	0.0151	1.0246	0.0455	1.0682
L007798	hotspot_other	poa_abpoa_mc	793.81	3.904	1	0.6406	1094.27	36	11	32	1.0369	1.0446	26.18	0.0054	1.0404	1.047	1.0543	68.82	14.06	6.0	5.1818	1.0404	1.0095	5.85	0.45965	3341.51	9	0	9	797	0.2222	1.0	1.0	11	0.2986	0.1101	0.5899	2.0907	0.1243	2.2832
L007844	hotspot_other	poa_abpoa_mc	1284.21	2.129	1	0.7579	1780.68	68	34	34	1.3338	1.314	123.67	0.0	1.3333	1.3053	1.3275	264.89	3.2	5.0	4.0606	1.3333	1.2339	86.47	0.72876	8957.75	431	429	2	724	0.5882	1.0	1.0	9	0.3972	0.2845	0.2197	1.6392	0.2918	1.7159
L008216	hotspot_vntr	poa_abpoa_mc	128.3	8.604	1.0	0.6276	174.74	9	20	21	1.229	1.0572	32.24	0.132	1.2631	1.1986	1.2067	63.82	0.54	2.0	2.3939	1.2631	1.5054	48.33	0.22406	398.26	1	1	0	1	0.7059	1.0	1.0	3	0.5562	0.1948	0.2491	1.4688	0.1813	1.5201
L008631	control_nontr_sv	poa_abpoa_mc	19.91	74.286	3.5	0.4286	28.45	3	6	8	1.0	1.0	0.0	1.0	1.0	1.0	1.0	0.0	0.0	0.0	0.1818	1.0	1.0	0.0	0.0	0.0	0	0	0	0	1.0	1.0	1.0	1	0.9139	0.0861	0.0	1.2185	0.1282	1.4615
L008864	hotspot_vntr	poa_abpoa_mc	1145.0	4.873	1.0	0.6303	1675.27	94	22	28	1.1039	1.127	58.16	0.062	1.1182	1.1371	1.1223	164.6	9.05	3.0	4.6364	1.1182	1.1076	45.31	0.53634	7001.88	87	87	0	703	0.4	1.0	1.0	12	0.2668	0.332	0.3933	2.3005	0.3689	2.5056
L008877	hotspot_other	poa_abpoa_mc	723.86	4.066	1	0.5758	1039.08	49	29	30	1.544	1.3768	133.13	0.0592	1.2822	1.4239	1.2545	253.38	13.94	7.0	6.3333	1.2822	1.2734	123.58	0.4455	2868.63	47	31	16	178	0.4286	0.4286	0.9524	17	0.3831	0.2352	0.3451	1.6343	0.2698	1.7748
L008887	control_vntr_correct	poa_abpoa_mc	14.66	77.868	1.0	0.5263	19.68	14	2	7	1.0067	1.0	0.09	0.9063	1.0077	1.0021	1.0027	0.06	0.0	2.0	2.0	1.0077	1.0094	1.2	0.01559	18.9	0	0	0	0	1.0	1.0	1.0	2	0.9684	0.0111	0.0205	1.0143	0.0455	1.1288
L008902	control_vntr_correct	poa_abpoa_mc	48.3	22.522	3.0	0.3824	67.83	54	2	7	1.2621	1.2818	15.61	0.191	1.0235	1.0109	1.0	2.16	0.0	1.0	1.0	1.0235	1.5547	17.14	0.02803	38.71	0	0	0	0	1.0	1.0	1.0	2	0.9682	0.0212	0.0088	1.0257	0.0909	1.2273
L008976	hotspot_vntr	poa_abpoa_mc	827.03	4.618	1	0.7518	1142.25	145	28	28	1.1458	1.0956	89.18	0.0	1.2088	1.1425	1.2036	183.72	13.9	5.0	5.1852	1.2088	1.1601	75.27	0.5272	5033.39	390	3	387	2129	0.0556	1.0	1.0	12	0.1996	0.1736	0.6142	2.602	0.1734	2.7464
L009000	hotspot_vntr	poa_abpoa_mc	396.78	3.068	1.0	0.6719	559.64	12	34	34	1.1889	1.2349	99.64	0.0036	1.0324	1.1835	1.0464	217.61	30.93	11.0	10.7273	1.0324	1.0033	3.34	0.7125	3379.85	25	14	11	780	0.3433	1.0	1.0	21	0.4596	0.2096	0.3272	2.5078	0.185	2.832
L009283	control_nontr_sv	poa_abpoa_mc	19.13	52.533	1	0.5333	24.23	5	2	4	1.0078	1.0074	1.17	0.1933	1.0074	1.0	1.0	0.0	0.0	0.0	0.4848	1.0074	1.0	0.0	0.0	0.0	0	0	0	0	1.0	1.0	1.0	1	1.0	0.0	0.0	1.0	0.0	1.0
L009398	hotspot_vntr	poa_abpoa_mc	90.72	11.638	2	0.3842	126.09	16	22	25	1.0399	1.0154	14.21	0.0698	1.0169	1.0466	1.0271	34.28	4.33	1.0	1.25	1.0169	1.0035	1.03	0.2292	338.8	13	13	0	63	0.2857	1.0	1.0	4	0.35	0.2556	0.3889	2.2077	0.2465	2.3426
L009448	hotspot_vntr	poa_abpoa_mc	910.65	2.009	1.0	0.6896	1262.86	77	24	24	1.2105	1.1867	110.79	0.0	1.4027	1.2186	1.3774	258.43	17.36	8.0	7.3478	1.4027	1.3091	109.81	0.80353	8209.03	107	76	31	1312	0.4865	1.0	1.0	11	0.5622	0.134	0.2632	1.7444	0.1474	1.9409
L009600	control_nontr_sv	poa_abpoa_mc	2.96	372.333	409	0.0	2.96	1	2	2	1.0	1.0	0.0	1.0	1.0	1.0	1.0	0.0	0.0	1.0	1.0	1.0	1.0	0.0	0.0	0.0	0	0	0	0	1.0	1.0	1.0	1	1.0	0.0	0.0	1.0	0.0	1.0
L009656	hotspot_vntr	poa_abpoa_mc	255.61	5.531	1.0	0.566	354.83	4	26	26	1.0662	1.0777	16.34	0.1865	1.0874	1.0566	1.059	30.13	0.44	1.0	1.5758	1.0874	1.1459	23.31	0.39489	1014.69	0	0	0	0	1.0	1.0	1.0	1	0.4448	0.1521	0.3949	1.3492	0.1624	1.4575
L009658	hotspot_vntr	poa_abpoa_mc	199.52	5.836	1	0.5766	279.57	46	27	31	1.4803	1.2663	103.78	0.0061	1.0894	1.3824	1.1309	197.56	15.57	12.0	11.2258	1.0894	1.0356	17.15	0.48428	1048.19	13	11	2	221	0.4324	1.0	1.0	21	0.2756	0.1182	0.5812	1.8745	0.1205	1.9732
L009770	control_vntr_matched	poa_abpoa_mc	13.67	73.453	1.0	0.5938	18.15	13	5	7	1.0065	1.0	0.76	0.6393	1.0021	1.0039	1.0	0.91	0.0	1.0	1.0303	1.0021	1.0	0.0	0.0406	44.0	0	0	0	0	1.0	1.0	1.0	1	0.7776	0.0273	0.1951	1.0311	0.0813	1.0984
L009771	control_vntr_correct	poa_abpoa_mc	10.24	107.25	10.5	0.5	12.8	4	2	2	1.0	1.0	0.0	1.0	1.0	1.0	1.0	0.0	0.0	1.0	1.0	1.0	1.0	0.0	0.00075	0.85	0	0	0	0	1.0	1.0	1.0	1	0.989	0.011	0.0	1.011	0.0	1.0
L009803	hotspot_vntr	poa_abpoa_mc	426.96	2.757	1	0.7401	587.67	151	21	30	1.2018	1.2	94.08	0.0054	1.0622	1.2071	1.0767	209.77	17.07	6.0	5.8788	1.0622	1.015	9.16	0.72094	3249.66	28	15	13	370	0.4167	1.0	1.0	10	0.4949	0.227	0.273	1.7993	0.274	1.9412
L009885	control_vntr_correct	poa_abpoa_mc	29.5	34.35	4	0.4228	41.26	9	16	17	1.0045	1.0	0.31	0.7951	1.0181	1.0042	1.0139	0.6	0.0	1.0	1.0606	1.0181	1.0691	4.58	0.02716	31.66	0	0	0	0	1.0	1.0	1.0	1	0.8121	0.172	0.0096	1.1873	0.5	1.542
L010060	hotspot_other	poa_abpoa_mc	145.18	10.023	1.0	0.6006	206.09	12	22	24	1.2732	1.0411	40.11	0.1308	1.6515	1.1996	1.4894	65.92	2.0	3.0	3.2424	1.6515	1.8566	81.09	0.24736	547.35	0	0	0	0	0.6667	1.0	1.0	2	0.7312	0.1265	0.1265	1.2229	0.1453	1.2739
L010113	control_vntr_correct	poa_abpoa_mc	13.99	72.19	1.0	0.5714	18.65	15	2	8	1.0089	1.01	0.23	0.3162	1.0083	1.0158	1.0143	0.92	0.0	0.0	0.4848	1.0083	1.0	0.0	0.01447	15.66	0	0	0	0	1.0	1.0	1.0	1	0.9408	0.0457	0.0135	1.0462	0.0909	1.101
L010328	hotspot_vntr	poa_abpoa_mc	1564.29	3.353	1	0.6538	2172.11	26	29	29	1.1805	1.1625	89.39	0.0325	1.2409	1.2119	1.2513	225.71	30.54	4.0	6.4688	1.2409	1.1884	98.85	0.68527	9209.86	23	3	20	533	0.4762	1.0	1.0	11	0.2789	0.2532	0.4576	2.0797	0.2869	2.3191
L010350	control_vntr_matched	poa_abpoa_mc	5.96	172.886	1.0	0.6136	7.86	15	2	11	1.0	1.0	0.0	1.0	1.0	1.0	1.0	0.0	0.0	1.0	0.6364	1.0	1.0	0.0	0.0	0.0	0	0	0	0	1.0	1.0	1.0	1	0.9709	0.0073	0.0218	1.0094	0.0333	1.0667
L010452	control_nontr_sv	poa_abpoa_mc	11.21	96.0	13	0.4444	13.7	3	2	2	1.0	1.0	0.0	1.0	1.0	1.0	1.0	0.0	0.0	1.0	0.9697	1.0	1.0	0.0	0.0	0.0	0	0	0	0	1.0	1.0	1.0	1	1.0	0.0	0.0	1.0	0.0	1.0
L010508	control_vntr_correct	poa_abpoa_mc	14.74	69.481	1.0	0.5769	19.56	18	2	11	1.0023	1.0	0.03	0.9956	1.0007	1.0014	1.0	0.04	0.0	1.0	0.5152	1.0007	1.125	1.2	0.00383	4.25	0	0	0	0	1.0	1.0	1.0	1	0.9841	0.0111	0.0048	1.0111	0.0333	1.0333
L011121	control_vntr_correct	poa_abpoa_mc	44.69	25.781	1.0	0.5439	59.98	8	6	10	1.0322	1.0	1.87	0.8827	1.1504	1.0255	1.1215	3.1	0.11	1.0	1.0909	1.1504	1.1722	20.81	0.03975	53.31	0	0	0	0	1.0	1.0	1.0	1	0.9235	0.0261	0.0485	1.027	0.0274	1.0294
L011138	hotspot_vntr	poa_abpoa_mc	168.02	13.72	1.0	0.6711	227.9	252	16	28	1.0426	1.0225	18.19	0.1393	1.1813	1.0404	1.1528	35.5	0.37	4.0	4.6875	1.1813	1.1552	48.34	0.28108	924.83	1	1	0	3	0.2424	0.2424	1.0	10	0.2111	0.1643	0.6201	1.6958	0.1614	1.7055
L011224	control_vntr_correct	poa_abpoa_mc	57.04	22.163	1	0.5034	78.39	37	2	13	1.0269	1.0112	3.41	0.2671	1.0124	1.0071	1.0054	1.99	0.0	1.0	1.0	1.0124	1.0165	1.57	0.02705	41.91	1	0	1	1	1.0	1.0	1.0	2	0.8076	0.0252	0.1655	1.0432	0.0174	1.0691
L011227	control_vntr_matched	poa_abpoa_mc	60.06	19.682	1	0.5207	82.48	67	5	11	1.1523	1.0	7.91	0.781	1.0883	1.1283	1.0947	14.77	0.04	1.0	0.5758	1.0883	1.0979	2.91	0.12896	182.67	0	0	0	0	1.0	1.0	1.0	1	0.5228	0.1337	0.3359	1.2314	0.1903	1.3805
L011430	control_vntr_matched	poa_abpoa_mc	65.3	16.275	2	0.3128	94.09	52	6	13	1.3446	1.2285	17.08	0.2004	1.1693	1.1633	1.0886	22.78	0.21	0.0	0.5455	1.1693	1.9096	24.66	0.16496	238.63	0	0	0	0	1.0	1.0	1.0	1	0.8214	0.1329	0.0258	1.1529	0.3913	1.4868
L011463	hotspot_vntr	poa_abpoa_mc	111.6	10.116	1.0	0.5473	154.64	107	6	27	1.7884	1.5956	116.56	0.1594	1.3049	1.2719	1.0932	119.27	0.66	5.0	5.0909	1.3049	1.4506	89.86	0.11469	191.56	32	0	32	64	0.7368	1.0	1.0	9	0.6858	0.2241	0.09	1.3601	0.4398	1.7545
L011931	control_nontr_sv	poa_abpoa_mc	24.87	76.208	2.0	0.5	35.23	4	8	8	1.0012	1.0012	0.49	0.2684	1.0012	1.0	1.0	0.0	0.0	1.0	0.5152	1.0012	1.0	0.0	0.0	0.0	0	0	0	0	1.0	1.0	1.0	1	0.9783	0.0217	0.0	1.0652	0.0	1.0
L012184	hotspot_vntr	poa_abpoa_mc	446.1	6.45	1	0.6722	629.54	55	30	31	1.196	1.155	44.8	0.0303	1.101	1.1754	1.1044	98.12	5.77	5.0	4.7097	1.101	1.0832	45.12	0.41308	2026.27	14	14	0	99	0.2581	1.0	1.0	12	0.265	0.0912	0.6238	1.8775	0.0971	1.9215
L012256	hotspot_other	poa_abpoa_mc	90.82	12.978	2.0	0.4278	131.18	26	22	30	1.094	1.0242	29.29	0.1853	1.0577	1.0757	1.0403	49.96	2.09	3.0	2.8788	1.0577	1.0636	16.27	0.14116	212.66	4	2	2	7	0.6	1.0	1.0	5	0.5258	0.1769	0.2875	1.6111	0.2476	1.8766
L012272	hotspot_vntr	poa_abpoa_mc	22.79	888.648	1.0	0.7092	31.67	154	34	34	1.4666	1.4379	16.53	0.0374	1.2122	1.2102	1.2102	29.03	606.93	6.0	6.1818	1.2122	1.2767	16.23	0.94643	19282.0	64	62	2	147	0.3846	1.0	1.0	11	0.1266	0.5168	0.3403	13.5323	0.4939	13.7471
L012294	hotspot_vntr	poa_abpoa_mc	414.11	9.409	2	0.4815	626.6	37	33	33	1.1098	1.1211	70.07	0.0	1.1768	1.1273	1.185	169.87	11.01	4.0	5.4848	1.1768	1.1904	84.24	0.42536	3270.5	2	2	0	489	0.1333	1.0	1.0	7	0.1553	0.1437	0.6971	3.0577	0.1293	3.3071
L012313	control_vntr_matched	poa_abpoa_mc	20.32	50.554	1	0.6154	27.82	21	4	14	1.0656	1.0	1.6	0.8622	1.3285	1.001	1.0	0.06	0.14	2.0	1.6364	1.3285	2.3528	25.55	0.00549	6.25	1	1	0	1	1.0	1.0	1.0	2	0.8887	0.0402	0.0711	1.0549	0.0504	1.0966
L012489	hotspot_other	poa_abpoa_mc	150.43	8.903	1	0.565	213.02	44	29	30	1.5242	1.4158	65.62	0.0558	1.4568	1.1508	1.184	55.26	2.21	2.0	1.4242	1.4568	1.9822	68.14	0.11628	254.27	4	0	4	15	0.4	1.0	1.0	2	0.5367	0.3398	0.1236	1.7528	0.4931	2.1943
L012530	control_nontr_sv	poa_abpoa_mc	28.28	35.727	1.5	0.5	37.28	7	3	7	1.0	1.0	0.0	1.0	1.0	1.0	1.0	0.0	0.0	0.0	0.4848	1.0	1.0345	2.58	0.0	0.0	0	0	0	0	1.0	1.0	1.0	1	0.9355	0.0645	0.0	1.0645		
L013000	control_vntr_correct	poa_abpoa_mc	32.71	31.057	1.0	0.5786	46.26	1	22	22	1.0054	1.0	0.49	0.8499	1.0237	1.0047	1.013	0.9	0.0	1.0	1.0	1.0237	1.0471	10.76	0.03586	43.22	1	1	0	2	1.0	1.0	1.0	1	0.7686	0.0331	0.157	1.0542	0.031	1.0536
L013064	hotspot_other	poa_abpoa_mc	184.2	7.423	1.0	0.5082	265.73	64	12	32	1.7128	1.7903	61.46	0.1431	1.5749	1.3442	1.343	96.21	1.51	2.0	1.5758	1.5749	1.6151	92.8	0.23444	546.05	15	15	0	84	0.5	1.0	1.0	3	0.9012	0.0814	0.0174	1.1628	0.186	1.5116
L013074	control_vntr_correct	poa_abpoa_mc	3.95	253.778	1	0.5926	5.11	9	2	3	1.0015	1.0	0.43	0.8675	1.0015	1.0	1.0	0.0	0.0	1.0	1.0	1.0015	1.0	0.0	0.00171	1.75	0	0	0	0	1.0	1.0	1.0	1	0.9976	0.0	0.0	1.0	0.0	1.0
L013244	hotspot_vntr	poa_abpoa_mc	65.53	50.795	1.0	0.5285	91.17	6	16	17	1.1753	1.0421	69.59	0.2346	1.2296	1.1622	1.2106	132.71	4.7	3.0	4.6364	1.2296	1.221	53.75	0.09198	336.16	0	0	0	0	0.4706	1.0	1.0	8	0.1992	0.0394	0.7554	1.3356	0.0395	1.3644
L013399	control_nontr_sv	poa_abpoa_mc	9.12	239.833	167.5	0.3333	10.64	2	2	3	1.0	1.0	0.0	1.0	1.0	1.0	1.0	0.0	0.0	1.0	0.7879	1.0	1.0	0.0	0.0	0.0	0	0	0	0	1.0	1.0	1.0	1	0.9957	0.0043	0.0	1.0043	0.0	1.0
L013531	hotspot_other	poa_abpoa_mc	209.86	5.86	1	0.5483	305.81	9	20	21	1.108	1.1016	24.61	0.1903	1.0591	1.0898	1.1016	45.35	2.03	4.0	3.6061	1.0591	1.0382	16.67	0.36321	849.01	10	0	10	29	0.5	1.0	1.0	7	0.5588	0.2059	0.1176	1.4738	0.3333	2.1765
L014111	control_vntr_matched	poa_abpoa_mc	33.68	30.796	1.0	0.5493	45.78	51	3	4	1.112	1.0993	7.1	0.1599	1.1153	1.0022	1.0023	0.38	0.0	2.0	1.0606	1.1153	4.6202	29.44	0.01482	18.26	0	0	0	0	1.0	1.0	1.0	2	0.997	0.0015	0.0	1.0015	0.0	1.0
L014160	hotspot_vntr	poa_abpoa_mc	164.29	7.076	1.0	0.5928	228.06	77	34	34	1.3144	1.2829	60.75	0.1783	1.5688	1.173	1.2985	83.89	3.24	6.0	7.4545	1.5688	1.7457	115.5	0.2258	435.11	15	0	15	32	0.5882	1.0	1.0	15	0.8277	0.1243	0.0466	1.2086	0.2536	1.5313
L014181	control_vntr_matched	poa_abpoa_mc	65.01	16.549	1.0	0.5203	88.0	79	2	5	1.0498	1.03	5.92	0.4841	1.041	1.0224	1.02	5.9	0.07	1.0	1.1515	1.041	1.0473	2.79	0.10232	131.87	0	0	0	0	1.0	1.0	1.0	1	0.7723	0.1411	0.0824	1.1612	0.3438	1.4032
L014210	hotspot_vntr	poa_abpoa_mc	142.22	8.594	1	0.5996	192.85	107	8	13	1.371	1.0768	96.41	0.1495	1.375	1.3037	1.2714	183.15	4.42	8.0	7.8485	1.375	1.3966	75.89	0.29096	589.94	27	0	27	27	0.1622	1.0	1.0	16	0.5742	0.0722	0.347	1.2689	0.0725	1.294
L014297	hotspot_vntr	poa_abpoa_mc	94.62	10.937	1	0.5053	128.82	19	7	15	1.0853	1.0015	17.13	0.4628	1.0519	1.0828	1.0362	34.57	0.09	5.0	4.4545	1.0519	1.0	0.0	0.26497	405.38	0	0	0	0	0.4	1.0	1.0	5	0.3721	0.2824	0.3322	1.6519	0.2601	1.7128
L014324	control_vntr_correct	poa_abpoa_mc	12.73	93.031	1.0	0.5312	16.71	10	3	6	1.045	1.0	4.4	0.5806	1.0673	1.0336	1.0497	6.78	0.0	1.0	1.0	1.0673	1.0691	10.78	0.02117	26.25	0	0	0	0	1.0	1.0	1.0	1	0.8705	0.036	0.0935	1.0424	0.0571	1.0674
L014358	hotspot_vntr	poa_abpoa_mc	297.39	6.597	1.0	0.564	428.47	17	29	31	1.1105	1.0678	34.21	0.0197	1.1552	1.1316	1.1856	86.35	1.84	2.0	2.7879	1.1552	1.1545	39.98	0.41298	1618.75	10	1	9	239	0.1667	1.0	1.0	9	0.2103	0.1667	0.623	2.372	0.1591	2.5338
L014426	control_vntr_correct	poa_abpoa_mc	21.21	47.4	4.0	0.35	30.22	9	3	9	1.0879	1.047	17.89	0.3041	1.0035	1.0674	1.0053	28.99	0.08	0.0	0.9697	1.0035	1.0073	1.07	0.01576	17.5	1	1	0	1	1.0	1.0	1.0	2	0.8429	0.1456	0.0115	1.181	0.0625	1.0781
L014899	control_nontr_sv	poa_abpoa_mc	6.0	166.833	109.5	0.3333	7.0	2	2	2	1.0	1.0	0.0	1.0	1.0	1.0	1.0	0.0	0.0	1.0	0.5455	1.0	1.0	0.0	0.0	0.0	0	0	0	0	1.0	1.0	1.0	1	1.0	0.0	0.0	1.0		
L015126	hotspot_other	poa_abpoa_mc	466.71	2.948	1.0	0.7064	654.49	33	30	30	1.2953	1.2827	42.73	0.0251	1.562	1.2675	1.4476	93.43	2.93	2.0	2.0303	1.562	1.4337	49.47	0.64681	2555.27	0	0	0	12	0.0	0.0	1.0	2	0.5772	0.1951	0.1084	1.8536	0.3085	2.6127
L015223	control_vntr_matched	poa_abpoa_mc	44.33	34.164	4.0	0.3607	62.14	46	3	4	1.1015	1.0983	28.22	0.24	1.1083	1.0086	1.0115	5.55	0.0	2.0	1.8788	1.1083	1.1145	42.06	0.04621	81.76	0	0	0	0	1.0	1.0	1.0	2	0.9442	0.0239	0.0319	1.0246	0.1034	1.1207
L015285	control_vntr_correct	poa_abpoa_mc	8.95	112.0	1.0	0.5833	11.56	7	3	4	1.0049	1.0049	0.35	0.0997	1.0049	1.0	1.0	0.0	0.0	1.0	0.5152	1.0049	1.0	0.0	0.00744	7.83	0	0	0	0	1.0	1.0	1.0	1	0.9341	0.0019	0.064	1.0235	0.0139	1.1664
L015331	hotspot_vntr	poa_abpoa_mc	344.09	4.09	1.0	0.6835	473.88	61	28	30	1.1873	1.1283	47.03	0.0343	1.2591	1.2185	1.2927	118.58	9.31	5.0	4.2424	1.2591	1.2097	38.34	0.53273	1753.42	0	0	0	1	0.7143	1.0	1.0	8	0.2941	0.098	0.5997	3.342	0.1197	3.7415
L015347	hotspot_vntr	poa_abpoa_mc	427.03	7.465	1	0.6362	600.63	29	29	29	1.1698	1.2054	100.27	0.0	1.204	1.1508	1.189	192.96	11.66	9.0	9.1786	1.204	1.1913	87.76	0.65099	3967.37	215	166	49	2036	0.0714	1.0	1.0	17	0.2239	0.1666	0.6039	3.7085	0.1752	3.879
L015415	hotspot_vntr	poa_abpoa_mc	142.81	12.772	1.0	0.5433	195.67	38	9	14	1.0096	1.0058	5.37	0.0661	1.0327	1.0117	1.023	13.25	26.45	3.0	2.4545	1.0327	1.0	0.0	0.26905	700.65	0	0	0	0	0.1429	1.0	1.0	4	0.292	0.1195	0.5819	1.6777	0.125	1.8386
L015708	hotspot_other	poa_abpoa_mc	53.52	19.697	1	0.5355	75.28	47	2	24	1.4016	1.0674	10.0	0.1353	1.5628	1.2914	1.3657	19.95	0.12	0.0	0.4242	1.5628	2.0749	13.54	0.10585	144.34	2	0	2	3				0	0.5634	0.27	0.1667	1.9354	0.4041	2.5612
L015743	control_vntr_correct	poa_abpoa_mc	5.84	171.536	1.0	0.5357	8.14	9	4	7	1.0026	1.0	0.44	0.8431	1.0027	1.0025	1.0012	0.84	0.05	1.0	0.9697	1.0027	1.0019	1.35	0.00122	1.25	1	0	1	2	1.0	1.0	1.0	2	0.4077	0.0476	0.5446	1.06	0.0818	1.0891
L015847	hotspot_other	poa_abpoa_mc	179.76	5.969	1	0.5149	251.81	55	13	29	1.1208	1.0741	16.59	0.3027	1.1477	1.0579	1.072	18.81	0.2	6.0	5.8485	1.1477	1.0834	40.69	0.11113	197.02	0	0	0	39	0.3333	1.0	1.0	7	0.6389	0.2685	0.0926	1.8368	0.4583	2.6953
L015904	hotspot_other	poa_abpoa_mc	1181.97	2.547	1	0.7545	1708.5	8	33	33	1.3493	1.3971	104.68	0.0071	1.4019	1.3981	1.3981	281.87	2.07	4.0	4.0303	1.4019	1.3089	104.67	0.68406	6778.35	37	3	34	389	0.5882	1.0	1.0	7	0.4465	0.2525	0.2809	2.2357	0.3391	2.6254
L016040	control_nontr_sv	poa_abpoa_mc	29.25	37.381	1	0.5714	37.6	7	2	4	1.0	1.0	0.0	1.0	1.0	1.0	1.0	0.0	0.0	1.0	0.5152	1.0	1.0	0.0	0.0	0.0	0	0	0	0	1.0	1.0	1.0	1	1.0	0.0	0.0	1.0		
L016062	control_vntr_correct	poa_abpoa_mc	14.07	74.568	1	0.5135	18.63	13	2	4	1.0007	1.0	0.02	0.95	1.0	1.0	1.0	0.0	0.0	1.0	0.5152	1.0	1.0019	0.02	0.02163	24.33	0	0	0	0	1.0	1.0	1.0	1	0.6968	0.0171	0.2861	1.0273	0.0286	1.0467
L016124	control_vntr_matched	poa_abpoa_mc	20.94	49.577	1.0	0.5641	28.19	27	2	6	1.5788	1.5643	36.28	0.2746	1.587	1.2162	1.2188	37.9	0.18	0.0	1.4545	1.587	2.0549	31.71	0.03406	38.66	0	0	0	0	1.0	1.0	1.0	3	0.9764	0.0137	0.0075	1.0137	0.0	1.0
L016274	control_nontr_sv	poa_abpoa_mc	6.74	254.0	337	0.2	8.09	1	3	3	1.0	1.0	0.0	1.0	1.0	1.0	1.0	0.0	0.0	0.0	0.4242	1.0	1.0	0.0	0.0	0.0	0	0	0	0	1.0	1.0	1.0	1	0.9537	0.0463	0.0	1.0463	0.0	1.0
L016523	control_vntr_correct	poa_abpoa_mc	15.29	68.286	1.0	0.5238	21.11	13	2	12	1.0	1.0	0.0	1.0	1.0	1.0	1.0	0.0	0.5	0.0	0.4848	1.0	1.3057	5.3	0.00512	5.82	0	0	0	0	1.0	1.0	1.0	1	0.9741	0.0219	0.004	1.0219	0.0909	1.0909
L016830	control_vntr_correct	poa_abpoa_mc	21.25	47.441	2.0	0.4412	29.37	20	3	7	1.0094	1.0092	2.48	0.3252	1.0183	1.0182	1.0148	9.71	0.0	3.0	2.4848	1.0183	1.0209	5.55	0.06062	68.74	1	1	0	1	0.2857	1.0	1.0	5	0.8726	0.0776	0.0498	1.1152	0.0909	1.185
L016870	hotspot_other	poa_abpoa_mc	208.19	6.867	1.0	0.5044	294.46	64	9	20	1.0316	1.0346	16.53	0.2542	1.0095	1.0231	1.0108	24.89	1.4	5.0	4.9697	1.0095	1.0075	8.46	0.23653	539.36	0	0	0	0	0.2857	1.0	1.0	5	0.9515	0.0485	0.0	1.068	0.0435	1.087
L016884	control_vntr_correct	poa_abpoa_mc	207.54	5.793	1	0.5172	295.32	12	27	28	1.2349	1.1772	40.03	0.0578	1.2191	1.1739	1.1785	71.53	5.74	1.0	1.4848	1.2191	1.235	27.55	0.21545	517.65	16	16	0	30	0.0	0.0		0	0.5538	0.3231	0.1231	1.8783	0.3171	2.1973
L017097	control_nontr_sv	poa_abpoa_mc	66.93	32.059	1	0.6275	89.24	11	6	10	1.0025	1.0012	0.93	0.4393	1.0026	1.0	1.0	0.0	0.0	1.0	0.6364	1.0026	1.0	0.0	0.0	0.0	0	0	0	1	1.0	1.0	1.0	1	1.0	0.0	0.0	1.0	0.0	1.0
L017325	control_vntr_matched	poa_abpoa_mc	105.92	10.366	2	0.4345	149.45	14	23	24	1.0646	1.0024	10.7	0.4744	1.0623	1.0752	1.1166	27.38	1.43	7.0	6.6364	1.0623	1.035	22.28	0.33019	547.41	1	1	0	1	0.0	1.0	1.0	7	0.4286	0.3896	0.1753	1.5379	0.3194	1.615
TR101140	control_vntr_matched	poa_abpoa_mc	175.27	7.449	1	0.6276	234.59	296	7	12	1.0302	1.0	3.4	0.6354	1.0312	1.0011	1.001	0.31	9.22	0.0	0.3438	1.0312	1.0127	0.51	0.08921	180.41	0	0	0	0				0	0.6477	0.0344	0.2978	1.0419	0.0345	1.042
TR368009	control_vntr_matched	poa_abpoa_mc	47.34	21.518	1	0.605	63.12	172	3	6	1.0464	1.0	1.36	0.9122	1.0454	1.0189	1.0181	1.22	0.01	0.0	0.0909	1.0454	1.0017	0.02	0.05822	68.77	0	0	0	0				0	0.9703	0.0107	0.0177	1.0112	0.0861	1.0906
TR423938	control_vntr_matched	poa_abpoa_mc	3.99	250.889	286	0.4444	4.88	3	2	3	1.0	1.0	0.0	1.0	1.0	1.0	1.0	0.0	0.0	0.0	0.0303	1.0	1.0	0.0	0.00922	9.31	0	0	0	0				0	0.6528	0.0907	0.2565	1.092	0.1933	1.1967
TR424743	control_vntr_matched	poa_abpoa_mc	34.16	76.811	1.0	0.5902	47.05	22	6	19	1.0309	1.002	14.19	0.3127	1.0361	1.0323	1.0366	29.8	0.01	2.0	1.1515	1.0361	1.0402	18.3	0.04231	119.01	0	0	0	0				0	0.393	0.1626	0.4417	1.2729	0.1528	1.317
TR446002	control_vntr_matched	poa_abpoa_mc	10.8	92.84	2	0.4	14.26	6	3	5	1.0024	1.0	0.06	0.8698	1.0014	1.0	1.0	0.0	0.0	0.0	0.0303	1.0014	1.0	0.0	0.00409	4.32	1	1	0	1				0	1.0	0.0	0.0	1.0	0.0	1.0
TR455654	control_vntr_matched	poa_abpoa_mc	14.15	72.147	2.5	0.4412	20.39	10	3	7	1.0089	1.0	0.22	0.9065	1.0107	1.0068	1.0079	0.37	0.0	0.0	0.0303	1.0107	1.1511	1.09	0.00616	6.66	0	0	0	0				0	0.9432	0.0568	0.0	1.0926	0.25	1.25
TR460913	control_vntr_matched	poa_abpoa_mc	27.42	36.778	1.0	0.6111	35.8	12	2	7	1.0015	1.0	0.01	0.9904	1.0	1.002	1.0	0.03	0.0	0.0	0.0	1.0	1.0	0.0	0.01509	17.52	0	0	0	0				0	0.9163	0.0352	0.0485	1.0441	0.1569	1.1961
TR499275	control_vntr_matched	poa_abpoa_mc	6.9	145.167	1.0	0.5333	8.98	10	2	4	1.0	1.0	0.0	1.0	1.0	1.0	1.0	0.0	0.0	0.0	0.0	1.0	1.0	0.0	0.0	0.0	0	0	0	0				0	0.9701	0.0075	0.0224	1.0075	0.0	1.0
TR499276	control_vntr_matched	poa_abpoa_mc	8.92	112.4	1.0	0.675	11.6	13	2	5	1.0	1.0	0.0	1.0	1.0	1.0	1.0	0.0	0.0	0.0	0.0	1.0	1.0	0.0	0.0	0.0	0	0	0	0				0	1.0	0.0	0.0	1.0	0.0	1.0
TR573259	control_vntr_matched	poa_abpoa_mc	47.28	28.79	1.5	0.5	65.09	51	3	4	1.0422	1.0	5.38	0.6562	1.0422	1.0166	1.0166	4.7	0.11	0.0	0.1212	1.0422	1.0267	0.31	0.11833	186.02	0	0	0	0				0	0.8035	0.079	0.1175	1.1147	0.1064	1.2342
TR668316	control_vntr_matched	poa_abpoa_mc	21.22	59.215	1	0.5231	28.73	18	4	13	1.0132	1.0	0.87	0.8129	1.0125	1.013	1.0126	1.75	0.0	0.0	0.2759	1.0125	1.0105	0.29	0.02811	38.52	0	0	0	0				0	0.4228	0.1014	0.4743	1.1377	0.1014	1.1377
TR687433	control_vntr_matched	poa_abpoa_mc	2.39	419.125	462.5	0.25	2.98	3	2	4	1.0	1.0	0.0	1.0	1.0	1.0	1.0	0.0	0.0	0.0	0.0909	1.0	1.0	0.0	0.0	0.0	1	0	1	1				0	0.6594	0.0034	0.3372	1.0315	0.006	1.0552
TR687489	control_vntr_matched	poa_abpoa_mc	4.39	228.083	2.0	0.5	5.49	4	2	2	1.0	1.0	0.0	1.0	1.0	1.0	1.0	0.0	0.0	0.0	0.0	1.0	1.0	0.0	0.0	0.0	0	0	0	0				0	0.8352	0.0	0.1648	1.0019	0.0	1.0034
TR724750	control_vntr_matched	poa_abpoa_mc	108.8	10.043	1.0	0.6235	146.07	112	2	4	1.0141	1.0	0.2	0.8507	1.0141	1.0023	1.0023	0.1	0.0	0.0	0.0	1.0141	1.0848	0.14	0.21945	331.09	0	0	0	0				0	0.6401	0.2004	0.1596	1.2292	0.2619	1.3288
TR743754	control_vntr_matched	poa_abpoa_mc	15.05	66.727	1.0	0.5909	19.84	10	4	9	1.0062	1.0	0.36	0.875	1.0015	1.0035	1.0	0.43	0.0	0.0	0.0909	1.0015	1.0	0.0	0.00188	2.05	0	0	0	0				0	0.9157	0.0651	0.0192	1.067	0.1111	1.1389
TR831034	control_vntr_matched	poa_abpoa_mc	232.04	5.172	1.0	0.6311	327.2	360	9	27	1.4188	1.2964	29.59	0.1065	1.3622	1.2138	1.1769	45.57	1.18	2.0	2.1667	1.3622	3.926	47.12	0.15291	392.24	2	2	0	28				0	0.8272	0.1728	0.0	1.1728	0.375	1.375
L000034	hotspot_vntr	poa_abpoa_mc__all	571.79	3.827	1.0	0.6015	801.51	71	12	32	2.7609	3.2827	310.43	0.0072	3.0171	2.3482	2.5144	640.72	9.66	8.0	6.303	3.0171	3.5034	296.47	0.61268	3097.82	17	3	14	321	0.1818	1.0	1.0	10	0.2622	0.5573	0.1727	2.2738	0.6125	2.5129
L000289	hotspot_vntr	poa_abpoa_mc__all	760.5	2.194	1	0.771	1121.65	66	34	34	1.1384	1.1368	72.18	0.0018	1.1022	1.1379	1.1114	159.62	5.0	9.0	7.3636	1.1022	1.0213	10.46	0.78382	7868.5	5	5	0	690	0.4	1.0	1.0	16	0.6415	0.1394	0.2006	1.8621	0.1843	2.2387
L000308	control_vntr_matched	poa_abpoa_mc__all	21.42	47.148	1.0	0.5341	29.45	20	6	9	1.768	1.9348	189.59	0.2024	1.0119	1.3893	1.0021	248.52	0.18	1.0	1.9697	1.0119	1.0161	4.58	0.02976	33.59	0	0	0	0	0.5714	1.0	1.0	4	0.9433	0.0397	0.0151	1.0407	0.25	1.2656
L000381	control_vntr_matched	poa_abpoa_mc__all	29.64	34.908	1.0	0.6214	39.72	70	3	8	1.0169	1.0	0.12	0.8726	1.0236	1.0062	1.0087	0.11	0.0	1.0	1.0303	1.0236	1.7263	13.45	0.00872	10.51	0	0	0	1	1.0	1.0	1.0	1	0.994	0.0053	0.0	1.0053	0.0303	1.0312
L000407	control_vntr_correct	poa_abpoa_mc__all	10.65	97.31	3	0.3793	14.7	8	4	9	1.0492	1.0	1.67	0.9348	1.0656	1.0108	1.0142	0.84	0.0	1.0	0.5455	1.0656	1.0929	1.8	0.00168	1.84	0	0	0	0	0.0	1.0	1.0	1	0.9786	0.0214	0.0	1.0214	0.0693	1.0693
L000506	control_nontr_sv	poa_abpoa_mc__all	6.2	161.571	33	0.4286	8.86	1	5	5	1.0	1.0	0.0	1.0	1.0	1.0	1.0	0.0	0.0	0.0	0.4545	1.0	1.0	0.0	0.0	0.0	0	0	0	0	1.0	1.0	1.0	1	0.9145	0.0855	0.0	1.1966	0.3333	2.0
L000698	control_vntr_correct	poa_abpoa_mc__all	16.33	77.351	1	0.5088	22.64	16	4	9	1.056	1.0	1.9	0.8147	1.0918	1.0282	1.0444	2.08	0.07	1.0	1.0606	1.0918	1.1792	38.14	0.00902	12.03	0	0	0	0	0.6667	1.0	1.0	1	0.8931	0.0298	0.0771	1.0392	0.1429	1.1429
L000709	control_vntr_matched	poa_abpoa_mc__all	1.92	522.0	23.0	0.5	2.4	4	2	3	1.0	1.0	0.0	1.0	1.0	1.0	1.0	0.0	0.0	0.0	0.4545	1.0	1.0	0.0	0.0	0.0	4	0	4	4	1.0	1.0	1.0	1	0.9732	0.0095	0.0173	1.0095	0.0	1.0
L001084	hotspot_vntr	poa_abpoa_mc__all	410.28	7.099	1	0.7821	562.3	42	33	33	1.0362	1.042	17.43	0.0	1.0509	1.0424	1.0527	42.24	8.51	9.0	7.9394	1.0509	1.0169	5.82	0.53739	3255.91	0	0	0	358	0.069	1.0	1.0	17	0.283	0.0783	0.636	3.6552	0.0853	3.696
L001264	hotspot_vntr	poa_abpoa_mc__all	928.18	3.099	1.0	0.7456	1313.64	40	34	34	1.0893	1.0884	48.42	0.0	1.103	1.0978	1.1125	115.21	31.68	9.0	8.6667	1.103	1.0471	17.78	0.71575	7705.91	15	2	13	749	0.4118	1.0	1.0	19	0.2705	0.153	0.5587	3.6713	0.1498	4.0871
L001491	control_vntr_correct	poa_abpoa_mc__all	80.53	17.724	1.0	0.6327	107.64	31	4	9	1.0149	1.0109	3.32	0.3232	1.0107	1.0019	1.0	0.88	0.0	1.0	0.5152	1.0107	1.0	0.0	0.02625	50.12	2	2	0	3	1.0	1.0	1.0	1	0.9443	0.0	0.0352	1.0	0.0	1.0
L001527	control_nontr_sv	poa_abpoa_mc__all	36.19	27.927	1	0.6098	52.07	9	10	12	1.0001	1.0	0.02	0.981	1.0	1.0	1.0	0.0	0.0	0.0	0.2727	1.0	1.0	0.0	0.0	0.0	0	0	0	0	1.0	1.0	1.0	1	0.9703	0.0297	0.0	1.1683	0.0	1.0
L001894	control_vntr_matched	poa_abpoa_mc__all	39.31	26.217	1.0	0.5591	52.78	65	3	5	1.0617	1.0	1.77	0.6814	1.2825	1.0344	1.1164	2.25	0.03	1.0	1.0	1.2825	6.9312	30.74	0.0346	41.32	0	0	0	0	0.5	0.5		1	0.9844	0.0127	0.0021	1.0127	0.0	1.0
L001899	control_vntr_matched	poa_abpoa_mc__all	73.51	18.104	2.0	0.4861	102.6	19	5	9	1.476	1.0069	45.92	0.5	1.3633	1.4526	1.3447	92.89	13.27	1.0	0.7576	1.3633	1.3786	21.94	0.33438	542.11	0	0	0	0	1.0	1.0	1.0	1	0.3913	0.3739	0.2348	1.8841	0.3562	2.1119
L001909	hotspot_vntr	poa_abpoa_mc__all	328.03	4.593	1	0.5517	468.45	406	34	34	1.1428	1.1181	45.1	0.0	1.15	1.1438	1.1643	98.51	2.17	6.0	5.9697	1.15	1.1339	35.4	0.58665	2115.84	128	4	124	1052	0.1	0.1	1.0	11	0.1962	0.108	0.6883	3.975	0.1132	4.0741
L001922	control_vntr_correct	poa_abpoa_mc__all	40.94	25.703	1	0.5379	56.18	8	10	12	1.0242	1.0049	7.48	0.3063	1.0158	1.0318	1.0227	19.82	1.24	0.0	1.3636	1.0158	1.0146	2.66	0.146	181.54	0	0	0	0	0.5	1.0	1.0	3	0.4845	0.2148	0.2888	1.3802	0.2214	1.5662
L002013	hotspot_vntr	poa_abpoa_mc__all	948.19	3.638	1.0	0.6755	1351.75	34	32	32	1.47	1.4191	245.56	0.0	1.8603	1.4593	1.7967	513.55	41.84	5.0	5.3636	1.8603	1.9243	316.21	0.64858	5897.28	20	3	17	1172	0.1739	1.0	1.0	8	0.2718	0.0763	0.6443	2.1045	0.0668	2.2204
L002096	hotspot_vntr	poa_abpoa_mc__all	294.89	7.492	1	0.5913	413.69	50	25	33	1.5013	1.1276	116.44	0.0732	1.2189	1.4781	1.1975	238.53	8.81	10.0	10.0909	1.2189	1.1826	88.47	0.31876	1129.21	17	17	0	39	0.3614	1.0	1.0	16	0.2917	0.0907	0.598	1.3854	0.1068	1.4821
L002143	hotspot_vntr	poa_abpoa_mc__all	180.76	7.912	1.0	0.5777	245.61	89	15	23	3.1983	3.6603	144.52	0.257	4.0686	2.7501	3.226	295.45	12.0	7.0	4.5455	4.0686	6.5915	144.49	0.44604	1028.51	3	0	3	72	0.2857	0.531	1.0	13	0.323	0.2884	0.3848	1.9622	0.2876	2.2397
L002182	hotspot_vntr	poa_abpoa_mc__all	786.85	4.008	1	0.7802	1112.65	74	14	32	1.3214	1.079	173.44	0.0018	1.8023	1.3263	1.7057	370.08	9.01	3.0	3.5758	1.8023	1.7733	306.69	0.65434	6306.11	0	0	0	19	0.1818	1.0	1.0	6	0.3263	0.3837	0.284	2.3294	0.4423	2.6476
L002292	control_nontr_sv	poa_abpoa_mc__all	8.7	115.211	3	0.4737	12.37	3	4	6	1.0	1.0	0.0	1.0	1.0	1.0	1.0	0.0	0.0	0.0	0.4545	1.0	1.0	0.0	0.0	0.0	0	0	0	0	1.0	1.0	1.0	1	0.9839	0.0161	0.0	1.0482		
L002884	control_vntr_matched	poa_abpoa_mc__all	19.02	57.389	4.0	0.3889	26.15	27	2	12	1.0168	1.0	0.19	0.9091	1.0244	1.0064	1.0109	0.17	0.0	1.0	1.0303	1.0244	1.0541	4.41	0.01402	16.9	2	0	2	2	1.0	1.0	1.0	1	0.6873	0.0782	0.2345	1.0902	0.086	1.1135
L002940	hotspot_other	poa_abpoa_mc__all	443.56	3.675	1.0	0.7365	616.64	26	24	26	1.1492	1.0817	46.5	0.0278	1.1731	1.1616	1.2046	113.63	54.28	2.0	1.4848	1.1731	1.1615	38.13	0.42222	1236.39	0	0	0	24	0.0	1.0	1.0	4	0.454	0.3896	0.1442	2.2247	0.5209	2.714
L003119	control_vntr_correct	poa_abpoa_mc__all	4.13	242.667	78.5	0.4167	5.5	5	2	6	1.0008	1.0	0.09	0.9351	1.0009	1.0037	1.0038	0.76	0.0	1.0	0.9697	1.0009	1.0007	0.33	0.00068	0.69	0	0	0	0	1.0	1.0	1.0	1	0.4272	0.0099	0.5629	1.0613	0.0187	1.1156
L003171	control_nontr_sv	poa_abpoa_mc__all	11.28	88.917	47.5	0.5	14.1	4	2	2	1.003	1.003	1.11	0.0	1.003	1.0	1.0	0.0	0.0	1.0	1.0	1.003	1.0	0.0	0.0	0.0	0	0	0	0	1.0	1.0	1.0	1	1.0	0.0	0.0	1.0	0.0	1.0
L003672	control_vntr_correct	poa_abpoa_mc__all	18.2	57.511	1	0.5532	24.39	16	2	7	1.3072	1.3089	23.15	0.2361	1.3098	1.0146	1.0147	3.02	0.1	0.0	0.9697	1.3098	3.0904	40.56	0.02507	28.65	0	0	0	0	1.0	1.0	1.0	2	0.8701	0.0812	0.0487	1.0843	0.3333	1.358
L003695	hotspot_other	poa_abpoa_mc__all	129.12	10.906	2.0	0.4755	190.07	14	11	12	1.5605	1.971	81.44	0.0437	1.7297	1.59	1.716	195.14	1.32	2.0	2.4242	1.7297	1.8016	91.47	0.41799	935.44	0	0	0	0	0.6667	1.0	1.0	4	0.3177	0.3591	0.3204	2.4661	0.4131	2.8858
L003826	control_vntr_matched	poa_abpoa_mc__all	289.8	4.44	1	0.6261	405.95	33	32	33	1.6106	2.1692	47.66	0.0089	1.7291	1.6261	1.6647	121.03	3.43	0.0	0.7576	1.7291	2.1033	41.96	0.33623	870.85	1	0	1	30	0.0	0.0		1	0.3935	0.469	0.1348	2.8001	0.6154	3.3738
L003828	hotspot_other	poa_abpoa_mc__all	243.73	4.58	1	0.591	343.98	20	26	26	1.0732	1.0553	31.58	0.0073	1.0418	1.1309	1.0976	115.6	7.65	7.0	6.6667	1.0418	1.0165	15.19	0.37304	720.25	0	0	0	48	0.4444	1.0	1.0	12	0.5345	0.2155	0.25	2.3069	0.1556	2.3039
L003872	control_vntr_matched	poa_abpoa_mc__all	70.39	14.827	2.0	0.4327	97.8	35	6	7	1.1879	1.2094	18.76	0.1344	1.1613	1.0665	1.0666	19.63	0.49	1.0	1.0	1.1613	1.8501	28.21	0.02711	37.9	0	0	0	0	1.0	1.0	1.0	2	0.9743	0.0238	0.0	1.0238	0.0204	1.0204
L003883	control_nontr_sv	poa_abpoa_mc__all	32.61	137.852	1	0.5926	42.27	2	3	3	1.0003	1.0003	0.4	0.0525	1.0003	1.0	1.0	0.0	0.0	1.0	0.5152	1.0003	1.0	0.0	0.0	0.0	0	0	0	0	1.0	1.0	1.0	1	0.9974	0.0026	0.0	1.0026	0.0	1.0
L004021	control_vntr_matched	poa_abpoa_mc__all	21.97	45.841	1.0	0.5941	29.6	43	6	20	1.0211	1.0	1.0	0.8887	1.0005	1.0045	1.0003	0.45	0.0	1.0	1.1515	1.0005	1.0234	0.79	0.01303	14.86	0	0	0	1	1.0	1.0	1.0	1	0.9885	0.0098	0.0	1.0098	0.0345	1.0357
L004145	hotspot_vntr	poa_abpoa_mc__all	168.07	7.691	1	0.5414	232.01	535	22	31	1.8324	1.9493	163.6	0.0364	1.8586	1.5007	1.5481	296.03	47.7	4.0	7.871	1.8586	1.9941	150.17	0.16563	292.75	1	0	1	10	0.3415	1.0	1.0	16	0.7566	0.2099	0.0335	1.4151	0.4802	2.0563
L004620	control_nontr_sv	poa_abpoa_mc__all	11.32	88.545	6	0.4545	14.4	3	3	5	1.0002	1.0	0.06	0.9494	1.0032	1.0004	1.0063	0.25	0.0	1.0	0.5152	1.0032	1.0	0.0	0.0	0.0	0	0	0	0	1.0	1.0	1.0	1	0.9531	0.0469	0.0	1.0469	0.0	1.0
L004848	hotspot_other	poa_abpoa_mc__all	729.95	2.172	1.0	0.7854	1041.77	77	27	30	1.4708	1.4421	103.57	0.0	1.3123	1.517	1.3252	272.9	25.64	4.0	3.8182	1.3123	1.2165	58.33	0.71734	4750.36	5	1	4	99	0.4	0.4		2	0.3884	0.281	0.1777	2.1992	0.2687	2.4211
L004989	hotspot_other	poa_abpoa_mc__all	486.1	2.619	1.0	0.8009	719.13	39	14	29	1.4164	1.46	82.61	0.0108	1.1303	1.504	1.2968	230.44	8.05	3.0	2.7273	1.1303	1.0418	14.44	0.55094	1786.43	0	0	0	88	0.0	0.0	1.0	4	0.4698	0.2886	0.2282	2.0717	0.4096	2.6263
L005064	hotspot_other	poa_abpoa_mc__all	300.43	4.813	1	0.527	435.21	59	19	29	1.3696	1.3433	64.37	0.0739	1.4151	1.3957	1.468	150.53	3.74	2.0	1.9091	1.4151	1.4044	40.69	0.47083	1257.95	3	0	3	60	0.5	1.0	1.0	2	0.5417	0.1616	0.2735	1.817	0.2152	2.5283
L005261	hotspot_other	poa_abpoa_mc__all	1086.15	2.691	1	0.7224	1551.8	80	17	26	1.0592	1.0571	23.53	0.0409	1.0306	1.1794	1.1423	149.69	5.23	2.0	1.9091	1.0306	1.0008	0.34	0.72199	7156.0	28	28	0	146	0.0	1.0	1.0	5	0.4762	0.4286	0.0909	2.042	0.537	2.4922
L005411	hotspot_vntr	poa_abpoa_mc__all	176.61	6.403	1.0	0.6114	249.02	169	17	33	1.9492	2.3383	64.16	0.0018	1.278	1.7919	1.2591	142.46	2.05	3.0	3.6364	1.278	1.2965	59.07	0.52655	1220.68	14	14	0	157	0.25	0.25	1.0	4	0.2286	0.5251	0.2279	2.5708	0.5482	2.6181
L005481	hotspot_vntr	poa_abpoa_mc__all	199.47	6.708	1.0	0.5997	279.32	56	15	23	1.9378	1.1296	109.19	0.2528	3.6922	1.9663	3.2517	238.55	0.89	8.0	7.3636	3.6922	4.2486	429.68	0.45946	1040.09	14	0	14	71	0.3333	1.0	1.0	9	0.3754	0.2751	0.3295	2.1757	0.3738	2.7101
L005618	hotspot_other	poa_abpoa_mc__all	662.2	1.98	1.0	0.715	937.74	117	30	32	1.3112	1.3101	77.63	0.0	1.1949	1.352	1.2883	210.43	2.96	5.0	4.303	1.1949	1.0725	17.59	0.78061	5755.44	2	0	2	304	0.6614	1.0	1.0	13	0.5631	0.2092	0.1477	1.9547	0.3351	2.5889
L005688	control_nontr_sv	poa_abpoa_mc__all	178.37	7.969	1	0.6299	238.76	39	3	5	1.0235	1.0241	5.03	0.3571	1.0236	1.0	1.0	0.0	0.0	1.0	0.8182	1.0236	1.0158	4.01	0.0	0.0	0	0	0	0	1.0	1.0	1.0	1	1.0	0.0	0.0	1.0	0.0	1.0
L005990	hotspot_vntr	poa_abpoa_mc__all	185.04	10.233	2	0.4363	274.44	29	30	32	1.2446	1.0531	39.9	0.0786	1.743	1.2552	1.6638	88.34	25.73	6.0	5.7097	1.743	1.7513	168.04	0.39877	1250.57	35	35	0	238	0.1667	1.0	1.0	7	0.4714	0.0825	0.4293	1.693	0.116	2.0913
L006556	control_nontr_sv	poa_abpoa_mc__all	16.2	62.0	1	0.5333	20.52	4	3	4	1.0033	1.0033	1.12	0.1373	1.0033	1.0	1.0	0.0	0.0	1.0	0.5152	1.0033	1.0	0.0	0.0	0.0	0	0	0	0	1.0	1.0	1.0	1	0.9846	0.0154	0.0	1.0154	0.0	1.0
L006952	hotspot_vntr	poa_abpoa_mc__all	762.38	2.054	1.0	0.6659	1061.17	12	20	28	1.0475	1.0137	29.44	0.0426	1.0876	1.0838	1.1185	107.59	1.93	6.0	5.5455	1.0876	1.0392	19.19	0.77553	5891.8	1	1	0	30	0.0	1.0	1.0	8	0.5245	0.2302	0.0717	2.2139	0.2182	2.5721
L007009	hotspot_vntr	poa_abpoa_mc__all	388.91	3.742	1.0	0.6831	537.89	147	23	27	1.0499	1.0274	46.28	0.0622	1.051	1.0539	1.0579	102.58	11.64	11.0	12.6364	1.051	1.0349	27.57	0.62067	2475.55	23	8	15	834	0.2985	1.0	1.0	38	0.1801	0.2255	0.5881	3.0103	0.2076	3.2054
L007033	control_vntr_correct	poa_abpoa_mc__all	24.84	43.238	1	0.5238	33.12	5	3	3	1.0013	1.0014	1.7	0.0	1.0013	1.0002	1.0005	0.63	0.04	1.0	1.0303	1.0013	1.0001	0.15	0.07268	85.17	0	0	0	0	1.0	1.0	1.0	1	0.902	0.0784	0.0196	1.0882	0.0	1.25
L007040	hotspot_vntr	poa_abpoa_mc__all	86.05	12.298	1	0.6463	121.11	140	21	27	1.2013	1.4441	86.99	0.0218	1.0147	1.1925	1.0182	178.14	18.09	21.0	20.2727	1.0147	1.0062	8.57	0.35519	577.45	0	0	0	33	0.0465	1.0	1.0	33	0.1631	0.4798	0.3558	2.8513	0.4747	3.0952
L007065	control_vntr_matched	poa_abpoa_mc__all	9.17	111.051	1	0.5128	12.22	8	7	9	1.0003	1.0	0.02	0.9515	1.0	1.0	1.0	0.0	0.0	1.0	0.5455	1.0	1.0	0.0	0.0033	3.53	0	0	0	0	1.0	1.0	1.0	1	0.9792	0.0104	0.0104	1.0106	0.0385	1.0385
L007081	hotspot_vntr	poa_abpoa_mc__all	821.17	4.741	1.0	0.7015	1261.22	54	33	33	1.1528	1.0911	65.23	0.0	1.0561	1.2118	1.1273	193.32	19.96	5.0	5.0	1.0561	1.0435	20.65	0.59124	6403.88	37	34	3	502	0.4167	1.0	1.0	16	0.2312	0.2261	0.5226	3.6254	0.2273	4.07
L007161	hotspot_other	poa_abpoa_mc__all	329.41	3.623	1.0	0.6597	459.33	102	21	25	1.5673	1.6106	89.05	0.1533	1.708	1.4944	1.5003	211.21	2.49	2.0	3.2727	1.708	1.6132	71.57	0.3925	908.31	0	0	0	0	0.6667	1.0	1.0	7	0.5666	0.1235	0.293	1.3759	0.1027	1.5991
L007172	control_vntr_matched	poa_abpoa_mc__all	160.85	9.132	1.0	0.5165	222.33	9	10	11	1.1284	1.0148	23.06	0.3647	1.0978	1.1206	1.0973	45.78	8.01	1.0	0.7576	1.0978	1.0906	8.04	0.26138	528.75	0	0	0	0	1.0	1.0	1.0	1	0.603	0.0807	0.3114	1.2177	0.0995	1.4175
L007184	hotspot_other	poa_abpoa_mc__all	85.71	12.072	2	0.4775	125.1	7	12	21	1.145	1.0325	27.27	0.1798	1.0165	1.1516	1.0362	61.14	8.89	3.0	2.3636	1.0165	1.0104	3.31	0.12011	172.97	0	0	0	8	0.0	1.0	1.0	2	0.7232	0.0893	0.1786	1.2884	0.1852	1.7996
L007192	control_nontr_sv	poa_abpoa_mc__all	32.12	42.409	1.0	0.5455	45.26	5	6	11	1.0047	1.0	0.75	0.7087	1.0041	1.0158	1.0141	5.23	0.37	0.0	0.2424	1.0041	1.0041	0.34	0.01772	26.28	0	0	0	0	1.0	1.0	1.0	1	0.9204	0.0796	0.0	1.2212	0.4444	2.3333
L007376	control_vntr_matched	poa_abpoa_mc__all	6.61	151.562	1.0	0.5625	8.78	23	7	9	1.0015	1.0	0.25	0.748	1.0017	1.0029	1.0022	0.98	0.02	1.0	1.1212	1.0017	1.0	0.0	0.00653	6.72	1	0	1	1	1.0	1.0	1.0	1	0.9183	0.0336	0.0481	1.0336	0.022	1.022
L007480	hotspot_other	poa_abpoa_mc__all	483.11	4.475	1	0.7276	673.98	18	16	21	1.2456	1.2725	73.23	0.0156	1.1383	1.2909	1.1885	180.7	9.69	2.0	2.4848	1.1383	1.0942	24.42	0.44715	1805.57	0	0	0	61	0.4	1.0	1.0	4	0.3874	0.2736	0.3341	2.2608	0.2842	2.6324
L007687	control_vntr_matched	poa_abpoa_mc__all	52.17	21.138	1.0	0.6014	70.32	34	5	10	1.0555	1.0	4.37	0.7876	1.0359	1.0406	1.0303	6.71	0.36	1.0	0.697	1.0359	1.0904	3.91	0.12627	169.38	0	0	0	0	1.0	1.0	1.0	1	0.7681	0.1225	0.1072	1.1692	0.1692	1.2744
L007717	control_vntr_matched	poa_abpoa_mc__all	57.84	17.715	2.0	0.4492	80.89	61	8	21	1.0442	1.0489	2.75	0.2318	1.0653	1.0315	1.0473	4.8	0.42	0.0	0.5455	1.0653	1.2531	10.16	0.05852	80.66	2	2	0	2	1.0	1.0	1.0	1	0.9601	0.0206	0.0151	1.0253	0.0	1.0455
L007798	hotspot_other	poa_abpoa_mc__all	766.51	6.955	1.0	0.6242	1071.79	34	32	32	1.1197	1.1087	85.02	0.0018	1.0896	1.1273	1.1093	186.52	42.57	9.0	9.7273	1.0896	1.0626	38.59	0.5661	5125.0	1	0	1	797	0.3333	1.0	1.0	17	0.2696	0.1391	0.5899	2.2302	0.1281	2.4026
L007844	hotspot_other	poa_abpoa_mc__all	1640.85	1.766	1.0	0.7872	2320.93	95	34	34	1.326	1.3543	120.78	0.0	1.2757	1.344	1.324	298.5	3.21	3.0	2.7879	1.2757	1.1465	54.14	0.79738	13120.72	331	331	0	724	0.5	1.0	1.0	8	0.3324	0.3493	0.2197	2.1707	0.3502	2.3277
L008216	hotspot_vntr	poa_abpoa_mc__all	160.71	8.43	1	0.6237	218.18	17	19	21	2.4191	2.1714	199.79	0.1543	2.4526	2.2443	2.1784	399.83	12.52	3.0	4.4242	2.4526	3.132	203.88	0.36755	801.54	1	1	0	1	0.5	1.0	1.0	8	0.4494	0.3015	0.2491	1.8015	0.29	1.952
L008631	control_nontr_sv	poa_abpoa_mc__all	19.91	74.286	3.5	0.4286	28.45	3	6	8	1.0	1.0	0.0	1.0	1.0	1.0	1.0	0.0	0.0	0.0	0.1818	1.0	1.0	0.0	0.0	0.0	0	0	0	0	1.0	1.0	1.0	1	0.9139	0.0861	0.0	1.2185	0.1282	1.4615
L008864	hotspot_vntr	poa_abpoa_mc__all	1513.37	4.611	1	0.6298	2220.08	30	11	28	1.3411	1.5176	190.97	0.0	1.5875	1.3775	1.603	453.25	46.05	7.0	7.6667	1.5875	1.5798	244.19	0.61797	9791.18	73	71	2	703	0.25	1.0	1.0	16	0.2411	0.3577	0.3933	2.9891	0.3934	3.3709
L008877	hotspot_other	poa_abpoa_mc__all	1234.46	2.911	1	0.6373	1797.54	16	30	30	2.2441	2.4035	304.42	0.0018	1.363	2.0528	1.3473	629.27	35.37	6.0	5.697	1.363	1.3465	156.62	0.62182	5870.86	26	20	6	178	0.3704	1.0	1.0	16	0.3493	0.269	0.3451	2.2184	0.3233	2.5556
L008887	control_vntr_correct	poa_abpoa_mc__all	14.66	77.868	1.0	0.5263	19.68	14	2	7	1.0067	1.0	0.09	0.9063	1.0077	1.0021	1.0027	0.06	0.0	2.0	2.0	1.0077	1.0094	1.2	0.01559	18.9	0	0	0	0	1.0	1.0	1.0	2	0.9684	0.0111	0.0205	1.0143	0.0455	1.1288
L008902	control_vntr_correct	poa_abpoa_mc__all	48.65	22.372	3	0.3796	68.18	54	2	7	1.2621	1.2818	15.61	0.191	1.0235	1.0109	1.0	2.16	0.53	1.0	1.0	1.0235	1.5547	17.14	0.02803	38.71	0	0	0	0	1.0	1.0	1.0	2	0.9682	0.0212	0.0088	1.0257	0.0909	1.2273
L008976	hotspot_vntr	poa_abpoa_mc__all	888.47	4.37	1	0.7511	1234.59	174	28	28	1.1297	1.0823	79.29	0.0	1.3893	1.1339	1.3739	172.63	12.74	7.0	7.8519	1.3893	1.3486	163.87	0.5489	5492.63	353	1	352	2129	0.2564	1.0	1.0	15	0.1808	0.1925	0.6142	2.7809	0.1839	2.9235
L009000	hotspot_vntr	poa_abpoa_mc__all	417.67	3.633	1	0.6762	600.31	18	34	34	1.2645	1.3021	139.5	0.0	1.0693	1.2754	1.1025	326.65	43.04	22.0	21.2424	1.0693	1.0405	41.52	0.7437	3957.39	8	8	0	780	0.4589	1.0	1.0	40	0.4191	0.25	0.3272	2.8384	0.2139	3.1919
L009283	control_nontr_sv	poa_abpoa_mc__all	19.13	52.533	1	0.5333	24.23	5	2	4	1.0078	1.0074	1.17	0.1933	1.0074	1.0	1.0	0.0	0.0	0.0	0.4848	1.0074	1.0	0.0	0.0	0.0	0	0	0	0	1.0	1.0	1.0	1	1.0	0.0	0.0	1.0	0.0	1.0
L009398	hotspot_vntr	poa_abpoa_mc__all	99.44	11.448	2.0	0.3763	145.05	22	10	25	1.0549	1.0205	19.55	0.0601	1.05	1.0862	1.0798	63.35	5.82	3.0	2.9375	1.05	1.0344	10.14	0.2954	477.7	4	4	0	63	0.4444	1.0	1.0	6	0.1889	0.4167	0.3889	2.5937	0.4155	2.868
L009448	hotspot_vntr	poa_abpoa_mc__all	1377.85	1.511	1.0	0.7256	1912.25	82	24	24	1.3763	1.4192	198.04	0.0	1.7293	1.3968	1.6591	469.11	10.05	6.0	6.3913	1.7293	1.6316	224.42	0.85109	11471.75	11	7	4	1312	0.2632	1.0	1.0	12	0.4713	0.2249	0.2632	2.1132	0.2271	2.3965
L009600	control_nontr_sv	poa_abpoa_mc__all	2.96	372.333	409	0.0	2.96	1	2	2	1.0	1.0	0.0	1.0	1.0	1.0	1.0	0.0	0.0	1.0	1.0	1.0	1.0	0.0	0.0	0.0	0	0	0	0	1.0	1.0	1.0	1	1.0	0.0	0.0	1.0	0.0	1.0
L009656	hotspot_vntr	poa_abpoa_mc__all	260.17	5.628	1	0.598	362.18	5	26	26	1.2865	1.2609	70.74	0.0567	1.323	1.2532	1.2985	134.74	3.73	2.0	2.5758	1.323	1.3863	61.72	0.39652	1021.63	0	0	0	0	0.0	1.0	1.0	4	0.5006	0.0964	0.3949	1.2896	0.092	1.3802
L009658	hotspot_vntr	poa_abpoa_mc__all	360.26	3.667	1.0	0.621	515.19	124	28	31	1.887	2.1337	191.67	0.0	1.1841	1.821	1.2894	424.2	24.31	11.0	10.8065	1.1841	1.1038	50.06	0.63558	1946.82	6	6	0	221	0.2286	1.0	1.0	19	0.1499	0.244	0.5812	2.8165	0.2454	3.0047
L009770	control_vntr_matched	poa_abpoa_mc__all	14.74	68.145	1	0.5797	19.65	15	2	7	1.007	1.0	0.8	0.6393	1.003	1.006	1.0019	1.41	0.0	1.0	1.0909	1.003	1.0	0.0	0.04455	48.48	0	0	0	0	1.0	1.0	1.0	1	0.7672	0.0377	0.1951	1.0482	0.0875	1.1333
L009771	control_vntr_correct	poa_abpoa_mc__all	10.24	107.25	10.5	0.5	12.8	4	2	2	1.0	1.0	0.0	1.0	1.0	1.0	1.0	0.0	0.0	1.0	1.0	1.0	1.0	0.0	0.01413	16.21	0	0	0	0	1.0	1.0	1.0	1	0.9505	0.0495	0.0	1.0495	0.25	1.25
L009803	hotspot_vntr	poa_abpoa_mc__all	621.61	2.013	1	0.7596	858.01	248	28	30	1.168	1.1533	78.33	0.0	1.0823	1.2045	1.1316	207.17	16.19	9.0	7.6061	1.0823	1.012	7.36	0.78412	4568.75	5	3	2	370	0.4286	1.0	1.0	14	0.3954	0.3265	0.273	2.295	0.3767	2.5508
L009885	control_vntr_correct	poa_abpoa_mc__all	31.9	32.113	4	0.4211	44.85	14	16	17	1.0046	1.0	0.32	0.7951	1.043	1.0058	1.0436	0.85	0.0	0.0	0.0606	1.043	1.0885	5.87	0.04078	48.21	0	0	0	0	0.0	0.0	1.0	0	0.7898	0.1943	0.0096	1.2323	0.5	1.6841
L010060	hotspot_other	poa_abpoa_mc__all	168.13	9.4	1	0.5533	241.13	5	21	24	1.4232	1.2817	62.13	0.0055	1.8147	1.3426	1.6496	113.13	9.53	3.0	3.1515	1.8147	2.023	96.84	0.30803	741.34	0	0	0	0	0.6667	1.0	1.0	2	0.6996	0.1581	0.1265	1.3501	0.1709	1.4449
L010113	control_vntr_correct	poa_abpoa_mc__all	13.66	73.951	1	0.5854	18.32	14	2	8	1.0	1.0	0.0	1.0	1.0	1.0	1.0	0.0	0.01	0.0	0.4848	1.0	1.0	0.0	0.01447	15.66	0	0	0	0	1.0	1.0	1.0	1	0.9357	0.0508	0.0135	1.0513	0.0909	1.101
L010328	hotspot_vntr	poa_abpoa_mc__all	2137.76	3.736	1	0.6966	2985.71	5	29	29	1.275	1.4052	136.2	0.0096	1.2811	1.3362	1.3201	358.08	58.23	7.0	8.2188	1.2811	1.206	108.12	0.79454	16357.48	7	2	5	533	0.4762	1.0	1.0	11	0.2584	0.2738	0.4576	2.6781	0.2919	3.0495
L010350	control_vntr_matched	poa_abpoa_mc__all	6.24	165.37	1.0	0.587	8.27	16	2	11	1.0	1.0	0.0	1.0	1.0	1.0126	1.0128	0.46	0.0	2.0	1.2727	1.0	1.0	0.0	0.0	0.0	0	0	0	0	0.0	1.0	1.0	2	0.9485	0.0297	0.0218	1.0318	0.0889	1.1222
L010452	control_nontr_sv	poa_abpoa_mc__all	11.21	96.0	13	0.4444	13.7	3	2	2	1.0	1.0	0.0	1.0	1.0	1.0	1.0	0.0	0.0	1.0	0.9697	1.0	1.0	0.0	0.0	0.0	0	0	0	0	1.0	1.0	1.0	1	1.0	0.0	0.0	1.0	0.0	1.0
L010508	control_vntr_correct	poa_abpoa_mc__all	18.14	56.547	1.0	0.5781	24.09	22	2	11	1.0106	1.0	0.16	0.9251	1.0052	1.0164	1.008	0.53	0.0	1.0	0.5152	1.0052	1.125	1.2	0.01491	16.72	0	0	0	0	1.0	1.0	1.0	1	0.9651	0.0302	0.0048	1.0307	0.1667	1.1778
L011121	control_vntr_correct	poa_abpoa_mc__all	44.69	25.781	1.0	0.5439	59.98	8	6	10	1.0322	1.0	1.87	0.8827	1.1504	1.0255	1.1215	3.1	0.11	1.0	1.0909	1.1504	1.1722	20.81	0.03975	53.31	0	0	0	0	1.0	1.0	1.0	1	0.9235	0.0261	0.0485	1.027	0.0274	1.0294
L011138	hotspot_vntr	poa_abpoa_mc__all	251.71	9.395	1	0.6916	343.69	273	18	28	1.1047	1.1009	44.73	0.0251	1.3434	1.1112	1.3074	97.85	4.56	8.0	9.2812	1.3434	1.3284	102.33	0.39291	1530.9	1	1	0	3	0.2105	1.0	1.0	15	0.1283	0.2472	0.6201	2.2958	0.2519	2.328
L011224	control_vntr_correct	poa_abpoa_mc__all	89.64	14.177	2	0.4545	123.01	39	3	13	1.0657	1.0112	8.33	0.2671	1.0497	1.049	1.0414	13.79	0.05	1.0	1.0909	1.0497	1.0547	5.2	0.08069	132.32	1	0	1	1	1.0	1.0	1.0	2	0.7698	0.0629	0.1655	1.084	0.0522	1.1184
L011227	control_vntr_matched	poa_abpoa_mc__all	56.46	21.745	2.0	0.4314	78.05	25	6	11	1.4774	1.0059	24.78	0.2664	1.3443	1.4183	1.3327	48.16	1.11	1.0	0.8182	1.3443	1.3655	10.85	0.15982	234.71	0	0	0	0	1.0	1.0	1.0	1	0.5182	0.1383	0.3359	1.2807	0.2323	1.5153
L011430	control_vntr_matched	poa_abpoa_mc__all	75.52	14.332	2.0	0.3156	109.87	53	6	13	1.4373	1.2145	21.68	0.2046	1.173	1.2575	1.107	35.93	2.39	1.0	0.697	1.173	1.9194	24.93	0.18159	268.03	0	0	0	0	1.0	1.0	1.0	1	0.7976	0.1567	0.0258	1.2028	0.3826	1.5018
L011463	hotspot_vntr	poa_abpoa_mc__all	125.04	9.614	1	0.5238	175.4	123	11	27	1.9874	2.0766	145.97	0.029	1.4595	1.4388	1.2364	192.5	3.4	7.0	6.7273	1.4595	1.652	130.01	0.18804	342.46	31	0	31	64	0.4	1.0	1.0	12	0.5977	0.3123	0.09	1.736	0.5278	2.5147
L011931	control_nontr_sv	poa_abpoa_mc__all	24.87	76.208	2.0	0.5	35.23	4	8	8	1.0012	1.0012	0.49	0.2684	1.0012	1.0	1.0	0.0	0.0	1.0	0.5152	1.0012	1.0	0.0	0.0	0.0	0	0	0	0	1.0	1.0	1.0	1	0.9783	0.0217	0.0	1.0652	0.0	1.0
L012184	hotspot_vntr	poa_abpoa_mc__all	737.97	4.868	1.0	0.6939	1044.55	56	30	31	1.6403	1.8382	146.39	0.0081	1.1307	1.5896	1.1715	329.7	11.64	9.0	9.2258	1.1307	1.1046	56.7	0.59261	4187.85	2	2	0	99	0.4211	1.0	1.0	19	0.2125	0.1437	0.6238	2.8157	0.1381	2.8995
L012256	hotspot_other	poa_abpoa_mc__all	142.03	10.62	2	0.4476	206.36	33	21	30	1.3425	1.262	106.66	0.1277	1.3457	1.3319	1.3276	219.06	14.88	5.0	3.7879	1.3457	1.3569	91.3	0.38751	818.62	0	0	0	7	0.2222	0.2222	0.9412	13	0.4595	0.2432	0.2875	2.2259	0.3155	2.7672
L012294	hotspot_vntr	poa_abpoa_mc__all	508.09	8.077	1.0	0.5225	758.23	75	25	33	1.1265	1.1143	80.71	0.0	1.2993	1.1531	1.309	204.39	4.39	7.0	6.8485	1.2993	1.3134	138.72	0.37971	2704.68	0	0	0	489	0.1481	1.0	1.0	19	0.1767	0.1223	0.6971	3.2179	0.1098	3.5126
L012313	control_vntr_matched	poa_abpoa_mc__all	20.32	50.538	1	0.6154	27.82	21	4	14	1.0656	1.0	1.6	0.8622	1.3285	1.001	1.0	0.06	0.11	2.0	1.6364	1.3285	2.3528	25.55	0.00549	6.25	1	1	0	1	1.0	1.0	1.0	2	0.8887	0.0402	0.0711	1.0549	0.0504	1.0966
L012489	hotspot_other	poa_abpoa_mc__all	170.7	7.973	1.0	0.5292	242.53	50	29	30	1.6557	1.6345	82.08	0.0252	1.6536	1.2606	1.3414	95.51	1.25	2.0	1.5152	1.6536	2.252	86.86	0.15999	368.07	0	0	0	15	0.4	1.0	1.0	2	0.5174	0.3591	0.1236	1.8762	0.5347	2.4371
L012530	control_nontr_sv	poa_abpoa_mc__all	28.28	35.727	1.5	0.5	37.28	7	3	7	1.0	1.0	0.0	1.0	1.0	1.0	1.0	0.0	0.0	0.0	0.4848	1.0	1.0345	2.58	0.0	0.0	0	0	0	0	1.0	1.0	1.0	1	0.9355	0.0645	0.0	1.0645		
L013000	control_vntr_correct	poa_abpoa_mc__all	43.93	24.457	1.0	0.5479	61.68	1	22	22	1.9953	1.1667	90.58	0.4053	1.0326	1.9553	1.0492	183.46	4.77	3.0	2.9394	1.0326	1.0471	10.76	0.10604	137.85	1	1	0	2	0.0	1.0	1.0	4	0.6901	0.1116	0.157	1.199	0.1062	1.1906
L013064	hotspot_other	poa_abpoa_mc__all	282.34	5.223	1	0.5062	414.19	76	17	32	2.0106	2.1778	87.14	0.0304	1.8426	1.648	1.6273	181.12	7.48	3.0	3.2727	1.8426	1.9141	137.9	0.38372	1110.22	0	0	0	84	0.3636	1.0	1.0	6	0.7616	0.2209	0.0174	1.4157	0.6047	2.3605
L013074	control_vntr_correct	poa_abpoa_mc__all	3.95	253.778	1	0.5926	5.11	9	2	3	1.0015	1.0	0.43	0.8675	1.0015	1.0	1.0	0.0	0.0	1.0	1.0	1.0015	1.0	0.0	0.00171	1.75	0	0	0	0	1.0	1.0	1.0	1	0.9976	0.0	0.0	1.0	0.0	1.0
L013244	hotspot_vntr	poa_abpoa_mc__all	189.64	18.486	2	0.4763	259.93	4	17	17	1.4731	1.88	187.86	0.0954	1.6454	1.4831	1.6505	395.18	74.73	4.0	5.303	1.6454	1.6185	150.42	0.23845	1039.05	0	0	0	0	0.5556	1.0	1.0	9	0.1834	0.0552	0.7554	1.7117	0.0592	1.7743
L013399	control_nontr_sv	poa_abpoa_mc__all	9.12	239.833	167.5	0.3333	10.64	2	2	3	1.0	1.0	0.0	1.0	1.0	1.0	1.0	0.0	0.0	1.0	0.7879	1.0	1.0	0.0	0.0	0.0	0	0	0	0	1.0	1.0	1.0	1	0.9957	0.0043	0.0	1.0043	0.0	1.0
L013531	hotspot_other	poa_abpoa_mc__all	272.55	5.154	1	0.5905	412.46	7	20	21	1.3101	1.2415	70.65	0.0653	1.0791	1.2999	1.1268	151.53	44.5	4.0	3.7576	1.0791	1.063	27.51	0.4422	1180.05	1	0	1	29	0.3333	1.0	1.0	7	0.5686	0.1961	0.1176	1.6983	0.3333	2.9608
L014111	control_vntr_matched	poa_abpoa_mc__all	33.68	30.796	1.0	0.5493	45.78	51	3	4	1.112	1.0993	7.1	0.1599	1.1153	1.0022	1.0023	0.38	0.0	2.0	1.0606	1.1153	4.6202	29.44	0.01482	18.26	0	0	0	0	1.0	1.0	1.0	2	0.997	0.0015	0.0	1.0015	0.0	1.0
L014160	hotspot_vntr	poa_abpoa_mc__all	246.94	5.053	1	0.6061	344.71	89	34	34	1.414	1.411	80.0	0.0321	1.6293	1.3299	1.4192	159.98	10.26	3.0	6.4848	1.6293	1.7906	122.46	0.33685	757.81	1	0	1	32	0.3125	0.3125	1.0	13	0.6511	0.3008	0.0466	1.4602	0.4785	1.9439
L014181	control_vntr_matched	poa_abpoa_mc__all	56.82	21.763	2	0.4791	77.17	68	4	5	1.5089	1.1704	60.48	0.2381	1.2067	1.4523	1.2463	119.46	16.03	1.0	1.1212	1.2067	1.152	8.98	0.19001	271.41	0	0	0	0	1.0	1.0	1.0	1	0.6648	0.2486	0.0824	1.2871	0.375	1.4758
L014210	hotspot_vntr	poa_abpoa_mc__all	187.31	8.326	1.0	0.5684	255.02	90	9	13	2.0015	1.7737	260.22	0.1033	2.733	1.8805	2.3672	530.94	14.66	14.0	13.303	2.733	2.909	365.26	0.4389	1124.51	12	0	12	27	0.2553	1.0	1.0	26	0.4651	0.1813	0.347	1.5401	0.1857	1.5862
L014297	hotspot_vntr	poa_abpoa_mc__all	200.86	6.8	1	0.5008	272.24	58	12	15	1.4521	1.6078	90.79	0.008	1.4013	1.5672	1.3805	236.77	0.63	4.0	4.3939	1.4013	1.3321	139.08	0.55204	1385.79	0	0	0	0	0.2222	1.0	1.0	4	0.2658	0.3887	0.3322	3.2749	0.3318	3.638
L014324	control_vntr_correct	poa_abpoa_mc__all	22.28	53.286	1.0	0.5714	29.83	18	3	6	1.054	1.0	5.27	0.5806	1.0807	1.0641	1.0947	12.92	0.15	2.0	1.9697	1.0807	1.0691	10.78	0.05482	70.41	0	0	0	0	0.0	1.0	1.0	2	0.8579	0.0486	0.0935	1.0554	0.0698	1.0809
L014358	hotspot_vntr	poa_abpoa_mc__all	326.99	6.862	1.0	0.5582	474.98	19	29	31	1.1538	1.08	47.6	0.0126	1.1209	1.185	1.1725	121.33	24.89	2.0	1.8182	1.1209	1.1158	29.98	0.47457	2078.22	7	1	6	239	0.6667	1.0	1.0	6	0.2222	0.1548	0.623	3.1242	0.1439	3.4352
L014426	control_vntr_correct	poa_abpoa_mc__all	21.74	46.244	4	0.3415	30.75	10	3	9	1.0889	1.047	18.09	0.3041	1.0035	1.0693	1.0099	29.81	0.08	0.0	0.9697	1.0035	1.0073	1.07	0.0077	8.48	1	1	0	1	1.0	1.0	1.0	2	0.8391	0.1494	0.0115	1.1772	0.125	1.1406
L014899	control_nontr_sv	poa_abpoa_mc__all	6.0	166.833	109.5	0.3333	7.0	2	2	2	1.0	1.0	0.0	1.0	1.0	1.0	1.0	0.0	0.0	1.0	0.5455	1.0	1.0	0.0	0.0	0.0	0	0	0	0	1.0	1.0	1.0	1	1.0	0.0	0.0	1.0		
L015126	hotspot_other	poa_abpoa_mc__all	684.87	2.136	1	0.7371	980.61	91	24	30	1.7453	1.928	107.82	0.0036	2.2049	1.8167	1.9244	285.24	3.53	5.0	4.9697	2.2049	2.212	138.25	0.7519	4228.51	2	1	1	12	0.0	0.0	1.0	4	0.4959	0.2764	0.1084	2.9685	0.3511	4.4949
L015223	control_vntr_matched	poa_abpoa_mc__all	44.33	34.164	4.0	0.3607	62.14	46	3	4	1.1015	1.0983	28.22	0.24	1.1083	1.0086	1.0115	5.55	0.0	2.0	1.8788	1.1083	1.1145	42.06	0.04621	81.76	0	0	0	0	1.0	1.0	1.0	2	0.9442	0.0239	0.0319	1.0246	0.1034	1.1207
L015285	control_vntr_correct	poa_abpoa_mc__all	8.95	112.0	1.0	0.5833	11.56	7	3	4	1.0049	1.0049	0.35	0.0997	1.0049	1.0	1.0	0.0	0.0	1.0	0.5152	1.0049	1.0	0.0	0.00744	7.83	0	0	0	0	1.0	1.0	1.0	1	0.9341	0.0019	0.064	1.0235	0.0139	1.1664
L015331	hotspot_vntr	poa_abpoa_mc__all	435.8	3.362	1	0.6985	607.62	115	25	30	1.266	1.2412	66.77	0.0199	1.3805	1.3165	1.4639	171.78	7.5	5.0	4.8485	1.3805	1.2952	53.98	0.58473	2165.54	0	0	0	1	0.1176	1.0	1.0	11	0.2124	0.1797	0.5997	4.1825	0.1923	4.6654
L015347	hotspot_vntr	poa_abpoa_mc__all	537.78	6.008	1	0.6681	764.71	26	29	29	1.1521	1.1788	89.83	0.0025	1.2047	1.1618	1.2316	207.06	13.67	8.0	7.3571	1.2047	1.1706	78.28	0.67545	4426.77	129	104	25	2036	0.0784	1.0	1.0	12	0.2018	0.1886	0.6039	4.099	0.1861	4.2548
L015415	hotspot_vntr	poa_abpoa_mc__all	197.05	10.47	1.0	0.554	271.54	50	7	14	1.0587	1.0124	32.89	0.0496	1.0398	1.0729	1.0377	82.77	2.55	6.0	5.8485	1.0398	1.003	1.36	0.38313	1182.29	0	0	0	0	0.2857	1.0	1.0	11	0.2677	0.1438	0.5819	2.288	0.1612	2.6066
L015708	hotspot_other	poa_abpoa_mc__all	60.43	17.634	1	0.5429	85.64	51	3	24	1.163	1.0541	4.06	0.1188	1.1893	1.1718	1.1796	11.76	0.11	0.0	0.0303	1.1893	1.4459	5.62	0.12707	177.49	2	0	2	3				0	0.5657	0.2676	0.1667	2.2386	0.4082	3.0639
L015743	control_vntr_correct	poa_abpoa_mc__all	6.47	154.871	2	0.4839	8.97	11	2	7	1.0026	1.0	0.44	0.8431	1.0027	1.0046	1.0034	1.57	0.0	2.0	1.9394	1.0027	1.0019	1.35	0.02051	21.49	1	0	1	2	0.0	1.0	1.0	2	0.3601	0.0952	0.5446	1.1062	0.1006	1.1132
L015847	hotspot_other	poa_abpoa_mc__all	234.32	5.333	1	0.6219	336.21	68	15	29	1.3703	1.6386	50.88	0.0685	1.5547	1.4361	1.4161	141.71	4.07	5.0	4.5152	1.5547	1.5005	244.21	0.23097	473.3	0	0	0	39	0.1176	1.0	1.0	6	0.4815	0.4259	0.0926	2.3408	0.7292	3.6626
L015904	hotspot_other	poa_abpoa_mc__all	1681.33	2.082	1	0.7535	2475.2	8	33	33	1.8834	2.1185	264.72	0.0	1.6742	1.8564	1.7031	606.33	38.63	6.0	7.7273	1.6742	1.5604	189.88	0.7692	10433.81	10	0	10	389	0.6087	1.0	1.0	13	0.3612	0.3378	0.2809	2.9776	0.4177	3.5574
L016040	control_nontr_sv	poa_abpoa_mc__all	29.25	37.381	1	0.5714	37.6	7	2	4	1.0	1.0	0.0	1.0	1.0	1.0	1.0	0.0	0.0	1.0	0.5152	1.0	1.0	0.0	0.0	0.0	0	0	0	0	1.0	1.0	1.0	1	1.0	0.0	0.0	1.0		
L016062	control_vntr_correct	poa_abpoa_mc__all	34.22	30.844	1.0	0.6556	45.63	31	2	4	1.0265	1.0	0.69	0.8969	1.0154	1.0515	1.0309	2.93	0.0	1.0	0.5455	1.0154	1.0019	0.02	0.08905	107.6	0	0	0	0	1.0	1.0	1.0	1	0.5844	0.1296	0.2861	1.1915	0.2381	1.3518
L016124	control_vntr_matched	poa_abpoa_mc__all	28.72	36.607	1	0.5607	38.66	37	2	6	1.8678	1.8464	54.4	0.2746	1.8801	1.46	1.4655	80.63	0.2	0.0	1.9394	1.8801	2.4066	42.28	0.0618	72.21	0	0	0	0	0.5714	1.0	1.0	4	0.9516	0.0385	0.0075	1.0386	0.0417	1.0417
L016274	control_nontr_sv	poa_abpoa_mc__all	6.74	254.0	337	0.2	8.09	1	3	3	1.0	1.0	0.0	1.0	1.0	1.0	1.0	0.0	0.0	0.0	0.4242	1.0	1.0	0.0	0.0	0.0	0	0	0	0	1.0	1.0	1.0	1	0.9537	0.0463	0.0	1.0463	0.0	1.0
L016523	control_vntr_correct	poa_abpoa_mc__all	15.29	68.286	1.0	0.5238	21.11	13	2	12	1.0	1.0	0.0	1.0	1.0	1.0	1.0	0.0	0.5	0.0	0.4848	1.0	1.3057	5.3	0.00512	5.82	0	0	0	0	1.0	1.0	1.0	1	0.9741	0.0219	0.004	1.0219	0.0909	1.0909
L016830	control_vntr_correct	poa_abpoa_mc__all	32.08	34.201	2.0	0.4156	44.16	45	4	7	1.0597	1.0035	15.73	0.2898	1.0342	1.0599	1.0237	32.01	0.02	1.0	1.0606	1.0342	1.0395	10.5	0.14979	187.67	1	1	0	1	1.0	1.0	1.0	2	0.7203	0.2299	0.0498	1.2465	0.2727	1.3912
L016870	hotspot_other	poa_abpoa_mc__all	209.4	9.398	2.0	0.4618	297.93	5	14	20	1.07	1.0517	36.6	0.2034	1.0609	1.0634	1.0641	68.45	14.2	4.0	5.2424	1.0609	1.059	66.8	0.35948	977.04	0	0	0	0	0.3333	1.0	1.0	4	0.8738	0.1262	0.0	1.1748	0.087	1.1304
L016884	control_vntr_correct	poa_abpoa_mc__all	231.39	5.361	1	0.5691	337.31	19	25	28	1.3588	1.2908	61.14	0.0542	1.3744	1.3116	1.3618	128.13	2.86	1.0	1.6364	1.3744	1.3814	44.71	0.25326	639.31	0	0	0	30	0.0	0.0	1.0	2	0.3538	0.5231	0.1231	2.4867	0.561	2.9424
L017097	control_nontr_sv	poa_abpoa_mc__all	66.93	32.059	1	0.6275	89.24	11	6	10	1.0025	1.0012	0.93	0.4393	1.0026	1.0	1.0	0.0	0.0	1.0	0.6364	1.0026	1.0	0.0	0.0	0.0	0	0	0	1	1.0	1.0	1.0	1	1.0	0.0	0.0	1.0	0.0	1.0
L017325	control_vntr_matched	poa_abpoa_mc__all	81.96	13.08	2	0.3458	115.85	16	23	24	1.1643	1.0	27.19	0.533	1.0382	1.135	1.0432	49.16	23.36	2.0	2.3939	1.0382	1.0306	19.51	0.258	386.12	1	1	0	1	0.0	1.0	1.0	2	0.5325	0.2857	0.1753	1.4054	0.3056	1.5334
TR101140	control_vntr_matched	poa_abpoa_mc__all	159.86	9.079	1	0.6044	214.05	189	7	12	2.2738	1.0	143.42	0.5651	2.3247	1.979	2.0109	276.34	1.05	0.0	1.8125	2.3247	2.6512	66.08	0.11878	248.24	0	0	0	0				0	0.6477	0.0344	0.2978	1.0457	0.0345	1.0459
TR368009	control_vntr_matched	poa_abpoa_mc__all	44.33	22.94	1.0	0.6152	59.1	162	2	6	1.0416	1.0	1.22	0.9122	1.0408	1.0096	1.0093	0.62	0.0	0.0	0.0909	1.0408	1.0017	0.02	0.05141	60.29	0	0	0	0				0	0.9703	0.0107	0.0177	1.0112	0.0861	1.0906
TR423938	control_vntr_matched	poa_abpoa_mc__all	6.21	176.786	19.5	0.4286	7.98	5	2	3	2.3042	2.3042	101.2	0.4923	2.3042	2.2967	2.2967	204.27	0.0	0.0	0.0606	2.3042	2.3091	5.82	0.10543	117.91	0	0	0	0				0	0.5311	0.2124	0.2565	1.2137	0.3067	1.31
TR424743	control_vntr_matched	poa_abpoa_mc__all	35.0	92.32	1	0.568	47.89	12	13	19	1.0487	1.0015	22.36	0.1622	1.0592	1.0483	1.0569	44.52	29.13	1.0	0.6667	1.0592	1.0649	29.55	0.21227	725.85	0	0	0	0				0	0.4892	0.0664	0.4417	1.381	0.0764	1.5591
TR446002	control_vntr_matched	poa_abpoa_mc__all	11.24	89.269	2.0	0.3846	15.13	6	3	5	1.0007	1.0	0.02	0.964	1.0014	1.0343	1.0551	1.93	0.31	0.0	0.0303	1.0014	1.0	0.0	0.00409	4.32	1	1	0	1				0	1.0	0.0	0.0	1.0	0.0	1.0
TR455654	control_vntr_matched	poa_abpoa_mc__all	17.89	57.186	2	0.4884	24.97	13	3	7	1.1021	2.1429	2.48	0.1983	1.1472	1.1235	1.172	6.73	0.02	0.0	0.0303	1.1472	1.2988	2.15	0.00997	10.82	0	0	0	0				0	0.9411	0.0589	0.0	1.0947	0.25	1.25
TR460913	control_vntr_matched	poa_abpoa_mc__all	27.42	36.778	1.0	0.6111	35.8	12	2	7	1.0015	1.0	0.01	0.9904	1.0	1.002	1.0	0.03	0.0	0.0	0.0	1.0	1.0	0.0	0.01509	17.52	0	0	0	0				0	0.9163	0.0352	0.0485	1.0441	0.1569	1.1961
TR499275	control_vntr_matched	poa_abpoa_mc__all	6.9	145.167	1.0	0.5333	8.98	10	2	4	1.0	1.0	0.0	1.0	1.0	1.0	1.0	0.0	0.0	0.0	0.0	1.0	1.0	0.0	0.0	0.0	0	0	0	0				0	0.9701	0.0075	0.0224	1.0075	0.0	1.0
TR499276	control_vntr_matched	poa_abpoa_mc__all	8.92	112.4	1.0	0.675	11.6	13	2	5	1.0	1.0	0.0	1.0	1.0	1.0	1.0	0.0	0.0	0.0	0.0	1.0	1.0	0.0	0.0	0.0	0	0	0	0				0	1.0	0.0	0.0	1.0	0.0	1.0
TR573259	control_vntr_matched	poa_abpoa_mc__all	57.9	25.45	3	0.4142	80.16	63	2	4	1.1641	1.0	20.9	0.6562	1.1643	1.1777	1.1779	50.31	28.76	0.0	0.1515	1.1643	1.1459	1.69	0.18279	310.04	0	0	0	0				0	0.815	0.0674	0.1175	1.1208	0.0957	1.2883
TR668316	control_vntr_matched	poa_abpoa_mc__all	26.44	47.531	13	0.4321	36.89	21	3	13	1.2001	1.0	13.22	0.6595	1.2154	1.2166	1.2326	29.26	0.03	0.0	0.5172	1.2154	1.2144	5.93	0.05795	81.95	0	0	0	0	0.0	0.0	0.0	2	0.3822	0.142	0.4743	1.2767	0.142	1.2767
TR687433	control_vntr_matched	poa_abpoa_mc__all	22.08	47.405	1.0	0.5135	29.53	23	2	4	1.5787	1.5404	59.25	0.3333	1.5799	1.6315	1.6329	130.64	0.0	0.0	0.2121	1.5799	1.5333	4.72	0.10919	122.61	0	0	0	1				0	0.5638	0.099	0.3372	1.2685	0.1737	1.465
TR687489	control_vntr_matched	poa_abpoa_mc__all	4.39	228.083	2.0	0.5	5.49	4	2	2	1.0	1.0	0.0	1.0	1.0	1.0	1.0	0.0	0.0	0.0	0.0	1.0	1.0	0.0	0.0	0.0	0	0	0	0				0	0.8352	0.0	0.1648	1.0019	0.0	1.0034
TR724750	control_vntr_matched	poa_abpoa_mc__all	131.97	9.298	1	0.6183	176.63	134	2	4	3.727	1.0	38.55	0.8507	3.7183	2.8537	2.846	80.2	0.15	0.0	0.1212	3.7183	5.5818	7.69	0.28922	479.18	0	0	0	0				0	0.6178	0.2226	0.1596	1.2744	0.2905	1.4073
TR743754	control_vntr_matched	poa_abpoa_mc__all	15.05	66.727	1.0	0.5909	19.84	10	4	9	1.0062	1.0	0.36	0.875	1.0015	1.0035	1.0	0.43	0.0	0.0	0.0909	1.0015	1.0	0.0	0.00188	2.05	0	0	0	0				0	0.9157	0.0651	0.0192	1.067	0.1111	1.1389
TR831034	control_vntr_matched	poa_abpoa_mc__all	249.13	4.994	1.0	0.6227	352.4	356	9	27	1.6006	1.4884	42.44	0.0978	1.5506	1.3506	1.3175	74.72	2.61	2.0	2.8667	1.5506	4.555	57.25	0.18521	493.92	2	2	0	28	0.0	0.0		2	0.8272	0.1728	0.0	1.1728	0.375	1.375
L000034	hotspot_vntr	unit_aware	499.21	3.349	1.0	0.5898	721.68	106	16	32	1.1268	1.1431	22.36	0.0322	1.133	1.1398	1.1395	66.44	1.8	0.0	1.1818	1.133	1.1392	16.49	0.53436	2247.4	64	15	49	321	0.1333	1.0	1.0	3	0.4192	0.4003	0.1727	1.8537	0.478	2.0303
L000289	hotspot_vntr	unit_aware	850.7	1.847	1	0.7061	1282.36	93	33	34	1.0589	1.0791	30.71	0.0018	1.064	1.1538	1.1615	178.0	0.38	1.0	8.2121	1.064	1.001	0.47	0.76468	7052.36	1	0	1	690	0.5161	1.0	1.0	12	0.67	0.111	0.2006	1.5342	0.136	1.7103
L000308	control_vntr_matched	unit_aware	193.28	5.51	1.0	0.5076	271.91	230	4	9	1.0385	1.0322	9.51	0.2024	1.0649	1.0888	1.2533	56.72	0.05	4.0	3.4545	1.0649	1.0193	5.51	0.33565	553.31	0	0	0	0	0.2667	1.0	1.0	6	0.6692	0.3138	0.0151	1.5429	0.4688	2.1146
L000381	control_vntr_matched	unit_aware	34.39	30.113	1	0.6276	46.34	84	2	8	1.0255	1.0	0.17	0.8764	1.0357	1.0757	1.1069	1.34	0.0	1.0	0.9697	1.0357	1.6978	12.92	0.0196	23.89	0	0	0	1	1.0	1.0	1.0	1	0.9827	0.0166	0.0	1.0166	0.0303	1.0312
L000407	control_vntr_correct	unit_aware	15.43	67.19	2.0	0.3333	22.04	15	4	9	1.0492	1.0	1.67	0.9348	1.0656	1.14	1.1831	10.78	0.0	0.0	0.0303	1.0656	1.0929	1.8	0.00701	7.71	0	0	0	0	0.0	0.0	1.0	0	0.9881	0.0119	0.0	1.0119	0.0297	1.0297
L000506	control_nontr_sv	unit_aware	6.2	161.571	33	0.4286	8.86	1	5	5	1.0	1.0	0.0	1.0	1.0	1.0	1.0	0.0	0.0	0.0	0.4545	1.0	1.0	0.0	0.0	0.0	0	0	0	0	1.0	1.0	1.0	1	0.9145	0.0855	0.0	1.1966	0.3333	2.0
L000698	control_vntr_correct	unit_aware	18.62	67.877	1	0.5385	26.07	20	6	9	1.0342	1.0	1.16	0.8088	1.0556	1.0056	1.0092	0.41	0.0	2.0	1.9697	1.0556	1.1361	28.97	0.02472	33.52	0	0	0	0	1.0	1.0	1.0	2	0.866	0.0568	0.0771	1.0961	0.0286	1.1571
L000709	control_vntr_matched	unit_aware	1.92	522.0	23.0	0.5	2.4	4	2	3	1.0	1.0	0.0	1.0	1.0	1.0	1.0	0.0	0.0	0.0	0.4545	1.0	1.0	0.0	0.0	0.0	4	0	4	4	1.0	1.0	1.0	1	0.9732	0.0095	0.0173	1.0095	0.0	1.0
L001084	hotspot_vntr	unit_aware	478.49	5.536	1	0.6867	673.54	38	33	33	1.021	1.0332	10.09	0.0071	1.0345	1.0499	1.066	49.72	0.01	16.0	22.0303	1.0345	1.0006	0.22	0.50944	2910.72	0	0	0	358	0.1875	1.0	1.0	52	0.2459	0.1154	0.636	4.2805	0.1178	4.3305
L001264	hotspot_vntr	unit_aware	996.67	2.431	1	0.6764	1433.97	266	32	34	1.0447	1.0617	24.24	0.0	1.0592	1.0894	1.107	105.31	0.21	6.0	10.3939	1.0592	1.0082	3.11	0.68671	6707.79	9	1	8	749	0.4444	1.0	1.0	30	0.3049	0.1186	0.5587	3.6261	0.1143	4.0584
L001491	control_vntr_correct	unit_aware	82.17	17.37	1.0	0.63	110.11	32	4	9	1.0149	1.0109	3.32	0.3232	1.0107	1.008	1.0062	3.77	0.0	1.0	0.5152	1.0107	1.0	0.0	0.0275	52.59	2	2	0	3	1.0	1.0	1.0	1	0.9443	0.0	0.0352	1.0015	0.0	1.0043
L001527	control_nontr_sv	unit_aware	36.19	27.927	1	0.6098	52.07	9	10	12	1.0001	1.0	0.02	0.981	1.0	1.0	1.0	0.0	0.0	0.0	0.2727	1.0	1.0	0.0	0.0	0.0	0	0	0	0	1.0	1.0	1.0	1	0.9703	0.0297	0.0	1.1683	0.0	1.0
L001894	control_vntr_matched	unit_aware	49.53	20.925	1.0	0.575	67.02	81	3	5	1.0031	1.0	0.09	0.8382	1.0104	1.0121	1.0105	0.79	0.0	0.0	0.1515	1.0104	4.1703	16.43	0.05839	71.51	0	0	0	0	0.0	0.0		0	0.983	0.0142	0.0021	1.0149	0.15	1.15
L001899	control_vntr_matched	unit_aware	86.78	12.212	2.5	0.4412	122.51	40	5	9	1.0311	1.0273	3.0	0.1884	1.024	1.0806	1.0756	16.54	0.0	1.0	0.5758	1.024	1.0099	0.57	0.24311	346.61	0	0	0	0	1.0	1.0	1.0	1	0.5913	0.1739	0.2348	1.4001	0.2329	1.5893
L001909	hotspot_vntr	unit_aware	284.99	4.894	2	0.4952	436.33	144	9	34	1.1069	1.0458	33.77	0.0	1.0707	1.1204	1.1014	82.42	0.21	19.0	21.8485	1.0707	1.0596	15.75	0.54905	1815.13	220	1	219	1052	0.2532	1.0	1.0	50	0.1914	0.1128	0.6883	4.3501	0.1171	4.4458
L001922	control_vntr_correct	unit_aware	36.98	27.588	2	0.458	51.38	4	12	12	1.0036	1.0028	1.12	0.3589	1.0036	1.0241	1.0245	15.02	0.0	0.0	3.303	1.0036	1.0037	0.67	0.11066	132.13	0	0	0	0	0.0	1.0	1.0	9	0.6062	0.0931	0.2888	1.2712	0.1357	1.5024
L002013	hotspot_vntr	unit_aware	965.76	2.43	1	0.692	1431.86	35	32	32	1.0564	1.0461	29.45	0.0	1.0902	1.0933	1.1323	104.34	0.62	7.0	8.7273	1.0902	1.0959	32.8	0.54105	3766.95	2	2	0	1172	0.4571	1.0	1.0	20	0.2733	0.0748	0.6443	2.092	0.0687	2.2014
L002096	hotspot_vntr	unit_aware	413.69	5.235	1	0.5357	616.53	218	13	33	1.0405	1.0365	9.41	0.0464	1.0362	1.1459	1.1154	72.76	0.98	4.0	7.9394	1.0362	1.018	8.71	0.43296	1842.65	12	12	0	39	0.1875	1.0	1.0	18	0.2402	0.1422	0.598	1.7182	0.1262	1.797
L002143	hotspot_vntr	unit_aware	163.2	7.374	1.0	0.5679	223.59	189	5	23	1.0825	1.0451	5.43	0.3002	1.0211	1.1378	1.0766	23.26	0.11	1.0	1.5455	1.0211	1.0261	0.67	0.37013	750.61	3	0	3	72	0.1667	1.0	1.0	4	0.3946	0.2169	0.3848	1.9123	0.2558	2.2237
L002182	hotspot_vntr	unit_aware	876.88	2.943	1.0	0.713	1324.12	50	29	32	1.0183	1.0198	9.85	0.0215	1.0495	1.0684	1.112	77.63	1.95	1.0	5.8485	1.0495	1.008	3.19	0.59134	4820.35	0	0	0	19	0.087	1.0	1.0	18	0.3988	0.3112	0.284	1.6922	0.3942	1.8412
L002292	control_nontr_sv	unit_aware	78.33	13.485	2	0.4795	104.9	54	4	6	1.0887	1.0887	67.1	0.188	1.0885	1.1573	1.1566	239.72	5.12	0.0	0.9091	1.0885	1.0325	11.8	0.1087	126.43	0	0	0	0	0.6667	1.0	1.0	2	0.9036	0.0964	0.0	1.1285		
L002884	control_vntr_matched	unit_aware	18.75	58.169	12	0.3521	26.15	27	4	12	1.0092	1.0	0.11	0.9091	1.0121	1.0107	1.0182	0.28	0.0	3.0	3.0303	1.0121	1.0473	3.85	0.01746	21.13	2	0	2	2	0.0	1.0	1.0	3	0.7008	0.0647	0.2345	1.0728	0.086	1.1071
L002940	hotspot_other	unit_aware	328.46	4.307	1.0	0.5606	491.81	73	15	26	1.0325	1.0149	10.12	0.1981	1.0327	1.104	1.0977	73.14	0.58	0.0	2.9394	1.0327	1.0592	13.97	0.28333	668.88	0	0	0	24	0.0	1.0	1.0	6	0.4693	0.3742	0.1442	1.9592	0.493	2.3437
L003119	control_vntr_correct	unit_aware	5.5	182.312	5.0	0.3125	7.22	6	2	6	1.0027	1.0	0.27	0.827	1.0027	1.0048	1.0049	0.98	0.18	1.0	0.9697	1.0027	1.0008	0.36	0.01081	11.0	0	0	0	0	1.0	1.0	1.0	1	0.3344	0.1026	0.5629	1.1175	0.125	1.1531
L003171	control_nontr_sv	unit_aware	11.28	88.917	47.5	0.5	14.1	4	2	2	1.003	1.003	1.11	0.0	1.003	1.0	1.0	0.0	0.0	1.0	1.0	1.003	1.0	0.0	0.0	0.0	0	0	0	0	1.0	1.0	1.0	1	1.0	0.0	0.0	1.0	0.0	1.0
L003672	control_vntr_correct	unit_aware	146.34	7.259	1.0	0.5423	197.44	123	2	7	1.0778	1.0813	5.87	0.1618	1.0777	1.3814	1.3831	78.82	1.81	0.0	0.4848	1.0777	1.3028	5.88	0.22509	323.65	0	0	0	0	0.0	0.0	1.0	1	0.6729	0.2784	0.0487	1.3005	0.4259	1.4784
L003695	hotspot_other	unit_aware	118.28	10.947	3.0	0.4046	180.14	10	10	12	1.0891	1.1367	12.95	0.083	1.125	1.176	1.2909	58.19	0.33	0.0	1.0606	1.125	1.1612	18.4	0.32907	638.83	0	0	0	0	0.4	1.0	1.0	2	0.3398	0.337	0.3204	2.0344	0.3977	2.3155
L003826	control_vntr_matched	unit_aware	366.37	3.386	1.0	0.6183	520.95	72	20	33	1.0897	1.1285	7.0	0.0464	1.1582	1.1665	1.2067	32.18	0.13	0.0	0.303	1.1582	1.346	13.16	0.34457	903.79	1	0	1	30	0.0	0.0		0	0.442	0.4205	0.1348	2.4549	0.5458	2.9096
L003828	hotspot_other	unit_aware	119.92	8.574	1.0	0.5093	177.65	32	24	26	1.0137	1.0161	5.9	0.0783	1.0047	1.0412	1.0323	36.38	0.06	14.0	13.8182	1.0047	1.0004	0.41	0.26091	427.33	1	0	1	48	0.4167	1.0	1.0	18	0.5948	0.1552	0.25	1.8351	0.1333	1.9152
L003872	control_vntr_matched	unit_aware	162.77	6.466	2	0.3971	235.19	132	3	7	1.0904	1.1227	9.02	0.0956	1.0952	1.1949	1.2027	57.51	3.78	0.0	0.0606	1.0952	1.6491	21.54	0.18623	311.34	0	0	0	0	0.0	0.0	1.0	0	0.8752	0.1228	0.0	1.123	0.3469	1.3469
L003883	control_nontr_sv	unit_aware	356.28	13.247	1	0.5051	474.64	92	3	3	1.0617	1.0617	71.87	0.0525	1.0617	1.1331	1.1332	310.91	4.85	1.0	0.5152	1.0617	1.0021	1.97	0.08351	423.91	0	0	0	0	1.0	1.0	1.0	1	0.9314	0.0686	0.0	1.0686	0.3333	1.3333
L004021	control_vntr_matched	unit_aware	21.71	46.387	1.0	0.5952	29.21	42	6	20	1.0211	1.0	1.0	0.8887	1.0005	1.004	1.0	0.4	0.0	1.0	1.1212	1.0005	1.0234	0.79	0.00389	4.39	0	0	0	1	1.0	1.0	1.0	1	0.9816	0.0167	0.0	1.0167	0.0172	1.0179
L004145	hotspot_vntr	unit_aware	278.98	4.235	1.0	0.6034	386.81	803	20	31	1.2281	1.2096	44.83	0.1192	1.2015	1.1386	1.124	81.95	2.13	3.0	4.2258	1.2015	1.0912	13.77	0.18901	343.69	1	0	1	10	0.0588	1.0	1.0	9	0.7743	0.1922	0.0335	1.3828	0.4208	1.9556
L004620	control_nontr_sv	unit_aware	11.32	88.545	6	0.4545	14.4	3	3	5	1.0002	1.0	0.06	0.9494	1.0032	1.0004	1.0063	0.25	0.0	1.0	0.5152	1.0032	1.0	0.0	0.0	0.0	0	0	0	0	1.0	1.0	1.0	1	0.9531	0.0469	0.0	1.0469	0.0	1.0
L004848	hotspot_other	unit_aware	726.63	1.991	1	0.7799	1135.26	100	25	30	1.0847	1.0986	18.62	0.0054	1.0719	1.4264	1.4317	225.07	2.02	0.0	0.2121	1.0719	1.0224	6.03	0.67843	3949.22	0	0	0	99	0.0	0.0		0	0.4545	0.2149	0.1777	2.0249	0.225	2.1803
L004989	hotspot_other	unit_aware	456.06	2.721	1.0	0.7549	715.8	54	20	29	1.093	1.0901	18.45	0.0126	1.0543	1.2915	1.2204	133.3	1.28	2.0	1.6667	1.0543	1.0223	7.69	0.51284	1532.81	0	0	0	88	0.2857	1.0	1.0	4	0.4765	0.2819	0.2282	2.2094	0.4096	2.9045
L005064	hotspot_other	unit_aware	298.29	4.772	1.0	0.502	456.6	164	9	29	1.0385	1.0174	6.71	0.1874	1.0165	1.2818	1.2877	107.22	0.22	0.0	0.9697	1.0165	1.0175	1.76	0.48428	1327.63	4	0	4	60	0.0	1.0	1.0	6	0.4192	0.2842	0.2735	1.9272	0.2447	2.4636
L005261	hotspot_other	unit_aware	620.49	4.396	2	0.4184	998.84	38	19	26	1.0084	1.0	3.32	0.6654	1.0013	1.1308	1.0963	109.14	0.63	1.0	2.3333	1.0013	1.0039	1.58	0.59034	3970.9	34	34	0	146	0.0	1.0	1.0	9	0.619	0.2857	0.0909	1.6109	0.4167	2.0421
L005411	hotspot_vntr	unit_aware	227.61	4.745	1.0	0.6307	325.67	261	4	33	1.0821	1.1097	5.55	0.0714	1.0456	1.2056	1.0767	36.98	0.89	5.0	5.3636	1.0456	1.0395	7.88	0.59542	1615.3	2	2	0	157	0.0	0.0	1.0	5	0.2208	0.5329	0.2279	3.0248	0.5555	3.101
L005481	hotspot_vntr	unit_aware	160.7	7.596	2	0.4907	226.31	36	13	23	1.0191	1.0006	2.23	0.4349	1.0622	1.0531	1.1349	13.1	0.02	0.0	0.7879	1.0622	1.0434	5.74	0.3787	745.86	9	0	9	71	0.0	0.0	1.0	0	0.4413	0.2092	0.3295	1.7728	0.3107	2.1169
L005618	hotspot_other	unit_aware	704.08	1.787	1.0	0.8358	1065.61	204	28	32	1.1208	1.1389	30.12	0.0	1.1062	1.4033	1.4204	241.05	0.84	0.0	0.6364	1.1062	1.0706	17.14	0.73003	4374.09	43	0	43	304	0.4	0.4	1.0	8	0.5538	0.2185	0.1477	1.8139	0.3514	2.3166
L005688	control_nontr_sv	unit_aware	178.37	7.969	1	0.6299	238.76	39	3	5	1.0235	1.0241	5.03	0.3571	1.0236	1.0	1.0	0.0	0.0	1.0	0.8182	1.0236	1.0158	4.01	0.0	0.0	0	0	0	0	1.0	1.0	1.0	1	1.0	0.0	0.0	1.0	0.0	1.0
L005990	hotspot_vntr	unit_aware	245.1	7.464	2.0	0.4572	398.05	221	18	32	1.0142	1.0116	2.32	0.0927	1.0167	1.1752	1.127	60.66	0.23	4.0	6.4194	1.0167	1.023	5.15	0.3611	1065.68	109	108	1	238	0.0	0.0	0.8	0	0.4781	0.0758	0.4293	1.7889	0.0972	2.2301
L006556	control_nontr_sv	unit_aware	153.35	6.923	1.0	0.6479	205.18	47	3	4	1.1894	1.1895	65.22	0.1373	1.1951	1.3647	1.375	256.4	1.12	1.0	0.5152	1.1951	1.0393	7.29	0.23029	321.81	0	0	0	0	1.0	1.0	1.0	1	0.9462	0.0538	0.0	1.0538	0.0	1.0
L006952	hotspot_vntr	unit_aware	691.22	2.184	1	0.581	1104.04	9	28	28	1.0119	1.0	7.34	0.5074	1.0226	1.115	1.1479	147.73	1.56	3.0	3.7879	1.0226	1.0026	1.27	0.71891	4361.63	3	3	0	30	0.1538	1.0	1.0	9	0.5019	0.2528	0.0717	2.1685	0.2424	2.4338
L007009	hotspot_vntr	unit_aware	367.27	3.753	1	0.6456	514.96	172	20	27	1.0162	1.0172	15.05	0.0622	1.0184	1.0259	1.0328	49.2	0.39	34.0	35.0	1.0184	1.0026	2.07	0.57929	2083.21	6	4	2	834	0.2752	1.0	1.0	80	0.1199	0.2857	0.5881	2.9389	0.2378	3.0516
L007033	control_vntr_correct	unit_aware	11.83	90.233	1.5	0.5	15.77	5	3	3	1.0007	1.0009	0.93	0.0	1.0005	1.0005	1.0005	1.23	0.0	2.0	1.9697	1.0005	1.0	0.0	0.03264	36.67	0	0	0	0	0.6667	1.0	1.0	2	0.9608	0.0196	0.0196	1.0294	0.5	1.75
L007040	hotspot_vntr	unit_aware	74.67	13.794	1.0	0.5848	107.93	163	10	27	1.0467	1.0927	20.2	0.049	1.0083	1.0636	1.013	58.84	0.3	47.0	44.1515	1.0083	1.0038	5.24	0.298	445.01	1	1	0	33	0.0548	1.0	1.0	63	0.1577	0.4852	0.3558	2.6014	0.4781	2.756
L007065	control_vntr_matched	unit_aware	11.28	90.292	1.0	0.5417	15.04	11	7	9	1.0093	1.0429	0.54	0.2577	1.0137	1.0176	1.0263	2.11	0.0	1.0	0.5455	1.0137	1.0	0.0	0.01091	11.75	0	0	0	0	1.0	1.0	1.0	1	0.9662	0.0234	0.0104	1.0236	0.0385	1.0385
L007081	hotspot_vntr	unit_aware	807.1	3.955	1	0.634	1235.1	64	26	33	1.0249	1.0323	10.63	0.0107	1.0173	1.0868	1.0674	79.19	0.05	6.0	6.3333	1.0173	1.0078	3.7	0.52171	4829.2	303	296	7	502	0.2353	1.0	1.0	26	0.3065	0.1508	0.5226	3.128	0.2045	3.6015
L007161	hotspot_other	unit_aware	322.79	3.43	1	0.5637	487.78	84	10	25	1.106	1.1363	16.64	0.1259	1.1321	1.2781	1.2801	118.81	0.36	0.0	0.3333	1.1321	1.0803	9.38	0.44971	1148.89	0	0	0	0	0.0	0.0	1.0	0	0.4649	0.2252	0.293	1.6103	0.2397	1.8709
L007172	control_vntr_matched	unit_aware	207.05	6.352	2	0.496	291.46	114	4	11	1.0262	1.0107	4.71	0.1055	1.0172	1.0499	1.0464	18.94	0.03	2.0	1.303	1.0172	1.0062	0.55	0.22201	426.39	0	0	0	0	0.6667	1.0	1.0	2	0.5601	0.1236	0.3114	1.1755	0.0942	1.2176
L007184	hotspot_other	unit_aware	159.07	6.558	1.0	0.5534	239.38	10	15	21	1.0529	1.0407	9.96	0.118	1.0132	1.1199	1.0606	48.36	0.17	3.0	2.5455	1.0132	1.0062	1.95	0.20954	335.91	0	0	0	8	0.0	0.0	1.0	4	0.6875	0.125	0.1786	1.5692	0.2222	2.1213
L007192	control_nontr_sv	unit_aware	27.74	49.0	1	0.5789	39.42	4	6	11	1.0	1.0	0.0	1.0	1.0	1.0	1.0	0.0	0.0	0.0	0.2424	1.0	1.0	0.0	0.01188	17.52	0	0	0	0	1.0	1.0	1.0	1	0.9204	0.0796	0.0	1.2212	0.4444	2.3333
L007376	control_vntr_matched	unit_aware	3.93	255.039	1.0	0.5658	5.27	5	8	9	1.0003	1.0	0.05	0.7533	1.0048	1.0004	1.0107	0.15	0.03	1.0	1.0606	1.0048	1.0055	0.4	0.00091	0.93	1	0	1	1	1.0	1.0	1.0	1	0.9407	0.0112	0.0481	1.0142	0.011	1.0604
L007480	hotspot_other	unit_aware	410.2	5.244	1.0	0.672	569.65	12	17	21	1.0414	1.0534	12.33	0.0742	1.0505	1.0757	1.0783	47.01	0.03	2.0	3.303	1.0505	1.0203	5.27	0.3956	1461.17	9	9	0	61	0.0	1.0	1.0	5	0.4576	0.2034	0.3341	2.033	0.2338	2.419
L007687	control_vntr_matched	unit_aware	75.61	14.64	1.0	0.535	103.21	63	4	10	1.0272	1.0	2.14	0.7854	1.0126	1.0335	1.0224	5.54	0.0	1.0	0.8182	1.0126	1.0599	2.59	0.16599	233.27	0	0	0	0	1.0	1.0	1.0	1	0.7899	0.1007	0.1072	1.1703	0.1615	1.3321
L007717	control_vntr_matched	unit_aware	56.48	18.096	2.0	0.444	79.53	61	8	21	1.0271	1.0284	1.69	0.2393	1.042	1.0233	1.0371	3.55	0.12	0.0	0.5455	1.042	1.2364	9.49	0.05481	75.24	2	2	0	2	1.0	1.0	1.0	1	0.9574	0.0234	0.0151	1.0283	0.0455	1.0985
L007798	hotspot_other	unit_aware	755.96	3.885	1.0	0.5746	1091.28	98	23	32	1.0192	1.0353	13.64	0.0089	1.022	1.0403	1.0471	59.05	0.99	13.0	16.1818	1.022	1.0043	2.64	0.41562	2793.81	0	0	0	797	0.2286	1.0	1.0	28	0.2768	0.1319	0.5899	2.1847	0.1318	2.3754
L007844	hotspot_other	unit_aware	1679.58	1.695	1	0.7568	2600.1	102	29	34	1.0905	1.1073	33.52	0.0	1.0855	1.2758	1.292	239.34	5.14	0.0	0.4242	1.0855	1.0042	1.54	0.77641	11576.96	419	419	0	724	0.1429	1.0	1.0	6	0.2958	0.3859	0.2197	2.33	0.3619	2.4049
L008216	hotspot_vntr	unit_aware	170.06	6.593	1	0.5953	237.22	54	12	21	1.0558	1.047	7.85	0.1561	1.1247	1.0715	1.1173	22.97	0.02	2.0	2.2727	1.1247	1.3341	31.95	0.32116	652.52	1	1	0	1	0.6667	1.0	1.0	2	0.5019	0.2491	0.2491	1.8007	0.2477	1.9594
L008631	control_nontr_sv	unit_aware	19.91	74.286	3.5	0.4286	28.45	3	6	8	1.0	1.0	0.0	1.0	1.0	1.0	1.0	0.0	0.0	0.0	0.1818	1.0	1.0	0.0	0.0	0.0	0	0	0	0	1.0	1.0	1.0	1	0.9139	0.0861	0.0	1.2185	0.1282	1.4615
L008864	hotspot_vntr	unit_aware	1370.72	4.086	1	0.6025	2108.87	193	14	28	1.0505	1.0585	28.3	0.042	1.0631	1.1165	1.1338	139.84	1.8	1.0	6.2424	1.0631	1.046	19.38	0.55787	7637.73	65	65	0	703	0.2222	1.0	1.0	19	0.2826	0.3162	0.3933	2.4054	0.3525	2.6001
L008877	hotspot_other	unit_aware	1237.81	2.425	1.0	0.6864	1924.08	280	20	30	1.1239	1.1338	30.31	0.0215	1.0471	1.2761	1.1573	165.03	1.92	8.0	9.0303	1.0471	1.0263	11.88	0.60047	5366.21	10	9	1	178	0.1463	1.0	1.0	30	0.3127	0.3056	0.3451	2.3122	0.3372	2.6267
L008887	control_vntr_correct	unit_aware	14.27	79.946	4	0.4324	19.29	14	2	7	1.0227	1.25	0.3	0.1598	1.0035	1.036	1.0026	1.08	0.0	2.0	2.0	1.0035	1.0094	1.2	0.01746	21.22	0	0	0	0	1.0	1.0	1.0	2	0.9684	0.0111	0.0205	1.0143	0.0455	1.1288
L008902	control_vntr_correct	unit_aware	145.24	7.516	1	0.5917	201.35	133	3	7	1.0518	1.0318	3.09	0.2361	1.29	1.3191	1.499	63.38	0.0	1.0	1.0	1.29	1.652	20.15	0.10912	164.42	0	0	0	0	0.5	1.0	1.0	2	0.9594	0.03	0.0088	1.0327	0.0909	1.1364
L008976	hotspot_vntr	unit_aware	862.19	4.415	1	0.6931	1218.61	209	24	28	1.0353	1.0473	21.6	0.0026	1.0476	1.0592	1.0762	76.36	0.04	16.0	16.8889	1.0476	1.0008	0.39	0.5136	4766.29	137	1	136	2129	0.2718	1.0	1.0	79	0.1615	0.2118	0.6142	2.9197	0.1988	3.0317
L009000	hotspot_vntr	unit_aware	419.19	2.648	1	0.6575	639.86	72	33	34	1.0619	1.1019	32.68	0.0	1.0233	1.1441	1.0818	170.85	0.2	56.0	59.4848	1.0233	1.0011	1.14	0.71273	3383.67	2	2	0	780	0.2689	1.0	1.0	106	0.4118	0.2574	0.3272	2.9614	0.2312	3.3254
L009283	control_nontr_sv	unit_aware	19.13	52.533	1	0.5333	24.23	5	2	4	1.0078	1.0074	1.17	0.1933	1.0074	1.0	1.0	0.0	0.0	0.0	0.4848	1.0074	1.0	0.0	0.0	0.0	0	0	0	0	1.0	1.0	1.0	1	1.0	0.0	0.0	1.0	0.0	1.0
L009398	hotspot_vntr	unit_aware	128.65	8.414	2	0.3347	179.91	22	18	25	1.0168	1.0124	5.99	0.0795	1.0202	1.0384	1.041	28.21	0.0	3.0	2.4688	1.0202	1.0073	2.17	0.28429	452.59	0	0	0	63	0.2857	1.0	1.0	4	0.35	0.2556	0.3889	2.3577	0.2465	2.5812
L009448	hotspot_vntr	unit_aware	960.46	1.796	1	0.5888	1557.37	82	22	24	1.0596	1.0613	31.38	0.0036	1.0989	1.2619	1.3196	309.65	1.27	0.0	4.1739	1.0989	1.0497	17.66	0.80663	8373.05	4	3	1	1312	0.2105	1.0	1.0	12	0.5024	0.1938	0.2632	1.9783	0.2191	2.269
L009600	control_nontr_sv	unit_aware	2.96	372.333	409	0.0	2.96	1	2	2	1.0	1.0	0.0	1.0	1.0	1.0	1.0	0.0	0.0	1.0	1.0	1.0	1.0	0.0	0.0	0.0	0	0	0	0	1.0	1.0	1.0	1	1.0	0.0	0.0	1.0	0.0	1.0
L009656	hotspot_vntr	unit_aware	377.85	3.823	1.0	0.5762	557.85	8	18	26	1.0234	1.0568	5.78	0.0823	1.037	1.0969	1.0976	51.56	0.18	1.0	2.1212	1.037	1.0757	12.1	0.52581	1724.15	0	0	0	0	0.0	0.0	1.0	1	0.3659	0.2311	0.3949	1.652	0.2153	1.8401
L009658	hotspot_vntr	unit_aware	325.45	3.406	1	0.5767	488.04	293	21	31	1.1755	1.1989	37.92	0.0061	1.0434	1.2455	1.1386	126.86	0.74	25.0	24.129	1.0434	1.0053	2.56	0.60571	1714.8	6	5	1	221	0.2143	1.0	1.0	40	0.169	0.2248	0.5812	2.7823	0.2476	3.0019
L009770	control_vntr_matched	unit_aware	41.01	24.641	2.0	0.4115	56.81	66	2	7	1.0145	1.0019	1.67	0.4754	1.0029	1.0618	1.0067	14.49	0.0	2.0	2.1818	1.0029	1.0	0.0	0.13195	158.05	0	0	0	0	0.0	1.0	1.0	2	0.6281	0.1769	0.1951	1.2508	0.1437	1.388
L009771	control_vntr_correct	unit_aware	10.24	107.25	10.5	0.5	12.8	4	2	2	1.0	1.0	0.0	1.0	1.0	1.0	1.0	0.0	0.0	1.0	1.0	1.0	1.0	0.0	0.00075	0.85	0	0	0	0	1.0	1.0	1.0	1	0.989	0.011	0.0	1.011	0.0	1.0
L009803	hotspot_vntr	unit_aware	570.9	2.131	1	0.7226	845.13	190	23	30	1.052	1.0702	24.27	0.0	1.032	1.1309	1.1009	132.56	2.71	18.0	16.7879	1.032	1.0025	1.53	0.74508	3676.42	0	0	0	370	0.45	1.0	1.0	26	0.426	0.2959	0.273	2.0786	0.3527	2.3044
L009885	control_vntr_correct	unit_aware	29.5	34.341	4	0.4146	41.98	9	9	17	1.0023	1.0	0.16	0.8607	1.0179	1.0046	1.0222	0.67	0.0	1.0	1.1818	1.0179	1.0691	4.58	0.03313	38.86	0	0	0	0	1.0	1.0	1.0	1	0.8089	0.1752	0.0096	1.2063	0.4565	1.5949
L010060	hotspot_other	unit_aware	440.55	3.358	1.0	0.6013	634.13	76	21	24	1.0526	1.0306	7.72	0.151	1.0847	1.1501	1.2038	49.57	0.38	1.0	1.4545	1.0847	1.1351	12.79	0.39396	1082.6	0	0	0	0	1.0	1.0	1.0	1	0.5296	0.3281	0.1265	1.5469	0.4872	1.7913
L010113	control_vntr_correct	unit_aware	17.99	56.222	1.0	0.6111	23.98	19	2	8	1.038	1.04	0.98	0.2802	1.0333	1.0675	1.0573	3.92	0.0	0.0	0.4848	1.0333	1.0	0.0	0.03498	38.64	0	0	0	0	1.0	1.0	1.0	1	0.9154	0.0711	0.0135	1.0711	0.0303	1.0303
L010328	hotspot_vntr	unit_aware	2243.54	1.914	1.0	0.7476	3388.78	19	29	29	1.0529	1.0762	26.19	0.0325	1.0416	1.2783	1.2423	296.37	0.48	0.0	4.7188	1.0416	1.016	8.39	0.70996	10354.08	4	3	1	533	0.2667	1.0	1.0	5	0.3213	0.2108	0.4576	2.2774	0.25	2.5913
L010350	control_vntr_matched	unit_aware	6.24	165.37	1.0	0.587	8.27	16	2	11	1.0	1.0	0.0	1.0	1.0	1.0126	1.0128	0.46	0.0	2.0	1.2727	1.0	1.0	0.0	0.0	0.0	0	0	0	0	0.0	1.0	1.0	2	0.9491	0.0291	0.0218	1.031	0.1	1.1296
L010452	control_nontr_sv	unit_aware	11.21	96.0	13	0.4444	13.7	3	2	2	1.0	1.0	0.0	1.0	1.0	1.0	1.0	0.0	0.0	1.0	0.9697	1.0	1.0	0.0	0.0	0.0	0	0	0	0	1.0	1.0	1.0	1	1.0	0.0	0.0	1.0	0.0	1.0
L010508	control_vntr_correct	unit_aware	14.74	69.481	1.0	0.5769	19.56	18	2	11	1.0023	1.0	0.03	0.9956	1.0007	1.0014	1.0	0.04	0.0	1.0	0.5152	1.0007	1.125	1.2	0.00839	9.35	0	0	0	0	1.0	1.0	1.0	1	0.9857	0.0095	0.0048	1.0095	0.0667	1.0667
L011121	control_vntr_correct	unit_aware	125.05	9.433	1	0.5674	168.17	78	5	10	1.0434	1.0	2.52	0.7994	1.2037	1.0905	1.3994	10.99	0.0	1.0	0.9697	1.2037	1.0096	1.17	0.21804	359.07	0	0	0	0	0.0	1.0	1.0	1	0.6194	0.3302	0.0485	1.3625	0.2192	1.2965
L011138	hotspot_vntr	unit_aware	207.04	10.972	1.0	0.6146	285.95	325	7	28	1.0155	1.0138	6.6	0.0948	1.0386	1.0304	1.0468	26.73	0.04	6.0	15.2188	1.0386	1.0079	2.45	0.30209	1023.89	1	1	0	3	0.2807	1.0	1.0	34	0.1505	0.225	0.6201	2.0144	0.2209	2.0298
L011224	control_vntr_correct	unit_aware	65.19	19.429	1.0	0.5119	88.47	40	2	13	1.036	1.0224	4.56	0.2306	1.0234	1.0263	1.0254	7.4	0.98	1.0	1.0	1.0234	1.009	0.85	0.03117	48.51	1	0	1	1	1.0	1.0	1.0	2	0.8076	0.0252	0.1655	1.0359	0.0174	1.0691
L011227	control_vntr_matched	unit_aware	42.07	29.651	3.0	0.375	59.78	43	3	11	1.0469	1.0	2.43	0.7585	1.0039	1.0476	1.0373	5.48	0.0	1.0	0.7576	1.0039	1.0216	0.64	0.13319	189.59	0	0	0	0	0.0	1.0	1.0	1	0.5441	0.1125	0.3359	1.2114	0.171	1.3569
L011430	control_vntr_matched	unit_aware	142.06	7.46	2	0.4074	208.6	141	5	13	1.1413	1.1132	7.0	0.1772	1.0816	1.1742	1.1298	24.3	0.34	0.0	0.4545	1.0816	1.7274	19.72	0.31237	548.75	0	0	0	0	0.0	1.0	1.0	1	0.7044	0.25	0.0258	1.3571	0.4957	1.7491
L011463	hotspot_vntr	unit_aware	306.91	3.881	1.0	0.5771	436.37	446	4	27	1.2409	1.2176	35.61	0.1322	1.4018	1.196	1.452	85.98	1.81	11.0	8.7879	1.4018	1.4584	91.41	0.29137	608.03	27	0	27	64	0.24	0.24	1.0	15	0.6839	0.2261	0.09	1.4722	0.3472	1.9235
L011931	control_nontr_sv	unit_aware	25.91	73.16	1	0.52	36.27	4	8	8	1.0012	1.0012	0.49	0.2684	1.0012	1.0	1.0	0.0	0.0	1.0	0.5152	1.0012	1.0	0.0	0.0	0.0	0	0	0	0	1.0	1.0	1.0	1	0.9783	0.0217	0.0	1.0652	0.0	1.0
L012184	hotspot_vntr	unit_aware	632.28	4.606	1	0.6633	916.79	69	10	31	1.1359	1.0849	31.07	0.0222	1.0389	1.0918	1.055	51.32	0.4	19.0	18.4839	1.0389	1.0492	26.68	0.5304	3251.73	0	0	0	99	0.3175	1.0	1.0	44	0.2263	0.13	0.6238	2.7095	0.1366	2.8067
L012256	hotspot_other	unit_aware	263.37	4.572	2.0	0.4636	398.08	159	14	30	1.0254	1.0119	7.91	0.1655	1.0272	1.1638	1.1952	108.14	0.51	3.0	4.3939	1.0272	1.0308	7.87	0.3319	642.79	2	0	2	7	0.5333	1.0	1.0	10	0.4521	0.2506	0.2875	2.029	0.3301	2.4814
L012272	hotspot_vntr	unit_aware	43.97	23.42	1	0.7039	60.3	442	9	31	1.0482	1.0486	1.73	0.027	1.0351	1.0568	1.0568	7.84	0.01	17.0	14.4242	1.0351	1.1147	6.73	0.12216	151.87	4	2	2	147	0.3	1.0	1.0	25	0.554	0.0894	0.3403	1.9592	0.0934	2.0526
L012294	hotspot_vntr	unit_aware	622.7	5.913	2	0.4666	949.25	88	29	33	1.0245	1.0247	15.62	0.0	1.0386	1.0658	1.084	87.87	0.09	8.0	11.6364	1.0386	1.0469	20.74	0.38869	2809.26	0	0	0	489	0.375	1.0	0.8571	24	0.167	0.132	0.6971	3.3329	0.1171	3.656
L012313	control_vntr_matched	unit_aware	21.26	48.324	1.0	0.6176	27.82	21	4	14	1.0653	1.0	1.59	0.8873	1.3288	1.0004	1.0	0.02	0.0	2.0	1.6364	1.3288	2.3528	25.55	0.01118	12.82	1	1	0	1	1.0	1.0	1.0	2	0.881	0.0479	0.0711	1.0541	0.0336	1.0672
L012489	hotspot_other	unit_aware	501.07	2.557	1	0.7388	782.01	151	14	30	1.0873	1.0651	10.93	0.0252	1.0728	1.2604	1.2464	95.45	0.85	0.0	0.2727	1.0728	1.3296	22.87	0.39047	1237.91	0	0	0	15	0.0	0.0	1.0	0	0.4826	0.3938	0.1236	2.0224	0.5486	2.6306
L012530	control_nontr_sv	unit_aware	28.28	35.727	1.5	0.5	37.28	7	3	7	1.0	1.0	0.0	1.0	1.0	1.0	1.0	0.0	0.0	0.0	0.4848	1.0	1.0345	2.58	0.0	0.0	0	0	0	0	1.0	1.0	1.0	1	0.9355	0.0645	0.0	1.0645		
L013000	control_vntr_correct	unit_aware	39.72	25.582	1.0	0.5235	56.54	1	22	22	1.0062	1.0	0.56	0.8799	1.0325	1.0122	1.065	2.34	0.04	3.0	2.9697	1.0325	1.0517	11.82	0.06062	75.0	1	1	0	2	0.0	1.0	1.0	3	0.7355	0.0661	0.157	1.0916	0.0619	1.0891
L013064	hotspot_other	unit_aware	386.01	3.462	1	0.5332	606.95	162	10	32	1.0998	1.0833	8.61	0.1234	1.1035	1.424	1.4204	118.49	0.58	0.0	0.0	1.1035	1.0906	13.67	0.47996	1645.7	12	12	0	84	0.0	0.0		0	0.6279	0.3547	0.0174	1.6047	0.5349	2.3488
L013074	control_vntr_correct	unit_aware	4.68	214.281	1.0	0.5312	5.99	11	2	3	1.0025	1.0	0.73	0.8675	1.0025	1.002	1.002	1.18	0.0	1.0	1.0	1.0025	1.0	0.0	0.00171	1.75	0	0	0	0	1.0	1.0	1.0	1	0.9976	0.0	0.0	1.0	0.0	1.0
L013244	hotspot_vntr	unit_aware	68.76	48.306	14	0.3309	102.72	7	16	17	1.013	1.0144	5.16	0.2724	1.0159	1.0247	1.0294	20.19	0.0	8.0	6.5152	1.0159	1.002	0.48	0.06241	220.88	0	0	0	0	0.5263	1.0	1.0	10	0.1775	0.0611	0.7554	1.4616	0.0504	1.4895
L013399	control_nontr_sv	unit_aware	9.12	239.833	167.5	0.3333	10.64	2	2	3	1.0	1.0	0.0	1.0	1.0	1.0	1.0	0.0	0.0	1.0	0.7879	1.0	1.0	0.0	0.0	0.0	0	0	0	0	1.0	1.0	1.0	1	0.9957	0.0043	0.0	1.0043	0.0	1.0
L013531	hotspot_other	unit_aware	370.03	3.34	1.0	0.6126	588.3	60	10	21	1.0501	1.0505	11.43	0.0504	1.0228	1.3351	1.2738	169.34	1.9	3.0	3.0909	1.0228	1.008	3.48	0.49145	1438.46	1	0	1	29	0.1667	1.0	1.0	7	0.5098	0.2549	0.1176	1.716	0.3333	2.6765
L014111	control_vntr_matched	unit_aware	133.54	7.904	1	0.5471	179.32	172	3	4	1.0187	1.0099	1.18	0.1599	1.0192	1.3885	1.3964	66.79	0.01	0.0	0.0606	1.0192	1.4685	3.81	0.13662	192.13	0	0	0	0	0.0	0.0		0	0.9896	0.009	0.0	1.009	0.0	1.0
L014160	hotspot_vntr	unit_aware	384.6	3.16	1.0	0.6388	548.51	208	8	34	1.1939	1.2454	37.48	0.0606	1.2776	1.3216	1.3582	155.93	3.35	5.0	4.5455	1.2776	1.2127	32.94	0.43536	1150.29	13	0	13	32	0.129	0.129	1.0	6	0.6723	0.2797	0.0466	1.4204	0.3828	1.7606
L014181	control_vntr_matched	unit_aware	55.76	19.038	5	0.327	79.55	88	2	5	1.0139	1.0121	1.65	0.4841	1.027	1.0328	1.0165	8.67	0.0	1.0	1.2121	1.027	1.0393	2.32	0.09264	118.13	0	0	0	0	1.0	1.0	1.0	1	0.7654	0.148	0.0824	1.1704	0.3563	1.4266
L014210	hotspot_vntr	unit_aware	221.64	5.562	1	0.5567	306.28	326	7	13	1.0592	1.0568	15.38	0.1033	1.0932	1.0868	1.1186	52.32	0.07	5.0	5.1515	1.0932	1.0665	12.73	0.42575	1065.81	8	0	8	27	0.3226	0.95	1.0	10	0.3298	0.3167	0.347	1.8925	0.3511	1.9958
L014297	hotspot_vntr	unit_aware	112.88	9.141	2.0	0.3824	161.02	27	10	15	1.0216	1.0144	4.34	0.3561	1.0272	1.0847	1.05	35.35	0.02	5.0	6.9697	1.0272	1.0	0.0	0.29216	464.14	0	0	0	0	0.5455	1.0	1.0	6	0.3887	0.2658	0.3322	2.0449	0.2511	2.0814
L014324	control_vntr_correct	unit_aware	84.73	14.282	1	0.6338	113.76	72	2	6	1.0596	1.0087	5.82	0.4	1.0088	1.1244	1.0	25.09	0.0	1.0	0.9394	1.0088	1.0056	0.87	0.22871	359.98	0	0	0	0	1.0	1.0	1.0	1	0.482	0.4245	0.0935	1.4737	0.3746	1.4461
L014358	hotspot_vntr	unit_aware	315.72	6.217	1.0	0.5491	472.87	15	29	31	1.0376	1.0479	11.64	0.018	1.032	1.074	1.0735	48.53	0.69	2.0	1.8788	1.032	1.033	8.54	0.42689	1713.88	5	1	4	239	0.1667	1.0	1.0	9	0.3175	0.0595	0.623	2.4646	0.0606	2.693
L014426	control_vntr_correct	unit_aware	74.23	13.671	3.0	0.4143	106.04	50	4	9	1.0365	1.0355	7.42	0.1175	1.0344	1.1724	1.1745	74.13	0.0	0.0	1.4545	1.0344	1.0109	1.59	0.11393	140.51	1	1	0	1	0.4	1.0	1.0	3	0.7586	0.2299	0.0115	1.2893	0.125	1.1562
L014899	control_nontr_sv	unit_aware	6.0	166.833	109.5	0.3333	7.0	2	2	2	1.0	1.0	0.0	1.0	1.0	1.0	1.0	0.0	0.0	1.0	0.5455	1.0	1.0	0.0	0.0	0.0	0	0	0	0	1.0	1.0	1.0	1	1.0	0.0	0.0	1.0		
L015126	hotspot_other	unit_aware	552.68	2.541	1.0	0.6567	852.29	56	21	30	1.0914	1.1192	13.22	0.0449	1.1797	1.3234	1.3414	112.97	1.05	0.0	0.4848	1.1797	1.096	10.94	0.7004	3261.8	0	0	0	12	0.0	0.0	1.0	1	0.5908	0.1816	0.1084	2.2661	0.2819	3.3695
L015223	control_vntr_matched	unit_aware	111.56	13.518	2	0.4137	156.61	121	2	4	1.0471	1.0469	13.09	0.256	1.0477	1.07	1.0662	45.05	0.84	9.0	8.4545	1.0477	1.0246	9.04	0.1269	245.28	0	0	0	0	0.0	1.0	1.0	9	0.9402	0.0279	0.0319	1.0329	0.0345	1.1121
L015285	control_vntr_correct	unit_aware	10.07	99.593	1	0.5926	13.05	8	3	4	1.0098	1.0098	0.7	0.0997	1.0098	1.0093	1.0093	1.4	0.0	1.0	0.5152	1.0098	1.0	0.0	0.00744	7.83	0	0	0	0	1.0	1.0	1.0	1	0.9341	0.0019	0.064	1.0235	0.0139	1.1664
L015331	hotspot_vntr	unit_aware	462.97	3.123	1.0	0.671	647.09	152	26	30	1.0599	1.0679	15.03	0.0433	1.0726	1.125	1.1439	67.81	0.33	3.0	4.6364	1.0726	1.0142	2.6	0.58161	2137.92	0	0	0	1	0.1667	0.1667	1.0	18	0.2794	0.1127	0.5997	3.9156	0.1197	4.3743
L015347	hotspot_vntr	unit_aware	615.32	3.149	1.0	0.6281	917.28	104	29	29	1.0471	1.0612	27.84	0.0	1.068	1.0889	1.13	113.71	0.63	37.0	34.5357	1.068	1.0398	18.25	0.61836	3446.38	49	25	24	2036	0.2295	1.0	1.0	83	0.1834	0.207	0.6039	4.1669	0.2048	4.3005
L015415	hotspot_vntr	unit_aware	182.29	10.011	1	0.5631	252.32	44	7	14	1.0059	1.0031	3.3	0.1343	1.021	1.0181	1.0304	20.56	1.0	9.0	9.0909	1.021	1.0006	0.27	0.29273	787.85	0	0	0	0	0.3571	1.0	1.0	18	0.3031	0.1084	0.5819	2.0004	0.1316	2.261
L015708	hotspot_other	unit_aware	58.7	17.959	1.0	0.5471	82.18	53	3	24	1.0535	1.0562	1.33	0.2121	1.0501	1.1129	1.114	7.73	0.02	0.0	0.0	1.0501	1.2496	3.14	0.10923	149.52	2	0	2	3				0	0.5657	0.2676	0.1667	2.0637	0.4041	2.7678
L015743	control_vntr_correct	unit_aware	51.96	19.803	1	0.5502	69.91	83	2	7	1.0528	1.0	8.81	0.8431	1.0538	1.1047	1.1075	35.81	0.2	1.0	0.9697	1.0538	1.0059	4.07	0.05876	64.07	1	0	1	2	1.0	1.0	1.0	1	0.3601	0.0952	0.5446	1.1052	0.1006	1.1027
L015847	hotspot_other	unit_aware	233.62	4.494	2.0	0.4551	365.59	73	11	29	1.0433	1.0251	5.94	0.2559	1.0285	1.1456	1.0787	47.32	0.21	4.0	5.0	1.0285	1.0188	9.18	0.23756	491.02	0	0	0	39	0.1333	1.0	1.0	4	0.5093	0.3981	0.0926	2.1095	0.7083	3.2256
L015904	hotspot_other	unit_aware	1293.66	2.311	1.0	0.6817	2077.62	51	32	33	1.1077	1.1383	32.27	0.0	1.0782	1.3379	1.287	239.22	4.8	0.0	1.3333	1.0782	1.0291	9.86	0.7067	7543.34	5	0	5	389	0.3333	1.0	1.0	2	0.4448	0.2542	0.2809	2.4368	0.3415	2.8765
L016040	control_nontr_sv	unit_aware	29.25	37.381	1	0.5714	37.6	7	2	4	1.0	1.0	0.0	1.0	1.0	1.0	1.0	0.0	0.0	1.0	0.5152	1.0	1.0	0.0	0.0	0.0	0	0	0	0	1.0	1.0	1.0	1	1.0	0.0	0.0	1.0		
L016062	control_vntr_correct	unit_aware	14.07	74.568	1	0.5135	18.63	13	2	4	1.0007	1.0	0.02	0.95	1.0	1.0	1.0	0.0	0.0	1.0	0.5152	1.0	1.0019	0.02	0.0282	31.94	0	0	0	0	1.0	1.0	1.0	1	0.6993	0.0147	0.2861	1.0376	0.0286	1.0667
L016124	control_vntr_matched	unit_aware	67.65	15.163	1.0	0.5635	90.47	86	2	6	1.0478	1.047	3.0	0.2746	1.0485	1.0115	1.0116	2.02	0.0	0.0	0.4848	1.0485	1.0	0.0	0.10202	124.56	0	0	0	0	0.5	1.0	1.0	1	0.9789	0.0112	0.0075	1.0112	0.0	1.0
L016274	control_nontr_sv	unit_aware	6.74	254.0	337	0.2	8.09	1	3	3	1.0	1.0	0.0	1.0	1.0	1.0	1.0	0.0	0.0	0.0	0.4242	1.0	1.0	0.0	0.0	0.0	0	0	0	0	1.0	1.0	1.0	1	0.9537	0.0463	0.0	1.0463	0.0	1.0
L016523	control_vntr_correct	unit_aware	24.03	43.515	2.5	0.4848	33.49	22	2	12	1.0088	1.0079	0.27	0.257	1.0092	1.1717	1.1755	11.48	0.27	0.0	0.0	1.0092	1.3057	5.3	0.01396	16.02	0	0	0	0	0.0	0.0	1.0	0	0.9661	0.0299	0.004	1.0299	0.0909	1.0909
L016830	control_vntr_correct	unit_aware	25.83	38.968	4.0	0.3468	36.66	18	4	7	1.0057	1.0057	1.51	0.3252	1.0104	1.0239	1.0165	12.81	0.15	4.0	4.0303	1.0104	1.0142	3.78	0.07355	84.57	1	1	0	1	0.0	1.0	1.0	7	0.8582	0.092	0.0498	1.1449	0.1313	1.2591
L016870	hotspot_other	unit_aware	290.38	4.881	2.0	0.4875	427.86	136	9	20	1.0213	1.036	11.12	0.1657	1.0051	1.0644	1.0561	69.52	0.72	16.0	15.8485	1.0051	1.0032	3.59	0.29501	728.51	0	0	0	0	0.1111	1.0	1.0	16	0.8544	0.1456	0.0	1.1942	0.087	1.1739
L016884	control_vntr_correct	unit_aware	299.14	3.965	1	0.5726	453.24	40	19	28	1.0611	1.0587	10.41	0.1354	1.0503	1.1244	1.1257	51.15	0.57	0.0	1.0909	1.0503	1.0679	7.95	0.33741	959.92	2	2	0	30	0.0	0.0	1.0	0	0.3846	0.4923	0.1231	2.1888	0.5122	2.5432
L017097	control_nontr_sv	unit_aware	66.93	32.059	1	0.6275	89.24	11	6	10	1.0025	1.0012	0.93	0.4393	1.0026	1.0	1.0	0.0	0.0	1.0	0.6364	1.0026	1.0	0.0	0.0	0.0	0	0	0	1	1.0	1.0	1.0	1	1.0	0.0	0.0	1.0	0.0	1.0
L017325	control_vntr_matched	unit_aware	146.82	7.154	2	0.4279	218.55	24	11	24	1.0178	1.0212	2.95	0.3278	1.0109	1.1072	1.1304	39.03	0.33	17.0	16.8182	1.0109	1.0039	2.47	0.37707	672.17	1	1	0	1	0.0	1.0	1.0	17	0.3636	0.4545	0.1753	1.6434	0.4444	1.8779
TR101140	control_vntr_matched	unit_aware	204.32	6.539	1.0	0.6171	273.78	330	10	12	1.3077	1.0	34.64	0.5651	1.3138	1.2142	1.2137	60.46	0.02	0.0	0.375	1.3138	1.3679	14.72	0.13991	299.59	0	0	0	0				0	0.5805	0.1015	0.2978	1.1107	0.1019	1.1112
TR368009	control_vntr_matched	unit_aware	39.58	25.541	2.0	0.4977	54.18	160	3	6	1.0238	1.0	0.7	0.9122	1.0234	1.0121	1.0117	0.78	0.0	0.0	0.4848	1.0234	1.0017	0.02	0.0489	57.19	0	0	0	0				0	0.9678	0.0132	0.0177	1.0136	0.0927	1.0973
TR423938	control_vntr_matched	unit_aware	3.99	250.889	286	0.4444	4.88	3	2	3	1.0	1.0	0.0	1.0	1.0	1.0	1.0	0.0	0.0	0.0	0.0303	1.0	1.0	0.0	0.00922	9.31	0	0	0	0				0	0.6528	0.0907	0.2565	1.092	0.1933	1.1967
TR424743	control_vntr_matched	unit_aware	35.84	73.359	1.0	0.5078	49.01	36	4	19	1.0035	1.0015	1.6	0.251	1.0022	1.0088	1.0071	8.16	0.0	2.0	2.7576	1.0022	1.0078	3.54	0.0446	125.74	0	0	0	0				0	0.4756	0.0799	0.4417	1.1843	0.0899	1.2488
TR446002	control_vntr_matched	unit_aware	10.8	92.84	2	0.4	14.26	6	3	5	1.0024	1.0	0.06	0.8698	1.0014	1.0	1.0	0.0	0.0	0.0	0.0303	1.0014	1.0	0.0	0.00409	4.32	1	1	0	1				0	1.0	0.0	0.0	1.0	0.0	1.0
TR455654	control_vntr_matched	unit_aware	19.14	53.391	1.0	0.5217	27.05	13	3	7	1.0159	1.1429	0.39	0.17	1.023	1.0627	1.0913	3.42	0.0	0.0	0.0303	1.023	1.1371	0.99	0.00616	6.66	0	0	0	0				0	0.9432	0.0568	0.0	1.0926	0.25	1.25
TR460913	control_vntr_matched	unit_aware	26.66	37.829	1	0.6286	35.03	11	3	7	1.0	1.0	0.0	1.0	1.0	1.0	1.0	0.0	0.0	0.0	0.0	1.0	1.0	0.0	0.02469	28.94	0	0	0	0				0	0.9339	0.0176	0.0485	1.0176	0.0392	1.0392
TR499275	control_vntr_matched	unit_aware	6.9	145.167	1.0	0.5333	8.98	10	2	4	1.0	1.0	0.0	1.0	1.0	1.0	1.0	0.0	0.0	0.0	0.0	1.0	1.0	0.0	0.0	0.0	0	0	0	0				0	0.9701	0.0075	0.0224	1.0075	0.0	1.0
TR499276	control_vntr_matched	unit_aware	8.92	112.4	1.0	0.675	11.6	13	2	5	1.0	1.0	0.0	1.0	1.0	1.0	1.0	0.0	0.0	0.0	0.0	1.0	1.0	0.0	0.0	0.0	0	0	0	0				0	1.0	0.0	0.0	1.0	0.0	1.0
TR573259	control_vntr_matched	unit_aware	46.59	29.029	7.0	0.375	66.12	57	2	4	1.0115	1.0	1.46	0.6562	1.0114	1.0175	1.0174	4.96	0.0	0.0	0.2121	1.0114	1.0071	0.08	0.10783	167.52	0	0	0	0				0	0.8112	0.0713	0.1175	1.1082	0.0957	1.2268
TR668316	control_vntr_matched	unit_aware	36.89	34.088	3	0.4867	50.28	26	4	13	1.0087	1.0	0.58	0.8129	1.0084	1.029	1.0291	3.92	0.0	0.0	0.3448	1.0084	1.0	0.0	0.08356	121.45	0	0	0	0				0	0.3682	0.156	0.4743	1.3377	0.156	1.3377
TR687433	control_vntr_matched	unit_aware	2.39	419.125	455.0	0.25	2.98	3	2	4	1.0	1.0	0.0	1.0	1.0	1.0	1.0	0.0	0.0	0.0	0.0909	1.0	1.0	0.0	0.0	0.0	1	0	1	1				0	0.6443	0.0185	0.3372	1.0376	0.0269	1.0601
TR687489	control_vntr_matched	unit_aware	4.39	228.083	2.0	0.5	5.49	4	2	2	1.0	1.0	0.0	1.0	1.0	1.0	1.0	0.0	0.0	0.0	0.0	1.0	1.0	0.0	0.0	0.0	0	0	0	0				0	0.8352	0.0	0.1648	1.0019	0.0	1.0034
TR724750	control_vntr_matched	unit_aware	108.13	10.096	1.0	0.6211	145.4	112	2	4	1.0035	1.0	0.05	0.8507	1.0035	1.0023	1.0023	0.1	0.0	0.0	0.0	1.0035	1.0848	0.14	0.21876	329.75	0	0	0	0				0	0.6401	0.2004	0.1596	1.2292	0.2619	1.3288
TR743754	control_vntr_matched	unit_aware	39.69	25.422	2.0	0.4828	54.74	38	5	9	1.0071	1.0	0.42	0.8367	1.0068	1.0376	1.0361	4.6	0.0	0.0	0.2727	1.0068	1.0	0.0	0.08537	101.61	0	0	0	0				0	0.5517	0.4291	0.0192	1.4559	0.5	1.5556
TR831034	control_vntr_matched	unit_aware	358.49	3.385	1	0.6687	540.56	606	7	27	1.1161	1.0891	8.21	0.0435	1.1054	1.3925	1.3708	83.65	0.48	0.0	0.0667	1.1054	3.0469	32.96	0.25593	747.39	1	1	0	28				0	0.8704	0.1296	0.0	1.142	0.0625	1.0625
L000034	hotspot_vntr	unit_aware__all	722.31	2.336	1	0.7077	1080.47	170	13	32	1.219	1.2296	38.61	0.0197	1.1927	1.3207	1.2682	152.41	2.68	0.0	1.1818	1.1927	1.1646	19.49	0.66067	3812.87	20	4	16	321	0.0	1.0	1.0	3	0.2543	0.5651	0.1727	2.7319	0.6311	3.0356
L000289	hotspot_vntr	unit_aware__all	876.62	1.828	1	0.7108	1334.02	99	33	34	1.072	1.0962	37.56	0.0	1.078	1.195	1.2012	225.71	0.58	1.0	5.9091	1.078	1.0031	1.52	0.78083	7731.64	0	0	0	690	0.6392	1.0	1.0	17	0.6543	0.1266	0.2006	1.6571	0.1782	1.9434
L000308	control_vntr_matched	unit_aware__all	202.29	5.319	1	0.5379	280.43	225	4	9	1.071	1.0643	17.52	0.169	1.0809	1.0675	1.2414	43.07	0.19	4.0	5.8788	1.0809	1.0205	5.83	0.33239	545.28	0	0	0	0	0.0	1.0	1.0	8	0.6578	0.3251	0.0151	1.5533	0.4688	2.1302
L000381	control_vntr_matched	unit_aware__all	34.11	30.397	1	0.616	45.76	81	3	8	1.0489	1.0	0.34	0.749	1.0293	1.0737	1.0286	1.3	0.0	1.0	0.9697	1.0293	1.6982	12.93	0.0226	27.63	0	0	0	1	1.0	1.0	1.0	1	0.984	0.0153	0.0	1.0153	0.0303	1.0312
L000407	control_vntr_correct	unit_aware__all	16.16	64.136	3.0	0.3182	23.14	12	4	9	1.0492	1.0	1.67	0.9348	1.0656	1.1056	1.1206	8.13	0.0	0.0	0.3333	1.0656	1.0929	1.8	0.0113	12.49	0	0	0	0	0.0	1.0	1.0	1	0.9762	0.0238	0.0	1.0238	0.0594	1.0594
L000506	control_nontr_sv	unit_aware__all	6.2	161.571	33	0.4286	8.86	1	5	5	1.0	1.0	0.0	1.0	1.0	1.0	1.0	0.0	0.0	0.0	0.4545	1.0	1.0	0.0	0.0	0.0	0	0	0	0	1.0	1.0	1.0	1	0.9145	0.0855	0.0	1.1966	0.3333	2.0
L000698	control_vntr_correct	unit_aware__all	15.47	81.704	2.5	0.5	21.78	15	4	9	1.061	1.0	2.07	0.8088	1.1001	1.0281	1.0471	2.07	0.04	2.0	2.0303	1.1001	1.1892	40.28	0.0122	16.33	0	0	0	0	1.0	1.0	1.0	2	0.8931	0.0298	0.0771	1.0392	0.1429	1.1429
L000709	control_vntr_matched	unit_aware__all	1.92	522.0	23.0	0.5	2.4	4	2	3	1.0	1.0	0.0	1.0	1.0	1.0	1.0	0.0	0.0	0.0	0.4545	1.0	1.0	0.0	0.0	0.0	4	0	4	4	1.0	1.0	1.0	1	0.9732	0.0095	0.0173	1.0095	0.0	1.0
L001084	hotspot_vntr	unit_aware__all	484.73	5.552	1	0.6831	685.8	39	33	33	1.0256	1.0408	12.31	0.0036	1.0379	1.057	1.0707	56.83	0.01	12.0	19.6364	1.0379	1.0028	0.98	0.52217	3062.97	0	0	0	358	0.2059	1.0	1.0	48	0.2239	0.1374	0.636	4.4453	0.1395	4.4701
L001264	hotspot_vntr	unit_aware__all	1019.98	2.451	1.0	0.6752	1465.54	271	33	34	1.0527	1.073	28.61	0.0	1.0684	1.1015	1.1217	119.64	0.21	5.0	9.0303	1.0684	1.0106	4.0	0.69714	7044.16	7	1	6	749	0.375	1.0	1.0	33	0.2906	0.1329	0.5587	3.7219	0.1337	4.185
L001491	control_vntr_correct	unit_aware__all	82.99	17.198	1	0.6337	111.75	33	4	9	1.017	1.0131	3.8	0.3232	1.0129	1.0203	1.0186	9.56	0.0	1.0	0.5152	1.0129	1.0044	0.77	0.0275	52.59	2	2	0	3	1.0	1.0	1.0	1	0.9443	0.0	0.0352	1.0015	0.0	1.0043
L001527	control_nontr_sv	unit_aware__all	36.19	27.927	1	0.6098	52.07	9	10	12	1.0001	1.0	0.02	0.981	1.0	1.0	1.0	0.0	0.0	0.0	0.2727	1.0	1.0	0.0	0.0	0.0	0	0	0	0	1.0	1.0	1.0	1	0.9703	0.0297	0.0	1.1683	0.0	1.0
L001894	control_vntr_matched	unit_aware__all	41.32	24.933	1	0.5356	56.03	60	3	5	1.0603	1.0	1.73	0.6814	1.2761	1.0528	1.1101	3.45	0.0	1.0	1.0606	1.2761	6.9312	30.74	0.04303	51.85	0	0	0	0	0.5	0.5		1	0.971	0.0262	0.0021	1.0269	0.3	1.3
L001899	control_vntr_matched	unit_aware__all	125.06	8.571	2	0.4816	174.58	63	4	9	1.0757	1.0656	7.3	0.1014	1.0569	1.1869	1.1643	38.37	0.07	1.0	1.0303	1.0569	1.0099	0.57	0.29861	459.42	0	0	0	0	0.0	0.0	1.0	2	0.4391	0.3261	0.2348	1.5557	0.3219	1.6795
L001909	hotspot_vntr	unit_aware__all	294.89	4.812	2.0	0.4727	453.83	158	9	34	1.1155	1.0517	36.47	0.0	1.0879	1.1345	1.1267	92.13	0.41	15.0	18.8485	1.0879	1.0743	19.63	0.56221	1914.5	150	0	150	1052	0.1791	1.0	1.0	38	0.1798	0.1244	0.6883	4.6103	0.1281	4.7141
L001922	control_vntr_correct	unit_aware__all	55.9	18.338	2.0	0.4798	77.64	11	9	12	1.0096	1.0097	2.97	0.2451	1.0093	1.0515	1.0519	32.08	0.18	0.0	3.3333	1.0093	1.0037	0.67	0.1588	200.45	0	0	0	0	0.0	0.0	1.0	9	0.5632	0.136	0.2888	1.4015	0.1643	1.7014
L002013	hotspot_vntr	unit_aware__all	1079.89	2.228	1	0.691	1616.75	29	32	32	1.0799	1.0569	41.77	0.0	1.1375	1.1343	1.1934	150.15	0.73	6.0	8.9697	1.1375	1.1411	48.26	0.55497	3984.71	1	1	0	1172	0.381	1.0	1.0	27	0.2672	0.0809	0.6443	2.2138	0.0763	2.3485
L002096	hotspot_vntr	unit_aware__all	522.75	4.249	1	0.5741	770.75	277	9	33	1.0522	1.0425	12.12	0.0625	1.0488	1.1736	1.125	86.62	1.05	5.0	8.8485	1.0488	1.0189	9.15	0.46873	2129.21	1	1	0	39	0.1176	1.0	1.0	20	0.2475	0.1348	0.598	1.9229	0.1165	2.0597
L002143	hotspot_vntr	unit_aware__all	152.8	7.866	1	0.5526	209.13	190	9	23	1.0977	1.0028	6.42	0.2702	1.2018	1.1382	1.1901	23.33	0.14	2.0	2.8182	1.2018	1.3961	10.24	0.34595	675.63	3	0	3	72	0.2	1.0	1.0	12	0.3908	0.2206	0.3848	1.7998	0.2587	2.0874
L002182	hotspot_vntr	unit_aware__all	938.02	2.786	1.0	0.7326	1406.62	46	28	32	1.0302	1.0372	16.28	0.0	1.0766	1.0716	1.1382	81.25	1.97	0.0	3.4242	1.0766	1.0107	4.26	0.62577	5570.35	0	0	0	19	0.1667	1.0	1.0	7	0.3776	0.3323	0.284	1.9249	0.4231	2.1181
L002292	control_nontr_sv	unit_aware__all	78.33	13.485	2	0.4795	104.9	54	4	6	1.0887	1.0887	67.1	0.188	1.0885	1.1573	1.1566	239.72	5.12	0.0	0.9091	1.0885	1.0325	11.8	0.1087	126.43	0	0	0	0	0.6667	1.0	1.0	2	0.9036	0.0964	0.0	1.1285		
L002884	control_vntr_matched	unit_aware__all	18.23	59.87	4	0.3768	25.09	26	2	12	1.015	1.0	0.17	0.9091	1.0214	1.0032	1.0054	0.08	0.0	1.0	1.0303	1.0214	1.0541	4.41	0.01294	15.58	2	0	2	2	1.0	1.0	1.0	1	0.721	0.0445	0.2345	1.0927	0.0543	1.1976
L002940	hotspot_other	unit_aware__all	350.15	3.992	2	0.4779	550.69	70	12	26	1.0381	1.0168	11.89	0.0852	1.0304	1.1489	1.1409	104.71	0.72	0.0	2.0606	1.0304	1.0519	12.26	0.30597	745.91	0	0	0	24	0.0	1.0	1.0	3	0.4816	0.362	0.1442	1.8914	0.4977	2.269
L003119	control_vntr_correct	unit_aware__all	6.19	162.111	5.0	0.3333	8.25	6	2	6	1.0024	1.0	0.24	0.827	1.0024	1.0088	1.009	1.81	0.29	2.0	1.9394	1.0024	1.0005	0.23	0.01447	14.78	0	0	0	0	0.6667	1.0	1.0	2	0.3278	0.1093	0.5629	1.1242	0.125	1.1531
L003171	control_nontr_sv	unit_aware__all	11.28	88.917	47.5	0.5	14.1	4	2	2	1.003	1.003	1.11	0.0	1.003	1.0	1.0	0.0	0.0	1.0	1.0	1.003	1.0	0.0	0.0	0.0	0	0	0	0	1.0	1.0	1.0	1	1.0	0.0	0.0	1.0	0.0	1.0
L003672	control_vntr_correct	unit_aware__all	22.45	46.655	1.0	0.5172	30.2	20	2	7	1.3233	1.3252	24.36	0.2361	1.3259	1.0496	1.05	10.26	0.3	0.0	1.4545	1.3259	3.1099	40.94	0.04385	51.1	0	0	0	0	0.8	1.0	1.0	3	0.8074	0.1439	0.0487	1.1508	0.3704	1.4259
L003695	hotspot_other	unit_aware__all	163.43	7.928	2.0	0.3674	252.82	15	10	12	1.2033	1.313	29.54	0.0939	1.1664	1.3124	1.2883	103.33	0.03	0.0	0.4545	1.1664	1.2147	24.5	0.39644	855.53	0	0	0	0	0.0	0.0	1.0	0	0.3867	0.2901	0.3204	2.2501	0.3359	2.5961
L003826	control_vntr_matched	unit_aware__all	486.28	2.62	1	0.6643	706.73	89	26	33	1.2352	1.3811	18.36	0.0125	1.2663	1.5347	1.5692	103.35	1.54	0.0	0.3333	1.2663	1.2719	10.34	0.43984	1349.9	0	0	0	30	0.0	0.0		0	0.1941	0.6685	0.1348	3.2345	0.7033	3.7024
L003828	hotspot_other	unit_aware__all	191.76	5.424	1	0.5489	295.16	63	24	26	1.0211	1.0234	9.1	0.0674	1.0091	1.106	1.0432	93.62	0.27	15.0	16.0	1.0091	1.0036	3.29	0.34363	633.75	0	0	0	48	0.1429	1.0	1.0	22	0.4224	0.3276	0.25	2.8291	0.2333	2.5826
L003872	control_vntr_matched	unit_aware__all	100.51	10.421	2	0.4613	139.76	50	6	7	1.1102	1.1227	11.01	0.2119	1.0822	1.1494	1.1451	44.08	3.83	0.0	0.0303	1.0822	1.639	21.2	0.05921	85.62	0	0	0	0	0.0	0.0	1.0	0	0.9644	0.0337	0.0	1.0337	0.0306	1.0306
L003883	control_nontr_sv	unit_aware__all	356.28	13.247	1	0.5051	474.64	92	3	3	1.0617	1.0617	71.87	0.0525	1.0617	1.1331	1.1332	310.91	4.85	1.0	0.5152	1.0617	1.0021	1.97	0.08351	423.91	0	0	0	0	1.0	1.0	1.0	1	0.9314	0.0686	0.0	1.0686	0.3333	1.3333
L004021	control_vntr_matched	unit_aware__all	26.5	38.029	1	0.5415	36.32	47	5	20	1.0216	1.0	1.02	0.8226	1.0105	1.0142	1.0226	1.41	0.01	1.0	1.4242	1.0105	1.0234	0.79	0.01236	14.09	0	0	0	1	1.0	1.0	1.0	1	0.9787	0.0196	0.0	1.0196	0.0172	1.0179
L004145	hotspot_vntr	unit_aware__all	397.45	2.957	1	0.6806	592.75	1495	7	31	1.2503	1.2606	49.19	0.0	1.232	1.3115	1.2878	184.15	1.18	19.0	10.5161	1.232	1.2138	32.3	0.35933	827.13	1	0	1	10	0.0444	1.0	1.0	20	0.4233	0.5432	0.0335	1.9467	0.7327	2.6028
L004620	control_nontr_sv	unit_aware__all	11.32	88.545	6	0.4545	14.4	3	3	5	1.0002	1.0	0.06	0.9494	1.0032	1.0004	1.0063	0.25	0.0	1.0	0.5152	1.0032	1.0	0.0	0.0	0.0	0	0	0	0	1.0	1.0	1.0	1	0.9531	0.0469	0.0	1.0469	0.0	1.0
L004848	hotspot_other	unit_aware__all	820.12	1.799	1.0	0.7662	1313.24	113	20	30	1.1058	1.1202	23.27	0.0054	1.0983	1.5162	1.4845	272.44	3.29	0.0	0.0909	1.0983	1.035	9.44	0.70744	4526.34	0	0	0	99	0.0	0.0		0	0.4339	0.2355	0.1777	2.2475	0.2437	2.4917
L004989	hotspot_other	unit_aware__all	482.76	2.63	1.0	0.7408	770.86	64	19	29	1.1055	1.1	20.94	0.0072	1.0579	1.3214	1.2631	146.93	1.57	2.0	2.5455	1.0579	1.0287	9.9	0.533	1661.85	0	0	0	88	0.2	1.0	1.0	7	0.4698	0.2886	0.2282	2.0449	0.4096	2.5556
L005064	hotspot_other	unit_aware__all	537.29	2.709	1.0	0.6092	847.8	169	10	29	1.0656	1.0714	11.43	0.1243	1.0488	1.4821	1.5095	183.39	0.72	0.0	0.5152	1.0488	1.0252	2.53	0.61405	2249.39	0	0	0	60	0.0	0.6667	1.0	1	0.4583	0.2451	0.2735	2.3721	0.2405	3.2542
L005261	hotspot_other	unit_aware__all	857.97	3.263	2	0.4464	1403.96	52	12	26	1.0155	1.0024	6.16	0.2082	1.0033	1.2021	1.1517	168.6	2.87	0.0	0.9394	1.0033	1.0039	1.58	0.63989	4896.39	24	24	0	146	0.0	1.0	1.0	5	0.5108	0.3939	0.0909	1.8533	0.5278	2.2547
L005411	hotspot_vntr	unit_aware__all	239.89	4.493	1.0	0.6207	338.27	280	19	33	1.1341	1.1777	9.07	0.025	1.0731	1.287	1.1383	51.63	1.22	7.0	7.5455	1.0731	1.0452	9.0	0.60693	1694.79	2	2	0	157	0.0	0.6667	1.0	8	0.2548	0.4989	0.2279	3.3093	0.5346	3.4368
L005481	hotspot_vntr	unit_aware__all	202.12	5.934	1.0	0.5082	283.96	49	4	23	1.0405	1.0012	4.71	0.4758	1.2078	1.096	1.2527	23.7	0.13	1.0	1.6667	1.2078	1.2483	32.85	0.40741	841.29	12	0	12	71	0.0	1.0	1.0	2	0.4126	0.2378	0.3295	1.851	0.3204	2.2099
L005618	hotspot_other	unit_aware__all	786.71	1.665	1.0	0.8669	1191.79	229	31	32	1.1389	1.1574	34.64	0.0	1.1243	1.4813	1.4708	287.68	0.53	0.0	0.2121	1.1243	1.0901	21.87	0.74247	4663.32	30	0	30	304	0.5714	1.0	1.0	7	0.5815	0.1908	0.1477	1.8711	0.3027	2.4078
L005688	control_nontr_sv	unit_aware__all	178.37	7.969	1	0.6299	238.76	39	3	5	1.0235	1.0241	5.03	0.3571	1.0236	1.0	1.0	0.0	0.0	1.0	0.8182	1.0236	1.0158	4.01	0.0	0.0	0	0	0	0	1.0	1.0	1.0	1	1.0	0.0	0.0	1.0	0.0	1.0
L005990	hotspot_vntr	unit_aware__all	402.62	4.612	2.0	0.4826	663.22	507	18	32	1.0415	1.0513	6.77	0.0948	1.0484	1.4631	1.3946	160.3	0.69	0.0	2.0	1.0484	1.0487	10.88	0.48115	1748.52	71	71	0	238	0.0	0.0	1.0	0	0.4495	0.1044	0.4293	2.1096	0.1411	2.7265
L006556	control_nontr_sv	unit_aware__all	150.11	7.058	1	0.6547	200.86	46	3	4	1.1828	1.183	62.98	0.1373	1.1885	1.3519	1.3623	247.41	1.12	1.0	0.5152	1.1885	1.0393	7.29	0.22851	318.57	0	0	0	0	1.0	1.0	1.0	1	0.9462	0.0538	0.0	1.0538	0.0	1.0
L006952	hotspot_vntr	unit_aware__all	821.06	1.939	1	0.5839	1354.97	14	28	28	1.0185	1.0035	11.47	0.3704	1.0349	1.1733	1.2161	222.63	3.4	0.0	4.0303	1.0349	1.0085	4.16	0.75392	5224.72	3	3	0	30	0.2	1.0	1.0	6	0.4868	0.2679	0.0717	2.2302	0.2485	2.4984
L007009	hotspot_vntr	unit_aware__all	412.82	3.392	1.0	0.6499	581.82	187	23	27	1.0202	1.0201	18.69	0.0603	1.0227	1.0318	1.0392	60.55	0.34	31.0	30.2121	1.0227	1.0037	2.91	0.61799	2447.57	6	4	2	834	0.2424	1.0	1.0	70	0.1457	0.2599	0.5881	3.2371	0.2241	3.3963
L007033	control_vntr_correct	unit_aware__all	35.09	30.685	1	0.5281	47.32	5	3	3	1.001	1.0009	1.23	0.0	1.001	1.001	1.0015	2.49	0.01	2.0	2.0303	1.001	1.0003	0.31	0.12591	156.55	0	0	0	0	0.0	1.0	1.0	2	0.9804	0.0	0.0196	1.0098	0.0	1.25
L007040	hotspot_vntr	unit_aware__all	102.63	10.046	1	0.6322	152.21	244	8	27	1.0605	1.1152	26.16	0.0109	1.0096	1.1151	1.0187	106.52	0.76	39.0	38.9394	1.0096	1.0021	2.96	0.36702	607.83	0	0	0	33	0.1111	0.1111	1.0	62	0.1402	0.5027	0.3558	3.5699	0.4848	3.788
L007065	control_vntr_matched	unit_aware__all	11.28	90.292	1.0	0.5417	15.04	11	7	9	1.0093	1.0429	0.54	0.2577	1.0137	1.0176	1.0263	2.11	0.0	1.0	0.5455	1.0137	1.0	0.0	0.01135	12.22	0	0	0	0	1.0	1.0	1.0	1	0.9675	0.0221	0.0104	1.0223	0.0385	1.0385
L007081	hotspot_vntr	unit_aware__all	853.32	3.816	1.0	0.6264	1324.85	77	31	33	1.0336	1.0429	14.34	0.0036	1.0237	1.1286	1.1221	117.38	0.11	4.0	7.5152	1.0237	1.0129	6.1	0.5386	5168.12	224	220	4	502	0.125	1.0	1.0	40	0.3015	0.1558	0.5226	3.4636	0.2197	4.0066
L007161	hotspot_other	unit_aware__all	406.44	2.787	1.0	0.5799	608.22	160	7	25	1.1477	1.1814	23.18	0.0912	1.2004	1.3503	1.3687	149.66	0.32	0.0	0.3333	1.2004	1.1027	11.99	0.50209	1417.65	0	0	0	0	0.0	0.0	1.0	0	0.4334	0.2567	0.293	1.7652	0.2192	2.0378
L007172	control_vntr_matched	unit_aware__all	256.23	4.996	1	0.5512	371.55	98	5	11	1.0447	1.0118	8.02	0.0711	1.0431	1.1212	1.1208	45.97	0.23	2.0	1.3636	1.0431	1.0285	2.53	0.29783	633.77	0	0	0	0	0.6667	1.0	1.0	2	0.5025	0.1812	0.3114	1.3676	0.0576	1.4571
L007184	hotspot_other	unit_aware__all	122.01	8.57	1.0	0.5506	182.24	7	14	21	1.0637	1.0407	11.98	0.1517	1.0313	1.1122	1.0729	45.25	0.53	2.0	2.3636	1.0313	1.0183	5.8	0.1462	216.99	0	0	0	8	0.5	0.5	1.0	4	0.6875	0.125	0.1786	1.3404	0.2593	1.9409
L007192	control_nontr_sv	unit_aware__all	30.66	44.381	1	0.619	42.34	4	6	11	1.0	1.0	0.0	1.0	1.0	1.0	1.0	0.0	0.38	0.0	0.2424	1.0	1.0	0.0	0.0109	16.06	0	0	0	0	1.0	1.0	1.0	1	0.9204	0.0796	0.0	1.2212	0.4444	2.3333
L007376	control_vntr_matched	unit_aware__all	3.82	261.851	1.0	0.5676	5.12	5	8	9	1.0003	1.0	0.05	0.7533	1.0041	1.0003	1.0067	0.09	0.0	1.0	1.0606	1.0041	1.0041	0.3	0.00091	0.93	1	0	1	1	1.0	1.0	1.0	1	0.9407	0.0112	0.0481	1.0142	0.011	1.0604
L007480	hotspot_other	unit_aware__all	503.85	4.334	1.0	0.6988	698.87	11	20	21	1.0655	1.0901	19.52	0.0449	1.0608	1.1211	1.1014	75.21	0.01	2.0	2.5758	1.0608	1.0133	3.45	0.4424	1771.19	1	1	0	61	0.0	1.0	1.0	4	0.4116	0.2494	0.3341	2.1098	0.2482	2.4778
L007687	control_vntr_matched	unit_aware__all	173.16	6.502	1.0	0.631	236.67	113	4	10	1.0494	1.0	3.89	0.7235	1.0279	1.144	1.1031	23.8	0.0	1.0	0.7879	1.0279	1.0116	0.5	0.37171	693.38	0	0	0	0	1.0	1.0	1.0	1	0.4092	0.4814	0.1072	1.9503	0.2846	1.8141
L007717	control_vntr_matched	unit_aware__all	64.62	15.825	2.0	0.4161	91.96	77	8	21	1.0278	1.0284	1.73	0.2393	1.0427	1.0299	1.0358	4.54	0.01	0.0	0.6667	1.0427	1.2364	9.49	0.07994	112.74	2	2	0	2	1.0	1.0	1.0	1	0.9395	0.0413	0.0151	1.0463	0.0455	1.0985
L007798	hotspot_other	unit_aware__all	817.66	3.716	1	0.6008	1184.86	77	26	32	1.0212	1.0393	15.09	0.0054	1.026	1.0441	1.059	64.58	1.26	16.0	17.9697	1.026	1.0054	3.34	0.44782	3185.78	0	0	0	797	0.1905	1.0	1.0	35	0.2957	0.113	0.5899	2.3627	0.1281	2.6058
L007844	hotspot_other	unit_aware__all	1907.95	1.569	1	0.7735	2982.39	113	29	34	1.1108	1.1359	41.04	0.0	1.1136	1.3123	1.3454	270.98	4.87	0.0	1.2121	1.1136	1.0135	4.99	0.79707	13095.57	343	343	0	724	0.4615	1.0	1.0	5	0.2563	0.4254	0.2197	2.5448	0.4047	2.6898
L008216	hotspot_vntr	unit_aware__all	221.18	5.094	1.0	0.6284	307.38	64	8	21	1.1228	1.0609	17.29	0.0855	1.1642	1.149	1.1464	47.87	0.02	2.0	2.0909	1.1642	1.3615	34.57	0.40061	921.82	1	1	0	1	0.5714	1.0	1.0	3	0.3596	0.3914	0.2491	2.1748	0.4411	2.4154
L008631	control_nontr_sv	unit_aware__all	19.91	74.286	3.5	0.4286	28.45	3	6	8	1.0	1.0	0.0	1.0	1.0	1.0	1.0	0.0	0.0	0.0	0.1818	1.0	1.0	0.0	0.0	0.0	0	0	0	0	1.0	1.0	1.0	1	0.9139	0.0861	0.0	1.2185	0.1282	1.4615
L008864	hotspot_vntr	unit_aware__all	1695.45	3.355	1	0.6247	2654.15	232	15	28	1.0585	1.0868	32.76	0.0091	1.0745	1.1515	1.1465	181.92	2.0	1.0	5.5758	1.0745	1.0638	26.88	0.61087	9502.11	26	26	0	703	0.2143	1.0	1.0	20	0.249	0.3498	0.3933	2.7716	0.3852	3.0478
L008877	hotspot_other	unit_aware__all	1491.63	2.035	1.0	0.7236	2442.13	300	20	30	1.1499	1.167	36.67	0.009	1.0612	1.3945	1.2543	235.78	1.79	8.0	7.9697	1.0612	1.0355	16.06	0.65167	6679.94	10	8	2	178	0.2222	1.0	1.0	25	0.2901	0.3282	0.3451	2.6884	0.3465	3.1142
L008887	control_vntr_correct	unit_aware__all	15.05	75.872	4	0.4615	20.45	14	2	7	1.025	1.25	0.33	0.1598	1.0063	1.0401	1.0079	1.21	0.0	2.0	2.0	1.0063	1.0094	1.2	0.02458	30.09	0	0	0	0	1.0	1.0	1.0	2	0.9684	0.0111	0.0205	1.0157	0.0455	1.1439
L008902	control_vntr_correct	unit_aware__all	73.51	14.768	2	0.3285	106.53	87	2	7	1.2149	1.2318	12.8	0.191	1.0136	1.2674	1.2562	53.11	0.0	0.0	0.0	1.0136	1.5437	16.8	0.04642	65.34	0	0	0	0	0.0	0.0	1.0	0	0.9594	0.03	0.0088	1.0345	0.0909	1.2273
L008976	hotspot_vntr	unit_aware__all	917.07	4.174	1.0	0.7051	1299.59	214	25	28	1.0428	1.0583	26.15	0.0	1.0578	1.073	1.0955	94.06	0.01	14.0	14.8519	1.0578	1.0004	0.2	0.54227	5347.54	83	1	82	2129	0.4471	1.0	1.0	61	0.1745	0.1987	0.6142	3.027	0.1955	3.2009
L009000	hotspot_vntr	unit_aware__all	445.84	2.518	1	0.6579	681.84	66	34	34	1.0738	1.1157	38.94	0.0	1.0283	1.1718	1.1067	203.71	0.16	59.0	58.8182	1.0283	1.0009	0.88	0.72429	3582.68	2	2	0	780	0.3833	1.0	1.0	73	0.4596	0.2096	0.3272	2.8558	0.2139	3.3136
L009283	control_nontr_sv	unit_aware__all	19.13	52.533	1	0.5333	24.23	5	2	4	1.0078	1.0074	1.17	0.1933	1.0074	1.0	1.0	0.0	0.0	0.0	0.4848	1.0074	1.0	0.0	0.0	0.0	0	0	0	0	1.0	1.0	1.0	1	1.0	0.0	0.0	1.0	0.0	1.0
L009398	hotspot_vntr	unit_aware__all	122.5	8.791	2	0.3222	172.73	22	19	25	1.0196	1.0173	6.98	0.0465	1.0217	1.0421	1.044	30.92	0.05	3.0	2.125	1.0217	1.0073	2.17	0.27329	428.5	0	0	0	63	0.5	1.0	1.0	5	0.3056	0.3	0.3889	2.8876	0.3028	3.1795
L009448	hotspot_vntr	unit_aware__all	1041.41	1.723	1	0.5939	1744.89	78	24	24	1.0742	1.0644	39.07	0.0	1.1248	1.3387	1.4176	400.43	1.54	0.0	4.3478	1.1248	1.0647	22.99	0.825	9462.54	2	2	0	1312	0.1509	1.0	1.0	27	0.4976	0.1986	0.2632	2.0655	0.2231	2.3428
L009600	control_nontr_sv	unit_aware__all	2.96	372.333	409	0.0	2.96	1	2	2	1.0	1.0	0.0	1.0	1.0	1.0	1.0	0.0	0.0	1.0	1.0	1.0	1.0	0.0	0.0	0.0	0	0	0	0	1.0	1.0	1.0	1	1.0	0.0	0.0	1.0	0.0	1.0
L009656	hotspot_vntr	unit_aware__all	399.88	3.81	1	0.5434	603.49	9	26	26	1.0309	1.0599	7.64	0.0841	1.0285	1.1267	1.103	67.4	0.23	1.0	1.6667	1.0285	1.0875	13.99	0.54237	1842.83	0	0	0	0	0.0	0.0	1.0	1	0.3751	0.2218	0.3949	1.6598	0.2074	1.8478
L009658	hotspot_vntr	unit_aware__all	385.1	2.979	1	0.5752	580.09	368	23	31	1.1977	1.2223	42.71	0.0	1.0706	1.2807	1.2011	145.01	0.71	24.0	22.871	1.0706	1.0214	10.33	0.63828	1969.72	3	3	0	221	0.3158	1.0	1.0	41	0.1724	0.2215	0.5812	2.9215	0.2421	3.1469
L009770	control_vntr_matched	unit_aware__all	46.56	21.729	2.0	0.4541	65.14	74	3	7	1.0183	1.0085	2.11	0.4754	1.0092	1.078	1.0299	18.31	0.0	6.0	6.1212	1.0092	1.0	0.0	0.1491	182.19	0	0	0	0	0.0	1.0	1.0	6	0.5982	0.2068	0.1951	1.2939	0.1688	1.4645
L009771	control_vntr_correct	unit_aware__all	16.21	67.789	3	0.4211	21.33	7	2	2	1.0087	1.0087	0.81	0.0	1.0087	1.0661	1.0661	13.03	0.0	2.0	2.0	1.0087	1.0	0.0	0.02928	34.13	0	0	0	0	0.0	1.0	1.0	2	0.9176	0.0824	0.0	1.0824	0.3125	1.3125
L009803	hotspot_vntr	unit_aware__all	634.87	1.958	1	0.7355	958.65	164	24	30	1.0657	1.0763	30.65	0.0	1.0381	1.159	1.1158	161.08	2.1	10.0	13.3333	1.0381	1.0041	2.51	0.76286	4046.42	0	0	0	370	0.3429	1.0	1.0	23	0.4158	0.3061	0.273	2.1622	0.3596	2.3947
L009885	control_vntr_correct	unit_aware__all	37.42	27.115	4.0	0.391	53.25	18	9	17	1.0042	1.0	0.3	0.8586	1.0448	1.0152	1.0913	2.21	0.0	0.0	0.2424	1.0448	1.0835	5.54	0.05572	66.92	0	0	0	0	0.0	0.0	1.0	0	0.7643	0.2197	0.0096	1.2483	0.5435	1.6623
L010060	hotspot_other	unit_aware__all	500.21	2.964	1	0.6397	749.69	119	20	24	1.0761	1.0252	11.18	0.035	1.2188	1.2454	1.3704	81.03	0.7	0.0	1.0606	1.2188	1.3261	30.87	0.44378	1328.74	0	0	0	0	0.0	0.0	1.0	0	0.5138	0.3439	0.1265	1.7155	0.5128	2.013
L010113	control_vntr_correct	unit_aware__all	24.98	40.587	1	0.6	33.64	27	2	8	1.0501	1.04	1.29	0.2314	1.0398	1.1148	1.0931	6.66	0.0	0.0	0.4848	1.0398	1.0039	0.06	0.04988	55.96	0	0	0	0	1.0	1.0	1.0	1	0.9052	0.0812	0.0135	1.0812	0.0303	1.0303
L010328	hotspot_vntr	unit_aware__all	2890.14	1.578	1	0.8205	4362.59	52	29	29	1.0776	1.1021	38.41	0.0325	1.0535	1.3875	1.3095	412.65	0.67	0.0	2.1875	1.0535	1.0123	6.43	0.76662	13894.56	4	3	1	533	0.0	0.0	1.0	1	0.3111	0.2211	0.4576	2.6397	0.2634	3.0364
L010350	control_vntr_matched	unit_aware__all	6.24	165.37	1.0	0.587	8.27	16	2	11	1.0	1.0	0.0	1.0	1.0	1.0126	1.0128	0.46	0.0	2.0	1.2727	1.0	1.0	0.0	0.0	0.0	0	0	0	0	0.0	1.0	1.0	2	0.9576	0.0206	0.0218	1.0235	0.0778	1.125
L010452	control_nontr_sv	unit_aware__all	11.21	96.0	13	0.4444	13.7	3	2	2	1.0	1.0	0.0	1.0	1.0	1.0	1.0	0.0	0.0	1.0	0.9697	1.0	1.0	0.0	0.0	0.0	0	0	0	0	1.0	1.0	1.0	1	1.0	0.0	0.0	1.0	0.0	1.0
L010508	control_vntr_correct	unit_aware__all	14.74	69.481	1.0	0.5769	19.56	18	2	11	1.0023	1.0	0.03	0.9956	1.0007	1.0014	1.0	0.04	0.0	1.0	0.5152	1.0007	1.125	1.2	0.01116	12.47	0	0	0	0	1.0	1.0	1.0	1	0.981	0.0143	0.0048	1.0143	0.0667	1.0667
L011121	control_vntr_correct	unit_aware__all	154.84	7.678	1	0.6278	213.25	104	4	10	1.1335	1.0	7.75	0.6914	1.0034	1.2812	1.0043	34.17	0.01	1.0	0.9091	1.0034	1.0006	0.07	0.31662	596.63	0	0	0	0	1.0	1.0	1.0	1	0.5746	0.375	0.0485	1.6152	0.3836	1.7308
L011138	hotspot_vntr	unit_aware__all	276.4	8.312	1	0.6295	385.73	454	8	28	1.0239	1.0223	10.23	0.06	1.0446	1.0497	1.0576	43.68	0.01	5.0	13.75	1.0446	1.0081	2.52	0.39049	1515.45	1	1	0	3	0.2353	1.0	1.0	28	0.1371	0.2383	0.6201	2.7721	0.2344	2.7906
L011224	control_vntr_correct	unit_aware__all	62.48	20.217	1	0.5093	86.15	34	3	13	1.025	1.0112	3.17	0.2648	1.012	1.0026	1.0	0.72	0.02	1.0	1.0	1.012	1.016	1.52	0.03884	60.92	1	0	1	1	1.0	1.0	1.0	2	0.8004	0.0324	0.1655	1.05	0.0087	1.0565
L011227	control_vntr_matched	unit_aware__all	109.6	11.682	2.0	0.4798	152.5	128	3	11	1.0807	1.0	4.19	0.6614	1.0872	1.1825	1.1832	21.01	0.05	1.0	0.697	1.0872	1.0421	1.25	0.26192	437.86	0	0	0	0	1.0	1.0	1.0	1	0.5046	0.152	0.3359	1.405	0.229	1.699
L011430	control_vntr_matched	unit_aware__all	164.65	6.438	2.0	0.4173	243.27	151	6	13	1.158	1.1818	7.83	0.1034	1.1046	1.2206	1.2088	30.78	0.16	0.0	0.4545	1.1046	1.7701	20.88	0.32567	583.41	0	0	0	0	0.0	1.0	1.0	1	0.7004	0.254	0.0258	1.3826	0.4957	1.7636
L011463	hotspot_vntr	unit_aware__all	461.21	2.566	1	0.6957	681.69	534	6	27	1.2222	1.2118	32.85	0.0525	1.2646	1.452	1.4922	198.31	2.31	4.0	3.8485	1.2646	1.2205	43.96	0.43566	1141.54	9	0	9	64	0.25	1.0	1.0	6	0.5766	0.3333	0.09	1.6905	0.4028	2.1086
L011931	control_nontr_sv	unit_aware__all	24.87	76.208	2.0	0.5	35.23	4	8	8	1.0012	1.0012	0.49	0.2684	1.0012	1.0	1.0	0.0	0.0	1.0	0.5152	1.0012	1.0	0.0	0.0	0.0	0	0	0	0	1.0	1.0	1.0	1	0.9783	0.0217	0.0	1.0652	0.0	1.0
L012184	hotspot_vntr	unit_aware__all	743.22	3.986	1	0.6774	1069.34	70	30	31	1.1831	1.1301	41.86	0.0182	1.0603	1.1379	1.0759	77.11	0.55	17.0	15.8065	1.0603	1.063	34.15	0.58414	4043.92	1	1	0	99	0.3509	1.0	1.0	38	0.2437	0.1125	0.6238	3.0822	0.1214	3.2135
L012256	hotspot_other	unit_aware__all	296.17	4.075	2.0	0.4685	451.06	177	19	30	1.0305	1.0144	9.51	0.1691	1.0407	1.1718	1.1971	113.42	1.17	4.0	4.6667	1.0407	1.0475	12.14	0.33828	661.45	2	0	2	7	0.3333	1.0	1.0	7	0.4717	0.231	0.2875	2.034	0.3107	2.4786
L012272	hotspot_vntr	unit_aware__all	43.68	23.729	1	0.7276	59.92	411	9	31	1.0812	1.0833	2.91	0.0162	1.0833	1.1069	1.1069	14.76	0.16	22.0	20.6364	1.0833	1.1674	9.82	0.13921	176.5	3	1	2	147	0.383	1.0	1.0	32	0.5703	0.0732	0.3403	2.2648	0.0785	2.4019
L012294	hotspot_vntr	unit_aware__all	620.75	6.034	2.0	0.473	959.29	90	31	33	1.0314	1.0275	20.05	0.0	1.0579	1.0801	1.1099	106.91	0.15	8.0	11.1212	1.0579	1.0674	29.84	0.41345	3114.33	0	0	0	489	0.3889	1.0	1.0	28	0.1398	0.1592	0.6971	3.4805	0.1341	3.8055
L012313	control_vntr_matched	unit_aware__all	21.26	48.324	1.0	0.6176	27.82	22	3	14	1.0659	1.0	1.61	0.8434	1.3288	1.0014	1.0	0.08	0.0	2.0	1.6364	1.3288	2.3528	25.55	0.00875	10.0	1	1	0	1	1.0	1.0	1.0	2	0.8887	0.0402	0.0711	1.0479	0.0504	1.0924
L012489	hotspot_other	unit_aware__all	539.83	2.426	1.0	0.7569	850.28	136	16	30	1.1255	1.1141	15.71	0.0342	1.1202	1.2408	1.2648	88.26	1.52	0.0	0.6364	1.1202	1.3809	26.42	0.4221	1411.45	0	0	0	15	0.4	1.0	1.0	2	0.4865	0.39	0.1236	2.0354	0.5208	2.5984
L012530	control_nontr_sv	unit_aware__all	28.28	35.727	1.5	0.5	37.28	7	3	7	1.0	1.0	0.0	1.0	1.0	1.0	1.0	0.0	0.0	0.0	0.4848	1.0	1.0345	2.58	0.0	0.0	0	0	0	0	1.0	1.0	1.0	1	0.9355	0.0645	0.0	1.0645		
L013000	control_vntr_correct	unit_aware__all	37.15	27.27	1	0.5535	52.8	1	22	22	1.0023	1.0	0.21	0.8799	1.0107	1.0043	1.0215	0.84	0.07	3.0	2.9697	1.0107	1.0291	6.66	0.06169	76.4	1	1	0	2	0.0	1.0	1.0	3	0.7273	0.0744	0.157	1.1096	0.0752	1.113
L013064	hotspot_other	unit_aware__all	503.27	2.71	1.0	0.578	796.68	244	5	32	1.1959	1.25	16.89	0.0644	1.1005	1.7059	1.6571	197.31	1.28	0.0	0.0	1.1005	1.079	11.92	0.55894	2259.69	1	1	0	84	0.0	0.0	1.0	0	0.5116	0.4709	0.0174	1.9302	0.7442	2.6977
L013074	control_vntr_correct	unit_aware__all	4.68	214.281	1.0	0.5312	5.99	11	2	3	1.0025	1.0	0.73	0.8675	1.0025	1.0026	1.0026	1.54	0.0	1.0	1.0	1.0025	1.0	0.0	0.00171	1.75	0	0	0	0	1.0	1.0	1.0	1	0.9976	0.0	0.0	1.0	0.0	1.0
L013244	hotspot_vntr	unit_aware__all	169.1	19.859	4.0	0.3815	250.25	17	10	17	1.0314	1.0584	12.47	0.1153	1.0333	1.0765	1.0858	62.6	0.22	9.0	8.2121	1.0333	1.0029	0.69	0.16058	634.8	0	0	0	0	0.3333	1.0	1.0	15	0.1381	0.1006	0.7554	1.7459	0.0636	1.7679
L013399	control_nontr_sv	unit_aware__all	9.12	239.833	167.5	0.3333	10.64	2	2	3	1.0	1.0	0.0	1.0	1.0	1.0	1.0	0.0	0.0	1.0	0.7879	1.0	1.0	0.0	0.0	0.0	0	0	0	0	1.0	1.0	1.0	1	0.9957	0.0043	0.0	1.0043	0.0	1.0
L013531	hotspot_other	unit_aware__all	452.22	2.727	1	0.612	765.67	68	19	21	1.0885	1.0746	20.17	0.0746	1.0239	1.4575	1.2836	231.18	1.64	2.0	3.2727	1.0239	1.0131	5.71	0.53101	1685.4	0	0	0	29	0.1667	0.1667	1.0	7	0.598	0.1667	0.1176	1.868	0.2857	3.2843
L014111	control_vntr_matched	unit_aware__all	115.28	9.163	1.0	0.5844	156.55	134	2	4	1.1251	1.1225	7.93	0.1134	1.1256	1.3524	1.3502	60.59	0.44	0.0	0.0	1.1256	2.764	14.35	0.12957	180.74	0	0	0	0	0.0	0.0		0	0.9687	0.0299	0.0	1.0299	0.0	1.0
L014160	hotspot_vntr	unit_aware__all	509.0	2.456	1	0.6622	756.19	346	11	34	1.1475	1.1842	28.5	0.0125	1.1833	1.3411	1.3302	165.41	1.48	0.0	1.1212	1.1833	1.128	19.83	0.56291	1921.36	3	0	3	32	0.1	1.0	1.0	1	0.4774	0.4746	0.0466	1.9906	0.5933	2.6749
L014181	control_vntr_matched	unit_aware__all	91.44	11.711	3.0	0.3671	130.02	131	2	5	1.0366	1.037	4.35	0.2381	1.0479	1.1236	1.1646	32.64	0.3	0.0	0.1212	1.0479	1.0409	2.42	0.17052	237.84	0	0	0	0	0.0	0.0	1.0	0	0.6941	0.2193	0.0824	1.2524	0.375	1.4685
L014210	hotspot_vntr	unit_aware__all	246.16	5.079	1.0	0.5861	337.76	356	6	13	1.0992	1.106	25.77	0.1033	1.1347	1.1525	1.1661	91.94	0.62	10.0	7.7879	1.1347	1.0913	17.47	0.45733	1211.52	6	0	6	27	0.1143	1.0	1.0	14	0.3126	0.3339	0.347	1.9307	0.3783	2.0427
L014297	hotspot_vntr	unit_aware__all	177.29	5.951	2.0	0.3989	250.0	54	7	15	1.0565	1.0474	11.36	0.2656	1.0673	1.1632	1.1181	68.11	0.0	6.0	8.0606	1.0673	1.0	0.0	0.39388	730.74	0	0	0	0	0.6667	1.0	1.0	4	0.3322	0.3223	0.3322	2.3104	0.3049	2.48
L014324	control_vntr_correct	unit_aware__all	84.73	14.286	1	0.6056	113.76	71	3	6	1.0661	1.024	6.45	0.4	1.0239	1.1489	1.0435	30.02	0.0	3.0	2.8182	1.0239	1.01	1.56	0.23239	367.54	0	0	0	0	0.0	1.0	1.0	3	0.518	0.3885	0.0935	1.4618	0.3492	1.4537
L014358	hotspot_vntr	unit_aware__all	329.11	6.084	1	0.561	491.9	14	29	31	1.0408	1.0475	12.64	0.0233	1.0305	1.0746	1.0647	48.96	0.65	3.0	2.8788	1.0305	1.031	8.03	0.44302	1830.16	6	1	5	239	0.1667	1.0	1.0	9	0.2698	0.1071	0.623	2.5453	0.0909	2.7332
L014426	control_vntr_correct	unit_aware__all	54.61	18.437	5	0.2039	80.06	38	4	9	1.0187	1.0	3.8	0.8295	1.0041	1.1057	1.0989	45.42	0.0	0.0	1.3939	1.0041	1.0076	1.1	0.12261	152.7	1	1	0	1	0.0	1.0	1.0	3	0.7893	0.1992	0.0115	1.2548	0.0625	1.0938
L014899	control_nontr_sv	unit_aware__all	6.0	166.833	109.5	0.3333	7.0	2	2	2	1.0	1.0	0.0	1.0	1.0	1.0	1.0	0.0	0.0	1.0	0.5455	1.0	1.0	0.0	0.0	0.0	0	0	0	0	1.0	1.0	1.0	1	1.0	0.0	0.0	1.0		
L015126	hotspot_other	unit_aware__all	676.15	2.199	1.0	0.6606	1075.63	74	17	30	1.1281	1.1985	18.53	0.0072	1.1208	1.4726	1.3182	165.07	2.37	0.0	0.3333	1.1208	1.0247	2.81	0.75706	4348.09	0	0	0	12	0.0	0.0	1.0	1	0.5447	0.2276	0.1084	2.8317	0.3404	4.4363
L015223	control_vntr_matched	unit_aware__all	108.28	13.926	2.0	0.396	152.25	116	2	4	1.0451	1.0446	12.54	0.24	1.0463	1.07	1.0689	45.07	1.33	9.0	8.4545	1.0463	1.0262	9.64	0.12674	244.91	0	0	0	0	0.0	1.0	1.0	9	0.9402	0.0279	0.0319	1.0315	0.0345	1.1121
L015285	control_vntr_correct	unit_aware__all	12.68	79.118	1.0	0.5294	16.78	11	3	4	1.0146	1.0146	1.05	0.0997	1.0146	1.0465	1.0465	6.98	0.0	2.0	1.0303	1.0146	1.0	0.0	0.02096	22.38	0	0	0	0	0.0	1.0	1.0	2	0.9303	0.0056	0.064	1.0273	0.0139	1.1664
L015331	hotspot_vntr	unit_aware__all	511.49	2.898	1	0.6913	718.83	162	24	30	1.0707	1.087	17.74	0.0361	1.1088	1.1446	1.2238	78.48	0.5	4.0	4.5152	1.1088	1.0151	2.76	0.61079	2413.51	0	0	0	1	0.2	1.0	1.0	14	0.2941	0.098	0.5997	4.0969	0.1197	4.6
L015347	hotspot_vntr	unit_aware__all	680.0	2.88	1	0.6455	1056.37	86	29	29	1.0544	1.0631	32.15	0.0	1.0732	1.1262	1.1644	161.52	1.3	38.0	36.5	1.0732	1.0454	20.8	0.64149	3805.86	19	9	10	2036	0.2149	1.0	1.0	82	0.1922	0.1982	0.6039	4.5889	0.1971	4.7293
L015415	hotspot_vntr	unit_aware__all	237.21	7.839	1	0.6397	328.87	55	8	14	1.0148	1.0081	8.3	0.0496	1.0398	1.0334	1.0527	38.0	1.31	7.0	9.8788	1.0398	1.0006	0.27	0.37975	1165.47	0	0	0	0	0.375	1.0	1.0	22	0.3097	0.1018	0.5819	2.4357	0.1217	2.8026
L015708	hotspot_other	unit_aware__all	61.12	17.249	1	0.5424	85.64	60	9	24	1.06	1.0606	1.49	0.234	1.0608	1.1335	1.1298	9.14	0.16	0.0	0.1818	1.0608	1.2562	3.23	0.11901	164.71	2	0	2	3				0	0.5657	0.2676	0.1667	2.1725	0.4082	2.9612
L015743	control_vntr_correct	unit_aware__all	52.8	19.502	1	0.5494	70.95	82	2	7	1.0548	1.0769	9.15	0.2377	1.054	1.1051	1.1082	35.96	0.42	1.0	0.9697	1.054	1.0063	4.4	0.06109	66.78	1	0	1	2	1.0	1.0	1.0	1	0.3601	0.0952	0.5446	1.0962	0.1006	1.1027
L015847	hotspot_other	unit_aware__all	429.0	2.491	1.0	0.5174	687.81	123	11	29	1.1057	1.2769	14.52	0.0396	1.0493	1.493	1.4202	160.22	1.55	0.0	0.9697	1.0493	1.0304	14.82	0.33152	781.53	0	0	0	39	0.0	1.0	1.0	3	0.4907	0.4167	0.0926	2.4978	0.7292	3.9116
L015904	hotspot_other	unit_aware__all	1799.91	1.779	1.0	0.6909	2963.78	72	33	33	1.1259	1.1612	37.71	0.0	1.0718	1.4609	1.3905	326.32	6.2	0.0	0.8485	1.0718	1.0215	7.29	0.76753	10336.35	1	0	1	389	0.3077	1.0	1.0	3	0.4013	0.2977	0.2809	2.979	0.3857	3.5684
L016040	control_nontr_sv	unit_aware__all	29.25	37.381	1	0.5714	37.6	7	2	4	1.0	1.0	0.0	1.0	1.0	1.0	1.0	0.0	0.0	1.0	0.5152	1.0	1.0	0.0	0.0	0.0	0	0	0	0	1.0	1.0	1.0	1	1.0	0.0	0.0	1.0		
L016062	control_vntr_correct	unit_aware__all	16.35	64.209	1	0.5581	21.67	15	2	4	1.0038	1.0	0.1	0.8969	1.0018	1.0056	1.0033	0.32	0.0	1.0	0.5152	1.0018	1.0019	0.02	0.03757	42.97	0	0	0	0	1.0	1.0	1.0	1	0.6846	0.0293	0.2861	1.0516	0.0571	1.0935
L016124	control_vntr_matched	unit_aware__all	69.8	14.7	1.0	0.5654	93.15	88	2	6	1.051	1.0502	3.2	0.2746	1.0518	1.0023	1.0023	0.4	0.0	0.0	0.9697	1.0518	1.0	0.0	0.10419	127.52	0	0	0	0	0.4	1.0	1.0	2	0.9789	0.0112	0.0075	1.0112	0.0	1.0
L016274	control_nontr_sv	unit_aware__all	6.74	254.0	337	0.2	8.09	1	3	3	1.0	1.0	0.0	1.0	1.0	1.0	1.0	0.0	0.0	0.0	0.4242	1.0	1.0	0.0	0.0	0.0	0	0	0	0	1.0	1.0	1.0	1	0.9537	0.0463	0.0	1.0463	0.0	1.0
L016523	control_vntr_correct	unit_aware__all	23.3	44.859	3.0	0.4219	32.4	23	2	12	1.0029	1.0	0.09	0.879	1.0037	1.1682	1.1805	11.25	0.22	0.0	0.0	1.0037	1.3057	5.3	0.01302	14.93	0	0	0	0	0.0	0.0	1.0	0	0.9641	0.0319	0.004	1.0319	0.0909	1.0909
L016830	control_vntr_correct	unit_aware__all	33.33	30.269	3.0	0.4188	47.49	22	5	7	1.0062	1.0043	1.62	0.2279	1.0117	1.0189	1.0122	10.09	0.08	4.0	3.3636	1.0117	1.0142	3.78	0.09101	106.64	1	1	0	1	0.25	1.0	1.0	6	0.8621	0.0881	0.0498	1.1901	0.1111	1.2419
L016870	hotspot_other	unit_aware__all	431.94	3.276	2	0.453	672.0	140	10	20	1.0239	1.0124	12.48	0.3051	1.0084	1.0937	1.0801	101.13	1.62	27.0	24.7576	1.0084	1.0067	7.54	0.36655	1007.4	0	0	0	0	0.0	1.0	1.0	26	0.835	0.165	0.0	1.233	0.087	1.1739
L016884	control_vntr_correct	unit_aware__all	343.51	3.501	1.0	0.6139	532.44	32	15	28	1.0844	1.1012	14.38	0.074	1.1153	1.195	1.2677	80.17	0.86	1.0	0.9697	1.1153	1.0707	8.29	0.39281	1219.47	0	0	0	30	0.0	0.0	1.0	0	0.2308	0.6462	0.1231	2.3217	0.7317	2.7783
L017097	control_nontr_sv	unit_aware__all	66.93	32.059	1	0.6275	89.24	11	6	10	1.0025	1.0012	0.93	0.4393	1.0026	1.0	1.0	0.0	0.0	1.0	0.6364	1.0026	1.0	0.0	0.0	0.0	0	0	0	1	1.0	1.0	1.0	1	1.0	0.0	0.0	1.0	0.0	1.0
L017325	control_vntr_matched	unit_aware__all	155.59	6.804	2	0.4216	230.39	45	8	24	1.0261	1.0158	4.32	0.4048	1.0179	1.1126	1.128	41.02	0.25	14.0	14.0303	1.0179	1.0081	5.16	0.37661	670.85	1	1	0	1	0.0	0.0	1.0	14	0.4188	0.3994	0.1753	1.6143	0.4167	1.9159
TR101140	control_vntr_matched	unit_aware__all	132.57	11.749	1	0.6351	177.84	304	6	12	2.7821	1.0	200.64	0.5651	2.8528	2.3487	2.3917	380.72	0.11	0.0	1.2188	2.8528	3.333	93.36	0.14723	317.97	0	0	0	0				0	0.6015	0.0805	0.2978	1.094	0.0809	1.0944
TR368009	control_vntr_matched	unit_aware__all	42.41	23.828	2	0.4473	58.65	178	2	6	1.0222	1.0	0.65	0.9122	1.0218	1.027	1.0262	1.74	0.01	0.0	0.4848	1.0218	1.0017	0.02	0.05252	61.66	0	0	0	0				0	0.9703	0.0107	0.0177	1.0112	0.0861	1.0906
TR423938	control_vntr_matched	unit_aware__all	78.9	13.006	2.0	0.4719	108.6	67	2	3	1.1867	1.1837	14.48	0.4923	1.1867	1.5844	1.5846	92.06	0.93	0.0	0.0606	1.1867	1.0545	0.24	0.18402	225.62	0	0	0	0				0	0.443	0.3005	0.2565	1.3125	0.0867	1.1108
TR424743	control_vntr_matched	unit_aware__all	40.04	65.713	1	0.5245	54.61	34	3	19	1.0042	1.0023	1.92	0.2085	1.0033	1.009	1.0068	8.28	0.0	2.0	2.3333	1.0033	1.0078	3.54	0.05315	151.22	0	0	0	0				0	0.477	0.0786	0.4417	1.2483	0.0876	1.3479
TR446002	control_vntr_matched	unit_aware__all	11.67	86.0	2	0.4444	15.56	6	3	5	1.0153	1.0714	0.37	0.1994	1.0251	1.0219	1.0367	1.23	0.0	0.0	0.0303	1.0251	1.0	0.0	0.00734	7.78	1	1	0	1				0	1.0	0.0	0.0	1.0	0.0	1.0
TR455654	control_vntr_matched	unit_aware__all	18.73	54.556	2	0.4667	26.22	14	3	7	1.0196	1.1429	0.48	0.17	1.0291	1.0673	1.1005	3.67	0.0	0.0	0.0303	1.0291	1.1441	1.04	0.02124	23.3	0	0	0	0				0	0.9389	0.0611	0.0	1.0653	0.25	1.25
TR460913	control_vntr_matched	unit_aware__all	43.41	23.351	1	0.6316	57.12	18	3	7	1.1691	1.0	0.85	0.8421	1.1667	1.2338	1.2295	3.39	0.0	0.0	0.0	1.1667	1.0	0.0	0.08027	99.77	0	0	0	0				0	0.8502	0.1013	0.0485	1.1278	0.3529	1.4706
TR499275	control_vntr_matched	unit_aware__all	7.59	132.061	2	0.4545	10.13	12	2	4	1.1209	1.0	0.27	0.675	1.149	1.1979	1.2201	1.22	0.04	0.0	0.0	1.149	1.3006	1.41	0.00089	0.92	0	0	0	0				0	0.9652	0.0124	0.0224	1.0124	0.0	1.0
TR499276	control_vntr_matched	unit_aware__all	8.92	112.4	1.0	0.675	11.6	13	2	5	1.0	1.0	0.0	1.0	1.0	1.0	1.0	0.0	0.0	0.0	0.0	1.0	1.0	0.0	0.0	0.0	0	0	0	0				0	1.0	0.0	0.0	1.0	0.0	1.0
TR573259	control_vntr_matched	unit_aware__all	70.23	19.376	5	0.4098	99.01	81	2	4	1.0377	1.0402	4.81	0.3229	1.0378	1.0946	1.0949	26.79	0.44	0.0	0.0909	1.0378	1.0214	0.25	0.16954	282.97	0	0	0	0				0	0.7688	0.1137	0.1175	1.1843	0.1383	1.3826
TR668316	control_vntr_matched	unit_aware__all	34.61	37.462	5.5	0.434	47.67	29	4	13	1.01	1.0	0.66	0.8129	1.006	1.0289	1.0256	3.91	0.0	0.0	0.3103	1.006	1.0	0.0	0.10192	151.16	0	0	0	0				0	0.4165	0.1076	0.4743	1.3812	0.1076	1.3812
TR687433	control_vntr_matched	unit_aware__all	27.45	36.793	1.0	0.5761	36.69	29	3	4	1.0574	1.0538	5.87	0.3229	1.0574	1.1227	1.1227	25.38	0.21	0.0	0.1818	1.0574	1.0	0.0	0.09938	110.38	1	0	1	1				0	0.594	0.0688	0.3372	1.2519	0.1228	1.4373
TR687489	control_vntr_matched	unit_aware__all	4.39	228.083	2.0	0.5	5.49	4	2	2	1.0	1.0	0.0	1.0	1.0	1.0	1.0	0.0	0.0	0.0	0.0	1.0	1.0	0.0	0.0	0.0	0	0	0	0				0	0.8352	0.0	0.1648	1.0019	0.0	1.0034
TR724750	control_vntr_matched	unit_aware__all	129.95	8.465	1	0.6486	174.28	133	2	4	1.0883	1.0	1.25	0.8507	1.088	1.1108	1.1103	4.79	0.05	0.0	0.0	1.088	1.0848	0.14	0.23744	366.69	0	0	0	0				0	0.6382	0.2022	0.1596	1.2354	0.2667	1.3427
TR743754	control_vntr_matched	unit_aware__all	39.34	25.652	1	0.5043	54.05	37	5	9	1.0076	1.0	0.45	0.8367	1.0073	1.0357	1.0343	4.36	0.0	0.0	0.2424	1.0073	1.0	0.0	0.08511	101.27	0	0	0	0				0	0.5517	0.4291	0.0192	1.4559	0.5	1.5556
TR831034	control_vntr_matched	unit_aware__all	412.51	2.973	1.0	0.6861	630.21	722	12	27	1.1317	1.1079	9.3	0.0609	1.1119	1.5103	1.4763	108.75	0.42	0.0	0.4333	1.1119	2.9711	31.74	0.29222	897.16	2	2	0	28				0	0.8457	0.1543	0.0	1.1667	0.3125	1.3125
