method	region_id	stratum	span_bp	n_seqs	n_distinct	max_len	total_bp	status	align_s	graph_s	total_s	peak_rss_mb	threads	timeout_s	columns	gap_frac	nodes	nodes_per_kb	frac_nodes_1bp	masked_runs	masked_bp	N_nodes	finished	note
mafft_fftns2	L000034	hotspot_vntr	3169	34	32	4469	117137	ok	1.82	0.61	2.43	607.9	2	900	5232	0.3415	1289	406.8	0.5446	0	0	0	2026-09-26T12:09:43	
mafft_fftns2	L000289	hotspot_vntr	5787	34	34	7155	127890	ok	10.19	0.9	11.09	2083.8	2	900	9945	0.6218	4389	758.4	0.7599	0	0	0	2026-09-26T12:10:36	
mafft_fftns2	L000308	control_vntr_matched	4108	34	9	4108	105859	ok	0.38	0.39	0.76	58.8	2	900	4142	0.2483	81	19.7	0.5309	0	0	0	2026-09-26T12:09:58	
mafft_fftns2	L000381	control_vntr_matched	6949	34	8	7080	240551	ok	0.48	0.52	1.0	3.8	2	900	7126	0.0072	240	34.5	0.625	0	0	0	2026-09-26T12:11:00	
mafft_fftns2	L000407	control_vntr_correct	2722	34	9	2814	93388	ok	0.31	0.36	0.68	28.3	2	900	2817	0.025	31	11.4	0.4194	0	0	0	2026-09-26T12:09:20	
mafft_fftns2	L000506	control_nontr_sv	1129	34	5	1131	33462	ok	0.22	0.32	0.54	3.3	2	900	1131	0.1298	7	6.2	0.4286	0	0	0	2026-09-26T12:08:55	
mafft_fftns2	L000698	control_vntr_correct	3490	34	9	4353	146098	ok	0.37	0.4	0.77	20.2	2	900	4397	0.0227	66	18.9	0.5455	0	0	0	2026-09-26T12:09:48	
mafft_fftns2	L000709	control_vntr_matched	6261	34	3	6261	209409	ok	0.31	0.41	0.72	55.8	2	900	6492	0.0513	16	2.6	0.375	0	0	0	2026-09-26T12:10:46	
mafft_fftns2	L001084	hotspot_vntr	8972	34	33	22561	344272	ok	47.74	1.39	49.13	8764.5	2	900	32716	0.6905	4369	487.0	0.7647	0	0	0	2026-09-26T12:12:20	
mafft_fftns2	L001264	hotspot_vntr	6906	34	34	14213	214682	ok	27.77	1.5	29.28	6341.4	2	900	28349	0.7773	7096	1027.5	0.6886	0	0	0	2026-09-26T12:11:26	
mafft_fftns2	L001491	control_vntr_correct	1217	34	9	1668	49085	ok	0.26	0.34	0.61	31.7	2	900	1707	0.1543	98	80.5	0.6327	0	0	0	2026-09-26T12:08:56	
mafft_fftns2	L001527	control_nontr_sv	1133	34	12	1134	35864	ok	0.27	0.32	0.59	19.2	2	900	1134	0.0698	40	35.3	0.625	0	0	0	2026-09-26T12:08:56	
mafft_fftns2	L001894	control_vntr_matched	6461	34	5	6471	219210	ok	0.5	0.5	1.0	3.2	2	900	6763	0.0467	261	40.4	0.5287	0	0	0	2026-09-26T12:10:50	
mafft_fftns2	L001899	control_vntr_matched	1959	34	9	2031	63105	ok	0.37	0.37	0.74	26.5	2	900	2196	0.1548	168	85.8	0.5238	0	0	0	2026-09-26T12:09:01	
mafft_fftns2	L001909	hotspot_vntr	15660	34	34	20243	442919	ok	75.6	1.99	77.59	6909.0	2	900	33527	0.6114	6273	400.6	0.5623	0	0	0	2026-09-26T12:14:14	
mafft_fftns2	L001922	control_vntr_correct	3542	34	12	3578	101471	ok	1.08	0.46	1.54	20.2	2	900	4066	0.266	509	143.7	0.554	0	0	0	2026-09-26T12:09:50	
mafft_fftns2	L002013	hotspot_vntr	4381	34	32	8509	147997	ok	9.6	0.9	10.5	2657.2	2	900	10931	0.6018	3324	758.7	0.6871	0	0	0	2026-09-26T12:10:20	
mafft_fftns2	L002096	hotspot_vntr	2879	34	33	5942	158494	ok	3.05	0.59	3.64	777.1	2	900	11311	0.5879	753	261.5	0.5657	0	0	0	2026-09-26T12:09:27	
mafft_fftns2	L002143	hotspot_vntr	7402	34	23	8362	249251	ok	9.04	1.2	10.24	2383.9	2	900	17476	0.5805	4397	594.0	0.6698	0	0	0	2026-09-26T12:11:14	
mafft_fftns2	L002182	hotspot_vntr	2388	34	32	5439	84162	ok	4.19	0.69	4.88	1257.2	2	900	6285	0.6061	2629	1100.9	0.7554	0	0	0	2026-09-26T12:09:14	
mafft_fftns2	L002292	control_nontr_sv	2183	34	6	2186	52131	ok	0.31	0.34	0.64	44.6	2	900	2186	0.2986	19	8.7	0.4737	0	0	0	2026-09-26T12:09:06	
mafft_fftns2	L002884	control_vntr_matched	3786	34	12	4116	139327	ok	0.43	0.4	0.83	25.4	2	900	4282	0.043	78	20.6	0.3462	0	0	0	2026-09-26T12:09:55	
mafft_fftns2	L002940	hotspot_other	2259	34	26	3003	62820	ok	0.79	0.45	1.24	20.9	2	900	3251	0.4317	700	309.9	0.6743	0	0	0	2026-09-26T12:09:08	
mafft_fftns2	L003119	control_vntr_correct	2909	34	6	2909	63656	ok	0.27	0.34	0.61	62.6	2	900	2912	0.3571	12	4.1	0.4167	0	0	0	2026-09-26T12:09:26	
mafft_fftns2	L003171	control_nontr_sv	1064	34	2	1064	25220	ok	0.21	0.31	0.53	0.0	2	900	1064	0.3029	12	11.3	0.5	0	0	0	2026-09-26T12:08:55	
mafft_fftns2	L003672	control_vntr_correct	2583	34	7	2583	86184	ok	0.25	0.36	0.61	34.5	2	900	2689	0.0573	45	17.4	0.5556	0	0	0	2026-09-26T12:09:17	
mafft_fftns2	L003695	hotspot_other	2215	34	12	2806	69367	ok	0.5	0.39	0.89	45.9	2	900	3370	0.3946	351	158.5	0.5271	0	0	0	2026-09-26T12:09:07	
mafft_fftns2	L003826	control_vntr_matched	3461	34	33	3649	116324	ok	2.67	0.59	3.26	308.7	2	900	4614	0.2585	1069	308.9	0.5959	0	0	0	2026-09-26T12:09:47	
mafft_fftns2	L003828	hotspot_other	5387	34	26	5387	70916	ok	1.51	0.44	1.96	489.6	2	900	6397	0.6739	594	110.3	0.5875	0	0	0	2026-09-26T12:10:25	
mafft_fftns2	L003872	control_vntr_matched	2955	34	7	2959	97295	ok	0.49	0.4	0.9	90.6	2	900	3022	0.0531	241	81.6	0.444	0	0	0	2026-09-26T12:09:30	
mafft_fftns2	L003883	control_nontr_sv	828	34	3	3714	77214	ok	0.37	0.36	0.73	85.8	2	900	3714	0.3885	27	32.6	0.5926	0	0	0	2026-09-26T12:08:53	
mafft_fftns2	L004021	control_vntr_matched	7737	34	20	7737	254586	ok	1.57	0.54	2.11	399.8	2	900	7742	0.0328	171	22.1	0.6023	0	0	0	2026-09-26T12:11:28	
mafft_fftns2	L004145	hotspot_vntr	15607	32	31	15683	431752	ok	7.0	1.21	8.2	2044.3	2	900	17769	0.2407	2843	182.2	0.5515	0	0	0	2026-09-26T12:12:57	
mafft_fftns2	L004620	control_nontr_sv	972	34	5	972	27746	ok	0.23	0.32	0.54	4.2	2	900	972	0.1604	10	10.3	0.5	0	0	0	2026-09-26T12:08:54	
mafft_fftns2	L004848	hotspot_other	2107	34	30	2531	55876	ok	0.73	0.53	1.26	49.6	2	900	3192	0.4851	1345	638.3	0.7576	0	0	0	2026-09-26T12:09:05	
mafft_fftns2	L004989	hotspot_other	1798	34	29	1904	43840	ok	0.55	0.4	0.95	44.1	2	900	3349	0.615	511	284.2	0.6614	0	0	0	2026-09-26T12:09:00	
mafft_fftns2	L005064	hotspot_other	3272	34	29	4126	106757	ok	1.76	0.42	2.18	297.0	2	900	5025	0.3751	309	94.4	0.4272	0	0	0	2026-09-26T12:09:45	
mafft_fftns2	L005261	hotspot_other	859	34	26	2211	43402	ok	0.66	0.4	1.06	32.9	2	900	2585	0.5062	549	639.1	0.5938	0	0	0	2026-09-26T12:08:53	
mafft_fftns2	L005411	hotspot_vntr	6353	34	33	6353	178024	ok	2.37	0.58	2.95	651.9	2	900	6983	0.2502	751	118.2	0.5806	0	0	0	2026-09-26T12:10:51	
mafft_fftns2	L005481	hotspot_vntr	3018	34	23	3379	90969	ok	1.64	0.45	2.09	513.9	2	900	4080	0.3442	523	173.3	0.5526	0	0	0	2026-09-26T12:09:38	
mafft_fftns2	L005618	hotspot_other	3582	34	32	3678	96398	ok	1.87	0.73	2.59	319.7	2	900	4636	0.3884	2066	576.8	0.6801	0	0	0	2026-09-26T12:09:52	
mafft_fftns2	L005688	control_nontr_sv	712	34	5	965	31039	ok	0.21	0.36	0.57	0.0	2	900	967	0.0559	127	178.4	0.6299	0	0	0	2026-09-26T12:08:51	
mafft_fftns2	L005990	hotspot_vntr	6577	32	32	11714	261809	ok	5.24	0.65	5.9	1819.0	2	900	13906	0.4117	902	137.1	0.4823	0	0	0	2026-09-26T12:10:56	
mafft_fftns2	L006556	control_nontr_sv	926	34	4	926	26299	ok	0.21	0.31	0.52	0.0	2	900	926	0.1647	15	16.2	0.5333	0	0	0	2026-09-26T12:08:53	
mafft_fftns2	L006952	hotspot_vntr	2403	34	28	3099	55698	ok	1.24	0.54	1.78	56.5	2	900	3114	0.4739	1748	727.4	0.6705	0	0	0	2026-09-26T12:09:16	
mafft_fftns2	L007009	hotspot_vntr	15479	34	27	19252	245888	ok	29.91	1.2	31.11	7366.5	2	900	22839	0.6833	5454	352.3	0.6711	0	0	0	2026-09-26T12:13:12	
mafft_fftns2	L007033	control_vntr_correct	2536	34	3	2698	23090	ok	0.27	0.33	0.6	88.9	2	900	2698	0.7483	32	12.6	0.5312	0	0	0	2026-09-26T12:09:16	
mafft_fftns2	L007040	hotspot_vntr	19420	34	27	19420	136259	ok	5.21	0.78	5.99	2789.8	2	900	20053	0.8001	1642	84.6	0.6285	0	0	0	2026-09-26T12:14:27	
mafft_fftns2	L007065	control_vntr_matched	4254	34	9	4321	143383	ok	0.43	0.39	0.83	23.8	2	900	4321	0.024	39	9.2	0.5128	0	0	0	2026-09-26T12:10:01	
mafft_fftns2	L007081	hotspot_vntr	1493	34	33	4398	78725	ok	2.27	0.52	2.79	694.7	2	900	8595	0.7306	1070	716.7	0.6374	0	0	0	2026-09-26T12:09:00	
mafft_fftns2	L007161	hotspot_other	3479	34	25	3596	108828	ok	1.7	0.65	2.35	170.2	2	900	4480	0.2855	1386	398.4	0.6934	0	0	0	2026-09-26T12:09:48	
mafft_fftns2	L007172	control_vntr_matched	3009	34	11	3551	101125	ok	0.73	0.44	1.17	42.3	2	900	3984	0.2534	427	141.9	0.5785	0	0	0	2026-09-26T12:09:34	
mafft_fftns2	L007184	hotspot_other	1295	34	21	1295	32355	ok	0.32	0.34	0.65	32.7	2	900	1547	0.3849	135	104.2	0.5556	0	0	0	2026-09-26T12:08:56	
mafft_fftns2	L007192	control_nontr_sv	685	34	11	928	25211	ok	0.28	0.31	0.59	24.0	2	900	928	0.201	19	27.7	0.5789	0	0	0	2026-09-26T12:08:50	
mafft_fftns2	L007376	control_vntr_matched	19353	34	9	19353	613016	ok	6.45	0.73	7.18	2211.5	2	900	19403	0.0708	97	5.0	0.5876	0	0	0	2026-09-26T12:14:21	
mafft_fftns2	L007480	hotspot_other	1687	34	21	3379	68861	ok	0.96	0.41	1.36	28.1	2	900	4118	0.5082	446	264.4	0.6525	0	0	0	2026-09-26T12:08:59	
mafft_fftns2	L007687	control_vntr_matched	2645	34	10	2815	91223	ok	0.43	0.42	0.85	32.7	2	900	2929	0.084	330	124.8	0.6303	0	0	0	2026-09-26T12:09:19	
mafft_fftns2	L007717	control_vntr_matched	4426	34	21	4448	144924	ok	0.61	0.44	1.05	31.9	2	900	4472	0.0469	244	55.1	0.4508	0	0	0	2026-09-26T12:10:16	
mafft_fftns2	L007798	hotspot_other	4360	34	32	11775	128721	ok	9.34	0.73	10.08	2690.6	2	900	14167	0.7328	3442	789.4	0.638	0	0	0	2026-09-26T12:10:15	
mafft_fftns2	L007844	hotspot_other	1988	34	34	4211	92642	ok	2.9	0.92	3.82	562.0	2	900	5666	0.5191	3502	1761.6	0.8004	0	0	0	2026-09-26T12:09:05	
mafft_fftns2	L008216	hotspot_vntr	2993	34	21	3131	93410	ok	1.45	0.51	1.95	396.1	2	900	5392	0.4905	754	251.9	0.6286	0	0	0	2026-09-26T12:09:32	
mafft_fftns2	L008631	control_nontr_sv	703	34	8	1038	25895	ok	0.23	0.34	0.57	45.0	2	900	1038	0.2663	13	18.5	0.4615	0	0	0	2026-09-26T12:08:51	
mafft_fftns2	L008864	hotspot_vntr	2131	34	28	10880	101907	ok	3.53	0.65	4.18	1582.2	2	900	11898	0.7481	1855	870.5	0.5601	0	0	0	2026-09-26T12:09:09	
mafft_fftns2	L008877	hotspot_other	2687	34	30	6896	142343	ok	4.31	0.76	5.07	1292.1	2	900	11183	0.6256	1672	622.3	0.5772	0	0	0	2026-09-26T12:09:24	
mafft_fftns2	L008887	control_vntr_correct	2592	34	7	2950	99887	ok	0.25	0.37	0.61	47.7	2	900	2992	0.0181	42	16.2	0.4762	0	0	0	2026-09-26T12:09:18	
mafft_fftns2	L008902	control_vntr_correct	2816	34	7	2931	98661	ok	0.31	0.39	0.7	39.8	2	900	3033	0.0433	166	58.9	0.4578	0	0	0	2026-09-26T12:09:24	
mafft_fftns2	L008976	hotspot_vntr	5631	28	28	19792	191414	ok	22.63	1.15	23.78	6225.5	2	900	28617	0.7611	4449	790.1	0.7381	0	0	0	2026-09-26T12:10:49	
mafft_fftns2	L009000	hotspot_vntr	14411	34	34	14411	167783	ok	19.28	1.34	20.62	5679.5	2	900	20966	0.7646	5209	361.5	0.6604	0	0	0	2026-09-26T12:12:41	
mafft_fftns2	L009283	control_nontr_sv	784	34	4	784	24528	ok	0.23	0.32	0.54	4.5	2	900	784	0.0798	15	19.1	0.5333	0	0	0	2026-09-26T12:08:52	
mafft_fftns2	L009398	hotspot_vntr	1951	33	25	1982	48384	ok	0.66	0.37	1.03	19.2	2	900	2759	0.4686	264	135.3	0.3561	0	0	0	2026-09-26T12:09:01	
mafft_fftns2	L009448	hotspot_vntr	7487	24	24	10747	152247	ok	15.6	1.22	16.82	2488.1	2	900	14210	0.5536	7267	970.6	0.6956	0	0	0	2026-09-26T12:11:31	
mafft_fftns2	L009600	control_nontr_sv	1012	34	2	1117	37873	ok	0.2	0.31	0.52	0.0	2	900	1117	0.0028	3	3.0	0.0	0	0	0	2026-09-26T12:08:55	
mafft_fftns2	L009656	hotspot_vntr	5039	34	26	6503	154450	ok	3.56	0.62	4.18	1424.2	2	900	8905	0.4899	1113	220.9	0.6029	0	0	0	2026-09-26T12:10:23	
mafft_fftns2	L009658	hotspot_vntr	10831	32	31	10831	216129	ok	6.9	0.92	7.81	2985.5	2	900	15365	0.5604	2347	216.7	0.5837	0	0	0	2026-09-26T12:11:46	
mafft_fftns2	L009770	control_vntr_matched	4682	34	7	4682	123343	ok	0.55	0.42	0.97	56.2	2	900	4886	0.2575	181	38.7	0.4751	0	0	0	2026-09-26T12:10:18	
mafft_fftns2	L009771	control_vntr_correct	1172	34	2	1284	43544	ok	0.21	0.32	0.52	0.0	2	900	1284	0.0026	12	10.2	0.5	0	0	0	2026-09-26T12:08:56	
mafft_fftns2	L009803	hotspot_vntr	5127	34	30	5226	95217	ok	4.21	0.79	5.01	749.8	2	900	6342	0.5584	2936	572.7	0.7374	0	0	0	2026-09-26T12:10:25	
mafft_fftns2	L009885	control_vntr_correct	4169	34	17	4169	132912	ok	0.79	0.41	1.2	6.1	2	900	4201	0.0695	127	30.5	0.4646	0	0	0	2026-09-26T12:09:59	
mafft_fftns2	L010060	hotspot_other	2397	34	24	3029	84347	ok	0.67	0.39	1.06	49.6	2	900	4008	0.381	272	113.5	0.5515	0	0	0	2026-09-26T12:09:14	
mafft_fftns2	L010113	control_vntr_correct	3002	34	8	3021	101048	ok	0.24	0.38	0.62	41.0	2	900	3062	0.0294	44	14.7	0.5455	0	0	0	2026-09-26T12:09:33	
mafft_fftns2	L010328	hotspot_vntr	2940	33	29	10483	158808	ok	11.11	1.2	12.3	3378.1	2	900	12695	0.6209	5908	2009.5	0.6821	0	0	0	2026-09-26T12:09:41	
mafft_fftns2	L010350	control_vntr_matched	7377	34	11	7594	255357	ok	0.49	0.47	0.96	3.3	2	900	7617	0.014	48	6.5	0.5625	0	0	0	2026-09-26T12:11:01	
mafft_fftns2	L010452	control_nontr_sv	803	34	2	862	29190	ok	0.22	0.32	0.54	4.5	2	900	862	0.004	9	11.2	0.4444	0	0	0	2026-09-26T12:08:52	
mafft_fftns2	L010508	control_vntr_correct	3528	34	11	3598	121072	ok	0.37	0.39	0.75	21.2	2	900	3668	0.0292	59	16.7	0.5085	0	0	0	2026-09-26T12:09:48	
mafft_fftns2	L011121	control_vntr_correct	2551	34	10	2894	96743	ok	0.6	0.45	1.05	41.8	2	900	3877	0.2661	414	162.3	0.6087	0	0	0	2026-09-26T12:09:17	
mafft_fftns2	L011138	hotspot_vntr	12558	33	28	27744	362657	ok	57.07	1.79	58.86	6348.1	2	900	43995	0.7502	4811	383.1	0.6851	0	0	0	2026-09-26T12:12:48	
mafft_fftns2	L011224	control_vntr_correct	2577	34	13	3095	96089	ok	0.56	0.42	0.98	33.3	2	900	3223	0.1231	346	134.3	0.5665	0	0	0	2026-09-26T12:09:17	
mafft_fftns2	L011227	control_vntr_matched	3613	34	11	4093	120991	ok	0.44	0.4	0.83	29.5	2	900	4632	0.2317	42	11.6	0.4286	0	0	0	2026-09-26T12:09:53	
mafft_fftns2	L011430	control_vntr_matched	3231	34	13	3278	107140	ok	0.5	0.42	0.91	39.9	2	900	3372	0.0655	289	89.4	0.4152	0	0	0	2026-09-26T12:09:43	
mafft_fftns2	L011463	hotspot_vntr	5878	34	27	5878	164680	ok	1.73	0.53	2.26	515.2	2	900	6951	0.3032	688	117.0	0.5451	0	0	0	2026-09-26T12:10:39	
mafft_fftns2	L011931	control_nontr_sv	965	34	8	1824	47106	ok	0.24	0.33	0.58	41.5	2	900	1824	0.2404	24	24.9	0.5417	0	0	0	2026-09-26T12:08:54	
mafft_fftns2	L012184	hotspot_vntr	4759	32	31	9707	261997	ok	15.1	1.08	16.18	3635.1	2	900	22815	0.6411	3130	657.7	0.6684	1	3146	1	2026-09-26T12:07:50	
mafft_fftns2	L012256	hotspot_other	3964	34	30	4547	119186	ok	1.46	0.48	1.94	383.8	2	900	6016	0.4173	519	130.9	0.5029	0	0	0	2026-09-26T12:09:57	
mafft_fftns2	L012272	hotspot_vntr	55376	34	31	55376	1778629	ok	85.87	1.9	87.78	233.6	2	900	62464	0.1625	2094	37.8	0.6562	0	0	0	2026-09-26T12:15:55	
mafft_fftns2	L012294	hotspot_vntr	3586	34	33	12643	129774	ok	11.95	0.78	12.73	3425.7	2	900	16124	0.7633	1882	524.8	0.5128	0	0	0	2026-09-26T12:10:04	
mafft_fftns2	L012313	control_vntr_matched	3199	34	14	3266	108077	ok	0.32	0.38	0.69	21.7	2	900	3266	0.0267	68	21.3	0.6176	0	0	0	2026-09-26T12:09:42	
mafft_fftns2	L012489	hotspot_other	2812	34	30	3010	94402	ok	0.86	0.45	1.31	36.3	2	900	4022	0.3097	531	188.8	0.58	0	0	0	2026-09-26T12:09:23	
mafft_fftns2	L012530	control_nontr_sv	778	34	7	779	24625	ok	0.23	0.32	0.54	38.4	2	900	781	0.0726	21	27.0	0.5238	0	0	0	2026-09-26T12:08:52	
mafft_fftns2	L013000	control_vntr_correct	4280	34	22	4280	116563	ok	0.85	0.4	1.25	42.9	2	900	4315	0.2055	139	32.5	0.5899	0	0	0	2026-09-26T12:10:02	
mafft_fftns2	L013064	hotspot_other	1987	34	32	2440	77710	ok	0.72	0.45	1.17	19.0	2	900	2827	0.1915	462	232.5	0.5325	0	0	0	2026-09-26T12:09:02	
mafft_fftns2	L013074	control_vntr_correct	6844	34	3	6844	69973	ok	0.37	0.38	0.75	84.4	2	900	6844	0.6993	28	4.1	0.5714	0	0	0	2026-09-26T12:10:54	
mafft_fftns2	L013244	hotspot_vntr	5890	34	17	19476	185690	ok	5.52	0.71	6.24	2836.6	2	900	20892	0.7386	1201	203.9	0.5329	0	0	0	2026-09-26T12:10:45	
mafft_fftns2	L013399	control_nontr_sv	658	34	3	1438	42652	ok	0.26	0.32	0.58	3.4	2	900	1438	0.1276	6	9.1	0.3333	0	0	0	2026-09-26T12:08:50	
mafft_fftns2	L013531	hotspot_other	2616	34	21	2989	58617	ok	0.65	0.38	1.03	35.5	2	900	4380	0.6064	336	128.4	0.497	0	0	0	2026-09-26T12:09:18	
mafft_fftns2	L014111	control_vntr_matched	4216	34	4	4216	142217	ok	0.31	0.41	0.72	19.9	2	900	4336	0.0353	142	33.7	0.5493	0	0	0	2026-09-26T12:10:00	
mafft_fftns2	L014160	hotspot_vntr	7998	34	34	8526	242543	ok	9.38	0.86	10.25	1697.7	2	900	11852	0.3981	1748	218.6	0.6001	0	0	0	2026-09-26T12:11:39	
mafft_fftns2	L014181	control_vntr_matched	3784	34	5	3983	133711	ok	0.32	0.4	0.72	17.8	2	900	4496	0.1253	91	24.0	0.4176	0	0	0	2026-09-26T12:09:54	
mafft_fftns2	L014210	hotspot_vntr	6321	34	13	7328	198016	ok	1.51	0.65	2.16	626.6	2	900	7901	0.2629	1131	178.9	0.5774	0	0	0	2026-09-26T12:10:48	
mafft_fftns2	L014297	hotspot_vntr	3012	34	15	3012	67986	ok	0.95	0.44	1.39	19.6	2	900	3114	0.3579	517	171.6	0.4758	0	0	0	2026-09-26T12:09:36	
mafft_fftns2	L014324	control_vntr_correct	2514	34	6	2967	99517	ok	0.32	0.37	0.69	36.6	2	900	2970	0.0145	85	33.8	0.5882	0	0	0	2026-09-26T12:09:15	
mafft_fftns2	L014358	hotspot_vntr	1419	34	31	2607	58144	ok	1.26	0.41	1.67	30.6	2	900	3845	0.5552	477	336.2	0.5535	0	0	0	2026-09-26T12:08:58	
mafft_fftns2	L014426	control_vntr_correct	1886	34	9	1886	55682	ok	0.37	0.35	0.73	38.8	2	900	1914	0.1444	110	58.3	0.4273	0	0	0	2026-09-26T12:09:00	
mafft_fftns2	L014899	control_nontr_sv	1000	34	2	1000	33100	ok	0.2	0.31	0.51	0.0	2	900	1000	0.0265	6	6.0	0.3333	0	0	0	2026-09-26T12:08:54	
mafft_fftns2	L015126	hotspot_other	3094	34	30	3685	97249	ok	2.09	0.75	2.84	417.0	2	900	3952	0.2762	2246	725.9	0.7565	0	0	0	2026-09-26T12:09:41	
mafft_fftns2	L015223	control_vntr_matched	2752	34	4	4070	134453	ok	0.31	0.41	0.73	46.5	2	900	4139	0.0446	129	46.9	0.4031	0	0	0	2026-09-26T12:09:22	
mafft_fftns2	L015285	control_vntr_correct	2681	34	4	2681	87754	ok	0.25	0.37	0.62	54.7	2	900	2681	0.0373	89	33.2	0.6292	0	0	0	2026-09-26T12:09:19	
mafft_fftns2	L015331	hotspot_vntr	4307	34	30	5528	136040	ok	5.02	0.71	5.73	1879.1	2	900	11041	0.6376	1818	422.1	0.665	0	0	0	2026-09-26T12:10:09	
mafft_fftns2	L015347	hotspot_vntr	19125	29	29	33556	426307	ok	188.43	2.48	190.91	4832.8	2	900	49063	0.7004	11259	588.7	0.6373	0	0	0	2026-09-26T12:16:23	
mafft_fftns2	L015415	hotspot_vntr	2913	34	14	5138	100334	ok	2.27	0.48	2.76	663.8	2	900	6994	0.5781	700	240.3	0.5586	0	0	0	2026-09-26T12:09:28	
mafft_fftns2	L015708	hotspot_other	2896	34	24	2966	98158	ok	0.61	0.39	1.0	35.8	2	900	3259	0.1141	187	64.6	0.4813	0	0	0	2026-09-26T12:09:25	
mafft_fftns2	L015743	control_vntr_correct	4792	34	7	4792	81350	ok	0.31	0.37	0.68	53.9	2	900	4795	0.501	36	7.5	0.6111	0	0	0	2026-09-26T12:10:18	
mafft_fftns2	L015847	hotspot_other	4289	34	29	4289	90309	ok	1.18	0.51	1.69	43.8	2	900	4435	0.4011	849	197.9	0.5654	0	0	0	2026-09-26T12:10:04	
mafft_fftns2	L015904	hotspot_other	2319	34	33	5718	106323	ok	3.4	0.82	4.21	866.6	2	900	7930	0.6057	2736	1179.8	0.7233	0	0	0	2026-09-26T12:09:13	
mafft_fftns2	L016040	control_nontr_sv	718	34	4	779	25449	ok	0.24	0.32	0.56	3.3	2	900	779	0.0392	21	29.2	0.5714	0	0	0	2026-09-26T12:08:51	
mafft_fftns2	L016062	control_vntr_correct	2630	34	4	2747	88593	ok	0.31	0.35	0.67	19.0	2	900	2748	0.0518	43	16.3	0.5581	0	0	0	2026-09-26T12:09:18	
mafft_fftns2	L016124	control_vntr_matched	3725	34	6	3725	123010	ok	0.37	0.41	0.78	16.5	2	900	3885	0.0687	159	42.7	0.4654	0	0	0	2026-09-26T12:09:54	
mafft_fftns2	L016274	control_nontr_sv	742	34	3	1270	32615	ok	0.24	0.31	0.56	4.1	2	900	1270	0.2447	5	6.7	0.2	0	0	0	2026-09-26T12:08:51	
mafft_fftns2	L016523	control_vntr_correct	2747	34	12	2845	94851	ok	0.28	0.36	0.64	21.0	2	900	2857	0.0235	43	15.7	0.5116	0	0	0	2026-09-26T12:09:21	
mafft_fftns2	L016830	control_vntr_correct	4801	34	7	4801	126074	ok	0.43	0.4	0.83	35.1	2	900	4809	0.2289	105	21.9	0.4381	0	0	0	2026-09-26T12:10:19	
mafft_fftns2	L016870	hotspot_other	6619	34	20	8677	69824	ok	1.82	0.55	2.37	616.6	2	900	8751	0.7653	1704	257.4	0.5229	0	0	0	2026-09-26T12:10:53	
mafft_fftns2	L016884	control_vntr_correct	2096	34	28	2286	64168	ok	0.72	0.44	1.17	26.7	2	900	2452	0.2303	526	251.0	0.5932	0	0	0	2026-09-26T12:09:03	
mafft_fftns2	L017097	control_nontr_sv	762	34	10	1619	43905	ok	0.31	0.34	0.65	19.3	2	900	1619	0.2024	51	66.9	0.6275	0	0	0	2026-09-26T12:08:52	
mafft_fftns2	L017325	control_vntr_matched	6845	34	24	6845	123621	ok	2.72	0.51	3.23	1063.1	2	900	8769	0.5854	504	73.6	0.4286	0	0	0	2026-09-26T12:10:57	
mafft_fftns2	TR101140	control_vntr_matched	7400	33	12	9179	252351	ok	1.63	0.79	2.43	460.6	2	900	9393	0.1859	1517	205.0	0.6131	0	0	0	2026-09-26T12:11:04	
mafft_fftns2	TR368009	control_vntr_matched	10964	34	6	10964	369242	ok	2.54	0.65	3.2	483.7	2	900	10967	0.0098	497	45.3	0.6217	0	0	0	2026-09-26T12:11:50	
mafft_fftns2	TR423938	control_vntr_matched	2256	34	3	2256	76374	ok	0.22	0.35	0.57	4.2	2	900	2256	0.0043	9	4.0	0.4444	0	0	0	2026-09-26T12:09:07	
mafft_fftns2	TR424743	control_vntr_matched	3571	34	19	9269	190870	ok	2.65	0.47	3.12	1045.0	2	900	10484	0.4645	145	40.6	0.5379	0	0	0	2026-09-26T12:09:51	
mafft_fftns2	TR446002	control_vntr_matched	2314	34	5	2314	78064	ok	0.23	0.35	0.59	44.0	2	900	2314	0.0078	25	10.8	0.4	0	0	0	2026-09-26T12:09:09	
mafft_fftns2	TR455654	control_vntr_matched	2403	34	7	2441	81235	ok	0.25	0.35	0.6	43.1	2	900	2447	0.0236	43	17.9	0.4884	0	0	0	2026-09-26T12:09:15	
mafft_fftns2	TR460913	control_vntr_matched	1313	34	7	1313	44616	ok	0.23	0.33	0.57	38.7	2	900	1313	0.0006	45	34.3	0.6222	0	0	0	2026-09-26T12:08:57	
mafft_fftns2	TR499275	control_vntr_matched	4345	34	4	4345	147058	ok	0.23	0.4	0.63	3.6	2	900	4345	0.0045	30	6.9	0.5333	0	0	0	2026-09-26T12:10:05	
mafft_fftns2	TR499276	control_vntr_matched	4483	34	5	4483	152422	ok	0.27	0.4	0.68	19.2	2	900	4483	0.0	40	8.9	0.675	0	0	0	2026-09-26T12:10:17	
mafft_fftns2	TR573259	control_vntr_matched	2919	34	4	3925	100134	ok	0.38	0.39	0.77	66.5	2	900	3929	0.2504	140	48.0	0.4786	0	0	0	2026-09-26T12:09:28	
mafft_fftns2	TR668316	control_vntr_matched	3063	30	13	3819	93102	ok	0.5	0.38	0.88	36.4	2	900	4116	0.246	136	44.4	0.5	0	0	0	2026-09-26T12:09:39	
mafft_fftns2	TR687433	control_vntr_matched	3352	34	4	3352	112993	ok	0.38	0.41	0.78	46.7	2	900	3807	0.127	185	55.2	0.5784	0	0	0	2026-09-26T12:09:44	
mafft_fftns2	TR687489	control_vntr_matched	2731	34	2	2734	92857	ok	0.22	0.35	0.58	4.1	2	900	2734	0.0011	12	4.4	0.5	0	0	0	2026-09-26T12:09:20	
mafft_fftns2	TR724750	control_vntr_matched	2978	34	4	3143	101417	ok	0.23	0.38	0.62	47.6	2	900	3438	0.1324	149	50.0	0.5638	0	0	0	2026-09-26T12:09:30	
mafft_fftns2	TR743754	control_vntr_matched	2923	34	9	2923	97450	ok	0.37	0.38	0.75	67.1	2	900	2923	0.0194	111	38.0	0.5586	0	0	0	2026-09-26T12:09:29	
mafft_fftns2	TR831034	control_vntr_matched	6904	31	27	7077	212842	ok	3.0	0.76	3.75	783.3	2	900	8306	0.1734	1572	227.7	0.6031	0	0	0	2026-09-26T12:10:59	
mafft_linsi	L000034	hotspot_vntr	3169	34	32	4469	117137	ok	27.2	0.76	27.96	1456.3	2	900	5304	0.3505	1124	354.7	0.5667	0	0	0	2026-09-26T12:23:22	
mafft_linsi	L000289	hotspot_vntr	5787	34	34	7155	127890	ok	46.95	1.02	47.96	3120.6	2	900	7623	0.5066	4422	764.1	0.7702	0	0	0	2026-09-26T12:30:10	
mafft_linsi	L000308	control_vntr_matched	4108	34	9	4108	105859	ok	2.78	0.43	3.21	883.2	2	900	4125	0.2452	93	22.6	0.5484	0	0	0	2026-09-26T12:25:04	
mafft_linsi	L000381	control_vntr_matched	6949	34	8	7080	240551	ok	9.26	0.61	9.87	1577.9	2	900	7126	0.0072	206	29.6	0.6214	0	0	0	2026-09-26T12:33:01	
mafft_linsi	L000407	control_vntr_correct	2722	34	9	2814	93388	ok	1.61	0.41	2.02	312.7	2	900	2817	0.025	28	10.3	0.3929	0	0	0	2026-09-26T12:20:53	
mafft_linsi	L000506	control_nontr_sv	1129	34	5	1131	33462	ok	0.37	0.34	0.71	3.2	2	900	1131	0.1298	7	6.2	0.4286	0	0	0	2026-09-26T12:18:48	
mafft_linsi	L000698	control_vntr_correct	3490	34	9	4353	146098	ok	3.95	0.43	4.38	1122.4	2	900	4398	0.023	65	18.6	0.5385	0	0	0	2026-09-26T12:23:51	
mafft_linsi	L000709	control_vntr_matched	6261	34	3	6261	209409	ok	2.14	0.54	2.69	519.1	2	900	6261	0.0163	12	1.9	0.5	0	0	0	2026-09-26T12:30:39	
mafft_linsi	L001084	hotspot_vntr	8972	34	33	22561	344272	ok	478.44	1.25	479.68	10792.8	1	900.0	24066	0.5793	4041	450.4	0.7575	0	0	0	2026-09-26T14:46:49	
mafft_linsi	L001264	hotspot_vntr	6906	34	34	14213	214682	ok	254.63	1.5	256.13	7907.3	2	900	15367	0.5891	6366	921.8	0.7221	0	0	0	2026-09-26T12:35:58	
mafft_linsi	L001491	control_vntr_correct	1217	34	9	1668	49085	ok	0.59	0.37	0.96	34.8	2	900	1707	0.1543	98	80.5	0.6327	0	0	0	2026-09-26T12:18:49	
mafft_linsi	L001527	control_nontr_sv	1133	34	12	1134	35864	ok	0.66	0.35	1.0	6.1	2	900	1134	0.0698	41	36.2	0.6098	0	0	0	2026-09-26T12:18:49	
mafft_linsi	L001894	control_vntr_matched	6461	34	5	6471	219210	ok	3.65	0.64	4.3	951.1	2	900	6583	0.0206	316	48.9	0.5823	0	0	0	2026-09-26T12:30:58	
mafft_linsi	L001899	control_vntr_matched	1959	34	9	2031	63105	ok	0.89	0.38	1.27	51.7	2	900	2064	0.1008	124	63.3	0.5	0	0	0	2026-09-26T12:19:16	
mafft_linsi	L001909	hotspot_vntr	15660	34	34	20243	442919	ok	737.04	1.84	738.88	10524.2	1	900.0	23079	0.4355	6422	410.1	0.5712	0	0	0	2026-09-26T15:07:04	
mafft_linsi	L001922	control_vntr_correct	3542	34	12	3578	101471	ok	3.63	0.43	4.07	338.4	2	900	3579	0.1661	190	53.6	0.5632	0	0	0	2026-09-26T12:23:55	
mafft_linsi	L002013	hotspot_vntr	4381	34	32	8509	147997	ok	84.98	0.94	85.91	3190.9	2	900	9571	0.5452	3430	782.9	0.6939	0	0	0	2026-09-26T12:27:48	
mafft_linsi	L002096	hotspot_vntr	2879	34	33	5942	158494	ok	46.32	0.61	46.93	1706.3	2	900	7064	0.3401	614	213.3	0.57	0	0	0	2026-09-26T12:22:03	
mafft_linsi	L002143	hotspot_vntr	7402	34	23	8362	249251	ok	42.02	0.73	42.75	2562.7	2	900	8513	0.1389	1056	142.7	0.5616	0	0	0	2026-09-26T12:34:19	
mafft_linsi	L002182	hotspot_vntr	2388	34	32	5439	84162	ok	19.1	0.63	19.73	1658.2	2	900	5691	0.565	2167	907.5	0.7365	0	0	0	2026-09-26T12:16:55	
mafft_linsi	L002292	control_nontr_sv	2183	34	6	2186	52131	ok	0.9	0.39	1.29	5.7	2	900	2210	0.3062	171	78.3	0.4795	0	0	0	2026-09-26T12:19:44	
mafft_linsi	L002884	control_vntr_matched	3786	34	12	4116	139327	ok	6.2	0.42	6.62	867.7	2	900	4116	0.0044	68	18.0	0.3824	0	0	0	2026-09-26T12:24:40	
mafft_linsi	L002940	hotspot_other	2259	34	26	3003	62820	ok	6.83	0.47	7.3	168.9	2	900	3167	0.4166	593	262.5	0.6476	0	0	0	2026-09-26T12:19:55	
mafft_linsi	L003119	control_vntr_correct	2909	34	6	2909	63656	ok	0.65	0.38	1.03	4.4	2	900	2912	0.3571	16	5.5	0.3125	0	0	0	2026-09-26T12:21:54	
mafft_linsi	L003171	control_nontr_sv	1064	34	2	1064	25220	ok	0.31	0.33	0.65	3.5	2	900	1064	0.3029	12	11.3	0.5	0	0	0	2026-09-26T12:18:48	
mafft_linsi	L003672	control_vntr_correct	2583	34	7	2583	86184	ok	1.03	0.37	1.4	3.3	2	900	2689	0.0573	45	17.4	0.5556	0	0	0	2026-09-26T12:20:45	
mafft_linsi	L003695	hotspot_other	2215	34	12	2806	69367	ok	2.38	0.46	2.84	182.5	2	900	2872	0.2896	188	84.9	0.5	0	0	0	2026-09-26T12:19:47	
mafft_linsi	L003826	control_vntr_matched	3461	34	33	3649	116324	ok	25.87	0.79	26.65	684.4	2	900	4020	0.1489	1398	403.9	0.666	0	0	0	2026-09-26T12:23:51	
mafft_linsi	L003828	hotspot_other	5387	34	26	5387	70916	ok	13.53	0.52	14.06	457.2	2	900	5418	0.615	848	157.4	0.566	0	0	0	2026-09-26T12:29:08	
mafft_linsi	L003872	control_vntr_matched	2955	34	7	2959	97295	ok	1.82	0.51	2.33	203.0	2	900	3023	0.0534	324	109.6	0.463	0	0	0	2026-09-26T12:22:06	
mafft_linsi	L003883	control_nontr_sv	828	34	3	3714	77214	ok	0.64	0.45	1.09	3.8	2	900	3717	0.389	295	356.3	0.5051	0	0	0	2026-09-26T12:18:43	
mafft_linsi	L004021	control_vntr_matched	7737	34	20	7737	254586	ok	39.56	0.55	40.11	1955.3	2	900	7742	0.0328	171	22.1	0.6023	0	0	0	2026-09-26T12:36:38	
mafft_linsi	L004145	hotspot_vntr	15607	32	31	15683	431752	ok	361.15	1.65	362.8	7522.8	2	900	16420	0.1783	4354	279.0	0.6034	0	0	0	2026-09-26T12:48:42	
mafft_linsi	L004620	control_nontr_sv	972	34	5	972	27746	ok	0.31	0.33	0.64	5.4	2	900	972	0.1604	11	11.3	0.4545	0	0	0	2026-09-26T12:18:46	
mafft_linsi	L004848	hotspot_other	2107	34	30	2531	55876	ok	5.62	0.55	6.17	191.6	2	900	2798	0.4126	1224	580.9	0.7696	0	0	0	2026-09-26T12:19:40	
mafft_linsi	L004989	hotspot_other	1798	34	29	1904	43840	ok	5.69	0.42	6.1	86.9	2	900	2187	0.4104	618	343.7	0.7055	0	0	0	2026-09-26T12:19:10	
mafft_linsi	L005064	hotspot_other	3272	34	29	4126	106757	ok	17.44	0.55	17.99	391.9	2	900	5417	0.4204	278	85.0	0.3921	0	0	0	2026-09-26T12:23:30	
mafft_linsi	L005261	hotspot_other	859	34	26	2211	43402	ok	4.21	0.39	4.6	198.8	2	900	2545	0.4984	341	397.0	0.5191	0	0	0	2026-09-26T12:18:47	
mafft_linsi	L005411	hotspot_vntr	6353	34	33	6353	178024	ok	56.76	0.69	57.45	1971.6	2	900	6901	0.2413	786	123.7	0.6132	0	0	0	2026-09-26T12:31:42	
mafft_linsi	L005481	hotspot_vntr	3018	34	23	3379	90969	ok	7.65	0.55	8.2	590.9	2	900	3480	0.2312	430	142.5	0.5674	0	0	0	2026-09-26T12:22:35	
mafft_linsi	L005618	hotspot_other	3582	34	32	3678	96398	ok	27.68	0.78	28.47	934.2	2	900	4010	0.293	2032	567.3	0.6752	0	0	0	2026-09-26T12:24:23	
mafft_linsi	L005688	control_nontr_sv	712	34	5	965	31039	ok	0.31	0.36	0.67	5.8	2	900	967	0.0559	127	178.4	0.6299	0	0	0	2026-09-26T12:18:40	
mafft_linsi	L005990	hotspot_vntr	6577	32	32	11714	261809	ok	112.41	0.65	113.06	4472.0	2	900	13216	0.3809	813	123.6	0.4194	0	0	0	2026-09-26T12:18:29	
mafft_linsi	L006556	control_nontr_sv	926	34	4	926	26299	ok	0.29	0.37	0.66	17.7	2	900	932	0.1701	142	153.3	0.6479	0	0	0	2026-09-26T12:18:44	
mafft_linsi	L006952	hotspot_vntr	2403	34	28	3099	55698	ok	7.04	0.56	7.6	575.8	2	900	3157	0.4811	1748	727.4	0.6802	0	0	0	2026-09-26T12:20:40	
mafft_linsi	L007009	hotspot_vntr	15479	34	27	19252	245888	ok	229.99	1.19	231.19	9273.7	1	900.0	21052	0.6565	5115	330.4	0.677	0	0	0	2026-09-26T14:54:45	
mafft_linsi	L007033	control_vntr_correct	2536	34	3	2698	23090	ok	0.45	0.37	0.82	5.0	2	900	2706	0.749	157	61.9	0.4713	0	0	0	2026-09-26T12:20:41	
mafft_linsi	L007040	hotspot_vntr	19420	34	27	19420	136259	ok	46.19	0.82	47.01	6702.7	2	900	20480	0.8043	1386	71.4	0.6595	0	0	0	2026-09-26T12:50:24	
mafft_linsi	L007065	control_vntr_matched	4254	34	9	4321	143383	ok	2.93	0.42	3.36	905.2	2	900	4321	0.024	48	11.3	0.5	0	0	0	2026-09-26T12:25:18	
mafft_linsi	L007081	hotspot_vntr	1493	34	33	4398	78725	ok	28.71	0.52	29.23	1046.6	2	900	5004	0.5373	1116	747.5	0.6263	0	0	0	2026-09-26T12:19:20	
mafft_linsi	L007161	hotspot_other	3479	34	25	3596	108828	ok	15.34	0.74	16.08	469.7	2	900	3766	0.1501	1093	314.2	0.7118	0	0	0	2026-09-26T12:23:46	
mafft_linsi	L007172	control_vntr_matched	3009	34	11	3551	101125	ok	3.31	0.53	3.84	522.9	2	900	3803	0.2179	488	162.2	0.5246	0	0	0	2026-09-26T12:22:23	
mafft_linsi	L007184	hotspot_other	1295	34	21	1295	32355	ok	1.46	0.36	1.82	43.6	2	900	1306	0.2713	119	91.9	0.4286	0	0	0	2026-09-26T12:18:50	
mafft_linsi	L007192	control_nontr_sv	685	34	11	928	25211	ok	0.58	0.34	0.92	4.3	2	900	928	0.201	19	27.7	0.5789	0	0	0	2026-09-26T12:18:39	
mafft_linsi	L007376	control_vntr_matched	19353	34	9	19353	613016	ok	54.05	0.76	54.81	8485.1	2	900	19353	0.0684	87	4.5	0.6092	0	0	0	2026-09-26T12:49:37	
mafft_linsi	L007480	hotspot_other	1687	34	21	3379	68861	ok	4.7	0.54	5.25	803.5	2	900	3531	0.4264	632	374.6	0.6329	0	0	0	2026-09-26T12:19:04	
mafft_linsi	L007687	control_vntr_matched	2645	34	10	2815	91223	ok	1.71	0.4	2.11	256.8	2	900	2872	0.0658	123	46.5	0.5691	0	0	0	2026-09-26T12:20:50	
mafft_linsi	L007717	control_vntr_matched	4426	34	21	4448	144924	ok	14.06	0.47	14.54	1059.7	2	900	4472	0.0469	241	54.5	0.4357	0	0	0	2026-09-26T12:27:21	
mafft_linsi	L007798	hotspot_other	4360	34	32	11775	128721	ok	50.66	0.78	51.43	4820.0	2	900	12019	0.685	3580	821.1	0.6673	0	0	0	2026-09-26T12:27:06	
mafft_linsi	L007844	hotspot_other	1988	34	34	4211	92642	ok	21.58	1.38	22.96	1355.2	2	900	5589	0.5125	2966	1492.0	0.7785	0	0	0	2026-09-26T12:19:43	
mafft_linsi	L008216	hotspot_vntr	2993	34	21	3131	93410	ok	8.83	0.56	9.39	347.7	2	900	3184	0.1371	432	144.3	0.6296	0	0	0	2026-09-26T12:22:17	
mafft_linsi	L008631	control_nontr_sv	703	34	8	1038	25895	ok	0.43	0.33	0.76	21.6	2	900	1038	0.2663	14	19.9	0.4286	0	0	0	2026-09-26T12:18:40	
mafft_linsi	L008864	hotspot_vntr	2131	34	28	10880	101907	ok	48.84	0.89	49.73	3277.4	2	900	12403	0.7583	2170	1018.3	0.5751	0	0	0	2026-09-26T12:20:29	
mafft_linsi	L008877	hotspot_other	2687	34	30	6896	142343	ok	51.9	0.78	52.67	2309.4	2	900	8603	0.5134	2006	746.6	0.5753	0	0	0	2026-09-26T12:21:43	
mafft_linsi	L008887	control_vntr_correct	2592	34	7	2950	99887	ok	1.23	0.38	1.61	113.4	2	900	2950	0.0041	38	14.7	0.5263	0	0	0	2026-09-26T12:20:46	
mafft_linsi	L008902	control_vntr_correct	2816	34	7	2931	98661	ok	1.24	0.41	1.65	3.2	2	900	3029	0.042	173	61.4	0.4913	0	0	0	2026-09-26T12:21:16	
mafft_linsi	L008976	hotspot_vntr	5631	28	28	19792	191414	ok	252.5	1.13	253.63	8738.8	1	900.0	21089	0.6758	5107	906.9	0.7488	0	0	0	2026-09-26T14:38:49	
mafft_linsi	L009000	hotspot_vntr	14411	34	34	14411	167783	ok	152.69	1.48	154.18	5658.2	2	900	16426	0.6996	5668	393.3	0.6613	0	0	0	2026-09-26T12:42:49	
mafft_linsi	L009283	control_nontr_sv	784	34	4	784	24528	ok	0.27	0.34	0.6	16.0	2	900	784	0.0798	15	19.1	0.5333	0	0	0	2026-09-26T12:18:42	
mafft_linsi	L009398	hotspot_vntr	1951	33	25	1982	48384	ok	3.15	0.38	3.53	183.6	2	900	2077	0.2941	205	105.1	0.3854	0	0	0	2026-09-26T12:19:15	
mafft_linsi	L009448	hotspot_vntr	7487	24	24	10747	152247	ok	133.33	1.37	134.69	4355.8	2	900	12157	0.4782	7979	1065.7	0.7132	0	0	0	2026-09-26T12:36:34	
mafft_linsi	L009600	control_nontr_sv	1012	34	2	1117	37873	ok	0.31	0.33	0.64	3.4	2	900	1117	0.0028	3	3.0	0.0	0	0	0	2026-09-26T12:18:47	
mafft_linsi	L009656	hotspot_vntr	5039	34	26	6503	154450	ok	28.82	0.76	29.58	2197.9	2	900	6769	0.3289	1868	370.7	0.5723	0	0	0	2026-09-26T12:28:22	
mafft_linsi	L009658	hotspot_vntr	10831	32	31	10831	216129	ok	108.71	0.88	109.59	3932.0	2	900	12638	0.4656	2157	199.2	0.5447	0	0	0	2026-09-26T12:40:15	
mafft_linsi	L009770	control_vntr_matched	4682	34	7	4682	123343	ok	1.91	0.43	2.34	498.5	2	900	4688	0.2262	117	25.0	0.5641	0	0	0	2026-09-26T12:27:25	
mafft_linsi	L009771	control_vntr_correct	1172	34	2	1284	43544	ok	0.31	0.35	0.66	6.2	2	900	1284	0.0026	12	10.2	0.5	0	0	0	2026-09-26T12:18:48	
mafft_linsi	L009803	hotspot_vntr	5127	34	30	5226	95217	ok	30.59	1.19	31.78	1345.9	2	900	5586	0.4987	2723	531.1	0.7345	0	0	0	2026-09-26T12:28:54	
mafft_linsi	L009885	control_vntr_correct	4169	34	17	4169	132912	ok	8.6	0.42	9.03	647.7	2	900	4245	0.0791	126	30.2	0.4444	0	0	0	2026-09-26T12:25:13	
mafft_linsi	L010060	hotspot_other	2397	34	24	3029	84347	ok	9.35	0.56	9.91	326.7	2	900	3500	0.2912	930	388.0	0.5914	0	0	0	2026-09-26T12:20:39	
mafft_linsi	L010113	control_vntr_correct	3002	34	8	3021	101048	ok	1.74	0.4	2.14	286.3	2	900	3021	0.0162	41	13.7	0.5854	0	0	0	2026-09-26T12:22:19	
mafft_linsi	L010328	hotspot_vntr	2940	33	29	10483	158808	ok	57.53	1.13	58.65	4231.6	2	900	12093	0.6021	4995	1699.0	0.6725	0	0	0	2026-09-26T12:23:02	
mafft_linsi	L010350	control_vntr_matched	7377	34	11	7594	255357	ok	15.13	0.49	15.63	1953.4	2	900	7594	0.011	44	6.0	0.6136	0	0	0	2026-09-26T12:33:17	
mafft_linsi	L010452	control_nontr_sv	803	34	2	862	29190	ok	0.25	0.34	0.58	4.3	2	900	862	0.004	9	11.2	0.4444	0	0	0	2026-09-26T12:18:42	
mafft_linsi	L010508	control_vntr_correct	3528	34	11	3598	121072	ok	3.51	0.41	3.92	200.0	2	900	3598	0.0103	52	14.7	0.5769	0	0	0	2026-09-26T12:23:55	
mafft_linsi	L011121	control_vntr_correct	2551	34	10	2894	96743	ok	2.0	0.4	2.41	111.8	2	900	2897	0.0178	141	55.3	0.5603	0	0	0	2026-09-26T12:20:44	
mafft_linsi	L011138	hotspot_vntr	12558	33	28	27744	362657	ok	244.22	1.17	245.39	9859.6	1	900.0	28220	0.6106	2248	179.0	0.6784	0	0	0	2026-09-26T14:50:54	
mafft_linsi	L011224	control_vntr_correct	2577	34	13	3095	96089	ok	2.78	0.4	3.18	316.8	2	900	3206	0.1185	168	65.2	0.5119	0	0	0	2026-09-26T12:20:45	
mafft_linsi	L011227	control_vntr_matched	3613	34	11	4093	120991	ok	4.43	0.45	4.88	629.6	2	900	4500	0.2092	76	21.0	0.4211	0	0	0	2026-09-26T12:24:28	
mafft_linsi	L011430	control_vntr_matched	3231	34	13	3278	107140	ok	4.85	0.47	5.32	161.9	2	900	3374	0.066	311	96.3	0.4469	0	0	0	2026-09-26T12:23:12	
mafft_linsi	L011463	hotspot_vntr	5878	34	27	5878	164680	ok	34.62	0.72	35.34	1371.8	2	900	6544	0.2599	784	133.4	0.5842	0	0	0	2026-09-26T12:30:44	
mafft_linsi	L011931	control_nontr_sv	965	34	8	1824	47106	ok	0.9	0.36	1.26	3.7	2	900	1824	0.2404	25	25.9	0.52	0	0	0	2026-09-26T12:18:45	
mafft_linsi	L012184	hotspot_vntr	4759	32	31	9707	261997	ok	115.71	1.02	116.73	4298.0	2	900	14202	0.4235	1850	388.7	0.6422	1	3146	1	2026-09-26T12:29:22	
mafft_linsi	L012256	hotspot_other	3964	34	30	4547	119186	ok	20.9	0.49	21.39	1284.6	2	900	4767	0.2646	439	110.7	0.4533	0	0	0	2026-09-26T12:25:01	
mafft_linsi	L012272	hotspot_vntr	55376	34	31	55376	1778629	memout	296.48		296.48	11196.4	2	900						0	0		2026-09-26T12:55:20	compacttree = 0 | stacksize: 8176 kb | generating a scoring matrix for nucleotide (dist=200) ... done | All-to-all alignment. |     0 / 31 (by thread   0) | Terminated: 15
mafft_linsi	L012294	hotspot_vntr	3586	34	33	12643	129774	ok	121.78	0.72	122.5	5641.3	2	900	13664	0.7207	1920	535.4	0.5068	0	0	0	2026-09-26T12:26:22	
mafft_linsi	L012313	control_vntr_matched	3199	34	14	3266	108077	ok	4.9	0.45	5.34	349.2	2	900	3266	0.0267	68	21.3	0.6176	0	0	0	2026-09-26T12:23:07	
mafft_linsi	L012489	hotspot_other	2812	34	30	3010	94402	ok	15.71	0.47	16.19	426.3	2	900	3776	0.2647	532	189.2	0.609	0	0	0	2026-09-26T12:21:14	
mafft_linsi	L012530	control_nontr_sv	778	34	7	779	24625	ok	0.36	0.33	0.69	4.3	2	900	781	0.0726	22	28.3	0.5	0	0	0	2026-09-26T12:18:41	
mafft_linsi	L013000	control_vntr_correct	4280	34	22	4280	116563	ok	9.79	0.43	10.21	598.8	2	900	4316	0.2057	137	32.0	0.5693	0	0	0	2026-09-26T12:25:29	
mafft_linsi	L013064	hotspot_other	1987	34	32	2440	77710	ok	10.0	0.46	10.47	220.9	2	900	2676	0.1459	469	236.0	0.5522	0	0	0	2026-09-26T12:19:27	
mafft_linsi	L013074	control_vntr_correct	6844	34	3	6844	69973	ok	1.26	0.42	1.68	2.3	2	900	6844	0.6993	32	4.7	0.5312	0	0	0	2026-09-26T12:31:13	
mafft_linsi	L013244	hotspot_vntr	5890	34	17	19476	185690	ok	25.62	0.75	26.37	6756.2	2	900	20052	0.7276	643	109.2	0.5101	0	0	0	2026-09-26T12:30:37	
mafft_linsi	L013399	control_nontr_sv	658	34	3	1438	42652	ok	0.42	0.34	0.77	3.2	2	900	1438	0.1276	6	9.1	0.3333	0	0	0	2026-09-26T12:18:39	
mafft_linsi	L013531	hotspot_other	2616	34	21	2989	58617	ok	5.31	0.41	5.72	232.3	2	900	3263	0.4716	482	184.3	0.5581	0	0	0	2026-09-26T12:20:51	
mafft_linsi	L014111	control_vntr_matched	4216	34	4	4216	142217	ok	1.13	0.45	1.59	5.0	2	900	4336	0.0353	175	41.5	0.5771	0	0	0	2026-09-26T12:25:15	
mafft_linsi	L014160	hotspot_vntr	7998	34	34	8526	242543	ok	111.16	0.83	111.99	3856.0	2	900	9186	0.2234	1647	205.9	0.6181	0	0	0	2026-09-26T12:38:26	
mafft_linsi	L014181	control_vntr_matched	3784	34	5	3983	133711	ok	1.95	0.56	2.51	452.7	2	900	3987	0.0136	236	62.4	0.5212	0	0	0	2026-09-26T12:24:33	
mafft_linsi	L014210	hotspot_vntr	6321	34	13	7328	198016	ok	13.71	0.75	14.46	2423.9	2	900	7529	0.2265	1225	193.8	0.6065	0	0	0	2026-09-26T12:30:54	
mafft_linsi	L014297	hotspot_vntr	3012	34	15	3012	67986	ok	2.87	0.42	3.29	126.0	2	900	3318	0.3974	289	95.9	0.5087	0	0	0	2026-09-26T12:22:26	
mafft_linsi	L014324	control_vntr_correct	2514	34	6	2967	99517	ok	1.0	0.37	1.37	104.5	2	900	2968	0.0138	35	13.9	0.5429	0	0	0	2026-09-26T12:20:42	
mafft_linsi	L014358	hotspot_vntr	1419	34	31	2607	58144	ok	8.33	0.41	8.74	363.2	2	900	2868	0.4037	438	308.7	0.5525	0	0	0	2026-09-26T12:18:59	
mafft_linsi	L014426	control_vntr_correct	1886	34	9	1886	55682	ok	0.83	0.35	1.18	3.3	2	900	1890	0.1335	72	38.2	0.5278	0	0	0	2026-09-26T12:19:11	
mafft_linsi	L014899	control_nontr_sv	1000	34	2	1000	33100	ok	0.25	0.33	0.58	4.4	2	900	1000	0.0265	6	6.0	0.3333	0	0	0	2026-09-26T12:18:46	
mafft_linsi	L015126	hotspot_other	3094	34	30	3685	97249	ok	14.85	0.65	15.5	1516.6	2	900	4801	0.4042	1484	479.6	0.686	0	0	0	2026-09-26T12:22:54	
mafft_linsi	L015223	control_vntr_matched	2752	34	4	4070	134453	ok	0.93	0.46	1.39	4.3	2	900	4114	0.0388	204	74.1	0.5392	0	0	0	2026-09-26T12:20:58	
mafft_linsi	L015285	control_vntr_correct	2681	34	4	2681	87754	ok	0.55	0.37	0.92	5.6	2	900	2681	0.0373	24	9.0	0.5833	0	0	0	2026-09-26T12:20:51	
mafft_linsi	L015331	hotspot_vntr	4307	34	30	5528	136040	ok	31.9	0.66	32.56	1895.8	2	900	6343	0.3692	1762	409.1	0.6759	0	0	0	2026-09-26T12:26:14	
mafft_linsi	L015347	hotspot_vntr	19125	29	29	33556	426307	ok	633.82	2.17	635.99	12518.8	1	900.0	36380	0.5959	11027	576.6	0.655	0	0	0	2026-09-26T15:17:40	
mafft_linsi	L015415	hotspot_vntr	2913	34	14	5138	100334	ok	5.64	0.49	6.13	1290.5	2	900	5138	0.4257	506	173.7	0.5553	0	0	0	2026-09-26T12:22:00	
mafft_linsi	L015708	hotspot_other	2896	34	24	2966	98158	ok	8.94	0.41	9.35	279.9	2	900	3075	0.0611	171	59.0	0.5439	0	0	0	2026-09-26T12:21:53	
mafft_linsi	L015743	control_vntr_correct	4792	34	7	4792	81350	ok	1.1	0.43	1.53	5.7	2	900	4800	0.5015	249	52.0	0.5502	0	0	0	2026-09-26T12:27:50	
mafft_linsi	L015847	hotspot_other	4289	34	29	4289	90309	ok	12.0	0.59	12.59	546.6	2	900	4757	0.4416	857	199.8	0.5974	0	0	0	2026-09-26T12:25:41	
mafft_linsi	L015904	hotspot_other	2319	34	33	5718	106323	ok	35.35	0.82	36.17	1082.1	2	900	6784	0.539	2545	1097.5	0.6731	0	0	0	2026-09-26T12:20:33	
mafft_linsi	L016040	control_nontr_sv	718	34	4	779	25449	ok	0.31	0.34	0.65	5.3	2	900	779	0.0392	21	29.2	0.5714	0	0	0	2026-09-26T12:18:41	
mafft_linsi	L016062	control_vntr_correct	2630	34	4	2747	88593	ok	0.71	0.38	1.09	3.3	2	900	2748	0.0518	37	14.1	0.5135	0	0	0	2026-09-26T12:20:48	
mafft_linsi	L016124	control_vntr_matched	3725	34	6	3725	123010	ok	1.78	0.5	2.28	210.3	2	900	3725	0.0287	260	69.8	0.5577	0	0	0	2026-09-26T12:24:31	
mafft_linsi	L016274	control_nontr_sv	742	34	3	1270	32615	ok	0.31	0.34	0.65	5.8	2	900	1270	0.2447	5	6.7	0.2	0	0	0	2026-09-26T12:18:41	
mafft_linsi	L016523	control_vntr_correct	2747	34	12	2845	94851	ok	2.48	0.39	2.88	107.5	2	900	2857	0.0235	42	15.3	0.5238	0	0	0	2026-09-26T12:20:57	
mafft_linsi	L016830	control_vntr_correct	4801	34	7	4801	126074	ok	1.81	0.43	2.24	848.0	2	900	4931	0.248	183	38.1	0.4645	0	0	0	2026-09-26T12:27:52	
mafft_linsi	L016870	hotspot_other	6619	34	20	8677	69824	ok	12.57	0.58	13.15	1959.1	2	900	8782	0.7662	1796	271.3	0.5056	0	0	0	2026-09-26T12:31:11	
mafft_linsi	L016884	control_vntr_correct	2096	34	28	2286	64168	ok	6.25	0.47	6.72	163.8	2	900	2485	0.2405	522	249.0	0.5843	0	0	0	2026-09-26T12:19:33	
mafft_linsi	L017097	control_nontr_sv	762	34	10	1619	43905	ok	0.71	0.36	1.07	3.2	2	900	1619	0.2024	51	66.9	0.6275	0	0	0	2026-09-26T12:18:42	
mafft_linsi	L017325	control_vntr_matched	6845	34	24	6845	123621	ok	18.86	0.67	19.52	1720.6	2	900	7429	0.5106	631	92.2	0.4184	0	0	0	2026-09-26T12:31:32	
mafft_linsi	TR101140	control_vntr_matched	7400	33	12	9179	252351	ok	18.8	0.8	19.59	2432.8	2	900	9295	0.1773	1512	204.3	0.6171	0	0	0	2026-09-26T12:33:36	
mafft_linsi	TR368009	control_vntr_matched	10964	34	6	10964	369242	ok	8.94	0.7	9.64	3130.2	2	900	10967	0.0098	673	61.4	0.5899	0	0	0	2026-09-26T12:39:24	
mafft_linsi	TR423938	control_vntr_matched	2256	34	3	2256	76374	ok	0.87	0.42	1.3	4.5	2	900	2256	0.0043	9	4.0	0.4444	0	0	0	2026-09-26T12:19:48	
mafft_linsi	TR424743	control_vntr_matched	3571	34	19	9269	190870	ok	24.69	0.64	25.34	2706.4	2	900	9536	0.4113	884	247.5	0.4932	0	0	0	2026-09-26T12:24:20	
mafft_linsi	TR446002	control_vntr_matched	2314	34	5	2314	78064	ok	0.65	0.36	1.02	4.3	2	900	2314	0.0078	25	10.8	0.4	0	0	0	2026-09-26T12:19:56	
mafft_linsi	TR455654	control_vntr_matched	2403	34	7	2441	81235	ok	1.0	0.37	1.36	3.6	2	900	2447	0.0236	43	17.9	0.4884	0	0	0	2026-09-26T12:20:41	
mafft_linsi	TR460913	control_vntr_matched	1313	34	7	1313	44616	ok	0.49	0.34	0.83	5.1	2	900	1313	0.0006	36	27.4	0.6111	0	0	0	2026-09-26T12:18:50	
mafft_linsi	TR499275	control_vntr_matched	4345	34	4	4345	147058	ok	0.94	0.4	1.33	291.4	2	900	4345	0.0045	30	6.9	0.5333	0	0	0	2026-09-26T12:26:15	
mafft_linsi	TR499276	control_vntr_matched	4483	34	5	4483	152422	ok	1.65	0.41	2.06	733.3	2	900	4483	0.0	40	8.9	0.675	0	0	0	2026-09-26T12:27:23	
mafft_linsi	TR573259	control_vntr_matched	2919	34	4	3925	100134	ok	0.95	0.41	1.36	3.3	2	900	3929	0.2504	147	50.4	0.4762	0	0	0	2026-09-26T12:22:01	
mafft_linsi	TR668316	control_vntr_matched	3063	30	13	3819	93102	ok	3.86	0.52	4.38	683.1	2	900	3945	0.2133	65	21.2	0.5231	0	0	0	2026-09-26T12:22:39	
mafft_linsi	TR687433	control_vntr_matched	3352	34	4	3352	112993	ok	1.24	0.51	1.76	3.2	2	900	3352	0.0086	8	2.4	0.25	0	0	0	2026-09-26T12:23:24	
mafft_linsi	TR687489	control_vntr_matched	2731	34	2	2734	92857	ok	0.43	0.36	0.79	8.5	2	900	2734	0.0011	12	4.4	0.5	0	0	0	2026-09-26T12:20:54	
mafft_linsi	TR724750	control_vntr_matched	2978	34	4	3143	101417	ok	1.25	0.54	1.8	3.3	2	900	3146	0.0519	383	128.6	0.6632	0	0	0	2026-09-26T12:22:08	
mafft_linsi	TR743754	control_vntr_matched	2923	34	9	2923	97450	ok	2.06	0.42	2.48	127.0	2	900	2923	0.0194	46	15.7	0.6087	0	0	0	2026-09-26T12:22:04	
mafft_linsi	TR831034	control_vntr_matched	6904	31	27	7077	212842	ok	77.85	0.92	78.77	2803.0	2	900	8163	0.1589	1619	234.5	0.6035	0	0	0	2026-09-26T12:32:51	
mafft_einsi	L000034	hotspot_vntr	3169	34	32	4469	117137	ok	20.5	0.58	21.07	1255.6	2	900	5478	0.3711	956	301.7	0.5282	0	0	0	2026-09-26T13:00:26	
mafft_einsi	L000289	hotspot_vntr	5787	34	34	7155	127890	ok	56.03	1.01	57.04	4947.7	2	900	8982	0.5812	4225	730.1	0.7593	0	0	0	2026-09-26T13:09:25	
mafft_einsi	L000308	control_vntr_matched	4108	34	9	4108	105859	ok	2.21	0.38	2.59	607.1	2	900	4125	0.2452	93	22.6	0.5484	0	0	0	2026-09-26T13:01:55	
mafft_einsi	L000381	control_vntr_matched	6949	34	8	7080	240551	ok	6.31	0.5	6.81	1413.7	2	900	7126	0.0072	206	29.6	0.6214	0	0	0	2026-09-26T13:12:10	
mafft_einsi	L000407	control_vntr_correct	2722	34	9	2814	93388	ok	1.39	0.39	1.78	153.9	2	900	2817	0.025	28	10.3	0.3929	0	0	0	2026-09-26T12:58:11	
mafft_einsi	L000506	control_nontr_sv	1129	34	5	1131	33462	ok	0.49	0.35	0.84	16.5	2	900	1131	0.1298	7	6.2	0.4286	0	0	0	2026-09-26T12:55:31	
mafft_einsi	L000698	control_vntr_correct	3490	34	9	4353	146098	ok	3.0	0.38	3.38	884.2	2	900	4398	0.023	56	16.0	0.5179	0	0	0	2026-09-26T13:00:45	
mafft_einsi	L000709	control_vntr_matched	6261	34	3	6261	209409	ok	1.45	0.44	1.88	1650.6	2	900	6261	0.0163	12	1.9	0.5	0	0	0	2026-09-26T13:09:41	
mafft_einsi	L001084	hotspot_vntr	8972	34	33	22561	344272	ok	397.12	1.21	398.33	12216.6	1	900.0	32284	0.6864	3302	368.0	0.7565	0	0	0	2026-09-26T15:27:58	
mafft_einsi	L001264	hotspot_vntr	6906	34	34	14213	214682	ok	234.41	1.44	235.85	6353.4	1	900.0	17141	0.6316	6154	891.1	0.7034	0	0	0	2026-09-26T15:39:13	
mafft_einsi	L001491	control_vntr_correct	1217	34	9	1668	49085	ok	0.81	0.39	1.2	3.4	2	900	1707	0.1543	98	80.5	0.6327	0	0	0	2026-09-26T12:55:33	
mafft_einsi	L001527	control_nontr_sv	1133	34	12	1134	35864	ok	0.78	0.38	1.16	3.6	2	900	1134	0.0698	41	36.2	0.6098	0	0	0	2026-09-26T12:55:32	
mafft_einsi	L001894	control_vntr_matched	6461	34	5	6471	219210	ok	2.59	0.51	3.1	2027.2	2	900	6583	0.0206	316	48.9	0.5823	0	0	0	2026-09-26T13:09:56	
mafft_einsi	L001899	control_vntr_matched	1959	34	9	2031	63105	ok	0.9	0.36	1.26	100.5	2	900	2037	0.0888	120	61.3	0.5	0	0	0	2026-09-26T12:56:03	
mafft_einsi	L001909	hotspot_vntr	15660	34	34	20243	442919	timeout	901.25		901.25	9504.0	2	900						0	0		2026-09-26T13:37:07	STEP 005-033-1  rejected. | STEP 006-033-1  rejected. | STEP 006-032-0  rejected. | STEP 006-032-1  rejected. | STEP 006-031-0  accepted. | STEP 006-031-1 Terminated: 15
mafft_einsi	L001922	control_vntr_correct	3542	34	12	3578	101471	ok	2.47	0.37	2.84	450.8	2	900	3597	0.1703	75	21.2	0.4933	0	0	0	2026-09-26T13:00:51	
mafft_einsi	L002013	hotspot_vntr	4381	34	32	8509	147997	ok	96.77	0.93	97.7	6259.2	2	900	12154	0.6419	3241	739.8	0.656	0	0	0	2026-09-26T13:06:30	
mafft_einsi	L002096	hotspot_vntr	2879	34	33	5942	158494	ok	42.29	0.59	42.88	2186.2	2	900	6949	0.3292	856	297.3	0.6051	0	0	0	2026-09-26T12:59:14	
mafft_einsi	L002143	hotspot_vntr	7402	34	23	8362	249251	ok	39.94	0.63	40.57	3300.9	2	900	8996	0.1851	692	93.5	0.5159	0	0	0	2026-09-26T13:13:12	
mafft_einsi	L002182	hotspot_vntr	2388	34	32	5439	84162	ok	19.8	0.59	20.4	1644.8	2	900	5880	0.579	1873	784.3	0.733	0	0	0	2026-09-26T12:57:51	
mafft_einsi	L002292	control_nontr_sv	2183	34	6	2186	52131	ok	0.7	0.35	1.05	4.3	2	900	2186	0.2986	19	8.7	0.4737	0	0	0	2026-09-26T12:56:47	
mafft_einsi	L002884	control_vntr_matched	3786	34	12	4116	139327	ok	4.22	0.39	4.61	902.6	2	900	4116	0.0044	68	18.0	0.3824	0	0	0	2026-09-26T13:01:34	
mafft_einsi	L002940	hotspot_other	2259	34	26	3003	62820	ok	6.44	0.44	6.88	497.6	2	900	3173	0.4177	568	251.4	0.6373	0	0	0	2026-09-26T12:56:57	
mafft_einsi	L003119	control_vntr_correct	2909	34	6	2909	63656	ok	0.76	0.37	1.13	138.9	2	900	2912	0.3571	12	4.1	0.4167	0	0	0	2026-09-26T12:59:15	
mafft_einsi	L003171	control_nontr_sv	1064	34	2	1064	25220	ok	0.36	0.33	0.7	4.8	2	900	1064	0.3029	12	11.3	0.5	0	0	0	2026-09-26T12:55:31	
mafft_einsi	L003672	control_vntr_correct	2583	34	7	2583	86184	ok	0.9	0.37	1.27	163.9	2	900	2689	0.0573	45	17.4	0.5556	0	0	0	2026-09-26T12:58:04	
mafft_einsi	L003695	hotspot_other	2215	34	12	2806	69367	ok	1.81	0.39	2.19	693.2	2	900	3331	0.3875	191	86.2	0.5026	0	0	0	2026-09-26T12:56:50	
mafft_einsi	L003826	control_vntr_matched	3461	34	33	3649	116324	ok	19.58	0.64	20.21	894.0	2	900	4078	0.161	1221	352.8	0.6208	0	0	0	2026-09-26T13:00:48	
mafft_einsi	L003828	hotspot_other	5387	34	26	5387	70916	ok	10.8	0.43	11.23	843.6	2	900	5970	0.6506	525	97.5	0.5943	0	0	0	2026-09-26T13:08:28	
mafft_einsi	L003872	control_vntr_matched	2955	34	7	2959	97295	ok	1.58	0.47	2.05	447.2	2	900	3020	0.0524	259	87.6	0.4788	0	0	0	2026-09-26T12:59:23	
mafft_einsi	L003883	control_nontr_sv	828	34	3	3714	77214	ok	0.88	0.47	1.35	5.0	2	900	3714	0.3885	27	32.6	0.5926	0	0	0	2026-09-26T12:55:26	
mafft_einsi	L004021	control_vntr_matched	7737	34	20	7737	254586	ok	33.74	0.51	34.25	2506.7	2	900	7742	0.0328	171	22.1	0.6023	0	0	0	2026-09-26T13:13:47	
mafft_einsi	L004145	hotspot_vntr	15607	32	31	15683	431752	ok	348.53	1.39	349.93	6198.3	2	900	16639	0.1891	3082	197.5	0.547	0	0	0	2026-09-26T13:27:18	
mafft_einsi	L004620	control_nontr_sv	972	34	5	972	27746	ok	0.42	0.41	0.83	5.3	2	900	972	0.1604	10	10.3	0.5	0	0	0	2026-09-26T12:55:29	
mafft_einsi	L004848	hotspot_other	2107	34	30	2531	55876	ok	12.34	0.73	13.08	555.2	2	900	4483	0.6334	1081	513.1	0.7021	0	0	0	2026-09-26T12:56:46	
mafft_einsi	L004989	hotspot_other	1798	34	29	1904	43840	ok	6.46	0.4	6.86	126.4	2	900	2696	0.5217	492	273.6	0.6707	0	0	0	2026-09-26T12:55:57	
mafft_einsi	L005064	hotspot_other	3272	34	29	4126	106757	ok	15.66	0.43	16.09	1637.4	2	900	5832	0.4616	147	44.9	0.2313	0	0	0	2026-09-26T13:00:31	
mafft_einsi	L005261	hotspot_other	859	34	26	2211	43402	ok	3.8	0.46	4.26	387.5	2	900	2548	0.499	340	395.8	0.4735	0	0	0	2026-09-26T12:55:29	
mafft_einsi	L005411	hotspot_vntr	6353	34	33	6353	178024	ok	44.43	0.53	44.96	1965.2	2	900	6912	0.2425	576	90.7	0.5799	0	0	0	2026-09-26T13:10:34	
mafft_einsi	L005481	hotspot_vntr	3018	34	23	3379	90969	ok	6.31	0.42	6.74	937.8	2	900	3990	0.3294	251	83.2	0.5179	0	0	0	2026-09-26T12:59:47	
mafft_einsi	L005618	hotspot_other	3582	34	32	3678	96398	ok	18.39	0.7	19.09	1377.5	2	900	4412	0.3574	2022	564.5	0.6696	0	0	0	2026-09-26T13:01:10	
mafft_einsi	L005688	control_nontr_sv	712	34	5	965	31039	ok	0.41	0.37	0.78	6.8	2	900	967	0.0559	127	178.4	0.6299	0	0	0	2026-09-26T12:55:22	
mafft_einsi	L005990	hotspot_vntr	6577	32	32	11714	261809	ok	196.48	0.68	197.16	5679.1	1	900.0	17484	0.5321	740	112.5	0.4581	0	0	0	2026-09-26T15:35:17	
mafft_einsi	L006556	control_nontr_sv	926	34	4	926	26299	ok	0.78	0.33	1.11	3.2	2	900	926	0.1647	15	16.2	0.5333	0	0	0	2026-09-26T12:55:27	
mafft_einsi	L006952	hotspot_vntr	2403	34	28	3099	55698	ok	6.03	0.54	6.58	557.4	2	900	3177	0.4844	1707	710.4	0.6667	0	0	0	2026-09-26T12:57:58	
mafft_einsi	L007009	hotspot_vntr	15479	34	27	19252	245888	ok	174.85	1.23	176.08	9638.9	2	900	25833	0.72	4045	261.3	0.6677	0	0	0	2026-09-26T13:22:06	
mafft_einsi	L007033	control_vntr_correct	2536	34	3	2698	23090	ok	0.43	0.34	0.77	3.3	2	900	2698	0.7483	32	12.6	0.5312	0	0	0	2026-09-26T12:58:01	
mafft_einsi	L007040	hotspot_vntr	19420	34	27	19420	136259	ok	71.01	0.82	71.83	5825.7	2	900	21249	0.8114	1289	66.4	0.6323	0	0	0	2026-09-26T13:39:58	
mafft_einsi	L007065	control_vntr_matched	4254	34	9	4321	143383	ok	2.48	0.39	2.86	565.5	2	900	4321	0.024	39	9.2	0.5128	0	0	0	2026-09-26T13:02:06	
mafft_einsi	L007081	hotspot_vntr	1493	34	33	4398	78725	ok	52.83	0.52	53.36	1970.5	2	900	8260	0.7197	931	623.6	0.6176	0	0	0	2026-09-26T12:56:27	
mafft_einsi	L007161	hotspot_other	3479	34	25	3596	108828	ok	9.94	0.57	10.51	821.8	2	900	3764	0.1496	954	274.2	0.696	0	0	0	2026-09-26T13:00:42	
mafft_einsi	L007172	control_vntr_matched	3009	34	11	3551	101125	ok	3.15	0.45	3.6	399.7	2	900	3895	0.2364	409	135.9	0.5428	0	0	0	2026-09-26T12:59:37	
mafft_einsi	L007184	hotspot_other	1295	34	21	1295	32355	ok	1.8	0.35	2.15	72.4	2	900	1614	0.4104	92	71.0	0.3696	0	0	0	2026-09-26T12:55:34	
mafft_einsi	L007192	control_nontr_sv	685	34	11	928	25211	ok	0.88	0.33	1.21	4.3	2	900	928	0.201	19	27.7	0.5263	0	0	0	2026-09-26T12:55:21	
mafft_einsi	L007376	control_vntr_matched	19353	34	9	19353	613016	ok	97.73	0.85	98.58	3652.5	2	900	19353	0.0684	73	3.8	0.6027	0	0	0	2026-09-26T13:38:46	
mafft_einsi	L007480	hotspot_other	1687	34	21	3379	68861	ok	5.35	0.41	5.75	587.9	2	900	4008	0.4947	354	209.8	0.6271	0	0	0	2026-09-26T12:55:50	
mafft_einsi	L007687	control_vntr_matched	2645	34	10	2815	91223	ok	1.56	0.39	1.95	409.2	2	900	2872	0.0658	123	46.5	0.5691	0	0	0	2026-09-26T12:58:09	
mafft_einsi	L007717	control_vntr_matched	4426	34	21	4448	144924	ok	12.56	0.46	13.02	1455.1	2	900	4472	0.0469	236	53.3	0.4322	0	0	0	2026-09-26T13:06:43	
mafft_einsi	L007798	hotspot_other	4360	34	32	11775	128721	ok	99.0	0.76	99.76	5964.9	2	900	13085	0.7107	3251	745.6	0.633	0	0	0	2026-09-26T13:04:53	
mafft_einsi	L007844	hotspot_other	1988	34	34	4211	92642	ok	23.31	0.93	24.24	1459.1	2	900	5771	0.5279	2922	1469.8	0.7775	0	0	0	2026-09-26T12:56:36	
mafft_einsi	L008216	hotspot_vntr	2993	34	21	3131	93410	ok	6.55	0.45	7.0	710.4	2	900	3296	0.1665	340	113.6	0.6176	0	0	0	2026-09-26T12:59:31	
mafft_einsi	L008631	control_nontr_sv	703	34	8	1038	25895	ok	0.48	0.34	0.82	3.2	2	900	1038	0.2663	14	19.9	0.4286	0	0	0	2026-09-26T12:55:22	
mafft_einsi	L008864	hotspot_vntr	2131	34	28	10880	101907	ok	74.93	0.65	75.58	3776.1	2	900	13006	0.7695	1916	899.1	0.5444	0	0	0	2026-09-26T12:57:52	
mafft_einsi	L008877	hotspot_other	2687	34	30	6896	142343	ok	55.25	0.76	56.0	2970.3	2	900	9809	0.5732	1674	623.0	0.5771	0	0	0	2026-09-26T12:59:05	
mafft_einsi	L008887	control_vntr_correct	2592	34	7	2950	99887	ok	1.14	0.37	1.51	225.0	2	900	2950	0.0041	38	14.7	0.5263	0	0	0	2026-09-26T12:58:06	
mafft_einsi	L008902	control_vntr_correct	2816	34	7	2931	98661	ok	1.17	0.4	1.57	4.0	2	900	3033	0.0433	156	55.4	0.4295	0	0	0	2026-09-26T12:58:31	
mafft_einsi	L008976	hotspot_vntr	5631	28	28	19792	191414	ok	218.48	1.0	219.48	8005.1	1	900.0	23955	0.7146	4073	723.3	0.7388	0	0	0	2026-09-26T15:21:20	
mafft_einsi	L009000	hotspot_vntr	14411	34	34	14411	167783	ok	264.04	1.47	265.51	7572.0	2	900	19043	0.7409	5479	380.2	0.6432	0	0	0	2026-09-26T13:21:28	
mafft_einsi	L009283	control_nontr_sv	784	34	4	784	24528	ok	0.36	0.33	0.69	4.2	2	900	784	0.0798	15	19.1	0.5333	0	0	0	2026-09-26T12:55:25	
mafft_einsi	L009398	hotspot_vntr	1951	33	25	1982	48384	ok	3.13	0.36	3.49	180.9	2	900	2108	0.3045	163	83.5	0.3926	0	0	0	2026-09-26T12:56:01	
mafft_einsi	L009448	hotspot_vntr	7487	24	24	10747	152247	ok	169.82	1.25	171.07	7423.4	2	900	14804	0.5715	7246	967.8	0.692	0	0	0	2026-09-26T13:15:29	
mafft_einsi	L009600	control_nontr_sv	1012	34	2	1117	37873	ok	0.48	0.34	0.81	4.2	2	900	1117	0.0028	3	3.0	0.0	0	0	0	2026-09-26T12:55:30	
mafft_einsi	L009656	hotspot_vntr	5039	34	26	6503	154450	ok	28.04	0.63	28.67	3513.4	2	900	9638	0.5287	901	178.8	0.5705	0	0	0	2026-09-26T13:07:47	
mafft_einsi	L009658	hotspot_vntr	10831	32	31	10831	216129	ok	90.9	0.76	91.67	4956.1	2	900	14932	0.5477	1090	100.6	0.5101	0	0	0	2026-09-26T13:17:00	
mafft_einsi	L009770	control_vntr_matched	4682	34	7	4682	123343	ok	1.81	0.41	2.22	822.2	2	900	4682	0.2252	64	13.7	0.5938	0	0	0	2026-09-26T13:06:48	
mafft_einsi	L009771	control_vntr_correct	1172	34	2	1284	43544	ok	0.62	0.4	1.02	3.2	2	900	1284	0.0026	12	10.2	0.5	0	0	0	2026-09-26T12:55:32	
mafft_einsi	L009803	hotspot_vntr	5127	34	30	5226	95217	ok	29.48	0.75	30.23	2684.0	2	900	7287	0.6157	2324	453.3	0.725	0	0	0	2026-09-26T13:08:17	
mafft_einsi	L009885	control_vntr_correct	4169	34	17	4169	132912	ok	6.99	0.39	7.38	1250.4	2	900	4245	0.0791	124	29.7	0.4516	0	0	0	2026-09-26T13:02:02	
mafft_einsi	L010060	hotspot_other	2397	34	24	3029	84347	ok	8.59	0.52	9.11	652.0	2	900	4009	0.3812	826	344.6	0.5666	0	0	0	2026-09-26T12:58:00	
mafft_einsi	L010113	control_vntr_correct	3002	34	8	3021	101048	ok	1.25	0.39	1.65	94.5	2	900	3021	0.0162	40	13.3	0.55	0	0	0	2026-09-26T12:59:33	
mafft_einsi	L010328	hotspot_vntr	2940	33	29	10483	158808	ok	48.78	0.95	49.73	6987.0	2	900	17868	0.7307	3073	1045.2	0.629	0	0	0	2026-09-26T13:00:08	
mafft_einsi	L010350	control_vntr_matched	7377	34	11	7594	255357	ok	10.95	0.48	11.43	2254.2	2	900	7594	0.011	44	6.0	0.6136	0	0	0	2026-09-26T13:12:21	
mafft_einsi	L010452	control_nontr_sv	803	34	2	862	29190	ok	0.37	0.33	0.7	4.3	2	900	862	0.004	9	11.2	0.4444	0	0	0	2026-09-26T12:55:25	
mafft_einsi	L010508	control_vntr_correct	3528	34	11	3598	121072	ok	2.64	0.38	3.01	626.9	2	900	3598	0.0103	52	14.7	0.5769	0	0	0	2026-09-26T13:00:48	
mafft_einsi	L011121	control_vntr_correct	2551	34	10	2894	96743	ok	1.74	0.39	2.14	370.9	2	900	2897	0.0178	120	47.0	0.5417	0	0	0	2026-09-26T12:58:03	
mafft_einsi	L011138	hotspot_vntr	12558	33	28	27744	362657	ok	240.45	1.03	241.48	11902.7	1	900.0	29450	0.6268	1650	131.4	0.6552	0	0	0	2026-09-26T15:32:00	
mafft_einsi	L011224	control_vntr_correct	2577	34	13	3095	96089	ok	2.72	0.4	3.12	509.8	2	900	3220	0.1223	151	58.6	0.4901	0	0	0	2026-09-26T12:58:04	
mafft_einsi	L011227	control_vntr_matched	3613	34	11	4093	120991	ok	3.18	0.38	3.56	906.1	2	900	4632	0.2317	43	11.9	0.4186	0	0	0	2026-09-26T13:01:27	
mafft_einsi	L011430	control_vntr_matched	3231	34	13	3278	107140	ok	3.27	0.42	3.69	504.2	2	900	3376	0.0666	311	96.3	0.4566	0	0	0	2026-09-26T13:00:15	
mafft_einsi	L011463	hotspot_vntr	5878	34	27	5878	164680	ok	27.29	0.53	27.82	1885.2	2	900	6594	0.2655	638	108.5	0.5674	0	0	0	2026-09-26T13:09:39	
mafft_einsi	L011931	control_nontr_sv	965	34	8	1824	47106	ok	0.83	0.34	1.17	5.7	2	900	1824	0.2404	25	25.9	0.52	0	0	0	2026-09-26T12:55:28	
mafft_einsi	L012184	hotspot_vntr	4759	32	31	9707	261997	ok	97.45	0.87	98.32	5713.5	2	900	14864	0.4492	1627	341.9	0.6238	1	3146	1	2026-09-26T13:08:26	
mafft_einsi	L012256	hotspot_other	3964	34	30	4547	119186	ok	17.04	0.44	17.48	1475.5	2	900	5362	0.3462	371	93.6	0.442	0	0	0	2026-09-26T13:01:52	
mafft_einsi	L012272	hotspot_vntr	55376	34	31	55376	1778629	memout	802.49		802.52	10204.0	2	900						0	0		2026-09-26T13:53:20	compacttree = 0 | stacksize: 8176 kb | generating a scoring matrix for nucleotide (dist=200) ... done | All-to-all alignment. |     0 / 31 (by thread   0) | Terminated: 15
mafft_einsi	L012294	hotspot_vntr	3586	34	33	12643	129774	ok	363.84	0.77	364.61	9064.1	2	900	16745	0.7721	1873	522.3	0.4842	0	0	0	2026-09-26T13:07:14	
mafft_einsi	L012313	control_vntr_matched	3199	34	14	3266	108077	ok	3.38	0.4	3.78	314.2	2	900	3266	0.0267	66	20.6	0.6061	0	0	0	2026-09-26T13:00:12	
mafft_einsi	L012489	hotspot_other	2812	34	30	3010	94402	ok	13.23	0.47	13.71	475.2	2	900	3812	0.2716	503	178.9	0.5924	0	0	0	2026-09-26T12:58:29	
mafft_einsi	L012530	control_nontr_sv	778	34	7	779	24625	ok	0.61	0.37	0.98	4.6	2	900	781	0.0726	22	28.3	0.5	0	0	0	2026-09-26T12:55:24	
mafft_einsi	L013000	control_vntr_correct	4280	34	22	4280	116563	ok	8.66	0.39	9.05	854.7	2	900	4316	0.2057	137	32.0	0.5693	0	0	0	2026-09-26T13:02:15	
mafft_einsi	L013064	hotspot_other	1987	34	32	2440	77710	ok	9.11	0.45	9.56	132.7	2	900	2752	0.1695	469	236.0	0.5501	0	0	0	2026-09-26T12:56:12	
mafft_einsi	L013074	control_vntr_correct	6844	34	3	6844	69973	ok	0.6	0.38	0.98	255.7	2	900	6844	0.6993	28	4.1	0.5714	0	0	0	2026-09-26T13:10:48	
mafft_einsi	L013244	hotspot_vntr	5890	34	17	19476	185690	ok	22.55	0.58	23.13	8327.1	2	900	19776	0.7238	229	38.9	0.4934	0	0	0	2026-09-26T13:09:49	
mafft_einsi	L013399	control_nontr_sv	658	34	3	1438	42652	ok	0.74	0.4	1.14	4.5	2	900	1438	0.1276	6	9.1	0.3333	0	0	0	2026-09-26T12:55:21	
mafft_einsi	L013531	hotspot_other	2616	34	21	2989	58617	ok	4.07	0.4	4.47	805.8	2	900	3845	0.5516	428	163.6	0.521	0	0	0	2026-09-26T12:58:09	
mafft_einsi	L014111	control_vntr_matched	4216	34	4	4216	142217	ok	0.94	0.4	1.34	560.1	2	900	4336	0.0353	142	33.7	0.5493	0	0	0	2026-09-26T13:02:03	
mafft_einsi	L014160	hotspot_vntr	7998	34	34	8526	242543	ok	86.72	0.75	87.48	3452.4	2	900	9338	0.2361	1340	167.5	0.6007	0	0	0	2026-09-26T13:15:14	
mafft_einsi	L014181	control_vntr_matched	3784	34	5	3983	133711	ok	1.17	0.43	1.6	394.3	2	900	3987	0.0136	242	64.0	0.5289	0	0	0	2026-09-26T13:01:30	
mafft_einsi	L014210	hotspot_vntr	6321	34	13	7328	198016	ok	11.3	0.64	11.94	3215.3	2	900	7382	0.2111	971	153.6	0.5911	0	0	0	2026-09-26T13:09:53	
mafft_einsi	L014297	hotspot_vntr	3012	34	15	3012	67986	ok	2.78	0.41	3.18	296.1	2	900	3369	0.4065	212	70.4	0.4528	0	0	0	2026-09-26T12:59:40	
mafft_einsi	L014324	control_vntr_correct	2514	34	6	2967	99517	ok	0.87	0.38	1.25	76.1	2	900	2968	0.0138	32	12.7	0.5312	0	0	0	2026-09-26T12:58:01	
mafft_einsi	L014358	hotspot_vntr	1419	34	31	2607	58144	ok	9.69	0.4	10.09	487.3	2	900	3113	0.4507	411	289.6	0.5328	0	0	0	2026-09-26T12:55:44	
mafft_einsi	L014426	control_vntr_correct	1886	34	9	1886	55682	ok	0.78	0.34	1.12	3.2	2	900	1890	0.1335	39	20.7	0.3846	0	0	0	2026-09-26T12:55:58	
mafft_einsi	L014899	control_nontr_sv	1000	34	2	1000	33100	ok	0.44	0.34	0.77	5.2	2	900	1000	0.0265	6	6.0	0.3333	0	0	0	2026-09-26T12:55:30	
mafft_einsi	L015126	hotspot_other	3094	34	30	3685	97249	ok	14.71	0.56	15.27	861.5	2	900	5974	0.5212	1033	333.9	0.6621	0	0	0	2026-09-26T13:00:05	
mafft_einsi	L015223	control_vntr_matched	2752	34	4	4070	134453	ok	0.9	0.44	1.33	97.3	2	900	4114	0.0388	196	71.2	0.5255	0	0	0	2026-09-26T12:58:16	
mafft_einsi	L015285	control_vntr_correct	2681	34	4	2681	87754	ok	0.55	0.36	0.91	71.4	2	900	2681	0.0373	24	9.0	0.5833	0	0	0	2026-09-26T12:58:09	
mafft_einsi	L015331	hotspot_vntr	4307	34	30	5528	136040	ok	42.33	0.67	43.0	4146.0	2	900	11178	0.642	1142	265.1	0.6349	0	0	0	2026-09-26T13:03:12	
mafft_einsi	L015347	hotspot_vntr	19125	29	29	33556	426307	timeout	900.38		900.4	8080.2	2	900						0	0		2026-09-26T13:42:18	STEP 002-021-1  accepted. | STEP 002-020-0  accepted. | STEP 002-020-1  accepted. | STEP 002-019-0  accepted. | STEP 002-019-1  accepted. | STEP 002-018-0 Terminated: 15
mafft_einsi	L015415	hotspot_vntr	2913	34	14	5138	100334	ok	5.74	0.49	6.23	1696.2	2	900	5509	0.4643	402	138.0	0.5323	0	0	0	2026-09-26T12:59:21	
mafft_einsi	L015708	hotspot_other	2896	34	24	2966	98158	ok	9.44	0.41	9.85	405.8	2	900	3199	0.0975	159	54.9	0.522	0	0	0	2026-09-26T12:59:15	
mafft_einsi	L015743	control_vntr_correct	4792	34	7	4792	81350	ok	1.28	0.39	1.66	3.3	2	900	4796	0.5011	31	6.5	0.5484	0	0	0	2026-09-26T13:07:16	
mafft_einsi	L015847	hotspot_other	4289	34	29	4289	90309	ok	12.81	0.5	13.31	593.1	2	900	4790	0.4455	747	174.2	0.5355	0	0	0	2026-09-26T13:02:29	
mafft_einsi	L015904	hotspot_other	2319	34	33	5718	106323	ok	31.62	0.73	32.35	2224.1	2	900	8304	0.6234	2037	878.4	0.648	0	0	0	2026-09-26T12:57:30	
mafft_einsi	L016040	control_nontr_sv	718	34	4	779	25449	ok	0.36	0.33	0.69	3.4	2	900	779	0.0392	21	29.2	0.5714	0	0	0	2026-09-26T12:55:23	
mafft_einsi	L016062	control_vntr_correct	2630	34	4	2747	88593	ok	0.6	0.37	0.97	33.7	2	900	2748	0.0518	37	14.1	0.5135	0	0	0	2026-09-26T12:58:07	
mafft_einsi	L016124	control_vntr_matched	3725	34	6	3725	123010	ok	1.24	0.43	1.66	294.5	2	900	3725	0.0287	260	69.8	0.5577	0	0	0	2026-09-26T13:01:28	
mafft_einsi	L016274	control_nontr_sv	742	34	3	1270	32615	ok	0.37	0.35	0.72	3.2	2	900	1270	0.2447	5	6.7	0.2	0	0	0	2026-09-26T12:55:23	
mafft_einsi	L016523	control_vntr_correct	2747	34	12	2845	94851	ok	2.07	0.38	2.45	213.2	2	900	2857	0.0235	42	15.3	0.5238	0	0	0	2026-09-26T12:58:14	
mafft_einsi	L016830	control_vntr_correct	4801	34	7	4801	126074	ok	1.93	0.41	2.33	1309.0	2	900	4921	0.2465	76	15.8	0.4474	0	0	0	2026-09-26T13:07:18	
mafft_einsi	L016870	hotspot_other	6619	34	20	8677	69824	ok	13.2	0.53	13.73	2638.5	2	900	9255	0.7781	1599	241.6	0.4878	0	0	0	2026-09-26T13:10:47	
mafft_einsi	L016884	control_vntr_correct	2096	34	28	2286	64168	ok	5.36	0.44	5.8	316.8	2	900	2440	0.2265	460	219.5	0.5717	0	0	0	2026-09-26T12:56:33	
mafft_einsi	L017097	control_nontr_sv	762	34	10	1619	43905	ok	0.88	0.35	1.23	6.9	2	900	1619	0.2024	51	66.9	0.6275	0	0	0	2026-09-26T12:55:24	
mafft_einsi	L017325	control_vntr_matched	6845	34	24	6845	123621	ok	14.83	0.5	15.33	3383.6	2	900	7679	0.5265	476	69.5	0.3971	0	0	0	2026-09-26T13:11:04	
mafft_einsi	TR101140	control_vntr_matched	7400	33	12	9179	252351	ok	15.18	0.76	15.94	2133.9	2	900	9191	0.168	1297	175.3	0.6222	0	0	0	2026-09-26T13:12:37	
mafft_einsi	TR368009	control_vntr_matched	10964	34	6	10964	369242	ok	8.17	0.66	8.83	3536.0	2	900	10967	0.0098	450	41.0	0.6111	0	0	0	2026-09-26T13:17:02	
mafft_einsi	TR423938	control_vntr_matched	2256	34	3	2256	76374	ok	0.42	0.35	0.77	115.3	2	900	2256	0.0043	9	4.0	0.4444	0	0	0	2026-09-26T12:56:50	
mafft_einsi	TR424743	control_vntr_matched	3571	34	19	9269	190870	ok	34.17	0.47	34.64	3789.6	2	900	9335	0.3986	100	28.0	0.57	0	0	0	2026-09-26T13:01:23	
mafft_einsi	TR446002	control_vntr_matched	2314	34	5	2314	78064	ok	0.56	0.35	0.91	4.2	2	900	2314	0.0078	25	10.8	0.4	0	0	0	2026-09-26T12:56:58	
mafft_einsi	TR455654	control_vntr_matched	2403	34	7	2441	81235	ok	0.84	0.36	1.2	151.1	2	900	2447	0.0236	43	17.9	0.4884	0	0	0	2026-09-26T12:58:00	
mafft_einsi	TR460913	control_vntr_matched	1313	34	7	1313	44616	ok	0.54	0.35	0.89	4.9	2	900	1313	0.0006	36	27.4	0.6111	0	0	0	2026-09-26T12:55:34	
mafft_einsi	TR499275	control_vntr_matched	4345	34	4	4345	147058	ok	0.94	0.38	1.32	339.4	2	900	4345	0.0045	30	6.9	0.5333	0	0	0	2026-09-26T13:03:13	
mafft_einsi	TR499276	control_vntr_matched	4483	34	5	4483	152422	ok	1.56	0.41	1.97	1027.2	2	900	4483	0.0	40	8.9	0.675	0	0	0	2026-09-26T13:06:45	
mafft_einsi	TR573259	control_vntr_matched	2919	34	4	3925	100134	ok	0.89	0.41	1.3	3.8	2	900	3929	0.2504	149	51.0	0.4832	0	0	0	2026-09-26T12:59:16	
mafft_einsi	TR668316	control_vntr_matched	3063	30	13	3819	93102	ok	3.13	0.38	3.51	505.4	2	900	4185	0.2584	63	20.6	0.5397	0	0	0	2026-09-26T12:59:50	
mafft_einsi	TR687433	control_vntr_matched	3352	34	4	3352	112993	ok	0.72	0.38	1.1	329.0	2	900	3352	0.0086	8	2.4	0.25	0	0	0	2026-09-26T13:00:27	
mafft_einsi	TR687489	control_vntr_matched	2731	34	2	2734	92857	ok	0.37	0.36	0.73	108.7	2	900	2734	0.0011	12	4.4	0.5	0	0	0	2026-09-26T12:58:12	
mafft_einsi	TR724750	control_vntr_matched	2978	34	4	3143	101417	ok	0.96	0.52	1.47	3.3	2	900	3146	0.0519	383	128.6	0.6632	0	0	0	2026-09-26T12:59:24	
mafft_einsi	TR743754	control_vntr_matched	2923	34	9	2923	97450	ok	1.34	0.37	1.71	96.0	2	900	2923	0.0194	46	15.7	0.6087	0	0	0	2026-09-26T12:59:18	
mafft_einsi	TR831034	control_vntr_matched	6904	31	27	7077	212842	ok	58.81	0.76	59.56	2306.7	2	900	8191	0.1618	1594	230.9	0.6123	0	0	0	2026-09-26T13:12:03	
mafft_ginsi	L000034	hotspot_vntr	3169	34	32	4469	117137	ok	25.67	0.62	26.29	1267.9	2	900	5301	0.3501	1116	352.2	0.5699	0	0	0	2026-09-26T13:57:44	
mafft_ginsi	L000289	hotspot_vntr	5787	34	34	7155	127890	ok	43.95	0.99	44.95	3368.0	2	900	7479	0.4971	4433	766.0	0.7674	0	0	0	2026-09-26T14:04:33	
mafft_ginsi	L000308	control_vntr_matched	4108	34	9	4108	105859	ok	2.42	0.4	2.82	307.5	2	900	4125	0.2452	93	22.6	0.5484	0	0	0	2026-09-26T13:59:07	
mafft_ginsi	L000381	control_vntr_matched	6949	34	8	7080	240551	ok	7.07	0.5	7.58	1411.1	2	900	7126	0.0072	206	29.6	0.6214	0	0	0	2026-09-26T14:07:38	
mafft_ginsi	L000407	control_vntr_correct	2722	34	9	2814	93388	ok	1.46	0.36	1.82	314.1	2	900	2817	0.025	28	10.3	0.3929	0	0	0	2026-09-26T13:55:34	
mafft_ginsi	L000506	control_nontr_sv	1129	34	5	1131	33462	ok	0.27	0.32	0.6	59.2	2	900	1131	0.1298	7	6.2	0.4286	0	0	0	2026-09-26T13:53:29	
mafft_ginsi	L000698	control_vntr_correct	3490	34	9	4353	146098	ok	3.27	0.41	3.68	709.6	2	900	4398	0.023	65	18.6	0.5385	0	0	0	2026-09-26T13:58:08	
mafft_ginsi	L000709	control_vntr_matched	6261	34	3	6261	209409	ok	1.51	0.44	1.95	1044.6	2	900	6261	0.0163	12	1.9	0.5	0	0	0	2026-09-26T14:05:00	
mafft_ginsi	L001084	hotspot_vntr	8972	34	33	22561	344272	ok	501.62	1.21	502.84	12263.3	1	900.0	23765	0.5739	4115	458.6	0.7611	0	0	0	2026-09-26T15:51:51	
mafft_ginsi	L001264	hotspot_vntr	6906	34	34	14213	214682	ok	213.77	1.48	215.26	8033.6	2	900	15708	0.598	6357	920.5	0.7198	0	0	0	2026-09-26T14:11:03	
mafft_ginsi	L001491	control_vntr_correct	1217	34	9	1668	49085	ok	0.54	0.36	0.9	53.6	2	900	1707	0.1543	98	80.5	0.6327	0	0	0	2026-09-26T13:53:30	
mafft_ginsi	L001527	control_nontr_sv	1133	34	12	1134	35864	ok	0.54	0.33	0.87	33.2	2	900	1134	0.0698	41	36.2	0.6098	0	0	0	2026-09-26T13:53:29	
mafft_ginsi	L001894	control_vntr_matched	6461	34	5	6471	219210	ok	2.98	0.52	3.5	1709.7	2	900	6583	0.0206	316	48.9	0.5823	0	0	0	2026-09-26T14:05:17	
mafft_ginsi	L001899	control_vntr_matched	1959	34	9	2031	63105	ok	0.84	0.36	1.19	80.5	2	900	2064	0.1008	122	62.3	0.5082	0	0	0	2026-09-26T13:53:56	
mafft_ginsi	L001909	hotspot_vntr	15660	34	34	20243	442919	ok	846.56	1.69	848.25	9088.8	1	900.0	23280	0.4404	5739	366.5	0.5823	0	0	0	2026-09-26T16:09:58	
mafft_ginsi	L001922	control_vntr_correct	3542	34	12	3578	101471	ok	3.11	0.43	3.54	433.8	2	900	3597	0.1703	338	95.4	0.5769	0	0	0	2026-09-26T13:58:12	
mafft_ginsi	L002013	hotspot_vntr	4381	34	32	8509	147997	ok	80.28	0.97	81.24	4056.3	2	900	10151	0.5712	3414	779.3	0.6904	0	0	0	2026-09-26T14:02:42	
mafft_ginsi	L002096	hotspot_vntr	2879	34	33	5942	158494	ok	40.35	0.53	40.88	1768.7	2	900	7049	0.3387	614	213.3	0.57	0	0	0	2026-09-26T13:56:36	
mafft_ginsi	L002143	hotspot_vntr	7402	34	23	8362	249251	ok	41.22	0.72	41.94	3186.5	2	900	8513	0.1389	1051	142.0	0.5576	0	0	0	2026-09-26T14:08:51	
mafft_ginsi	L002182	hotspot_vntr	2388	34	32	5439	84162	ok	17.06	0.61	17.66	700.6	2	900	5637	0.5609	2170	908.7	0.7396	0	0	0	2026-09-26T13:55:21	
mafft_ginsi	L002292	control_nontr_sv	2183	34	6	2186	52131	ok	0.61	0.38	0.98	80.5	2	900	2210	0.3062	171	78.3	0.4795	0	0	0	2026-09-26T13:54:24	
mafft_ginsi	L002884	control_vntr_matched	3786	34	12	4116	139327	ok	4.58	0.39	4.97	870.5	2	900	4116	0.0044	68	18.0	0.3824	0	0	0	2026-09-26T13:58:44	
mafft_ginsi	L002940	hotspot_other	2259	34	26	3003	62820	ok	5.55	0.44	5.99	421.5	2	900	3171	0.4173	579	256.3	0.6442	0	0	0	2026-09-26T13:54:33	
mafft_ginsi	L003119	control_vntr_correct	2909	34	6	2909	63656	ok	0.6	0.38	0.98	88.9	2	900	2912	0.3571	170	58.4	0.4588	0	0	0	2026-09-26T13:56:22	
mafft_ginsi	L003171	control_nontr_sv	1064	34	2	1064	25220	ok	0.21	0.32	0.53	0.0	2	900	1064	0.3029	12	11.3	0.5	0	0	0	2026-09-26T13:53:29	
mafft_ginsi	L003672	control_vntr_correct	2583	34	7	2583	86184	ok	0.96	0.36	1.33	103.2	2	900	2689	0.0573	45	17.4	0.5556	0	0	0	2026-09-26T13:55:27	
mafft_ginsi	L003695	hotspot_other	2215	34	12	2806	69367	ok	1.81	0.38	2.19	93.1	2	900	2857	0.2859	212	95.7	0.5236	0	0	0	2026-09-26T13:54:26	
mafft_ginsi	L003826	control_vntr_matched	3461	34	33	3649	116324	ok	21.32	0.71	22.02	681.0	2	900	4018	0.1485	1417	409.4	0.6824	0	0	0	2026-09-26T13:58:08	
mafft_ginsi	L003828	hotspot_other	5387	34	26	5387	70916	ok	9.44	0.52	9.97	719.9	2	900	5467	0.6185	814	151.1	0.5553	0	0	0	2026-09-26T14:03:48	
mafft_ginsi	L003872	control_vntr_matched	2955	34	7	2959	97295	ok	1.18	0.45	1.64	130.5	2	900	3024	0.0537	434	146.9	0.47	0	0	0	2026-09-26T13:56:37	
mafft_ginsi	L003883	control_nontr_sv	828	34	3	3714	77214	ok	0.54	0.43	0.97	108.9	2	900	3717	0.389	294	355.1	0.5034	0	0	0	2026-09-26T13:53:25	
mafft_ginsi	L004021	control_vntr_matched	7737	34	20	7737	254586	ok	38.32	0.51	38.82	2034.6	2	900	7742	0.0328	171	22.1	0.6023	0	0	0	2026-09-26T14:11:42	
mafft_ginsi	L004145	hotspot_vntr	15607	32	31	15683	431752	ok	325.61	1.61	327.22	8804.9	2	900	16530	0.1838	4372	280.1	0.602	0	0	0	2026-09-26T14:23:08	
mafft_ginsi	L004620	control_nontr_sv	972	34	5	972	27746	ok	0.27	0.32	0.59	44.1	2	900	972	0.1604	11	11.3	0.4545	0	0	0	2026-09-26T13:53:27	
mafft_ginsi	L004848	hotspot_other	2107	34	30	2531	55876	ok	5.78	0.52	6.3	259.5	2	900	2754	0.4033	1186	562.9	0.7681	0	0	0	2026-09-26T13:54:19	
mafft_ginsi	L004989	hotspot_other	1798	34	29	1904	43840	ok	5.73	0.41	6.13	299.3	2	900	2167	0.405	661	367.6	0.7337	0	0	0	2026-09-26T13:53:50	
mafft_ginsi	L005064	hotspot_other	3272	34	29	4126	106757	ok	15.06	0.45	15.51	1102.5	2	900	5222	0.3987	305	93.2	0.4	0	0	0	2026-09-26T13:57:52	
mafft_ginsi	L005261	hotspot_other	859	34	26	2211	43402	ok	3.97	0.38	4.35	105.9	2	900	2432	0.4751	348	405.1	0.5057	0	0	0	2026-09-26T13:53:28	
mafft_ginsi	L005411	hotspot_vntr	6353	34	33	6353	178024	ok	50.86	0.6	51.46	1636.1	2	900	6901	0.2413	777	122.3	0.6139	0	0	0	2026-09-26T14:05:56	
mafft_ginsi	L005481	hotspot_vntr	3018	34	23	3379	90969	ok	6.89	0.44	7.33	347.1	2	900	3480	0.2312	430	142.5	0.5674	0	0	0	2026-09-26T13:57:00	
mafft_ginsi	L005618	hotspot_other	3582	34	32	3678	96398	ok	19.69	0.74	20.43	933.8	2	900	3975	0.2867	2068	577.3	0.6717	0	0	0	2026-09-26T13:58:32	
mafft_ginsi	L005688	control_nontr_sv	712	34	5	965	31039	ok	0.31	0.36	0.67	20.7	2	900	967	0.0559	127	178.4	0.6299	0	0	0	2026-09-26T13:53:22	
mafft_ginsi	L005990	hotspot_vntr	6577	32	32	11714	261809	ok	130.59	0.67	131.26	5563.4	2	900	13123	0.3766	809	123.0	0.4289	0	0	0	2026-09-26T14:07:28	
mafft_ginsi	L006556	control_nontr_sv	926	34	4	926	26299	ok	0.24	0.35	0.58	10.1	2	900	932	0.1701	141	152.3	0.6454	0	0	0	2026-09-26T13:53:25	
mafft_ginsi	L006952	hotspot_vntr	2403	34	28	3099	55698	ok	5.45	0.54	5.99	164.9	2	900	3208	0.4893	1735	722.0	0.6744	0	0	0	2026-09-26T13:55:23	
mafft_ginsi	L007009	hotspot_vntr	15479	34	27	19252	245888	ok	201.12	1.23	202.35	7746.8	2	900	21107	0.6574	5123	331.0	0.6779	0	0	0	2026-09-26T14:19:32	
mafft_ginsi	L007033	control_vntr_correct	2536	34	3	2698	23090	ok	0.37	0.35	0.73	65.8	2	900	2706	0.749	162	63.9	0.4877	0	0	0	2026-09-26T13:55:24	
mafft_ginsi	L007040	hotspot_vntr	19420	34	27	19420	136259	ok	46.31	0.82	47.13	7021.6	2	900	20416	0.8037	1382	71.2	0.6541	0	0	0	2026-09-26T14:25:56	
mafft_ginsi	L007065	control_vntr_matched	4254	34	9	4321	143383	ok	2.98	0.41	3.39	705.6	2	900	4321	0.024	65	15.3	0.5077	0	0	0	2026-09-26T13:59:20	
mafft_ginsi	L007081	hotspot_vntr	1493	34	33	4398	78725	ok	27.49	0.51	28.0	720.3	2	900	4826	0.5202	1127	754.9	0.638	0	0	0	2026-09-26T13:53:59	
mafft_ginsi	L007161	hotspot_other	3479	34	25	3596	108828	ok	12.35	0.64	12.99	469.8	2	900	3755	0.1476	1187	341.2	0.7178	0	0	0	2026-09-26T13:58:05	
mafft_ginsi	L007172	control_vntr_matched	3009	34	11	3551	101125	ok	2.54	0.45	2.99	203.3	2	900	3803	0.2179	482	160.2	0.527	0	0	0	2026-09-26T13:56:50	
mafft_ginsi	L007184	hotspot_other	1295	34	21	1295	32355	ok	1.24	0.33	1.57	31.8	2	900	1357	0.2987	102	78.8	0.4314	0	0	0	2026-09-26T13:53:31	
mafft_ginsi	L007192	control_nontr_sv	685	34	11	928	25211	ok	0.46	0.33	0.79	5.0	2	900	928	0.201	19	27.7	0.5789	0	0	0	2026-09-26T13:53:21	
mafft_ginsi	L007376	control_vntr_matched	19353	34	9	19353	613016	ok	58.72	0.73	59.45	6222.9	2	900	19353	0.0684	87	4.5	0.6092	0	0	0	2026-09-26T14:25:09	
mafft_ginsi	L007480	hotspot_other	1687	34	21	3379	68861	ok	4.37	0.46	4.82	274.0	2	900	3531	0.4264	629	372.9	0.6312	0	0	0	2026-09-26T13:53:44	
mafft_ginsi	L007687	control_vntr_matched	2645	34	10	2815	91223	ok	1.45	0.38	1.83	261.3	2	900	2872	0.0658	123	46.5	0.5691	0	0	0	2026-09-26T13:55:31	
mafft_ginsi	L007717	control_vntr_matched	4426	34	21	4448	144924	ok	14.14	0.45	14.59	1249.0	2	900	4472	0.0469	241	54.5	0.4357	0	0	0	2026-09-26T14:01:45	
mafft_ginsi	L007798	hotspot_other	4360	34	32	11775	128721	ok	62.96	0.87	63.83	6275.8	2	900	12540	0.6981	3370	772.9	0.6567	0	0	0	2026-09-26T14:01:20	
mafft_ginsi	L007844	hotspot_other	1988	34	34	4211	92642	ok	22.64	0.88	23.52	1530.8	2	900	5609	0.5142	2937	1477.4	0.7739	0	0	0	2026-09-26T13:54:23	
mafft_ginsi	L008216	hotspot_vntr	2993	34	21	3131	93410	ok	6.38	0.45	6.83	174.8	2	900	3184	0.1371	432	144.3	0.6296	0	0	0	2026-09-26T13:56:45	
mafft_ginsi	L008631	control_nontr_sv	703	34	8	1038	25895	ok	0.37	0.33	0.7	22.9	2	900	1038	0.2663	14	19.9	0.4286	0	0	0	2026-09-26T13:53:22	
mafft_ginsi	L008864	hotspot_vntr	2131	34	28	10880	101907	ok	48.97	0.67	49.64	2017.1	2	900	12389	0.7581	2053	963.4	0.5582	0	0	0	2026-09-26T13:55:08	
mafft_ginsi	L008877	hotspot_other	2687	34	30	6896	142343	ok	40.23	0.77	41.0	2659.9	2	900	8105	0.4835	1996	742.8	0.5782	0	0	0	2026-09-26T13:56:13	
mafft_ginsi	L008887	control_vntr_correct	2592	34	7	2950	99887	ok	1.19	0.37	1.56	115.6	2	900	2950	0.0041	38	14.7	0.5263	0	0	0	2026-09-26T13:55:28	
mafft_ginsi	L008902	control_vntr_correct	2816	34	7	2931	98661	ok	1.13	0.4	1.53	124.8	2	900	3029	0.042	173	61.4	0.4913	0	0	0	2026-09-26T13:55:55	
mafft_ginsi	L008976	hotspot_vntr	5631	28	28	19792	191414	ok	253.9	1.11	255.01	8421.8	1	900.0	21493	0.6819	4951	879.2	0.752	0	0	0	2026-09-26T15:43:28	
mafft_ginsi	L009000	hotspot_vntr	14411	34	34	14411	167783	ok	155.59	1.49	157.08	6280.8	2	900	16709	0.7047	5430	376.8	0.6584	0	0	0	2026-09-26T14:17:41	
mafft_ginsi	L009283	control_nontr_sv	784	34	4	784	24528	ok	0.22	0.32	0.54	0.0	2	900	784	0.0798	15	19.1	0.5333	0	0	0	2026-09-26T13:53:24	
mafft_ginsi	L009398	hotspot_vntr	1951	33	25	1982	48384	ok	2.96	0.36	3.32	93.2	2	900	2077	0.2941	208	106.6	0.3942	0	0	0	2026-09-26T13:53:55	
mafft_ginsi	L009448	hotspot_vntr	7487	24	24	10747	152247	ok	157.48	1.3	158.78	4632.2	2	900	11946	0.469	7903	1055.6	0.7095	0	0	0	2026-09-26T14:11:29	
mafft_ginsi	L009600	control_nontr_sv	1012	34	2	1117	37873	ok	0.23	0.33	0.56	3.3	2	900	1117	0.0028	3	3.0	0.0	0	0	0	2026-09-26T13:53:28	
mafft_ginsi	L009656	hotspot_vntr	5039	34	26	6503	154450	ok	29.3	0.78	30.08	2153.7	2	900	6777	0.3297	1889	374.9	0.5717	0	0	0	2026-09-26T14:03:16	
mafft_ginsi	L009658	hotspot_vntr	10831	32	31	10831	216129	ok	107.14	0.86	108.0	4155.3	2	900	12638	0.4656	2163	199.7	0.5442	0	0	0	2026-09-26T14:15:04	
mafft_ginsi	L009770	control_vntr_matched	4682	34	7	4682	123343	ok	2.0	0.42	2.42	499.9	2	900	4688	0.2262	117	25.0	0.5641	0	0	0	2026-09-26T14:01:50	
mafft_ginsi	L009771	control_vntr_correct	1172	34	2	1284	43544	ok	0.22	0.32	0.54	3.2	2	900	1284	0.0026	12	10.2	0.5	0	0	0	2026-09-26T13:53:29	
mafft_ginsi	L009803	hotspot_vntr	5127	34	30	5226	95217	ok	26.17	0.78	26.95	1211.0	2	900	5604	0.5003	2707	528.0	0.7373	0	0	0	2026-09-26T14:03:43	
mafft_ginsi	L009885	control_vntr_correct	4169	34	17	4169	132912	ok	8.06	0.4	8.46	957.6	2	900	4222	0.0741	126	30.2	0.4444	0	0	0	2026-09-26T13:59:15	
mafft_ginsi	L010060	hotspot_other	2397	34	24	3029	84347	ok	8.05	0.51	8.56	197.6	2	900	3500	0.2912	916	382.1	0.5906	0	0	0	2026-09-26T13:55:17	
mafft_ginsi	L010113	control_vntr_correct	3002	34	8	3021	101048	ok	1.34	0.37	1.72	132.4	2	900	3021	0.0162	41	13.7	0.5854	0	0	0	2026-09-26T13:56:47	
mafft_ginsi	L010328	hotspot_vntr	2940	33	29	10483	158808	ok	55.78	1.09	56.87	4640.7	2	900	12108	0.6025	4974	1691.8	0.6745	0	0	0	2026-09-26T13:57:28	
mafft_ginsi	L010350	control_vntr_matched	7377	34	11	7594	255357	ok	12.75	0.47	13.22	1936.1	2	900	7594	0.011	44	6.0	0.6136	0	0	0	2026-09-26T14:07:51	
mafft_ginsi	L010452	control_nontr_sv	803	34	2	862	29190	ok	0.21	0.32	0.52	0.0	2	900	862	0.004	9	11.2	0.4444	0	0	0	2026-09-26T13:53:24	
mafft_ginsi	L010508	control_vntr_correct	3528	34	11	3598	121072	ok	3.14	0.38	3.52	419.0	2	900	3598	0.0103	52	14.7	0.5769	0	0	0	2026-09-26T13:58:11	
mafft_ginsi	L011121	control_vntr_correct	2551	34	10	2894	96743	ok	1.85	0.39	2.24	278.0	2	900	2897	0.0178	141	55.3	0.5603	0	0	0	2026-09-26T13:55:26	
mafft_ginsi	L011138	hotspot_vntr	12558	33	28	27744	362657	ok	237.75	1.09	238.84	11725.9	1	900.0	28219	0.6106	2245	178.8	0.6793	0	0	0	2026-09-26T15:55:49	
mafft_ginsi	L011224	control_vntr_correct	2577	34	13	3095	96089	ok	2.47	0.39	2.86	114.6	2	900	3206	0.1185	168	65.2	0.5119	0	0	0	2026-09-26T13:55:26	
mafft_ginsi	L011227	control_vntr_matched	3613	34	11	4093	120991	ok	3.4	0.4	3.8	399.4	2	900	4500	0.2092	76	21.0	0.4211	0	0	0	2026-09-26T13:58:36	
mafft_ginsi	L011430	control_vntr_matched	3231	34	13	3278	107140	ok	3.57	0.43	4.01	162.7	2	900	3374	0.066	311	96.3	0.4469	0	0	0	2026-09-26T13:57:36	
mafft_ginsi	L011463	hotspot_vntr	5878	34	27	5878	164680	ok	31.05	0.57	31.62	1392.9	2	900	6584	0.2643	725	123.3	0.5821	0	0	0	2026-09-26T14:05:05	
mafft_ginsi	L011931	control_nontr_sv	965	34	8	1824	47106	ok	0.68	0.33	1.01	35.1	2	900	1824	0.2404	25	25.9	0.52	0	0	0	2026-09-26T13:53:26	
mafft_ginsi	L012184	hotspot_vntr	4759	32	31	9707	261997	ok	107.11	0.91	108.03	5133.2	2	900	14201	0.4235	1845	387.7	0.6401	1	3146	1	2026-09-26T14:03:38	
mafft_ginsi	L012256	hotspot_other	3964	34	30	4547	119186	ok	19.11	0.52	19.63	879.5	2	900	4763	0.264	444	112.0	0.4572	0	0	0	2026-09-26T13:59:04	
mafft_ginsi	L012272	hotspot_vntr	55376	34	31	55376	1778629	memout	446.35		446.35	10164.9	2	900						0	0		2026-09-26T14:33:22	compacttree = 0 | stacksize: 8176 kb | generating a scoring matrix for nucleotide (dist=200) ... done | All-to-all alignment. |     0 / 31 (by thread   0) | Terminated: 15
mafft_ginsi	L012294	hotspot_vntr	3586	34	33	12643	129774	ok	178.47	0.81	179.28	4591.0	2	900	14381	0.7346	1844	514.2	0.5098	0	0	0	2026-09-26T14:01:31	
mafft_ginsi	L012313	control_vntr_matched	3199	34	14	3266	108077	ok	3.75	0.38	4.14	435.8	2	900	3266	0.0267	68	21.3	0.6176	0	0	0	2026-09-26T13:57:32	
mafft_ginsi	L012489	hotspot_other	2812	34	30	3010	94402	ok	14.11	0.46	14.57	339.0	2	900	3772	0.2639	512	182.1	0.6074	0	0	0	2026-09-26T13:55:53	
mafft_ginsi	L012530	control_nontr_sv	778	34	7	779	24625	ok	0.31	0.31	0.62	15.6	2	900	781	0.0726	22	28.3	0.5	0	0	0	2026-09-26T13:53:23	
mafft_ginsi	L013000	control_vntr_correct	4280	34	22	4280	116563	ok	9.77	0.42	10.18	444.7	2	900	4315	0.2055	138	32.2	0.5797	0	0	0	2026-09-26T13:59:31	
mafft_ginsi	L013064	hotspot_other	1987	34	32	2440	77710	ok	9.43	0.45	9.88	223.9	2	900	2676	0.1459	461	232.0	0.5575	0	0	0	2026-09-26T13:54:06	
mafft_ginsi	L013074	control_vntr_correct	6844	34	3	6844	69973	ok	0.67	0.4	1.06	4.5	2	900	6844	0.6993	32	4.7	0.5312	0	0	0	2026-09-26T14:06:07	
mafft_ginsi	L013244	hotspot_vntr	5890	34	17	19476	185690	ok	22.21	0.68	22.89	6097.9	2	900	20052	0.7276	644	109.3	0.5093	0	0	0	2026-09-26T14:04:58	
mafft_ginsi	L013399	control_nontr_sv	658	34	3	1438	42652	ok	0.35	0.34	0.69	5.1	2	900	1438	0.1276	6	9.1	0.3333	0	0	0	2026-09-26T13:53:21	
mafft_ginsi	L013531	hotspot_other	2616	34	21	2989	58617	ok	4.52	0.39	4.91	257.3	2	900	3250	0.4695	470	179.7	0.566	0	0	0	2026-09-26T13:55:32	
mafft_ginsi	L014111	control_vntr_matched	4216	34	4	4216	142217	ok	1.06	0.45	1.51	284.2	2	900	4313	0.0302	203	48.1	0.5419	0	0	0	2026-09-26T13:59:17	
mafft_ginsi	L014160	hotspot_vntr	7998	34	34	8526	242543	ok	105.45	0.84	106.3	3912.8	2	900	9177	0.2227	1711	213.9	0.6283	0	0	0	2026-09-26T14:13:16	
mafft_ginsi	L014181	control_vntr_matched	3784	34	5	3983	133711	ok	1.24	0.42	1.67	200.9	2	900	3987	0.0136	236	62.4	0.5212	0	0	0	2026-09-26T13:58:39	
mafft_ginsi	L014210	hotspot_vntr	6321	34	13	7328	198016	ok	12.68	0.7	13.38	2455.6	2	900	7437	0.2169	1212	191.7	0.6007	0	0	0	2026-09-26T14:05:13	
mafft_ginsi	L014297	hotspot_vntr	3012	34	15	3012	67986	ok	2.37	0.41	2.78	141.7	2	900	3318	0.3974	284	94.3	0.4894	0	0	0	2026-09-26T13:56:53	
mafft_ginsi	L014324	control_vntr_correct	2514	34	6	2967	99517	ok	0.89	0.36	1.25	106.6	2	900	2968	0.0138	35	13.9	0.5429	0	0	0	2026-09-26T13:55:23	
mafft_ginsi	L014358	hotspot_vntr	1419	34	31	2607	58144	ok	7.83	0.41	8.23	498.9	2	900	2908	0.4119	445	313.6	0.5461	0	0	0	2026-09-26T13:53:39	
mafft_ginsi	L014426	control_vntr_correct	1886	34	9	1886	55682	ok	0.78	0.34	1.12	60.1	2	900	1890	0.1335	72	38.2	0.5278	0	0	0	2026-09-26T13:53:51	
mafft_ginsi	L014899	control_nontr_sv	1000	34	2	1000	33100	ok	0.25	0.33	0.58	13.3	2	900	1000	0.0265	6	6.0	0.3333	0	0	0	2026-09-26T13:53:27	
mafft_ginsi	L015126	hotspot_other	3094	34	30	3685	97249	ok	13.95	0.63	14.58	950.6	2	900	4828	0.4076	1441	465.7	0.6829	0	0	0	2026-09-26T13:57:18	
mafft_ginsi	L015223	control_vntr_matched	2752	34	4	4070	134453	ok	0.84	0.43	1.27	188.6	2	900	4114	0.0388	206	74.9	0.5291	0	0	0	2026-09-26T13:55:39	
mafft_ginsi	L015285	control_vntr_correct	2681	34	4	2681	87754	ok	0.48	0.36	0.84	107.0	2	900	2681	0.0373	24	9.0	0.5833	0	0	0	2026-09-26T13:55:32	
mafft_ginsi	L015331	hotspot_vntr	4307	34	30	5528	136040	ok	31.27	0.69	31.96	1783.7	2	900	6365	0.3714	1731	401.9	0.6713	0	0	0	2026-09-26T14:00:15	
mafft_ginsi	L015347	hotspot_vntr	19125	29	29	33556	426307	ok	583.91	2.36	586.27	14521.4	1	900.0	35856	0.59	11119	581.4	0.6592	0	0	0	2026-09-26T16:19:44	
mafft_ginsi	L015415	hotspot_vntr	2913	34	14	5138	100334	ok	5.16	0.47	5.63	1029.4	2	900	5138	0.4257	495	169.9	0.5535	0	0	0	2026-09-26T13:56:28	
mafft_ginsi	L015708	hotspot_other	2896	34	24	2966	98158	ok	8.36	0.39	8.75	282.0	2	900	3075	0.0611	171	59.0	0.5439	0	0	0	2026-09-26T13:56:21	
mafft_ginsi	L015743	control_vntr_correct	4792	34	7	4792	81350	ok	1.16	0.44	1.61	4.1	2	900	4803	0.5018	258	53.8	0.531	0	0	0	2026-09-26T14:02:43	
mafft_ginsi	L015847	hotspot_other	4289	34	29	4289	90309	ok	12.19	0.57	12.76	522.4	2	900	4757	0.4416	856	199.6	0.5993	0	0	0	2026-09-26T13:59:43	
mafft_ginsi	L015904	hotspot_other	2319	34	33	5718	106323	ok	28.98	0.78	29.75	1648.0	2	900	6607	0.5267	2630	1134.1	0.7061	0	0	0	2026-09-26T13:55:03	
mafft_ginsi	L016040	control_nontr_sv	718	34	4	779	25449	ok	0.25	0.33	0.57	23.0	2	900	779	0.0392	21	29.2	0.5714	0	0	0	2026-09-26T13:53:22	
mafft_ginsi	L016062	control_vntr_correct	2630	34	4	2747	88593	ok	0.56	0.36	0.92	105.1	2	900	2748	0.0518	37	14.1	0.5135	0	0	0	2026-09-26T13:55:29	
mafft_ginsi	L016124	control_vntr_matched	3725	34	6	3725	123010	ok	1.24	0.44	1.68	211.3	2	900	3725	0.0287	260	69.8	0.5577	0	0	0	2026-09-26T13:58:38	
mafft_ginsi	L016274	control_nontr_sv	742	34	3	1270	32615	ok	0.27	0.33	0.6	35.9	2	900	1270	0.2447	5	6.7	0.2	0	0	0	2026-09-26T13:53:22	
mafft_ginsi	L016523	control_vntr_correct	2747	34	12	2845	94851	ok	2.49	0.37	2.86	109.7	2	900	2857	0.0235	42	15.3	0.5238	0	0	0	2026-09-26T13:55:37	
mafft_ginsi	L016830	control_vntr_correct	4801	34	7	4801	126074	ok	2.04	0.44	2.47	535.2	2	900	4931	0.248	183	38.1	0.4645	0	0	0	2026-09-26T14:02:46	
mafft_ginsi	L016870	hotspot_other	6619	34	20	8677	69824	ok	9.77	0.57	10.34	1919.5	2	900	8758	0.7655	1824	275.6	0.5033	0	0	0	2026-09-26T14:06:06	
mafft_ginsi	L016884	control_vntr_correct	2096	34	28	2286	64168	ok	6.13	0.44	6.57	323.3	2	900	2484	0.2402	514	245.2	0.5817	0	0	0	2026-09-26T13:54:12	
mafft_ginsi	L017097	control_nontr_sv	762	34	10	1619	43905	ok	0.65	0.34	0.99	29.6	2	900	1619	0.2024	51	66.9	0.6275	0	0	0	2026-09-26T13:53:23	
mafft_ginsi	L017325	control_vntr_matched	6845	34	24	6845	123621	ok	16.66	0.54	17.21	1222.7	2	900	7429	0.5106	590	86.2	0.4136	0	0	0	2026-09-26T14:06:25	
mafft_ginsi	TR101140	control_vntr_matched	7400	33	12	9179	252351	ok	16.89	0.79	17.69	2326.6	2	900	9295	0.1773	1512	204.3	0.6171	0	0	0	2026-09-26T14:08:09	
mafft_ginsi	TR368009	control_vntr_matched	10964	34	6	10964	369242	ok	8.39	0.76	9.15	3137.5	2	900	10967	0.0098	673	61.4	0.5899	0	0	0	2026-09-26T14:14:20	
mafft_ginsi	TR423938	control_vntr_matched	2256	34	3	2256	76374	ok	0.42	0.35	0.78	76.7	2	900	2256	0.0043	9	4.0	0.4444	0	0	0	2026-09-26T13:54:27	
mafft_ginsi	TR424743	control_vntr_matched	3571	34	19	9269	190870	ok	19.76	0.59	20.36	2619.4	2	900	9536	0.4113	965	270.2	0.513	0	0	0	2026-09-26T13:58:31	
mafft_ginsi	TR446002	control_vntr_matched	2314	34	5	2314	78064	ok	0.6	0.36	0.96	78.6	2	900	2314	0.0078	25	10.8	0.4	0	0	0	2026-09-26T13:54:34	
mafft_ginsi	TR455654	control_vntr_matched	2403	34	7	2441	81235	ok	0.84	0.35	1.19	85.7	2	900	2447	0.0236	43	17.9	0.4884	0	0	0	2026-09-26T13:55:22	
mafft_ginsi	TR460913	control_vntr_matched	1313	34	7	1313	44616	ok	0.43	0.33	0.75	32.1	2	900	1313	0.0006	36	27.4	0.6111	0	0	0	2026-09-26T13:53:31	
mafft_ginsi	TR499275	control_vntr_matched	4345	34	4	4345	147058	ok	0.96	0.4	1.36	206.4	2	900	4345	0.0045	30	6.9	0.5333	0	0	0	2026-09-26T14:00:17	
mafft_ginsi	TR499276	control_vntr_matched	4483	34	5	4483	152422	ok	1.72	0.4	2.13	734.5	2	900	4483	0.0	40	8.9	0.675	0	0	0	2026-09-26T14:01:47	
mafft_ginsi	TR573259	control_vntr_matched	2919	34	4	3925	100134	ok	0.77	0.39	1.17	148.3	2	900	3929	0.2504	140	48.0	0.4714	0	0	0	2026-09-26T13:56:29	
mafft_ginsi	TR668316	control_vntr_matched	3063	30	13	3819	93102	ok	3.07	0.37	3.45	377.7	2	900	3945	0.2133	65	21.2	0.5231	0	0	0	2026-09-26T13:57:04	
mafft_ginsi	TR687433	control_vntr_matched	3352	34	4	3352	112993	ok	0.65	0.37	1.02	168.1	2	900	3352	0.0086	8	2.4	0.25	0	0	0	2026-09-26T13:57:46	
mafft_ginsi	TR687489	control_vntr_matched	2731	34	2	2734	92857	ok	0.37	0.36	0.73	57.3	2	900	2734	0.0011	12	4.4	0.5	0	0	0	2026-09-26T13:55:35	
mafft_ginsi	TR724750	control_vntr_matched	2978	34	4	3143	101417	ok	0.67	0.46	1.13	130.7	2	900	3146	0.0519	383	128.6	0.6632	0	0	0	2026-09-26T13:56:38	
mafft_ginsi	TR743754	control_vntr_matched	2923	34	9	2923	97450	ok	1.45	0.36	1.82	281.4	2	900	2923	0.0194	46	15.7	0.6087	0	0	0	2026-09-26T13:56:31	
mafft_ginsi	TR831034	control_vntr_matched	6904	31	27	7077	212842	ok	64.68	0.76	65.44	2362.3	2	900	8190	0.1617	1598	231.5	0.6083	0	0	0	2026-09-26T14:07:30	
poa_abpoa	L000034	hotspot_vntr	3169	34	32	4469	117137	ok	0.39	0.69	1.09	185.6	1	900	4688	0.2651	1249	394.1	0.5637	0	0	0	2026-09-26T12:29:38	
poa_abpoa	L000289	hotspot_vntr	5787	34	34	7155	127890	ok	1.32	1.09	2.41	510.5	1	900	7182	0.4763	3888	671.9	0.7521	0	0	0	2026-09-26T12:30:27	
poa_abpoa	L000308	control_vntr_matched	4108	34	9	4108	105859	ok	0.1	0.48	0.58	0.0	1	900	4125	0.2452	88	21.4	0.5341	0	0	0	2026-09-26T12:29:54	
poa_abpoa	L000381	control_vntr_matched	6949	34	8	7080	240551	ok	0.11	0.56	0.67	0.0	1	900	7126	0.0072	204	29.4	0.6275	0	0	0	2026-09-26T12:30:52	
poa_abpoa	L000407	control_vntr_correct	2722	34	9	2814	93388	ok	0.05	0.54	0.59	0.0	1	900	2817	0.025	28	10.3	0.3929	0	0	0	2026-09-26T12:29:20	
poa_abpoa	L000506	control_nontr_sv	1129	34	5	1131	33462	ok	0.03	0.4	0.43	0.0	1	900	1131	0.1298	7	6.2	0.4286	0	0	0	2026-09-26T12:28:51	
poa_abpoa	L000698	control_vntr_correct	3490	34	9	4353	146098	ok	0.09	0.45	0.53	0.0	1	900	4397	0.0227	65	18.6	0.5231	0	0	0	2026-09-26T12:29:42	
poa_abpoa	L000709	control_vntr_matched	6261	34	3	6261	209409	ok	0.07	0.51	0.59	0.0	1	900	6261	0.0163	12	1.9	0.5	0	0	0	2026-09-26T12:30:34	
poa_abpoa	L001084	hotspot_vntr	8972	34	33	22561	344272	ok	10.41	1.2	11.62	7514.9	1	900	22592	0.5518	3350	373.4	0.7657	0	0	0	2026-09-26T12:31:13	
poa_abpoa	L001264	hotspot_vntr	6906	34	34	14213	214682	ok	5.2	1.59	6.79	1808.2	1	900	14574	0.5668	5722	828.6	0.7165	0	0	0	2026-09-26T12:30:51	
poa_abpoa	L001491	control_vntr_correct	1217	34	9	1668	49085	ok	0.04	0.44	0.48	0.0	1	900	1678	0.1396	283	232.5	0.5866	0	0	0	2026-09-26T12:28:52	
poa_abpoa	L001527	control_nontr_sv	1133	34	12	1134	35864	ok	0.03	0.36	0.39	0.0	1	900	1134	0.0698	41	36.2	0.6098	0	0	0	2026-09-26T12:28:51	
poa_abpoa	L001894	control_vntr_matched	6461	34	5	6471	219210	ok	0.12	0.61	0.73	0.0	1	900	6571	0.0188	316	48.9	0.5823	0	0	0	2026-09-26T12:30:37	
poa_abpoa	L001899	control_vntr_matched	1959	34	9	2031	63105	ok	0.05	0.43	0.48	0.0	1	900	2049	0.0942	129	65.8	0.5039	0	0	0	2026-09-26T12:28:58	
poa_abpoa	L001909	hotspot_vntr	15660	34	34	20243	442919	ok	9.55	1.42	10.98	7001.8	1	900	20692	0.3704	3589	229.2	0.5152	0	0	0	2026-09-26T12:31:47	
poa_abpoa	L001922	control_vntr_correct	3542	34	12	3578	101471	ok	0.08	0.44	0.53	0.0	1	900	3579	0.1661	72	20.3	0.5139	0	0	0	2026-09-26T12:29:43	
poa_abpoa	L002013	hotspot_vntr	4381	34	32	8509	147997	ok	1.65	1.04	2.68	581.4	1	900	8758	0.503	3131	714.7	0.6963	0	0	0	2026-09-26T12:30:05	
poa_abpoa	L002096	hotspot_vntr	2879	34	33	5942	158494	ok	0.66	0.69	1.36	343.0	1	900	6041	0.2283	915	317.8	0.6393	0	0	0	2026-09-26T12:29:24	
poa_abpoa	L002143	hotspot_vntr	7402	34	23	8362	249251	ok	0.45	0.71	1.16	623.4	1	900	8515	0.1391	834	112.7	0.6031	0	0	0	2026-09-26T12:30:55	
poa_abpoa	L002182	hotspot_vntr	2388	34	32	5439	84162	ok	0.66	0.69	1.35	274.5	1	900	5448	0.5456	1845	772.6	0.7388	0	0	0	2026-09-26T12:29:10	
poa_abpoa	L002292	control_nontr_sv	2183	34	6	2186	52131	ok	0.03	0.41	0.44	0.0	1	900	2186	0.2986	19	8.7	0.4737	0	0	0	2026-09-26T12:29:05	
poa_abpoa	L002884	control_vntr_matched	3786	34	12	4116	139327	ok	0.1	0.53	0.63	0.0	1	900	4116	0.0044	68	18.0	0.3824	0	0	0	2026-09-26T12:29:52	
poa_abpoa	L002940	hotspot_other	2259	34	26	3003	62820	ok	0.17	0.49	0.66	0.0	1	900	3081	0.4003	548	242.6	0.5693	0	0	0	2026-09-26T12:29:07	
poa_abpoa	L003119	control_vntr_correct	2909	34	6	2909	63656	ok	0.06	0.47	0.53	0.0	1	900	2911	0.3568	11	3.8	0.4545	0	0	0	2026-09-26T12:29:26	
poa_abpoa	L003171	control_nontr_sv	1064	34	2	1064	25220	ok	0.02	0.35	0.36	0.0	1	900	1064	0.3029	12	11.3	0.5	0	0	0	2026-09-26T12:28:50	
poa_abpoa	L003672	control_vntr_correct	2583	34	7	2583	86184	ok	0.09	0.48	0.58	0.0	1	900	2606	0.0273	333	128.9	0.5495	0	0	0	2026-09-26T12:29:15	
poa_abpoa	L003695	hotspot_other	2215	34	12	2806	69367	ok	0.11	0.47	0.58	0.0	1	900	2839	0.2814	186	84.0	0.3387	0	0	0	2026-09-26T12:29:05	
poa_abpoa	L003826	control_vntr_matched	3461	34	33	3649	116324	ok	0.16	0.69	0.85	0.0	1	900	3831	0.1069	903	260.9	0.5869	0	0	0	2026-09-26T12:29:41	
poa_abpoa	L003828	hotspot_other	5387	34	26	5387	70916	ok	0.38	0.51	0.89	201.4	1	900	5425	0.6155	510	94.7	0.5745	0	0	0	2026-09-26T12:30:15	
poa_abpoa	L003872	control_vntr_matched	2955	34	7	2959	97295	ok	0.05	0.51	0.56	0.0	1	900	3026	0.0543	224	75.8	0.4554	0	0	0	2026-09-26T12:29:31	
poa_abpoa	L003883	control_nontr_sv	828	34	3	3714	77214	ok	0.05	0.37	0.42	0.0	1	900	3714	0.3885	27	32.6	0.5926	0	0	0	2026-09-26T12:28:47	
poa_abpoa	L004021	control_vntr_matched	7737	34	20	7737	254586	ok	0.25	0.6	0.85	0.0	1	900	7742	0.0328	168	21.7	0.5952	0	0	0	2026-09-26T12:30:59	
poa_abpoa	L004145	hotspot_vntr	15607	32	31	15683	431752	ok	3.56	1.35	4.91	3792.1	1	900	16147	0.1644	3015	193.2	0.531	0	0	0	2026-09-26T12:31:36	
poa_abpoa	L004620	control_nontr_sv	972	34	5	972	27746	ok	0.01	0.36	0.38	0.0	1	900	972	0.1604	11	11.3	0.4545	0	0	0	2026-09-26T12:28:49	
poa_abpoa	L004848	hotspot_other	2107	34	30	2531	55876	ok	0.21	0.61	0.82	0.0	1	900	2541	0.3532	1097	520.6	0.7393	0	0	0	2026-09-26T12:29:01	
poa_abpoa	L004989	hotspot_other	1798	34	29	1904	43840	ok	0.15	0.54	0.69	0.0	1	900	1980	0.3488	504	280.3	0.6448	0	0	0	2026-09-26T12:28:56	
poa_abpoa	L005064	hotspot_other	3272	34	29	4126	106757	ok	0.26	0.71	0.96	152.0	1	900	4294	0.2688	870	265.9	0.4839	0	0	0	2026-09-26T12:29:40	
poa_abpoa	L005261	hotspot_other	859	34	26	2211	43402	ok	0.15	0.44	0.59	0.0	1	900	2261	0.4354	433	504.1	0.5335	0	0	0	2026-09-26T12:28:48	
poa_abpoa	L005411	hotspot_vntr	6353	34	33	6353	178024	ok	0.52	0.7	1.22	342.8	1	900	6505	0.1951	898	141.4	0.6314	0	0	0	2026-09-26T12:30:36	
poa_abpoa	L005481	hotspot_vntr	3018	34	23	3379	90969	ok	0.15	0.49	0.65	0.0	1	900	3448	0.224	365	120.9	0.5452	0	0	0	2026-09-26T12:29:35	
poa_abpoa	L005618	hotspot_other	3582	34	32	3678	96398	ok	0.38	0.78	1.17	263.8	1	900	3754	0.2447	1828	510.3	0.68	0	0	0	2026-09-26T12:29:46	
poa_abpoa	L005688	control_nontr_sv	712	34	5	965	31039	ok	0.03	0.42	0.45	0.0	1	900	967	0.0559	127	178.4	0.6299	0	0	0	2026-09-26T12:28:44	
poa_abpoa	L005990	hotspot_vntr	6577	32	32	11714	261809	ok	2.02	0.75	2.77	1296.8	1	900	11966	0.3163	892	135.6	0.4025	0	0	0	2026-09-26T12:30:40	
poa_abpoa	L006556	control_nontr_sv	926	34	4	926	26299	ok	0.03	0.35	0.38	0.0	1	900	926	0.1647	15	16.2	0.5333	0	0	0	2026-09-26T12:28:48	
poa_abpoa	L006952	hotspot_vntr	2403	34	28	3099	55698	ok	0.25	0.51	0.76	94.7	1	900	3150	0.4799	1173	488.1	0.6053	0	0	0	2026-09-26T12:29:12	
poa_abpoa	L007009	hotspot_vntr	15479	34	27	19252	245888	ok	7.31	1.22	8.53	5973.6	1	900	19366	0.6266	4639	299.7	0.6629	0	0	0	2026-09-26T12:31:31	
poa_abpoa	L007033	control_vntr_correct	2536	34	3	2698	23090	ok	0.03	0.38	0.41	0.0	1	900	2698	0.7483	32	12.6	0.5312	0	0	0	2026-09-26T12:29:13	
poa_abpoa	L007040	hotspot_vntr	19420	34	27	19420	136259	ok	5.03	0.83	5.86	2341.7	1	900	19467	0.7941	1117	57.5	0.6473	0	0	0	2026-09-26T12:31:55	
poa_abpoa	L007065	control_vntr_matched	4254	34	9	4321	143383	ok	0.09	0.48	0.58	0.0	1	900	4321	0.024	39	9.2	0.5128	0	0	0	2026-09-26T12:29:56	
poa_abpoa	L007081	hotspot_vntr	1493	34	33	4398	78725	ok	0.58	0.55	1.13	186.3	1	900	4483	0.4835	1051	704.0	0.6993	0	0	0	2026-09-26T12:28:55	
poa_abpoa	L007161	hotspot_other	3479	34	25	3596	108828	ok	0.21	0.63	0.83	0.0	1	900	3667	0.1271	829	238.3	0.5537	0	0	0	2026-09-26T12:29:42	
poa_abpoa	L007172	control_vntr_matched	3009	34	11	3551	101125	ok	0.1	0.54	0.63	0.0	1	900	3680	0.1918	716	238.0	0.5601	0	0	0	2026-09-26T12:29:34	
poa_abpoa	L007184	hotspot_other	1295	34	21	1295	32355	ok	0.06	0.47	0.52	0.0	1	900	1314	0.2758	100	77.2	0.5	0	0	0	2026-09-26T12:28:52	
poa_abpoa	L007192	control_nontr_sv	685	34	11	928	25211	ok	0.02	0.43	0.45	0.0	1	900	928	0.201	19	27.7	0.5789	0	0	0	2026-09-26T12:28:44	
poa_abpoa	L007376	control_vntr_matched	19353	34	9	19353	613016	ok	0.89	0.75	1.63	1706.3	1	900	19353	0.0684	73	3.8	0.6027	0	0	0	2026-09-26T12:31:49	
poa_abpoa	L007480	hotspot_other	1687	34	21	3379	68861	ok	0.22	0.53	0.76	0.0	1	900	3384	0.4015	461	273.3	0.6985	0	0	0	2026-09-26T12:28:55	
poa_abpoa	L007687	control_vntr_matched	2645	34	10	2815	91223	ok	0.05	0.47	0.51	0.0	1	900	2824	0.0499	320	121.0	0.6125	0	0	0	2026-09-26T12:29:17	
poa_abpoa	L007717	control_vntr_matched	4426	34	21	4448	144924	ok	0.18	0.57	0.76	0.0	1	900	4475	0.0475	250	56.5	0.448	0	0	0	2026-09-26T12:30:06	
poa_abpoa	L007798	hotspot_other	4360	34	32	11775	128721	ok	2.81	0.83	3.64	1268.8	1	900	11874	0.6812	2570	589.4	0.5969	0	0	0	2026-09-26T12:30:03	
poa_abpoa	L007844	hotspot_other	1988	34	34	4211	92642	ok	0.68	0.97	1.65	171.4	1	900	4358	0.3748	2485	1250.0	0.7392	0	0	0	2026-09-26T12:29:00	
poa_abpoa	L008216	hotspot_vntr	2993	34	21	3131	93410	ok	0.16	0.56	0.72	0.0	1	900	3184	0.1371	479	160.0	0.6367	0	0	0	2026-09-26T12:29:33	
poa_abpoa	L008631	control_nontr_sv	703	34	8	1038	25895	ok	0.05	0.35	0.4	0.0	1	900	1038	0.2663	14	19.9	0.4286	0	0	0	2026-09-26T12:28:44	
poa_abpoa	L008864	hotspot_vntr	2131	34	28	10880	101907	ok	2.24	0.82	3.06	645.0	1	900	11186	0.7321	2227	1045.0	0.63	0	0	0	2026-09-26T12:29:04	
poa_abpoa	L008877	hotspot_other	2687	34	30	6896	142343	ok	1.29	0.95	2.24	376.3	1	900	7131	0.4129	2161	804.2	0.5882	0	0	0	2026-09-26T12:29:20	
poa_abpoa	L008887	control_vntr_correct	2592	34	7	2950	99887	ok	0.05	0.42	0.47	0.0	1	900	2950	0.0041	34	13.1	0.4118	0	0	0	2026-09-26T12:29:15	
poa_abpoa	L008902	control_vntr_correct	2816	34	7	2931	98661	ok	0.05	0.48	0.54	0.0	1	900	3002	0.0334	286	101.6	0.5105	0	0	0	2026-09-26T12:29:23	
poa_abpoa	L008976	hotspot_vntr	5631	28	28	19792	191414	ok	9.22	1.15	10.37	4432.9	1	900	19810	0.6549	4259	756.3	0.7485	0	0	0	2026-09-26T12:30:25	
poa_abpoa	L009000	hotspot_vntr	14411	34	34	14411	167783	ok	3.88	1.55	5.43	1395.3	1	900	14538	0.6606	4732	328.4	0.6593	0	0	0	2026-09-26T12:31:22	
poa_abpoa	L009283	control_nontr_sv	784	34	4	784	24528	ok	0.02	0.45	0.47	0.0	1	900	784	0.0798	15	19.1	0.5333	0	0	0	2026-09-26T12:28:47	
poa_abpoa	L009398	hotspot_vntr	1951	33	25	1982	48384	ok	0.09	0.42	0.51	0.0	1	900	1984	0.261	184	94.3	0.3804	0	0	0	2026-09-26T12:28:57	
poa_abpoa	L009448	hotspot_vntr	7487	24	24	10747	152247	ok	2.19	1.24	3.43	1086.4	1	900	10877	0.4168	6075	811.4	0.6362	0	0	0	2026-09-26T12:30:58	
poa_abpoa	L009600	control_nontr_sv	1012	34	2	1117	37873	ok	0.02	0.36	0.38	0.0	1	900	1117	0.0028	3	3.0	0.0	0	0	0	2026-09-26T12:28:50	
poa_abpoa	L009656	hotspot_vntr	5039	34	26	6503	154450	ok	0.86	0.69	1.55	407.4	1	900	6734	0.3254	1283	254.6	0.5713	0	0	0	2026-09-26T12:30:12	
poa_abpoa	L009658	hotspot_vntr	10831	32	31	10831	216129	ok	2.32	0.89	3.21	859.9	1	900	11131	0.3932	2238	206.6	0.5567	0	0	0	2026-09-26T12:31:16	
poa_abpoa	L009770	control_vntr_matched	4682	34	7	4682	123343	ok	0.11	0.46	0.56	0.0	1	900	4682	0.2252	64	13.7	0.5938	0	0	0	2026-09-26T12:30:07	
poa_abpoa	L009771	control_vntr_correct	1172	34	2	1284	43544	ok	0.01	0.36	0.37	0.0	1	900	1284	0.0026	12	10.2	0.5	0	0	0	2026-09-26T12:28:51	
poa_abpoa	L009803	hotspot_vntr	5127	34	30	5226	95217	ok	0.61	0.92	1.53	261.1	1	900	5280	0.4696	2227	434.4	0.7256	0	0	0	2026-09-26T12:30:14	
poa_abpoa	L009885	control_vntr_correct	4169	34	17	4169	132912	ok	0.15	0.49	0.64	0.0	1	900	4207	0.0708	132	31.7	0.4394	0	0	0	2026-09-26T12:29:54	
poa_abpoa	L010060	hotspot_other	2397	34	24	3029	84347	ok	0.15	0.66	0.81	0.0	1	900	3224	0.2305	1138	474.8	0.6696	0	0	0	2026-09-26T12:29:11	
poa_abpoa	L010113	control_vntr_correct	3002	34	8	3021	101048	ok	0.05	0.48	0.53	0.0	1	900	3021	0.0162	41	13.7	0.5854	0	0	0	2026-09-26T12:29:33	
poa_abpoa	L010328	hotspot_vntr	2940	33	29	10483	158808	ok	2.3	1.13	3.43	992.7	1	900	10808	0.5547	3647	1240.5	0.5901	0	0	0	2026-09-26T12:29:31	
poa_abpoa	L010350	control_vntr_matched	7377	34	11	7594	255357	ok	0.15	0.48	0.63	0.0	1	900	7594	0.011	44	6.0	0.6136	0	0	0	2026-09-26T12:30:53	
poa_abpoa	L010452	control_nontr_sv	803	34	2	862	29190	ok	0.01	0.35	0.36	0.0	1	900	862	0.004	9	11.2	0.4444	0	0	0	2026-09-26T12:28:47	
poa_abpoa	L010508	control_vntr_correct	3528	34	11	3598	121072	ok	0.05	0.41	0.46	0.0	1	900	3598	0.0103	52	14.7	0.5769	0	0	0	2026-09-26T12:29:43	
poa_abpoa	L011121	control_vntr_correct	2551	34	10	2894	96743	ok	0.06	0.43	0.49	0.0	1	900	2897	0.0178	123	48.2	0.5447	0	0	0	2026-09-26T12:29:14	
poa_abpoa	L011138	hotspot_vntr	12558	33	28	27744	362657	memout	0.0		0.0	0.0	1	900						0	0		2026-09-26T12:31:17	not run: predicted 17668 MB > cap 12000 MB (max_len 27744)
poa_abpoa	L011224	control_vntr_correct	2577	34	13	3095	96089	ok	0.1	0.49	0.58	0.0	1	900	3149	0.1025	317	123.0	0.53	0	0	0	2026-09-26T12:29:14	
poa_abpoa	L011227	control_vntr_matched	3613	34	11	4093	120991	ok	0.11	0.5	0.61	0.0	1	900	4173	0.1472	251	69.5	0.4861	0	0	0	2026-09-26T12:29:50	
poa_abpoa	L011430	control_vntr_matched	3231	34	13	3278	107140	ok	0.05	0.48	0.54	0.0	1	900	3385	0.0691	294	91.0	0.3503	0	0	0	2026-09-26T12:29:39	
poa_abpoa	L011463	hotspot_vntr	5878	34	27	5878	164680	ok	0.46	0.74	1.19	320.6	1	900	6232	0.2228	1361	231.5	0.5856	0	0	0	2026-09-26T12:30:29	
poa_abpoa	L011931	control_nontr_sv	965	34	8	1824	47106	ok	0.03	0.36	0.39	0.0	1	900	1824	0.2404	24	24.9	0.5	0	0	0	2026-09-26T12:28:49	
poa_abpoa	L012184	hotspot_vntr	4759	32	31	9707	261997	ok	1.19	1.07	2.26	940.1	1	900	13051	0.3727	2660	558.9	0.6823	1	3146	1	2026-09-26T12:30:10	
poa_abpoa	L012256	hotspot_other	3964	34	30	4547	119186	ok	0.39	0.56	0.94	203.1	1	900	4638	0.2442	394	99.4	0.401	0	0	0	2026-09-26T12:29:53	
poa_abpoa	L012272	hotspot_vntr	55376	34	31	55376	1778629	memout	0.02		0.02	0.0	1	900						0	0		2026-09-26T12:31:55	not run: predicted 70237 MB > cap 12000 MB (max_len 55376)
poa_abpoa	L012294	hotspot_vntr	3586	34	33	12643	129774	ok	2.75	0.81	3.56	1078.8	1	900	12912	0.7044	1749	487.7	0.5346	0	0	0	2026-09-26T12:29:50	
poa_abpoa	L012313	control_vntr_matched	3199	34	14	3266	108077	ok	0.06	0.46	0.52	0.0	1	900	3266	0.0267	69	21.6	0.6087	0	0	0	2026-09-26T12:29:38	
poa_abpoa	L012489	hotspot_other	2812	34	30	3010	94402	ok	0.14	0.67	0.81	0.0	1	900	3196	0.1312	993	353.1	0.6616	0	0	0	2026-09-26T12:29:23	
poa_abpoa	L012530	control_nontr_sv	778	34	7	779	24625	ok	0.03	0.38	0.41	0.0	1	900	781	0.0726	22	28.3	0.5	0	0	0	2026-09-26T12:28:46	
poa_abpoa	L013000	control_vntr_correct	4280	34	22	4280	116563	ok	0.22	0.5	0.72	0.0	1	900	4390	0.2191	330	77.1	0.5424	0	0	0	2026-09-26T12:29:56	
poa_abpoa	L013064	hotspot_other	1987	34	32	2440	77710	ok	0.1	0.51	0.61	0.0	1	900	2574	0.112	424	213.4	0.4127	0	0	0	2026-09-26T12:28:58	
poa_abpoa	L013074	control_vntr_correct	6844	34	3	6844	69973	ok	0.1	0.42	0.52	0.0	1	900	6844	0.6993	27	3.9	0.5926	0	0	0	2026-09-26T12:30:41	
poa_abpoa	L013244	hotspot_vntr	5890	34	17	19476	185690	ok	3.94	0.72	4.66	2675.9	1	900	19481	0.7197	366	62.1	0.4399	0	0	0	2026-09-26T12:30:33	
poa_abpoa	L013399	control_nontr_sv	658	34	3	1438	42652	ok	0.04	0.41	0.45	0.0	1	900	1438	0.1276	6	9.1	0.3333	0	0	0	2026-09-26T12:28:43	
poa_abpoa	L013531	hotspot_other	2616	34	21	2989	58617	ok	0.17	0.45	0.61	0.0	1	900	3064	0.4373	542	207.2	0.5369	0	0	0	2026-09-26T12:29:16	
poa_abpoa	L014111	control_vntr_matched	4216	34	4	4216	142217	ok	0.05	0.56	0.62	0.0	1	900	4278	0.0222	400	94.9	0.5475	0	0	0	2026-09-26T12:29:55	
poa_abpoa	L014160	hotspot_vntr	7998	34	34	8526	242543	ok	1.16	0.82	1.98	703.2	1	900	8968	0.2045	1368	171.0	0.5468	0	0	0	2026-09-26T12:31:01	
poa_abpoa	L014181	control_vntr_matched	3784	34	5	3983	133711	ok	0.05	0.48	0.53	0.0	1	900	3993	0.0151	227	60.0	0.4802	0	0	0	2026-09-26T12:29:51	
poa_abpoa	L014210	hotspot_vntr	6321	34	13	7328	198016	ok	0.4	0.77	1.17	518.8	1	900	7397	0.2127	1130	178.8	0.6044	0	0	0	2026-09-26T12:30:35	
poa_abpoa	L014297	hotspot_vntr	3012	34	15	3012	67986	ok	0.14	0.47	0.61	0.0	1	900	3012	0.3361	356	118.2	0.4775	0	0	0	2026-09-26T12:29:34	
poa_abpoa	L014324	control_vntr_correct	2514	34	6	2967	99517	ok	0.05	0.49	0.54	0.0	1	900	2976	0.0165	213	84.7	0.6338	0	0	0	2026-09-26T12:29:13	
poa_abpoa	L014358	hotspot_vntr	1419	34	31	2607	58144	ok	0.16	0.47	0.63	0.0	1	900	2666	0.3585	416	293.2	0.5553	0	0	0	2026-09-26T12:28:54	
poa_abpoa	L014426	control_vntr_correct	1886	34	9	1886	55682	ok	0.05	0.43	0.48	0.0	1	900	1890	0.1335	41	21.7	0.3902	0	0	0	2026-09-26T12:28:57	
poa_abpoa	L014899	control_nontr_sv	1000	34	2	1000	33100	ok	0.03	0.37	0.4	0.0	1	900	1000	0.0265	6	6.0	0.3333	0	0	0	2026-09-26T12:28:49	
poa_abpoa	L015126	hotspot_other	3094	34	30	3685	97249	ok	0.25	0.65	0.9	130.5	1	900	3721	0.2313	1379	445.7	0.6824	0	0	0	2026-09-26T12:29:36	
poa_abpoa	L015223	control_vntr_matched	2752	34	4	4070	134453	ok	0.05	0.49	0.54	0.0	1	900	4141	0.045	128	46.5	0.375	0	0	0	2026-09-26T12:29:22	
poa_abpoa	L015285	control_vntr_correct	2681	34	4	2681	87754	ok	0.05	0.38	0.43	0.0	1	900	2681	0.0373	24	9.0	0.5833	0	0	0	2026-09-26T12:29:17	
poa_abpoa	L015331	hotspot_vntr	4307	34	30	5528	136040	ok	0.56	0.8	1.36	288.1	1	900	5560	0.2804	1594	370.1	0.6738	0	0	0	2026-09-26T12:29:58	
poa_abpoa	L015347	hotspot_vntr	19125	29	29	33556	426307	memout	0.01		0.01	0.0	1	900						0	0		2026-09-26T12:31:47	not run: predicted 25822 MB > cap 12000 MB (max_len 33556)
poa_abpoa	L015415	hotspot_vntr	2913	34	14	5138	100334	ok	0.23	0.55	0.78	0.0	1	900	5138	0.4257	367	126.0	0.5422	0	0	0	2026-09-26T12:29:26	
poa_abpoa	L015708	hotspot_other	2896	34	24	2966	98158	ok	0.09	0.45	0.55	0.0	1	900	3017	0.0431	161	55.6	0.5342	0	0	0	2026-09-26T12:29:25	
poa_abpoa	L015743	control_vntr_correct	4792	34	7	4792	81350	ok	0.09	0.4	0.49	0.0	1	900	4795	0.501	31	6.5	0.5484	0	0	0	2026-09-26T12:30:10	
poa_abpoa	L015847	hotspot_other	4289	34	29	4289	90309	ok	0.25	0.59	0.84	0.0	1	900	4413	0.3981	868	202.4	0.5472	0	0	0	2026-09-26T12:29:57	
poa_abpoa	L015904	hotspot_other	2319	34	33	5718	106323	ok	0.83	0.89	1.72	258.4	1	900	6005	0.4792	1808	779.6	0.6438	0	0	0	2026-09-26T12:29:09	
poa_abpoa	L016040	control_nontr_sv	718	34	4	779	25449	ok	0.03	0.37	0.4	0.0	1	900	779	0.0392	21	29.2	0.5714	0	0	0	2026-09-26T12:28:45	
poa_abpoa	L016062	control_vntr_correct	2630	34	4	2747	88593	ok	0.05	0.4	0.45	0.0	1	900	2748	0.0518	37	14.1	0.5135	0	0	0	2026-09-26T12:29:16	
poa_abpoa	L016124	control_vntr_matched	3725	34	6	3725	123010	ok	0.07	0.48	0.56	0.0	1	900	3725	0.0287	258	69.3	0.5698	0	0	0	2026-09-26T12:29:51	
poa_abpoa	L016274	control_nontr_sv	742	34	3	1270	32615	ok	0.03	0.35	0.37	0.0	1	900	1270	0.2447	5	6.7	0.2	0	0	0	2026-09-26T12:28:45	
poa_abpoa	L016523	control_vntr_correct	2747	34	12	2845	94851	ok	0.05	0.46	0.51	0.0	1	900	2857	0.0235	47	17.1	0.5319	0	0	0	2026-09-26T12:29:21	
poa_abpoa	L016830	control_vntr_correct	4801	34	7	4801	126074	ok	0.13	0.44	0.58	0.0	1	900	4813	0.2296	100	20.8	0.42	0	0	0	2026-09-26T12:30:11	
poa_abpoa	L016870	hotspot_other	6619	34	20	8677	69824	ok	0.51	0.62	1.12	554.6	1	900	8935	0.7702	1703	257.3	0.4944	0	0	0	2026-09-26T12:30:41	
poa_abpoa	L016884	control_vntr_correct	2096	34	28	2286	64168	ok	0.1	0.54	0.64	0.0	1	900	2357	0.1993	469	223.8	0.5565	0	0	0	2026-09-26T12:29:01	
poa_abpoa	L017097	control_nontr_sv	762	34	10	1619	43905	ok	0.04	0.38	0.41	0.0	1	900	1619	0.2024	51	66.9	0.6275	0	0	0	2026-09-26T12:28:46	
poa_abpoa	L017325	control_vntr_matched	6845	34	24	6845	123621	ok	0.88	0.57	1.45	374.0	1	900	6956	0.4773	639	93.4	0.4304	0	0	0	2026-09-26T12:30:43	
poa_abpoa	TR101140	control_vntr_matched	7400	33	12	9179	252351	ok	0.26	0.9	1.15	800.2	1	900	9194	0.1683	1423	192.3	0.6353	0	0	0	2026-09-26T12:30:54	
poa_abpoa	TR368009	control_vntr_matched	10964	34	6	10964	369242	ok	0.31	0.67	0.98	1010.4	1	900	10968	0.0098	453	41.3	0.6115	0	0	0	2026-09-26T12:31:17	
poa_abpoa	TR423938	control_vntr_matched	2256	34	3	2256	76374	ok	0.02	0.41	0.43	0.0	1	900	2256	0.0043	9	4.0	0.4444	0	0	0	2026-09-26T12:29:06	
poa_abpoa	TR424743	control_vntr_matched	3571	34	19	9269	190870	ok	1.04	0.57	1.62	734.0	1	900	9358	0.4001	123	34.4	0.5854	0	0	0	2026-09-26T12:29:45	
poa_abpoa	TR446002	control_vntr_matched	2314	34	5	2314	78064	ok	0.03	0.44	0.47	0.0	1	900	2314	0.0078	25	10.8	0.4	0	0	0	2026-09-26T12:29:07	
poa_abpoa	TR455654	control_vntr_matched	2403	34	7	2441	81235	ok	0.05	0.41	0.47	0.0	1	900	2447	0.0236	34	14.1	0.4412	0	0	0	2026-09-26T12:29:12	
poa_abpoa	TR460913	control_vntr_matched	1313	34	7	1313	44616	ok	0.02	0.47	0.49	0.0	1	900	1313	0.0006	36	27.4	0.6111	0	0	0	2026-09-26T12:28:53	
poa_abpoa	TR499275	control_vntr_matched	4345	34	4	4345	147058	ok	0.06	0.48	0.54	0.0	1	900	4345	0.0045	30	6.9	0.5333	0	0	0	2026-09-26T12:29:59	
poa_abpoa	TR499276	control_vntr_matched	4483	34	5	4483	152422	ok	0.06	0.49	0.54	0.0	1	900	4483	0.0	40	8.9	0.675	0	0	0	2026-09-26T12:30:07	
poa_abpoa	TR573259	control_vntr_matched	2919	34	4	3925	100134	ok	0.05	0.49	0.55	0.0	1	900	3943	0.2531	146	50.0	0.5	0	0	0	2026-09-26T12:29:27	
poa_abpoa	TR668316	control_vntr_matched	3063	30	13	3819	93102	ok	0.1	0.4	0.5	0.0	1	900	3832	0.1901	64	20.9	0.5312	0	0	0	2026-09-26T12:29:36	
poa_abpoa	TR687433	control_vntr_matched	3352	34	4	3352	112993	ok	0.06	0.49	0.55	0.0	1	900	3352	0.0086	8	2.4	0.25	0	0	0	2026-09-26T12:29:40	
poa_abpoa	TR687489	control_vntr_matched	2731	34	2	2734	92857	ok	0.04	0.41	0.44	0.0	1	900	2734	0.0011	12	4.4	0.5	0	0	0	2026-09-26T12:29:21	
poa_abpoa	TR724750	control_vntr_matched	2978	34	4	3143	101417	ok	0.03	0.49	0.51	0.0	1	900	3150	0.0531	323	108.5	0.6285	0	0	0	2026-09-26T12:29:32	
poa_abpoa	TR743754	control_vntr_matched	2923	34	9	2923	97450	ok	0.06	0.46	0.52	0.0	1	900	2923	0.0194	44	15.1	0.5909	0	0	0	2026-09-26T12:29:27	
poa_abpoa	TR831034	control_vntr_matched	6904	31	27	7077	212842	ok	0.38	1.18	1.55	1059.0	1	900	7742	0.1132	2785	403.4	0.6384	0	0	0	2026-09-26T12:30:44	
poa_spoa	L000034	hotspot_vntr	3169	34	32	4469	117137	ok	3.4	0.77	4.18	1533.1	1	900	4585	0.2486	1608	507.4	0.6362	0	0	0	2026-09-26T12:36:42	
poa_spoa	L000289	hotspot_vntr	5787	34	34	7155	127890	ok	6.96	0.93	7.89	3917.0	1	900	7155	0.4743	3922	677.7	0.7511	0	0	0	2026-09-26T12:38:48	
poa_spoa	L000308	control_vntr_matched	4108	34	9	4108	105859	ok	0.94	0.52	1.46	1295.3	1	900	4149	0.2496	666	162.1	0.5105	0	0	0	2026-09-26T12:37:22	
poa_spoa	L000381	control_vntr_matched	6949	34	8	7080	240551	ok	2.73	0.52	3.25	3833.8	1	900	7126	0.0072	239	34.4	0.6276	0	0	0	2026-09-26T12:39:56	
poa_spoa	L000407	control_vntr_correct	2722	34	9	2814	93388	ok	0.48	0.38	0.86	611.5	1	900	2817	0.025	28	10.3	0.3929	0	0	0	2026-09-26T12:35:54	
poa_spoa	L000506	control_nontr_sv	1129	34	5	1131	33462	ok	0.1	0.34	0.44	0.0	1	900	1131	0.1298	7	6.2	0.4286	0	0	0	2026-09-26T12:34:53	
poa_spoa	L000698	control_vntr_correct	3490	34	9	4353	146098	ok	1.26	0.52	1.78	1284.2	1	900	4397	0.0227	64	18.3	0.5312	0	0	0	2026-09-26T12:36:58	
poa_spoa	L000709	control_vntr_matched	6261	34	3	6261	209409	ok	1.02	0.44	1.45	1394.9	1	900	6261	0.0163	12	1.9	0.5	0	0	0	2026-09-26T12:38:55	
poa_spoa	L001084	hotspot_vntr	8972	34	33	22561	344272	memout	0.0		0.0	0.0	1	900						0	0		2026-09-26T12:40:56	not run: predicted 38884 MB > cap 12000 MB (max_len 22561)
poa_spoa	L001264	hotspot_vntr	6906	34	34	14213	214682	memout	0.0		0.0	0.0	1	900						0	0		2026-09-26T12:39:53	not run: predicted 15462 MB > cap 12000 MB (max_len 14213)
poa_spoa	L001491	control_vntr_correct	1217	34	9	1668	49085	ok	0.2	0.37	0.57	0.0	1	900	1706	0.1538	98	80.5	0.6224	0	0	0	2026-09-26T12:34:55	
poa_spoa	L001527	control_nontr_sv	1133	34	12	1134	35864	ok	0.14	0.34	0.49	0.0	1	900	1134	0.0698	41	36.2	0.6098	0	0	0	2026-09-26T12:34:54	
poa_spoa	L001894	control_vntr_matched	6461	34	5	6471	219210	ok	1.84	0.61	2.45	3203.5	1	900	6571	0.0188	316	48.9	0.5823	0	0	0	2026-09-26T12:39:10	
poa_spoa	L001899	control_vntr_matched	1959	34	9	2031	63105	ok	0.24	0.38	0.62	321.9	1	900	2049	0.0942	132	67.4	0.4621	0	0	0	2026-09-26T12:35:04	
poa_spoa	L001909	hotspot_vntr	15660	34	34	20243	442919	memout	0.01		0.01	0.0	1	900						0	0		2026-09-26T12:41:20	not run: predicted 31314 MB > cap 12000 MB (max_len 20243)
poa_spoa	L001922	control_vntr_correct	3542	34	12	3578	101471	ok	0.95	0.49	1.44	984.2	1	900	3579	0.1661	110	31.1	0.5091	0	0	0	2026-09-26T12:37:01	
poa_spoa	L002013	hotspot_vntr	4381	34	32	8509	147997	ok	8.42	1.11	9.54	5535.5	1	900	8577	0.4925	3406	777.4	0.697	0	0	0	2026-09-26T12:38:01	
poa_spoa	L002096	hotspot_vntr	2879	34	33	5942	158494	ok	5.82	0.7	6.52	2704.0	1	900	6019	0.2255	993	344.9	0.578	0	0	0	2026-09-26T12:36:06	
poa_spoa	L002143	hotspot_vntr	7402	34	23	8362	249251	ok	9.23	0.82	10.05	5346.7	1	900	8443	0.1317	1186	160.2	0.5885	0	0	0	2026-09-26T12:40:17	
poa_spoa	L002182	hotspot_vntr	2388	34	32	5439	84162	ok	3.19	0.65	3.84	2266.5	1	900	5439	0.5449	1825	764.2	0.6932	0	0	0	2026-09-26T12:35:33	
poa_spoa	L002292	control_nontr_sv	2183	34	6	2186	52131	ok	0.21	0.36	0.57	0.0	1	900	2186	0.2986	19	8.7	0.4737	0	0	0	2026-09-26T12:35:21	
poa_spoa	L002884	control_vntr_matched	3786	34	12	4116	139327	ok	1.34	0.42	1.76	1301.3	1	900	4116	0.0044	71	18.8	0.338	0	0	0	2026-09-26T12:37:17	
poa_spoa	L002940	hotspot_other	2259	34	26	3003	62820	ok	1.07	0.49	1.56	695.5	1	900	3039	0.392	617	273.1	0.5883	0	0	0	2026-09-26T12:35:24	
poa_spoa	L003119	control_vntr_correct	2909	34	6	2909	63656	ok	0.3	0.37	0.66	653.0	1	900	2911	0.3568	11	3.8	0.4545	0	0	0	2026-09-26T12:36:09	
poa_spoa	L003171	control_nontr_sv	1064	34	2	1064	25220	ok	0.05	0.33	0.37	0.0	1	900	1064	0.3029	12	11.3	0.5	0	0	0	2026-09-26T12:34:53	
poa_spoa	L003672	control_vntr_correct	2583	34	7	2583	86184	ok	0.37	0.45	0.82	516.2	1	900	2602	0.0258	335	129.7	0.5522	0	0	0	2026-09-26T12:35:42	
poa_spoa	L003695	hotspot_other	2215	34	12	2806	69367	ok	0.49	0.4	0.89	608.1	1	900	2824	0.2775	221	99.8	0.3846	0	0	0	2026-09-26T12:35:22	
poa_spoa	L003826	control_vntr_matched	3461	34	33	3649	116324	ok	3.09	0.7	3.78	1024.8	1	900	3781	0.0951	1026	296.4	0.5906	0	0	0	2026-09-26T12:36:54	
poa_spoa	L003828	hotspot_other	5387	34	26	5387	70916	ok	2.12	0.45	2.57	2222.9	1	900	5393	0.6132	528	98.0	0.4848	0	0	0	2026-09-26T12:38:40	
poa_spoa	L003872	control_vntr_matched	2955	34	7	2959	97295	ok	0.45	0.44	0.88	675.4	1	900	3009	0.049	271	91.7	0.4723	0	0	0	2026-09-26T12:36:26	
poa_spoa	L003883	control_nontr_sv	828	34	3	3714	77214	ok	0.31	0.37	0.68	1059.8	1	900	3714	0.3885	27	32.6	0.5926	0	0	0	2026-09-26T12:34:49	
poa_spoa	L004021	control_vntr_matched	7737	34	20	7737	254586	ok	7.92	0.55	8.47	4578.5	1	900	7742	0.0328	168	21.7	0.5952	0	0	0	2026-09-26T12:40:41	
poa_spoa	L004145	hotspot_vntr	15607	32	31	15683	431752	memout	0.01		0.01	0.0	1	900						0	0		2026-09-26T12:41:20	not run: predicted 18815 MB > cap 12000 MB (max_len 15683)
poa_spoa	L004620	control_nontr_sv	972	34	5	972	27746	ok	0.04	0.34	0.38	0.0	1	900	972	0.1604	10	10.3	0.5	0	0	0	2026-09-26T12:34:52	
poa_spoa	L004848	hotspot_other	2107	34	30	2531	55876	ok	0.9	0.56	1.45	496.2	1	900	2531	0.3507	1134	538.2	0.7116	0	0	0	2026-09-26T12:35:13	
poa_spoa	L004989	hotspot_other	1798	34	29	1904	43840	ok	0.52	0.45	0.97	283.8	1	900	1935	0.3336	618	343.7	0.7136	0	0	0	2026-09-26T12:35:02	
poa_spoa	L005064	hotspot_other	3272	34	29	4126	106757	ok	2.79	0.66	3.46	1307.9	1	900	4160	0.2452	946	289.1	0.4662	0	0	0	2026-09-26T12:36:49	
poa_spoa	L005261	hotspot_other	859	34	26	2211	43402	ok	0.6	0.41	1.0	380.2	1	900	2221	0.4252	518	603.0	0.4884	0	0	0	2026-09-26T12:34:50	
poa_spoa	L005411	hotspot_vntr	6353	34	33	6353	178024	ok	7.28	0.72	8.0	3089.9	1	900	6425	0.1851	1100	173.1	0.6218	0	0	0	2026-09-26T12:39:08	
poa_spoa	L005481	hotspot_vntr	3018	34	23	3379	90969	ok	1.47	0.48	1.95	879.5	1	900	3409	0.2151	459	152.1	0.5621	0	0	0	2026-09-26T12:36:34	
poa_spoa	L005618	hotspot_other	3582	34	32	3678	96398	ok	2.31	0.8	3.11	1041.0	1	900	3795	0.2529	1790	499.7	0.6721	0	0	0	2026-09-26T12:37:12	
poa_spoa	L005688	control_nontr_sv	712	34	5	965	31039	ok	0.04	0.37	0.41	0.0	1	900	967	0.0559	124	174.2	0.6129	0	0	0	2026-09-26T12:34:46	
poa_spoa	L005990	hotspot_vntr	6577	32	32	11714	261809	ok	21.58	0.78	22.36	4236.8	1	900	11848	0.3095	1095	166.5	0.432	0	0	0	2026-09-26T12:39:33	
poa_spoa	L006556	control_nontr_sv	926	34	4	926	26299	ok	0.05	0.36	0.41	0.0	1	900	926	0.1647	15	16.2	0.5333	0	0	0	2026-09-26T12:34:51	
poa_spoa	L006952	hotspot_vntr	2403	34	28	3099	55698	ok	1.11	0.51	1.62	740.2	1	900	3105	0.4724	1273	529.8	0.5947	0	0	0	2026-09-26T12:35:37	
poa_spoa	L007009	hotspot_vntr	15479	34	27	19252	245888	memout	0.0		0.0	0.0	1	900						0	0		2026-09-26T12:41:20	not run: predicted 28328 MB > cap 12000 MB (max_len 19252)
poa_spoa	L007033	control_vntr_correct	2536	34	3	2698	23090	ok	0.15	0.35	0.51	0.0	1	900	2698	0.7483	31	12.2	0.4839	0	0	0	2026-09-26T12:35:39	
poa_spoa	L007040	hotspot_vntr	19420	34	27	19420	136259	memout	0.0		0.0	0.0	1	900						0	0		2026-09-26T12:41:20	not run: predicted 28823 MB > cap 12000 MB (max_len 19420)
poa_spoa	L007065	control_vntr_matched	4254	34	9	4321	143383	ok	1.12	0.42	1.55	1389.9	1	900	4321	0.024	39	9.2	0.5128	0	0	0	2026-09-26T12:37:27	
poa_spoa	L007081	hotspot_vntr	1493	34	33	4398	78725	ok	2.31	0.53	2.83	1484.5	1	900	4458	0.4806	1079	722.7	0.6766	0	0	0	2026-09-26T12:35:00	
poa_spoa	L007161	hotspot_other	3479	34	25	3596	108828	ok	2.21	0.71	2.92	994.8	1	900	3623	0.1165	928	266.7	0.5485	0	0	0	2026-09-26T12:36:57	
poa_spoa	L007172	control_vntr_matched	3009	34	11	3551	101125	ok	0.84	0.57	1.4	969.5	1	900	3604	0.1747	856	284.5	0.5678	0	0	0	2026-09-26T12:36:31	
poa_spoa	L007184	hotspot_other	1295	34	21	1295	32355	ok	0.19	0.37	0.56	0.0	1	900	1314	0.2758	139	107.3	0.518	0	0	0	2026-09-26T12:34:55	
poa_spoa	L007192	control_nontr_sv	685	34	11	928	25211	ok	0.1	0.34	0.44	0.0	1	900	928	0.201	19	27.7	0.5789	0	0	0	2026-09-26T12:34:45	
poa_spoa	L007376	control_vntr_matched	19353	34	9	19353	613016	memout	0.0		0.0	0.0	1	900						0	0		2026-09-26T12:41:20	not run: predicted 28625 MB > cap 12000 MB (max_len 19353)
poa_spoa	L007480	hotspot_other	1687	34	21	3379	68861	ok	1.0	0.45	1.45	878.6	1	900	3384	0.4015	597	353.9	0.7085	0	0	0	2026-09-26T12:35:01	
poa_spoa	L007687	control_vntr_matched	2645	34	10	2815	91223	ok	0.54	0.43	0.98	611.9	1	900	2873	0.0661	264	99.8	0.5758	0	0	0	2026-09-26T12:35:46	
poa_spoa	L007717	control_vntr_matched	4426	34	21	4448	144924	ok	2.72	0.48	3.21	1518.8	1	900	4471	0.0466	265	59.9	0.4453	0	0	0	2026-09-26T12:38:04	
poa_spoa	L007798	hotspot_other	4360	34	32	11775	128721	ok	11.36	0.97	12.33	9772.4	1	900	11810	0.6794	2861	656.2	0.5792	0	0	0	2026-09-26T12:37:51	
poa_spoa	L007844	hotspot_other	1988	34	34	4211	92642	ok	2.87	0.87	3.74	1362.1	1	900	4229	0.3557	2695	1355.6	0.734	0	0	0	2026-09-26T12:35:10	
poa_spoa	L008216	hotspot_vntr	2993	34	21	3131	93410	ok	1.25	0.5	1.75	755.4	1	900	3168	0.1328	605	202.1	0.6132	0	0	0	2026-09-26T12:36:28	
poa_spoa	L008631	control_nontr_sv	703	34	8	1038	25895	ok	0.08	0.34	0.42	0.0	1	900	1038	0.2663	14	19.9	0.4286	0	0	0	2026-09-26T12:34:46	
poa_spoa	L008864	hotspot_vntr	2131	34	28	10880	101907	ok	6.85	0.86	7.71	9043.2	1	900	11005	0.7276	2570	1206.0	0.6132	0	0	0	2026-09-26T12:35:20	
poa_spoa	L008877	hotspot_other	2687	34	30	6896	142343	ok	5.82	1.01	6.83	3638.8	1	900	6954	0.398	2720	1012.3	0.6463	0	0	0	2026-09-26T12:35:53	
poa_spoa	L008887	control_vntr_correct	2592	34	7	2950	99887	ok	0.43	0.38	0.81	671.2	1	900	2950	0.0041	34	13.1	0.4118	0	0	0	2026-09-26T12:35:43	
poa_spoa	L008902	control_vntr_correct	2816	34	7	2931	98661	ok	0.46	0.5	0.96	662.8	1	900	2976	0.0249	356	126.4	0.5871	0	0	0	2026-09-26T12:36:00	
poa_spoa	L008976	hotspot_vntr	5631	28	28	19792	191414	memout	0.0		0.0	0.0	1	900						0	0		2026-09-26T12:38:40	not run: predicted 29936 MB > cap 12000 MB (max_len 19792)
poa_spoa	L009000	hotspot_vntr	14411	34	34	14411	167783	memout	0.0		0.0	0.0	1	900						0	0		2026-09-26T12:41:20	not run: predicted 15894 MB > cap 12000 MB (max_len 14411)
poa_spoa	L009283	control_nontr_sv	784	34	4	784	24528	ok	0.04	0.33	0.37	0.0	1	900	784	0.0798	15	19.1	0.5333	0	0	0	2026-09-26T12:34:48	
poa_spoa	L009398	hotspot_vntr	1951	33	25	1982	48384	ok	0.54	0.38	0.93	306.7	1	900	1984	0.261	179	91.7	0.3799	0	0	0	2026-09-26T12:35:04	
poa_spoa	L009448	hotspot_vntr	7487	24	24	10747	152247	ok	13.53	1.4	14.93	7622.2	1	900	10777	0.4114	6510	869.5	0.6323	0	0	0	2026-09-26T12:40:32	
poa_spoa	L009600	control_nontr_sv	1012	34	2	1117	37873	ok	0.05	0.34	0.39	0.0	1	900	1117	0.0028	3	3.0	0.0	0	0	0	2026-09-26T12:34:52	
poa_spoa	L009656	hotspot_vntr	5039	34	26	6503	154450	ok	5.52	0.79	6.32	3236.9	1	900	6606	0.3123	1788	354.8	0.5917	0	0	0	2026-09-26T12:38:33	
poa_spoa	L009658	hotspot_vntr	10831	32	31	10831	216129	ok	16.48	1.06	17.54	5500.9	1	900	10915	0.3812	2844	262.6	0.5661	0	0	0	2026-09-26T12:41:14	
poa_spoa	L009770	control_vntr_matched	4682	34	7	4682	123343	ok	0.92	0.44	1.36	1193.2	1	900	4682	0.2252	183	39.1	0.4426	0	0	0	2026-09-26T12:38:07	
poa_spoa	L009771	control_vntr_correct	1172	34	2	1284	43544	ok	0.04	0.39	0.43	0.0	1	900	1284	0.0026	12	10.2	0.5	0	0	0	2026-09-26T12:34:54	
poa_spoa	L009803	hotspot_vntr	5127	34	30	5226	95217	ok	3.14	0.79	3.94	2093.2	1	900	5235	0.465	2405	469.1	0.7077	0	0	0	2026-09-26T12:38:37	
poa_spoa	L009885	control_vntr_correct	4169	34	17	4169	132912	ok	1.75	0.43	2.18	1334.6	1	900	4200	0.0692	137	32.9	0.4161	0	0	0	2026-09-26T12:37:24	
poa_spoa	L010060	hotspot_other	2397	34	24	3029	84347	ok	1.29	0.52	1.81	708.3	1	900	3172	0.2179	823	343.3	0.5784	0	0	0	2026-09-26T12:35:35	
poa_spoa	L010113	control_vntr_correct	3002	34	8	3021	101048	ok	0.54	0.38	0.92	703.7	1	900	3021	0.0162	41	13.7	0.5854	0	0	0	2026-09-26T12:36:29	
poa_spoa	L010328	hotspot_vntr	2940	33	29	10483	158808	ok	10.84	1.16	12.0	8396.8	1	900	10702	0.5503	4415	1501.7	0.6045	0	0	0	2026-09-26T12:36:25	
poa_spoa	L010350	control_vntr_matched	7377	34	11	7594	255357	ok	4.12	0.48	4.6	4409.5	1	900	7594	0.011	44	6.0	0.6136	0	0	0	2026-09-26T12:40:01	
poa_spoa	L010452	control_nontr_sv	803	34	2	862	29190	ok	0.03	0.35	0.38	0.0	1	900	862	0.004	9	11.2	0.4444	0	0	0	2026-09-26T12:34:48	
poa_spoa	L010508	control_vntr_correct	3528	34	11	3598	121072	ok	1.02	0.45	1.47	995.1	1	900	3598	0.0103	52	14.7	0.5769	0	0	0	2026-09-26T12:37:00	
poa_spoa	L011121	control_vntr_correct	2551	34	10	2894	96743	ok	0.54	0.46	1.0	646.4	1	900	2898	0.0182	356	139.6	0.573	0	0	0	2026-09-26T12:35:40	
poa_spoa	L011138	hotspot_vntr	12558	33	28	27744	362657	memout	0.0		0.0	0.0	1	900						0	0		2026-09-26T12:41:20	not run: predicted 58776 MB > cap 12000 MB (max_len 27744)
poa_spoa	L011224	control_vntr_correct	2577	34	13	3095	96089	ok	0.77	0.46	1.23	738.2	1	900	3127	0.0962	384	149.0	0.5573	0	0	0	2026-09-26T12:35:41	
poa_spoa	L011227	control_vntr_matched	3613	34	11	4093	120991	ok	1.14	0.46	1.6	1285.7	1	900	4163	0.1452	310	85.8	0.4065	0	0	0	2026-09-26T12:37:13	
poa_spoa	L011430	control_vntr_matched	3231	34	13	3278	107140	ok	1.09	0.54	1.63	827.3	1	900	3372	0.0655	332	102.8	0.3313	0	0	0	2026-09-26T12:36:46	
poa_spoa	L011463	hotspot_vntr	5878	34	27	5878	164680	ok	5.19	0.75	5.95	2646.2	1	900	6106	0.2068	1545	262.8	0.589	0	0	0	2026-09-26T12:38:54	
poa_spoa	L011931	control_nontr_sv	965	34	8	1824	47106	ok	0.2	0.34	0.54	0.0	1	900	1824	0.2404	24	24.9	0.5	0	0	0	2026-09-26T12:34:51	
poa_spoa	L012184	hotspot_vntr	4759	32	31	9707	261997	ok	16.52	1.1	17.62	7193.6	1	900	12997	0.3701	2758	579.5	0.6795	1	3146	1	2026-09-26T12:38:24	
poa_spoa	L012256	hotspot_other	3964	34	30	4547	119186	ok	3.06	0.59	3.65	1586.8	1	900	4617	0.2407	806	203.3	0.5298	0	0	0	2026-09-26T12:37:21	
poa_spoa	L012272	hotspot_vntr	55376	34	31	55376	1778629	memout	0.02		0.02	0.0	1	900						0	0		2026-09-26T12:41:20	not run: predicted 234006 MB > cap 12000 MB (max_len 55376)
poa_spoa	L012294	hotspot_vntr	3586	34	33	12643	129774	memout	0.0		0.0	0.0	1	900						0	0		2026-09-26T12:37:12	not run: predicted 12245 MB > cap 12000 MB (max_len 12643)
poa_spoa	L012313	control_vntr_matched	3199	34	14	3266	108077	ok	1.08	0.46	1.54	821.2	1	900	3266	0.0267	69	21.6	0.6087	0	0	0	2026-09-26T12:36:44	
poa_spoa	L012489	hotspot_other	2812	34	30	3010	94402	ok	1.68	0.63	2.3	699.5	1	900	3186	0.1285	993	353.1	0.6566	0	0	0	2026-09-26T12:35:59	
poa_spoa	L012530	control_nontr_sv	778	34	7	779	24625	ok	0.04	0.36	0.41	0.0	1	900	781	0.0726	22	28.3	0.5	0	0	0	2026-09-26T12:34:48	
poa_spoa	L013000	control_vntr_correct	4280	34	22	4280	116563	ok	2.18	0.44	2.61	1406.2	1	900	4316	0.2057	138	32.2	0.5652	0	0	0	2026-09-26T12:37:30	
poa_spoa	L013064	hotspot_other	1987	34	32	2440	77710	ok	1.2	0.49	1.69	461.4	1	900	2546	0.1023	539	271.3	0.5009	0	0	0	2026-09-26T12:35:06	
poa_spoa	L013074	control_vntr_correct	6844	34	3	6844	69973	ok	0.78	0.4	1.19	1470.0	1	900	6844	0.6993	27	3.9	0.5926	0	0	0	2026-09-26T12:39:38	
poa_spoa	L013244	hotspot_vntr	5890	34	17	19476	185690	memout	0.0		0.0	0.0	1	900						0	0		2026-09-26T12:38:54	not run: predicted 28989 MB > cap 12000 MB (max_len 19476)
poa_spoa	L013399	control_nontr_sv	658	34	3	1438	42652	ok	0.05	0.35	0.4	0.0	1	900	1438	0.1276	6	9.1	0.3333	0	0	0	2026-09-26T12:34:45	
poa_spoa	L013531	hotspot_other	2616	34	21	2989	58617	ok	0.77	0.45	1.23	689.0	1	900	3024	0.4299	670	256.1	0.5627	0	0	0	2026-09-26T12:35:44	
poa_spoa	L014111	control_vntr_matched	4216	34	4	4216	142217	ok	0.6	0.45	1.06	1363.9	1	900	4313	0.0302	203	48.1	0.5419	0	0	0	2026-09-26T12:37:26	
poa_spoa	L014160	hotspot_vntr	7998	34	34	8526	242543	ok	14.37	1.07	15.45	5556.8	1	900	8804	0.1897	1912	239.1	0.5659	0	0	0	2026-09-26T12:40:56	
poa_spoa	L014181	control_vntr_matched	3784	34	5	3983	133711	ok	0.61	0.45	1.05	1217.9	1	900	3986	0.0134	210	55.5	0.3476	0	0	0	2026-09-26T12:37:15	
poa_spoa	L014210	hotspot_vntr	6321	34	13	7328	198016	ok	4.04	0.76	4.8	4107.2	1	900	7366	0.2093	1298	205.3	0.5832	0	0	0	2026-09-26T12:39:00	
poa_spoa	L014297	hotspot_vntr	3012	34	15	3012	67986	ok	0.61	0.42	1.03	699.5	1	900	3012	0.3361	343	113.9	0.4636	0	0	0	2026-09-26T12:36:32	
poa_spoa	L014324	control_vntr_correct	2514	34	6	2967	99517	ok	0.36	0.42	0.78	678.9	1	900	2976	0.0165	213	84.7	0.6338	0	0	0	2026-09-26T12:35:38	
poa_spoa	L014358	hotspot_vntr	1419	34	31	2607	58144	ok	0.96	0.45	1.4	525.9	1	900	2655	0.3559	478	336.9	0.5397	0	0	0	2026-09-26T12:34:57	
poa_spoa	L014426	control_vntr_correct	1886	34	9	1886	55682	ok	0.2	0.38	0.58	0.0	1	900	1890	0.1335	101	53.6	0.3861	0	0	0	2026-09-26T12:35:03	
poa_spoa	L014899	control_nontr_sv	1000	34	2	1000	33100	ok	0.05	0.34	0.39	0.0	1	900	1000	0.0265	6	6.0	0.3333	0	0	0	2026-09-26T12:34:52	
poa_spoa	L015126	hotspot_other	3094	34	30	3685	97249	ok	2.29	0.69	2.98	1044.9	1	900	3688	0.2244	1616	522.3	0.685	0	0	0	2026-09-26T12:36:38	
poa_spoa	L015223	control_vntr_matched	2752	34	4	4070	134453	ok	0.49	0.47	0.96	1271.4	1	900	4082	0.0312	245	89.0	0.3469	0	0	0	2026-09-26T12:35:56	
poa_spoa	L015285	control_vntr_correct	2681	34	4	2681	87754	ok	0.23	0.38	0.61	0.0	1	900	2681	0.0373	24	9.0	0.5833	0	0	0	2026-09-26T12:35:46	
poa_spoa	L015331	hotspot_vntr	4307	34	30	5528	136040	ok	4.7	0.73	5.43	2341.5	1	900	5556	0.2798	1720	399.3	0.6674	0	0	0	2026-09-26T12:37:38	
poa_spoa	L015347	hotspot_vntr	19125	29	29	33556	426307	memout	0.01		0.01	0.0	1	900						0	0		2026-09-26T12:41:20	not run: predicted 85957 MB > cap 12000 MB (max_len 33556)
poa_spoa	L015415	hotspot_vntr	2913	34	14	5138	100334	ok	1.78	0.49	2.28	2022.8	1	900	5138	0.4257	395	135.6	0.5038	0	0	0	2026-09-26T12:36:11	
poa_spoa	L015708	hotspot_other	2896	34	24	2966	98158	ok	1.38	0.42	1.8	679.4	1	900	3015	0.0425	163	56.3	0.5276	0	0	0	2026-09-26T12:36:08	
poa_spoa	L015743	control_vntr_correct	4792	34	7	4792	81350	ok	0.71	0.38	1.09	1370.9	1	900	4795	0.501	32	6.7	0.5312	0	0	0	2026-09-26T12:38:25	
poa_spoa	L015847	hotspot_other	4289	34	29	4289	90309	ok	2.29	0.56	2.85	1412.1	1	900	4329	0.3864	783	182.6	0.4483	0	0	0	2026-09-26T12:37:33	
poa_spoa	L015904	hotspot_other	2319	34	33	5718	106323	ok	4.16	0.82	4.97	2504.3	1	900	5776	0.4586	2316	998.7	0.6939	0	0	0	2026-09-26T12:35:30	
poa_spoa	L016040	control_nontr_sv	718	34	4	779	25449	ok	0.04	0.33	0.38	0.0	1	900	779	0.0392	21	29.2	0.5714	0	0	0	2026-09-26T12:34:46	
poa_spoa	L016062	control_vntr_correct	2630	34	4	2747	88593	ok	0.23	0.38	0.61	583.0	1	900	2748	0.0518	37	14.1	0.5135	0	0	0	2026-09-26T12:35:45	
poa_spoa	L016124	control_vntr_matched	3725	34	6	3725	123010	ok	0.61	0.45	1.05	1066.1	1	900	3725	0.0287	248	66.6	0.5323	0	0	0	2026-09-26T12:37:14	
poa_spoa	L016274	control_nontr_sv	742	34	3	1270	32615	ok	0.05	0.34	0.38	0.0	1	900	1270	0.2447	5	6.7	0.2	0	0	0	2026-09-26T12:34:47	
poa_spoa	L016523	control_vntr_correct	2747	34	12	2845	94851	ok	0.67	0.39	1.06	624.9	1	900	2857	0.0235	47	17.1	0.5319	0	0	0	2026-09-26T12:35:55	
poa_spoa	L016830	control_vntr_correct	4801	34	7	4801	126074	ok	0.92	0.45	1.37	1387.2	1	900	4809	0.2289	101	21.0	0.3564	0	0	0	2026-09-26T12:38:27	
poa_spoa	L016870	hotspot_other	6619	34	20	8677	69824	ok	3.39	0.56	3.96	5754.7	1	900	8734	0.7649	1637	247.3	0.452	0	0	0	2026-09-26T12:39:37	
poa_spoa	L016884	control_vntr_correct	2096	34	28	2286	64168	ok	0.8	0.49	1.29	405.9	1	900	2324	0.1879	546	260.5	0.5476	0	0	0	2026-09-26T12:35:11	
poa_spoa	L017097	control_nontr_sv	762	34	10	1619	43905	ok	0.2	0.36	0.56	0.0	1	900	1619	0.2024	51	66.9	0.6275	0	0	0	2026-09-26T12:34:47	
poa_spoa	L017325	control_vntr_matched	6845	34	24	6845	123621	ok	4.02	0.57	4.59	3584.8	1	900	6907	0.4736	837	122.3	0.3883	0	0	0	2026-09-26T12:39:43	
poa_spoa	TR101140	control_vntr_matched	7400	33	12	9179	252351	ok	5.97	0.8	6.78	6439.2	1	900	9191	0.168	1419	191.8	0.6195	0	0	0	2026-09-26T12:40:07	
poa_spoa	TR368009	control_vntr_matched	10964	34	6	10964	369242	ok	5.79	0.65	6.45	3142.4	1	900	10967	0.0098	422	38.5	0.5427	0	0	0	2026-09-26T12:41:20	
poa_spoa	TR423938	control_vntr_matched	2256	34	3	2256	76374	ok	0.15	0.36	0.51	0.0	1	900	2256	0.0043	9	4.0	0.4444	0	0	0	2026-09-26T12:35:22	
poa_spoa	TR424743	control_vntr_matched	3571	34	19	9269	190870	ok	6.68	0.51	7.19	6566.5	1	900	9292	0.3958	337	94.4	0.5045	0	0	0	2026-09-26T12:37:09	
poa_spoa	TR446002	control_vntr_matched	2314	34	5	2314	78064	ok	0.21	0.37	0.57	0.0	1	900	2314	0.0078	25	10.8	0.4	0	0	0	2026-09-26T12:35:25	
poa_spoa	TR455654	control_vntr_matched	2403	34	7	2441	81235	ok	0.31	0.37	0.68	461.8	1	900	2447	0.0236	34	14.1	0.4412	0	0	0	2026-09-26T12:35:37	
poa_spoa	TR460913	control_vntr_matched	1313	34	7	1313	44616	ok	0.09	0.36	0.45	0.0	1	900	1313	0.0006	36	27.4	0.6111	0	0	0	2026-09-26T12:34:56	
poa_spoa	TR499275	control_vntr_matched	4345	34	4	4345	147058	ok	0.61	0.44	1.05	1448.2	1	900	4345	0.0045	30	6.9	0.5333	0	0	0	2026-09-26T12:37:39	
poa_spoa	TR499276	control_vntr_matched	4483	34	5	4483	152422	ok	0.77	0.45	1.22	1421.8	1	900	4483	0.0	40	8.9	0.675	0	0	0	2026-09-26T12:38:05	
poa_spoa	TR573259	control_vntr_matched	2919	34	4	3925	100134	ok	0.43	0.45	0.89	1182.9	1	900	3929	0.2504	130	44.5	0.3846	0	0	0	2026-09-26T12:36:12	
poa_spoa	TR668316	control_vntr_matched	3063	30	13	3819	93102	ok	1.07	0.44	1.51	1120.3	1	900	3819	0.1874	106	34.6	0.5189	0	0	0	2026-09-26T12:36:35	
poa_spoa	TR687433	control_vntr_matched	3352	34	4	3352	112993	ok	0.4	0.49	0.89	864.6	1	900	3352	0.0086	8	2.4	0.25	0	0	0	2026-09-26T12:36:50	
poa_spoa	TR687489	control_vntr_matched	2731	34	2	2734	92857	ok	0.15	0.38	0.52	0.0	1	900	2734	0.0011	12	4.4	0.5	0	0	0	2026-09-26T12:35:54	
poa_spoa	TR724750	control_vntr_matched	2978	34	4	3143	101417	ok	0.34	0.47	0.8	761.1	1	900	3150	0.0531	322	108.1	0.6211	0	0	0	2026-09-26T12:36:27	
poa_spoa	TR743754	control_vntr_matched	2923	34	9	2923	97450	ok	0.55	0.42	0.98	659.2	1	900	2923	0.0194	102	34.9	0.5098	0	0	0	2026-09-26T12:36:13	
poa_spoa	TR831034	control_vntr_matched	6904	31	27	7077	212842	ok	9.2	0.88	10.08	3832.3	1	900	7671	0.105	2004	290.3	0.6412	0	0	0	2026-09-26T12:39:53	
unit_aware	L000034	hotspot_vntr	3169	34	32			ok	1.52	1.23	2.75		2	900	4771	0.2779	1582	499.2	0.5898	0	0	0	2026-09-26T13:37:15	unit | symbols 49/49
unit_aware	L000289	hotspot_vntr	5787	34	34			ok	4.16	1.44	5.6		2	900	7156	0.4744	4923	850.7	0.7061	0	0	0	2026-09-26T13:38:45	unit | symbols 17/17
unit_aware	L000308	control_vntr_matched	4108	34	9			ok	0.34	1.07	1.4		2	900	4180	0.2551	794	193.3	0.5076	0	0	0	2026-09-26T13:37:51	unit | symbols 115/115
unit_aware	L000381	control_vntr_matched	6949	34	8			ok	1.05	0.87	1.92		2	900	7126	0.0072	239	34.4	0.6276	0	0	0	2026-09-26T13:39:52	unit | symbols 335/335
unit_aware	L000407	control_vntr_correct	2722	34	9			ok	1.8	0.65	2.45		2	900	2817	0.025	42	15.4	0.3333	0	0	0	2026-09-26T13:36:26	unit | symbols 36/36
unit_aware	L000506	control_nontr_sv	1129	34	5			ok	0.98	0.54	1.52		2	900	1131	0.1298	7	6.2	0.4286			0	2026-09-26T13:35:41	fallback: not a tandem repeat (control_nontr_sv)
unit_aware	L000698	control_vntr_correct	3490	34	9			ok	5.59	0.87	6.46		2	900	4398	0.023	65	18.6	0.5385			0	2026-09-26T13:37:30	fallback: motif unusable: array covers 0.08 of the core < 0.50
unit_aware	L000709	control_vntr_matched	6261	34	3			ok	3.42	1.24	4.66		2	900	6261	0.0163	12	1.9	0.5			0	2026-09-26T13:38:54	fallback: motif unusable: array covers 0.41 of the core < 0.50
unit_aware	L001084	hotspot_vntr	8972	34	33			ok	13.32	3.29	16.61		2	900	22587	0.5517	4293	478.5	0.6867	0	0	0	2026-09-26T13:40:38	unit | symbols 40/40
unit_aware	L001264	hotspot_vntr	6906	34	34			ok	5.98	1.98	7.96		2	900	14456	0.5632	6883	996.7	0.6764	0	0	0	2026-09-26T13:39:50	unit | symbols 88/88
unit_aware	L001491	control_vntr_correct	1217	34	9			ok	2.06	0.46	2.52		2	900	1707	0.1543	100	82.2	0.63	0	0	0	2026-09-26T13:35:44	unit | symbols 27/27
unit_aware	L001527	control_nontr_sv	1133	34	12			ok	0.99	0.62	1.61		2	900	1134	0.0698	41	36.2	0.6098			0	2026-09-26T13:35:41	fallback: not a tandem repeat (control_nontr_sv)
unit_aware	L001894	control_vntr_matched	6461	34	5			ok	4.2	0.87	5.08		2	900	6583	0.0206	320	49.5	0.575	0	0	0	2026-09-26T13:39:14	unit | symbols 140/140
unit_aware	L001899	control_vntr_matched	1959	34	9			ok	0.17	0.76	0.93		2	900	2037	0.0888	170	86.8	0.4412	0	0	0	2026-09-26T13:35:54	unit | symbols 23/23
unit_aware	L001909	hotspot_vntr	15660	34	34			ok	12.0	1.65	13.66		2	900	20817	0.3742	4463	285.0	0.4952	0	0	0	2026-09-26T13:42:59	unit | symbols 88/88
unit_aware	L001922	control_vntr_correct	3542	34	12			ok	2.64	0.91	3.55		2	900	3579	0.1661	131	37.0	0.458	0	0	0	2026-09-26T13:37:31	unit | symbols 43/43
unit_aware	L002013	hotspot_vntr	4381	34	32			ok	5.86	1.78	7.65		2	900	8922	0.5121	4231	965.8	0.692	0	0	0	2026-09-26T13:38:18	unit | symbols 134/134
unit_aware	L002096	hotspot_vntr	2879	34	33			ok	2.34	1.05	3.38		2	900	6012	0.2246	1191	413.7	0.5357	0	0	0	2026-09-26T13:36:38	unit | symbols 46/46
unit_aware	L002143	hotspot_vntr	7402	34	23			ok	5.4	1.54	6.94		2	900	8434	0.1308	1208	163.2	0.5679	0	0	0	2026-09-26T13:40:07	unit | symbols 118/118
unit_aware	L002182	hotspot_vntr	2388	34	32			ok	3.4	0.92	4.32		2	900	5439	0.5449	2094	876.9	0.713	0	0	0	2026-09-26T13:36:13	unit | symbols 21/21
unit_aware	L002292	control_nontr_sv	2183	34	6			ok	1.44	0.62	2.07		2	900	2210	0.3062	171	78.3	0.4795			0	2026-09-26T13:36:05	fallback: not a tandem repeat (control_nontr_sv)
unit_aware	L002884	control_vntr_matched	3786	34	12			ok	6.27	1.07	7.34		2	900	4116	0.0044	71	18.8	0.3521	0	0	0	2026-09-26T13:37:49	unit | symbols 77/77
unit_aware	L002940	hotspot_other	2259	34	26			ok	1.68	0.83	2.51		2	900	3031	0.3904	742	328.5	0.5606	0	0	0	2026-09-26T13:36:09	unit | symbols 13/13
unit_aware	L003119	control_vntr_correct	2909	34	6			ok	2.76	1.08	3.84		2	900	2912	0.3571	16	5.5	0.3125			0	2026-09-26T13:36:43	fallback: motif unusable: array covers 0.01 of the core < 0.50
unit_aware	L003171	control_nontr_sv	1064	34	2			ok	0.86	0.61	1.48		2	900	1064	0.3029	12	11.3	0.5			0	2026-09-26T13:35:40	fallback: not a tandem repeat (control_nontr_sv)
unit_aware	L003672	control_vntr_correct	2583	34	7			ok	0.91	0.52	1.43		2	900	2599	0.0247	378	146.3	0.5423	0	0	0	2026-09-26T13:36:19	unit | symbols 58/58
unit_aware	L003695	hotspot_other	2215	34	12			ok	0.98	0.43	1.41		2	900	2828	0.2786	262	118.3	0.4046	0	0	0	2026-09-26T13:36:07	unit | symbols 44/44
unit_aware	L003826	control_vntr_matched	3461	34	33			ok	3.71	1.26	4.97		2	900	3891	0.1207	1268	366.4	0.6183	0	0	0	2026-09-26T13:37:25	unit | symbols 160/160
unit_aware	L003828	hotspot_other	5387	34	26			ok	2.54	0.67	3.22		2	900	5401	0.6138	646	119.9	0.5093	0	0	0	2026-09-26T13:38:40	unit | symbols 74/74
unit_aware	L003872	control_vntr_matched	2955	34	7			ok	4.41	1.34	5.75		2	900	3022	0.0531	481	162.8	0.3971	0	0	0	2026-09-26T13:36:52	unit | symbols 126/126
unit_aware	L003883	control_nontr_sv	828	34	3			ok	2.06	0.77	2.83		2	900	3717	0.389	295	356.3	0.5051			0	2026-09-26T13:35:35	fallback: not a tandem repeat (control_nontr_sv)
unit_aware	L004021	control_vntr_matched	7737	34	20			ok	5.15	1.02	6.17		2	900	7742	0.0328	168	21.7	0.5952	0	0	0	2026-09-26T13:40:22	unit | symbols 120/120
unit_aware	L004145	hotspot_vntr	15607	32	31			ok	420.66	1.78	422.44		2	900	16420	0.1783	4354	279.0	0.6034	0	0	0	2026-09-26T13:48:37	fallback: guard: unit MSA costs 1.247x the pairwise optima (> 1.20) and mafft_linsi is lower (1.221x) | symbols 473/473
unit_aware	L004620	control_nontr_sv	972	34	5			ok	1.28	0.38	1.66		2	900	972	0.1604	11	11.3	0.4545			0	2026-09-26T13:35:38	fallback: not a tandem repeat (control_nontr_sv)
unit_aware	L004848	hotspot_other	2107	34	30			ok	1.97	0.63	2.59		2	900	2546	0.3545	1531	726.6	0.7799	0	0	0	2026-09-26T13:36:03	unit | symbols 10/10
unit_aware	L004989	hotspot_other	1798	34	29			ok	1.4	0.73	2.13		2	900	2010	0.3585	820	456.1	0.7549	0	0	0	2026-09-26T13:35:51	unit | symbols 21/21
unit_aware	L005064	hotspot_other	3272	34	29			ok	3.48	1.23	4.71		2	900	4511	0.3039	976	298.3	0.502	0	0	0	2026-09-26T13:37:21	unit | symbols 17/17
unit_aware	L005261	hotspot_other	859	34	26			ok	0.62	0.74	1.36		2	900	2241	0.4304	533	620.5	0.4184	0	0	0	2026-09-26T13:35:35	unit | symbols 7/7
unit_aware	L005411	hotspot_vntr	6353	34	33			ok	6.59	1.68	8.26		2	900	6504	0.195	1446	227.6	0.6307	0	0	0	2026-09-26T13:39:09	unit | symbols 51/51
unit_aware	L005481	hotspot_vntr	3018	34	23			ok	0.65	0.91	1.56		2	900	3534	0.2429	485	160.7	0.4907	0	0	0	2026-09-26T13:37:08	unit | symbols 30/30
unit_aware	L005618	hotspot_other	3582	34	32			ok	6.92	1.48	8.41		2	900	3872	0.2678	2522	704.1	0.8358	0	0	0	2026-09-26T13:37:39	unit | symbols 37/37
unit_aware	L005688	control_nontr_sv	712	34	5			ok	0.81	0.69	1.5		2	900	967	0.0559	127	178.4	0.6299			0	2026-09-26T13:35:27	fallback: not a tandem repeat (control_nontr_sv)
unit_aware	L005990	hotspot_vntr	6577	32	32			ok	22.06	1.29	23.35		2	900	11884	0.3116	1612	245.1	0.4572	0	0	0	2026-09-26T13:39:37	unit | symbols 14/14
unit_aware	L006556	control_nontr_sv	926	34	4			ok	0.55	0.54	1.08		2	900	932	0.1701	142	153.3	0.6479			0	2026-09-26T13:35:36	fallback: not a tandem repeat (control_nontr_sv)
unit_aware	L006952	hotspot_vntr	2403	34	28			ok	1.6	0.58	2.18		2	900	3141	0.4785	1661	691.2	0.581	0	0	0	2026-09-26T13:36:16	unit | symbols 10/10
unit_aware	L007009	hotspot_vntr	15479	34	27			ok	9.09	2.27	11.36		2	900	19354	0.6263	5685	367.3	0.6456	0	0	0	2026-09-26T13:41:35	unit | symbols 152/152
unit_aware	L007033	control_vntr_correct	2536	34	3			ok	0.47	0.39	0.87		2	900	2698	0.7483	30	11.8	0.5	0	0	0	2026-09-26T13:36:17	unit | symbols 15/15
unit_aware	L007040	hotspot_vntr	19420	34	27			ok	4.63	1.0	5.63		2	900	19595	0.7955	1450	74.7	0.5848	0	0	0	2026-09-26T13:43:22	unit | symbols 105/105
unit_aware	L007065	control_vntr_matched	4254	34	9			ok	2.22	0.88	3.1		2	900	4321	0.024	48	11.3	0.5417	0	0	0	2026-09-26T13:37:57	unit | symbols 68/68
unit_aware	L007081	hotspot_vntr	1493	34	33			ok	3.83	0.98	4.81		2	900	4485	0.4837	1205	807.1	0.634	0	0	0	2026-09-26T13:35:49	unit | symbols 35/35
unit_aware	L007161	hotspot_other	3479	34	25			ok	1.86	1.37	3.22		2	900	3638	0.1202	1123	322.8	0.5637	0	0	0	2026-09-26T13:37:24	unit | symbols 24/24
unit_aware	L007172	control_vntr_matched	3009	34	11			ok	4.61	1.05	5.65		2	900	3798	0.2169	623	207.0	0.496	0	0	0	2026-09-26T13:37:07	unit | symbols 69/69
unit_aware	L007184	hotspot_other	1295	34	21			ok	0.32	0.6	0.92		2	900	1304	0.2702	206	159.1	0.5534	0	0	0	2026-09-26T13:35:43	unit | symbols 19/19
unit_aware	L007192	control_nontr_sv	685	34	11			ok	1.87	1.1	2.97		2	900	928	0.201	19	27.7	0.5789			0	2026-09-26T13:35:26	fallback: not a tandem repeat (control_nontr_sv)
unit_aware	L007376	control_vntr_matched	19353	34	9			ok	2.89	0.83	3.72		2	900	19361	0.0688	76	3.9	0.5658	0	0	0	2026-09-26T13:43:16	unit | symbols 374/374
unit_aware	L007480	hotspot_other	1687	34	21			ok	1.66	0.8	2.46		2	900	3422	0.4081	692	410.2	0.672	0	0	0	2026-09-26T13:35:50	unit | symbols 28/28
unit_aware	L007687	control_vntr_matched	2645	34	10			ok	1.04	0.47	1.51		2	900	2872	0.0658	200	75.6	0.535	0	0	0	2026-09-26T13:36:24	unit | symbols 37/37
unit_aware	L007717	control_vntr_matched	4426	34	21			ok	4.83	0.8	5.62		2	900	4474	0.0473	250	56.5	0.444	0	0	0	2026-09-26T13:38:22	unit | symbols 164/164
unit_aware	L007798	hotspot_other	4360	34	32			ok	4.59	1.36	5.95		2	900	11853	0.6806	3296	756.0	0.5746	0	0	0	2026-09-26T13:38:16	unit | symbols 148/148
unit_aware	L007844	hotspot_other	1988	34	34			ok	3.76	1.51	5.28		2	900	4565	0.4031	3339	1679.6	0.7568	0	0	0	2026-09-26T13:36:00	unit | symbols 22/22
unit_aware	L008216	hotspot_vntr	2993	34	21			ok	5.97	1.21	7.18		2	900	3212	0.1447	509	170.1	0.5953	0	0	0	2026-09-26T13:37:03	unit | symbols 66/66
unit_aware	L008631	control_nontr_sv	703	34	8			ok	0.99	0.74	1.73		2	900	1038	0.2663	14	19.9	0.4286			0	2026-09-26T13:35:27	fallback: not a tandem repeat (control_nontr_sv)
unit_aware	L008864	hotspot_vntr	2131	34	28			ok	1.97	1.09	3.05		2	900	11192	0.7322	2921	1370.7	0.6025	0	0	0	2026-09-26T13:36:06	unit | symbols 194/194
unit_aware	L008877	hotspot_other	2687	34	30			ok	3.75	1.57	5.32		2	900	7124	0.4123	3326	1237.8	0.6864	0	0	0	2026-09-26T13:36:29	unit | symbols 82/82
unit_aware	L008887	control_vntr_correct	2592	34	7			ok	0.7	0.43	1.13		2	900	2950	0.0041	37	14.3	0.4324	0	0	0	2026-09-26T13:36:20	unit | symbols 53/53
unit_aware	L008902	control_vntr_correct	2816	34	7			ok	2.13	0.75	2.88		2	900	2975	0.0246	409	145.2	0.5917	0	0	0	2026-09-26T13:36:34	unit | symbols 18/18
unit_aware	L008976	hotspot_vntr	5631	28	28			ok	5.46	1.98	7.44		2	900	19818	0.6551	4855	862.2	0.6931	0	0	0	2026-09-26T13:38:44	unit | symbols 94/94
unit_aware	L009000	hotspot_vntr	14411	34	34			ok	10.91	3.32	14.23		2	900	14472	0.659	6041	419.2	0.6575	0	0	0	2026-09-26T13:41:23	unit | symbols 51/51
unit_aware	L009283	control_nontr_sv	784	34	4			ok	0.84	0.7	1.54		2	900	784	0.0798	15	19.1	0.5333			0	2026-09-26T13:35:32	fallback: not a tandem repeat (control_nontr_sv)
unit_aware	L009398	hotspot_vntr	1951	33	25			ok	2.65	0.76	3.41		2	900	2015	0.2724	251	128.7	0.3347	0	0	0	2026-09-26T13:35:54	unit | symbols 10/10
unit_aware	L009448	hotspot_vntr	7487	24	24			ok	5.99	1.95	7.94		2	900	10937	0.42	7191	960.5	0.5888	0	0	0	2026-09-26T13:40:15	unit | symbols 42/42
unit_aware	L009600	control_nontr_sv	1012	34	2			ok	0.5	0.62	1.13		2	900	1117	0.0028	3	3.0	0.0			0	2026-09-26T13:35:39	fallback: not a tandem repeat (control_nontr_sv)
unit_aware	L009656	hotspot_vntr	5039	34	26			ok	4.86	1.44	6.3		2	900	6831	0.335	1904	377.9	0.5762	0	0	0	2026-09-26T13:38:37	unit | symbols 71/71
unit_aware	L009658	hotspot_vntr	10831	32	31			ok	8.82	3.05	11.87		2	900	10947	0.383	3525	325.5	0.5767	0	0	0	2026-09-26T13:40:50	unit | symbols 177/177
unit_aware	L009770	control_vntr_matched	4682	34	7			ok	1.6	1.24	2.84		2	900	4682	0.2252	192	41.0	0.4115	0	0	0	2026-09-26T13:38:23	unit | symbols 83/83
unit_aware	L009771	control_vntr_correct	1172	34	2			ok	1.03	0.56	1.59		2	900	1284	0.0026	12	10.2	0.5	0	0	0	2026-09-26T13:35:42	unit | symbols 12/12
unit_aware	L009803	hotspot_vntr	5127	34	30			ok	2.38	1.27	3.65		2	900	5316	0.4732	2927	570.9	0.7226	0	0	0	2026-09-26T13:38:36	unit | symbols 47/47
unit_aware	L009885	control_vntr_correct	4169	34	17			ok	2.43	1.01	3.44		2	900	4201	0.0695	123	29.5	0.4146	0	0	0	2026-09-26T13:37:54	unit | symbols 97/97
unit_aware	L010060	hotspot_other	2397	34	24			ok	1.42	0.6	2.01		2	900	3240	0.2343	1056	440.6	0.6013	0	0	0	2026-09-26T13:36:15	unit | symbols 57/57
unit_aware	L010113	control_vntr_correct	3002	34	8			ok	0.26	0.97	1.23		2	900	3021	0.0162	54	18.0	0.6111	0	0	0	2026-09-26T13:37:01	unit | symbols 81/81
unit_aware	L010328	hotspot_vntr	2940	33	29			ok	13.63	2.55	16.18		2	900	11071	0.5653	6596	2243.5	0.7476	0	0	0	2026-09-26T13:37:00	unit | symbols 14/14
unit_aware	L010350	control_vntr_matched	7377	34	11			ok	2.74	0.84	3.58		2	900	7594	0.011	46	6.2	0.587	0	0	0	2026-09-26T13:39:56	unit | symbols 267/267
unit_aware	L010452	control_nontr_sv	803	34	2			ok	1.76	0.79	2.56		2	900	862	0.004	9	11.2	0.4444			0	2026-09-26T13:35:34	fallback: not a tandem repeat (control_nontr_sv)
unit_aware	L010508	control_vntr_correct	3528	34	11			ok	1.53	1.13	2.66		2	900	3598	0.0103	52	14.7	0.5769	0	0	0	2026-09-26T13:37:27	unit | symbols 78/78
unit_aware	L011121	control_vntr_correct	2551	34	10			ok	0.26	0.5	0.76		2	900	2897	0.0178	319	125.0	0.5674	0	0	0	2026-09-26T13:36:17	unit | symbols 57/57
unit_aware	L011138	hotspot_vntr	12558	33	28			ok	13.01	2.6	15.62		2	900	27762	0.6041	2600	207.0	0.6146	0	0	0	2026-09-26T13:41:09	unit | symbols 133/133
unit_aware	L011224	control_vntr_correct	2577	34	13			ok	4.19	0.48	4.67		2	900	3206	0.1185	168	65.2	0.5119	0	0	0	2026-09-26T13:36:22	fallback: guard: unit MSA costs 1.647x the pairwise optima (> 1.20) and mafft_linsi is lower (1.055x) | symbols 201/201
unit_aware	L011227	control_vntr_matched	3613	34	11			ok	1.75	1.08	2.83		2	900	4482	0.206	152	42.1	0.375	0	0	0	2026-09-26T13:37:42	unit | symbols 57/57
unit_aware	L011430	control_vntr_matched	3231	34	13			ok	2.34	1.02	3.36		2	900	3343	0.0574	459	142.1	0.4074	0	0	0	2026-09-26T13:37:19	unit | symbols 67/67
unit_aware	L011463	hotspot_vntr	5878	34	27			ok	44.86	1.84	46.71		2	900	6519	0.257	1804	306.9	0.5771	0	0	0	2026-09-26T13:39:31	unit | symbols 234/234
unit_aware	L011931	control_nontr_sv	965	34	8			ok	1.01	0.67	1.68		2	900	1824	0.2404	25	25.9	0.52			0	2026-09-26T13:35:37	fallback: not a tandem repeat (control_nontr_sv)
unit_aware	L012184	hotspot_vntr	4759	32	31			ok	9.26	1.84	11.11		2	900	13043	0.3723	3009	632.3	0.6633	1	3146	1	2026-09-26T13:38:33	unit | symbols 165/165
unit_aware	L012256	hotspot_other	3964	34	30			ok	8.46	1.41	9.87		2	900	4595	0.2371	1044	263.4	0.4636	0	0	0	2026-09-26T13:37:54	unit | symbols 25/25
unit_aware	L012272	hotspot_vntr	55376	34	31			ok	84.42	2.31	86.75		2	900	56262	0.0702	2435	44.0	0.7039	0	0	0	2026-09-26T13:44:48	unit | symbols 51/51
unit_aware	L012294	hotspot_vntr	3586	34	33			ok	4.52	1.55	6.06		2	900	12848	0.7029	2233	622.7	0.4666	0	0	0	2026-09-26T13:37:39	unit | symbols 38/38
unit_aware	L012313	control_vntr_matched	3199	34	14			ok	1.74	0.94	2.68		2	900	3266	0.0267	68	21.3	0.6176	0	0	0	2026-09-26T13:37:16	unit | symbols 59/59
unit_aware	L012489	hotspot_other	2812	34	30			ok	7.15	1.22	8.38		2	900	3176	0.1258	1409	501.1	0.7388	0	0	0	2026-09-26T13:36:39	unit | symbols 31/31
unit_aware	L012530	control_nontr_sv	778	34	7			ok	0.81	0.38	1.19		2	900	781	0.0726	22	28.3	0.5			0	2026-09-26T13:35:31	fallback: not a tandem repeat (control_nontr_sv)
unit_aware	L013000	control_vntr_correct	4280	34	22			ok	5.17	1.05	6.22		2	900	4312	0.2049	170	39.7	0.5235	0	0	0	2026-09-26T13:38:04	unit | symbols 53/53
unit_aware	L013064	hotspot_other	1987	34	32			ok	5.55	0.77	6.32		2	900	2534	0.098	767	386.0	0.5332	0	0	0	2026-09-26T13:36:01	unit | symbols 11/11
unit_aware	L013074	control_vntr_correct	6844	34	3			ok	1.66	0.74	2.4		2	900	6844	0.6993	32	4.7	0.5312			0	2026-09-26T13:39:39	fallback: motif unusable: array covers 0.01 of the core < 0.50
unit_aware	L013244	hotspot_vntr	5890	34	17			ok	2.69	1.05	3.75		2	900	19479	0.7196	405	68.8	0.3309	0	0	0	2026-09-26T13:38:49	unit | symbols 23/23
unit_aware	L013399	control_nontr_sv	658	34	3			ok	1.8	1.18	2.97		2	900	1438	0.1276	6	9.1	0.3333			0	2026-09-26T13:35:26	fallback: not a tandem repeat (control_nontr_sv)
unit_aware	L013531	hotspot_other	2616	34	21			ok	1.67	0.57	2.24		2	900	3045	0.4338	968	370.0	0.6126	0	0	0	2026-09-26T13:36:22	unit | symbols 17/17
unit_aware	L014111	control_vntr_matched	4216	34	4			ok	2.82	1.01	3.83		2	900	4232	0.0116	563	133.5	0.5471	0	0	0	2026-09-26T13:37:58	unit | symbols 182/182
unit_aware	L014160	hotspot_vntr	7998	34	34			ok	144.06	1.28	145.33		2	900	8849	0.1939	3076	384.6	0.6388	0	0	0	2026-09-26T13:42:46	unit | symbols 291/291
unit_aware	L014181	control_vntr_matched	3784	34	5			ok	2.14	1.44	3.58		2	900	3986	0.0134	211	55.8	0.327	0	0	0	2026-09-26T13:37:44	unit | symbols 76/76
unit_aware	L014210	hotspot_vntr	6321	34	13			ok	5.12	1.75	6.87		2	900	7386	0.2115	1401	221.6	0.5567	0	0	0	2026-09-26T13:39:00	unit | symbols 66/66
unit_aware	L014297	hotspot_vntr	3012	34	15			ok	4.23	0.45	4.69		2	900	3012	0.3361	340	112.9	0.3824	0	0	0	2026-09-26T13:37:08	unit | symbols 13/13
unit_aware	L014324	control_vntr_correct	2514	34	6			ok	0.52	0.48	0.99		2	900	2976	0.0165	213	84.7	0.6338	0	0	0	2026-09-26T13:36:17	unit | symbols 23/23
unit_aware	L014358	hotspot_vntr	1419	34	31			ok	3.27	0.78	4.06		2	900	2662	0.3576	448	315.7	0.5491	0	0	0	2026-09-26T13:35:48	unit | symbols 35/35
unit_aware	L014426	control_vntr_correct	1886	34	9			ok	2.19	0.88	3.07		2	900	1891	0.1339	140	74.2	0.4143	0	0	0	2026-09-26T13:35:53	unit | symbols 30/30
unit_aware	L014899	control_nontr_sv	1000	34	2			ok	0.87	0.4	1.26		2	900	1000	0.0265	6	6.0	0.3333			0	2026-09-26T13:35:38	fallback: not a tandem repeat (control_nontr_sv)
unit_aware	L015126	hotspot_other	3094	34	30			ok	2.65	1.36	4.02		2	900	3838	0.2548	1710	552.7	0.6567	0	0	0	2026-09-26T13:37:12	unit | symbols 20/20
unit_aware	L015223	control_vntr_matched	2752	34	4			ok	1.51	0.72	2.23		2	900	4086	0.0322	307	111.6	0.4137	0	0	0	2026-09-26T13:36:31	unit | symbols 123/123
unit_aware	L015285	control_vntr_correct	2681	34	4			ok	0.46	0.42	0.88		2	900	2681	0.0373	27	10.1	0.5926	0	0	0	2026-09-26T13:36:24	unit | symbols 37/37
unit_aware	L015331	hotspot_vntr	4307	34	30			ok	5.48	1.28	6.76		2	900	5570	0.2817	1994	463.0	0.671	0	0	0	2026-09-26T13:38:10	unit | symbols 45/45
unit_aware	L015347	hotspot_vntr	19125	29	29			ok	9.46	3.19	12.66		2	900	33792	0.565	11768	615.3	0.6281	0	0	0	2026-09-26T13:43:12	unit | symbols 297/297
unit_aware	L015415	hotspot_vntr	2913	34	14			ok	2.79	0.94	3.72		2	900	5139	0.4258	531	182.3	0.5631	0	0	0	2026-09-26T13:36:43	unit | symbols 37/37
unit_aware	L015708	hotspot_other	2896	34	24			ok	0.66	1.07	1.73		2	900	3013	0.0418	170	58.7	0.5471	0	0	0	2026-09-26T13:36:39	unit | symbols 54/54
unit_aware	L015743	control_vntr_correct	4792	34	7			ok	3.11	1.17	4.28		2	900	4800	0.5015	249	52.0	0.5502			0	2026-09-26T13:38:28	fallback: motif unusable: array covers 0.00 of the core < 0.50
unit_aware	L015847	hotspot_other	4289	34	29			ok	8.34	1.07	9.4		2	900	4352	0.3897	1002	233.6	0.4551	0	0	0	2026-09-26T13:38:07	unit | symbols 21/21
unit_aware	L015904	hotspot_other	2319	34	33			ok	4.69	1.14	5.83		2	900	5930	0.4727	3000	1293.7	0.6817	0	0	0	2026-09-26T13:36:13	unit | symbols 22/22
unit_aware	L016040	control_nontr_sv	718	34	4			ok	1.5	0.71	2.21		2	900	779	0.0392	21	29.2	0.5714			0	2026-09-26T13:35:29	fallback: not a tandem repeat (control_nontr_sv)
unit_aware	L016062	control_vntr_correct	2630	34	4			ok	0.53	0.41	0.95		2	900	2748	0.0518	37	14.1	0.5135	0	0	0	2026-09-26T13:36:23	unit | symbols 30/30
unit_aware	L016124	control_vntr_matched	3725	34	6			ok	0.17	0.82	1.0		2	900	3725	0.0287	252	67.7	0.5635	0	0	0	2026-09-26T13:37:40	unit | symbols 82/82
unit_aware	L016274	control_nontr_sv	742	34	3			ok	1.55	0.74	2.29		2	900	1270	0.2447	5	6.7	0.2			0	2026-09-26T13:35:30	fallback: not a tandem repeat (control_nontr_sv)
unit_aware	L016523	control_vntr_correct	2747	34	12			ok	1.77	0.85	2.62		2	900	2857	0.0235	66	24.0	0.4848	0	0	0	2026-09-26T13:36:31	unit | symbols 60/60
unit_aware	L016830	control_vntr_correct	4801	34	7			ok	2.25	0.56	2.81		2	900	4809	0.2289	124	25.8	0.3468	0	0	0	2026-09-26T13:38:31	unit | symbols 93/93
unit_aware	L016870	hotspot_other	6619	34	20			ok	4.65	1.04	5.69		2	900	8888	0.7689	1922	290.4	0.4875	0	0	0	2026-09-26T13:39:37	unit | symbols 40/40
unit_aware	L016884	control_vntr_correct	2096	34	28			ok	2.69	0.52	3.2		2	900	2326	0.1886	627	299.1	0.5726	0	0	0	2026-09-26T13:36:03	unit | symbols 53/53
unit_aware	L017097	control_nontr_sv	762	34	10			ok	1.44	0.53	1.96		2	900	1619	0.2024	51	66.9	0.6275			0	2026-09-26T13:35:31	fallback: not a tandem repeat (control_nontr_sv)
unit_aware	L017325	control_vntr_matched	6845	34	24			ok	3.84	1.13	4.97		2	900	6997	0.4804	1005	146.8	0.4279	0	0	0	2026-09-26T13:39:42	unit | symbols 64/64
unit_aware	TR101140	control_vntr_matched	7400	33	12			ok	22.65	2.04	24.69		2	900	9295	0.1773	1512	204.3	0.6171			0	2026-09-26T13:40:20	fallback: motif unusable: 1 CHM13 units < 3; array covers 0.00 of the core < 0.50
unit_aware	TR368009	control_vntr_matched	10964	34	6			ok	1.96	1.46	3.42		2	900	10967	0.0098	434	39.6	0.4977	0	0	0	2026-09-26T13:40:53	unit | symbols 87/87
unit_aware	TR423938	control_vntr_matched	2256	34	3			ok	0.06	0.42	0.48		2	900	2256	0.0043	9	4.0	0.4444	0	0	0	2026-09-26T13:36:06	unit | symbols 44/44
unit_aware	TR424743	control_vntr_matched	3571	34	19			ok	1.61	1.08	2.69		2	900	9358	0.4001	128	35.8	0.5078	0	0	0	2026-09-26T13:37:33	unit | symbols 83/83
unit_aware	TR446002	control_vntr_matched	2314	34	5			ok	0.46	0.53	0.99		2	900	2314	0.0078	25	10.8	0.4	0	0	0	2026-09-26T13:36:08	unit | symbols 38/38
unit_aware	TR455654	control_vntr_matched	2403	34	7			ok	1.01	0.42	1.43		2	900	2447	0.0236	46	19.1	0.5217	0	0	0	2026-09-26T13:36:17	unit | symbols 39/39
unit_aware	TR460913	control_vntr_matched	1313	34	7			ok	0.07	0.39	0.46		2	900	1313	0.0006	35	26.7	0.6286	0	0	0	2026-09-26T13:35:44	unit | symbols 26/26
unit_aware	TR499275	control_vntr_matched	4345	34	4			ok	2.0	0.86	2.85		2	900	4345	0.0045	30	6.9	0.5333	0	0	0	2026-09-26T13:38:10	unit | symbols 235/235
unit_aware	TR499276	control_vntr_matched	4483	34	5			ok	1.87	0.66	2.53		2	900	4483	0.0	40	8.9	0.675	0	0	0	2026-09-26T13:38:21	unit | symbols 237/237
unit_aware	TR573259	control_vntr_matched	2919	34	4			ok	0.14	0.66	0.8		2	900	3929	0.2504	136	46.6	0.375	0	0	0	2026-09-26T13:36:44	unit | symbols 41/41
unit_aware	TR668316	control_vntr_matched	3063	30	13			ok	4.63	0.84	5.47		2	900	3819	0.1874	113	36.9	0.4867	0	0	0	2026-09-26T13:37:13	unit | symbols 24/24
unit_aware	TR687433	control_vntr_matched	3352	34	4			ok	0.14	0.85	1.0		2	900	3352	0.0086	8	2.4	0.25	0	0	0	2026-09-26T13:37:20	unit | symbols 26/26
unit_aware	TR687489	control_vntr_matched	2731	34	2			ok	1.02	0.44	1.47		2	900	2734	0.0011	12	4.4	0.5	0	0	0	2026-09-26T13:36:28	unit | symbols 24/24
unit_aware	TR724750	control_vntr_matched	2978	34	4			ok	2.97	0.77	3.75		2	900	3150	0.0531	322	108.1	0.6211	0	0	0	2026-09-26T13:36:56	unit | symbols 47/47
unit_aware	TR743754	control_vntr_matched	2923	34	9			ok	1.85	1.13	2.99		2	900	2923	0.0194	116	39.7	0.4828	0	0	0	2026-09-26T13:36:46	unit | symbols 41/41
unit_aware	TR831034	control_vntr_matched	6904	31	27			ok	19.43	1.77	21.21		2	900	7760	0.1152	2475	358.5	0.6687	0	0	0	2026-09-26T13:40:00	unit | symbols 78/78
