region_id	method	panel	n_distinct	seconds	status	mode	fallback_method	reason	stratum	span_bp	n_panel_records	n_hap32_only	max_len	len2	total_bp	predicted_mb	peak_rss_mb	mem_cap_mb	timeout_s	threads	align_s	panel_graph_s	project_s	graph_s	symbols	unit_strings_distinct	units_per_seq_max	guide	refine_timed_out	polish_timed_out	guard_ratio	guard_fallback_method	guard_fallback_status	guard_fallback_ratio	guard_decision	phase_one_start	columns_full	nodes_full	edges_full	columns_proj	nodes_proj	nodes_per_kb_proj	frac_nodes_1bp_proj	masked_runs	masked_bp	host_load	finished	note
L000034	unit_aware	all	394	91.91	ok	unit			hotspot_vntr	3169	449	0	9528	9376	1775987	1911.0	1674.0	12000	1800	3	87.22	3.37	0.04	1.24	231	393	492	kmer3	False	False	1.1329				unit	1.0	13179	11536	19730	4636	2289	722.3	0.7077	0	0	10.4	2026-09-26T14:30:34	
L000289	unit_aware	all	436	215.47	ok	unit			hotspot_vntr	5787	436	0	29871	20142	2412627	5889.0	3885.0	12000	1800	3	209.2	5.08	0.06	1.12	164	436	3273	kmer3	False	False	1.0528				unit	1.0	30009	24237	37841	7263	5073	876.6	0.7108	0	0	6.9	2026-09-26T14:44:00	
L000308	unit_aware	all	58	4.4	ok	unit			control_vntr_matched	4108	455	0	4123	4108	204496	403.0	77.0	12000	1800	3	3.6	0.25	0.01	0.55	140	56	214	exact	False	False	1.0642				unit	1.0	4216	1026	1429	4184	831	202.3	0.5379	0	0	10.4	2026-09-26T14:00:22	
L000381	unit_aware	all	99	11.36	ok	unit			control_vntr_matched	6949	426	0	7149	7126	699136	604.0	177.0	12000	1800	3	10.36	0.46	0.01	0.52	462	99	297	exact	False	False	1.0332				unit	1.0	7330	631	857	7129	237	34.1	0.616	0	0	9.9	2026-09-26T14:08:47	
L000407	unit_aware	all	84	9.25	ok	unit			control_vntr_correct	2722	452	0	3088	2947	234218	411.0	117.0	12000	1800	3	8.69	0.18	0.01	0.38	39	82	1156	kmer3	False	False	1.0458				unit	1.0	3246	360	529	2817	44	16.2	0.3182	0	0	10.7	2026-09-26T14:00:50	
L000506	unit_aware	all	27	1.85	ok	fallback	mafft_linsi	not a tandem repeat (control_nontr_sv)	control_nontr_sv	1129	456	0	1141	1140	28545	313.0	3.0	12000	1800	3	1.49	0.03	0.0	0.33													1141	51	78	1131	7	6.2	0.4286			8.1	2026-09-26T13:59:13	
L000698	unit_aware	all	87	159.76	ok	fallback	mafft_linsi	motif unusable: array covers 0.08 of the core < 0.50	control_vntr_correct	3490	358	0	4403	4399	374524	464.0	1315.0	12000	1800	3	159.12	0.22	0.01	0.41													4417	225	323	4402	54	15.5	0.5			10.7	2026-09-26T14:06:36	
L000709	unit_aware	all	46	97.44	ok	fallback	mafft_linsi	motif unusable: array covers 0.41 of the core < 0.50	control_vntr_matched	6261	453	0	6261	6261	286170	424.0	2284.0	12000	1800	3	96.75	0.21	0.0	0.48													6261	165	220	6261	12	1.9	0.5			11.2	2026-09-26T14:04:05	
L001084	unit_aware	all	428	398.79	ok	unit			hotspot_vntr	8972	429	0	55900	53095	4436256	10568.0	6650.0	12000	1800	3	387.63	9.79	0.12	1.25	884	428	1734	kmer3	False	True	1.0257				unit	1.0	63281	22396	33042	22965	4349	484.7	0.6831	0	0	5.4	2026-09-26T15:06:37	
L001264	unit_aware	all	439	160.83	ok	unit			hotspot_vntr	6906	456	0	25102	21120	2312796	5029.0	2654.0	12000	1800	3	155.31	3.77	0.06	1.69	264	439	1026	kmer3	False	False	1.0361				unit	1.0	26253	14795	22716	14945	7044	1020.0	0.6752	0	0	7.6	2026-09-26T14:40:24	
L001491	unit_aware	all	50	3.1	ok	unit			control_vntr_correct	1217	449	0	1668	1668	69620	336.0	136.0	12000	1800	3	2.65	0.09	0.0	0.36	72	46	7	exact	False	False	1.0723				unit	1.0	1712	348	480	1708	101	83.0	0.6337	0	0	8.0	2026-09-26T13:59:21	
L001527	unit_aware	all	30	2.11	ok	fallback	mafft_linsi	not a tandem repeat (control_nontr_sv)	control_nontr_sv	1133	458	0	1136	1136	33341	315.0	6.0	12000	1800	3	1.73	0.04	0.0	0.34													1137	70	100	1134	41	36.2	0.6098			7.9	2026-09-26T13:59:15	
L001894	unit_aware	all	84	27.44	ok	unit			control_vntr_matched	6461	455	0	6809	6809	543819	545.0	230.0	12000	1800	3	26.55	0.38	0.01	0.5	171	54	322	exact	False	False	1.0674				unit	1.0	6881	622	860	6571	267	41.3	0.5356	0	0	10.7	2026-09-26T14:07:04	
L001899	unit_aware	all	122	6.48	ok	unit			control_vntr_matched	1959	456	0	4197	3339	260804	520.0	133.0	12000	1800	3	5.69	0.37	0.01	0.41	107	120	113	exact	False	False	1.078				unit	1.0	4808	1920	2897	2037	245	125.1	0.4816	0	0	13.3	2026-09-26T14:02:17	
L001909	unit_aware	all	470	499.45	ok	unit			hotspot_vntr	15660	457	22	37894	32704	6023977	7943.0	5577.0	12000	1800	3	489.46	8.39	0.09	1.52	826	460	992	kmer3	False	False	1.0535				unit	1.0	43366	15487	25357	21224	4618	294.9	0.4727	0	0	5.4	2026-09-26T15:17:26	
L001922	unit_aware	all	107	16.21	ok	unit			control_vntr_correct	3542	454	0	15836	4981	345641	1027.0	605.0	12000	1800	3	15.02	0.7	0.03	0.46	203	103	854	kmer3	False	False	1.0445				unit	1.0	15879	2704	3997	3579	198	55.9	0.4798	0	0	12.5	2026-09-26T14:03:21	
L002013	unit_aware	all	447	239.92	ok	unit			hotspot_vntr	4381	456	0	26016	19004	2327208	5291.0	5456.0	12000	1800	3	232.59	6.07	0.06	1.2	707	447	587	kmer3	False	False	1.0574				unit	1.0	30305	25329	41916	9069	4731	1079.9	0.691	0	0	8.5	2026-09-26T14:41:45	
L002096	unit_aware	all	280	32.8	ok	unit			hotspot_vntr	2879	456	0	7807	6082	1044576	1238.0	889.0	12000	1800	3	30.78	1.24	0.02	0.76	198	280	494	kmer3	False	False	1.05				unit	1.0	9049	4269	7198	6071	1505	522.8	0.5741	0	0	8.5	2026-09-26T14:12:26	
L002143	unit_aware	all	192	38.48	ok	unit			hotspot_vntr	7402	388	0	11956	8851	1412620	1285.0	1243.0	12000	1800	3	36.19	1.4	0.02	0.87	380	187	167	kmer3	False	False	1.0622				unit	1.0	14852	4147	5936	8439	1131	152.8	0.5526	0	0	9.3	2026-09-26T14:19:26	
L002182	unit_aware	all	408	58.99	ok	unit			hotspot_vntr	2388	450	0	8436	6924	1165103	1777.0	1281.0	12000	1800	3	56.89	1.42	0.02	0.66	37	404	883	kmer3	False	False	1.0456				unit	1.0	9294	5890	9616	5439	2240	938.0	0.7326	0	0	9.6	2026-09-26T14:16:59	
L002292	unit_aware	all	31	5.58	ok	fallback	mafft_linsi	not a tandem repeat (control_nontr_sv)	control_nontr_sv	2183	456	0	2187	2186	63265	329.0	145.0	12000	1800	3	5.12	0.07	0.0	0.38													2214	216	293	2210	171	78.3	0.4795			8.0	2026-09-26T13:59:22	
L002884	unit_aware	all	112	7.79	ok	unit			control_vntr_matched	3786	456	0	4146	4116	443262	499.0	121.0	12000	1800	3	7.06	0.29	0.01	0.42	169	108	109	exact	False	False	1.032				unit	1.0	4186	430	610	4116	69	18.2	0.3768	0	0	10.4	2026-09-26T14:05:03	
L002940	unit_aware	all	359	24.93	ok	unit			hotspot_other	2259	453	0	3303	3279	775430	809.0	583.0	12000	1800	3	23.56	0.83	0.01	0.53	26	357	417	kmer3	False	False	1.0658				unit	1.0	4111	2790	4765	3027	791	350.2	0.4779	0	0	8.7	2026-09-26T14:09:39	
L003119	unit_aware	all	42	8.64	ok	fallback	mafft_linsi	motif unusable: array covers 0.01 of the core < 0.50	control_vntr_correct	2909	407	0	2909	1811	77055	352.0	158.0	12000	1800	3	8.2	0.07	0.0	0.36													2912	100	137	2911	18	6.2	0.3333			8.2	2026-09-26T13:59:31	
L003171	unit_aware	all	24	1.59	ok	fallback	mafft_linsi	not a tandem repeat (control_nontr_sv)	control_nontr_sv	1064	413	0	1073	1070	25102	311.0	2.0	12000	1800	3	1.24	0.03	0.0	0.33													1074	53	79	1064	12	11.3	0.5			8.1	2026-09-26T13:59:12	
L003672	unit_aware	all	58	3.19	ok	unit			control_vntr_correct	2583	453	0	2602	2598	141935	365.0	71.0	12000	1800	3	2.66	0.16	0.0	0.37	80	50	106	exact	False	False	1.1327				unit	1.0	2816	542	754	2691	58	22.5	0.5172	0	0	12.2	2026-09-26T13:59:55	
L003695	unit_aware	all	114	7.2	ok	unit			hotspot_other	2215	386	0	3778	3088	255372	485.0	202.0	12000	1800	3	6.5	0.26	0.01	0.43	117	107	54	exact	False	False	1.1339				unit	1.0	4056	1176	1896	2831	362	163.4	0.3674	0	0	14.6	2026-09-26T14:02:08	
L003826	unit_aware	all	412	381.74	ok	unit			control_vntr_matched	3461	458	1	3856	3856	1358671	982.0	3359.0	12000	1800	3	379.26	1.61	0.01	0.86	986	397	49	kmer3	False	False	1.26	mafft_fftnsi	ok	1.723	unit	1.0	4933	4423	7378	3908	1683	486.3	0.6643	0	0	10.5	2026-09-26T14:24:57	
L003828	unit_aware	all	393	86.24	ok	unit			hotspot_other	5387	453	0	8683	8239	1182609	1764.0	1872.0	12000	1800	3	83.11	2.53	0.03	0.57	2162	393	201	kmer3	False	False	1.039				unit	1.0	12551	11470	21087	5436	1033	191.8	0.5489	0	0	10.2	2026-09-26T14:18:09	
L003872	unit_aware	all	89	6.09	ok	unit			control_vntr_matched	2955	456	0	2959	2957	257164	413.0	118.0	12000	1800	3	5.45	0.21	0.01	0.43	181	87	297	exact	False	False	1.1439				unit	1.0	3027	556	804	3021	297	100.5	0.4613	0	0	14.0	2026-09-26T14:02:15	
L003883	unit_aware	all	29	13.59	ok	fallback	mafft_linsi	not a tandem repeat (control_nontr_sv)	control_nontr_sv	828	454	0	3714	3714	99042	346.0	755.0	12000	1800	3	13.03	0.12	0.0	0.43													3717	364	488	3717	295	356.3	0.5051			12.6	2026-09-26T13:59:48	
L004021	unit_aware	all	233	51.43	ok	unit			control_vntr_matched	7737	419	0	11089	7743	1767348	1409.0	1098.0	12000	1800	3	49.11	1.55	0.02	0.74	445	228	102	kmer3	False	False	1.028				unit	1.0	11690	1309	1863	7742	205	26.5	0.5415	0	0	12.6	2026-09-26T14:29:31	
L004145	unit_aware	all	436	1315.55	ok	unit			hotspot_vntr	15607	457	0	15861	15852	6392192	3268.0	8002.0	12000	1800	3	1304.97	8.43	0.04	2.1	887	419	883	kmer3	False	False	1.2871	mafft_fftnsi	ok	1.6271	unit	1.0	22049	19076	33989	16487	6203	397.4	0.6806	0	0	5.3	2026-09-26T15:39:22	
L004620	unit_aware	all	14	0.89	ok	fallback	mafft_linsi	not a tandem repeat (control_nontr_sv)	control_nontr_sv	972	456	0	982	975	11438	306.0	3.0	12000	1800	3	0.53	0.02	0.0	0.33													983	38	52	972	11	11.3	0.4545			7.4	2026-09-26T13:59:05	
L004848	unit_aware	all	359	32.85	ok	unit			hotspot_other	2107	454	0	4586	4225	604933	1007.0	633.0	12000	1800	3	31.31	0.88	0.01	0.65	27	357	1364	kmer3	False	False	1.0624				unit	1.0	4911	5178	9003	2546	1728	820.1	0.7662	0	0	9.4	2026-09-26T14:07:37	
L004989	unit_aware	all	247	13.95	ok	unit			hotspot_other	1798	453	0	3486	2820	314541	670.0	150.0	12000	1800	3	12.98	0.44	0.01	0.52	29	238	718	kmer3	False	False	1.0684				unit	1.0	3667	2498	4376	2076	868	482.8	0.7408	0	0	11.6	2026-09-26T14:02:55	
L005064	unit_aware	all	240	26.39	ok	unit			hotspot_other	3272	456	0	4126	4124	765776	725.0	570.0	12000	1800	3	24.66	0.94	0.01	0.78	34	236	1149	kmer3	False	False	1.1811				unit	1.0	5196	3773	6420	4503	1758	537.3	0.6092	0	0	9.3	2026-09-26T14:09:14	
L005261	unit_aware	all	209	11.32	ok	unit			hotspot_other	859	455	0	4303	3778	245951	686.0	126.0	12000	1800	3	10.52	0.33	0.01	0.46	32	207	935	kmer3	False	False	1.0253				unit	1.0	4341	2329	4253	2251	737	858.0	0.4464	0	0	15.8	2026-09-26T14:01:59	
L005411	unit_aware	all	421	82.84	ok	unit			hotspot_vntr	6353	456	0	9404	9386	2302412	1999.0	1720.0	12000	1800	3	79.38	2.58	0.03	0.86	275	421	385	kmer3	False	False	1.0919				unit	1.0	12353	7791	11801	6458	1524	239.9	0.6207	0	0	6.9	2026-09-26T14:37:42	
L005481	unit_aware	all	232	17.26	ok	unit			hotspot_vntr	3018	456	0	5351	5350	706677	833.0	517.0	12000	1800	3	16.01	0.73	0.01	0.5	82	229	274	kmer3	False	False	1.1387				unit	1.0	5870	2880	4355	3427	610	202.1	0.5082	0	0	9.5	2026-09-26T14:09:00	
L005618	unit_aware	all	442	75.07	ok	unit			hotspot_other	3582	457	0	6476	5833	1123281	1528.0	1078.0	12000	1800	3	72.54	1.58	0.02	0.93	59	440	1889	kmer3	False	False	1.0763				unit	1.0	7082	6954	11987	4025	2818	786.7	0.8669	0	0	13.2	2026-09-26T14:14:50	
L005688	unit_aware	all	18	1.1	ok	fallback	mafft_linsi	not a tandem repeat (control_nontr_sv)	control_nontr_sv	712	455	0	965	965	16864	307.0	2.0	12000	1800	3	0.7	0.04	0.0	0.36													967	154	206	967	127	178.4	0.6299			8.1	2026-09-26T13:59:08	
L005990	unit_aware	all	368	239.19	ok	unit			hotspot_vntr	6577	407	0	11718	11714	2672223	2151.0	1903.0	12000	1800	3	235.55	2.57	0.03	1.04	91	356	3440	kmer3	False	False	1.0471				unit	1.0	13534	7023	12670	11974	2648	402.6	0.4826	0	0	6.2	2026-09-26T14:47:54	
L006556	unit_aware	all	22	1.26	ok	fallback	mafft_linsi	not a tandem repeat (control_nontr_sv)	control_nontr_sv	926	355	0	928	928	19466	309.0	1.0	12000	1800	3	0.87	0.04	0.0	0.35													934	170	231	933	139	150.1	0.6547			8.1	2026-09-26T13:59:10	
L006952	unit_aware	all	310	25.38	ok	unit			hotspot_vntr	2403	457	0	3903	3396	525197	819.0	535.0	12000	1800	3	24.12	0.63	0.01	0.62	36	303	1100	kmer3	False	False	1.038				unit	1.0	4164	3457	6148	3240	1973	821.1	0.5839	0	0	11.4	2026-09-26T14:05:50	
L007009	unit_aware	all	294	162.12	ok	unit			hotspot_vntr	15479	447	9	43026	33695	3268777	5729.0	4535.0	12000	1800	3	156.06	4.63	0.08	1.35	682	284	804	kmer3	False	False	1.033				unit	1.0	43856	21553	31734	19397	6390	412.8	0.6499	0	0	6.1	2026-09-26T14:56:05	
L007033	unit_aware	all	187	11.52	ok	unit			control_vntr_correct	2536	450	0	3770	3662	437794	603.0	163.0	12000	1800	3	10.82	0.33	0.01	0.36	94	182	61	kmer3	False	False	1.023				unit	1.0	3950	1239	1781	2706	89	35.1	0.5281	0	0	10.6	2026-09-26T14:04:54	
L007040	unit_aware	all	371	231.82	ok	unit			hotspot_vntr	19420	456	17	42606	33028	4136853	7084.0	6259.0	12000	1800	3	225.13	5.63	0.08	0.99	663	368	701	kmer3	False	False	1.0309				unit	1.0	43536	19024	27900	19470	1993	102.6	0.6322	0	0	5.4	2026-09-26T14:59:57	
L007065	unit_aware	all	49	4.47	ok	unit			control_vntr_matched	4254	451	0	4321	4321	206173	391.0	97.0	12000	1800	3	3.91	0.14	0.01	0.41	107	44	59	exact	False	False	1.0171				unit	1.0	4324	177	241	4321	48	11.3	0.5417	0	0	10.4	2026-09-26T14:00:23	
L007081	unit_aware	all	432	88.05	ok	unit			hotspot_vntr	1493	448	0	12900	11051	1155052	2692.0	1767.0	12000	1800	3	85.69	1.75	0.03	0.57	167	432	469	kmer3	False	False	1.037				unit	1.0	13811	5158	8503	4593	1274	853.3	0.6264	0	0	10.2	2026-09-26T14:16:42	
L007161	unit_aware	all	147	11.5	ok	unit			hotspot_other	3479	357	0	4026	3910	388698	554.0	192.0	12000	1800	3	10.09	0.65	0.01	0.75	56	145	876	kmer3	False	False	1.0709				unit	1.0	4721	4150	7269	3670	1414	406.4	0.5799	0	0	10.9	2026-09-26T14:04:32	
L007172	unit_aware	all	141	9.89	ok	unit			control_vntr_matched	3009	457	0	3768	3766	453330	528.0	133.0	12000	1800	3	8.91	0.45	0.01	0.52	164	123	94	exact	False	False	1.0583				unit	1.0	4497	1375	2044	3661	771	256.2	0.5512	0	0	11.0	2026-09-26T14:05:13	
L007184	unit_aware	all	170	5.1	ok	unit			hotspot_other	1295	454	0	1751	1543	168295	428.0	126.0	12000	1800	3	4.6	0.14	0.0	0.36	69	169	15	kmer3	False	False	1.0597				unit	1.0	1790	498	774	1316	158	122.0	0.5506	0	0	11.1	2026-09-26T14:00:12	
L007192	unit_aware	all	20	1.1	ok	fallback	mafft_linsi	not a tandem repeat (control_nontr_sv)	control_nontr_sv	685	452	0	928	927	15381	308.0	2.0	12000	1800	3	0.74	0.02	0.0	0.33													929	43	60	928	21	30.7	0.619			8.1	2026-09-26T13:59:08	
L007376	unit_aware	all	149	43.91	ok	unit			control_vntr_matched	19353	455	0	21229	20340	2818672	1657.0	1320.0	12000	1800	3	41.63	1.55	0.03	0.7	583	149	416	exact	False	False	1.0081				unit	1.0	21589	1212	1633	19356	74	3.8	0.5676	0	0	7.0	2026-09-26T14:44:45	
L007480	unit_aware	all	199	9.43	ok	unit			hotspot_other	1687	449	0	3379	3197	362360	589.0	169.0	12000	1800	3	8.55	0.38	0.01	0.49	77	197	80	kmer3	False	False	1.059				unit	1.0	3685	1898	2762	3423	850	503.9	0.6988	0	0	11.3	2026-09-26T14:03:55	
L007687	unit_aware	all	47	2.93	ok	unit			control_vntr_matched	2645	458	0	2815	2815	119484	357.0	2.0	12000	1800	3	2.27	0.17	0.01	0.48	68	44	39	exact	False	False	1.0393				unit	1.0	2942	637	882	2825	458	173.2	0.631	0	0	12.6	2026-09-26T13:59:46	
L007717	unit_aware	all	127	11.8	ok	unit			control_vntr_matched	4426	456	0	6165	4739	529440	636.0	179.0	12000	1800	3	10.85	0.47	0.01	0.47	324	119	131	exact	False	False	1.0698				unit	1.0	6530	1283	1862	4474	286	64.6	0.4161	0	0	10.9	2026-09-26T14:06:29	
L007798	unit_aware	all	374	106.97	ok	unit			hotspot_other	4360	457	0	20065	18237	1429690	3521.0	2463.0	12000	1800	3	103.62	2.51	0.05	0.8	724	374	656	kmer3	False	False	1.0279				unit	1.0	21775	12393	19389	12179	3565	817.7	0.6008	0	0	9.6	2026-09-26T14:23:33	
L007844	unit_aware	all	436	62.93	ok	unit			hotspot_other	1988	456	0	4964	4943	1229282	1229.0	853.0	12000	1800	3	60.02	1.78	0.02	1.11	74	436	743	kmer3	False	False	1.1431				unit	1.0	6471	7798	13527	4699	3793	1907.9	0.7735	0	0	9.6	2026-09-26T14:18:02	
L008216	unit_aware	all	204	23.72	ok	unit			hotspot_vntr	2993	449	0	6038	6013	599076	829.0	837.0	12000	1800	3	22.53	0.67	0.01	0.52	300	194	62	kmer3	False	False	1.1128				unit	1.0	6253	2334	3365	3184	662	221.2	0.6284	0	0	9.5	2026-09-26T14:07:28	
L008631	unit_aware	all	15	0.92	ok	fallback	mafft_linsi	not a tandem repeat (control_nontr_sv)	control_nontr_sv	703	427	0	1038	1037	12197	307.0	4.0	12000	1800	3	0.57	0.02	0.0	0.33													1038	33	46	1038	14	19.9	0.4286			7.4	2026-09-26T13:59:05	
L008864	unit_aware	all	342	68.67	ok	unit			hotspot_vntr	2131	455	0	11333	10880	1154582	1963.0	1689.0	12000	1800	3	65.15	2.38	0.04	1.09	622	335	327	kmer3	False	False	1.0779				unit	1.0	14558	13844	23880	11233	3613	1695.4	0.6247	0	0	11.1	2026-09-26T14:15:59	
L008877	unit_aware	all	390	95.94	ok	unit			hotspot_other	2687	457	0	10824	8223	1866318	2112.0	1386.0	12000	1800	3	90.43	3.88	0.03	1.6	327	390	1181	kmer3	False	False	1.1494				unit	1.0	12181	11611	22002	7156	4008	1491.6	0.7236	0	0	11.0	2026-09-26T14:31:08	
L008887	unit_aware	all	56	3.68	ok	unit			control_vntr_correct	2592	446	0	4227	3076	161367	402.0	75.0	12000	1800	3	3.16	0.14	0.01	0.38	96	47	92	exact	False	False	1.0258				unit	1.0	4413	243	349	2950	39	15.0	0.4615	0	0	12.1	2026-09-26T14:00:05	
L008902	unit_aware	all	73	11.34	ok	unit			control_vntr_correct	2816	453	0	4680	4676	209911	447.0	142.0	12000	1800	3	10.68	0.23	0.01	0.42	20	69	2060	kmer3	False	False	1.0298				unit	1.0	4698	878	1383	3032	207	73.5	0.3285	0	0	10.2	2026-09-26T14:00:34	
L008976	unit_aware	all	434	235.27	ok	unit			hotspot_vntr	5631	444	0	37803	30201	3167440	7341.0	4864.0	12000	1800	3	229.14	4.95	0.07	1.1	458	434	887	kmer3	False	False	1.0295				unit	1.0	38331	18227	26641	19799	5164	917.1	0.7051	0	0	6.2	2026-09-26T14:53:23	
L009000	unit_aware	all	450	164.69	ok	unit			hotspot_vntr	14411	456	0	18316	17586	2121049	3837.0	2325.0	12000	1800	3	159.32	3.77	0.04	1.55	192	450	1310	kmer3	False	False	1.0559				unit	1.0	20061	14821	25799	14528	6425	445.8	0.6579	0	0	8.9	2026-09-26T14:33:20	
L009283	unit_aware	all	19	0.98	ok	fallback	mafft_linsi	not a tandem repeat (control_nontr_sv)	control_nontr_sv	784	453	0	785	784	14194	306.0	1.0	12000	1800	3	0.64	0.02	0.0	0.32													785	55	74	784	15	19.1	0.5333			8.1	2026-09-26T13:59:06	
L009398	unit_aware	all	166	7.28	ok	unit			hotspot_vntr	1951	457	0	4276	2726	273231	605.0	105.0	12000	1800	3	6.66	0.24	0.01	0.37	22	158	120	kmer3	False	False	1.0323				unit	1.0	4320	533	777	2015	239	122.5	0.3222	0	0	12.9	2026-09-26T14:02:25	
L009448	unit_aware	all	405	281.39	ok	unit			hotspot_vntr	7487	412	0	19789	16210	3088807	3739.0	4639.0	12000	1800	3	271.06	8.9	0.05	1.38	677	405	3470	kmer3	False	False	1.1293				unit	1.0	31705	34171	62406	11300	7797	1041.4	0.5939	2	266	8.0	2026-09-26T14:49:27	
L009600	unit_aware	all	8	0.76	ok	fallback	mafft_linsi	not a tandem repeat (control_nontr_sv)	control_nontr_sv	1012	269	0	1117	1117	8516	304.0	1.0	12000	1800	3	0.42	0.02	0.0	0.33													1117	21	27	1117	3	3.0	0.0			7.4	2026-09-26T13:59:03	
L009656	unit_aware	all	250	32.17	ok	unit			hotspot_vntr	5039	442	0	6994	6939	1229647	1050.0	888.0	12000	1800	3	29.93	1.32	0.02	0.91	150	249	693	kmer3	False	False	1.085				unit	1.0	8907	4876	7912	7268	2015	399.9	0.5434	0	0	9.9	2026-09-26T14:18:35	
L009658	unit_aware	all	377	127.96	ok	unit			hotspot_vntr	10831	416	0	17197	16716	2531568	3082.0	2974.0	12000	1800	3	121.13	5.2	0.04	1.58	838	377	433	kmer3	False	False	1.1181				unit	1.0	23125	15801	27396	11193	4171	385.1	0.5752	0	0	6.4	2026-09-26T14:43:54	
L009770	unit_aware	all	88	7.19	ok	unit			control_vntr_matched	4682	379	1	5730	4716	356000	516.0	146.0	12000	1800	3	6.41	0.3	0.01	0.47	149	85	154	exact	False	False	1.0304				unit	1.0	5772	793	1114	4682	218	46.6	0.4541	0	0	11.7	2026-09-26T14:03:45	
L009771	unit_aware	all	15	1.13	ok	unit			control_vntr_correct	1172	453	0	1340	1340	18815	309.0	1.0	12000	1800	3	0.75	0.03	0.0	0.34	21	14	16	exact	False	False	1.0252				unit	1.0	1340	102	137	1284	19	16.2	0.4211	0	0	8.1	2026-09-26T13:59:10	
L009803	unit_aware	all	442	74.21	ok	unit			hotspot_vntr	5127	457	0	7048	6954	1475165	1637.0	1548.0	12000	1800	3	70.79	2.32	0.02	1.08	150	442	386	kmer3	False	False	1.0911				unit	1.0	8903	10024	16715	5387	3255	634.9	0.7355	0	0	10.4	2026-09-26T14:24:47	
L009885	unit_aware	all	212	41.27	ok	unit			control_vntr_correct	4169	369	0	4297	4213	852024	691.0	281.0	12000	1800	3	40.34	0.49	0.01	0.43	169	134	106	exact	False	False	1.0532				unit	1.0	4533	695	1046	4203	156	37.4	0.391	0	0	8.2	2026-09-26T14:10:36	
L010060	unit_aware	all	247	21.47	ok	unit			hotspot_other	2397	456	0	3778	3693	641498	700.0	589.0	12000	1800	3	20.01	0.84	0.01	0.61	67	241	705	kmer3	False	False	1.1866				unit	1.0	4996	3681	6427	3269	1199	500.2	0.6397	0	0	10.1	2026-09-26T14:08:34	
L010113	unit_aware	all	56	3.51	ok	unit			control_vntr_correct	3002	455	0	3490	3490	167738	384.0	104.0	12000	1800	3	2.96	0.15	0.01	0.39	143	56	77	exact	False	False	1.0761				unit	1.0	3915	400	554	3024	75	25.0	0.6	0	0	11.5	2026-09-26T14:00:09	
L010328	unit_aware	all	393	220.71	ok	unit			hotspot_vntr	2940	451	0	20051	17076	1571507	3682.0	1889.0	12000	1800	3	213.39	4.62	0.07	2.62	59	392	6457	kmer3	False	False	1.0794				unit	1.0	20950	18965	30822	11292	8497	2890.1	0.8205	0	0	11.4	2026-09-26T14:28:39	
L010350	unit_aware	all	74	8.53	ok	unit			control_vntr_matched	7377	454	3	7702	7702	548891	545.0	139.0	12000	1800	3	7.69	0.35	0.01	0.48	327	60	303	exact	False	False	1.0041				unit	1.0	7982	320	444	7594	46	6.2	0.587	0	0	10.7	2026-09-26T14:07:04	
L010452	unit_aware	all	9	0.77	ok	fallback	mafft_linsi	not a tandem repeat (control_nontr_sv)	control_nontr_sv	803	453	0	862	862	7345	303.0	1.0	12000	1800	3	0.42	0.02	0.0	0.32													862	33	43	862	9	11.2	0.4444			7.4	2026-09-26T13:59:02	
L010508	unit_aware	all	75	5.0	ok	unit			control_vntr_correct	3528	453	0	3633	3631	267553	417.0	72.0	12000	1800	3	4.4	0.2	0.01	0.39	140	71	93	exact	False	False	1.0143				unit	1.0	3738	361	497	3598	52	14.7	0.5769	0	0	12.9	2026-09-26T14:02:21	
L011121	unit_aware	all	54	3.25	ok	unit			control_vntr_correct	2551	456	0	3090	3041	152856	372.0	108.0	12000	1800	3	2.6	0.16	0.01	0.47	86	46	55	exact	False	False	1.0554				unit	1.0	3291	512	708	2898	395	154.8	0.6278	0	0	12.1	2026-09-26T14:00:02	
L011138	unit_aware	all	363	148.36	ok	unit			hotspot_vntr	12558	433	0	27744	24752	4437691	4622.0	3523.0	12000	1800	3	142.0	4.91	0.07	1.37	529	356	595	kmer3	False	False	1.0401				unit	1.0	30690	19398	28480	27821	3471	276.4	0.6295	0	0	5.5	2026-09-26T15:09:06	
L011224	unit_aware	all	126	15.74	ok	fallback	mafft_fftnsi	guard: unit MSA costs 1.561x the pairwise optima (> 1.20) and mafft_fftnsi is lower (1.228x)	control_vntr_correct	2577	457	0	3169	3107	353630	471.0	469.0	12000	1800	3	15.06	0.26	0.01	0.41	379	116	204	exact	False	False	1.5612	mafft_fftnsi	ok	1.2277	fallback	1.0	3598	561	806	3208	161	62.5	0.5093	0	0	11.9	2026-09-26T14:03:37	
L011227	unit_aware	all	81	6.2	ok	unit			control_vntr_matched	3613	413	0	4362	4282	284242	452.0	125.0	12000	1800	3	5.41	0.28	0.01	0.5	90	80	208	exact	False	False	1.0418				unit	1.0	5048	945	1354	4490	396	109.6	0.4798	0	0	12.5	2026-09-26T14:02:32	
L011430	unit_aware	all	161	10.99	ok	unit			control_vntr_matched	3231	458	0	3356	3328	513277	532.0	187.0	12000	1800	3	9.88	0.56	0.01	0.54	182	158	471	kmer3	False	False	1.1919				unit	1.0	3549	1472	2361	3336	532	164.7	0.4173	0	0	11.5	2026-09-26T14:05:24	
L011463	unit_aware	all	386	395.71	ok	unit			hotspot_vntr	5878	456	0	6570	6570	2140618	1388.0	2439.0	12000	1800	3	392.42	2.19	0.02	1.08	615	384	199	kmer3	False	False	1.2715	mafft_fftnsi	ok	1.461	unit	1.0	8046	6179	9858	6187	2711	461.2	0.6957	0	0	6.9	2026-09-26T14:37:44	
L011931	unit_aware	all	51	10.09	ok	fallback	mafft_linsi	not a tandem repeat (control_nontr_sv)	control_nontr_sv	965	451	0	1824	1823	87993	340.0	124.0	12000	1800	3	9.69	0.06	0.0	0.34													1824	84	127	1824	24	24.9	0.5			11.5	2026-09-26T13:59:38	
L012184	unit_aware	all	364	346.8	ok	unit			hotspot_vntr	4759	447	0	39585	34318	3145535	6484.0	6644.0	12000	1800	3	327.12	18.3	0.12	1.25	7017	356	1597	kmer3	False	False	1.081				unit	1.0	69104	51360	90627	13118	3537	743.2	0.6774	2	5311	6.0	2026-09-26T14:53:41	
L012256	unit_aware	all	281	75.94	ok	unit			hotspot_other	3964	374	0	10158	10101	982621	1525.0	1168.0	12000	1800	3	74.13	1.12	0.02	0.68	36	277	4282	kmer3	False	False	1.0227				unit	1.0	10374	4288	6943	4606	1174	296.2	0.4685	0	0	8.2	2026-09-26T14:11:53	
L012272	unit_aware	all	406	1533.81	ok	unit			hotspot_vntr	55376	459	0	115456	113245	21556232	12000	2443.0	12000	1800	3	1488.69	42.74	0.42	1.95	142	289	135	kmer3	False	False	1.1514				unit	1.0	246115	5930	8272	56638	2419	43.7	0.7276	0	0	5.7	2026-09-26T15:54:39	
L012294	unit_aware	all	449	200.02	ok	unit			hotspot_vntr	3586	456	0	24260	15965	1621461	4975.0	3119.0	12000	1800	3	195.76	3.15	0.07	1.04	131	449	618	kmer3	False	False	1.036				unit	1.0	26553	6508	10004	13120	2226	620.7	0.473	0	0	13.8	2026-09-26T14:29:02	
L012313	unit_aware	all	65	4.59	ok	unit			control_vntr_matched	3199	430	0	3508	3268	210224	398.0	107.0	12000	1800	3	4.06	0.14	0.01	0.39	88	45	49	exact	False	False	1.0474				unit	1.0	3510	164	217	3266	68	21.3	0.6176	0	0	10.1	2026-09-26T14:00:28	
L012489	unit_aware	all	283	27.54	ok	unit			hotspot_other	2812	455	3	3051	3043	803020	671.0	540.0	12000	1800	3	26.05	0.75	0.01	0.73	39	268	1115	kmer3	False	False	1.1515				unit	1.0	3557	2052	3317	3187	1518	539.8	0.7569	0	0	8.3	2026-09-26T14:09:54	
L012530	unit_aware	all	20	1.01	ok	fallback	mafft_linsi	not a tandem repeat (control_nontr_sv)	control_nontr_sv	778	457	0	780	780	15298	307.0	2.0	12000	1800	3	0.67	0.02	0.0	0.32													782	44	62	781	22	28.3	0.5			8.1	2026-09-26T13:59:06	
L013000	unit_aware	all	174	25.91	ok	unit			control_vntr_correct	4280	458	0	4926	4909	636330	668.0	218.0	12000	1800	3	25.01	0.45	0.01	0.43	122	97	65	exact	False	False	1.0189				unit	1.0	5293	805	1166	4299	159	37.1	0.5535	0	0	10.3	2026-09-26T14:08:30	
L013064	unit_aware	all	284	26.91	ok	unit			hotspot_other	1987	457	0	3233	2668	625348	694.0	517.0	12000	1800	3	25.31	0.85	0.01	0.75	19	282	1391	kmer3	False	False	1.1885				unit	1.0	3605	2658	4777	2561	1000	503.3	0.578	0	0	10.8	2026-09-26T14:08:12	
L013074	unit_aware	all	52	79.14	ok	fallback	mafft_linsi	motif unusable: array covers 0.01 of the core < 0.50	control_vntr_correct	6844	435	0	6845	6844	242409	453.0	2404.0	12000	1800	3	78.57	0.17	0.01	0.39													6845	160	219	6844	32	4.7	0.5312			14.0	2026-09-26T14:02:10	
L013244	unit_aware	all	190	36.2	ok	unit			hotspot_vntr	5890	421	0	19476	13374	1068948	1888.0	1371.0	12000	1800	3	34.02	1.27	0.04	0.86	129	185	637	kmer3	False	False	1.0488				unit	1.0	19935	5386	8068	19480	996	169.1	0.3815	0	0	14.0	2026-09-26T14:12:52	
L013399	unit_aware	all	7	0.82	ok	fallback	mafft_linsi	not a tandem repeat (control_nontr_sv)	control_nontr_sv	658	457	0	1438	1438	6946	304.0	1.0	12000	1800	3	0.46	0.02	0.0	0.34													1438	18	23	1438	6	9.1	0.3333			7.4	2026-09-26T13:59:01	
L013531	unit_aware	all	251	26.39	ok	unit			hotspot_other	2616	451	0	4268	4246	528379	760.0	618.0	12000	1800	3	24.83	0.92	0.01	0.64	34	250	1138	kmer3	False	False	1.1023				unit	1.0	6254	4584	8639	3054	1183	452.2	0.612	0	0	11.1	2026-09-26T14:06:17	
L014111	unit_aware	all	46	3.79	ok	unit			control_vntr_matched	4216	458	0	4239	4216	192588	384.0	69.0	12000	1800	3	3.07	0.21	0.01	0.51	227	45	166	exact	False	False	1.1465				unit	1.0	4346	632	865	4275	486	115.3	0.5844	0	0	10.7	2026-09-26T14:00:17	
L014160	unit_aware	all	432	1727.39	ok	unit			hotspot_vntr	7998	455	0	10415	9199	3318739	2231.0	9660.0	12000	1800	3	1721.55	4.37	0.03	1.44	1319	431	547	kmer3	False	False	1.2454	mafft_fftnsi	ok	1.8493	unit	1.0	13489	13588	23053	8889	4071	509.0	0.6622	0	0	4.9	2026-09-26T15:22:29	
L014181	unit_aware	all	95	9.87	ok	unit			control_vntr_matched	3784	453	0	7223	7197	398579	594.0	282.0	12000	1800	3	8.68	0.65	0.01	0.52	248	92	265	exact	False	False	1.1817				unit	1.0	7448	2762	4041	3989	346	91.4	0.3671	0	0	10.8	2026-09-26T14:04:42	
L014210	unit_aware	all	206	28.37	ok	unit			hotspot_vntr	6321	456	0	11229	11229	1140446	1293.0	893.0	12000	1800	3	26.28	1.29	0.02	0.77	164	202	394	kmer3	False	False	1.0622				unit	1.0	12298	6481	9384	7422	1556	246.2	0.5861	0	0	11.7	2026-09-26T14:15:14	
L014297	unit_aware	all	299	36.31	ok	unit			hotspot_vntr	3012	457	0	8151	8129	1039594	1346.0	967.0	12000	1800	3	34.53	1.29	0.02	0.47	371	298	456	kmer3	False	False	1.0689				unit	1.0	9634	5941	8921	3012	534	177.3	0.3989	0	0	8.3	2026-09-26T14:12:16	
L014324	unit_aware	all	59	3.66	ok	unit			control_vntr_correct	2514	456	0	4083	4006	163695	403.0	75.0	12000	1800	3	3.05	0.19	0.01	0.42	49	54	88	exact	False	False	1.0394				unit	1.0	4272	903	1260	2977	213	84.7	0.6056	0	0	11.5	2026-09-26T14:00:07	
L014358	unit_aware	all	352	25.04	ok	unit			hotspot_vntr	1419	452	0	4410	3761	616639	966.0	630.0	12000	1800	3	24.08	0.52	0.01	0.42	89	322	96	kmer3	False	False	1.0404				unit	1.0	4858	1325	2060	2711	467	329.1	0.561	0	0	11.0	2026-09-26T14:08:03	
L014426	unit_aware	all	42	2.34	ok	unit			control_vntr_correct	1886	456	0	1890	1886	76770	334.0	1.0	12000	1800	3	1.89	0.07	0.0	0.38	35	41	337	exact	False	False	1.0159				unit	1.0	1902	176	254	1890	103	54.6	0.2039	0	0	8.0	2026-09-26T13:59:24	
L014899	unit_aware	all	7	0.76	ok	fallback	mafft_linsi	not a tandem repeat (control_nontr_sv)	control_nontr_sv	1000	457	0	1000	1000	6752	303.0	1.0	12000	1800	3	0.41	0.02	0.0	0.33													1002	23	30	1000	6	6.0	0.3333			7.4	2026-09-26T13:59:01	
L015126	unit_aware	all	369	46.69	ok	unit			hotspot_other	3094	456	0	5218	4555	1021503	1126.0	812.0	12000	1800	3	44.75	1.17	0.01	0.75	31	369	1460	kmer3	False	False	1.0773				unit	1.0	5979	5065	8907	3936	2092	676.1	0.6606	0	0	7.6	2026-09-26T14:11:39	
L015223	unit_aware	all	80	6.24	ok	unit			control_vntr_matched	2752	457	1	4987	4983	275635	471.0	116.0	12000	1800	3	5.53	0.24	0.01	0.46	169	74	284	exact	False	False	1.0485				unit	1.0	5024	613	872	4088	298	108.3	0.396	0	0	12.4	2026-09-26T14:02:27	
L015285	unit_aware	all	47	2.41	ok	unit			control_vntr_correct	2681	454	0	2761	2727	121536	356.0	0.0	12000	1800	3	1.89	0.16	0.0	0.36	68	43	54	exact	False	False	1.1074				unit	1.0	2798	608	836	2681	34	12.7	0.5294	0	0	12.2	2026-09-26T13:59:51	
L015331	unit_aware	all	373	53.33	ok	unit			hotspot_vntr	4307	455	0	8709	8607	1564789	1694.0	983.0	12000	1800	3	50.86	1.63	0.02	0.82	148	373	235	kmer3	False	False	1.071				unit	1.0	9722	5519	8183	5646	2203	511.5	0.6913	0	0	9.7	2026-09-26T14:25:41	
L015347	unit_aware	all	370	394.17	ok	unit			hotspot_vntr	19125	373	0	60834	46477	6484298	9960.0	7468.0	12000	1800	3	370.99	20.0	0.13	3.05	3609	370	1358	kmer3	False	True	1.0889				unit	1.0	76009	50868	89089	34156	13005	680.0	0.6455	2	578	4.8	2026-09-26T15:29:04	
L015415	unit_aware	all	222	25.74	ok	unit			hotspot_vntr	2913	458	0	9007	8477	771539	1158.0	736.0	12000	1800	3	24.47	0.75	0.02	0.51	125	222	157	kmer3	False	False	1.028				unit	1.0	9207	2763	3983	5139	691	237.2	0.6397	0	0	9.2	2026-09-26T14:09:26	
L015708	unit_aware	all	232	12.15	ok	unit			hotspot_other	2896	457	0	3169	3142	663205	616.0	213.0	12000	1800	3	11.27	0.45	0.01	0.41	130	231	82	kmer3	False	False	1.107				unit	1.0	3635	953	1392	3011	177	61.1	0.5424	0	0	9.9	2026-09-26T14:08:42	
L015743	unit_aware	all	55	72.3	ok	fallback	mafft_linsi	motif unusable: array covers 0.00 of the core < 0.50	control_vntr_correct	4792	454	0	11165	11161	229128	564.0	6995.0	12000	1800	3	71.57	0.27	0.02	0.44													11195	860	1166	4801	253	52.8	0.5494			16.8	2026-09-26T14:01:47	
L015847	unit_aware	all	290	52.77	ok	unit			hotspot_other	4289	418	0	4584	4513	944550	870.0	813.0	12000	1800	3	50.62	1.31	0.01	0.82	31	261	2078	kmer3	False	False	1.0731				unit	1.0	6728	5151	9188	4331	1840	429.0	0.5174	1	953	7.7	2026-09-26T14:10:52	
L015904	unit_aware	all	428	137.94	ok	unit			hotspot_other	2319	450	0	12098	5975	1414660	2522.0	2003.0	12000	1800	3	134.2	2.58	0.03	1.14	37	428	3694	kmer3	False	False	1.1367				unit	1.0	13086	9563	18298	6116	4174	1799.9	0.6909	0	0	9.2	2026-09-26T14:21:45	
L016040	unit_aware	all	11	0.82	ok	fallback	mafft_linsi	not a tandem repeat (control_nontr_sv)	control_nontr_sv	718	452	0	840	779	8322	304.0	1.0	12000	1800	3	0.47	0.02	0.0	0.32													840	35	47	779	21	29.2	0.5714			7.4	2026-09-26T13:59:02	
L016062	unit_aware	all	78	5.61	ok	unit			control_vntr_correct	2630	415	0	4520	4519	211559	451.0	117.0	12000	1800	3	5.0	0.22	0.01	0.37	95	74	69	exact	False	False	1.0298				unit	1.0	4761	884	1209	2748	43	16.3	0.5581	0	0	10.2	2026-09-26T14:00:34	
L016124	unit_aware	all	50	3.52	ok	unit			control_vntr_matched	3725	456	0	4004	3929	185210	386.0	109.0	12000	1800	3	2.86	0.23	0.01	0.43	112	50	143	exact	False	False	1.0989				unit	1.0	4168	920	1271	3725	260	69.8	0.5654	0	0	11.1	2026-09-26T14:00:13	
L016274	unit_aware	all	13	0.88	ok	fallback	mafft_linsi	not a tandem repeat (control_nontr_sv)	control_nontr_sv	742	452	0	1270	1269	10703	307.0	4.0	12000	1800	3	0.53	0.02	0.0	0.33													1271	34	45	1270	5	6.7	0.2			7.4	2026-09-26T13:59:03	
L016523	unit_aware	all	38	3.15	ok	unit			control_vntr_correct	2747	399	0	2870	2858	107205	347.0	72.0	12000	1800	3	2.67	0.09	0.0	0.39	63	33	610	exact	False	False	1.0326				unit	1.0	2895	184	257	2857	64	23.3	0.4219	0	0	12.1	2026-09-26T13:59:42	
L016830	unit_aware	all	126	10.91	ok	unit			control_vntr_correct	4801	454	2	6311	6311	534839	641.0	170.0	12000	1800	3	9.91	0.48	0.01	0.5	231	117	150	exact	False	False	1.0164				unit	1.0	6935	1280	1844	4809	160	33.3	0.4188	0	0	10.5	2026-09-26T14:06:40	
L016870	unit_aware	all	162	111.88	ok	unit			hotspot_other	6619	340	7	29811	22931	1089207	2373.0	2736.0	12000	1800	3	102.34	8.77	0.07	0.7	1070	147	6376	kmer3	False	False	1.022				unit	1.0	44363	31962	57900	8997	2859	431.9	0.453	0	0	13.6	2026-09-26T14:14:45	
L016884	unit_aware	all	273	13.34	ok	unit			control_vntr_correct	2096	343	0	2463	2368	546900	589.0	142.0	12000	1800	3	12.29	0.46	0.01	0.59	75	272	127	kmer3	False	False	1.1351				unit	1.0	2747	1260	2061	2341	720	343.5	0.6139	0	0	11.1	2026-09-26T14:06:54	
L017097	unit_aware	all	20	2.06	ok	fallback	mafft_linsi	not a tandem repeat (control_nontr_sv)	control_nontr_sv	762	342	0	1619	1619	29806	314.0	3.0	12000	1800	3	1.68	0.03	0.0	0.35													1619	77	103	1619	51	66.9	0.6275			7.9	2026-09-26T13:59:15	
L017325	unit_aware	all	196	18.42	ok	unit			control_vntr_matched	6845	341	0	6845	5757	812083	876.0	574.0	12000	1800	3	17.1	0.66	0.01	0.64	99	194	737	kmer3	False	False	1.0523				unit	1.0	7277	2230	3406	7037	1065	155.6	0.4216	0	0	8.2	2026-09-26T14:09:58	
TR101140	unit_aware	all	147	66.65	ok	fallback	mafft_fftnsi	motif unusable: 1 CHM13 units < 3; array covers 0.00 of the core < 0.50	control_vntr_matched	7400	457	0	10668	9639	1085021	973.0	3143.0	12000	1800	3	64.5	1.37	0.04	0.74													23690	3269	4484	11178	981	132.6	0.6351			15.7	2026-09-26T14:13:34	
TR368009	unit_aware	all	114	37.04	ok	unit			control_vntr_matched	10964	455	0	13796	13796	1357701	975.0	931.0	12000	1800	3	35.42	0.91	0.02	0.69	283	114	76	exact	False	False	1.0189				unit	1.0	13800	1150	1572	10967	465	42.4	0.4473	0	0	10.2	2026-09-26T14:18:47	
TR423938	unit_aware	all	42	2.42	ok	unit			control_vntr_matched	2256	448	0	3102	3102	93890	356.0	0.0	12000	1800	3	1.88	0.14	0.01	0.4	80	37	155	exact	False	False	1.1018				unit	1.0	3400	554	797	2266	178	78.9	0.4719	0	0	8.2	2026-09-26T13:59:34	
TR424743	unit_aware	all	96	16.2	ok	unit			control_vntr_matched	3571	367	0	18254	12670	612449	1052.0	576.0	12000	1800	3	15.11	0.57	0.03	0.49	149	93	415	exact	False	False	1.0045				unit	1.0	18463	694	966	9358	143	40.0	0.5245	0	0	10.0	2026-09-26T14:07:45	
TR446002	unit_aware	all	34	2.57	ok	unit			control_vntr_matched	2314	417	0	2324	2316	78040	334.0	10.0	12000	1800	3	2.06	0.09	0.0	0.42	40	23	815	exact	False	False	1.0207				unit	1.0	2326	110	155	2314	27	11.7	0.4444	0	0	8.0	2026-09-26T13:59:28	
TR455654	unit_aware	all	53	5.73	ok	unit			control_vntr_matched	2403	455	0	2441	2418	126887	356.0	55.0	12000	1800	3	5.27	0.1	0.0	0.36	41	47	773	exact	False	False	1.024				unit	1.0	2466	172	244	2447	45	18.7	0.4667	0	0	12.2	2026-09-26T13:59:55	
TR460913	unit_aware	all	42	1.45	ok	unit			control_vntr_matched	1313	440	0	1505	1313	54618	327.0	4.0	12000	1800	3	1.03	0.06	0.0	0.36	40	37	43	exact	False	False	1.0314				unit	1.0	1505	136	183	1313	57	43.4	0.6316	0	0	7.9	2026-09-26T13:59:17	
TR499275	unit_aware	all	45	4.33	ok	unit			control_vntr_matched	4345	457	0	4471	4346	195217	386.0	80.0	12000	1800	3	3.79	0.13	0.01	0.4	254	42	539	exact	False	False	1.1498				unit	1.0	4474	131	178	4350	33	7.6	0.4545	0	0	10.7	2026-09-26T14:00:18	
TR499276	unit_aware	all	65	7.64	ok	unit			control_vntr_matched	4483	455	1	4484	4484	291404	425.0	99.0	12000	1800	3	7.02	0.18	0.01	0.43	272	63	515	exact	False	False	1.0				unit	1.0	4484	181	241	4483	40	8.9	0.675	0	0	12.1	2026-09-26T14:02:41	
TR573259	unit_aware	all	84	8.3	ok	unit			control_vntr_matched	2919	456	0	6619	5670	322923	539.0	164.0	12000	1800	3	7.46	0.35	0.02	0.47	75	83	260	exact	False	False	1.0585				unit	1.0	7123	1438	2128	3936	205	70.2	0.4098	0	0	11.4	2026-09-26T14:03:04	
TR668316	unit_aware	all	123	13.76	ok	unit			control_vntr_matched	3063	394	0	4188	3819	380931	521.0	329.0	12000	1800	3	13.07	0.28	0.01	0.4	85	116	28	exact	False	False	1.074				unit	1.0	4675	570	800	3945	106	34.6	0.434	0	0	10.8	2026-09-26T14:04:19	
TR687433	unit_aware	all	47	3.74	ok	unit			control_vntr_matched	3352	278	0	4912	3722	143901	399.0	146.0	12000	1800	3	3.17	0.16	0.01	0.41	63	43	69	exact	False	False	1.0726				unit	1.0	5100	834	1153	3352	92	27.4	0.5761	0	0	12.2	2026-09-26T13:59:59	
TR687489	unit_aware	all	53	4.23	ok	unit			control_vntr_matched	2731	450	0	4247	4002	146146	397.0	172.0	12000	1800	3	3.72	0.13	0.01	0.37	71	44	46	exact	False	False	1.026				unit	1.0	4320	448	623	2734	12	4.4	0.5	0	0	12.1	2026-09-26T14:00:00	
TR724750	unit_aware	all	76	5.78	ok	unit			control_vntr_matched	2978	458	0	3731	3727	229488	422.0	100.0	12000	1800	3	4.89	0.34	0.01	0.54	97	71	76	exact	False	False	1.0817				unit	1.0	4077	1546	2187	3150	387	130.0	0.6486	0	0	10.7	2026-09-26T14:00:41	
TR743754	unit_aware	all	42	2.6	ok	unit			control_vntr_matched	2923	457	0	3007	2926	120504	354.0	6.0	12000	1800	3	2.1	0.1	0.0	0.39	71	42	33	exact	False	False	1.0077				unit	1.0	3010	211	287	2923	115	39.3	0.5043	0	0	12.6	2026-09-26T13:59:48	
TR755726	unit_aware	all	271	17.61	ok	unit			target	1669	456	0	4001	4001	491809	765.0	439.0	12000	1800	3	16.67	0.49	0.01	0.44	301	268	54	kmer3	False	False	1.069				unit	1.0	4370	1719	2919	2464	552	330.7	0.6413	0	0	3.5	2026-10-01T22:51:06	
TR755896	unit_aware	all	74	5.84	ok	unit			target	3505	455	0	4446	4269	231973	441.0	160.0	12000	1800	3	5.13	0.24	0.01	0.45	52	68	65	exact	False	False	1.0401				unit	1.0	4581	866	1201	3691	299	85.3	0.6087	0	0	2.2	2026-10-01T22:50:11	
TR755910	unit_aware	all	124	8.82	ok	unit			target	2581	454	0	5061	5061	348066	569.0	144.0	12000	1800	3	8.15	0.26	0.01	0.4	29	114	70	exact	False	False	1.0031				unit	1.0	5064	477	677	4391	138	53.5	0.4348	0	0	3.0	2026-10-01T22:50:34	
TR757936	unit_aware	all	93	68.12	ok	unit			target	6462	459	0	7085	6621	591649	583.0	656.0	12000	1800	3	67.29	0.37	0.01	0.46	20	28	15	exact	False	False	1.0106				unit	1.0	7120	349	496	6473	88	13.6	0.5341	0	0	4.7	2026-10-01T22:52:03	
TR760137	unit_aware	all	81	10.93	ok	unit			target	3590	448	0	5435	5435	304519	489.0	242.0	12000	1800	3	10.19	0.3	0.01	0.43	146	53	95	exact	False	False	1.0746				unit	1.0	5791	1089	1517	3767	347	96.7	0.4928	0	0	2.8	2026-10-01T22:50:31	
TR761026	unit_aware	all	140	12.19	ok	unit			target	3756	447	0	5984	4890	471152	660.0	213.0	12000	1800	3	11.08	0.57	0.01	0.53	101	113	376	exact	False	False	1.05				unit	1.0	6399	3049	4759	4139	818	217.8	0.5562	0	0	3.2	2026-10-01T22:50:53	
TR761129	unit_aware	all	276	276.43	ok	unit			target	5686	452	8	8110	8071	1568378	1261.0	7259.0	12000	1800	3	273.94	1.68	0.02	0.79	279	258	198	kmer3	False	False	1.2346	mafft_fftnsi	ok	2.109	unit	1.0	11068	5917	9217	6630	1687	296.7	0.5993	0	0	2.5	2026-10-01T22:57:44	
TR764119	unit_aware	all	186	8.16	ok	unit			target	1018	457	0	1113	1109	194845	389.0	131.0	12000	1800	3	7.67	0.14	0.0	0.35	30	175	114	kmer3	False	False	1.2208	mafft_fftnsi	ok	1.5974	unit	1.0	1171	305	502	1126	102	100.2	0.5	0	0	2.1	2026-10-01T22:50:05	
TR765271	unit_aware	all	160	4.94	ok	unit			target	1666	451	0	1686	1678	259370	416.0	102.0	12000	1800	3	4.35	0.2	0.0	0.38	20	159	280	kmer3	False	False	1.1589				unit	1.0	1797	569	837	1710	183	109.8	0.4645	0	0	2.2	2026-10-01T22:50:11	
TR766584	unit_aware	all	64	2.1	ok	unit			target	1030	454	0	1204	1179	66193	333.0	4.0	12000	1800	3	1.69	0.07	0.0	0.33	6	61	303	exact	False	False	1.0635				unit	1.0	1254	502	755	1031	54	52.4	0.2778	0	0	1.5	2026-10-01T22:49:55	
TR769752	unit_aware	all	419	21.87	ok	unit			target	2010	455	0	2362	2315	820713	725.0	506.0	12000	1800	3	20.8	0.66	0.01	0.41	74	419	63	kmer3	False	False	1.1362				unit	1.0	3270	1202	1950	2051	287	142.8	0.4146	0	0	4.3	2026-10-01T22:51:29	
TR770009	unit_aware	all	184	9.48	ok	unit			target	2274	457	0	4134	3002	366758	626.0	136.0	12000	1800	3	8.69	0.42	0.01	0.35	203	177	178	kmer3	False	False	1.0283				unit	1.0	4449	1921	3177	2278	202	88.8	0.5149	0	0	2.9	2026-10-01T22:50:40	
TR772198	unit_aware	all	251	14.1	ok	unit			target	2100	455	0	4457	3304	452034	780.0	430.0	12000	1800	3	13.08	0.47	0.01	0.53	60	247	113	kmer3	False	False	1.0498				unit	1.0	5047	2167	3260	3795	1004	478.1	0.5627	0	0	2.9	2026-10-01T22:50:48	
TR772413	unit_aware	all	179	12.81	ok	unit			target	2143	440	0	2518	2457	282774	493.0	237.0	12000	1800	3	12.09	0.26	0.01	0.45	299	178	11	kmer3	False	False	1.0834				unit	1.0	2838	985	1397	2339	575	268.3	0.7148	0	0	2.7	2026-10-01T22:50:24	
TR772722	unit_aware	all	41	1.76	ok	unit			target	1942	445	0	2114	2113	82399	337.0	3.0	12000	1800	3	1.33	0.08	0.0	0.33	61	36	96	exact	False	False	1.0551				unit	1.0	2169	325	467	2128	83	42.7	0.4096	0	0	3.1	2026-10-01T22:57:55	
TR772945	unit_aware	all	166	7.12	ok	unit			target	1951	457	0	4276	2726	273231	605.0	109.0	12000	1800	3	6.49	0.24	0.01	0.38	22	158	120	kmer3	False	False	1.0323				unit	1.0	4320	533	777	2015	239	122.5	0.3222	0	0	2.5	2026-10-01T22:50:19	
TR772976	unit_aware	all	398	106.06	ok	unit			target	1295	439	0	6041	5512	1116120	1332.0	1445.0	12000	1800	3	102.11	2.75	0.02	1.17	59	392	2807	kmer3	False	False	1.1227				unit	1.0	10751	11675	24106	5745	4818	3720.5	0.7677	2	1696	5.2	2026-10-01T22:53:49	
TR772999	unit_aware	all	417	62.8	ok	unit			target	3312	455	0	7713	7478	1381104	1680.0	1371.0	12000	1800	3	59.74	1.91	0.02	1.12	147	417	620	kmer3	False	False	1.0703				unit	1.0	9098	8401	14262	7953	4183	1263.0	0.7052	0	0	6.2	2026-10-01T22:53:07	
TR773234	unit_aware	all	121	2.57	ok	fallback	mafft_fftnsi	motif unusable: array covers 0.37 of the core < 0.50	target	920	453	0	1196	1193	139038	362.0	2.0	12000	1800	3	2.13	0.1	0.0	0.34													1316	175	291	1165	44	47.8	0.6591			1.7	2026-10-01T22:49:59	
TR773368	unit_aware	all	47	1.52	ok	unit			target	1235	453	0	1403	1403	56209	328.0	1.0	12000	1800	3	1.14	0.05	0.0	0.32	24	41	19	exact	False	False	1.0168				unit	1.0	1403	143	199	1235	29	23.5	0.4138	0	0	3.1	2026-10-01T22:57:55	
TR773452	unit_aware	all	67	5.16	ok	unit			target	2003	444	0	4861	4461	228821	440.0	99.0	12000	1800	3	4.38	0.29	0.01	0.47	53	64	216	exact	False	False	1.0299				unit	1.0	4964	1339	1917	4381	511	255.1	0.5597	0	0	2.1	2026-10-01T22:50:04	
TR773491	unit_aware	all	286	33.99	ok	unit			target	4194	454	0	7153	6957	1069246	1178.0	958.0	12000	1800	3	32.45	0.96	0.02	0.56	108	286	134	kmer3	False	False	1.0666				unit	1.0	8511	3068	4637	6126	891	212.4	0.4826	0	0	4.6	2026-10-01T22:52:03	
TR831034	unit_aware	all	322	177.57	ok	unit			control_vntr_matched	6904	342	0	7462	7419	2219717	1331.0	1696.0	12000	1800	3	173.99	2.39	0.02	1.17	179	321	3694	kmer3	False	False	1.1445				unit	1.0	9565	7954	13011	7816	2848	412.5	0.6861	0	0	7.3	2026-09-26T14:36:18	
TR755508	unit_aware_poa	all	10	2.56	ok	unit			target	4568	10	0	10716	10606	77327	346.0	2.0	12000	1800	2	1.4	0.14	0.0	1.01	86	10	1471	exact	False	False	1.0256				unit	1.0	10978	3251	4976	10978	3251	711.7	0.5577	0	0	5.8	2026-10-01T23:14:27	
TR755509	unit_aware_poa	all	43	1.65	ok	unit			target	1497	431	2	1958	1869	70011	336.0	2.0	12000	1800	2	1.21	0.1	0.0	0.33	68	31	16	exact	False	False	1.0473				unit	1.0	2055	484	665	1683	90	60.1	0.6	0	0	5.8	2026-10-01T23:14:15	
TR755559	unit_aware_poa	all	19	0.49	ok	unit			target	896	457	0	896	896	16472	307.0	2.0	12000	1800	2	0.15	0.02	0.0	0.32	6	9	4	exact	False	False	1.0058				unit	1.0	896	52	69	896	18	20.1	0.5556	0	0	6.4	2026-10-01T23:12:13	
TR755604	unit_aware_poa	all	273	9.09	ok	unit			target	1389	456	0	2123	1991	330101	549.0	116.0	12000	1800	2	8.29	0.36	0.01	0.43	138	247	93	kmer3	False	False	1.1137				unit	1.0	2509	1822	3169	1563	630	453.6	0.6238	0	0	4.6	2026-10-01T23:18:08	
TR755607	unit_aware_poa	all	22	0.6	ok	unit			target	876	394	0	1004	1001	19775	309.0	1.0	12000	1800	2	0.25	0.02	0.0	0.32	12	14	6	exact	False	False	1.0103				unit	1.0	1007	52	72	940	12	13.7	0.5	0	0	7.4	2026-10-01T23:12:26	
TR755613	unit_aware_poa	all	43	0.4	ok	fallback	poa_abpoa	motif unusable: array covers 0.08 of the core < 0.50	target	812	456	0	1037	814	31709	319.0	1.0	12000	1800	2	0.04	0.04	0.0	0.33													1039	88	123	814	30	36.9	0.5333			5.8	2026-10-01T23:12:54	
TR755650	unit_aware_poa	all	31	0.46	ok	unit			target	604	452	0	770	670	17522	310.0	3.0	12000	1800	2	0.12	0.02	0.0	0.31	4	9	11	exact	False	False	1.0011				unit	1.0	771	43	62	605	12	19.9	0.4167	0	0	6.4	2026-10-01T23:12:17	
TR755658	unit_aware_poa	all	65	0.82	ok	unit			target	695	456	0	695	674	40656	319.0	4.0	12000	1800	2	0.44	0.05	0.0	0.33	91	62	9	exact	False	False	1.1381				unit	1.0	765	218	355	698	65	93.5	0.4769	0	0	5.0	2026-10-01T23:13:15	
TR755664	unit_aware_poa	all	58	0.9	ok	unit			target	847	456	0	1000	970	49499	325.0	4.0	12000	1800	2	0.52	0.06	0.0	0.31	23	44	68	exact	False	False	1.0771				unit	1.0	1115	304	472	849	33	39.0	0.303	0	0	7.9	2026-10-01T23:13:35	
TR755726	unit_aware_poa	all	271	17.09	ok	unit			target	1669	456	0	4001	4001	491809	765.0	513.0	12000	1800	2	16.15	0.49	0.01	0.44	301	268	54	kmer3	False	False	1.069				unit	1.0	4370	1719	2919	2464	552	330.7	0.6413	0	0	4.8	2026-10-01T23:19:55	
TR755752	unit_aware_poa	all	105	3.95	ok	unit			target	1180	451	0	2389	2389	149602	408.0	87.0	12000	1800	2	3.5	0.12	0.0	0.33	14	88	16	exact	False	False	1.0084				unit	1.0	2391	258	365	1273	14	11.9	0.4286	0	0	5.0	2026-10-01T23:16:02	
TR755778	unit_aware_poa	all	12	0.39	ok	unit			target	675	347	0	714	714	7979	304.0	2.0	12000	1800	2	0.06	0.01	0.0	0.31	4	7	6	exact	False	False	1.007				unit	1.0	714	23	31	714	8	11.9	0.25	0	0	9.0	2026-10-01T23:11:41	
TR755783	unit_aware_poa	all	18	0.41	ok	unit			target	608	458	0	680	680	11204	305.0	3.0	12000	1800	2	0.08	0.02	0.0	0.32	5	8	7	exact	False	False	1.1366				unit	1.0	692	38	53	692	26	42.8	0.4615	0	0	7.7	2026-10-01T23:11:54	
TR755791	unit_aware_poa	all	387	67.02	ok	unit			target	3350	451	0	6144	6026	1008166	1320.0	1372.0	12000	1800	2	64.33	2.01	0.02	0.66	201	386	1500	kmer3	False	False	1.0884				unit	1.0	8632	10048	20850	3414	1853	553.1	0.6838	0	0	4.4	2026-10-01T23:23:03	
TR755827	unit_aware_poa	all	22	0.49	ok	unit			target	701	430	0	833	745	15364	308.0	4.0	12000	1800	2	0.14	0.02	0.0	0.33	12	16	14	exact	False	False	1.0218				unit	1.0	833	83	117	745	48	68.5	0.5833	0	0	6.4	2026-10-01T23:12:10	
TR755836	unit_aware_poa	all	19	0.5	ok	unit			target	939	292	0	943	943	17380	308.0	2.0	12000	1800	2	0.16	0.02	0.0	0.32	18	17	131	exact	False	False	1.0581				unit	1.0	951	64	92	943	38	40.5	0.2632	0	0	6.4	2026-10-01T23:12:16	
TR755843	unit_aware_poa	all	24	0.59	ok	unit			target	1042	454	0	1158	1158	25265	312.0	3.0	12000	1800	2	0.23	0.03	0.0	0.33	39	18	157	exact	False	False	1.0349				unit	1.0	1162	56	77	1162	37	35.5	0.3784	0	0	6.3	2026-10-01T23:12:41	
TR755864	unit_aware_poa	all	38	1.2	ok	unit			target	1603	442	0	1824	1680	56785	330.0	1.0	12000	1800	2	0.82	0.05	0.0	0.33	14	35	17	exact	False	False	1.0115				unit	1.0	1824	105	146	1680	46	28.7	0.5652	0	0	6.9	2026-10-01T23:13:51	
TR755871	unit_aware_poa	all	65	1.96	ok	unit			target	961	431	0	2666	2356	70833	374.0	1.0	12000	1800	2	1.55	0.07	0.0	0.34	7	42	15	exact	False	False	1.0039				unit	1.0	2667	86	121	1582	19	19.8	0.3684	0	0	5.8	2026-10-01T23:14:17	
TR755881	unit_aware_poa	all	119	1.58	ok	unit			target	794	454	0	845	839	96468	343.0	4.0	12000	1800	2	1.19	0.07	0.0	0.32	33	119	59	exact	False	False	1.1162				unit	1.0	863	130	216	854	46	57.9	0.6087	0	0	5.0	2026-10-01T23:14:53	
TR755886	unit_aware_poa	all	28	0.78	ok	unit			target	1044	457	0	1123	1047	28096	313.0	4.0	12000	1800	2	0.41	0.03	0.0	0.33	17	12	8	exact	False	False	1.07				unit	1.0	1131	99	139	1048	73	69.9	0.5342	0	0	6.1	2026-10-01T23:12:45	
TR755896	unit_aware_poa	all	74	5.38	ok	unit			target	3505	455	0	4446	4269	231973	441.0	159.0	12000	1800	2	4.68	0.24	0.01	0.45	52	68	65	exact	False	False	1.0401				unit	1.0	4581	866	1201	3691	299	85.3	0.6087	0	0	4.6	2026-10-01T23:17:12	
TR755910	unit_aware_poa	all	124	8.49	ok	unit			target	2581	454	0	5061	5061	348066	569.0	146.0	12000	1800	2	7.82	0.26	0.01	0.4	29	114	70	exact	False	False	1.0031				unit	1.0	5064	479	679	4391	138	53.5	0.4348	0	0	4.9	2026-10-01T23:18:17	
TR755996	unit_aware_poa	all	206	3.61	ok	unit			target	890	456	0	1266	1214	192964	412.0	74.0	12000	1800	2	3.11	0.15	0.0	0.35	87	203	29	kmer3	False	False	1.1096				unit	1.0	1296	485	777	958	133	149.4	0.6466	0	0	4.4	2026-10-01T23:16:41	
TR756000	unit_aware_poa	all	97	1.36	ok	unit			target	1086	455	0	1476	1398	101949	361.0	4.0	12000	1800	2	0.96	0.07	0.0	0.33	8	28	20	exact	False	False	1.0032				unit	1.0	1476	102	144	1164	26	23.9	0.3462	0	0	4.8	2026-10-01T23:15:02	
TR756022	unit_aware_poa	all	19	0.59	ok	unit			target	1230	454	0	1365	1320	21120	311.0	3.0	12000	1800	2	0.24	0.03	0.0	0.33	8	18	15	exact	False	False	1.014				unit	1.0	1365	89	123	1230	42	34.1	0.619	0	0	7.0	2026-10-01T23:12:29	
TR756034	unit_aware_poa	all	450	142.08	ok	unit			target	14411	456	0	18316	17586	2121049	3837.0	2828.0	12000	1800	2	136.76	3.75	0.04	1.52	192	450	1310	kmer3	False	False	1.0559				unit	1.0	20061	14821	25799	14528	6425	445.8	0.6579	0	0	4.4	2026-10-01T23:27:44	
TR756077	unit_aware_poa	all	38	0.66	ok	unit			target	767	441	0	1107	971	28806	318.0	1.0	12000	1800	2	0.31	0.03	0.0	0.32	5	18	9	exact	False	False	1.0069				unit	1.0	1107	58	80	1107	19	24.8	0.4211	0	0	6.1	2026-10-01T23:12:47	
TR756131	unit_aware_poa	all	36	0.81	ok	unit			target	1240	458	0	1252	1251	42330	319.0	3.0	12000	1800	2	0.4	0.05	0.0	0.35	39	24	140	exact	False	False	1.0704				unit	1.0	1255	208	302	1245	172	138.7	0.5698	0	0	5.0	2026-10-01T23:13:20	
TR756187	unit_aware_poa	all	33	1.12	ok	unit			target	1595	458	0	2144	1900	53853	330.0	3.0	12000	1800	2	0.72	0.05	0.0	0.35	19	30	25	exact	False	False	1.0138				unit	1.0	2144	124	171	1839	50	31.3	0.5	0	0	7.6	2026-10-01T23:13:41	
TR756283	unit_aware_poa	all	12	0.35	ok	fallback	poa_abpoa	no usable period (annotated period 43.0, motif 'GCCCGGCCCGGTTGGGAGGC')	target	618	456	0	618	618	7142	303.0	4.0	12000	1800	2	0.01	0.02	0.0	0.32													618	26	34	618	14	22.7	0.4286			9.6	2026-10-01T23:11:38	
TR756292	unit_aware_poa	all	341	11.6	ok	unit			target	1193	455	0	1891	1887	491538	577.0	146.0	12000	1800	2	10.84	0.38	0.01	0.37	29	341	285	kmer3	False	False	1.0671				unit	1.0	2057	914	1422	1739	300	251.5	0.5667	0	0	5.0	2026-10-01T23:19:44	
TR756310	unit_aware_poa	all	131	3.19	ok	unit			target	1298	456	0	1625	1593	177254	391.0	93.0	12000	1800	2	2.7	0.15	0.0	0.34	80	87	158	exact	False	False	1.0391				unit	1.0	1720	436	672	1375	39	30.0	0.4359	0	0	4.6	2026-10-01T23:16:26	
TR756343	unit_aware_poa	all	36	1.03	ok	unit			target	1185	443	0	1234	1233	43141	319.0	2.0	12000	1800	2	0.65	0.05	0.0	0.33	47	34	10	exact	False	False	1.0474				unit	1.0	1234	143	197	1233	66	55.7	0.6364	0	0	5.0	2026-10-01T23:13:22	
TR756355	unit_aware_poa	all	11	0.36	ok	fallback	poa_abpoa	motif unusable: array covers 0.09 of the core < 0.50	target	726	450	0	726	726	7575	303.0	2.0	12000	1800	2	0.02	0.02	0.0	0.32													726	35	47	726	24	33.1	0.625			9.0	2026-10-01T23:11:39	
TR756418	unit_aware_poa	all	15	0.5	ok	unit			target	667	453	0	1153	991	10815	307.0	4.0	12000	1800	2	0.16	0.02	0.0	0.31	19	12	16	exact	False	False	1.0046				unit	1.0	1153	56	77	667	6	9.0	0.3333	0	0	8.0	2026-10-01T23:11:53	
TR756474	unit_aware_poa	all	88	1.52	ok	unit			target	759	454	0	1146	1003	67302	343.0	2.0	12000	1800	2	1.1	0.09	0.0	0.33	54	70	18	exact	False	False	1.0294				unit	1.0	1268	373	548	955	125	164.7	0.68	0	0	6.2	2026-10-01T23:14:08	
TR756490	unit_aware_poa	all	18	0.65	ok	unit			target	1300	446	0	1300	1300	22556	310.0	0.0	12000	1800	2	0.28	0.03	0.0	0.34	10	16	11	exact	False	False	1.0175				unit	1.0	1303	71	96	1300	23	17.7	0.5217	0	0	6.7	2026-10-01T23:12:34	
TR756519	unit_aware_poa	all	12	0.37	ok	fallback	poa_abpoa	motif unusable: array covers 0.02 of the core < 0.50	target	1096	457	0	1286	1096	13342	307.0	1.0	12000	1800	2	0.02	0.02	0.0	0.32													1286	33	43	1286	6	5.5	0.3333			7.2	2026-10-01T23:12:01	
TR756669	unit_aware_poa	all	232	3.39	ok	unit			target	777	450	0	1046	1029	183617	404.0	93.0	12000	1800	2	2.88	0.16	0.0	0.34	40	222	103	kmer3	False	False	1.034				unit	1.0	1067	602	990	956	107	137.7	0.4393	0	0	4.5	2026-10-01T23:16:32	
TR756670	unit_aware_poa	all	124	4.39	ok	unit			target	1983	448	0	2259	2258	251756	420.0	114.0	12000	1800	2	3.7	0.25	0.0	0.43	125	117	41	exact	False	False	1.1342				unit	1.0	2626	947	1407	2244	310	156.3	0.6129	0	0	4.9	2026-10-01T23:17:26	
TR756685	unit_aware_poa	all	108	3.23	ok	unit			target	1071	451	0	1163	1151	119087	354.0	72.0	12000	1800	2	2.78	0.1	0.0	0.35	14	104	261	exact	False	False	1.1123				unit	1.0	1197	352	542	1149	150	140.1	0.64	0	0	5.6	2026-10-01T23:15:28	
TR756692	unit_aware_poa	all	168	8.83	ok	unit			target	3577	449	0	3839	3819	586731	577.0	108.0	12000	1800	2	8.11	0.34	0.01	0.37	15	64	63	exact	False	False	1.0472				unit	1.0	4075	750	1098	3651	204	57.0	0.5392	0	0	4.8	2026-10-01T23:19:53	
TR756695	unit_aware_poa	all	168	14.23	ok	unit			target	3577	449	0	3839	3819	586731	577.0	179.0	12000	1800	2	13.49	0.36	0.01	0.37	46	39	18	exact	False	False	1.0451				unit	1.0	4073	727	1067	3650	102	28.5	0.4804	0	0	4.6	2026-10-01T23:20:07	
TR756743	unit_aware_poa	all	61	1.2	ok	unit			target	911	406	0	1181	1127	57847	331.0	2.0	12000	1800	2	0.83	0.04	0.0	0.32	7	15	9	exact	False	False	1.0151				unit	1.0	1182	70	100	1074	26	28.5	0.5769	0	0	6.9	2026-10-01T23:13:53	
TR756756	unit_aware_poa	all	72	0.41	ok	fallback	poa_abpoa	motif unusable: array covers 0.09 of the core < 0.50	target	644	454	0	656	652	42810	320.0	1.0	12000	1800	2	0.03	0.04	0.0	0.33													672	117	191	658	65	100.9	0.6462			5.0	2026-10-01T23:13:21	
TR756801	unit_aware_poa	all	34	0.52	ok	unit			target	563	442	0	603	599	19318	309.0	1.0	12000	1800	2	0.18	0.02	0.0	0.32	9	32	41	exact	False	False	1.1494				unit	1.0	638	74	112	576	33	58.6	0.4242	0	0	7.4	2026-10-01T23:12:25	
TR756802	unit_aware_poa	all	62	1.14	ok	unit			target	825	451	0	1421	1413	53795	338.0	1.0	12000	1800	2	0.76	0.05	0.0	0.33	11	45	170	exact	False	False	1.0083				unit	1.0	1426	174	267	867	24	29.1	0.1667	0	0	7.6	2026-10-01T23:13:41	
TR756901	unit_aware_poa	all	281	7.09	ok	unit			target	768	454	0	1313	1280	273576	458.0	125.0	12000	1800	2	6.41	0.3	0.01	0.38	43	280	181	kmer3	False	False	1.0904				unit	1.0	1596	1053	2033	1071	289	376.3	0.481	0	0	5.2	2026-10-01T23:17:40	
TR756961	unit_aware_poa	all	52	0.89	ok	unit			target	870	456	0	1084	923	44076	324.0	2.0	12000	1800	2	0.52	0.05	0.0	0.32	50	42	19	exact	False	False	1.0471				unit	1.0	1187	180	255	873	43	49.4	0.4884	0	0	6.4	2026-10-01T23:13:24	
TR757046	unit_aware_poa	all	7	0.34	ok	fallback	poa_abpoa	motif unusable: array covers 0.16 of the core < 0.50	target	538	434	0	589	589	4065	302.0	4.0	12000	1800	2	0.02	0.01	0.0	0.31													589	16	21	589	5	9.3	0.2			10.1	2026-10-01T23:11:32	
TR757059	unit_aware_poa	all	69	2.67	ok	unit			target	1314	458	0	1614	1577	84258	348.0	1.0	12000	1800	2	2.17	0.11	0.0	0.38	100	64	9	exact	False	False	1.1034				unit	1.0	1715	553	789	1624	178	135.5	0.4663	0	0	5.3	2026-10-01T23:14:37	
TR757073	unit_aware_poa	all	123	1.37	ok	unit			target	832	457	0	835	834	98943	344.0	4.0	12000	1800	2	0.98	0.06	0.0	0.32	7	14	7	exact	False	False	1.0121				unit	1.0	839	100	180	834	38	45.7	0.5789	0	0	4.8	2026-10-01T23:15:00	
TR757142	unit_aware_poa	all	16	0.36	ok	fallback	poa_abpoa	motif unusable: 1 CHM13 units < 3; array covers 0.02 of the core < 0.50	target	732	437	0	732	732	11432	305.0	1.0	12000	1800	2	0.02	0.02	0.0	0.32													732	45	60	732	8	10.9	0.5			7.7	2026-10-01T23:11:56	
TR757143	unit_aware_poa	all	24	0.37	ok	fallback	poa_abpoa	motif unusable: array covers 0.00 of the core < 0.50	target	514	457	0	629	514	12412	306.0	1.0	12000	1800	2	0.02	0.02	0.0	0.32													631	62	84	630	26	50.6	0.5769			7.2	2026-10-01T23:11:59	
TR757292	unit_aware_poa	all	26	0.55	ok	unit			target	654	451	0	1033	1029	22998	312.0	4.0	12000	1800	2	0.2	0.03	0.0	0.32	11	23	20	exact	False	False	1.0162				unit	1.0	1037	79	116	729	11	16.8	0.3636	0	0	6.7	2026-10-01T23:12:36	
TR757312	unit_aware_poa	all	56	0.81	ok	unit			target	822	458	0	981	940	47068	324.0	3.0	12000	1800	2	0.45	0.04	0.0	0.31	17	32	19	exact	False	False	1.0608				unit	1.0	1025	125	189	915	40	48.7	0.225	0	0	8.2	2026-10-01T23:13:31	
TR757338	unit_aware_poa	all	5	0.36	ok	fallback	poa_abpoa	motif unusable: array covers 0.06 of the core < 0.50	target	1191	301	0	1191	1191	5723	303.0	2.0	12000	1800	2	0.02	0.01	0.0	0.33													1191	11	14	1191	9	7.6	0.4444			9.6	2026-10-01T23:11:36	
TR757370	unit_aware_poa	all	99	1.38	ok	unit			target	899	457	0	927	927	89072	339.0	4.0	12000	1800	2	0.99	0.07	0.0	0.32	16	85	56	exact	False	False	1.08				unit	1.0	951	183	294	917	56	62.3	0.625	0	0	5.2	2026-10-01T23:14:42	
TR757380	unit_aware_poa	all	44	0.76	ok	unit			target	849	449	0	1197	933	35869	323.0	2.0	12000	1800	2	0.38	0.05	0.0	0.33	25	35	32	exact	False	False	1.0992				unit	1.0	1202	208	310	851	83	97.8	0.494	0	0	5.4	2026-10-01T23:13:04	
TR757402	unit_aware_poa	all	137	1.83	ok	unit			target	784	447	0	858	853	107749	350.0	2.0	12000	1800	2	1.42	0.07	0.0	0.33	25	117	88	exact	False	False	1.0658				unit	1.0	869	179	288	857	81	103.3	0.4568	0	0	6.2	2026-10-01T23:15:11	
TR757450	unit_aware_poa	all	55	1.14	ok	unit			target	1040	455	0	1432	1378	59684	334.0	2.0	12000	1800	2	0.76	0.07	0.0	0.32	38	51	52	exact	False	False	1.1024				unit	1.0	1482	263	442	1040	25	24.0	0.2	0	0	6.6	2026-10-01T23:13:57	
TR757562	unit_aware_poa	all	91	1.29	ok	unit			target	792	397	0	980	917	68901	338.0	3.0	12000	1800	2	0.91	0.06	0.0	0.33	7	89	100	exact	False	False	1.0305				unit	1.0	983	188	287	802	82	103.5	0.5122	0	0	5.8	2026-10-01T23:14:13	
TR757644	unit_aware_poa	all	47	1.07	ok	unit			target	1198	410	0	1381	1305	56427	328.0	1.0	12000	1800	2	0.67	0.06	0.0	0.34	51	41	114	exact	False	False	1.0856				unit	1.0	1431	186	276	1243	47	39.2	0.383	0	0	7.1	2026-10-01T23:13:49	
TR757757	unit_aware_poa	all	16	0.4	ok	unit			target	621	451	0	687	621	9011	305.0	4.0	12000	1800	2	0.07	0.02	0.0	0.31	4	9	12	exact	False	False	1.0028				unit	1.0	687	36	51	621	13	20.9	0.4615	0	0	8.6	2026-10-01T23:11:46	
TR757806	unit_aware_poa	all	188	4.03	ok	unit			target	1229	455	0	1400	1245	215180	413.0	94.0	12000	1800	2	3.45	0.2	0.0	0.37	18	186	210	kmer3	False	False	1.1408				unit	1.0	1461	643	1034	1258	235	191.2	0.5064	0	0	4.4	2026-10-01T23:16:57	
TR757936	unit_aware_poa	all	93	10.28	ok	unit			target	6462	459	0	7085	6621	591649	583.0	156.0	12000	1800	2	9.44	0.37	0.01	0.46	20	28	15	exact	False	False	1.0102				unit	1.0	7120	345	492	6473	89	13.8	0.5281	0	0	4.7	2026-10-01T23:20:04	
TR757964	unit_aware_poa	all	16	0.37	ok	fallback	poa_abpoa	motif unusable: 2 CHM13 units < 3	target	915	445	0	1001	915	14124	307.0	2.0	12000	1800	2	0.02	0.02	0.0	0.32													1001	43	57	915	9	9.8	0.4444			6.9	2026-10-01T23:12:05	
TR757975	unit_aware_poa	all	156	2.06	ok	unit			target	833	389	0	902	901	136226	360.0	4.0	12000	1800	2	1.63	0.08	0.0	0.33	21	155	84	kmer3	False	False	1.0986				unit	1.0	932	132	217	917	61	73.2	0.377	0	0	5.2	2026-10-01T23:15:42	
TR757990	unit_aware_poa	all	186	6.85	ok	unit			target	2251	457	0	2366	2354	388352	489.0	195.0	12000	1800	2	5.99	0.37	0.01	0.48	169	184	61	kmer3	False	False	1.2298	poa_abpoa	ok	1.4168	unit	1.0	2685	1396	2327	2320	585	259.9	0.7077	0	0	5.3	2026-10-01T23:18:47	
TR758091	unit_aware_poa	all	74	1.28	ok	unit			target	1002	451	0	1553	1408	91838	349.0	3.0	12000	1800	2	0.88	0.06	0.0	0.33	7	66	24	exact	False	False	1.0139				unit	1.0	1553	98	142	1321	45	44.9	0.4889	0	0	5.1	2026-10-01T23:14:45	
TR758147	unit_aware_poa	all	66	2.31	ok	unit			target	1629	456	0	2445	2349	128202	369.0	3.0	12000	1800	2	1.84	0.1	0.0	0.36	25	62	39	exact	False	False	1.0165				unit	1.0	2445	286	396	2013	76	46.7	0.6184	0	0	5.5	2026-10-01T23:15:34	
TR758257	unit_aware_poa	all	40	0.84	ok	unit			target	910	456	0	1189	1070	40009	320.0	2.0	12000	1800	2	0.46	0.04	0.0	0.33	16	13	15	exact	False	False	1.0071				unit	1.0	1230	121	164	1029	36	39.6	0.5556	0	0	5.0	2026-10-01T23:13:14	
TR758291	unit_aware_poa	all	51	0.83	ok	unit			target	828	204	0	959	932	44245	321.0	1.0	12000	1800	2	0.44	0.04	0.0	0.35	31	42	21	exact	False	False	1.1868				unit	1.0	997	170	260	970	101	122.0	0.5545	0	0	6.4	2026-10-01T23:13:25	
TR758394	unit_aware_poa	all	71	0.62	ok	fallback	poa_abpoa	motif unusable: array covers 0.49 of the core < 0.50	target	1746	458	0	1814	1801	122421	355.0	4.0	12000	1800	2	0.11	0.13	0.0	0.39													1874	517	767	1777	277	158.6	0.5884			5.6	2026-10-01T23:15:28	
TR758405	unit_aware_poa	all	29	0.66	ok	unit			target	1156	445	0	1200	1193	32918	315.0	1.0	12000	1800	2	0.29	0.04	0.0	0.33	17	18	11	exact	False	False	1.0455				unit	1.0	1239	87	119	1163	36	31.1	0.4722	0	0	5.8	2026-10-01T23:12:57	
TR758447	unit_aware_poa	all	18	0.36	ok	fallback	poa_abpoa	motif unusable: array covers 0.03 of the core < 0.50	target	772	410	0	772	772	12883	306.0	1.0	12000	1800	2	0.02	0.02	0.0	0.32													772	41	55	772	12	15.5	0.5			7.2	2026-10-01T23:12:00	
TR758472	unit_aware_poa	all	19	0.51	ok	unit			target	773	452	0	957	895	15429	308.0	3.0	12000	1800	2	0.16	0.03	0.0	0.32	30	16	12	exact	False	False	1.1257				unit	1.0	957	187	257	865	17	22.0	0.3529	0	0	6.4	2026-10-01T23:12:10	
TR758570	unit_aware_poa	all	81	0.98	ok	unit			target	701	456	0	793	779	59655	328.0	11.0	12000	1800	2	0.61	0.05	0.0	0.32	25	76	15	exact	False	False	1.0227				unit	1.0	817	108	183	773	29	41.4	0.069	0	0	6.6	2026-10-01T23:13:57	
TR758616	unit_aware_poa	all	26	0.54	ok	unit			target	816	411	0	988	909	20496	311.0	4.0	12000	1800	2	0.18	0.03	0.0	0.33	22	24	17	exact	False	False	1.0738				unit	1.0	992	149	223	845	62	76.0	0.4677	0	0	7.4	2026-10-01T23:12:27	
TR759045	unit_aware_poa	all	178	2.68	ok	fallback	poa_abpoa	motif unusable: array covers 0.06 of the core < 0.50	target	8495	458	0	8500	8498	1494788	949.0	1.0	12000	1800	2	1.32	0.83	0.01	0.51													8574	522	733	8518	152	17.9	0.6382			5.0	2026-10-01T23:24:26	
TR759060	unit_aware_poa	all	17	0.49	ok	unit			target	995	441	0	1063	1005	16685	308.0	2.0	12000	1800	2	0.15	0.02	0.0	0.32	9	11	6	exact	False	False	1.0222				unit	1.0	1065	51	70	995	16	16.1	0.25	0	0	6.4	2026-10-01T23:12:14	
TR759063	unit_aware_poa	all	24	0.37	ok	fallback	poa_abpoa	motif unusable: array covers 0.45 of the core < 0.50	target	491	455	0	493	493	10963	305.0	4.0	12000	1800	2	0.02	0.02	0.0	0.32													494	102	143	492	72	146.6	0.5417			8.0	2026-10-01T23:11:52	
TR759093	unit_aware_poa	all	28	0.37	ok	fallback	poa_abpoa	no usable period (annotated period 107.0, motif 'CCAAGTAGACATGTTTCAGA')	target	732	455	0	839	732	20175	310.0	2.0	12000	1800	2	0.02	0.02	0.0	0.33													839	47	63	732	30	41.0	0.6			7.4	2026-10-01T23:12:27	
TR759248	unit_aware_poa	all	53	0.8	ok	unit			target	657	416	0	1098	1090	37035	325.0	1.0	12000	1800	2	0.45	0.03	0.0	0.32	8	43	169	exact	False	False	1.007				unit	1.0	1103	86	134	841	31	47.2	0.3871	0	0	5.4	2026-10-01T23:13:06	
TR759286	unit_aware_poa	all	32	1.03	ok	unit			target	882	454	0	1910	1910	44735	326.0	4.0	12000	1800	2	0.65	0.06	0.0	0.32	8	7	5	exact	False	False	1.1302				unit	1.0	1984	263	374	882	6	6.8	0.3333	0	0	6.4	2026-10-01T23:13:25	
TR759287	unit_aware_poa	all	44	0.54	ok	unit			target	533	450	0	533	529	21983	310.0	2.0	12000	1800	2	0.19	0.02	0.0	0.32	3	36	40	exact	False	False	1.0004				unit	1.0	533	63	109	533	25	46.9	0.6	0	0	7.0	2026-10-01T23:12:32	
TR759415	unit_aware_poa	all	407	10.35	ok	unit			target	1022	457	0	1253	1235	437529	519.0	156.0	12000	1800	2	9.69	0.3	0.0	0.35	25	406	238	kmer3	False	False	1.1419				unit	1.0	1334	564	955	1103	149	145.8	0.4899	0	0	5.0	2026-10-01T23:19:13	
TR759446	unit_aware_poa	all	410	20.84	ok	unit			target	1079	445	0	2638	2598	692795	764.0	522.0	12000	1800	2	19.8	0.57	0.01	0.45	51	410	132	kmer3	False	False	1.0512				unit	1.0	3243	1185	2060	2607	441	408.7	0.1043	0	0	4.4	2026-10-01T23:20:26	
TR759521	unit_aware_poa	all	152	1.7	ok	unit			target	670	457	0	744	742	108522	349.0	4.0	12000	1800	2	1.29	0.07	0.0	0.33	11	146	57	exact	False	False	1.1544				unit	1.0	754	149	267	743	94	140.3	0.6489	0	0	6.2	2026-10-01T23:15:12	
TR759634	unit_aware_poa	all	15	0.46	ok	unit			target	772	456	0	922	872	11858	306.0	1.0	12000	1800	2	0.11	0.02	0.0	0.32	20	13	129	exact	False	False	1.0335				unit	1.0	932	98	141	776	26	33.7	0.0769	0	0	7.7	2026-10-01T23:11:58	
TR759655	unit_aware_poa	all	141	11.92	ok	unit			target	6885	458	0	6972	6966	959635	722.0	122.0	12000	1800	2	10.93	0.53	0.01	0.45	11	35	17	exact	False	False	1.0193				unit	1.0	7189	402	585	6907	112	16.3	0.5804	0	0	4.3	2026-10-01T23:21:44	
TR759657	unit_aware_poa	all	141	11.8	ok	unit			target	6885	458	0	6972	6966	959635	722.0	147.0	12000	1800	2	10.82	0.53	0.01	0.44	24	51	11	exact	False	False	1.0251				unit	1.0	7251	497	707	6906	101	14.7	0.5446	0	0	4.7	2026-10-01T23:21:56	
TR759728	unit_aware_poa	all	45	1.4	ok	unit			target	1744	456	0	1813	1813	78387	335.0	1.0	12000	1800	2	0.98	0.07	0.0	0.35	99	41	160	exact	False	False	1.0602				unit	1.0	1904	181	256	1794	72	41.3	0.4167	0	0	5.6	2026-10-01T23:14:30	
TR759817	unit_aware_poa	all	12	0.36	ok	fallback	poa_abpoa	no usable period (annotated period 83.0, motif 'TCTGTTGGAAGTCTGACAAC')	target	683	454	0	766	686	8199	304.0	3.0	12000	1800	2	0.02	0.02	0.0	0.32													770	29	40	766	9	13.2	0.4444			9.0	2026-10-01T23:11:42	
TR759943	unit_aware_poa	all	11	0.42	ok	unit			target	973	452	0	973	973	10271	305.0	4.0	12000	1800	2	0.08	0.02	0.0	0.33	3	2	4	exact	False	False	1.0				unit	1.0	973	27	35	973	6	6.2	0.3333	0	0	8.0	2026-10-01T23:11:49	
TR759983	unit_aware_poa	all	40	0.79	ok	unit			target	492	452	0	1314	1314	29559	323.0	3.0	12000	1800	2	0.37	0.05	0.0	0.36	121	29	84	exact	False	False	1.0752				unit	1.0	1322	218	311	1322	172	349.6	0.5058	0	0	6.0	2026-10-01T23:12:50	
TR760078	unit_aware_poa	all	30	0.62	ok	unit			target	811	451	0	986	956	26203	313.0	3.0	12000	1800	2	0.24	0.04	0.0	0.33	33	25	10	exact	False	False	1.1455				unit	1.0	992	168	248	911	80	98.6	0.65	0	0	6.3	2026-10-01T23:12:42	
TR760110	unit_aware_poa	all	67	2.57	ok	unit			target	2261	449	0	2485	2437	155908	371.0	4.0	12000	1800	2	2.1	0.11	0.0	0.36	91	40	93	exact	False	False	1.0566				unit	1.0	2517	148	201	2405	52	23.0	0.5385	0	0	4.9	2026-10-01T23:16:05	
TR760124	unit_aware_poa	all	71	1.71	ok	unit			target	1263	428	0	1616	1615	87881	349.0	2.0	12000	1800	2	1.25	0.09	0.0	0.36	102	64	30	exact	False	False	1.0591				unit	1.0	1687	428	600	1620	145	114.8	0.531	0	0	5.2	2026-10-01T23:14:40	
TR760137	unit_aware_poa	all	81	5.95	ok	unit			target	3590	448	0	5435	5435	304519	489.0	181.0	12000	1800	2	5.2	0.3	0.01	0.44	146	53	95	exact	False	False	1.0695				unit	1.0	5748	1081	1526	3769	344	95.8	0.4855	0	0	5.1	2026-10-01T23:17:47	
TR760138	unit_aware_poa	all	83	11.56	ok	unit			target	3596	456	0	5321	5321	315083	490.0	635.0	12000	1800	2	10.83	0.29	0.01	0.43	112	53	16	exact	False	False	1.0742				unit	1.0	5597	1229	1745	3662	393	109.3	0.514	0	0	4.8	2026-10-01T23:17:58	
TR760148	unit_aware_poa	all	21	0.81	ok	unit			target	1471	447	0	1945	1945	27889	318.0	1.0	12000	1800	2	0.44	0.04	0.0	0.33	22	19	19	exact	False	False	1.0077				unit	1.0	1945	120	163	1471	38	25.8	0.5263	0	0	6.1	2026-10-01T23:12:45	
TR760166	unit_aware_poa	all	25	0.56	ok	unit			target	888	456	0	948	944	21740	310.0	2.0	12000	1800	2	0.2	0.03	0.0	0.33	15	22	35	exact	False	False	1.1278				unit	1.0	948	114	159	923	62	69.8	0.4677	0	0	7.0	2026-10-01T23:12:31	
TR760169	unit_aware_poa	all	169	3.27	ok	unit			target	1157	456	0	1199	1197	189993	387.0	95.0	12000	1800	2	2.78	0.13	0.0	0.35	29	161	102	kmer3	False	False	1.1716				unit	1.0	1325	347	543	1182	122	105.4	0.459	0	0	4.5	2026-10-01T23:16:36	
TR760205	unit_aware_poa	all	10	0.38	ok	unit			target	559	377	0	637	611	5564	303.0	1.0	12000	1800	2	0.05	0.01	0.0	0.31	2	7	8	exact	False	False	1.0019				unit	1.0	637	17	25	585	8	14.3	0.25	0	0	9.6	2026-10-01T23:11:35	
TR760293	unit_aware_poa	all	42	0.68	ok	unit			target	797	440	0	881	877	35615	316.0	1.0	12000	1800	2	0.32	0.03	0.0	0.32	11	41	39	exact	False	False	1.0725				unit	1.0	881	89	130	849	26	32.6	0.5385	0	0	5.4	2026-10-01T23:13:04	
TR760300	unit_aware_poa	all	74	1.15	ok	unit			target	1037	455	0	1057	1037	76177	334.0	1.0	12000	1800	2	0.77	0.05	0.0	0.32	28	22	118	exact	False	False	1.0195				unit	1.0	1057	74	102	1037	27	26.0	0.4074	0	0	5.8	2026-10-01T23:14:25	
TR760314	unit_aware_poa	all	203	4.24	ok	unit			target	1077	454	15	1377	1349	216505	420.0	110.0	12000	1800	2	3.69	0.19	0.0	0.36	106	198	31	kmer3	False	False	1.1261				unit	1.0	1558	705	1081	1217	194	180.1	0.5619	0	0	4.4	2026-10-01T23:16:58	
TR760329	unit_aware_poa	all	82	1.35	ok	unit			target	541	454	0	1428	753	52575	350.0	1.0	12000	1800	2	0.99	0.05	0.0	0.31	11	72	191	exact	False	False	1.0036				unit	1.0	1430	158	272	617	19	35.1	0.2105	0	0	7.6	2026-10-01T23:13:39	
TR760357	unit_aware_poa	all	8	0.38	ok	unit			target	711	455	0	730	711	5618	303.0	2.0	12000	1800	2	0.05	0.01	0.0	0.32	21	4	26	exact	False	False	1.0				unit	1.0	730	20	26	711	9	12.7	0.4444	0	0	9.6	2026-10-01T23:11:35	
TR760392	unit_aware_poa	all	34	0.79	ok	unit			target	848	449	0	959	943	30530	314.0	1.0	12000	1800	2	0.43	0.04	0.0	0.32	19	32	248	exact	False	False	1.0445				unit	1.0	989	171	293	943	84	99.1	0.5238	0	0	6.0	2026-10-01T23:12:52	
TR760497	unit_aware_poa	all	84	2.74	ok	unit			target	1982	449	0	2072	2072	168048	375.0	1.0	12000	1800	2	2.26	0.12	0.0	0.36	57	82	53	exact	False	False	1.0514				unit	1.0	2132	255	349	2072	84	42.4	0.5952	0	0	4.8	2026-10-01T23:16:12	
TR760525	unit_aware_poa	all	18	0.37	ok	fallback	poa_abpoa	motif unusable: array covers 0.39 of the core < 0.50	target	713	455	0	787	787	13514	306.0	4.0	12000	1800	2	0.02	0.02	0.0	0.32													787	52	70	787	12	16.8	0.5833			7.2	2026-10-01T23:12:02	
TR760577	unit_aware_poa	all	36	1.34	ok	unit			target	1182	440	0	1395	1231	41768	322.0	1.0	12000	1800	2	0.95	0.05	0.0	0.34	45	34	7	exact	False	False	1.1359				unit	1.0	1487	141	202	1182	61	51.6	0.5246	0	0	5.0	2026-10-01T23:13:19	
TR760585	unit_aware_poa	all	49	1.61	ok	unit			target	2001	456	0	2132	2105	98299	345.0	1.0	12000	1800	2	1.17	0.08	0.0	0.36	86	42	60	exact	False	False	1.0489				unit	1.0	2230	168	230	2015	48	24.0	0.5625	0	0	4.9	2026-10-01T23:14:57	
TR760612	unit_aware_poa	all	72	1.13	ok	unit			target	809	452	0	1157	1093	68422	336.0	1.0	12000	1800	2	0.74	0.06	0.0	0.33	25	68	20	exact	False	False	1.0198				unit	1.0	1159	128	184	1093	55	68.0	0.3455	0	0	5.8	2026-10-01T23:14:12	
TR760632	unit_aware_poa	all	54	1.96	ok	unit			target	2263	456	0	2679	2472	107647	362.0	1.0	12000	1800	2	1.44	0.12	0.0	0.39	73	50	56	exact	False	False	1.0477				unit	1.0	2909	604	863	2314	212	93.7	0.533	0	0	6.2	2026-10-01T23:15:10	
TR760689	unit_aware_poa	all	79	0.94	ok	unit			target	711	455	0	787	775	54231	327.0	4.0	12000	1800	2	0.58	0.05	0.0	0.31	17	73	42	exact	False	False	1.1788				unit	1.0	797	232	381	715	94	132.2	0.6489	0	0	7.1	2026-10-01T23:13:44	
TR760693	unit_aware_poa	all	18	0.46	ok	unit			target	779	457	0	891	890	15321	307.0	2.0	12000	1800	2	0.13	0.02	0.0	0.31	6	6	8	exact	False	False	1.0016				unit	1.0	891	39	53	854	10	12.8	0.3	0	0	6.4	2026-10-01T23:12:09	
TR760739	unit_aware_poa	all	83	1.74	ok	unit			target	1220	451	0	1298	1284	97639	346.0	2.0	12000	1800	2	1.32	0.07	0.0	0.34	30	79	18	exact	False	False	1.0957				unit	1.0	1391	161	234	1224	53	43.4	0.3774	0	0	4.9	2026-10-01T23:14:56	
TR760742	unit_aware_poa	all	46	0.86	ok	unit			target	1116	453	0	1151	1151	50456	323.0	1.0	12000	1800	2	0.47	0.05	0.0	0.34	58	36	35	exact	False	False	1.1285				unit	1.0	1180	191	278	1128	68	60.9	0.3824	0	0	7.9	2026-10-01T23:13:36	
TR760756	unit_aware_poa	all	8	0.37	ok	fallback	poa_abpoa	motif unusable: array covers 0.02 of the core < 0.50	target	1239	456	0	1239	1239	8782	304.0	1.0	12000	1800	2	0.02	0.02	0.0	0.32													1239	27	35	1239	9	7.3	0.4444			8.6	2026-10-01T23:11:45	
TR760767	unit_aware_poa	all	6	0.35	ok	fallback	poa_abpoa	motif unusable: 1 CHM13 units < 3; array covers 0.10 of the core < 0.50	target	938	454	0	938	884	5354	302.0	3.0	12000	1800	2	0.02	0.01	0.0	0.32													938	13	17	938	3	3.2	0.0			9.6	2026-10-01T23:11:34	
TR760800	unit_aware_poa	all	21	0.58	ok	unit			target	1071	447	0	1153	1112	22705	310.0	2.0	12000	1800	2	0.22	0.03	0.0	0.33	17	17	210	exact	False	False	1.0107				unit	1.0	1153	52	76	1107	23	21.5	0.3478	0	0	6.7	2026-10-01T23:12:35	
TR760814	unit_aware_poa	all	7	0.38	ok	unit			target	584	403	0	586	584	4034	302.0	1.0	12000	1800	2	0.05	0.01	0.0	0.32	5	2	5	exact	False	False	1.0051				unit	1.0	586	23	30	586	17	29.1	0.3529	0	0	10.1	2026-10-01T23:11:32	
TR760876	unit_aware_poa	all	123	3.09	ok	unit			target	965	456	0	1030	1029	116444	354.0	70.0	12000	1800	2	2.67	0.09	0.0	0.33	5	118	227	exact	False	False	1.0818				unit	1.0	1119	229	362	1063	80	82.9	0.375	0	0	5.8	2026-10-01T23:15:24	
TR760956	unit_aware_poa	all	128	2.96	ok	unit			target	1166	455	2	1871	1505	148037	403.0	0.0	12000	1800	2	2.41	0.17	0.0	0.37	74	124	78	exact	False	False	1.1034				unit	1.0	1938	857	1384	1349	261	223.8	0.4713	0	0	5.0	2026-10-01T23:15:56	
TR760961	unit_aware_poa	all	34	1.1	ok	unit			target	1251	457	0	1299	1296	42290	319.0	4.0	12000	1800	2	0.71	0.06	0.0	0.33	54	31	8	exact	False	False	1.0616				unit	1.0	1316	257	367	1251	17	13.6	0.4706	0	0	5.0	2026-10-01T23:13:20	
TR761026	unit_aware_poa	all	140	11.48	ok	unit			target	3756	447	0	5984	4890	471152	660.0	198.0	12000	1800	2	10.41	0.56	0.01	0.51	101	113	376	exact	False	False	1.0495				unit	1.0	6401	3040	4751	4139	812	216.2	0.553	0	0	4.8	2026-10-01T23:19:25	
TR761120	unit_aware_poa	all	119	5.61	ok	unit			target	1788	454	0	2187	2056	210349	412.0	88.0	12000	1800	2	4.95	0.24	0.0	0.41	36	105	322	exact	False	False	1.2271	poa_abpoa	ok	2.9412	unit	1.0	2517	1116	1759	1908	272	152.1	0.5294	0	0	4.4	2026-10-01T23:16:51	
TR761127	unit_aware_poa	all	216	7.69	ok	unit			target	1969	450	0	2298	2210	377812	513.0	124.0	12000	1800	2	6.85	0.39	0.01	0.45	198	216	74	kmer3	False	False	1.1719				unit	1.0	2715	1851	3268	2266	727	369.2	0.6121	0	0	5.2	2026-10-01T23:18:32	
TR761128	unit_aware_poa	all	161	6.14	ok	unit			target	2379	456	0	3083	3083	329553	513.0	144.0	12000	1800	2	5.46	0.29	0.01	0.39	67	161	113	kmer3	False	False	1.0616				unit	1.0	3414	1104	1667	2739	301	126.5	0.3455	0	0	4.8	2026-10-01T23:17:59	
TR761129	unit_aware_poa	all	276	49.92	ok	unit			target	5686	452	8	8110	8071	1568378	1261.0	1523.0	12000	1800	2	47.31	1.74	0.02	0.85	279	258	198	kmer3	False	False	1.2346	poa_abpoa	ok	1.8274	unit	1.0	11068	5917	9217	6630	1687	296.7	0.5993	0	0	4.8	2026-10-01T23:25:18	
TR761154	unit_aware_poa	all	154	8.14	ok	unit			target	1391	455	2	1814	1785	221319	420.0	105.0	12000	1800	2	7.59	0.17	0.0	0.37	24	150	501	exact	False	False	1.0527				unit	1.0	1923	458	745	1555	165	118.6	0.303	0	0	4.4	2026-10-01T23:17:07	
TR761278	unit_aware_poa	all	45	0.77	ok	unit			target	771	449	4	1191	1111	38755	323.0	3.0	12000	1800	2	0.4	0.04	0.0	0.32	14	40	34	exact	False	False	1.0145				unit	1.0	1191	214	303	791	43	55.8	0.5581	0	0	5.1	2026-10-01T23:13:10	
TR761312	unit_aware_poa	all	27	0.48	ok	unit			target	572	444	0	809	807	19182	309.0	1.0	12000	1800	2	0.13	0.02	0.0	0.32	2	13	21	exact	False	False	1.0122				unit	1.0	809	36	53	807	15	26.2	0.4667	0	0	7.4	2026-10-01T23:12:24	
TR761322	unit_aware_poa	all	26	0.89	ok	unit			target	1377	379	0	1423	1413	35570	316.0	1.0	12000	1800	2	0.52	0.04	0.0	0.33	15	25	309	exact	False	False	1.0347				unit	1.0	1460	94	134	1378	32	23.2	0.4375	0	0	5.5	2026-10-01T23:13:03	
TR761330	unit_aware_poa	all	121	1.25	ok	unit			target	569	456	0	757	755	77335	339.0	1.0	12000	1800	2	0.86	0.06	0.0	0.32	47	121	19	exact	False	False	1.127				unit	1.0	777	256	445	695	34	59.8	0.2941	0	0	5.8	2026-10-01T23:14:27	
TR761480	unit_aware_poa	all	332	12.94	ok	unit			target	1495	451	0	2359	2359	544071	636.0	156.0	12000	1800	2	12.07	0.47	0.01	0.4	173	330	49	kmer3	False	False	1.0617				unit	1.0	2790	1159	1873	2096	379	253.5	0.4591	0	0	4.8	2026-10-01T23:19:52	
TR761557	unit_aware_poa	all	163	5.19	ok	unit			target	2304	439	0	2338	2336	343901	464.0	123.0	12000	1800	2	4.52	0.26	0.0	0.4	119	160	62	kmer3	False	False	1.1906				unit	1.0	2508	733	1069	2380	212	92.0	0.5	0	0	4.9	2026-10-01T23:18:14	
TR761559	unit_aware_poa	all	35	0.59	ok	unit			target	802	455	0	922	862	26633	314.0	1.0	12000	1800	2	0.23	0.03	0.0	0.32	14	25	17	exact	False	False	1.0168				unit	1.0	924	76	108	802	24	29.9	0.5	0	0	6.3	2026-10-01T23:12:43	
TR761615	unit_aware_poa	all	217	2.08	ok	unit			target	512	451	0	636	630	115411	359.0	3.0	12000	1800	2	1.66	0.09	0.0	0.33	6	176	92	kmer3	False	False	1.0567				unit	1.0	646	260	466	575	97	189.5	0.6907	0	0	5.8	2026-10-01T23:15:20	
TR761663	unit_aware_poa	all	77	7.71	ok	unit			target	2702	456	0	2704	2702	205073	389.0	93.0	12000	1800	2	7.19	0.14	0.0	0.37	35	75	1144	kmer3	False	False	1.043				unit	1.0	2723	245	353	2705	62	22.9	0.3871	0	0	4.4	2026-10-01T23:16:53	
TR761681	unit_aware_poa	all	168	2.22	ok	unit			target	817	445	0	925	922	144188	367.0	4.0	12000	1800	2	1.78	0.1	0.0	0.34	17	162	106	kmer3	False	False	1.1579				unit	1.0	958	330	531	904	108	132.2	0.6574	0	0	5.2	2026-10-01T23:15:50	
TR761755	unit_aware_poa	all	28	0.53	ok	unit			target	763	455	0	783	779	21213	309.0	2.0	12000	1800	2	0.19	0.02	0.0	0.32	25	22	61	exact	False	False	1.0107				unit	1.0	789	52	79	783	15	19.7	0.0	0	0	7.0	2026-10-01T23:12:29	
TR761780	unit_aware_poa	all	32	0.62	ok	unit			target	822	357	0	986	910	26847	314.0	4.0	12000	1800	2	0.26	0.03	0.0	0.33	31	30	13	exact	False	False	1.0192				unit	1.0	986	86	121	910	28	34.1	0.3571	0	0	6.1	2026-10-01T23:12:44	
TR761813	unit_aware_poa	all	127	2.79	ok	unit			target	1207	455	0	1258	1250	154778	369.0	2.0	12000	1800	2	2.36	0.1	0.0	0.34	40	124	162	exact	False	False	1.0247				unit	1.0	1282	122	194	1256	38	31.5	0.1579	0	0	5.0	2026-10-01T23:16:02	
TR761843	unit_aware_poa	all	42	0.69	ok	unit			target	839	433	0	864	859	34933	316.0	4.0	12000	1800	2	0.32	0.03	0.0	0.33	10	40	44	exact	False	False	1.053				unit	1.0	864	84	123	844	40	47.7	0.55	0	0	5.5	2026-10-01T23:13:01	
TR761907	unit_aware_poa	all	18	0.54	ok	unit			target	932	450	0	934	934	16634	307.0	1.0	12000	1800	2	0.19	0.03	0.0	0.32	29	13	10	exact	False	False	1.0419				unit	1.0	935	81	111	932	11	11.8	0.3636	0	0	6.4	2026-10-01T23:12:14	
TR761913	unit_aware_poa	all	129	2.33	ok	unit			target	984	456	0	1224	1223	130482	368.0	3.0	12000	1800	2	1.84	0.14	0.0	0.35	97	128	70	exact	False	False	1.1455				unit	1.0	1364	650	1168	1160	138	140.2	0.471	0	0	5.3	2026-10-01T23:15:35	
TR761931	unit_aware_poa	all	337	4.98	ok	unit			target	741	457	0	811	808	251066	417.0	97.0	12000	1800	2	4.46	0.17	0.0	0.35	16	335	78	kmer3	False	False	1.0909				unit	1.0	842	253	417	809	130	175.4	0.5846	0	0	4.9	2026-10-01T23:17:26	
TR761978	unit_aware_poa	all	152	21.74	ok	unit			target	10594	458	0	10681	10679	1605610	997.0	539.0	12000	1800	2	20.24	0.92	0.02	0.56	8	5	5	exact	False	False	1.0145				unit	1.0	10706	741	1026	10669	203	19.2	0.6059	0	0	4.8	2026-10-01T23:25:40	
TR761985	unit_aware_poa	all	66	0.4	ok	fallback	poa_abpoa	motif unusable: array covers 0.40 of the core < 0.50	target	525	458	0	553	549	34362	316.0	1.0	12000	1800	2	0.03	0.04	0.0	0.33													553	143	225	539	83	158.1	0.506			5.5	2026-10-01T23:12:59	
TR762028	unit_aware_poa	all	21	0.54	ok	unit			target	1078	455	0	1078	1078	22458	310.0	3.0	12000	1800	2	0.18	0.03	0.0	0.33	67	20	95	exact	False	False	1.0284				unit	1.0	1079	52	71	1079	13	12.1	0.5385	0	0	7.0	2026-10-01T23:12:33	
TR762047	unit_aware_poa	all	88	1.48	ok	unit			target	1250	449	0	1280	1261	83708	348.0	1.0	12000	1800	2	1.05	0.08	0.0	0.34	77	75	22	exact	False	False	1.0626				unit	1.0	1315	334	515	1252	94	75.2	0.5532	0	0	5.3	2026-10-01T23:14:36	
TR762150	unit_aware_poa	all	26	0.8	ok	unit			target	1439	456	0	1669	1624	35409	319.0	1.0	12000	1800	2	0.42	0.04	0.0	0.34	20	23	25	exact	False	False	1.0136				unit	1.0	1670	152	206	1486	37	25.7	0.5405	0	0	5.5	2026-10-01T23:13:03	
TR762196	unit_aware_poa	all	42	1.51	ok	unit			target	1860	448	0	2383	2383	80390	343.0	1.0	12000	1800	2	1.08	0.08	0.0	0.35	45	40	34	exact	False	False	1.0672				unit	1.0	2444	343	493	1867	46	24.7	0.3696	0	0	5.6	2026-10-01T23:14:32	
TR762229	unit_aware_poa	all	14	0.45	ok	unit			target	828	412	0	850	839	11322	305.0	4.0	12000	1800	2	0.12	0.02	0.0	0.32	22	11	10	exact	False	False	1.0424				unit	1.0	872	33	45	828	6	7.2	0.0	0	0	7.7	2026-10-01T23:11:55	
TR762237	unit_aware_poa	all	56	1.34	ok	unit			target	956	453	0	1962	1594	54350	347.0	1.0	12000	1800	2	0.96	0.05	0.0	0.33	21	46	23	exact	False	False	1.017				unit	1.0	1972	169	237	1072	26	27.2	0.3077	0	0	7.1	2026-10-01T23:13:46	
TR762269	unit_aware_poa	all	16	0.51	ok	unit			target	861	443	0	861	861	13706	306.0	4.0	12000	1800	2	0.18	0.02	0.0	0.32	15	10	7	exact	False	False	1.0029				unit	1.0	861	49	65	861	11	12.8	0.5455	0	0	6.9	2026-10-01T23:12:04	
TR762273	unit_aware_poa	all	23	0.58	ok	unit			target	1254	457	1	1258	1258	28735	312.0	1.0	12000	1800	2	0.22	0.03	0.0	0.33	47	19	31	exact	False	False	1.0023				unit	1.0	1259	65	87	1258	22	17.5	0.5	0	0	6.1	2026-10-01T23:12:47	
TR762280	unit_aware_poa	all	101	3.93	ok	unit			target	1809	428	0	3513	2817	196483	452.0	91.0	12000	1800	2	3.33	0.21	0.01	0.37	98	97	97	exact	False	False	1.0819				unit	1.0	3608	1261	1851	1843	232	128.2	0.5776	0	0	4.4	2026-10-01T23:16:45	
TR762296	unit_aware_poa	all	15	0.36	ok	fallback	poa_abpoa	motif unusable: 2 CHM13 units < 3	target	766	456	2	766	766	10840	305.0	1.0	12000	1800	2	0.02	0.02	0.0	0.32													766	47	63	766	18	23.5	0.5556			8.0	2026-10-01T23:11:52	
TR762300	unit_aware_poa	all	13	0.43	ok	unit			target	710	446	0	994	734	9203	306.0	2.0	12000	1800	2	0.1	0.02	0.0	0.32	7	13	23	exact	False	False	1.0212				unit	1.0	994	71	103	734	27	38.0	0.4815	0	0	8.6	2026-10-01T23:11:47	
TR762306	unit_aware_poa	all	23	0.52	ok	unit			target	799	450	0	904	814	18293	309.0	1.0	12000	1800	2	0.16	0.03	0.0	0.33	34	17	58	exact	False	False	1.0161				unit	1.0	925	76	107	799	30	37.5	0.3333	0	0	6.1	2026-10-01T23:12:22	
TR762312	unit_aware_poa	all	10	0.44	ok	unit			target	1035	457	0	1092	1092	10472	305.0	4.0	12000	1800	2	0.09	0.02	0.0	0.32	8	3	7	exact	False	False	1.008				unit	1.0	1095	20	28	1093	9	8.7	0.4444	0	0	8.0	2026-10-01T23:11:51	
TR762323	unit_aware_poa	all	52	4.93	ok	unit			target	2043	457	0	2219	2083	106136	350.0	59.0	12000	1800	2	4.48	0.08	0.0	0.36	32	51	776	exact	False	False	1.0308				unit	1.0	2295	139	206	2055	56	27.4	0.4286	0	0	6.2	2026-10-01T23:15:10	
TR762337	unit_aware_poa	all	27	0.69	ok	unit			target	1381	455	0	1381	1379	36285	316.0	2.0	12000	1800	2	0.33	0.04	0.0	0.32	48	25	17	exact	False	False	1.0449				unit	1.0	1383	92	129	1381	27	19.6	0.1852	0	0	5.4	2026-10-01T23:13:05	
TR762340	unit_aware_poa	all	14	0.5	ok	unit			target	1237	386	0	1327	1312	18158	308.0	1.0	12000	1800	2	0.15	0.02	0.0	0.33	28	12	40	exact	False	False	1.0063				unit	1.0	1327	38	50	1312	12	9.7	0.5	0	0	6.1	2026-10-01T23:12:20	
TR762355	unit_aware_poa	all	26	0.94	ok	unit			target	1817	408	0	1817	1817	37630	320.0	4.0	12000	1800	2	0.57	0.04	0.0	0.33	18	20	11	exact	False	False	1.0074				unit	1.0	1819	94	130	1817	23	12.7	0.5217	0	0	5.4	2026-10-01T23:13:08	
TR762359	unit_aware_poa	all	27	0.53	ok	unit			target	869	445	0	889	886	22471	310.0	1.0	12000	1800	2	0.19	0.02	0.0	0.32	9	21	8	exact	False	False	1.0157				unit	1.0	894	52	76	869	8	9.2	0.375	0	0	7.0	2026-10-01T23:12:33	
TR762376	unit_aware_poa	all	122	1.18	ok	unit			target	519	456	0	613	576	66950	332.0	2.0	12000	1800	2	0.81	0.05	0.0	0.32	7	114	56	exact	False	False	1.036				unit	1.0	617	97	185	571	34	65.5	0.5588	0	0	6.2	2026-10-01T23:14:06	
TR762443	unit_aware_poa	all	43	0.55	ok	fallback	poa_abpoa	motif unusable: array covers 0.02 of the core < 0.50	target	1872	454	0	2646	2646	94872	349.0	4.0	12000	1800	2	0.1	0.08	0.0	0.37													2651	149	203	2647	44	23.5	0.5455			5.0	2026-10-01T23:14:50	
TR762452	unit_aware_poa	all	27	0.78	ok	unit			target	983	457	0	1341	1341	33387	316.0	4.0	12000	1800	2	0.4	0.04	0.0	0.34	26	23	14	exact	False	False	1.0593				unit	1.0	1353	121	177	1349	59	60.0	0.322	0	0	5.8	2026-10-01T23:12:58	
TR762490	unit_aware_poa	all	18	0.49	ok	unit			target	901	456	0	907	901	16042	307.0	2.0	12000	1800	2	0.14	0.03	0.0	0.33	50	12	28	exact	False	False	1.0275				unit	1.0	910	84	115	904	52	57.7	0.5577	0	0	6.4	2026-10-01T23:12:12	
TR762607	unit_aware_poa	all	86	0.95	ok	unit			target	513	449	0	633	617	47554	323.0	1.0	12000	1800	2	0.59	0.04	0.0	0.32	6	80	86	exact	False	False	1.0248				unit	1.0	643	142	241	567	35	68.2	0.1714	0	0	8.2	2026-10-01T23:13:33	
TR762629	unit_aware_poa	all	168	79.79	ok	unit			target	13879	450	9	21317	13884	2267440	1837.0	1713.0	12000	1800	2	77.67	1.48	0.03	0.61	298	147	113	exact	False	False	1.0167				unit	1.0	21342	1282	1732	13881	163	11.7	0.6196	0	0	4.5	2026-10-01T23:27:01	
TR762646	unit_aware_poa	all	20	0.5	ok	unit			target	933	411	0	937	937	17859	308.0	2.0	12000	1800	2	0.15	0.02	0.0	0.32	22	18	95	exact	False	False	1.0333				unit	1.0	938	63	91	937	20	21.4	0.2	0	0	6.4	2026-10-01T23:12:18	
TR762657	unit_aware_poa	all	71	0.7	ok	fallback	poa_abpoa	no usable period (annotated period 0.0, motif 'COMP-subunit_LSAU-BS')	target	2949	413	0	3039	3036	214225	393.0	3.0	12000	1800	2	0.16	0.15	0.0	0.38													3040	256	345	3034	44	14.9	0.5909			4.4	2026-10-01T23:16:52	
TR762691	unit_aware_poa	all	70	0.92	ok	unit			target	711	418	0	843	839	51437	325.0	4.0	12000	1800	2	0.55	0.04	0.0	0.32	20	49	86	exact	False	False	1.0259				unit	1.0	846	116	188	831	26	36.6	0.2308	0	0	7.9	2026-10-01T23:13:36	
TR762710	unit_aware_poa	all	182	79.86	ok	unit			target	18101	403	12	18444	18444	3345188	1741.0	1234.0	12000	1800	2	77.31	1.81	0.03	0.71	226	111	58	exact	False	False	1.0068				unit	1.0	18448	941	1261	18445	173	9.6	0.6358	0	0	4.6	2026-10-01T23:30:46	
TR762711	unit_aware_poa	all	221	106.92	ok	unit			target	19310	417	16	19480	19311	4198310	2148.0	1584.0	12000	1800	2	103.99	2.2	0.03	0.69	523	214	113	kmer3	False	False	1.0127				unit	1.0	19826	1304	1764	19313	167	8.6	0.6228	0	0	4.2	2026-10-01T23:32:03	
TR762722	unit_aware_poa	all	205	18.04	ok	fallback	poa_abpoa	motif unusable: array covers 0.15 of the core < 0.50	target	20616	419	11	21958	21958	4210519	2232.0	7999.0	12000	1800	2	14.54	2.71	0.03	0.76													22275	3873	5224	20621	154	7.5	0.6429			4.5	2026-10-01T23:31:05	
TR762878	unit_aware_poa	all	61	1.19	ok	unit			target	1140	421	2	1149	1146	69655	330.0	2.0	12000	1800	2	0.77	0.07	0.0	0.34	87	50	20	exact	False	False	1.0353				unit	1.0	1152	216	294	1148	63	55.3	0.5873	0	0	5.8	2026-10-01T23:14:15	
TR762918	unit_aware_poa	all	103	2.04	ok	fallback	poa_abpoa	no usable period (annotated period 0.0, motif 'ALR\\Alpha')	target	8128	422	0	8414	8413	832239	672.0	4.0	12000	1800	2	0.87	0.57	0.01	0.59													8452	938	1270	8146	550	67.7	0.6236			4.4	2026-10-01T23:20:39	
TR762943	unit_aware_poa	all	15	0.44	ok	unit			target	566	421	0	656	654	8959	304.0	3.0	12000	1800	2	0.09	0.02	0.0	0.33	7	7	63	exact	False	False	1.0969				unit	1.0	658	110	158	636	72	127.2	0.5556	0	0	8.6	2026-10-01T23:11:46	
TR762944	unit_aware_poa	all	186	83.29	ok	unit			target	16732	422	0	16810	16809	3047832	1642.0	1943.0	12000	1800	2	79.03	2.37	0.03	1.86	331	128	62	exact	False	False	1.1995				unit	1.0	17926	5515	7566	17918	4846	289.6	0.5706	0	0	7.9	2026-10-01T23:29:08	
TR762964	unit_aware_poa	all	49	1.22	ok	unit			target	1193	422	0	1277	1260	59112	327.0	4.0	12000	1800	2	0.72	0.09	0.0	0.41	54	40	210	exact	False	False	1.0235				unit	1.0	1309	477	670	1286	386	323.6	0.671	0	0	6.6	2026-10-01T23:13:55	
TR762996	unit_aware_poa	all	75	1.47	ok	unit			target	947	405	0	987	959	67987	332.0	3.0	12000	1800	2	1.09	0.06	0.0	0.32	14	69	187	exact	False	False	1.055				unit	1.0	1009	181	273	959	56	59.1	0.4464	0	0	5.8	2026-10-01T23:14:13	
TR762999	unit_aware_poa	all	22	0.43	ok	fallback	poa_abpoa	no usable period (annotated period 0.0, motif 'COMP-subunit_LSAU-BS')	target	1569	408	0	2348	1576	35305	322.0	1.0	12000	1800	2	0.04	0.04	0.0	0.34													2647	77	102	2640	30	19.1	0.5667			5.5	2026-10-01T23:13:02	
TR763074	unit_aware_poa	all	152	44.58	ok	unit			target	10266	421	0	12634	10607	1560715	1124.0	1087.0	12000	1800	2	43.1	0.93	0.02	0.54	147	84	51	exact	False	False	1.0086				unit	1.0	13253	657	898	10541	164	16.0	0.5976	1	267	5.0	2026-10-01T23:25:11	
TR763076	unit_aware_poa	all	97	24.03	ok	unit			target	9082	408	0	10612	9251	882596	742.0	691.0	12000	1800	2	22.95	0.54	0.02	0.52	218	91	60	exact	False	False	1.0022				unit	1.0	10802	530	715	10614	162	17.8	0.6481	0	0	4.3	2026-10-01T23:21:12	
TR763099	unit_aware_poa	all	19	0.46	ok	unit			target	627	428	0	627	627	11817	305.0	3.0	12000	1800	2	0.1	0.03	0.0	0.33	25	14	8	exact	False	False	1.0242				unit	1.0	630	133	180	630	98	156.3	0.5816	0	0	7.7	2026-10-01T23:11:57	
TR763102	unit_aware_poa	all	26	0.52	ok	unit			target	610	411	0	610	608	14989	307.0	4.0	12000	1800	2	0.15	0.03	0.0	0.33	20	19	4	exact	False	False	1.1506				unit	1.0	628	178	253	623	126	206.6	0.6508	0	0	6.9	2026-10-01T23:12:07	
TR763235	unit_aware_poa	all	93	7.62	ok	unit			target	2562	458	0	2957	2706	234086	418.0	228.0	12000	1800	2	7.06	0.17	0.01	0.37	131	87	17	exact	False	False	1.058				unit	1.0	3116	317	447	2634	79	30.8	0.4684	0	0	4.6	2026-10-01T23:17:15	
TR763303	unit_aware_poa	all	97	1.73	ok	unit			target	995	457	0	1088	1086	99635	345.0	2.0	12000	1800	2	1.32	0.08	0.0	0.33	6	89	130	exact	False	False	1.0338				unit	1.0	1089	194	302	1084	75	75.4	0.3733	0	0	4.8	2026-10-01T23:15:01	
TR763309	unit_aware_poa	all	33	0.63	ok	unit			target	884	456	0	947	937	28972	313.0	4.0	12000	1800	2	0.27	0.04	0.0	0.33	21	29	91	exact	False	False	1.0457				unit	1.0	1027	109	163	900	42	47.5	0.2143	0	0	6.1	2026-10-01T23:12:47	
TR763319	unit_aware_poa	all	28	0.48	ok	fallback	poa_abpoa	motif unusable: array covers 0.03 of the core < 0.50	target	1250	449	0	2676	2676	56374	332.0	4.0	12000	1800	2	0.09	0.05	0.0	0.33													2678	71	96	2675	17	13.6	0.5294			7.1	2026-10-01T23:13:47	
TR763460	unit_aware_poa	all	59	0.85	ok	unit			target	785	456	0	869	849	46366	322.0	2.0	12000	1800	2	0.46	0.05	0.0	0.34	19	54	30	exact	False	False	1.1993				unit	1.0	888	175	291	875	99	126.1	0.6465	0	0	8.2	2026-10-01T23:13:30	
TR763480	unit_aware_poa	all	55	1.48	ok	unit			target	1277	457	0	2205	2205	93817	352.0	3.0	12000	1800	2	1.06	0.09	0.0	0.33	77	50	45	exact	False	False	1.0179				unit	1.0	2274	375	525	1981	27	21.1	0.5556	0	0	5.1	2026-10-01T23:14:49	
TR763522	unit_aware_poa	all	334	65.88	ok	unit			target	9475	455	0	10077	10022	3187392	1744.0	2309.0	12000	1800	2	62.91	2.3	0.02	0.64	162	280	253	kmer3	False	False	1.3352	poa_abpoa	ok	2.1873	unit	1.0	13443	4454	7610	9586	562	59.3	0.4075	1	2231	5.2	2026-10-01T23:30:15	
TR763587	unit_aware_poa	all	33	1.31	ok	unit			target	1773	436	0	2153	2067	58800	330.0	4.0	12000	1800	2	0.9	0.07	0.0	0.34	59	32	363	exact	False	False	1.0321				unit	1.0	2229	358	528	1829	35	19.7	0.2	0	0	6.6	2026-10-01T23:13:55	
TR763611	unit_aware_poa	all	63	2.36	ok	unit			target	1834	451	2	1886	1870	115569	351.0	1.0	12000	1800	2	1.95	0.08	0.0	0.33	46	54	308	exact	False	False	1.0563				unit	1.0	1926	105	153	1854	16	8.7	0.125	0	0	5.8	2026-10-01T23:15:20	
TR763614	unit_aware_poa	all	288	42.3	ok	unit			target	4403	444	0	9471	9138	1163845	1471.0	1273.0	12000	1800	2	40.02	1.53	0.02	0.73	133	279	375	kmer3	False	False	1.0889				unit	1.0	11929	7438	12005	9606	2755	625.7	0.6305	0	0	4.5	2026-10-01T23:23:46	
TR763652	unit_aware_poa	all	67	0.67	ok	fallback	poa_abpoa	motif unusable: array covers 0.06 of the core < 0.50	target	1205	452	0	3136	3120	158535	390.0	4.0	12000	1800	2	0.22	0.11	0.01	0.34													3149	176	249	3110	32	26.6	0.5			4.9	2026-10-01T23:16:06	
TR763693	unit_aware_poa	all	11	0.41	ok	unit			target	662	453	0	749	692	7339	304.0	3.0	12000	1800	2	0.08	0.01	0.0	0.32	7	9	91	exact	False	False	1.0044				unit	1.0	751	33	48	662	10	15.1	0.4	0	0	9.0	2026-10-01T23:11:39	
TR763733	unit_aware_poa	all	128	1.38	ok	unit			target	682	435	0	748	744	90712	341.0	1.0	12000	1800	2	0.99	0.06	0.0	0.33	14	98	49	exact	False	False	1.0915				unit	1.0	770	102	169	750	58	85.0	0.4138	0	0	5.2	2026-10-01T23:14:43	
TR763761	unit_aware_poa	all	17	0.59	ok	unit			target	1353	457	0	1357	1353	22834	310.0	3.0	12000	1800	2	0.23	0.03	0.0	0.33	44	16	176	exact	False	False	1.0113				unit	1.0	1357	45	61	1353	8	5.9	0.25	0	0	6.7	2026-10-01T23:12:35	
TR763775	unit_aware_poa	all	47	1.19	ok	unit			target	1230	453	0	1610	1609	53868	332.0	1.0	12000	1800	2	0.78	0.07	0.0	0.33	19	43	238	exact	False	False	1.0388				unit	1.0	1626	285	448	1230	69	56.1	0.2174	0	0	7.6	2026-10-01T23:13:44	
TR763787	unit_aware_poa	all	26	0.52	ok	unit			target	698	448	0	710	710	17946	308.0	3.0	12000	1800	2	0.16	0.03	0.0	0.33	35	21	11	exact	False	False	1.016				unit	1.0	713	101	140	698	43	61.6	0.5116	0	0	6.1	2026-10-01T23:12:19	
TR763817	unit_aware_poa	all	40	0.92	ok	unit			target	1097	456	0	1425	1420	44686	324.0	1.0	12000	1800	2	0.54	0.04	0.0	0.33	10	38	19	exact	False	False	1.0249				unit	1.0	1425	156	215	1420	42	38.3	0.5238	0	0	6.4	2026-10-01T23:13:25	
TR763830	unit_aware_poa	all	34	0.85	ok	unit			target	1175	409	0	1331	1255	40132	319.0	2.0	12000	1800	2	0.48	0.04	0.0	0.33	15	28	324	exact	False	False	1.0119				unit	1.0	1335	79	115	1255	24	20.4	0.1667	0	0	5.0	2026-10-01T23:13:14	
TR763914	unit_aware_poa	all	30	0.74	ok	unit			target	1271	402	0	1319	1273	37801	317.0	1.0	12000	1800	2	0.37	0.04	0.0	0.33	48	24	24	exact	False	False	1.0401				unit	1.0	1321	101	140	1271	3	2.4	0.0	0	0	5.4	2026-10-01T23:13:07	
TR763973	unit_aware_poa	all	60	1.86	ok	unit			target	1463	419	0	3373	1638	86638	387.0	2.0	12000	1800	2	1.42	0.09	0.01	0.34	111	54	64	exact	False	False	1.0293				unit	1.0	3379	231	320	1638	33	22.6	0.5152	0	0	5.2	2026-10-01T23:14:40	
TR764108	unit_aware_poa	all	160	1.63	ok	unit			target	612	458	0	744	731	98863	351.0	2.0	12000	1800	2	1.23	0.07	0.0	0.32	12	159	64	kmer3	False	False	1.0929				unit	1.0	751	159	291	744	70	114.4	0.5714	0	0	4.8	2026-10-01T23:14:59	
TR764110	unit_aware_poa	all	18	0.5	ok	unit			target	749	456	0	1079	1078	17553	308.0	1.0	12000	1800	2	0.15	0.02	0.0	0.32	33	15	16	exact	False	False	1.0091				unit	1.0	1079	51	72	1073	10	13.4	0.3	0	0	6.4	2026-10-01T23:12:17	
TR764119	unit_aware_poa	all	186	3.25	ok	unit			target	1018	457	0	1113	1109	194845	389.0	118.0	12000	1800	2	2.76	0.14	0.0	0.34	30	175	114	kmer3	False	False	1.2208	poa_abpoa	ok	1.3719	unit	1.0	1171	305	502	1126	102	100.2	0.5	0	0	4.4	2026-10-01T23:16:45	
TR764302	unit_aware_poa	all	17	0.38	ok	fallback	poa_abpoa	motif unusable: 2 CHM13 units < 3; array covers 0.07 of the core < 0.50	target	1145	456	0	1146	1145	18009	308.0	4.0	12000	1800	2	0.02	0.02	0.0	0.33													1147	34	46	1146	9	7.9	0.4444			6.1	2026-10-01T23:12:19	
TR764339	unit_aware_poa	all	14	0.36	ok	fallback	poa_abpoa	no usable period (annotated period 0.0, motif 'A-rich')	target	648	453	0	971	970	12907	306.0	3.0	12000	1800	2	0.02	0.02	0.0	0.32													972	31	45	971	13	20.1	0.4615			7.2	2026-10-01T23:12:00	
TR764350	unit_aware_poa	all	37	0.59	ok	unit			target	740	453	0	808	808	27932	313.0	2.0	12000	1800	2	0.23	0.03	0.0	0.32	27	36	12	exact	False	False	1.0873				unit	1.0	812	90	128	802	21	28.4	0.381	0	0	6.1	2026-10-01T23:12:45	
TR764357	unit_aware_poa	all	321	11.72	ok	unit			target	1773	457	0	2235	2089	490948	608.0	140.0	12000	1800	2	10.84	0.47	0.01	0.4	306	321	69	kmer3	False	False	1.1419				unit	1.0	2531	1781	2983	1807	364	205.3	0.5962	0	0	4.7	2026-10-01T23:19:38	
TR764366	unit_aware_poa	all	59	1.94	ok	unit			target	1721	425	0	1978	1938	103668	350.0	2.0	12000	1800	2	1.41	0.12	0.0	0.41	78	48	30	exact	False	False	1.1029				unit	1.0	2119	493	703	2111	290	168.5	0.5552	0	0	6.4	2026-10-01T23:15:05	
TR764465	unit_aware_poa	all	48	1.07	ok	unit			target	968	449	0	1058	1043	46739	322.0	4.0	12000	1800	2	0.69	0.05	0.0	0.33	14	43	232	exact	False	False	1.1077				unit	1.0	1125	160	251	1073	68	70.2	0.4118	0	0	8.2	2026-10-01T23:13:31	
TR764473	unit_aware_poa	all	9	0.35	ok	fallback	poa_abpoa	no usable period (annotated period 149.0, motif 'AAAATATAAAAATTAGCTGG')	target	759	379	0	908	759	6683	304.0	2.0	12000	1800	2	0.02	0.02	0.0	0.32													909	22	30	909	13	17.1	0.4615			9.6	2026-10-01T23:11:37	
TR764476	unit_aware_poa	all	168	2.78	ok	unit			target	659	447	0	1085	1063	137525	378.0	4.0	12000	1800	2	2.3	0.12	0.0	0.36	9	167	312	kmer3	False	False	1.0248				unit	1.0	1133	490	896	1053	225	341.4	0.4889	0	0	5.1	2026-10-01T23:15:46	
TR764486	unit_aware_poa	all	118	0.54	ok	fallback	poa_abpoa	motif unusable: array covers 0.13 of the core < 0.50	target	1171	442	0	1278	1235	138854	365.0	3.0	12000	1800	2	0.1	0.09	0.0	0.34													1279	132	220	1278	67	57.2	0.5373			5.1	2026-10-01T23:15:44	
TR764558	unit_aware_poa	all	17	0.45	ok	unit			target	959	456	0	963	962	16019	307.0	3.0	12000	1800	2	0.1	0.02	0.0	0.32	3	6	16	exact	False	False	1.0024				unit	1.0	964	31	43	960	14	14.6	0.5	0	0	6.4	2026-10-01T23:12:11	
TR764604	unit_aware_poa	all	49	0.49	ok	fallback	poa_abpoa	motif unusable: array covers 0.06 of the core < 0.50	target	1198	415	0	1545	1543	58526	332.0	2.0	12000	1800	2	0.06	0.09	0.0	0.34													1674	585	817	1551	52	43.4	0.5385			6.6	2026-10-01T23:13:55	
TR764713	unit_aware_poa	all	46	8.68	ok	unit			target	2973	456	0	3019	2997	135114	360.0	74.0	12000	1800	2	8.2	0.1	0.01	0.38	36	44	1287	exact	False	False	1.156				unit	1.0	3419	148	209	3349	55	18.5	0.3455	1	348	5.1	2026-10-01T23:15:47	
TR764727	unit_aware_poa	all	25	2.52	ok	unit			target	2585	112	0	3085	2723	63523	333.0	3.0	12000	1800	2	2.1	0.05	0.0	0.36	25	22	1293	exact	False	False	1.0079				unit	1.0	3245	169	247	2585	49	19.0	0.3265	0	0	6.2	2026-10-01T23:14:04	
TR764761	unit_aware_poa	all	21	0.68	ok	unit			target	1431	443	0	1434	1431	29518	313.0	2.0	12000	1800	2	0.31	0.03	0.0	0.33	25	17	15	exact	False	False	1.0102				unit	1.0	1434	65	90	1431	14	9.8	0.2857	0	0	6.0	2026-10-01T23:12:50	
TR764773	unit_aware_poa	all	240	2.65	ok	unit			target	647	456	0	717	705	155115	374.0	3.0	12000	1800	2	2.2	0.12	0.0	0.33	13	193	92	kmer3	False	False	1.0365				unit	1.0	734	267	453	687	113	174.7	0.7611	0	0	4.9	2026-10-01T23:16:04	
TR764794	unit_aware_poa	all	36	0.78	ok	unit			target	1072	456	0	1158	1115	39409	318.0	1.0	12000	1800	2	0.41	0.04	0.0	0.33	17	33	17	exact	False	False	1.02				unit	1.0	1158	89	120	1158	26	24.3	0.5385	0	0	5.1	2026-10-01T23:13:12	
TR764862	unit_aware_poa	all	58	0.4	ok	fallback	poa_abpoa	no usable period (annotated period 1.0, motif 'C')	target	777	456	0	785	784	44918	320.0	4.0	12000	1800	2	0.03	0.04	0.0	0.33													787	56	87	784	30	38.6	0.6			6.4	2026-10-01T23:13:26	
TR764873	unit_aware_poa	all	155	0.54	ok	fallback	poa_abpoa	motif unusable: CHM13 unit identity 0.58 < 0.60	target	1167	455	0	1226	1199	181630	382.0	4.0	12000	1800	2	0.1	0.1	0.0	0.33													1282	103	174	1248	45	38.6	0.3111			4.6	2026-10-01T23:16:28	
TR764881	unit_aware_poa	all	30	0.94	ok	unit			target	1200	453	0	1328	1201	34557	317.0	1.0	12000	1800	2	0.56	0.04	0.0	0.33	42	27	11	exact	False	False	1.057				unit	1.0	1328	140	193	1200	56	46.7	0.5	0	0	5.5	2026-10-01T23:13:01	
TR764895	unit_aware_poa	all	26	0.89	ok	unit			target	1159	456	0	1160	1159	29981	313.0	1.0	12000	1800	2	0.54	0.03	0.0	0.31	29	21	6	exact	False	False	1.0007				unit	1.0	1160	80	107	1159	9	7.8	0.4444	0	0	6.0	2026-10-01T23:12:52	
TR764995	unit_aware_poa	all	21	0.46	ok	unit			target	702	456	0	826	794	14513	307.0	4.0	12000	1800	2	0.12	0.02	0.0	0.31	8	18	16	exact	False	False	1.0124				unit	1.0	842	56	85	702	14	19.9	0.1429	0	0	6.9	2026-10-01T23:12:06	
TR765001	unit_aware_poa	all	39	0.4	ok	fallback	poa_abpoa	motif unusable: array covers 0.24 of the core < 0.50	target	926	442	0	929	928	35981	316.0	1.0	12000	1800	2	0.03	0.03	0.0	0.33													932	64	91	928	17	18.4	0.4706			5.4	2026-10-01T23:13:05	
TR765031	unit_aware_poa	all	120	1.37	ok	unit			target	512	454	0	674	654	64992	335.0	1.0	12000	1800	2	1.0	0.05	0.0	0.32	9	109	116	exact	False	False	1.0346				unit	1.0	720	151	250	656	45	87.9	0.2222	0	0	6.2	2026-10-01T23:14:04	
TR765117	unit_aware_poa	all	224	2.95	ok	unit			target	782	458	0	818	814	174451	379.0	4.0	12000	1800	2	2.49	0.12	0.0	0.33	18	222	72	kmer3	False	False	1.2901	poa_abpoa	ok	1.3928	unit	1.0	831	264	406	803	90	115.1	0.5333	0	0	4.7	2026-10-01T23:16:19	
TR765194	unit_aware_poa	all	28	0.79	ok	unit			target	1230	435	0	1234	1233	34193	315.0	5.0	12000	1800	2	0.43	0.03	0.0	0.32	15	22	319	exact	False	False	1.0054				unit	1.0	1237	73	101	1230	3	2.4	0.0	0	0	5.8	2026-10-01T23:12:59	
TR765244	unit_aware_poa	all	23	0.44	ok	unit			target	558	452	0	642	638	13017	306.0	1.0	12000	1800	2	0.12	0.02	0.0	0.31	11	17	54	exact	False	False	1.0074				unit	1.0	642	37	55	558	6	10.8	0.3333	0	0	7.2	2026-10-01T23:12:01	
TR765247	unit_aware_poa	all	62	0.39	ok	fallback	poa_abpoa	motif unusable: array covers 0.42 of the core < 0.50	target	591	456	0	663	663	39920	318.0	3.0	12000	1800	2	0.03	0.03	0.0	0.32													665	62	101	659	25	42.3	0.36			5.1	2026-10-01T23:13:13	
TR765250	unit_aware_poa	all	160	9.55	ok	unit			target	2265	431	0	2344	2333	360391	461.0	175.0	12000	1800	2	8.83	0.29	0.01	0.43	21	146	951	kmer3	False	False	1.12				unit	1.0	2748	817	1254	2422	346	152.8	0.4682	0	0	4.8	2026-10-01T23:18:20	
TR765271	unit_aware_poa	all	160	4.43	ok	unit			target	1666	451	0	1686	1678	259370	416.0	99.0	12000	1800	2	3.86	0.19	0.0	0.38	20	159	280	kmer3	False	False	1.1589				unit	1.0	1797	569	837	1710	183	109.8	0.4645	0	0	4.9	2026-10-01T23:17:27	
TR765308	unit_aware_poa	all	31	1.1	ok	unit			target	1887	447	0	1896	1890	56781	325.0	2.0	12000	1800	2	0.67	0.06	0.0	0.36	55	28	236	exact	False	False	1.0515				unit	1.0	1909	191	271	1903	117	62.0	0.359	0	0	6.9	2026-10-01T23:13:49	
TR765313	unit_aware_poa	all	46	0.87	ok	unit			target	1169	382	0	1181	1181	53535	323.0	2.0	12000	1800	2	0.5	0.04	0.0	0.33	26	17	145	exact	False	False	1.0225				unit	1.0	1191	54	83	1177	23	19.7	0.3478	0	0	7.6	2026-10-01T23:13:39	
TR765325	unit_aware_poa	all	83	12.58	ok	unit			target	2194	427	0	2220	2220	179758	379.0	121.0	12000	1800	2	12.02	0.14	0.0	0.41	29	80	848	exact	False	False	1.0237				unit	1.0	2247	367	558	2236	268	122.2	0.3731	0	0	4.5	2026-10-01T23:16:36	
TR765332	unit_aware_poa	all	30	1.46	ok	unit			target	1284	390	0	1936	1899	39493	325.0	2.0	12000	1800	2	1.06	0.05	0.0	0.34	48	27	11	exact	False	False	1.0583				unit	1.0	1987	235	333	1335	39	30.4	0.4872	0	0	5.1	2026-10-01T23:13:13	
TR765354	unit_aware_poa	all	265	40.98	ok	unit			target	4101	441	0	4346	4336	1081099	794.0	730.0	12000	1800	2	39.78	0.72	0.01	0.48	40	264	1632	kmer3	False	False	1.0939				unit	1.0	5425	1519	2366	4374	381	92.9	0.273	0	0	4.3	2026-10-01T23:23:19	
TR765395	unit_aware_poa	all	20	0.61	ok	unit			target	1134	454	0	1250	1250	23102	311.0	1.0	12000	1800	2	0.24	0.03	0.0	0.33	13	17	230	exact	False	False	1.0267				unit	1.0	1252	86	127	1250	47	41.4	0.2766	0	0	6.7	2026-10-01T23:12:36	
TR765408	unit_aware_poa	all	33	1.06	ok	unit			target	1533	435	0	1629	1533	49890	323.0	1.0	12000	1800	2	0.67	0.05	0.0	0.34	21	29	311	exact	False	False	1.0097				unit	1.0	1629	121	173	1533	38	24.8	0.1579	0	0	7.9	2026-10-01T23:13:36	
TR765435	unit_aware_poa	all	69	0.97	ok	unit			target	874	456	0	939	934	59568	328.0	2.0	12000	1800	2	0.6	0.05	0.0	0.31	11	58	35	exact	False	False	1.0892				unit	1.0	945	128	201	874	67	76.7	0.6269	0	0	6.6	2026-10-01T23:13:56	
TR765467	unit_aware_poa	all	76	0.81	ok	unit			target	534	456	2	605	601	42737	320.0	1.0	12000	1800	2	0.45	0.04	0.0	0.32	11	71	48	exact	False	False	1.1436				unit	1.0	606	131	203	605	62	116.1	0.5484	0	0	5.0	2026-10-01T23:13:22	
TR765487	unit_aware_poa	all	206	8.97	ok	unit			target	1494	454	0	3593	2179	337377	618.0	133.0	12000	1800	2	8.21	0.34	0.01	0.42	30	198	616	kmer3	False	False	1.1282				unit	1.0	3694	1079	1837	1890	365	244.3	0.611	0	0	4.9	2026-10-01T23:18:10	
TR765501	unit_aware_poa	all	17	0.56	ok	unit			target	1105	457	0	1106	1105	18510	308.0	4.0	12000	1800	2	0.21	0.02	0.0	0.33	16	13	5	exact	False	False	1.0041				unit	1.0	1106	46	61	1105	6	5.4	0.3333	0	0	6.1	2026-10-01T23:12:22	
TR765526	unit_aware_poa	all	438	29.18	ok	unit			target	1801	455	0	1992	1967	764955	674.0	704.0	12000	1800	2	27.55	1.04	0.01	0.59	150	438	301	kmer3	False	False	1.2397	poa_abpoa	ok	2.1697	unit	1.0	2923	3570	6986	2141	1234	685.2	0.7974	0	0	4.4	2026-10-01T23:20:36	
TR765536	unit_aware_poa	all	14	0.37	ok	fallback	poa_abpoa	no usable period (annotated period 0.0, motif 'GA-rich')	target	784	452	0	798	798	11020	305.0	1.0	12000	1800	2	0.02	0.02	0.0	0.32													798	40	55	798	24	30.6	0.4167			7.7	2026-10-01T23:11:54	
TR765643	unit_aware_poa	all	84	1.64	ok	unit			target	1194	455	0	1231	1231	100610	344.0	3.0	12000	1800	2	1.23	0.07	0.0	0.34	17	59	148	exact	False	False	1.0343				unit	1.0	1245	127	191	1235	60	50.3	0.5333	0	0	4.8	2026-10-01T23:15:02	
TR765648	unit_aware_poa	all	46	0.39	ok	fallback	poa_abpoa	motif unusable: array covers 0.24 of the core < 0.50	target	783	392	0	831	785	34350	316.0	0.0	12000	1800	2	0.04	0.03	0.0	0.32													837	65	97	783	15	19.2	0.2			5.5	2026-10-01T23:12:59	
TR765669	unit_aware_poa	all	22	0.58	ok	unit			target	1221	450	0	1221	1221	26542	312.0	3.0	12000	1800	2	0.22	0.03	0.0	0.33	38	18	23	exact	False	False	1.0371				unit	1.0	1221	76	102	1221	6	4.9	0.3333	0	0	6.3	2026-10-01T23:12:43	
TR765850	unit_aware_poa	all	230	3.69	ok	unit			target	834	455	0	1180	1167	207877	416.0	79.0	12000	1800	2	3.19	0.15	0.0	0.35	8	202	116	kmer3	False	False	1.0519				unit	1.0	1211	421	718	1036	165	197.8	0.7152	0	0	4.4	2026-10-01T23:16:49	
TR765873	unit_aware_poa	all	47	0.88	ok	unit			target	941	456	0	1208	1205	46233	324.0	3.0	12000	1800	2	0.51	0.05	0.0	0.33	60	43	28	exact	False	False	1.0552				unit	1.0	1306	159	231	942	39	41.4	0.5385	0	0	8.2	2026-10-01T23:13:30	
TR765965	unit_aware_poa	all	96	1.86	ok	unit			target	883	457	0	1188	1184	97470	349.0	2.0	12000	1800	2	1.45	0.07	0.0	0.33	28	95	152	exact	False	False	1.0489				unit	1.0	1212	242	385	1051	59	66.8	0.339	0	0	4.9	2026-10-01T23:14:55	
TR766081	unit_aware_poa	all	177	3.32	ok	unit			target	1442	458	0	2542	2278	250163	493.0	97.0	12000	1800	2	2.82	0.15	0.0	0.33	5	59	33	exact	False	False	1.0047				unit	1.0	2543	117	167	1619	40	27.7	0.45	0	0	4.9	2026-10-01T23:17:21	
TR766134	unit_aware_poa	all	77	2.27	ok	unit			target	944	457	0	1012	988	71244	333.0	4.0	12000	1800	2	1.82	0.09	0.0	0.36	11	74	303	exact	False	False	1.1314				unit	1.0	1155	412	719	982	147	155.7	0.619	0	0	5.8	2026-10-01T23:14:18	
TR766135	unit_aware_poa	all	17	0.44	ok	unit			target	833	452	0	871	871	14047	306.0	2.0	12000	1800	2	0.1	0.02	0.0	0.32	8	7	8	exact	False	False	1.0036				unit	1.0	871	34	46	871	8	9.6	0.25	0	0	6.9	2026-10-01T23:12:04	
TR766217	unit_aware_poa	all	38	1.14	ok	unit			target	1283	456	0	1291	1291	48155	321.0	1.0	12000	1800	2	0.76	0.05	0.0	0.33	49	37	8	exact	False	False	1.0184				unit	1.0	1293	119	160	1283	32	24.9	0.625	0	0	7.9	2026-10-01T23:13:34	
TR766245	unit_aware_poa	all	8	0.35	ok	fallback	poa_abpoa	motif unusable: 2 CHM13 units < 3	target	629	440	0	682	629	5044	302.0	4.0	12000	1800	2	0.02	0.01	0.0	0.32													682	19	25	682	4	6.4	0.25			9.6	2026-10-01T23:11:33	
TR766253	unit_aware_poa	all	328	5.98	ok	unit			target	775	453	0	1003	994	264927	441.0	106.0	12000	1800	2	5.43	0.21	0.0	0.33	29	328	136	kmer3	False	False	1.1205				unit	1.0	1092	465	821	894	106	136.8	0.5	0	0	5.0	2026-10-01T23:17:33	
TR766285	unit_aware_poa	all	83	0.91	ok	unit			target	547	457	0	724	720	52282	326.0	3.0	12000	1800	2	0.56	0.04	0.0	0.31	7	72	57	exact	False	False	1.0178				unit	1.0	725	168	262	724	88	160.9	0.5682	0	0	7.9	2026-10-01T23:13:38	
TR766344	unit_aware_poa	all	173	1.65	ok	unit			target	557	453	0	634	634	103184	347.0	4.0	12000	1800	2	1.24	0.07	0.0	0.33	4	147	49	exact	False	False	1.0427				unit	1.0	635	140	283	626	69	123.9	0.7681	0	0	6.4	2026-10-01T23:15:05	
TR766466	unit_aware_poa	all	91	1.8	ok	unit			target	1086	456	0	1581	1581	106593	362.0	2.0	12000	1800	2	1.39	0.08	0.0	0.33	26	77	34	exact	False	False	1.0123				unit	1.0	1591	206	302	1152	24	22.1	0.5	0	0	6.4	2026-10-01T23:15:09	
TR766554	unit_aware_poa	all	21	0.67	ok	unit			target	1208	439	0	1284	1214	25100	312.0	3.0	12000	1800	2	0.32	0.03	0.0	0.33	25	19	375	exact	False	False	1.0023				unit	1.0	1286	53	74	1210	14	11.6	0.4286	0	0	6.3	2026-10-01T23:12:41	
TR766577	unit_aware_poa	all	23	0.68	ok	unit			target	1396	456	0	1432	1417	31938	314.0	1.0	12000	1800	2	0.31	0.04	0.0	0.32	50	16	100	exact	False	False	1.0529				unit	1.0	1432	87	121	1414	23	16.5	0.4348	0	0	5.8	2026-10-01T23:12:54	
TR766584	unit_aware_poa	all	64	1.68	ok	unit			target	1030	454	0	1204	1179	66193	333.0	4.0	12000	1800	2	1.3	0.07	0.0	0.31	6	61	303	exact	False	False	1.0635				unit	1.0	1254	502	755	1031	54	52.4	0.2778	0	0	6.2	2026-10-01T23:14:06	
TR766609	unit_aware_poa	all	73	2.8	ok	unit			target	1593	457	0	2063	1796	118153	365.0	1.0	12000	1800	2	2.32	0.11	0.0	0.36	47	66	331	exact	False	False	1.0994				unit	1.0	2198	428	643	1752	131	82.2	0.4809	0	0	5.6	2026-10-01T23:15:27	
TR766622	unit_aware_poa	all	39	2.57	ok	unit			target	2046	455	0	2166	2061	76096	336.0	3.0	12000	1800	2	2.14	0.07	0.0	0.35	33	36	741	exact	False	False	1.0093				unit	1.0	2188	195	286	2046	40	19.6	0.2	0	0	5.8	2026-10-01T23:14:26	
TR766686	unit_aware_poa	all	9	0.38	ok	fallback	poa_abpoa	motif unusable: array covers 0.02 of the core < 0.50	target	1488	453	0	1488	1488	10980	306.0	2.0	12000	1800	2	0.04	0.02	0.0	0.33													1488	24	31	1488	6	4.0	0.3333			7.7	2026-10-01T23:11:54	
TR766912	unit_aware_poa	all	34	0.8	ok	unit			target	1202	457	0	1430	1394	42695	321.0	1.0	12000	1800	2	0.44	0.04	0.0	0.32	29	31	25	exact	False	False	1.0058				unit	1.0	1433	91	128	1392	31	25.8	0.3871	0	0	5.0	2026-10-01T23:13:21	
TR766913	unit_aware_poa	all	211	41.11	ok	unit			target	1614	442	0	19663	2321	428980	2081.0	1356.0	12000	1800	2	39.5	1.04	0.03	0.53	17	208	893	kmer3	False	False	1.1037				unit	1.0	20890	1964	3542	2149	777	481.4	0.6023	1	100	4.7	2026-10-01T23:19:38	
TR767007	unit_aware_poa	all	56	4.32	ok	unit			target	2044	456	0	2115	2098	110871	351.0	94.0	12000	1800	2	3.86	0.1	0.0	0.35	35	49	695	exact	False	False	1.0369				unit	1.0	2184	316	459	2063	57	27.9	0.4035	0	0	6.0	2026-10-01T23:15:17	
TR767020	unit_aware_poa	all	63	4.33	ok	unit			target	1540	268	0	1728	1629	97422	347.0	70.0	12000	1800	2	3.9	0.08	0.0	0.35	14	63	619	exact	False	False	1.1222				unit	1.0	1773	370	575	1592	98	63.6	0.4388	0	0	4.9	2026-10-01T23:14:58	
TR767090	unit_aware_poa	all	50	1.38	ok	unit			target	1128	450	0	1216	1152	56458	326.0	2.0	12000	1800	2	1.01	0.05	0.0	0.32	52	44	6	exact	False	False	1.1522				unit	1.0	1240	139	204	1136	41	36.3	0.2683	0	0	6.9	2026-10-01T23:13:49	
TR767136	unit_aware_poa	all	82	0.45	ok	fallback	poa_abpoa	motif unusable: array covers 0.44 of the core < 0.50	target	726	434	0	817	775	60722	329.0	3.0	12000	1800	2	0.06	0.05	0.0	0.33													841	157	240	818	63	86.8	0.4762			6.4	2026-10-01T23:13:59	
TR767212	unit_aware_poa	all	11	0.36	ok	fallback	poa_abpoa	motif unusable: 1 CHM13 units < 3; array covers 0.04 of the core < 0.50	target	893	455	0	893	893	9643	304.0	4.0	12000	1800	2	0.02	0.02	0.0	0.32													893	32	42	893	6	6.7	0.3333			8.6	2026-10-01T23:11:48	
TR767326	unit_aware_poa	all	75	1.09	ok	unit			target	876	442	0	892	888	62723	329.0	0.0	12000	1800	2	0.69	0.06	0.0	0.34	16	65	68	exact	False	False	1.1897				unit	1.0	908	233	361	880	138	157.5	0.558	0	0	6.4	2026-10-01T23:14:02	
TR767338	unit_aware_poa	all	24	0.72	ok	unit			target	1094	301	0	1095	1094	24330	311.0	2.0	12000	1800	2	0.37	0.03	0.0	0.31	38	23	8	exact	False	False	1.0757				unit	1.0	1097	192	265	1094	33	30.2	0.6364	0	0	6.7	2026-10-01T23:12:39	
TR767664	unit_aware_poa	all	60	1.38	ok	unit			target	1468	439	0	1633	1600	83876	342.0	3.0	12000	1800	2	0.97	0.06	0.0	0.34	54	60	37	exact	False	False	1.0443				unit	1.0	1719	108	158	1567	36	24.5	0.4444	0	0	5.3	2026-10-01T23:14:36	
TR767701	unit_aware_poa	all	92	5.99	ok	unit			target	3036	456	0	4251	3987	281149	468.0	138.0	12000	1800	2	5.31	0.25	0.01	0.42	95	91	104	exact	False	False	1.0258				unit	1.0	4688	761	1084	4288	206	67.9	0.4951	0	0	5.2	2026-10-01T23:17:39	
TR767806	unit_aware_poa	all	323	43.61	ok	unit			target	9681	459	0	9788	9786	3137728	1657.0	906.0	12000	1800	2	41.45	1.64	0.02	0.51	7	153	79	kmer3	False	False	1.0041				unit	1.0	9841	473	723	9794	105	10.8	0.5143	0	0	7.0	2026-10-01T23:29:26	
TR767827	unit_aware_poa	all	63	0.91	ok	unit			target	826	448	0	886	846	49690	324.0	4.0	12000	1800	2	0.55	0.04	0.0	0.31	19	56	31	exact	False	False	1.0442				unit	1.0	887	117	167	886	35	42.4	0.4571	0	0	7.9	2026-10-01T23:13:35	
TR767959	unit_aware_poa	all	55	1.71	ok	unit			target	1798	457	0	1995	1995	98480	347.0	1.0	12000	1800	2	1.29	0.09	0.0	0.33	63	52	24	exact	False	False	1.1357				unit	1.0	2063	338	480	1799	25	13.9	0.48	0	0	4.9	2026-10-01T23:14:58	
TR767965	unit_aware_poa	all	73	1.01	ok	unit			target	763	457	0	918	898	57567	329.0	1.0	12000	1800	2	0.64	0.05	0.0	0.33	17	60	61	exact	False	False	1.0248				unit	1.0	924	138	224	832	43	56.4	0.3023	0	0	6.9	2026-10-01T23:13:53	
TR768000	unit_aware_poa	all	17	0.53	ok	unit			target	1024	452	0	1024	1024	15000	307.0	2.0	12000	1800	2	0.19	0.02	0.0	0.32	11	10	4	exact	False	False	1.0025				unit	1.0	1024	57	75	1024	6	5.9	0.3333	0	0	6.9	2026-10-01T23:12:08	
TR768001	unit_aware_poa	all	66	1.47	ok	unit			target	1120	441	0	1710	1320	73890	348.0	2.0	12000	1800	2	1.04	0.1	0.0	0.33	54	62	55	exact	False	False	1.1104				unit	1.0	1809	462	683	1120	50	44.6	0.6	0	0	5.9	2026-10-01T23:14:23	
TR768045	unit_aware_poa	all	155	38.44	ok	unit			target	10441	410	0	15817	15817	1263599	1352.0	1173.0	12000	1800	2	36.25	1.4	0.02	0.77	382	154	158	kmer3	False	False	1.0579				unit	1.0	17069	6405	9030	10451	1658	158.8	0.6043	0	0	4.9	2026-10-01T23:24:20	
TR768052	unit_aware_poa	all	53	0.8	ok	unit			target	854	447	0	922	879	46186	321.0	1.0	12000	1800	2	0.43	0.04	0.0	0.33	26	26	104	exact	False	False	1.005				unit	1.0	924	72	103	923	22	25.8	0.2273	0	0	8.2	2026-10-01T23:13:29	
TR768112	unit_aware_poa	all	15	0.54	ok	unit			target	1404	450	0	1405	1404	20936	309.0	4.0	12000	1800	2	0.19	0.03	0.0	0.32	60	12	139	exact	False	False	1.0				unit	1.0	1405	43	58	1404	3	2.1	0.0	0	0	7.4	2026-10-01T23:12:28	
TR768143	unit_aware_poa	all	41	2.84	ok	unit			target	3510	456	0	3510	3510	129423	362.0	4.0	12000	1800	2	2.34	0.13	0.01	0.36	74	36	31	exact	False	False	1.0334				unit	1.0	3709	405	546	3510	30	8.5	0.6	0	0	5.3	2026-10-01T23:15:34	
TR768221	unit_aware_poa	all	50	0.94	ok	unit			target	1102	456	0	1118	1110	54692	324.0	1.0	12000	1800	2	0.56	0.05	0.0	0.33	31	38	116	exact	False	False	1.0222				unit	1.0	1125	95	137	1117	45	40.8	0.4	0	0	7.1	2026-10-01T23:13:45	
TR768226	unit_aware_poa	all	9	0.44	ok	unit			target	983	384	0	1053	1053	8976	304.0	2.0	12000	1800	2	0.09	0.02	0.0	0.33	21	6	85	exact	False	False	1.0008				unit	1.0	1053	39	54	1053	32	32.6	0.4688	0	0	8.6	2026-10-01T23:11:46	
TR768240	unit_aware_poa	all	89	3.52	ok	unit			target	1663	453	0	1695	1691	147402	365.0	67.0	12000	1800	2	3.03	0.12	0.0	0.36	24	88	251	exact	False	False	1.0983				unit	1.0	1858	350	508	1702	111	66.7	0.4955	0	0	5.0	2026-10-01T23:15:57	
TR768250	unit_aware_poa	all	21	0.75	ok	unit			target	1931	355	0	2182	2182	41301	320.0	4.0	12000	1800	2	0.38	0.04	0.0	0.33	55	21	38	exact	False	False	1.0142				unit	1.0	2184	69	93	2184	23	11.9	0.5652	0	0	5.0	2026-10-01T23:13:17	
TR768258	unit_aware_poa	all	115	1.46	ok	unit			target	671	455	0	859	835	78622	342.0	3.0	12000	1800	2	1.07	0.06	0.0	0.33	30	102	103	exact	False	False	1.0215				unit	1.0	874	189	305	839	89	132.6	0.4045	0	0	5.6	2026-10-01T23:14:30	
TR768271	unit_aware_poa	all	192	100.36	ok	unit			target	13373	358	0	31618	28796	2711090	2905.0	3325.0	12000	1800	2	95.86	3.46	0.05	1.0	711	192	325	kmer3	False	False	1.0667				unit	1.0	34943	19555	27920	15641	2170	162.3	0.6401	0	0	9.6	2026-10-01T23:28:42	
TR768363	unit_aware_poa	all	20	0.56	ok	unit			target	753	417	0	1078	1033	18688	309.0	1.0	12000	1800	2	0.2	0.02	0.0	0.33	26	17	13	exact	False	False	1.0132				unit	1.0	1080	60	87	1078	41	54.4	0.4634	0	0	6.1	2026-10-01T23:12:23	
TR768385	unit_aware_poa	all	37	0.73	ok	unit			target	953	456	0	1031	1028	37171	316.0	1.0	12000	1800	2	0.35	0.04	0.0	0.34	30	35	86	exact	False	False	1.1744				unit	1.0	1034	136	199	1028	62	65.1	0.3871	0	0	5.4	2026-10-01T23:13:06	
TR768407	unit_aware_poa	all	22	0.39	ok	fallback	poa_abpoa	motif unusable: array covers 0.02 of the core < 0.50	target	1113	453	0	1114	1114	23897	311.0	1.0	12000	1800	2	0.02	0.03	0.0	0.33													1114	65	87	1113	33	29.6	0.6061			6.7	2026-10-01T23:12:38	
TR768412	unit_aware_poa	all	44	0.88	ok	unit			target	1059	456	0	1139	1091	46105	322.0	4.0	12000	1800	2	0.5	0.04	0.0	0.34	21	37	160	exact	False	False	1.0356				unit	1.0	1179	109	163	1063	62	58.5	0.371	0	0	8.2	2026-10-01T23:13:29	
TR768461	unit_aware_poa	all	295	3.74	ok	unit			target	777	427	0	870	844	219941	410.0	68.0	12000	1800	2	3.26	0.14	0.0	0.33	7	132	68	exact	False	False	1.0295				unit	1.0	894	234	428	847	128	164.7	0.7891	0	0	4.5	2026-10-01T23:17:01	
TR768523	unit_aware_poa	all	21	0.38	ok	fallback	poa_abpoa	motif unusable: 2 CHM13 units < 3	target	925	455	0	1089	1089	19753	310.0	4.0	12000	1800	2	0.04	0.02	0.0	0.32													1089	35	49	1089	16	17.3	0.5			7.4	2026-10-01T23:12:25	
TR768619	unit_aware_poa	all	200	75.77	ok	unit			target	855	453	0	37392	37209	884770	3509.0	2496.0	12000	1800	2	72.05	3.26	0.06	0.4	1576	195	2279	kmer3	False	False	1.0192				unit	1.0	42919	23251	35588	3150	450	526.3	0.3733	1	100	4.6	2026-10-01T23:22:06	
TR768694	unit_aware_poa	all	287	0.73	ok	fallback	poa_abpoa	motif unusable: array covers 0.12 of the core < 0.50	target	861	456	0	1205	1179	269399	448.0	2.0	12000	1800	2	0.22	0.17	0.0	0.34													1260	256	396	1015	100	116.1	0.61			4.9	2026-10-01T23:17:29	
TR768721	unit_aware_poa	all	25	0.42	ok	fallback	poa_abpoa	no usable period (annotated period 1.0, motif 'A')	target	1689	457	0	1691	1691	41529	318.0	2.0	12000	1800	2	0.03	0.04	0.0	0.34													1694	54	73	1691	16	9.5	0.5			5.0	2026-10-01T23:13:18	
TR768732	unit_aware_poa	all	18	0.4	ok	fallback	poa_abpoa	motif unusable: array covers 0.02 of the core < 0.50	target	1148	455	0	1452	1452	22486	311.0	3.0	12000	1800	2	0.04	0.03	0.0	0.33													1454	52	70	1453	11	9.6	0.4545			7.0	2026-10-01T23:12:33	
TR768745	unit_aware_poa	all	19	0.46	ok	unit			target	751	458	0	780	755	14220	306.0	4.0	12000	1800	2	0.12	0.02	0.0	0.32	16	9	32	exact	False	False	1.0083				unit	1.0	780	47	65	755	20	26.6	0.5	0	0	6.9	2026-10-01T23:12:05	
TR768778	unit_aware_poa	all	123	1.8	ok	unit			target	983	456	0	1160	1083	113151	361.0	4.0	12000	1800	2	1.38	0.08	0.0	0.34	66	109	33	exact	False	False	1.0884				unit	1.0	1178	181	275	1002	75	76.3	0.44	0	0	6.0	2026-10-01T23:15:15	
TR768795	unit_aware_poa	all	28	0.44	ok	fallback	poa_abpoa	motif unusable: array covers 0.04 of the core < 0.50	target	1315	455	0	1635	1634	40936	320.0	11.0	12000	1800	2	0.06	0.04	0.0	0.34													1642	54	79	1635	23	17.5	0.3478			5.0	2026-10-01T23:13:17	
TR768811	unit_aware_poa	all	31	0.81	ok	unit			target	1014	449	0	1502	1310	32710	320.0	1.0	12000	1800	2	0.44	0.04	0.0	0.33	28	27	19	exact	False	False	1.0194				unit	1.0	1504	102	146	1164	47	46.4	0.4894	0	0	5.8	2026-10-01T23:12:56	
TR768842	unit_aware_poa	all	87	0.56	ok	fallback	poa_abpoa	motif unusable: array covers 0.24 of the core < 0.50	target	1713	458	2	2035	2015	156766	376.0	4.0	12000	1800	2	0.1	0.1	0.0	0.35													2047	143	201	1842	42	24.5	0.5			4.9	2026-10-01T23:16:05	
TR768885	unit_aware_poa	all	129	1.5	ok	unit			target	749	455	0	777	775	96364	343.0	1.0	12000	1800	2	1.1	0.07	0.0	0.33	6	99	44	exact	False	False	1.0816				unit	1.0	789	133	225	767	52	69.4	0.5769	0	0	5.0	2026-10-01T23:14:53	
TR768925	unit_aware_poa	all	62	1.14	ok	unit			target	918	453	0	1323	1188	58408	335.0	3.0	12000	1800	2	0.76	0.06	0.0	0.32	27	58	45	exact	False	False	1.0411				unit	1.0	1359	215	315	981	34	37.0	0.3824	0	0	6.9	2026-10-01T23:13:53	
TR768943	unit_aware_poa	all	266	19.45	ok	unit			target	4924	458	0	5410	5044	1259447	918.0	476.0	12000	1800	2	18.28	0.73	0.01	0.42	38	198	177	kmer3	False	False	1.0587				unit	1.0	5493	1061	1760	4927	133	27.0	0.5639	0	0	4.7	2026-10-01T23:23:40	
TR768979	unit_aware_poa	all	186	2.87	ok	unit			target	952	452	0	1073	1069	169006	386.0	3.0	12000	1800	2	2.37	0.15	0.0	0.35	82	182	26	kmer3	False	False	1.1346				unit	1.0	1225	430	699	1050	174	182.8	0.523	0	0	4.8	2026-10-01T23:16:12	
TR769005	unit_aware_poa	all	19	0.61	ok	unit			target	942	426	0	961	943	16842	308.0	4.0	12000	1800	2	0.26	0.02	0.0	0.32	24	14	5	exact	False	False	1.0871				unit	1.0	965	83	118	962	40	42.5	0.525	0	0	6.4	2026-10-01T23:12:14	
TR769050	unit_aware_poa	all	33	1.15	ok	unit			target	2042	458	0	2068	2068	67566	329.0	4.0	12000	1800	2	0.73	0.06	0.0	0.35	44	24	27	exact	False	False	1.0073				unit	1.0	2077	89	123	2076	37	18.1	0.4324	0	0	5.8	2026-10-01T23:14:10	
TR769096	unit_aware_poa	all	32	0.37	ok	fallback	poa_abpoa	motif unusable: array covers 0.19 of the core < 0.50	target	624	438	0	720	694	20524	310.0	1.0	12000	1800	2	0.02	0.02	0.0	0.32													726	67	107	686	19	30.4	0.1579			7.4	2026-10-01T23:12:28	
TR769122	unit_aware_poa	all	40	0.63	ok	unit			target	772	457	0	776	774	29976	313.0	2.0	12000	1800	2	0.27	0.03	0.0	0.33	14	18	111	exact	False	False	1.02				unit	1.0	788	68	96	772	30	38.9	0.5	0	0	6.0	2026-10-01T23:12:51	
TR769170	unit_aware_poa	all	51	1.41	ok	unit			target	1520	458	0	1681	1678	78925	337.0	3.0	12000	1800	2	0.95	0.09	0.0	0.37	32	46	110	exact	False	False	1.1195				unit	1.0	1733	369	566	1634	166	109.2	0.5301	0	0	5.6	2026-10-01T23:14:30	
TR769210	unit_aware_poa	all	43	0.67	ok	unit			target	760	456	0	866	839	33244	316.0	1.0	12000	1800	2	0.3	0.04	0.0	0.33	29	33	17	exact	False	False	1.0631				unit	1.0	883	103	145	841	41	53.9	0.5122	0	0	5.8	2026-10-01T23:12:57	
TR769242	unit_aware_poa	all	15	0.41	ok	unit			target	588	448	0	588	564	8193	304.0	3.0	12000	1800	2	0.08	0.02	0.0	0.31	9	9	6	exact	False	False	1.0324				unit	1.0	589	42	58	588	7	11.9	0.0	0	0	9.0	2026-10-01T23:11:42	
TR769281	unit_aware_poa	all	10	0.36	ok	fallback	poa_abpoa	motif unusable: 1 CHM13 units < 3; array covers 0.03 of the core < 0.50	target	799	440	0	934	800	7992	304.0	3.0	12000	1800	2	0.02	0.02	0.0	0.32													935	23	31	935	8	10.0	0.375			9.0	2026-10-01T23:11:41	
TR769300	unit_aware_poa	all	8	0.35	ok	fallback	poa_abpoa	no usable period (annotated period 71.0, motif 'TCCTGGGTTCAAGAGATCCT')	target	683	457	0	754	754	5650	303.0	4.0	12000	1800	2	0.01	0.01	0.0	0.32													754	20	26	754	14	20.5	0.4286			9.6	2026-10-01T23:11:36	
TR769316	unit_aware_poa	all	15	0.46	ok	unit			target	895	457	0	999	973	13503	306.0	1.0	12000	1800	2	0.12	0.02	0.0	0.32	9	9	15	exact	False	False	1.0104				unit	1.0	999	34	47	947	9	10.1	0.4444	0	0	7.2	2026-10-01T23:12:03	
TR769323	unit_aware_poa	all	60	0.46	ok	fallback	poa_abpoa	motif unusable: array covers 0.04 of the core < 0.50	target	1100	444	0	1446	1446	77987	337.0	1.0	12000	1800	2	0.07	0.06	0.0	0.33													1452	75	120	1434	26	23.6	0.6154			5.8	2026-10-01T23:14:27	
TR769326	unit_aware_poa	all	46	0.79	ok	fallback	poa_abpoa	guard: unit MSA costs 1.257x the pairwise optima (> 1.20) and poa_abpoa is lower (1.251x)	target	875	399	0	980	973	41666	319.0	0.0	12000	1800	2	0.43	0.04	0.0	0.32	37	36	71	exact	False	False	1.2566	poa_abpoa	ok	1.2509	fallback	1.0	984	90	137	956	57	65.1	0.5614	0	0	5.0	2026-10-01T23:13:18	
TR769400	unit_aware_poa	all	10	0.41	ok	unit			target	874	433	0	874	874	8536	304.0	2.0	12000	1800	2	0.08	0.02	0.0	0.32	14	3	30	exact	False	False	1.006				unit	1.0	874	29	38	874	5	5.7	0.0	0	0	8.6	2026-10-01T23:11:44	
TR769447	unit_aware_poa	all	117	1.61	ok	unit			target	862	394	0	932	932	105112	347.0	3.0	12000	1800	2	1.2	0.07	0.0	0.34	9	113	42	exact	False	False	1.069				unit	1.0	935	123	209	932	70	81.2	0.6143	0	0	6.4	2026-10-01T23:15:07	
TR769510	unit_aware_poa	all	10	0.36	ok	fallback	poa_abpoa	motif unusable: 1 CHM13 units < 3; array covers 0.04 of the core < 0.50	target	744	454	0	821	821	7823	304.0	4.0	12000	1800	2	0.02	0.02	0.0	0.32													821	28	37	821	3	4.0	0.0			9.0	2026-10-01T23:11:41	
TR769517	unit_aware_poa	all	55	1.45	ok	unit			target	806	456	0	1318	1316	53767	331.0	2.0	12000	1800	2	1.05	0.07	0.0	0.33	12	49	418	exact	False	False	1.0301				unit	1.0	1339	421	737	1010	136	168.7	0.3971	0	0	7.6	2026-10-01T23:13:42	
TR769657	unit_aware_poa	all	23	0.81	ok	unit			target	1340	456	0	1658	1658	32561	316.0	4.0	12000	1800	2	0.44	0.04	0.0	0.33	22	19	15	exact	False	False	1.0103				unit	1.0	1660	108	145	1419	12	9.0	0.5	0	0	5.8	2026-10-01T23:12:55	
TR769697	unit_aware_poa	all	22	0.55	ok	unit			target	1039	440	0	1219	1218	22615	312.0	1.0	12000	1800	2	0.2	0.03	0.0	0.33	58	16	44	exact	False	False	1.0028				unit	1.0	1224	53	76	1044	21	20.2	0.4762	0	0	6.7	2026-10-01T23:12:34	
TR769744	unit_aware_poa	all	86	0.42	ok	fallback	poa_abpoa	motif unusable: array covers 0.44 of the core < 0.50	target	862	431	0	878	876	72912	332.0	4.0	12000	1800	2	0.04	0.05	0.0	0.33													878	87	153	872	42	48.7	0.5238			5.9	2026-10-01T23:14:19	
TR769752	unit_aware_poa	all	419	20.62	ok	unit			target	2010	455	0	2362	2315	820713	725.0	506.0	12000	1800	2	19.57	0.65	0.01	0.4	74	419	63	kmer3	False	False	1.1362				unit	1.0	3270	1202	1950	2051	287	142.8	0.4146	0	0	4.4	2026-10-01T23:20:47	
TR769762	unit_aware_poa	all	11	0.45	ok	unit			target	985	451	0	1099	1099	11405	305.0	2.0	12000	1800	2	0.11	0.02	0.0	0.32	5	5	6	exact	False	False	1.0081				unit	1.0	1099	25	33	1042	9	9.1	0.4444	0	0	7.7	2026-10-01T23:11:56	
TR769830	unit_aware_poa	all	35	0.38	ok	fallback	poa_abpoa	motif unusable: array covers 0.09 of the core < 0.50	target	838	453	0	844	844	29216	313.0	1.0	12000	1800	2	0.02	0.03	0.0	0.33													846	64	91	844	27	32.2	0.4074			6.1	2026-10-01T23:12:48	
TR769842	unit_aware_poa	all	121	2.54	ok	unit			target	1131	457	0	1313	1309	142399	368.0	2.0	12000	1800	2	2.09	0.11	0.0	0.34	26	118	121	exact	False	False	1.1249				unit	1.0	1350	312	502	1217	51	45.1	0.3333	0	0	5.2	2026-10-01T23:15:50	
TR769853	unit_aware_poa	all	33	0.59	ok	unit			target	817	458	0	869	845	27493	312.0	3.0	12000	1800	2	0.23	0.03	0.0	0.33	15	14	15	exact	False	False	1.0788				unit	1.0	869	95	132	869	39	47.7	0.4872	0	0	6.1	2026-10-01T23:12:44	
TR770009	unit_aware_poa	all	184	8.89	ok	unit			target	2274	457	0	4134	3002	366758	626.0	128.0	12000	1800	2	8.12	0.42	0.01	0.34	203	177	178	kmer3	False	False	1.0284				unit	1.0	4449	1939	3189	2278	206	90.6	0.5097	0	0	5.2	2026-10-01T23:18:30	
TR770023	unit_aware_poa	all	117	9.98	ok	unit			target	1394	458	0	1633	1591	169491	382.0	88.0	12000	1800	2	9.36	0.21	0.0	0.4	22	104	620	exact	False	False	1.288	poa_abpoa	ok	1.8014	unit	1.0	1972	969	1646	1524	290	208.0	0.5621	0	0	4.7	2026-10-01T23:16:19	
TR770041	unit_aware_poa	all	62	0.91	ok	unit			target	756	371	0	927	879	47849	325.0	4.0	12000	1800	2	0.54	0.04	0.0	0.33	9	29	172	exact	False	False	1.0322				unit	1.0	939	157	241	880	64	84.7	0.375	0	0	8.2	2026-10-01T23:13:33	
TR770056	unit_aware_poa	all	62	0.77	ok	unit			target	653	455	0	718	713	40646	319.0	1.0	12000	1800	2	0.4	0.04	0.0	0.32	10	53	38	exact	False	False	1.0378				unit	1.0	721	90	138	719	45	68.9	0.4444	0	0	5.0	2026-10-01T23:13:15	
TR770308	unit_aware_poa	all	57	0.73	ok	unit			target	695	456	0	695	695	38357	317.0	4.0	12000	1800	2	0.35	0.04	0.0	0.33	27	48	15	exact	False	False	1.1735				unit	1.0	702	177	268	695	92	132.4	0.7391	0	0	5.1	2026-10-01T23:13:10	
TR770420	unit_aware_poa	all	177	1.84	ok	unit			target	607	456	0	701	669	114464	353.0	3.0	12000	1800	2	1.45	0.08	0.0	0.31	6	175	89	kmer3	False	False	1.0679				unit	1.0	703	157	265	659	65	107.1	0.8154	0	0	6.0	2026-10-01T23:15:18	
TR770526	unit_aware_poa	all	9	0.38	ok	unit			target	752	457	0	752	713	6300	303.0	4.0	12000	1800	2	0.06	0.01	0.0	0.31	3	4	5	exact	False	False	1.0009				unit	1.0	752	22	29	752	6	8.0	0.3333	0	0	9.6	2026-10-01T23:11:36	
TR770567	unit_aware_poa	all	22	0.52	ok	unit			target	788	452	0	932	875	18075	309.0	2.0	12000	1800	2	0.16	0.03	0.0	0.33	14	7	74	exact	False	False	1.0728				unit	1.0	945	83	115	860	36	45.7	0.3889	0	0	6.1	2026-10-01T23:12:20	
TR770580	unit_aware_poa	all	96	2.22	ok	unit			target	1444	423	0	1576	1567	131368	365.0	4.0	12000	1800	2	1.76	0.11	0.0	0.35	56	92	28	exact	False	False	1.0527				unit	1.0	1621	358	508	1533	91	63.0	0.5604	0	0	5.3	2026-10-01T23:15:37	
TR770592	unit_aware_poa	all	55	0.86	ok	unit			target	736	450	0	1154	1128	47160	327.0	3.0	12000	1800	2	0.5	0.04	0.0	0.31	16	48	29	exact	False	False	1.0171				unit	1.0	1182	147	230	911	40	54.3	0.425	0	0	8.2	2026-10-01T23:13:31	
TR770602	unit_aware_poa	all	188	9.15	ok	unit			target	2219	456	0	2798	2657	420512	526.0	168.0	12000	1800	2	8.33	0.36	0.01	0.45	104	180	430	kmer3	False	False	1.2208	poa_abpoa	ok	1.8793	unit	1.0	3440	1192	1925	2899	460	207.3	0.4283	0	0	5.2	2026-10-01T23:19:03	
TR770603	unit_aware_poa	all	251	7.11	ok	unit			target	1324	447	0	1778	1697	337006	492.0	104.0	12000	1800	2	6.4	0.32	0.0	0.39	194	247	36	kmer3	False	False	1.1421				unit	1.0	2190	1208	2097	1598	330	249.2	0.6182	0	0	4.6	2026-10-01T23:18:07	
TR770625	unit_aware_poa	all	28	1.05	ok	unit			target	1657	456	0	1661	1661	45855	320.0	3.0	12000	1800	2	0.67	0.05	0.0	0.34	42	19	464	exact	False	False	1.0009				unit	1.0	1669	106	148	1661	32	19.3	0.4062	0	0	6.4	2026-10-01T23:13:28	
TR770649	unit_aware_poa	all	119	0.46	ok	fallback	poa_abpoa	motif unusable: array covers 0.17 of the core < 0.50	target	857	437	0	920	899	95438	347.0	2.0	12000	1800	2	0.06	0.07	0.0	0.33													928	191	303	898	88	102.7	0.5682			5.0	2026-10-01T23:14:51	
TR770678	unit_aware_poa	all	132	3.55	ok	unit			target	1572	423	0	1932	1926	217094	409.0	89.0	12000	1800	2	3.03	0.14	0.0	0.37	29	124	35	exact	False	False	1.1144				unit	1.0	1955	310	473	1932	134	85.2	0.3134	0	0	4.5	2026-10-01T23:17:01	
TR770683	unit_aware_poa	all	136	2.93	ok	unit			target	1136	458	0	1454	1420	158586	385.0	1.0	12000	1800	2	2.41	0.17	0.0	0.36	120	133	71	exact	False	False	1.1775				unit	1.0	1638	749	1183	1284	220	193.7	0.4636	0	0	4.9	2026-10-01T23:16:09	
TR770742	unit_aware_poa	all	303	18.18	ok	unit			target	2640	457	0	3603	3519	909430	769.0	502.0	12000	1800	2	17.09	0.64	0.01	0.44	172	240	87	kmer3	False	False	1.1082				unit	1.0	4189	1475	2236	3384	415	157.2	0.5398	0	0	4.2	2026-10-01T23:21:31	
TR770744	unit_aware_poa	all	195	20.68	ok	unit			target	3386	451	0	3648	3646	672958	605.0	276.0	12000	1800	2	19.68	0.52	0.01	0.48	30	193	1327	kmer3	False	False	1.1558				unit	1.0	4218	1496	2287	3738	499	147.4	0.4489	0	0	4.5	2026-10-01T23:20:19	
TR770768	unit_aware_poa	all	11	0.36	ok	fallback	poa_abpoa	no usable period (annotated period 61.0, motif 'GACAAGACCAACCTCCATGT')	target	696	457	0	696	696	7595	303.0	1.0	12000	1800	2	0.02	0.02	0.0	0.32													696	38	50	696	12	17.2	0.5			9.0	2026-10-01T23:11:39	
TR770864	unit_aware_poa	all	14	0.45	ok	unit			target	729	457	0	1016	934	10621	306.0	1.0	12000	1800	2	0.12	0.02	0.0	0.32	9	8	13	exact	False	False	1.0014				unit	1.0	1021	44	62	1016	12	16.5	0.25	0	0	8.0	2026-10-01T23:11:51	
TR770865	unit_aware_poa	all	58	1.43	ok	unit			target	1217	454	0	1292	1277	67293	332.0	4.0	12000	1800	2	1.0	0.09	0.0	0.34	79	52	15	exact	False	False	1.1223				unit	1.0	1387	406	627	1263	81	66.6	0.3827	0	0	6.2	2026-10-01T23:14:08	
TR770876	unit_aware_poa	all	382	10.35	ok	unit			target	951	442	0	1293	1291	364464	512.0	136.0	12000	1800	2	9.67	0.3	0.0	0.38	27	381	198	kmer3	False	False	1.1688				unit	1.0	1448	772	1325	1072	264	277.6	0.6439	0	0	5.3	2026-10-01T23:18:28	
TR770877	unit_aware_poa	all	34	0.37	ok	fallback	poa_abpoa	motif unusable: array covers 0.00 of the core < 0.50	target	713	456	0	721	721	24203	311.0	2.0	12000	1800	2	0.02	0.03	0.0	0.32													724	75	107	720	26	36.5	0.5385			6.7	2026-10-01T23:12:38	
TR770887	unit_aware_poa	all	135	3.19	ok	unit			target	1041	457	0	1653	1509	138895	396.0	82.0	12000	1800	2	2.75	0.1	0.0	0.33	24	107	275	exact	False	False	1.0122				unit	1.0	1661	250	392	1257	80	76.8	0.1125	0	0	5.1	2026-10-01T23:15:48	
TR770961	unit_aware_poa	all	47	0.99	ok	unit			target	778	451	0	977	967	40685	320.0	10.0	12000	1800	2	0.62	0.05	0.0	0.32	9	44	243	exact	False	False	1.0604				unit	1.0	1003	206	331	901	73	93.8	0.274	0	0	5.0	2026-10-01T23:13:16	
TR770976	unit_aware_poa	all	40	1.05	ok	unit			target	1332	326	0	1673	1509	57487	329.0	4.0	12000	1800	2	0.65	0.06	0.0	0.35	47	36	62	exact	False	False	1.06				unit	1.0	1735	190	276	1477	86	64.6	0.4302	0	0	6.9	2026-10-01T23:13:51	
TR770984	unit_aware_poa	all	23	0.62	ok	unit			target	691	366	0	975	939	18221	310.0	1.0	12000	1800	2	0.27	0.03	0.0	0.33	20	15	10	exact	False	False	1.0329				unit	1.0	977	122	170	833	47	68.0	0.5319	0	0	6.1	2026-10-01T23:12:22	
TR770990	unit_aware_poa	all	33	0.78	ok	unit			target	1176	450	0	1520	1348	38990	322.0	2.0	12000	1800	2	0.4	0.05	0.0	0.33	48	27	46	exact	False	False	1.0245				unit	1.0	1532	146	204	1176	39	33.2	0.5385	0	0	5.1	2026-10-01T23:13:11	
TR771011	unit_aware_poa	all	32	0.74	ok	unit			target	1046	450	0	1370	1262	35416	319.0	4.0	12000	1800	2	0.38	0.03	0.0	0.33	23	21	20	exact	False	False	1.006				unit	1.0	1370	63	87	1118	16	15.3	0.5	0	0	5.5	2026-10-01T23:13:03	
TR771014	unit_aware_poa	all	11	0.42	ok	unit			target	808	432	0	834	808	8690	304.0	2.0	12000	1800	2	0.09	0.02	0.0	0.32	14	7	47	exact	False	False	1.0027				unit	1.0	834	33	44	834	18	22.3	0.3333	0	0	8.6	2026-10-01T23:11:44	
TR771019	unit_aware_poa	all	43	0.59	ok	unit			target	652	447	0	740	718	28435	314.0	1.0	12000	1800	2	0.25	0.03	0.0	0.32	17	24	13	exact	False	False	1.044				unit	1.0	741	101	144	718	24	36.8	0.5833	0	0	6.1	2026-10-01T23:12:46	
TR771044	unit_aware_poa	all	233	3.94	ok	unit			target	681	457	0	1030	962	175667	403.0	83.0	12000	1800	2	3.44	0.15	0.0	0.34	397	233	16	kmer3	False	False	1.1449				unit	1.0	1096	636	1216	891	169	248.2	0.6923	0	0	4.6	2026-10-01T23:16:23	
TR771057	unit_aware_poa	all	25	0.71	ok	unit			target	1041	457	0	1228	1173	26135	313.0	1.0	12000	1800	2	0.36	0.03	0.0	0.32	19	18	10	exact	False	False	1.017				unit	1.0	1230	107	147	1107	10	9.6	0.4	0	0	6.3	2026-10-01T23:12:42	
TR771091	unit_aware_poa	all	48	1.54	ok	unit			target	1706	410	0	1875	1875	82024	339.0	4.0	12000	1800	2	1.12	0.08	0.0	0.34	44	35	22	exact	False	False	1.0407				unit	1.0	2048	221	302	1762	38	22.3	0.5263	0	0	5.6	2026-10-01T23:14:32	
TR771106	unit_aware_poa	all	22	0.55	ok	unit			target	914	442	0	998	998	19184	309.0	2.0	12000	1800	2	0.2	0.02	0.0	0.33	13	19	6	exact	False	False	1.0127				unit	1.0	998	62	83	914	27	29.5	0.5926	0	0	7.4	2026-10-01T23:12:24	
TR771109	unit_aware_poa	all	8	0.37	ok	unit			target	574	440	0	574	574	4542	302.0	2.0	12000	1800	2	0.04	0.01	0.0	0.31	4	2	4	exact	False	False	1.0				unit	1.0	574	21	27	574	9	15.7	0.4444	0	0	10.1	2026-10-01T23:11:32	
TR771130	unit_aware_poa	all	19	0.49	ok	unit			target	809	457	0	809	809	14806	307.0	2.0	12000	1800	2	0.14	0.03	0.0	0.33	15	12	5	exact	False	False	1.0493				unit	1.0	809	85	114	809	50	61.8	0.6	0	0	6.9	2026-10-01T23:12:07	
TR771164	unit_aware_poa	all	30	0.7	ok	unit			target	1216	442	0	1216	1216	34186	316.0	3.0	12000	1800	2	0.33	0.03	0.0	0.34	38	24	160	exact	False	False	1.0407				unit	1.0	1220	84	119	1220	60	49.3	0.5167	0	0	5.8	2026-10-01T23:12:59	
TR771178	unit_aware_poa	all	46	1.2	ok	unit			target	1407	456	0	1578	1559	67084	331.0	1.0	12000	1800	2	0.77	0.07	0.0	0.35	41	42	55	exact	False	False	1.109				unit	1.0	1767	311	436	1485	86	61.1	0.4651	0	0	6.2	2026-10-01T23:14:08	
TR771195	unit_aware_poa	all	74	1.33	ok	unit			target	1009	425	0	1079	1075	73094	334.0	4.0	12000	1800	2	0.95	0.05	0.0	0.33	7	63	164	exact	False	False	1.0166				unit	1.0	1093	110	179	1013	44	43.6	0.2045	0	0	5.9	2026-10-01T23:14:21	
TR771197	unit_aware_poa	all	47	1.15	ok	unit			target	1341	457	0	1496	1410	62886	330.0	1.0	12000	1800	2	0.73	0.08	0.0	0.34	20	38	139	exact	False	False	1.1461				unit	1.0	1553	348	519	1343	78	58.2	0.4872	0	0	6.4	2026-10-01T23:14:02	
TR771214	unit_aware_poa	all	69	1.77	ok	unit			target	1106	336	0	1458	1316	80026	343.0	1.0	12000	1800	2	1.36	0.07	0.0	0.33	20	65	225	exact	False	False	1.0692				unit	1.0	1528	359	541	1224	52	47.0	0.2308	0	0	5.6	2026-10-01T23:14:32	
TR771225	unit_aware_poa	all	58	2.18	ok	unit			target	1993	323	0	2242	2178	113690	356.0	3.0	12000	1800	2	1.71	0.1	0.0	0.35	95	56	185	exact	False	False	1.0547				unit	1.0	2458	457	656	2242	49	24.6	0.2653	0	0	6.0	2026-10-01T23:15:17	
TR771261	unit_aware_poa	all	31	0.9	ok	unit			target	1002	448	0	1732	1732	32777	323.0	1.0	12000	1800	2	0.54	0.05	0.0	0.31	44	27	17	exact	False	False	1.0196				unit	1.0	1733	260	357	1002	14	14.0	0.5	0	0	5.8	2026-10-01T23:12:57	
TR771291	unit_aware_poa	all	425	37.9	ok	unit			target	2445	445	0	3391	3135	1045588	918.0	792.0	12000	1800	2	36.01	1.21	0.01	0.66	72	425	371	kmer3	False	False	1.2347	poa_abpoa	ok	1.8392	unit	1.0	4068	4172	7198	2903	1266	517.8	0.6193	0	0	4.6	2026-10-01T23:22:37	
TR771293	unit_aware_poa	all	18	0.9	ok	unit			target	1275	457	0	1591	1591	23472	312.0	0.0	12000	1800	2	0.53	0.04	0.0	0.33	28	16	8	exact	False	False	1.0766				unit	1.0	1670	178	251	1594	71	55.7	0.4507	0	0	6.7	2026-10-01T23:12:38	
TR771318	unit_aware_poa	all	25	0.49	ok	unit			target	641	456	0	781	761	17245	308.0	3.0	12000	1800	2	0.15	0.02	0.0	0.32	5	13	15	exact	False	False	1.0029				unit	1.0	781	42	60	721	7	10.9	0.0	0	0	6.4	2026-10-01T23:12:15	
TR771354	unit_aware_poa	all	36	0.99	ok	unit			target	1655	456	0	1655	1655	57543	326.0	1.0	12000	1800	2	0.58	0.06	0.0	0.35	45	33	33	exact	False	False	1.1597				unit	1.0	1656	167	227	1656	66	39.9	0.4848	0	0	6.9	2026-10-01T23:13:51	
TR771390	unit_aware_poa	all	15	0.41	ok	unit			target	558	450	0	774	738	9702	305.0	1.0	12000	1800	2	0.07	0.02	0.0	0.32	6	11	11	exact	False	False	1.0079				unit	1.0	774	42	58	774	29	52.0	0.4828	0	0	8.0	2026-10-01T23:11:49	
TR771424	unit_aware_poa	all	16	0.46	ok	unit			target	1060	452	0	1086	1060	16128	307.0	0.0	12000	1800	2	0.11	0.02	0.0	0.32	6	14	13	exact	False	False	1.0122				unit	1.0	1086	32	45	1060	4	3.8	0.0	0	0	6.4	2026-10-01T23:12:13	
TR771442	unit_aware_poa	all	29	1.03	ok	unit			target	1532	404	0	1532	1532	43731	319.0	4.0	12000	1800	2	0.66	0.04	0.0	0.33	22	23	481	exact	False	False	1.0178				unit	1.0	1533	67	96	1533	28	18.3	0.3571	0	0	5.0	2026-10-01T23:13:23	
TR771481	unit_aware_poa	all	105	7.25	ok	unit			target	1666	454	0	1864	1830	176784	384.0	90.0	12000	1800	2	6.7	0.18	0.0	0.37	22	104	460	exact	False	False	1.103				unit	1.0	2230	829	1277	1750	176	105.6	0.4659	0	0	4.6	2026-10-01T23:16:27	
TR771590	unit_aware_poa	all	27	0.78	ok	unit			target	1373	458	0	1520	1517	36295	318.0	2.0	12000	1800	2	0.43	0.04	0.0	0.32	13	23	17	exact	False	False	1.0094				unit	1.0	1523	85	120	1469	30	21.8	0.4667	0	0	5.4	2026-10-01T23:13:05	
TR771630	unit_aware_poa	all	22	0.8	ok	unit			target	1867	457	0	2132	1997	40918	320.0	4.0	12000	1800	2	0.41	0.04	0.0	0.34	32	18	32	exact	False	False	1.0062				unit	1.0	2135	89	124	1869	32	17.1	0.375	0	0	5.0	2026-10-01T23:13:16	
TR771633	unit_aware_poa	all	20	0.67	ok	unit			target	1235	447	0	1329	1325	24675	311.0	2.0	12000	1800	2	0.3	0.03	0.0	0.33	20	18	373	exact	False	False	1.0127				unit	1.0	1330	93	135	1325	33	26.7	0.3636	0	0	6.3	2026-10-01T23:12:40	
TR771640	unit_aware_poa	all	82	7.76	ok	unit			target	1809	457	0	2010	1920	149202	371.0	87.0	12000	1800	2	7.19	0.18	0.0	0.38	21	81	661	exact	False	False	1.1969				unit	1.0	2254	730	1146	1889	163	90.1	0.3988	0	0	5.0	2026-10-01T23:16:04	
TR771653	unit_aware_poa	all	410	29.88	ok	unit			target	2122	455	0	3538	3228	819708	923.0	675.0	12000	1800	2	28.64	0.71	0.01	0.52	112	410	56	kmer3	False	False	1.0449				unit	1.0	4553	1416	2232	2684	718	338.4	0.6602	0	0	4.4	2026-10-01T23:20:49	
TR771689	unit_aware_poa	all	21	0.46	ok	unit			target	691	456	0	708	695	14457	306.0	2.0	12000	1800	2	0.12	0.02	0.0	0.31	17	14	65	exact	False	False	1.0171				unit	1.0	716	48	68	695	5	7.2	0.0	0	0	6.9	2026-10-01T23:12:06	
TR771758	unit_aware_poa	all	123	3.56	ok	unit			target	1413	457	0	1798	1735	174437	395.0	88.0	12000	1800	2	2.95	0.24	0.0	0.37	122	120	40	exact	False	False	1.212	poa_abpoa	ok	1.4951	unit	1.0	2073	1173	1863	1480	168	118.9	0.5298	0	0	4.7	2026-10-01T23:16:16	
TR771799	unit_aware_poa	all	87	1.79	ok	unit			target	961	349	0	1692	1656	91757	363.0	1.0	12000	1800	2	1.35	0.08	0.0	0.35	22	74	56	exact	False	False	1.052				unit	1.0	1696	515	736	1692	212	220.6	0.5472	0	0	5.1	2026-10-01T23:14:45	
TR771871	unit_aware_poa	all	70	1.37	ok	unit			target	978	453	0	1306	1260	67550	339.0	1.0	12000	1800	2	0.95	0.08	0.0	0.33	59	67	18	exact	False	False	1.0643				unit	1.0	1307	376	523	978	107	109.4	0.5981	0	0	5.8	2026-10-01T23:14:10	
TR771920	unit_aware_poa	all	11	0.4	ok	unit			target	674	456	0	730	674	7106	303.0	1.0	12000	1800	2	0.06	0.01	0.0	0.32	1	4	6	exact	False	False	1.0				unit	1.0	730	26	35	674	6	8.9	0.3333	0	0	9.6	2026-10-01T23:11:38	
TR771923	unit_aware_poa	all	33	0.5	ok	unit			target	531	446	0	537	535	17201	308.0	1.0	12000	1800	2	0.16	0.02	0.0	0.32	7	31	49	exact	False	False	1.1				unit	1.0	541	77	119	535	42	79.1	0.5952	0	0	6.4	2026-10-01T23:12:15	
TR771929	unit_aware_poa	all	101	2.68	ok	unit			target	1646	457	0	1690	1686	164312	373.0	2.0	12000	1800	2	2.19	0.12	0.0	0.36	82	67	90	exact	False	False	1.0503				unit	1.0	1791	299	442	1731	122	74.1	0.3197	0	0	4.9	2026-10-01T23:16:09	
TR771939	unit_aware_poa	all	143	1.57	ok	unit			target	712	449	0	726	716	96376	345.0	2.0	12000	1800	2	1.16	0.08	0.0	0.33	16	127	76	exact	False	False	1.1558				unit	1.0	749	191	313	730	90	126.4	0.3889	0	0	5.0	2026-10-01T23:14:53	
TR771952	unit_aware_poa	all	111	4.81	ok	unit			target	2002	454	0	3750	3336	233078	479.0	109.0	12000	1800	2	4.28	0.18	0.01	0.35	40	104	71	exact	False	False	1.0251				unit	1.0	3796	520	727	2094	76	38.0	0.5395	0	0	4.6	2026-10-01T23:17:12	
TR771963	unit_aware_poa	all	11	0.35	ok	fallback	poa_abpoa	motif unusable: array covers 0.12 of the core < 0.50	target	589	454	0	593	593	6355	303.0	4.0	12000	1800	2	0.02	0.01	0.0	0.31													593	32	42	589	6	10.2	0.3333			9.6	2026-10-01T23:11:37	
TR772001	unit_aware_poa	all	13	0.44	ok	unit			target	847	448	0	847	847	9871	305.0	2.0	12000	1800	2	0.11	0.02	0.0	0.32	8	7	5	exact	False	False	1.0063				unit	1.0	847	31	41	847	7	8.3	0.2857	0	0	8.0	2026-10-01T23:11:49	
TR772036	unit_aware_poa	all	140	1.69	ok	unit			target	756	450	0	856	836	101063	351.0	4.0	12000	1800	2	1.27	0.08	0.0	0.33	17	133	81	exact	False	False	1.104				unit	1.0	879	299	509	765	89	117.7	0.618	0	0	4.8	2026-10-01T23:15:03	
TR772050	unit_aware_poa	all	40	1.27	ok	unit			target	1528	397	0	1534	1534	60934	326.0	4.0	12000	1800	2	0.87	0.05	0.0	0.34	33	36	291	exact	False	False	1.0169				unit	1.0	1538	149	215	1536	45	29.5	0.3111	0	0	6.4	2026-10-01T23:14:01	
TR772060	unit_aware_poa	all	39	0.63	ok	unit			target	798	457	0	818	813	30802	314.0	1.0	12000	1800	2	0.27	0.03	0.0	0.32	16	26	50	exact	False	False	1.0651				unit	1.0	853	55	84	828	29	36.3	0.3103	0	0	6.0	2026-10-01T23:12:53	
TR772100	unit_aware_poa	all	15	0.48	ok	unit			target	917	454	0	1004	917	13320	306.0	1.0	12000	1800	2	0.14	0.02	0.0	0.32	12	11	7	exact	False	False	1.0094				unit	1.0	1004	50	66	917	15	16.4	0.5333	0	0	7.2	2026-10-01T23:12:01	
TR772131	unit_aware_poa	all	43	0.59	ok	unit			target	810	454	0	866	866	35278	316.0	1.0	12000	1800	2	0.24	0.03	0.0	0.31	13	37	10	exact	False	False	1.0287				unit	1.0	866	76	102	866	23	28.4	0.5217	0	0	5.5	2026-10-01T23:13:02	
TR772150	unit_aware_poa	all	55	0.77	ok	unit			target	674	455	0	873	857	40912	321.0	1.0	12000	1800	2	0.4	0.04	0.0	0.33	24	47	29	exact	False	False	1.0637				unit	1.0	889	151	236	829	68	100.9	0.5	0	0	5.0	2026-10-01T23:13:16	
TR772156	unit_aware_poa	all	11	0.45	ok	unit			target	803	437	0	803	803	8233	304.0	1.0	12000	1800	2	0.12	0.02	0.0	0.32	9	9	4	exact	False	False	1.0074				unit	1.0	803	39	52	803	14	17.4	0.4286	0	0	9.0	2026-10-01T23:11:43	
TR772157	unit_aware_poa	all	23	0.5	ok	unit			target	943	452	0	1018	993	21739	310.0	1.0	12000	1800	2	0.14	0.03	0.0	0.32	21	17	25	exact	False	False	1.0668				unit	1.0	1043	130	176	993	17	18.0	0.4706	0	0	7.0	2026-10-01T23:12:30	
TR772169	unit_aware_poa	all	51	2.09	ok	unit			target	2349	458	0	2516	2516	109396	355.0	4.0	12000	1800	2	1.51	0.15	0.0	0.43	73	46	37	exact	False	False	1.0639				unit	1.0	2581	751	1038	2574	370	157.5	0.5811	0	0	6.2	2026-10-01T23:15:14	
TR772191	unit_aware_poa	all	17	0.45	ok	unit			target	855	449	0	1160	1159	15058	308.0	1.0	12000	1800	2	0.11	0.02	0.0	0.32	26	5	26	exact	False	False	1.0038				unit	1.0	1166	37	50	855	11	12.9	0.3636	0	0	6.9	2026-10-01T23:12:08	
TR772192	unit_aware_poa	all	389	6.8	ok	unit			target	829	456	0	871	856	312254	445.0	115.0	12000	1800	2	6.21	0.22	0.0	0.36	25	387	95	kmer3	False	False	1.1977				unit	1.0	905	373	611	838	149	179.7	0.6577	0	0	4.9	2026-10-01T23:17:53	
TR772198	unit_aware_poa	all	251	13.63	ok	unit			target	2100	455	0	4457	3304	452034	780.0	430.0	12000	1800	2	12.65	0.45	0.01	0.51	60	247	113	kmer3	False	False	1.0498				unit	1.0	5047	2167	3260	3795	1004	478.1	0.5627	0	0	4.9	2026-10-01T23:19:17	
TR772205	unit_aware_poa	all	37	0.47	ok	unit			target	520	455	0	578	576	20108	309.0	1.0	12000	1800	2	0.13	0.02	0.0	0.32	2	24	39	exact	False	False	1.0				unit	1.0	578	38	64	574	6	11.5	0.0	0	0	7.4	2026-10-01T23:12:27	
TR772221	unit_aware_poa	all	35	1.22	ok	unit			target	2157	450	0	2451	2352	74019	337.0	1.0	12000	1800	2	0.77	0.08	0.0	0.36	39	32	55	exact	False	False	1.0481				unit	1.0	2679	297	413	2157	95	44.0	0.6	0	0	5.9	2026-10-01T23:14:23	
TR772224	unit_aware_poa	all	58	4.34	ok	unit			target	4101	453	0	4596	4123	236461	414.0	85.0	12000	1800	2	3.77	0.16	0.01	0.4	140	57	181	exact	False	False	1.0136				unit	1.0	4623	239	328	4101	71	17.3	0.5352	0	0	4.6	2026-10-01T23:17:17	
TR772228	unit_aware_poa	all	155	4.78	ok	unit			target	1502	446	0	2902	1847	235136	493.0	133.0	12000	1800	2	4.2	0.21	0.01	0.36	100	155	62	kmer3	False	False	1.073				unit	1.0	2945	612	883	1759	184	122.5	0.4891	0	0	4.6	2026-10-01T23:17:17	
TR772242	unit_aware_poa	all	7	0.38	ok	unit			target	791	456	0	791	791	5435	302.0	1.0	12000	1800	2	0.05	0.01	0.0	0.32	3	2	3	exact	False	False	1.0				unit	1.0	791	18	23	791	12	15.2	0.5	0	0	9.6	2026-10-01T23:11:35	
TR772249	unit_aware_poa	all	54	3.42	ok	unit			target	906	455	0	4268	4268	103669	399.0	116.0	12000	1800	2	2.91	0.12	0.01	0.38	85	49	40	exact	False	False	1.0137				unit	1.0	4270	619	849	2924	306	337.7	0.5817	0	0	6.4	2026-10-01T23:15:08	
TR772251	unit_aware_poa	all	90	3.95	ok	unit			target	2128	457	2	3451	3222	196714	433.0	135.0	12000	1800	2	3.21	0.27	0.01	0.45	82	84	91	exact	False	False	1.0974				unit	1.0	3691	1895	2839	3109	641	301.2	0.6724	0	0	4.4	2026-10-01T23:16:45	
TR772253	unit_aware_poa	all	21	0.59	ok	unit			target	1161	456	0	1161	1161	23885	310.0	4.0	12000	1800	2	0.23	0.03	0.0	0.33	35	17	199	exact	False	False	1.0023				unit	1.0	1164	78	105	1161	33	28.4	0.5455	0	0	6.7	2026-10-01T23:12:37	
TR772256	unit_aware_poa	all	28	0.78	ok	unit			target	995	454	0	1151	1150	29428	314.0	4.0	12000	1800	2	0.42	0.04	0.0	0.32	23	24	10	exact	False	False	1.0261				unit	1.0	1152	110	151	1151	40	40.2	0.625	0	0	6.0	2026-10-01T23:12:49	
TR772257	unit_aware_poa	all	67	2.16	ok	unit			target	1387	457	0	1828	1647	93707	353.0	4.0	12000	1800	2	1.74	0.08	0.0	0.33	31	58	350	exact	False	False	1.0177				unit	1.0	1877	267	398	1388	39	28.1	0.3077	0	0	5.1	2026-10-01T23:14:48	
TR772265	unit_aware_poa	all	40	1.99	ok	unit			target	2226	455	0	2637	2496	88887	345.0	4.0	12000	1800	2	1.54	0.08	0.0	0.36	50	30	618	exact	False	False	1.0184				unit	1.0	2706	285	403	2496	100	44.9	0.3	0	0	5.2	2026-10-01T23:14:42	
TR772266	unit_aware_poa	all	103	9.96	ok	unit			target	1520	440	0	2049	1999	173230	391.0	89.0	12000	1800	2	9.4	0.19	0.0	0.37	25	98	705	exact	False	False	1.1625				unit	1.0	2242	851	1318	1578	131	86.2	0.3664	0	0	4.6	2026-10-01T23:16:22	
TR772268	unit_aware_poa	all	40	1.89	ok	unit			target	1639	409	0	2434	2434	73726	342.0	2.0	12000	1800	2	1.44	0.09	0.0	0.36	54	32	19	exact	False	False	1.0556				unit	1.0	2488	330	456	1905	83	50.6	0.6506	0	0	5.9	2026-10-01T23:14:23	
TR772271	unit_aware_poa	all	9	0.39	ok	unit			target	512	456	0	834	833	6534	303.0	3.0	12000	1800	2	0.05	0.01	0.0	0.32	4	1	4			False	1.0089				unit	1.0	834	27	36	833	14	27.3	0.5	0	0	9.6	2026-10-01T23:11:37	
TR772285	unit_aware_poa	all	32	2.18	ok	unit			target	2245	453	0	2257	2257	71490	331.0	4.0	12000	1800	2	1.76	0.06	0.0	0.35	22	27	810	exact	False	False	1.0756				unit	1.0	2259	94	130	2255	25	11.1	0.32	0	0	5.8	2026-10-01T23:14:18	
TR772292	unit_aware_poa	all	39	1.32	ok	unit			target	1882	457	0	2567	1932	73704	343.0	3.0	12000	1800	2	0.88	0.07	0.0	0.36	120	25	281	exact	False	False	1.0154				unit	1.0	2572	183	254	2568	63	33.5	0.3651	0	0	5.9	2026-10-01T23:14:21	
TR772296	unit_aware_poa	all	72	2.19	ok	unit			target	1646	451	0	1676	1670	116615	352.0	4.0	12000	1800	2	1.73	0.1	0.0	0.36	43	69	147	exact	False	False	1.0754				unit	1.0	1726	256	393	1680	121	73.5	0.6446	0	0	5.8	2026-10-01T23:15:23	
TR772315	unit_aware_poa	all	52	0.98	ok	unit			target	787	441	0	870	870	40419	319.0	1.0	12000	1800	2	0.63	0.04	0.0	0.32	11	11	5	exact	False	False	1.0531				unit	1.0	900	87	143	867	7	8.9	0.4286	0	0	5.0	2026-10-01T23:13:15	
TR772321	unit_aware_poa	all	45	1.58	ok	unit			target	1415	454	0	1760	1424	63840	334.0	4.0	12000	1800	2	1.18	0.06	0.0	0.33	29	37	487	exact	False	False	1.012				unit	1.0	1773	113	163	1430	40	28.3	0.45	0	0	6.2	2026-10-01T23:14:04	
TR772323	unit_aware_poa	all	24	0.54	ok	unit			target	881	456	0	1037	992	20769	311.0	1.0	12000	1800	2	0.19	0.03	0.0	0.32	20	21	44	exact	False	False	1.06				unit	1.0	1050	115	161	903	5	5.7	0.0	0	0	7.4	2026-10-01T23:12:28	
TR772327	unit_aware_poa	all	26	0.78	ok	unit			target	1295	454	0	1458	1458	34797	316.0	2.0	12000	1800	2	0.4	0.04	0.0	0.33	30	23	16	exact	False	False	1.0174				unit	1.0	1458	90	122	1458	27	20.8	0.4444	0	0	5.5	2026-10-01T23:13:01	
TR772329	unit_aware_poa	all	229	5.6	ok	unit			target	813	452	0	1384	1369	184731	436.0	101.0	12000	1800	2	5.02	0.21	0.0	0.37	17	216	305	kmer3	False	False	1.1746				unit	1.0	1695	1152	1972	899	282	346.9	0.6099	0	0	4.5	2026-10-01T23:16:36	
TR772338	unit_aware_poa	all	26	0.66	ok	unit			target	1207	454	0	1314	1314	32698	315.0	1.0	12000	1800	2	0.29	0.04	0.0	0.33	47	20	113	exact	False	False	1.0466				unit	1.0	1317	77	106	1317	20	16.6	0.4	0	0	5.8	2026-10-01T23:12:56	
TR772350	unit_aware_poa	all	48	0.92	ok	unit			target	998	447	0	1069	1049	47254	322.0	2.0	12000	1800	2	0.54	0.05	0.0	0.33	25	41	126	exact	False	False	1.0768				unit	1.0	1170	126	189	1002	51	51.1	0.5098	0	0	8.2	2026-10-01T23:13:33	
TR772359	unit_aware_poa	all	16	0.57	ok	unit			target	944	455	0	1218	1218	16007	308.0	1.0	12000	1800	2	0.22	0.03	0.0	0.33	15	11	10	exact	False	False	1.0183				unit	1.0	1218	69	95	1147	42	44.5	0.5238	0	0	6.4	2026-10-01T23:12:12	
TR772363	unit_aware_poa	all	29	0.88	ok	unit			target	1035	457	0	1076	1075	29280	313.0	4.0	12000	1800	2	0.52	0.04	0.0	0.32	27	20	4	exact	False	False	1.0426				unit	1.0	1077	136	184	1076	56	54.1	0.5714	0	0	6.0	2026-10-01T23:12:49	
TR772374	unit_aware_poa	all	27	0.81	ok	unit			target	1279	457	0	1590	1331	32299	318.0	1.0	12000	1800	2	0.44	0.04	0.0	0.33	13	25	20	exact	False	False	1.0097				unit	1.0	1590	100	138	1279	26	20.3	0.5769	0	0	5.8	2026-10-01T23:12:55	
TR772382	unit_aware_poa	all	40	1.05	ok	unit			target	1601	455	0	1745	1601	59573	330.0	4.0	12000	1800	2	0.64	0.08	0.0	0.33	41	36	35	exact	False	False	1.1094				unit	1.0	1746	314	442	1601	9	5.6	0.4444	0	0	6.6	2026-10-01T23:13:57	
TR772404	unit_aware_poa	all	24	0.71	ok	unit			target	900	307	0	1200	1198	22418	312.0	4.0	12000	1800	2	0.37	0.03	0.0	0.31	21	21	10	exact	False	False	1.018				unit	1.0	1204	140	199	977	20	22.2	0.4	0	0	7.0	2026-10-01T23:12:32	
TR772411	unit_aware_poa	all	27	0.61	ok	unit			target	992	457	0	1102	1102	28594	313.0	4.0	12000	1800	2	0.24	0.04	0.0	0.33	41	22	16	exact	False	False	1.0312				unit	1.0	1102	114	153	1098	36	36.3	0.5556	0	0	6.1	2026-10-01T23:12:46	
TR772413	unit_aware_poa	all	179	12.55	ok	unit			target	2143	440	0	2518	2457	282774	493.0	262.0	12000	1800	2	11.83	0.26	0.01	0.46	299	178	11	kmer3	False	False	1.0834				unit	1.0	2838	985	1397	2339	575	268.3	0.7148	0	0	5.1	2026-10-01T23:17:49	
TR772418	unit_aware_poa	all	126	0.54	ok	fallback	poa_abpoa	no usable period (annotated period 1.0, motif 'C')	target	1148	395	0	1446	1150	144457	378.0	1.0	12000	1800	2	0.1	0.09	0.0	0.34													1454	105	148	1150	50	43.6	0.64			5.2	2026-10-01T23:15:50	
TR772419	unit_aware_poa	all	14	0.44	ok	unit			target	845	445	0	856	845	11507	305.0	3.0	12000	1800	2	0.09	0.02	0.0	0.32	28	13	44	exact	False	False	1.005				unit	1.0	860	46	65	845	19	22.5	0.2632	0	0	7.7	2026-10-01T23:11:56	
TR772430	unit_aware_poa	all	18	0.55	ok	unit			target	968	443	0	1070	1018	17922	308.0	4.0	12000	1800	2	0.2	0.03	0.0	0.32	17	9	12	exact	False	False	1.0296				unit	1.0	1075	103	139	1018	12	12.4	0.5	0	0	6.4	2026-10-01T23:12:18	
TR772431	unit_aware_poa	all	17	0.59	ok	unit			target	1512	434	0	1518	1512	24735	311.0	3.0	12000	1800	2	0.22	0.03	0.0	0.33	40	16	32	exact	False	False	1.0023				unit	1.0	1518	41	57	1512	6	4.0	0.3333	0	0	6.3	2026-10-01T23:12:40	
TR772445	unit_aware_poa	all	30	0.85	ok	unit			target	1482	447	0	1574	1528	43678	320.0	3.0	12000	1800	2	0.47	0.05	0.0	0.32	36	26	24	exact	False	False	1.0412				unit	1.0	1574	218	297	1528	27	18.2	0.5185	0	0	5.0	2026-10-01T23:13:23	
TR772446	unit_aware_poa	all	13	0.42	ok	unit			target	696	403	0	696	696	8949	304.0	4.0	12000	1800	2	0.09	0.02	0.0	0.31	14	7	8	exact	False	False	1.0				unit	1.0	696	35	46	696	6	8.6	0.3333	0	0	8.6	2026-10-01T23:11:45	
TR772463	unit_aware_poa	all	46	2.05	ok	unit			target	2045	457	0	2053	2053	93184	341.0	4.0	12000	1800	2	1.63	0.07	0.0	0.35	45	45	342	exact	False	False	1.0181				unit	1.0	2068	128	180	2056	73	35.7	0.4795	0	0	5.1	2026-10-01T23:14:47	
TR772464	unit_aware_poa	all	21	0.76	ok	unit			target	1702	441	0	1706	1706	35628	315.0	1.0	12000	1800	2	0.38	0.04	0.0	0.34	42	18	269	exact	False	False	1.0012				unit	1.0	1710	70	94	1702	32	18.8	0.5938	0	0	5.4	2026-10-01T23:13:04	
TR772476	unit_aware_poa	all	57	2.19	ok	unit			target	2385	457	0	2467	2446	137321	360.0	1.0	12000	1800	2	1.73	0.1	0.0	0.35	115	51	81	exact	False	False	1.0083				unit	1.0	2501	242	338	2419	22	9.2	0.2727	0	0	5.2	2026-10-01T23:15:43	
TR772489	unit_aware_poa	all	248	40.5	ok	unit			target	4147	448	0	11850	10600	1282186	1561.0	1131.0	12000	1800	2	37.93	1.63	0.02	0.91	360	245	227	kmer3	False	False	1.091				unit	1.0	13693	7743	11354	7460	2344	565.2	0.68	0	0	5.0	2026-10-01T23:24:28	
TR772490	unit_aware_poa	all	30	0.4	ok	fallback	poa_abpoa	no usable period (annotated period 1.0, motif 'C')	target	928	456	0	1267	1263	35386	316.0	4.0	12000	1800	2	0.03	0.03	0.0	0.33													1267	62	91	1234	11	11.9	0.4545			5.5	2026-10-01T23:13:02	
TR772500	unit_aware_poa	all	74	2.53	ok	unit			target	1631	456	0	2374	2374	126023	375.0	4.0	12000	1800	2	2.06	0.11	0.0	0.35	51	70	30	exact	False	False	1.019				unit	1.0	2375	301	413	1941	122	74.8	0.623	0	0	5.5	2026-10-01T23:15:31	
TR772504	unit_aware_poa	all	125	2.44	ok	unit			target	1257	455	0	1411	1411	162717	376.0	1.0	12000	1800	2	1.97	0.12	0.0	0.34	29	124	41	exact	False	False	1.048				unit	1.0	1423	256	369	1367	81	64.4	0.5679	0	0	4.9	2026-10-01T23:16:08	
TR772506	unit_aware_poa	all	40	1.51	ok	unit			target	2230	456	0	2515	2321	88773	343.0	3.0	12000	1800	2	0.97	0.11	0.0	0.42	66	35	61	exact	False	False	1.0651				unit	1.0	2618	436	609	2586	318	142.6	0.5346	0	0	5.2	2026-10-01T23:14:41	
TR772509	unit_aware_poa	all	53	1.18	ok	unit			target	1249	366	1	1349	1346	67556	331.0	2.0	12000	1800	2	0.78	0.06	0.0	0.34	51	49	101	exact	False	False	1.0287				unit	1.0	1358	181	265	1309	65	52.0	0.5692	0	0	5.8	2026-10-01T23:14:10	
TR772530	unit_aware_poa	all	26	0.55	ok	unit			target	1028	454	0	1139	1102	28171	313.0	0.0	12000	1800	2	0.19	0.03	0.0	0.32	27	22	17	exact	False	False	1.0226				unit	1.0	1139	67	91	1102	3	2.9	0.0	0	0	6.1	2026-10-01T23:12:46	
TR772531	unit_aware_poa	all	161	13.8	ok	unit			target	3516	457	0	4472	4324	380360	609.0	632.0	12000	1800	2	13.12	0.27	0.01	0.39	59	144	27	exact	False	False	1.0087				unit	1.0	4520	424	617	3683	244	69.4	0.5533	0	0	5.4	2026-10-01T23:18:43	
TR772548	unit_aware_poa	all	51	0.99	ok	unit			target	1063	456	0	1127	1107	53887	325.0	1.0	12000	1800	2	0.61	0.05	0.0	0.32	25	47	114	exact	False	False	1.0536				unit	1.0	1203	99	150	1107	30	28.2	0.2667	0	0	7.6	2026-10-01T23:13:43	
TR772562	unit_aware_poa	all	45	0.72	ok	unit			target	721	428	0	838	838	32406	316.0	2.0	12000	1800	2	0.36	0.04	0.0	0.32	25	36	10	exact	False	False	1.0351				unit	1.0	838	139	198	838	23	31.9	0.4783	0	0	5.8	2026-10-01T23:12:55	
TR772579	unit_aware_poa	all	199	10.68	ok	unit			target	1750	455	0	2723	2481	320445	533.0	385.0	12000	1800	2	9.88	0.33	0.01	0.46	263	195	28	kmer3	False	False	1.1766				unit	1.0	3124	1498	2402	2237	624	356.6	0.6298	0	0	4.7	2026-10-01T23:18:01	
TR772604	unit_aware_poa	all	27	0.7	ok	unit			target	1172	444	0	1398	1366	33399	316.0	2.0	12000	1800	2	0.32	0.04	0.0	0.34	19	25	29	exact	False	False	1.059				unit	1.0	1412	117	176	1401	52	44.4	0.2692	0	0	5.8	2026-10-01T23:12:59	
TR772606	unit_aware_poa	all	33	0.95	ok	unit			target	1364	450	0	1543	1543	45808	322.0	4.0	12000	1800	2	0.55	0.05	0.0	0.35	43	30	22	exact	False	False	1.0407				unit	1.0	1551	179	247	1543	51	37.4	0.5686	0	0	6.4	2026-10-01T23:13:27	
TR772613	unit_aware_poa	all	9	0.39	ok	unit			target	765	454	0	795	765	6735	303.0	4.0	12000	1800	2	0.05	0.01	0.0	0.32	7	7	8	exact	False	False	1.0072				unit	1.0	795	21	28	765	5	6.5	0.0	0	0	9.6	2026-10-01T23:11:38	
TR772639	unit_aware_poa	all	405	41.45	ok	unit			target	1412	451	0	5641	5431	869362	1280.0	1069.0	12000	1800	2	39.49	1.31	0.02	0.63	249	405	254	kmer3	False	False	1.1214				unit	1.0	6958	6437	11817	5518	1651	1169.3	0.5936	0	0	4.3	2026-10-01T23:21:22	
TR772644	unit_aware_poa	all	238	18.04	ok	unit			target	1063	455	0	5595	3920	382495	871.0	563.0	12000	1800	2	17.02	0.57	0.01	0.44	49	235	1206	kmer3	False	False	1.0703				unit	1.0	5972	4473	7527	2195	879	826.9	0.6758	0	0	5.3	2026-10-01T23:18:48	
TR772648	unit_aware_poa	all	68	1.8	ok	unit			target	1248	454	0	2065	1855	95247	360.0	2.0	12000	1800	2	1.38	0.08	0.0	0.33	36	22	65	exact	False	False	1.1301				unit	1.0	2135	273	401	1923	130	104.2	0.5231	0	0	5.0	2026-10-01T23:14:51	
TR772654	unit_aware_poa	all	95	4.99	ok	unit			target	1559	452	0	1919	1754	148855	378.0	80.0	12000	1800	2	4.45	0.17	0.0	0.37	20	87	471	exact	False	False	1.1105				unit	1.0	2082	631	969	1661	157	100.7	0.3567	0	0	5.0	2026-10-01T23:15:59	
TR772658	unit_aware_poa	all	17	0.36	ok	fallback	poa_abpoa	motif unusable: array covers 0.10 of the core < 0.50	target	588	454	0	648	648	10411	305.0	4.0	12000	1800	2	0.02	0.02	0.0	0.31													648	48	64	648	9	15.3	0.4444			8.0	2026-10-01T23:11:50	
TR772663	unit_aware_poa	all	135	2.99	ok	unit			target	867	455	0	1411	1396	127878	382.0	4.0	12000	1800	2	2.39	0.19	0.0	0.4	153	130	61	exact	False	False	1.2007	poa_abpoa	ok	1.4034	unit	1.0	1617	1388	2329	1223	443	511.0	0.6998	0	0	5.5	2026-10-01T23:15:32	
TR772676	unit_aware_poa	all	54	1.18	ok	unit			target	1054	444	0	1215	1167	55995	328.0	3.0	12000	1800	2	0.79	0.06	0.0	0.33	45	51	14	exact	False	False	1.1445				unit	1.0	1291	272	386	1109	52	49.3	0.5385	0	0	7.1	2026-10-01T23:13:47	
TR772682	unit_aware_poa	all	52	0.77	ok	unit			target	758	444	0	902	884	39358	320.0	2.0	12000	1800	2	0.4	0.05	0.0	0.32	19	48	27	exact	False	False	1.068				unit	1.0	1006	221	315	758	42	55.4	0.619	0	0	5.1	2026-10-01T23:13:11	
TR772688	unit_aware_poa	all	16	0.46	ok	unit			target	745	440	0	943	943	12666	306.0	4.0	12000	1800	2	0.12	0.02	0.0	0.32	16	8	15	exact	False	False	1.0078				unit	1.0	943	41	57	943	20	26.8	0.5	0	0	7.2	2026-10-01T23:11:59	
TR772692	unit_aware_poa	all	19	0.66	ok	unit			target	980	451	0	1301	1054	16928	311.0	4.0	12000	1800	2	0.28	0.04	0.0	0.34	22	17	13	exact	False	False	1.031				unit	1.0	1305	186	257	984	130	132.7	0.6385	0	0	6.4	2026-10-01T23:12:15	
TR772695	unit_aware_poa	all	34	0.97	ok	unit			target	1519	453	0	1600	1568	52242	323.0	3.0	12000	1800	2	0.57	0.06	0.0	0.34	50	26	211	exact	False	False	1.048				unit	1.0	1604	185	262	1601	99	65.2	0.4747	0	0	7.9	2026-10-01T23:13:37	
TR772710	unit_aware_poa	all	450	13.67	ok	unit			target	1103	456	0	1353	1264	490464	561.0	150.0	12000	1800	2	12.89	0.4	0.0	0.37	30	450	158	kmer3	False	False	1.1008				unit	1.0	1578	777	1445	1223	262	237.5	0.6565	0	0	4.7	2026-10-01T23:19:31	
TR772722	unit_aware_poa	all	41	1.38	ok	unit			target	1942	445	0	2114	2113	82399	337.0	2.0	12000	1800	2	0.93	0.09	0.0	0.36	61	36	96	exact	False	False	1.0551				unit	1.0	2169	325	467	2128	83	42.7	0.4096	0	0	5.6	2026-10-01T23:14:34	
TR772724	unit_aware_poa	all	28	0.76	ok	unit			target	1373	452	0	1373	1373	37768	316.0	3.0	12000	1800	2	0.39	0.04	0.0	0.34	56	25	137	exact	False	False	1.0193				unit	1.0	1374	80	110	1374	37	26.9	0.4324	0	0	5.4	2026-10-01T23:13:07	
TR772725	unit_aware_poa	all	77	6.72	ok	unit			target	3410	456	0	4152	3556	264405	437.0	122.0	12000	1800	2	5.94	0.3	0.01	0.48	217	70	476	exact	False	False	1.0477				unit	1.0	4340	1031	1555	3594	381	111.7	0.3885	0	0	5.0	2026-10-01T23:17:33	
TR772756	unit_aware_poa	all	37	0.9	ok	unit			target	1000	456	0	1000	869	31582	316.0	4.0	12000	1800	2	0.55	0.03	0.0	0.31	32	31	5	exact	False	False	1.0109				unit	1.0	1022	92	128	1000	38	38.0	0.5789	0	0	5.8	2026-10-01T23:12:54	
TR772758	unit_aware_poa	all	127	1.7	ok	unit			target	882	439	0	910	910	110014	350.0	2.0	12000	1800	2	1.29	0.07	0.0	0.33	14	106	63	exact	False	False	1.0358				unit	1.0	921	119	194	902	62	70.3	0.4032	0	0	6.2	2026-10-01T23:15:13	
TR772760	unit_aware_poa	all	36	0.85	ok	unit			target	1039	457	0	1161	1157	37528	318.0	4.0	12000	1800	2	0.46	0.04	0.0	0.34	21	28	274	exact	False	False	1.0318				unit	1.0	1171	159	223	1163	91	87.6	0.4615	0	0	5.4	2026-10-01T23:13:06	
TR772761	unit_aware_poa	all	14	0.42	ok	unit			target	640	457	0	748	676	9104	304.0	1.0	12000	1800	2	0.09	0.02	0.0	0.32	4	4	8	exact	False	False	1.0014				unit	1.0	748	48	65	748	26	40.6	0.5769	0	0	8.6	2026-10-01T23:11:47	
TR772765	unit_aware_poa	all	52	0.94	ok	unit			target	914	458	0	1021	1021	48249	323.0	1.0	12000	1800	2	0.54	0.05	0.0	0.34	27	48	98	exact	False	False	1.0874				unit	1.0	1063	202	297	1029	117	128.0	0.453	0	0	8.2	2026-10-01T23:13:34	
TR772772	unit_aware_poa	all	22	0.36	ok	fallback	poa_abpoa	motif unusable: array covers 0.40 of the core < 0.50	target	692	456	0	758	736	15180	307.0	4.0	12000	1800	2	0.02	0.02	0.0	0.32													758	46	62	758	19	27.5	0.5263			6.4	2026-10-01T23:12:09	
TR772775	unit_aware_poa	all	63	0.39	ok	fallback	poa_abpoa	motif unusable: array covers 0.33 of the core < 0.50	target	650	456	0	762	762	42350	321.0	4.0	12000	1800	2	0.04	0.04	0.0	0.31													762	100	140	706	37	56.9	0.6216			5.0	2026-10-01T23:13:20	
TR772778	unit_aware_poa	all	26	0.47	ok	unit			target	603	414	0	681	655	15678	308.0	4.0	12000	1800	2	0.14	0.02	0.0	0.32	6	19	9	exact	False	False	1.0176				unit	1.0	681	49	68	629	16	26.5	0.375	0	0	6.4	2026-10-01T23:12:10	
TR772793	unit_aware_poa	all	23	0.37	ok	fallback	poa_abpoa	motif unusable: array covers 0.08 of the core < 0.50	target	707	455	0	875	819	17437	309.0	1.0	12000	1800	2	0.02	0.02	0.0	0.32													875	65	91	763	14	19.8	0.5714			6.4	2026-10-01T23:12:16	
TR772810	unit_aware_poa	all	46	0.74	ok	unit			target	810	454	0	1035	1034	38859	320.0	1.0	12000	1800	2	0.37	0.04	0.0	0.32	25	36	22	exact	False	False	1.066				unit	1.0	1123	221	314	867	12	14.8	0.4167	0	0	5.1	2026-10-01T23:13:11	
TR772818	unit_aware_poa	all	21	0.58	ok	unit			target	912	455	0	1114	963	19190	310.0	4.0	12000	1800	2	0.23	0.03	0.0	0.32	9	9	10	exact	False	False	1.0097				unit	1.0	1117	65	89	914	17	18.6	0.4706	0	0	7.4	2026-10-01T23:12:24	
TR772832	unit_aware_poa	all	18	0.54	ok	unit			target	975	457	0	1050	1050	17925	308.0	2.0	12000	1800	2	0.18	0.03	0.0	0.33	18	16	5	exact	False	False	1.0229				unit	1.0	1050	74	100	1050	26	26.7	0.6538	0	0	6.1	2026-10-01T23:12:19	
TR772836	unit_aware_poa	all	18	0.49	ok	unit			target	670	458	0	899	899	14676	307.0	1.0	12000	1800	2	0.15	0.02	0.0	0.32	8	12	9	exact	False	False	1.0165				unit	1.0	902	47	65	857	30	44.8	0.4333	0	0	6.9	2026-10-01T23:12:07	
TR772838	unit_aware_poa	all	66	3.55	ok	unit			target	1992	456	0	2386	2382	133883	368.0	93.0	12000	1800	2	2.99	0.15	0.0	0.41	41	59	444	exact	False	False	1.1543				unit	1.0	2546	569	843	2078	297	149.1	0.4949	0	0	5.3	2026-10-01T23:15:39	
TR772868	unit_aware_poa	all	41	0.73	ok	unit			target	957	454	0	1077	1077	37977	319.0	4.0	12000	1800	2	0.35	0.05	0.0	0.33	21	36	10	exact	False	False	1.0352				unit	1.0	1077	167	225	957	43	44.9	0.6279	0	0	5.4	2026-10-01T23:13:09	
TR772871	unit_aware_poa	all	52	1.79	ok	unit			target	1143	456	0	1729	1541	60697	339.0	1.0	12000	1800	2	1.38	0.07	0.0	0.33	44	43	11	exact	False	False	1.0399				unit	1.0	1771	381	546	1238	84	73.5	0.5357	0	0	6.4	2026-10-01T23:14:00	
TR772872	unit_aware_poa	all	153	2.57	ok	unit			target	1039	441	0	1378	1378	145792	390.0	2.0	12000	1800	2	2.13	0.1	0.0	0.33	26	149	37	exact	False	False	1.0226				unit	1.0	1429	284	486	1162	92	88.5	0.6522	0	0	5.2	2026-10-01T23:15:53	
TR772874	unit_aware_poa	all	26	0.55	ok	unit			target	838	456	0	878	878	21715	310.0	4.0	12000	1800	2	0.18	0.04	0.0	0.33	32	21	24	exact	False	False	1.0837				unit	1.0	881	170	241	880	68	81.1	0.5147	0	0	7.0	2026-10-01T23:12:29	
TR772876	unit_aware_poa	all	16	0.47	ok	unit			target	837	453	0	885	842	12750	306.0	2.0	12000	1800	2	0.13	0.02	0.0	0.32	11	11	8	exact	False	False	1.0082				unit	1.0	890	34	46	837	12	14.3	0.5	0	0	7.2	2026-10-01T23:12:00	
TR772891	unit_aware_poa	all	301	12.67	ok	unit			target	1375	457	0	3099	2119	411284	700.0	168.0	12000	1800	2	11.79	0.41	0.01	0.47	37	298	436	kmer3	False	False	1.0846				unit	1.0	3316	1596	2557	3099	780	567.3	0.5013	0	0	5.2	2026-10-01T23:19:02	
TR772910	unit_aware_poa	all	15	0.37	ok	fallback	poa_abpoa	no usable period (annotated period 53.0, motif 'GCCTTCACTACGTCCCTCCC')	target	1020	459	0	1020	1020	15088	307.0	4.0	12000	1800	2	0.02	0.02	0.0	0.33													1020	36	48	1020	20	19.6	0.6			6.9	2026-10-01T23:12:08	
TR772911	unit_aware_poa	all	9	0.34	ok	fallback	poa_abpoa	motif unusable: array covers 0.04 of the core < 0.50	target	592	457	0	630	594	5292	302.0	1.0	12000	1800	2	0.02	0.01	0.0	0.31													630	21	28	592	6	10.1	0.3333			9.6	2026-10-01T23:11:33	
TR772914	unit_aware_poa	all	29	0.54	ok	unit			target	987	459	0	1067	1067	26000	313.0	2.0	12000	1800	2	0.19	0.03	0.0	0.32	6	16	13	exact	False	False	1.0055				unit	1.0	1083	60	85	1067	13	13.2	0.3077	0	0	6.3	2026-10-01T23:12:42	
TR772915	unit_aware_poa	all	20	0.51	ok	unit			target	812	447	0	1142	1088	17678	310.0	2.0	12000	1800	2	0.16	0.02	0.0	0.32	5	14	12	exact	False	False	1.0034				unit	1.0	1143	48	67	1088	26	32.0	0.4231	0	0	6.4	2026-10-01T23:12:17	
TR772918	unit_aware_poa	all	22	0.4	ok	fallback	poa_abpoa	motif unusable: 1 CHM13 units < 3; array covers 0.04 of the core < 0.50	target	875	451	0	1271	1192	21805	312.0	3.0	12000	1800	2	0.03	0.03	0.0	0.33													1271	156	218	1192	17	19.4	0.5294			7.0	2026-10-01T23:12:30	
TR772922	unit_aware_poa	all	80	1.41	ok	unit			target	1130	458	0	1290	1180	85071	344.0	4.0	12000	1800	2	1.0	0.08	0.0	0.33	26	69	40	exact	False	False	1.0203				unit	1.0	1318	263	380	1130	44	38.9	0.4545	0	0	5.3	2026-10-01T23:14:38	
TR772924	unit_aware_poa	all	27	0.56	ok	unit			target	864	456	0	981	942	23337	311.0	3.0	12000	1800	2	0.21	0.03	0.0	0.32	13	22	15	exact	False	False	1.0085				unit	1.0	981	54	76	981	27	31.2	0.4444	0	0	6.7	2026-10-01T23:12:36	
TR772925	unit_aware_poa	all	28	0.67	ok	unit			target	1003	436	0	1236	1235	29849	315.0	1.0	12000	1800	2	0.28	0.05	0.0	0.34	19	24	40	exact	False	False	1.0666				unit	1.0	1281	267	383	1258	94	93.7	0.4894	0	0	6.0	2026-10-01T23:12:51	
TR772937	unit_aware_poa	all	150	0.51	ok	fallback	poa_abpoa	motif unusable: array covers 0.39 of the core < 0.50	target	615	458	0	920	910	97508	359.0	2.0	12000	1800	2	0.1	0.07	0.0	0.32													957	220	329	836	85	138.2	0.4824			4.9	2026-10-01T23:14:54	
TR772944	unit_aware_poa	all	63	1.49	ok	unit			target	1004	456	0	1732	1525	74446	347.0	1.0	12000	1800	2	1.0	0.11	0.0	0.38	42	60	81	exact	False	False	1.0911				unit	1.0	1770	740	1104	1366	354	352.6	0.6497	0	0	5.8	2026-10-01T23:14:24	
TR772945	unit_aware_poa	all	166	6.7	ok	unit			target	1951	457	0	4276	2726	273231	605.0	110.0	12000	1800	2	6.08	0.24	0.01	0.38	22	158	120	kmer3	False	False	1.0323				unit	1.0	4320	533	777	2015	239	122.5	0.3222	0	0	5.2	2026-10-01T23:17:36	
TR772953	unit_aware_poa	all	11	0.46	ok	unit			target	1093	456	0	1093	1093	11865	305.0	3.0	12000	1800	2	0.12	0.02	0.0	0.32	8	6	3	exact	False	False	1.0132				unit	1.0	1093	33	43	1093	15	13.7	0.5333	0	0	7.7	2026-10-01T23:11:58	
TR772955	unit_aware_poa	all	137	4.07	ok	unit			target	1390	458	0	1527	1525	191976	390.0	116.0	12000	1800	2	3.43	0.22	0.0	0.41	74	131	116	exact	False	False	1.2084	poa_abpoa	ok	1.6907	unit	1.0	1708	966	1534	1589	508	365.5	0.6181	0	0	4.4	2026-10-01T23:16:41	
TR772961	unit_aware_poa	all	11	0.4	ok	unit			target	710	455	0	770	740	7655	304.0	3.0	12000	1800	2	0.06	0.01	0.0	0.32	3	5	6	exact	False	False	1.0024				unit	1.0	770	22	31	710	7	9.9	0.2857	0	0	9.0	2026-10-01T23:11:40	
TR772965	unit_aware_poa	all	60	1.78	ok	unit			target	1650	457	0	1980	1782	90750	351.0	4.0	12000	1800	2	1.34	0.08	0.0	0.35	17	56	21	exact	False	False	1.0152				unit	1.0	1980	186	258	1782	79	47.9	0.5696	0	0	5.1	2026-10-01T23:14:45	
TR772969	unit_aware_poa	all	17	0.37	ok	fallback	poa_abpoa	motif unusable: 1 CHM13 units < 3; array covers 0.05 of the core < 0.50	target	834	458	0	835	834	13862	306.0	2.0	12000	1800	2	0.02	0.02	0.0	0.32													835	57	76	834	20	24.0	0.55			6.9	2026-10-01T23:12:04	
TR772972	unit_aware_poa	all	15	0.36	ok	fallback	poa_abpoa	no usable period (annotated period 19.0, motif 'GCACACAGTAGGTGCTCAG')	target	606	434	0	626	607	8728	304.0	1.0	12000	1800	2	0.02	0.02	0.0	0.32													627	23	33	607	8	13.2	0.25			8.6	2026-10-01T23:11:45	
TR772973	unit_aware_poa	all	48	1.89	ok	fallback	poa_abpoa	no usable period (annotated period 71.0, motif 'GCCCAGGTTCCCGGGGCTGC')	target	631	449	0	17287	702	45112	656.0	1.0	12000	1800	2	1.36	0.19	0.02	0.32													17288	65	89	631	22	34.9	0.5455			6.4	2026-10-01T23:13:27	
TR772976	unit_aware_poa	all	398	103.07	ok	unit			target	1295	439	0	6041	5512	1116120	1332.0	1420.0	12000	1800	2	99.17	2.69	0.02	1.18	59	392	2807	kmer3	False	False	1.1234				unit	1.0	10875	11680	24152	5747	4822	3723.6	0.7686	2	1696	5.0	2026-10-01T23:24:23	
TR772978	unit_aware_poa	all	172	3.77	ok	unit			target	1032	446	0	1315	1301	180888	397.0	95.0	12000	1800	2	3.12	0.27	0.0	0.39	307	160	65	kmer3	False	False	1.1368				unit	1.0	1775	1250	2139	1176	307	297.5	0.6417	0	0	4.5	2026-10-01T23:16:30	
TR772987	unit_aware_poa	all	60	1.93	ok	unit			target	1188	456	0	2034	2034	103135	352.0	2.0	12000	1800	2	1.34	0.17	0.0	0.41	55	54	79	exact	False	False	1.076				unit	1.0	2070	918	1337	2019	407	342.6	0.5946	0	0	4.8	2026-10-01T23:15:04	
TR772993	unit_aware_poa	all	111	1.49	ok	unit			target	809	456	0	1028	907	92204	349.0	4.0	12000	1800	2	1.07	0.08	0.0	0.33	41	75	70	exact	False	False	1.1117				unit	1.0	1077	257	384	862	68	84.1	0.5588	0	0	5.1	2026-10-01T23:14:47	
TR772995	unit_aware_poa	all	28	0.59	ok	unit			target	802	454	0	1106	1106	25420	313.0	3.0	12000	1800	2	0.24	0.03	0.0	0.32	9	26	17	exact	False	False	1.0085				unit	1.0	1106	61	87	1068	20	24.9	0.4	0	0	6.3	2026-10-01T23:12:41	
TR772997	unit_aware_poa	all	45	1.19	ok	unit			target	1466	456	0	1508	1483	65710	329.0	1.0	12000	1800	2	0.8	0.05	0.0	0.34	44	31	228	exact	False	False	1.0074				unit	1.0	1514	81	112	1478	37	25.2	0.4865	0	0	6.2	2026-10-01T23:14:06	
TR772998	unit_aware_poa	all	14	0.43	ok	unit			target	708	455	0	708	708	9527	304.0	3.0	12000	1800	2	0.09	0.02	0.0	0.32	6	6	6	exact	False	False	1.0123				unit	1.0	708	40	53	708	16	22.6	0.5625	0	0	8.6	2026-10-01T23:11:48	
TR772999	unit_aware_poa	all	417	61.53	ok	unit			target	3312	455	0	7713	7478	1381104	1680.0	1368.0	12000	1800	2	58.48	1.92	0.02	1.11	147	417	620	kmer3	False	False	1.0703				unit	1.0	9098	8401	14262	7953	4183	1263.0	0.7052	0	0	4.7	2026-10-01T23:25:22	
TR773026	unit_aware_poa	all	29	0.63	ok	unit			target	716	452	0	791	791	22601	310.0	2.0	12000	1800	2	0.28	0.03	0.0	0.32	25	17	6	exact	False	False	1.0826				unit	1.0	791	71	97	791	30	41.9	0.5	0	0	6.7	2026-10-01T23:12:34	
TR773027	unit_aware_poa	all	256	6.13	ok	unit			target	809	456	0	1898	1610	213763	509.0	97.0	12000	1800	2	5.6	0.17	0.0	0.36	12	255	160	kmer3	False	False	1.0495				unit	1.0	1898	537	812	1386	303	374.5	0.4719	0	0	4.4	2026-10-01T23:16:56	
TR773030	unit_aware_poa	all	15	0.45	ok	unit			target	931	456	0	931	931	11285	306.0	1.0	12000	1800	2	0.11	0.02	0.0	0.32	7	7	13	exact	False	False	1.0213				unit	1.0	931	41	56	931	23	24.7	0.4783	0	0	7.7	2026-10-01T23:11:55	
TR773034	unit_aware_poa	all	43	0.78	ok	unit			target	972	454	0	1152	1152	39452	321.0	1.0	12000	1800	2	0.39	0.05	0.0	0.34	29	39	16	exact	False	False	1.0317				unit	1.0	1156	254	354	976	83	85.4	0.4819	0	0	5.1	2026-10-01T23:13:12	
TR773035	unit_aware_poa	all	91	3.54	ok	unit			target	1011	454	0	1561	1552	116364	361.0	67.0	12000	1800	2	3.06	0.13	0.0	0.34	23	91	349	exact	False	False	1.0822				unit	1.0	1756	707	1176	1411	197	194.9	0.4721	0	0	5.6	2026-10-01T23:15:24	
TR773052	unit_aware_poa	all	25	0.61	ok	unit			target	776	441	0	1004	947	19965	311.0	2.0	12000	1800	2	0.26	0.03	0.0	0.32	21	22	11	exact	False	False	1.01				unit	1.0	1004	89	126	833	15	19.3	0.4667	0	0	7.4	2026-10-01T23:12:26	
TR773062	unit_aware_poa	all	46	0.65	ok	unit			target	769	453	0	785	785	34543	315.0	4.0	12000	1800	2	0.3	0.04	0.0	0.31	46	46	24	exact	False	False	1.0867				unit	1.0	795	140	213	770	34	44.2	0.4118	0	0	5.5	2026-10-01T23:13:00	
TR773065	unit_aware_poa	all	34	0.98	ok	unit			target	1573	454	0	1973	1653	51905	329.0	3.0	12000	1800	2	0.59	0.05	0.0	0.33	36	29	38	exact	False	False	1.0389				unit	1.0	1977	156	221	1573	48	30.5	0.5417	0	0	7.9	2026-10-01T23:13:37	
TR773071	unit_aware_poa	all	10	0.41	ok	unit			target	777	454	0	777	777	7614	303.0	2.0	12000	1800	2	0.07	0.02	0.0	0.32	15	8	7	exact	False	False	1.0168				unit	1.0	777	41	54	777	27	34.7	0.5926	0	0	9.0	2026-10-01T23:11:40	
TR773077	unit_aware_poa	all	18	0.48	ok	unit			target	862	454	0	1002	974	16412	308.0	2.0	12000	1800	2	0.14	0.02	0.0	0.32	22	15	22	exact	False	False	1.0175				unit	1.0	1002	64	90	918	14	16.2	0.4286	0	0	6.4	2026-10-01T23:12:13	
TR773081	unit_aware_poa	all	44	1.45	ok	unit			target	1879	455	0	2495	1907	82032	347.0	1.0	12000	1800	2	0.99	0.11	0.0	0.35	75	39	75	exact	False	False	1.0266				unit	1.0	2556	424	599	1907	59	31.4	0.5254	0	0	5.6	2026-10-01T23:14:34	
TR773095	unit_aware_poa	all	47	0.62	ok	unit			target	649	454	0	729	709	29946	315.0	1.0	12000	1800	2	0.26	0.03	0.0	0.33	6	30	15	exact	False	False	1.0469				unit	1.0	729	85	119	729	55	84.7	0.5636	0	0	6.0	2026-10-01T23:12:51	
TR773098	unit_aware_poa	all	52	0.97	ok	unit			target	812	453	0	1403	1035	45206	331.0	3.0	12000	1800	2	0.61	0.04	0.0	0.32	9	33	25	exact	False	False	1.007				unit	1.0	1405	90	129	998	22	27.1	0.4545	0	0	6.4	2026-10-01T23:13:27	
TR773108	unit_aware_poa	all	21	0.43	ok	unit			target	595	446	0	723	691	13422	307.0	2.0	12000	1800	2	0.09	0.02	0.0	0.31	6	10	7	exact	False	False	1.0073				unit	1.0	723	42	58	659	6	10.1	0.3333	0	0	7.2	2026-10-01T23:12:02	
TR773109	unit_aware_poa	all	17	0.52	ok	unit			target	846	441	0	976	976	14187	307.0	1.0	12000	1800	2	0.19	0.02	0.0	0.31	15	16	9	exact	False	False	1.0116				unit	1.0	976	62	86	846	7	8.3	0.0	0	0	6.9	2026-10-01T23:12:05	
TR773117	unit_aware_poa	all	25	0.67	ok	unit			target	1085	431	0	1085	1085	26816	312.0	4.0	12000	1800	2	0.32	0.03	0.0	0.32	28	19	10	exact	False	False	1.0044				unit	1.0	1085	72	96	1085	18	16.6	0.5556	0	0	6.3	2026-10-01T23:12:43	
TR773131	unit_aware_poa	all	51	1.47	ok	unit			target	1588	447	0	1930	1893	82172	342.0	2.0	12000	1800	2	1.03	0.1	0.0	0.34	42	47	79	exact	False	False	1.0676				unit	1.0	2164	446	630	1714	48	30.2	0.5	0	0	5.6	2026-10-01T23:14:34	
TR773137	unit_aware_poa	all	195	9.24	ok	unit			target	1957	455	0	2832	2592	393830	537.0	157.0	12000	1800	2	8.28	0.47	0.01	0.48	54	191	374	kmer3	False	False	1.2141	poa_abpoa	ok	2.1196	unit	1.0	3160	2160	3482	2592	708	361.8	0.5113	0	0	5.4	2026-10-01T23:18:53	
TR773138	unit_aware_poa	all	45	0.9	ok	unit			target	1209	453	0	1304	1285	54177	325.0	4.0	12000	1800	2	0.5	0.06	0.0	0.34	39	38	44	exact	False	False	1.0917				unit	1.0	1345	226	333	1247	74	61.2	0.6081	0	0	7.6	2026-10-01T23:13:43	
TR773142	unit_aware_poa	all	126	4.46	ok	unit			target	1907	455	0	2631	2609	249346	442.0	111.0	12000	1800	2	3.78	0.28	0.01	0.39	66	123	100	exact	False	False	1.1623				unit	1.0	3202	1336	2038	2290	232	121.7	0.5259	0	0	4.9	2026-10-01T23:17:22	
TR773143	unit_aware_poa	all	22	0.61	ok	unit			target	1065	313	0	1337	1167	23488	313.0	1.0	12000	1800	2	0.25	0.02	0.0	0.33	16	18	21	exact	False	False	1.013				unit	1.0	1339	68	100	1171	26	24.4	0.4615	0	0	6.7	2026-10-01T23:12:37	
TR773144	unit_aware_poa	all	31	0.8	ok	unit			target	1304	453	0	1546	1454	41053	321.0	1.0	12000	1800	2	0.43	0.05	0.0	0.31	30	28	35	exact	False	False	1.0607				unit	1.0	1668	205	282	1304	5	3.8	0.0	0	0	5.0	2026-10-01T23:13:17	
TR773155	unit_aware_poa	all	25	0.61	ok	unit			target	687	423	0	939	876	20010	310.0	1.0	12000	1800	2	0.27	0.03	0.0	0.32	22	23	8	exact	False	False	1.0143				unit	1.0	939	71	98	813	6	8.7	0.3333	0	0	7.4	2026-10-01T23:12:26	
TR773158	unit_aware_poa	all	189	8.29	ok	unit			target	1761	456	0	3532	2971	361440	586.0	148.0	12000	1800	2	7.48	0.34	0.01	0.46	115	189	70	kmer3	False	False	1.0789				unit	1.0	3671	1594	2328	2645	706	400.9	0.6402	0	0	4.8	2026-10-01T23:18:23	
TR773161	unit_aware_poa	all	127	8.27	ok	unit			target	3189	449	1	3817	3324	407648	508.0	141.0	12000	1800	2	7.56	0.27	0.01	0.43	62	125	779	kmer3	False	False	1.0197				unit	1.0	3912	490	733	3374	205	64.3	0.3317	0	0	5.3	2026-10-01T23:18:56	
TR773182	unit_aware_poa	all	74	1.4	ok	unit			target	797	455	0	1586	1538	71671	350.0	4.0	12000	1800	2	0.99	0.07	0.0	0.34	49	68	51	exact	False	False	1.0438				unit	1.0	1642	364	541	1189	56	70.3	0.4821	0	0	5.9	2026-10-01T23:14:19	
TR773187	unit_aware_poa	all	14	0.5	ok	unit			target	862	394	0	936	936	12571	306.0	1.0	12000	1800	2	0.16	0.02	0.0	0.32	14	10	6	exact	False	False	1.0228				unit	1.0	944	42	58	936	14	16.2	0.2857	0	0	7.2	2026-10-01T23:11:59	
TR773191	unit_aware_poa	all	19	0.53	ok	unit			target	1032	449	0	1032	1032	19127	308.0	4.0	12000	1800	2	0.18	0.02	0.0	0.33	28	14	25	exact	False	False	1.0443				unit	1.0	1032	48	64	1032	14	13.6	0.4286	0	0	6.1	2026-10-01T23:12:23	
TR773193	unit_aware_poa	all	17	0.35	ok	fallback	poa_abpoa	no usable period (annotated period 73.0, motif 'GCCCTCCCCACGCTCCTGCG')	target	655	442	0	728	655	10770	305.0	4.0	12000	1800	2	0.02	0.02	0.0	0.32													728	35	47	655	9	13.7	0.4444			8.0	2026-10-01T23:11:51	
TR773195	unit_aware_poa	all	93	1.76	ok	unit			target	958	443	0	1554	1238	84929	362.0	4.0	12000	1800	2	1.34	0.09	0.0	0.33	21	76	55	exact	False	False	1.0586				unit	1.0	1636	393	564	1097	120	125.3	0.4583	0	0	5.3	2026-10-01T23:14:38	
TR773196	unit_aware_poa	all	17	0.36	ok	fallback	poa_abpoa	motif unusable: array covers 0.06 of the core < 0.50	target	583	453	0	640	640	10367	305.0	3.0	12000	1800	2	0.02	0.02	0.0	0.32													640	40	53	640	9	15.4	0.4444			8.0	2026-10-01T23:11:50	
TR773197	unit_aware_poa	all	26	0.72	ok	unit			target	867	362	0	1419	1419	27369	316.0	4.0	12000	1800	2	0.36	0.03	0.0	0.32	20	23	14	exact	False	False	1.011				unit	1.0	1420	146	201	868	40	46.1	0.625	0	0	6.1	2026-10-01T23:12:44	
TR773201	unit_aware_poa	all	95	3.49	ok	unit			target	2217	455	0	2523	2523	190725	403.0	90.0	12000	1800	2	2.94	0.16	0.0	0.39	32	85	40	exact	False	False	1.0444				unit	1.0	2574	489	700	2268	178	80.3	0.5337	0	0	4.4	2026-10-01T23:16:41	
TR773215	unit_aware_poa	all	57	6.05	ok	unit			target	3872	356	0	10960	9231	223383	568.0	159.0	12000	1800	2	5.19	0.31	0.01	0.53	74	54	306	exact	False	False	1.0337				unit	1.0	11078	2101	3029	4698	831	214.6	0.6318	0	0	4.4	2026-10-01T23:17:07	
TR773217	unit_aware_poa	all	21	0.55	ok	unit			target	893	349	0	893	893	18213	308.0	4.0	12000	1800	2	0.21	0.02	0.0	0.32	17	16	7	exact	False	False	1.0091				unit	1.0	893	61	82	893	21	23.5	0.5714	0	0	6.1	2026-10-01T23:12:21	
TR773227	unit_aware_poa	all	65	1.44	ok	unit			target	1195	454	0	1432	1281	69449	340.0	1.0	12000	1800	2	1.01	0.09	0.0	0.34	45	63	23	exact	False	False	1.1293				unit	1.0	1512	447	668	1245	128	107.1	0.5469	0	0	5.8	2026-10-01T23:14:15	
TR773234	unit_aware_poa	all	121	0.53	ok	fallback	poa_abpoa	motif unusable: array covers 0.37 of the core < 0.50	target	920	453	0	1196	1193	139038	362.0	2.0	12000	1800	2	0.1	0.1	0.0	0.34													1236	185	271	1167	54	58.7	0.6296			5.1	2026-10-01T23:15:47	
TR773244	unit_aware_poa	all	48	1.51	ok	unit			target	1226	454	0	2708	1682	60843	356.0	2.0	12000	1800	2	1.09	0.07	0.0	0.34	21	42	39	exact	False	False	1.0108				unit	1.0	2708	203	280	1682	51	41.6	0.5098	0	0	6.4	2026-10-01T23:14:00	
TR773248	unit_aware_poa	all	32	0.52	ok	unit			target	793	456	0	891	891	22289	312.0	1.0	12000	1800	2	0.16	0.02	0.0	0.33	10	16	11	exact	False	False	1.004				unit	1.0	891	61	84	793	15	18.9	0.4	0	0	7.0	2026-10-01T23:12:32	
TR773250	unit_aware_poa	all	17	0.56	ok	unit			target	1093	453	0	1093	1093	17849	308.0	2.0	12000	1800	2	0.22	0.02	0.0	0.32	15	11	9	exact	False	False	1.0148				unit	1.0	1093	53	71	1093	21	19.2	0.5238	0	0	6.4	2026-10-01T23:12:18	
TR773254	unit_aware_poa	all	405	266.39	ok	unit			target	7487	412	0	19789	16210	3088807	3739.0	4645.0	12000	1800	2	256.61	8.41	0.05	1.31	677	405	3470	kmer3	False	False	1.1279				unit	1.0	31687	34100	62600	11289	7794	1041.0	0.5937	2	266	3.0	2026-10-01T23:32:41	
TR773265	unit_aware_poa	all	18	0.6	ok	unit			target	1424	428	0	1452	1424	24986	311.0	4.0	12000	1800	2	0.23	0.03	0.0	0.33	22	15	27	exact	False	False	1.0206				unit	1.0	1452	94	128	1452	20	14.0	0.4	0	0	6.3	2026-10-01T23:12:40	
TR773270	unit_aware_poa	all	21	0.57	ok	unit			target	944	454	0	998	951	19561	309.0	1.0	12000	1800	2	0.22	0.02	0.0	0.32	25	16	11	exact	False	False	1.0326				unit	1.0	1002	55	78	951	25	26.5	0.32	0	0	7.4	2026-10-01T23:12:25	
TR773280	unit_aware_poa	all	102	2.28	ok	unit			target	857	454	0	1306	1136	94711	357.0	2.0	12000	1800	2	1.83	0.1	0.0	0.35	129	90	10	exact	False	False	1.1906				unit	1.0	1432	481	758	1055	151	176.2	0.6093	0	0	5.0	2026-10-01T23:14:50	
TR773287	unit_aware_poa	all	16	0.36	ok	fallback	poa_abpoa	motif unusable: 1 CHM13 units < 3; array covers 0.10 of the core < 0.50	target	628	455	0	782	782	10356	305.0	1.0	12000	1800	2	0.02	0.02	0.0	0.32													782	54	72	782	19	30.3	0.5263			8.0	2026-10-01T23:11:50	
TR773291	unit_aware_poa	all	11	0.4	ok	unit			target	736	367	0	736	736	7740	303.0	4.0	12000	1800	2	0.06	0.01	0.0	0.32	6	6	11	exact	False	False	1.0				unit	1.0	738	35	48	737	12	16.3	0.25	0	0	9.0	2026-10-01T23:11:40	
TR773300	unit_aware_poa	all	25	0.63	ok	unit			target	1295	456	0	1306	1306	31566	314.0	3.0	12000	1800	2	0.27	0.03	0.0	0.33	10	9	4	exact	False	False	1.0417				unit	1.0	1306	68	92	1306	18	13.9	0.4444	0	0	6.0	2026-10-01T23:12:53	
TR773308	unit_aware_poa	all	16	0.43	ok	unit			target	740	456	0	812	776	11654	306.0	1.0	12000	1800	2	0.08	0.02	0.0	0.32	6	9	9	exact	False	False	1.0116				unit	1.0	813	59	81	743	35	47.3	0.4857	0	0	7.7	2026-10-01T23:11:57	
TR773311	unit_aware_poa	all	44	1.19	ok	unit			target	1635	455	0	1703	1703	72900	332.0	4.0	12000	1800	2	0.77	0.07	0.0	0.35	73	37	46	exact	False	False	1.0876				unit	1.0	1736	191	269	1686	87	53.2	0.4368	0	0	5.9	2026-10-01T23:14:20	
TR773316	unit_aware_poa	all	19	0.68	ok	unit			target	1195	456	0	1712	1712	22699	314.0	2.0	12000	1800	2	0.31	0.03	0.0	0.33	14	16	21	exact	False	False	1.0081				unit	1.0	1712	69	94	1195	31	25.9	0.5806	0	0	6.7	2026-10-01T23:12:35	
TR773324	unit_aware_poa	all	31	0.83	ok	unit			target	1195	453	0	1501	1369	39512	320.0	3.0	12000	1800	2	0.45	0.05	0.0	0.32	46	25	25	exact	False	False	1.0686				unit	1.0	1555	233	342	1333	51	42.7	0.4902	0	0	5.1	2026-10-01T23:13:13	
TR773331	unit_aware_poa	all	15	0.43	ok	unit			target	542	451	0	741	697	8422	305.0	1.0	12000	1800	2	0.09	0.02	0.0	0.31	17	9	89	exact	False	False	1.0073				unit	1.0	747	89	125	593	10	18.5	0.4	0	0	8.6	2026-10-01T23:11:44	
TR773333	unit_aware_poa	all	14	0.48	ok	unit			target	853	454	0	1133	973	12320	307.0	3.0	12000	1800	2	0.13	0.02	0.0	0.32	10	8	16	exact	False	False	1.0091				unit	1.0	1142	57	79	973	14	16.4	0.5714	0	0	7.7	2026-10-01T23:11:58	
TR773337	unit_aware_poa	all	10	0.36	ok	fallback	poa_abpoa	motif unusable: array covers 0.16 of the core < 0.50	target	897	454	0	947	897	9020	304.0	1.0	12000	1800	2	0.02	0.02	0.0	0.32													947	30	39	947	12	13.4	0.5			8.6	2026-10-01T23:11:47	
TR773344	unit_aware_poa	all	20	0.41	ok	fallback	poa_abpoa	no usable period (annotated period 1.0, motif 'C')	target	1439	397	0	1770	1770	30771	315.0	2.0	12000	1800	2	0.03	0.03	0.0	0.34													1776	44	58	1771	19	13.2	0.5789			6.0	2026-10-01T23:12:52	
TR773351	unit_aware_poa	all	27	0.86	ok	unit			target	1654	452	0	2054	1734	43734	324.0	4.0	12000	1800	2	0.48	0.04	0.0	0.33	15	20	33	exact	False	False	1.0094				unit	1.0	2054	93	131	1654	12	7.3	0.1667	0	0	6.4	2026-10-01T23:13:24	
TR773368	unit_aware_poa	all	47	1.11	ok	unit			target	1235	453	0	1403	1403	56209	328.0	2.0	12000	1800	2	0.73	0.05	0.0	0.33	24	41	19	exact	False	False	1.0168				unit	1.0	1403	143	199	1235	29	23.5	0.4138	0	0	7.1	2026-10-01T23:13:47	
TR773376	unit_aware_poa	all	51	0.88	ok	unit			target	986	455	0	1413	1413	53682	331.0	1.0	12000	1800	2	0.52	0.05	0.0	0.31	33	48	18	exact	False	False	1.0108				unit	1.0	1415	164	226	1108	29	29.4	0.5517	0	0	7.6	2026-10-01T23:13:40	
TR773379	unit_aware_poa	all	293	36.5	ok	unit			target	2009	447	0	9467	7505	920470	1490.0	1068.0	12000	1800	2	34.52	1.34	0.02	0.62	202	288	471	kmer3	False	False	1.0607				unit	1.0	10413	6741	11263	4936	1361	677.5	0.59	0	0	4.7	2026-10-01T23:21:59	
TR773388	unit_aware_poa	all	63	0.66	ok	fallback	poa_abpoa	motif unusable: 1 CHM13 units < 3; array covers 0.15 of the core < 0.50	target	611	453	0	2482	2482	109176	367.0	3.0	12000	1800	2	0.22	0.09	0.0	0.35													2497	430	612	1937	78	127.7	0.5128			6.2	2026-10-01T23:15:11	
TR773393	unit_aware_poa	all	77	0.64	ok	fallback	poa_abpoa	motif unusable: array covers 0.07 of the core < 0.50	target	1016	451	0	2268	2245	87779	375.0	4.0	12000	1800	2	0.22	0.08	0.0	0.34													2304	204	300	1229	68	66.9	0.4853			5.2	2026-10-01T23:14:39	
TR773413	unit_aware_poa	all	76	2.23	ok	unit			target	1826	440	0	1944	1944	120511	363.0	1.0	12000	1800	2	1.79	0.08	0.0	0.35	14	64	26	exact	False	False	1.006				unit	1.0	1948	130	193	1889	42	23.0	0.3333	0	0	5.6	2026-10-01T23:15:27	
TR773420	unit_aware_poa	all	21	0.52	ok	unit			target	840	454	0	893	840	17477	308.0	4.0	12000	1800	2	0.18	0.02	0.0	0.31	20	15	8	exact	False	False	1.0034				unit	1.0	893	54	73	840	9	10.7	0.4444	0	0	6.4	2026-10-01T23:12:16	
TR773424	unit_aware_poa	all	49	1.03	ok	unit			target	1091	452	0	1299	1214	52839	327.0	3.0	12000	1800	2	0.65	0.05	0.0	0.33	34	47	16	exact	False	False	1.0651				unit	1.0	1323	151	224	1095	41	37.6	0.5366	0	0	7.6	2026-10-01T23:13:39	
TR773439	unit_aware_poa	all	12	0.44	ok	unit			target	778	456	0	880	829	9285	305.0	3.0	12000	1800	2	0.11	0.02	0.0	0.32	5	6	6	exact	False	False	1.0007				unit	1.0	880	25	34	778	9	11.6	0.4444	0	0	8.6	2026-10-01T23:11:48	
TR773451	unit_aware_poa	all	27	0.76	ok	unit			target	1106	447	0	1238	1238	29664	314.0	4.0	12000	1800	2	0.4	0.03	0.0	0.32	14	24	12	exact	False	False	1.0038				unit	1.0	1238	64	87	1172	11	9.9	0.3636	0	0	6.0	2026-10-01T23:12:50	
TR773452	unit_aware_poa	all	67	4.74	ok	unit			target	2003	444	0	4861	4461	228821	440.0	91.0	12000	1800	2	3.97	0.29	0.01	0.48	53	64	216	exact	False	False	1.0299				unit	1.0	4964	1339	1917	4381	511	255.1	0.5597	0	0	4.4	2026-10-01T23:17:06	
TR773453	unit_aware_poa	all	27	0.6	ok	unit			target	1039	452	0	1351	1351	30860	316.0	3.0	12000	1800	2	0.24	0.03	0.0	0.33	5	23	17	exact	False	False	1.0084				unit	1.0	1351	67	92	1312	14	13.5	0.1429	0	0	6.0	2026-10-01T23:12:53	
TR773454	unit_aware_poa	all	170	8.03	ok	unit			target	2271	456	0	3575	3129	388266	561.0	246.0	12000	1800	2	7.11	0.42	0.01	0.49	150	164	127	kmer3	False	False	1.1229				unit	1.0	4046	1984	3438	2368	618	272.1	0.5566	0	0	5.4	2026-10-01T23:18:40	
TR773455	unit_aware_poa	all	33	0.82	ok	unit			target	1177	455	0	1535	1535	39976	322.0	0.0	12000	1800	2	0.43	0.05	0.0	0.34	55	30	79	exact	False	False	1.0236				unit	1.0	1541	187	268	1536	47	39.9	0.4681	0	0	5.0	2026-10-01T23:13:14	
TR773457	unit_aware_poa	all	62	2.06	ok	unit			target	1885	454	0	2104	2104	115656	356.0	1.0	12000	1800	2	1.6	0.09	0.0	0.37	44	56	165	exact	False	False	1.0387				unit	1.0	2118	231	340	2101	116	61.5	0.3017	0	0	5.8	2026-10-01T23:15:20	
TR773462	unit_aware_poa	all	115	3.06	ok	unit			target	983	396	0	1932	1848	133049	395.0	96.0	12000	1800	2	2.52	0.15	0.0	0.37	53	106	103	exact	False	False	1.1095				unit	1.0	2348	1055	1692	1385	363	369.3	0.6033	0	0	5.3	2026-10-01T23:15:38	
TR773467	unit_aware_poa	all	102	5.84	ok	unit			target	2596	450	0	3401	3401	284740	449.0	115.0	12000	1800	2	5.14	0.27	0.01	0.42	134	100	55	exact	False	False	1.0952				unit	1.0	3524	1048	1546	2863	290	111.7	0.6345	0	0	5.1	2026-10-01T23:17:45	
TR773470	unit_aware_poa	all	45	2.77	ok	unit			target	2647	387	0	4917	4917	145914	395.0	2.0	12000	1800	2	2.17	0.17	0.01	0.43	51	40	116	exact	False	False	1.0397				unit	1.0	4963	808	1111	3332	360	136.0	0.6583	0	0	5.2	2026-10-01T23:15:54	
TR773472	unit_aware_poa	all	436	182.65	ok	unit			target	1244	448	0	32992	26622	1600841	6473.0	3416.0	12000	1800	2	178.68	3.19	0.06	0.72	132	436	957	kmer3	False	False	1.0253				unit	1.0	33357	9448	13481	7016	2248	1807.1	0.641	0	0	4.5	2026-10-01T23:28:14	
TR773474	unit_aware_poa	all	65	2.13	ok	unit			target	1661	452	0	2165	2165	124188	360.0	4.0	12000	1800	2	1.62	0.14	0.0	0.37	63	47	45	exact	False	False	1.1656				unit	1.0	2262	530	744	2165	138	83.1	0.5072	0	0	5.5	2026-10-01T23:15:30	
TR773478	unit_aware_poa	all	17	0.42	ok	unit			target	664	426	0	665	664	11219	305.0	3.0	12000	1800	2	0.08	0.02	0.0	0.32	4	3	4	exact	False	False	1.0151				unit	1.0	665	38	52	664	15	22.6	0.5333	0	0	7.7	2026-10-01T23:11:55	
TR773479	unit_aware_poa	all	20	0.6	ok	unit			target	946	454	0	946	946	18693	308.0	1.0	12000	1800	2	0.25	0.02	0.0	0.32	29	20	9	exact	False	False	1.0392				unit	1.0	947	55	75	946	13	13.7	0.4615	0	0	6.1	2026-10-01T23:12:23	
TR773487	unit_aware_poa	all	28	0.86	ok	unit			target	1773	453	6	1773	1773	48397	321.0	4.0	12000	1800	2	0.47	0.05	0.0	0.35	52	21	34	exact	False	False	1.0317				unit	1.0	1779	80	108	1773	45	25.4	0.5778	0	0	8.2	2026-10-01T23:13:34	
TR773491	unit_aware_poa	all	286	32.67	ok	unit			target	4194	454	0	7153	6957	1069246	1178.0	926.0	12000	1800	2	31.14	0.93	0.02	0.57	108	286	134	kmer3	False	False	1.0666				unit	1.0	8511	3068	4637	6126	891	212.4	0.4826	0	0	4.6	2026-10-01T23:22:39	
TR773492	unit_aware_poa	all	17	0.49	ok	unit			target	741	456	0	1213	1213	15360	309.0	2.0	12000	1800	2	0.15	0.02	0.0	0.31	21	14	23	exact	False	False	1.0135				unit	1.0	1215	112	157	800	6	8.1	0.3333	0	0	6.4	2026-10-01T23:12:09	
TR773493	unit_aware_poa	all	36	0.85	ok	unit			target	1537	445	0	1742	1619	55362	327.0	4.0	12000	1800	2	0.45	0.06	0.0	0.34	33	33	31	exact	False	False	1.0425				unit	1.0	1783	188	255	1537	26	16.9	0.5385	0	0	7.1	2026-10-01T23:13:45	
TR773496	unit_aware_poa	all	30	0.82	ok	unit			target	1269	455	0	1629	1629	37935	321.0	1.0	12000	1800	2	0.44	0.04	0.0	0.33	31	29	27	exact	False	False	1.0056				unit	1.0	1629	121	168	1269	20	15.8	0.3	0	0	5.4	2026-10-01T23:13:09	
TR773517	unit_aware_poa	all	106	2.76	ok	unit			target	1446	397	0	1804	1567	145250	382.0	4.0	12000	1800	2	2.26	0.15	0.0	0.35	97	106	105	exact	False	False	1.0674				unit	1.0	1861	659	1049	1447	120	83.0	0.6	0	0	5.2	2026-10-01T23:15:53	
TR773518	unit_aware_poa	all	99	4.26	ok	unit			target	2505	454	0	2865	2817	245710	422.0	73.0	12000	1800	2	3.58	0.22	0.01	0.46	78	97	97	exact	False	False	1.0819				unit	1.0	3034	636	893	2890	386	154.1	0.6036	0	0	4.9	2026-10-01T23:17:20	
TR773523	unit_aware_poa	all	16	0.36	ok	fallback	poa_abpoa	no usable period (annotated period 1.0, motif 'C')	target	737	429	0	738	738	11558	305.0	2.0	12000	1800	2	0.02	0.02	0.0	0.32													738	27	36	738	11	14.9	0.4545			7.7	2026-10-01T23:11:57	
TR773529	unit_aware_poa	all	104	2.57	ok	unit			target	1296	453	0	1620	1566	134457	372.0	4.0	12000	1800	2	2.14	0.09	0.0	0.33	14	99	18	exact	False	False	1.0189				unit	1.0	1620	154	214	1512	34	26.2	0.4706	0	0	5.2	2026-10-01T23:15:40	
TR773536	unit_aware_poa	all	220	1.33	ok	fallback	poa_abpoa	motif unusable: array covers 0.41 of the core < 0.50	target	2757	415	5	3020	3008	623128	585.0	4.0	12000	1800	2	0.52	0.39	0.01	0.41													3141	807	1237	2985	277	100.5	0.5993			4.8	2026-10-01T23:19:57	
TR773565	unit_aware_poa	all	24	0.44	ok	unit			target	635	413	6	636	635	14261	307.0	4.0	12000	1800	2	0.1	0.02	0.0	0.32	7	5	4	exact	False	False	1.0141				unit	1.0	636	82	109	635	38	59.8	0.6053	0	0	6.9	2026-10-01T23:12:06	
TR773568	unit_aware_poa	all	5	1.71	ok	unit			target	4777	5	0	10539	10384	38110	323.0	2.0	12000	1800	2	0.57	0.11	0.0	1.03	59	5	1538	exact	False	False	1.0602				unit	1.0	10689	2964	4309	10689	2964	620.5	0.6029	0	0	5.1	2026-10-01T23:13:10	
