stratum	metric	label	direction	method	n	median	q1	q3	mean	n_paired	diff_median	diff_q1	diff_q3	better	worse	equal	wilcoxon_p	tp_base	fn	tp_comp	fp
hotspot_vntr	size.nodes_per_kb	nodes / CHM13 kb	-1	mc	40	763.895	446.2225	1464.545	1033.2962499999999												
hotspot_vntr	size.nodes_per_kb	nodes / CHM13 kb	-1	mafft_fftns2	40	372.28	198.465	672.445	469.191	40	-406.5450000000001	-773.0024999999999	-228.05250000000007	39	1	0	2.000888343900442e-10				
hotspot_vntr	size.nodes_per_kb	nodes / CHM13 kb	-1	mafft_fftns2__all	31	390.67	225.92000000000002	840.49	552.6619354838709	31	-333.92	-550.335	-145.36	30	1	0	1.7695128917694092e-08				
hotspot_vntr	size.nodes_per_kb	nodes / CHM13 kb	-1	mafft_fftnsi__all	9	271.91	159.75	294.54	311.28333333333336	9	-171.32	-236.56	-62.0	9	0	0	0.00390625				
hotspot_vntr	size.nodes_per_kb	nodes / CHM13 kb	-1	mafft_linsi	39	354.69	159.01999999999998	652.0	441.9492307692308	39	-409.77000000000004	-858.23	-290.06999999999994	39	0	0	3.637978807091713e-12				
hotspot_vntr	size.nodes_per_kb	nodes / CHM13 kb	-1	mafft_linsi__all	4	162.255	134.485	329.2175	301.4475	4	-189.89499999999998	-236.8375	-140.6175	4	0	0	0.125				
hotspot_vntr	size.nodes_per_kb	nodes / CHM13 kb	-1	mafft_einsi	37	265.15	112.51	623.58	365.5189189189189	37	-418.43000000000006	-852.9499999999998	-345.01	37	0	0	1.4551915228366852e-11				
hotspot_vntr	size.nodes_per_kb	nodes / CHM13 kb	-1	mafft_einsi__all	1	68.68	68.68	68.68	68.68	1	-95.85	-95.85	-95.85	1	0	0	1.0				
hotspot_vntr	size.nodes_per_kb	nodes / CHM13 kb	-1	mafft_ginsi	39	352.16	157.135	651.7	437.2938461538461	39	-453.38	-858.545	-289.71	39	0	0	3.637978807091713e-12				
hotspot_vntr	size.nodes_per_kb	nodes / CHM13 kb	-1	mafft_ginsi__all	1	99.95	99.95	99.95	99.95	1	-64.58	-64.58	-64.58	1	0	0	1.0				
hotspot_vntr	size.nodes_per_kb	nodes / CHM13 kb	-1	poa_abpoa	37	299.7	160.04	558.94	391.4724324324324	37	-424.24999999999994	-760.4899999999999	-334.12	37	0	0	1.4551915228366852e-11				
hotspot_vntr	size.nodes_per_kb	nodes / CHM13 kb	-1	poa_abpoa__all	30	436.14	289.7525	746.3149999999999	604.3586666666666	30	-234.37500000000003	-417.80999999999995	-131.60500000000002	26	4	0	6.910413503646851e-07				
hotspot_vntr	size.nodes_per_kb	nodes / CHM13 kb	-1	poa_spoa	27	344.91	187.64499999999998	628.63	452.0833333333333	27	-364.45000000000005	-665.16	-254.345	27	0	0	1.4901161193847656e-08				
hotspot_vntr	size.nodes_per_kb	nodes / CHM13 kb	-1	poa_spoa__all	20	386.26	305.35	651.1675	539.7394999999999	20	-167.61	-297.43749999999994	-37.60749999999993	16	4	0	0.0003948211669921875				
hotspot_vntr	size.nodes_per_kb	nodes / CHM13 kb	-1	poa_abpoa_mc	40	299.205	138.74	487.71750000000003	389.275	40	-419.47499999999997	-843.98	-330.0	40	0	0	1.8189894035458565e-12				
hotspot_vntr	size.nodes_per_kb	nodes / CHM13 kb	-1	poa_abpoa_mc__all	39	360.26	193.345	749.235	507.1707692307692	39	-390.41999999999996	-748.4700000000001	-203.20999999999998	39	0	0	3.637978807091713e-12				
hotspot_vntr	size.nodes_per_kb	nodes / CHM13 kb	-1	unit_aware	40	381.225	217.98999999999998	647.015	499.70825	40	-378.625	-699.0474999999999	-221.83750000000003	39	1	0	5.4569682106375694e-12				
hotspot_vntr	size.nodes_per_kb	nodes / CHM13 kb	-1	unit_aware__all	40	453.525	244.5925	762.6800000000001	582.049	40	-346.315	-582.1225000000001	-136.5775	37	3	0	6.748450687155128e-10				
hotspot_vntr	size.node_len_mean	mean node bp	1	mc	40	3.5965	2.4467499999999998	4.82175	4.264825												
hotspot_vntr	size.node_len_mean	mean node bp	1	mafft_fftns2	40	6.975	4.4145	8.93475	7.794199999999999	40	2.7495	1.4822499999999996	4.44425	38	2	0	1.6007106751203537e-10				
hotspot_vntr	size.node_len_mean	mean node bp	1	mafft_fftns2__all	31	6.242	5.148	9.1035	7.428870967741935	31	3.028	1.3025	4.403999999999999	30	1	0	4.6566128730773926e-09				
hotspot_vntr	size.node_len_mean	mean node bp	1	mafft_fftnsi__all	9	8.734	5.887	10.077	8.306777777777777	9	2.1830000000000007	1.0539999999999994	3.563999999999999	9	0	0	0.00390625				
hotspot_vntr	size.node_len_mean	mean node bp	1	mafft_linsi	39	6.025	3.7805	8.576	7.14176923076923	39	1.895	0.6079999999999999	3.8805	34	5	0	2.759043127298355e-08				
hotspot_vntr	size.node_len_mean	mean node bp	1	mafft_linsi__all	4	9.377	6.31475	11.152000000000001	8.08975	4	2.5430000000000006	1.7055000000000002	3.5792500000000005	4	0	0	0.125				
hotspot_vntr	size.node_len_mean	mean node bp	1	mafft_einsi	37	9.11	6.085	13.325	11.33327027027027	37	4.41	2.1870000000000003	7.8500000000000005	37	0	0	1.4551915228366852e-11				
hotspot_vntr	size.node_len_mean	mean node bp	1	mafft_einsi__all	1	16.328	16.328	16.328	16.328	1	7.01	7.01	7.01	1	0	0	1.0				
hotspot_vntr	size.node_len_mean	mean node bp	1	mafft_ginsi	39	6.114	3.7855	8.837	7.206076923076923	39	1.9129999999999994	0.701	4.2604999999999995	35	4	0	2.087472239509225e-08				
hotspot_vntr	size.node_len_mean	mean node bp	1	mafft_ginsi__all	1	11.385	11.385	11.385	11.385	1	2.067	2.067	2.067	1	0	0	1.0				
hotspot_vntr	size.node_len_mean	mean node bp	1	poa_abpoa	37	5.519	3.826	7.511	7.611810810810811	37	1.971	0.9119999999999999	3.3529999999999998	36	1	0	3.637978807091713e-10				
hotspot_vntr	size.node_len_mean	mean node bp	1	poa_abpoa__all	30	3.5140000000000002	2.5945	4.94	4.277066666666667	30	0.3524999999999998	-0.2670000000000001	0.7164999999999999	22	8	0	0.15794767439365387				
hotspot_vntr	size.node_len_mean	mean node bp	1	poa_spoa	27	4.509	3.2584999999999997	6.169499999999999	5.394481481481482	27	1.3749999999999998	0.6205	2.119	23	4	0	1.8790364265441895e-05				
hotspot_vntr	size.node_len_mean	mean node bp	1	poa_spoa__all	20	3.4604999999999997	2.758	4.8965	3.97945	20	0.13050000000000006	-0.40174999999999994	0.4934999999999999	11	9	0	0.7011814117431641				
hotspot_vntr	size.node_len_mean	mean node bp	1	poa_abpoa_mc	40	6.5235	4.3675	10.29625	30.090825000000002	40	2.382	1.112	5.694999999999999	39	1	0	3.456079866737127e-11				
hotspot_vntr	size.node_len_mean	mean node bp	1	poa_abpoa_mc__all	39	5.628	3.739	7.9945	6.258974358974359	39	1.9259999999999997	0.8215000000000001	3.4309999999999996	37	2	0	9.204086381942034e-10				
hotspot_vntr	size.node_len_mean	mean node bp	1	unit_aware	40	4.325	3.1425	6.78825	6.5113	40	0.7504999999999993	0.256	1.8337500000000002	32	8	0	0.00028057557574356906				
hotspot_vntr	size.node_len_mean	mean node bp	1	unit_aware__all	40	3.901	2.554	5.93825	5.123749999999999	40	0.4514999999999999	-0.03475000000000017	1.4100000000000001	29	11	0	0.012015921452984912				
hotspot_vntr	size.node_len_median	median node bp	1	mc	40	1.0	1.0	1.0	1.125												
hotspot_vntr	size.node_len_median	median node bp	1	mafft_fftns2	40	1.0	1.0	1.0	1.075	40	0.0	0.0	0.0	2	4	34	0.6875				
hotspot_vntr	size.node_len_median	median node bp	1	mafft_fftns2__all	31	1.0	1.0	1.0	1.1612903225806452	31	0.0	0.0	0.0	2	2	27	1.0				
hotspot_vntr	size.node_len_median	median node bp	1	mafft_fftnsi__all	9	1.0	1.0	2.0	1.3333333333333333	9	0.0	0.0	0.0	2	1	6	1.0				
hotspot_vntr	size.node_len_median	median node bp	1	mafft_linsi	39	1.0	1.0	1.0	1.0512820512820513	39	0.0	0.0	0.0	1	4	34	0.375				
hotspot_vntr	size.node_len_median	median node bp	1	mafft_linsi__all	4	1.0	1.0	1.25	1.25	4	0.0	0.0	0.0	0	0	4					
hotspot_vntr	size.node_len_median	median node bp	1	mafft_einsi	37	1.0	1.0	1.0	1.135135135135135	37	0.0	0.0	0.0	2	2	33	1.0				
hotspot_vntr	size.node_len_median	median node bp	1	mafft_einsi__all	1	2.0	2.0	2.0	2.0	1	0.0	0.0	0.0	0	0	1					
hotspot_vntr	size.node_len_median	median node bp	1	mafft_ginsi	39	1.0	1.0	1.0	1.0769230769230769	39	0.0	0.0	0.0	2	4	33	0.6875				
hotspot_vntr	size.node_len_median	median node bp	1	mafft_ginsi__all	1	2.0	2.0	2.0	2.0	1	0.0	0.0	0.0	0	0	1					
hotspot_vntr	size.node_len_median	median node bp	1	poa_abpoa	37	1.0	1.0	1.0	1.135135135135135	37	0.0	0.0	0.0	3	3	31	1.0				
hotspot_vntr	size.node_len_median	median node bp	1	poa_abpoa__all	30	1.0	1.0	1.0	1.1	30	0.0	0.0	0.0	2	4	24	0.6875				
hotspot_vntr	size.node_len_median	median node bp	1	poa_spoa	27	1.0	1.0	1.0	1.1111111111111112	27	0.0	0.0	0.0	2	2	23	1.0				
hotspot_vntr	size.node_len_median	median node bp	1	poa_spoa__all	20	1.0	1.0	1.0	1.1	20	0.0	0.0	0.0	1	1	18	1.0				
hotspot_vntr	size.node_len_median	median node bp	1	poa_abpoa_mc	40	1.0	1.0	1.0	1.075	40	0.0	0.0	0.0	1	3	36	0.625				
hotspot_vntr	size.node_len_median	median node bp	1	poa_abpoa_mc__all	39	1.0	1.0	1.0	1.0769230769230769	39	0.0	0.0	0.0	1	3	35	0.625				
hotspot_vntr	size.node_len_median	median node bp	1	unit_aware	40	1.0	1.0	1.0	1.475	40	0.0	0.0	0.0	5	2	33	0.359375				
hotspot_vntr	size.node_len_median	median node bp	1	unit_aware__all	40	1.0	1.0	1.0	1.2	40	0.0	0.0	0.0	4	2	34	0.53125				
hotspot_vntr	size.node_frac_1bp	frac 1-bp nodes	-1	mc	40	0.6092500000000001	0.5385249999999999	0.693175	0.6153850000000001												
hotspot_vntr	size.node_frac_1bp	frac 1-bp nodes	-1	mafft_fftns2	40	0.6285499999999999	0.557325	0.6738500000000001	0.617145	40	0.01485000000000003	-0.029549999999999937	0.03785000000000002	15	25	0	0.5185272742000961				
hotspot_vntr	size.node_frac_1bp	frac 1-bp nodes	-1	mafft_fftns2__all	31	0.5816	0.5339	0.6729	0.5920193548387096	31	-0.008499999999999952	-0.052750000000000075	0.029649999999999954	17	14	0	0.31757172010838985				
hotspot_vntr	size.node_frac_1bp	frac 1-bp nodes	-1	mafft_fftnsi__all	9	0.5329	0.4872	0.604	0.5385333333333333	9	0.019399999999999973	0.004500000000000004	0.045700000000000074	2	7	0	0.5703125				
hotspot_vntr	size.node_frac_1bp	frac 1-bp nodes	-1	mafft_linsi	39	0.6181	0.56705	0.6777	0.6186461538461538	39	0.02080000000000004	-0.0262	0.045300000000000035	14	25	0	0.30870273186883423				
hotspot_vntr	size.node_frac_1bp	frac 1-bp nodes	-1	mafft_linsi__all	4	0.59075	0.511575	0.64545	0.566275	4	0.035750000000000004	0.02075000000000002	0.043575	1	3	0	0.25				
hotspot_vntr	size.node_frac_1bp	frac 1-bp nodes	-1	mafft_einsi	37	0.6051	0.5323	0.656	0.5993621621621622	37	-0.0046000000000000485	-0.05480000000000007	0.023500000000000076	20	17	0	0.33082638670748565				
hotspot_vntr	size.node_frac_1bp	frac 1-bp nodes	-1	mafft_einsi__all	1	0.3731	0.3731	0.3731	0.3731	1	0.033499999999999974	0.033499999999999974	0.033499999999999974	0	1	0	1.0				
hotspot_vntr	size.node_frac_1bp	frac 1-bp nodes	-1	mafft_ginsi	39	0.6283	0.5628	0.6761999999999999	0.6182923076923077	39	0.02169999999999994	-0.024950000000000028	0.04854999999999998	15	24	0	0.3647196781421371				
hotspot_vntr	size.node_frac_1bp	frac 1-bp nodes	-1	mafft_ginsi__all	1	0.4	0.4	0.4	0.4	1	0.06040000000000001	0.06040000000000001	0.06040000000000001	0	1	0	1.0				
hotspot_vntr	size.node_frac_1bp	frac 1-bp nodes	-1	poa_abpoa	37	0.6053	0.5468	0.6738	0.6079135135135135	37	-0.0047000000000000375	-0.03979999999999995	0.03969999999999996	21	16	0	0.6871866595320171				
hotspot_vntr	size.node_frac_1bp	frac 1-bp nodes	-1	poa_abpoa__all	30	0.64525	0.5945	0.695075	0.6328133333333333	30	0.02375000000000002	0.006099999999999994	0.05072500000000005	7	23	0	0.026228994131088257				
hotspot_vntr	size.node_frac_1bp	frac 1-bp nodes	-1	poa_spoa	27	0.5947	0.5660000000000001	0.6517999999999999	0.5974777777777779	27	-0.022099999999999898	-0.059799999999999964	0.03649999999999998	17	10	0	0.25584228336811066				
hotspot_vntr	size.node_frac_1bp	frac 1-bp nodes	-1	poa_spoa__all	20	0.6471	0.605625	0.6787	0.62994	20	0.039349999999999996	0.012300000000000061	0.07217500000000002	4	16	0	0.005580902099609375				
hotspot_vntr	size.node_frac_1bp	frac 1-bp nodes	-1	poa_abpoa_mc	40	0.63135	0.5618	0.685025	0.6227674999999999	40	0.013000000000000012	-0.01565000000000001	0.04279999999999996	15	25	0	0.21754151713685133				
hotspot_vntr	size.node_frac_1bp	frac 1-bp nodes	-1	poa_abpoa_mc__all	39	0.6237	0.5633	0.6952499999999999	0.6277512820512821	39	0.01749999999999996	-0.01749999999999996	0.049300000000000066	16	23	0	0.1991071455704514				
hotspot_vntr	size.node_frac_1bp	frac 1-bp nodes	-1	unit_aware	40	0.5989	0.5615	0.665225	0.59327	40	-0.025500000000000023	-0.04694999999999999	0.012999999999999984	27	13	0	0.1000314528009767				
hotspot_vntr	size.node_frac_1bp	frac 1-bp nodes	-1	unit_aware__all	40	0.6308499999999999	0.570825	0.685075	0.6140125000000001	40	-0.01535000000000003	-0.04897499999999999	0.041575000000000084	25	15	0	0.6367651425298391				
hotspot_vntr	size.edges_per_kb	edges / CHM13 kb	-1	mc	40	932.255	495.965	1787.62	1234.86675												
hotspot_vntr	size.edges_per_kb	edges / CHM13 kb	-1	mafft_fftns2	40	534.95	278.27750000000003	961.86	673.4427499999999	40	-403.24	-815.5	-220.55249999999992	39	1	0	1.3860699255019426e-09				
hotspot_vntr	size.edges_per_kb	edges / CHM13 kb	-1	mafft_fftns2__all	31	590.56	320.49	1226.1100000000001	811.4977419354839	31	-326.5300000000002	-456.51000000000005	-98.115	28	3	0	3.4552067518234253e-07				
hotspot_vntr	size.edges_per_kb	edges / CHM13 kb	-1	mafft_fftnsi__all	9	383.56	225.63	412.98	446.69888888888886	9	-115.20999999999998	-249.45	-24.090000000000003	8	1	0	0.01171875				
hotspot_vntr	size.edges_per_kb	edges / CHM13 kb	-1	mafft_linsi	39	493.22	216.14499999999998	911.04	624.7023076923077	39	-443.27000000000004	-953.66	-301.85499999999996	37	2	0	1.8189894035458565e-11				
hotspot_vntr	size.edges_per_kb	edges / CHM13 kb	-1	mafft_linsi__all	4	222.27499999999998	184.8225	453.81	416.3575	4	-203.505	-235.0475	-162.56	4	0	0	0.125				
hotspot_vntr	size.edges_per_kb	edges / CHM13 kb	-1	mafft_einsi	37	370.33	155.03	968.52	521.01	37	-453.4	-950.1399999999999	-354.96000000000004	37	0	0	1.4551915228366852e-11				
hotspot_vntr	size.edges_per_kb	edges / CHM13 kb	-1	mafft_einsi__all	1	99.44	99.44	99.44	99.44	1	-109.17000000000002	-109.17000000000002	-109.17000000000002	1	0	0	1.0				
hotspot_vntr	size.edges_per_kb	edges / CHM13 kb	-1	mafft_ginsi	39	490.38	213.74	909.395	618.2835897435898	39	-460.4100000000001	-952.3999999999999	-299.94500000000005	37	2	0	1.8189894035458565e-11				
hotspot_vntr	size.edges_per_kb	edges / CHM13 kb	-1	mafft_ginsi__all	1	139.93	139.93	139.93	139.93	1	-68.68	-68.68	-68.68	1	0	0	1.0				
hotspot_vntr	size.edges_per_kb	edges / CHM13 kb	-1	poa_abpoa	37	428.47	218.51	789.87	559.4662162162163	37	-470.75	-813.8199999999999	-340.97	37	0	0	1.4551915228366852e-11				
hotspot_vntr	size.edges_per_kb	edges / CHM13 kb	-1	poa_abpoa__all	30	640.32	438.65	1103.6225	890.0020000000001	30	-190.12499999999997	-371.605	-60.197500000000005	25	5	0	8.856505155563354e-05				
hotspot_vntr	size.edges_per_kb	edges / CHM13 kb	-1	poa_spoa	27	504.86	267.97	934.5649999999999	667.2244444444445	27	-363.84	-690.2099999999999	-222.90500000000003	25	2	0	7.450580596923828e-08				
hotspot_vntr	size.edges_per_kb	edges / CHM13 kb	-1	poa_spoa__all	20	562.24	424.845	967.9775	799.0690000000001	20	-72.88499999999999	-195.8875	60.95500000000003	14	6	0	0.13272666931152344				
hotspot_vntr	size.edges_per_kb	edges / CHM13 kb	-1	poa_abpoa_mc	40	428.31500000000005	188.3225	682.5174999999999	548.3072500000001	40	-464.07	-930.035	-347.11250000000007	40	0	0	1.8189894035458565e-12				
hotspot_vntr	size.edges_per_kb	edges / CHM13 kb	-1	poa_abpoa_mc__all	39	515.19	271.89	1052.8600000000001	718.7589743589743	39	-409.03999999999996	-775.0350000000001	-204.88499999999996	39	0	0	3.637978807091713e-12				
hotspot_vntr	size.edges_per_kb	edges / CHM13 kb	-1	unit_aware	40	553.1800000000001	301.1975	987.9475	743.031	40	-352.125	-643.2075	-166.62250000000003	37	3	0	2.000888343900442e-10				
hotspot_vntr	size.edges_per_kb	edges / CHM13 kb	-1	unit_aware__all	40	681.7650000000001	338.1425	1135.25	875.6625	40	-271.41999999999996	-536.9200000000001	-60.09750000000001	31	9	0	1.040497409121599e-05				
hotspot_vntr	size.bubbles	top-level bubbles	0	mc	40	36.5	13.0	62.75	50.6												
hotspot_vntr	size.bubbles	top-level bubbles	0	mafft_fftns2	40	20.0	10.75	79.5	68.6	40	0.0	-21.5	16.5			0	0.9496539689880592				
hotspot_vntr	size.bubbles	top-level bubbles	0	mafft_fftns2__all	31	15.0	7.0	61.0	50.83870967741935	31	-7.0	-32.0	2.5			2	0.1358136385679245				
hotspot_vntr	size.bubbles	top-level bubbles	0	mafft_fftnsi__all	9	15.0	7.0	18.0	17.0	9	-12.0	-22.0	-7.0			0	0.0078125				
hotspot_vntr	size.bubbles	top-level bubbles	0	mafft_linsi	39	74.0	38.0	119.0	113.25641025641026	39	39.0	-2.0	64.5			1	7.446292147506028e-05				
hotspot_vntr	size.bubbles	top-level bubbles	0	mafft_linsi__all	4	27.0	11.5	42.75	27.25	4	-4.5	-9.5	2.75			0	0.75				
hotspot_vntr	size.bubbles	top-level bubbles	0	mafft_einsi	37	31.0	11.0	81.0	56.729729729729726	37	-4.0	-21.0	26.0			1	0.9165804778749589				
hotspot_vntr	size.bubbles	top-level bubbles	0	mafft_einsi__all	1	18.0	18.0	18.0	18.0	1	-4.0	-4.0	-4.0			0	1.0				
hotspot_vntr	size.bubbles	top-level bubbles	0	mafft_ginsi	39	76.0	42.0	122.0	107.35897435897436	39	44.0	-1.0	67.0			1	0.0001036797184497118				
hotspot_vntr	size.bubbles	top-level bubbles	0	mafft_ginsi__all	1	14.0	14.0	14.0	14.0	1	-8.0	-8.0	-8.0			0	1.0				
hotspot_vntr	size.bubbles	top-level bubbles	0	poa_abpoa	37	80.0	42.0	171.0	122.72972972972973	37	39.0	5.0	110.0			1	8.859788067638874e-07				
hotspot_vntr	size.bubbles	top-level bubbles	0	poa_abpoa__all	30	113.0	66.25	295.75	205.0	30	77.0	29.0	204.75			1	3.725290298461914e-08				
hotspot_vntr	size.bubbles	top-level bubbles	0	poa_spoa	27	84.0	57.5	210.0	128.77777777777777	27	51.0	13.0	106.5			1	1.3709068298339844e-06				
hotspot_vntr	size.bubbles	top-level bubbles	0	poa_spoa__all	20	197.0	68.5	370.75	206.35	20	112.5	30.25	260.0			0	3.62396240234375e-05				
hotspot_vntr	size.bubbles	top-level bubbles	0	poa_abpoa_mc	40	59.5	25.25	107.0	89.8	40	9.5	-7.0	49.25			0	0.018333304509724258				
hotspot_vntr	size.bubbles	top-level bubbles	0	poa_abpoa_mc__all	39	58.0	29.5	119.0	95.3076923076923	39	14.0	-6.0	56.5			1	0.0004915556273772381				
hotspot_vntr	size.bubbles	top-level bubbles	0	unit_aware	40	105.0	42.5	211.25	156.575	40	62.0	6.75	161.25			1	3.26617737300694e-08				
hotspot_vntr	size.bubbles	top-level bubbles	0	unit_aware__all	40	128.5	53.5	272.5	201.25	40	74.0	18.75	211.75			1	4.012690624222159e-09				
hotspot_vntr	size.largest_bubble_alleles	alleles, largest bubble	0	mc	40	26.0	16.75	30.0	23.1												
hotspot_vntr	size.largest_bubble_alleles	alleles, largest bubble	0	mafft_fftns2	40	27.0	20.75	30.25	25.075	40	0.5	-0.25	5.0			10	0.040609266608953476				
hotspot_vntr	size.largest_bubble_alleles	alleles, largest bubble	0	mafft_fftns2__all	31	28.0	21.0	31.0	25.35483870967742	31	3.0	0.0	6.5			6	0.010127902030944824				
hotspot_vntr	size.largest_bubble_alleles	alleles, largest bubble	0	mafft_fftnsi__all	9	22.0	20.0	26.0	22.22222222222222	9	4.0	3.0	8.0			0	0.06640625				
hotspot_vntr	size.largest_bubble_alleles	alleles, largest bubble	0	mafft_linsi	39	27.0	19.5	31.0	24.0	39	0.0	-1.5	3.5			8	0.5008883671835065				
hotspot_vntr	size.largest_bubble_alleles	alleles, largest bubble	0	mafft_linsi__all	4	21.5	17.0	25.0	20.5	4	4.0	0.75	9.75			1	0.25				
hotspot_vntr	size.largest_bubble_alleles	alleles, largest bubble	0	mafft_einsi	37	27.0	19.0	30.0	23.83783783783784	37	0.0	-1.0	4.0			11	0.2389155626296997				
hotspot_vntr	size.largest_bubble_alleles	alleles, largest bubble	0	mafft_einsi__all	1	21.0	21.0	21.0	21.0	1	15.0	15.0	15.0			0	1.0				
hotspot_vntr	size.largest_bubble_alleles	alleles, largest bubble	0	mafft_ginsi	39	27.0	18.5	30.5	23.58974358974359	39	0.0	-2.5	3.5			9	0.7260985150933266				
hotspot_vntr	size.largest_bubble_alleles	alleles, largest bubble	0	mafft_ginsi__all	1	24.0	24.0	24.0	24.0	1	18.0	18.0	18.0			0	1.0				
hotspot_vntr	size.largest_bubble_alleles	alleles, largest bubble	0	poa_abpoa	37	24.0	16.0	29.0	22.18918918918919	37	0.0	-4.0	2.0			7	0.6368766445666552				
hotspot_vntr	size.largest_bubble_alleles	alleles, largest bubble	0	poa_abpoa__all	30	23.5	11.25	29.75	20.7	30	-1.0	-7.5	4.0			3	0.4805438667535782				
hotspot_vntr	size.largest_bubble_alleles	alleles, largest bubble	0	poa_spoa	27	20.0	15.0	28.5	20.444444444444443	27	-1.0	-7.0	2.5			3	0.3265678882598877				
hotspot_vntr	size.largest_bubble_alleles	alleles, largest bubble	0	poa_spoa__all	20	21.0	10.0	24.25	18.05	20	-1.0	-6.0	3.25			0	0.43482017517089844				
hotspot_vntr	size.largest_bubble_alleles	alleles, largest bubble	0	poa_abpoa_mc	40	26.5	20.0	30.25	24.45	40	0.0	-2.0	3.25			10	0.3250266723334789				
hotspot_vntr	size.largest_bubble_alleles	alleles, largest bubble	0	poa_abpoa_mc__all	39	25.0	16.0	29.5	23.0	39	0.0	-1.0	2.0			9	0.6216467004269361				
hotspot_vntr	size.largest_bubble_alleles	alleles, largest bubble	0	unit_aware	40	18.0	10.0	28.25	18.65	40	-4.0	-6.5	0.0			8	0.0004508970305323601				
hotspot_vntr	size.largest_bubble_alleles	alleles, largest bubble	0	unit_aware__all	40	21.0	9.0	29.0	19.3	40	-3.0	-8.0	0.0			6	0.005189015879295766				
hotspot_vntr	size.distinct_walks	distinct walks	0	mc	40	30.0	26.75	32.25	28.25												
hotspot_vntr	size.distinct_walks	distinct walks	0	mafft_fftns2	40	30.0	26.75	32.25	28.25	40	0.0	0.0	0.0			40					
hotspot_vntr	size.distinct_walks	distinct walks	0	mafft_fftns2__all	31	30.0	24.5	32.0	27.70967741935484	31	0.0	0.0	0.0			31					
hotspot_vntr	size.distinct_walks	distinct walks	0	mafft_fftnsi__all	9	25.0	21.0	28.0	23.88888888888889	9	0.0	0.0	0.0			9					
hotspot_vntr	size.distinct_walks	distinct walks	0	mafft_linsi	39	30.0	26.5	32.5	28.17948717948718	39	0.0	0.0	0.0			39					
hotspot_vntr	size.distinct_walks	distinct walks	0	mafft_linsi__all	4	23.0	19.25	25.75	22.0	4	0.0	0.0	0.0			4					
hotspot_vntr	size.distinct_walks	distinct walks	0	mafft_einsi	37	30.0	26.0	32.0	28.0	37	0.0	0.0	0.0			37					
hotspot_vntr	size.distinct_walks	distinct walks	0	mafft_einsi__all	1	25.0	25.0	25.0	25.0	1	0.0	0.0	0.0			1					
hotspot_vntr	size.distinct_walks	distinct walks	0	mafft_ginsi	39	30.0	26.5	32.5	28.17948717948718	39	0.0	0.0	0.0			39					
hotspot_vntr	size.distinct_walks	distinct walks	0	mafft_ginsi__all	1	25.0	25.0	25.0	25.0	1	0.0	0.0	0.0			1					
hotspot_vntr	size.distinct_walks	distinct walks	0	poa_abpoa	37	30.0	26.0	33.0	28.16216216216216	37	0.0	0.0	0.0			37					
hotspot_vntr	size.distinct_walks	distinct walks	0	poa_abpoa__all	30	30.0	24.25	32.0	27.6	30	0.0	0.0	0.0			30					
hotspot_vntr	size.distinct_walks	distinct walks	0	poa_spoa	27	30.0	24.5	32.0	27.555555555555557	27	0.0	0.0	0.0			27					
hotspot_vntr	size.distinct_walks	distinct walks	0	poa_spoa__all	20	28.0	23.0	32.0	26.5	20	0.0	0.0	0.0			20					
hotspot_vntr	size.distinct_walks	distinct walks	0	poa_abpoa_mc	40	30.0	26.75	33.0	28.325	40	0.0	0.0	0.0			39	1.0				
hotspot_vntr	size.distinct_walks	distinct walks	0	poa_abpoa_mc__all	39	30.0	26.5	32.5	28.17948717948718	39	0.0	0.0	0.0			39					
hotspot_vntr	size.distinct_walks	distinct walks	0	unit_aware	40	30.0	26.75	32.25	28.25	40	0.0	0.0	0.0			40					
hotspot_vntr	size.distinct_walks	distinct walks	0	unit_aware__all	40	30.0	26.75	32.25	28.25	40	0.0	0.0	0.0			40					
hotspot_vntr	alignment.all_cost_over_opt	cost/opt, all pairs	-1	mc	40	1.5659	1.338125	1.809625	1.7546975												
hotspot_vntr	alignment.all_cost_over_opt	cost/opt, all pairs	-1	mafft_fftns2	40	1.3268499999999999	1.1825999999999999	1.46895	1.5703524999999998	40	-0.20019999999999993	-0.37367499999999987	-0.0372249999999999	33	7	0	1.1274605640210211e-05				
hotspot_vntr	alignment.all_cost_over_opt	cost/opt, all pairs	-1	mafft_fftns2__all	31	1.4204	1.2699	1.74	1.627767741935484	31	-0.14559999999999995	-0.36024999999999996	0.02685000000000004	22	9	0	0.0044362908229231834				
hotspot_vntr	alignment.all_cost_over_opt	cost/opt, all pairs	-1	mafft_fftnsi__all	9	1.1732	1.1513	1.5463	1.4736222222222224	9	-0.05160000000000009	-0.27960000000000007	-0.019600000000000062	7	2	0	0.1640625				
hotspot_vntr	alignment.all_cost_over_opt	cost/opt, all pairs	-1	mafft_linsi	39	1.1106	1.0605	1.1556	1.1491666666666667	39	-0.4005000000000001	-0.6412499999999999	-0.29605000000000004	39	0	0	3.637978807091713e-12				
hotspot_vntr	alignment.all_cost_over_opt	cost/opt, all pairs	-1	mafft_linsi__all	4	1.03545	1.03	1.054325	1.048875	4	-0.2801	-0.8315250000000001	-0.13307499999999994	4	0	0	0.125				
hotspot_vntr	alignment.all_cost_over_opt	cost/opt, all pairs	-1	mafft_einsi	37	1.1821	1.1117	1.2521	1.2069972972972973	37	-0.35950000000000015	-0.5603	-0.2428999999999999	36	1	0	1.4551915228366852e-10				
hotspot_vntr	alignment.all_cost_over_opt	cost/opt, all pairs	-1	mafft_einsi__all	1	1.045	1.045	1.045	1.045	1	-0.38590000000000013	-0.38590000000000013	-0.38590000000000013	1	0	0	1.0				
hotspot_vntr	alignment.all_cost_over_opt	cost/opt, all pairs	-1	mafft_ginsi	39	1.1096	1.0625499999999999	1.167	1.1507871794871793	39	-0.4047999999999998	-0.6273499999999999	-0.29525	39	0	0	3.637978807091713e-12				
hotspot_vntr	alignment.all_cost_over_opt	cost/opt, all pairs	-1	mafft_ginsi__all	1	1.0326	1.0326	1.0326	1.0326	1	-0.3983000000000001	-0.3983000000000001	-0.3983000000000001	1	0	0	1.0				
hotspot_vntr	alignment.all_cost_over_opt	cost/opt, all pairs	-1	poa_abpoa	37	1.083	1.044	1.1108	1.1214081081081082	37	-0.4544999999999999	-0.6989999999999998	-0.3064	37	0	0	1.4551915228366852e-11				
hotspot_vntr	alignment.all_cost_over_opt	cost/opt, all pairs	-1	poa_abpoa__all	30	1.1298	1.0829	1.331875	1.23214	30	-0.36345000000000005	-0.6913249999999999	-0.2175249999999999	30	0	0	1.862645149230957e-09				
hotspot_vntr	alignment.all_cost_over_opt	cost/opt, all pairs	-1	poa_spoa	27	1.0667	1.0402	1.09755	1.098648148148148	27	-0.5184	-0.7799	-0.29845	27	0	0	1.4901161193847656e-08				
hotspot_vntr	alignment.all_cost_over_opt	cost/opt, all pairs	-1	poa_spoa__all	20	1.115	1.078475	1.3396249999999998	1.17863	20	-0.41525	-0.9138750000000001	-0.22352500000000008	19	1	0	3.814697265625e-06				
hotspot_vntr	alignment.all_cost_over_opt	cost/opt, all pairs	-1	poa_abpoa_mc	40	1.1703000000000001	1.081725	1.215125	1.1997149999999999	40	-0.3911	-0.6030500000000001	-0.25297499999999995	39	1	0	6.002665031701326e-11				
hotspot_vntr	alignment.all_cost_over_opt	cost/opt, all pairs	-1	poa_abpoa_mc__all	39	1.275	1.1406	1.5708000000000002	1.4642666666666666	39	-0.18590000000000018	-0.41480000000000006	-0.004050000000000109	29	10	0	4.399772296892479e-05				
hotspot_vntr	alignment.all_cost_over_opt	cost/opt, all pairs	-1	unit_aware	40	1.04765	1.02145	1.0604	1.0621525	40	-0.4635	-0.7161249999999999	-0.3206499999999999	40	0	0	1.8189894035458565e-12				
hotspot_vntr	alignment.all_cost_over_opt	cost/opt, all pairs	-1	unit_aware__all	40	1.0594999999999999	1.03305	1.098075	1.0791175000000002	40	-0.45405000000000006	-0.711025	-0.31247499999999995	40	0	0	1.8189894035458565e-12				
hotspot_vntr	alignment.all_pair_ratio_median	cost/opt, median pair	-1	mc	40	1.5070000000000001	1.205975	1.9396	1.8046399999999998												
hotspot_vntr	alignment.all_pair_ratio_median	cost/opt, median pair	-1	mafft_fftns2	40	1.2285	1.100975	1.3701	1.682705	40	-0.17895000000000005	-0.5719749999999999	-0.013125000000000053	31	9	0	6.718428085150663e-05				
hotspot_vntr	alignment.all_pair_ratio_median	cost/opt, median pair	-1	mafft_fftns2__all	31	1.4023	1.1408999999999998	1.73835	1.6907354838709676	31	-0.07369999999999988	-0.44410000000000005	0.046049999999999924	22	9	0	0.03935616556555033				
hotspot_vntr	alignment.all_pair_ratio_median	cost/opt, median pair	-1	mafft_fftnsi__all	9	1.089	1.055	1.7679	1.6268666666666667	9	-0.039100000000000135	-0.12719999999999998	0.05609999999999982	6	3	0	0.8203125				
hotspot_vntr	alignment.all_pair_ratio_median	cost/opt, median pair	-1	mafft_linsi	39	1.0742	1.03605	1.1406999999999998	1.1169615384615386	39	-0.42020000000000013	-0.80875	-0.15899999999999992	38	1	0	1.8189894035458565e-11				
hotspot_vntr	alignment.all_pair_ratio_median	cost/opt, median pair	-1	mafft_linsi__all	4	1.01605	1.013225	1.0204	1.017575	4	-0.03444999999999998	-0.7341749999999996	-0.0032500000000000306	4	0	0	0.125				
hotspot_vntr	alignment.all_pair_ratio_median	cost/opt, median pair	-1	mafft_einsi	37	1.1044	1.0282	1.1726	1.1335054054054055	37	-0.38949999999999996	-0.7947	-0.11880000000000002	36	1	0	1.0186340659856796e-10				
hotspot_vntr	alignment.all_pair_ratio_median	cost/opt, median pair	-1	mafft_einsi__all	1	1.014	1.014	1.014	1.014	1	-0.0052000000000000934	-0.0052000000000000934	-0.0052000000000000934	1	0	0	1.0				
hotspot_vntr	alignment.all_pair_ratio_median	cost/opt, median pair	-1	mafft_ginsi	39	1.077	1.0402	1.1355	1.1184461538461539	39	-0.4405000000000001	-0.7941999999999999	-0.15884999999999994	38	1	0	1.8189894035458565e-11				
hotspot_vntr	alignment.all_pair_ratio_median	cost/opt, median pair	-1	mafft_ginsi__all	1	1.0177	1.0177	1.0177	1.0177	1	-0.0015000000000000568	-0.0015000000000000568	-0.0015000000000000568	1	0	0	1.0				
hotspot_vntr	alignment.all_pair_ratio_median	cost/opt, median pair	-1	poa_abpoa	37	1.0876	1.0494	1.1365	1.1260297297297297	37	-0.4132	-0.8185	-0.12050000000000005	36	1	0	7.275957614183426e-11				
hotspot_vntr	alignment.all_pair_ratio_median	cost/opt, median pair	-1	poa_abpoa__all	30	1.1549999999999998	1.090875	1.39495	1.2902633333333333	30	-0.22530000000000006	-0.5910249999999999	-0.050925000000000054	27	3	0	3.7904828786849976e-06				
hotspot_vntr	alignment.all_pair_ratio_median	cost/opt, median pair	-1	poa_spoa	27	1.0729	1.0385499999999999	1.1055000000000001	1.1076148148148148	27	-0.4748000000000001	-0.8966000000000001	-0.1180000000000001	27	0	0	1.4901161193847656e-08				
hotspot_vntr	alignment.all_pair_ratio_median	cost/opt, median pair	-1	poa_spoa__all	20	1.1174499999999998	1.054775	1.4163	1.28733	20	-0.20645000000000013	-0.958725	-0.031475000000000086	17	3	0	0.005580902099609375				
hotspot_vntr	alignment.all_pair_ratio_median	cost/opt, median pair	-1	poa_abpoa_mc	40	1.12215	1.0546499999999999	1.2117	1.1597525	40	-0.35825000000000007	-0.783975	-0.10060000000000008	38	2	0	1.3860699255019426e-09				
hotspot_vntr	alignment.all_pair_ratio_median	cost/opt, median pair	-1	poa_abpoa_mc__all	39	1.2412	1.08975	1.69075	1.4815820512820512	39	-0.17070000000000007	-0.42079999999999995	0.0013999999999999568	28	11	0	0.0002377313721808605				
hotspot_vntr	alignment.all_pair_ratio_median	cost/opt, median pair	-1	unit_aware	40	1.04825	1.023475	1.0769250000000001	1.0653825	40	-0.4102	-0.8457250000000001	-0.16052500000000003	38	2	0	1.2732925824820995e-11				
hotspot_vntr	alignment.all_pair_ratio_median	cost/opt, median pair	-1	unit_aware__all	40	1.0604	1.042075	1.103075	1.0810974999999998	40	-0.43700000000000006	-0.8332999999999999	-0.1491999999999999	38	2	0	3.456079866737127e-11				
hotspot_vntr	alignment.all_excess_per_kb	excess edits / kb	-1	mc	40	182.375	112.67500000000001	298.835	202.442												
hotspot_vntr	alignment.all_excess_per_kb	excess edits / kb	-1	mafft_fftns2	40	97.03	72.9525	163.5125	121.82374999999999	40	-73.83999999999999	-156.01	-18.0175	33	7	0	8.152759619406424e-06				
hotspot_vntr	alignment.all_excess_per_kb	excess edits / kb	-1	mafft_fftns2__all	31	119.69	95.995	188.575	144.34967741935483	31	-57.34	-111.01499999999999	6.8799999999999955	22	9	0	0.0033502401784062386				
hotspot_vntr	alignment.all_excess_per_kb	excess edits / kb	-1	mafft_fftnsi__all	9	63.61	53.89	91.93	94.42333333333333	9	-10.97999999999999	-57.99000000000001	-6.010000000000005	7	2	0	0.12890625				
hotspot_vntr	alignment.all_excess_per_kb	excess edits / kb	-1	mafft_linsi	39	36.31	24.479999999999997	51.345	42.62461538461538	39	-160.01	-238.66	-77.93	39	0	0	3.637978807091713e-12				
hotspot_vntr	alignment.all_excess_per_kb	excess edits / kb	-1	mafft_linsi__all	4	13.295	11.985	16.7675	15.4575	4	-116.34	-181.4275	-75.24249999999999	4	0	0	0.125				
hotspot_vntr	alignment.all_excess_per_kb	excess edits / kb	-1	mafft_einsi	37	58.76	31.65	93.41	64.03162162162162	37	-122.01	-174.70000000000005	-67.91000000000001	36	1	0	1.4551915228366852e-10				
hotspot_vntr	alignment.all_excess_per_kb	excess edits / kb	-1	mafft_einsi__all	1	16.05	16.05	16.05	16.05	1	-137.48	-137.48	-137.48	1	0	0	1.0				
hotspot_vntr	alignment.all_excess_per_kb	excess edits / kb	-1	mafft_ginsi	39	39.6	24.700000000000003	55.825	43.17948717948718	39	-157.86	-238.09000000000003	-78.02000000000001	39	0	0	3.637978807091713e-12				
hotspot_vntr	alignment.all_excess_per_kb	excess edits / kb	-1	mafft_ginsi__all	1	11.63	11.63	11.63	11.63	1	-141.9	-141.9	-141.9	1	0	0	1.0				
hotspot_vntr	alignment.all_excess_per_kb	excess edits / kb	-1	poa_abpoa	37	26.04	15.38	41.33	31.275405405405408	37	-163.29999999999998	-245.95000000000002	-77.70000000000002	37	0	0	1.4551915228366852e-11				
hotspot_vntr	alignment.all_excess_per_kb	excess edits / kb	-1	poa_abpoa__all	30	43.39	25.942500000000003	75.4625	51.81133333333333	30	-124.145	-220.14749999999998	-47.2775	30	0	0	1.862645149230957e-09				
hotspot_vntr	alignment.all_excess_per_kb	excess edits / kb	-1	poa_spoa	27	16.75	10.405000000000001	32.995	24.041851851851852	27	-154.78	-262.63	-86.84	27	0	0	1.4901161193847656e-08				
hotspot_vntr	alignment.all_excess_per_kb	excess edits / kb	-1	poa_spoa__all	20	29.134999999999998	20.997500000000002	44.629999999999995	33.5795	20	-126.95	-219.225	-52.9025	19	1	0	3.814697265625e-06				
hotspot_vntr	alignment.all_excess_per_kb	excess edits / kb	-1	poa_abpoa_mc	40	49.045	24.759999999999998	90.205	56.778499999999994	40	-138.925	-205.2025	-62.19250000000001	39	1	0	5.4569682106375694e-12				
hotspot_vntr	alignment.all_excess_per_kb	excess edits / kb	-1	poa_abpoa_mc__all	39	86.99	56.29	154.995	111.69615384615383	39	-74.00999999999999	-184.3	-3.7250000000000156	29	10	0	3.347304300405085e-06				
hotspot_vntr	alignment.all_excess_per_kb	excess edits / kb	-1	unit_aware	40	15.215	6.4475	28.5875	17.9055	40	-174.87	-266.8575	-96.42	40	0	0	1.8189894035458565e-12				
hotspot_vntr	alignment.all_excess_per_kb	excess edits / kb	-1	unit_aware__all	40	19.37	11.4425	33.755	22.6995	40	-166.385	-260.265	-92.815	40	0	0	1.8189894035458565e-12				
hotspot_vntr	alignment.all_frac_pairs_optimal	frac pairs optimal	1	mc	40	0.02445	0.0	0.0759	0.0491												
hotspot_vntr	alignment.all_frac_pairs_optimal	frac pairs optimal	1	mafft_fftns2	40	0.0083	0.0	0.033225000000000005	0.0324	40	-0.001	-0.037649999999999996	0.00225	11	20	9	0.055885604582726955				
hotspot_vntr	alignment.all_frac_pairs_optimal	frac pairs optimal	1	mafft_fftns2__all	31	0.0125	0.00195	0.0276	0.0242	31	-0.0036	-0.04785	0.00575	11	16	4	0.01738584041595459				
hotspot_vntr	alignment.all_frac_pairs_optimal	frac pairs optimal	1	mafft_fftnsi__all	9	0.0181	0.009	0.0706	0.04415555555555555	9	-0.031	-0.09110000000000001	-0.005500000000000005	2	7	0	0.0390625				
hotspot_vntr	alignment.all_frac_pairs_optimal	frac pairs optimal	1	mafft_linsi	39	0.0653	0.0031	0.1577	0.10427948717948719	39	0.0196	0.0018	0.10370000000000001	31	1	7	3.864988684654236e-08				
hotspot_vntr	alignment.all_frac_pairs_optimal	frac pairs optimal	1	mafft_linsi__all	4	0.07485	0.060225	0.110375	0.09575	4	0.015500000000000003	-0.009875000000000002	0.06410000000000002	2	2	0	0.875				
hotspot_vntr	alignment.all_frac_pairs_optimal	frac pairs optimal	1	mafft_einsi	37	0.0678	0.0107	0.2029	0.12071621621621621	37	0.0363	0.0018	0.1177	28	2	7	2.421438694000244e-08				
hotspot_vntr	alignment.all_frac_pairs_optimal	frac pairs optimal	1	mafft_einsi__all	1	0.124	0.124	0.124	0.124	1	0.0794	0.0794	0.0794	1	0	0	1.0				
hotspot_vntr	alignment.all_frac_pairs_optimal	frac pairs optimal	1	mafft_ginsi	39	0.0607	0.00445	0.1377	0.09883333333333334	39	0.0108	0.0017999999999999995	0.08975	31	1	7	4.842877388000488e-08				
hotspot_vntr	alignment.all_frac_pairs_optimal	frac pairs optimal	1	mafft_ginsi__all	1	0.0426	0.0426	0.0426	0.0426	1	-0.0020000000000000018	-0.0020000000000000018	-0.0020000000000000018	0	1	0	1.0				
hotspot_vntr	alignment.all_frac_pairs_optimal	frac pairs optimal	1	poa_abpoa	37	0.0322	0.0018	0.0852	0.06364054054054055	37	0.0036	0.0	0.024400000000000005	23	6	8	0.00814909115433693				
hotspot_vntr	alignment.all_frac_pairs_optimal	frac pairs optimal	1	poa_abpoa__all	30	0.0235	0.00045	0.0499	0.03353333333333333	30	0.0	-0.028900000000000002	0.0018	9	13	8	0.07942724227905273				
hotspot_vntr	alignment.all_frac_pairs_optimal	frac pairs optimal	1	poa_spoa	27	0.0426	0.00395	0.09870000000000001	0.07244444444444444	27	0.0053999999999999986	-0.0018	0.038149999999999996	17	7	3	0.07746458053588867				
hotspot_vntr	alignment.all_frac_pairs_optimal	frac pairs optimal	1	poa_spoa__all	20	0.028	0.01625	0.0546	0.04613	20	-0.0027	-0.062099999999999995	0.010875	8	11	1	0.12066650390625				
hotspot_vntr	alignment.all_frac_pairs_optimal	frac pairs optimal	1	poa_abpoa_mc	40	0.03535	0.00495	0.1101	0.08487	40	0.013850000000000008	0.0	0.032625	29	4	7	2.4179229512810707e-05				
hotspot_vntr	alignment.all_frac_pairs_optimal	frac pairs optimal	1	poa_abpoa_mc__all	39	0.0096	0.0	0.05315	0.038551282051282054	39	0.0	-0.0035999999999999995	0.009149999999999998	15	14	10	0.9660303369164467				
hotspot_vntr	alignment.all_frac_pairs_optimal	frac pairs optimal	1	unit_aware	40	0.04265	0.005475000000000001	0.096925	0.08564000000000001	40	0.013349999999999999	0.0	0.035925	27	7	6	0.002217936096712947				
hotspot_vntr	alignment.all_frac_pairs_optimal	frac pairs optimal	1	unit_aware__all	40	0.01895	0.0	0.06085	0.060177499999999995	40	0.0	-0.006049999999999998	0.015599999999999996	17	14	9	0.6918940804898739				
hotspot_vntr	alignment.ref_cost_over_opt	cost/opt vs CHM13	-1	mc	40	1.67	1.4136	1.881425	1.9105325												
hotspot_vntr	alignment.ref_cost_over_opt	cost/opt vs CHM13	-1	mafft_fftns2	40	1.2730000000000001	1.123075	1.4874749999999999	1.6459800000000002	40	-0.29399999999999993	-0.570525	-0.030675000000000008	32	8	0	0.0011671793090499705				
hotspot_vntr	alignment.ref_cost_over_opt	cost/opt vs CHM13	-1	mafft_fftns2__all	31	1.4235	1.22065	1.6306	1.7210193548387096	31	-0.2626999999999997	-0.44675	-0.02114999999999989	24	7	0	0.0011555561795830727				
hotspot_vntr	alignment.ref_cost_over_opt	cost/opt vs CHM13	-1	mafft_fftnsi__all	9	1.2729	1.2084	1.8019	1.5104444444444445	9	-0.377	-1.4235	0.01990000000000003	6	3	0	0.07421875				
hotspot_vntr	alignment.ref_cost_over_opt	cost/opt vs CHM13	-1	mafft_linsi	39	1.114	1.073	1.17675	1.1450641025641026	39	-0.5801000000000001	-0.7191000000000001	-0.3032	39	0	0	3.637978807091713e-12				
hotspot_vntr	alignment.ref_cost_over_opt	cost/opt vs CHM13	-1	mafft_linsi__all	4	1.0962999999999998	1.04585	1.1562999999999999	1.10585	4	-0.4220999999999999	-1.3384	-0.16882499999999995	4	0	0	0.125				
hotspot_vntr	alignment.ref_cost_over_opt	cost/opt vs CHM13	-1	mafft_einsi	37	1.1687	1.0981	1.2742	1.2027945945945946	37	-0.49150000000000005	-0.6546999999999998	-0.21720000000000006	35	2	0	1.4551915228366852e-10				
hotspot_vntr	alignment.ref_cost_over_opt	cost/opt vs CHM13	-1	mafft_einsi__all	1	1.0297	1.0297	1.0297	1.0297	1	-0.6420999999999999	-0.6420999999999999	-0.6420999999999999	1	0	0	1.0				
hotspot_vntr	alignment.ref_cost_over_opt	cost/opt vs CHM13	-1	mafft_ginsi	39	1.1158	1.07205	1.1730999999999998	1.1540692307692306	39	-0.5628	-0.6612	-0.3164	39	0	0	3.637978807091713e-12				
hotspot_vntr	alignment.ref_cost_over_opt	cost/opt vs CHM13	-1	mafft_ginsi__all	1	1.0377	1.0377	1.0377	1.0377	1	-0.6340999999999999	-0.6340999999999999	-0.6340999999999999	1	0	0	1.0				
hotspot_vntr	alignment.ref_cost_over_opt	cost/opt vs CHM13	-1	poa_abpoa	37	1.0778	1.0444	1.1041	1.1103135135135136	37	-0.5996999999999999	-0.8251000000000002	-0.361	37	0	0	1.4551915228366852e-11				
hotspot_vntr	alignment.ref_cost_over_opt	cost/opt vs CHM13	-1	poa_abpoa__all	30	1.1466	1.09755	1.2691750000000002	1.2503766666666667	30	-0.5265	-0.807825	-0.2525	30	0	0	1.862645149230957e-09				
hotspot_vntr	alignment.ref_cost_over_opt	cost/opt vs CHM13	-1	poa_spoa	27	1.0549	1.04035	1.1136	1.081125925925926	27	-0.6273	-1.0039	-0.52105	27	0	0	1.4901161193847656e-08				
hotspot_vntr	alignment.ref_cost_over_opt	cost/opt vs CHM13	-1	poa_spoa__all	20	1.13625	1.0721	1.3238750000000001	1.18633	20	-0.6265999999999999	-1.417875	-0.337475	20	0	0	1.9073486328125e-06				
hotspot_vntr	alignment.ref_cost_over_opt	cost/opt vs CHM13	-1	poa_abpoa_mc	40	1.1833	1.075025	1.2652999999999999	1.2111275	40	-0.4482499999999999	-0.66265	-0.22322499999999995	39	1	0	9.094947017729282e-12				
hotspot_vntr	alignment.ref_cost_over_opt	cost/opt vs CHM13	-1	poa_abpoa_mc__all	39	1.2993	1.1026	1.68735	1.556174358974359	39	-0.14060000000000006	-0.5090999999999999	-0.03795000000000004	32	7	0	3.347304300405085e-06				
hotspot_vntr	alignment.ref_cost_over_opt	cost/opt vs CHM13	-1	unit_aware	40	1.04025	1.026225	1.068675	1.0660824999999998	40	-0.6189999999999999	-0.7944	-0.32832500000000003	40	0	0	1.8189894035458565e-12				
hotspot_vntr	alignment.ref_cost_over_opt	cost/opt vs CHM13	-1	unit_aware__all	40	1.06785	1.0380500000000001	1.1128	1.0856350000000001	40	-0.6086499999999999	-0.7784499999999999	-0.3312250000000001	40	0	0	1.8189894035458565e-12				
hotspot_vntr	alignment.affine_all_cost_over_opt	affine cost/opt, all	-1	mc	40	1.4747	1.346825	1.68825	1.65575												
hotspot_vntr	alignment.affine_all_cost_over_opt	affine cost/opt, all	-1	mafft_fftns2	40	1.2898	1.171775	1.388625	1.4861325	40	-0.17164999999999997	-0.35242499999999993	-0.0634249999999999	33	7	0	8.152759619406424e-06				
hotspot_vntr	alignment.affine_all_cost_over_opt	affine cost/opt, all	-1	mafft_fftns2__all	31	1.3695	1.28205	1.68015	1.5605483870967742	31	-0.15569999999999995	-0.3093999999999999	0.011049999999999893	22	9	0	0.0029005883261561394				
hotspot_vntr	alignment.affine_all_cost_over_opt	affine cost/opt, all	-1	mafft_fftnsi__all	9	1.1761	1.1644	1.6158	1.4762666666666666	9	-0.05950000000000011	-0.2931999999999999	-0.01429999999999998	7	2	0	0.1640625				
hotspot_vntr	alignment.affine_all_cost_over_opt	affine cost/opt, all	-1	mafft_linsi	39	1.1104	1.06975	1.1408	1.1180102564102565	39	-0.39559999999999995	-0.6020499999999999	-0.2889999999999999	39	0	0	3.637978807091713e-12				
hotspot_vntr	alignment.affine_all_cost_over_opt	affine cost/opt, all	-1	mafft_linsi__all	4	1.0396	1.03165	1.0582	1.0502500000000001	4	-0.2923999999999999	-0.78965	-0.14067499999999988	4	0	0	0.125				
hotspot_vntr	alignment.affine_all_cost_over_opt	affine cost/opt, all	-1	mafft_einsi	37	1.1486	1.0768	1.2247	1.1566648648648648	37	-0.3477999999999999	-0.5364	-0.2571999999999999	36	1	0	2.9103830456733704e-11				
hotspot_vntr	alignment.affine_all_cost_over_opt	affine cost/opt, all	-1	mafft_einsi__all	1	1.0436	1.0436	1.0436	1.0436	1	-0.4139999999999999	-0.4139999999999999	-0.4139999999999999	1	0	0	1.0				
hotspot_vntr	alignment.affine_all_cost_over_opt	affine cost/opt, all	-1	mafft_ginsi	39	1.1123	1.0702500000000001	1.1522000000000001	1.1189846153846155	39	-0.39280000000000004	-0.5884499999999999	-0.28879999999999995	39	0	0	3.637978807091713e-12				
hotspot_vntr	alignment.affine_all_cost_over_opt	affine cost/opt, all	-1	mafft_ginsi__all	1	1.0314	1.0314	1.0314	1.0314	1	-0.4261999999999999	-0.4261999999999999	-0.4261999999999999	1	0	0	1.0				
hotspot_vntr	alignment.affine_all_cost_over_opt	affine cost/opt, all	-1	poa_abpoa	37	1.1	1.0692	1.1346	1.1244567567567567	37	-0.4083000000000001	-0.6592	-0.2587999999999999	37	0	0	1.4551915228366852e-11				
hotspot_vntr	alignment.affine_all_cost_over_opt	affine cost/opt, all	-1	poa_abpoa__all	30	1.23795	1.14615	1.489725	1.34733	30	-0.21809999999999996	-0.517125	-0.06692500000000018	26	4	0	4.4075772166252136e-05				
hotspot_vntr	alignment.affine_all_cost_over_opt	affine cost/opt, all	-1	poa_spoa	27	1.1345	1.10585	1.19215	1.1566518518518518	27	-0.4165000000000001	-0.6641999999999999	-0.23485	27	0	0	1.4901161193847656e-08				
hotspot_vntr	alignment.affine_all_cost_over_opt	affine cost/opt, all	-1	poa_spoa__all	20	1.29935	1.18335	1.4977	1.346015	20	-0.22954999999999992	-0.650525	-0.04885000000000006	16	4	0	0.0014324188232421875				
hotspot_vntr	alignment.affine_all_cost_over_opt	affine cost/opt, all	-1	poa_abpoa_mc	40	1.1484	1.097875	1.200725	1.1591525	40	-0.36985	-0.557675	-0.25845000000000007	39	1	0	9.094947017729282e-12				
hotspot_vntr	alignment.affine_all_cost_over_opt	affine cost/opt, all	-1	poa_abpoa_mc__all	39	1.3165	1.14845	1.4919	1.4168871794871796	39	-0.16900000000000004	-0.38325	-0.02179999999999993	31	8	0	5.49646356375888e-05				
hotspot_vntr	alignment.affine_all_cost_over_opt	affine cost/opt, all	-1	unit_aware	40	1.0925500000000001	1.06525	1.1408749999999999	1.1142575000000001	40	-0.38685	-0.5719	-0.259375	40	0	0	1.8189894035458565e-12				
hotspot_vntr	alignment.affine_all_cost_over_opt	affine cost/opt, all	-1	unit_aware__all	40	1.13805	1.092025	1.17895	1.1687875	40	-0.35505	-0.5241749999999998	-0.17534999999999995	38	2	0	1.6007106751203537e-10				
hotspot_vntr	alignment.affine_ref_cost_over_opt	affine cost/opt vs CHM13	-1	mc	40	1.60895	1.35935	1.847	1.78384												
hotspot_vntr	alignment.affine_ref_cost_over_opt	affine cost/opt vs CHM13	-1	mafft_fftns2	40	1.22475	1.095825	1.433975	1.534265	40	-0.2745000000000001	-0.52895	-0.0412499999999999	32	8	0	0.0008436624721070984				
hotspot_vntr	alignment.affine_ref_cost_over_opt	affine cost/opt vs CHM13	-1	mafft_fftns2__all	31	1.3294	1.20285	1.5756999999999999	1.6165096774193548	31	-0.17989999999999995	-0.40445	-0.01695000000000002	23	8	0	0.0009035775437951088				
hotspot_vntr	alignment.affine_ref_cost_over_opt	affine cost/opt vs CHM13	-1	mafft_fftnsi__all	9	1.2883	1.2164	1.7124	1.460511111111111	9	-0.39549999999999996	-1.0479	-0.013000000000000123	7	2	0	0.0546875				
hotspot_vntr	alignment.affine_ref_cost_over_opt	affine cost/opt vs CHM13	-1	mafft_linsi	39	1.1091	1.0646	1.1637499999999998	1.1194564102564102	39	-0.4922000000000002	-0.6823499999999999	-0.25985	39	0	0	3.637978807091713e-12				
hotspot_vntr	alignment.affine_ref_cost_over_opt	affine cost/opt vs CHM13	-1	mafft_linsi__all	4	1.0913	1.0471249999999999	1.1369	1.092725	4	-0.42435	-1.21935	-0.16225000000000006	4	0	0	0.125				
hotspot_vntr	alignment.affine_ref_cost_over_opt	affine cost/opt vs CHM13	-1	mafft_einsi	37	1.136	1.0812	1.1946	1.1569513513513514	37	-0.46629999999999994	-0.6279999999999999	-0.21039999999999992	37	0	0	1.4551915228366852e-11				
hotspot_vntr	alignment.affine_ref_cost_over_opt	affine cost/opt vs CHM13	-1	mafft_einsi__all	1	1.028	1.028	1.028	1.028	1	-0.6725999999999999	-0.6725999999999999	-0.6725999999999999	1	0	0	1.0				
hotspot_vntr	alignment.affine_ref_cost_over_opt	affine cost/opt vs CHM13	-1	mafft_ginsi	39	1.1089	1.0734	1.1536499999999998	1.1265615384615384	39	-0.5185	-0.6643999999999999	-0.29279999999999995	39	0	0	3.637978807091713e-12				
hotspot_vntr	alignment.affine_ref_cost_over_opt	affine cost/opt vs CHM13	-1	mafft_ginsi__all	1	1.0407	1.0407	1.0407	1.0407	1	-0.6598999999999999	-0.6598999999999999	-0.6598999999999999	1	0	0	1.0				
hotspot_vntr	alignment.affine_ref_cost_over_opt	affine cost/opt vs CHM13	-1	poa_abpoa	37	1.0993	1.0655	1.1462	1.1152108108108107	37	-0.48550000000000004	-0.7403	-0.31889999999999996	37	0	0	1.4551915228366852e-11				
hotspot_vntr	alignment.affine_ref_cost_over_opt	affine cost/opt vs CHM13	-1	poa_abpoa__all	30	1.29355	1.1585	1.4261	1.3453166666666665	30	-0.32445	-0.6416499999999999	-0.19455	28	2	0	4.421919584274292e-06				
hotspot_vntr	alignment.affine_ref_cost_over_opt	affine cost/opt vs CHM13	-1	poa_spoa	27	1.121	1.089	1.19205	1.138025925925926	27	-0.5067999999999999	-0.8303999999999998	-0.3540500000000001	27	0	0	1.4901161193847656e-08				
hotspot_vntr	alignment.affine_ref_cost_over_opt	affine cost/opt vs CHM13	-1	poa_spoa__all	20	1.30835	1.17855	1.397525	1.3138299999999998	20	-0.6047499999999999	-0.8491750000000002	-0.1855000000000001	18	2	0	3.62396240234375e-05				
hotspot_vntr	alignment.affine_ref_cost_over_opt	affine cost/opt vs CHM13	-1	poa_abpoa_mc	40	1.1457000000000002	1.0788	1.219525	1.1741	40	-0.41235	-0.6203749999999999	-0.22405000000000008	39	1	0	5.4569682106375694e-12				
hotspot_vntr	alignment.affine_ref_cost_over_opt	affine cost/opt vs CHM13	-1	poa_abpoa_mc__all	39	1.2985	1.1294499999999998	1.62675	1.4797307692307693	39	-0.14939999999999998	-0.43835	-0.02694999999999992	31	8	0	3.670036676339805e-06				
hotspot_vntr	alignment.affine_ref_cost_over_opt	affine cost/opt vs CHM13	-1	unit_aware	40	1.1042	1.06705	1.134075	1.1178275	40	-0.501	-0.678075	-0.224725	39	1	0	4.547473508864641e-11				
hotspot_vntr	alignment.affine_ref_cost_over_opt	affine cost/opt vs CHM13	-1	unit_aware__all	40	1.13245	1.101125	1.204925	1.1659775	40	-0.45304999999999995	-0.6669249999999999	-0.22704999999999986	39	1	0	4.547473508864641e-11				
hotspot_vntr	alignment.affine_all_excess_per_kb	affine excess / kb	-1	mc	40	394.67499999999995	225.16	616.5225	418.87399999999997												
hotspot_vntr	alignment.affine_all_excess_per_kb	affine excess / kb	-1	mafft_fftns2	40	206.475	143.78	322.90999999999997	248.99075	40	-159.47500000000002	-326.1625	-37.36	33	7	0	3.488779839244671e-06				
hotspot_vntr	alignment.affine_all_excess_per_kb	affine excess / kb	-1	mafft_fftns2__all	31	268.18	176.82	426.065	308.4635483870968	31	-103.89999999999998	-227.04	13.38500000000002	22	9	0	0.0018533961847424507				
hotspot_vntr	alignment.affine_all_excess_per_kb	affine excess / kb	-1	mafft_fftnsi__all	9	152.02	120.87	200.1	207.30666666666667	9	-31.340000000000003	-121.54	-16.180000000000007	7	2	0	0.12890625				
hotspot_vntr	alignment.affine_all_excess_per_kb	affine excess / kb	-1	mafft_linsi	39	81.61	50.614999999999995	104.875	86.32384615384616	39	-326.17999999999995	-500.975	-163.795	39	0	0	3.637978807091713e-12				
hotspot_vntr	alignment.affine_all_excess_per_kb	affine excess / kb	-1	mafft_linsi__all	4	32.53	27.55	42.29	37.31	4	-246.735	-385.9825	-162.985	4	0	0	0.125				
hotspot_vntr	alignment.affine_all_excess_per_kb	affine excess / kb	-1	mafft_einsi	37	112.29	45.42	180.48	120.2545945945946	37	-262.6	-398.72	-144.20999999999998	36	1	0	2.9103830456733704e-11				
hotspot_vntr	alignment.affine_all_excess_per_kb	affine excess / kb	-1	mafft_einsi__all	1	32.04	32.04	32.04	32.04	1	-304.37	-304.37	-304.37	1	0	0	1.0				
hotspot_vntr	alignment.affine_all_excess_per_kb	affine excess / kb	-1	mafft_ginsi	39	86.63	51.395	111.71000000000001	87.06641025641026	39	-326.14	-509.66499999999996	-163.425	39	0	0	3.637978807091713e-12				
hotspot_vntr	alignment.affine_all_excess_per_kb	affine excess / kb	-1	mafft_ginsi__all	1	23.08	23.08	23.08	23.08	1	-313.33000000000004	-313.33000000000004	-313.33000000000004	1	0	0	1.0				
hotspot_vntr	alignment.affine_all_excess_per_kb	affine excess / kb	-1	poa_abpoa	37	69.24	45.43	107.16	84.30675675675676	37	-318.02	-485.90000000000003	-168.64000000000001	37	0	0	1.4551915228366852e-11				
hotspot_vntr	alignment.affine_all_excess_per_kb	affine excess / kb	-1	poa_abpoa__all	30	156.48	119.7475	271.0675	206.6796666666667	30	-171.39000000000001	-398.225	-35.39	26	4	0	7.994472980499268e-06				
hotspot_vntr	alignment.affine_all_excess_per_kb	affine excess / kb	-1	poa_spoa	27	75.95	50.06	138.215	100.71518518518518	27	-306.02	-483.415	-137.825	27	0	0	1.4901161193847656e-08				
hotspot_vntr	alignment.affine_all_excess_per_kb	affine excess / kb	-1	poa_spoa__all	20	150.56	116.69749999999999	206.6525	162.256	20	-167.385	-322.845	-22.164999999999992	16	4	0	0.0005855560302734375				
hotspot_vntr	alignment.affine_all_excess_per_kb	affine excess / kb	-1	poa_abpoa_mc	40	95.99000000000001	59.33	182.97	115.89325000000001	40	-278.655	-425.2825	-153.41	39	1	0	3.637978807091713e-12				
hotspot_vntr	alignment.affine_all_excess_per_kb	affine excess / kb	-1	poa_abpoa_mc__all	39	204.39	128.035	343.89	245.13282051282053	39	-133.51	-359.12	-18.375	31	8	0	2.5291155907325447e-06				
hotspot_vntr	alignment.affine_all_excess_per_kb	affine excess / kb	-1	unit_aware	40	70.285	45.6425	107.41	85.4225	40	-327.37	-483.54749999999996	-160.04	40	0	0	1.8189894035458565e-12				
hotspot_vntr	alignment.affine_all_excess_per_kb	affine excess / kb	-1	unit_aware__all	40	93.095	59.62	161.19	120.39425000000001	40	-309.32	-444.0575	-118.82499999999999	38	2	0	4.547473508864641e-11				
hotspot_vntr	alignment.all_U_per_kb	unaligned homology bp / kb	-1	mc	40	40.525	18.450000000000003	87.3	73.7785												
hotspot_vntr	alignment.all_U_per_kb	unaligned homology bp / kb	-1	mafft_fftns2	40	4.640000000000001	2.3875	7.6850000000000005	5.808249999999999	40	-33.94	-82.83	-12.5	37	3	0	3.0740920919924974e-10				
hotspot_vntr	alignment.all_U_per_kb	unaligned homology bp / kb	-1	mafft_fftns2__all	31	9.19	5.9	21.28	13.459354838709677	31	-17.990000000000002	-35.115	-1.4100000000000006	24	7	0	0.0002865353599190712				
hotspot_vntr	alignment.all_U_per_kb	unaligned homology bp / kb	-1	mafft_fftnsi__all	9	5.17	1.72	6.8	6.21	9	-21.97	-27.88	-6.41	7	2	0	0.07421875				
hotspot_vntr	alignment.all_U_per_kb	unaligned homology bp / kb	-1	mafft_linsi	39	1.58	0.735	2.165	1.636923076923077	39	-38.989999999999995	-74.755	-14.945	39	0	0	3.637978807091713e-12				
hotspot_vntr	alignment.all_U_per_kb	unaligned homology bp / kb	-1	mafft_linsi__all	4	2.5949999999999998	1.7825	3.38	2.5675	4	-16.259999999999998	-23.47	-7.029999999999999	3	1	0	0.25				
hotspot_vntr	alignment.all_U_per_kb	unaligned homology bp / kb	-1	mafft_einsi	37	2.94	1.32	6.52	4.411891891891893	37	-27.68	-68.16	-10.54	37	0	0	1.4551915228366852e-11				
hotspot_vntr	alignment.all_U_per_kb	unaligned homology bp / kb	-1	mafft_einsi__all	1	3.89	3.89	3.89	3.89	1	-7.6899999999999995	-7.6899999999999995	-7.6899999999999995	1	0	0	1.0				
hotspot_vntr	alignment.all_U_per_kb	unaligned homology bp / kb	-1	mafft_ginsi	39	1.41	0.65	2.1500000000000004	1.6041025641025641	39	-39.05	-74.36999999999999	-14.84	39	0	0	3.637978807091713e-12				
hotspot_vntr	alignment.all_U_per_kb	unaligned homology bp / kb	-1	mafft_ginsi__all	1	2.04	2.04	2.04	2.04	1	-9.54	-9.54	-9.54	1	0	0	1.0				
hotspot_vntr	alignment.all_U_per_kb	unaligned homology bp / kb	-1	poa_abpoa	37	0.78	0.52	1.46	1.3800000000000001	37	-35.86000000000001	-58.06	-16.5	37	0	0	1.4551915228366852e-11				
hotspot_vntr	alignment.all_U_per_kb	unaligned homology bp / kb	-1	poa_abpoa__all	30	1.995	1.205	4.300000000000001	3.4306666666666668	30	-23.61	-44.6875	-9.325	30	0	0	1.862645149230957e-09				
hotspot_vntr	alignment.all_U_per_kb	unaligned homology bp / kb	-1	poa_spoa	27	0.87	0.54	2.51	1.8907407407407406	27	-22.349999999999998	-43.16	-10.575	27	0	0	1.4901161193847656e-08				
hotspot_vntr	alignment.all_U_per_kb	unaligned homology bp / kb	-1	poa_spoa__all	20	2.13	1.5375	3.9175000000000004	2.8815	20	-19.435000000000002	-35.245000000000005	-9.305	20	0	0	1.9073486328125e-06				
hotspot_vntr	alignment.all_U_per_kb	unaligned homology bp / kb	-1	poa_abpoa_mc	40	4.5600000000000005	0.9199999999999999	12.58	23.29075	40	-30.485000000000003	-64.86749999999999	-8.547499999999998	35	5	0	5.278525350149721e-07				
hotspot_vntr	alignment.all_U_per_kb	unaligned homology bp / kb	-1	poa_abpoa_mc__all	39	11.64	4.779999999999999	22.134999999999998	16.98025641025641	39	-22.06	-53.55	-6.315	35	4	0	1.2901364243589342e-07				
hotspot_vntr	alignment.all_U_per_kb	unaligned homology bp / kb	-1	unit_aware	40	0.355	0.065	0.985	0.693	40	-40.235	-86.625	-17.71	40	0	0	1.8189894035458565e-12				
hotspot_vntr	alignment.all_U_per_kb	unaligned homology bp / kb	-1	unit_aware__all	40	0.6	0.1575	1.24	0.8089999999999999	40	-40.135000000000005	-86.6	-17.065	40	0	0	1.8189894035458565e-12				
hotspot_vntr	inflation.sv_pieces_median	SV pieces / path (median)	-1	mc	40	8.0	6.0	11.0	8.9												
hotspot_vntr	inflation.sv_pieces_median	SV pieces / path (median)	-1	mafft_fftns2	40	8.0	4.0	12.0	8.95	40	-1.0	-5.0	4.0	26	12	2	0.5380757286329754				
hotspot_vntr	inflation.sv_pieces_median	SV pieces / path (median)	-1	mafft_fftns2__all	31	9.0	5.0	11.5	8.629032258064516	31	-1.0	-4.0	2.5	16	12	3	0.4605588987469673				
hotspot_vntr	inflation.sv_pieces_median	SV pieces / path (median)	-1	mafft_fftnsi__all	9	3.0	2.0	5.0	4.333333333333333	9	-4.0	-5.0	-2.0	8	1	0	0.02734375				
hotspot_vntr	inflation.sv_pieces_median	SV pieces / path (median)	-1	mafft_linsi	39	4.0	2.0	5.0	4.615384615384615	39	-5.0	-6.0	-2.0	35	2	2	2.3865140974521637e-09				
hotspot_vntr	inflation.sv_pieces_median	SV pieces / path (median)	-1	mafft_linsi__all	4	1.0	1.0	1.25	1.25	4	-6.5	-7.0	-6.0	4	0	0	0.125				
hotspot_vntr	inflation.sv_pieces_median	SV pieces / path (median)	-1	mafft_einsi	37	6.0	3.0	8.0	6.8108108108108105	37	-3.0	-5.0	1.0	25	10	2	0.012678911618422717				
hotspot_vntr	inflation.sv_pieces_median	SV pieces / path (median)	-1	mafft_einsi__all	1	1.5	1.5	1.5	1.5	1	-6.5	-6.5	-6.5	1	0	0	1.0				
hotspot_vntr	inflation.sv_pieces_median	SV pieces / path (median)	-1	mafft_ginsi	39	5.0	2.0	6.5	5.166666666666667	39	-4.0	-6.0	-2.0	34	1	4	2.1106097847223282e-07				
hotspot_vntr	inflation.sv_pieces_median	SV pieces / path (median)	-1	mafft_ginsi__all	1	1.0	1.0	1.0	1.0	1	-7.0	-7.0	-7.0	1	0	0	1.0				
hotspot_vntr	inflation.sv_pieces_median	SV pieces / path (median)	-1	poa_abpoa	37	5.0	3.0	7.0	6.3108108108108105	37	-4.0	-6.5	0.0	27	7	3	0.0007917126640677452				
hotspot_vntr	inflation.sv_pieces_median	SV pieces / path (median)	-1	poa_abpoa__all	30	4.5	2.25	8.0	6.233333333333333	30	-4.0	-6.0	-0.25	22	7	1	0.00601717084646225				
hotspot_vntr	inflation.sv_pieces_median	SV pieces / path (median)	-1	poa_spoa	27	4.0	1.75	6.0	4.722222222222222	27	-4.0	-7.0	-2.5	24	2	1	4.589557647705078e-06				
hotspot_vntr	inflation.sv_pieces_median	SV pieces / path (median)	-1	poa_spoa__all	20	2.0	1.375	5.25	3.725	20	-6.0	-7.0	-2.0	18	2	0	9.1552734375e-05				
hotspot_vntr	inflation.sv_pieces_median	SV pieces / path (median)	-1	poa_abpoa_mc	40	5.0	3.0	7.0	5.1	40	-4.0	-5.25	-1.0	33	4	3	3.438617568463087e-08				
hotspot_vntr	inflation.sv_pieces_median	SV pieces / path (median)	-1	poa_abpoa_mc__all	39	7.0	4.5	9.0	7.282051282051282	39	-2.0	-5.0	0.0	27	9	3	0.016258459276286885				
hotspot_vntr	inflation.sv_pieces_median	SV pieces / path (median)	-1	unit_aware	40	5.0	2.0	16.0	10.35	40	-1.5	-5.0	2.25	22	15	3	0.37502605734334793				
hotspot_vntr	inflation.sv_pieces_median	SV pieces / path (median)	-1	unit_aware__all	40	5.0	1.0	12.5	9.85	40	-2.5	-7.0	1.0	26	12	2	0.24378578295727493				
hotspot_vntr	inflation.sv_pieces_mean	SV pieces / path (mean)	-1	mc	40	9.2121	6.795475	11.545425	9.5439825												
hotspot_vntr	inflation.sv_pieces_mean	SV pieces / path (mean)	-1	mafft_fftns2	40	8.3572	4.80305	11.6415	9.36284	40	-1.2232500000000002	-3.8214	0.9267500000000004	27	12	1	0.2766802325968456				
hotspot_vntr	inflation.sv_pieces_mean	SV pieces / path (mean)	-1	mafft_fftns2__all	31	7.2581	5.43935	10.92915	8.796538709677419	31	-0.6060000000000008	-3.1553999999999998	0.70235	19	12	0	0.209396718069911				
hotspot_vntr	inflation.sv_pieces_mean	SV pieces / path (mean)	-1	mafft_fftnsi__all	9	3.303	2.5758	5.4848	4.694244444444444	9	-3.0302999999999995	-3.3938999999999995	-0.8788	8	1	0	0.01953125				
hotspot_vntr	inflation.sv_pieces_mean	SV pieces / path (mean)	-1	mafft_linsi	39	4.125	2.2592499999999998	7.36365	5.123205128205129	39	-4.3938999999999995	-6.045449999999999	-2.5236000000000005	37	2	0	1.8189894035458565e-11				
hotspot_vntr	inflation.sv_pieces_mean	SV pieces / path (mean)	-1	mafft_linsi__all	4	2.13635	1.6953	2.4772499999999997	2.0362	4	-4.4735	-5.5587	-3.58335	4	0	0	0.125				
hotspot_vntr	inflation.sv_pieces_mean	SV pieces / path (mean)	-1	mafft_einsi	37	7.1613	3.2727	9.0323	6.982640540540541	37	-2.6666999999999996	-4.5758	-0.5756999999999999	28	9	0	0.0007294246461242437				
hotspot_vntr	inflation.sv_pieces_mean	SV pieces / path (mean)	-1	mafft_einsi__all	1	1.4062	1.4062	1.4062	1.4062	1	-4.625	-4.625	-4.625	1	0	0	1.0				
hotspot_vntr	inflation.sv_pieces_mean	SV pieces / path (mean)	-1	mafft_ginsi	39	4.6364	2.3333	7.48485	5.518364102564103	39	-4.121199999999999	-5.7727	-2.4313	36	3	0	1.5679688658565283e-08				
hotspot_vntr	inflation.sv_pieces_mean	SV pieces / path (mean)	-1	mafft_ginsi__all	1	0.7812	0.7812	0.7812	0.7812	1	-5.25	-5.25	-5.25	1	0	0	1.0				
hotspot_vntr	inflation.sv_pieces_mean	SV pieces / path (mean)	-1	poa_abpoa	37	5.4348	2.8788	6.8788	6.468675675675676	37	-3.636399999999999	-6.181800000000001	-1.0909000000000013	29	8	0	1.103288377635181e-05				
hotspot_vntr	inflation.sv_pieces_mean	SV pieces / path (mean)	-1	poa_abpoa__all	30	5.68185	3.4015	7.4845749999999995	6.8954733333333325	30	-3.1212	-5.265125	-0.5454249999999994	24	6	0	0.0014574769884347916				
hotspot_vntr	inflation.sv_pieces_mean	SV pieces / path (mean)	-1	poa_spoa	27	5.1515	2.2912	7.6776	5.6170074074074074	27	-2.666599999999999	-5.24245	-1.6295000000000013	24	3	0	1.3113021850585938e-06				
hotspot_vntr	inflation.sv_pieces_mean	SV pieces / path (mean)	-1	poa_spoa__all	20	3.1212	2.201975	5.672275	4.44364	20	-4.49995	-6.0984750000000005	-2.5984249999999998	18	2	0	0.0010166168212890625				
hotspot_vntr	inflation.sv_pieces_mean	SV pieces / path (mean)	-1	poa_abpoa_mc	40	4.6986	3.32915	7.109675	5.32249	40	-3.8484499999999997	-6.022724999999999	-1.9772750000000001	37	3	0	1.2732925824820995e-10				
hotspot_vntr	inflation.sv_pieces_mean	SV pieces / path (mean)	-1	poa_abpoa_mc__all	39	6.7273	5.1515	8.0791	7.410628205128205	39	-2.6060999999999996	-4.8938999999999995	-0.36365000000000003	32	7	0	0.0006340236104733776				
hotspot_vntr	inflation.sv_pieces_mean	SV pieces / path (mean)	-1	unit_aware	40	6.74245	4.465574999999999	15.611075	11.873999999999999	40	-1.1212500000000003	-4.062925	4.719650000000001	23	17	0	0.8758758981384744				
hotspot_vntr	inflation.sv_pieces_mean	SV pieces / path (mean)	-1	unit_aware__all	40	7.924250000000001	3.2878499999999997	14.025475	11.3269325	40	-0.9242499999999998	-4.2933	3.3181750000000005	23	17	0	0.7345573100628826				
hotspot_vntr	inflation.anchored_over_free	anchored/free vs CHM13	-1	mc	40	1.67	1.4136	1.881425	1.9105325												
hotspot_vntr	inflation.anchored_over_free	anchored/free vs CHM13	-1	mafft_fftns2	40	1.2730000000000001	1.123075	1.4874749999999999	1.6459800000000002	40	-0.29399999999999993	-0.570525	-0.030675000000000008	32	8	0	0.0011671793090499705				
hotspot_vntr	inflation.anchored_over_free	anchored/free vs CHM13	-1	mafft_fftns2__all	31	1.4235	1.22065	1.6306	1.7210193548387096	31	-0.2626999999999997	-0.44675	-0.02114999999999989	24	7	0	0.0011555561795830727				
hotspot_vntr	inflation.anchored_over_free	anchored/free vs CHM13	-1	mafft_fftnsi__all	9	1.2729	1.2084	1.8019	1.5104444444444445	9	-0.377	-1.4235	0.01990000000000003	6	3	0	0.07421875				
hotspot_vntr	inflation.anchored_over_free	anchored/free vs CHM13	-1	mafft_linsi	39	1.114	1.073	1.17675	1.1450641025641026	39	-0.5801000000000001	-0.7191000000000001	-0.3032	39	0	0	3.637978807091713e-12				
hotspot_vntr	inflation.anchored_over_free	anchored/free vs CHM13	-1	mafft_linsi__all	4	1.0962999999999998	1.04585	1.1562999999999999	1.10585	4	-0.4220999999999999	-1.3384	-0.16882499999999995	4	0	0	0.125				
hotspot_vntr	inflation.anchored_over_free	anchored/free vs CHM13	-1	mafft_einsi	37	1.1687	1.0981	1.2742	1.2027945945945946	37	-0.49150000000000005	-0.6546999999999998	-0.21720000000000006	35	2	0	1.4551915228366852e-10				
hotspot_vntr	inflation.anchored_over_free	anchored/free vs CHM13	-1	mafft_einsi__all	1	1.0297	1.0297	1.0297	1.0297	1	-0.6420999999999999	-0.6420999999999999	-0.6420999999999999	1	0	0	1.0				
hotspot_vntr	inflation.anchored_over_free	anchored/free vs CHM13	-1	mafft_ginsi	39	1.1158	1.07205	1.1730999999999998	1.1540692307692306	39	-0.5628	-0.6612	-0.3164	39	0	0	3.637978807091713e-12				
hotspot_vntr	inflation.anchored_over_free	anchored/free vs CHM13	-1	mafft_ginsi__all	1	1.0377	1.0377	1.0377	1.0377	1	-0.6340999999999999	-0.6340999999999999	-0.6340999999999999	1	0	0	1.0				
hotspot_vntr	inflation.anchored_over_free	anchored/free vs CHM13	-1	poa_abpoa	37	1.0778	1.0444	1.1041	1.1103135135135136	37	-0.5996999999999999	-0.8251000000000002	-0.361	37	0	0	1.4551915228366852e-11				
hotspot_vntr	inflation.anchored_over_free	anchored/free vs CHM13	-1	poa_abpoa__all	30	1.1466	1.09755	1.2691750000000002	1.2503766666666667	30	-0.5265	-0.807825	-0.2525	30	0	0	1.862645149230957e-09				
hotspot_vntr	inflation.anchored_over_free	anchored/free vs CHM13	-1	poa_spoa	27	1.0549	1.04035	1.1136	1.081125925925926	27	-0.6273	-1.0039	-0.52105	27	0	0	1.4901161193847656e-08				
hotspot_vntr	inflation.anchored_over_free	anchored/free vs CHM13	-1	poa_spoa__all	20	1.13625	1.0721	1.3238750000000001	1.18633	20	-0.6265999999999999	-1.417875	-0.337475	20	0	0	1.9073486328125e-06				
hotspot_vntr	inflation.anchored_over_free	anchored/free vs CHM13	-1	poa_abpoa_mc	40	1.1833	1.075025	1.2652999999999999	1.2111275	40	-0.4482499999999999	-0.66265	-0.22322499999999995	39	1	0	9.094947017729282e-12				
hotspot_vntr	inflation.anchored_over_free	anchored/free vs CHM13	-1	poa_abpoa_mc__all	39	1.2993	1.1026	1.68735	1.556174358974359	39	-0.14060000000000006	-0.5090999999999999	-0.03795000000000004	32	7	0	3.347304300405085e-06				
hotspot_vntr	inflation.anchored_over_free	anchored/free vs CHM13	-1	unit_aware	40	1.04025	1.026225	1.068675	1.0660824999999998	40	-0.6189999999999999	-0.7944	-0.32832500000000003	40	0	0	1.8189894035458565e-12				
hotspot_vntr	inflation.anchored_over_free	anchored/free vs CHM13	-1	unit_aware__all	40	1.06785	1.0380500000000001	1.1128	1.0856350000000001	40	-0.6086499999999999	-0.7784499999999999	-0.3312250000000001	40	0	0	1.8189894035458565e-12				
hotspot_vntr	inflation.indel_bp_ratio	indel bp / net length change	-1	mc	40	1.68485	1.3979750000000002	1.9739499999999999	2.0946124999999998												
hotspot_vntr	inflation.indel_bp_ratio	indel bp / net length change	-1	mafft_fftns2	40	1.2673999999999999	1.0980750000000001	1.5029499999999998	1.8574024999999998	40	-0.30380000000000007	-0.6285	-0.03539999999999993	32	8	0	0.0009936344267771346				
hotspot_vntr	inflation.indel_bp_ratio	indel bp / net length change	-1	mafft_fftns2__all	31	1.3759	1.20175	1.6550500000000001	1.9256516129032257	31	-0.32510000000000017	-0.48860000000000003	-0.021549999999999847	24	7	0	0.0007640225812792778				
hotspot_vntr	inflation.indel_bp_ratio	indel bp / net length change	-1	mafft_fftnsi__all	9	1.2738	1.2467	1.9703	1.5923444444444443	9	-0.37860000000000005	-1.8767000000000003	0.006399999999999961	6	3	0	0.07421875				
hotspot_vntr	inflation.indel_bp_ratio	indel bp / net length change	-1	mafft_linsi	39	1.0875	1.02435	1.1388	1.1432615384615386	39	-0.6082000000000001	-0.8231999999999998	-0.38360000000000005	39	0	0	3.637978807091713e-12				
hotspot_vntr	inflation.indel_bp_ratio	indel bp / net length change	-1	mafft_linsi__all	4	1.0607	1.01785	1.179525	1.1366749999999999	4	-0.43730000000000013	-1.647125	-0.18917500000000015	4	0	0	0.125				
hotspot_vntr	inflation.indel_bp_ratio	indel bp / net length change	-1	mafft_einsi	37	1.1386	1.0576	1.2945	1.2193054054054053	37	-0.5522	-0.7045999999999999	-0.2259000000000002	35	2	0	1.0186340659856796e-10				
hotspot_vntr	inflation.indel_bp_ratio	indel bp / net length change	-1	mafft_einsi__all	1	1.0228	1.0228	1.0228	1.0228	1	-0.6447	-0.6447	-0.6447	1	0	0	1.0				
hotspot_vntr	inflation.indel_bp_ratio	indel bp / net length change	-1	mafft_ginsi	39	1.0908	1.0258500000000002	1.14905	1.1540564102564104	39	-0.6005	-0.8043999999999999	-0.40405	39	0	0	3.637978807091713e-12				
hotspot_vntr	inflation.indel_bp_ratio	indel bp / net length change	-1	mafft_ginsi__all	1	1.0228	1.0228	1.0228	1.0228	1	-0.6447	-0.6447	-0.6447	1	0	0	1.0				
hotspot_vntr	inflation.indel_bp_ratio	indel bp / net length change	-1	poa_abpoa	37	1.0402	1.0062	1.1059	1.1198594594594595	37	-0.6228	-0.9380999999999999	-0.41190000000000015	37	0	0	1.4551915228366852e-11				
hotspot_vntr	inflation.indel_bp_ratio	indel bp / net length change	-1	poa_abpoa__all	30	1.07965	1.015875	1.259625	1.23862	30	-0.59645	-0.9258749999999998	-0.37490000000000007	30	0	0	1.862645149230957e-09				
hotspot_vntr	inflation.indel_bp_ratio	indel bp / net length change	-1	poa_spoa	27	1.0338	1.005	1.10355	1.0688777777777778	27	-0.6639999999999999	-1.10025	-0.56385	27	0	0	1.4901161193847656e-08				
hotspot_vntr	inflation.indel_bp_ratio	indel bp / net length change	-1	poa_spoa__all	20	1.0752000000000002	1.006275	1.306775	1.15832	20	-0.6548499999999999	-1.860875	-0.5032499999999999	20	0	0	1.9073486328125e-06				
hotspot_vntr	inflation.indel_bp_ratio	indel bp / net length change	-1	poa_abpoa_mc	40	1.1663000000000001	1.0340500000000001	1.2848	1.2322775	40	-0.5037	-0.76055	-0.2504500000000002	39	1	0	5.4569682106375694e-12				
hotspot_vntr	inflation.indel_bp_ratio	indel bp / net length change	-1	poa_abpoa_mc__all	39	1.2965	1.0453000000000001	1.7016499999999999	1.6594051282051283	39	-0.2076	-0.536	-0.06125000000000014	35	4	0	1.0483017831575125e-06				
hotspot_vntr	inflation.indel_bp_ratio	indel bp / net length change	-1	unit_aware	40	1.0205	1.0035	1.052175	1.0538725	40	-0.6539	-0.9372999999999999	-0.37270000000000003	40	0	0	1.8189894035458565e-12				
hotspot_vntr	inflation.indel_bp_ratio	indel bp / net length change	-1	unit_aware__all	40	1.0262	1.0065	1.08845	1.07175	40	-0.63065	-0.9231250000000002	-0.3976750000000001	40	0	0	1.8189894035458565e-12				
hotspot_vntr	inflation.indel_bp_excess_per_kb	excess indel bp / kb	-1	mc	40	202.03	148.9375	299.3525	226.5525												
hotspot_vntr	inflation.indel_bp_excess_per_kb	excess indel bp / kb	-1	mafft_fftns2	40	77.78	35.9025	171.2975	126.926	40	-90.175	-221.565	-20.124999999999993	32	8	0	0.000714401952791377				
hotspot_vntr	inflation.indel_bp_excess_per_kb	excess indel bp / kb	-1	mafft_fftns2__all	31	99.1	74.62	163.05	135.22870967741935	31	-56.13	-198.05999999999997	-5.155000000000012	24	7	0	0.00045317597687244415				
hotspot_vntr	inflation.indel_bp_excess_per_kb	excess indel bp / kb	-1	mafft_fftnsi__all	9	84.26	70.88	146.77	109.80333333333334	9	-98.0	-248.20999999999998	3.1099999999999994	6	3	0	0.0546875				
hotspot_vntr	inflation.indel_bp_excess_per_kb	excess indel bp / kb	-1	mafft_linsi	39	27.32	12.155000000000001	42.015	29.97820512820513	39	-194.86	-267.055	-111.77	39	0	0	3.637978807091713e-12				
hotspot_vntr	inflation.indel_bp_excess_per_kb	excess indel bp / kb	-1	mafft_linsi__all	4	23.55	5.38	42.3675	24.1975	4	-147.82	-253.9425	-87.27000000000001	4	0	0	0.125				
hotspot_vntr	inflation.indel_bp_excess_per_kb	excess indel bp / kb	-1	mafft_einsi	37	46.98	25.53	74.99	60.309999999999995	37	-143.42	-218.81	-89.68	35	2	0	1.4551915228366852e-10				
hotspot_vntr	inflation.indel_bp_excess_per_kb	excess indel bp / kb	-1	mafft_einsi__all	1	6.72	6.72	6.72	6.72	1	-190.22	-190.22	-190.22	1	0	0	1.0				
hotspot_vntr	inflation.indel_bp_excess_per_kb	excess indel bp / kb	-1	mafft_ginsi	39	28.48	12.885000000000002	40.79	32.26923076923077	39	-195.63	-264.39	-115.745	39	0	0	3.637978807091713e-12				
hotspot_vntr	inflation.indel_bp_excess_per_kb	excess indel bp / kb	-1	mafft_ginsi__all	1	6.72	6.72	6.72	6.72	1	-190.22	-190.22	-190.22	1	0	0	1.0				
hotspot_vntr	inflation.indel_bp_excess_per_kb	excess indel bp / kb	-1	poa_abpoa	37	14.72	3.55	26.41	19.444054054054053	37	-193.62	-270.65000000000003	-129.78	37	0	0	1.4551915228366852e-11				
hotspot_vntr	inflation.indel_bp_excess_per_kb	excess indel bp / kb	-1	poa_abpoa__all	30	22.810000000000002	7.1049999999999995	53.787499999999994	36.821000000000005	30	-166.265	-282.46500000000003	-108.4325	30	0	0	1.862645149230957e-09				
hotspot_vntr	inflation.indel_bp_excess_per_kb	excess indel bp / kb	-1	poa_spoa	27	8.48	2.325	17.89	12.496666666666668	27	-211.46	-300.725	-142.47	27	0	0	1.4901161193847656e-08				
hotspot_vntr	inflation.indel_bp_excess_per_kb	excess indel bp / kb	-1	poa_spoa__all	20	14.665	2.9275	38.3725	24.2165	20	-190.01999999999998	-321.67	-117.14750000000001	20	0	0	1.9073486328125e-06				
hotspot_vntr	inflation.indel_bp_excess_per_kb	excess indel bp / kb	-1	poa_abpoa_mc	40	42.55	15.0875	77.97749999999999	50.58	40	-151.155	-237.81	-77.8825	39	1	0	3.637978807091713e-12				
hotspot_vntr	inflation.indel_bp_excess_per_kb	excess indel bp / kb	-1	poa_abpoa_mc__all	39	88.47	28.775	157.14499999999998	117.65615384615386	39	-69.28000000000003	-212.39499999999998	-32.785	35	4	0	6.955451681278646e-08				
hotspot_vntr	inflation.indel_bp_excess_per_kb	excess indel bp / kb	-1	unit_aware	40	5.49	1.9349999999999998	15.934999999999999	11.183	40	-200.01500000000001	-282.16999999999996	-128.5625	40	0	0	1.8189894035458565e-12				
hotspot_vntr	inflation.indel_bp_excess_per_kb	excess indel bp / kb	-1	unit_aware__all	40	9.075	2.6999999999999997	20.072499999999998	13.244499999999999	40	-200.075	-277.2025	-125.62	40	0	0	1.8189894035458565e-12				
hotspot_vntr	redundancy.kmer_frac_extra	k-mer extra positions (frac)	-1	mc	40	0.6009150000000001	0.4305925	0.708805	0.57797175												
hotspot_vntr	redundancy.kmer_frac_extra	k-mer extra positions (frac)	-1	mafft_fftns2	40	0.54695	0.416335	0.6594475	0.530428	40	-0.04285500000000006	-0.1030725	0.005569999999999978	29	11	0	0.003867510851705447				
hotspot_vntr	redundancy.kmer_frac_extra	k-mer extra positions (frac)	-1	mafft_fftns2__all	31	0.59801	0.48241999999999996	0.71497	0.5725483870967741	31	0.004830000000000001	-0.05490500000000001	0.07491500000000001	15	16	0	0.444234280847013				
hotspot_vntr	redundancy.kmer_frac_extra	k-mer extra positions (frac)	-1	mafft_fftnsi__all	9	0.55361	0.41756	0.58283	0.5265577777777778	9	0.025040000000000062	-0.05251	0.12475000000000003	4	5	0	0.49609375				
hotspot_vntr	redundancy.kmer_frac_extra	k-mer extra positions (frac)	-1	mafft_linsi	39	0.41897	0.305075	0.57744	0.45286025641025635	39	-0.12252000000000002	-0.169465	-0.07354999999999995	39	0	0	3.637978807091713e-12				
hotspot_vntr	redundancy.kmer_frac_extra	k-mer extra positions (frac)	-1	mafft_linsi__all	4	0.31423	0.278605	0.45252	0.416895	4	-0.11100000000000002	-0.13600500000000001	-0.0689475	3	1	0	0.25				
hotspot_vntr	redundancy.kmer_frac_extra	k-mer extra positions (frac)	-1	mafft_einsi	37	0.40514	0.27744	0.55514	0.42415945945945943	37	-0.14296999999999999	-0.19824999999999998	-0.07177	36	1	0	7.275957614183426e-11				
hotspot_vntr	redundancy.kmer_frac_extra	k-mer extra positions (frac)	-1	mafft_einsi__all	1	0.18928	0.18928	0.18928	0.18928	1	-0.21981	-0.21981	-0.21981	1	0	0	1.0				
hotspot_vntr	redundancy.kmer_frac_extra	k-mer extra positions (frac)	-1	mafft_ginsi	39	0.41839	0.302305	0.57467	0.4520130769230769	39	-0.12293999999999994	-0.17058	-0.07085499999999995	39	0	0	3.637978807091713e-12				
hotspot_vntr	redundancy.kmer_frac_extra	k-mer extra positions (frac)	-1	mafft_ginsi__all	1	0.28035	0.28035	0.28035	0.28035	1	-0.12874000000000002	-0.12874000000000002	-0.12874000000000002	1	0	0	1.0				
hotspot_vntr	redundancy.kmer_frac_extra	k-mer extra positions (frac)	-1	poa_abpoa	37	0.47908	0.28775	0.54048	0.4486089189189189	37	-0.13023	-0.17155999999999993	-0.07874999999999999	36	1	0	3.637978807091713e-10				
hotspot_vntr	redundancy.kmer_frac_extra	k-mer extra positions (frac)	-1	poa_abpoa__all	30	0.5566150000000001	0.44299	0.6809925	0.562863	30	0.012475000000000014	-0.01744999999999998	0.06774249999999996	14	16	0	0.4161298982799053				
hotspot_vntr	redundancy.kmer_frac_extra	k-mer extra positions (frac)	-1	poa_spoa	27	0.51511	0.35467499999999996	0.56559	0.4911685185185185	27	-0.06912000000000001	-0.11593	-0.03373000000000004	25	2	0	6.660819053649902e-06				
hotspot_vntr	redundancy.kmer_frac_extra	k-mer extra positions (frac)	-1	poa_spoa__all	20	0.5769500000000001	0.5008425	0.6761025	0.572786	20	0.055739999999999956	0.00577999999999998	0.09845999999999995	4	16	0	0.04405403137207031				
hotspot_vntr	redundancy.kmer_frac_extra	k-mer extra positions (frac)	-1	poa_abpoa_mc	40	0.42284	0.2717425	0.5905875	0.4552455	40	-0.13768	-0.1742125	-0.057287500000000005	39	1	0	1.5819750842638314e-08				
hotspot_vntr	redundancy.kmer_frac_extra	k-mer extra positions (frac)	-1	poa_abpoa_mc__all	39	0.5489	0.38802000000000003	0.64208	0.5248669230769231	39	-0.04018999999999995	-0.12409	0.013800000000000034	26	13	0	0.00043872042806469835				
hotspot_vntr	redundancy.kmer_frac_extra	k-mer extra positions (frac)	-1	unit_aware	40	0.517655	0.35111499999999995	0.59236	0.479367	40	-0.07821499999999998	-0.154665	-0.03225250000000002	37	3	0	9.226823749486357e-08				
hotspot_vntr	redundancy.kmer_frac_extra	k-mer extra positions (frac)	-1	unit_aware__all	40	0.54232	0.40571	0.6288975	0.5262487499999999	40	-0.030799999999999966	-0.13766000000000003	-0.0019750000000000323	31	9	0	0.005096850996778812				
hotspot_vntr	redundancy.kmer_extra_per_kb	k-mer extra positions / kb	-1	mc	40	3295.38	1178.6075	6145.11	4119.997249999999												
hotspot_vntr	redundancy.kmer_extra_per_kb	k-mer extra positions / kb	-1	mafft_fftns2	40	2768.215	990.395	4560.3275	3299.8815000000004	40	-526.8749999999998	-1459.3474999999999	26.137500000000017	29	11	0	0.0011065220933232922				
hotspot_vntr	redundancy.kmer_extra_per_kb	k-mer extra positions / kb	-1	mafft_fftns2__all	31	2783.04	1268.3049999999998	5690.895	3958.5	31	83.34999999999991	-571.7949999999993	964.7499999999998	15	16	0	0.3672574386000633				
hotspot_vntr	redundancy.kmer_extra_per_kb	k-mer extra positions / kb	-1	mafft_fftnsi__all	9	1571.05	1114.71	2302.44	2152.1366666666668	9	598.7399999999999	-207.68999999999994	798.49	4	5	0	0.49609375				
hotspot_vntr	redundancy.kmer_extra_per_kb	k-mer extra positions / kb	-1	mafft_linsi	39	1740.66	681.05	3655.615	2541.4076923076923	39	-1231.6100000000001	-2243.705	-488.67500000000007	39	0	0	3.637978807091713e-12				
hotspot_vntr	redundancy.kmer_extra_per_kb	k-mer extra positions / kb	-1	mafft_linsi__all	4	767.6800000000001	500.1275	2156.035	1888.4825	4	-416.21500000000003	-497.24250000000006	-228.23750000000018	3	1	0	0.25				
hotspot_vntr	redundancy.kmer_extra_per_kb	k-mer extra positions / kb	-1	mafft_einsi	37	1374.09	481.62	3921.71	2392.945945945946	37	-1257.87	-2326.99	-483.86	36	1	0	4.3655745685100555e-11				
hotspot_vntr	redundancy.kmer_extra_per_kb	k-mer extra positions / kb	-1	mafft_einsi__all	1	266.02	266.02	266.02	266.02	1	-522.8100000000001	-522.8100000000001	-522.8100000000001	1	0	0	1.0				
hotspot_vntr	redundancy.kmer_extra_per_kb	k-mer extra positions / kb	-1	mafft_ginsi	39	1744.89	681.0550000000001	3656.56	2541.526923076923	39	-1253.8499999999995	-2271.0599999999995	-491.6300000000001	39	0	0	3.637978807091713e-12				
hotspot_vntr	redundancy.kmer_extra_per_kb	k-mer extra positions / kb	-1	mafft_ginsi__all	1	443.87	443.87	443.87	443.87	1	-344.96000000000004	-344.96000000000004	-344.96000000000004	1	0	0	1.0				
hotspot_vntr	redundancy.kmer_extra_per_kb	k-mer extra positions / kb	-1	poa_abpoa	37	1627.91	588.71	3611.73	2461.118918918919	37	-1105.0800000000002	-2413.8899999999994	-456.73	36	1	0	4.3655745685100555e-11				
hotspot_vntr	redundancy.kmer_extra_per_kb	k-mer extra positions / kb	-1	poa_abpoa__all	30	2400.295	1391.3899999999999	5089.9875	3811.4076666666665	30	132.8299999999996	-360.0699999999997	476.8175	14	16	0	0.5158484429121017				
hotspot_vntr	redundancy.kmer_extra_per_kb	k-mer extra positions / kb	-1	poa_spoa	27	1709.97	747.125	3825.1400000000003	2858.490370370371	27	-666.2800000000002	-1516.6300000000003	-315.53000000000003	25	2	0	2.8312206268310547e-07				
hotspot_vntr	redundancy.kmer_extra_per_kb	k-mer extra positions / kb	-1	poa_spoa__all	20	2038.6350000000002	1618.5875	3742.655	3140.077	20	417.45000000000016	144.80999999999995	898.2525	4	16	0	0.029575347900390625				
hotspot_vntr	redundancy.kmer_extra_per_kb	k-mer extra positions / kb	-1	poa_abpoa_mc	40	1686.085	554.0475	4088.555	2999.393	40	-1292.91	-2070.6224999999995	-525.4225	39	1	0	1.5819750842638314e-08				
hotspot_vntr	redundancy.kmer_extra_per_kb	k-mer extra positions / kb	-1	poa_abpoa_mc__all	39	2115.84	1082.3	5030.6900000000005	3496.6820512820514	39	-243.9000000000001	-1337.7450000000001	235.97999999999973	26	13	0	0.016147199225088116				
hotspot_vntr	redundancy.kmer_extra_per_kb	k-mer extra positions / kb	-1	unit_aware	40	1828.89	778.54	3699.0525	2724.2692500000003	40	-929.3299999999999	-2330.62	-318.42500000000007	37	3	0	3.1632225727662444e-09				
hotspot_vntr	redundancy.kmer_extra_per_kb	k-mer extra positions / kb	-1	unit_aware__all	40	2049.465	1159.4875	4044.545	3229.74725	40	-418.4800000000001	-1637.819999999999	-15.017500000000041	31	9	0	0.001770566779669025				
hotspot_vntr	truth.d_graph_sum	truth edits to best graph path (h1+h2)	-1	mc	40	3.5	0.75	24.0	20.375												
hotspot_vntr	truth.d_graph_sum	truth edits to best graph path (h1+h2)	-1	mafft_fftns2	40	4.0	0.0	19.0	20.65	40	0.0	-4.25	4.5	16	12	12	1.0				
hotspot_vntr	truth.d_graph_sum	truth edits to best graph path (h1+h2)	-1	mafft_fftns2__all	31	3.0	0.0	7.5	7.612903225806452	31	0.0	-5.5	0.0	13	7	11	0.06827545166015625				
hotspot_vntr	truth.d_graph_sum	truth edits to best graph path (h1+h2)	-1	mafft_fftnsi__all	9	1.0	0.0	7.0	3.4444444444444446	9	0.0	-4.0	0.0	3	1	5	0.5				
hotspot_vntr	truth.d_graph_sum	truth edits to best graph path (h1+h2)	-1	mafft_linsi	39	9.0	1.5	31.0	26.71794871794872	39	1.0	0.0	11.0	8	20	11	0.06532063335180283				
hotspot_vntr	truth.d_graph_sum	truth edits to best graph path (h1+h2)	-1	mafft_linsi__all	4	4.0	0.75	7.5	4.25	4	3.5	0.0	7.5	0	2	2	0.5				
hotspot_vntr	truth.d_graph_sum	truth edits to best graph path (h1+h2)	-1	mafft_einsi	37	11.0	1.0	30.0	22.83783783783784	37	1.0	0.0	10.0	7	19	11	0.044101864099502563				
hotspot_vntr	truth.d_graph_sum	truth edits to best graph path (h1+h2)	-1	mafft_einsi__all	1	6.0	6.0	6.0	6.0	1	6.0	6.0	6.0	0	1	0	1.0				
hotspot_vntr	truth.d_graph_sum	truth edits to best graph path (h1+h2)	-1	mafft_ginsi	39	9.0	1.5	32.0	27.692307692307693	39	2.0	0.0	10.0	6	22	11	0.031198672950267792				
hotspot_vntr	truth.d_graph_sum	truth edits to best graph path (h1+h2)	-1	mafft_ginsi__all	1	9.0	9.0	9.0	9.0	1	9.0	9.0	9.0	0	1	0	1.0				
hotspot_vntr	truth.d_graph_sum	truth edits to best graph path (h1+h2)	-1	poa_abpoa	37	12.0	1.0	35.0	41.16216216216216	37	1.0	0.0	26.0	7	19	11	0.003623068332672119				
hotspot_vntr	truth.d_graph_sum	truth edits to best graph path (h1+h2)	-1	poa_abpoa__all	30	2.0	0.0	5.0	14.5	30	0.0	-6.75	0.0	12	6	12	0.10565948486328125				
hotspot_vntr	truth.d_graph_sum	truth edits to best graph path (h1+h2)	-1	poa_spoa	27	6.0	1.0	15.0	26.37037037037037	27	0.0	0.0	3.5	6	13	8	0.24498367309570312				
hotspot_vntr	truth.d_graph_sum	truth edits to best graph path (h1+h2)	-1	poa_spoa__all	20	1.0	0.0	3.25	5.6	20	0.0	-8.25	0.0	9	3	8	0.072265625				
hotspot_vntr	truth.d_graph_sum	truth edits to best graph path (h1+h2)	-1	poa_abpoa_mc	40	18.5	1.75	38.0	46.125	40	5.0	0.0	21.75	3	25	12	1.294165849685669e-05				
hotspot_vntr	truth.d_graph_sum	truth edits to best graph path (h1+h2)	-1	poa_abpoa_mc__all	39	6.0	1.0	17.0	25.153846153846153	39	0.0	-2.5	3.5	15	13	11	0.9329757392406464				
hotspot_vntr	truth.d_graph_sum	truth edits to best graph path (h1+h2)	-1	unit_aware	40	3.0	0.0	9.75	26.775	40	0.0	-6.0	2.25	16	12	12	0.7921020686626434				
hotspot_vntr	truth.d_graph_sum	truth edits to best graph path (h1+h2)	-1	unit_aware__all	40	2.0	0.0	6.25	16.75	40	0.0	-6.25	0.0	18	7	15	0.06346279382705688				
hotspot_vntr	truth.h1_d_graph	truth h1 edits to graph	-1	mc	40	1.0	0.0	7.0	12.025												
hotspot_vntr	truth.h1_d_graph	truth h1 edits to graph	-1	mafft_fftns2	40	1.0	0.0	8.0	9.4	40	0.0	-2.25	1.0	12	11	17	0.8753936290740967				
hotspot_vntr	truth.h1_d_graph	truth h1 edits to graph	-1	mafft_fftns2__all	31	0.0	0.0	4.0	4.774193548387097	31	0.0	-2.0	0.0	9	6	16	0.1826171875				
hotspot_vntr	truth.h1_d_graph	truth h1 edits to graph	-1	mafft_fftnsi__all	9	0.0	0.0	1.0	1.8888888888888888	9	0.0	0.0	0.0	1	2	6	1.0				
hotspot_vntr	truth.h1_d_graph	truth h1 edits to graph	-1	mafft_linsi	39	3.0	0.0	11.5	11.615384615384615	39	0.0	0.0	4.0	7	14	18	0.3598356246948242				
hotspot_vntr	truth.h1_d_graph	truth h1 edits to graph	-1	mafft_linsi__all	4	3.0	0.75	6.0	3.75	4	2.5	0.0	6.0	0	2	2	0.5				
hotspot_vntr	truth.h1_d_graph	truth h1 edits to graph	-1	mafft_einsi	37	3.0	0.0	11.0	10.513513513513514	37	0.0	0.0	6.0	6	15	16	0.13441848754882812				
hotspot_vntr	truth.h1_d_graph	truth h1 edits to graph	-1	mafft_einsi__all	1	6.0	6.0	6.0	6.0	1	6.0	6.0	6.0	0	1	0	1.0				
hotspot_vntr	truth.h1_d_graph	truth h1 edits to graph	-1	mafft_ginsi	39	3.0	0.0	10.5	12.23076923076923	39	0.0	0.0	4.0	7	14	18	0.2605934143066406				
hotspot_vntr	truth.h1_d_graph	truth h1 edits to graph	-1	mafft_ginsi__all	1	9.0	9.0	9.0	9.0	1	9.0	9.0	9.0	0	1	0	1.0				
hotspot_vntr	truth.h1_d_graph	truth h1 edits to graph	-1	poa_abpoa	37	3.0	0.0	13.0	20.83783783783784	37	0.0	0.0	8.0	6	14	17	0.0070037841796875				
hotspot_vntr	truth.h1_d_graph	truth h1 edits to graph	-1	poa_abpoa__all	30	0.0	0.0	1.75	11.933333333333334	30	0.0	-1.0	0.0	9	4	17	0.161865234375				
hotspot_vntr	truth.h1_d_graph	truth h1 edits to graph	-1	poa_spoa	27	0.0	0.0	6.0	21.48148148148148	27	0.0	0.0	0.5	2	7	18	0.109375				
hotspot_vntr	truth.h1_d_graph	truth h1 edits to graph	-1	poa_spoa__all	20	0.0	0.0	1.0	3.3	20	0.0	0.0	0.0	4	2	14	0.3125				
hotspot_vntr	truth.h1_d_graph	truth h1 edits to graph	-1	poa_abpoa_mc	40	3.0	0.0	15.25	23.675	40	0.0	0.0	8.5	5	18	17	0.001485586166381836				
hotspot_vntr	truth.h1_d_graph	truth h1 edits to graph	-1	poa_abpoa_mc__all	39	1.0	0.0	5.5	8.64102564102564	39	0.0	-2.0	0.5	13	10	16	0.4574289321899414				
hotspot_vntr	truth.h1_d_graph	truth h1 edits to graph	-1	unit_aware	40	1.0	0.0	3.0	13.85	40	0.0	-2.25	0.0	13	9	18	0.340299129486084				
hotspot_vntr	truth.h1_d_graph	truth h1 edits to graph	-1	unit_aware__all	40	1.0	0.0	2.0	8.95	40	0.0	-3.5	0.0	15	5	20	0.030248641967773438				
hotspot_vntr	truth.h2_d_graph	truth h2 edits to graph	-1	mc	40	0.0	0.0	8.75	8.35												
hotspot_vntr	truth.h2_d_graph	truth h2 edits to graph	-1	mafft_fftns2	40	1.5	0.0	5.0	11.25	40	0.0	-0.25	0.25	10	10	20	0.9638462066650391				
hotspot_vntr	truth.h2_d_graph	truth h2 edits to graph	-1	mafft_fftns2__all	31	0.0	0.0	2.0	2.838709677419355	31	0.0	0.0	0.0	7	3	21	0.18359375				
hotspot_vntr	truth.h2_d_graph	truth h2 edits to graph	-1	mafft_fftnsi__all	9	0.0	0.0	0.0	1.5555555555555556	9	0.0	0.0	0.0	2	0	7	0.5				
hotspot_vntr	truth.h2_d_graph	truth h2 edits to graph	-1	mafft_linsi	39	3.0	0.0	11.0	15.102564102564102	39	0.0	0.0	3.5	3	18	18	0.009263038635253906				
hotspot_vntr	truth.h2_d_graph	truth h2 edits to graph	-1	mafft_linsi__all	4	0.0	0.0	0.5	0.5	4	0.0	0.0	0.5	0	1	3	1.0				
hotspot_vntr	truth.h2_d_graph	truth h2 edits to graph	-1	mafft_einsi	37	2.0	0.0	7.0	12.324324324324325	37	0.0	0.0	3.0	4	15	18	0.050388336181640625				
hotspot_vntr	truth.h2_d_graph	truth h2 edits to graph	-1	mafft_einsi__all	1	0.0	0.0	0.0	0.0	1	0.0	0.0	0.0	0	0	1					
hotspot_vntr	truth.h2_d_graph	truth h2 edits to graph	-1	mafft_ginsi	39	1.0	0.0	11.5	15.461538461538462	39	0.0	0.0	3.5	4	17	18	0.037360191345214844				
hotspot_vntr	truth.h2_d_graph	truth h2 edits to graph	-1	mafft_ginsi__all	1	0.0	0.0	0.0	0.0	1	0.0	0.0	0.0	0	0	1					
hotspot_vntr	truth.h2_d_graph	truth h2 edits to graph	-1	poa_abpoa	37	2.0	0.0	12.0	20.324324324324323	37	0.0	0.0	3.0	6	14	17	0.06488609313964844				
hotspot_vntr	truth.h2_d_graph	truth h2 edits to graph	-1	poa_abpoa__all	30	0.0	0.0	2.75	2.566666666666667	30	0.0	0.0	0.0	7	3	20	0.11328125				
hotspot_vntr	truth.h2_d_graph	truth h2 edits to graph	-1	poa_spoa	27	1.0	0.0	4.0	4.888888888888889	27	0.0	0.0	1.0	6	8	13	0.9384765625				
hotspot_vntr	truth.h2_d_graph	truth h2 edits to graph	-1	poa_spoa__all	20	0.0	0.0	2.0	2.3	20	0.0	-1.0	0.0	6	1	13	0.078125				
hotspot_vntr	truth.h2_d_graph	truth h2 edits to graph	-1	poa_abpoa_mc	40	2.0	0.0	16.25	22.45	40	0.0	0.0	8.75	3	17	20	0.00080108642578125				
hotspot_vntr	truth.h2_d_graph	truth h2 edits to graph	-1	poa_abpoa_mc__all	39	0.0	0.0	9.0	16.512820512820515	39	0.0	0.0	0.0	8	9	22	0.666900634765625				
hotspot_vntr	truth.h2_d_graph	truth h2 edits to graph	-1	unit_aware	40	0.5	0.0	4.75	12.925	40	0.0	-0.25	0.0	10	8	22	0.8232955932617188				
hotspot_vntr	truth.h2_d_graph	truth h2 edits to graph	-1	unit_aware__all	40	0.0	0.0	3.25	7.8	40	0.0	-1.25	0.0	11	4	25	0.13153076171875				
hotspot_vntr	truth.d_panel_sum	truth edits to closest panel path (h1+h2)	0	mc	40	152.0	29.25	572.25	389.9												
hotspot_vntr	truth.d_panel_sum	truth edits to closest panel path (h1+h2)	0	mafft_fftns2	40	152.0	29.25	572.25	389.9	40	0.0	0.0	0.0			40					
hotspot_vntr	truth.d_panel_sum	truth edits to closest panel path (h1+h2)	0	mafft_fftns2__all	31	72.0	23.0	429.5	268.19354838709677	31	0.0	0.0	0.0			31					
hotspot_vntr	truth.d_panel_sum	truth edits to closest panel path (h1+h2)	0	mafft_fftnsi__all	9	30.0	0.0	71.0	71.33333333333333	9	0.0	0.0	0.0			9					
hotspot_vntr	truth.d_panel_sum	truth edits to closest panel path (h1+h2)	0	mafft_linsi	39	157.0	28.5	611.5	396.12820512820514	39	0.0	0.0	0.0			39					
hotspot_vntr	truth.d_panel_sum	truth edits to closest panel path (h1+h2)	0	mafft_linsi__all	4	15.5	0.75	38.25	23.5	4	0.0	0.0	0.0			4					
hotspot_vntr	truth.d_panel_sum	truth edits to closest panel path (h1+h2)	0	mafft_einsi	37	99.0	27.0	502.0	334.0810810810811	37	0.0	0.0	0.0			37					
hotspot_vntr	truth.d_panel_sum	truth edits to closest panel path (h1+h2)	0	mafft_einsi__all	1	63.0	63.0	63.0	63.0	1	0.0	0.0	0.0			1					
hotspot_vntr	truth.d_panel_sum	truth edits to closest panel path (h1+h2)	0	mafft_ginsi	39	157.0	28.5	611.5	396.12820512820514	39	0.0	0.0	0.0			39					
hotspot_vntr	truth.d_panel_sum	truth edits to closest panel path (h1+h2)	0	mafft_ginsi__all	1	63.0	63.0	63.0	63.0	1	0.0	0.0	0.0			1					
hotspot_vntr	truth.d_panel_sum	truth edits to closest panel path (h1+h2)	0	poa_abpoa	37	157.0	30.0	533.0	362.43243243243245	37	0.0	0.0	0.0			37					
hotspot_vntr	truth.d_panel_sum	truth edits to closest panel path (h1+h2)	0	poa_abpoa__all	30	71.5	21.0	459.25	273.8333333333333	30	0.0	0.0	0.0			30					
hotspot_vntr	truth.d_panel_sum	truth edits to closest panel path (h1+h2)	0	poa_spoa	27	72.0	28.5	345.5	258.3703703703704	27	0.0	0.0	0.0			27					
hotspot_vntr	truth.d_panel_sum	truth edits to closest panel path (h1+h2)	0	poa_spoa__all	20	51.0	14.5	177.25	122.35	20	0.0	0.0	0.0			20					
hotspot_vntr	truth.d_panel_sum	truth edits to closest panel path (h1+h2)	0	poa_abpoa_mc	40	152.0	29.25	572.25	389.9	40	0.0	0.0	0.0			40					
hotspot_vntr	truth.d_panel_sum	truth edits to closest panel path (h1+h2)	0	poa_abpoa_mc__all	39	157.0	28.5	611.5	396.12820512820514	39	0.0	0.0	0.0			39					
hotspot_vntr	truth.d_panel_sum	truth edits to closest panel path (h1+h2)	0	unit_aware	40	152.0	29.25	572.25	389.9	40	0.0	0.0	0.0			40					
hotspot_vntr	truth.d_panel_sum	truth edits to closest panel path (h1+h2)	0	unit_aware__all	40	152.0	29.25	572.25	389.9	40	0.0	0.0	0.0			40					
hotspot_vntr	truth.truvari.raw_f1	truth-by-graph truvari F1, raw	1	mc	40	0.2762	0.157475	0.363975	0.263565												
hotspot_vntr	truth.truvari.raw_f1	truth-by-graph truvari F1, raw	1	mafft_fftns2	40	0.29635	0.18975	0.46725	0.31765	40	0.08169999999999997	-0.0594	0.177	25	14	1	0.1139247282553697				
hotspot_vntr	truth.truvari.raw_f1	truth-by-graph truvari F1, raw	1	mafft_fftns2__all	31	0.3333	0.2736	0.42364999999999997	0.35334193548387094	31	0.06670000000000004	-0.0426	0.15544999999999998	21	10	0	0.07593795005232096				
hotspot_vntr	truth.truvari.raw_f1	truth-by-graph truvari F1, raw	1	mafft_fftnsi__all	9	0.3636	0.2857	0.4	0.4082555555555556	9	0.059199999999999975	-0.047599999999999976	0.1647	6	3	0	0.25				
hotspot_vntr	truth.truvari.raw_f1	truth-by-graph truvari F1, raw	1	mafft_linsi	39	0.3077	0.1699	0.5394	0.36869743589743587	39	0.09710000000000002	-0.04240000000000001	0.27715	26	13	0	0.028879327754111728				
hotspot_vntr	truth.truvari.raw_f1	truth-by-graph truvari F1, raw	1	mafft_linsi__all	4	0.56665	0.328925	0.8500000000000001	0.612275	4	0.25895	-0.015474999999999989	0.5402750000000001	3	1	0	0.375				
hotspot_vntr	truth.truvari.raw_f1	truth-by-graph truvari F1, raw	1	mafft_einsi	37	0.4	0.3014	0.5455	0.40617567567567564	37	0.17160000000000003	0.031899999999999984	0.23810000000000003	29	7	1	1.2062606401741505e-05				
hotspot_vntr	truth.truvari.raw_f1	truth-by-graph truvari F1, raw	1	mafft_einsi__all	1	0.5714	0.5714	0.5714	0.5714	1	0.26370000000000005	0.26370000000000005	0.26370000000000005	1	0	0	1.0				
hotspot_vntr	truth.truvari.raw_f1	truth-by-graph truvari F1, raw	1	mafft_ginsi	39	0.3333	0.16025	0.51665	0.3671820512820513	39	0.07689999999999997	-0.08435000000000001	0.26175000000000004	26	13	0	0.05083255600038683				
hotspot_vntr	truth.truvari.raw_f1	truth-by-graph truvari F1, raw	1	mafft_ginsi__all	1	0.8	0.8	0.8	0.8	1	0.49230000000000007	0.49230000000000007	0.49230000000000007	1	0	0	1.0				
hotspot_vntr	truth.truvari.raw_f1	truth-by-graph truvari F1, raw	1	poa_abpoa	37	0.32	0.2222	0.5	0.34675945945945946	37	0.04910000000000003	-0.08750000000000001	0.19230000000000003	23	14	0	0.11748217641434167				
hotspot_vntr	truth.truvari.raw_f1	truth-by-graph truvari F1, raw	1	poa_abpoa__all	30	0.26539999999999997	0.2	0.41035	0.27002	30	0.0	-0.08677500000000002	0.10295000000000004	14	14	2	0.973184622824192				
hotspot_vntr	truth.truvari.raw_f1	truth-by-graph truvari F1, raw	1	poa_spoa	27	0.3158	0.18614999999999998	0.49324999999999997	0.3501666666666666	27	0.0388	-0.05084999999999998	0.1485	16	10	1	0.26870664954185486				
hotspot_vntr	truth.truvari.raw_f1	truth-by-graph truvari F1, raw	1	poa_spoa__all	20	0.2265	0.116475	0.33089999999999997	0.21759499999999998	20	-0.08085	-0.23545	0.07189999999999999	6	12	2	0.14151763916015625				
hotspot_vntr	truth.truvari.raw_f1	truth-by-graph truvari F1, raw	1	poa_abpoa_mc	40	0.35685	0.16087500000000002	0.45095	0.3412425	40	0.06290000000000001	-0.11082499999999999	0.19525	26	13	1	0.09013874526135623				
hotspot_vntr	truth.truvari.raw_f1	truth-by-graph truvari F1, raw	1	poa_abpoa_mc__all	39	0.2632	0.17785	0.40590000000000004	0.2820153846153846	39	0.005300000000000027	-0.08015	0.1479	20	18	1	0.421044722374063				
hotspot_vntr	truth.truvari.raw_f1	truth-by-graph truvari F1, raw	1	unit_aware	40	0.23765	0.16347499999999998	0.31877500000000003	0.2506025	40	-0.0119	-0.12792499999999998	0.07594999999999999	17	21	2	0.4816721434981446				
hotspot_vntr	truth.truvari.raw_f1	truth-by-graph truvari F1, raw	1	unit_aware__all	40	0.2101	0.11677499999999999	0.375	0.2423025	40	-0.02274999999999998	-0.13982499999999998	0.09874999999999996	17	21	2	0.47502131742658094				
hotspot_vntr	truth.truvari.refined_f1	truth-by-graph truvari F1, refined	1	mc	40	1.0	1.0	1.0	0.8900525												
hotspot_vntr	truth.truvari.refined_f1	truth-by-graph truvari F1, refined	1	mafft_fftns2	40	1.0	1.0	1.0	0.950295	40	0.0	0.0	0.0	6	4	30	0.322265625				
hotspot_vntr	truth.truvari.refined_f1	truth-by-graph truvari F1, refined	1	mafft_fftns2__all	31	1.0	1.0	1.0	0.951883870967742	31	0.0	0.0	0.0	4	2	25	0.6875				
hotspot_vntr	truth.truvari.refined_f1	truth-by-graph truvari F1, refined	1	mafft_fftnsi__all	9	1.0	1.0	1.0	1.0	9	0.0	0.0	0.0	1	0	8	1.0				
hotspot_vntr	truth.truvari.refined_f1	truth-by-graph truvari F1, refined	1	mafft_linsi	39	1.0	1.0	1.0	0.956623076923077	39	0.0	0.0	0.0	6	3	30	0.359375				
hotspot_vntr	truth.truvari.refined_f1	truth-by-graph truvari F1, refined	1	mafft_linsi__all	4	1.0	1.0	1.0	1.0	4	0.0	0.0	0.0	0	0	4					
hotspot_vntr	truth.truvari.refined_f1	truth-by-graph truvari F1, refined	1	mafft_einsi	37	1.0	1.0	1.0	0.9480891891891893	37	0.0	0.0	0.0	5	3	29	0.640625				
hotspot_vntr	truth.truvari.refined_f1	truth-by-graph truvari F1, refined	1	mafft_einsi__all	1	1.0	1.0	1.0	1.0	1	0.0	0.0	0.0	0	0	1					
hotspot_vntr	truth.truvari.refined_f1	truth-by-graph truvari F1, refined	1	mafft_ginsi	39	1.0	1.0	1.0	0.9380820512820512	39	0.0	0.0	0.0	6	4	29	0.4921875				
hotspot_vntr	truth.truvari.refined_f1	truth-by-graph truvari F1, refined	1	mafft_ginsi__all	1	1.0	1.0	1.0	1.0	1	0.0	0.0	0.0	0	0	1					
hotspot_vntr	truth.truvari.refined_f1	truth-by-graph truvari F1, refined	1	poa_abpoa	37	1.0	1.0	1.0	0.9608756756756757	37	0.0	0.0	0.0	5	2	30	0.296875				
hotspot_vntr	truth.truvari.refined_f1	truth-by-graph truvari F1, refined	1	poa_abpoa__all	30	1.0	0.5614	1.0	0.80189	30	0.0	-0.02692499999999999	0.0	3	8	19	0.099609375				
hotspot_vntr	truth.truvari.refined_f1	truth-by-graph truvari F1, refined	1	poa_spoa	27	1.0	1.0	1.0	0.9420703703703703	27	0.0	0.0	0.0	4	3	20	0.578125				
hotspot_vntr	truth.truvari.refined_f1	truth-by-graph truvari F1, refined	1	poa_spoa__all	20	1.0	0.947375	1.0	0.813515	20	0.0	-0.052625000000000005	0.0	1	5	14	0.15625				
hotspot_vntr	truth.truvari.refined_f1	truth-by-graph truvari F1, refined	1	poa_abpoa_mc	40	1.0	1.0	1.0	0.926245	40	0.0	0.0	0.0	6	4	30	0.556640625				
hotspot_vntr	truth.truvari.refined_f1	truth-by-graph truvari F1, refined	1	poa_abpoa_mc__all	39	1.0	1.0	1.0	0.9280384615384616	39	0.0	0.0	0.0	6	4	29	0.556640625				
hotspot_vntr	truth.truvari.refined_f1	truth-by-graph truvari F1, refined	1	unit_aware	40	1.0	1.0	1.0	0.8371425	40	0.0	0.0	0.0	5	8	27	0.261474609375				
hotspot_vntr	truth.truvari.refined_f1	truth-by-graph truvari F1, refined	1	unit_aware__all	40	1.0	1.0	1.0	0.8944449999999999	40	0.0	0.0	0.0	6	4	30	0.919921875				
hotspot_vntr	truth.truvari.phab_f1	truth-by-graph truvari F1, whole-span phab	1	mc	40	1.0	1.0	1.0	0.99143												
hotspot_vntr	truth.truvari.phab_f1	truth-by-graph truvari F1, whole-span phab	1	mafft_fftns2	40	1.0	1.0	1.0	0.9973625	40	0.0	0.0	0.0	5	2	33	0.359375				
hotspot_vntr	truth.truvari.phab_f1	truth-by-graph truvari F1, whole-span phab	1	mafft_fftns2__all	31	1.0	1.0	1.0	0.9935483870967742	31	0.0	0.0	0.0	3	1	27	0.75				
hotspot_vntr	truth.truvari.phab_f1	truth-by-graph truvari F1, whole-span phab	1	mafft_fftnsi__all	9	1.0	1.0	1.0	1.0	9	0.0	0.0	0.0	0	0	9					
hotspot_vntr	truth.truvari.phab_f1	truth-by-graph truvari F1, whole-span phab	1	mafft_linsi	39	1.0	1.0	1.0	1.0	39	0.0	0.0	0.0	5	0	34	0.0625				
hotspot_vntr	truth.truvari.phab_f1	truth-by-graph truvari F1, whole-span phab	1	mafft_linsi__all	4	1.0	1.0	1.0	1.0	4	0.0	0.0	0.0	0	0	4					
hotspot_vntr	truth.truvari.phab_f1	truth-by-graph truvari F1, whole-span phab	1	mafft_einsi	37	1.0	1.0	1.0	0.9945945945945945	37	0.0	0.0	0.0	4	1	32	0.625				
hotspot_vntr	truth.truvari.phab_f1	truth-by-graph truvari F1, whole-span phab	1	mafft_einsi__all	1	1.0	1.0	1.0	1.0	1	0.0	0.0	0.0	0	0	1					
hotspot_vntr	truth.truvari.phab_f1	truth-by-graph truvari F1, whole-span phab	1	mafft_ginsi	39	1.0	1.0	1.0	1.0	39	0.0	0.0	0.0	5	0	34	0.0625				
hotspot_vntr	truth.truvari.phab_f1	truth-by-graph truvari F1, whole-span phab	1	mafft_ginsi__all	1	1.0	1.0	1.0	1.0	1	0.0	0.0	0.0	0	0	1					
hotspot_vntr	truth.truvari.phab_f1	truth-by-graph truvari F1, whole-span phab	1	poa_abpoa	37	1.0	1.0	1.0	1.0	37	0.0	0.0	0.0	4	0	33	0.125				
hotspot_vntr	truth.truvari.phab_f1	truth-by-graph truvari F1, whole-span phab	1	poa_abpoa__all	30	1.0	1.0	1.0	0.9926433333333333	30	0.0	0.0	0.0	3	2	25	0.8125				
hotspot_vntr	truth.truvari.phab_f1	truth-by-graph truvari F1, whole-span phab	1	poa_spoa	27	1.0	1.0	1.0	0.9925925925925926	27	0.0	0.0	0.0	3	1	23	0.75				
hotspot_vntr	truth.truvari.phab_f1	truth-by-graph truvari F1, whole-span phab	1	poa_spoa__all	20	1.0	1.0	1.0	1.0	20	0.0	0.0	0.0	1	0	19	1.0				
hotspot_vntr	truth.truvari.phab_f1	truth-by-graph truvari F1, whole-span phab	1	poa_abpoa_mc	40	1.0	1.0	1.0	0.9977275000000001	40	0.0	0.0	0.0	4	1	35	0.1875				
hotspot_vntr	truth.truvari.phab_f1	truth-by-graph truvari F1, whole-span phab	1	poa_abpoa_mc__all	39	1.0	1.0	1.0	1.0	39	0.0	0.0	0.0	5	0	34	0.0625				
hotspot_vntr	truth.truvari.phab_f1	truth-by-graph truvari F1, whole-span phab	1	unit_aware	40	1.0	1.0	1.0	0.9914275	40	0.0	0.0	0.0	5	2	33	0.78125				
hotspot_vntr	truth.truvari.phab_f1	truth-by-graph truvari F1, whole-span phab	1	unit_aware__all	40	1.0	1.0	1.0	1.0	40	0.0	0.0	0.0	5	0	35	0.0625				
hotspot_vntr	truth.truvari.records_sv	truth-by-graph SV records	0	mc	40	17.5	12.75	23.0	18.575												
hotspot_vntr	truth.truvari.records_sv	truth-by-graph SV records	0	mafft_fftns2	40	16.5	9.75	24.25	19.475	40	-3.0	-6.0	7.25			1	0.7480445931360009				
hotspot_vntr	truth.truvari.records_sv	truth-by-graph SV records	0	mafft_fftns2__all	31	15.0	8.5	23.5	17.870967741935484	31	-1.0	-6.5	6.0			1	0.8195522334426641				
hotspot_vntr	truth.truvari.records_sv	truth-by-graph SV records	0	mafft_fftnsi__all	9	8.0	4.0	8.0	7.666666666666667	9	-5.0	-5.0	-1.0			0	0.07421875				
hotspot_vntr	truth.truvari.records_sv	truth-by-graph SV records	0	mafft_linsi	39	8.0	4.5	15.5	10.717948717948717	39	-9.0	-11.0	-5.5			3	1.210719347000122e-08				
hotspot_vntr	truth.truvari.records_sv	truth-by-graph SV records	0	mafft_linsi__all	4	3.0	2.0	5.25	4.25	4	-7.5	-8.75	-6.0			0	0.125				
hotspot_vntr	truth.truvari.records_sv	truth-by-graph SV records	0	mafft_einsi	37	14.0	6.0	18.0	13.972972972972974	37	-5.0	-9.0	1.0			0	0.008798973489319906				
hotspot_vntr	truth.truvari.records_sv	truth-by-graph SV records	0	mafft_einsi__all	1	5.0	5.0	5.0	5.0	1	-5.0	-5.0	-5.0			0	1.0				
hotspot_vntr	truth.truvari.records_sv	truth-by-graph SV records	0	mafft_ginsi	39	10.0	5.5	15.5	11.948717948717949	39	-7.0	-11.0	-4.5			2	6.14323653280735e-07				
hotspot_vntr	truth.truvari.records_sv	truth-by-graph SV records	0	mafft_ginsi__all	1	2.0	2.0	2.0	2.0	1	-8.0	-8.0	-8.0			0	1.0				
hotspot_vntr	truth.truvari.records_sv	truth-by-graph SV records	0	poa_abpoa	37	10.0	5.0	14.0	12.243243243243244	37	-7.0	-11.0	-4.0			0	3.283345722593367e-05				
hotspot_vntr	truth.truvari.records_sv	truth-by-graph SV records	0	poa_abpoa__all	30	11.0	5.25	15.75	13.8	30	-5.0	-10.75	1.0			0	0.015603957697749138				
hotspot_vntr	truth.truvari.records_sv	truth-by-graph SV records	0	poa_spoa	27	7.0	5.0	13.5	11.037037037037036	27	-5.0	-10.0	-2.5			0	3.6507844924926758e-06				
hotspot_vntr	truth.truvari.records_sv	truth-by-graph SV records	0	poa_spoa__all	20	6.0	3.0	12.25	7.95	20	-9.0	-11.25	-3.5			1	0.001316070556640625				
hotspot_vntr	truth.truvari.records_sv	truth-by-graph SV records	0	poa_abpoa_mc	40	10.0	6.75	13.5	10.25	40	-8.0	-12.25	-2.75			1	2.106389729306102e-09				
hotspot_vntr	truth.truvari.records_sv	truth-by-graph SV records	0	poa_abpoa_mc__all	39	12.0	8.5	16.0	14.076923076923077	39	-5.0	-9.5	-1.0			1	0.0011660555028356612				
hotspot_vntr	truth.truvari.records_sv	truth-by-graph SV records	0	unit_aware	40	18.0	6.0	31.0	24.875	40	-1.0	-9.25	12.25			2	0.5345723300197278				
hotspot_vntr	truth.truvari.records_sv	truth-by-graph SV records	0	unit_aware__all	40	20.0	6.0	34.25	24.025	40	-0.5	-6.5	11.0			1	0.32361913014756283				
hotspot_vntr	reads.all_unique	reads: unique placement	1	mc	40	0.25134999999999996	0.1727	0.381925	0.298465												
hotspot_vntr	reads.all_unique	reads: unique placement	1	mafft_fftns2	40	0.28345	0.1926	0.4702	0.33721	40	0.03215	-0.011324999999999988	0.07814999999999996	27	13	0	0.017831046616265667				
hotspot_vntr	reads.all_unique	reads: unique placement	1	mafft_fftns2__all	31	0.2776	0.23215000000000002	0.4241	0.3345548387096774	31	0.024900000000000033	-0.020349999999999993	0.053000000000000005	21	10	0	0.13016566075384617				
hotspot_vntr	reads.all_unique	reads: unique placement	1	mafft_fftnsi__all	9	0.3444	0.2378	0.4394	0.3436888888888889	9	-0.015499999999999986	-0.03400000000000003	0.055499999999999994	4	5	0	0.8203125				
hotspot_vntr	reads.all_unique	reads: unique placement	1	mafft_linsi	39	0.4344	0.2682	0.489	0.4026461538461539	39	0.08119999999999994	0.04949999999999999	0.16049999999999998	37	2	0	3.888999344781041e-09				
hotspot_vntr	reads.all_unique	reads: unique placement	1	mafft_linsi__all	4	0.51875	0.457975	0.5408499999999999	0.480075	4	0.10379999999999998	0.05779999999999996	0.1901	4	0	0	0.125				
hotspot_vntr	reads.all_unique	reads: unique placement	1	mafft_einsi	37	0.4556	0.2912	0.5587	0.44504594594594593	37	0.139	0.07840000000000003	0.1819	36	1	0	1.280568540096283e-09				
hotspot_vntr	reads.all_unique	reads: unique placement	1	mafft_einsi__all	1	0.3333	0.3333	0.3333	0.3333	1	0.1833	0.1833	0.1833	1	0	0	1.0				
hotspot_vntr	reads.all_unique	reads: unique placement	1	mafft_ginsi	39	0.4344	0.2682	0.5049	0.4059025641025641	39	0.08499999999999996	0.04519999999999999	0.16379999999999997	36	3	0	4.58749127574265e-09				
hotspot_vntr	reads.all_unique	reads: unique placement	1	mafft_ginsi__all	1	0.5	0.5	0.5	0.5	1	0.35	0.35	0.35	1	0	0	1.0				
hotspot_vntr	reads.all_unique	reads: unique placement	1	poa_abpoa	37	0.351	0.2672	0.4764	0.38469189189189185	37	0.05890000000000001	0.03689999999999999	0.08879999999999999	34	3	0	4.6755303628742695e-08				
hotspot_vntr	reads.all_unique	reads: unique placement	1	poa_abpoa__all	30	0.26644999999999996	0.19167499999999998	0.3878	0.2997366666666667	30	-0.027499999999999997	-0.056050000000000016	0.013750000000000012	9	21	0	0.03272089920938015				
hotspot_vntr	reads.all_unique	reads: unique placement	1	poa_spoa	27	0.3592	0.27825	0.44279999999999997	0.3786222222222222	27	0.031700000000000006	0.01639999999999997	0.06614999999999999	23	3	1	7.3015689849853516e-06				
hotspot_vntr	reads.all_unique	reads: unique placement	1	poa_spoa__all	20	0.24185	0.18359999999999999	0.349875	0.274225	20	-0.05435000000000001	-0.09995000000000001	-0.034600000000000006	4	16	0	0.000850677490234375				
hotspot_vntr	reads.all_unique	reads: unique placement	1	poa_abpoa_mc	40	0.31395	0.26635	0.510225	0.386835	40	0.06829999999999999	0.0232	0.11620000000000001	38	2	0	3.0740920919924974e-10				
hotspot_vntr	reads.all_unique	reads: unique placement	1	poa_abpoa_mc__all	39	0.2677	0.2071	0.43425	0.3240179487179487	39	0.016400000000000026	-0.00675000000000002	0.0465	24	14	1	0.03071286806516582				
hotspot_vntr	reads.all_unique	reads: unique placement	1	unit_aware	40	0.3194	0.22492499999999999	0.429825	0.351615	40	0.046450000000000005	0.011474999999999999	0.08244999999999994	32	8	0	4.169623389316257e-05				
hotspot_vntr	reads.all_unique	reads: unique placement	1	unit_aware__all	40	0.30355	0.23875	0.4134	0.32035749999999996	40	0.02049999999999999	-0.009475000000000018	0.06135000000000001	25	13	2	0.04989429660781752				
hotspot_vntr	reads.all_redundant_only	reads: redundant (cross-walk) only	-1	mc	40	0.2369	0.18255	0.339275	0.2643275												
hotspot_vntr	reads.all_redundant_only	reads: redundant (cross-walk) only	-1	mafft_fftns2	40	0.1881	0.142175	0.303075	0.2255775	40	-0.03225	-0.07815000000000003	0.011324999999999988	27	13	0	0.017831046616265667				
hotspot_vntr	reads.all_redundant_only	reads: redundant (cross-walk) only	-1	mafft_fftns2__all	31	0.2233	0.1442	0.36755000000000004	0.253641935483871	31	-0.024900000000000005	-0.05305	0.020349999999999993	21	10	0	0.13016566075384617				
hotspot_vntr	reads.all_redundant_only	reads: redundant (cross-walk) only	-1	mafft_fftnsi__all	9	0.235	0.1659	0.2611	0.25135555555555555	9	0.015499999999999986	-0.05560000000000001	0.034	4	5	0	0.8203125				
hotspot_vntr	reads.all_redundant_only	reads: redundant (cross-walk) only	-1	mafft_linsi	39	0.1549	0.09765	0.19495	0.15807435897435898	39	-0.08119999999999997	-0.16049999999999998	-0.049499999999999995	37	2	0	3.888999344781041e-09				
hotspot_vntr	reads.all_redundant_only	reads: redundant (cross-walk) only	-1	mafft_linsi__all	4	0.1547	0.0991	0.206225	0.150625	4	-0.10375000000000001	-0.190025	-0.0578	4	0	0	0.125				
hotspot_vntr	reads.all_redundant_only	reads: redundant (cross-walk) only	-1	mafft_einsi	37	0.11	0.0842	0.1561	0.1272081081081081	37	-0.13899999999999998	-0.1818	-0.0784	36	1	0	1.280568540096283e-09				
hotspot_vntr	reads.all_redundant_only	reads: redundant (cross-walk) only	-1	mafft_einsi__all	1	0.2722	0.2722	0.2722	0.2722	1	-0.1834	-0.1834	-0.1834	1	0	0	1.0				
hotspot_vntr	reads.all_redundant_only	reads: redundant (cross-walk) only	-1	mafft_ginsi	39	0.1477	0.09765	0.1936	0.15482307692307692	39	-0.08509999999999998	-0.1638	-0.04525	36	3	0	4.58749127574265e-09				
hotspot_vntr	reads.all_redundant_only	reads: redundant (cross-walk) only	-1	mafft_ginsi__all	1	0.1056	0.1056	0.1056	0.1056	1	-0.35	-0.35	-0.35	1	0	0	1.0				
hotspot_vntr	reads.all_redundant_only	reads: redundant (cross-walk) only	-1	poa_abpoa	37	0.1638	0.1223	0.2449	0.18564324324324324	37	-0.05880000000000002	-0.08889999999999998	-0.0369	34	3	0	4.595494829118252e-08				
hotspot_vntr	reads.all_redundant_only	reads: redundant (cross-walk) only	-1	poa_abpoa__all	30	0.28815	0.170375	0.40935	0.29618666666666665	30	0.02744999999999999	-0.013749999999999998	0.05597499999999998	9	21	0	0.0331339705735445				
hotspot_vntr	reads.all_redundant_only	reads: redundant (cross-walk) only	-1	poa_spoa	27	0.2391	0.1372	0.2824	0.22947777777777778	27	-0.03160000000000002	-0.06610000000000002	-0.016399999999999998	23	3	1	7.3015689849853516e-06				
hotspot_vntr	reads.all_redundant_only	reads: redundant (cross-walk) only	-1	poa_spoa__all	20	0.39654999999999996	0.245775	0.43547499999999995	0.36846	20	0.054349999999999996	0.03462499999999998	0.09992499999999997	4	16	0	0.000850677490234375				
hotspot_vntr	reads.all_redundant_only	reads: redundant (cross-walk) only	-1	poa_abpoa_mc	40	0.1496	0.1122	0.230225	0.17594	40	-0.0683	-0.11627500000000002	-0.023175	38	2	0	3.0740920919924974e-10				
hotspot_vntr	reads.all_redundant_only	reads: redundant (cross-walk) only	-1	poa_abpoa_mc__all	39	0.2255	0.14375	0.30115000000000003	0.23671025641025642	39	-0.016399999999999998	-0.04650000000000001	0.006750000000000006	24	14	1	0.030420821807638276				
hotspot_vntr	reads.all_redundant_only	reads: redundant (cross-walk) only	-1	unit_aware	40	0.2113	0.1178	0.2595	0.21119249999999998	40	-0.04645000000000001	-0.08244999999999998	-0.011450000000000002	32	8	0	4.169623389316257e-05				
hotspot_vntr	reads.all_redundant_only	reads: redundant (cross-walk) only	-1	unit_aware__all	40	0.22085	0.131325	0.3248	0.24243	40	-0.020550000000000013	-0.06127500000000001	0.009474999999999997	25	13	2	0.04946785686479416				
hotspot_vntr	reads.all_tandem	reads: tandem	0	mc	40	0.3941	0.28125	0.60075	0.42323500000000003												
hotspot_vntr	reads.all_tandem	reads: tandem	0	mafft_fftns2	40	0.3941	0.28125	0.60075	0.42323500000000003	40	0.0	0.0	0.0			40					
hotspot_vntr	reads.all_tandem	reads: tandem	0	mafft_fftns2__all	31	0.3889	0.2681	0.58155	0.3961967741935484	31	0.0	0.0	0.0			31					
hotspot_vntr	reads.all_tandem	reads: tandem	0	mafft_fftnsi__all	9	0.3889	0.3295	0.4293	0.37783333333333335	9	0.0	0.0	0.0			9					
hotspot_vntr	reads.all_tandem	reads: tandem	0	mafft_linsi	39	0.3949	0.27849999999999997	0.6018	0.4253615384615384	39	0.0	0.0	0.0			39					
hotspot_vntr	reads.all_tandem	reads: tandem	0	mafft_linsi__all	4	0.319	0.20475	0.43715000000000004	0.3229	4	0.0	0.0	0.0			4					
hotspot_vntr	reads.all_tandem	reads: tandem	0	mafft_einsi	37	0.3933	0.273	0.598	0.4134297297297297	37	0.0	0.0	0.0			37					
hotspot_vntr	reads.all_tandem	reads: tandem	0	mafft_einsi__all	1	0.3889	0.3889	0.3889	0.3889	1	0.0	0.0	0.0			1					
hotspot_vntr	reads.all_tandem	reads: tandem	0	mafft_ginsi	39	0.3949	0.27849999999999997	0.6018	0.4253615384615384	39	0.0	0.0	0.0			39					
hotspot_vntr	reads.all_tandem	reads: tandem	0	mafft_ginsi__all	1	0.3889	0.3889	0.3889	0.3889	1	0.0	0.0	0.0			1					
hotspot_vntr	reads.all_tandem	reads: tandem	0	poa_abpoa	37	0.3933	0.273	0.598	0.415272972972973	37	0.0	0.0	0.0			37					
hotspot_vntr	reads.all_tandem	reads: tandem	0	poa_abpoa__all	30	0.38685	0.26565	0.5755750000000001	0.38861	30	0.0	0.0	0.0			30					
hotspot_vntr	reads.all_tandem	reads: tandem	0	poa_spoa	27	0.3848	0.25615	0.5519000000000001	0.37447407407407407	27	0.0	0.0	0.0			27					
hotspot_vntr	reads.all_tandem	reads: tandem	0	poa_spoa__all	20	0.3396	0.2438	0.40349999999999997	0.340875	20	0.0	0.0	0.0			20					
hotspot_vntr	reads.all_tandem	reads: tandem	0	poa_abpoa_mc	40	0.3941	0.28125	0.60075	0.42323500000000003	40	0.0	0.0	0.0			40					
hotspot_vntr	reads.all_tandem	reads: tandem	0	poa_abpoa_mc__all	39	0.3949	0.27849999999999997	0.6018	0.4253615384615384	39	0.0	0.0	0.0			39					
hotspot_vntr	reads.all_tandem	reads: tandem	0	unit_aware	40	0.3941	0.28125	0.60075	0.42323500000000003	40	0.0	0.0	0.0			40					
hotspot_vntr	reads.all_tandem	reads: tandem	0	unit_aware__all	40	0.3941	0.28125	0.60075	0.42323500000000003	40	0.0	0.0	0.0			40					
hotspot_vntr	reads.all_ratio_mean	reads: placements / max per path	-1	mc	40	2.3895	2.1279500000000002	3.0738000000000003	2.65972												
hotspot_vntr	reads.all_ratio_mean	reads: placements / max per path	-1	mafft_fftns2	40	2.5562	1.8649499999999999	3.4017999999999997	2.804325	40	-0.13649999999999995	-0.4254999999999998	0.3565749999999998	25	15	0	0.6752568088832049				
hotspot_vntr	reads.all_ratio_mean	reads: placements / max per path	-1	mafft_fftns2__all	31	2.6987	2.05365	3.78695	3.0100354838709675	31	0.07600000000000007	-0.1897000000000001	0.8526499999999999	14	17	0	0.0726527813822031				
hotspot_vntr	reads.all_ratio_mean	reads: placements / max per path	-1	mafft_fftnsi__all	9	3.3969	2.0868	3.4101	2.9839333333333333	9	0.24629999999999974	-0.13449999999999962	1.2557	4	5	0	0.25				
hotspot_vntr	reads.all_ratio_mean	reads: placements / max per path	-1	mafft_linsi	39	1.7282	1.5008	2.39625	2.0333743589743594	39	-0.5314000000000001	-0.8369499999999997	-0.28164999999999996	38	1	0	7.275957614183426e-12				
hotspot_vntr	reads.all_ratio_mean	reads: placements / max per path	-1	mafft_linsi__all	4	1.8265500000000001	1.72475	1.9399250000000001	1.838125	4	-0.37305	-0.6474249999999999	-0.25380000000000014	4	0	0	0.125				
hotspot_vntr	reads.all_ratio_mean	reads: placements / max per path	-1	mafft_einsi	37	1.679	1.3839	2.1551	1.8051243243243245	37	-0.7332000000000001	-0.9758999999999998	-0.4823000000000002	36	1	0	4.3655745685100555e-11				
hotspot_vntr	reads.all_ratio_mean	reads: placements / max per path	-1	mafft_einsi__all	1	2.0611	2.0611	2.0611	2.0611	1	-1.1027	-1.1027	-1.1027	1	0	0	1.0				
hotspot_vntr	reads.all_ratio_mean	reads: placements / max per path	-1	mafft_ginsi	39	1.7244	1.5008	2.41425	2.0223076923076926	39	-0.5434000000000001	-0.8411000000000001	-0.3252499999999998	38	1	0	7.275957614183426e-12				
hotspot_vntr	reads.all_ratio_mean	reads: placements / max per path	-1	mafft_ginsi__all	1	2.0301	2.0301	2.0301	2.0301	1	-1.1337000000000002	-1.1337000000000002	-1.1337000000000002	1	0	0	1.0				
hotspot_vntr	reads.all_ratio_mean	reads: placements / max per path	-1	poa_abpoa	37	2.0191	1.5817	2.4226	2.147143243243243	37	-0.41679999999999984	-0.6257000000000001	-0.21769999999999978	36	1	0	1.0186340659856796e-10				
hotspot_vntr	reads.all_ratio_mean	reads: placements / max per path	-1	poa_abpoa__all	30	2.6549	2.211475	3.308425	2.8267966666666666	30	0.24165000000000014	0.082175	0.5972	6	24	0	0.0015832837671041489				
hotspot_vntr	reads.all_ratio_mean	reads: placements / max per path	-1	poa_spoa	27	1.9808	1.84845	2.4535	2.145214814814815	27	-0.24009999999999998	-0.34739999999999993	-0.1300500000000001	23	4	0	6.660819053649902e-06				
hotspot_vntr	reads.all_ratio_mean	reads: placements / max per path	-1	poa_spoa__all	20	2.96555	2.492775	3.264175	3.06358	20	0.7939999999999999	0.33005000000000007	0.9447999999999999	3	17	0	0.0001678466796875				
hotspot_vntr	reads.all_ratio_mean	reads: placements / max per path	-1	poa_abpoa_mc	40	1.83165	1.5722999999999998	2.47885	2.3501525	40	-0.50765	-0.7861499999999999	-0.3473500000000001	37	3	0	2.3623215383850038e-08				
hotspot_vntr	reads.all_ratio_mean	reads: placements / max per path	-1	poa_abpoa_mc__all	39	2.3294	1.91215	2.9997	2.531189743589744	39	-0.12670000000000003	-0.24129999999999985	0.07334999999999992	26	13	0	0.024855553961970145				
hotspot_vntr	reads.all_ratio_mean	reads: placements / max per path	-1	unit_aware	40	2.0853	1.79775	2.9245	2.3983499999999998	40	-0.23844999999999983	-0.39795	-0.0591000000000001	31	8	1	5.268517270451412e-06				
hotspot_vntr	reads.all_ratio_mean	reads: placements / max per path	-1	unit_aware__all	40	2.4905	1.979625	3.1209249999999997	2.6711324999999997	40	-0.00264999999999993	-0.2771500000000001	0.258225	20	20	0	0.8995151304461615				
hotspot_vntr	reads.mqlt5_redundant_only	reads MAPQ<5: redundant only	-1	mc	40	0.25855	0.19667500000000002	0.420925	0.3146775												
hotspot_vntr	reads.mqlt5_redundant_only	reads MAPQ<5: redundant only	-1	mafft_fftns2	40	0.2026	0.122225	0.33805	0.246565	40	-0.03985	-0.101175	-0.0014000000000000262	31	9	0	0.00026391974461148493				
hotspot_vntr	reads.mqlt5_redundant_only	reads MAPQ<5: redundant only	-1	mafft_fftns2__all	31	0.251	0.13905	0.4347	0.27821612903225806	31	-0.04109999999999997	-0.07355	0.016499999999999973	22	9	0	0.00413934513926506				
hotspot_vntr	reads.mqlt5_redundant_only	reads MAPQ<5: redundant only	-1	mafft_fftnsi__all	9	0.2485	0.1742	0.3301	0.26411111111111113	9	-0.009400000000000006	-0.04370000000000002	0.024200000000000055	5	4	0	0.5703125				
hotspot_vntr	reads.mqlt5_redundant_only	reads MAPQ<5: redundant only	-1	mafft_linsi	39	0.1593	0.11085	0.2178	0.1778051282051282	39	-0.0997	-0.18205	-0.04745	37	2	0	3.2014213502407074e-10				
hotspot_vntr	reads.mqlt5_redundant_only	reads MAPQ<5: redundant only	-1	mafft_linsi__all	4	0.16645	0.11977499999999999	0.21425	0.167575	4	-0.15675	-0.26675	-0.047825000000000006	3	1	0	0.25				
hotspot_vntr	reads.mqlt5_redundant_only	reads MAPQ<5: redundant only	-1	mafft_einsi	37	0.1117	0.0917	0.1806	0.14956756756756756	37	-0.16340000000000005	-0.24880000000000002	-0.06770000000000001	36	1	0	1.4551915228366852e-10				
hotspot_vntr	reads.mqlt5_redundant_only	reads MAPQ<5: redundant only	-1	mafft_einsi__all	1	0.2817	0.2817	0.2817	0.2817	1	-0.16899999999999998	-0.16899999999999998	-0.16899999999999998	1	0	0	1.0				
hotspot_vntr	reads.mqlt5_redundant_only	reads MAPQ<5: redundant only	-1	mafft_ginsi	39	0.1549	0.10555	0.2178	0.17517948717948717	39	-0.0997	-0.198	-0.051500000000000004	37	2	0	1.5643308870494366e-10				
hotspot_vntr	reads.mqlt5_redundant_only	reads MAPQ<5: redundant only	-1	mafft_ginsi__all	1	0.1268	0.1268	0.1268	0.1268	1	-0.32389999999999997	-0.32389999999999997	-0.32389999999999997	1	0	0	1.0				
hotspot_vntr	reads.mqlt5_redundant_only	reads MAPQ<5: redundant only	-1	poa_abpoa	37	0.1988	0.1197	0.2871	0.21414594594594594	37	-0.0548	-0.19689999999999996	-0.03770000000000001	35	2	0	8.003553375601768e-10				
hotspot_vntr	reads.mqlt5_redundant_only	reads MAPQ<5: redundant only	-1	poa_abpoa__all	30	0.29235	0.173125	0.42462500000000003	0.32067666666666667	30	-0.002599999999999998	-0.03422500000000001	0.014074999999999976	16	12	2	0.37098289281129837				
hotspot_vntr	reads.mqlt5_redundant_only	reads MAPQ<5: redundant only	-1	poa_spoa	27	0.2727	0.16044999999999998	0.34455	0.2652666666666667	27	-0.0469	-0.10140000000000002	-0.02350000000000002	24	3	0	3.084540367126465e-06				
hotspot_vntr	reads.mqlt5_redundant_only	reads MAPQ<5: redundant only	-1	poa_spoa__all	20	0.40585000000000004	0.2202	0.46745000000000003	0.378695	20	0.022150000000000003	-0.024224999999999983	0.03669999999999998	8	11	1	0.3320655822753906				
hotspot_vntr	reads.mqlt5_redundant_only	reads MAPQ<5: redundant only	-1	poa_abpoa_mc	40	0.1679	0.11915	0.263575	0.204235	40	-0.07005000000000002	-0.161025	-0.03555000000000001	39	1	0	2.546585164964199e-11				
hotspot_vntr	reads.mqlt5_redundant_only	reads MAPQ<5: redundant only	-1	poa_abpoa_mc__all	39	0.2182	0.14684999999999998	0.37525	0.2613	39	-0.024300000000000002	-0.057249999999999995	-0.0092	33	5	1	1.2090393283870071e-05				
hotspot_vntr	reads.mqlt5_redundant_only	reads MAPQ<5: redundant only	-1	unit_aware	40	0.22605	0.124575	0.31982499999999997	0.23459500000000003	40	-0.05615000000000002	-0.111475	-0.0157	33	6	1	2.0684092305600643e-07				
hotspot_vntr	reads.mqlt5_redundant_only	reads MAPQ<5: redundant only	-1	unit_aware__all	40	0.2236	0.134	0.364275	0.26664750000000004	40	-0.031599999999999996	-0.08217499999999998	0.000674999999999995	29	10	1	0.0005927568454353604				
hotspot_vntr	reads.mqlt5_ratio_mean	reads MAPQ<5: placements / max per path	-1	mc	40	2.66295	2.4436999999999998	3.4510750000000003	2.9646325												
hotspot_vntr	reads.mqlt5_ratio_mean	reads MAPQ<5: placements / max per path	-1	mafft_fftns2	40	2.97355	2.144975	3.64785	3.1126875	40	-0.22160000000000002	-0.45432499999999965	0.5216000000000002	25	15	0	0.6655508074145473				
hotspot_vntr	reads.mqlt5_ratio_mean	reads MAPQ<5: placements / max per path	-1	mafft_fftns2__all	31	3.0618	2.3897500000000003	4.36135	3.447658064516129	31	0.08680000000000021	-0.2631499999999998	1.0523500000000001	12	19	0	0.055239553563296795				
hotspot_vntr	reads.mqlt5_ratio_mean	reads MAPQ<5: placements / max per path	-1	mafft_fftnsi__all	9	3.9683	2.3702	4.283	3.465866666666667	9	0.5236000000000001	-0.19390000000000018	1.8715000000000002	4	5	0	0.203125				
hotspot_vntr	reads.mqlt5_ratio_mean	reads MAPQ<5: placements / max per path	-1	mafft_linsi	39	1.9167	1.65215	2.54005	2.1994358974358974	39	-0.6745999999999999	-1.0951	-0.46115000000000006	39	0	0	3.637978807091713e-12				
hotspot_vntr	reads.mqlt5_ratio_mean	reads MAPQ<5: placements / max per path	-1	mafft_linsi__all	4	2.0768	1.9518250000000001	2.1773	2.052325	4	-0.48029999999999984	-0.6676249999999999	-0.4254749999999998	4	0	0	0.125				
hotspot_vntr	reads.mqlt5_ratio_mean	reads MAPQ<5: placements / max per path	-1	mafft_einsi	37	1.8109	1.4864	2.262	1.968227027027027	37	-0.8077999999999999	-1.2706999999999997	-0.6256999999999997	37	0	0	1.4551915228366852e-11				
hotspot_vntr	reads.mqlt5_ratio_mean	reads MAPQ<5: placements / max per path	-1	mafft_einsi__all	1	2.2313	2.2313	2.2313	2.2313	1	-1.2134	-1.2134	-1.2134	1	0	0	1.0				
hotspot_vntr	reads.mqlt5_ratio_mean	reads MAPQ<5: placements / max per path	-1	mafft_ginsi	39	1.9012	1.6536	2.5713	2.1901897435897437	39	-0.6744000000000003	-1.0862500000000002	-0.46819999999999984	39	0	0	3.637978807091713e-12				
hotspot_vntr	reads.mqlt5_ratio_mean	reads MAPQ<5: placements / max per path	-1	mafft_ginsi__all	1	2.2728	2.2728	2.2728	2.2728	1	-1.1719	-1.1719	-1.1719	1	0	0	1.0				
hotspot_vntr	reads.mqlt5_ratio_mean	reads MAPQ<5: placements / max per path	-1	poa_abpoa	37	2.1578	1.8018	2.5397	2.354208108108108	37	-0.5311999999999999	-0.8264000000000002	-0.3460000000000001	35	2	0	7.275957614183426e-11				
hotspot_vntr	reads.mqlt5_ratio_mean	reads MAPQ<5: placements / max per path	-1	poa_abpoa__all	30	3.0797	2.446225	3.71915	3.1972766666666668	30	0.20899999999999985	0.01307500000000017	0.7981499999999999	7	23	0	0.004338232800364494				
hotspot_vntr	reads.mqlt5_ratio_mean	reads MAPQ<5: placements / max per path	-1	poa_spoa	27	2.2262	2.0628	2.7758000000000003	2.397714814814815	27	-0.3771	-0.5256499999999998	-0.14344999999999986	24	3	0	3.084540367126465e-06				
hotspot_vntr	reads.mqlt5_ratio_mean	reads MAPQ<5: placements / max per path	-1	poa_spoa__all	20	3.4398	2.741475	3.7113750000000003	3.488905	20	0.8490000000000002	0.37755000000000005	1.1244	3	17	0	0.0001678466796875				
hotspot_vntr	reads.mqlt5_ratio_mean	reads MAPQ<5: placements / max per path	-1	poa_abpoa_mc	40	1.9696500000000001	1.7233	2.6586499999999997	2.5471475000000003	40	-0.6381	-0.9153	-0.4459749999999998	37	3	0	2.6917405193671584e-08				
hotspot_vntr	reads.mqlt5_ratio_mean	reads MAPQ<5: placements / max per path	-1	poa_abpoa_mc__all	39	2.6476	2.2392000000000003	3.28815	2.8067769230769235	39	-0.17939999999999934	-0.38990000000000014	0.07550000000000012	27	12	0	0.012091576707462082				
hotspot_vntr	reads.mqlt5_ratio_mean	reads MAPQ<5: placements / max per path	-1	unit_aware	40	2.2866999999999997	2.0213	3.036675	2.6203575	40	-0.3935500000000003	-0.5283	-0.12564999999999982	35	5	0	1.8267201085109264e-07				
hotspot_vntr	reads.mqlt5_ratio_mean	reads MAPQ<5: placements / max per path	-1	unit_aware__all	40	2.7619	2.3470750000000002	3.334275	2.9425925	40	-0.05384999999999973	-0.2922750000000003	0.21364999999999967	22	18	0	0.6272851643807371				
hotspot_vntr	truth.truvari.pooled_raw_f1	pooled truvari F1 raw	1	mc	40	0.2615044785251233			0.2615044785251233									173	385	168	575
hotspot_vntr	truth.truvari.pooled_refined_f1	pooled truvari F1 refined	1	mc	40	0.8665056916177992			0.8665056916177992									496	62	628	115
hotspot_vntr	truth.truvari.pooled_phab_f1	pooled truvari F1 phab	1	mc	40	0.9893825231025114			0.9893825231025114									374	6	369	2
hotspot_vntr	truth.truvari.pooled_raw_f1	pooled truvari F1 raw	1	mafft_fftns2	40	0.3189855168818081			0.3189855168818081									215	343	212	567
hotspot_vntr	truth.truvari.pooled_refined_f1	pooled truvari F1 refined	1	mafft_fftns2	40	0.9508467935042884			0.9508467935042884									540	18	728	51
hotspot_vntr	truth.truvari.pooled_phab_f1	pooled truvari F1 phab	1	mafft_fftns2	40	0.9973190155309718			0.9973190155309718									373	1	371	1
hotspot_vntr	truth.truvari.pooled_raw_f1	pooled truvari F1 raw	1	mafft_fftns2__all	31	0.33321554515493956			0.33321554515493956									153	205	151	402
hotspot_vntr	truth.truvari.pooled_refined_f1	pooled truvari F1 refined	1	mafft_fftns2__all	31	0.9505048357955149			0.9505048357955149									342	16	523	30
hotspot_vntr	truth.truvari.pooled_phab_f1	pooled truvari F1 phab	1	mafft_fftns2__all	31	0.9956803253342829			0.9956803253342829									230	1	231	1
hotspot_vntr	truth.truvari.pooled_raw_f1	pooled truvari F1 raw	1	mafft_fftnsi__all	9	0.38867765103506546			0.38867765103506546									23	16	20	49
hotspot_vntr	truth.truvari.pooled_refined_f1	pooled truvari F1 refined	1	mafft_fftnsi__all	9	1.0			1.0									39	0	69	0
hotspot_vntr	truth.truvari.pooled_phab_f1	pooled truvari F1 phab	1	mafft_fftnsi__all	9	1.0			1.0									27	0	25	0
hotspot_vntr	truth.truvari.pooled_raw_f1	pooled truvari F1 raw	1	mafft_linsi	39	0.336705640813744			0.336705640813744									164	379	159	259
hotspot_vntr	truth.truvari.pooled_refined_f1	pooled truvari F1 refined	1	mafft_linsi	39	0.963948360562093			0.963948360562093									517	26	408	10
hotspot_vntr	truth.truvari.pooled_phab_f1	pooled truvari F1 phab	1	mafft_linsi	39	1.0			1.0									357	0	355	0
hotspot_vntr	truth.truvari.pooled_raw_f1	pooled truvari F1 raw	1	mafft_linsi__all	4	0.5263157894736842			0.5263157894736842									10	11	10	7
hotspot_vntr	truth.truvari.pooled_refined_f1	pooled truvari F1 refined	1	mafft_linsi__all	4	1.0			1.0									21	0	17	0
hotspot_vntr	truth.truvari.pooled_phab_f1	pooled truvari F1 phab	1	mafft_linsi__all	4	1.0			1.0									17	0	17	0
hotspot_vntr	truth.truvari.pooled_raw_f1	pooled truvari F1 raw	1	mafft_einsi	37	0.382011116725619			0.382011116725619									190	285	189	328
hotspot_vntr	truth.truvari.pooled_refined_f1	pooled truvari F1 refined	1	mafft_einsi	37	0.9640192668706541			0.9640192668706541									452	23	505	12
hotspot_vntr	truth.truvari.pooled_phab_f1	pooled truvari F1 phab	1	mafft_einsi	37	0.9984639016897081			0.9984639016897081									327	0	325	1
hotspot_vntr	truth.truvari.pooled_raw_f1	pooled truvari F1 raw	1	mafft_einsi__all	1	0.5714285714285715			0.5714285714285715									2	1	2	2
hotspot_vntr	truth.truvari.pooled_refined_f1	pooled truvari F1 refined	1	mafft_einsi__all	1	1.0			1.0									3	0	4	0
hotspot_vntr	truth.truvari.pooled_phab_f1	pooled truvari F1 phab	1	mafft_einsi__all	1	1.0			1.0									3	0	3	0
hotspot_vntr	truth.truvari.pooled_raw_f1	pooled truvari F1 raw	1	mafft_ginsi	39	0.32428301062745674			0.32428301062745674									165	378	162	304
hotspot_vntr	truth.truvari.pooled_refined_f1	pooled truvari F1 refined	1	mafft_ginsi	39	0.9179354599837691			0.9179354599837691									497	46	429	37
hotspot_vntr	truth.truvari.pooled_phab_f1	pooled truvari F1 phab	1	mafft_ginsi	39	1.0			1.0									364	0	365	0
hotspot_vntr	truth.truvari.pooled_raw_f1	pooled truvari F1 raw	1	mafft_ginsi__all	1	0.8			0.8									2	1	2	0
hotspot_vntr	truth.truvari.pooled_refined_f1	pooled truvari F1 refined	1	mafft_ginsi__all	1	1.0			1.0									3	0	2	0
hotspot_vntr	truth.truvari.pooled_phab_f1	pooled truvari F1 phab	1	mafft_ginsi__all	1	1.0			1.0									4	0	4	0
hotspot_vntr	truth.truvari.pooled_raw_f1	pooled truvari F1 raw	1	poa_abpoa	37	0.32662522389632287			0.32662522389632287									155	326	150	303
hotspot_vntr	truth.truvari.pooled_refined_f1	pooled truvari F1 refined	1	poa_abpoa	37	0.9827825331670893			0.9827825331670893									474	7	444	9
hotspot_vntr	truth.truvari.pooled_phab_f1	pooled truvari F1 phab	1	poa_abpoa	37	1.0			1.0									328	0	331	0
hotspot_vntr	truth.truvari.pooled_raw_f1	pooled truvari F1 raw	1	poa_abpoa__all	30	0.29951078731566533			0.29951078731566533									115	224	111	303
hotspot_vntr	truth.truvari.pooled_refined_f1	pooled truvari F1 refined	1	poa_abpoa__all	30	0.7773903334157035			0.7773903334157035									274	65	310	104
hotspot_vntr	truth.truvari.pooled_phab_f1	pooled truvari F1 phab	1	poa_abpoa__all	30	0.9889228758946337			0.9889228758946337									222	3	225	2
hotspot_vntr	truth.truvari.pooled_raw_f1	pooled truvari F1 raw	1	poa_spoa	27	0.3465714184673056			0.3465714184673056									100	173	98	200
hotspot_vntr	truth.truvari.pooled_refined_f1	pooled truvari F1 refined	1	poa_spoa	27	0.9781005390056665			0.9781005390056665									263	10	296	2
hotspot_vntr	truth.truvari.pooled_phab_f1	pooled truvari F1 phab	1	poa_spoa	27	0.9974554707379135			0.9974554707379135									196	1	196	0
hotspot_vntr	truth.truvari.pooled_raw_f1	pooled truvari F1 raw	1	poa_spoa__all	20	0.24132877381533954			0.24132877381533954									38	122	39	120
hotspot_vntr	truth.truvari.pooled_refined_f1	pooled truvari F1 refined	1	poa_spoa__all	20	0.8807478637245933			0.8807478637245933									139	21	142	17
hotspot_vntr	truth.truvari.pooled_phab_f1	pooled truvari F1 phab	1	poa_spoa__all	20	1.0			1.0									109	0	110	0
hotspot_vntr	truth.truvari.pooled_raw_f1	pooled truvari F1 raw	1	poa_abpoa_mc	40	0.29899609033754854			0.29899609033754854									146	412	143	267
hotspot_vntr	truth.truvari.pooled_refined_f1	pooled truvari F1 refined	1	poa_abpoa_mc	40	0.9186733951324845			0.9186733951324845									503	55	384	26
hotspot_vntr	truth.truvari.pooled_phab_f1	pooled truvari F1 phab	1	poa_abpoa_mc	40	0.9986754966887418			0.9986754966887418									377	1	375	0
hotspot_vntr	truth.truvari.pooled_raw_f1	pooled truvari F1 raw	1	poa_abpoa_mc__all	39	0.28374626354281124			0.28374626354281124									158	385	152	397
hotspot_vntr	truth.truvari.pooled_refined_f1	pooled truvari F1 refined	1	poa_abpoa_mc__all	39	0.9317570850202428			0.9317570850202428									496	47	522	27
hotspot_vntr	truth.truvari.pooled_phab_f1	pooled truvari F1 phab	1	poa_abpoa_mc__all	39	1.0			1.0									367	0	369	0
hotspot_vntr	truth.truvari.pooled_raw_f1	pooled truvari F1 raw	1	unit_aware	40	0.26022885212192753			0.26022885212192753									204	354	201	794
hotspot_vntr	truth.truvari.pooled_refined_f1	pooled truvari F1 refined	1	unit_aware	40	0.9405576536208055			0.9405576536208055									514	44	956	39
hotspot_vntr	truth.truvari.pooled_phab_f1	pooled truvari F1 phab	1	unit_aware	40	0.996128980363373			0.996128980363373									387	2	384	1
hotspot_vntr	truth.truvari.pooled_raw_f1	pooled truvari F1 raw	1	unit_aware__all	40	0.2647685068947415			0.2647685068947415									203	355	200	761
hotspot_vntr	truth.truvari.pooled_refined_f1	pooled truvari F1 refined	1	unit_aware__all	40	0.9462989582953601			0.9462989582953601									533	25	901	60
hotspot_vntr	truth.truvari.pooled_phab_f1	pooled truvari F1 phab	1	unit_aware__all	40	1.0			1.0									365	0	371	0
control_vntr_matched	size.nodes_per_kb	nodes / CHM13 kb	-1	mc	40	101.265	51.165	154.2275	124.88050000000001												
control_vntr_matched	size.nodes_per_kb	nodes / CHM13 kb	-1	mafft_fftns2	40	38.315	16.322499999999998	55.145	54.54600000000001	40	-58.834999999999994	-87.39249999999998	-30.29	39	1	0	3.637978807091713e-12				
control_vntr_matched	size.nodes_per_kb	nodes / CHM13 kb	-1	mafft_fftns2__all	40	39.195	16.7775	87.6175	65.45750000000001	40	-54.03	-86.705	-24.3175	38	2	0	3.480272425804287e-08				
control_vntr_matched	size.nodes_per_kb	nodes / CHM13 kb	-1	mafft_fftnsi__all	34	37.705	13.712499999999999	77.1325	55.018235294117645	34	-52.514999999999986	-76.2775	-22.564999999999998	32	2	0	2.9103830456733704e-09				
control_vntr_matched	size.nodes_per_kb	nodes / CHM13 kb	-1	mafft_linsi	40	28.53	14.625	70.8825	63.87075	40	-44.965	-94.77749999999999	-27.39	39	1	0	7.839844329282641e-09				
control_vntr_matched	size.nodes_per_kb	nodes / CHM13 kb	-1	mafft_linsi__all	27	36.56	15.025	70.69	45.023333333333326	27	-35.44	-93.605	-21.595	25	2	0	2.041459083557129e-06				
control_vntr_matched	size.nodes_per_kb	nodes / CHM13 kb	-1	mafft_einsi	40	27.71	11.625	65.3475	53.1005	40	-64.90499999999999	-95.06	-29.855000000000004	40	0	0	1.8189894035458565e-12				
control_vntr_matched	size.nodes_per_kb	nodes / CHM13 kb	-1	mafft_einsi__all	22	18.22	8.9825	59.835	32.33409090909091	22	-34.37	-83.67999999999999	-24.4625	22	0	0	4.76837158203125e-07				
control_vntr_matched	size.nodes_per_kb	nodes / CHM13 kb	-1	mafft_ginsi	40	28.53	15.625	71.0625	65.42875000000001	40	-42.614999999999995	-94.77749999999999	-24.919999999999998	39	1	0	1.2008968042209744e-08				
control_vntr_matched	size.nodes_per_kb	nodes / CHM13 kb	-1	mafft_ginsi__all	22	34.09	12.86	67.66499999999999	44.03181818181818	22	-30.300000000000004	-81.665	-18.085	20	2	0	2.0503997802734375e-05				
control_vntr_matched	size.nodes_per_kb	nodes / CHM13 kb	-1	poa_abpoa	40	31.9	12.9525	71.0525	62.06675	40	-57.489999999999995	-88.915	-27.03	38	2	0	4.320099833421409e-09				
control_vntr_matched	size.nodes_per_kb	nodes / CHM13 kb	-1	poa_abpoa__all	40	54.004999999999995	19.94	128.29999999999998	87.1275	40	-39.19	-76.01749999999998	-16.61	34	6	0	7.708757948421407e-05				
control_vntr_matched	size.nodes_per_kb	nodes / CHM13 kb	-1	poa_spoa	39	44.54	16.45	93.03999999999999	70.4976923076923	39	-40.44999999999999	-90.93	-22.075	37	2	0	2.6013367460109293e-07				
control_vntr_matched	size.nodes_per_kb	nodes / CHM13 kb	-1	poa_spoa__all	37	78.12	27.42	153.28	104.28351351351351	37	-22.509999999999998	-51.260000000000005	-2.8400000000000034	28	9	0	0.0012698457721853629				
control_vntr_matched	size.nodes_per_kb	nodes / CHM13 kb	-1	poa_abpoa_mc	40	31.66	14.030000000000001	61.2525	48.43575	40	-65.615	-99.75750000000001	-28.7825	40	0	0	1.8189894035458565e-12				
control_vntr_matched	size.nodes_per_kb	nodes / CHM13 kb	-1	poa_abpoa_mc__all	40	29.18	14.9725	57.855000000000004	52.4285	40	-60.83	-90.86999999999999	-30.5125	40	0	0	1.8189894035458565e-12				
control_vntr_matched	size.nodes_per_kb	nodes / CHM13 kb	-1	unit_aware	40	40.349999999999994	16.8825	108.9875	75.2635	40	-45.735	-85.22	-20.4625	33	7	0	1.8586324586067349e-06				
control_vntr_matched	size.nodes_per_kb	nodes / CHM13 kb	-1	unit_aware__all	40	44.985	20.6275	117.725	88.41875	40	-31.854999999999997	-78.06	-14.8575	31	9	0	0.00013284593478601892				
control_vntr_matched	size.node_len_mean	mean node bp	1	mc	40	11.6455	7.5089999999999995	21.014	15.760325												
control_vntr_matched	size.node_len_mean	mean node bp	1	mafft_fftns2	40	30.299	20.344	77.62925	66.482825	40	18.661500000000004	8.7275	50.7825	39	1	0	3.637978807091713e-12				
control_vntr_matched	size.node_len_mean	mean node bp	1	mafft_fftns2__all	40	29.868000000000002	12.403749999999999	69.2615	63.080600000000004	40	16.1495	5.6979999999999995	52.81875	38	2	0	4.547473508864641e-11				
control_vntr_matched	size.node_len_mean	mean node bp	1	mafft_fftnsi__all	34	29.988500000000002	13.542	78.46025	63.67344117647059	34	16.475	6.326499999999999	59.473	32	2	0	5.820766091346741e-10				
control_vntr_matched	size.node_len_mean	mean node bp	1	mafft_linsi	40	35.843	16.21	70.464	77.18215000000001	40	22.637	5.311749999999999	53.7425	38	2	0	5.584297468885779e-10				
control_vntr_matched	size.node_len_mean	mean node bp	1	mafft_linsi__all	27	27.667	17.401	67.0135	67.56233333333333	27	17.637	6.273499999999999	49.929	25	2	0	6.407499313354492e-07				
control_vntr_matched	size.node_len_mean	mean node bp	1	mafft_einsi	40	40.706	17.146	97.1975	83.64574999999999	40	25.5405	7.485999999999999	73.2565	40	0	0	1.8189894035458565e-12				
control_vntr_matched	size.node_len_mean	mean node bp	1	mafft_einsi__all	22	56.810500000000005	21.605	112.06275000000001	109.12109090909092	22	32.016000000000005	12.44875	95.09375	22	0	0	4.76837158203125e-07				
control_vntr_matched	size.node_len_mean	mean node bp	1	mafft_ginsi	40	35.843	16.21	64.58225	76.48775	40	22.637	4.31725	50.68025	38	2	0	5.584297468885779e-10				
control_vntr_matched	size.node_len_mean	mean node bp	1	mafft_ginsi__all	22	30.1305	19.406	85.592	75.0704090909091	22	20.64	4.81575	62.589	20	2	0	1.1920928955078125e-05				
control_vntr_matched	size.node_len_mean	mean node bp	1	poa_abpoa	40	36.009	14.5375	80.4845	80.4648	40	22.6625	5.968999999999999	62.448750000000004	38	2	0	3.0740920919924974e-10				
control_vntr_matched	size.node_len_mean	mean node bp	1	poa_abpoa__all	40	20.439500000000002	8.54125	66.94825	59.44895	40	9.561	1.4245000000000005	39.233	34	6	0	1.8586324586067349e-06				
control_vntr_matched	size.node_len_mean	mean node bp	1	poa_spoa	39	26.289	12.5245	65.158	70.23338461538461	39	11.948	2.7319999999999993	48.408500000000004	35	4	0	1.355147105641663e-08				
control_vntr_matched	size.node_len_mean	mean node bp	1	poa_spoa__all	37	15.132	7.191	36.806	58.21651351351351	37	2.030000000000001	0.008000000000000007	24.325	28	9	0	0.00046338878746610135				
control_vntr_matched	size.node_len_mean	mean node bp	1	poa_abpoa_mc	40	35.843	18.454	74.2925	76.843875	40	22.8395	10.63225	53.40650000000001	40	0	0	1.8189894035458565e-12				
control_vntr_matched	size.node_len_mean	mean node bp	1	poa_abpoa_mc__all	40	36.692499999999995	20.3795	73.426	67.735625	40	26.478499999999997	12.021500000000001	56.6195	40	0	0	1.8189894035458565e-12				
control_vntr_matched	size.node_len_mean	mean node bp	1	unit_aware	40	27.285	11.683	77.59224999999999	74.374825	40	15.417	2.140249999999999	49.72575	33	7	0	1.3044336810708046e-07				
control_vntr_matched	size.node_len_mean	mean node bp	1	unit_aware__all	40	22.54	10.1065	55.884499999999996	56.823525	40	8.4705	0.9874999999999995	34.613	31	9	0	3.194629243807867e-06				
control_vntr_matched	size.node_len_median	median node bp	1	mc	40	1.5	1.0	2.0	1.875												
control_vntr_matched	size.node_len_median	median node bp	1	mafft_fftns2	40	1.0	1.0	2.0	10.65	40	0.0	0.0	0.0	8	8	24	0.69390869140625				
control_vntr_matched	size.node_len_median	median node bp	1	mafft_fftns2__all	40	1.0	1.0	2.0	9.475	40	0.0	0.0	0.0	6	7	27	0.297119140625				
control_vntr_matched	size.node_len_median	median node bp	1	mafft_fftnsi__all	34	1.25	1.0	2.0	11.632352941176471	34	0.0	0.0	0.0	6	5	23	0.1669921875				
control_vntr_matched	size.node_len_median	median node bp	1	mafft_linsi	40	1.0	1.0	2.0	20.625	40	0.0	-0.5	0.0	7	11	22	0.5410995483398438				
control_vntr_matched	size.node_len_median	median node bp	1	mafft_linsi__all	27	1.0	1.0	2.0	2.740740740740741	27	0.0	-0.75	0.0	4	9	14	0.291748046875				
control_vntr_matched	size.node_len_median	median node bp	1	mafft_einsi	40	1.0	1.0	2.0	20.975	40	0.0	-0.5	0.0	7	11	22	0.8225860595703125				
control_vntr_matched	size.node_len_median	median node bp	1	mafft_einsi__all	22	1.0	1.0	2.0	36.88636363636363	22	0.0	-0.375	0.0	5	6	11	0.591796875				
control_vntr_matched	size.node_len_median	median node bp	1	mafft_ginsi	40	1.0	1.0	2.0	20.575	40	0.0	-0.625	0.0	7	11	22	0.458160400390625				
control_vntr_matched	size.node_len_median	median node bp	1	mafft_ginsi__all	22	1.0	1.0	1.875	2.977272727272727	22	0.0	-0.5	0.0	3	7	12	0.552734375				
control_vntr_matched	size.node_len_median	median node bp	1	poa_abpoa	40	1.0	1.0	2.0	20.5625	40	0.0	-0.625	0.0	5	11	24	0.483154296875				
control_vntr_matched	size.node_len_median	median node bp	1	poa_abpoa__all	40	1.0	1.0	2.0	2.5625	40	0.0	-0.625	0.0	5	11	24	0.619964599609375				
control_vntr_matched	size.node_len_median	median node bp	1	poa_spoa	39	1.0	1.0	2.0	21.564102564102566	39	0.0	0.0	0.0	8	7	24	0.3638916015625				
control_vntr_matched	size.node_len_median	median node bp	1	poa_spoa__all	37	1.0	1.0	2.0	13.77027027027027	37	0.0	-0.5	0.0	6	10	21	0.830596923828125				
control_vntr_matched	size.node_len_median	median node bp	1	poa_abpoa_mc	40	1.0	1.0	2.0	20.5625	40	0.0	-1.0	0.0	6	12	22	0.4464874267578125				
control_vntr_matched	size.node_len_median	median node bp	1	poa_abpoa_mc__all	40	1.0	1.0	2.0	2.7625	40	0.0	0.0	0.0	6	7	27	0.95947265625				
control_vntr_matched	size.node_len_median	median node bp	1	unit_aware	40	1.5	1.0	2.0	20.9625	40	0.0	0.0	0.125	10	7	23	0.229278564453125				
control_vntr_matched	size.node_len_median	median node bp	1	unit_aware__all	40	1.0	1.0	2.0	2.2375	40	0.0	0.0	0.0	8	7	25	0.773681640625				
control_vntr_matched	size.node_frac_1bp	frac 1-bp nodes	-1	mc	40	0.5	0.43335	0.5426249999999999	0.48684000000000005												
control_vntr_matched	size.node_frac_1bp	frac 1-bp nodes	-1	mafft_fftns2	40	0.5298	0.4492	0.589675	0.5203325000000001	40	0.041950000000000015	0.012449999999999989	0.0619	8	32	0	4.098819044884294e-05				
control_vntr_matched	size.node_frac_1bp	frac 1-bp nodes	-1	mafft_fftns2__all	40	0.53975	0.45175	0.60265	0.52161	40	0.04225000000000004	0.015	0.05522500000000008	7	32	1	7.892551730037667e-05				
control_vntr_matched	size.node_frac_1bp	frac 1-bp nodes	-1	mafft_fftnsi__all	34	0.51665	0.43472500000000003	0.57055	0.5084411764705882	34	0.03544999999999998	0.005499999999999991	0.059500000000000025	6	27	1	0.0003724645357578993				
control_vntr_matched	size.node_frac_1bp	frac 1-bp nodes	-1	mafft_linsi	40	0.53625	0.48535	0.6048	0.53146	40	0.05155000000000001	0.024875000000000036	0.08082500000000001	6	34	0	2.9213406378403306e-06				
control_vntr_matched	size.node_frac_1bp	frac 1-bp nodes	-1	mafft_linsi__all	27	0.5484	0.5	0.5985	0.5464296296296296	27	0.05359999999999998	0.036050000000000026	0.10825000000000001	5	22	0	1.893937587738037e-05				
control_vntr_matched	size.node_frac_1bp	frac 1-bp nodes	-1	mafft_einsi	40	0.5456	0.4871	0.60675	0.533895	40	0.05295	0.023149999999999976	0.0847	6	34	0	2.055958248092793e-06				
control_vntr_matched	size.node_frac_1bp	frac 1-bp nodes	-1	mafft_einsi__all	22	0.5294	0.477275	0.594	0.5179590909090909	22	0.04044999999999993	0.016900000000000026	0.073925	5	17	0	0.02332162857055664				
control_vntr_matched	size.node_frac_1bp	frac 1-bp nodes	-1	mafft_ginsi	40	0.5312	0.48414999999999997	0.6083999999999999	0.531745	40	0.05125000000000002	0.02402500000000002	0.08235000000000006	6	34	0	3.2181196729652584e-06				
control_vntr_matched	size.node_frac_1bp	frac 1-bp nodes	-1	mafft_ginsi__all	22	0.5465	0.5	0.605675	0.5490818181818182	22	0.05125000000000002	0.022800000000000015	0.1013	4	18	0	0.00025844573974609375				
control_vntr_matched	size.node_frac_1bp	frac 1-bp nodes	-1	poa_abpoa	40	0.5408	0.47400000000000003	0.6042000000000001	0.528385	40	0.04715000000000005	0.02402500000000002	0.07782500000000003	5	35	0	8.021259418455884e-06				
control_vntr_matched	size.node_frac_1bp	frac 1-bp nodes	-1	poa_abpoa__all	40	0.53975	0.48414999999999997	0.60825	0.5337775	40	0.056349999999999956	0.031200000000000047	0.08462500000000006	4	36	0	2.4485168978571892e-05				
control_vntr_matched	size.node_frac_1bp	frac 1-bp nodes	-1	poa_spoa	39	0.5105	0.44189999999999996	0.58645	0.5009564102564102	39	0.02080000000000004	-0.020350000000000007	0.05245	15	24	0	0.044357797647535335				
control_vntr_matched	size.node_frac_1bp	frac 1-bp nodes	-1	poa_spoa__all	37	0.5333	0.4752	0.6087	0.5176135135135136	37	0.0413	0.009600000000000053	0.07869999999999999	8	29	0	0.0008805757679510862				
control_vntr_matched	size.node_frac_1bp	frac 1-bp nodes	-1	poa_abpoa_mc	40	0.54585	0.4861	0.59555	0.5266975	40	0.04814999999999997	0.026650000000000035	0.06940000000000002	6	34	0	2.639073136379011e-05				
control_vntr_matched	size.node_frac_1bp	frac 1-bp nodes	-1	poa_abpoa_mc__all	40	0.5337000000000001	0.445075	0.595925	0.5202475	40	0.03834999999999997	0.004600000000000035	0.05290000000000003	8	32	0	1.9500828784657642e-05				
control_vntr_matched	size.node_frac_1bp	frac 1-bp nodes	-1	unit_aware	40	0.5038	0.42435	0.578	0.502105	40	0.03309999999999996	-0.025800000000000003	0.05742500000000003	13	27	0	0.06414752090131515				
control_vntr_matched	size.node_frac_1bp	frac 1-bp nodes	-1	unit_aware__all	40	0.5144	0.4524	0.5850500000000001	0.52057	40	0.048100000000000004	-0.0053249999999999825	0.06307500000000003	11	29	0	0.00015809521028131712				
control_vntr_matched	size.edges_per_kb	edges / CHM13 kb	-1	mc	40	115.33	58.050000000000004	180.4775	142.2715												
control_vntr_matched	size.edges_per_kb	edges / CHM13 kb	-1	mafft_fftns2	40	51.44	22.74	75.0275	75.194	40	-58.305	-86.28500000000003	-27.147499999999997	39	1	0	5.4569682106375694e-12				
control_vntr_matched	size.edges_per_kb	edges / CHM13 kb	-1	mafft_fftns2__all	40	53.16	23.5025	120.075	90.31075	40	-45.050000000000004	-82.9175	-24.115	36	3	1	6.940899766050279e-07				
control_vntr_matched	size.edges_per_kb	edges / CHM13 kb	-1	mafft_fftnsi__all	34	50.144999999999996	18.9075	103.72	75.715	34	-42.085	-81.43	-22.5325	32	2	0	2.0244624465703964e-07				
control_vntr_matched	size.edges_per_kb	edges / CHM13 kb	-1	mafft_linsi	40	37.76	19.1575	95.025	87.1645	40	-42.015	-99.36999999999999	-21.6175	37	3	0	1.3044336810708046e-07				
control_vntr_matched	size.edges_per_kb	edges / CHM13 kb	-1	mafft_linsi__all	27	47.98	19.770000000000003	95.265	60.937407407407406	27	-35.870000000000005	-81.51500000000001	-19.24	25	2	0	9.5367431640625e-06				
control_vntr_matched	size.edges_per_kb	edges / CHM13 kb	-1	mafft_einsi	40	37.22	15.812499999999998	88.29750000000001	72.613	40	-61.58	-100.47749999999999	-27.037499999999998	39	1	0	3.637978807091713e-12				
control_vntr_matched	size.edges_per_kb	edges / CHM13 kb	-1	mafft_einsi__all	22	24.63	11.754999999999999	81.33	43.662727272727274	22	-34.580000000000005	-90.195	-22.799999999999997	22	0	0	4.76837158203125e-07				
control_vntr_matched	size.edges_per_kb	edges / CHM13 kb	-1	mafft_ginsi	40	37.76	20.51	95.20750000000001	89.288	40	-42.015	-99.36999999999999	-19.28	36	4	0	2.535471139708534e-07				
control_vntr_matched	size.edges_per_kb	edges / CHM13 kb	-1	mafft_ginsi__all	22	45.019999999999996	17.38	90.92	59.35681818181818	22	-26.575000000000003	-67.25000000000001	-15.969999999999999	19	3	0	0.00017690658569335938				
control_vntr_matched	size.edges_per_kb	edges / CHM13 kb	-1	poa_abpoa	40	43.1	17.1775	98.2225	85.997	40	-54.47	-91.2625	-22.23	36	4	0	1.03669663076289e-07				
control_vntr_matched	size.edges_per_kb	edges / CHM13 kb	-1	poa_abpoa__all	40	75.3	26.7625	182.355	121.00999999999999	40	-34.010000000000005	-62.7875	-6.650000000000006	30	10	0	0.005831649234096403				
control_vntr_matched	size.edges_per_kb	edges / CHM13 kb	-1	poa_spoa	39	62.69	23.27	129.91	98.49846153846154	39	-37.92	-88.99000000000001	-17.189999999999994	33	6	0	8.891525794751942e-06				
control_vntr_matched	size.edges_per_kb	edges / CHM13 kb	-1	poa_spoa__all	37	104.7	35.8	211.42	146.64972972972973	37	-15.649999999999999	-32.33	19.289999999999992	23	14	0	0.31604794978920836				
control_vntr_matched	size.edges_per_kb	edges / CHM13 kb	-1	poa_abpoa_mc	40	42.75	19.4175	83.86	66.48400000000001	40	-65.485	-104.95500000000001	-27.037499999999998	39	1	0	3.637978807091713e-12				
control_vntr_matched	size.edges_per_kb	edges / CHM13 kb	-1	poa_abpoa_mc__all	40	39.19	19.7925	80.3425	72.26725	40	-61.56	-98.67500000000001	-29.085	40	0	0	1.8189894035458565e-12				
control_vntr_matched	size.edges_per_kb	edges / CHM13 kb	-1	unit_aware	40	55.775000000000006	23.3725	148.20250000000001	106.15775000000001	40	-34.23000000000002	-84.65	-16.595	31	9	0	0.0004266080886736745				
control_vntr_matched	size.edges_per_kb	edges / CHM13 kb	-1	unit_aware__all	40	61.894999999999996	27.42	160.98250000000002	125.36325	40	-24.949999999999996	-63.495000000000005	5.549999999999997	29	11	0	0.03439493566293095				
control_vntr_matched	size.bubbles	top-level bubbles	0	mc	40	24.0	10.75	51.5	42.675												
control_vntr_matched	size.bubbles	top-level bubbles	0	mafft_fftns2	40	30.5	13.0	52.25	53.425	40	0.0	-1.25	11.75			9	0.13129218108952045				
control_vntr_matched	size.bubbles	top-level bubbles	0	mafft_fftns2__all	40	31.0	13.75	67.0	59.225	40	2.0	0.0	18.5			5	0.009057076706085354				
control_vntr_matched	size.bubbles	top-level bubbles	0	mafft_fftnsi__all	34	28.5	14.0	60.75	39.26470588235294	34	2.0	-1.75	17.0			3	0.07156495098024607				
control_vntr_matched	size.bubbles	top-level bubbles	0	mafft_linsi	40	34.0	12.75	74.5	62.1	40	0.5	-1.0	28.75			8	0.006349441595375538				
control_vntr_matched	size.bubbles	top-level bubbles	0	mafft_linsi__all	27	24.0	14.0	71.0	41.888888888888886	27	1.0	-1.0	24.5			5	0.020240306854248047				
control_vntr_matched	size.bubbles	top-level bubbles	0	mafft_einsi	40	23.5	12.75	60.25	52.975	40	0.0	-2.0	14.25			11	0.1737295165657997				
control_vntr_matched	size.bubbles	top-level bubbles	0	mafft_einsi__all	22	14.0	8.5	47.0	29.0	22	0.0	-2.75	2.5			7	0.8792724609375				
control_vntr_matched	size.bubbles	top-level bubbles	0	mafft_ginsi	40	34.0	13.75	80.25	63.2	40	2.5	-1.0	27.5			8	0.0016311854124069214				
control_vntr_matched	size.bubbles	top-level bubbles	0	mafft_ginsi__all	22	25.5	13.25	69.75	40.72727272727273	22	2.5	0.0	28.75			5	0.027313232421875				
control_vntr_matched	size.bubbles	top-level bubbles	0	poa_abpoa	40	30.5	11.5	76.25	68.3	40	0.0	-2.0	19.0			11	0.09063172712922096				
control_vntr_matched	size.bubbles	top-level bubbles	0	poa_abpoa__all	40	60.5	12.25	111.75	96.325	40	9.0	0.0	71.5			10	3.542192280292511e-05				
control_vntr_matched	size.bubbles	top-level bubbles	0	poa_spoa	39	45.0	14.0	94.0	78.1025641025641	39	11.0	0.0	52.0			8	0.00018999632447957993				
control_vntr_matched	size.bubbles	top-level bubbles	0	poa_spoa__all	37	83.0	21.0	142.0	109.97297297297297	37	35.0	7.0	96.0			5	2.468004822731018e-08				
control_vntr_matched	size.bubbles	top-level bubbles	0	poa_abpoa_mc	40	26.0	12.75	53.25	53.275	40	0.0	-2.0	2.0			13	0.7091761976480484				
control_vntr_matched	size.bubbles	top-level bubbles	0	poa_abpoa_mc__all	40	23.0	12.75	51.5	45.8	40	0.0	-1.25	3.25			12	0.43422648310661316				
control_vntr_matched	size.bubbles	top-level bubbles	0	unit_aware	40	42.5	13.0	94.0	79.3	40	6.5	0.0	52.0			7	5.68863470107317e-05				
control_vntr_matched	size.bubbles	top-level bubbles	0	unit_aware__all	40	61.5	21.0	113.75	88.375	40	23.0	1.0	63.25			6	9.058276191353798e-07				
control_vntr_matched	size.largest_bubble_alleles	alleles, largest bubble	0	mc	40	3.0	2.0	6.0	5.625												
control_vntr_matched	size.largest_bubble_alleles	alleles, largest bubble	0	mafft_fftns2	40	3.0	2.0	6.25	5.5	40	0.0	0.0	0.25			24	0.84356689453125				
control_vntr_matched	size.largest_bubble_alleles	alleles, largest bubble	0	mafft_fftns2__all	40	4.0	3.0	6.25	6.075	40	0.0	0.0	1.0			23	0.0139617919921875				
control_vntr_matched	size.largest_bubble_alleles	alleles, largest bubble	0	mafft_fftnsi__all	34	3.0	2.25	6.0	5.4411764705882355	34	0.0	0.0	1.0			21	0.00244140625				
control_vntr_matched	size.largest_bubble_alleles	alleles, largest bubble	0	mafft_linsi	40	3.0	2.0	6.25	5.45	40	0.0	0.0	0.0			25	0.6092529296875				
control_vntr_matched	size.largest_bubble_alleles	alleles, largest bubble	0	mafft_linsi__all	27	3.0	2.0	4.0	3.259259259259259	27	0.0	0.0	0.0			17	1.0				
control_vntr_matched	size.largest_bubble_alleles	alleles, largest bubble	0	mafft_einsi	40	3.0	2.0	6.0	5.275	40	0.0	0.0	0.0			27	0.476806640625				
control_vntr_matched	size.largest_bubble_alleles	alleles, largest bubble	0	mafft_einsi__all	22	2.0	2.0	3.75	3.1363636363636362	22	0.0	0.0	0.0			17	1.0				
control_vntr_matched	size.largest_bubble_alleles	alleles, largest bubble	0	mafft_ginsi	40	3.0	2.0	6.0	5.45	40	0.0	0.0	0.0			25	0.6092529296875				
control_vntr_matched	size.largest_bubble_alleles	alleles, largest bubble	0	mafft_ginsi__all	22	2.0	2.0	3.75	3.1363636363636362	22	0.0	0.0	0.0			16	1.0				
control_vntr_matched	size.largest_bubble_alleles	alleles, largest bubble	0	poa_abpoa	40	3.0	2.0	5.25	4.9	40	0.0	0.0	0.0			26	0.2086181640625				
control_vntr_matched	size.largest_bubble_alleles	alleles, largest bubble	0	poa_abpoa__all	40	3.0	2.0	5.0	4.75	40	0.0	-1.0	0.0			21	0.11202239990234375				
control_vntr_matched	size.largest_bubble_alleles	alleles, largest bubble	0	poa_spoa	39	3.0	2.0	5.5	4.769230769230769	39	0.0	-1.0	0.0			17	0.16707468032836914				
control_vntr_matched	size.largest_bubble_alleles	alleles, largest bubble	0	poa_spoa__all	37	3.0	2.0	5.0	4.27027027027027	37	0.0	-2.0	0.0			14	0.01830124855041504				
control_vntr_matched	size.largest_bubble_alleles	alleles, largest bubble	0	poa_abpoa_mc	40	3.5	2.0	6.0	5.3	40	0.0	0.0	0.0			29	0.8935546875				
control_vntr_matched	size.largest_bubble_alleles	alleles, largest bubble	0	poa_abpoa_mc__all	40	3.0	2.0	6.0	5.425	40	0.0	0.0	0.0			27	0.8525390625				
control_vntr_matched	size.largest_bubble_alleles	alleles, largest bubble	0	unit_aware	40	3.0	2.0	5.0	4.3	40	0.0	-1.0	0.0			18	0.0737924575805664				
control_vntr_matched	size.largest_bubble_alleles	alleles, largest bubble	0	unit_aware__all	40	3.0	2.0	5.0	4.4	40	0.0	-1.0	0.0			20	0.009258270263671875				
control_vntr_matched	size.distinct_walks	distinct walks	0	mc	40	8.5	5.0	12.0	9.9												
control_vntr_matched	size.distinct_walks	distinct walks	0	mafft_fftns2	40	8.5	5.0	12.0	9.9	40	0.0	0.0	0.0			40					
control_vntr_matched	size.distinct_walks	distinct walks	0	mafft_fftns2__all	40	8.5	5.0	12.0	9.9	40	0.0	0.0	0.0			40					
control_vntr_matched	size.distinct_walks	distinct walks	0	mafft_fftnsi__all	34	7.0	4.25	11.0	8.911764705882353	34	0.0	0.0	0.0			34					
control_vntr_matched	size.distinct_walks	distinct walks	0	mafft_linsi	40	8.5	5.0	12.0	9.9	40	0.0	0.0	0.0			40					
control_vntr_matched	size.distinct_walks	distinct walks	0	mafft_linsi__all	27	6.0	4.0	9.0	6.777777777777778	27	0.0	0.0	0.0			27					
control_vntr_matched	size.distinct_walks	distinct walks	0	mafft_einsi	40	8.5	5.0	12.0	9.9	40	0.0	0.0	0.0			40					
control_vntr_matched	size.distinct_walks	distinct walks	0	mafft_einsi__all	22	5.5	4.0	9.0	6.363636363636363	22	0.0	0.0	0.0			22					
control_vntr_matched	size.distinct_walks	distinct walks	0	mafft_ginsi	40	8.5	5.0	12.0	9.9	40	0.0	0.0	0.0			40					
control_vntr_matched	size.distinct_walks	distinct walks	0	mafft_ginsi__all	22	5.5	4.0	9.0	6.363636363636363	22	0.0	0.0	0.0			22					
control_vntr_matched	size.distinct_walks	distinct walks	0	poa_abpoa	40	8.5	5.0	12.0	9.9	40	0.0	0.0	0.0			40					
control_vntr_matched	size.distinct_walks	distinct walks	0	poa_abpoa__all	40	8.5	5.0	12.0	9.9	40	0.0	0.0	0.0			40					
control_vntr_matched	size.distinct_walks	distinct walks	0	poa_spoa	39	8.0	5.0	12.0	9.923076923076923	39	0.0	0.0	0.0			39					
control_vntr_matched	size.distinct_walks	distinct walks	0	poa_spoa__all	37	8.0	5.0	12.0	9.783783783783784	37	0.0	0.0	0.0			37					
control_vntr_matched	size.distinct_walks	distinct walks	0	poa_abpoa_mc	40	8.5	5.0	12.0	9.9	40	0.0	0.0	0.0			40					
control_vntr_matched	size.distinct_walks	distinct walks	0	poa_abpoa_mc__all	40	8.5	5.0	12.0	9.9	40	0.0	0.0	0.0			40					
control_vntr_matched	size.distinct_walks	distinct walks	0	unit_aware	40	8.5	5.0	12.0	9.9	40	0.0	0.0	0.0			40					
control_vntr_matched	size.distinct_walks	distinct walks	0	unit_aware__all	40	8.5	5.0	12.0	9.9	40	0.0	0.0	0.0			40					
control_vntr_matched	alignment.all_cost_over_opt	cost/opt, all pairs	-1	mc	40	1.1019	1.0053999999999998	1.3155000000000001	1.2839800000000001												
control_vntr_matched	alignment.all_cost_over_opt	cost/opt, all pairs	-1	mafft_fftns2	40	1.0998999999999999	1.021875	1.3884750000000001	1.2963900000000002	40	0.0	-0.09769999999999995	0.03375	17	17	6	0.7871285933069885				
control_vntr_matched	alignment.all_cost_over_opt	cost/opt, all pairs	-1	mafft_fftns2__all	40	1.2055500000000001	1.0281500000000001	1.809375	2.8643925	40	0.006550000000000056	-0.059475000000000056	0.4386000000000001	16	22	2	0.07920455750718247				
control_vntr_matched	alignment.all_cost_over_opt	cost/opt, all pairs	-1	mafft_fftnsi__all	34	1.1109499999999999	1.024175	1.43905	2.2188970588235293	34	0.0	-0.103375	0.02030000000000004	15	16	3	0.8695757398381829				
control_vntr_matched	alignment.all_cost_over_opt	cost/opt, all pairs	-1	mafft_linsi	40	1.0278	1.002225	1.06555	1.07518	40	-0.018449999999999966	-0.25415000000000004	0.0	24	9	7	2.4799024686217308e-05				
control_vntr_matched	alignment.all_cost_over_opt	cost/opt, all pairs	-1	mafft_linsi__all	27	1.0543	1.00685	1.1054499999999998	1.0958148148148148	27	-0.020199999999999996	-0.17000000000000004	0.0	16	6	5	0.004151344299316406				
control_vntr_matched	alignment.all_cost_over_opt	cost/opt, all pairs	-1	mafft_einsi	40	1.02955	1.002175	1.061325	1.0671950000000001	40	-0.019199999999999995	-0.2538500000000001	0.0	24	6	10	3.935769200325012e-06				
control_vntr_matched	alignment.all_cost_over_opt	cost/opt, all pairs	-1	mafft_einsi__all	22	1.0179	1.000075	1.0799	1.097181818181818	22	-0.019950000000000023	-0.24409999999999998	0.0	14	2	6	0.000152587890625				
control_vntr_matched	alignment.all_cost_over_opt	cost/opt, all pairs	-1	mafft_ginsi	40	1.02665	1.003225	1.0614	1.0734350000000001	40	-0.01859999999999995	-0.25639999999999996	0.0	25	8	7	6.3569750636816025e-06				
control_vntr_matched	alignment.all_cost_over_opt	cost/opt, all pairs	-1	mafft_ginsi__all	22	1.0546	1.0043	1.0934	1.09805	22	-0.019199999999999995	-0.1719500000000001	0.0	14	4	4	0.0055999755859375				
control_vntr_matched	alignment.all_cost_over_opt	cost/opt, all pairs	-1	poa_abpoa	40	1.0243	1.0021	1.0671249999999999	1.0766275	40	-0.019200000000000106	-0.15032500000000015	0.0	29	3	8	6.379559636116028e-08				
control_vntr_matched	alignment.all_cost_over_opt	cost/opt, all pairs	-1	poa_abpoa__all	40	1.0842	1.006	1.285975	1.26234	40	0.0	-0.122475	0.030874999999999986	16	17	7	0.4688330565113574				
control_vntr_matched	alignment.all_cost_over_opt	cost/opt, all pairs	-1	poa_spoa	39	1.0165	1.00295	1.04685	1.0466794871794873	39	-0.05710000000000015	-0.27295	0.0	27	6	6	2.630287781357765e-06				
control_vntr_matched	alignment.all_cost_over_opt	cost/opt, all pairs	-1	poa_spoa__all	37	1.0686	1.0152	1.1236	1.1033972972972972	37	-0.012199999999999989	-0.20599999999999996	0.011200000000000099	20	11	6	0.00806064996868372				
control_vntr_matched	alignment.all_cost_over_opt	cost/opt, all pairs	-1	poa_abpoa_mc	40	1.0305499999999999	1.00525	1.067125	1.0927725000000001	40	-0.005299999999999971	-0.14542500000000003	0.0	25	6	9	1.5350058674812317e-05				
control_vntr_matched	alignment.all_cost_over_opt	cost/opt, all pairs	-1	poa_abpoa_mc__all	40	1.08355	1.0068	1.47635	1.3045	40	0.0	-0.053324999999999956	0.03070000000000006	15	14	11	0.8647311441600323				
control_vntr_matched	alignment.all_cost_over_opt	cost/opt, all pairs	-1	unit_aware	40	1.0152	1.002925	1.03295	1.032805	40	-0.06525000000000003	-0.28552500000000003	0.0	28	7	5	1.0730582289397717e-06				
control_vntr_matched	alignment.all_cost_over_opt	cost/opt, all pairs	-1	unit_aware__all	40	1.0449	1.015225	1.0826	1.1007250000000002	40	-0.020950000000000024	-0.205625	0.001525000000000054	23	13	4	0.0019591173622757196				
control_vntr_matched	alignment.all_pair_ratio_median	cost/opt, median pair	-1	mc	40	1.0	1.0	1.0980249999999998	1.139015												
control_vntr_matched	alignment.all_pair_ratio_median	cost/opt, median pair	-1	mafft_fftns2	40	1.0	1.0	1.1169	1.181915	40	0.0	-0.0012499999999999178	0.0	11	8	21	0.8287849426269531				
control_vntr_matched	alignment.all_pair_ratio_median	cost/opt, median pair	-1	mafft_fftns2__all	40	1.0271	1.0	1.438275	57.563199999999995	40	0.0	0.0	0.03855000000000003	9	19	12	0.05049888789653778				
control_vntr_matched	alignment.all_pair_ratio_median	cost/opt, median pair	-1	mafft_fftnsi__all	34	1.0234999999999999	1.0	1.1492749999999998	2.1306823529411765	34	0.0	-0.0017249999999999766	0.027249999999999996	9	13	12	0.3369474411010742				
control_vntr_matched	alignment.all_pair_ratio_median	cost/opt, median pair	-1	mafft_linsi	40	1.0	1.0	1.02505	1.0542225	40	0.0	-0.003499999999999892	0.0	11	6	23	0.0224151611328125				
control_vntr_matched	alignment.all_pair_ratio_median	cost/opt, median pair	-1	mafft_linsi__all	27	1.0	1.0	1.06225	1.0724925925925926	27	0.0	-0.00044999999999995044	0.0	7	4	16	0.365234375				
control_vntr_matched	alignment.all_pair_ratio_median	cost/opt, median pair	-1	mafft_einsi	40	1.0	1.0	1.0204	1.0527875	40	0.0	-0.0014249999999998986	0.0	12	4	24	0.00628662109375				
control_vntr_matched	alignment.all_pair_ratio_median	cost/opt, median pair	-1	mafft_einsi__all	22	1.0	1.0	1.0	1.0647818181818183	22	0.0	-0.0007499999999999174	0.0	6	1	15	0.078125				
control_vntr_matched	alignment.all_pair_ratio_median	cost/opt, median pair	-1	mafft_ginsi	40	1.0	1.0	1.02655	1.0516075	40	0.0	-0.005124999999999935	0.0	12	5	23	0.004425048828125				
control_vntr_matched	alignment.all_pair_ratio_median	cost/opt, median pair	-1	mafft_ginsi__all	22	1.0	1.0	1.0499	1.0728454545454544	22	0.0	-0.014774999999999872	0.0	6	2	14	0.1484375				
control_vntr_matched	alignment.all_pair_ratio_median	cost/opt, median pair	-1	poa_abpoa	40	1.0	1.0	1.0334750000000001	1.064555	40	0.0	-0.003499999999999892	0.0	13	5	22	0.030364990234375				
control_vntr_matched	alignment.all_pair_ratio_median	cost/opt, median pair	-1	poa_abpoa__all	40	1.0	1.0	1.1491500000000001	1.1988400000000001	40	0.0	0.0	0.004325000000000023	7	14	19	0.5795021057128906				
control_vntr_matched	alignment.all_pair_ratio_median	cost/opt, median pair	-1	poa_spoa	39	1.0	1.0	1.01695	1.034548717948718	39	0.0	-0.040899999999999936	0.0	14	3	22	0.001678466796875				
control_vntr_matched	alignment.all_pair_ratio_median	cost/opt, median pair	-1	poa_spoa__all	37	1.0	1.0	1.1029	1.0858621621621622	37	0.0	-0.0027999999999999137	0.0038000000000000256	10	10	17	0.6215133666992188				
control_vntr_matched	alignment.all_pair_ratio_median	cost/opt, median pair	-1	poa_abpoa_mc	40	1.0	1.0	1.0198	1.0748525	40	0.0	-0.0014999999999998903	0.0	12	5	23	0.0347900390625				
control_vntr_matched	alignment.all_pair_ratio_median	cost/opt, median pair	-1	poa_abpoa_mc__all	40	1.0	1.0	1.117075	1.182405	40	0.0	0.0	0.00017500000000003624	8	10	22	0.6396942138671875				
control_vntr_matched	alignment.all_pair_ratio_median	cost/opt, median pair	-1	unit_aware	40	1.0	1.0	1.0275750000000001	1.02196	40	0.0	-0.029849999999999932	0.0	14	4	22	0.00193023681640625				
control_vntr_matched	alignment.all_pair_ratio_median	cost/opt, median pair	-1	unit_aware__all	40	1.0053999999999998	1.0	1.056425	1.044485	40	0.0	-0.001375000000000015	0.00040000000000001146	10	10	20	0.2942523956298828				
control_vntr_matched	alignment.all_excess_per_kb	excess edits / kb	-1	mc	40	4.405	0.21000000000000002	28.6175	24.56725												
control_vntr_matched	alignment.all_excess_per_kb	excess edits / kb	-1	mafft_fftns2	40	8.469999999999999	0.49	26.295	22.39475	40	0.0	-3.895	2.9825000000000035	17	17	6	0.9461913725826889				
control_vntr_matched	alignment.all_excess_per_kb	excess edits / kb	-1	mafft_fftns2__all	40	15.120000000000001	0.9025	63.4375	55.044999999999995	40	0.085	-2.9575000000000005	42.519999999999996	15	22	3	0.10293476370861754				
control_vntr_matched	alignment.all_excess_per_kb	excess edits / kb	-1	mafft_fftnsi__all	34	8.684999999999999	0.5125	27.27	27.089117647058824	34	0.0	-5.237499999999999	2.2124999999999924	15	15	4	0.9959458447992802				
control_vntr_matched	alignment.all_excess_per_kb	excess edits / kb	-1	mafft_linsi	40	1.79	0.0875	6.345000000000001	9.85475	40	-1.055	-13.425	0.0	24	9	7	7.539475336670876e-05				
control_vntr_matched	alignment.all_excess_per_kb	excess edits / kb	-1	mafft_linsi__all	27	1.84	0.44	9.485	12.294444444444444	27	-0.96	-6.660000000000001	0.0	17	6	4	0.003070831298828125				
control_vntr_matched	alignment.all_excess_per_kb	excess edits / kb	-1	mafft_einsi	40	1.29	0.049999999999999996	5.4425	8.732	40	-1.01	-10.170000000000002	0.0	24	6	10	4.421919584274292e-06				
control_vntr_matched	alignment.all_excess_per_kb	excess edits / kb	-1	mafft_einsi__all	22	0.9900000000000001	0.0025	6.7924999999999995	12.546818181818184	22	-0.965	-5.982499999999999	0.0	14	2	6	0.000152587890625				
control_vntr_matched	alignment.all_excess_per_kb	excess edits / kb	-1	mafft_ginsi	40	1.79	0.0875	5.335	9.7865	40	-1.1499999999999997	-13.454999999999998	0.0	25	8	7	2.4799024686217308e-05				
control_vntr_matched	alignment.all_excess_per_kb	excess edits / kb	-1	mafft_ginsi__all	22	2.18	0.1575	8.9375	14.018181818181818	22	-0.9049999999999989	-5.974999999999999	0.0	14	4	4	0.0047454833984375				
control_vntr_matched	alignment.all_excess_per_kb	excess edits / kb	-1	poa_abpoa	40	1.06	0.049999999999999996	5.125	9.86275	40	-1.5799999999999994	-10.067499999999999	0.0	29	3	8	8.242204785346985e-08				
control_vntr_matched	alignment.all_excess_per_kb	excess edits / kb	-1	poa_abpoa__all	40	6.115	0.3175	27.724999999999998	19.18025	40	0.0	-3.7674999999999987	2.185	16	17	7	0.7110985529143363				
control_vntr_matched	alignment.all_excess_per_kb	excess edits / kb	-1	poa_spoa	39	1.21	0.055	4.04	3.988974358974359	39	-2.5	-24.935000000000002	0.0	27	6	6	9.344425052404404e-06				
control_vntr_matched	alignment.all_excess_per_kb	excess edits / kb	-1	poa_spoa__all	37	4.9	0.3	12.18	9.284594594594594	37	-0.29000000000000004	-21.780000000000005	0.15	20	11	6	0.010358627885580063				
control_vntr_matched	alignment.all_excess_per_kb	excess edits / kb	-1	poa_abpoa_mc	40	1.65	0.105	8.6075	10.858	40	-0.3049999999999977	-6.159999999999999	0.0	25	6	9	5.613267421722412e-05				
control_vntr_matched	alignment.all_excess_per_kb	excess edits / kb	-1	poa_abpoa_mc__all	40	5.734999999999999	0.235	30.8025	25.1785	40	0.0	-3.91	2.3049999999999993	16	14	10	0.9959571659564972				
control_vntr_matched	alignment.all_excess_per_kb	excess edits / kb	-1	unit_aware	40	1.0899999999999999	0.057499999999999996	2.9625000000000004	3.0425	40	-3.21	-21.442500000000003	0.0	28	7	5	2.36311461776495e-06				
control_vntr_matched	alignment.all_excess_per_kb	excess edits / kb	-1	unit_aware__all	40	1.825	0.4725	7.4325	9.044	40	-0.495	-15.5525	0.04500000000000001	23	13	4	0.002205942291766405				
control_vntr_matched	alignment.all_frac_pairs_optimal	frac pairs optimal	1	mc	40	0.61065	0.27715	0.8732	0.5878924999999999												
control_vntr_matched	alignment.all_frac_pairs_optimal	frac pairs optimal	1	mafft_fftns2	40	0.629	0.24795	0.8705	0.5600225	40	0.0	-0.05840000000000006	0.0008999999999999998	10	15	15	0.2751842737197876				
control_vntr_matched	alignment.all_frac_pairs_optimal	frac pairs optimal	1	mafft_fftns2__all	40	0.36565000000000003	0.160725	0.6625	0.4102025	40	-0.021049999999999985	-0.35525	0.0	8	21	11	0.0025420673191547394				
control_vntr_matched	alignment.all_frac_pairs_optimal	frac pairs optimal	1	mafft_fftnsi__all	34	0.4733	0.20295	0.789975	0.4904352941176471	34	0.0	-0.11830000000000003	0.0	7	15	12	0.08540916442871094				
control_vntr_matched	alignment.all_frac_pairs_optimal	frac pairs optimal	1	mafft_linsi	40	0.7795	0.3559	0.909875	0.65727	40	0.0	0.0	0.034700000000000036	11	8	21	0.05457305908203125				
control_vntr_matched	alignment.all_frac_pairs_optimal	frac pairs optimal	1	mafft_linsi__all	27	0.7854	0.40869999999999995	0.8785499999999999	0.6618740740740741	27	0.0	0.0	0.0	5	4	18	0.203125				
control_vntr_matched	alignment.all_frac_pairs_optimal	frac pairs optimal	1	mafft_einsi	40	0.78435	0.3869	0.909875	0.6691275	40	0.0	0.0	0.06285	15	4	21	0.00202178955078125				
control_vntr_matched	alignment.all_frac_pairs_optimal	frac pairs optimal	1	mafft_einsi__all	22	0.86025	0.687975	0.9976	0.7485636363636363	22	0.0	0.0	0.125325	8	2	12	0.01953125				
control_vntr_matched	alignment.all_frac_pairs_optimal	frac pairs optimal	1	mafft_ginsi	40	0.7795	0.3559	0.909875	0.65727	40	0.0	0.0	0.034700000000000036	11	8	21	0.05457305908203125				
control_vntr_matched	alignment.all_frac_pairs_optimal	frac pairs optimal	1	mafft_ginsi__all	22	0.81105	0.37305	0.9017	0.68245	22	0.0	0.0	0.0	4	3	15	0.296875				
control_vntr_matched	alignment.all_frac_pairs_optimal	frac pairs optimal	1	poa_abpoa	40	0.7867999999999999	0.287125	0.909875	0.64766	40	0.0	0.0	0.048625	14	6	20	0.08969497680664062				
control_vntr_matched	alignment.all_frac_pairs_optimal	frac pairs optimal	1	poa_abpoa__all	40	0.54535	0.239525	0.880475	0.5534825	40	0.0	-0.038274999999999997	0.0	7	11	22	0.22875213623046875				
control_vntr_matched	alignment.all_frac_pairs_optimal	frac pairs optimal	1	poa_spoa	39	0.8129	0.2653	0.91065	0.6368256410256411	39	0.0	0.0	0.0411	13	8	18	0.1571340560913086				
control_vntr_matched	alignment.all_frac_pairs_optimal	frac pairs optimal	1	poa_spoa__all	37	0.5651	0.2046	0.8873	0.5464540540540541	37	0.0	-0.10940000000000005	0.0	6	15	16	0.1906871795654297				
control_vntr_matched	alignment.all_frac_pairs_optimal	frac pairs optimal	1	poa_abpoa_mc	40	0.7832	0.303175	0.909875	0.6571024999999999	40	0.0	0.0	0.05567500000000003	15	4	21	0.0061798095703125				
control_vntr_matched	alignment.all_frac_pairs_optimal	frac pairs optimal	1	poa_abpoa_mc__all	40	0.64775	0.239525	0.8938	0.586405	40	0.0	0.0	0.0004499999999999999	10	9	21	0.9843215942382812				
control_vntr_matched	alignment.all_frac_pairs_optimal	frac pairs optimal	1	unit_aware	40	0.7559	0.248075	0.8938	0.5988825	40	0.0	0.0	0.02182500000000001	14	8	18	0.6101517677307129				
control_vntr_matched	alignment.all_frac_pairs_optimal	frac pairs optimal	1	unit_aware__all	40	0.48385	0.21105000000000002	0.826125	0.5081975	40	0.0	-0.0665	0.0	6	17	17	0.004851341247558594				
control_vntr_matched	alignment.ref_cost_over_opt	cost/opt vs CHM13	-1	mc	40	1.06935	1.001975	1.26275	1.2709975												
control_vntr_matched	alignment.ref_cost_over_opt	cost/opt vs CHM13	-1	mafft_fftns2	40	1.06455	1.011975	1.189725	1.2880825	40	0.0	-0.055925000000000114	0.03314999999999996	16	17	7	0.7914111448917538				
control_vntr_matched	alignment.ref_cost_over_opt	cost/opt vs CHM13	-1	mafft_fftns2__all	40	1.10565	1.027125	2.31485	3.4820750000000005	40	0.008850000000000025	-0.003625000000000045	0.5355249999999998	12	24	4	0.03209542465629056				
control_vntr_matched	alignment.ref_cost_over_opt	cost/opt vs CHM13	-1	mafft_fftnsi__all	34	1.0909499999999999	1.0257749999999999	1.308075	2.2223588235294116	34	0.0	-0.06350000000000006	0.019974999999999965	12	16	6	0.5823858305811882				
control_vntr_matched	alignment.ref_cost_over_opt	cost/opt vs CHM13	-1	mafft_linsi	40	1.0185	1.001325	1.056225	1.0607	40	-0.01519999999999988	-0.17105000000000004	0.0	24	8	8	1.2635253369808197e-05				
control_vntr_matched	alignment.ref_cost_over_opt	cost/opt vs CHM13	-1	mafft_linsi__all	27	1.055	1.00245	1.10845	1.077659259259259	27	-0.0132000000000001	-0.13650000000000007	0.0	16	5	6	0.0032787322998046875				
control_vntr_matched	alignment.ref_cost_over_opt	cost/opt vs CHM13	-1	mafft_einsi	40	1.0154	1.001225	1.04585	1.05246	40	-0.01749999999999996	-0.15629999999999994	0.0	25	4	11	3.91155481338501e-07				
control_vntr_matched	alignment.ref_cost_over_opt	cost/opt vs CHM13	-1	mafft_einsi__all	22	1.0093	1.0	1.081425	1.0703772727272727	22	-0.016750000000000043	-0.20490000000000003	0.0	14	1	7	0.00018310546875				
control_vntr_matched	alignment.ref_cost_over_opt	cost/opt vs CHM13	-1	mafft_ginsi	40	1.0185	1.0014750000000001	1.055375	1.0588975	40	-0.02564999999999995	-0.17105000000000004	0.0	25	7	8	1.7331913113594055e-06				
control_vntr_matched	alignment.ref_cost_over_opt	cost/opt vs CHM13	-1	mafft_ginsi__all	22	1.0389499999999998	1.0016	1.0846749999999998	1.0691045454545454	22	-0.02795000000000003	-0.1635000000000001	0.0	13	3	6	0.005157470703125				
control_vntr_matched	alignment.ref_cost_over_opt	cost/opt vs CHM13	-1	poa_abpoa	40	1.0141	1.0006499999999998	1.04785	1.0618375	40	-0.012149999999999994	-0.12517500000000004	0.0	26	3	11	1.2293457984924316e-07				
control_vntr_matched	alignment.ref_cost_over_opt	cost/opt vs CHM13	-1	poa_abpoa__all	40	1.06545	1.0040499999999999	1.282675	1.2478825	40	0.0	-0.04635	0.03297500000000003	13	19	8	0.8428395381197333				
control_vntr_matched	alignment.ref_cost_over_opt	cost/opt vs CHM13	-1	poa_spoa	39	1.0121	1.00095	1.03635	1.0595384615384615	39	-0.024600000000000177	-0.21520000000000006	0.0	25	5	9	3.049522638320923e-05				
control_vntr_matched	alignment.ref_cost_over_opt	cost/opt vs CHM13	-1	poa_spoa__all	37	1.058	1.0153	1.1355	1.1191648648648649	37	0.0	-0.19110000000000005	0.018299999999999983	17	13	7	0.12413446232676506				
control_vntr_matched	alignment.ref_cost_over_opt	cost/opt vs CHM13	-1	poa_abpoa_mc	40	1.02225	1.001175	1.089	1.078455	40	-0.00374999999999992	-0.08772499999999994	0.0	23	6	11	4.700571298599243e-05				
control_vntr_matched	alignment.ref_cost_over_opt	cost/opt vs CHM13	-1	poa_abpoa_mc__all	40	1.08155	1.0016500000000002	1.294	1.277555	40	0.0	-0.03109999999999996	0.011399999999999966	15	15	10	0.8552717231214046				
control_vntr_matched	alignment.ref_cost_over_opt	cost/opt vs CHM13	-1	unit_aware	40	1.0117500000000001	1.002	1.0372750000000002	1.0390275	40	-0.02860000000000018	-0.17860000000000004	0.0	25	8	7	1.0203570127487183e-05				
control_vntr_matched	alignment.ref_cost_over_opt	cost/opt vs CHM13	-1	unit_aware__all	40	1.0429	1.0129000000000001	1.0921500000000002	1.1129324999999999	40	-0.0031000000000001027	-0.12534999999999996	0.005399999999999905	20	15	5	0.016599797061644495				
control_vntr_matched	alignment.affine_all_cost_over_opt	affine cost/opt, all	-1	mc	40	1.037	1.003725	1.230575	1.2043475000000001												
control_vntr_matched	alignment.affine_all_cost_over_opt	affine cost/opt, all	-1	mafft_fftns2	40	1.057	1.0033	1.2735	1.23319	40	0.0	-0.07197499999999996	0.0623999999999999	19	16	5	0.8524555477779359				
control_vntr_matched	alignment.affine_all_cost_over_opt	affine cost/opt, all	-1	mafft_fftns2__all	40	1.1515	1.025725	1.689525	2.39773	40	0.0039000000000000146	-0.037199999999999955	0.3950750000000001	16	22	2	0.07127706627943553				
control_vntr_matched	alignment.affine_all_cost_over_opt	affine cost/opt, all	-1	mafft_fftnsi__all	34	1.0526	1.013375	1.4112	1.7347735294117648	34	0.0	-0.07569999999999999	0.03470000000000001	15	16	3	0.8962495727464557				
control_vntr_matched	alignment.affine_all_cost_over_opt	affine cost/opt, all	-1	mafft_linsi	40	1.0065499999999998	1.00095	1.04545	1.0392275	40	-0.020650000000000057	-0.1965750000000001	0.0	28	6	6	7.242197170853615e-06				
control_vntr_matched	alignment.affine_all_cost_over_opt	affine cost/opt, all	-1	mafft_linsi__all	27	1.0222	1.0039	1.07035	1.0756407407407407	27	-0.013400000000000079	-0.1421	0.0	18	5	4	0.003070831298828125				
control_vntr_matched	alignment.affine_all_cost_over_opt	affine cost/opt, all	-1	mafft_einsi	40	1.0045	1.0	1.03525	1.0299475	40	-0.021150000000000113	-0.1965750000000001	0.0	29	2	9	9.313225746154785e-09				
control_vntr_matched	alignment.affine_all_cost_over_opt	affine cost/opt, all	-1	mafft_einsi__all	22	1.00335	1.0	1.0226	1.048359090909091	22	-0.015349999999999975	-0.19107500000000016	0.0	14	2	6	0.000213623046875				
control_vntr_matched	alignment.affine_all_cost_over_opt	affine cost/opt, all	-1	mafft_ginsi	40	1.00755	1.00095	1.04095	1.0398450000000001	40	-0.020650000000000057	-0.1965750000000001	0.0	27	7	6	2.8655631467700005e-05				
control_vntr_matched	alignment.affine_all_cost_over_opt	affine cost/opt, all	-1	mafft_ginsi__all	22	1.0206499999999998	1.001125	1.078975	1.0829772727272726	22	-0.010800000000000032	-0.19107500000000016	0.0	13	5	4	0.03849029541015625				
control_vntr_matched	alignment.affine_all_cost_over_opt	affine cost/opt, all	-1	poa_abpoa	40	1.00595	1.0	1.051	1.0646499999999999	40	-0.015349999999999975	-0.125525	0.0	26	5	9	0.0004141964018344879				
control_vntr_matched	alignment.affine_all_cost_over_opt	affine cost/opt, all	-1	poa_abpoa__all	40	1.06665	1.0084	1.3659249999999998	1.3581775	40	0.0	-0.032075000000000076	0.09820000000000007	14	19	7	0.46610801573842764				
control_vntr_matched	alignment.affine_all_cost_over_opt	affine cost/opt, all	-1	poa_spoa	39	1.0179	1.0011999999999999	1.0635	1.0577435897435898	39	-0.028900000000000148	-0.14669999999999994	0.0	24	9	6	0.00047505064867436886				
control_vntr_matched	alignment.affine_all_cost_over_opt	affine cost/opt, all	-1	poa_spoa__all	37	1.0989	1.03	1.255	1.1835378378378378	37	0.026499999999999968	-0.023400000000000087	0.11169999999999991	12	20	5	0.4319446589797735				
control_vntr_matched	alignment.affine_all_cost_over_opt	affine cost/opt, all	-1	poa_abpoa_mc	40	1.0076999999999998	1.0010750000000002	1.03755	1.0456775	40	-0.016700000000000048	-0.142125	0.0	29	2	9	1.1743977665901184e-06				
control_vntr_matched	alignment.affine_all_cost_over_opt	affine cost/opt, all	-1	poa_abpoa_mc__all	40	1.0375	1.0042499999999999	1.3602750000000001	1.2315524999999998	40	0.0	-0.04069999999999996	0.04255000000000003	17	14	9	0.9922946002334356				
control_vntr_matched	alignment.affine_all_cost_over_opt	affine cost/opt, all	-1	unit_aware	40	1.02045	1.001825	1.071425	1.0610325	40	-0.010400000000000076	-0.15982500000000005	0.005700000000000038	23	13	4	0.009022970451042056				
control_vntr_matched	alignment.affine_all_cost_over_opt	affine cost/opt, all	-1	unit_aware__all	40	1.07185	1.01675	1.157675	1.1486100000000001	40	0.00014999999999998348	-0.13030000000000003	0.033199999999999896	16	20	4	0.858365432737628				
control_vntr_matched	alignment.affine_ref_cost_over_opt	affine cost/opt vs CHM13	-1	mc	40	1.03725	1.00115	1.170925	1.186505												
control_vntr_matched	alignment.affine_ref_cost_over_opt	affine cost/opt vs CHM13	-1	mafft_fftns2	40	1.0415999999999999	1.002675	1.1298000000000001	1.2148075	40	0.0	-0.054200000000000026	0.05927499999999997	18	16	6	0.8527409039670601				
control_vntr_matched	alignment.affine_ref_cost_over_opt	affine cost/opt vs CHM13	-1	mafft_fftns2__all	40	1.09585	1.019225	2.0920249999999996	2.9534875	40	0.008900000000000019	-0.015699999999999936	0.4461750000000001	14	24	2	0.04608683523838408				
control_vntr_matched	alignment.affine_ref_cost_over_opt	affine cost/opt vs CHM13	-1	mafft_fftnsi__all	34	1.04855	1.0142250000000002	1.3317	1.74475	34	0.0	-0.049074999999999924	0.034824999999999995	13	16	5	0.5647306069731712				
control_vntr_matched	alignment.affine_ref_cost_over_opt	affine cost/opt vs CHM13	-1	mafft_linsi	40	1.0049000000000001	1.0	1.02545	1.0274925	40	-0.02694999999999992	-0.1659	0.0	26	7	7	7.029157131910324e-06				
control_vntr_matched	alignment.affine_ref_cost_over_opt	affine cost/opt vs CHM13	-1	mafft_linsi__all	27	1.0134	1.0004499999999998	1.06065	1.060214814814815	27	-0.01970000000000005	-0.12269999999999992	0.0	17	5	5	0.004151344299316406				
control_vntr_matched	alignment.affine_ref_cost_over_opt	affine cost/opt vs CHM13	-1	mafft_einsi	40	1.0025499999999998	1.0	1.00855	1.0189774999999999	40	-0.02254999999999996	-0.1595000000000001	0.0	28	2	10	1.862645149230957e-08				
control_vntr_matched	alignment.affine_ref_cost_over_opt	affine cost/opt vs CHM13	-1	mafft_einsi__all	22	1.0015	1.0	1.007225	1.0291545454545454	22	-0.013149999999999995	-0.18535000000000007	0.0	14	1	7	0.0001220703125				
control_vntr_matched	alignment.affine_ref_cost_over_opt	affine cost/opt vs CHM13	-1	mafft_ginsi	40	1.0056	1.0	1.022675	1.0277699999999999	40	-0.020099999999999896	-0.16459999999999997	0.0	27	6	7	3.4102704375982285e-06				
control_vntr_matched	alignment.affine_ref_cost_over_opt	affine cost/opt vs CHM13	-1	mafft_ginsi__all	22	1.00715	1.0	1.0610750000000002	1.0609318181818181	22	-0.008199999999999985	-0.18535000000000007	0.0	13	4	5	0.0149993896484375				
control_vntr_matched	alignment.affine_ref_cost_over_opt	affine cost/opt vs CHM13	-1	poa_abpoa	40	1.0044499999999998	1.0	1.0346499999999998	1.0547075	40	-0.003050000000000108	-0.09784999999999999	0.0	22	8	10	0.005382779985666275				
control_vntr_matched	alignment.affine_ref_cost_over_opt	affine cost/opt vs CHM13	-1	poa_abpoa__all	40	1.0558	1.0081250000000002	1.3359	1.3468275	40	0.0015499999999999403	-0.011824999999999974	0.101875	12	20	8	0.34029899863526225				
control_vntr_matched	alignment.affine_ref_cost_over_opt	affine cost/opt vs CHM13	-1	poa_spoa	39	1.0079	1.0	1.04635	1.0707820512820514	39	-0.014799999999999924	-0.0786	0.004649999999999932	21	11	7	0.021623995155096054				
control_vntr_matched	alignment.affine_ref_cost_over_opt	affine cost/opt vs CHM13	-1	poa_spoa__all	37	1.1106	1.0288	1.2527	1.194781081081081	37	0.028799999999999937	-0.01089999999999991	0.1499999999999999	10	21	6	0.20231117121875286				
control_vntr_matched	alignment.affine_ref_cost_over_opt	affine cost/opt vs CHM13	-1	poa_abpoa_mc	40	1.00665	1.0	1.038875	1.033725	40	-0.014399999999999968	-0.09047499999999997	0.0	27	3	10	2.366676926612854e-05				
control_vntr_matched	alignment.affine_ref_cost_over_opt	affine cost/opt vs CHM13	-1	poa_abpoa_mc__all	40	1.0452499999999998	1.00205	1.236025	1.2105625	40	0.0	-0.019575000000000065	0.018224999999999936	16	15	9	0.9922946002334356				
control_vntr_matched	alignment.affine_ref_cost_over_opt	affine cost/opt vs CHM13	-1	unit_aware	40	1.0178	1.001725	1.0795249999999998	1.0651	40	0.0	-0.1213999999999999	0.02479999999999999	19	16	5	0.13853857229696587				
control_vntr_matched	alignment.affine_ref_cost_over_opt	affine cost/opt vs CHM13	-1	unit_aware__all	40	1.0977000000000001	1.02485	1.1692500000000001	1.1547075	40	0.0119999999999999	-0.008124999999999938	0.05504999999999999	11	24	5	0.35706171044148505				
control_vntr_matched	alignment.affine_all_excess_per_kb	affine excess / kb	-1	mc	40	5.695	0.4175	37.9725	41.84825												
control_vntr_matched	alignment.affine_all_excess_per_kb	affine excess / kb	-1	mafft_fftns2	40	5.734999999999999	0.44	47.09	38.79325	40	0.0	-7.4575000000000005	11.974999999999994	19	16	5	0.9291296252049506				
control_vntr_matched	alignment.affine_all_excess_per_kb	affine excess / kb	-1	mafft_fftns2__all	40	22.45	1.9825	132.07	108.50825	40	0.10500000000000005	-4.734999999999998	75.785	16	22	2	0.1080420114521985				
control_vntr_matched	alignment.affine_all_excess_per_kb	affine excess / kb	-1	mafft_fftnsi__all	34	7.21	1.3175	75.2275	51.073235294117644	34	0.0	-8.257500000000002	6.104999999999994	15	16	3	0.9922946002334356				
control_vntr_matched	alignment.affine_all_excess_per_kb	affine excess / kb	-1	mafft_linsi	40	0.9099999999999999	0.0675	7.0525	13.8275	40	-2.8450000000000006	-25.882499999999997	0.0	28	6	6	3.8463855162262917e-05				
control_vntr_matched	alignment.affine_all_excess_per_kb	affine excess / kb	-1	mafft_linsi__all	27	2.6	0.365	8.43	19.35037037037037	27	-1.93	-14.465	0.0	18	5	4	0.003874063491821289				
control_vntr_matched	alignment.affine_all_excess_per_kb	affine excess / kb	-1	mafft_einsi	40	0.63	0.0	4.54	10.40075	40	-2.8099999999999996	-21.935000000000002	0.0	29	2	9	6.51925802230835e-09				
control_vntr_matched	alignment.affine_all_excess_per_kb	affine excess / kb	-1	mafft_einsi__all	22	0.465	0.0	4.48	15.59818181818182	22	-2.135	-14.515	0.0	14	2	6	0.00042724609375				
control_vntr_matched	alignment.affine_all_excess_per_kb	affine excess / kb	-1	mafft_ginsi	40	1.105	0.0675	7.0225	14.1505	40	-2.15	-25.912499999999998	0.0	27	7	6	0.00016353768296539783				
control_vntr_matched	alignment.affine_all_excess_per_kb	affine excess / kb	-1	mafft_ginsi__all	22	2.9000000000000004	0.06	7.790000000000001	22.579545454545453	22	-1.845	-14.469999999999999	0.0	13	5	4	0.04827880859375				
control_vntr_matched	alignment.affine_all_excess_per_kb	affine excess / kb	-1	poa_abpoa	40	0.67	0.0	10.375	18.176750000000002	40	-1.8749999999999996	-12.472499999999997	0.0	26	5	9	0.0012524444609880447				
control_vntr_matched	alignment.affine_all_excess_per_kb	affine excess / kb	-1	poa_abpoa__all	40	13.41	0.565	73.1275	50.27675	40	0.0	-3.9499999999999975	20.035	14	19	7	0.35754538839682937				
control_vntr_matched	alignment.affine_all_excess_per_kb	affine excess / kb	-1	poa_spoa	39	2.7	0.025	12.23	14.301282051282051	39	-1.93	-22.525	0.0	24	9	6	0.0018177954480051994				
control_vntr_matched	alignment.affine_all_excess_per_kb	affine excess / kb	-1	poa_spoa__all	37	17.34	1.3	51.49	39.1954054054054	37	1.68	-1.7800000000000011	24.65	12	20	5	0.269905602093786				
control_vntr_matched	alignment.affine_all_excess_per_kb	affine excess / kb	-1	poa_abpoa_mc	40	1.065	0.0525	14.087499999999999	13.9435	40	-2.135	-16.935000000000002	0.0	29	2	9	8.019618690013885e-06				
control_vntr_matched	alignment.affine_all_excess_per_kb	affine excess / kb	-1	poa_abpoa_mc__all	40	6.13	0.4175	56.4125	44.613	40	0.0	-8.204999999999997	6.057500000000001	17	14	9	0.9922946002334356				
control_vntr_matched	alignment.affine_all_excess_per_kb	affine excess / kb	-1	unit_aware	40	3.485	0.1375	17.14	14.31025	40	-1.1249999999999998	-18.409999999999997	0.6150000000000031	23	13	4	0.014591872226446867				
control_vntr_matched	alignment.affine_all_excess_per_kb	affine excess / kb	-1	unit_aware__all	40	4.665	1.2825	39.0325	30.70675	40	0.045	-5.854999999999997	4.7325	16	20	4	0.9814318742428441				
control_vntr_matched	alignment.all_U_per_kb	unaligned homology bp / kb	-1	mc	40	0.14500000000000002	0.0	3.4725	8.98175												
control_vntr_matched	alignment.all_U_per_kb	unaligned homology bp / kb	-1	mafft_fftns2	40	0.02	0.0	0.2575	1.4865	40	-0.035	-2.8274999999999997	0.0	22	4	14	3.057718276977539e-05				
control_vntr_matched	alignment.all_U_per_kb	unaligned homology bp / kb	-1	mafft_fftns2__all	40	0.1	0.0	0.7725	1.8355000000000001	40	0.0	-1.595	0.01	18	13	9	0.035086970776319504				
control_vntr_matched	alignment.all_U_per_kb	unaligned homology bp / kb	-1	mafft_fftnsi__all	34	0.060000000000000005	0.0	0.78	2.2158823529411764	34	0.0	-0.935	0.3375	16	10	8	0.48335155844688416				
control_vntr_matched	alignment.all_U_per_kb	unaligned homology bp / kb	-1	mafft_linsi	40	0.0	0.0	0.12	0.21925	40	-0.01	-3.4725	0.0	20	3	17	6.031990051269531e-05				
control_vntr_matched	alignment.all_U_per_kb	unaligned homology bp / kb	-1	mafft_linsi__all	27	0.0	0.0	0.41500000000000004	0.3014814814814815	27	0.0	-0.685	0.01	10	7	10	0.1454315185546875				
control_vntr_matched	alignment.all_U_per_kb	unaligned homology bp / kb	-1	mafft_einsi	40	0.0	0.0	0.5425	0.80375	40	-0.01	-3.4725	0.0	20	4	16	0.00027811527252197266				
control_vntr_matched	alignment.all_U_per_kb	unaligned homology bp / kb	-1	mafft_einsi__all	22	0.0	0.0	0.145	0.6381818181818182	22	0.0	-0.31749999999999995	0.0	7	5	10	0.33935546875				
control_vntr_matched	alignment.all_U_per_kb	unaligned homology bp / kb	-1	mafft_ginsi	40	0.0	0.0	0.2125	0.23525000000000001	40	-0.01	-3.4725	0.0	20	3	17	0.0001277923583984375				
control_vntr_matched	alignment.all_U_per_kb	unaligned homology bp / kb	-1	mafft_ginsi__all	22	0.0	0.0	0.10250000000000001	0.20045454545454547	22	0.0	-0.2875	0.0	7	5	10	0.17626953125				
control_vntr_matched	alignment.all_U_per_kb	unaligned homology bp / kb	-1	poa_abpoa	40	0.0	0.0	0.06	0.0905	40	-0.085	-3.4274999999999998	0.0	23	2	15	1.9669532775878906e-06				
control_vntr_matched	alignment.all_U_per_kb	unaligned homology bp / kb	-1	poa_abpoa__all	40	0.07500000000000001	0.0	0.4925	0.5955	40	0.0	-3.3375	0.0	19	8	13	0.001529410481452942				
control_vntr_matched	alignment.all_U_per_kb	unaligned homology bp / kb	-1	poa_spoa	39	0.0	0.0	0.02	0.10641025641025642	39	-0.15	-3.3200000000000003	0.0	23	0	16	2.384185791015625e-07				
control_vntr_matched	alignment.all_U_per_kb	unaligned homology bp / kb	-1	poa_spoa__all	37	0.17	0.0	0.6	0.5683783783783785	37	0.0	-2.25	0.020000000000000018	15	13	9	0.04446885734796524				
control_vntr_matched	alignment.all_U_per_kb	unaligned homology bp / kb	-1	poa_abpoa_mc	40	0.0	0.0	0.11750000000000001	0.44575000000000004	40	-0.05	-2.8575	0.0	21	6	13	5.488097667694092e-05				
control_vntr_matched	alignment.all_U_per_kb	unaligned homology bp / kb	-1	poa_abpoa_mc__all	40	0.03	0.0	1.065	3.28675	40	0.0	-1.27	0.03500000000000001	14	14	12	0.25209180265665054				
control_vntr_matched	alignment.all_U_per_kb	unaligned homology bp / kb	-1	unit_aware	40	0.0	0.0	0.0225	0.154	40	-0.01	-3.46	0.0	20	5	15	0.00013720989227294922				
control_vntr_matched	alignment.all_U_per_kb	unaligned homology bp / kb	-1	unit_aware__all	40	0.01	0.0	0.215	0.2655	40	-0.010000000000000005	-3.3875	0.0	21	7	12	0.0010901913046836853				
control_vntr_matched	inflation.sv_pieces_median	SV pieces / path (median)	-1	mc	40	1.0	0.0	1.0	0.7												
control_vntr_matched	inflation.sv_pieces_median	SV pieces / path (median)	-1	mafft_fftns2	40	1.0	0.0	1.25	0.975	40	0.0	0.0	0.0	1	8	31	0.07421875				
control_vntr_matched	inflation.sv_pieces_median	SV pieces / path (median)	-1	mafft_fftns2__all	40	1.0	0.0	1.25	1.35	40	0.0	0.0	1.0	3	12	25	0.00604248046875				
control_vntr_matched	inflation.sv_pieces_median	SV pieces / path (median)	-1	mafft_fftnsi__all	34	1.0	0.0	1.0	0.9117647058823529	34	0.0	0.0	0.0	4	7	23	0.509765625				
control_vntr_matched	inflation.sv_pieces_median	SV pieces / path (median)	-1	mafft_linsi	40	1.0	0.0	1.0	0.725	40	0.0	0.0	0.0	3	3	34	0.96875				
control_vntr_matched	inflation.sv_pieces_median	SV pieces / path (median)	-1	mafft_linsi__all	27	0.0	0.0	1.0	0.6666666666666666	27	0.0	0.0	0.0	2	1	24	1.0				
control_vntr_matched	inflation.sv_pieces_median	SV pieces / path (median)	-1	mafft_einsi	40	1.0	0.0	1.0	0.75	40	0.0	0.0	0.0	3	3	34	0.71875				
control_vntr_matched	inflation.sv_pieces_median	SV pieces / path (median)	-1	mafft_einsi__all	22	0.0	0.0	1.0	0.6818181818181818	22	0.0	0.0	0.0	1	1	20	1.0				
control_vntr_matched	inflation.sv_pieces_median	SV pieces / path (median)	-1	mafft_ginsi	40	1.0	0.0	1.0	0.7375	40	0.0	0.0	0.0	3	3	34	0.78125				
control_vntr_matched	inflation.sv_pieces_median	SV pieces / path (median)	-1	mafft_ginsi__all	22	0.0	0.0	1.0	0.7272727272727273	22	0.0	0.0	0.0	1	1	20	1.0				
control_vntr_matched	inflation.sv_pieces_median	SV pieces / path (median)	-1	poa_abpoa	40	0.5	0.0	1.0	0.75	40	0.0	0.0	0.0	4	3	33	0.796875				
control_vntr_matched	inflation.sv_pieces_median	SV pieces / path (median)	-1	poa_abpoa__all	40	0.0	0.0	1.0	0.875	40	0.0	0.0	0.0	5	7	28	0.71728515625				
control_vntr_matched	inflation.sv_pieces_median	SV pieces / path (median)	-1	poa_spoa	39	1.0	0.0	1.0	1.205128205128205	39	0.0	0.0	0.0	2	7	30	0.125				
control_vntr_matched	inflation.sv_pieces_median	SV pieces / path (median)	-1	poa_spoa__all	37	0.0	0.0	1.0	1.0945945945945945	37	0.0	0.0	0.0	5	7	25	0.369140625				
control_vntr_matched	inflation.sv_pieces_median	SV pieces / path (median)	-1	poa_abpoa_mc	40	1.0	0.0	1.0	0.85	40	0.0	0.0	0.0	3	4	33	0.671875				
control_vntr_matched	inflation.sv_pieces_median	SV pieces / path (median)	-1	poa_abpoa_mc__all	40	1.0	0.0	1.0	0.7	40	0.0	0.0	0.0	3	4	33	1.0				
control_vntr_matched	inflation.sv_pieces_median	SV pieces / path (median)	-1	unit_aware	40	0.0	0.0	1.0	1.275	40	0.0	0.0	0.0	4	8	28	0.44921875				
control_vntr_matched	inflation.sv_pieces_median	SV pieces / path (median)	-1	unit_aware__all	40	0.0	0.0	1.0	1.25	40	0.0	0.0	0.0	5	7	28	0.42724609375				
control_vntr_matched	inflation.sv_pieces_mean	SV pieces / path (mean)	-1	mc	40	0.6667	0.143925	1.098475	0.8215674999999999												
control_vntr_matched	inflation.sv_pieces_mean	SV pieces / path (mean)	-1	mafft_fftns2	40	0.80115	0.16665	1.4242249999999999	1.0920524999999999	40	0.0	0.0	0.128775	8	16	16	0.010988712310791016				
control_vntr_matched	inflation.sv_pieces_mean	SV pieces / path (mean)	-1	mafft_fftns2__all	40	1.04545	0.431775	1.794425	1.6045025	40	0.030299999999999994	0.0	0.7953999999999999	9	20	11	0.0008634813129901886				
control_vntr_matched	inflation.sv_pieces_mean	SV pieces / path (mean)	-1	mafft_fftnsi__all	34	0.5758	0.143925	1.469725	1.0172441176470588	34	0.0	0.0	0.27270000000000005	8	12	14	0.17971038818359375				
control_vntr_matched	inflation.sv_pieces_mean	SV pieces / path (mean)	-1	mafft_linsi	40	0.59095	0.083325	1.037875	0.7888824999999999	40	0.0	-0.068175	0.0	18	4	18	0.054962158203125				
control_vntr_matched	inflation.sv_pieces_mean	SV pieces / path (mean)	-1	mafft_linsi__all	27	0.5152	0.045450000000000004	1.0	0.7015814814814815	27	0.0	-0.0606	0.0	9	3	15	0.2333984375				
control_vntr_matched	inflation.sv_pieces_mean	SV pieces / path (mean)	-1	mafft_einsi	40	0.6061	0.0909	1.037875	0.7906500000000001	40	0.0	-0.06817499999999999	0.0	17	6	17	0.12387323379516602				
control_vntr_matched	inflation.sv_pieces_mean	SV pieces / path (mean)	-1	mafft_einsi__all	22	0.30300000000000005	0.0303	0.901525	0.66805	22	0.0	-0.05302499999999999	0.0	7	2	13	0.49609375				
control_vntr_matched	inflation.sv_pieces_mean	SV pieces / path (mean)	-1	mafft_ginsi	40	0.6061	0.083325	1.0606	0.8033224999999999	40	0.0	-0.06059999999999999	0.0	17	5	18	0.1627960205078125				
control_vntr_matched	inflation.sv_pieces_mean	SV pieces / path (mean)	-1	mafft_ginsi__all	22	0.30300000000000005	0.0303	0.992425	0.7355409090909091	22	0.0	-0.022724999999999995	0.0	6	4	12	1.0				
control_vntr_matched	inflation.sv_pieces_mean	SV pieces / path (mean)	-1	poa_abpoa	40	0.5758	0.07575	1.0303	0.82423	40	-0.015149999999999997	-0.09847499999999998	0.0	20	3	17	0.016253232955932617				
control_vntr_matched	inflation.sv_pieces_mean	SV pieces / path (mean)	-1	poa_abpoa__all	40	0.62125	0.083325	1.338625	0.9682700000000001	40	0.0	-0.0606	0.04545	13	11	16	0.8115357160568237				
control_vntr_matched	inflation.sv_pieces_mean	SV pieces / path (mean)	-1	poa_spoa	39	0.5455	0.1515	1.4394	1.2506384615384616	39	0.0	-0.07574999999999998	0.09090000000000001	12	13	14	0.4457607865333557				
control_vntr_matched	inflation.sv_pieces_mean	SV pieces / path (mean)	-1	poa_spoa__all	37	0.5312	0.0606	1.0303	1.1733675675675677	37	0.0	-0.12120000000000002	0.27270000000000005	14	12	11	0.8661512434482574				
control_vntr_matched	inflation.sv_pieces_mean	SV pieces / path (mean)	-1	poa_abpoa_mc	40	0.6061	0.0909	1.128775	0.870425	40	0.0	-0.09089999999999998	0.0	16	5	19	0.13439464569091797				
control_vntr_matched	inflation.sv_pieces_mean	SV pieces / path (mean)	-1	poa_abpoa_mc__all	40	0.7576	0.143925	1.1212	0.8344575000000001	40	0.0	0.0	0.040949999999999986	7	14	19	0.17596435546875				
control_vntr_matched	inflation.sv_pieces_mean	SV pieces / path (mean)	-1	unit_aware	40	0.46965	0.065175	1.1439249999999999	1.310565	40	0.0	-0.1212	0.11362500000000007	15	13	12	0.9152204543352127				
control_vntr_matched	inflation.sv_pieces_mean	SV pieces / path (mean)	-1	unit_aware__all	40	0.51515	0.083325	1.10015	1.395265	40	0.0	-0.060625	0.19372500000000015	13	15	12	0.5670346617698669				
control_vntr_matched	inflation.anchored_over_free	anchored/free vs CHM13	-1	mc	40	1.06935	1.001975	1.26275	1.2709975												
control_vntr_matched	inflation.anchored_over_free	anchored/free vs CHM13	-1	mafft_fftns2	40	1.06455	1.011975	1.189725	1.2880825	40	0.0	-0.055925000000000114	0.03314999999999996	16	17	7	0.7914111448917538				
control_vntr_matched	inflation.anchored_over_free	anchored/free vs CHM13	-1	mafft_fftns2__all	40	1.10565	1.027125	2.31485	3.4820750000000005	40	0.008850000000000025	-0.003625000000000045	0.5355249999999998	12	24	4	0.03209542465629056				
control_vntr_matched	inflation.anchored_over_free	anchored/free vs CHM13	-1	mafft_fftnsi__all	34	1.0909499999999999	1.0257749999999999	1.308075	2.2223588235294116	34	0.0	-0.06350000000000006	0.019974999999999965	12	16	6	0.5823858305811882				
control_vntr_matched	inflation.anchored_over_free	anchored/free vs CHM13	-1	mafft_linsi	40	1.0185	1.001325	1.056225	1.0607	40	-0.01519999999999988	-0.17105000000000004	0.0	24	8	8	1.2635253369808197e-05				
control_vntr_matched	inflation.anchored_over_free	anchored/free vs CHM13	-1	mafft_linsi__all	27	1.055	1.00245	1.10845	1.077659259259259	27	-0.0132000000000001	-0.13650000000000007	0.0	16	5	6	0.0032787322998046875				
control_vntr_matched	inflation.anchored_over_free	anchored/free vs CHM13	-1	mafft_einsi	40	1.0154	1.001225	1.04585	1.05246	40	-0.01749999999999996	-0.15629999999999994	0.0	25	4	11	3.91155481338501e-07				
control_vntr_matched	inflation.anchored_over_free	anchored/free vs CHM13	-1	mafft_einsi__all	22	1.0093	1.0	1.081425	1.0703772727272727	22	-0.016750000000000043	-0.20490000000000003	0.0	14	1	7	0.00018310546875				
control_vntr_matched	inflation.anchored_over_free	anchored/free vs CHM13	-1	mafft_ginsi	40	1.0185	1.0014750000000001	1.055375	1.0588975	40	-0.02564999999999995	-0.17105000000000004	0.0	25	7	8	1.7331913113594055e-06				
control_vntr_matched	inflation.anchored_over_free	anchored/free vs CHM13	-1	mafft_ginsi__all	22	1.0389499999999998	1.0016	1.0846749999999998	1.0691045454545454	22	-0.02795000000000003	-0.1635000000000001	0.0	13	3	6	0.005157470703125				
control_vntr_matched	inflation.anchored_over_free	anchored/free vs CHM13	-1	poa_abpoa	40	1.0141	1.0006499999999998	1.04785	1.0618375	40	-0.012149999999999994	-0.12517500000000004	0.0	26	3	11	1.2293457984924316e-07				
control_vntr_matched	inflation.anchored_over_free	anchored/free vs CHM13	-1	poa_abpoa__all	40	1.06545	1.0040499999999999	1.282675	1.2478825	40	0.0	-0.04635	0.03297500000000003	13	19	8	0.8428395381197333				
control_vntr_matched	inflation.anchored_over_free	anchored/free vs CHM13	-1	poa_spoa	39	1.0121	1.00095	1.03635	1.0595384615384615	39	-0.024600000000000177	-0.21520000000000006	0.0	25	5	9	3.049522638320923e-05				
control_vntr_matched	inflation.anchored_over_free	anchored/free vs CHM13	-1	poa_spoa__all	37	1.058	1.0153	1.1355	1.1191648648648649	37	0.0	-0.19110000000000005	0.018299999999999983	17	13	7	0.12413446232676506				
control_vntr_matched	inflation.anchored_over_free	anchored/free vs CHM13	-1	poa_abpoa_mc	40	1.02225	1.001175	1.089	1.078455	40	-0.00374999999999992	-0.08772499999999994	0.0	23	6	11	4.700571298599243e-05				
control_vntr_matched	inflation.anchored_over_free	anchored/free vs CHM13	-1	poa_abpoa_mc__all	40	1.08155	1.0016500000000002	1.294	1.277555	40	0.0	-0.03109999999999996	0.011399999999999966	15	15	10	0.8552717231214046				
control_vntr_matched	inflation.anchored_over_free	anchored/free vs CHM13	-1	unit_aware	40	1.0117500000000001	1.002	1.0372750000000002	1.0390275	40	-0.02860000000000018	-0.17860000000000004	0.0	25	8	7	1.0203570127487183e-05				
control_vntr_matched	inflation.anchored_over_free	anchored/free vs CHM13	-1	unit_aware__all	40	1.0429	1.0129000000000001	1.0921500000000002	1.1129324999999999	40	-0.0031000000000001027	-0.12534999999999996	0.005399999999999905	20	15	5	0.016599797061644495				
control_vntr_matched	inflation.indel_bp_ratio	indel bp / net length change	-1	mc	40	1.1127	1.0	1.92655	1.8582925												
control_vntr_matched	inflation.indel_bp_ratio	indel bp / net length change	-1	mafft_fftns2	40	1.1061999999999999	1.007625	1.72465	1.9419625	40	0.0	-0.07257500000000006	0.010425000000000018	17	12	11	0.2842625416815281				
control_vntr_matched	inflation.indel_bp_ratio	indel bp / net length change	-1	mafft_fftns2__all	40	1.20215	1.0102	3.046925	4.9961625	40	0.0032000000000000917	-0.010300000000000087	0.6444500000000002	12	21	7	0.08306359779089689				
control_vntr_matched	inflation.indel_bp_ratio	indel bp / net length change	-1	mafft_fftnsi__all	34	1.12015	1.0024	1.8488250000000002	3.5995823529411766	34	0.0	-0.09604999999999997	0.008599999999999941	12	11	11	0.6649994850158691				
control_vntr_matched	inflation.indel_bp_ratio	indel bp / net length change	-1	mafft_linsi	40	1.0197500000000002	1.0	1.15425	1.3768850000000001	40	-0.019549999999999845	-0.17704999999999999	0.0	24	2	14	1.4901161193847656e-07				
control_vntr_matched	inflation.indel_bp_ratio	indel bp / net length change	-1	mafft_linsi__all	27	1.0182	1.0	1.11855	1.4835037037037038	27	-0.012799999999999923	-0.20530000000000004	0.0	15	2	10	0.000152587890625				
control_vntr_matched	inflation.indel_bp_ratio	indel bp / net length change	-1	mafft_einsi	40	1.0144	1.0	1.112775	1.3702	40	-0.019549999999999845	-0.17872499999999997	0.0	24	0	16	1.1920928955078125e-07				
control_vntr_matched	inflation.indel_bp_ratio	indel bp / net length change	-1	mafft_einsi__all	22	1.00805	1.0	1.097175	1.3252	22	-0.01254999999999995	-0.2310500000000001	0.0	12	0	10	0.00048828125				
control_vntr_matched	inflation.indel_bp_ratio	indel bp / net length change	-1	mafft_ginsi	40	1.0197500000000002	1.0	1.15425	1.36021	40	-0.03039999999999987	-0.267425	0.0	25	2	13	7.450580596923828e-08				
control_vntr_matched	inflation.indel_bp_ratio	indel bp / net length change	-1	mafft_ginsi__all	22	1.01735	1.0	1.097175	1.2533727272727273	22	-0.03744999999999987	-0.3219750000000001	0.0	13	2	7	0.00042724609375				
control_vntr_matched	inflation.indel_bp_ratio	indel bp / net length change	-1	poa_abpoa	40	1.0163	1.0	1.1223	1.342575	40	-0.010749999999999926	-0.2596750000000001	0.0	25	0	15	5.960464477539063e-08				
control_vntr_matched	inflation.indel_bp_ratio	indel bp / net length change	-1	poa_abpoa__all	40	1.10795	1.0	1.6940250000000001	1.5586499999999999	40	0.0	-0.1846500000000001	0.0	17	9	14	0.05935487151145935				
control_vntr_matched	inflation.indel_bp_ratio	indel bp / net length change	-1	poa_spoa	39	1.0155	1.0	1.11905	1.3641128205128206	39	-0.02849999999999997	-0.3681000000000001	0.0	26	1	12	1.4901161193847656e-07				
control_vntr_matched	inflation.indel_bp_ratio	indel bp / net length change	-1	poa_spoa__all	37	1.0463	1.0	1.2222	1.4788243243243242	37	-0.0020000000000000018	-0.46940000000000004	0.0	20	6	11	0.0003636479377746582				
control_vntr_matched	inflation.indel_bp_ratio	indel bp / net length change	-1	poa_abpoa_mc	40	1.03085	1.0	1.17	1.48302	40	-0.007299999999999862	-0.11417499999999997	0.0	21	1	18	1.5735626220703125e-05				
control_vntr_matched	inflation.indel_bp_ratio	indel bp / net length change	-1	poa_abpoa_mc__all	40	1.1301999999999999	1.0	1.8674250000000001	1.7458725000000002	40	0.0	-0.03177499999999994	0.00417500000000004	15	10	15	0.6338268518447876				
control_vntr_matched	inflation.indel_bp_ratio	indel bp / net length change	-1	unit_aware	40	1.00885	1.0	1.161925	1.2640625	40	-0.03420000000000001	-0.28472500000000006	0.0	26	1	13	2.9802322387695312e-08				
control_vntr_matched	inflation.indel_bp_ratio	indel bp / net length change	-1	unit_aware__all	40	1.0224000000000002	1.0	1.245275	1.4213	40	-0.021100000000000008	-0.18149999999999994	0.0	24	4	12	0.00015273690223693848				
control_vntr_matched	inflation.indel_bp_excess_per_kb	excess indel bp / kb	-1	mc	40	5.404999999999999	0.0	25.182499999999997	15.105												
control_vntr_matched	inflation.indel_bp_excess_per_kb	excess indel bp / kb	-1	mafft_fftns2	40	5.955	0.1625	23.0375	14.399750000000001	40	0.0	-1.3524999999999998	0.8024999999999975	17	12	11	0.5940011255443096				
control_vntr_matched	inflation.indel_bp_excess_per_kb	excess indel bp / kb	-1	mafft_fftns2__all	40	9.05	0.88	48.72	36.128249999999994	40	0.13000000000000006	-0.3200000000000001	10.9675	12	21	7	0.044340481981635094				
control_vntr_matched	inflation.indel_bp_excess_per_kb	excess indel bp / kb	-1	mafft_fftnsi__all	34	4.6899999999999995	0.2125	28.4675	16.204117647058826	34	0.0	-2.5	1.2475	12	11	11	0.9168474674224854				
control_vntr_matched	inflation.indel_bp_excess_per_kb	excess indel bp / kb	-1	mafft_linsi	40	0.905	0.0	13.7675	7.30325	40	-0.3400000000000003	-8.897499999999999	0.0	24	2	14	1.043081283569336e-06				
control_vntr_matched	inflation.indel_bp_excess_per_kb	excess indel bp / kb	-1	mafft_linsi__all	27	0.41	0.0	4.25	6.373703703703704	27	-0.19999999999999996	-6.945	0.0	15	2	10	0.000152587890625				
control_vntr_matched	inflation.indel_bp_excess_per_kb	excess indel bp / kb	-1	mafft_einsi	40	0.865	0.0	10.1875	7.031999999999999	40	-0.3400000000000003	-8.817499999999999	0.0	24	0	16	1.1920928955078125e-07				
control_vntr_matched	inflation.indel_bp_excess_per_kb	excess indel bp / kb	-1	mafft_einsi__all	22	0.28	0.0	3.0325	5.337727272727273	22	-0.09499999999999993	-7.48	0.0	12	0	10	0.00048828125				
control_vntr_matched	inflation.indel_bp_excess_per_kb	excess indel bp / kb	-1	mafft_ginsi	40	0.905	0.0	13.7675	7.172750000000001	40	-0.7000000000000003	-8.897499999999999	0.0	25	2	13	5.21540641784668e-07				
control_vntr_matched	inflation.indel_bp_excess_per_kb	excess indel bp / kb	-1	mafft_ginsi__all	22	0.385	0.0	3.0325	5.010909090909091	22	-1.2899999999999996	-7.0125	0.0	13	2	7	0.0006103515625				
control_vntr_matched	inflation.indel_bp_excess_per_kb	excess indel bp / kb	-1	poa_abpoa	40	0.7	0.0	10.389999999999999	7.60125	40	-0.65	-8.34	0.0	25	0	15	5.960464477539063e-08				
control_vntr_matched	inflation.indel_bp_excess_per_kb	excess indel bp / kb	-1	poa_abpoa__all	40	3.6950000000000003	0.0	20.2775	11.3855	40	0.0	-4.592500000000005	0.0	17	9	14	0.05935487151145935				
control_vntr_matched	inflation.indel_bp_excess_per_kb	excess indel bp / kb	-1	poa_spoa	39	0.95	0.0	9.04	6.869230769230769	39	-0.9199999999999999	-8.565	0.0	26	1	12	1.043081283569336e-06				
control_vntr_matched	inflation.indel_bp_excess_per_kb	excess indel bp / kb	-1	poa_spoa__all	37	2.0	0.0	11.09	8.724864864864864	37	-0.09	-8.41	0.0	20	6	11	0.0010443925857543945				
control_vntr_matched	inflation.indel_bp_excess_per_kb	excess indel bp / kb	-1	poa_abpoa_mc	40	1.02	0.0	19.295	9.59525	40	-0.06999999999999991	-3.579999999999999	0.0	21	1	18	8.058547973632812e-05				
control_vntr_matched	inflation.indel_bp_excess_per_kb	excess indel bp / kb	-1	poa_abpoa_mc__all	40	5.875	0.0	25.085	13.817250000000001	40	0.0	-1.4025000000000007	0.16749999999999998	15	10	15	0.5468330383300781				
control_vntr_matched	inflation.indel_bp_excess_per_kb	excess indel bp / kb	-1	unit_aware	40	0.605	0.0	6.3925	5.095000000000001	40	-0.785	-9.8675	0.0	26	1	13	1.4901161193847656e-07				
control_vntr_matched	inflation.indel_bp_excess_per_kb	excess indel bp / kb	-1	unit_aware__all	40	0.915	0.0	9.5275	7.7655	40	-0.4049999999999998	-8.37	0.0	24	4	12	7.204711437225342e-05				
control_vntr_matched	redundancy.kmer_frac_extra	k-mer extra positions (frac)	-1	mc	40	0.052705	0.009205	0.15705	0.09056475												
control_vntr_matched	redundancy.kmer_frac_extra	k-mer extra positions (frac)	-1	mafft_fftns2	40	0.052305000000000004	0.010690000000000002	0.14487	0.09167575	40	-0.00094	-0.018907499999999997	0.0344475	22	17	1	1.0				
control_vntr_matched	redundancy.kmer_frac_extra	k-mer extra positions (frac)	-1	mafft_fftns2__all	40	0.05895	0.0330125	0.222965	0.13247875	40	0.016845	-0.0015349999999999834	0.06429750000000001	13	25	2	0.003470707350061275				
control_vntr_matched	redundancy.kmer_frac_extra	k-mer extra positions (frac)	-1	mafft_fftnsi__all	34	0.055665	0.0320175	0.2130625	0.11466029411764705	34	0.016079999999999997	-0.0012299999999999811	0.0417375	9	22	3	0.011014155112206936				
control_vntr_matched	redundancy.kmer_frac_extra	k-mer extra positions (frac)	-1	mafft_linsi	40	0.050945000000000004	0.0056425	0.10785499999999999	0.072378	40	-0.003994999999999999	-0.032607500000000005	0.00028500000000000053	29	10	1	0.011590965510549722				
control_vntr_matched	redundancy.kmer_frac_extra	k-mer extra positions (frac)	-1	mafft_linsi__all	27	0.06529	0.00867	0.11135	0.0759011111111111	27	-0.00221	-0.02151	0.006069999999999997	18	8	1	0.35332122445106506				
control_vntr_matched	redundancy.kmer_frac_extra	k-mer extra positions (frac)	-1	mafft_einsi	40	0.031985	0.00401	0.103355	0.06403875	40	-0.00542999999999999	-0.038382500000000014	-0.0015125	33	6	1	0.0007071368054312188				
control_vntr_matched	redundancy.kmer_frac_extra	k-mer extra positions (frac)	-1	mafft_einsi__all	22	0.014955	0.0010575	0.0775975	0.045556818181818184	22	-0.00358	-0.047542499999999994	-0.0011975	17	4	1	0.02385425567626953				
control_vntr_matched	redundancy.kmer_frac_extra	k-mer extra positions (frac)	-1	mafft_ginsi	40	0.050945000000000004	0.0056425	0.1086675	0.07374	40	-0.003994999999999999	-0.032605	0.0005099999999999966	29	10	1	0.016147199225088116				
control_vntr_matched	redundancy.kmer_frac_extra	k-mer extra positions (frac)	-1	mafft_ginsi__all	22	0.061875	0.0046075	0.109305	0.07123045454545454	22	-0.002654999999999996	-0.03790500000000001	0.008385	15	6	1	0.35541629791259766				
control_vntr_matched	redundancy.kmer_frac_extra	k-mer extra positions (frac)	-1	poa_abpoa	40	0.038169999999999996	0.00401	0.122555	0.08017725	40	-0.004884999999999999	-0.025482499999999998	-0.000725	31	8	1	0.03224418673562468				
control_vntr_matched	redundancy.kmer_frac_extra	k-mer extra positions (frac)	-1	poa_abpoa__all	40	0.062075	0.010830000000000001	0.2417925	0.13059749999999998	40	0.003275	-0.00327	0.09020249999999999	18	21	1	0.044357797647535335				
control_vntr_matched	redundancy.kmer_frac_extra	k-mer extra positions (frac)	-1	poa_spoa	39	0.05822	0.007690000000000001	0.150425	0.09772	39	-0.00107	-0.014810000000000005	0.03720000000000001	21	17	1	0.8521784276745166				
control_vntr_matched	redundancy.kmer_frac_extra	k-mer extra positions (frac)	-1	poa_spoa__all	37	0.14641	0.01855	0.26875	0.16132594594594593	37	0.08166000000000001	-0.00081	0.13720000000000002	10	26	1	5.596954724751413e-05				
control_vntr_matched	redundancy.kmer_frac_extra	k-mer extra positions (frac)	-1	poa_abpoa_mc	40	0.032365000000000005	0.0051400000000000005	0.09416	0.0601835	40	-0.00787	-0.035724999999999986	-0.0026575000000000027	36	3	1	4.403002094477415e-06				
control_vntr_matched	redundancy.kmer_frac_extra	k-mer extra positions (frac)	-1	poa_abpoa_mc__all	40	0.045380000000000004	0.008172500000000001	0.16526249999999998	0.0889855	40	-0.001895	-0.02067999999999999	0.008967500000000002	26	13	1	0.42653860794598586				
control_vntr_matched	redundancy.kmer_frac_extra	k-mer extra positions (frac)	-1	unit_aware	40	0.070975	0.008455	0.14643	0.10291225	40	-0.000405	-0.006107500000000003	0.05762	20	19	1	0.26451415395422373				
control_vntr_matched	redundancy.kmer_frac_extra	k-mer extra positions (frac)	-1	unit_aware__all	40	0.092245	0.012795	0.197375	0.1292015	40	0.007019999999999998	-0.0013850000000000002	0.09411	14	25	1	0.004948502231854945				
control_vntr_matched	redundancy.kmer_extra_per_kb	k-mer extra positions / kb	-1	mc	40	74.415	10.9275	253.93	160.018												
control_vntr_matched	redundancy.kmer_extra_per_kb	k-mer extra positions / kb	-1	mafft_fftns2	40	68.565	11.9425	253.5725	154.625	40	-1.7	-29.690000000000005	37.9725	22	17	1	0.972487871767953				
control_vntr_matched	redundancy.kmer_extra_per_kb	k-mer extra positions / kb	-1	mafft_fftns2__all	40	80.675	36.8875	390.15999999999997	259.49375	40	24.875	-2.345000000000004	133.95499999999998	13	25	2	0.0028193641774123535				
control_vntr_matched	redundancy.kmer_extra_per_kb	k-mer extra positions / kb	-1	mafft_fftnsi__all	34	71.0	35.7125	312.7975	186.52647058823527	34	20.129999999999995	-1.7249999999999999	71.7825	9	22	3	0.00973692536354065				
control_vntr_matched	redundancy.kmer_extra_per_kb	k-mer extra positions / kb	-1	mafft_linsi	40	65.665	6.075	154.28	126.473	40	-4.16	-48.71250000000001	0.8700000000000045	29	10	1	0.013149019516276894				
control_vntr_matched	redundancy.kmer_extra_per_kb	k-mer extra positions / kb	-1	mafft_linsi__all	27	80.63	9.74	140.54500000000002	105.03555555555556	27	-2.3	-27.435000000000006	7.659999999999998	18	8	1	0.35332122445106506				
control_vntr_matched	redundancy.kmer_extra_per_kb	k-mer extra positions / kb	-1	mafft_einsi	40	45.18	4.3075	147.315	104.457	40	-7.1850000000000005	-85.41000000000003	-1.5350000000000001	33	6	1	0.0005585208127740771				
control_vntr_matched	redundancy.kmer_extra_per_kb	k-mer extra positions / kb	-1	mafft_einsi__all	22	17.89	1.1375	119.1225	64.03818181818183	22	-3.965	-75.465	-1.225	17	4	1	0.02385425567626953				
control_vntr_matched	redundancy.kmer_extra_per_kb	k-mer extra positions / kb	-1	mafft_ginsi	40	65.665	6.075	165.10250000000002	128.75525	40	-4.16	-54.28499999999999	1.5575000000000045	29	10	1	0.018213297516922466				
control_vntr_matched	redundancy.kmer_extra_per_kb	k-mer extra positions / kb	-1	mafft_ginsi__all	22	72.53999999999999	4.905	145.8875	98.34636363636363	22	-2.86	-50.1075	10.6725	15	6	1	0.37372493743896484				
control_vntr_matched	redundancy.kmer_extra_per_kb	k-mer extra positions / kb	-1	poa_abpoa	40	47.575	4.3075	194.005	143.6975	40	-5.315	-45.25500000000001	-0.8399999999999999	31	8	1	0.038577656323468545				
control_vntr_matched	redundancy.kmer_extra_per_kb	k-mer extra positions / kb	-1	poa_abpoa__all	40	115.03999999999999	12.565000000000001	426.06	241.78875	40	4.075	-3.5375	195.3525	18	21	1	0.0372345517098438				
control_vntr_matched	redundancy.kmer_extra_per_kb	k-mer extra positions / kb	-1	poa_spoa	39	80.21	7.985	253.2	173.33769230769232	39	-1.1	-19.77	65.41	21	17	1	0.7524402827548329				
control_vntr_matched	redundancy.kmer_extra_per_kb	k-mer extra positions / kb	-1	poa_spoa__all	37	205.69	21.01	475.66	302.4905405405405	37	130.45000000000002	-0.9299999999999997	218.09	10	26	1	4.331755917519331e-05				
control_vntr_matched	redundancy.kmer_extra_per_kb	k-mer extra positions / kb	-1	poa_abpoa_mc	40	38.22	5.7675	143.435	96.62325	40	-10.654999999999998	-67.71750000000003	-3.5325	36	3	1	4.817906301468611e-06				
control_vntr_matched	redundancy.kmer_extra_per_kb	k-mer extra positions / kb	-1	poa_abpoa_mc__all	40	54.385	9.5625	253.1875	160.47525000000002	40	-2.005	-33.07500000000001	12.449999999999996	26	13	1	0.45955750754728797				
control_vntr_matched	redundancy.kmer_extra_per_kb	k-mer extra positions / kb	-1	unit_aware	40	109.87	8.6475	258.8575	181.1125	40	-0.46499999999999986	-8.932499999999989	98.69749999999999	20	19	1	0.27055140661468613				
control_vntr_matched	redundancy.kmer_extra_per_kb	k-mer extra positions / kb	-1	unit_aware__all	40	120.13	15.2075	330.15000000000003	236.89000000000001	40	8.310000000000002	-1.435	161.89	14	25	1	0.005187311820918694				
control_vntr_matched	truth.d_graph_sum	truth edits to best graph path (h1+h2)	-1	mc	40	0.0	0.0	0.25	0.425												
control_vntr_matched	truth.d_graph_sum	truth edits to best graph path (h1+h2)	-1	mafft_fftns2	40	0.0	0.0	0.0	0.45	40	0.0	0.0	0.0	1	1	38	1.0				
control_vntr_matched	truth.d_graph_sum	truth edits to best graph path (h1+h2)	-1	mafft_fftns2__all	40	0.0	0.0	0.0	0.35	40	0.0	0.0	0.0	2	0	38	0.5				
control_vntr_matched	truth.d_graph_sum	truth edits to best graph path (h1+h2)	-1	mafft_fftnsi__all	34	0.0	0.0	0.0	0.3235294117647059	34	0.0	0.0	0.0	2	0	32	0.5				
control_vntr_matched	truth.d_graph_sum	truth edits to best graph path (h1+h2)	-1	mafft_linsi	40	0.0	0.0	0.25	0.6	40	0.0	0.0	0.0	0	2	38	0.5				
control_vntr_matched	truth.d_graph_sum	truth edits to best graph path (h1+h2)	-1	mafft_linsi__all	27	0.0	0.0	0.0	0.25925925925925924	27	0.0	0.0	0.0	0	0	27					
control_vntr_matched	truth.d_graph_sum	truth edits to best graph path (h1+h2)	-1	mafft_einsi	40	0.0	0.0	0.25	0.55	40	0.0	0.0	0.0	0	2	38	0.5				
control_vntr_matched	truth.d_graph_sum	truth edits to best graph path (h1+h2)	-1	mafft_einsi__all	22	0.0	0.0	0.0	0.3181818181818182	22	0.0	0.0	0.0	0	0	22					
control_vntr_matched	truth.d_graph_sum	truth edits to best graph path (h1+h2)	-1	mafft_ginsi	40	0.0	0.0	0.25	0.625	40	0.0	0.0	0.0	0	2	38	0.5				
control_vntr_matched	truth.d_graph_sum	truth edits to best graph path (h1+h2)	-1	mafft_ginsi__all	22	0.0	0.0	0.0	0.3181818181818182	22	0.0	0.0	0.0	0	0	22					
control_vntr_matched	truth.d_graph_sum	truth edits to best graph path (h1+h2)	-1	poa_abpoa	40	0.0	0.0	0.25	0.4	40	0.0	0.0	0.0	1	0	39	1.0				
control_vntr_matched	truth.d_graph_sum	truth edits to best graph path (h1+h2)	-1	poa_abpoa__all	40	0.0	0.0	0.0	0.375	40	0.0	0.0	0.0	1	0	39	1.0				
control_vntr_matched	truth.d_graph_sum	truth edits to best graph path (h1+h2)	-1	poa_spoa	39	0.0	0.0	0.0	0.4358974358974359	39	0.0	0.0	0.0	0	1	38	1.0				
control_vntr_matched	truth.d_graph_sum	truth edits to best graph path (h1+h2)	-1	poa_spoa__all	37	0.0	0.0	0.0	0.3783783783783784	37	0.0	0.0	0.0	1	0	36	1.0				
control_vntr_matched	truth.d_graph_sum	truth edits to best graph path (h1+h2)	-1	poa_abpoa_mc	40	0.0	0.0	0.25	0.475	40	0.0	0.0	0.0	0	1	39	1.0				
control_vntr_matched	truth.d_graph_sum	truth edits to best graph path (h1+h2)	-1	poa_abpoa_mc__all	40	0.0	0.0	0.0	0.375	40	0.0	0.0	0.0	2	0	38	0.5				
control_vntr_matched	truth.d_graph_sum	truth edits to best graph path (h1+h2)	-1	unit_aware	40	0.0	0.0	0.25	0.375	40	0.0	0.0	0.0	2	0	38	0.5				
control_vntr_matched	truth.d_graph_sum	truth edits to best graph path (h1+h2)	-1	unit_aware__all	40	0.0	0.0	0.0	0.375	40	0.0	0.0	0.0	1	0	39	1.0				
control_vntr_matched	truth.h1_d_graph	truth h1 edits to graph	-1	mc	40	0.0	0.0	0.0	0.175												
control_vntr_matched	truth.h1_d_graph	truth h1 edits to graph	-1	mafft_fftns2	40	0.0	0.0	0.0	0.175	40	0.0	0.0	0.0	0	0	40					
control_vntr_matched	truth.h1_d_graph	truth h1 edits to graph	-1	mafft_fftns2__all	40	0.0	0.0	0.0	0.175	40	0.0	0.0	0.0	0	0	40					
control_vntr_matched	truth.h1_d_graph	truth h1 edits to graph	-1	mafft_fftnsi__all	34	0.0	0.0	0.0	0.14705882352941177	34	0.0	0.0	0.0	0	0	34					
control_vntr_matched	truth.h1_d_graph	truth h1 edits to graph	-1	mafft_linsi	40	0.0	0.0	0.0	0.275	40	0.0	0.0	0.0	0	1	39	1.0				
control_vntr_matched	truth.h1_d_graph	truth h1 edits to graph	-1	mafft_linsi__all	27	0.0	0.0	0.0	0.07407407407407407	27	0.0	0.0	0.0	0	0	27					
control_vntr_matched	truth.h1_d_graph	truth h1 edits to graph	-1	mafft_einsi	40	0.0	0.0	0.0	0.225	40	0.0	0.0	0.0	0	1	39	1.0				
control_vntr_matched	truth.h1_d_graph	truth h1 edits to graph	-1	mafft_einsi__all	22	0.0	0.0	0.0	0.09090909090909091	22	0.0	0.0	0.0	0	0	22					
control_vntr_matched	truth.h1_d_graph	truth h1 edits to graph	-1	mafft_ginsi	40	0.0	0.0	0.0	0.3	40	0.0	0.0	0.0	0	1	39	1.0				
control_vntr_matched	truth.h1_d_graph	truth h1 edits to graph	-1	mafft_ginsi__all	22	0.0	0.0	0.0	0.09090909090909091	22	0.0	0.0	0.0	0	0	22					
control_vntr_matched	truth.h1_d_graph	truth h1 edits to graph	-1	poa_abpoa	40	0.0	0.0	0.0	0.175	40	0.0	0.0	0.0	0	0	40					
control_vntr_matched	truth.h1_d_graph	truth h1 edits to graph	-1	poa_abpoa__all	40	0.0	0.0	0.0	0.175	40	0.0	0.0	0.0	0	0	40					
control_vntr_matched	truth.h1_d_graph	truth h1 edits to graph	-1	poa_spoa	39	0.0	0.0	0.0	0.20512820512820512	39	0.0	0.0	0.0	0	1	38	1.0				
control_vntr_matched	truth.h1_d_graph	truth h1 edits to graph	-1	poa_spoa__all	37	0.0	0.0	0.0	0.1891891891891892	37	0.0	0.0	0.0	0	0	37					
control_vntr_matched	truth.h1_d_graph	truth h1 edits to graph	-1	poa_abpoa_mc	40	0.0	0.0	0.0	0.175	40	0.0	0.0	0.0	0	0	40					
control_vntr_matched	truth.h1_d_graph	truth h1 edits to graph	-1	poa_abpoa_mc__all	40	0.0	0.0	0.0	0.175	40	0.0	0.0	0.0	0	0	40					
control_vntr_matched	truth.h1_d_graph	truth h1 edits to graph	-1	unit_aware	40	0.0	0.0	0.0	0.15	40	0.0	0.0	0.0	1	0	39	1.0				
control_vntr_matched	truth.h1_d_graph	truth h1 edits to graph	-1	unit_aware__all	40	0.0	0.0	0.0	0.175	40	0.0	0.0	0.0	0	0	40					
control_vntr_matched	truth.h2_d_graph	truth h2 edits to graph	-1	mc	40	0.0	0.0	0.0	0.25												
control_vntr_matched	truth.h2_d_graph	truth h2 edits to graph	-1	mafft_fftns2	40	0.0	0.0	0.0	0.275	40	0.0	0.0	0.0	1	1	38	1.0				
control_vntr_matched	truth.h2_d_graph	truth h2 edits to graph	-1	mafft_fftns2__all	40	0.0	0.0	0.0	0.175	40	0.0	0.0	0.0	2	0	38	0.5				
control_vntr_matched	truth.h2_d_graph	truth h2 edits to graph	-1	mafft_fftnsi__all	34	0.0	0.0	0.0	0.17647058823529413	34	0.0	0.0	0.0	2	0	32	0.5				
control_vntr_matched	truth.h2_d_graph	truth h2 edits to graph	-1	mafft_linsi	40	0.0	0.0	0.0	0.325	40	0.0	0.0	0.0	0	1	39	1.0				
control_vntr_matched	truth.h2_d_graph	truth h2 edits to graph	-1	mafft_linsi__all	27	0.0	0.0	0.0	0.18518518518518517	27	0.0	0.0	0.0	0	0	27					
control_vntr_matched	truth.h2_d_graph	truth h2 edits to graph	-1	mafft_einsi	40	0.0	0.0	0.0	0.325	40	0.0	0.0	0.0	0	1	39	1.0				
control_vntr_matched	truth.h2_d_graph	truth h2 edits to graph	-1	mafft_einsi__all	22	0.0	0.0	0.0	0.22727272727272727	22	0.0	0.0	0.0	0	0	22					
control_vntr_matched	truth.h2_d_graph	truth h2 edits to graph	-1	mafft_ginsi	40	0.0	0.0	0.0	0.325	40	0.0	0.0	0.0	0	1	39	1.0				
control_vntr_matched	truth.h2_d_graph	truth h2 edits to graph	-1	mafft_ginsi__all	22	0.0	0.0	0.0	0.22727272727272727	22	0.0	0.0	0.0	0	0	22					
control_vntr_matched	truth.h2_d_graph	truth h2 edits to graph	-1	poa_abpoa	40	0.0	0.0	0.0	0.225	40	0.0	0.0	0.0	1	0	39	1.0				
control_vntr_matched	truth.h2_d_graph	truth h2 edits to graph	-1	poa_abpoa__all	40	0.0	0.0	0.0	0.2	40	0.0	0.0	0.0	1	0	39	1.0				
control_vntr_matched	truth.h2_d_graph	truth h2 edits to graph	-1	poa_spoa	39	0.0	0.0	0.0	0.23076923076923078	39	0.0	0.0	0.0	0	0	39					
control_vntr_matched	truth.h2_d_graph	truth h2 edits to graph	-1	poa_spoa__all	37	0.0	0.0	0.0	0.1891891891891892	37	0.0	0.0	0.0	1	0	36	1.0				
control_vntr_matched	truth.h2_d_graph	truth h2 edits to graph	-1	poa_abpoa_mc	40	0.0	0.0	0.0	0.3	40	0.0	0.0	0.0	0	1	39	1.0				
control_vntr_matched	truth.h2_d_graph	truth h2 edits to graph	-1	poa_abpoa_mc__all	40	0.0	0.0	0.0	0.2	40	0.0	0.0	0.0	2	0	38	0.5				
control_vntr_matched	truth.h2_d_graph	truth h2 edits to graph	-1	unit_aware	40	0.0	0.0	0.0	0.225	40	0.0	0.0	0.0	1	0	39	1.0				
control_vntr_matched	truth.h2_d_graph	truth h2 edits to graph	-1	unit_aware__all	40	0.0	0.0	0.0	0.2	40	0.0	0.0	0.0	1	0	39	1.0				
control_vntr_matched	truth.d_panel_sum	truth edits to closest panel path (h1+h2)	0	mc	40	0.0	0.0	1.0	1.825												
control_vntr_matched	truth.d_panel_sum	truth edits to closest panel path (h1+h2)	0	mafft_fftns2	40	0.0	0.0	1.0	1.825	40	0.0	0.0	0.0			40					
control_vntr_matched	truth.d_panel_sum	truth edits to closest panel path (h1+h2)	0	mafft_fftns2__all	40	0.0	0.0	1.0	1.825	40	0.0	0.0	0.0			40					
control_vntr_matched	truth.d_panel_sum	truth edits to closest panel path (h1+h2)	0	mafft_fftnsi__all	34	0.0	0.0	0.75	1.2647058823529411	34	0.0	0.0	0.0			34					
control_vntr_matched	truth.d_panel_sum	truth edits to closest panel path (h1+h2)	0	mafft_linsi	40	0.0	0.0	1.0	1.825	40	0.0	0.0	0.0			40					
control_vntr_matched	truth.d_panel_sum	truth edits to closest panel path (h1+h2)	0	mafft_linsi__all	27	0.0	0.0	0.0	0.25925925925925924	27	0.0	0.0	0.0			27					
control_vntr_matched	truth.d_panel_sum	truth edits to closest panel path (h1+h2)	0	mafft_einsi	40	0.0	0.0	1.0	1.825	40	0.0	0.0	0.0			40					
control_vntr_matched	truth.d_panel_sum	truth edits to closest panel path (h1+h2)	0	mafft_einsi__all	22	0.0	0.0	0.0	0.3181818181818182	22	0.0	0.0	0.0			22					
control_vntr_matched	truth.d_panel_sum	truth edits to closest panel path (h1+h2)	0	mafft_ginsi	40	0.0	0.0	1.0	1.825	40	0.0	0.0	0.0			40					
control_vntr_matched	truth.d_panel_sum	truth edits to closest panel path (h1+h2)	0	mafft_ginsi__all	22	0.0	0.0	0.0	0.3181818181818182	22	0.0	0.0	0.0			22					
control_vntr_matched	truth.d_panel_sum	truth edits to closest panel path (h1+h2)	0	poa_abpoa	40	0.0	0.0	1.0	1.825	40	0.0	0.0	0.0			40					
control_vntr_matched	truth.d_panel_sum	truth edits to closest panel path (h1+h2)	0	poa_abpoa__all	40	0.0	0.0	1.0	1.825	40	0.0	0.0	0.0			40					
control_vntr_matched	truth.d_panel_sum	truth edits to closest panel path (h1+h2)	0	poa_spoa	39	0.0	0.0	1.0	1.8461538461538463	39	0.0	0.0	0.0			39					
control_vntr_matched	truth.d_panel_sum	truth edits to closest panel path (h1+h2)	0	poa_spoa__all	37	0.0	0.0	1.0	1.945945945945946	37	0.0	0.0	0.0			37					
control_vntr_matched	truth.d_panel_sum	truth edits to closest panel path (h1+h2)	0	poa_abpoa_mc	40	0.0	0.0	1.0	1.825	40	0.0	0.0	0.0			40					
control_vntr_matched	truth.d_panel_sum	truth edits to closest panel path (h1+h2)	0	poa_abpoa_mc__all	40	0.0	0.0	1.0	1.825	40	0.0	0.0	0.0			40					
control_vntr_matched	truth.d_panel_sum	truth edits to closest panel path (h1+h2)	0	unit_aware	40	0.0	0.0	1.0	1.825	40	0.0	0.0	0.0			40					
control_vntr_matched	truth.d_panel_sum	truth edits to closest panel path (h1+h2)	0	unit_aware__all	40	0.0	0.0	1.0	1.825	40	0.0	0.0	0.0			40					
control_vntr_matched	truth.truvari.raw_f1	truth-by-graph truvari F1, raw	1	mc	24	1.0	1.0	1.0	0.975												
control_vntr_matched	truth.truvari.raw_f1	truth-by-graph truvari F1, raw	1	mafft_fftns2	26	0.83335	0.258925	1.0	0.6110807692307693	24	0.0	-0.628575	0.0	0	11	13	0.0009765625				
control_vntr_matched	truth.truvari.raw_f1	truth-by-graph truvari F1, raw	1	mafft_fftns2__all	29	0.5714	0.0	1.0	0.5359896551724138	24	-0.25555000000000005	-0.5625	0.0	0	13	11	0.000244140625				
control_vntr_matched	truth.truvari.raw_f1	truth-by-graph truvari F1, raw	1	mafft_fftnsi__all	23	0.6667	0.25	1.0	0.6211217391304348	22	-0.057150000000000006	-0.6875	0.0	0	11	11	0.0009765625				
control_vntr_matched	truth.truvari.raw_f1	truth-by-graph truvari F1, raw	1	mafft_linsi	24	1.0	1.0	1.0	0.8480166666666666	24	0.0	0.0	0.0	1	4	19	0.125				
control_vntr_matched	truth.truvari.raw_f1	truth-by-graph truvari F1, raw	1	mafft_linsi__all	15	1.0	0.61905	1.0	0.8282533333333333	15	0.0	-0.38095	0.0	0	5	10	0.0625				
control_vntr_matched	truth.truvari.raw_f1	truth-by-graph truvari F1, raw	1	mafft_einsi	25	1.0	0.6667	1.0	0.774096	24	0.0	0.0	0.0	1	5	18	0.0625				
control_vntr_matched	truth.truvari.raw_f1	truth-by-graph truvari F1, raw	1	mafft_einsi__all	11	1.0	0.7857000000000001	1.0	0.8415545454545454	11	0.0	-0.2143	0.0	0	3	8	0.25				
control_vntr_matched	truth.truvari.raw_f1	truth-by-graph truvari F1, raw	1	mafft_ginsi	25	1.0	0.6667	1.0	0.774096	24	0.0	0.0	0.0	1	5	18	0.0625				
control_vntr_matched	truth.truvari.raw_f1	truth-by-graph truvari F1, raw	1	mafft_ginsi__all	11	1.0	0.4857	1.0	0.7171	11	0.0	-0.5143	0.0	0	5	6	0.0625				
control_vntr_matched	truth.truvari.raw_f1	truth-by-graph truvari F1, raw	1	poa_abpoa	25	1.0	0.4	1.0	0.7188559999999999	24	0.0	-0.40715	0.0	0	7	17	0.015625				
control_vntr_matched	truth.truvari.raw_f1	truth-by-graph truvari F1, raw	1	poa_abpoa__all	24	0.41664999999999996	0.0	1.0	0.4583333333333333	24	-0.5	-1.0	0.0	0	15	9	6.103515625e-05				
control_vntr_matched	truth.truvari.raw_f1	truth-by-graph truvari F1, raw	1	poa_spoa	24	0.6667	0.0	1.0	0.5324083333333333	23	-0.33330000000000004	-1.0	0.0	0	12	11	0.00048828125				
control_vntr_matched	truth.truvari.raw_f1	truth-by-graph truvari F1, raw	1	poa_spoa__all	24	0.0	0.0	1.0	0.35879583333333337	23	-1.0	-1.0	0.0	0	16	7	3.0517578125e-05				
control_vntr_matched	truth.truvari.raw_f1	truth-by-graph truvari F1, raw	1	poa_abpoa_mc	24	1.0	1.0	1.0	0.9057541666666666	24	0.0	0.0	0.0	1	3	20	0.25				
control_vntr_matched	truth.truvari.raw_f1	truth-by-graph truvari F1, raw	1	poa_abpoa_mc__all	26	1.0	0.5714	1.0	0.7554923076923077	24	0.0	-0.09999999999999998	0.0	0	6	18	0.03125				
control_vntr_matched	truth.truvari.raw_f1	truth-by-graph truvari F1, raw	1	unit_aware	24	0.38334999999999997	0.0	1.0	0.4763916666666667	24	-0.45	-1.0	0.0	0	14	10	0.0001220703125				
control_vntr_matched	truth.truvari.raw_f1	truth-by-graph truvari F1, raw	1	unit_aware__all	24	0.45	0.0	1.0	0.48194583333333335	24	-0.45	-1.0	0.0	0	14	10	0.0001220703125				
control_vntr_matched	truth.truvari.refined_f1	truth-by-graph truvari F1, refined	1	mc	24	1.0	1.0	1.0	0.975												
control_vntr_matched	truth.truvari.refined_f1	truth-by-graph truvari F1, refined	1	mafft_fftns2	26	1.0	0.625	1.0	0.7956038461538462	24	0.0	0.0	0.0	0	5	19	0.0625				
control_vntr_matched	truth.truvari.refined_f1	truth-by-graph truvari F1, refined	1	mafft_fftns2__all	29	1.0	0.4286	1.0	0.7289275862068966	24	0.0	0.0	0.0	0	5	19	0.0625				
control_vntr_matched	truth.truvari.refined_f1	truth-by-graph truvari F1, refined	1	mafft_fftnsi__all	23	1.0	1.0	1.0	0.8892347826086957	22	0.0	0.0	0.0	0	3	19	0.25				
control_vntr_matched	truth.truvari.refined_f1	truth-by-graph truvari F1, refined	1	mafft_linsi	24	1.0	1.0	1.0	0.9583333333333334	24	0.0	0.0	0.0	1	1	22	1.0				
control_vntr_matched	truth.truvari.refined_f1	truth-by-graph truvari F1, refined	1	mafft_linsi__all	15	1.0	1.0	1.0	0.9666666666666667	15	0.0	0.0	0.0	0	1	14	1.0				
control_vntr_matched	truth.truvari.refined_f1	truth-by-graph truvari F1, refined	1	mafft_einsi	25	1.0	1.0	1.0	0.9066679999999999	24	0.0	0.0	0.0	1	1	22	1.0				
control_vntr_matched	truth.truvari.refined_f1	truth-by-graph truvari F1, refined	1	mafft_einsi__all	11	1.0	1.0	1.0	1.0	11	0.0	0.0	0.0	0	0	11					
control_vntr_matched	truth.truvari.refined_f1	truth-by-graph truvari F1, refined	1	mafft_ginsi	25	1.0	1.0	1.0	0.92	24	0.0	0.0	0.0	1	1	22	1.0				
control_vntr_matched	truth.truvari.refined_f1	truth-by-graph truvari F1, refined	1	mafft_ginsi__all	11	1.0	1.0	1.0	1.0	11	0.0	0.0	0.0	0	0	11					
control_vntr_matched	truth.truvari.refined_f1	truth-by-graph truvari F1, refined	1	poa_abpoa	25	1.0	1.0	1.0	0.84	24	0.0	0.0	0.0	0	3	21	0.25				
control_vntr_matched	truth.truvari.refined_f1	truth-by-graph truvari F1, refined	1	poa_abpoa__all	24	1.0	0.875	1.0	0.7708333333333334	24	0.0	-0.09999999999999998	0.0	0	6	18	0.03125				
control_vntr_matched	truth.truvari.refined_f1	truth-by-graph truvari F1, refined	1	poa_spoa	24	1.0	1.0	1.0	0.7916666666666666	23	0.0	0.0	0.0	0	4	19	0.125				
control_vntr_matched	truth.truvari.refined_f1	truth-by-graph truvari F1, refined	1	poa_spoa__all	24	1.0	0.0	1.0	0.6319458333333333	23	0.0	-0.75	0.0	0	9	14	0.00390625				
control_vntr_matched	truth.truvari.refined_f1	truth-by-graph truvari F1, refined	1	poa_abpoa_mc	24	1.0	1.0	1.0	0.9652791666666666	24	0.0	0.0	0.0	1	1	22	1.0				
control_vntr_matched	truth.truvari.refined_f1	truth-by-graph truvari F1, refined	1	poa_abpoa_mc__all	26	1.0	1.0	1.0	0.8653846153846154	24	0.0	0.0	0.0	0	2	22	0.5				
control_vntr_matched	truth.truvari.refined_f1	truth-by-graph truvari F1, refined	1	unit_aware	24	1.0	1.0	1.0	0.8333333333333334	24	0.0	0.0	0.0	0	4	20	0.125				
control_vntr_matched	truth.truvari.refined_f1	truth-by-graph truvari F1, refined	1	unit_aware__all	24	1.0	0.375	1.0	0.7291666666666666	24	0.0	-0.42500000000000004	0.0	0	7	17	0.015625				
control_vntr_matched	truth.truvari.phab_f1	truth-by-graph truvari F1, whole-span phab	1	mc	23	1.0	1.0	1.0	1.0												
control_vntr_matched	truth.truvari.phab_f1	truth-by-graph truvari F1, whole-span phab	1	mafft_fftns2	23	1.0	1.0	1.0	0.9565217391304348	22	0.0	0.0	0.0	0	0	22					
control_vntr_matched	truth.truvari.phab_f1	truth-by-graph truvari F1, whole-span phab	1	mafft_fftns2__all	22	1.0	1.0	1.0	0.9545454545454546	21	0.0	0.0	0.0	0	0	21					
control_vntr_matched	truth.truvari.phab_f1	truth-by-graph truvari F1, whole-span phab	1	mafft_fftnsi__all	20	1.0	1.0	1.0	0.95	19	0.0	0.0	0.0	0	0	19					
control_vntr_matched	truth.truvari.phab_f1	truth-by-graph truvari F1, whole-span phab	1	mafft_linsi	22	1.0	1.0	1.0	1.0	22	0.0	0.0	0.0	0	0	22					
control_vntr_matched	truth.truvari.phab_f1	truth-by-graph truvari F1, whole-span phab	1	mafft_linsi__all	14	1.0	1.0	1.0	1.0	14	0.0	0.0	0.0	0	0	14					
control_vntr_matched	truth.truvari.phab_f1	truth-by-graph truvari F1, whole-span phab	1	mafft_einsi	22	1.0	1.0	1.0	1.0	22	0.0	0.0	0.0	0	0	22					
control_vntr_matched	truth.truvari.phab_f1	truth-by-graph truvari F1, whole-span phab	1	mafft_einsi__all	11	1.0	1.0	1.0	1.0	11	0.0	0.0	0.0	0	0	11					
control_vntr_matched	truth.truvari.phab_f1	truth-by-graph truvari F1, whole-span phab	1	mafft_ginsi	22	1.0	1.0	1.0	1.0	22	0.0	0.0	0.0	0	0	22					
control_vntr_matched	truth.truvari.phab_f1	truth-by-graph truvari F1, whole-span phab	1	mafft_ginsi__all	11	1.0	1.0	1.0	1.0	11	0.0	0.0	0.0	0	0	11					
control_vntr_matched	truth.truvari.phab_f1	truth-by-graph truvari F1, whole-span phab	1	poa_abpoa	21	1.0	1.0	1.0	1.0	21	0.0	0.0	0.0	0	0	21					
control_vntr_matched	truth.truvari.phab_f1	truth-by-graph truvari F1, whole-span phab	1	poa_abpoa__all	21	1.0	1.0	1.0	1.0	21	0.0	0.0	0.0	0	0	21					
control_vntr_matched	truth.truvari.phab_f1	truth-by-graph truvari F1, whole-span phab	1	poa_spoa	21	1.0	1.0	1.0	1.0	21	0.0	0.0	0.0	0	0	21					
control_vntr_matched	truth.truvari.phab_f1	truth-by-graph truvari F1, whole-span phab	1	poa_spoa__all	20	1.0	1.0	1.0	1.0	20	0.0	0.0	0.0	0	0	20					
control_vntr_matched	truth.truvari.phab_f1	truth-by-graph truvari F1, whole-span phab	1	poa_abpoa_mc	22	1.0	1.0	1.0	1.0	22	0.0	0.0	0.0	0	0	22					
control_vntr_matched	truth.truvari.phab_f1	truth-by-graph truvari F1, whole-span phab	1	poa_abpoa_mc__all	23	1.0	1.0	1.0	0.9565217391304348	22	0.0	0.0	0.0	0	0	22					
control_vntr_matched	truth.truvari.phab_f1	truth-by-graph truvari F1, whole-span phab	1	unit_aware	21	1.0	1.0	1.0	1.0	21	0.0	0.0	0.0	0	0	21					
control_vntr_matched	truth.truvari.phab_f1	truth-by-graph truvari F1, whole-span phab	1	unit_aware__all	21	1.0	1.0	1.0	1.0	21	0.0	0.0	0.0	0	0	21					
control_vntr_matched	truth.truvari.records_sv	truth-by-graph SV records	0	mc	40	1.0	0.0	1.0	0.925												
control_vntr_matched	truth.truvari.records_sv	truth-by-graph SV records	0	mafft_fftns2	40	1.0	0.0	2.0	1.375	40	0.0	0.0	1.0			28	0.01025390625				
control_vntr_matched	truth.truvari.records_sv	truth-by-graph SV records	0	mafft_fftns2__all	40	1.0	0.0	3.0	2.225	40	0.0	0.0	2.0			23	0.000244140625				
control_vntr_matched	truth.truvari.records_sv	truth-by-graph SV records	0	mafft_fftnsi__all	34	1.0	0.0	2.0	1.411764705882353	34	0.0	0.0	0.75			22	0.07763671875				
control_vntr_matched	truth.truvari.records_sv	truth-by-graph SV records	0	mafft_linsi	40	1.0	0.0	1.0	0.9	40	0.0	0.0	0.0			35	1.0				
control_vntr_matched	truth.truvari.records_sv	truth-by-graph SV records	0	mafft_linsi__all	27	1.0	0.0	1.5	1.0	27	0.0	0.0	0.0			22	0.8125				
control_vntr_matched	truth.truvari.records_sv	truth-by-graph SV records	0	mafft_einsi	40	1.0	0.0	1.0	0.925	40	0.0	0.0	0.0			34	1.0				
control_vntr_matched	truth.truvari.records_sv	truth-by-graph SV records	0	mafft_einsi__all	22	0.5	0.0	1.75	1.0	22	0.0	0.0	0.0			19	0.75				
control_vntr_matched	truth.truvari.records_sv	truth-by-graph SV records	0	mafft_ginsi	40	1.0	0.0	1.0	0.95	40	0.0	0.0	0.0			33	1.0				
control_vntr_matched	truth.truvari.records_sv	truth-by-graph SV records	0	mafft_ginsi__all	22	0.5	0.0	2.0	1.1363636363636365	22	0.0	0.0	0.0			17	0.3125				
control_vntr_matched	truth.truvari.records_sv	truth-by-graph SV records	0	poa_abpoa	40	1.0	0.0	1.0	0.925	40	0.0	0.0	0.0			33	0.796875				
control_vntr_matched	truth.truvari.records_sv	truth-by-graph SV records	0	poa_abpoa__all	40	1.0	0.0	1.25	1.15	40	0.0	0.0	0.0			28	0.49853515625				
control_vntr_matched	truth.truvari.records_sv	truth-by-graph SV records	0	poa_spoa	39	1.0	0.0	1.0	1.3076923076923077	39	0.0	0.0	0.0			28	0.50390625				
control_vntr_matched	truth.truvari.records_sv	truth-by-graph SV records	0	poa_spoa__all	37	1.0	0.0	1.0	1.2972972972972974	37	0.0	0.0	0.0			22	0.54888916015625				
control_vntr_matched	truth.truvari.records_sv	truth-by-graph SV records	0	poa_abpoa_mc	40	1.0	0.0	1.0	1.0	40	0.0	0.0	0.0			36	1.0				
control_vntr_matched	truth.truvari.records_sv	truth-by-graph SV records	0	poa_abpoa_mc__all	40	1.0	0.0	1.25	1.0	40	0.0	0.0	0.0			32	0.609375				
control_vntr_matched	truth.truvari.records_sv	truth-by-graph SV records	0	unit_aware	40	0.5	0.0	1.0	1.375	40	0.0	0.0	0.0			28	0.77001953125				
control_vntr_matched	truth.truvari.records_sv	truth-by-graph SV records	0	unit_aware__all	40	0.5	0.0	1.0	1.45	40	0.0	0.0	0.0			27	0.52734375				
control_vntr_matched	reads.all_unique	reads: unique placement	1	mc	40	0.8669	0.691825	0.96625	0.8031625												
control_vntr_matched	reads.all_unique	reads: unique placement	1	mafft_fftns2	40	0.8664499999999999	0.624025	0.95455	0.7746000000000001	40	-0.007099999999999995	-0.05125000000000002	0.00557500000000008	15	21	4	0.04422121457173489				
control_vntr_matched	reads.all_unique	reads: unique placement	1	mafft_fftns2__all	40	0.80995	0.60405	0.9557500000000001	0.740495	40	-0.015199999999999936	-0.09060000000000007	0.003325000000000078	12	26	2	0.0028193641774123535				
control_vntr_matched	reads.all_unique	reads: unique placement	1	mafft_fftnsi__all	34	0.8138000000000001	0.62595	0.960325	0.7646441176470589	34	-0.016099999999999948	-0.08127500000000001	0.006850000000000023	10	22	2	0.018431528005748987				
control_vntr_matched	reads.all_unique	reads: unique placement	1	mafft_linsi	40	0.89525	0.6577500000000001	0.9671749999999999	0.8208650000000001	40	0.0	-0.006450000000000039	0.01680000000000001	18	15	7	0.26412595831789076				
control_vntr_matched	reads.all_unique	reads: unique placement	1	mafft_linsi__all	27	0.8767	0.77235	0.95665	0.8271444444444443	27	0.0	-0.008700000000000041	0.017500000000000016	13	10	4	0.4274179935455322				
control_vntr_matched	reads.all_unique	reads: unique placement	1	mafft_einsi	40	0.89525	0.6577500000000001	0.971475	0.8247025000000001	40	0.0024500000000000077	-0.0039000000000000146	0.027125000000000038	22	13	5	0.060716775769833475				
control_vntr_matched	reads.all_unique	reads: unique placement	1	mafft_einsi__all	22	0.9287000000000001	0.7933	0.9746999999999999	0.8635954545454545	22	0.0	-0.005700000000000066	0.05557500000000007	10	7	5	0.2068939208984375				
control_vntr_matched	reads.all_unique	reads: unique placement	1	mafft_ginsi	40	0.89525	0.6577500000000001	0.9665	0.8199400000000001	40	0.0	-0.006450000000000039	0.01680000000000001	18	15	7	0.2878026426769793				
control_vntr_matched	reads.all_unique	reads: unique placement	1	mafft_ginsi__all	22	0.9156	0.786775	0.963375	0.8427863636363636	22	0.0	-0.014250000000000068	0.01292500000000002	8	10	4	0.932281494140625				
control_vntr_matched	reads.all_unique	reads: unique placement	1	poa_abpoa	40	0.8936999999999999	0.651525	0.9711	0.79882	40	0.0017499999999999738	-0.006575000000000053	0.01387500000000004	21	15	4	0.48660097617539577				
control_vntr_matched	reads.all_unique	reads: unique placement	1	poa_abpoa__all	40	0.8233	0.61295	0.96165	0.74915	40	-0.011350000000000027	-0.06567499999999996	0.004150000000000015	11	25	4	0.008164219470927492				
control_vntr_matched	reads.all_unique	reads: unique placement	1	poa_spoa	39	0.8352	0.6428499999999999	0.9713	0.7767307692307692	39	0.0	-0.0247	0.006550000000000056	15	19	5	0.3695251115132123				
control_vntr_matched	reads.all_unique	reads: unique placement	1	poa_spoa__all	37	0.7282	0.5339	0.9411	0.7109378378378378	37	-0.0494	-0.20980000000000004	-0.0007000000000000339	6	28	3	3.8463855162262917e-05				
control_vntr_matched	reads.all_unique	reads: unique placement	1	poa_abpoa_mc	40	0.86195	0.666525	0.97045	0.8140750000000001	40	0.0015000000000000568	-0.004500000000000032	0.023025000000000045	21	14	5	0.189775186823681				
control_vntr_matched	reads.all_unique	reads: unique placement	1	poa_abpoa_mc__all	40	0.9022	0.640225	0.97015	0.7997875	40	-0.0015499999999999958	-0.017275000000000026	0.009875000000000078	16	20	4	0.5575006054714322				
control_vntr_matched	reads.all_unique	reads: unique placement	1	unit_aware	40	0.8528	0.6371	0.9665999999999999	0.7850675	40	-0.0007000000000000339	-0.01739999999999997	0.0070750000000000535	15	20	5	0.3361067660734989				
control_vntr_matched	reads.all_unique	reads: unique placement	1	unit_aware__all	40	0.84045	0.583425	0.9657749999999999	0.7547275	40	-0.00824999999999998	-0.06550000000000003	0.0024000000000000132	12	25	3	0.011455442785518244				
control_vntr_matched	reads.all_redundant_only	reads: redundant (cross-walk) only	-1	mc	40	0.053750000000000006	0.011574999999999998	0.130875	0.08375												
control_vntr_matched	reads.all_redundant_only	reads: redundant (cross-walk) only	-1	mafft_fftns2	40	0.0693	0.0215	0.1491	0.11231	40	0.00715	-0.005575	0.051324999999999996	15	21	4	0.04422121457173489				
control_vntr_matched	reads.all_redundant_only	reads: redundant (cross-walk) only	-1	mafft_fftns2__all	40	0.08025	0.026675	0.183325	0.146425	40	0.0152	-0.003325	0.09059999999999999	12	26	2	0.0028193641774123535				
control_vntr_matched	reads.all_redundant_only	reads: redundant (cross-walk) only	-1	mafft_fftnsi__all	34	0.07744999999999999	0.02495	0.18235	0.12676764705882354	34	0.016149999999999998	-0.006825	0.08127500000000001	10	22	2	0.018431528005748987				
control_vntr_matched	reads.all_redundant_only	reads: redundant (cross-walk) only	-1	mafft_linsi	40	0.04235	0.010425	0.097575	0.06604750000000001	40	0.0	-0.016775	0.006425000000000001	18	15	7	0.26603350043296814				
control_vntr_matched	reads.all_redundant_only	reads: redundant (cross-walk) only	-1	mafft_linsi__all	27	0.0568	0.015050000000000001	0.089	0.06988518518518519	27	0.0	-0.0175	0.00875	13	10	4	0.43181610107421875				
control_vntr_matched	reads.all_redundant_only	reads: redundant (cross-walk) only	-1	mafft_einsi	40	0.0311	0.01055	0.081925	0.06221	40	-0.00245	-0.027125000000000003	0.003925	22	13	5	0.061889048141893				
control_vntr_matched	reads.all_redundant_only	reads: redundant (cross-walk) only	-1	mafft_einsi__all	22	0.0302	0.008	0.06355000000000001	0.04666363636363636	22	0.0	-0.05557500000000001	0.005725	10	7	5	0.211212158203125				
control_vntr_matched	reads.all_redundant_only	reads: redundant (cross-walk) only	-1	mafft_ginsi	40	0.04235	0.010425	0.097575	0.06697	40	0.0	-0.016775	0.006425000000000001	18	15	7	0.28577424050308764				
control_vntr_matched	reads.all_redundant_only	reads: redundant (cross-walk) only	-1	mafft_ginsi__all	22	0.05545	0.01085	0.077975	0.06746818181818182	22	0.0	-0.012925000000000002	0.014275000000000006	8	10	4	0.9407577514648438				
control_vntr_matched	reads.all_redundant_only	reads: redundant (cross-walk) only	-1	poa_abpoa	40	0.0348	0.011	0.1243	0.0881025	40	-0.0017500000000000007	-0.013875000000000012	0.0066	21	15	4	0.4890561629727017				
control_vntr_matched	reads.all_redundant_only	reads: redundant (cross-walk) only	-1	poa_abpoa__all	40	0.058050000000000004	0.015	0.1866	0.137765	40	0.011400000000000004	-0.0042250000000000005	0.06567500000000001	11	25	4	0.008164219470927492				
control_vntr_matched	reads.all_redundant_only	reads: redundant (cross-walk) only	-1	poa_spoa	39	0.0568	0.0129	0.16670000000000001	0.10852564102564102	39	0.0	-0.006500000000000002	0.0247	15	19	5	0.3695251115132123				
control_vntr_matched	reads.all_redundant_only	reads: redundant (cross-walk) only	-1	poa_spoa__all	37	0.1565	0.0218	0.2718	0.18062972972972974	37	0.0494	0.0006999999999999992	0.2098	6	28	3	3.8463855162262917e-05				
control_vntr_matched	reads.all_redundant_only	reads: redundant (cross-walk) only	-1	poa_abpoa_mc	40	0.0348	0.010624999999999999	0.120225	0.07284	40	-0.0015	-0.022949999999999998	0.004575	21	14	5	0.189775186823681				
control_vntr_matched	reads.all_redundant_only	reads: redundant (cross-walk) only	-1	poa_abpoa_mc__all	40	0.039099999999999996	0.012199999999999999	0.12645	0.0871225	40	0.0015499999999999993	-0.009899999999999996	0.017225	16	20	4	0.560126525873784				
control_vntr_matched	reads.all_redundant_only	reads: redundant (cross-walk) only	-1	unit_aware	40	0.06075	0.016	0.13419999999999999	0.10185249999999998	40	0.0006999999999999923	-0.007075000000000001	0.01745	15	20	5	0.3402465595281683				
control_vntr_matched	reads.all_redundant_only	reads: redundant (cross-walk) only	-1	unit_aware__all	40	0.06495000000000001	0.02035	0.20335	0.132195	40	0.008300000000000002	-0.0024250000000000035	0.06549999999999999	12	25	3	0.011586945489398204				
control_vntr_matched	reads.all_tandem	reads: tandem	0	mc	40	0.039999999999999994	0.009675	0.18025000000000002	0.11087												
control_vntr_matched	reads.all_tandem	reads: tandem	0	mafft_fftns2	40	0.039999999999999994	0.009675	0.18025000000000002	0.11087	40	0.0	0.0	0.0			40					
control_vntr_matched	reads.all_tandem	reads: tandem	0	mafft_fftns2__all	40	0.039999999999999994	0.009675	0.18025000000000002	0.11087	40	0.0	0.0	0.0			40					
control_vntr_matched	reads.all_tandem	reads: tandem	0	mafft_fftnsi__all	34	0.0402	0.011575	0.17267500000000002	0.10675000000000001	34	0.0	0.0	0.0			34					
control_vntr_matched	reads.all_tandem	reads: tandem	0	mafft_linsi	40	0.039999999999999994	0.009675	0.18025000000000002	0.11087	40	0.0	0.0	0.0			40					
control_vntr_matched	reads.all_tandem	reads: tandem	0	mafft_linsi__all	27	0.0319	0.00895	0.1622	0.10135555555555556	27	0.0	0.0	0.0			27					
control_vntr_matched	reads.all_tandem	reads: tandem	0	mafft_einsi	40	0.039999999999999994	0.009675	0.18025000000000002	0.11087	40	0.0	0.0	0.0			40					
control_vntr_matched	reads.all_tandem	reads: tandem	0	mafft_einsi__all	22	0.02715	0.008225	0.14907499999999999	0.08895	22	0.0	0.0	0.0			22					
control_vntr_matched	reads.all_tandem	reads: tandem	0	mafft_ginsi	40	0.039999999999999994	0.009675	0.18025000000000002	0.11087	40	0.0	0.0	0.0			40					
control_vntr_matched	reads.all_tandem	reads: tandem	0	mafft_ginsi__all	22	0.02715	0.008225	0.14907499999999999	0.08895	22	0.0	0.0	0.0			22					
control_vntr_matched	reads.all_tandem	reads: tandem	0	poa_abpoa	40	0.039999999999999994	0.009675	0.18025000000000002	0.11087	40	0.0	0.0	0.0			40					
control_vntr_matched	reads.all_tandem	reads: tandem	0	poa_abpoa__all	40	0.039999999999999994	0.009675	0.18025000000000002	0.11087	40	0.0	0.0	0.0			40					
control_vntr_matched	reads.all_tandem	reads: tandem	0	poa_spoa	39	0.0319	0.00895	0.1852	0.11247948717948719	39	0.0	0.0	0.0			39					
control_vntr_matched	reads.all_tandem	reads: tandem	0	poa_spoa__all	37	0.0319	0.0075	0.1753	0.10614324324324324	37	0.0	0.0	0.0			37					
control_vntr_matched	reads.all_tandem	reads: tandem	0	poa_abpoa_mc	40	0.039999999999999994	0.009675	0.18025000000000002	0.11087	40	0.0	0.0	0.0			40					
control_vntr_matched	reads.all_tandem	reads: tandem	0	poa_abpoa_mc__all	40	0.039999999999999994	0.009675	0.18025000000000002	0.11087	40	0.0	0.0	0.0			40					
control_vntr_matched	reads.all_tandem	reads: tandem	0	unit_aware	40	0.039999999999999994	0.009675	0.18025000000000002	0.11087	40	0.0	0.0	0.0			40					
control_vntr_matched	reads.all_tandem	reads: tandem	0	unit_aware__all	40	0.039999999999999994	0.009675	0.18025000000000002	0.11087	40	0.0	0.0	0.0			40					
control_vntr_matched	reads.all_ratio_mean	reads: placements / max per path	-1	mc	40	1.0714000000000001	1.0118	1.1677499999999998	1.1596025												
control_vntr_matched	reads.all_ratio_mean	reads: placements / max per path	-1	mafft_fftns2	40	1.09355	1.0243499999999999	1.2254749999999999	1.222665	40	0.00714999999999999	-0.006799999999999973	0.09625	15	22	3	0.024069789767963812				
control_vntr_matched	reads.all_ratio_mean	reads: placements / max per path	-1	mafft_fftns2__all	40	1.10395	1.029325	1.31665	1.315305	40	0.021950000000000136	-0.004950000000000121	0.21612500000000007	13	25	2	0.0014659234075224958				
control_vntr_matched	reads.all_ratio_mean	reads: placements / max per path	-1	mafft_fftnsi__all	34	1.1008	1.0300500000000001	1.2825499999999999	1.271929411764706	34	0.019000000000000017	-0.008950000000000069	0.17179999999999995	12	20	2	0.01113977748900652				
control_vntr_matched	reads.all_ratio_mean	reads: placements / max per path	-1	mafft_linsi	40	1.0568	1.013825	1.1148250000000002	1.1132775000000001	40	-0.00034999999999996145	-0.022924999999999973	0.004950000000000121	20	15	5	0.16708607721375301				
control_vntr_matched	reads.all_ratio_mean	reads: placements / max per path	-1	mafft_linsi__all	27	1.067	1.01735	1.16595	1.1007333333333333	27	-0.0023999999999999577	-0.024700000000000055	0.008749999999999925	14	10	3	0.39414334297180176				
control_vntr_matched	reads.all_ratio_mean	reads: placements / max per path	-1	mafft_einsi	40	1.04315	1.01105	1.1149	1.1016375	40	-0.003150000000000097	-0.045024999999999926	0.004125000000000045	23	13	4	0.04293397153378464				
control_vntr_matched	reads.all_ratio_mean	reads: placements / max per path	-1	mafft_einsi__all	22	1.0361	1.009775	1.08575	1.0642363636363636	22	0.0	-0.06240000000000012	0.00572499999999998	10	8	4	0.18146514892578125				
control_vntr_matched	reads.all_ratio_mean	reads: placements / max per path	-1	mafft_ginsi	40	1.06055	1.013825	1.1146749999999999	1.1132149999999998	40	-0.00034999999999996145	-0.022924999999999973	0.004950000000000121	20	15	5	0.18558061885414645				
control_vntr_matched	reads.all_ratio_mean	reads: placements / max per path	-1	mafft_ginsi__all	22	1.0682	1.01085	1.117575	1.093668181818182	22	0.0	-0.02847500000000014	0.014425000000000021	9	10	3	0.77557373046875				
control_vntr_matched	reads.all_ratio_mean	reads: placements / max per path	-1	poa_abpoa	40	1.0424	1.0130000000000001	1.16995	1.1400525	40	-0.0021499999999999853	-0.020100000000000062	0.008274999999999866	21	16	3	0.4438837910856819				
control_vntr_matched	reads.all_ratio_mean	reads: placements / max per path	-1	poa_abpoa__all	40	1.0918999999999999	1.0151750000000002	1.317925	1.2397	40	0.011799999999999922	-0.004475000000000007	0.12980000000000008	12	26	2	0.008338230160006788				
control_vntr_matched	reads.all_ratio_mean	reads: placements / max per path	-1	poa_spoa	39	1.0748	1.01425	1.2549000000000001	1.186276923076923	39	0.0	-0.008199999999999985	0.02664999999999995	16	19	4	0.463314147782512				
control_vntr_matched	reads.all_ratio_mean	reads: placements / max per path	-1	poa_spoa__all	37	1.2384	1.0309	1.4504	1.3173756756756756	37	0.11699999999999999	0.0010999999999998789	0.2679999999999998	5	30	2	2.156151458621025e-05				
control_vntr_matched	reads.all_ratio_mean	reads: placements / max per path	-1	poa_abpoa_mc	40	1.0443	1.0118	1.1415	1.1109975	40	-0.0035000000000000586	-0.04607499999999992	0.004950000000000121	23	13	4	0.08042118430603296				
control_vntr_matched	reads.all_ratio_mean	reads: placements / max per path	-1	poa_abpoa_mc__all	40	1.04695	1.012325	1.2147000000000001	1.167205	40	0.000500000000000056	-0.011649999999999938	0.028900000000000092	17	20	3	0.4111045015451964				
control_vntr_matched	reads.all_ratio_mean	reads: placements / max per path	-1	unit_aware	40	1.0824	1.016175	1.1910749999999999	1.1666349999999999	40	0.0034999999999999476	-0.010699999999999987	0.01742500000000008	15	22	3	0.45740611373912543				
control_vntr_matched	reads.all_ratio_mean	reads: placements / max per path	-1	unit_aware__all	40	1.09335	1.021625	1.3262749999999999	1.2395725	40	0.00945000000000007	0.0	0.14020000000000005	9	29	2	0.0056469563278369606				
control_vntr_matched	reads.mqlt5_redundant_only	reads MAPQ<5: redundant only	-1	mc	40	0.1148	0.025500000000000002	0.334525	0.194475												
control_vntr_matched	reads.mqlt5_redundant_only	reads MAPQ<5: redundant only	-1	mafft_fftns2	40	0.088	0.0357	0.22667500000000002	0.14623	40	-0.0016499999999999987	-0.1303	0.03307499999999994	20	12	8	0.06441017100587487				
control_vntr_matched	reads.mqlt5_redundant_only	reads MAPQ<5: redundant only	-1	mafft_fftns2__all	40	0.08345	0.03255	0.264	0.1733125	40	0.0	-0.053775	0.046875	16	17	7	0.6979853340890259				
control_vntr_matched	reads.mqlt5_redundant_only	reads MAPQ<5: redundant only	-1	mafft_fftnsi__all	34	0.0802	0.034600000000000006	0.25165	0.1540764705882353	34	0.0	-0.092175	0.0442	12	16	6	0.5369088649749756				
control_vntr_matched	reads.mqlt5_redundant_only	reads MAPQ<5: redundant only	-1	mafft_linsi	40	0.04375	0.014525	0.16945	0.10543	40	-0.023500000000000014	-0.161625	0.0	24	5	11	2.417340874671936e-05				
control_vntr_matched	reads.mqlt5_redundant_only	reads MAPQ<5: redundant only	-1	mafft_linsi__all	27	0.0813	0.00805	0.20915	0.11854074074074074	27	-0.025000000000000022	-0.12095	0.0	14	3	10	0.0006561279296875				
control_vntr_matched	reads.mqlt5_redundant_only	reads MAPQ<5: redundant only	-1	mafft_einsi	40	0.04025	0.01115	0.16945	0.10629	40	-0.021900000000000003	-0.16397499999999998	0.0	23	5	12	2.7455389499664307e-05				
control_vntr_matched	reads.mqlt5_redundant_only	reads MAPQ<5: redundant only	-1	mafft_einsi__all	22	0.036500000000000005	0.0	0.166125	0.08629545454545455	22	-0.015600000000000003	-0.15975	0.0	11	2	9	0.00244140625				
control_vntr_matched	reads.mqlt5_redundant_only	reads MAPQ<5: redundant only	-1	mafft_ginsi	40	0.04375	0.014525	0.16945	0.1056025	40	-0.023500000000000014	-0.161625	0.0	24	5	11	2.417340874671936e-05				
control_vntr_matched	reads.mqlt5_redundant_only	reads MAPQ<5: redundant only	-1	mafft_ginsi__all	22	0.05945	0.0	0.18187499999999998	0.09807727272727274	22	0.0	-0.13165000000000002	0.0	10	3	9	0.006103515625				
control_vntr_matched	reads.mqlt5_redundant_only	reads MAPQ<5: redundant only	-1	poa_abpoa	40	0.07285	0.01565	0.22344999999999998	0.1195025	40	-0.013500000000000009	-0.106075	0.0	22	6	12	0.0007921457290649414				
control_vntr_matched	reads.mqlt5_redundant_only	reads MAPQ<5: redundant only	-1	poa_abpoa__all	40	0.10725000000000001	0.030525	0.25282499999999997	0.1568525	40	0.0	-0.050975	0.035425	15	14	11	0.44202057644724846				
control_vntr_matched	reads.mqlt5_redundant_only	reads MAPQ<5: redundant only	-1	poa_spoa	39	0.0927	0.0188	0.2276	0.1501948717948718	39	0.0	-0.05424999999999999	0.02414999999999998	15	13	11	0.17823376506567				
control_vntr_matched	reads.mqlt5_redundant_only	reads MAPQ<5: redundant only	-1	poa_spoa__all	37	0.1875	0.0345	0.3182	0.20089189189189188	37	0.0	0.0	0.06939999999999996	9	18	10	0.3607836216688156				
control_vntr_matched	reads.mqlt5_redundant_only	reads MAPQ<5: redundant only	-1	poa_abpoa_mc	40	0.07685	0.0144	0.19105	0.11659749999999999	40	-0.01955	-0.1218	0.0	22	7	11	0.000368364155292511				
control_vntr_matched	reads.mqlt5_redundant_only	reads MAPQ<5: redundant only	-1	poa_abpoa_mc__all	40	0.0882	0.028225	0.23672500000000002	0.1372	40	0.0	-0.07822499999999999	0.006199999999999987	17	13	10	0.03098480962216854				
control_vntr_matched	reads.mqlt5_redundant_only	reads MAPQ<5: redundant only	-1	unit_aware	40	0.09345	0.02945	0.2032	0.146945	40	0.0	-0.07665000000000001	0.019799999999999995	18	13	9	0.13016566075384617				
control_vntr_matched	reads.mqlt5_redundant_only	reads MAPQ<5: redundant only	-1	unit_aware__all	40	0.0864	0.030525	0.28845	0.16509000000000001	40	-0.0016499999999999987	-0.04627499999999998	0.020849999999999994	20	12	8	0.20822975458577275				
control_vntr_matched	reads.mqlt5_ratio_mean	reads MAPQ<5: placements / max per path	-1	mc	40	1.2134	1.034575	1.4604	1.3178475												
control_vntr_matched	reads.mqlt5_ratio_mean	reads MAPQ<5: placements / max per path	-1	mafft_fftns2	40	1.14255	1.0448	1.3519999999999999	1.3137575	40	0.0	-0.09125000000000005	0.0640750000000001	19	16	5	0.7802071108599193				
control_vntr_matched	reads.mqlt5_ratio_mean	reads MAPQ<5: placements / max per path	-1	mafft_fftns2__all	40	1.17425	1.05965	1.57055	1.4484724999999998	40	0.0	-0.0296249999999999	0.2859	15	19	6	0.0874475616728887				
control_vntr_matched	reads.mqlt5_ratio_mean	reads MAPQ<5: placements / max per path	-1	mafft_fftnsi__all	34	1.17265	1.0508000000000002	1.492	1.38445	34	0.0	-0.05167500000000008	0.14294999999999997	12	15	7	0.27924175560474396				
control_vntr_matched	reads.mqlt5_ratio_mean	reads MAPQ<5: placements / max per path	-1	mafft_linsi	40	1.0905	1.019775	1.2367249999999999	1.172675	40	-0.032399999999999984	-0.25	0.0	26	5	9	1.0380521416664124e-05				
control_vntr_matched	reads.mqlt5_ratio_mean	reads MAPQ<5: placements / max per path	-1	mafft_linsi__all	27	1.1389	1.0119	1.3192	1.179437037037037	27	-0.02639999999999998	-0.14870000000000005	0.0	15	5	7	0.002712249755859375				
control_vntr_matched	reads.mqlt5_ratio_mean	reads MAPQ<5: placements / max per path	-1	mafft_einsi	40	1.09385	1.019775	1.2255500000000001	1.1736425000000001	40	-0.028550000000000075	-0.25	0.0	25	6	9	2.4879351258277893e-05				
control_vntr_matched	reads.mqlt5_ratio_mean	reads MAPQ<5: placements / max per path	-1	mafft_einsi__all	22	1.05775	1.00085	1.222275	1.1239818181818182	22	-0.012950000000000017	-0.2298	0.0	11	4	7	0.0067138671875				
control_vntr_matched	reads.mqlt5_ratio_mean	reads MAPQ<5: placements / max per path	-1	mafft_ginsi	40	1.0905	1.019775	1.2367249999999999	1.1718125000000001	40	-0.032399999999999984	-0.25	0.0	26	5	9	1.0380521416664124e-05				
control_vntr_matched	reads.mqlt5_ratio_mean	reads MAPQ<5: placements / max per path	-1	mafft_ginsi__all	22	1.0926	1.00085	1.29285	1.152940909090909	22	-0.012950000000000017	-0.1527500000000001	0.0	11	4	7	0.01025390625				
control_vntr_matched	reads.mqlt5_ratio_mean	reads MAPQ<5: placements / max per path	-1	poa_abpoa	40	1.0941	1.019775	1.2686000000000002	1.20473	40	-0.02265000000000006	-0.16817500000000002	0.0	23	8	9	0.005086471326649189				
control_vntr_matched	reads.mqlt5_ratio_mean	reads MAPQ<5: placements / max per path	-1	poa_abpoa__all	40	1.1341999999999999	1.0325499999999999	1.512475	1.3192724999999998	40	0.0	-0.0392249999999999	0.12457500000000005	14	17	9	0.7793471785262227				
control_vntr_matched	reads.mqlt5_ratio_mean	reads MAPQ<5: placements / max per path	-1	poa_spoa	39	1.1049	1.0257999999999998	1.44205	1.2848589743589742	39	0.0	-0.056599999999999984	0.04299999999999993	16	14	9	0.5596319548785686				
control_vntr_matched	reads.mqlt5_ratio_mean	reads MAPQ<5: placements / max per path	-1	poa_spoa__all	37	1.2167	1.042	1.5972	1.4252135135135136	37	0.05559999999999987	0.0	0.31930000000000014	8	22	7	0.022378576919436455				
control_vntr_matched	reads.mqlt5_ratio_mean	reads MAPQ<5: placements / max per path	-1	poa_abpoa_mc	40	1.0975000000000001	1.0285	1.2539	1.18377	40	-0.023700000000000054	-0.173775	0.0	24	8	8	0.00033454643562436104				
control_vntr_matched	reads.mqlt5_ratio_mean	reads MAPQ<5: placements / max per path	-1	poa_abpoa_mc__all	40	1.12775	1.034575	1.383075	1.2674275	40	0.0	-0.12244999999999995	0.03889999999999999	17	15	8	0.23122967779636383				
control_vntr_matched	reads.mqlt5_ratio_mean	reads MAPQ<5: placements / max per path	-1	unit_aware	40	1.12085	1.0390249999999999	1.3399999999999999	1.26598	40	0.0	-0.07037500000000008	0.02905000000000002	18	14	8	0.35953784734010696				
control_vntr_matched	reads.mqlt5_ratio_mean	reads MAPQ<5: placements / max per path	-1	unit_aware__all	40	1.2238	1.036675	1.4655	1.349465	40	0.00024999999999986144	-0.04487499999999994	0.11757499999999993	13	20	7	0.42373644234612584				
control_vntr_matched	truth.truvari.pooled_raw_f1	pooled truvari F1 raw	1	mc	40	0.9577464788732395			0.9577464788732395									34	0	34	3
control_vntr_matched	truth.truvari.pooled_refined_f1	pooled truvari F1 refined	1	mc	40	0.9577464788732395			0.9577464788732395									34	0	34	3
control_vntr_matched	truth.truvari.pooled_phab_f1	pooled truvari F1 phab	1	mc	40	1.0			1.0									33	0	33	0
control_vntr_matched	truth.truvari.pooled_raw_f1	pooled truvari F1 raw	1	mafft_fftns2	40	0.5842696629213483			0.5842696629213483									26	8	26	29
control_vntr_matched	truth.truvari.pooled_refined_f1	pooled truvari F1 refined	1	mafft_fftns2	40	0.8319594166138238			0.8319594166138238									32	2	41	14
control_vntr_matched	truth.truvari.pooled_phab_f1	pooled truvari F1 phab	1	mafft_fftns2	40	0.9666666666666666			0.9666666666666666									29	0	29	2
control_vntr_matched	truth.truvari.pooled_raw_f1	pooled truvari F1 raw	1	mafft_fftns2__all	40	0.39024390243902435			0.39024390243902435									24	10	24	65
control_vntr_matched	truth.truvari.pooled_refined_f1	pooled truvari F1 refined	1	mafft_fftns2__all	40	0.6348820238384821			0.6348820238384821									29	5	45	44
control_vntr_matched	truth.truvari.pooled_phab_f1	pooled truvari F1 phab	1	mafft_fftns2__all	40	0.962962962962963			0.962962962962963									26	0	26	2
control_vntr_matched	truth.truvari.pooled_raw_f1	pooled truvari F1 raw	1	mafft_fftnsi__all	34	0.525			0.525									21	11	21	27
control_vntr_matched	truth.truvari.pooled_refined_f1	pooled truvari F1 refined	1	mafft_fftnsi__all	34	0.8794378698224853			0.8794378698224853									29	3	41	7
control_vntr_matched	truth.truvari.pooled_phab_f1	pooled truvari F1 phab	1	mafft_fftnsi__all	34	0.9600000000000001			0.9600000000000001									24	0	24	2
control_vntr_matched	truth.truvari.pooled_raw_f1	pooled truvari F1 raw	1	mafft_linsi	40	0.7714285714285715			0.7714285714285715									27	7	27	9
control_vntr_matched	truth.truvari.pooled_refined_f1	pooled truvari F1 refined	1	mafft_linsi	40	0.9538461538461539			0.9538461538461539									31	3	36	0
control_vntr_matched	truth.truvari.pooled_phab_f1	pooled truvari F1 phab	1	mafft_linsi	40	1.0			1.0									29	0	29	0
control_vntr_matched	truth.truvari.pooled_raw_f1	pooled truvari F1 raw	1	mafft_linsi__all	27	0.7307692307692308			0.7307692307692308									19	6	19	8
control_vntr_matched	truth.truvari.pooled_refined_f1	pooled truvari F1 refined	1	mafft_linsi__all	27	0.9583333333333334			0.9583333333333334									23	2	27	0
control_vntr_matched	truth.truvari.pooled_phab_f1	pooled truvari F1 phab	1	mafft_linsi__all	27	1.0			1.0									21	0	21	0
control_vntr_matched	truth.truvari.pooled_raw_f1	pooled truvari F1 raw	1	mafft_einsi	40	0.7323943661971832			0.7323943661971832									26	8	26	11
control_vntr_matched	truth.truvari.pooled_refined_f1	pooled truvari F1 refined	1	mafft_einsi	40	0.928540864356012			0.928540864356012									31	3	35	2
control_vntr_matched	truth.truvari.pooled_phab_f1	pooled truvari F1 phab	1	mafft_einsi	40	1.0			1.0									29	0	29	0
control_vntr_matched	truth.truvari.pooled_raw_f1	pooled truvari F1 raw	1	mafft_einsi__all	22	0.7317073170731707			0.7317073170731707									15	4	15	7
control_vntr_matched	truth.truvari.pooled_refined_f1	pooled truvari F1 refined	1	mafft_einsi__all	22	1.0			1.0									19	0	22	0
control_vntr_matched	truth.truvari.pooled_phab_f1	pooled truvari F1 phab	1	mafft_einsi__all	22	1.0			1.0									18	0	18	0
control_vntr_matched	truth.truvari.pooled_raw_f1	pooled truvari F1 raw	1	mafft_ginsi	40	0.7222222222222222			0.7222222222222222									26	8	26	12
control_vntr_matched	truth.truvari.pooled_refined_f1	pooled truvari F1 refined	1	mafft_ginsi	40	0.9417077175697866			0.9417077175697866									31	3	37	1
control_vntr_matched	truth.truvari.pooled_phab_f1	pooled truvari F1 phab	1	mafft_ginsi	40	1.0			1.0									29	0	29	0
control_vntr_matched	truth.truvari.pooled_raw_f1	pooled truvari F1 raw	1	mafft_ginsi__all	22	0.6363636363636364			0.6363636363636364									14	5	14	11
control_vntr_matched	truth.truvari.pooled_refined_f1	pooled truvari F1 refined	1	mafft_ginsi__all	22	1.0			1.0									19	0	25	0
control_vntr_matched	truth.truvari.pooled_phab_f1	pooled truvari F1 phab	1	mafft_ginsi__all	22	1.0			1.0									18	0	18	0
control_vntr_matched	truth.truvari.pooled_raw_f1	pooled truvari F1 raw	1	poa_abpoa	40	0.6478873239436619			0.6478873239436619									23	11	23	14
control_vntr_matched	truth.truvari.pooled_refined_f1	pooled truvari F1 refined	1	poa_abpoa	40	0.8805031446540881			0.8805031446540881									28	6	35	2
control_vntr_matched	truth.truvari.pooled_phab_f1	pooled truvari F1 phab	1	poa_abpoa	40	1.0			1.0									27	0	27	0
control_vntr_matched	truth.truvari.pooled_raw_f1	pooled truvari F1 raw	1	poa_abpoa__all	40	0.39999999999999997			0.39999999999999997									16	18	16	30
control_vntr_matched	truth.truvari.pooled_refined_f1	pooled truvari F1 refined	1	poa_abpoa__all	40	0.8323170731707316			0.8323170731707316									26	8	42	4
control_vntr_matched	truth.truvari.pooled_phab_f1	pooled truvari F1 phab	1	poa_abpoa__all	40	1.0			1.0									27	0	27	0
control_vntr_matched	truth.truvari.pooled_raw_f1	pooled truvari F1 raw	1	poa_spoa	39	0.40476190476190477			0.40476190476190477									17	16	17	34
control_vntr_matched	truth.truvari.pooled_refined_f1	pooled truvari F1 refined	1	poa_spoa	39	0.7464454976303319			0.7464454976303319									27	6	35	16
control_vntr_matched	truth.truvari.pooled_phab_f1	pooled truvari F1 phab	1	poa_spoa	39	1.0			1.0									27	0	27	0
control_vntr_matched	truth.truvari.pooled_raw_f1	pooled truvari F1 raw	1	poa_spoa__all	37	0.2962962962962963			0.2962962962962963									12	21	12	36
control_vntr_matched	truth.truvari.pooled_refined_f1	pooled truvari F1 refined	1	poa_spoa__all	37	0.6956521739130435			0.6956521739130435									24	9	32	16
control_vntr_matched	truth.truvari.pooled_phab_f1	pooled truvari F1 phab	1	poa_spoa__all	37	1.0			1.0									25	0	25	0
control_vntr_matched	truth.truvari.pooled_raw_f1	pooled truvari F1 raw	1	poa_abpoa_mc	40	0.8108108108108107			0.8108108108108107									30	4	30	10
control_vntr_matched	truth.truvari.pooled_refined_f1	pooled truvari F1 refined	1	poa_abpoa_mc	40	0.9577897160399079			0.9577897160399079									32	2	39	1
control_vntr_matched	truth.truvari.pooled_phab_f1	pooled truvari F1 phab	1	poa_abpoa_mc	40	1.0			1.0									30	0	30	0
control_vntr_matched	truth.truvari.pooled_raw_f1	pooled truvari F1 raw	1	poa_abpoa_mc__all	40	0.7297297297297296			0.7297297297297296									27	7	27	13
control_vntr_matched	truth.truvari.pooled_refined_f1	pooled truvari F1 refined	1	poa_abpoa_mc__all	40	0.8930041152263375			0.8930041152263375									31	3	35	5
control_vntr_matched	truth.truvari.pooled_phab_f1	pooled truvari F1 phab	1	poa_abpoa_mc__all	40	0.9666666666666666			0.9666666666666666									29	0	29	2
control_vntr_matched	truth.truvari.pooled_raw_f1	pooled truvari F1 raw	1	unit_aware	40	0.3228285933897002			0.3228285933897002									15	19	14	41
control_vntr_matched	truth.truvari.pooled_refined_f1	pooled truvari F1 refined	1	unit_aware	40	0.9032258064516129			0.9032258064516129									28	6	55	0
control_vntr_matched	truth.truvari.pooled_phab_f1	pooled truvari F1 phab	1	unit_aware	40	1.0			1.0									26	0	26	0
control_vntr_matched	truth.truvari.pooled_raw_f1	pooled truvari F1 raw	1	unit_aware__all	40	0.3043478260869565			0.3043478260869565									14	20	14	44
control_vntr_matched	truth.truvari.pooled_refined_f1	pooled truvari F1 refined	1	unit_aware__all	40	0.7438692098092643			0.7438692098092643									26	8	42	16
control_vntr_matched	truth.truvari.pooled_phab_f1	pooled truvari F1 phab	1	unit_aware__all	40	1.0			1.0									26	0	26	0
control_vntr_correct	size.nodes_per_kb	nodes / CHM13 kb	-1	mc	25	85.79	52.72	136.44	104.0844												
control_vntr_correct	size.nodes_per_kb	nodes / CHM13 kb	-1	mafft_fftns2	25	18.91	14.66	58.32	48.2684	25	-43.75	-76.05	-22.900000000000006	22	3	0	4.5418739318847656e-05				
control_vntr_correct	size.nodes_per_kb	nodes / CHM13 kb	-1	mafft_fftns2__all	25	19.77	14.16	52.56	48.458400000000005	25	-48.64999999999999	-78.69999999999999	-26.21	23	2	0	0.000102996826171875				
control_vntr_correct	size.nodes_per_kb	nodes / CHM13 kb	-1	mafft_fftnsi__all	25	19.2	14.16	52.2	46.916000000000004	25	-49.77000000000001	-77.17999999999999	-25.85	23	2	0	3.1948089599609375e-05				
control_vntr_correct	size.nodes_per_kb	nodes / CHM13 kb	-1	mafft_linsi	25	18.62	13.92	53.64	39.181999999999995	25	-49.77000000000001	-77.15	-26.21	23	2	0	1.9669532775878906e-06				
control_vntr_correct	size.nodes_per_kb	nodes / CHM13 kb	-1	mafft_linsi__all	20	15.379999999999999	12.817499999999999	54.515	33.503	20	-42.76	-76.9175	-25.145000000000003	19	1	0	3.62396240234375e-05				
control_vntr_correct	size.nodes_per_kb	nodes / CHM13 kb	-1	mafft_einsi	25	15.29	12.62	29.74	30.2216	25	-49.77000000000001	-89.15	-26.710000000000008	25	0	0	5.960464477539063e-08				
control_vntr_correct	size.nodes_per_kb	nodes / CHM13 kb	-1	mafft_einsi__all	18	14.175	10.2525	21.200000000000003	20.822777777777777	18	-45.95	-77.0725	-26.27	18	0	0	7.62939453125e-06				
control_vntr_correct	size.nodes_per_kb	nodes / CHM13 kb	-1	mafft_ginsi	25	30.22	14.07	58.44	42.9816	25	-49.77000000000001	-77.15	-26.21	23	2	0	1.0073184967041016e-05				
control_vntr_correct	size.nodes_per_kb	nodes / CHM13 kb	-1	mafft_ginsi__all	18	19.645	13.6675	58.412499999999994	35.47888888888889	18	-42.76	-74.935	-23.015	16	2	0	0.00067138671875				
control_vntr_correct	size.nodes_per_kb	nodes / CHM13 kb	-1	poa_abpoa	25	18.62	12.62	77.1	50.4808	25	-34.099999999999994	-73.88000000000001	-19.200000000000003	22	3	0	5.3882598876953125e-05				
control_vntr_correct	size.nodes_per_kb	nodes / CHM13 kb	-1	poa_abpoa__all	25	67.89	18.91	119.14	80.3996	25	-21.66	-36.31	-2.489999999999995	19	6	0	0.0801958441734314				
control_vntr_correct	size.nodes_per_kb	nodes / CHM13 kb	-1	poa_spoa	25	18.34	12.22	80.53	51.533199999999994	25	-43.97	-76.84	-12.100000000000001	20	5	0	0.0011548399925231934				
control_vntr_correct	size.nodes_per_kb	nodes / CHM13 kb	-1	poa_spoa__all	24	45.665	21.287499999999998	124.0775	78.30208333333333	24	-15.365000000000002	-38.11	17.752499999999976	16	8	0	0.1355280876159668				
control_vntr_correct	size.nodes_per_kb	nodes / CHM13 kb	-1	poa_abpoa_mc	25	15.29	12.62	29.5	29.52	25	-52.91	-83.73	-30.75	25	0	0	5.960464477539063e-08				
control_vntr_correct	size.nodes_per_kb	nodes / CHM13 kb	-1	poa_abpoa_mc__all	25	21.74	13.66	40.94	35.5	25	-52.330000000000005	-76.78999999999999	-26.449999999999996	25	0	0	5.960464477539063e-08				
control_vntr_correct	size.nodes_per_kb	nodes / CHM13 kb	-1	unit_aware	25	25.83	14.27	74.23	54.702	25	-50.16000000000001	-76.04	-12.120000000000001	19	6	0	0.00806879997253418				
control_vntr_correct	size.nodes_per_kb	nodes / CHM13 kb	-1	unit_aware__all	25	33.33	16.16	55.9	51.864799999999995	25	-49.38000000000001	-71.65	-19.25	21	4	0	0.0014527440071105957				
control_vntr_correct	size.node_len_mean	mean node bp	1	mc	25	12.265	9.829	19.347	17.87328												
control_vntr_correct	size.node_len_mean	mean node bp	1	mafft_fftns2	25	60.022	18.494	71.452	65.1366	25	41.53999999999999	11.017	57.485	23	2	0	1.9669532775878906e-06				
control_vntr_correct	size.node_len_mean	mean node bp	1	mafft_fftns2__all	25	54.706	20.696	72.676	62.9534	25	38.988	9.942000000000002	56.431	23	2	0	8.344650268554688e-07				
control_vntr_correct	size.node_len_mean	mean node bp	1	mafft_fftnsi__all	25	55.122	20.837	73.951	63.208679999999994	25	38.062	10.387	59.867999999999995	23	2	0	8.344650268554688e-07				
control_vntr_correct	size.node_len_mean	mean node bp	1	mafft_linsi	25	60.022	19.803	77.868	62.05052	25	42.921	11.264	67.844	24	1	0	4.172325134277344e-06				
control_vntr_correct	size.node_len_mean	mean node bp	1	mafft_linsi__all	20	68.8835	19.298	86.47449999999999	67.02015	20	49.22	7.7247499999999985	71.76624999999999	19	1	0	6.29425048828125e-05				
control_vntr_correct	size.node_len_mean	mean node bp	1	mafft_einsi	25	69.481	34.444	93.031	78.48952	25	55.196999999999996	24.569000000000003	79.822	25	0	0	5.960464477539063e-08				
control_vntr_correct	size.node_len_mean	mean node bp	1	mafft_einsi__all	18	76.207	47.61325	105.634	91.05155555555555	18	59.0615	31.821749999999998	86.91975000000001	18	0	0	7.62939453125e-06				
control_vntr_correct	size.node_len_mean	mean node bp	1	mafft_ginsi	25	33.73	19.174	74.568	55.09804	25	23.854999999999997	7.180999999999997	59.867999999999995	23	2	0	4.5418739318847656e-05				
control_vntr_correct	size.node_len_mean	mean node bp	1	mafft_ginsi__all	18	55.957499999999996	18.43775	77.56075	60.863388888888885	18	34.828	7.125500000000002	67.40324999999999	16	2	0	0.00128936767578125				
control_vntr_correct	size.node_len_mean	mean node bp	1	poa_abpoa	25	61.064	14.282	86.971	71.24340000000001	25	43.70399999999999	3.367000000000001	77.32	22	3	0	4.172325134277344e-06				
control_vntr_correct	size.node_len_mean	mean node bp	1	poa_abpoa__all	25	15.148	9.334	61.064	51.14992	25	6.176	-0.2619999999999987	35.906	18	7	0	0.0012963414192199707				
control_vntr_correct	size.node_len_mean	mean node bp	1	poa_spoa	25	61.064	17.704	87.323	69.71548	25	37.993	3.367000000000001	77.32	20	5	0	3.1948089599609375e-05				
control_vntr_correct	size.node_len_mean	mean node bp	1	poa_spoa__all	24	22.939999999999998	8.6965	53.03375	45.84704166666666	24	8.0115	-1.1267499999999993	42.924	15	9	0	0.00433504581451416				
control_vntr_correct	size.node_len_mean	mean node bp	1	poa_abpoa_mc	25	69.481	34.35	93.031	79.66976	25	53.193	24.475	79.822	25	0	0	5.960464477539063e-08				
control_vntr_correct	size.node_len_mean	mean node bp	1	poa_abpoa_mc__all	25	53.286	25.781	77.868	70.19564	25	40.410000000000004	21.355	59.867999999999995	25	0	0	5.960464477539063e-08				
control_vntr_correct	size.node_len_mean	mean node bp	1	unit_aware	25	38.968	17.37	74.568	55.667	25	24.466	3.367000000000001	61.946	19	6	0	0.00016230344772338867				
control_vntr_correct	size.node_len_mean	mean node bp	1	unit_aware__all	25	30.685	18.437	67.789	50.40264	25	20.439999999999998	10.491	55.312	21	4	0	4.5418739318847656e-05				
control_vntr_correct	size.node_len_median	median node bp	1	mc	25	2.0	1.0	3.0	2.14												
control_vntr_correct	size.node_len_median	median node bp	1	mafft_fftns2	25	1.0	1.0	2.0	6.42	25	0.0	-1.0	0.0	2	10	13	0.21728515625				
control_vntr_correct	size.node_len_median	median node bp	1	mafft_fftns2__all	25	1.0	1.0	2.0	6.7	25	0.0	-1.0	0.0	6	10	9	0.898712158203125				
control_vntr_correct	size.node_len_median	median node bp	1	mafft_fftnsi__all	25	1.0	1.0	2.0	6.5	25	0.0	-1.0	0.0	4	10	11	0.4871826171875				
control_vntr_correct	size.node_len_median	median node bp	1	mafft_linsi	25	1.0	1.0	2.0	1.78	25	0.0	-1.0	0.0	3	11	11	0.1636962890625				
control_vntr_correct	size.node_len_median	median node bp	1	mafft_linsi__all	20	1.0	1.0	1.25	1.9	20	-0.25	-1.125	0.0	3	10	7	0.294921875				
control_vntr_correct	size.node_len_median	median node bp	1	mafft_einsi	25	1.0	1.0	2.0	6.54	25	0.0	-1.0	0.0	4	8	13	0.56591796875				
control_vntr_correct	size.node_len_median	median node bp	1	mafft_einsi__all	18	1.0	1.0	2.0	10.583333333333334	18	0.0	-1.0	0.0	4	8	6	0.56591796875				
control_vntr_correct	size.node_len_median	median node bp	1	mafft_ginsi	25	1.0	1.0	2.0	1.66	25	0.0	-1.0	0.0	2	11	12	0.043701171875				
control_vntr_correct	size.node_len_median	median node bp	1	mafft_ginsi__all	18	1.0	1.0	1.0	1.6944444444444444	18	-0.75	-1.375	0.0	1	10	7	0.0517578125				
control_vntr_correct	size.node_len_median	median node bp	1	poa_abpoa	25	1.0	1.0	2.0	8.04	25	0.0	-1.0	0.0	4	9	12	0.64599609375				
control_vntr_correct	size.node_len_median	median node bp	1	poa_abpoa__all	25	1.0	1.0	2.0	8.0	25	0.0	-1.0	0.0	3	10	12	0.484619140625				
control_vntr_correct	size.node_len_median	median node bp	1	poa_spoa	25	1.0	1.0	2.0	8.34	25	0.0	-1.0	0.0	5	8	12	0.905029296875				
control_vntr_correct	size.node_len_median	median node bp	1	poa_spoa__all	24	1.0	1.0	2.0	2.0	24	0.0	-1.0	0.0	3	10	11	0.381103515625				
control_vntr_correct	size.node_len_median	median node bp	1	poa_abpoa_mc	25	1.0	1.0	2.0	7.98	25	0.0	-1.0	0.0	4	9	12	0.598876953125				
control_vntr_correct	size.node_len_median	median node bp	1	poa_abpoa_mc__all	25	1.0	1.0	2.0	5.0	25	0.0	-1.0	0.0	5	7	13	0.7744140625				
control_vntr_correct	size.node_len_median	median node bp	1	unit_aware	25	1.0	1.0	2.5	2.14	25	0.0	-1.0	0.0	6	9	10	0.70343017578125				
control_vntr_correct	size.node_len_median	median node bp	1	unit_aware__all	25	1.0	1.0	3.0	2.02	25	0.0	-1.0	0.0	5	9	11	0.7684326171875				
control_vntr_correct	size.node_frac_1bp	frac 1-bp nodes	-1	mc	25	0.4826	0.4286	0.5364	0.48016400000000004												
control_vntr_correct	size.node_frac_1bp	frac 1-bp nodes	-1	mafft_fftns2	25	0.5455	0.4762	0.5882	0.53204	25	0.05349999999999999	0.006199999999999983	0.09900000000000003	6	19	0	0.000429689884185791				
control_vntr_correct	size.node_frac_1bp	frac 1-bp nodes	-1	mafft_fftns2__all	25	0.5396	0.4872	0.5672	0.5218039999999999	25	0.050000000000000044	0.012499999999999956	0.07850000000000001	3	22	0	0.0011548399925231934				
control_vntr_correct	size.node_frac_1bp	frac 1-bp nodes	-1	mafft_fftnsi__all	25	0.5469	0.5	0.5747	0.527252	25	0.045499999999999985	0.022399999999999975	0.0797	3	22	0	0.00028705596923828125				
control_vntr_correct	size.node_frac_1bp	frac 1-bp nodes	-1	mafft_linsi	25	0.5312	0.5	0.5632	0.52216	25	0.05720000000000003	0.016799999999999926	0.08230000000000004	5	20	0	0.011453330516815186				
control_vntr_correct	size.node_frac_1bp	frac 1-bp nodes	-1	mafft_linsi__all	20	0.52705	0.5050250000000001	0.56685	0.524745	20	0.06045000000000003	0.010774999999999951	0.08222499999999998	5	15	0	0.01923370361328125				
control_vntr_correct	size.node_frac_1bp	frac 1-bp nodes	-1	mafft_einsi	25	0.5263	0.4901	0.5556	0.51404	25	0.0484	-0.011099999999999999	0.0806	8	17	0	0.011453330516815186				
control_vntr_correct	size.node_frac_1bp	frac 1-bp nodes	-1	mafft_einsi__all	18	0.52705	0.494975	0.5482750000000001	0.5109555555555556	18	0.05525000000000002	-0.02639999999999998	0.08119999999999998	6	12	0	0.0897674560546875				
control_vntr_correct	size.node_frac_1bp	frac 1-bp nodes	-1	mafft_ginsi	25	0.531	0.5	0.5769	0.52876	25	0.055800000000000016	0.016799999999999926	0.08230000000000004	5	20	0	0.0011548399925231934				
control_vntr_correct	size.node_frac_1bp	frac 1-bp nodes	-1	mafft_ginsi__all	18	0.52915	0.512575	0.56845	0.5340111111111111	18	0.06045000000000003	0.026299999999999976	0.080575	4	14	0	0.0055999755859375				
control_vntr_correct	size.node_frac_1bp	frac 1-bp nodes	-1	poa_abpoa	25	0.5312	0.5	0.5565	0.5185200000000001	25	0.03460000000000002	0.0013999999999999568	0.08139999999999997	6	19	0	0.004604637622833252				
control_vntr_correct	size.node_frac_1bp	frac 1-bp nodes	-1	poa_abpoa__all	25	0.5455	0.5	0.58	0.536196	25	0.05820000000000003	0.0262	0.09819999999999995	3	22	0	8.803606033325195e-05				
control_vntr_correct	size.node_frac_1bp	frac 1-bp nodes	-1	poa_spoa	25	0.5319	0.4839	0.5769	0.5198160000000001	25	0.03460000000000002	-0.03149999999999997	0.09039999999999998	7	18	0	0.02747941017150879				
control_vntr_correct	size.node_frac_1bp	frac 1-bp nodes	-1	poa_spoa__all	24	0.54295	0.45105	0.5742	0.5186708333333333	24	0.04685	0.018874999999999947	0.08302499999999997	4	20	0	0.0031430721282958984				
control_vntr_correct	size.node_frac_1bp	frac 1-bp nodes	-1	poa_abpoa_mc	25	0.5263	0.5	0.5556	0.512052	25	0.04200000000000004	-0.011099999999999999	0.07379999999999998	8	17	0	0.010510802268981934				
control_vntr_correct	size.node_frac_1bp	frac 1-bp nodes	-1	poa_abpoa_mc__all	25	0.5263	0.4545	0.5714	0.51304	25	0.03920000000000001	-0.0040000000000000036	0.06829999999999992	7	18	0	0.013554692268371582				
control_vntr_correct	size.node_frac_1bp	frac 1-bp nodes	-1	unit_aware	25	0.5235	0.458	0.5726	0.507356	25	0.045499999999999985	-0.03400000000000003	0.08230000000000004	9	16	0	0.17295855283737183				
control_vntr_correct	size.node_frac_1bp	frac 1-bp nodes	-1	unit_aware__all	25	0.5172	0.4211	0.5581	0.488484	25	0.01150000000000001	-0.03400000000000003	0.06709999999999994	10	15	0	0.42614197731018066				
control_vntr_correct	size.edges_per_kb	edges / CHM13 kb	-1	mc	25	88.4	60.45	148.77	116.45280000000001												
control_vntr_correct	size.edges_per_kb	edges / CHM13 kb	-1	mafft_fftns2	25	26.36	19.65	82.03	66.756	25	-44.129999999999995	-77.47	-21.31	21	4	0	0.00028705596923828125				
control_vntr_correct	size.edges_per_kb	edges / CHM13 kb	-1	mafft_fftns2__all	25	26.65	19.37	73.51	67.382	25	-47.94	-84.49000000000001	-26.21	23	2	0	0.0009118914604187012				
control_vntr_correct	size.edges_per_kb	edges / CHM13 kb	-1	mafft_fftnsi__all	25	26.65	19.37	73.15	64.9764	25	-49.76	-84.49000000000001	-25.84	23	2	0	0.0003764033317565918				
control_vntr_correct	size.edges_per_kb	edges / CHM13 kb	-1	mafft_linsi	25	26.07	18.32	72.84	53.7072	25	-49.76	-85.96000000000001	-26.21	23	2	0	1.0073184967041016e-05				
control_vntr_correct	size.edges_per_kb	edges / CHM13 kb	-1	mafft_linsi__all	20	21.445	17.27	73.89750000000001	45.2755	20	-41.34	-78.7775	-24.2975	19	1	0	0.000133514404296875				
control_vntr_correct	size.edges_per_kb	edges / CHM13 kb	-1	mafft_einsi	25	21.11	16.56	41.5	41.7064	25	-49.76	-89.36	-27.3	25	0	0	5.960464477539063e-08				
control_vntr_correct	size.edges_per_kb	edges / CHM13 kb	-1	mafft_einsi__all	18	18.905	13.182500000000001	29.865	28.15722222222222	18	-45.59	-83.68	-26.4825	18	0	0	7.62939453125e-06				
control_vntr_correct	size.edges_per_kb	edges / CHM13 kb	-1	mafft_ginsi	25	41.98	18.63	77.69	58.7704	25	-49.76	-85.96000000000001	-26.21	22	3	0	8.803606033325195e-05				
control_vntr_correct	size.edges_per_kb	edges / CHM13 kb	-1	mafft_ginsi__all	18	26.815	18.2675	78.6425	47.80555555555556	18	-41.34	-72.3475	-18.905000000000005	16	2	0	0.00336456298828125				
control_vntr_correct	size.edges_per_kb	edges / CHM13 kb	-1	poa_abpoa	25	26.07	16.56	107.48	69.7912	25	-29.700000000000003	-75.07	-12.550000000000011	22	3	0	0.0010271072387695312				
control_vntr_correct	size.edges_per_kb	edges / CHM13 kb	-1	poa_abpoa__all	25	90.64	26.36	165.38	111.0552	25	-12.86	-33.64	16.689999999999984	14	11	0	0.5782062411308289				
control_vntr_correct	size.edges_per_kb	edges / CHM13 kb	-1	poa_spoa	25	25.79	16.17	108.46	71.6748	25	-35.010000000000005	-76.84	-11.689999999999998	19	6	0	0.017312347888946533				
control_vntr_correct	size.edges_per_kb	edges / CHM13 kb	-1	poa_spoa__all	24	63.004999999999995	29.0675	172.10750000000002	108.90541666666667	24	-14.334999999999999	-33.57000000000001	44.64250000000001	15	9	0	0.9664472341537476				
control_vntr_correct	size.edges_per_kb	edges / CHM13 kb	-1	poa_abpoa_mc	25	21.11	16.56	41.26	40.723600000000005	25	-53.620000000000005	-85.96000000000001	-30.230000000000004	25	0	0	5.960464477539063e-08				
control_vntr_correct	size.edges_per_kb	edges / CHM13 kb	-1	poa_abpoa_mc__all	25	29.83	18.32	56.18	49.247600000000006	25	-49.76	-76.84	-27.3	25	0	0	5.960464477539063e-08				
control_vntr_correct	size.edges_per_kb	edges / CHM13 kb	-1	unit_aware	25	36.66	19.29	106.04	76.5176	25	-38.31	-77.71000000000001	-11.979999999999999	19	6	0	0.06670159101486206				
control_vntr_correct	size.edges_per_kb	edges / CHM13 kb	-1	unit_aware__all	25	47.32	21.67	80.06	73.9432	25	-37.53	-71.62	-14.920000000000002	21	4	0	0.0059871673583984375				
control_vntr_correct	size.bubbles	top-level bubbles	0	mc	25	14.0	7.0	18.0	16.6												
control_vntr_correct	size.bubbles	top-level bubbles	0	mafft_fftns2	25	15.0	9.0	26.0	21.2	25	1.0	0.0	3.0			6	0.15826034545898438				
control_vntr_correct	size.bubbles	top-level bubbles	0	mafft_fftns2__all	25	14.0	10.0	25.0	22.56	25	1.0	0.0	5.0			7	0.020721435546875				
control_vntr_correct	size.bubbles	top-level bubbles	0	mafft_fftnsi__all	25	14.0	10.0	23.0	22.32	25	0.0	0.0	4.0			7	0.06006622314453125				
control_vntr_correct	size.bubbles	top-level bubbles	0	mafft_linsi	25	15.0	10.0	31.0	23.0	25	0.0	0.0	5.0			8	0.1737823486328125				
control_vntr_correct	size.bubbles	top-level bubbles	0	mafft_linsi__all	20	14.5	10.25	30.25	24.05	20	0.5	0.0	7.25			6	0.1304931640625				
control_vntr_correct	size.bubbles	top-level bubbles	0	mafft_einsi	25	10.0	7.0	16.0	14.04	25	0.0	-1.0	0.0			12	0.166015625				
control_vntr_correct	size.bubbles	top-level bubbles	0	mafft_einsi__all	18	10.0	7.25	14.0	14.222222222222221	18	0.0	-1.75	0.0			8	0.283203125				
control_vntr_correct	size.bubbles	top-level bubbles	0	mafft_ginsi	25	15.0	11.0	40.0	26.24	25	0.0	0.0	6.0			8	0.123138427734375				
control_vntr_correct	size.bubbles	top-level bubbles	0	mafft_ginsi__all	18	16.0	11.25	39.0	26.61111111111111	18	1.0	0.0	12.5			5	0.114013671875				
control_vntr_correct	size.bubbles	top-level bubbles	0	poa_abpoa	25	13.0	7.0	20.0	27.52	25	0.0	-1.0	4.0			7	0.09125518798828125				
control_vntr_correct	size.bubbles	top-level bubbles	0	poa_abpoa__all	25	26.0	12.0	93.0	50.96	25	11.0	0.0	69.0			4	9.5367431640625e-06				
control_vntr_correct	size.bubbles	top-level bubbles	0	poa_spoa	25	14.0	7.0	38.0	31.84	25	0.0	-1.0	31.0			8	0.063812255859375				
control_vntr_correct	size.bubbles	top-level bubbles	0	poa_spoa__all	24	36.5	16.25	92.5	53.166666666666664	24	21.5	3.25	64.0			3	3.814697265625e-06				
control_vntr_correct	size.bubbles	top-level bubbles	0	poa_abpoa_mc	25	10.0	7.0	15.0	13.72	25	0.0	-3.0	0.0			8	0.0377197265625				
control_vntr_correct	size.bubbles	top-level bubbles	0	poa_abpoa_mc__all	25	14.0	8.0	19.0	16.88	25	0.0	-1.0	1.0			10	0.79376220703125				
control_vntr_correct	size.bubbles	top-level bubbles	0	unit_aware	25	18.0	9.0	40.0	33.52	25	2.0	0.0	25.0			4	0.016086578369140625				
control_vntr_correct	size.bubbles	top-level bubbles	0	unit_aware__all	25	18.0	11.0	33.0	28.68	25	3.0	0.0	13.0			5	0.0049571990966796875				
control_vntr_correct	size.largest_bubble_alleles	alleles, largest bubble	0	mc	25	3.0	2.0	4.0	5.44												
control_vntr_correct	size.largest_bubble_alleles	alleles, largest bubble	0	mafft_fftns2	25	3.0	2.0	4.0	5.6	25	0.0	0.0	0.0			15	0.607421875				
control_vntr_correct	size.largest_bubble_alleles	alleles, largest bubble	0	mafft_fftns2__all	25	3.0	2.0	5.0	5.72	25	0.0	0.0	0.0			17	0.1796875				
control_vntr_correct	size.largest_bubble_alleles	alleles, largest bubble	0	mafft_fftnsi__all	25	3.0	2.0	5.0	5.72	25	0.0	0.0	0.0			19	0.15625				
control_vntr_correct	size.largest_bubble_alleles	alleles, largest bubble	0	mafft_linsi	25	3.0	2.0	4.0	5.36	25	0.0	0.0	0.0			19	1.0				
control_vntr_correct	size.largest_bubble_alleles	alleles, largest bubble	0	mafft_linsi__all	20	2.0	2.0	3.0	3.05	20	0.0	0.0	0.0			15	0.4375				
control_vntr_correct	size.largest_bubble_alleles	alleles, largest bubble	0	mafft_einsi	25	3.0	2.0	4.0	5.44	25	0.0	0.0	0.0			22	1.0				
control_vntr_correct	size.largest_bubble_alleles	alleles, largest bubble	0	mafft_einsi__all	18	2.5	2.0	3.75	3.3333333333333335	18	0.0	0.0	0.0			14	0.75				
control_vntr_correct	size.largest_bubble_alleles	alleles, largest bubble	0	mafft_ginsi	25	3.0	2.0	4.0	5.36	25	0.0	0.0	0.0			19	1.0				
control_vntr_correct	size.largest_bubble_alleles	alleles, largest bubble	0	mafft_ginsi__all	18	2.0	2.0	3.0	3.111111111111111	18	0.0	0.0	0.0			13	0.75				
control_vntr_correct	size.largest_bubble_alleles	alleles, largest bubble	0	poa_abpoa	25	3.0	2.0	4.0	5.56	25	0.0	0.0	0.0			16	0.484375				
control_vntr_correct	size.largest_bubble_alleles	alleles, largest bubble	0	poa_abpoa__all	25	3.0	2.0	5.0	5.32	25	0.0	0.0	0.0			15	0.994140625				
control_vntr_correct	size.largest_bubble_alleles	alleles, largest bubble	0	poa_spoa	25	3.0	2.0	5.0	5.64	25	0.0	0.0	1.0			14	0.4072265625				
control_vntr_correct	size.largest_bubble_alleles	alleles, largest bubble	0	poa_spoa__all	24	3.0	2.0	4.0	5.083333333333333	24	0.0	0.0	1.0			12	0.8623046875				
control_vntr_correct	size.largest_bubble_alleles	alleles, largest bubble	0	poa_abpoa_mc	25	3.0	2.0	4.0	5.48	25	0.0	0.0	0.0			20	1.0				
control_vntr_correct	size.largest_bubble_alleles	alleles, largest bubble	0	poa_abpoa_mc__all	25	3.0	2.0	4.0	5.28	25	0.0	0.0	0.0			20	0.25				
control_vntr_correct	size.largest_bubble_alleles	alleles, largest bubble	0	unit_aware	25	3.0	2.0	4.0	4.88	25	0.0	0.0	0.0			17	0.46875				
control_vntr_correct	size.largest_bubble_alleles	alleles, largest bubble	0	unit_aware__all	25	3.0	2.0	4.0	4.56	25	0.0	0.0	0.0			16	0.12890625				
control_vntr_correct	size.distinct_walks	distinct walks	0	mc	25	8.0	6.0	11.0	9.28												
control_vntr_correct	size.distinct_walks	distinct walks	0	mafft_fftns2	25	8.0	6.0	11.0	9.28	25	0.0	0.0	0.0			25					
control_vntr_correct	size.distinct_walks	distinct walks	0	mafft_fftns2__all	25	8.0	6.0	11.0	9.28	25	0.0	0.0	0.0			25					
control_vntr_correct	size.distinct_walks	distinct walks	0	mafft_fftnsi__all	25	8.0	6.0	11.0	9.28	25	0.0	0.0	0.0			25					
control_vntr_correct	size.distinct_walks	distinct walks	0	mafft_linsi	25	8.0	6.0	11.0	9.28	25	0.0	0.0	0.0			25					
control_vntr_correct	size.distinct_walks	distinct walks	0	mafft_linsi__all	20	7.5	6.0	9.25	7.75	20	0.0	0.0	0.0			20					
control_vntr_correct	size.distinct_walks	distinct walks	0	mafft_einsi	25	8.0	6.0	11.0	9.28	25	0.0	0.0	0.0			25					
control_vntr_correct	size.distinct_walks	distinct walks	0	mafft_einsi__all	18	7.0	6.0	9.0	7.388888888888889	18	0.0	0.0	0.0			18					
control_vntr_correct	size.distinct_walks	distinct walks	0	mafft_ginsi	25	8.0	6.0	11.0	9.28	25	0.0	0.0	0.0			25					
control_vntr_correct	size.distinct_walks	distinct walks	0	mafft_ginsi__all	18	7.0	6.0	9.0	7.388888888888889	18	0.0	0.0	0.0			18					
control_vntr_correct	size.distinct_walks	distinct walks	0	poa_abpoa	25	8.0	6.0	11.0	9.28	25	0.0	0.0	0.0			25					
control_vntr_correct	size.distinct_walks	distinct walks	0	poa_abpoa__all	25	8.0	6.0	11.0	9.28	25	0.0	0.0	0.0			25					
control_vntr_correct	size.distinct_walks	distinct walks	0	poa_spoa	25	8.0	6.0	11.0	9.28	25	0.0	0.0	0.0			25					
control_vntr_correct	size.distinct_walks	distinct walks	0	poa_spoa__all	24	7.5	6.0	10.25	9.166666666666666	24	0.0	0.0	0.0			24					
control_vntr_correct	size.distinct_walks	distinct walks	0	poa_abpoa_mc	25	8.0	6.0	11.0	9.28	25	0.0	0.0	0.0			25					
control_vntr_correct	size.distinct_walks	distinct walks	0	poa_abpoa_mc__all	25	8.0	6.0	11.0	9.28	25	0.0	0.0	0.0			25					
control_vntr_correct	size.distinct_walks	distinct walks	0	unit_aware	25	8.0	6.0	11.0	9.28	25	0.0	0.0	0.0			25					
control_vntr_correct	size.distinct_walks	distinct walks	0	unit_aware__all	25	8.0	6.0	11.0	9.28	25	0.0	0.0	0.0			25					
control_vntr_correct	alignment.all_cost_over_opt	cost/opt, all pairs	-1	mc	25	1.0146	1.0023	1.1329	1.155484												
control_vntr_correct	alignment.all_cost_over_opt	cost/opt, all pairs	-1	mafft_fftns2	25	1.0566	1.0038	1.1959	1.232036	25	0.0	-0.014699999999999935	0.10760000000000014	10	10	5	0.7561664581298828				
control_vntr_correct	alignment.all_cost_over_opt	cost/opt, all pairs	-1	mafft_fftns2__all	25	1.042	1.0072	1.2464	1.6408600000000002	25	0.0033999999999998476	-0.000600000000000156	0.029200000000000115	7	13	5	0.058258056640625				
control_vntr_correct	alignment.all_cost_over_opt	cost/opt, all pairs	-1	mafft_fftnsi__all	25	1.0358	1.0067	1.1928	1.551508	25	0.0	-0.0020000000000000018	0.022199999999999998	8	12	5	0.36827659606933594				
control_vntr_correct	alignment.all_cost_over_opt	cost/opt, all pairs	-1	mafft_linsi	25	1.0149	1.0027	1.0492	1.046788	25	0.0	-0.029099999999999904	0.0009999999999998899	12	8	5	0.069580078125				
control_vntr_correct	alignment.all_cost_over_opt	cost/opt, all pairs	-1	mafft_linsi__all	20	1.0345	1.002375	1.05135	1.05146	20	0.0	-0.0381749999999999	0.007924999999999904	6	9	5	0.52447509765625				
control_vntr_correct	alignment.all_cost_over_opt	cost/opt, all pairs	-1	mafft_einsi	25	1.0067	1.0015	1.045	1.042644	25	-0.00029999999999996696	-0.01629999999999998	0.0	14	3	8	0.0053253173828125				
control_vntr_correct	alignment.all_cost_over_opt	cost/opt, all pairs	-1	mafft_einsi__all	18	1.0057999999999998	1.00105	1.0417999999999998	1.0471555555555556	18	0.0	-0.0729249999999999	0.0009000000000000674	6	5	7	0.2060546875				
control_vntr_correct	alignment.all_cost_over_opt	cost/opt, all pairs	-1	mafft_ginsi	25	1.0342	1.004	1.0529	1.052292	25	0.0	-0.029099999999999904	0.0020999999999999908	12	8	5	0.16495704650878906				
control_vntr_correct	alignment.all_cost_over_opt	cost/opt, all pairs	-1	mafft_ginsi__all	18	1.0345	1.0023499999999999	1.0557500000000002	1.0591944444444445	18	0.0	-0.07632499999999992	0.010824999999999974	6	7	5	0.454833984375				
control_vntr_correct	alignment.all_cost_over_opt	cost/opt, all pairs	-1	poa_abpoa	25	1.0065	1.0019	1.0492	1.0318720000000001	25	-0.00039999999999995595	-0.131	0.0	13	6	6	0.025821685791015625				
control_vntr_correct	alignment.all_cost_over_opt	cost/opt, all pairs	-1	poa_abpoa__all	25	1.0771	1.0029	1.1569	1.192188	25	0.0	-0.053999999999999826	0.05689999999999995	12	10	3	1.0				
control_vntr_correct	alignment.all_cost_over_opt	cost/opt, all pairs	-1	poa_spoa	25	1.0046	1.0019	1.0264	1.020372	25	-0.00890000000000013	-0.131	0.0	16	4	5	0.002712249755859375				
control_vntr_correct	alignment.all_cost_over_opt	cost/opt, all pairs	-1	poa_spoa__all	24	1.0655000000000001	1.016075	1.1262	1.0898416666666666	24	-0.00014999999999998348	-0.11657500000000004	0.08222499999999999	12	9	3	0.47333431243896484				
control_vntr_correct	alignment.all_cost_over_opt	cost/opt, all pairs	-1	poa_abpoa_mc	25	1.0067	1.0023	1.045	1.0465559999999998	25	-0.00039999999999995595	-0.013700000000000045	0.0	14	4	7	0.01593017578125				
control_vntr_correct	alignment.all_cost_over_opt	cost/opt, all pairs	-1	poa_abpoa_mc__all	25	1.0242	1.0026	1.0597	1.097108	25	0.0	-0.0013000000000000789	0.008299999999999974	9	9	7	0.7417526245117188				
control_vntr_correct	alignment.all_cost_over_opt	cost/opt, all pairs	-1	unit_aware	25	1.0149	1.0027	1.0434	1.024932	25	-0.007800000000000029	-0.11020000000000008	0.0018000000000000238	14	9	2	0.02542257308959961				
control_vntr_correct	alignment.all_cost_over_opt	cost/opt, all pairs	-1	unit_aware__all	25	1.017	1.0038	1.0548	1.04734	25	-0.00020000000000020002	-0.04849999999999999	0.0041999999999999815	13	11	1	0.27681541442871094				
control_vntr_correct	alignment.all_pair_ratio_median	cost/opt, median pair	-1	mc	25	1.0	1.0	1.0087	1.0448359999999999												
control_vntr_correct	alignment.all_pair_ratio_median	cost/opt, median pair	-1	mafft_fftns2	25	1.0085	1.0	1.1224	1.933152	25	0.0	0.0	0.00869999999999993	3	11	11	0.0784912109375				
control_vntr_correct	alignment.all_pair_ratio_median	cost/opt, median pair	-1	mafft_fftns2__all	25	1.0035	1.0	1.2636	1.6739959999999998	25	0.0	0.0	0.03059999999999996	4	9	12	0.039794921875				
control_vntr_correct	alignment.all_pair_ratio_median	cost/opt, median pair	-1	mafft_fftnsi__all	25	1.0035	1.0	1.0588	1.603268	25	0.0	0.0	0.01309999999999989	4	9	12	0.09423828125				
control_vntr_correct	alignment.all_pair_ratio_median	cost/opt, median pair	-1	mafft_linsi	25	1.0	1.0	1.0196	1.034352	25	0.0	0.0	0.0	6	5	14	0.6845703125				
control_vntr_correct	alignment.all_pair_ratio_median	cost/opt, median pair	-1	mafft_linsi__all	20	1.0	1.0	1.0263499999999999	1.04132	20	0.0	0.0	0.011449999999999905	2	7	11	0.09765625				
control_vntr_correct	alignment.all_pair_ratio_median	cost/opt, median pair	-1	mafft_einsi	25	1.0	1.0	1.0109	1.034064	25	0.0	0.0	0.0	6	3	16	0.49609375				
control_vntr_correct	alignment.all_pair_ratio_median	cost/opt, median pair	-1	mafft_einsi__all	18	1.0	1.0	1.0093999999999999	1.0417999999999998	18	0.0	0.0	0.0	2	4	12	0.4375				
control_vntr_correct	alignment.all_pair_ratio_median	cost/opt, median pair	-1	mafft_ginsi	25	1.0	1.0	1.0196	1.03518	25	0.0	0.0	0.0	5	6	14	1.0				
control_vntr_correct	alignment.all_pair_ratio_median	cost/opt, median pair	-1	mafft_ginsi__all	18	1.0	1.0	1.034075	1.0447055555555556	18	0.0	0.0	0.011424999999999963	2	6	10	0.1484375				
control_vntr_correct	alignment.all_pair_ratio_median	cost/opt, median pair	-1	poa_abpoa	25	1.0	1.0	1.0325	1.024272	25	0.0	0.0	0.0	5	6	14	0.8310546875				
control_vntr_correct	alignment.all_pair_ratio_median	cost/opt, median pair	-1	poa_abpoa__all	25	1.0177	1.0	1.1455	1.188448	25	0.0	0.0	0.08000000000000007	5	10	10	0.10699462890625				
control_vntr_correct	alignment.all_pair_ratio_median	cost/opt, median pair	-1	poa_spoa	25	1.0	1.0	1.0087	1.0136	25	0.0	-0.000500000000000167	0.0	7	4	14	0.365234375				
control_vntr_correct	alignment.all_pair_ratio_median	cost/opt, median pair	-1	poa_spoa__all	24	1.03485	1.0	1.129225	1.0849291666666667	24	0.0	-0.00012500000000004174	0.11172500000000013	6	11	7	0.2068939208984375				
control_vntr_correct	alignment.all_pair_ratio_median	cost/opt, median pair	-1	poa_abpoa_mc	25	1.0	1.0	1.01	1.034232	25	0.0	0.0	0.0	4	3	18	0.46875				
control_vntr_correct	alignment.all_pair_ratio_median	cost/opt, median pair	-1	poa_abpoa_mc__all	25	1.0	1.0	1.0109	1.04528	25	0.0	0.0	0.0	3	3	19	1.0				
control_vntr_correct	alignment.all_pair_ratio_median	cost/opt, median pair	-1	unit_aware	25	1.0028	1.0	1.0224	1.022656	25	0.0	-0.000500000000000167	0.0021999999999999797	7	8	10	0.92327880859375				
control_vntr_correct	alignment.all_pair_ratio_median	cost/opt, median pair	-1	unit_aware__all	25	1.0043	1.0	1.024	1.044464	25	0.0	0.0	0.00869999999999993	5	9	11	0.5416259765625				
control_vntr_correct	alignment.all_excess_per_kb	excess edits / kb	-1	mc	25	1.95	0.43	9.61	9.954												
control_vntr_correct	alignment.all_excess_per_kb	excess edits / kb	-1	mafft_fftns2	25	2.89	0.44	20.62	13.3392	25	0.0	-1.03	2.8600000000000003	10	10	5	0.7082347869873047				
control_vntr_correct	alignment.all_excess_per_kb	excess edits / kb	-1	mafft_fftns2__all	25	3.4	1.22	23.76	26.2216	25	0.610000000000003	-0.16000000000000014	4.820000000000002	7	13	5	0.03623390197753906				
control_vntr_correct	alignment.all_excess_per_kb	excess edits / kb	-1	mafft_fftnsi__all	25	3.17	0.5	18.22	20.1984	25	0.0	-0.25	2.5999999999999996	8	12	5	0.14290618896484375				
control_vntr_correct	alignment.all_excess_per_kb	excess edits / kb	-1	mafft_linsi	25	1.67	0.27	8.81	7.8624	25	0.0	-1.64	0.18000000000000002	12	8	5	0.20244979858398438				
control_vntr_correct	alignment.all_excess_per_kb	excess edits / kb	-1	mafft_linsi__all	20	1.77	0.075	9.195	4.9215	20	0.0	-2.2024999999999997	0.557500000000001	6	9	5	0.803955078125				
control_vntr_correct	alignment.all_excess_per_kb	excess edits / kb	-1	mafft_einsi	25	1.54	0.09	3.34	4.2836	25	-0.030000000000000027	-1.64	0.0	14	3	8	0.0053253173828125				
control_vntr_correct	alignment.all_excess_per_kb	excess edits / kb	-1	mafft_einsi__all	18	0.53	0.045	3.1925	4.099444444444444	18	0.0	-1.6849999999999998	0.14250000000000002	6	5	7	0.1748046875				
control_vntr_correct	alignment.all_excess_per_kb	excess edits / kb	-1	mafft_ginsi	25	2.19	0.28	9.96	8.7564	25	0.0	-1.64	0.44999999999999973	12	8	5	0.5458755493164062				
control_vntr_correct	alignment.all_excess_per_kb	excess edits / kb	-1	mafft_ginsi__all	18	1.77	0.045	11.1025	5.868333333333333	18	0.0	-3.327499999999999	0.7925000000000004	6	7	5	0.83935546875				
control_vntr_correct	alignment.all_excess_per_kb	excess edits / kb	-1	poa_abpoa	25	1.54	0.09	3.07	3.8636	25	-0.039999999999999994	-5.470000000000001	0.0	13	6	6	0.06473159790039062				
control_vntr_correct	alignment.all_excess_per_kb	excess edits / kb	-1	poa_abpoa__all	25	9.33	1.0	22.09	12.458	25	0.0	-3.1400000000000006	6.51	11	10	4	0.682713508605957				
control_vntr_correct	alignment.all_excess_per_kb	excess edits / kb	-1	poa_spoa	25	0.93	0.09	1.67	2.2948	25	-0.8399999999999999	-7.9399999999999995	0.0	16	4	5	0.0023250579833984375				
control_vntr_correct	alignment.all_excess_per_kb	excess edits / kb	-1	poa_spoa__all	24	3.3200000000000003	0.8775	11.68	8.955416666666666	24	-0.015	-7.4799999999999995	4.0875	12	9	3	0.7334699630737305				
control_vntr_correct	alignment.all_excess_per_kb	excess edits / kb	-1	poa_abpoa_mc	25	1.54	0.23	3.32	4.8424000000000005	25	-0.020000000000000018	-1.64	0.0	14	4	7	0.010406494140625				
control_vntr_correct	alignment.all_excess_per_kb	excess edits / kb	-1	poa_abpoa_mc__all	25	1.7	0.32	8.33	10.336400000000001	25	0.0	-0.07000000000000028	0.44999999999999973	8	9	8	0.8536376953125				
control_vntr_correct	alignment.all_excess_per_kb	excess edits / kb	-1	unit_aware	25	1.12	0.3	3.32	2.4892	25	-0.79	-7.9399999999999995	0.27	14	9	2	0.01486515998840332				
control_vntr_correct	alignment.all_excess_per_kb	excess edits / kb	-1	unit_aware__all	25	1.62	0.33	3.8	4.016	25	-0.24000000000000002	-1.94	0.33999999999999986	13	11	1	0.1355280876159668				
control_vntr_correct	alignment.all_frac_pairs_optimal	frac pairs optimal	1	mc	25	0.6824	0.2671	0.8969	0.5809799999999999												
control_vntr_correct	alignment.all_frac_pairs_optimal	frac pairs optimal	1	mafft_fftns2	25	0.3236	0.157	0.8568	0.4586	25	0.0	-0.17900000000000005	0.0	3	10	12	0.010498046875				
control_vntr_correct	alignment.all_frac_pairs_optimal	frac pairs optimal	1	mafft_fftns2__all	25	0.3232	0.191	0.8209	0.460944	25	0.0	-0.1641	0.0	3	10	12	0.039794921875				
control_vntr_correct	alignment.all_frac_pairs_optimal	frac pairs optimal	1	mafft_fftnsi__all	25	0.3871	0.2028	0.8675	0.48379600000000006	25	0.0	-0.1641	0.0	4	9	12	0.068115234375				
control_vntr_correct	alignment.all_frac_pairs_optimal	frac pairs optimal	1	mafft_linsi	25	0.7951	0.3232	0.9063	0.59878	25	0.0	0.0	0.02300000000000002	7	5	13	0.7333984375				
control_vntr_correct	alignment.all_frac_pairs_optimal	frac pairs optimal	1	mafft_linsi__all	20	0.8179	0.2875	0.95	0.63032	20	0.0	-0.004049999999999998	0.010625000000000002	5	5	10	0.845703125				
control_vntr_correct	alignment.all_frac_pairs_optimal	frac pairs optimal	1	mafft_einsi	25	0.6914	0.2377	0.9297	0.591732	25	0.0	0.0	0.02300000000000002	8	3	14	0.3203125				
control_vntr_correct	alignment.all_frac_pairs_optimal	frac pairs optimal	1	mafft_einsi__all	18	0.8751	0.308875	0.9804	0.6604	18	0.0	0.0	0.033475	6	2	10	0.3125				
control_vntr_correct	alignment.all_frac_pairs_optimal	frac pairs optimal	1	mafft_ginsi	25	0.7951	0.3232	0.9063	0.59998	25	0.0	0.0	0.02300000000000002	7	4	14	0.7001953125				
control_vntr_correct	alignment.all_frac_pairs_optimal	frac pairs optimal	1	mafft_ginsi__all	18	0.8472500000000001	0.308875	0.9804	0.6426111111111111	18	0.0	0.0	0.03187500000000001	5	4	9	0.8203125				
control_vntr_correct	alignment.all_frac_pairs_optimal	frac pairs optimal	1	poa_abpoa	25	0.7357	0.2671	0.9348	0.586376	25	0.0	0.0	0.04250000000000001	11	5	9	0.528167724609375				
control_vntr_correct	alignment.all_frac_pairs_optimal	frac pairs optimal	1	poa_abpoa__all	25	0.3612	0.2516	0.8652	0.48806399999999994	25	0.0	-0.0743	0.0	6	10	9	0.129730224609375				
control_vntr_correct	alignment.all_frac_pairs_optimal	frac pairs optimal	1	poa_spoa	25	0.7439	0.2671	0.9348	0.584496	25	0.0	0.0	0.03859999999999997	11	4	10	0.42120361328125				
control_vntr_correct	alignment.all_frac_pairs_optimal	frac pairs optimal	1	poa_spoa__all	24	0.30755	0.202375	0.8279	0.44320833333333337	24	0.0	-0.20385000000000003	0.0	4	11	9	0.012451171875				
control_vntr_correct	alignment.all_frac_pairs_optimal	frac pairs optimal	1	poa_abpoa_mc	25	0.7951	0.3041	0.9063	0.5941960000000001	25	0.0	0.0	0.027099999999999996	9	3	13	0.134765625				
control_vntr_correct	alignment.all_frac_pairs_optimal	frac pairs optimal	1	poa_abpoa_mc__all	25	0.7951	0.2898	0.9063	0.594348	25	0.0	0.0	0.006399999999999961	9	4	12	0.339599609375				
control_vntr_correct	alignment.all_frac_pairs_optimal	frac pairs optimal	1	unit_aware	25	0.3589	0.2306	0.8607	0.514088	25	0.0	-0.0743	0.021599999999999953	7	8	10	0.45428466796875				
control_vntr_correct	alignment.all_frac_pairs_optimal	frac pairs optimal	1	unit_aware__all	25	0.3232	0.2279	0.8586	0.48638800000000004	25	0.0	-0.10270000000000001	0.0	6	10	9	0.19281005859375				
control_vntr_correct	alignment.ref_cost_over_opt	cost/opt vs CHM13	-1	mc	25	1.012	1.0015	1.1456	1.108096												
control_vntr_correct	alignment.ref_cost_over_opt	cost/opt vs CHM13	-1	mafft_fftns2	25	1.0563	1.0024	1.1179	1.11178	25	0.0	-0.0132000000000001	0.027700000000000058	11	9	5	0.9272785186767578				
control_vntr_correct	alignment.ref_cost_over_opt	cost/opt vs CHM13	-1	mafft_fftns2__all	25	1.0391	1.0081	1.1372	1.6772960000000001	25	0.0	-0.0008999999999999009	0.030399999999999983	7	12	6	0.312408447265625				
control_vntr_correct	alignment.ref_cost_over_opt	cost/opt vs CHM13	-1	mafft_fftnsi__all	25	1.039	1.0077	1.1017	1.597276	25	0.0	-0.023199999999999887	0.009500000000000064	8	11	6	0.8595733642578125				
control_vntr_correct	alignment.ref_cost_over_opt	cost/opt vs CHM13	-1	mafft_linsi	25	1.0234	1.0027	1.0556	1.047016	25	0.0	-0.023199999999999887	0.005400000000000071	10	10	5	0.36827659606933594				
control_vntr_correct	alignment.ref_cost_over_opt	cost/opt vs CHM13	-1	mafft_linsi__all	20	1.02045	1.0019749999999998	1.0427499999999998	1.044235	20	0.0004999999999999449	-0.003774999999999973	0.011575000000000057	5	10	5	0.90191650390625				
control_vntr_correct	alignment.ref_cost_over_opt	cost/opt vs CHM13	-1	mafft_einsi	25	1.0077	1.001	1.0435	1.042184	25	-0.0005999999999999339	-0.014899999999999913	0.0	14	3	8	0.0128631591796875				
control_vntr_correct	alignment.ref_cost_over_opt	cost/opt vs CHM13	-1	mafft_einsi__all	18	1.0033	1.00075	1.0253999999999999	1.03725	18	0.0	-0.013224999999999876	0.0	8	3	7	0.0830078125				
control_vntr_correct	alignment.ref_cost_over_opt	cost/opt vs CHM13	-1	mafft_ginsi	25	1.0379	1.0049	1.0656	1.05338	25	0.0	-0.023199999999999887	0.01729999999999987	9	11	5	0.6476554870605469				
control_vntr_correct	alignment.ref_cost_over_opt	cost/opt vs CHM13	-1	mafft_ginsi__all	18	1.0222	1.00115	1.055575	1.0497944444444445	18	0.0	-0.011324999999999918	0.020424999999999915	5	8	5	0.959228515625				
control_vntr_correct	alignment.ref_cost_over_opt	cost/opt vs CHM13	-1	poa_abpoa	25	1.007	1.0015	1.0478	1.038932	25	-0.00039999999999995595	-0.03770000000000007	0.0	13	6	6	0.104156494140625				
control_vntr_correct	alignment.ref_cost_over_opt	cost/opt vs CHM13	-1	poa_abpoa__all	25	1.0761	1.0037	1.2225	1.215436	25	0.0034000000000000696	-0.008199999999999985	0.07610000000000006	7	13	5	0.16495704650878906				
control_vntr_correct	alignment.ref_cost_over_opt	cost/opt vs CHM13	-1	poa_spoa	25	1.0049	1.0015	1.0239	1.0363280000000001	25	-0.0004999999999999449	-0.038799999999999946	0.0	14	6	5	0.10539817810058594				
control_vntr_correct	alignment.ref_cost_over_opt	cost/opt vs CHM13	-1	poa_spoa__all	24	1.0829499999999999	1.01525	1.19055	1.1115791666666668	24	0.0	-0.004824999999999968	0.08695000000000008	10	11	3	0.539189338684082				
control_vntr_correct	alignment.ref_cost_over_opt	cost/opt vs CHM13	-1	poa_abpoa_mc	25	1.0083	1.0015	1.0237	1.041464	25	-0.00039999999999995595	-0.015099999999999891	0.0	14	4	7	0.0041961669921875				
control_vntr_correct	alignment.ref_cost_over_opt	cost/opt vs CHM13	-1	poa_abpoa_mc__all	25	1.0154	1.0027	1.0497	1.053012	25	0.0	-0.015099999999999891	0.000300000000000189	10	7	8	0.2246856689453125				
control_vntr_correct	alignment.ref_cost_over_opt	cost/opt vs CHM13	-1	unit_aware	25	1.0107	1.0035	1.0503	1.0400239999999998	25	0.0	-0.03739999999999988	0.009200000000000097	11	12	2	0.5202305316925049				
control_vntr_correct	alignment.ref_cost_over_opt	cost/opt vs CHM13	-1	unit_aware__all	25	1.0117	1.0037	1.0398	1.035552	25	0.0	-0.023199999999999887	0.0041999999999999815	11	11	3	0.2221074104309082				
control_vntr_correct	alignment.affine_all_cost_over_opt	affine cost/opt, all	-1	mc	25	1.0124	1.0014	1.0524	1.122828												
control_vntr_correct	alignment.affine_all_cost_over_opt	affine cost/opt, all	-1	mafft_fftns2	25	1.013	1.0019	1.192	1.209864	25	0.0	-0.021199999999999886	0.18399999999999994	10	12	3	0.5028400421142578				
control_vntr_correct	alignment.affine_all_cost_over_opt	affine cost/opt, all	-1	mafft_fftns2__all	25	1.0204	1.0036	1.1876	1.612088	25	0.0036000000000000476	-0.005600000000000049	0.06790000000000007	8	14	3	0.06341934204101562				
control_vntr_correct	alignment.affine_all_cost_over_opt	affine cost/opt, all	-1	mafft_fftnsi__all	25	1.0095	1.0026	1.0876	1.525028	25	0.0005999999999999339	-0.008099999999999996	0.0351999999999999	9	13	3	0.4060330390930176				
control_vntr_correct	alignment.affine_all_cost_over_opt	affine cost/opt, all	-1	mafft_linsi	25	1.0048	1.0	1.0351	1.0248359999999999	25	-0.0022999999999999687	-0.02639999999999998	0.0020000000000000018	13	8	4	0.10321426391601562				
control_vntr_correct	alignment.affine_all_cost_over_opt	affine cost/opt, all	-1	mafft_linsi__all	20	1.01715	1.0	1.053525	1.02973	20	0.0	-0.04057499999999992	0.022724999999999995	7	9	4	0.705718994140625				
control_vntr_correct	alignment.affine_all_cost_over_opt	affine cost/opt, all	-1	mafft_einsi	25	1.0019	1.0	1.0074	1.012136	25	-0.0027000000000001467	-0.026599999999999957	0.0	17	2	6	0.000335693359375				
control_vntr_correct	alignment.affine_all_cost_over_opt	affine cost/opt, all	-1	mafft_einsi__all	18	1.0013	1.0	1.020975	1.0125388888888889	18	-0.0011499999999999844	-0.07212499999999988	0.0	9	4	5	0.065185546875				
control_vntr_correct	alignment.affine_all_cost_over_opt	affine cost/opt, all	-1	mafft_ginsi	25	1.0034	1.0	1.0417	1.037092	25	-0.00039999999999995595	-0.026699999999999946	0.006299999999999972	13	8	4	0.32045745849609375				
control_vntr_correct	alignment.affine_all_cost_over_opt	affine cost/opt, all	-1	mafft_ginsi__all	18	1.0140500000000001	1.0	1.0684500000000001	1.0440944444444444	18	0.0	-0.07212499999999988	0.04035000000000005	7	7	4	0.6697998046875				
control_vntr_correct	alignment.affine_all_cost_over_opt	affine cost/opt, all	-1	poa_abpoa	25	1.0071	1.0	1.0614	1.05112	25	0.0	-0.024799999999999933	0.009100000000000108	11	9	5	0.49800872802734375				
control_vntr_correct	alignment.affine_all_cost_over_opt	affine cost/opt, all	-1	poa_abpoa__all	25	1.1407	1.0091	1.3236	1.360284	25	0.020399999999999974	-9.999999999998899e-05	0.16290000000000004	7	17	1	0.012604832649230957				
control_vntr_correct	alignment.affine_all_cost_over_opt	affine cost/opt, all	-1	poa_spoa	25	1.0076	1.0	1.1109	1.055944	25	0.0	-0.021299999999999875	0.0037000000000000366	11	9	5	0.49800872802734375				
control_vntr_correct	alignment.affine_all_cost_over_opt	affine cost/opt, all	-1	poa_spoa__all	24	1.1621000000000001	1.013425	1.3223500000000001	1.2043041666666667	24	0.012249999999999983	-0.004474999999999951	0.21912500000000001	6	16	2	0.0542454719543457				
control_vntr_correct	alignment.affine_all_cost_over_opt	affine cost/opt, all	-1	poa_abpoa_mc	25	1.0025	1.0	1.0158	1.015912	25	-0.0015000000000000568	-0.024799999999999933	0.0	16	4	5	0.005580902099609375				
control_vntr_correct	alignment.affine_all_cost_over_opt	affine cost/opt, all	-1	poa_abpoa_mc__all	25	1.0109	1.0019	1.049	1.0686879999999999	25	0.0	-0.0230999999999999	0.01330000000000009	9	11	5	0.7011814117431641				
control_vntr_correct	alignment.affine_all_cost_over_opt	affine cost/opt, all	-1	unit_aware	25	1.0241	1.0048	1.1244	1.074192	25	0.0035999999999998256	-0.02429999999999999	0.019099999999999895	9	15	1	0.8774070739746094				
control_vntr_correct	alignment.affine_all_cost_over_opt	affine cost/opt, all	-1	unit_aware__all	25	1.0465	1.0088	1.1057	1.0741800000000001	25	0.007599999999999829	-0.0046000000000001595	0.046499999999999986	7	17	1	0.26434290409088135				
control_vntr_correct	alignment.affine_ref_cost_over_opt	affine cost/opt vs CHM13	-1	mc	25	1.0072	1.0005	1.0482	1.08512												
control_vntr_correct	alignment.affine_ref_cost_over_opt	affine cost/opt vs CHM13	-1	mafft_fftns2	25	1.017	1.0009	1.108	1.097396	25	0.0	-0.03079999999999994	0.045700000000000074	12	10	3	0.8799042701721191				
control_vntr_correct	alignment.affine_ref_cost_over_opt	affine cost/opt vs CHM13	-1	mafft_fftns2__all	25	1.0156	1.0035	1.1415	1.6531	25	0.0012000000000000899	-0.0046999999999999265	0.06440000000000001	8	14	3	0.15597057342529297				
control_vntr_correct	alignment.affine_ref_cost_over_opt	affine cost/opt vs CHM13	-1	mafft_fftnsi__all	25	1.0156	1.0027	1.0883	1.5750479999999998	25	0.0005999999999999339	-0.024799999999999933	0.04510000000000014	9	13	3	0.4825911521911621				
control_vntr_correct	alignment.affine_ref_cost_over_opt	affine cost/opt vs CHM13	-1	mafft_linsi	25	1.0066	1.0	1.0498	1.032476	25	0.0	-0.031299999999999883	0.020700000000000163	12	9	4	0.39258384704589844				
control_vntr_correct	alignment.affine_ref_cost_over_opt	affine cost/opt vs CHM13	-1	mafft_linsi__all	20	1.0097999999999998	1.0	1.053925	1.03084	20	0.0012999999999999678	-0.016699999999999993	0.031950000000000034	6	10	4	0.860260009765625				
control_vntr_correct	alignment.affine_ref_cost_over_opt	affine cost/opt vs CHM13	-1	mafft_einsi	25	1.0006	1.0	1.0247	1.0190080000000001	25	-0.0022999999999999687	-0.024799999999999933	0.0	16	3	6	0.003917694091796875				
control_vntr_correct	alignment.affine_ref_cost_over_opt	affine cost/opt vs CHM13	-1	mafft_einsi__all	18	1.00035	1.0	1.00465	1.0143666666666666	18	-0.0010999999999999899	-0.022199999999999942	0.0	9	4	5	0.09423828125				
control_vntr_correct	alignment.affine_ref_cost_over_opt	affine cost/opt vs CHM13	-1	mafft_ginsi	25	1.013	1.0	1.0553	1.045812	25	0.0	-0.031299999999999883	0.035700000000000065	11	10	4	0.785365104675293				
control_vntr_correct	alignment.affine_ref_cost_over_opt	affine cost/opt vs CHM13	-1	mafft_ginsi__all	18	1.00665	1.0	1.069375	1.0448277777777777	18	0.0	-0.022099999999999953	0.04987500000000006	6	8	4	0.7608642578125				
control_vntr_correct	alignment.affine_ref_cost_over_opt	affine cost/opt vs CHM13	-1	poa_abpoa	25	1.0012	1.0	1.0238	1.055796	25	0.0	-0.02980000000000005	0.006099999999999994	12	8	5	0.4523754119873047				
control_vntr_correct	alignment.affine_ref_cost_over_opt	affine cost/opt vs CHM13	-1	poa_abpoa__all	25	1.1327	1.0116	1.4198	1.397564	25	0.05400000000000005	-0.00019999999999997797	0.397	7	17	1	0.002814650535583496				
control_vntr_correct	alignment.affine_ref_cost_over_opt	affine cost/opt vs CHM13	-1	poa_spoa	25	1.0066	1.0	1.0209	1.073316	25	0.0	-0.026799999999999935	0.0044999999999999485	12	9	4	0.7142829895019531				
control_vntr_correct	alignment.affine_ref_cost_over_opt	affine cost/opt vs CHM13	-1	poa_spoa__all	24	1.2251	1.014075	1.354	1.2345458333333335	24	0.09384999999999999	0.0	0.2932250000000001	5	17	2	0.0012617111206054688				
control_vntr_correct	alignment.affine_ref_cost_over_opt	affine cost/opt vs CHM13	-1	poa_abpoa_mc	25	1.0012	1.0	1.0139	1.018404	25	-0.0020000000000000018	-0.024799999999999933	0.0	16	4	5	0.002712249755859375				
control_vntr_correct	alignment.affine_ref_cost_over_opt	affine cost/opt vs CHM13	-1	poa_abpoa_mc__all	25	1.0099	1.0	1.0414	1.035644	25	0.0	-0.024799999999999933	0.0039000000000000146	10	10	5	0.34881019592285156				
control_vntr_correct	alignment.affine_ref_cost_over_opt	affine cost/opt vs CHM13	-1	unit_aware	25	1.0222	1.0026	1.1257	1.091736	25	0.008399999999999963	-0.024799999999999933	0.10519999999999996	7	17	1	0.27681541442871094				
control_vntr_correct	alignment.affine_ref_cost_over_opt	affine cost/opt vs CHM13	-1	unit_aware__all	25	1.0465	1.0079	1.0931	1.0641	25	0.006599999999999939	-0.0046999999999999265	0.046499999999999986	7	17	1	0.3902466297149658				
control_vntr_correct	alignment.affine_all_excess_per_kb	affine excess / kb	-1	mc	25	2.47	0.26	11.53	16.514400000000002												
control_vntr_correct	alignment.affine_all_excess_per_kb	affine excess / kb	-1	mafft_fftns2	25	2.39	0.32	32.87	26.8808	25	0.0	-3.02	6.510000000000002	10	12	3	0.3880448341369629				
control_vntr_correct	alignment.affine_all_excess_per_kb	affine excess / kb	-1	mafft_fftns2__all	25	5.64	0.59	42.97	53.1368	25	2.0399999999999996	-1.4	20.43	8	14	3	0.027535438537597656				
control_vntr_correct	alignment.affine_all_excess_per_kb	affine excess / kb	-1	mafft_fftnsi__all	25	3.97	0.59	37.68	40.5816	25	0.269999999999996	-1.4	11.86	9	13	3	0.16585874557495117				
control_vntr_correct	alignment.affine_all_excess_per_kb	affine excess / kb	-1	mafft_linsi	25	0.93	0.0	7.4	19.5764	25	-1.08	-4.59	0.72	13	8	4	0.21568012237548828				
control_vntr_correct	alignment.affine_all_excess_per_kb	affine excess / kb	-1	mafft_linsi__all	20	1.94	0.0	13.662500000000001	9.7815	20	0.0	-3.8775	5.7575	7	9	4	0.899932861328125				
control_vntr_correct	alignment.affine_all_excess_per_kb	affine excess / kb	-1	mafft_einsi	25	0.33	0.0	3.36	3.9124	25	-0.9099999999999999	-4.89	0.0	17	2	6	0.000789642333984375				
control_vntr_correct	alignment.affine_all_excess_per_kb	affine excess / kb	-1	mafft_einsi__all	18	0.31	0.0	4.21	3.408333333333333	18	-0.39	-6.435	0.0	9	4	5	0.080322265625				
control_vntr_correct	alignment.affine_all_excess_per_kb	affine excess / kb	-1	mafft_ginsi	25	0.88	0.0	17.95	23.538400000000003	25	-0.07999999999999996	-4.59	1.25	13	8	4	0.6332969665527344				
control_vntr_correct	alignment.affine_all_excess_per_kb	affine excess / kb	-1	mafft_ginsi__all	18	2.3200000000000003	0.0	21.335	13.278333333333332	18	0.0	-4.5525	8.2775	7	7	4	0.9031982421875				
control_vntr_correct	alignment.affine_all_excess_per_kb	affine excess / kb	-1	poa_abpoa	25	1.3	0.0	25.09	13.9988	25	0.0	-4.89	3.870000000000001	11	9	5	0.7285060882568359				
control_vntr_correct	alignment.affine_all_excess_per_kb	affine excess / kb	-1	poa_abpoa__all	25	30.65	1.11	95.14	48.6124	25	7.390000000000001	-0.03	36.53	7	17	1	0.00433504581451416				
control_vntr_correct	alignment.affine_all_excess_per_kb	affine excess / kb	-1	poa_spoa	25	1.1	0.0	13.48	14.792	25	0.0	-3.6	1.23	11	9	5	0.7011814117431641				
control_vntr_correct	alignment.affine_all_excess_per_kb	affine excess / kb	-1	poa_spoa__all	24	22.995	3.905	60.2975	45.45916666666667	24	4.005	-0.3275	37.855	6	16	2	0.02513885498046875				
control_vntr_correct	alignment.affine_all_excess_per_kb	affine excess / kb	-1	poa_abpoa_mc	25	0.84	0.0	2.16	5.343999999999999	25	-0.31000000000000005	-4.89	0.0	16	4	5	0.00830841064453125				
control_vntr_correct	alignment.affine_all_excess_per_kb	affine excess / kb	-1	poa_abpoa_mc__all	25	1.57	0.53	12.92	17.574	25	0.0	-3.35	0.63	9	11	5	0.9272785186767578				
control_vntr_correct	alignment.affine_all_excess_per_kb	affine excess / kb	-1	unit_aware	25	3.92	1.08	15.02	16.5552	25	1.23	-2.799999999999999	5.36	9	15	1	0.5838061571121216				
control_vntr_correct	alignment.affine_all_excess_per_kb	affine excess / kb	-1	unit_aware__all	25	8.13	1.81	30.02	16.0056	25	2.49	-1.32	8.14	7	17	1	0.14335036277770996				
control_vntr_correct	alignment.all_U_per_kb	unaligned homology bp / kb	-1	mc	25	0.28	0.0	0.65	1.9604												
control_vntr_correct	alignment.all_U_per_kb	unaligned homology bp / kb	-1	mafft_fftns2	25	0.0	0.0	0.03	0.168	25	-0.22000000000000003	-0.5	0.0	15	1	9	0.001007080078125				
control_vntr_correct	alignment.all_U_per_kb	unaligned homology bp / kb	-1	mafft_fftns2__all	25	0.01	0.0	0.61	2.4856	25	0.0	-0.4	0.49	9	8	8	0.926513671875				
control_vntr_correct	alignment.all_U_per_kb	unaligned homology bp / kb	-1	mafft_fftnsi__all	25	0.02	0.0	0.35	1.0164	25	-0.030000000000000027	-0.4	0.0	13	5	7	0.1161651611328125				
control_vntr_correct	alignment.all_U_per_kb	unaligned homology bp / kb	-1	mafft_linsi	25	0.0	0.0	0.2	0.4524	25	-0.030000000000000027	-0.45	0.0	13	6	6	0.017528533935546875				
control_vntr_correct	alignment.all_U_per_kb	unaligned homology bp / kb	-1	mafft_linsi__all	20	0.05500000000000001	0.0	0.44	0.2605	20	0.0	-0.29000000000000004	0.0725	8	6	6	0.5936279296875				
control_vntr_correct	alignment.all_U_per_kb	unaligned homology bp / kb	-1	mafft_einsi	25	0.0	0.0	0.13	0.23759999999999998	25	0.0	-0.45	0.0	12	5	8	0.0045166015625				
control_vntr_correct	alignment.all_U_per_kb	unaligned homology bp / kb	-1	mafft_einsi__all	18	0.0	0.0	0.1325	2.0811111111111114	18	0.0	-0.35	0.0	7	4	7	0.2890625				
control_vntr_correct	alignment.all_U_per_kb	unaligned homology bp / kb	-1	mafft_ginsi	25	0.01	0.0	0.5	0.618	25	-0.030000000000000027	-0.45	0.0	13	6	6	0.11100006103515625				
control_vntr_correct	alignment.all_U_per_kb	unaligned homology bp / kb	-1	mafft_ginsi__all	18	0.045	0.0	0.4325	0.24333333333333332	18	0.0	-0.24	0.03250000000000001	6	6	6	0.806640625				
control_vntr_correct	alignment.all_U_per_kb	unaligned homology bp / kb	-1	poa_abpoa	25	0.0	0.0	0.0	0.09519999999999999	25	-0.28	-0.65	0.0	15	2	8	7.62939453125e-05				
control_vntr_correct	alignment.all_U_per_kb	unaligned homology bp / kb	-1	poa_abpoa__all	25	0.07	0.0	0.63	0.428	25	0.0	-0.5	0.06	11	9	5	0.2773551940917969				
control_vntr_correct	alignment.all_U_per_kb	unaligned homology bp / kb	-1	poa_spoa	25	0.0	0.0	0.01	0.0724	25	-0.28	-0.65	0.0	15	4	6	0.000278472900390625				
control_vntr_correct	alignment.all_U_per_kb	unaligned homology bp / kb	-1	poa_spoa__all	24	0.04	0.0	0.3875	0.31083333333333335	24	0.0	-0.5375	0.0125	11	7	6	0.04827880859375				
control_vntr_correct	alignment.all_U_per_kb	unaligned homology bp / kb	-1	poa_abpoa_mc	25	0.0	0.0	0.0	0.2668	25	-0.12	-0.47	0.0	13	3	9	0.00628662109375				
control_vntr_correct	alignment.all_U_per_kb	unaligned homology bp / kb	-1	poa_abpoa_mc__all	25	0.02	0.0	0.11	0.42119999999999996	25	-0.14	-0.65	0.0	13	5	7	0.05841064453125				
control_vntr_correct	alignment.all_U_per_kb	unaligned homology bp / kb	-1	unit_aware	25	0.0	0.0	0.15	0.168	25	-0.22999999999999998	-0.47	0.0	16	3	6	0.003231048583984375				
control_vntr_correct	alignment.all_U_per_kb	unaligned homology bp / kb	-1	unit_aware__all	25	0.0	0.0	0.08	0.1	25	-0.28	-0.65	0.0	15	4	6	0.003215789794921875				
control_vntr_correct	inflation.sv_pieces_median	SV pieces / path (median)	-1	mc	25	1.0	1.0	1.0	0.88												
control_vntr_correct	inflation.sv_pieces_median	SV pieces / path (median)	-1	mafft_fftns2	25	1.0	1.0	1.0	1.12	25	0.0	0.0	0.0	0	3	22	0.25				
control_vntr_correct	inflation.sv_pieces_median	SV pieces / path (median)	-1	mafft_fftns2__all	25	1.0	0.0	2.0	1.4	25	0.0	0.0	1.0	3	8	14	0.06640625				
control_vntr_correct	inflation.sv_pieces_median	SV pieces / path (median)	-1	mafft_fftnsi__all	25	1.0	0.0	2.0	1.24	25	0.0	0.0	0.0	3	6	16	0.28515625				
control_vntr_correct	inflation.sv_pieces_median	SV pieces / path (median)	-1	mafft_linsi	25	1.0	1.0	1.0	0.96	25	0.0	0.0	0.0	0	2	23	0.5				
control_vntr_correct	inflation.sv_pieces_median	SV pieces / path (median)	-1	mafft_linsi__all	20	1.0	0.75	1.0	0.9	20	0.0	0.0	0.0	0	1	19	1.0				
control_vntr_correct	inflation.sv_pieces_median	SV pieces / path (median)	-1	mafft_einsi	25	1.0	1.0	1.0	1.0	25	0.0	0.0	0.0	0	3	22	0.25				
control_vntr_correct	inflation.sv_pieces_median	SV pieces / path (median)	-1	mafft_einsi__all	18	1.0	0.25	1.0	0.8333333333333334	18	0.0	0.0	0.0	0	1	17	1.0				
control_vntr_correct	inflation.sv_pieces_median	SV pieces / path (median)	-1	mafft_ginsi	25	1.0	1.0	1.0	0.96	25	0.0	0.0	0.0	0	2	23	0.5				
control_vntr_correct	inflation.sv_pieces_median	SV pieces / path (median)	-1	mafft_ginsi__all	18	1.0	0.25	1.0	0.7777777777777778	18	0.0	0.0	0.0	0	0	18					
control_vntr_correct	inflation.sv_pieces_median	SV pieces / path (median)	-1	poa_abpoa	25	1.0	1.0	1.0	0.92	25	0.0	0.0	0.0	2	2	21	1.0				
control_vntr_correct	inflation.sv_pieces_median	SV pieces / path (median)	-1	poa_abpoa__all	25	1.0	1.0	2.0	1.28	25	0.0	0.0	0.0	0	6	19	0.03125				
control_vntr_correct	inflation.sv_pieces_median	SV pieces / path (median)	-1	poa_spoa	25	1.0	1.0	1.0	0.96	25	0.0	0.0	0.0	2	2	21	1.0				
control_vntr_correct	inflation.sv_pieces_median	SV pieces / path (median)	-1	poa_spoa__all	24	1.0	0.75	2.0	1.5	24	0.0	0.0	1.0	4	7	13	0.1279296875				
control_vntr_correct	inflation.sv_pieces_median	SV pieces / path (median)	-1	poa_abpoa_mc	25	1.0	1.0	1.0	0.96	25	0.0	0.0	0.0	0	1	24	1.0				
control_vntr_correct	inflation.sv_pieces_median	SV pieces / path (median)	-1	poa_abpoa_mc__all	25	1.0	1.0	1.0	0.96	25	0.0	0.0	0.0	2	3	20	0.75				
control_vntr_correct	inflation.sv_pieces_median	SV pieces / path (median)	-1	unit_aware	25	1.0	0.0	1.0	1.04	25	0.0	0.0	0.0	2	3	20	0.5				
control_vntr_correct	inflation.sv_pieces_median	SV pieces / path (median)	-1	unit_aware__all	25	1.0	0.0	2.0	1.2	25	0.0	0.0	1.0	3	7	15	0.130859375				
control_vntr_correct	inflation.sv_pieces_mean	SV pieces / path (mean)	-1	mc	25	1.0	0.5758	1.0606	0.972124												
control_vntr_correct	inflation.sv_pieces_mean	SV pieces / path (mean)	-1	mafft_fftns2	25	1.0	0.5455	1.4242	1.196368	25	0.0	0.0	0.0	5	6	14	0.16796875				
control_vntr_correct	inflation.sv_pieces_mean	SV pieces / path (mean)	-1	mafft_fftns2__all	25	1.0	0.9697	1.5455	1.318788	25	0.0	0.0	0.6363	5	10	10	0.0972900390625				
control_vntr_correct	inflation.sv_pieces_mean	SV pieces / path (mean)	-1	mafft_fftnsi__all	25	1.0	0.9697	1.1515	1.2157559999999998	25	0.0	0.0	0.4241999999999999	6	9	10	0.257568359375				
control_vntr_correct	inflation.sv_pieces_mean	SV pieces / path (mean)	-1	mafft_linsi	25	1.0	0.5152	1.0303	1.002428	25	0.0	0.0	0.0	6	2	17	0.7109375				
control_vntr_correct	inflation.sv_pieces_mean	SV pieces / path (mean)	-1	mafft_linsi__all	20	0.98485	0.5152	1.10605	1.006065	20	0.0	0.0	0.0	4	3	13	0.578125				
control_vntr_correct	inflation.sv_pieces_mean	SV pieces / path (mean)	-1	mafft_einsi	25	1.0	0.5152	1.0909	1.032732	25	0.0	0.0	0.0	6	4	15	1.0				
control_vntr_correct	inflation.sv_pieces_mean	SV pieces / path (mean)	-1	mafft_einsi__all	18	0.9697	0.5152	1.0	0.9141444444444444	18	0.0	-0.022724999999999995	0.0	5	2	11	0.90625				
control_vntr_correct	inflation.sv_pieces_mean	SV pieces / path (mean)	-1	mafft_ginsi	25	1.0	0.5152	1.0606	1.0060639999999998	25	0.0	-0.030299999999999994	0.0	7	2	16	0.546875				
control_vntr_correct	inflation.sv_pieces_mean	SV pieces / path (mean)	-1	mafft_ginsi__all	18	0.9697	0.5152	1.0	0.9158333333333333	18	0.0	0.0	0.0	4	2	12	1.0				
control_vntr_correct	inflation.sv_pieces_mean	SV pieces / path (mean)	-1	poa_abpoa	25	0.9697	0.5152	1.0303	0.95394	25	0.0	-0.030299999999999994	0.0	8	3	14	0.36328125				
control_vntr_correct	inflation.sv_pieces_mean	SV pieces / path (mean)	-1	poa_abpoa__all	25	1.0303	0.6364	1.9697	1.353948	25	0.0	-0.030299999999999994	0.5151	7	9	9	0.096038818359375				
control_vntr_correct	inflation.sv_pieces_mean	SV pieces / path (mean)	-1	poa_spoa	25	0.9394	0.5152	1.0	0.958796	25	0.0	-0.18179999999999996	0.0	9	3	13	0.423828125				
control_vntr_correct	inflation.sv_pieces_mean	SV pieces / path (mean)	-1	poa_spoa__all	24	0.98485	0.5152	1.242425	1.3838458333333332	24	0.0	-0.25754999999999995	0.575725	9	8	7	0.586822509765625				
control_vntr_correct	inflation.sv_pieces_mean	SV pieces / path (mean)	-1	poa_abpoa_mc	25	1.0	0.5152	1.0	1.001212	25	0.0	0.0	0.0	6	1	18	0.28125				
control_vntr_correct	inflation.sv_pieces_mean	SV pieces / path (mean)	-1	poa_abpoa_mc__all	25	1.0	0.5455	1.0909	1.070308	25	0.0	-0.030299999999999994	0.0	7	6	12	0.855712890625				
control_vntr_correct	inflation.sv_pieces_mean	SV pieces / path (mean)	-1	unit_aware	25	1.0	0.5152	1.4545	1.235152	25	0.0	-0.09089999999999998	0.0	8	6	11	0.703125				
control_vntr_correct	inflation.sv_pieces_mean	SV pieces / path (mean)	-1	unit_aware__all	25	1.0	0.5152	2.0	1.352724	25	0.0	-0.09089999999999998	0.9697	7	10	8	0.09063720703125				
control_vntr_correct	inflation.anchored_over_free	anchored/free vs CHM13	-1	mc	25	1.012	1.0015	1.1456	1.108096												
control_vntr_correct	inflation.anchored_over_free	anchored/free vs CHM13	-1	mafft_fftns2	25	1.0563	1.0024	1.1179	1.11178	25	0.0	-0.0132000000000001	0.027700000000000058	11	9	5	0.9272785186767578				
control_vntr_correct	inflation.anchored_over_free	anchored/free vs CHM13	-1	mafft_fftns2__all	25	1.0391	1.0081	1.1372	1.6772960000000001	25	0.0	-0.0008999999999999009	0.030399999999999983	7	12	6	0.312408447265625				
control_vntr_correct	inflation.anchored_over_free	anchored/free vs CHM13	-1	mafft_fftnsi__all	25	1.039	1.0077	1.1017	1.597276	25	0.0	-0.023199999999999887	0.009500000000000064	8	11	6	0.8595733642578125				
control_vntr_correct	inflation.anchored_over_free	anchored/free vs CHM13	-1	mafft_linsi	25	1.0234	1.0027	1.0556	1.047016	25	0.0	-0.023199999999999887	0.005400000000000071	10	10	5	0.36827659606933594				
control_vntr_correct	inflation.anchored_over_free	anchored/free vs CHM13	-1	mafft_linsi__all	20	1.02045	1.0019749999999998	1.0427499999999998	1.044235	20	0.0004999999999999449	-0.003774999999999973	0.011575000000000057	5	10	5	0.90191650390625				
control_vntr_correct	inflation.anchored_over_free	anchored/free vs CHM13	-1	mafft_einsi	25	1.0077	1.001	1.0435	1.042184	25	-0.0005999999999999339	-0.014899999999999913	0.0	14	3	8	0.0128631591796875				
control_vntr_correct	inflation.anchored_over_free	anchored/free vs CHM13	-1	mafft_einsi__all	18	1.0033	1.00075	1.0253999999999999	1.03725	18	0.0	-0.013224999999999876	0.0	8	3	7	0.0830078125				
control_vntr_correct	inflation.anchored_over_free	anchored/free vs CHM13	-1	mafft_ginsi	25	1.0379	1.0049	1.0656	1.05338	25	0.0	-0.023199999999999887	0.01729999999999987	9	11	5	0.6476554870605469				
control_vntr_correct	inflation.anchored_over_free	anchored/free vs CHM13	-1	mafft_ginsi__all	18	1.0222	1.00115	1.055575	1.0497944444444445	18	0.0	-0.011324999999999918	0.020424999999999915	5	8	5	0.959228515625				
control_vntr_correct	inflation.anchored_over_free	anchored/free vs CHM13	-1	poa_abpoa	25	1.007	1.0015	1.0478	1.038932	25	-0.00039999999999995595	-0.03770000000000007	0.0	13	6	6	0.104156494140625				
control_vntr_correct	inflation.anchored_over_free	anchored/free vs CHM13	-1	poa_abpoa__all	25	1.0761	1.0037	1.2225	1.215436	25	0.0034000000000000696	-0.008199999999999985	0.07610000000000006	7	13	5	0.16495704650878906				
control_vntr_correct	inflation.anchored_over_free	anchored/free vs CHM13	-1	poa_spoa	25	1.0049	1.0015	1.0239	1.0363280000000001	25	-0.0004999999999999449	-0.038799999999999946	0.0	14	6	5	0.10539817810058594				
control_vntr_correct	inflation.anchored_over_free	anchored/free vs CHM13	-1	poa_spoa__all	24	1.0829499999999999	1.01525	1.19055	1.1115791666666668	24	0.0	-0.004824999999999968	0.08695000000000008	10	11	3	0.539189338684082				
control_vntr_correct	inflation.anchored_over_free	anchored/free vs CHM13	-1	poa_abpoa_mc	25	1.0083	1.0015	1.0237	1.041464	25	-0.00039999999999995595	-0.015099999999999891	0.0	14	4	7	0.0041961669921875				
control_vntr_correct	inflation.anchored_over_free	anchored/free vs CHM13	-1	poa_abpoa_mc__all	25	1.0154	1.0027	1.0497	1.053012	25	0.0	-0.015099999999999891	0.000300000000000189	10	7	8	0.2246856689453125				
control_vntr_correct	inflation.anchored_over_free	anchored/free vs CHM13	-1	unit_aware	25	1.0107	1.0035	1.0503	1.0400239999999998	25	0.0	-0.03739999999999988	0.009200000000000097	11	12	2	0.5202305316925049				
control_vntr_correct	inflation.anchored_over_free	anchored/free vs CHM13	-1	unit_aware__all	25	1.0117	1.0037	1.0398	1.035552	25	0.0	-0.023199999999999887	0.0041999999999999815	11	11	3	0.2221074104309082				
control_vntr_correct	inflation.indel_bp_ratio	indel bp / net length change	-1	mc	25	1.0467	1.0008	1.1898	1.229644												
control_vntr_correct	inflation.indel_bp_ratio	indel bp / net length change	-1	mafft_fftns2	25	1.0693	1.001	1.2465	1.219376	25	0.0	-0.023299999999999876	0.0	11	6	8	0.644134521484375				
control_vntr_correct	inflation.indel_bp_ratio	indel bp / net length change	-1	mafft_fftns2__all	25	1.0806	1.0069	1.3983	1.811324	25	0.0	-0.0009000000000001229	0.019500000000000295	7	9	9	0.4637451171875				
control_vntr_correct	inflation.indel_bp_ratio	indel bp / net length change	-1	mafft_fftnsi__all	25	1.0631	1.001	1.1559	1.7276079999999998	25	0.0	-0.010299999999999976	0.0	9	6	10	0.76153564453125				
control_vntr_correct	inflation.indel_bp_ratio	indel bp / net length change	-1	mafft_linsi	25	1.0094	1.0019	1.125	1.153028	25	-0.00029999999999996696	-0.043099999999999916	0.0	13	4	8	0.0025787353515625				
control_vntr_correct	inflation.indel_bp_ratio	indel bp / net length change	-1	mafft_linsi__all	20	1.00815	1.000375	1.1368	1.17576	20	-0.00014999999999998348	-0.012124999999999997	0.0	10	2	8	0.01953125				
control_vntr_correct	inflation.indel_bp_ratio	indel bp / net length change	-1	mafft_einsi	25	1.0094	1.0008	1.125	1.157232	25	-0.0009000000000001229	-0.019599999999999618	0.0	14	2	9	0.00042724609375				
control_vntr_correct	inflation.indel_bp_ratio	indel bp / net length change	-1	mafft_einsi__all	18	1.0064000000000002	1.0002	1.116975	1.189661111111111	18	-0.00014999999999998348	-0.01577500000000004	0.0	9	0	9	0.00390625				
control_vntr_correct	inflation.indel_bp_ratio	indel bp / net length change	-1	mafft_ginsi	25	1.0257	1.0019	1.125	1.1537439999999999	25	0.0	-0.043099999999999916	0.0	12	5	8	0.00933837890625				
control_vntr_correct	inflation.indel_bp_ratio	indel bp / net length change	-1	mafft_ginsi__all	18	1.00905	1.000475	1.116975	1.186027777777778	18	0.0	-0.01577500000000004	0.0	8	2	8	0.064453125				
control_vntr_correct	inflation.indel_bp_ratio	indel bp / net length change	-1	poa_abpoa	25	1.0094	1.001	1.1139	1.0945399999999998	25	-0.0004999999999999449	-0.043500000000000094	0.0	14	4	7	0.030364990234375				
control_vntr_correct	inflation.indel_bp_ratio	indel bp / net length change	-1	poa_abpoa__all	25	1.0747	1.0049	1.1436	1.151084	25	0.0	-0.08050000000000002	0.026499999999999968	11	8	6	0.6578750610351562				
control_vntr_correct	inflation.indel_bp_ratio	indel bp / net length change	-1	poa_spoa	25	1.0073	1.0003	1.0929	1.076608	25	-0.0004999999999999449	-0.1398999999999999	0.0	14	4	7	0.0038299560546875				
control_vntr_correct	inflation.indel_bp_ratio	indel bp / net length change	-1	poa_spoa__all	24	1.02715	1.000575	1.127675	1.1073708333333332	24	-0.00014999999999998348	-0.06205000000000005	0.005074999999999996	12	6	6	0.1925506591796875				
control_vntr_correct	inflation.indel_bp_ratio	indel bp / net length change	-1	poa_abpoa_mc	25	1.0165	1.0003	1.125	1.159308	25	0.0	-0.01760000000000006	0.0	12	2	11	0.0013427734375				
control_vntr_correct	inflation.indel_bp_ratio	indel bp / net length change	-1	poa_abpoa_mc__all	25	1.0395	1.0007	1.125	1.169452	25	0.0	-0.010299999999999976	0.0	9	5	11	0.1075439453125				
control_vntr_correct	inflation.indel_bp_ratio	indel bp / net length change	-1	unit_aware	25	1.0094	1.0008	1.0691	1.0749680000000001	25	0.0	-0.1398999999999999	0.0	12	4	9	0.004180908203125				
control_vntr_correct	inflation.indel_bp_ratio	indel bp / net length change	-1	unit_aware__all	25	1.0094	1.0019	1.0835	1.14514	25	0.0	-0.01760000000000006	0.0	12	6	7	0.0214691162109375				
control_vntr_correct	inflation.indel_bp_excess_per_kb	excess indel bp / kb	-1	mc	25	1.99	0.36	17.14	11.3552												
control_vntr_correct	inflation.indel_bp_excess_per_kb	excess indel bp / kb	-1	mafft_fftns2	25	5.3	0.36	15.91	11.224	25	0.0	-2.5100000000000002	0.0	11	6	8	0.644134521484375				
control_vntr_correct	inflation.indel_bp_excess_per_kb	excess indel bp / kb	-1	mafft_fftns2__all	25	6.29	1.52	28.88	20.717599999999997	25	0.0	-0.18999999999999995	8.44	7	9	9	0.2978515625				
control_vntr_correct	inflation.indel_bp_excess_per_kb	excess indel bp / kb	-1	mafft_fftnsi__all	25	5.59	0.66	17.14	15.4552	25	0.0	-0.6900000000000001	0.0	9	6	10	0.890380859375				
control_vntr_correct	inflation.indel_bp_excess_per_kb	excess indel bp / kb	-1	mafft_linsi	25	1.8	0.36	10.78	7.376799999999999	25	-0.030000000000000027	-2.1300000000000026	0.0	13	4	8	0.02667236328125				
control_vntr_correct	inflation.indel_bp_excess_per_kb	excess indel bp / kb	-1	mafft_linsi__all	20	1.135	0.015	4.625	6.777500000000001	20	-0.015000000000000013	-1.0100000000000002	0.0	10	2	8	0.09228515625				
control_vntr_correct	inflation.indel_bp_excess_per_kb	excess indel bp / kb	-1	mafft_einsi	25	1.2	0.02	10.78	7.3912	25	-0.18999999999999995	-0.9100000000000001	0.0	14	2	9	0.00042724609375				
control_vntr_correct	inflation.indel_bp_excess_per_kb	excess indel bp / kb	-1	mafft_einsi__all	18	1.04	0.005	4.425	5.626111111111111	18	-0.015000000000000013	-0.6724999999999999	0.0	9	0	9	0.00390625				
control_vntr_correct	inflation.indel_bp_excess_per_kb	excess indel bp / kb	-1	mafft_ginsi	25	4.69	0.36	10.76	7.5784	25	0.0	-2.1300000000000026	0.0	12	5	8	0.0714111328125				
control_vntr_correct	inflation.indel_bp_excess_per_kb	excess indel bp / kb	-1	mafft_ginsi__all	18	1.2	0.005	5.8475	6.062222222222222	18	0.0	-1.685000000000001	0.0	8	2	8	0.193359375				
control_vntr_correct	inflation.indel_bp_excess_per_kb	excess indel bp / kb	-1	poa_abpoa	25	1.2	0.15	5.55	5.41	25	-0.18999999999999995	-9.260000000000002	0.0	14	4	7	0.02081298828125				
control_vntr_correct	inflation.indel_bp_excess_per_kb	excess indel bp / kb	-1	poa_abpoa__all	25	4.31	0.89	13.27	9.9484	25	0.0	-9.459999999999999	3.1899999999999995	11	8	6	0.37359619140625				
control_vntr_correct	inflation.indel_bp_excess_per_kb	excess indel bp / kb	-1	poa_spoa	25	1.07	0.05	3.78	4.0256	25	-0.18999999999999995	-12.32	0.0	14	4	7	0.0028076171875				
control_vntr_correct	inflation.indel_bp_excess_per_kb	excess indel bp / kb	-1	poa_spoa__all	24	1.555	0.1075	9.3125	7.097083333333334	24	-0.015000000000000013	-10.000000000000002	0.08750000000000013	12	6	6	0.14151763916015625				
control_vntr_correct	inflation.indel_bp_excess_per_kb	excess indel bp / kb	-1	poa_abpoa_mc	25	1.35	0.02	10.76	7.5927999999999995	25	0.0	-0.9899999999999999	0.0	12	2	11	0.001220703125				
control_vntr_correct	inflation.indel_bp_excess_per_kb	excess indel bp / kb	-1	poa_abpoa_mc__all	25	1.8	0.15	10.76	8.782	25	0.0	-0.18999999999999995	0.0	9	5	11	0.172607421875				
control_vntr_correct	inflation.indel_bp_excess_per_kb	excess indel bp / kb	-1	unit_aware	25	1.2	0.02	4.58	4.0892	25	0.0	-12.32	0.0	12	4	9	0.0155029296875				
control_vntr_correct	inflation.indel_bp_excess_per_kb	excess indel bp / kb	-1	unit_aware__all	25	1.2	0.23	5.3	5.7	25	0.0	-4.01	0.0	12	6	7	0.03849029541015625				
control_vntr_correct	redundancy.kmer_frac_extra	k-mer extra positions (frac)	-1	mc	25	0.0405	0.01417	0.07039	0.0690572												
control_vntr_correct	redundancy.kmer_frac_extra	k-mer extra positions (frac)	-1	mafft_fftns2	25	0.02942	0.01875	0.06724	0.07761320000000001	25	-0.0033399999999999958	-0.014839999999999999	0.015250000000000001	15	9	1	0.7682963609695435				
control_vntr_correct	redundancy.kmer_frac_extra	k-mer extra positions (frac)	-1	mafft_fftns2__all	25	0.03805	0.01538	0.11581	0.090146	25	0.0	-0.009070000000000002	0.034800000000000005	12	11	2	0.5599584579467773				
control_vntr_correct	redundancy.kmer_frac_extra	k-mer extra positions (frac)	-1	mafft_fftnsi__all	25	0.03877	0.01538	0.09226	0.0835644	25	0.0	-0.014839999999999999	0.025710000000000004	12	11	2	0.988100528717041				
control_vntr_correct	redundancy.kmer_frac_extra	k-mer extra positions (frac)	-1	mafft_linsi	25	0.02625	0.01081	0.05285	0.04322	25	-0.009330000000000001	-0.036699999999999955	0.005690000000000001	15	8	2	0.09175300598144531				
control_vntr_correct	redundancy.kmer_frac_extra	k-mer extra positions (frac)	-1	mafft_linsi__all	20	0.02173	0.006860000000000001	0.0455275	0.041896	20	-0.003655000000000001	-0.015359999999999999	0.005542499999999999	11	7	2	0.39273834228515625				
control_vntr_correct	redundancy.kmer_frac_extra	k-mer extra positions (frac)	-1	mafft_einsi	25	0.0209	0.00744	0.03238	0.027746399999999997	25	-0.01157	-0.04302	-0.00481	20	3	2	7.867813110351562e-06				
control_vntr_correct	redundancy.kmer_frac_extra	k-mer extra positions (frac)	-1	mafft_einsi__all	18	0.018015	0.0041525	0.027465	0.021194444444444446	18	-0.009275	-0.0245725	-0.0014124999999999997	14	2	2	0.010986328125				
control_vntr_correct	redundancy.kmer_frac_extra	k-mer extra positions (frac)	-1	mafft_ginsi	25	0.02625	0.01447	0.0593	0.049629599999999996	25	-0.009330000000000001	-0.03641999999999995	0.005690000000000001	15	8	2	0.17933368682861328				
control_vntr_correct	redundancy.kmer_frac_extra	k-mer extra positions (frac)	-1	mafft_ginsi__all	18	0.0282	0.0057	0.058997499999999994	0.04728277777777778	18	-0.0012500000000000011	-0.016399999999999998	0.008747499999999998	9	7	2	0.668548583984375				
control_vntr_correct	redundancy.kmer_frac_extra	k-mer extra positions (frac)	-1	poa_abpoa	25	0.03117	0.00512	0.10381	0.0626664	25	-0.0008100000000000004	-0.030389999999999993	0.007269999999999999	13	9	3	0.4825911521911621				
control_vntr_correct	redundancy.kmer_frac_extra	k-mer extra positions (frac)	-1	poa_abpoa__all	25	0.13551	0.02554	0.21934	0.1392184	25	0.04968	0.0	0.15439	5	18	2	0.00025343894958496094				
control_vntr_correct	redundancy.kmer_frac_extra	k-mer extra positions (frac)	-1	poa_spoa	25	0.02625	0.00512	0.10624	0.0693464	25	0.0	-0.016919999999999998	0.011929999999999996	12	10	3	0.8237285614013672				
control_vntr_correct	redundancy.kmer_frac_extra	k-mer extra positions (frac)	-1	poa_spoa__all	24	0.094665	0.043375000000000004	0.21111249999999998	0.12171208333333333	24	0.037245	0.003112500000000032	0.076565	5	18	1	0.0008494853973388672				
control_vntr_correct	redundancy.kmer_frac_extra	k-mer extra positions (frac)	-1	poa_abpoa_mc	25	0.01875	0.00512	0.02803	0.0265512	25	-0.01345	-0.04322999999999999	-0.00481	20	2	3	1.1920928955078125e-05				
control_vntr_correct	redundancy.kmer_frac_extra	k-mer extra positions (frac)	-1	poa_abpoa_mc__all	25	0.02507	0.00902	0.07268	0.049006799999999996	25	-0.006420000000000002	-0.029609999999999997	0.00068	15	8	2	0.11142587661743164				
control_vntr_correct	redundancy.kmer_frac_extra	k-mer extra positions (frac)	-1	unit_aware	25	0.03264	0.01396	0.10912	0.0726304	25	0.0	-0.015049999999999997	0.042749999999999996	11	12	2	0.6220676898956299				
control_vntr_correct	redundancy.kmer_frac_extra	k-mer extra positions (frac)	-1	unit_aware__all	25	0.04385	0.02096	0.09101	0.0800556	25	0.0009399999999999999	-0.010339999999999998	0.03571	11	13	1	0.49079859256744385				
control_vntr_correct	redundancy.kmer_extra_per_kb	k-mer extra positions / kb	-1	mc	25	57.07	15.32	85.87	110.344												
control_vntr_correct	redundancy.kmer_extra_per_kb	k-mer extra positions / kb	-1	mafft_fftns2	25	35.88	21.29	75.35	139.334	25	-4.239999999999995	-49.1400000000001	17.499999999999993	15	9	1	0.5838061571121216				
control_vntr_correct	redundancy.kmer_extra_per_kb	k-mer extra positions / kb	-1	mafft_fftns2__all	25	46.45	16.66	184.94	150.9796	25	0.0	-10.619999999999997	44.78	12	11	2	0.5599584579467773				
control_vntr_correct	redundancy.kmer_extra_per_kb	k-mer extra positions / kb	-1	mafft_fftnsi__all	25	45.92	16.66	188.99	138.20600000000002	25	0.0	-17.07	31.820000000000007	12	11	2	0.988100528717041				
control_vntr_correct	redundancy.kmer_extra_per_kb	k-mer extra positions / kb	-1	mafft_linsi	25	34.61	11.0	60.98	67.1128	25	-13.550000000000004	-49.89000000000001	6.899999999999999	15	8	2	0.06503629684448242				
control_vntr_correct	redundancy.kmer_extra_per_kb	k-mer extra positions / kb	-1	mafft_linsi__all	20	25.229999999999997	7.327500000000001	58.8125	58.509	20	-4.460000000000001	-18.1075	6.675000000000001	11	7	2	0.34654998779296875				
control_vntr_correct	redundancy.kmer_extra_per_kb	k-mer extra positions / kb	-1	mafft_einsi	25	23.33	7.83	41.12	45.966800000000006	25	-15.270000000000003	-50.26	-5.390000000000001	20	3	2	7.867813110351562e-06				
control_vntr_correct	redundancy.kmer_extra_per_kb	k-mer extra positions / kb	-1	mafft_einsi__all	18	20.85	4.6425	37.455	26.205555555555556	18	-13.044999999999998	-30.029999999999998	-1.5650000000000004	14	2	2	0.009185791015625				
control_vntr_correct	redundancy.kmer_extra_per_kb	k-mer extra positions / kb	-1	mafft_ginsi	25	34.61	15.66	64.69	75.7508	25	-13.550000000000004	-55.410000000000004	6.899999999999999	15	8	2	0.15107226371765137				
control_vntr_correct	redundancy.kmer_extra_per_kb	k-mer extra positions / kb	-1	mafft_ginsi__all	18	35.49	6.3225	65.2625	64.79722222222222	18	-1.7650000000000006	-20.182499999999997	10.484999999999996	9	7	2	0.632171630859375				
control_vntr_correct	redundancy.kmer_extra_per_kb	k-mer extra positions / kb	-1	poa_abpoa	25	34.16	5.82	157.67	106.08760000000001	25	-0.8300000000000001	-38.620000000000005	10.020000000000003	13	9	3	0.4434065818786621				
control_vntr_correct	redundancy.kmer_extra_per_kb	k-mer extra positions / kb	-1	poa_abpoa__all	25	201.79	34.67	342.97	231.8064	25	85.96999999999998	0.0	253.33999999999992	5	18	2	0.0002148151397705078				
control_vntr_correct	redundancy.kmer_extra_per_kb	k-mer extra positions / kb	-1	poa_spoa	25	36.67	5.82	129.9	116.7312	25	0.0	-23.009999999999998	27.379999999999995	12	10	3	0.9492697715759277				
control_vntr_correct	redundancy.kmer_extra_per_kb	k-mer extra positions / kb	-1	poa_spoa__all	24	121.47999999999999	50.1425	335.2575	202.55416666666667	24	47.87499999999999	8.377500000000001	116.52749999999999	5	18	1	0.0007376670837402344				
control_vntr_correct	redundancy.kmer_extra_per_kb	k-mer extra positions / kb	-1	poa_abpoa_mc	25	21.29	5.82	38.71	43.12479999999999	25	-21.22	-54.21000000000001	-5.390000000000001	20	2	3	1.1920928955078125e-05				
control_vntr_correct	redundancy.kmer_extra_per_kb	k-mer extra positions / kb	-1	poa_abpoa_mc__all	25	28.65	12.03	85.17	75.5316	25	-8.01	-37.660000000000004	0.69	15	8	2	0.09175300598144531				
control_vntr_correct	redundancy.kmer_extra_per_kb	k-mer extra positions / kb	-1	unit_aware	25	38.86	16.02	132.13	120.79119999999999	25	0.0	-20.539999999999992	54.769999999999996	11	12	2	0.6649994850158691				
control_vntr_correct	redundancy.kmer_extra_per_kb	k-mer extra positions / kb	-1	unit_aware__all	25	55.96	22.38	106.64	139.9324	25	1.0999999999999996	-18.950000000000003	40.64	11	13	1	0.5838061571121216				
control_vntr_correct	truth.d_graph_sum	truth edits to best graph path (h1+h2)	-1	mc	25	0.0	0.0	0.0	0.28												
control_vntr_correct	truth.d_graph_sum	truth edits to best graph path (h1+h2)	-1	mafft_fftns2	25	0.0	0.0	0.0	0.28	25	0.0	0.0	0.0	0	0	25					
control_vntr_correct	truth.d_graph_sum	truth edits to best graph path (h1+h2)	-1	mafft_fftns2__all	25	0.0	0.0	0.0	0.28	25	0.0	0.0	0.0	0	0	25					
control_vntr_correct	truth.d_graph_sum	truth edits to best graph path (h1+h2)	-1	mafft_fftnsi__all	25	0.0	0.0	0.0	0.28	25	0.0	0.0	0.0	0	0	25					
control_vntr_correct	truth.d_graph_sum	truth edits to best graph path (h1+h2)	-1	mafft_linsi	25	0.0	0.0	0.0	0.28	25	0.0	0.0	0.0	1	1	23	1.0				
control_vntr_correct	truth.d_graph_sum	truth edits to best graph path (h1+h2)	-1	mafft_linsi__all	20	0.0	0.0	0.0	0.25	20	0.0	0.0	0.0	0	0	20					
control_vntr_correct	truth.d_graph_sum	truth edits to best graph path (h1+h2)	-1	mafft_einsi	25	0.0	0.0	0.0	0.28	25	0.0	0.0	0.0	0	0	25					
control_vntr_correct	truth.d_graph_sum	truth edits to best graph path (h1+h2)	-1	mafft_einsi__all	18	0.0	0.0	0.0	0.2222222222222222	18	0.0	0.0	0.0	0	0	18					
control_vntr_correct	truth.d_graph_sum	truth edits to best graph path (h1+h2)	-1	mafft_ginsi	25	0.0	0.0	0.0	0.32	25	0.0	0.0	0.0	1	1	23	1.0				
control_vntr_correct	truth.d_graph_sum	truth edits to best graph path (h1+h2)	-1	mafft_ginsi__all	18	0.0	0.0	0.0	0.2222222222222222	18	0.0	0.0	0.0	0	0	18					
control_vntr_correct	truth.d_graph_sum	truth edits to best graph path (h1+h2)	-1	poa_abpoa	25	0.0	0.0	1.0	0.36	25	0.0	0.0	0.0	0	1	24	1.0				
control_vntr_correct	truth.d_graph_sum	truth edits to best graph path (h1+h2)	-1	poa_abpoa__all	25	0.0	0.0	0.0	0.24	25	0.0	0.0	0.0	1	0	24	1.0				
control_vntr_correct	truth.d_graph_sum	truth edits to best graph path (h1+h2)	-1	poa_spoa	25	0.0	0.0	0.0	0.28	25	0.0	0.0	0.0	0	0	25					
control_vntr_correct	truth.d_graph_sum	truth edits to best graph path (h1+h2)	-1	poa_spoa__all	24	0.0	0.0	0.25	0.2916666666666667	24	0.0	0.0	0.0	0	0	24					
control_vntr_correct	truth.d_graph_sum	truth edits to best graph path (h1+h2)	-1	poa_abpoa_mc	25	0.0	0.0	1.0	0.92	25	0.0	0.0	0.0	0	1	24	1.0				
control_vntr_correct	truth.d_graph_sum	truth edits to best graph path (h1+h2)	-1	poa_abpoa_mc__all	25	0.0	0.0	0.0	0.28	25	0.0	0.0	0.0	0	0	25					
control_vntr_correct	truth.d_graph_sum	truth edits to best graph path (h1+h2)	-1	unit_aware	25	0.0	0.0	1.0	0.36	25	0.0	0.0	0.0	0	1	24	1.0				
control_vntr_correct	truth.d_graph_sum	truth edits to best graph path (h1+h2)	-1	unit_aware__all	25	0.0	0.0	0.0	0.28	25	0.0	0.0	0.0	0	0	25					
control_vntr_correct	truth.h1_d_graph	truth h1 edits to graph	-1	mc	25	0.0	0.0	0.0	0.2												
control_vntr_correct	truth.h1_d_graph	truth h1 edits to graph	-1	mafft_fftns2	25	0.0	0.0	0.0	0.2	25	0.0	0.0	0.0	0	0	25					
control_vntr_correct	truth.h1_d_graph	truth h1 edits to graph	-1	mafft_fftns2__all	25	0.0	0.0	0.0	0.2	25	0.0	0.0	0.0	0	0	25					
control_vntr_correct	truth.h1_d_graph	truth h1 edits to graph	-1	mafft_fftnsi__all	25	0.0	0.0	0.0	0.2	25	0.0	0.0	0.0	0	0	25					
control_vntr_correct	truth.h1_d_graph	truth h1 edits to graph	-1	mafft_linsi	25	0.0	0.0	0.0	0.2	25	0.0	0.0	0.0	1	1	23	1.0				
control_vntr_correct	truth.h1_d_graph	truth h1 edits to graph	-1	mafft_linsi__all	20	0.0	0.0	0.0	0.15	20	0.0	0.0	0.0	0	0	20					
control_vntr_correct	truth.h1_d_graph	truth h1 edits to graph	-1	mafft_einsi	25	0.0	0.0	0.0	0.2	25	0.0	0.0	0.0	0	0	25					
control_vntr_correct	truth.h1_d_graph	truth h1 edits to graph	-1	mafft_einsi__all	18	0.0	0.0	0.0	0.16666666666666666	18	0.0	0.0	0.0	0	0	18					
control_vntr_correct	truth.h1_d_graph	truth h1 edits to graph	-1	mafft_ginsi	25	0.0	0.0	0.0	0.24	25	0.0	0.0	0.0	1	1	23	1.0				
control_vntr_correct	truth.h1_d_graph	truth h1 edits to graph	-1	mafft_ginsi__all	18	0.0	0.0	0.0	0.16666666666666666	18	0.0	0.0	0.0	0	0	18					
control_vntr_correct	truth.h1_d_graph	truth h1 edits to graph	-1	poa_abpoa	25	0.0	0.0	0.0	0.28	25	0.0	0.0	0.0	0	1	24	1.0				
control_vntr_correct	truth.h1_d_graph	truth h1 edits to graph	-1	poa_abpoa__all	25	0.0	0.0	0.0	0.16	25	0.0	0.0	0.0	1	0	24	1.0				
control_vntr_correct	truth.h1_d_graph	truth h1 edits to graph	-1	poa_spoa	25	0.0	0.0	0.0	0.2	25	0.0	0.0	0.0	0	0	25					
control_vntr_correct	truth.h1_d_graph	truth h1 edits to graph	-1	poa_spoa__all	24	0.0	0.0	0.0	0.20833333333333334	24	0.0	0.0	0.0	0	0	24					
control_vntr_correct	truth.h1_d_graph	truth h1 edits to graph	-1	poa_abpoa_mc	25	0.0	0.0	0.0	0.84	25	0.0	0.0	0.0	0	1	24	1.0				
control_vntr_correct	truth.h1_d_graph	truth h1 edits to graph	-1	poa_abpoa_mc__all	25	0.0	0.0	0.0	0.2	25	0.0	0.0	0.0	0	0	25					
control_vntr_correct	truth.h1_d_graph	truth h1 edits to graph	-1	unit_aware	25	0.0	0.0	0.0	0.28	25	0.0	0.0	0.0	0	1	24	1.0				
control_vntr_correct	truth.h1_d_graph	truth h1 edits to graph	-1	unit_aware__all	25	0.0	0.0	0.0	0.2	25	0.0	0.0	0.0	0	0	25					
control_vntr_correct	truth.h2_d_graph	truth h2 edits to graph	-1	mc	25	0.0	0.0	0.0	0.08												
control_vntr_correct	truth.h2_d_graph	truth h2 edits to graph	-1	mafft_fftns2	25	0.0	0.0	0.0	0.08	25	0.0	0.0	0.0	0	0	25					
control_vntr_correct	truth.h2_d_graph	truth h2 edits to graph	-1	mafft_fftns2__all	25	0.0	0.0	0.0	0.08	25	0.0	0.0	0.0	0	0	25					
control_vntr_correct	truth.h2_d_graph	truth h2 edits to graph	-1	mafft_fftnsi__all	25	0.0	0.0	0.0	0.08	25	0.0	0.0	0.0	0	0	25					
control_vntr_correct	truth.h2_d_graph	truth h2 edits to graph	-1	mafft_linsi	25	0.0	0.0	0.0	0.08	25	0.0	0.0	0.0	0	0	25					
control_vntr_correct	truth.h2_d_graph	truth h2 edits to graph	-1	mafft_linsi__all	20	0.0	0.0	0.0	0.1	20	0.0	0.0	0.0	0	0	20					
control_vntr_correct	truth.h2_d_graph	truth h2 edits to graph	-1	mafft_einsi	25	0.0	0.0	0.0	0.08	25	0.0	0.0	0.0	0	0	25					
control_vntr_correct	truth.h2_d_graph	truth h2 edits to graph	-1	mafft_einsi__all	18	0.0	0.0	0.0	0.05555555555555555	18	0.0	0.0	0.0	0	0	18					
control_vntr_correct	truth.h2_d_graph	truth h2 edits to graph	-1	mafft_ginsi	25	0.0	0.0	0.0	0.08	25	0.0	0.0	0.0	0	0	25					
control_vntr_correct	truth.h2_d_graph	truth h2 edits to graph	-1	mafft_ginsi__all	18	0.0	0.0	0.0	0.05555555555555555	18	0.0	0.0	0.0	0	0	18					
control_vntr_correct	truth.h2_d_graph	truth h2 edits to graph	-1	poa_abpoa	25	0.0	0.0	0.0	0.08	25	0.0	0.0	0.0	0	0	25					
control_vntr_correct	truth.h2_d_graph	truth h2 edits to graph	-1	poa_abpoa__all	25	0.0	0.0	0.0	0.08	25	0.0	0.0	0.0	0	0	25					
control_vntr_correct	truth.h2_d_graph	truth h2 edits to graph	-1	poa_spoa	25	0.0	0.0	0.0	0.08	25	0.0	0.0	0.0	0	0	25					
control_vntr_correct	truth.h2_d_graph	truth h2 edits to graph	-1	poa_spoa__all	24	0.0	0.0	0.0	0.08333333333333333	24	0.0	0.0	0.0	0	0	24					
control_vntr_correct	truth.h2_d_graph	truth h2 edits to graph	-1	poa_abpoa_mc	25	0.0	0.0	0.0	0.08	25	0.0	0.0	0.0	0	0	25					
control_vntr_correct	truth.h2_d_graph	truth h2 edits to graph	-1	poa_abpoa_mc__all	25	0.0	0.0	0.0	0.08	25	0.0	0.0	0.0	0	0	25					
control_vntr_correct	truth.h2_d_graph	truth h2 edits to graph	-1	unit_aware	25	0.0	0.0	0.0	0.08	25	0.0	0.0	0.0	0	0	25					
control_vntr_correct	truth.h2_d_graph	truth h2 edits to graph	-1	unit_aware__all	25	0.0	0.0	0.0	0.08	25	0.0	0.0	0.0	0	0	25					
control_vntr_correct	truth.d_panel_sum	truth edits to closest panel path (h1+h2)	0	mc	25	0.0	0.0	1.0	1.6												
control_vntr_correct	truth.d_panel_sum	truth edits to closest panel path (h1+h2)	0	mafft_fftns2	25	0.0	0.0	1.0	1.6	25	0.0	0.0	0.0			25					
control_vntr_correct	truth.d_panel_sum	truth edits to closest panel path (h1+h2)	0	mafft_fftns2__all	25	0.0	0.0	1.0	1.6	25	0.0	0.0	0.0			25					
control_vntr_correct	truth.d_panel_sum	truth edits to closest panel path (h1+h2)	0	mafft_fftnsi__all	25	0.0	0.0	1.0	1.6	25	0.0	0.0	0.0			25					
control_vntr_correct	truth.d_panel_sum	truth edits to closest panel path (h1+h2)	0	mafft_linsi	25	0.0	0.0	1.0	1.6	25	0.0	0.0	0.0			25					
control_vntr_correct	truth.d_panel_sum	truth edits to closest panel path (h1+h2)	0	mafft_linsi__all	20	0.0	0.0	0.0	0.35	20	0.0	0.0	0.0			20					
control_vntr_correct	truth.d_panel_sum	truth edits to closest panel path (h1+h2)	0	mafft_einsi	25	0.0	0.0	1.0	1.6	25	0.0	0.0	0.0			25					
control_vntr_correct	truth.d_panel_sum	truth edits to closest panel path (h1+h2)	0	mafft_einsi__all	18	0.0	0.0	0.0	0.3333333333333333	18	0.0	0.0	0.0			18					
control_vntr_correct	truth.d_panel_sum	truth edits to closest panel path (h1+h2)	0	mafft_ginsi	25	0.0	0.0	1.0	1.6	25	0.0	0.0	0.0			25					
control_vntr_correct	truth.d_panel_sum	truth edits to closest panel path (h1+h2)	0	mafft_ginsi__all	18	0.0	0.0	0.0	0.3333333333333333	18	0.0	0.0	0.0			18					
control_vntr_correct	truth.d_panel_sum	truth edits to closest panel path (h1+h2)	0	poa_abpoa	25	0.0	0.0	1.0	1.6	25	0.0	0.0	0.0			25					
control_vntr_correct	truth.d_panel_sum	truth edits to closest panel path (h1+h2)	0	poa_abpoa__all	25	0.0	0.0	1.0	1.6	25	0.0	0.0	0.0			25					
control_vntr_correct	truth.d_panel_sum	truth edits to closest panel path (h1+h2)	0	poa_spoa	25	0.0	0.0	1.0	1.6	25	0.0	0.0	0.0			25					
control_vntr_correct	truth.d_panel_sum	truth edits to closest panel path (h1+h2)	0	poa_spoa__all	24	0.0	0.0	1.0	1.6666666666666667	24	0.0	0.0	0.0			24					
control_vntr_correct	truth.d_panel_sum	truth edits to closest panel path (h1+h2)	0	poa_abpoa_mc	25	0.0	0.0	1.0	1.6	25	0.0	0.0	0.0			25					
control_vntr_correct	truth.d_panel_sum	truth edits to closest panel path (h1+h2)	0	poa_abpoa_mc__all	25	0.0	0.0	1.0	1.6	25	0.0	0.0	0.0			25					
control_vntr_correct	truth.d_panel_sum	truth edits to closest panel path (h1+h2)	0	unit_aware	25	0.0	0.0	1.0	1.6	25	0.0	0.0	0.0			25					
control_vntr_correct	truth.d_panel_sum	truth edits to closest panel path (h1+h2)	0	unit_aware__all	25	0.0	0.0	1.0	1.6	25	0.0	0.0	0.0			25					
control_vntr_correct	truth.truvari.raw_f1	truth-by-graph truvari F1, raw	1	mc	25	1.0	1.0	1.0	0.986668												
control_vntr_correct	truth.truvari.raw_f1	truth-by-graph truvari F1, raw	1	mafft_fftns2	25	1.0	0.8	1.0	0.8168880000000001	25	0.0	0.0	0.0	0	6	19	0.03125				
control_vntr_correct	truth.truvari.raw_f1	truth-by-graph truvari F1, raw	1	mafft_fftns2__all	25	1.0	0.0	1.0	0.660608	25	0.0	-0.8182	0.0	0	10	15	0.001953125				
control_vntr_correct	truth.truvari.raw_f1	truth-by-graph truvari F1, raw	1	mafft_fftnsi__all	25	1.0	0.0	1.0	0.638224	25	0.0	-0.7778	0.0	0	11	14	0.0009765625				
control_vntr_correct	truth.truvari.raw_f1	truth-by-graph truvari F1, raw	1	mafft_linsi	25	1.0	1.0	1.0	0.8533320000000001	25	0.0	0.0	0.0	0	4	21	0.125				
control_vntr_correct	truth.truvari.raw_f1	truth-by-graph truvari F1, raw	1	mafft_linsi__all	20	1.0	1.0	1.0	0.903335	20	0.0	0.0	0.0	0	3	17	0.25				
control_vntr_correct	truth.truvari.raw_f1	truth-by-graph truvari F1, raw	1	mafft_einsi	25	1.0	1.0	1.0	0.816	25	0.0	0.0	0.0	0	5	20	0.0625				
control_vntr_correct	truth.truvari.raw_f1	truth-by-graph truvari F1, raw	1	mafft_einsi__all	18	1.0	1.0	1.0	0.911111111111111	18	0.0	0.0	0.0	0	2	16	0.5				
control_vntr_correct	truth.truvari.raw_f1	truth-by-graph truvari F1, raw	1	mafft_ginsi	25	1.0	1.0	1.0	0.893332	25	0.0	0.0	0.0	0	3	22	0.25				
control_vntr_correct	truth.truvari.raw_f1	truth-by-graph truvari F1, raw	1	mafft_ginsi__all	18	1.0	1.0	1.0	0.911111111111111	18	0.0	0.0	0.0	0	2	16	0.5				
control_vntr_correct	truth.truvari.raw_f1	truth-by-graph truvari F1, raw	1	poa_abpoa	25	1.0	1.0	1.0	0.854096	25	0.0	0.0	0.0	0	5	20	0.0625				
control_vntr_correct	truth.truvari.raw_f1	truth-by-graph truvari F1, raw	1	poa_abpoa__all	25	0.4	0.0	1.0	0.512	25	-0.6	-1.0	0.0	1	14	10	0.00018310546875				
control_vntr_correct	truth.truvari.raw_f1	truth-by-graph truvari F1, raw	1	poa_spoa	25	1.0	0.5	1.0	0.7033360000000001	25	0.0	-0.5	0.0	0	10	15	0.001953125				
control_vntr_correct	truth.truvari.raw_f1	truth-by-graph truvari F1, raw	1	poa_spoa__all	24	0.0	0.0	0.7500249999999999	0.3333333333333333	24	-1.0	-1.0	-0.24997500000000003	0	18	6	7.62939453125e-06				
control_vntr_correct	truth.truvari.raw_f1	truth-by-graph truvari F1, raw	1	poa_abpoa_mc	25	1.0	1.0	1.0	0.9314279999999999	25	0.0	0.0	0.0	0	2	23	0.5				
control_vntr_correct	truth.truvari.raw_f1	truth-by-graph truvari F1, raw	1	poa_abpoa_mc__all	25	1.0	0.5	1.0	0.726668	25	0.0	-0.5	0.0	0	8	17	0.0078125				
control_vntr_correct	truth.truvari.raw_f1	truth-by-graph truvari F1, raw	1	unit_aware	25	1.0	0.0	1.0	0.622668	25	0.0	-1.0	0.0	0	11	14	0.0009765625				
control_vntr_correct	truth.truvari.raw_f1	truth-by-graph truvari F1, raw	1	unit_aware__all	25	0.25	0.0	1.0	0.468668	25	-0.6667	-1.0	0.0	0	15	10	6.103515625e-05				
control_vntr_correct	truth.truvari.refined_f1	truth-by-graph truvari F1, refined	1	mc	25	1.0	1.0	1.0	0.986668												
control_vntr_correct	truth.truvari.refined_f1	truth-by-graph truvari F1, refined	1	mafft_fftns2	25	1.0	1.0	1.0	0.986668	25	0.0	0.0	0.0	0	0	25					
control_vntr_correct	truth.truvari.refined_f1	truth-by-graph truvari F1, refined	1	mafft_fftns2__all	25	1.0	1.0	1.0	0.92	25	0.0	0.0	0.0	0	2	23	0.5				
control_vntr_correct	truth.truvari.refined_f1	truth-by-graph truvari F1, refined	1	mafft_fftnsi__all	25	1.0	1.0	1.0	0.92	25	0.0	0.0	0.0	0	2	23	0.5				
control_vntr_correct	truth.truvari.refined_f1	truth-by-graph truvari F1, refined	1	mafft_linsi	25	1.0	1.0	1.0	0.96	25	0.0	0.0	0.0	0	1	24	1.0				
control_vntr_correct	truth.truvari.refined_f1	truth-by-graph truvari F1, refined	1	mafft_linsi__all	20	1.0	1.0	1.0	1.0	20	0.0	0.0	0.0	0	0	20					
control_vntr_correct	truth.truvari.refined_f1	truth-by-graph truvari F1, refined	1	mafft_einsi	25	1.0	1.0	1.0	0.96	25	0.0	0.0	0.0	0	1	24	1.0				
control_vntr_correct	truth.truvari.refined_f1	truth-by-graph truvari F1, refined	1	mafft_einsi__all	18	1.0	1.0	1.0	1.0	18	0.0	0.0	0.0	0	0	18					
control_vntr_correct	truth.truvari.refined_f1	truth-by-graph truvari F1, refined	1	mafft_ginsi	25	1.0	1.0	1.0	0.96	25	0.0	0.0	0.0	0	1	24	1.0				
control_vntr_correct	truth.truvari.refined_f1	truth-by-graph truvari F1, refined	1	mafft_ginsi__all	18	1.0	1.0	1.0	1.0	18	0.0	0.0	0.0	0	0	18					
control_vntr_correct	truth.truvari.refined_f1	truth-by-graph truvari F1, refined	1	poa_abpoa	25	1.0	1.0	1.0	0.92	25	0.0	0.0	0.0	0	2	23	0.5				
control_vntr_correct	truth.truvari.refined_f1	truth-by-graph truvari F1, refined	1	poa_abpoa__all	25	1.0	1.0	1.0	0.84	25	0.0	0.0	0.0	1	4	20	0.125				
control_vntr_correct	truth.truvari.refined_f1	truth-by-graph truvari F1, refined	1	poa_spoa	25	1.0	1.0	1.0	0.88	25	0.0	0.0	0.0	0	3	22	0.25				
control_vntr_correct	truth.truvari.refined_f1	truth-by-graph truvari F1, refined	1	poa_spoa__all	24	1.0	1.0	1.0	0.7916666666666666	24	0.0	0.0	0.0	0	5	19	0.0625				
control_vntr_correct	truth.truvari.refined_f1	truth-by-graph truvari F1, refined	1	poa_abpoa_mc	25	1.0	1.0	1.0	0.96	25	0.0	0.0	0.0	0	1	24	1.0				
control_vntr_correct	truth.truvari.refined_f1	truth-by-graph truvari F1, refined	1	poa_abpoa_mc__all	25	1.0	1.0	1.0	0.92	25	0.0	0.0	0.0	0	2	23	0.5				
control_vntr_correct	truth.truvari.refined_f1	truth-by-graph truvari F1, refined	1	unit_aware	25	1.0	1.0	1.0	0.84	25	0.0	0.0	0.0	0	4	21	0.125				
control_vntr_correct	truth.truvari.refined_f1	truth-by-graph truvari F1, refined	1	unit_aware__all	25	1.0	1.0	1.0	0.8	25	0.0	0.0	0.0	0	5	20	0.0625				
control_vntr_correct	truth.truvari.phab_f1	truth-by-graph truvari F1, whole-span phab	1	mc	25	1.0	1.0	1.0	1.0												
control_vntr_correct	truth.truvari.phab_f1	truth-by-graph truvari F1, whole-span phab	1	mafft_fftns2	25	1.0	1.0	1.0	1.0	25	0.0	0.0	0.0	0	0	25					
control_vntr_correct	truth.truvari.phab_f1	truth-by-graph truvari F1, whole-span phab	1	mafft_fftns2__all	25	1.0	1.0	1.0	1.0	25	0.0	0.0	0.0	0	0	25					
control_vntr_correct	truth.truvari.phab_f1	truth-by-graph truvari F1, whole-span phab	1	mafft_fftnsi__all	25	1.0	1.0	1.0	1.0	25	0.0	0.0	0.0	0	0	25					
control_vntr_correct	truth.truvari.phab_f1	truth-by-graph truvari F1, whole-span phab	1	mafft_linsi	25	1.0	1.0	1.0	1.0	25	0.0	0.0	0.0	0	0	25					
control_vntr_correct	truth.truvari.phab_f1	truth-by-graph truvari F1, whole-span phab	1	mafft_linsi__all	20	1.0	1.0	1.0	1.0	20	0.0	0.0	0.0	0	0	20					
control_vntr_correct	truth.truvari.phab_f1	truth-by-graph truvari F1, whole-span phab	1	mafft_einsi	25	1.0	1.0	1.0	1.0	25	0.0	0.0	0.0	0	0	25					
control_vntr_correct	truth.truvari.phab_f1	truth-by-graph truvari F1, whole-span phab	1	mafft_einsi__all	18	1.0	1.0	1.0	1.0	18	0.0	0.0	0.0	0	0	18					
control_vntr_correct	truth.truvari.phab_f1	truth-by-graph truvari F1, whole-span phab	1	mafft_ginsi	25	1.0	1.0	1.0	1.0	25	0.0	0.0	0.0	0	0	25					
control_vntr_correct	truth.truvari.phab_f1	truth-by-graph truvari F1, whole-span phab	1	mafft_ginsi__all	18	1.0	1.0	1.0	1.0	18	0.0	0.0	0.0	0	0	18					
control_vntr_correct	truth.truvari.phab_f1	truth-by-graph truvari F1, whole-span phab	1	poa_abpoa	25	1.0	1.0	1.0	1.0	25	0.0	0.0	0.0	0	0	25					
control_vntr_correct	truth.truvari.phab_f1	truth-by-graph truvari F1, whole-span phab	1	poa_abpoa__all	25	1.0	1.0	1.0	1.0	25	0.0	0.0	0.0	0	0	25					
control_vntr_correct	truth.truvari.phab_f1	truth-by-graph truvari F1, whole-span phab	1	poa_spoa	25	1.0	1.0	1.0	1.0	25	0.0	0.0	0.0	0	0	25					
control_vntr_correct	truth.truvari.phab_f1	truth-by-graph truvari F1, whole-span phab	1	poa_spoa__all	24	1.0	1.0	1.0	1.0	24	0.0	0.0	0.0	0	0	24					
control_vntr_correct	truth.truvari.phab_f1	truth-by-graph truvari F1, whole-span phab	1	poa_abpoa_mc	24	1.0	1.0	1.0	1.0	24	0.0	0.0	0.0	0	0	24					
control_vntr_correct	truth.truvari.phab_f1	truth-by-graph truvari F1, whole-span phab	1	poa_abpoa_mc__all	25	1.0	1.0	1.0	1.0	25	0.0	0.0	0.0	0	0	25					
control_vntr_correct	truth.truvari.phab_f1	truth-by-graph truvari F1, whole-span phab	1	unit_aware	25	1.0	1.0	1.0	1.0	25	0.0	0.0	0.0	0	0	25					
control_vntr_correct	truth.truvari.phab_f1	truth-by-graph truvari F1, whole-span phab	1	unit_aware__all	25	1.0	1.0	1.0	1.0	25	0.0	0.0	0.0	0	0	25					
control_vntr_correct	truth.truvari.records_sv	truth-by-graph SV records	0	mc	25	1.0	1.0	2.0	1.36												
control_vntr_correct	truth.truvari.records_sv	truth-by-graph SV records	0	mafft_fftns2	25	1.0	1.0	2.0	1.84	25	0.0	0.0	0.0			18	0.078125				
control_vntr_correct	truth.truvari.records_sv	truth-by-graph SV records	0	mafft_fftns2__all	25	1.0	1.0	2.0	1.84	25	0.0	0.0	0.0			16	0.28515625				
control_vntr_correct	truth.truvari.records_sv	truth-by-graph SV records	0	mafft_fftnsi__all	25	1.0	1.0	2.0	1.76	25	0.0	0.0	1.0			15	0.322265625				
control_vntr_correct	truth.truvari.records_sv	truth-by-graph SV records	0	mafft_linsi	25	1.0	1.0	2.0	1.4	25	0.0	0.0	0.0			21	1.0				
control_vntr_correct	truth.truvari.records_sv	truth-by-graph SV records	0	mafft_linsi__all	20	1.0	1.0	2.0	1.55	20	0.0	0.0	0.0			17	0.25				
control_vntr_correct	truth.truvari.records_sv	truth-by-graph SV records	0	mafft_einsi	25	1.0	1.0	2.0	1.36	25	0.0	0.0	0.0			20	1.0				
control_vntr_correct	truth.truvari.records_sv	truth-by-graph SV records	0	mafft_einsi__all	18	1.0	1.0	2.0	1.3888888888888888	18	0.0	0.0	0.0			14	0.625				
control_vntr_correct	truth.truvari.records_sv	truth-by-graph SV records	0	mafft_ginsi	25	1.0	1.0	2.0	1.44	25	0.0	0.0	0.0			21	0.5				
control_vntr_correct	truth.truvari.records_sv	truth-by-graph SV records	0	mafft_ginsi__all	18	1.0	1.0	2.0	1.5	18	0.0	0.0	0.0			16	0.5				
control_vntr_correct	truth.truvari.records_sv	truth-by-graph SV records	0	poa_abpoa	25	1.0	1.0	2.0	1.4	25	0.0	0.0	0.0			19	1.0				
control_vntr_correct	truth.truvari.records_sv	truth-by-graph SV records	0	poa_abpoa__all	25	1.0	1.0	2.0	1.92	25	0.0	0.0	1.0			14	0.06640625				
control_vntr_correct	truth.truvari.records_sv	truth-by-graph SV records	0	poa_spoa	25	1.0	1.0	1.0	1.36	25	0.0	0.0	0.0			16	0.8203125				
control_vntr_correct	truth.truvari.records_sv	truth-by-graph SV records	0	poa_spoa__all	24	1.0	1.0	2.0	1.875	24	0.0	-0.25	1.0			11	0.2783203125				
control_vntr_correct	truth.truvari.records_sv	truth-by-graph SV records	0	poa_abpoa_mc	25	1.0	1.0	2.0	1.4	25	0.0	0.0	0.0			21	1.0				
control_vntr_correct	truth.truvari.records_sv	truth-by-graph SV records	0	poa_abpoa_mc__all	25	1.0	1.0	2.0	1.52	25	0.0	0.0	0.0			18	0.515625				
control_vntr_correct	truth.truvari.records_sv	truth-by-graph SV records	0	unit_aware	25	1.0	1.0	2.0	1.8	25	0.0	0.0	0.0			15	0.58203125				
control_vntr_correct	truth.truvari.records_sv	truth-by-graph SV records	0	unit_aware__all	25	2.0	1.0	2.0	1.96	25	0.0	0.0	1.0			10	0.226806640625				
control_vntr_correct	reads.all_unique	reads: unique placement	1	mc	25	0.8958	0.7397	0.9505	0.791892												
control_vntr_correct	reads.all_unique	reads: unique placement	1	mafft_fftns2	25	0.866	0.6511	0.935	0.7694240000000001	25	0.0	-0.0696	0.03849999999999998	10	11	4	0.5854024887084961				
control_vntr_correct	reads.all_unique	reads: unique placement	1	mafft_fftns2__all	25	0.8728	0.4776	0.9131	0.7417199999999999	25	-0.03520000000000001	-0.07840000000000003	0.0033999999999999586	8	16	1	0.019441962242126465				
control_vntr_correct	reads.all_unique	reads: unique placement	1	mafft_fftnsi__all	25	0.8757	0.5084	0.9357	0.755868	25	-0.019799999999999984	-0.06610000000000005	0.0020000000000000018	7	17	1	0.05264079570770264				
control_vntr_correct	reads.all_unique	reads: unique placement	1	mafft_linsi	25	0.866	0.772	0.9684	0.819164	25	0.0	-0.02980000000000005	0.03849999999999998	11	9	5	0.5458755493164062				
control_vntr_correct	reads.all_unique	reads: unique placement	1	mafft_linsi__all	20	0.91815	0.778075	0.9743999999999999	0.81516	20	0.0	-0.032999999999999974	0.0067749999999999755	8	8	4	0.93988037109375				
control_vntr_correct	reads.all_unique	reads: unique placement	1	mafft_einsi	25	0.8956	0.8094	0.9684	0.830596	25	0.0018000000000000238	-0.0031999999999999806	0.059699999999999975	13	8	4	0.09759998321533203				
control_vntr_correct	reads.all_unique	reads: unique placement	1	mafft_einsi__all	18	0.93745	0.819925	0.975	0.8453333333333333	18	0.0026500000000000135	0.0	0.030999999999999972	10	4	4	0.118896484375				
control_vntr_correct	reads.all_unique	reads: unique placement	1	mafft_ginsi	25	0.866	0.772	0.9684	0.814204	25	0.0	-0.02980000000000005	0.03849999999999998	11	9	5	0.6476554870605469				
control_vntr_correct	reads.all_unique	reads: unique placement	1	mafft_ginsi__all	18	0.93065	0.71955	0.975	0.8119111111111111	18	0.0	-0.033999999999999975	0.009724999999999984	8	7	3	0.890380859375				
control_vntr_correct	reads.all_unique	reads: unique placement	1	poa_abpoa	25	0.8726	0.6729	0.9594	0.793452	25	0.0	-0.03069999999999995	0.03639999999999999	10	11	4	0.9256191253662109				
control_vntr_correct	reads.all_unique	reads: unique placement	1	poa_abpoa__all	25	0.7134	0.5579	0.902	0.6974800000000001	25	-0.05879999999999996	-0.179	-0.009500000000000064	3	19	3	3.337860107421875e-05				
control_vntr_correct	reads.all_unique	reads: unique placement	1	poa_spoa	25	0.8647	0.6729	0.9608	0.7880159999999999	25	0.0	-0.010599999999999943	0.028899999999999926	11	8	6	0.8287849426269531				
control_vntr_correct	reads.all_unique	reads: unique placement	1	poa_spoa__all	24	0.735	0.5845	0.9267000000000001	0.7181125	24	-0.0567	-0.10904999999999998	-0.014199999999999963	0	20	4	1.9073486328125e-06				
control_vntr_correct	reads.all_unique	reads: unique placement	1	poa_abpoa_mc	25	0.902	0.8076	0.9682	0.8406999999999999	25	0.0020000000000000018	0.0	0.05730000000000002	13	6	6	0.018535614013671875				
control_vntr_correct	reads.all_unique	reads: unique placement	1	poa_abpoa_mc__all	25	0.8931	0.7203	0.9505	0.803292	25	0.0	-0.026800000000000046	0.027900000000000036	10	11	4	0.9728584289550781				
control_vntr_correct	reads.all_unique	reads: unique placement	1	unit_aware	25	0.8582	0.6729	0.9608	0.7841039999999999	25	0.0	-0.02980000000000005	0.023399999999999976	8	12	5	0.6476554870605469				
control_vntr_correct	reads.all_unique	reads: unique placement	1	unit_aware__all	25	0.8621	0.6846	0.9594	0.7770999999999999	25	-0.008000000000000007	-0.03479999999999994	0.0	5	18	2	0.09798812866210938				
control_vntr_correct	reads.all_redundant_only	reads: redundant (cross-walk) only	-1	mc	25	0.0476	0.0196	0.1226	0.09909599999999999												
control_vntr_correct	reads.all_redundant_only	reads: redundant (cross-walk) only	-1	mafft_fftns2	25	0.0664	0.0333	0.1291	0.12156800000000001	25	0.0	-0.038500000000000006	0.06949999999999999	10	11	4	0.5854024887084961				
control_vntr_correct	reads.all_redundant_only	reads: redundant (cross-walk) only	-1	mafft_fftns2__all	25	0.0952	0.045	0.2006	0.14928	25	0.0352	-0.0033000000000000043	0.0784	8	16	1	0.019441962242126465				
control_vntr_correct	reads.all_redundant_only	reads: redundant (cross-walk) only	-1	mafft_fftnsi__all	25	0.065	0.0324	0.1909	0.135128	25	0.01980000000000004	-0.0020000000000000018	0.06609999999999999	7	17	1	0.05264079570770264				
control_vntr_correct	reads.all_redundant_only	reads: redundant (cross-walk) only	-1	mafft_linsi	25	0.0372	0.0119	0.1026	0.071824	25	0.0	-0.038500000000000006	0.029700000000000004	11	9	5	0.5458755493164062				
control_vntr_correct	reads.all_redundant_only	reads: redundant (cross-walk) only	-1	mafft_linsi__all	20	0.024800000000000003	0.0117	0.09872500000000001	0.06892000000000001	20	0.0	-0.006775	0.03299999999999999	8	8	4	0.93988037109375				
control_vntr_correct	reads.all_redundant_only	reads: redundant (cross-walk) only	-1	mafft_einsi	25	0.0311	0.0119	0.0546	0.060396	25	-0.0017999999999999995	-0.0597	0.0031999999999999997	13	8	4	0.10321426391601562				
control_vntr_correct	reads.all_redundant_only	reads: redundant (cross-walk) only	-1	mafft_einsi__all	18	0.02315	0.0111	0.05365	0.03944444444444444	18	-0.0026499999999999996	-0.030975000000000006	0.0	10	4	4	0.118896484375				
control_vntr_correct	reads.all_redundant_only	reads: redundant (cross-walk) only	-1	mafft_ginsi	25	0.0496	0.0119	0.1093	0.076788	25	0.0	-0.038500000000000006	0.029700000000000004	11	9	5	0.6476554870605469				
control_vntr_correct	reads.all_redundant_only	reads: redundant (cross-walk) only	-1	mafft_ginsi__all	18	0.0234	0.011300000000000001	0.105775	0.07285555555555555	18	0.0	-0.009725	0.03399999999999999	8	7	3	0.890380859375				
control_vntr_correct	reads.all_redundant_only	reads: redundant (cross-walk) only	-1	poa_abpoa	25	0.0508	0.0171	0.098	0.09753600000000001	25	0.0	-0.0364	0.03069999999999999	10	11	4	0.9256191253662109				
control_vntr_correct	reads.all_redundant_only	reads: redundant (cross-walk) only	-1	poa_abpoa__all	25	0.1686	0.0495	0.2874	0.193512	25	0.0588	0.009499999999999998	0.179	3	19	3	3.337860107421875e-05				
control_vntr_correct	reads.all_redundant_only	reads: redundant (cross-walk) only	-1	poa_spoa	25	0.0331	0.0119	0.1133	0.10298	25	0.0	-0.028900000000000002	0.010599999999999998	11	8	6	0.8287849426269531				
control_vntr_correct	reads.all_redundant_only	reads: redundant (cross-walk) only	-1	poa_spoa__all	24	0.09595000000000001	0.054	0.290925	0.18085833333333334	24	0.0567	0.014199999999999977	0.10905000000000002	0	20	4	1.9073486328125e-06				
control_vntr_correct	reads.all_redundant_only	reads: redundant (cross-walk) only	-1	poa_abpoa_mc	25	0.0252	0.0119	0.0476	0.050292	25	-0.0020000000000000018	-0.057300000000000004	0.0	13	6	6	0.018535614013671875				
control_vntr_correct	reads.all_redundant_only	reads: redundant (cross-walk) only	-1	poa_abpoa_mc__all	25	0.0495	0.0214	0.1116	0.087712	25	0.0	-0.027800000000000005	0.026800000000000004	10	11	4	0.9728584289550781				
control_vntr_correct	reads.all_redundant_only	reads: redundant (cross-walk) only	-1	unit_aware	25	0.0568	0.0119	0.1026	0.10688800000000001	25	0.0	-0.023299999999999987	0.029700000000000004	8	12	5	0.6476554870605469				
control_vntr_correct	reads.all_redundant_only	reads: redundant (cross-walk) only	-1	unit_aware__all	25	0.0744	0.0238	0.136	0.11389200000000001	25	0.007999999999999997	0.0	0.0349	5	18	2	0.09639334678649902				
control_vntr_correct	reads.all_tandem	reads: tandem	0	mc	25	0.0485	0.0096	0.1231	0.105484												
control_vntr_correct	reads.all_tandem	reads: tandem	0	mafft_fftns2	25	0.0485	0.0096	0.1231	0.105484	25	0.0	0.0	0.0			25					
control_vntr_correct	reads.all_tandem	reads: tandem	0	mafft_fftns2__all	25	0.0485	0.0096	0.1231	0.105484	25	0.0	0.0	0.0			25					
control_vntr_correct	reads.all_tandem	reads: tandem	0	mafft_fftnsi__all	25	0.0485	0.0096	0.1231	0.105484	25	0.0	0.0	0.0			25					
control_vntr_correct	reads.all_tandem	reads: tandem	0	mafft_linsi	25	0.0485	0.0096	0.1231	0.105484	25	0.0	0.0	0.0			25					
control_vntr_correct	reads.all_tandem	reads: tandem	0	mafft_linsi__all	20	0.04185	0.0078000000000000005	0.1115	0.1139	20	0.0	0.0	0.0			20					
control_vntr_correct	reads.all_tandem	reads: tandem	0	mafft_einsi	25	0.0485	0.0096	0.1231	0.105484	25	0.0	0.0	0.0			25					
control_vntr_correct	reads.all_tandem	reads: tandem	0	mafft_einsi__all	18	0.02785	0.0058	0.08612500000000001	0.11307777777777778	18	0.0	0.0	0.0			18					
control_vntr_correct	reads.all_tandem	reads: tandem	0	mafft_ginsi	25	0.0485	0.0096	0.1231	0.105484	25	0.0	0.0	0.0			25					
control_vntr_correct	reads.all_tandem	reads: tandem	0	mafft_ginsi__all	18	0.02785	0.0058	0.08612500000000001	0.11307777777777778	18	0.0	0.0	0.0			18					
control_vntr_correct	reads.all_tandem	reads: tandem	0	poa_abpoa	25	0.0485	0.0096	0.1231	0.105484	25	0.0	0.0	0.0			25					
control_vntr_correct	reads.all_tandem	reads: tandem	0	poa_abpoa__all	25	0.0485	0.0096	0.1231	0.105484	25	0.0	0.0	0.0			25					
control_vntr_correct	reads.all_tandem	reads: tandem	0	poa_spoa	25	0.0485	0.0096	0.1231	0.105484	25	0.0	0.0	0.0			25					
control_vntr_correct	reads.all_tandem	reads: tandem	0	poa_spoa__all	24	0.04185	0.009399999999999999	0.1009	0.09784583333333334	24	0.0	0.0	0.0			24					
control_vntr_correct	reads.all_tandem	reads: tandem	0	poa_abpoa_mc	25	0.0485	0.0096	0.1231	0.105484	25	0.0	0.0	0.0			25					
control_vntr_correct	reads.all_tandem	reads: tandem	0	poa_abpoa_mc__all	25	0.0485	0.0096	0.1231	0.105484	25	0.0	0.0	0.0			25					
control_vntr_correct	reads.all_tandem	reads: tandem	0	unit_aware	25	0.0485	0.0096	0.1231	0.105484	25	0.0	0.0	0.0			25					
control_vntr_correct	reads.all_tandem	reads: tandem	0	unit_aware__all	25	0.0485	0.0096	0.1231	0.105484	25	0.0	0.0	0.0			25					
control_vntr_correct	reads.all_ratio_mean	reads: placements / max per path	-1	mc	25	1.0495	1.0239	1.1379	1.16978												
control_vntr_correct	reads.all_ratio_mean	reads: placements / max per path	-1	mafft_fftns2	25	1.077	1.0333	1.1435	1.220068	25	0.0	-0.0385000000000002	0.07159999999999989	12	11	2	0.7090141773223877				
control_vntr_correct	reads.all_ratio_mean	reads: placements / max per path	-1	mafft_fftns2__all	25	1.1052	1.0513	1.249	1.332588	25	0.03529999999999989	-0.0020000000000000018	0.1076999999999999	7	17	1	0.006516098976135254				
control_vntr_correct	reads.all_ratio_mean	reads: placements / max per path	-1	mafft_fftnsi__all	25	1.0815	1.0381	1.249	1.273632	25	0.024399999999999977	0.0	0.08819999999999983	6	18	1	0.010507822036743164				
control_vntr_correct	reads.all_ratio_mean	reads: placements / max per path	-1	mafft_linsi	25	1.0463	1.0162	1.1175	1.108236	25	-0.0015000000000000568	-0.04129999999999989	0.012199999999999989	13	9	3	0.42923402786254883				
control_vntr_correct	reads.all_ratio_mean	reads: placements / max per path	-1	mafft_linsi__all	20	1.03415	1.017525	1.1032000000000002	1.08656	20	0.0	-0.012175000000000047	0.012724999999999875	9	8	3	0.7466583251953125				
control_vntr_correct	reads.all_ratio_mean	reads: placements / max per path	-1	mafft_einsi	25	1.0366	1.0162	1.0586	1.09612	25	-0.006900000000000128	-0.09060000000000001	0.0	16	6	3	0.020858287811279297				
control_vntr_correct	reads.all_ratio_mean	reads: placements / max per path	-1	mafft_einsi__all	18	1.02525	1.0125	1.0786	1.0560833333333333	18	-0.0017500000000000293	-0.033000000000000196	0.0038999999999999035	10	5	3	0.22930908203125				
control_vntr_correct	reads.all_ratio_mean	reads: placements / max per path	-1	mafft_ginsi	25	1.0513	1.0162	1.1242	1.115548	25	-0.0015000000000000568	-0.0385000000000002	0.025799999999999823	13	9	3	0.5660676956176758				
control_vntr_correct	reads.all_ratio_mean	reads: placements / max per path	-1	mafft_ginsi__all	18	1.0279500000000001	1.015375	1.1172	1.0913833333333334	18	0.0	-0.01602500000000001	0.027774999999999883	8	7	3	0.803955078125				
control_vntr_correct	reads.all_ratio_mean	reads: placements / max per path	-1	poa_abpoa	25	1.06	1.0235	1.1447	1.152456	25	0.0	-0.0385000000000002	0.0596000000000001	12	10	3	0.8736042976379395				
control_vntr_correct	reads.all_ratio_mean	reads: placements / max per path	-1	poa_abpoa__all	25	1.1992	1.06	1.3876	1.3215919999999999	25	0.08809999999999985	0.012399999999999967	0.20720000000000005	4	19	2	3.266334533691406e-05				
control_vntr_correct	reads.all_ratio_mean	reads: placements / max per path	-1	poa_spoa	25	1.0497	1.0219	1.2024	1.175804	25	0.0	-0.0385000000000002	0.010599999999999943	12	9	4	0.9728584289550781				
control_vntr_correct	reads.all_ratio_mean	reads: placements / max per path	-1	poa_spoa__all	24	1.12175	1.05895	1.3306499999999999	1.2689875	24	0.06674999999999998	0.010524999999999951	0.1294249999999999	2	19	3	0.00013065338134765625				
control_vntr_correct	reads.all_ratio_mean	reads: placements / max per path	-1	poa_abpoa_mc	25	1.0406	1.0162	1.06	1.084444	25	-0.008499999999999952	-0.0959000000000001	0.0	16	6	3	0.022916316986083984				
control_vntr_correct	reads.all_ratio_mean	reads: placements / max per path	-1	poa_abpoa_mc__all	25	1.0554	1.0257	1.1772	1.147892	25	0.0	-0.01650000000000018	0.01959999999999984	11	11	3	0.9239659309387207				
control_vntr_correct	reads.all_ratio_mean	reads: placements / max per path	-1	unit_aware	25	1.0711	1.0235	1.2063	1.158236	25	0.0040000000000000036	-0.009500000000000064	0.022400000000000198	8	13	4	0.6091489791870117				
control_vntr_correct	reads.all_ratio_mean	reads: placements / max per path	-1	unit_aware__all	25	1.0812	1.0273	1.1901	1.177496	25	0.0045999999999999375	0.0	0.03289999999999993	6	17	2	0.30013346672058105				
control_vntr_correct	reads.mqlt5_redundant_only	reads MAPQ<5: redundant only	-1	mc	25	0.0909	0.0619	0.3095	0.20764400000000002												
control_vntr_correct	reads.mqlt5_redundant_only	reads MAPQ<5: redundant only	-1	mafft_fftns2	25	0.0909	0.0398	0.1818	0.15495599999999998	25	0.0	-0.1522	0.043500000000000004	10	9	6	0.2536888122558594				
control_vntr_correct	reads.mqlt5_redundant_only	reads MAPQ<5: redundant only	-1	mafft_fftns2__all	25	0.1	0.0694	0.2357	0.179116	25	0.0	-0.10870000000000002	0.05550000000000001	10	10	5	0.47490501403808594				
control_vntr_correct	reads.mqlt5_redundant_only	reads MAPQ<5: redundant only	-1	mafft_fftnsi__all	25	0.0909	0.0455	0.2407	0.17045200000000002	25	0.0	-0.09259999999999999	0.0325	8	9	8	0.2841644287109375				
control_vntr_correct	reads.mqlt5_redundant_only	reads MAPQ<5: redundant only	-1	mafft_linsi	25	0.0625	0.0286	0.1006	0.101268	25	0.0	-0.1522	0.0	11	5	9	0.009185791015625				
control_vntr_correct	reads.mqlt5_redundant_only	reads MAPQ<5: redundant only	-1	mafft_linsi__all	20	0.0682	0.0318	0.125	0.09459	20	0.0	-0.018625000000000003	0.011175000000000001	6	7	7	0.497314453125				
control_vntr_correct	reads.mqlt5_redundant_only	reads MAPQ<5: redundant only	-1	mafft_einsi	25	0.0411	0.0174	0.0909	0.099564	25	-0.013700000000000004	-0.1522	0.0	13	2	10	0.00030517578125				
control_vntr_correct	reads.mqlt5_redundant_only	reads MAPQ<5: redundant only	-1	mafft_einsi__all	18	0.0442	0.020875	0.07919999999999999	0.0616	18	0.0	-0.086875	0.0	8	1	9	0.0078125				
control_vntr_correct	reads.mqlt5_redundant_only	reads MAPQ<5: redundant only	-1	mafft_ginsi	25	0.0625	0.0286	0.1079	0.104192	25	0.0	-0.1522	0.0	10	5	10	0.02154541015625				
control_vntr_correct	reads.mqlt5_redundant_only	reads MAPQ<5: redundant only	-1	mafft_ginsi__all	18	0.0682	0.0327	0.1189	0.09619444444444444	18	0.0	-0.028474999999999993	0.015725000000000003	6	6	6	0.423828125				
control_vntr_correct	reads.mqlt5_redundant_only	reads MAPQ<5: redundant only	-1	poa_abpoa	25	0.0818	0.0333	0.125	0.140476	25	0.0	-0.1143	0.0	11	6	8	0.0714111328125				
control_vntr_correct	reads.mqlt5_redundant_only	reads MAPQ<5: redundant only	-1	poa_abpoa__all	25	0.125	0.0609	0.303	0.222604	25	0.03330000000000001	0.0	0.09260000000000002	5	13	7	0.32472991943359375				
control_vntr_correct	reads.mqlt5_redundant_only	reads MAPQ<5: redundant only	-1	poa_spoa	25	0.0818	0.0297	0.1357	0.133212	25	0.0	-0.1143	0.0	11	5	9	0.05767822265625				
control_vntr_correct	reads.mqlt5_redundant_only	reads MAPQ<5: redundant only	-1	poa_spoa__all	24	0.0909	0.057875	0.362325	0.21280416666666668	24	0.0	-0.008349999999999996	0.054925	6	11	7	0.4306793212890625				
control_vntr_correct	reads.mqlt5_redundant_only	reads MAPQ<5: redundant only	-1	poa_abpoa_mc	25	0.0437	0.0174	0.0909	0.07553599999999999	25	-0.0274	-0.25	0.0	14	1	10	0.0001220703125				
control_vntr_correct	reads.mqlt5_redundant_only	reads MAPQ<5: redundant only	-1	poa_abpoa_mc__all	25	0.0909	0.0455	0.2214	0.143496	25	0.0	-0.0688	0.018799999999999997	8	7	10	0.27685546875				
control_vntr_correct	reads.mqlt5_redundant_only	reads MAPQ<5: redundant only	-1	unit_aware	25	0.0909	0.0286	0.1357	0.144416	25	0.0	-0.1143	0.0087	9	7	9	0.116668701171875				
control_vntr_correct	reads.mqlt5_redundant_only	reads MAPQ<5: redundant only	-1	unit_aware__all	25	0.0909	0.0455	0.1643	0.15743600000000002	25	0.0	0.0	0.013300000000000006	6	8	11	0.5015869140625				
control_vntr_correct	reads.mqlt5_ratio_mean	reads MAPQ<5: placements / max per path	-1	mc	25	1.1429	1.0854	1.469	1.344716												
control_vntr_correct	reads.mqlt5_ratio_mean	reads MAPQ<5: placements / max per path	-1	mafft_fftns2	25	1.125	1.0792	1.3182	1.334928	25	0.0	-0.25	0.0625	11	10	4	0.539189338684082				
control_vntr_correct	reads.mqlt5_ratio_mean	reads MAPQ<5: placements / max per path	-1	mafft_fftns2__all	25	1.1562	1.0909	1.522	1.4738120000000001	25	0.0	-0.09060000000000001	0.0936999999999999	10	11	4	0.6091489791870117				
control_vntr_correct	reads.mqlt5_ratio_mean	reads MAPQ<5: placements / max per path	-1	mafft_fftnsi__all	25	1.1562	1.0778	1.4787	1.413008	25	0.01110000000000011	-0.07710000000000017	0.09110000000000018	9	13	3	0.5081424713134766				
control_vntr_correct	reads.mqlt5_ratio_mean	reads MAPQ<5: placements / max per path	-1	mafft_linsi	25	1.101	1.0451	1.1577	1.18638	25	0.0	-0.25	0.0	12	6	7	0.02081298828125				
control_vntr_correct	reads.mqlt5_ratio_mean	reads MAPQ<5: placements / max per path	-1	mafft_linsi__all	20	1.10185	1.040875	1.156425	1.1455600000000001	20	0.0	-0.046924999999999994	0.03737499999999999	7	7	6	0.5416259765625				
control_vntr_correct	reads.mqlt5_ratio_mean	reads MAPQ<5: placements / max per path	-1	mafft_einsi	25	1.0652	1.0297	1.1429	1.175224	25	-0.033399999999999874	-0.25	0.0	16	2	7	0.00128936767578125				
control_vntr_correct	reads.mqlt5_ratio_mean	reads MAPQ<5: placements / max per path	-1	mafft_einsi__all	18	1.07275	1.0306000000000002	1.157	1.1054833333333334	18	-0.0021499999999999853	-0.19212500000000016	0.011700000000000044	9	5	4	0.118896484375				
control_vntr_correct	reads.mqlt5_ratio_mean	reads MAPQ<5: placements / max per path	-1	mafft_ginsi	25	1.101	1.0467	1.1577	1.1947800000000002	25	0.0	-0.25	0.006800000000000139	11	7	7	0.0599365234375				
control_vntr_correct	reads.mqlt5_ratio_mean	reads MAPQ<5: placements / max per path	-1	mafft_ginsi__all	18	1.10185	1.036425	1.163075	1.1499	18	0.0	-0.056174999999999975	0.043325	7	7	4	0.5416259765625				
control_vntr_correct	reads.mqlt5_ratio_mean	reads MAPQ<5: placements / max per path	-1	poa_abpoa	25	1.1317	1.0705	1.2717	1.2507080000000002	25	0.0	-0.19730000000000003	0.03600000000000003	11	8	6	0.18186569213867188				
control_vntr_correct	reads.mqlt5_ratio_mean	reads MAPQ<5: placements / max per path	-1	poa_abpoa__all	25	1.25	1.1156	1.5705	1.4534639999999999	25	0.059800000000000075	0.0	0.1388999999999998	4	16	5	0.013616561889648438				
control_vntr_correct	reads.mqlt5_ratio_mean	reads MAPQ<5: placements / max per path	-1	poa_spoa	25	1.1342	1.0467	1.3513	1.273284	25	0.0	-0.039899999999999824	0.01419999999999999	12	7	6	0.3320655822753906				
control_vntr_correct	reads.mqlt5_ratio_mean	reads MAPQ<5: placements / max per path	-1	poa_spoa__all	24	1.18845	1.12305	1.5561749999999999	1.3839333333333332	24	0.03765000000000007	0.0	0.12214999999999998	5	14	5	0.07283401489257812				
control_vntr_correct	reads.mqlt5_ratio_mean	reads MAPQ<5: placements / max per path	-1	poa_abpoa_mc	25	1.0781	1.0297	1.1429	1.14574	25	-0.033399999999999874	-0.3580000000000001	0.0	15	4	6	0.003917694091796875				
control_vntr_correct	reads.mqlt5_ratio_mean	reads MAPQ<5: placements / max per path	-1	poa_abpoa_mc__all	25	1.1429	1.101	1.25	1.2674720000000002	25	0.0	-0.05599999999999983	0.06059999999999999	10	8	7	0.4171142578125				
control_vntr_correct	reads.mqlt5_ratio_mean	reads MAPQ<5: placements / max per path	-1	unit_aware	25	1.1364	1.0667	1.2965	1.252724	25	0.0	-0.07069999999999999	0.033399999999999874	9	8	8	0.2633209228515625				
control_vntr_correct	reads.mqlt5_ratio_mean	reads MAPQ<5: placements / max per path	-1	unit_aware__all	25	1.1439	1.0909	1.3125	1.28406	25	0.0	-0.07069999999999999	0.0625	9	10	6	0.6507492065429688				
control_vntr_correct	truth.truvari.pooled_raw_f1	pooled truvari F1 raw	1	mc	25	0.9850746268656716			0.9850746268656716									34	0	33	1
control_vntr_correct	truth.truvari.pooled_refined_f1	pooled truvari F1 refined	1	mc	25	0.9850746268656716			0.9850746268656716									34	0	33	1
control_vntr_correct	truth.truvari.pooled_phab_f1	pooled truvari F1 phab	1	mc	25	1.0			1.0									34	0	33	0
control_vntr_correct	truth.truvari.pooled_raw_f1	pooled truvari F1 raw	1	mafft_fftns2	25	0.73541842772612			0.73541842772612									30	4	29	17
control_vntr_correct	truth.truvari.pooled_refined_f1	pooled truvari F1 refined	1	mafft_fftns2	25	0.989010989010989			0.989010989010989									34	0	45	1
control_vntr_correct	truth.truvari.pooled_phab_f1	pooled truvari F1 phab	1	mafft_fftns2	25	1.0			1.0									34	0	33	0
control_vntr_correct	truth.truvari.pooled_raw_f1	pooled truvari F1 raw	1	mafft_fftns2__all	25	0.6103763987792471			0.6103763987792471									25	9	24	22
control_vntr_correct	truth.truvari.pooled_refined_f1	pooled truvari F1 refined	1	mafft_fftns2__all	25	0.9744094488188976			0.9744094488188976									33	1	45	1
control_vntr_correct	truth.truvari.pooled_phab_f1	pooled truvari F1 phab	1	mafft_fftns2__all	25	1.0			1.0									32	0	31	0
control_vntr_correct	truth.truvari.pooled_raw_f1	pooled truvari F1 raw	1	mafft_fftnsi__all	25	0.600652883569097			0.600652883569097									24	10	23	21
control_vntr_correct	truth.truvari.pooled_refined_f1	pooled truvari F1 refined	1	mafft_fftnsi__all	25	0.9850746268656716			0.9850746268656716									33	1	44	0
control_vntr_correct	truth.truvari.pooled_phab_f1	pooled truvari F1 phab	1	mafft_fftnsi__all	25	1.0			1.0									32	0	31	0
control_vntr_correct	truth.truvari.pooled_raw_f1	pooled truvari F1 raw	1	mafft_linsi	25	0.8391608391608392			0.8391608391608392									30	4	28	7
control_vntr_correct	truth.truvari.pooled_refined_f1	pooled truvari F1 refined	1	mafft_linsi	25	0.9710082215491129			0.9710082215491129									33	1	34	1
control_vntr_correct	truth.truvari.pooled_phab_f1	pooled truvari F1 phab	1	mafft_linsi	25	1.0			1.0									34	0	32	0
control_vntr_correct	truth.truvari.pooled_raw_f1	pooled truvari F1 raw	1	mafft_linsi__all	20	0.8632138114209827			0.8632138114209827									26	2	25	6
control_vntr_correct	truth.truvari.pooled_refined_f1	pooled truvari F1 refined	1	mafft_linsi__all	20	1.0			1.0									28	0	31	0
control_vntr_correct	truth.truvari.pooled_phab_f1	pooled truvari F1 phab	1	mafft_linsi__all	20	1.0			1.0									27	0	26	0
control_vntr_correct	truth.truvari.pooled_raw_f1	pooled truvari F1 raw	1	mafft_einsi	25	0.8224789915966385			0.8224789915966385									29	5	27	7
control_vntr_correct	truth.truvari.pooled_refined_f1	pooled truvari F1 refined	1	mafft_einsi	25	0.9850746268656716			0.9850746268656716									33	1	34	0
control_vntr_correct	truth.truvari.pooled_phab_f1	pooled truvari F1 phab	1	mafft_einsi	25	1.0			1.0									34	0	32	0
control_vntr_correct	truth.truvari.pooled_raw_f1	pooled truvari F1 raw	1	mafft_einsi__all	18	0.8766603415559772			0.8766603415559772									22	2	21	4
control_vntr_correct	truth.truvari.pooled_refined_f1	pooled truvari F1 refined	1	mafft_einsi__all	18	1.0			1.0									24	0	25	0
control_vntr_correct	truth.truvari.pooled_phab_f1	pooled truvari F1 phab	1	mafft_einsi__all	18	1.0			1.0									23	0	22	0
control_vntr_correct	truth.truvari.pooled_raw_f1	pooled truvari F1 raw	1	mafft_ginsi	25	0.8553758325404377			0.8553758325404377									31	3	29	7
control_vntr_correct	truth.truvari.pooled_refined_f1	pooled truvari F1 refined	1	mafft_ginsi	25	0.9714045416316232			0.9714045416316232									33	1	35	1
control_vntr_correct	truth.truvari.pooled_phab_f1	pooled truvari F1 phab	1	mafft_ginsi	25	1.0			1.0									34	0	32	0
control_vntr_correct	truth.truvari.pooled_raw_f1	pooled truvari F1 raw	1	mafft_ginsi__all	18	0.8415300546448087			0.8415300546448087									22	2	21	6
control_vntr_correct	truth.truvari.pooled_refined_f1	pooled truvari F1 refined	1	mafft_ginsi__all	18	1.0			1.0									24	0	27	0
control_vntr_correct	truth.truvari.pooled_phab_f1	pooled truvari F1 phab	1	mafft_ginsi__all	18	1.0			1.0									23	0	22	0
control_vntr_correct	truth.truvari.pooled_raw_f1	pooled truvari F1 raw	1	poa_abpoa	25	0.8115942028985507			0.8115942028985507									28	6	28	7
control_vntr_correct	truth.truvari.pooled_refined_f1	pooled truvari F1 refined	1	poa_abpoa	25	0.9406514948683623			0.9406514948683623									31	3	34	1
control_vntr_correct	truth.truvari.pooled_phab_f1	pooled truvari F1 phab	1	poa_abpoa	25	1.0			1.0									32	0	32	0
control_vntr_correct	truth.truvari.pooled_raw_f1	pooled truvari F1 raw	1	poa_abpoa__all	25	0.4634146341463415			0.4634146341463415									19	15	19	29
control_vntr_correct	truth.truvari.pooled_refined_f1	pooled truvari F1 refined	1	poa_abpoa__all	25	0.8932238193018479			0.8932238193018479									29	5	45	3
control_vntr_correct	truth.truvari.pooled_phab_f1	pooled truvari F1 phab	1	poa_abpoa__all	25	1.0			1.0									32	0	32	0
control_vntr_correct	truth.truvari.pooled_raw_f1	pooled truvari F1 raw	1	poa_spoa	25	0.6751918158567776			0.6751918158567776									24	10	22	12
control_vntr_correct	truth.truvari.pooled_refined_f1	pooled truvari F1 refined	1	poa_spoa	25	0.9243697478991596			0.9243697478991596									30	4	33	1
control_vntr_correct	truth.truvari.pooled_phab_f1	pooled truvari F1 phab	1	poa_spoa	25	1.0			1.0									32	0	30	0
control_vntr_correct	truth.truvari.pooled_raw_f1	pooled truvari F1 raw	1	poa_spoa__all	24	0.30769230769230765			0.30769230769230765									12	21	12	33
control_vntr_correct	truth.truvari.pooled_refined_f1	pooled truvari F1 refined	1	poa_spoa__all	24	0.888888888888889			0.888888888888889									28	5	42	3
control_vntr_correct	truth.truvari.pooled_phab_f1	pooled truvari F1 phab	1	poa_spoa__all	24	1.0			1.0									30	0	30	0
control_vntr_correct	truth.truvari.pooled_raw_f1	pooled truvari F1 raw	1	poa_abpoa_mc	25	0.9126034958601655			0.9126034958601655									32	2	31	4
control_vntr_correct	truth.truvari.pooled_refined_f1	pooled truvari F1 refined	1	poa_abpoa_mc	25	0.9850746268656716			0.9850746268656716									33	1	35	0
control_vntr_correct	truth.truvari.pooled_phab_f1	pooled truvari F1 phab	1	poa_abpoa_mc	25	1.0			1.0									33	0	32	0
control_vntr_correct	truth.truvari.pooled_raw_f1	pooled truvari F1 raw	1	poa_abpoa_mc__all	25	0.7072905331882482			0.7072905331882482									26	8	25	13
control_vntr_correct	truth.truvari.pooled_refined_f1	pooled truvari F1 refined	1	poa_abpoa_mc__all	25	0.9588377723970944			0.9588377723970944									33	1	36	2
control_vntr_correct	truth.truvari.pooled_phab_f1	pooled truvari F1 phab	1	poa_abpoa_mc__all	25	1.0			1.0									33	0	31	0
control_vntr_correct	truth.truvari.pooled_raw_f1	pooled truvari F1 raw	1	unit_aware	25	0.5269461077844311			0.5269461077844311									22	12	20	25
control_vntr_correct	truth.truvari.pooled_refined_f1	pooled truvari F1 refined	1	unit_aware	25	0.9436181252161882			0.9436181252161882									31	3	44	1
control_vntr_correct	truth.truvari.pooled_phab_f1	pooled truvari F1 phab	1	unit_aware	25	1.0			1.0									34	0	32	0
control_vntr_correct	truth.truvari.pooled_raw_f1	pooled truvari F1 raw	1	unit_aware__all	25	0.4280980781974818			0.4280980781974818									19	15	17	32
control_vntr_correct	truth.truvari.pooled_refined_f1	pooled truvari F1 refined	1	unit_aware__all	25	0.8743169398907105			0.8743169398907105									32	2	40	9
control_vntr_correct	truth.truvari.pooled_phab_f1	pooled truvari F1 phab	1	unit_aware__all	25	1.0			1.0									33	0	31	0
hotspot_other	size.nodes_per_kb	nodes / CHM13 kb	-1	mc	24	491.78499999999997	336.7125	871.7900000000001	691.3858333333333												
hotspot_other	size.nodes_per_kb	nodes / CHM13 kb	-1	mafft_fftns2	24	260.905	130.3075	626.2825	415.48625	24	-205.785	-378.4675	-83.82000000000002	24	0	0	1.1920928955078125e-07				
hotspot_other	size.nodes_per_kb	nodes / CHM13 kb	-1	mafft_fftns2__all	24	308.06	183.14499999999998	698.715	494.73583333333335	24	-173.07999999999998	-298.01250000000005	-57.68750000000001	22	2	0	6.389617919921875e-05				
hotspot_other	size.nodes_per_kb	nodes / CHM13 kb	-1	mafft_fftnsi__all	17	243.58	186.54	476.59	422.79	17	-135.15000000000003	-206.34	-63.19000000000001	15	2	0	0.001068115234375				
hotspot_other	size.nodes_per_kb	nodes / CHM13 kb	-1	mafft_linsi	24	292.755	177.5425	501.54999999999995	397.26916666666665	24	-223.49	-399.51500000000004	-128.0825	23	1	0	3.5762786865234375e-07				
hotspot_other	size.nodes_per_kb	nodes / CHM13 kb	-1	mafft_linsi__all	6	291.96500000000003	163.35500000000002	375.65749999999997	279.01	6	-139.755	-292.56	-92.57249999999999	6	0	0	0.03125				
hotspot_other	size.nodes_per_kb	nodes / CHM13 kb	-1	mafft_einsi	24	246.51	147.0725	425.12	346.6766666666667	24	-280.515	-470.9750000000001	-141.66	23	1	0	2.384185791015625e-07				
hotspot_other	size.nodes_per_kb	nodes / CHM13 kb	-1	mafft_einsi__all	4	175.55	71.625	334.91	230.985	4	-150.33499999999998	-251.60000000000002	-130.92749999999995	4	0	0	0.125				
hotspot_other	size.nodes_per_kb	nodes / CHM13 kb	-1	mafft_ginsi	24	308.38	172.51999999999998	490.02750000000003	396.55	24	-226.39	-411.98	-122.99749999999999	23	1	0	3.5762786865234375e-07				
hotspot_other	size.nodes_per_kb	nodes / CHM13 kb	-1	mafft_ginsi__all	4	258.4	97.9525	434.6625	274.215	4	-107.535	-229.45749999999998	-67.03999999999999	3	1	0	0.25				
hotspot_other	size.nodes_per_kb	nodes / CHM13 kb	-1	poa_abpoa	24	269.58	205.9875	505.635	367.6425	24	-247.20499999999998	-470.7750000000001	-140.2475	22	2	0	6.556510925292969e-06				
hotspot_other	size.nodes_per_kb	nodes / CHM13 kb	-1	poa_abpoa__all	23	473.73	370.305	747.895	612.878695652174	23	-78.39000000000001	-132.12	-9.550000000000011	17	6	0	0.016311168670654297				
hotspot_other	size.nodes_per_kb	nodes / CHM13 kb	-1	poa_spoa	24	316.235	236.3225	526.2774999999999	413.7970833333334	24	-230.355	-437.5525	-87.75	22	2	0	2.9802322387695312e-06				
hotspot_other	size.nodes_per_kb	nodes / CHM13 kb	-1	poa_spoa__all	22	557.39	394.1325	743.765	697.9818181818182	22	29.984999999999985	-38.587500000000006	114.47749999999999	10	12	0	0.23476219177246094				
hotspot_other	size.nodes_per_kb	nodes / CHM13 kb	-1	poa_abpoa_mc	24	214.05	141.205	478.08750000000003	358.73125	24	-283.76	-498.02	-166.38500000000002	24	0	0	1.1920928955078125e-07				
hotspot_other	size.nodes_per_kb	nodes / CHM13 kb	-1	poa_abpoa_mc__all	24	314.92	199.725	696.14	521.9745833333333	24	-149.7	-192.59250000000011	-96.20249999999999	21	3	0	6.556510925292969e-06				
hotspot_other	size.nodes_per_kb	nodes / CHM13 kb	-1	unit_aware	24	398.105	283.6275	641.3875	513.6537500000001	24	-145.70500000000007	-290.1500000000001	-48.94999999999996	20	4	0	0.00027811527252197266				
hotspot_other	size.nodes_per_kb	nodes / CHM13 kb	-1	unit_aware__all	24	501.74	392.3675	794.4475	630.3979166666667	24	-50.53499999999994	-119.125	41.019999999999996	14	10	0	0.1688096523284912				
hotspot_other	size.node_len_mean	mean node bp	1	mc	24	3.283	2.66425	5.06775	4.0225												
hotspot_other	size.node_len_mean	mean node bp	1	mafft_fftns2	24	6.635	4.22725	11.2275	7.764625	24	2.34	1.01	4.1795	22	2	0	8.344650268554688e-07				
hotspot_other	size.node_len_mean	mean node bp	1	mafft_fftns2__all	24	6.5175	4.1827499999999995	8.719999999999999	6.767541666666666	24	2.3179999999999996	0.6147500000000001	3.922249999999999	23	1	0	1.6689300537109375e-06				
hotspot_other	size.node_len_mean	mean node bp	1	mafft_fftnsi__all	17	6.022	3.742	8.42	6.863764705882353	17	1.9379999999999997	0.6669999999999998	5.140000000000001	17	0	0	1.52587890625e-05				
hotspot_other	size.node_len_mean	mean node bp	1	mafft_linsi	24	5.7905	3.753	7.49475	7.000625	24	1.4475000000000002	0.6967499999999999	3.6125000000000003	22	2	0	3.933906555175781e-06				
hotspot_other	size.node_len_mean	mean node bp	1	mafft_linsi__all	6	7.061999999999999	4.4552499999999995	10.106	7.287	6	3.4004999999999996	1.3632499999999999	3.559	6	0	0	0.03125				
hotspot_other	size.node_len_mean	mean node bp	1	mafft_einsi	24	6.186	5.055	11.646749999999999	9.56375	24	2.8	1.7519999999999998	6.492499999999999	24	0	0	1.1920928955078125e-07				
hotspot_other	size.node_len_mean	mean node bp	1	mafft_einsi__all	4	14.025500000000001	6.6565	22.33075	14.96175	4	8.663	3.7215000000000003	14.866999999999999	4	0	0	0.125				
hotspot_other	size.node_len_mean	mean node bp	1	mafft_ginsi	24	5.8655	3.6805000000000003	7.34025	6.9230833333333335	24	1.4115	0.7244999999999996	4.302	22	2	0	2.9802322387695312e-06				
hotspot_other	size.node_len_mean	mean node bp	1	mafft_ginsi__all	4	8.698	5.2955000000000005	11.98625	8.58375	4	3.4165000000000005	2.4415000000000004	4.5225	4	0	0	0.125				
hotspot_other	size.node_len_mean	mean node bp	1	poa_abpoa	24	5.229	3.5415	6.5889999999999995	6.46825	24	1.598	0.80325	2.8735	21	3	0	0.00020515918731689453				
hotspot_other	size.node_len_mean	mean node bp	1	poa_abpoa__all	23	3.23	2.434	3.9745	4.154	23	-0.15399999999999991	-0.6940000000000004	0.5999999999999999	10	13	0	0.7313888072967529				
hotspot_other	size.node_len_mean	mean node bp	1	poa_spoa	24	4.555	3.20575	5.734999999999999	5.5445	24	0.8315000000000001	0.1312500000000001	1.7717499999999997	19	5	0	0.007920503616333008				
hotspot_other	size.node_len_mean	mean node bp	1	poa_spoa__all	22	2.7035	2.0004999999999997	3.3395	3.6570909090909094	22	-0.38749999999999996	-1.3117500000000004	-0.026249999999999885	5	17	0	0.0083160400390625				
hotspot_other	size.node_len_mean	mean node bp	1	poa_abpoa_mc	24	6.300000000000001	3.8042499999999997	10.095749999999999	7.467291666666667	24	2.9085	0.7114999999999998	4.2435	24	0	0	1.1920928955078125e-07				
hotspot_other	size.node_len_mean	mean node bp	1	poa_abpoa_mc__all	24	4.6965	2.673	8.32925	5.841291666666667	24	0.9609999999999994	-0.12775000000000059	3.12375	16	8	0	0.004810690879821777				
hotspot_other	size.node_len_mean	mean node bp	1	unit_aware	24	3.6734999999999998	2.553	4.799250000000001	4.675291666666666	24	0.21750000000000003	-0.6797500000000001	1.0605000000000002	15	9	0	0.4223414659500122				
hotspot_other	size.node_len_mean	mean node bp	1	unit_aware__all	24	2.7569999999999997	2.36925	4.0127500000000005	3.9298749999999996	24	-0.33350000000000035	-0.8500000000000001	0.16325	7	17	0	0.15150094032287598				
hotspot_other	size.node_len_median	median node bp	1	mc	24	1.0	1.0	1.25	1.25												
hotspot_other	size.node_len_median	median node bp	1	mafft_fftns2	24	1.0	1.0	1.0	1.125	24	0.0	0.0	0.0	1	4	19	0.375				
hotspot_other	size.node_len_median	median node bp	1	mafft_fftns2__all	24	1.0	1.0	2.0	1.3333333333333333	24	0.0	0.0	0.0	5	3	16	0.7265625				
hotspot_other	size.node_len_median	median node bp	1	mafft_fftnsi__all	17	1.0	1.0	1.0	1.2352941176470589	17	0.0	0.0	0.0	1	2	14	1.0				
hotspot_other	size.node_len_median	median node bp	1	mafft_linsi	24	1.0	1.0	1.0	1.1458333333333333	24	0.0	0.0	0.0	0	3	21	0.25				
hotspot_other	size.node_len_median	median node bp	1	mafft_linsi__all	6	1.0	1.0	1.0	1.1666666666666667	6	0.0	0.0	0.0	0	1	5	1.0				
hotspot_other	size.node_len_median	median node bp	1	mafft_einsi	24	1.0	1.0	1.0	1.375	24	0.0	0.0	0.0	3	3	18	1.0				
hotspot_other	size.node_len_median	median node bp	1	mafft_einsi__all	4	1.5	1.0	2.0	1.5	4	0.0	0.0	0.0	0	0	4					
hotspot_other	size.node_len_median	median node bp	1	mafft_ginsi	24	1.0	1.0	1.0	1.125	24	0.0	0.0	0.0	0	3	21	0.25				
hotspot_other	size.node_len_median	median node bp	1	mafft_ginsi__all	4	1.0	1.0	1.25	1.25	4	0.0	-0.25	0.0	0	1	3	1.0				
hotspot_other	size.node_len_median	median node bp	1	poa_abpoa	24	1.0	1.0	1.125	1.2708333333333333	24	0.0	0.0	0.0	3	3	18	1.0				
hotspot_other	size.node_len_median	median node bp	1	poa_abpoa__all	23	1.0	1.0	1.0	1.1304347826086956	23	0.0	0.0	0.0	0	3	20	0.25				
hotspot_other	size.node_len_median	median node bp	1	poa_spoa	24	1.0	1.0	1.25	1.2916666666666667	24	0.0	0.0	0.0	5	4	15	1.0				
hotspot_other	size.node_len_median	median node bp	1	poa_spoa__all	22	1.0	1.0	1.0	1.0909090909090908	22	0.0	0.0	0.0	0	4	18	0.125				
hotspot_other	size.node_len_median	median node bp	1	poa_abpoa_mc	24	1.0	1.0	1.0	1.2083333333333333	24	0.0	0.0	0.0	1	2	21	1.0				
hotspot_other	size.node_len_median	median node bp	1	poa_abpoa_mc__all	24	1.0	1.0	1.0	1.1666666666666667	24	0.0	0.0	0.0	1	3	20	0.625				
hotspot_other	size.node_len_median	median node bp	1	unit_aware	24	1.0	1.0	1.0	1.25	24	0.0	0.0	0.0	4	4	16	1.0				
hotspot_other	size.node_len_median	median node bp	1	unit_aware__all	24	1.0	1.0	1.0	1.2083333333333333	24	0.0	0.0	0.0	2	3	19	1.0				
hotspot_other	size.node_frac_1bp	frac 1-bp nodes	-1	mc	24	0.57185	0.5116	0.626925	0.5721083333333333												
hotspot_other	size.node_frac_1bp	frac 1-bp nodes	-1	mafft_fftns2	24	0.58375	0.53115	0.6757500000000001	0.6058083333333334	24	0.02909999999999996	-0.004824999999999968	0.07135000000000001	7	17	0	0.036649227142333984				
hotspot_other	size.node_frac_1bp	frac 1-bp nodes	-1	mafft_fftns2__all	24	0.5655	0.486475	0.666275	0.5869208333333333	24	0.0413	-0.04824999999999997	0.06685000000000002	10	14	0	0.3305051326751709				
hotspot_other	size.node_frac_1bp	frac 1-bp nodes	-1	mafft_fftnsi__all	17	0.5534	0.5061	0.6767	0.5803647058823529	17	0.006199999999999983	-0.03839999999999999	0.06310000000000004	7	10	0	0.4037628173828125				
hotspot_other	size.node_frac_1bp	frac 1-bp nodes	-1	mafft_linsi	24	0.5944	0.5377000000000001	0.673625	0.5974791666666667	24	0.01705000000000001	-0.010824999999999987	0.07684999999999997	7	17	0	0.07872927188873291				
hotspot_other	size.node_frac_1bp	frac 1-bp nodes	-1	mafft_linsi__all	6	0.5928	0.5132000000000001	0.7	0.5929833333333333	6	0.04980000000000004	-0.004375000000000018	0.07967499999999998	2	4	0	0.15625				
hotspot_other	size.node_frac_1bp	frac 1-bp nodes	-1	mafft_einsi	24	0.58475	0.5164	0.651525	0.5703833333333334	24	-0.0005499999999999949	-0.060550000000000034	0.04910000000000003	12	12	0	0.9888126850128174				
hotspot_other	size.node_frac_1bp	frac 1-bp nodes	-1	mafft_einsi__all	4	0.47150000000000003	0.412875	0.5473250000000001	0.4887	4	-0.03184999999999999	-0.04137500000000001	-0.02537499999999998	4	0	0	0.125				
hotspot_other	size.node_frac_1bp	frac 1-bp nodes	-1	mafft_ginsi	24	0.5949500000000001	0.538825	0.6745	0.6002375	24	0.02685000000000004	-0.007949999999999971	0.07992500000000004	9	15	0	0.07262599468231201				
hotspot_other	size.node_frac_1bp	frac 1-bp nodes	-1	mafft_ginsi__all	4	0.52925	0.49655	0.586625	0.553925	4	0.023400000000000004	-0.015100000000000002	0.06882499999999998	2	2	0	0.625				
hotspot_other	size.node_frac_1bp	frac 1-bp nodes	-1	poa_abpoa	24	0.5719000000000001	0.525125	0.6636	0.5760125	24	0.007400000000000018	-0.024999999999999994	0.05512500000000005	11	13	0	0.6634435653686523				
hotspot_other	size.node_frac_1bp	frac 1-bp nodes	-1	poa_abpoa__all	23	0.6576	0.5729500000000001	0.7059500000000001	0.6399217391304347	23	0.06400000000000006	0.035750000000000004	0.11304999999999998	4	19	0	0.00018143653869628906				
hotspot_other	size.node_frac_1bp	frac 1-bp nodes	-1	poa_spoa	24	0.57055	0.497775	0.6753250000000001	0.5783041666666667	24	0.009800000000000086	-0.04497499999999999	0.06625000000000007	11	13	0	0.5645889043807983				
hotspot_other	size.node_frac_1bp	frac 1-bp nodes	-1	poa_spoa__all	22	0.6944	0.6104	0.7514000000000001	0.6727590909090909	22	0.08675	0.05790000000000002	0.138775	1	21	0	2.384185791015625e-06				
hotspot_other	size.node_frac_1bp	frac 1-bp nodes	-1	poa_abpoa_mc	24	0.58605	0.513225	0.682675	0.5890791666666667	24	0.010650000000000048	-0.01664999999999997	0.07690000000000001	10	14	0	0.18750131130218506				
hotspot_other	size.node_frac_1bp	frac 1-bp nodes	-1	poa_abpoa_mc__all	24	0.62305	0.5286500000000001	0.7298250000000001	0.6254666666666667	24	0.053049999999999986	0.013174999999999965	0.09324999999999996	5	19	0	0.006516098976135254				
hotspot_other	size.node_frac_1bp	frac 1-bp nodes	-1	unit_aware	24	0.56915	0.507475	0.682875	0.5979166666666667	24	0.019250000000000045	2.5000000000025002e-05	0.10149999999999999	6	18	0	0.08392000198364258				
hotspot_other	size.node_frac_1bp	frac 1-bp nodes	-1	unit_aware__all	24	0.605	0.53615	0.705	0.6112624999999999	24	0.043800000000000006	0.008300000000000002	0.10097499999999997	5	19	0	0.04906117916107178				
hotspot_other	size.edges_per_kb	edges / CHM13 kb	-1	mc	24	579.755	430.87	1117.8874999999998	866.4229166666668												
hotspot_other	size.edges_per_kb	edges / CHM13 kb	-1	mafft_fftns2	24	366.81	189.01500000000001	900.7175	596.1733333333333	24	-207.36499999999998	-398.63	-66.76250000000002	21	3	0	2.2649765014648438e-06				
hotspot_other	size.edges_per_kb	edges / CHM13 kb	-1	mafft_fftns2__all	24	449.57500000000005	263.4725	1006.615	727.1229166666667	24	-98.08999999999995	-266.6375	-4.90500000000003	18	6	0	0.0035042762756347656				
hotspot_other	size.edges_per_kb	edges / CHM13 kb	-1	mafft_fftnsi__all	17	355.31	267.66	668.64	620.054705882353	17	-75.60000000000002	-196.78000000000003	-42.659999999999854	14	3	0	0.0128631591796875				
hotspot_other	size.edges_per_kb	edges / CHM13 kb	-1	mafft_linsi	24	404.79	252.95999999999998	698.8175	559.2779166666667	24	-222.49500000000003	-416.8399999999998	-100.055	23	1	0	2.2649765014648438e-06				
hotspot_other	size.edges_per_kb	edges / CHM13 kb	-1	mafft_linsi__all	6	406.055	229.10250000000002	534.685	398.32166666666666	6	-114.78000000000002	-280.35749999999996	-94.815	5	1	0	0.0625				
hotspot_other	size.edges_per_kb	edges / CHM13 kb	-1	mafft_einsi	24	344.865	208.5975	616.595	489.1795833333333	24	-302.85499999999996	-555.915	-155.58500000000004	23	1	0	3.5762786865234375e-07				
hotspot_other	size.edges_per_kb	edges / CHM13 kb	-1	mafft_einsi__all	4	257.305	109.3325	485.92999999999995	337.9575	4	-170.945	-301.3425	-134.8975	4	0	0	0.125				
hotspot_other	size.edges_per_kb	edges / CHM13 kb	-1	mafft_ginsi	24	425.62	245.665	683.205	559.1708333333333	24	-217.22	-437.1124999999997	-102.9425	23	1	0	2.2649765014648438e-06				
hotspot_other	size.edges_per_kb	edges / CHM13 kb	-1	mafft_ginsi__all	4	367.15000000000003	138.85000000000002	624.6500000000001	396.35	4	-117.535	-270.3525	-54.084999999999994	3	1	0	0.25				
hotspot_other	size.edges_per_kb	edges / CHM13 kb	-1	poa_abpoa	24	382.505	304.6875	738.155	532.0370833333333	24	-263.58500000000004	-533.725	-136.9425	22	2	0	6.389617919921875e-05				
hotspot_other	size.edges_per_kb	edges / CHM13 kb	-1	poa_abpoa__all	23	719.74	556.1949999999999	1120.25	920.7339130434783	23	10.059999999999945	-45.73999999999998	151.685	11	12	0	0.4274179935455322				
hotspot_other	size.edges_per_kb	edges / CHM13 kb	-1	poa_spoa	24	459.24	345.5725	776.5325	616.96375	24	-208.45499999999996	-404.0475	-84.72500000000001	22	2	0	2.467632293701172e-05				
hotspot_other	size.edges_per_kb	edges / CHM13 kb	-1	poa_spoa__all	22	862.355	594.8975	1143.925	1082.739090909091	22	189.89999999999998	73.15750000000004	354.75749999999994	2	20	0	1.5735626220703125e-05				
hotspot_other	size.edges_per_kb	edges / CHM13 kb	-1	poa_abpoa_mc	24	307.175	200.945	678.1525	507.2520833333333	24	-312.03499999999997	-551.4375	-183.4275	24	0	0	1.1920928955078125e-07				
hotspot_other	size.edges_per_kb	edges / CHM13 kb	-1	poa_abpoa_mc__all	24	447.27	284.08	995.9	749.0529166666666	24	-95.80999999999999	-164.59750000000003	-74.15750000000003	20	4	0	0.013779282569885254				
hotspot_other	size.edges_per_kb	edges / CHM13 kb	-1	unit_aware	24	597.625	420.415	1015.5325	789.5412499999999	24	-58.710000000000036	-174.09	52.55750000000002	15	9	0	0.14335036277770996				
hotspot_other	size.edges_per_kb	edges / CHM13 kb	-1	unit_aware__all	24	768.265	593.8375000000001	1186.5925	992.63625	24	130.13500000000005	-30.80749999999999	263.7449999999999	7	17	0	0.015044927597045898				
hotspot_other	size.bubbles	top-level bubbles	0	mc	24	21.5	8.0	45.25	28.208333333333332												
hotspot_other	size.bubbles	top-level bubbles	0	mafft_fftns2	24	33.5	15.0	50.5	39.0	24	0.0	-6.0	13.75			0	0.3782147169113159				
hotspot_other	size.bubbles	top-level bubbles	0	mafft_fftns2__all	24	26.5	9.5	40.25	31.291666666666668	24	2.0	-7.75	13.25			1	0.6061961650848389				
hotspot_other	size.bubbles	top-level bubbles	0	mafft_fftnsi__all	17	38.0	9.0	46.0	33.294117647058826	17	1.0	-4.0	9.0			0	0.8265228271484375				
hotspot_other	size.bubbles	top-level bubbles	0	mafft_linsi	24	47.5	32.25	75.25	56.75	24	15.5	-1.5	59.5			0	0.002047419548034668				
hotspot_other	size.bubbles	top-level bubbles	0	mafft_linsi__all	6	14.5	7.5	25.25	23.833333333333332	6	-0.5	-4.0	4.5			1	1.0				
hotspot_other	size.bubbles	top-level bubbles	0	mafft_einsi	24	30.0	14.75	44.5	37.875	24	4.0	-5.25	17.25			0	0.2432706356048584				
hotspot_other	size.bubbles	top-level bubbles	0	mafft_einsi__all	4	10.0	8.0	12.0	10.0	4	-6.0	-15.75	-2.0			0	0.25				
hotspot_other	size.bubbles	top-level bubbles	0	mafft_ginsi	24	44.0	30.75	72.0	55.25	24	11.5	-1.25	50.0			1	0.003548860549926758				
hotspot_other	size.bubbles	top-level bubbles	0	mafft_ginsi__all	4	13.0	5.25	22.25	14.5	4	-3.5	-9.25	-1.5			1	0.25				
hotspot_other	size.bubbles	top-level bubbles	0	poa_abpoa	24	61.0	30.75	98.0	73.41666666666667	24	36.5	6.75	56.5			1	2.5987625122070312e-05				
hotspot_other	size.bubbles	top-level bubbles	0	poa_abpoa__all	23	82.0	74.5	150.0	109.56521739130434	23	70.0	33.0	121.5			0	2.384185791015625e-07				
hotspot_other	size.bubbles	top-level bubbles	0	poa_spoa	24	89.0	49.75	142.5	95.79166666666667	24	58.5	10.25	88.5			0	5.364418029785156e-06				
hotspot_other	size.bubbles	top-level bubbles	0	poa_spoa__all	22	112.0	71.5	162.75	134.0	22	87.0	33.25	144.0			0	4.76837158203125e-07				
hotspot_other	size.bubbles	top-level bubbles	0	poa_abpoa_mc	24	31.0	12.0	50.5	35.375	24	3.0	-1.75	15.0			0	0.10201025009155273				
hotspot_other	size.bubbles	top-level bubbles	0	poa_abpoa_mc__all	24	36.5	15.5	76.25	45.75	24	12.5	3.0	19.75			0	5.4836273193359375e-06				
hotspot_other	size.bubbles	top-level bubbles	0	unit_aware	24	74.5	52.5	139.75	93.25	24	51.0	18.75	105.0			0	1.5497207641601562e-06				
hotspot_other	size.bubbles	top-level bubbles	0	unit_aware__all	24	95.0	63.75	145.0	110.66666666666667	24	60.0	41.25	125.0			0	3.5762786865234375e-07				
hotspot_other	size.largest_bubble_alleles	alleles, largest bubble	0	mc	24	21.0	15.5	26.25	20.875												
hotspot_other	size.largest_bubble_alleles	alleles, largest bubble	0	mafft_fftns2	24	22.5	19.75	28.25	23.166666666666668	24	0.0	-1.25	5.5			6	0.03299713134765625				
hotspot_other	size.largest_bubble_alleles	alleles, largest bubble	0	mafft_fftns2__all	24	23.0	20.0	29.0	23.916666666666668	24	1.0	-0.25	5.25			5	0.008190155029296875				
hotspot_other	size.largest_bubble_alleles	alleles, largest bubble	0	mafft_fftnsi__all	17	21.0	19.0	28.0	21.88235294117647	17	1.0	-1.0	6.0			3	0.0863037109375				
hotspot_other	size.largest_bubble_alleles	alleles, largest bubble	0	mafft_linsi	24	22.0	19.0	29.0	21.916666666666668	24	0.0	-1.0	5.25			4	0.3240985870361328				
hotspot_other	size.largest_bubble_alleles	alleles, largest bubble	0	mafft_linsi__all	6	19.0	17.5	19.75	19.333333333333332	6	0.5	-0.75	4.0			1	0.5				
hotspot_other	size.largest_bubble_alleles	alleles, largest bubble	0	mafft_einsi	24	25.0	19.5	29.25	23.625	24	0.0	-0.25	5.25			7	0.0175933837890625				
hotspot_other	size.largest_bubble_alleles	alleles, largest bubble	0	mafft_einsi__all	4	22.0	18.5	24.5	21.0	4	4.0	0.5	9.0			0	0.375				
hotspot_other	size.largest_bubble_alleles	alleles, largest bubble	0	mafft_ginsi	24	21.5	18.5	28.25	21.416666666666668	24	0.0	-2.0	5.25			4	0.5388145446777344				
hotspot_other	size.largest_bubble_alleles	alleles, largest bubble	0	mafft_ginsi__all	4	19.0	17.25	21.5	19.75	4	3.0	0.75	6.5			1	0.25				
hotspot_other	size.largest_bubble_alleles	alleles, largest bubble	0	poa_abpoa	24	18.5	15.0	23.5	19.333333333333332	24	-0.5	-5.25	2.25			4	0.3240699768066406				
hotspot_other	size.largest_bubble_alleles	alleles, largest bubble	0	poa_abpoa__all	23	19.0	14.0	24.5	19.434782608695652	23	0.0	-7.5	0.5			6	0.162353515625				
hotspot_other	size.largest_bubble_alleles	alleles, largest bubble	0	poa_spoa	24	18.5	12.75	24.0	18.5	24	-2.0	-6.0	0.25			0	0.10501527786254883				
hotspot_other	size.largest_bubble_alleles	alleles, largest bubble	0	poa_spoa__all	22	17.0	11.0	23.75	17.181818181818183	22	-3.5	-7.5	-0.25			1	0.030950546264648438				
hotspot_other	size.largest_bubble_alleles	alleles, largest bubble	0	poa_abpoa_mc	24	20.0	12.75	28.25	20.0	24	-1.0	-3.0	1.0			4	0.4792461395263672				
hotspot_other	size.largest_bubble_alleles	alleles, largest bubble	0	poa_abpoa_mc__all	24	21.0	15.75	27.5	21.25	24	0.0	-2.25	4.0			5	0.7307090759277344				
hotspot_other	size.largest_bubble_alleles	alleles, largest bubble	0	unit_aware	24	16.0	10.0	21.5	17.041666666666668	24	-4.0	-9.25	-0.5			0	0.012793540954589844				
hotspot_other	size.largest_bubble_alleles	alleles, largest bubble	0	unit_aware__all	24	18.0	10.75	20.0	17.208333333333332	24	-2.0	-8.25	0.0			3	0.012836456298828125				
hotspot_other	size.distinct_walks	distinct walks	0	mc	24	29.0	24.0	30.0	26.916666666666668												
hotspot_other	size.distinct_walks	distinct walks	0	mafft_fftns2	24	29.0	24.0	30.0	26.916666666666668	24	0.0	0.0	0.0			24					
hotspot_other	size.distinct_walks	distinct walks	0	mafft_fftns2__all	24	29.0	24.0	30.0	26.916666666666668	24	0.0	0.0	0.0			24					
hotspot_other	size.distinct_walks	distinct walks	0	mafft_fftnsi__all	17	26.0	24.0	30.0	26.058823529411764	17	0.0	0.0	0.0			17					
hotspot_other	size.distinct_walks	distinct walks	0	mafft_linsi	24	29.0	24.0	30.0	26.916666666666668	24	0.0	0.0	0.0			24					
hotspot_other	size.distinct_walks	distinct walks	0	mafft_linsi__all	6	23.0	21.0	25.75	22.333333333333332	6	0.0	0.0	0.0			6					
hotspot_other	size.distinct_walks	distinct walks	0	mafft_einsi	24	29.0	24.0	30.0	26.916666666666668	24	0.0	0.0	0.0			24					
hotspot_other	size.distinct_walks	distinct walks	0	mafft_einsi__all	4	23.5	18.75	26.75	22.0	4	0.0	0.0	0.0			4					
hotspot_other	size.distinct_walks	distinct walks	0	mafft_ginsi	24	29.0	24.0	30.0	26.916666666666668	24	0.0	0.0	0.0			24					
hotspot_other	size.distinct_walks	distinct walks	0	mafft_ginsi__all	4	23.5	18.75	26.75	22.0	4	0.0	0.0	0.0			4					
hotspot_other	size.distinct_walks	distinct walks	0	poa_abpoa	24	29.0	24.0	30.0	26.916666666666668	24	0.0	0.0	0.0			24					
hotspot_other	size.distinct_walks	distinct walks	0	poa_abpoa__all	23	29.0	24.5	30.0	27.217391304347824	23	0.0	0.0	0.0			23					
hotspot_other	size.distinct_walks	distinct walks	0	poa_spoa	24	29.0	24.0	30.0	26.916666666666668	24	0.0	0.0	0.0			24					
hotspot_other	size.distinct_walks	distinct walks	0	poa_spoa__all	22	29.0	24.25	30.0	27.0	22	0.0	0.0	0.0			22					
hotspot_other	size.distinct_walks	distinct walks	0	poa_abpoa_mc	24	29.0	24.0	30.0	26.916666666666668	24	0.0	0.0	0.0			24					
hotspot_other	size.distinct_walks	distinct walks	0	poa_abpoa_mc__all	24	29.0	24.0	30.0	26.916666666666668	24	0.0	0.0	0.0			24					
hotspot_other	size.distinct_walks	distinct walks	0	unit_aware	24	29.0	24.0	30.0	26.916666666666668	24	0.0	0.0	0.0			24					
hotspot_other	size.distinct_walks	distinct walks	0	unit_aware__all	24	29.0	24.0	30.0	26.916666666666668	24	0.0	0.0	0.0			24					
hotspot_other	alignment.all_cost_over_opt	cost/opt, all pairs	-1	mc	24	1.62545	1.267575	1.83845	1.6883666666666668												
hotspot_other	alignment.all_cost_over_opt	cost/opt, all pairs	-1	mafft_fftns2	24	1.3128	1.147175	1.417475	1.3120333333333334	24	-0.28385000000000005	-0.516475	-0.15942500000000004	22	2	0	2.2649765014648438e-06				
hotspot_other	alignment.all_cost_over_opt	cost/opt, all pairs	-1	mafft_fftns2__all	24	1.35955	1.206775	1.5756000000000001	1.4489666666666665	24	-0.10305000000000009	-0.34702500000000003	-0.04557499999999992	20	4	0	5.328655242919922e-05				
hotspot_other	alignment.all_cost_over_opt	cost/opt, all pairs	-1	mafft_fftnsi__all	17	1.2965	1.2273	1.5203	1.4374235294117648	17	-0.1695000000000002	-0.34799999999999986	-0.09630000000000005	16	1	0	7.62939453125e-05				
hotspot_other	alignment.all_cost_over_opt	cost/opt, all pairs	-1	mafft_linsi	24	1.16405	1.09005	1.28165	1.1957166666666665	24	-0.37045000000000006	-0.6108750000000001	-0.19080000000000003	24	0	0	1.1920928955078125e-07				
hotspot_other	alignment.all_cost_over_opt	cost/opt, all pairs	-1	mafft_linsi__all	6	1.1593499999999999	1.11785	1.278025	1.2060333333333333	6	-0.2936000000000001	-0.44757499999999995	-0.09822500000000012	6	0	0	0.03125				
hotspot_other	alignment.all_cost_over_opt	cost/opt, all pairs	-1	mafft_einsi	24	1.2207	1.09965	1.401125	1.2627666666666666	24	-0.27779999999999994	-0.5227749999999999	-0.18240000000000006	24	0	0	1.1920928955078125e-07				
hotspot_other	alignment.all_cost_over_opt	cost/opt, all pairs	-1	mafft_einsi__all	4	1.3302999999999998	1.1995749999999998	1.434975	1.30425	4	-0.17495000000000005	-0.20832499999999998	-0.10932500000000012	3	1	0	0.25				
hotspot_other	alignment.all_cost_over_opt	cost/opt, all pairs	-1	mafft_ginsi	24	1.1629	1.08975	1.2524250000000001	1.1992708333333333	24	-0.3690500000000001	-0.6100500000000001	-0.1911	24	0	0	1.1920928955078125e-07				
hotspot_other	alignment.all_cost_over_opt	cost/opt, all pairs	-1	mafft_ginsi__all	4	1.1635	1.113125	1.219525	1.1691500000000001	4	-0.29395000000000004	-0.37597499999999995	-0.1957750000000001	4	0	0	0.125				
hotspot_other	alignment.all_cost_over_opt	cost/opt, all pairs	-1	poa_abpoa	24	1.15025	1.073225	1.207225	1.1541416666666666	24	-0.4378500000000001	-0.6340249999999998	-0.1975499999999999	24	0	0	1.1920928955078125e-07				
hotspot_other	alignment.all_cost_over_opt	cost/opt, all pairs	-1	poa_abpoa__all	23	1.2435	1.15755	1.3101500000000001	1.2706130434782608	23	-0.3419000000000001	-0.5368499999999999	-0.13934999999999997	21	2	0	3.337860107421875e-06				
hotspot_other	alignment.all_cost_over_opt	cost/opt, all pairs	-1	poa_spoa	24	1.1252	1.051925	1.1645500000000002	1.1188541666666667	24	-0.48040000000000016	-0.7120249999999999	-0.228725	24	0	0	1.1920928955078125e-07				
hotspot_other	alignment.all_cost_over_opt	cost/opt, all pairs	-1	poa_spoa__all	22	1.2387000000000001	1.171675	1.2991000000000001	1.2590999999999999	22	-0.39259999999999995	-0.552025	-0.16844999999999993	20	2	0	4.76837158203125e-06				
hotspot_other	alignment.all_cost_over_opt	cost/opt, all pairs	-1	poa_abpoa_mc	24	1.2842500000000001	1.1045	1.398825	1.2736291666666666	24	-0.25845000000000007	-0.44029999999999997	-0.184975	22	2	0	2.2649765014648438e-06				
hotspot_other	alignment.all_cost_over_opt	cost/opt, all pairs	-1	poa_abpoa_mc__all	24	1.35605	1.15955	1.5622	1.4179958333333333	24	-0.13190000000000002	-0.28262499999999996	-0.021875000000000033	18	6	0	0.0015796422958374023				
hotspot_other	alignment.all_cost_over_opt	cost/opt, all pairs	-1	unit_aware	24	1.0532	1.037	1.0917999999999999	1.0644583333333333	24	-0.5325500000000001	-0.758475	-0.24259999999999993	24	0	0	1.1920928955078125e-07				
hotspot_other	alignment.all_cost_over_opt	cost/opt, all pairs	-1	unit_aware__all	24	1.097	1.054525	1.12645	1.0921958333333333	24	-0.47275	-0.7331	-0.22927499999999995	24	0	0	1.1920928955078125e-07				
hotspot_other	alignment.all_pair_ratio_median	cost/opt, median pair	-1	mc	24	1.58045	1.227725	1.7623	1.6857499999999999												
hotspot_other	alignment.all_pair_ratio_median	cost/opt, median pair	-1	mafft_fftns2	24	1.1484	1.069175	1.31585	1.2254333333333334	24	-0.3547	-0.525625	-0.12302500000000005	23	1	0	3.5762786865234375e-07				
hotspot_other	alignment.all_pair_ratio_median	cost/opt, median pair	-1	mafft_fftns2__all	24	1.34515	1.108825	1.5875	1.4237416666666667	24	-0.11960000000000004	-0.35547499999999993	-0.015199999999999936	19	5	0	0.0003223419189453125				
hotspot_other	alignment.all_pair_ratio_median	cost/opt, median pair	-1	mafft_fftnsi__all	17	1.3062	1.1011	1.5212	1.421635294117647	17	-0.2779999999999998	-0.5622999999999998	-0.0777000000000001	16	1	0	0.000152587890625				
hotspot_other	alignment.all_pair_ratio_median	cost/opt, median pair	-1	mafft_linsi	24	1.0808499999999999	1.0444	1.2641	1.1553791666666666	24	-0.38969999999999994	-0.6312749999999999	-0.17160000000000003	24	0	0	1.1920928955078125e-07				
hotspot_other	alignment.all_pair_ratio_median	cost/opt, median pair	-1	mafft_linsi__all	6	1.1503999999999999	1.050875	1.2296	1.1643999999999999	6	-0.26860000000000006	-0.5210250000000001	-0.06725000000000009	6	0	0	0.03125				
hotspot_other	alignment.all_pair_ratio_median	cost/opt, median pair	-1	mafft_einsi	24	1.11435	1.03785	1.2696999999999998	1.1815208333333334	24	-0.3823	-0.5660999999999998	-0.15610000000000007	24	0	0	1.1920928955078125e-07				
hotspot_other	alignment.all_pair_ratio_median	cost/opt, median pair	-1	mafft_einsi__all	4	1.1994500000000001	1.03365	1.4246	1.2588	4	-0.07260000000000011	-0.1529250000000001	-0.05602500000000005	4	0	0	0.125				
hotspot_other	alignment.all_pair_ratio_median	cost/opt, median pair	-1	mafft_ginsi	24	1.0808499999999999	1.04495	1.2584499999999998	1.1519791666666668	24	-0.39135	-0.6257249999999999	-0.1694250000000001	24	0	0	1.1920928955078125e-07				
hotspot_other	alignment.all_pair_ratio_median	cost/opt, median pair	-1	mafft_ginsi__all	4	1.12265	1.033325	1.2109999999999999	1.121675	4	-0.27005	-0.49287499999999995	-0.050650000000000084	4	0	0	0.125				
hotspot_other	alignment.all_pair_ratio_median	cost/opt, median pair	-1	poa_abpoa	24	1.1703999999999999	1.049575	1.21535	1.1546791666666667	24	-0.38454999999999995	-0.55385	-0.153725	24	0	0	1.1920928955078125e-07				
hotspot_other	alignment.all_pair_ratio_median	cost/opt, median pair	-1	poa_abpoa__all	23	1.2921	1.1331	1.46775	1.3438695652173913	23	-0.1997	-0.4232	-0.06790000000000007	19	4	0	0.0007376670837402344				
hotspot_other	alignment.all_pair_ratio_median	cost/opt, median pair	-1	poa_spoa	24	1.14285	1.0375750000000001	1.183525	1.1252833333333332	24	-0.39205	-0.6426499999999999	-0.15852500000000014	24	0	0	1.1920928955078125e-07				
hotspot_other	alignment.all_pair_ratio_median	cost/opt, median pair	-1	poa_spoa__all	22	1.29505	1.138375	1.408025	1.3041090909090909	22	-0.21650000000000003	-0.5064	-0.09432499999999999	19	3	0	0.00017690658569335938				
hotspot_other	alignment.all_pair_ratio_median	cost/opt, median pair	-1	poa_abpoa_mc	24	1.11615	1.043725	1.2749	1.1840916666666665	24	-0.30369999999999997	-0.5818499999999999	-0.15092500000000003	24	0	0	1.1920928955078125e-07				
hotspot_other	alignment.all_pair_ratio_median	cost/opt, median pair	-1	poa_abpoa_mc__all	24	1.3267	1.10195	1.6355250000000001	1.4537958333333334	24	-0.11134999999999995	-0.30687499999999995	0.009324999999999861	17	7	0	0.02112710475921631				
hotspot_other	alignment.all_pair_ratio_median	cost/opt, median pair	-1	unit_aware	24	1.0548	1.0292249999999998	1.110275	1.0681541666666667	24	-0.5010000000000001	-0.7050249999999999	-0.21185000000000004	24	0	0	1.1920928955078125e-07				
hotspot_other	alignment.all_pair_ratio_median	cost/opt, median pair	-1	unit_aware__all	24	1.09505	1.035775	1.16265	1.1102874999999999	24	-0.3961	-0.6901749999999999	-0.19342500000000012	24	0	0	1.1920928955078125e-07				
hotspot_other	alignment.all_excess_per_kb	excess edits / kb	-1	mc	24	96.335	54.965	177.15	127.47791666666666												
hotspot_other	alignment.all_excess_per_kb	excess edits / kb	-1	mafft_fftns2	24	54.56	37.32	78.9625	58.346666666666664	24	-48.305	-104.5575	-25.2475	22	2	0	3.933906555175781e-06				
hotspot_other	alignment.all_excess_per_kb	excess edits / kb	-1	mafft_fftns2__all	24	71.975	50.9025	109.3525	78.55083333333333	24	-25.989999999999995	-71.64	-3.044999999999993	20	4	0	0.00027811527252197266				
hotspot_other	alignment.all_excess_per_kb	excess edits / kb	-1	mafft_fftnsi__all	17	56.26	40.01	82.94	60.20411764705882	17	-31.880000000000003	-53.52000000000001	-13.229999999999997	16	1	0	0.0002899169921875				
hotspot_other	alignment.all_excess_per_kb	excess edits / kb	-1	mafft_linsi	24	27.96	22.475	49.682500000000005	38.503750000000004	24	-66.11	-128.8275	-27.174999999999997	24	0	0	1.1920928955078125e-07				
hotspot_other	alignment.all_excess_per_kb	excess edits / kb	-1	mafft_linsi__all	6	29.755	25.9775	54.465	39.21	6	-56.995000000000005	-69.5875	-25.067500000000003	6	0	0	0.03125				
hotspot_other	alignment.all_excess_per_kb	excess edits / kb	-1	mafft_einsi	24	37.905	25.5375	68.105	49.737500000000004	24	-60.53	-108.47500000000001	-27.395	24	0	0	1.1920928955078125e-07				
hotspot_other	alignment.all_excess_per_kb	excess edits / kb	-1	mafft_einsi__all	4	55.584999999999994	42.4975	71.4375	58.35	4	-28.59	-33.2875	-20.2675	3	1	0	0.25				
hotspot_other	alignment.all_excess_per_kb	excess edits / kb	-1	mafft_ginsi	24	28.365000000000002	20.5825	49.19	39.28666666666667	24	-66.05499999999999	-115.0225	-27.467499999999998	24	0	0	1.1920928955078125e-07				
hotspot_other	alignment.all_excess_per_kb	excess edits / kb	-1	mafft_ginsi__all	4	26.7	23.375	36.0075	32.6825	4	-57.07000000000001	-68.3125	-39.39	4	0	0	0.125				
hotspot_other	alignment.all_excess_per_kb	excess edits / kb	-1	poa_abpoa	24	26.63	17.955	42.167500000000004	31.526666666666667	24	-69.30000000000001	-143.65	-49.655	24	0	0	1.1920928955078125e-07				
hotspot_other	alignment.all_excess_per_kb	excess edits / kb	-1	poa_abpoa__all	23	46.99	34.5	63.455	50.41130434782609	23	-54.419999999999995	-130.695	-26.185000000000002	21	2	0	7.867813110351562e-06				
hotspot_other	alignment.all_excess_per_kb	excess edits / kb	-1	poa_spoa	24	16.78	13.17	30.965	22.767083333333332	24	-80.51499999999999	-150.4025	-46.3475	24	0	0	1.1920928955078125e-07				
hotspot_other	alignment.all_excess_per_kb	excess edits / kb	-1	poa_spoa__all	22	44.235	32.99	58.3725	46.25318181818182	22	-52.92999999999999	-126.99500000000002	-37.902499999999996	20	2	0	4.76837158203125e-06				
hotspot_other	alignment.all_excess_per_kb	excess edits / kb	-1	poa_abpoa_mc	24	39.5	26.465	79.34	53.665416666666665	24	-52.94000000000001	-85.49499999999999	-27.072499999999998	22	2	0	1.049041748046875e-05				
hotspot_other	alignment.all_excess_per_kb	excess edits / kb	-1	poa_abpoa_mc__all	24	79.535	49.785000000000004	92.67999999999999	86.8225	24	-40.955000000000005	-62.86	-6.597499999999996	18	6	0	0.0025163888931274414				
hotspot_other	alignment.all_excess_per_kb	excess edits / kb	-1	unit_aware	24	11.274999999999999	7.8625	17.0925	13.877916666666666	24	-85.55499999999999	-163.825	-51.8675	24	0	0	1.1920928955078125e-07				
hotspot_other	alignment.all_excess_per_kb	excess edits / kb	-1	unit_aware__all	24	16.3	11.775	23.2025	18.86	24	-77.88499999999999	-159.48000000000002	-49.802499999999995	24	0	0	1.1920928955078125e-07				
hotspot_other	alignment.all_frac_pairs_optimal	frac pairs optimal	1	mc	24	0.04635	0.00315	0.1045	0.06534166666666667												
hotspot_other	alignment.all_frac_pairs_optimal	frac pairs optimal	1	mafft_fftns2	24	0.0372	0.012975	0.115725	0.07656249999999999	24	-0.0008999999999999998	-0.014374999999999999	0.018525	10	12	2	0.7928738594055176				
hotspot_other	alignment.all_frac_pairs_optimal	frac pairs optimal	1	mafft_fftns2__all	24	0.04325	0.007275	0.09217499999999999	0.06308333333333334	24	-0.0009	-0.023399999999999997	0.006000000000000001	8	12	4	0.40381431579589844				
hotspot_other	alignment.all_frac_pairs_optimal	frac pairs optimal	1	mafft_fftnsi__all	17	0.073	0.0216	0.1381	0.08004117647058824	17	0.0108	-0.014399999999999996	0.03899999999999999	11	6	0	0.4306793212890625				
hotspot_other	alignment.all_frac_pairs_optimal	frac pairs optimal	1	mafft_linsi	24	0.1311	0.040374999999999994	0.2096	0.1279625	24	0.03375	0.003700000000000009	0.09692500000000001	20	3	1	0.00017404556274414062				
hotspot_other	alignment.all_frac_pairs_optimal	frac pairs optimal	1	mafft_linsi__all	6	0.1131	0.046375	0.1742	0.11576666666666667	6	0.007199999999999999	-0.026249999999999996	0.029625	4	2	0	0.84375				
hotspot_other	alignment.all_frac_pairs_optimal	frac pairs optimal	1	mafft_einsi	24	0.15465	0.04455	0.2333	0.1416875	24	0.0445	0.0225	0.12129999999999999	24	0	0	1.1920928955078125e-07				
hotspot_other	alignment.all_frac_pairs_optimal	frac pairs optimal	1	mafft_einsi__all	4	0.20525	0.15525	0.23582499999999998	0.185825	4	0.0932	0.029700000000000004	0.18159999999999998	3	0	1	0.25				
hotspot_other	alignment.all_frac_pairs_optimal	frac pairs optimal	1	mafft_ginsi	24	0.1194	0.040425	0.20752500000000002	0.1256125	24	0.03375	0.006250000000000002	0.09305	20	3	1	0.00040793418884277344				
hotspot_other	alignment.all_frac_pairs_optimal	frac pairs optimal	1	mafft_ginsi__all	4	0.12815	0.08625	0.15725	0.11535	4	0.0388	0.0019000000000000059	0.084525	3	1	0	0.375				
hotspot_other	alignment.all_frac_pairs_optimal	frac pairs optimal	1	poa_abpoa	24	0.09104999999999999	0.012575	0.153125	0.09215833333333334	24	0.010750000000000001	-0.0018250000000000033	0.056600000000000004	14	8	2	0.03587532043457031				
hotspot_other	alignment.all_frac_pairs_optimal	frac pairs optimal	1	poa_abpoa__all	23	0.0112	0.0	0.0363	0.03226086956521739	23	-0.0073	-0.03814999999999999	0.0	4	14	5	0.0047454833984375				
hotspot_other	alignment.all_frac_pairs_optimal	frac pairs optimal	1	poa_spoa	24	0.0622	0.009	0.149225	0.074725	24	0.0026999999999999997	-0.012049999999999983	0.04397500000000001	12	10	2	0.4060330390930176				
hotspot_other	alignment.all_frac_pairs_optimal	frac pairs optimal	1	poa_spoa__all	22	0.0101	0.0	0.048375	0.03295	22	-0.0099	-0.047999999999999994	-0.0004499999999999999	1	16	5	0.0013427734375				
hotspot_other	alignment.all_frac_pairs_optimal	frac pairs optimal	1	poa_abpoa_mc	24	0.1095	0.026750000000000003	0.181525	0.11027916666666666	24	0.02749999999999999	0.008450000000000004	0.06157499999999999	20	3	1	0.0002148151397705078				
hotspot_other	alignment.all_frac_pairs_optimal	frac pairs optimal	1	poa_abpoa_mc__all	24	0.0265	0.00315	0.06985	0.0502125	24	-0.0009	-0.036825000000000004	0.0	5	12	7	0.088653564453125				
hotspot_other	alignment.all_frac_pairs_optimal	frac pairs optimal	1	unit_aware	24	0.08065	0.019275	0.16555	0.11553333333333334	24	0.016049999999999995	-0.0004499999999999999	0.07885	15	6	3	0.058269500732421875				
hotspot_other	alignment.all_frac_pairs_optimal	frac pairs optimal	1	unit_aware__all	24	0.054650000000000004	0.0072	0.10149999999999999	0.077375	24	0.0036	-0.033324999999999994	0.0482	13	8	3	0.39258384704589844				
hotspot_other	alignment.ref_cost_over_opt	cost/opt vs CHM13	-1	mc	24	1.56535	1.24935	2.16095	1.8802708333333333												
hotspot_other	alignment.ref_cost_over_opt	cost/opt vs CHM13	-1	mafft_fftns2	24	1.2385000000000002	1.1090499999999999	1.457575	1.3494708333333332	24	-0.3126000000000001	-0.6098999999999999	-0.07899999999999996	22	2	0	6.556510925292969e-06				
hotspot_other	alignment.ref_cost_over_opt	cost/opt vs CHM13	-1	mafft_fftns2__all	24	1.2715	1.1741	1.61645	1.419175	24	-0.20650000000000002	-0.5142999999999999	-0.003300000000000025	18	6	0	0.0004944801330566406				
hotspot_other	alignment.ref_cost_over_opt	cost/opt vs CHM13	-1	mafft_fftnsi__all	17	1.3339	1.1501	1.614	1.4517764705882352	17	-0.39180000000000015	-0.6233	-0.04170000000000007	15	2	0	0.000213623046875				
hotspot_other	alignment.ref_cost_over_opt	cost/opt vs CHM13	-1	mafft_linsi	24	1.1139999999999999	1.05305	1.210275	1.1993416666666668	24	-0.37270000000000003	-0.641925	-0.15807500000000008	24	0	0	1.1920928955078125e-07				
hotspot_other	alignment.ref_cost_over_opt	cost/opt vs CHM13	-1	mafft_linsi__all	6	1.1481	1.0461500000000001	1.367275	1.2383333333333333	6	-0.37515	-0.755225	-0.05169999999999991	6	0	0	0.03125				
hotspot_other	alignment.ref_cost_over_opt	cost/opt vs CHM13	-1	mafft_einsi	24	1.1919499999999998	1.09435	1.4972500000000002	1.2878458333333334	24	-0.32200000000000006	-0.5689	-0.05540000000000006	22	2	0	5.125999450683594e-06				
hotspot_other	alignment.ref_cost_over_opt	cost/opt vs CHM13	-1	mafft_einsi__all	4	1.2819500000000001	1.19745	1.435775	1.351275	4	-0.21585	-0.39825000000000005	-0.00952499999999995	3	1	0	0.375				
hotspot_other	alignment.ref_cost_over_opt	cost/opt vs CHM13	-1	mafft_ginsi	24	1.08515	1.05305	1.189875	1.193425	24	-0.37685	-0.64165	-0.17400000000000004	24	0	0	1.1920928955078125e-07				
hotspot_other	alignment.ref_cost_over_opt	cost/opt vs CHM13	-1	mafft_ginsi__all	4	1.0716	1.0187	1.20125	1.14835	4	-0.37625	-0.67665	-0.09444999999999998	4	0	0	0.125				
hotspot_other	alignment.ref_cost_over_opt	cost/opt vs CHM13	-1	poa_abpoa	24	1.0897999999999999	1.050475	1.18705	1.1393083333333334	24	-0.44025000000000003	-0.7946750000000002	-0.16125	24	0	0	1.1920928955078125e-07				
hotspot_other	alignment.ref_cost_over_opt	cost/opt vs CHM13	-1	poa_abpoa__all	23	1.1652	1.0932	1.3460999999999999	1.2266782608695652	23	-0.4267000000000001	-0.6849500000000002	-0.11665000000000003	21	2	0	1.3113021850585938e-05				
hotspot_other	alignment.ref_cost_over_opt	cost/opt vs CHM13	-1	poa_spoa	24	1.09145	1.0312000000000001	1.1415000000000002	1.1047375	24	-0.4892000000000001	-0.9743500000000002	-0.16327500000000006	24	0	0	1.1920928955078125e-07				
hotspot_other	alignment.ref_cost_over_opt	cost/opt vs CHM13	-1	poa_spoa__all	22	1.16995	1.103725	1.34465	1.2345090909090908	22	-0.4666000000000001	-0.7073000000000002	-0.11275000000000002	21	1	0	4.76837158203125e-06				
hotspot_other	alignment.ref_cost_over_opt	cost/opt vs CHM13	-1	poa_abpoa_mc	24	1.2248999999999999	1.0587499999999999	1.415625	1.2593083333333333	24	-0.30725	-0.6242	-0.04535000000000006	23	1	0	2.2649765014648438e-06				
hotspot_other	alignment.ref_cost_over_opt	cost/opt vs CHM13	-1	poa_abpoa_mc__all	24	1.294	1.120125	1.65875	1.3766083333333334	24	-0.20289999999999997	-0.44677500000000014	-0.0328750000000001	20	4	0	6.389617919921875e-05				
hotspot_other	alignment.ref_cost_over_opt	cost/opt vs CHM13	-1	unit_aware	24	1.0503	1.0226	1.0849	1.0589833333333334	24	-0.51375	-1.052075	-0.21252500000000002	24	0	0	1.1920928955078125e-07				
hotspot_other	alignment.ref_cost_over_opt	cost/opt vs CHM13	-1	unit_aware__all	24	1.0608	1.031075	1.11525	1.0769583333333335	24	-0.48650000000000004	-1.02875	-0.19805	24	0	0	1.1920928955078125e-07				
hotspot_other	alignment.affine_all_cost_over_opt	affine cost/opt, all	-1	mc	24	1.5977000000000001	1.2586249999999999	1.72675	1.5840083333333332												
hotspot_other	alignment.affine_all_cost_over_opt	affine cost/opt, all	-1	mafft_fftns2	24	1.2581	1.097275	1.3293000000000001	1.2474333333333334	24	-0.2923	-0.473725	-0.17257500000000003	23	1	0	8.344650268554688e-07				
hotspot_other	alignment.affine_all_cost_over_opt	affine cost/opt, all	-1	mafft_fftns2__all	24	1.2997	1.18585	1.4914749999999999	1.3904958333333333	24	-0.12695	-0.24874999999999997	-0.034725000000000006	21	3	0	7.62939453125e-05				
hotspot_other	alignment.affine_all_cost_over_opt	affine cost/opt, all	-1	mafft_fftnsi__all	17	1.2683	1.2027	1.4415	1.369	17	-0.16369999999999996	-0.26879999999999993	-0.12380000000000013	16	1	0	7.62939453125e-05				
hotspot_other	alignment.affine_all_cost_over_opt	affine cost/opt, all	-1	mafft_linsi	24	1.1378499999999998	1.064375	1.2051749999999999	1.1387041666666666	24	-0.38305	-0.5954	-0.201075	24	0	0	1.1920928955078125e-07				
hotspot_other	alignment.affine_all_cost_over_opt	affine cost/opt, all	-1	mafft_linsi__all	6	1.15345	1.1234000000000002	1.241325	1.1816166666666668	6	-0.29689999999999994	-0.4613249999999999	-0.14575000000000005	6	0	0	0.03125				
hotspot_other	alignment.affine_all_cost_over_opt	affine cost/opt, all	-1	mafft_einsi	24	1.16215	1.064375	1.2767499999999998	1.181825	24	-0.32730000000000004	-0.5207249999999999	-0.19642499999999996	24	0	0	1.1920928955078125e-07				
hotspot_other	alignment.affine_all_cost_over_opt	affine cost/opt, all	-1	mafft_einsi__all	4	1.2784	1.180325	1.3689	1.270825	4	-0.20829999999999993	-0.2517999999999999	-0.14284999999999998	4	0	0	0.125				
hotspot_other	alignment.affine_all_cost_over_opt	affine cost/opt, all	-1	mafft_ginsi	24	1.1381999999999999	1.065725	1.20255	1.1422875	24	-0.38634999999999997	-0.571725	-0.1994499999999999	24	0	0	1.1920928955078125e-07				
hotspot_other	alignment.affine_all_cost_over_opt	affine cost/opt, all	-1	mafft_ginsi__all	4	1.15055	1.1043	1.2013250000000002	1.155075	4	-0.29689999999999994	-0.3801249999999999	-0.218875	4	0	0	0.125				
hotspot_other	alignment.affine_all_cost_over_opt	affine cost/opt, all	-1	poa_abpoa	24	1.1973500000000001	1.097225	1.2894	1.2061374999999999	24	-0.2649499999999999	-0.4849	-0.09590000000000015	23	1	0	3.5762786865234375e-07				
hotspot_other	alignment.affine_all_cost_over_opt	affine cost/opt, all	-1	poa_abpoa__all	23	1.4755	1.26885	1.57715	1.4551260869565217	23	-0.08289999999999997	-0.25185	0.06255	14	9	0	0.11142587661743164				
hotspot_other	alignment.affine_all_cost_over_opt	affine cost/opt, all	-1	poa_spoa	24	1.23045	1.113975	1.3231	1.2199583333333333	24	-0.28049999999999997	-0.5489999999999999	-0.08634999999999993	23	1	0	2.9802322387695312e-06				
hotspot_other	alignment.affine_all_cost_over_opt	affine cost/opt, all	-1	poa_spoa__all	22	1.52875	1.399775	1.6869	1.5506727272727274	22	0.01674999999999993	-0.19207499999999988	0.1072249999999999	10	12	0	0.5879268646240234				
hotspot_other	alignment.affine_all_cost_over_opt	affine cost/opt, all	-1	poa_abpoa_mc	24	1.1756	1.074375	1.345425	1.2110125	24	-0.27805	-0.44465000000000005	-0.18472499999999997	23	1	0	1.6689300537109375e-06				
hotspot_other	alignment.affine_all_cost_over_opt	affine cost/opt, all	-1	poa_abpoa_mc__all	24	1.3433000000000002	1.1775	1.50725	1.396625	24	-0.10244999999999993	-0.24904999999999994	0.004674999999999985	17	7	0	0.011516094207763672				
hotspot_other	alignment.affine_all_cost_over_opt	affine cost/opt, all	-1	unit_aware	24	1.2182	1.11815	1.2994750000000002	1.2182708333333332	24	-0.25345000000000006	-0.512	-0.0998	22	2	0	8.344650268554688e-07				
hotspot_other	alignment.affine_all_cost_over_opt	affine cost/opt, all	-1	unit_aware__all	24	1.31235	1.14505	1.463825	1.3074999999999999	24	-0.23319999999999996	-0.39472499999999994	-0.007974999999999899	18	6	0	0.0005675554275512695				
hotspot_other	alignment.affine_ref_cost_over_opt	affine cost/opt vs CHM13	-1	mc	24	1.4949	1.262575	1.90455	1.7211083333333335												
hotspot_other	alignment.affine_ref_cost_over_opt	affine cost/opt vs CHM13	-1	mafft_fftns2	24	1.24265	1.085975	1.3331	1.2799458333333333	24	-0.28874999999999995	-0.520475	-0.16185	23	1	0	3.5762786865234375e-07				
hotspot_other	alignment.affine_ref_cost_over_opt	affine cost/opt vs CHM13	-1	mafft_fftns2__all	24	1.2768000000000002	1.1507749999999999	1.457425	1.3593958333333334	24	-0.19885000000000008	-0.4546249999999999	-0.003399999999999903	18	6	0	9.083747863769531e-05				
hotspot_other	alignment.affine_ref_cost_over_opt	affine cost/opt vs CHM13	-1	mafft_fftnsi__all	17	1.3296	1.1355	1.4595	1.3667588235294117	17	-0.29280000000000017	-0.569	-0.09939999999999993	16	1	0	3.0517578125e-05				
hotspot_other	alignment.affine_ref_cost_over_opt	affine cost/opt vs CHM13	-1	mafft_linsi	24	1.1103999999999998	1.0434	1.20405	1.1456625	24	-0.35545000000000004	-0.6289	-0.19797500000000007	24	0	0	1.1920928955078125e-07				
hotspot_other	alignment.affine_ref_cost_over_opt	affine cost/opt vs CHM13	-1	mafft_linsi__all	6	1.169	1.0692	1.3264749999999998	1.2017	6	-0.3843000000000001	-0.750275	-0.1036749999999999	6	0	0	0.03125				
hotspot_other	alignment.affine_ref_cost_over_opt	affine cost/opt vs CHM13	-1	mafft_einsi	24	1.1607500000000002	1.0711	1.2754	1.20625	24	-0.29884999999999995	-0.5568	-0.10894999999999994	23	1	0	2.384185791015625e-07				
hotspot_other	alignment.affine_ref_cost_over_opt	affine cost/opt vs CHM13	-1	mafft_einsi__all	4	1.26435	1.194525	1.3762750000000001	1.3064500000000001	4	-0.24464999999999992	-0.41532499999999994	-0.08037499999999992	4	0	0	0.125				
hotspot_other	alignment.affine_ref_cost_over_opt	affine cost/opt vs CHM13	-1	mafft_ginsi	24	1.09435	1.047475	1.203125	1.1419625	24	-0.3539	-0.631175	-0.20802500000000007	24	0	0	1.1920928955078125e-07				
hotspot_other	alignment.affine_ref_cost_over_opt	affine cost/opt vs CHM13	-1	mafft_ginsi__all	4	1.08895	1.03565	1.189375	1.136075	4	-0.3851	-0.665375	-0.14114999999999994	4	0	0	0.125				
hotspot_other	alignment.affine_ref_cost_over_opt	affine cost/opt vs CHM13	-1	poa_abpoa	24	1.1386500000000002	1.07725	1.226075	1.1857	24	-0.3323999999999999	-0.5374750000000001	-0.12549999999999994	23	1	0	1.6689300537109375e-06				
hotspot_other	alignment.affine_ref_cost_over_opt	affine cost/opt vs CHM13	-1	poa_abpoa__all	23	1.3609	1.26255	1.5493000000000001	1.4067130434782609	23	-0.17070000000000007	-0.4515	0.025349999999999984	15	8	0	0.021372318267822266				
hotspot_other	alignment.affine_ref_cost_over_opt	affine cost/opt vs CHM13	-1	poa_spoa	24	1.2023000000000001	1.0961	1.277275	1.1995500000000001	24	-0.3636999999999999	-0.6211	-0.07552500000000006	23	1	0	5.125999450683594e-06				
hotspot_other	alignment.affine_ref_cost_over_opt	affine cost/opt vs CHM13	-1	poa_spoa__all	22	1.4348999999999998	1.35735	1.5674	1.5086681818181817	22	-0.05469999999999997	-0.4553750000000001	0.09867499999999996	12	10	0	0.23476219177246094				
hotspot_other	alignment.affine_ref_cost_over_opt	affine cost/opt vs CHM13	-1	poa_abpoa_mc	24	1.18455	1.0675750000000002	1.334975	1.202625	24	-0.3429000000000001	-0.5759499999999999	-0.08692499999999992	23	1	0	2.2649765014648438e-06				
hotspot_other	alignment.affine_ref_cost_over_opt	affine cost/opt vs CHM13	-1	poa_abpoa_mc__all	24	1.3246	1.170275	1.476075	1.3501833333333335	24	-0.16605000000000003	-0.41234999999999994	-0.006199999999999983	18	6	0	0.0007648468017578125				
hotspot_other	alignment.affine_ref_cost_over_opt	affine cost/opt vs CHM13	-1	unit_aware	24	1.2121	1.0919	1.2885	1.2087333333333332	24	-0.32010000000000005	-0.643675	-0.0661250000000001	20	4	0	2.014636993408203e-05				
hotspot_other	alignment.affine_ref_cost_over_opt	affine cost/opt vs CHM13	-1	unit_aware__all	24	1.2742	1.138125	1.3754250000000001	1.2777291666666668	24	-0.13724999999999998	-0.5928	-0.024825000000000097	19	5	0	0.0007423162460327148				
hotspot_other	alignment.affine_all_excess_per_kb	affine excess / kb	-1	mc	24	213.76	117.665	398.57	273.21166666666664												
hotspot_other	alignment.affine_all_excess_per_kb	affine excess / kb	-1	mafft_fftns2	24	98.595	70.72	157.58749999999998	115.89083333333333	24	-123.02	-223.54	-70.6875	23	1	0	8.344650268554688e-07				
hotspot_other	alignment.affine_all_excess_per_kb	affine excess / kb	-1	mafft_fftns2__all	24	136.405	107.47749999999999	235.10999999999999	172.41958333333332	24	-58.120000000000005	-147.47	-18.149999999999988	21	3	0	5.328655242919922e-05				
hotspot_other	alignment.affine_all_excess_per_kb	affine excess / kb	-1	mafft_fftnsi__all	17	108.14	81.77	170.23	131.5970588235294	17	-74.85000000000002	-141.86999999999995	-40.25000000000001	16	1	0	0.000213623046875				
hotspot_other	alignment.affine_all_excess_per_kb	affine excess / kb	-1	mafft_linsi	24	55.959999999999994	40.762499999999996	88.57	70.41625	24	-170.255	-310.0	-90.63999999999999	24	0	0	1.1920928955078125e-07				
hotspot_other	alignment.affine_all_excess_per_kb	affine excess / kb	-1	mafft_linsi__all	6	69.945	54.879999999999995	110.8625	84.26833333333333	6	-128.98000000000002	-163.365	-94.43749999999999	6	0	0	0.03125				
hotspot_other	alignment.affine_all_excess_per_kb	affine excess / kb	-1	mafft_einsi	24	66.31	46.489999999999995	121.05250000000001	87.60666666666667	24	-145.82000000000002	-272.115	-79.5175	24	0	0	1.1920928955078125e-07				
hotspot_other	alignment.affine_all_excess_per_kb	affine excess / kb	-1	mafft_einsi__all	4	112.535	84.1575	145.5	117.1225	4	-74.905	-91.345	-65.55749999999999	4	0	0	0.125				
hotspot_other	alignment.affine_all_excess_per_kb	affine excess / kb	-1	mafft_ginsi	24	59.019999999999996	38.085	87.07249999999999	72.58166666666666	24	-169.27	-299.15999999999997	-98.0075	24	0	0	1.1920928955078125e-07				
hotspot_other	alignment.affine_all_excess_per_kb	affine excess / kb	-1	mafft_ginsi__all	4	54.155	48.05500000000001	74.9075	68.8075	4	-128.97500000000002	-158.15250000000003	-101.13499999999999	4	0	0	0.125				
hotspot_other	alignment.affine_all_excess_per_kb	affine excess / kb	-1	poa_abpoa	24	76.33	53.4425	151.1425	100.23458333333333	24	-113.03999999999999	-263.96250000000003	-72.80999999999999	23	1	0	3.5762786865234375e-07				
hotspot_other	alignment.affine_all_excess_per_kb	affine excess / kb	-1	poa_abpoa__all	23	221.67	142.535	258.45000000000005	226.49217391304347	23	-37.900000000000006	-151.69	31.185000000000002	14	9	0	0.10454297065734863				
hotspot_other	alignment.affine_all_excess_per_kb	affine excess / kb	-1	poa_spoa	24	91.94	49.1325	154.9575	110.3125	24	-106.355	-245.07999999999998	-61.7175	23	1	0	2.2649765014648438e-06				
hotspot_other	alignment.affine_all_excess_per_kb	affine excess / kb	-1	poa_spoa__all	22	247.8	156.10000000000002	344.875	265.6877272727273	22	8.379999999999988	-97.45999999999998	57.714999999999996	10	12	0	0.6788630485534668				
hotspot_other	alignment.affine_all_excess_per_kb	affine excess / kb	-1	poa_abpoa_mc	24	65.27000000000001	49.145	165.4525	105.85708333333334	24	-118.35000000000001	-226.505	-85.75	23	1	0	8.344650268554688e-06				
hotspot_other	alignment.affine_all_excess_per_kb	affine excess / kb	-1	poa_abpoa_mc__all	24	180.91	115.10749999999999	221.905	203.31416666666667	24	-56.155	-129.4275	3.9725000000000072	17	7	0	0.007920503616333008				
hotspot_other	alignment.affine_all_excess_per_kb	affine excess / kb	-1	unit_aware	24	107.68	56.035	141.23250000000002	111.61833333333334	24	-115.05	-269.6875	-60.76500000000001	22	2	0	8.344650268554688e-07				
hotspot_other	alignment.affine_all_excess_per_kb	affine excess / kb	-1	unit_aware__all	24	148.29500000000002	92.28	205.7775	153.135	24	-107.17	-205.935	-11.112499999999994	18	6	0	0.0004944801330566406				
hotspot_other	alignment.all_U_per_kb	unaligned homology bp / kb	-1	mc	24	22.725	9.555	37.385	30.295833333333334												
hotspot_other	alignment.all_U_per_kb	unaligned homology bp / kb	-1	mafft_fftns2	24	2.9450000000000003	1.695	4.205	3.6770833333333335	24	-17.91	-35.2025	-8.1125	22	2	0	1.1920928955078125e-06				
hotspot_other	alignment.all_U_per_kb	unaligned homology bp / kb	-1	mafft_fftns2__all	24	7.3100000000000005	3.2275	12.225	8.891666666666667	24	-11.61	-30.167499999999997	-3.4449999999999994	20	4	0	1.5735626220703125e-05				
hotspot_other	alignment.all_U_per_kb	unaligned homology bp / kb	-1	mafft_fftnsi__all	17	4.44	1.87	6.24	5.5064705882352944	17	-12.100000000000001	-18.84	-3.119999999999999	15	2	0	0.000213623046875				
hotspot_other	alignment.all_U_per_kb	unaligned homology bp / kb	-1	mafft_linsi	24	1.325	0.7925	2.5175	1.7275	24	-20.52	-36.557500000000005	-8.232500000000002	24	0	0	1.1920928955078125e-07				
hotspot_other	alignment.all_U_per_kb	unaligned homology bp / kb	-1	mafft_linsi__all	6	4.555	1.9775	6.705	4.25	6	-16.134999999999998	-39.942499999999995	-3.9375	6	0	0	0.03125				
hotspot_other	alignment.all_U_per_kb	unaligned homology bp / kb	-1	mafft_einsi	24	3.88	1.635	7.255000000000001	4.95375	24	-18.435000000000002	-34.945	-6.85	21	3	0	1.6689300537109375e-06				
hotspot_other	alignment.all_U_per_kb	unaligned homology bp / kb	-1	mafft_einsi__all	4	8.235	3.6550000000000002	13.895	9.315	4	-2.8000000000000007	-8.49	2.1449999999999996	2	2	0	0.625				
hotspot_other	alignment.all_U_per_kb	unaligned homology bp / kb	-1	mafft_ginsi	24	1.13	0.6275	2.0599999999999996	1.8083333333333333	24	-21.005	-36.620000000000005	-8.1425	24	0	0	1.1920928955078125e-07				
hotspot_other	alignment.all_U_per_kb	unaligned homology bp / kb	-1	mafft_ginsi__all	4	5.395	2.065	9.1775	5.8475	4	-3.9399999999999995	-11.7725	0.8200000000000001	2	2	0	0.625				
hotspot_other	alignment.all_U_per_kb	unaligned homology bp / kb	-1	poa_abpoa	24	1.245	0.44	2.1875	1.5104166666666667	24	-21.105	-35.6625	-8.8975	22	2	0	5.960464477539062e-07				
hotspot_other	alignment.all_U_per_kb	unaligned homology bp / kb	-1	poa_abpoa__all	23	3.53	2.575	5.09	4.406521739130435	23	-17.68	-33.985	-6.785	20	3	0	5.9604644775390625e-06				
hotspot_other	alignment.all_U_per_kb	unaligned homology bp / kb	-1	poa_spoa	24	0.94	0.46249999999999997	2.3125	1.56375	24	-21.07	-35.6775	-8.985	23	1	0	3.5762786865234375e-07				
hotspot_other	alignment.all_U_per_kb	unaligned homology bp / kb	-1	poa_spoa__all	22	3.8550000000000004	2.2725	5.8774999999999995	4.581818181818182	22	-16.784999999999997	-34.6325	-5.967499999999999	19	3	0	1.1920928955078125e-05				
hotspot_other	alignment.all_U_per_kb	unaligned homology bp / kb	-1	poa_abpoa_mc	24	2.09	1.385	5.035	3.9691666666666667	24	-17.314999999999998	-35.099999999999994	-6.955	23	1	0	2.384185791015625e-07				
hotspot_other	alignment.all_U_per_kb	unaligned homology bp / kb	-1	poa_abpoa_mc__all	24	7.8500000000000005	3.4499999999999997	17.57	14.552916666666667	24	-8.14	-23.3275	2.1800000000000037	16	8	0	0.009769201278686523				
hotspot_other	alignment.all_U_per_kb	unaligned homology bp / kb	-1	unit_aware	24	0.605	0.3025	1.1075	1.06625	24	-21.63	-35.712500000000006	-9.024999999999999	24	0	0	1.1920928955078125e-07				
hotspot_other	alignment.all_U_per_kb	unaligned homology bp / kb	-1	unit_aware__all	24	1.27	0.53	1.6775	1.54125	24	-20.814999999999998	-35.2775	-9.045000000000002	21	3	0	1.6689300537109375e-06				
hotspot_other	inflation.sv_pieces_median	SV pieces / path (median)	-1	mc	24	5.0	3.0	7.0	5.916666666666667												
hotspot_other	inflation.sv_pieces_median	SV pieces / path (median)	-1	mafft_fftns2	24	3.0	2.0	5.0	3.9166666666666665	24	-1.5	-3.25	0.0	16	2	6	0.00142669677734375				
hotspot_other	inflation.sv_pieces_median	SV pieces / path (median)	-1	mafft_fftns2__all	24	3.0	1.75	7.0	3.875	24	-2.0	-3.0	0.0	16	2	6	0.0005645751953125				
hotspot_other	inflation.sv_pieces_median	SV pieces / path (median)	-1	mafft_fftnsi__all	17	2.0	2.0	3.0	2.764705882352941	17	-2.0	-3.0	0.0	12	1	4	0.001220703125				
hotspot_other	inflation.sv_pieces_median	SV pieces / path (median)	-1	mafft_linsi	24	2.0	2.0	3.0	2.4166666666666665	24	-3.0	-4.0	-1.75	21	1	2	6.67572021484375e-06				
hotspot_other	inflation.sv_pieces_median	SV pieces / path (median)	-1	mafft_linsi__all	6	2.0	1.25	2.75	2.0	6	-1.0	-2.5	-1.0	5	0	1	0.0625				
hotspot_other	inflation.sv_pieces_median	SV pieces / path (median)	-1	mafft_einsi	24	2.5	1.75	4.0	2.875	24	-2.5	-4.0	-1.0	20	1	3	5.7220458984375e-06				
hotspot_other	inflation.sv_pieces_median	SV pieces / path (median)	-1	mafft_einsi__all	4	2.5	1.75	3.0	2.25	4	-1.5	-2.25	-0.75	3	0	1	0.25				
hotspot_other	inflation.sv_pieces_median	SV pieces / path (median)	-1	mafft_ginsi	24	2.5	1.75	3.25	2.7083333333333335	24	-3.0	-3.25	-1.0	21	1	2	7.62939453125e-06				
hotspot_other	inflation.sv_pieces_median	SV pieces / path (median)	-1	mafft_ginsi__all	4	2.0	1.75	2.0	1.75	4	-2.0	-2.25	-1.75	4	0	0	0.125				
hotspot_other	inflation.sv_pieces_median	SV pieces / path (median)	-1	poa_abpoa	24	3.0	2.0	5.0	3.2916666666666665	24	-3.0	-3.25	0.0	17	4	3	8.487701416015625e-05				
hotspot_other	inflation.sv_pieces_median	SV pieces / path (median)	-1	poa_abpoa__all	23	2.0	0.5	4.0	3.0869565217391304	23	-3.0	-4.0	-1.0	19	3	1	0.0006256103515625				
hotspot_other	inflation.sv_pieces_median	SV pieces / path (median)	-1	poa_spoa	24	2.0	1.0	5.25	3.8333333333333335	24	-2.0	-3.0	0.0	17	2	5	0.00130462646484375				
hotspot_other	inflation.sv_pieces_median	SV pieces / path (median)	-1	poa_spoa__all	22	1.0	0.0	2.75	2.0	22	-3.5	-4.75	-2.25	19	2	1	1.1444091796875e-05				
hotspot_other	inflation.sv_pieces_median	SV pieces / path (median)	-1	poa_abpoa_mc	24	3.0	2.0	4.25	3.25	24	-2.0	-3.25	-1.0	19	1	4	4.00543212890625e-05				
hotspot_other	inflation.sv_pieces_median	SV pieces / path (median)	-1	poa_abpoa_mc__all	24	3.0	2.0	5.0	3.7083333333333335	24	-2.0	-3.0	-1.0	19	4	1	0.0008649826049804688				
hotspot_other	inflation.sv_pieces_median	SV pieces / path (median)	-1	unit_aware	24	0.5	0.0	3.0	2.9166666666666665	24	-3.0	-4.25	-1.0	20	3	1	0.0005388259887695312				
hotspot_other	inflation.sv_pieces_median	SV pieces / path (median)	-1	unit_aware__all	24	0.0	0.0	2.0	3.25	24	-3.0	-4.25	-1.0	19	2	3	0.005108833312988281				
hotspot_other	inflation.sv_pieces_mean	SV pieces / path (mean)	-1	mc	24	4.69695	3.3636	6.44695	5.8308												
hotspot_other	inflation.sv_pieces_mean	SV pieces / path (mean)	-1	mafft_fftns2	24	3.3485	1.8485	5.128775	3.982325	24	-1.2727500000000003	-2.4924000000000004	-0.3484500000000008	21	3	0	0.0004298686981201172				
hotspot_other	inflation.sv_pieces_mean	SV pieces / path (mean)	-1	mafft_fftns2__all	24	2.8333500000000003	1.9697	6.89395	4.109845833333334	24	-1.3485	-2.787825	-0.23485	19	5	0	0.0008674860000610352				
hotspot_other	inflation.sv_pieces_mean	SV pieces / path (mean)	-1	mafft_fftnsi__all	17	2.3636	1.9697	3.3939	2.9714705882352943	17	-1.6059999999999999	-2.2727	-0.36370000000000013	15	2	0	0.001678466796875				
hotspot_other	inflation.sv_pieces_mean	SV pieces / path (mean)	-1	mafft_linsi	24	2.43935	1.719725	3.295425	2.5694333333333335	24	-2.3485	-3.2045500000000002	-1.6818250000000003	23	1	0	5.960464477539062e-07				
hotspot_other	inflation.sv_pieces_mean	SV pieces / path (mean)	-1	mafft_linsi__all	6	2.1060499999999998	1.5833750000000002	2.9015	2.2222166666666667	6	-0.69695	-2.6212	-0.11362499999999998	4	1	1	0.125				
hotspot_other	inflation.sv_pieces_mean	SV pieces / path (mean)	-1	mafft_einsi	24	2.7576	1.681825	4.4620999999999995	3.1186833333333333	24	-2.1060500000000006	-2.7272250000000002	-1.0606000000000004	23	1	0	3.5762786865234375e-07				
hotspot_other	inflation.sv_pieces_mean	SV pieces / path (mean)	-1	mafft_einsi__all	4	2.4091	1.9621	2.86365	2.4166499999999997	4	-1.6666500000000002	-1.8106250000000004	-1.121175	3	1	0	0.25				
hotspot_other	inflation.sv_pieces_mean	SV pieces / path (mean)	-1	mafft_ginsi	24	2.5909	1.6363750000000001	3.43935	2.7878708333333333	24	-2.3333000000000004	-2.9772750000000006	-1.4772249999999998	23	1	0	2.384185791015625e-07				
hotspot_other	inflation.sv_pieces_mean	SV pieces / path (mean)	-1	mafft_ginsi__all	4	1.5758	1.5076	1.7879	1.7197	4	-2.2424	-2.681775	-1.5227249999999999	4	0	0	0.125				
hotspot_other	inflation.sv_pieces_mean	SV pieces / path (mean)	-1	poa_abpoa	24	3.0	1.537925	4.8409249999999995	3.252525	24	-2.1666	-3.2954250000000003	-0.40907500000000063	21	3	0	1.3828277587890625e-05				
hotspot_other	inflation.sv_pieces_mean	SV pieces / path (mean)	-1	poa_abpoa__all	23	2.1515	1.3788	3.7121500000000003	3.4005260869565213	23	-1.6666000000000003	-3.78785	-0.92425	20	3	0	0.00040793418884277344				
hotspot_other	inflation.sv_pieces_mean	SV pieces / path (mean)	-1	poa_spoa	24	2.9394	0.992425	5.6591249999999995	4.103541666666667	24	-2.0909000000000004	-2.9015250000000004	-0.3938999999999999	19	5	0	0.0020009279251098633				
hotspot_other	inflation.sv_pieces_mean	SV pieces / path (mean)	-1	poa_spoa__all	22	1.51515	0.697	2.696975	2.3374636363636365	22	-2.51515	-3.992425000000001	-1.8181249999999998	20	2	0	2.384185791015625e-06				
hotspot_other	inflation.sv_pieces_mean	SV pieces / path (mean)	-1	poa_abpoa_mc	24	2.80305	1.89395	4.10605	3.1161541666666666	24	-2.13635	-2.9015250000000004	-1.5303249999999997	22	2	0	2.2649765014648438e-06				
hotspot_other	inflation.sv_pieces_mean	SV pieces / path (mean)	-1	poa_abpoa_mc__all	24	3.2727	2.4090499999999997	4.628825	3.7310625	24	-1.7575500000000002	-2.7120750000000005	-0.46215000000000006	20	4	0	0.00027811527252197266				
hotspot_other	inflation.sv_pieces_mean	SV pieces / path (mean)	-1	unit_aware	24	1.5606	0.46965	3.5757250000000003	3.638879166666667	24	-2.5454	-3.825775	-0.4697250000000003	19	5	0	0.0025163888931274414				
hotspot_other	inflation.sv_pieces_mean	SV pieces / path (mean)	-1	unit_aware__all	24	1.01515	0.4242	2.750025	3.8320708333333333	24	-2.5151000000000003	-3.7879	-0.91665	19	5	0	0.005248069763183594				
hotspot_other	inflation.anchored_over_free	anchored/free vs CHM13	-1	mc	24	1.56535	1.24935	2.16095	1.8802708333333333												
hotspot_other	inflation.anchored_over_free	anchored/free vs CHM13	-1	mafft_fftns2	24	1.2385000000000002	1.1090499999999999	1.457575	1.3494708333333332	24	-0.3126000000000001	-0.6098999999999999	-0.07899999999999996	22	2	0	6.556510925292969e-06				
hotspot_other	inflation.anchored_over_free	anchored/free vs CHM13	-1	mafft_fftns2__all	24	1.2715	1.1741	1.61645	1.419175	24	-0.20650000000000002	-0.5142999999999999	-0.003300000000000025	18	6	0	0.0004944801330566406				
hotspot_other	inflation.anchored_over_free	anchored/free vs CHM13	-1	mafft_fftnsi__all	17	1.3339	1.1501	1.614	1.4517764705882352	17	-0.39180000000000015	-0.6233	-0.04170000000000007	15	2	0	0.000213623046875				
hotspot_other	inflation.anchored_over_free	anchored/free vs CHM13	-1	mafft_linsi	24	1.1139999999999999	1.05305	1.210275	1.1993416666666668	24	-0.37270000000000003	-0.641925	-0.15807500000000008	24	0	0	1.1920928955078125e-07				
hotspot_other	inflation.anchored_over_free	anchored/free vs CHM13	-1	mafft_linsi__all	6	1.1481	1.0461500000000001	1.367275	1.2383333333333333	6	-0.37515	-0.755225	-0.05169999999999991	6	0	0	0.03125				
hotspot_other	inflation.anchored_over_free	anchored/free vs CHM13	-1	mafft_einsi	24	1.1919499999999998	1.09435	1.4972500000000002	1.2878458333333334	24	-0.32200000000000006	-0.5689	-0.05540000000000006	22	2	0	5.125999450683594e-06				
hotspot_other	inflation.anchored_over_free	anchored/free vs CHM13	-1	mafft_einsi__all	4	1.2819500000000001	1.19745	1.435775	1.351275	4	-0.21585	-0.39825000000000005	-0.00952499999999995	3	1	0	0.375				
hotspot_other	inflation.anchored_over_free	anchored/free vs CHM13	-1	mafft_ginsi	24	1.08515	1.05305	1.189875	1.193425	24	-0.37685	-0.64165	-0.17400000000000004	24	0	0	1.1920928955078125e-07				
hotspot_other	inflation.anchored_over_free	anchored/free vs CHM13	-1	mafft_ginsi__all	4	1.0716	1.0187	1.20125	1.14835	4	-0.37625	-0.67665	-0.09444999999999998	4	0	0	0.125				
hotspot_other	inflation.anchored_over_free	anchored/free vs CHM13	-1	poa_abpoa	24	1.0897999999999999	1.050475	1.18705	1.1393083333333334	24	-0.44025000000000003	-0.7946750000000002	-0.16125	24	0	0	1.1920928955078125e-07				
hotspot_other	inflation.anchored_over_free	anchored/free vs CHM13	-1	poa_abpoa__all	23	1.1652	1.0932	1.3460999999999999	1.2266782608695652	23	-0.4267000000000001	-0.6849500000000002	-0.11665000000000003	21	2	0	1.3113021850585938e-05				
hotspot_other	inflation.anchored_over_free	anchored/free vs CHM13	-1	poa_spoa	24	1.09145	1.0312000000000001	1.1415000000000002	1.1047375	24	-0.4892000000000001	-0.9743500000000002	-0.16327500000000006	24	0	0	1.1920928955078125e-07				
hotspot_other	inflation.anchored_over_free	anchored/free vs CHM13	-1	poa_spoa__all	22	1.16995	1.103725	1.34465	1.2345090909090908	22	-0.4666000000000001	-0.7073000000000002	-0.11275000000000002	21	1	0	4.76837158203125e-06				
hotspot_other	inflation.anchored_over_free	anchored/free vs CHM13	-1	poa_abpoa_mc	24	1.2248999999999999	1.0587499999999999	1.415625	1.2593083333333333	24	-0.30725	-0.6242	-0.04535000000000006	23	1	0	2.2649765014648438e-06				
hotspot_other	inflation.anchored_over_free	anchored/free vs CHM13	-1	poa_abpoa_mc__all	24	1.294	1.120125	1.65875	1.3766083333333334	24	-0.20289999999999997	-0.44677500000000014	-0.0328750000000001	20	4	0	6.389617919921875e-05				
hotspot_other	inflation.anchored_over_free	anchored/free vs CHM13	-1	unit_aware	24	1.0503	1.0226	1.0849	1.0589833333333334	24	-0.51375	-1.052075	-0.21252500000000002	24	0	0	1.1920928955078125e-07				
hotspot_other	inflation.anchored_over_free	anchored/free vs CHM13	-1	unit_aware__all	24	1.0608	1.031075	1.11525	1.0769583333333335	24	-0.48650000000000004	-1.02875	-0.19805	24	0	0	1.1920928955078125e-07				
hotspot_other	inflation.indel_bp_ratio	indel bp / net length change	-1	mc	24	1.5477	1.2472750000000001	2.389925	2.043883333333333												
hotspot_other	inflation.indel_bp_ratio	indel bp / net length change	-1	mafft_fftns2	24	1.1347	1.08345	1.402725	1.3849749999999998	24	-0.34124999999999994	-0.784125	-0.08292500000000008	22	2	0	8.344650268554688e-06				
hotspot_other	inflation.indel_bp_ratio	indel bp / net length change	-1	mafft_fftns2__all	24	1.25465	1.143175	1.554275	1.4830416666666668	24	-0.22840000000000005	-0.6170249999999997	-0.01892499999999997	18	6	0	0.00037276744842529297				
hotspot_other	inflation.indel_bp_ratio	indel bp / net length change	-1	mafft_fftnsi__all	17	1.239	1.1411	1.6386	1.543294117647059	17	-0.44930000000000003	-0.6928999999999998	-0.04519999999999991	15	2	0	0.000213623046875				
hotspot_other	inflation.indel_bp_ratio	indel bp / net length change	-1	mafft_linsi	24	1.0791499999999998	1.0464499999999999	1.1905	1.1919666666666666	24	-0.45635000000000003	-0.7556750000000001	-0.17100000000000004	24	0	0	1.1920928955078125e-07				
hotspot_other	inflation.indel_bp_ratio	indel bp / net length change	-1	mafft_linsi__all	6	1.1063999999999998	1.0270000000000001	1.3793	1.1987666666666665	6	-0.3907999999999999	-0.8242749999999999	-0.056550000000000045	6	0	0	0.03125				
hotspot_other	inflation.indel_bp_ratio	indel bp / net length change	-1	mafft_einsi	24	1.14145	1.1032250000000001	1.369625	1.3075083333333335	24	-0.35204999999999986	-0.8104	-0.06154999999999994	22	2	0	3.933906555175781e-06				
hotspot_other	inflation.indel_bp_ratio	indel bp / net length change	-1	mafft_einsi__all	4	1.27115	1.192375	1.4370749999999999	1.3582999999999998	4	-0.21284999999999998	-0.4172749999999999	0.0018499999999999073	3	1	0	0.375				
hotspot_other	inflation.indel_bp_ratio	indel bp / net length change	-1	mafft_ginsi	24	1.0688	1.0439	1.1932749999999999	1.1860708333333334	24	-0.45875	-0.7874249999999999	-0.174825	24	0	0	1.1920928955078125e-07				
hotspot_other	inflation.indel_bp_ratio	indel bp / net length change	-1	mafft_ginsi__all	4	1.04255	1.0091750000000002	1.17605	1.142675	4	-0.3911499999999999	-0.6989999999999998	-0.11034999999999995	4	0	0	0.125				
hotspot_other	inflation.indel_bp_ratio	indel bp / net length change	-1	poa_abpoa	24	1.0575	1.030125	1.176325	1.1304708333333333	24	-0.48435000000000006	-1.0816500000000002	-0.16205000000000003	24	0	0	1.1920928955078125e-07				
hotspot_other	inflation.indel_bp_ratio	indel bp / net length change	-1	poa_abpoa__all	23	1.1008	1.04075	1.31935	1.2003739130434783	23	-0.48960000000000004	-0.9869	-0.15245000000000009	21	2	0	1.1920928955078125e-06				
hotspot_other	inflation.indel_bp_ratio	indel bp / net length change	-1	poa_spoa	24	1.03145	1.014025	1.1303	1.097875	24	-0.5230000000000001	-1.18785	-0.17147500000000004	24	0	0	1.1920928955078125e-07				
hotspot_other	inflation.indel_bp_ratio	indel bp / net length change	-1	poa_spoa__all	22	1.08175	1.037375	1.2619500000000001	1.20225	22	-0.55045	-1.0195999999999998	-0.15295000000000003	22	0	0	4.76837158203125e-07				
hotspot_other	inflation.indel_bp_ratio	indel bp / net length change	-1	poa_abpoa_mc	24	1.19895	1.036	1.3401	1.2850666666666666	24	-0.3558000000000001	-0.68405	-0.05930000000000002	23	1	0	2.2649765014648438e-06				
hotspot_other	inflation.indel_bp_ratio	indel bp / net length change	-1	poa_abpoa_mc__all	24	1.2814999999999999	1.0629	1.5735999999999999	1.3906583333333333	24	-0.26580000000000004	-0.5667499999999999	-0.056799999999999906	21	3	0	1.3113021850585938e-05				
hotspot_other	inflation.indel_bp_ratio	indel bp / net length change	-1	unit_aware	24	1.02435	1.00755	1.082875	1.0620791666666667	24	-0.5293500000000001	-1.2461250000000001	-0.18905000000000005	24	0	0	1.1920928955078125e-07				
hotspot_other	inflation.indel_bp_ratio	indel bp / net length change	-1	unit_aware__all	24	1.02955	1.0134500000000002	1.081775	1.0761625	24	-0.5172500000000001	-1.2038250000000001	-0.17937500000000006	24	0	0	1.1920928955078125e-07				
hotspot_other	inflation.indel_bp_excess_per_kb	excess indel bp / kb	-1	mc	24	140.96499999999997	57.905	209.8025	160.82666666666668												
hotspot_other	inflation.indel_bp_excess_per_kb	excess indel bp / kb	-1	mafft_fftns2	24	40.769999999999996	26.26	62.4375	48.01916666666667	24	-58.45499999999999	-161.6625	-21.894999999999996	22	2	0	1.049041748046875e-05				
hotspot_other	inflation.indel_bp_excess_per_kb	excess indel bp / kb	-1	mafft_fftns2__all	24	64.295	46.1525	86.8575	69.70083333333334	24	-55.04499999999999	-120.17000000000002	-3.125000000000001	18	6	0	0.0012379884719848633				
hotspot_other	inflation.indel_bp_excess_per_kb	excess indel bp / kb	-1	mafft_fftnsi__all	17	52.47	33.69	74.63	58.97529411764706	17	-53.0	-128.22	-12.870000000000005	15	2	0	0.0002899169921875				
hotspot_other	inflation.indel_bp_excess_per_kb	excess indel bp / kb	-1	mafft_linsi	24	20.575000000000003	10.455	39.7275	29.38625	24	-75.795	-198.125	-38.904999999999994	24	0	0	1.1920928955078125e-07				
hotspot_other	inflation.indel_bp_excess_per_kb	excess indel bp / kb	-1	mafft_linsi__all	6	30.810000000000002	9.09	48.292500000000004	29.621666666666666	6	-74.06	-178.2425	-20.78	6	0	0	0.03125				
hotspot_other	inflation.indel_bp_excess_per_kb	excess indel bp / kb	-1	mafft_einsi	24	41.504999999999995	20.38	68.595	48.96041666666667	24	-62.864999999999995	-167.93	-20.46	22	2	0	2.2649765014648438e-06				
hotspot_other	inflation.indel_bp_excess_per_kb	excess indel bp / kb	-1	mafft_einsi__all	4	89.985	61.067499999999995	99.9675	71.05	4	-31.040000000000006	-71.36500000000001	-0.3500000000000014	3	1	0	0.375				
hotspot_other	inflation.indel_bp_excess_per_kb	excess indel bp / kb	-1	mafft_ginsi	24	16.89	10.37	36.1375	27.160833333333333	24	-88.835	-201.2675	-39.669999999999995	24	0	0	1.1920928955078125e-07				
hotspot_other	inflation.indel_bp_excess_per_kb	excess indel bp / kb	-1	mafft_ginsi__all	4	14.545	2.9775	32.932500000000005	21.365000000000002	4	-72.89	-124.74000000000001	-38.510000000000005	4	0	0	0.125				
hotspot_other	inflation.indel_bp_excess_per_kb	excess indel bp / kb	-1	poa_abpoa	24	14.455	10.657499999999999	28.3125	20.4225	24	-111.95999999999998	-193.0525	-45.912499999999994	24	0	0	1.1920928955078125e-07				
hotspot_other	inflation.indel_bp_excess_per_kb	excess indel bp / kb	-1	poa_abpoa__all	23	27.7	13.175	39.91	29.203043478260867	23	-99.75999999999999	-206.10000000000002	-42.10000000000001	21	2	0	1.1920928955078125e-06				
hotspot_other	inflation.indel_bp_excess_per_kb	excess indel bp / kb	-1	poa_spoa	24	9.86	4.875	14.8725	12.013333333333334	24	-121.39499999999998	-205.695	-46.17999999999999	24	0	0	1.1920928955078125e-07				
hotspot_other	inflation.indel_bp_excess_per_kb	excess indel bp / kb	-1	poa_spoa__all	22	23.240000000000002	13.455	31.625	24.421363636363637	22	-104.96000000000001	-211.5875	-40.5775	22	0	0	4.76837158203125e-07				
hotspot_other	inflation.indel_bp_excess_per_kb	excess indel bp / kb	-1	poa_abpoa_mc	24	35.14	12.69	72.07249999999999	42.68416666666667	24	-63.36499999999999	-180.74249999999998	-26.1275	23	1	0	2.2649765014648438e-06				
hotspot_other	inflation.indel_bp_excess_per_kb	excess indel bp / kb	-1	poa_abpoa_mc__all	24	56.235	22.712500000000002	92.8125	71.25	24	-52.459999999999994	-108.53999999999999	-16.3025	21	3	0	6.556510925292969e-06				
hotspot_other	inflation.indel_bp_excess_per_kb	excess indel bp / kb	-1	unit_aware	24	7.78	3.015	12.1075	8.209583333333333	24	-131.555	-207.955	-44.18	24	0	0	1.1920928955078125e-07				
hotspot_other	inflation.indel_bp_excess_per_kb	excess indel bp / kb	-1	unit_aware__all	24	8.49	3.4225000000000003	12.9	10.572916666666666	24	-120.80999999999999	-204.20499999999998	-40.175	24	0	0	1.1920928955078125e-07				
hotspot_other	redundancy.kmer_frac_extra	k-mer extra positions (frac)	-1	mc	24	0.434515	0.370015	0.59318	0.46728708333333335												
hotspot_other	redundancy.kmer_frac_extra	k-mer extra positions (frac)	-1	mafft_fftns2	24	0.36315	0.261885	0.515565	0.4099975	24	-0.060365	-0.101905	-0.012712500000000064	20	4	0	0.0013997554779052734				
hotspot_other	redundancy.kmer_frac_extra	k-mer extra positions (frac)	-1	mafft_fftns2__all	24	0.417975	0.3244	0.5970074999999999	0.4705904166666666	24	0.013469999999999996	-0.05776250000000002	0.061334999999999945	10	14	0	0.6431422233581543				
hotspot_other	redundancy.kmer_frac_extra	k-mer extra positions (frac)	-1	mafft_fftnsi__all	17	0.36939	0.26415	0.53188	0.42094941176470585	17	0.01196999999999998	-0.05843999999999999	0.04513999999999996	7	10	0	0.963226318359375				
hotspot_other	redundancy.kmer_frac_extra	k-mer extra positions (frac)	-1	mafft_linsi	24	0.29862999999999995	0.2170675	0.4436825	0.3565354166666667	24	-0.10130499999999995	-0.161215	-0.04995249999999993	23	1	0	3.5762786865234375e-07				
hotspot_other	redundancy.kmer_frac_extra	k-mer extra positions (frac)	-1	mafft_linsi__all	6	0.311915	0.2726075	0.4158725	0.32003	6	-0.11448500000000003	-0.13537750000000004	-0.05648250000000002	6	0	0	0.03125				
hotspot_other	redundancy.kmer_frac_extra	k-mer extra positions (frac)	-1	mafft_einsi	24	0.29947999999999997	0.2416075	0.4373675	0.35636625	24	-0.1205	-0.13988	-0.057855000000000045	23	1	0	3.5762786865234375e-07				
hotspot_other	redundancy.kmer_frac_extra	k-mer extra positions (frac)	-1	mafft_einsi__all	4	0.39632500000000004	0.31403000000000003	0.478325	0.39603	4	-0.04544500000000004	-0.09155500000000008	-0.002827499999999983	3	1	0	0.375				
hotspot_other	redundancy.kmer_frac_extra	k-mer extra positions (frac)	-1	mafft_ginsi	24	0.304245	0.22319	0.4298225	0.35591625	24	-0.10446999999999998	-0.16129750000000004	-0.04679000000000004	22	2	0	5.960464477539062e-07				
hotspot_other	redundancy.kmer_frac_extra	k-mer extra positions (frac)	-1	mafft_ginsi__all	4	0.348755	0.2132425	0.45581249999999995	0.3203	4	-0.13924500000000004	-0.174025	-0.08988750000000004	4	0	0	0.125				
hotspot_other	redundancy.kmer_frac_extra	k-mer extra positions (frac)	-1	poa_abpoa	24	0.35231999999999997	0.2683625	0.5097775	0.3928583333333333	24	-0.07288499999999998	-0.1251225	-0.01964749999999993	20	4	0	0.0015796422958374023				
hotspot_other	redundancy.kmer_frac_extra	k-mer extra positions (frac)	-1	poa_abpoa__all	23	0.51465	0.41024499999999997	0.677995	0.520124347826087	23	0.05612000000000006	0.020690000000000014	0.11513999999999996	5	18	0	0.011156558990478516				
hotspot_other	redundancy.kmer_frac_extra	k-mer extra positions (frac)	-1	poa_spoa	24	0.386795	0.2903275	0.58424	0.4245475	24	-0.025779999999999997	-0.10584500000000002	0.013160000000000026	16	8	0	0.029131293296813965				
hotspot_other	redundancy.kmer_frac_extra	k-mer extra positions (frac)	-1	poa_spoa__all	22	0.570045	0.43993	0.718905	0.5545845454545455	22	0.10266	0.04798749999999999	0.14182	3	19	0	0.0016727447509765625				
hotspot_other	redundancy.kmer_frac_extra	k-mer extra positions (frac)	-1	poa_abpoa_mc	24	0.294625	0.2118525	0.4678075	0.3501304166666666	24	-0.09430000000000004	-0.1648275	-0.05534000000000002	24	0	0	1.1920928955078125e-07				
hotspot_other	redundancy.kmer_frac_extra	k-mer extra positions (frac)	-1	poa_abpoa_mc__all	24	0.43221	0.36965	0.6457	0.4716704166666667	24	0.011059999999999987	-0.012527500000000004	0.04184750000000001	9	15	0	0.27681541442871094				
hotspot_other	redundancy.kmer_frac_extra	k-mer extra positions (frac)	-1	unit_aware	24	0.43266499999999997	0.320555	0.5928724999999999	0.4522175	24	-0.01020500000000002	-0.08341000000000003	0.051639999999999964	13	11	0	0.47316575050354004				
hotspot_other	redundancy.kmer_frac_extra	k-mer extra positions (frac)	-1	unit_aware__all	24	0.474955	0.36082	0.6428349999999999	0.49608	24	0.025724999999999942	-0.03603500000000001	0.10092249999999998	9	15	0	0.20761656761169434				
hotspot_other	redundancy.kmer_extra_per_kb	k-mer extra positions / kb	-1	mc	24	1159.995	837.345	4041.825	2584.811666666667												
hotspot_other	redundancy.kmer_extra_per_kb	k-mer extra positions / kb	-1	mafft_fftns2	24	807.335	541.6175000000001	3420.96	2234.565416666667	24	-359.975	-613.515	-57.43499999999998	20	4	0	0.012604832649230957				
hotspot_other	redundancy.kmer_extra_per_kb	k-mer extra positions / kb	-1	mafft_fftns2__all	24	950.23	777.7225	4800.87	2952.779583333333	24	88.18	-243.52250000000004	617.46	10	14	0	0.40611207485198975				
hotspot_other	redundancy.kmer_extra_per_kb	k-mer extra positions / kb	-1	mafft_fftnsi__all	17	871.94	607.35	2536.46	2366.4923529411767	17	45.139999999999986	-246.55999999999995	288.6500000000001	7	10	0	0.4873809814453125				
hotspot_other	redundancy.kmer_extra_per_kb	k-mer extra positions / kb	-1	mafft_linsi	24	648.73	431.3775	2483.945	1690.5058333333334	24	-574.9649999999999	-1475.5500000000002	-260.8475	23	1	0	5.960464477539062e-07				
hotspot_other	redundancy.kmer_extra_per_kb	k-mer extra positions / kb	-1	mafft_linsi__all	6	838.085	499.8275	1148.48	987.5883333333333	6	-440.53499999999997	-619.77	-190.27499999999998	6	0	0	0.03125				
hotspot_other	redundancy.kmer_extra_per_kb	k-mer extra positions / kb	-1	mafft_einsi	24	638.655	434.735	2275.8125	1608.3812500000001	24	-606.5349999999999	-1724.7900000000002	-286.98	23	1	0	5.960464477539062e-07				
hotspot_other	redundancy.kmer_extra_per_kb	k-mer extra positions / kb	-1	mafft_einsi__all	4	947.99	584.4725000000001	1664.365	1300.8475	4	-191.17000000000002	-547.6075000000001	-1.0599999999999739	3	1	0	0.375				
hotspot_other	redundancy.kmer_extra_per_kb	k-mer extra positions / kb	-1	mafft_ginsi	24	665.505	430.615	2384.9975	1687.1370833333333	24	-560.435	-1409.6450000000002	-250.83249999999998	22	2	0	8.344650268554688e-07				
hotspot_other	redundancy.kmer_extra_per_kb	k-mer extra positions / kb	-1	mafft_ginsi__all	4	812.355	359.64750000000004	1505.0674999999999	1052.36	4	-462.43	-717.4950000000001	-350.92	4	0	0	0.125				
hotspot_other	redundancy.kmer_extra_per_kb	k-mer extra positions / kb	-1	poa_abpoa	24	927.8299999999999	517.83	2959.8525	1872.6041666666667	24	-401.30500000000006	-1378.9425	-91.25999999999993	20	4	0	0.0004298686981201172				
hotspot_other	redundancy.kmer_extra_per_kb	k-mer extra positions / kb	-1	poa_abpoa__all	23	1702.22	1086.3449999999998	5161.93	3509.153913043478	23	557.3400000000001	69.38499999999999	870.04	5	18	0	0.0074520111083984375				
hotspot_other	redundancy.kmer_extra_per_kb	k-mer extra positions / kb	-1	poa_spoa	24	1088.395	577.145	3432.245	2225.61625	24	-313.41	-586.3900000000003	110.06000000000003	16	8	0	0.015044927597045898				
hotspot_other	redundancy.kmer_extra_per_kb	k-mer extra positions / kb	-1	poa_spoa__all	22	2020.7350000000001	1203.53	5609.9925	4002.565909090909	22	851.89	256.06	1625.005	3	19	0	0.00014638900756835938				
hotspot_other	redundancy.kmer_extra_per_kb	k-mer extra positions / kb	-1	poa_abpoa_mc	24	589.475	369.9475	2711.66	1747.5933333333332	24	-604.2900000000001	-1265.8025	-309.5475	24	0	0	1.1920928955078125e-07				
hotspot_other	redundancy.kmer_extra_per_kb	k-mer extra positions / kb	-1	poa_abpoa_mc__all	24	1208.22	799.3	4844.0199999999995	2962.9225	24	79.67499999999995	-43.1525	267.8324999999995	9	15	0	0.05264079570770264				
hotspot_other	redundancy.kmer_extra_per_kb	k-mer extra positions / kb	-1	unit_aware	24	1383.045	662.3575	3433.655	2408.0954166666666	24	-153.84000000000077	-393.1274999999998	228.40249999999997	13	11	0	0.27681541442871094				
hotspot_other	redundancy.kmer_extra_per_kb	k-mer extra positions / kb	-1	unit_aware__all	24	1673.625	837.03	4392.6525	2941.0170833333336	24	443.65	-116.76999999999998	979.7050000000002	9	15	0	0.09509599208831787				
hotspot_other	truth.d_graph_sum	truth edits to best graph path (h1+h2)	-1	mc	24	0.0	0.0	5.0	10.0												
hotspot_other	truth.d_graph_sum	truth edits to best graph path (h1+h2)	-1	mafft_fftns2	24	2.5	0.0	14.25	11.875	24	0.0	0.0	6.25	3	11	10	0.0806884765625				
hotspot_other	truth.d_graph_sum	truth edits to best graph path (h1+h2)	-1	mafft_fftns2__all	24	1.5	0.0	9.0	6.75	24	0.0	0.0	2.0	4	9	11	0.25927734375				
hotspot_other	truth.d_graph_sum	truth edits to best graph path (h1+h2)	-1	mafft_fftnsi__all	17	1.0	0.0	7.0	7.705882352941177	17	0.0	0.0	3.0	2	7	8	0.17578125				
hotspot_other	truth.d_graph_sum	truth edits to best graph path (h1+h2)	-1	mafft_linsi	24	3.5	0.0	22.25	16.916666666666668	24	1.5	0.0	11.75	1	13	10	0.0008544921875				
hotspot_other	truth.d_graph_sum	truth edits to best graph path (h1+h2)	-1	mafft_linsi__all	6	0.5	0.0	6.25	6.0	6	0.0	0.0	0.0	1	1	4	1.0				
hotspot_other	truth.d_graph_sum	truth edits to best graph path (h1+h2)	-1	mafft_einsi	24	5.5	0.0	23.0	19.625	24	3.5	0.0	13.5	1	15	8	9.1552734375e-05				
hotspot_other	truth.d_graph_sum	truth edits to best graph path (h1+h2)	-1	mafft_einsi__all	4	3.5	1.5	9.75	7.75	4	1.0	-1.5	2.75	1	2	1	1.0				
hotspot_other	truth.d_graph_sum	truth edits to best graph path (h1+h2)	-1	mafft_ginsi	24	2.5	0.0	15.5	14.875	24	1.0	0.0	7.0	1	14	9	0.00115966796875				
hotspot_other	truth.d_graph_sum	truth edits to best graph path (h1+h2)	-1	mafft_ginsi__all	4	1.5	0.0	9.0	7.5	4	0.0	-0.75	0.75	1	1	2	1.0				
hotspot_other	truth.d_graph_sum	truth edits to best graph path (h1+h2)	-1	poa_abpoa	24	2.0	0.0	16.25	33.041666666666664	24	2.0	0.0	7.0	2	13	9	0.00238037109375				
hotspot_other	truth.d_graph_sum	truth edits to best graph path (h1+h2)	-1	poa_abpoa__all	23	0.0	0.0	2.0	24.91304347826087	23	0.0	-3.0	0.0	8	4	11	0.41162109375				
hotspot_other	truth.d_graph_sum	truth edits to best graph path (h1+h2)	-1	poa_spoa	24	1.5	0.0	12.25	36.208333333333336	24	0.0	0.0	4.75	3	10	11	0.033203125				
hotspot_other	truth.d_graph_sum	truth edits to best graph path (h1+h2)	-1	poa_spoa__all	22	0.0	0.0	1.75	23.681818181818183	22	0.0	-1.75	0.0	8	4	10	0.4814453125				
hotspot_other	truth.d_graph_sum	truth edits to best graph path (h1+h2)	-1	poa_abpoa_mc	24	5.0	0.0	16.0	27.416666666666668	24	4.0	0.0	9.25	0	17	7	1.52587890625e-05				
hotspot_other	truth.d_graph_sum	truth edits to best graph path (h1+h2)	-1	poa_abpoa_mc__all	24	0.0	0.0	2.25	17.125	24	0.0	-1.0	0.25	7	6	11	0.849853515625				
hotspot_other	truth.d_graph_sum	truth edits to best graph path (h1+h2)	-1	unit_aware	24	0.5	0.0	6.0	22.583333333333332	24	0.0	0.0	2.25	5	9	10	0.63525390625				
hotspot_other	truth.d_graph_sum	truth edits to best graph path (h1+h2)	-1	unit_aware__all	24	0.0	0.0	1.25	17.25	24	0.0	-4.0	0.0	8	4	12	0.41162109375				
hotspot_other	truth.h1_d_graph	truth h1 edits to graph	-1	mc	24	0.0	0.0	1.25	8.125												
hotspot_other	truth.h1_d_graph	truth h1 edits to graph	-1	mafft_fftns2	24	0.0	0.0	4.25	7.375	24	0.0	0.0	1.0	3	7	14	0.4140625				
hotspot_other	truth.h1_d_graph	truth h1 edits to graph	-1	mafft_fftns2__all	24	0.0	0.0	0.75	4.291666666666667	24	0.0	0.0	0.0	3	3	18	0.8125				
hotspot_other	truth.h1_d_graph	truth h1 edits to graph	-1	mafft_fftnsi__all	17	0.0	0.0	0.0	6.235294117647059	17	0.0	0.0	0.0	3	2	12	1.0				
hotspot_other	truth.h1_d_graph	truth h1 edits to graph	-1	mafft_linsi	24	0.0	0.0	4.25	11.666666666666666	24	0.0	0.0	2.25	1	9	14	0.005859375				
hotspot_other	truth.h1_d_graph	truth h1 edits to graph	-1	mafft_linsi__all	6	0.5	0.0	2.5	5.0	6	0.0	0.0	0.0	1	1	4	1.0				
hotspot_other	truth.h1_d_graph	truth h1 edits to graph	-1	mafft_einsi	24	0.5	0.0	4.5	12.0	24	0.0	0.0	4.5	0	9	15	0.00390625				
hotspot_other	truth.h1_d_graph	truth h1 edits to graph	-1	mafft_einsi__all	4	0.5	0.0	6.5	6.0	4	0.0	-1.5	0.25	1	1	2	1.0				
hotspot_other	truth.h1_d_graph	truth h1 edits to graph	-1	mafft_ginsi	24	0.0	0.0	2.5	10.458333333333334	24	0.0	0.0	0.5	1	6	17	0.125				
hotspot_other	truth.h1_d_graph	truth h1 edits to graph	-1	mafft_ginsi__all	4	1.5	0.0	8.5	7.0	4	0.0	-1.0	0.75	1	1	2	1.0				
hotspot_other	truth.h1_d_graph	truth h1 edits to graph	-1	poa_abpoa	24	0.0	0.0	3.25	28.041666666666668	24	0.0	0.0	1.25	3	7	14	0.087890625				
hotspot_other	truth.h1_d_graph	truth h1 edits to graph	-1	poa_abpoa__all	23	0.0	0.0	0.0	23.26086956521739	23	0.0	0.0	0.0	5	2	16	0.8125				
hotspot_other	truth.h1_d_graph	truth h1 edits to graph	-1	poa_spoa	24	0.0	0.0	2.0	31.625	24	0.0	0.0	1.25	2	7	15	0.07421875				
hotspot_other	truth.h1_d_graph	truth h1 edits to graph	-1	poa_spoa__all	22	0.0	0.0	0.0	21.818181818181817	22	0.0	-0.75	0.0	6	1	15	0.265625				
hotspot_other	truth.h1_d_graph	truth h1 edits to graph	-1	poa_abpoa_mc	24	0.0	0.0	6.0	22.458333333333332	24	0.0	0.0	4.5	0	10	14	0.001953125				
hotspot_other	truth.h1_d_graph	truth h1 edits to graph	-1	poa_abpoa_mc__all	24	0.0	0.0	0.0	15.875	24	0.0	0.0	0.0	5	3	16	0.9609375				
hotspot_other	truth.h1_d_graph	truth h1 edits to graph	-1	unit_aware	24	0.0	0.0	0.0	20.125	24	0.0	0.0	0.0	2	5	17	0.109375				
hotspot_other	truth.h1_d_graph	truth h1 edits to graph	-1	unit_aware__all	24	0.0	0.0	0.0	15.708333333333334	24	0.0	0.0	0.0	4	2	18	0.59375				
hotspot_other	truth.h2_d_graph	truth h2 edits to graph	-1	mc	24	0.0	0.0	1.0	1.875												
hotspot_other	truth.h2_d_graph	truth h2 edits to graph	-1	mafft_fftns2	24	0.0	0.0	7.0	4.5	24	0.0	0.0	2.75	2	9	13	0.00390625				
hotspot_other	truth.h2_d_graph	truth h2 edits to graph	-1	mafft_fftns2__all	24	0.0	0.0	2.75	2.4583333333333335	24	0.0	0.0	1.0	2	9	13	0.0859375				
hotspot_other	truth.h2_d_graph	truth h2 edits to graph	-1	mafft_fftnsi__all	17	0.0	0.0	2.0	1.4705882352941178	17	0.0	0.0	1.0	1	5	11	0.09375				
hotspot_other	truth.h2_d_graph	truth h2 edits to graph	-1	mafft_linsi	24	1.0	0.0	3.5	5.25	24	0.5	0.0	2.25	2	12	10	0.0074462890625				
hotspot_other	truth.h2_d_graph	truth h2 edits to graph	-1	mafft_linsi__all	6	0.0	0.0	0.75	1.0	6	0.0	0.0	0.0	0	1	5	1.0				
hotspot_other	truth.h2_d_graph	truth h2 edits to graph	-1	mafft_einsi	24	1.5	0.0	8.5	7.625	24	1.0	0.0	5.75	2	13	9	0.00067138671875				
hotspot_other	truth.h2_d_graph	truth h2 edits to graph	-1	mafft_einsi__all	4	1.5	0.75	2.5	1.75	4	1.0	0.0	2.5	0	2	2	0.5				
hotspot_other	truth.h2_d_graph	truth h2 edits to graph	-1	mafft_ginsi	24	1.0	0.0	4.25	4.416666666666667	24	1.0	0.0	2.0	1	13	10	0.000732421875				
hotspot_other	truth.h2_d_graph	truth h2 edits to graph	-1	mafft_ginsi__all	4	0.0	0.0	0.5	0.5	4	0.0	0.0	0.25	0	1	3	1.0				
hotspot_other	truth.h2_d_graph	truth h2 edits to graph	-1	poa_abpoa	24	0.5	0.0	5.75	5.0	24	0.0	0.0	3.0	1	11	12	0.00146484375				
hotspot_other	truth.h2_d_graph	truth h2 edits to graph	-1	poa_abpoa__all	23	0.0	0.0	1.0	1.6521739130434783	23	0.0	0.0	0.0	4	4	15	0.609375				
hotspot_other	truth.h2_d_graph	truth h2 edits to graph	-1	poa_spoa	24	0.0	0.0	3.25	4.583333333333333	24	0.0	0.0	2.25	3	7	14	0.318359375				
hotspot_other	truth.h2_d_graph	truth h2 edits to graph	-1	poa_spoa__all	22	0.0	0.0	0.0	1.8636363636363635	22	0.0	0.0	0.0	4	3	15	0.71875				
hotspot_other	truth.h2_d_graph	truth h2 edits to graph	-1	poa_abpoa_mc	24	1.5	0.0	9.0	4.958333333333333	24	1.0	0.0	2.5	1	13	10	0.00048828125				
hotspot_other	truth.h2_d_graph	truth h2 edits to graph	-1	poa_abpoa_mc__all	24	0.0	0.0	1.25	1.25	24	0.0	0.0	0.0	5	5	14	0.453125				
hotspot_other	truth.h2_d_graph	truth h2 edits to graph	-1	unit_aware	24	0.0	0.0	1.0	2.4583333333333335	24	0.0	0.0	0.0	5	5	14	0.71484375				
hotspot_other	truth.h2_d_graph	truth h2 edits to graph	-1	unit_aware__all	24	0.0	0.0	0.0	1.5416666666666667	24	0.0	-0.25	0.0	6	3	15	0.4765625				
hotspot_other	truth.d_panel_sum	truth edits to closest panel path (h1+h2)	0	mc	24	43.5	7.75	110.75	129.79166666666666												
hotspot_other	truth.d_panel_sum	truth edits to closest panel path (h1+h2)	0	mafft_fftns2	24	43.5	7.75	110.75	129.79166666666666	24	0.0	0.0	0.0			24					
hotspot_other	truth.d_panel_sum	truth edits to closest panel path (h1+h2)	0	mafft_fftns2__all	24	43.5	7.75	110.75	129.79166666666666	24	0.0	0.0	0.0			24					
hotspot_other	truth.d_panel_sum	truth edits to closest panel path (h1+h2)	0	mafft_fftnsi__all	17	29.0	8.0	84.0	81.88235294117646	17	0.0	0.0	0.0			17					
hotspot_other	truth.d_panel_sum	truth edits to closest panel path (h1+h2)	0	mafft_linsi	24	43.5	7.75	110.75	129.79166666666666	24	0.0	0.0	0.0			24					
hotspot_other	truth.d_panel_sum	truth edits to closest panel path (h1+h2)	0	mafft_linsi__all	6	34.5	2.0	81.25	50.5	6	0.0	0.0	0.0			6					
hotspot_other	truth.d_panel_sum	truth edits to closest panel path (h1+h2)	0	mafft_einsi	24	43.5	7.75	110.75	129.79166666666666	24	0.0	0.0	0.0			24					
hotspot_other	truth.d_panel_sum	truth edits to closest panel path (h1+h2)	0	mafft_einsi__all	4	48.0	6.0	102.5	60.5	4	0.0	0.0	0.0			4					
hotspot_other	truth.d_panel_sum	truth edits to closest panel path (h1+h2)	0	mafft_ginsi	24	43.5	7.75	110.75	129.79166666666666	24	0.0	0.0	0.0			24					
hotspot_other	truth.d_panel_sum	truth edits to closest panel path (h1+h2)	0	mafft_ginsi__all	4	48.0	6.0	102.5	60.5	4	0.0	0.0	0.0			4					
hotspot_other	truth.d_panel_sum	truth edits to closest panel path (h1+h2)	0	poa_abpoa	24	43.5	7.75	110.75	129.79166666666666	24	0.0	0.0	0.0			24					
hotspot_other	truth.d_panel_sum	truth edits to closest panel path (h1+h2)	0	poa_abpoa__all	23	48.0	10.0	122.5	135.43478260869566	23	0.0	0.0	0.0			23					
hotspot_other	truth.d_panel_sum	truth edits to closest panel path (h1+h2)	0	poa_spoa	24	43.5	7.75	110.75	129.79166666666666	24	0.0	0.0	0.0			24					
hotspot_other	truth.d_panel_sum	truth edits to closest panel path (h1+h2)	0	poa_spoa__all	22	43.5	9.0	96.25	105.36363636363636	22	0.0	0.0	0.0			22					
hotspot_other	truth.d_panel_sum	truth edits to closest panel path (h1+h2)	0	poa_abpoa_mc	24	43.5	7.75	110.75	129.79166666666666	24	0.0	0.0	0.0			24					
hotspot_other	truth.d_panel_sum	truth edits to closest panel path (h1+h2)	0	poa_abpoa_mc__all	24	43.5	7.75	110.75	129.79166666666666	24	0.0	0.0	0.0			24					
hotspot_other	truth.d_panel_sum	truth edits to closest panel path (h1+h2)	0	unit_aware	24	43.5	7.75	110.75	129.79166666666666	24	0.0	0.0	0.0			24					
hotspot_other	truth.d_panel_sum	truth edits to closest panel path (h1+h2)	0	unit_aware__all	24	43.5	7.75	110.75	129.79166666666666	24	0.0	0.0	0.0			24					
hotspot_other	truth.truvari.raw_f1	truth-by-graph truvari F1, raw	1	mc	24	0.1818	0.153325	0.508325	0.3013375												
hotspot_other	truth.truvari.raw_f1	truth-by-graph truvari F1, raw	1	mafft_fftns2	24	0.29669999999999996	0.06525	0.426925	0.29048333333333337	24	0.0	-0.14420000000000002	0.1854	10	10	4	0.9769649505615234				
hotspot_other	truth.truvari.raw_f1	truth-by-graph truvari F1, raw	1	mafft_fftns2__all	24	0.25	0.07500000000000001	0.37797499999999995	0.27100833333333335	24	0.0	-0.16445	0.1532	11	10	3	0.8381452560424805				
hotspot_other	truth.truvari.raw_f1	truth-by-graph truvari F1, raw	1	mafft_fftnsi__all	17	0.1818	0.0	0.2857	0.20965882352941176	17	0.0	-0.2262	0.06820000000000001	6	8	3	0.216552734375				
hotspot_other	truth.truvari.raw_f1	truth-by-graph truvari F1, raw	1	mafft_linsi	23	0.4	0.202	0.6031500000000001	0.4245565217391304	23	0.04040000000000002	-0.06664999999999999	0.37275	15	6	2	0.12584590911865234				
hotspot_other	truth.truvari.raw_f1	truth-by-graph truvari F1, raw	1	mafft_linsi__all	6	0.2	0.0	0.4333	0.22961666666666666	6	0.10910000000000002	0.0	0.25150000000000006	3	1	2	0.875				
hotspot_other	truth.truvari.raw_f1	truth-by-graph truvari F1, raw	1	mafft_einsi	24	0.4222	0.2222	0.58645	0.4377875	24	0.10354999999999999	-0.015924999999999995	0.28335000000000005	15	6	3	0.058269500732421875				
hotspot_other	truth.truvari.raw_f1	truth-by-graph truvari F1, raw	1	mafft_einsi__all	4	0.5	0.375	0.51785	0.39285000000000003	4	0.15910000000000002	-0.04167499999999999	0.33605000000000007	2	1	1	0.5				
hotspot_other	truth.truvari.raw_f1	truth-by-graph truvari F1, raw	1	mafft_ginsi	23	0.4	0.202	0.6667	0.4603086956521739	23	0.11900000000000002	-0.12434999999999996	0.37275	14	9	0	0.08452367782592773				
hotspot_other	truth.truvari.raw_f1	truth-by-graph truvari F1, raw	1	mafft_ginsi__all	4	0.2	0.0	0.466675	0.266675	4	0.10910000000000002	-0.16667500000000002	0.284875	2	1	1	1.0				
hotspot_other	truth.truvari.raw_f1	truth-by-graph truvari F1, raw	1	poa_abpoa	23	0.3	0.1736	0.44505	0.32086521739130436	23	0.007900000000000018	-0.17509999999999998	0.21820000000000003	12	9	2	0.7526063919067383				
hotspot_other	truth.truvari.raw_f1	truth-by-graph truvari F1, raw	1	poa_abpoa__all	23	0.2	0.0	0.36929999999999996	0.21252608695652173	23	-0.08080000000000004	-0.19805	0.0	4	14	5	0.03337860107421875				
hotspot_other	truth.truvari.raw_f1	truth-by-graph truvari F1, raw	1	poa_spoa	23	0.1667	0.0	0.24875	0.1587695652173913	23	-0.1667	-0.24525	0.0	5	15	3	0.013227462768554688				
hotspot_other	truth.truvari.raw_f1	truth-by-graph truvari F1, raw	1	poa_spoa__all	22	0.0	0.0	0.24107499999999998	0.11553181818181818	22	-0.1818	-0.41305000000000003	-0.02020000000000001	3	16	3	0.00441741943359375				
hotspot_other	truth.truvari.raw_f1	truth-by-graph truvari F1, raw	1	poa_abpoa_mc	23	0.4	0.3095	0.5798	0.43492608695652174	23	0.14379999999999993	0.0	0.3095	16	5	2	0.025771141052246094				
hotspot_other	truth.truvari.raw_f1	truth-by-graph truvari F1, raw	1	poa_abpoa_mc__all	23	0.3704	0.1699	0.5	0.3473173913043478	23	0.0	-0.137	0.19125000000000003	11	10	2	0.6514101028442383				
hotspot_other	truth.truvari.raw_f1	truth-by-graph truvari F1, raw	1	unit_aware	23	0.1333	0.0	0.3095	0.18686521739130435	23	-0.1333	-0.30550000000000005	0.07535000000000001	7	14	2	0.06596660614013672				
hotspot_other	truth.truvari.raw_f1	truth-by-graph truvari F1, raw	1	unit_aware__all	23	0.0	0.0	0.26495	0.15200869565217393	23	-0.13670000000000004	-0.24600000000000002	0.0	4	16	3	0.004116058349609375				
hotspot_other	truth.truvari.refined_f1	truth-by-graph truvari F1, refined	1	mc	24	1.0	1.0	1.0	0.9236125												
hotspot_other	truth.truvari.refined_f1	truth-by-graph truvari F1, refined	1	mafft_fftns2	24	1.0	1.0	1.0	0.9156	24	0.0	0.0	0.0	0	1	23	1.0				
hotspot_other	truth.truvari.refined_f1	truth-by-graph truvari F1, refined	1	mafft_fftns2__all	24	1.0	1.0	1.0	0.8958333333333334	24	0.0	0.0	0.0	2	2	20	0.875				
hotspot_other	truth.truvari.refined_f1	truth-by-graph truvari F1, refined	1	mafft_fftnsi__all	17	1.0	1.0	1.0	0.8169941176470588	17	0.0	0.0	0.0	1	3	13	0.5				
hotspot_other	truth.truvari.refined_f1	truth-by-graph truvari F1, refined	1	mafft_linsi	23	1.0	1.0	1.0	0.9565217391304348	23	0.0	0.0	0.0	2	1	20	1.0				
hotspot_other	truth.truvari.refined_f1	truth-by-graph truvari F1, refined	1	mafft_linsi__all	6	1.0	1.0	1.0	1.0	6	0.0	0.0	0.0	0	0	6					
hotspot_other	truth.truvari.refined_f1	truth-by-graph truvari F1, refined	1	mafft_einsi	24	1.0	1.0	1.0	0.8592583333333333	24	0.0	0.0	0.0	1	3	20	0.375				
hotspot_other	truth.truvari.refined_f1	truth-by-graph truvari F1, refined	1	mafft_einsi__all	4	1.0	1.0	1.0	1.0	4	0.0	0.0	0.0	0	0	4					
hotspot_other	truth.truvari.refined_f1	truth-by-graph truvari F1, refined	1	mafft_ginsi	23	1.0	1.0	1.0	0.9782608695652174	23	0.0	0.0	0.0	2	1	20	1.0				
hotspot_other	truth.truvari.refined_f1	truth-by-graph truvari F1, refined	1	mafft_ginsi__all	4	1.0	1.0	1.0	1.0	4	0.0	0.0	0.0	0	0	4					
hotspot_other	truth.truvari.refined_f1	truth-by-graph truvari F1, refined	1	poa_abpoa	23	1.0	1.0	1.0	0.858008695652174	23	0.0	0.0	0.0	1	5	17	0.0625				
hotspot_other	truth.truvari.refined_f1	truth-by-graph truvari F1, refined	1	poa_abpoa__all	23	1.0	0.3875	1.0	0.7148565217391305	23	0.0	-0.3	0.0	0	7	16	0.015625				
hotspot_other	truth.truvari.refined_f1	truth-by-graph truvari F1, refined	1	poa_spoa	23	1.0	0.30000000000000004	1.0	0.7009434782608696	23	0.0	-0.55	0.0	1	8	14	0.0078125				
hotspot_other	truth.truvari.refined_f1	truth-by-graph truvari F1, refined	1	poa_spoa__all	22	1.0	0.0	1.0	0.6136363636363636	22	0.0	-0.875	0.0	0	8	14	0.0078125				
hotspot_other	truth.truvari.refined_f1	truth-by-graph truvari F1, refined	1	poa_abpoa_mc	23	1.0	1.0	1.0	0.9316782608695652	23	0.0	0.0	0.0	2	2	19	0.625				
hotspot_other	truth.truvari.refined_f1	truth-by-graph truvari F1, refined	1	poa_abpoa_mc__all	23	1.0	1.0	1.0	0.8531391304347826	23	0.0	0.0	0.0	1	4	18	0.1875				
hotspot_other	truth.truvari.refined_f1	truth-by-graph truvari F1, refined	1	unit_aware	23	1.0	0.2	1.0	0.7130434782608696	23	0.0	-0.55	0.0	0	7	16	0.015625				
hotspot_other	truth.truvari.refined_f1	truth-by-graph truvari F1, refined	1	unit_aware__all	23	1.0	0.08335	1.0	0.6666695652173913	23	0.0	-0.66665	0.0	1	9	13	0.005859375				
hotspot_other	truth.truvari.phab_f1	truth-by-graph truvari F1, whole-span phab	1	mc	22	1.0	1.0	1.0	1.0												
hotspot_other	truth.truvari.phab_f1	truth-by-graph truvari F1, whole-span phab	1	mafft_fftns2	22	1.0	1.0	1.0	1.0	22	0.0	0.0	0.0	0	0	22					
hotspot_other	truth.truvari.phab_f1	truth-by-graph truvari F1, whole-span phab	1	mafft_fftns2__all	23	1.0	1.0	1.0	0.9855086956521738	22	0.0	0.0	0.0	0	1	21	1.0				
hotspot_other	truth.truvari.phab_f1	truth-by-graph truvari F1, whole-span phab	1	mafft_fftnsi__all	15	1.0	1.0	1.0	1.0	15	0.0	0.0	0.0	0	0	15					
hotspot_other	truth.truvari.phab_f1	truth-by-graph truvari F1, whole-span phab	1	mafft_linsi	22	1.0	1.0	1.0	1.0	22	0.0	0.0	0.0	0	0	22					
hotspot_other	truth.truvari.phab_f1	truth-by-graph truvari F1, whole-span phab	1	mafft_linsi__all	6	1.0	1.0	1.0	1.0	6	0.0	0.0	0.0	0	0	6					
hotspot_other	truth.truvari.phab_f1	truth-by-graph truvari F1, whole-span phab	1	mafft_einsi	22	1.0	1.0	1.0	0.9935045454545454	22	0.0	0.0	0.0	0	1	21	1.0				
hotspot_other	truth.truvari.phab_f1	truth-by-graph truvari F1, whole-span phab	1	mafft_einsi__all	4	1.0	1.0	1.0	1.0	4	0.0	0.0	0.0	0	0	4					
hotspot_other	truth.truvari.phab_f1	truth-by-graph truvari F1, whole-span phab	1	mafft_ginsi	22	1.0	1.0	1.0	1.0	22	0.0	0.0	0.0	0	0	22					
hotspot_other	truth.truvari.phab_f1	truth-by-graph truvari F1, whole-span phab	1	mafft_ginsi__all	4	1.0	1.0	1.0	1.0	4	0.0	0.0	0.0	0	0	4					
hotspot_other	truth.truvari.phab_f1	truth-by-graph truvari F1, whole-span phab	1	poa_abpoa	22	1.0	1.0	1.0	0.9878227272727272	22	0.0	0.0	0.0	0	2	20	0.5				
hotspot_other	truth.truvari.phab_f1	truth-by-graph truvari F1, whole-span phab	1	poa_abpoa__all	21	1.0	1.0	1.0	0.9940476190476191	21	0.0	0.0	0.0	0	1	20	1.0				
hotspot_other	truth.truvari.phab_f1	truth-by-graph truvari F1, whole-span phab	1	poa_spoa	22	1.0	1.0	1.0	0.9917363636363636	22	0.0	0.0	0.0	0	2	20	0.5				
hotspot_other	truth.truvari.phab_f1	truth-by-graph truvari F1, whole-span phab	1	poa_spoa__all	19	1.0	1.0	1.0	1.0	19	0.0	0.0	0.0	0	0	19					
hotspot_other	truth.truvari.phab_f1	truth-by-graph truvari F1, whole-span phab	1	poa_abpoa_mc	23	1.0	1.0	1.0	0.9979304347826087	22	0.0	0.0	0.0	0	1	21	1.0				
hotspot_other	truth.truvari.phab_f1	truth-by-graph truvari F1, whole-span phab	1	poa_abpoa_mc__all	22	1.0	1.0	1.0	0.9973272727272726	22	0.0	0.0	0.0	0	1	21	1.0				
hotspot_other	truth.truvari.phab_f1	truth-by-graph truvari F1, whole-span phab	1	unit_aware	21	1.0	1.0	1.0	1.0	21	0.0	0.0	0.0	0	0	21					
hotspot_other	truth.truvari.phab_f1	truth-by-graph truvari F1, whole-span phab	1	unit_aware__all	22	1.0	1.0	1.0	1.0	22	0.0	0.0	0.0	0	0	22					
hotspot_other	truth.truvari.records_sv	truth-by-graph SV records	0	mc	24	8.0	6.5	13.0	9.666666666666666												
hotspot_other	truth.truvari.records_sv	truth-by-graph SV records	0	mafft_fftns2	24	6.5	3.75	11.0	7.291666666666667	24	-2.0	-5.0	-1.0			1	0.004430055618286133				
hotspot_other	truth.truvari.records_sv	truth-by-graph SV records	0	mafft_fftns2__all	24	6.5	4.75	10.0	7.916666666666667	24	-2.0	-4.0	0.0			3	0.027130126953125				
hotspot_other	truth.truvari.records_sv	truth-by-graph SV records	0	mafft_fftnsi__all	17	5.0	3.0	6.0	5.588235294117647	17	-3.0	-4.0	0.0			1	0.01885986328125				
hotspot_other	truth.truvari.records_sv	truth-by-graph SV records	0	mafft_linsi	24	3.0	2.0	6.0	4.333333333333333	24	-4.5	-7.25	-2.75			0	5.960464477539062e-07				
hotspot_other	truth.truvari.records_sv	truth-by-graph SV records	0	mafft_linsi__all	6	5.0	2.75	5.75	4.333333333333333	6	-2.5	-3.0	-0.5			1	0.125				
hotspot_other	truth.truvari.records_sv	truth-by-graph SV records	0	mafft_einsi	24	4.0	2.0	7.25	5.583333333333333	24	-4.0	-6.0	-1.0			2	2.86102294921875e-06				
hotspot_other	truth.truvari.records_sv	truth-by-graph SV records	0	mafft_einsi__all	4	4.5	3.75	5.0	4.25	4	-3.0	-3.25	-2.5			0	0.125				
hotspot_other	truth.truvari.records_sv	truth-by-graph SV records	0	mafft_ginsi	24	3.5	1.75	6.25	4.875	24	-4.5	-5.25	-3.0			1	2.384185791015625e-07				
hotspot_other	truth.truvari.records_sv	truth-by-graph SV records	0	mafft_ginsi__all	4	4.0	3.0	5.5	4.5	4	-3.0	-5.0	-0.5			0	0.375				
hotspot_other	truth.truvari.records_sv	truth-by-graph SV records	0	poa_abpoa	24	4.5	2.0	7.25	5.333333333333333	24	-4.5	-7.0	-1.0			2	4.76837158203125e-07				
hotspot_other	truth.truvari.records_sv	truth-by-graph SV records	0	poa_abpoa__all	23	5.0	2.0	8.0	6.260869565217392	23	-4.0	-7.0	0.0			3	0.0069637298583984375				
hotspot_other	truth.truvari.records_sv	truth-by-graph SV records	0	poa_spoa	24	6.0	1.0	8.5	6.958333333333333	24	-2.5	-6.0	-1.0			0	0.002084970474243164				
hotspot_other	truth.truvari.records_sv	truth-by-graph SV records	0	poa_spoa__all	22	3.5	0.25	6.0	4.7727272727272725	22	-5.0	-7.0	-1.25			3	0.000255584716796875				
hotspot_other	truth.truvari.records_sv	truth-by-graph SV records	0	poa_abpoa_mc	24	4.0	2.0	7.0	5.125	24	-4.0	-6.0	-2.75			2	4.76837158203125e-07				
hotspot_other	truth.truvari.records_sv	truth-by-graph SV records	0	poa_abpoa_mc__all	24	4.5	3.5	9.0	6.541666666666667	24	-3.0	-5.0	-1.5			3	0.0005397796630859375				
hotspot_other	truth.truvari.records_sv	truth-by-graph SV records	0	unit_aware	24	4.5	1.0	8.25	6.958333333333333	24	-3.0	-7.0	0.25			3	0.029207229614257812				
hotspot_other	truth.truvari.records_sv	truth-by-graph SV records	0	unit_aware__all	24	3.5	0.75	7.0	6.958333333333333	24	-3.5	-7.25	-0.75			2	0.024201393127441406				
hotspot_other	reads.all_unique	reads: unique placement	1	mc	24	0.48555000000000004	0.358975	0.55095	0.47500000000000003												
hotspot_other	reads.all_unique	reads: unique placement	1	mafft_fftns2	24	0.5244500000000001	0.430575	0.621375	0.5359583333333333	24	0.05639999999999995	-0.0029	0.09094999999999995	17	6	1	0.00914621353149414				
hotspot_other	reads.all_unique	reads: unique placement	1	mafft_fftns2__all	24	0.47695	0.432975	0.573575	0.5068583333333333	24	0.018699999999999967	-0.026125000000000037	0.10865000000000002	16	8	0	0.1355280876159668				
hotspot_other	reads.all_unique	reads: unique placement	1	mafft_fftnsi__all	17	0.5212	0.4631	0.6147	0.523035294117647	17	0.019299999999999984	-0.009000000000000008	0.06489999999999996	12	5	0	0.1593780517578125				
hotspot_other	reads.all_unique	reads: unique placement	1	mafft_linsi	24	0.5843	0.5142249999999999	0.65245	0.5964041666666667	24	0.1283	0.043224999999999986	0.17362500000000003	23	1	0	2.9802322387695312e-06				
hotspot_other	reads.all_unique	reads: unique placement	1	mafft_linsi__all	6	0.61995	0.548725	0.703475	0.6245666666666666	6	0.14254999999999998	0.05447500000000004	0.20174999999999998	6	0	0	0.03125				
hotspot_other	reads.all_unique	reads: unique placement	1	mafft_einsi	24	0.58025	0.496825	0.6801999999999999	0.5937083333333334	24	0.10894999999999999	0.061474999999999974	0.163925	22	2	0	5.960464477539062e-07				
hotspot_other	reads.all_unique	reads: unique placement	1	mafft_einsi__all	4	0.6211500000000001	0.58125	0.666775	0.6268750000000001	4	0.13410000000000002	0.061874999999999986	0.19912500000000005	4	0	0	0.125				
hotspot_other	reads.all_unique	reads: unique placement	1	mafft_ginsi	24	0.5882499999999999	0.5133	0.65595	0.5981666666666666	24	0.12975	0.06712500000000005	0.15834999999999994	22	2	0	2.2649765014648438e-06				
hotspot_other	reads.all_unique	reads: unique placement	1	mafft_ginsi__all	4	0.68375	0.61305	0.727475	0.656775	4	0.18389999999999995	0.13112499999999994	0.20957499999999996	4	0	0	0.125				
hotspot_other	reads.all_unique	reads: unique placement	1	poa_abpoa	24	0.5354000000000001	0.390075	0.571725	0.5269666666666667	24	0.04580000000000001	-0.0037249999999999783	0.10334999999999997	17	7	0	0.012604832649230957				
hotspot_other	reads.all_unique	reads: unique placement	1	poa_abpoa__all	23	0.4054	0.30984999999999996	0.491	0.40255217391304343	23	-0.051699999999999996	-0.07919999999999998	0.01880000000000001	8	15	0	0.010109186172485352				
hotspot_other	reads.all_unique	reads: unique placement	1	poa_spoa	24	0.4979	0.41555	0.552925	0.5028291666666667	24	0.015099999999999947	-0.007450000000000026	0.07479999999999999	16	7	1	0.09798812866210938				
hotspot_other	reads.all_unique	reads: unique placement	1	poa_spoa__all	22	0.4174	0.340675	0.48475	0.4142363636363637	22	-0.051950000000000024	-0.11624999999999996	0.017249999999999988	7	15	0	0.0542454719543457				
hotspot_other	reads.all_unique	reads: unique placement	1	poa_abpoa_mc	24	0.5636	0.47550000000000003	0.6316999999999999	0.5774708333333333	24	0.10200000000000001	0.03759999999999998	0.14100000000000004	23	1	0	5.960464477539062e-07				
hotspot_other	reads.all_unique	reads: unique placement	1	poa_abpoa_mc__all	24	0.4887	0.38815	0.565925	0.5066125	24	0.01859999999999995	-0.00385000000000002	0.045375000000000026	17	7	0	0.022932052612304688				
hotspot_other	reads.all_unique	reads: unique placement	1	unit_aware	24	0.47955	0.450275	0.571975	0.49955	24	0.01899999999999996	-0.01825000000000003	0.06377500000000001	14	9	1	0.16952300071716309				
hotspot_other	reads.all_unique	reads: unique placement	1	unit_aware__all	24	0.47665	0.4197	0.521525	0.480775	24	0.0043500000000000205	-0.037274999999999975	0.06649999999999998	12	11	1	0.481952428817749				
hotspot_other	reads.all_redundant_only	reads: redundant (cross-walk) only	-1	mc	24	0.29505000000000003	0.212025	0.356775	0.2894541666666667												
hotspot_other	reads.all_redundant_only	reads: redundant (cross-walk) only	-1	mafft_fftns2	24	0.2514	0.1276	0.3054	0.22850833333333334	24	-0.05635000000000001	-0.09095	0.0029	17	6	1	0.008929729461669922				
hotspot_other	reads.all_redundant_only	reads: redundant (cross-walk) only	-1	mafft_fftns2__all	24	0.263	0.14975	0.35375	0.25760833333333333	24	-0.01874999999999999	-0.10865000000000001	0.026200000000000015	16	8	0	0.1355280876159668				
hotspot_other	reads.all_redundant_only	reads: redundant (cross-walk) only	-1	mafft_fftnsi__all	17	0.29	0.157	0.3552	0.26498235294117645	17	-0.019299999999999984	-0.06480000000000002	0.008999999999999994	12	5	0	0.1593780517578125				
hotspot_other	reads.all_redundant_only	reads: redundant (cross-walk) only	-1	mafft_linsi	24	0.14635	0.0975	0.23602499999999998	0.1680708333333333	24	-0.12830000000000003	-0.17352499999999998	-0.04322499999999998	23	1	0	2.9802322387695312e-06				
hotspot_other	reads.all_redundant_only	reads: redundant (cross-walk) only	-1	mafft_linsi__all	6	0.12885	0.099325	0.14847500000000002	0.126	6	-0.14249999999999996	-0.20179999999999998	-0.054474999999999996	6	0	0	0.03125				
hotspot_other	reads.all_redundant_only	reads: redundant (cross-walk) only	-1	mafft_einsi	24	0.1713	0.1111	0.224225	0.17075416666666665	24	-0.10894999999999999	-0.16392500000000002	-0.06147500000000001	22	2	0	5.960464477539062e-07				
hotspot_other	reads.all_redundant_only	reads: redundant (cross-walk) only	-1	mafft_einsi__all	4	0.15234999999999999	0.1278	0.18575	0.1612	4	-0.1341	-0.19915000000000002	-0.061875	4	0	0	0.125				
hotspot_other	reads.all_redundant_only	reads: redundant (cross-walk) only	-1	mafft_ginsi	24	0.14075	0.09782500000000001	0.23602499999999998	0.16630416666666667	24	-0.12975000000000003	-0.15825	-0.0672	22	2	0	2.2649765014648438e-06				
hotspot_other	reads.all_redundant_only	reads: redundant (cross-walk) only	-1	mafft_ginsi__all	4	0.1358	0.1079	0.15925	0.13135	4	-0.18384999999999999	-0.209575	-0.13105	4	0	0	0.125				
hotspot_other	reads.all_redundant_only	reads: redundant (cross-walk) only	-1	poa_abpoa	24	0.2253	0.1542	0.30295	0.23750416666666666	24	-0.04579999999999998	-0.10335	0.003799999999999998	17	7	0	0.012604832649230957				
hotspot_other	reads.all_redundant_only	reads: redundant (cross-walk) only	-1	poa_abpoa__all	23	0.331	0.29400000000000004	0.42205000000000004	0.3516739130434782	23	0.05170000000000008	-0.018749999999999982	0.07925	8	15	0	0.010109186172485352				
hotspot_other	reads.all_redundant_only	reads: redundant (cross-walk) only	-1	poa_spoa	24	0.27465	0.21075	0.3367	0.261625	24	-0.015149999999999997	-0.07480000000000003	0.007550000000000015	16	7	1	0.09798812866210938				
hotspot_other	reads.all_redundant_only	reads: redundant (cross-walk) only	-1	poa_spoa__all	22	0.34750000000000003	0.291	0.448725	0.3556818181818182	22	0.051950000000000024	-0.017249999999999988	0.11615000000000002	7	15	0	0.0542454719543457				
hotspot_other	reads.all_redundant_only	reads: redundant (cross-walk) only	-1	poa_abpoa_mc	24	0.19485	0.12392500000000001	0.239525	0.18699166666666667	24	-0.10200000000000001	-0.14100000000000001	-0.037575000000000004	23	1	0	5.960464477539062e-07				
hotspot_other	reads.all_redundant_only	reads: redundant (cross-walk) only	-1	poa_abpoa_mc__all	24	0.2683	0.187475	0.340675	0.25784583333333333	24	-0.0186	-0.045350000000000015	0.0038499999999999923	17	7	0	0.022932052612304688				
hotspot_other	reads.all_redundant_only	reads: redundant (cross-walk) only	-1	unit_aware	24	0.26125	0.21202500000000002	0.330325	0.26490833333333336	24	-0.01899999999999999	-0.063775	0.018249999999999995	14	9	1	0.16952300071716309				
hotspot_other	reads.all_redundant_only	reads: redundant (cross-walk) only	-1	unit_aware__all	24	0.2781	0.23015000000000002	0.348425	0.28368333333333334	24	-0.00435	-0.06649999999999998	0.037274999999999975	12	11	1	0.481952428817749				
hotspot_other	reads.all_tandem	reads: tandem	0	mc	24	0.17815	0.1221	0.28254999999999997	0.20475833333333335												
hotspot_other	reads.all_tandem	reads: tandem	0	mafft_fftns2	24	0.17815	0.1221	0.28254999999999997	0.20475833333333335	24	0.0	0.0	0.0			24					
hotspot_other	reads.all_tandem	reads: tandem	0	mafft_fftns2__all	24	0.17815	0.1221	0.28254999999999997	0.20475833333333335	24	0.0	0.0	0.0			24					
hotspot_other	reads.all_tandem	reads: tandem	0	mafft_fftnsi__all	17	0.1667	0.1176	0.2282	0.17724117647058824	17	0.0	0.0	0.0			17					
hotspot_other	reads.all_tandem	reads: tandem	0	mafft_linsi	24	0.17815	0.1221	0.28254999999999997	0.20475833333333335	24	0.0	0.0	0.0			24					
hotspot_other	reads.all_tandem	reads: tandem	0	mafft_linsi__all	6	0.2606	0.191	0.31355	0.24086666666666667	6	0.0	0.0	0.0			6					
hotspot_other	reads.all_tandem	reads: tandem	0	mafft_einsi	24	0.17815	0.1221	0.28254999999999997	0.20475833333333335	24	0.0	0.0	0.0			24					
hotspot_other	reads.all_tandem	reads: tandem	0	mafft_einsi__all	4	0.2034	0.156675	0.25125	0.204525	4	0.0	0.0	0.0			4					
hotspot_other	reads.all_tandem	reads: tandem	0	mafft_ginsi	24	0.17815	0.1221	0.28254999999999997	0.20475833333333335	24	0.0	0.0	0.0			24					
hotspot_other	reads.all_tandem	reads: tandem	0	mafft_ginsi__all	4	0.2034	0.156675	0.25125	0.204525	4	0.0	0.0	0.0			4					
hotspot_other	reads.all_tandem	reads: tandem	0	poa_abpoa	24	0.17815	0.1221	0.28254999999999997	0.20475833333333335	24	0.0	0.0	0.0			24					
hotspot_other	reads.all_tandem	reads: tandem	0	poa_abpoa__all	23	0.1786	0.12505	0.2842	0.2136608695652174	23	0.0	0.0	0.0			23					
hotspot_other	reads.all_tandem	reads: tandem	0	poa_spoa	24	0.17815	0.1221	0.28254999999999997	0.20475833333333335	24	0.0	0.0	0.0			24					
hotspot_other	reads.all_tandem	reads: tandem	0	poa_spoa__all	22	0.17815	0.124325	0.27905	0.1965590909090909	22	0.0	0.0	0.0			22					
hotspot_other	reads.all_tandem	reads: tandem	0	poa_abpoa_mc	24	0.17815	0.1221	0.28254999999999997	0.20475833333333335	24	0.0	0.0	0.0			24					
hotspot_other	reads.all_tandem	reads: tandem	0	poa_abpoa_mc__all	24	0.17815	0.1221	0.28254999999999997	0.20475833333333335	24	0.0	0.0	0.0			24					
hotspot_other	reads.all_tandem	reads: tandem	0	unit_aware	24	0.17815	0.1221	0.28254999999999997	0.20475833333333335	24	0.0	0.0	0.0			24					
hotspot_other	reads.all_tandem	reads: tandem	0	unit_aware__all	24	0.17815	0.1221	0.28254999999999997	0.20475833333333335	24	0.0	0.0	0.0			24					
hotspot_other	reads.all_ratio_mean	reads: placements / max per path	-1	mc	24	2.10825	1.7595750000000001	2.3793249999999997	2.0703375												
hotspot_other	reads.all_ratio_mean	reads: placements / max per path	-1	mafft_fftns2	24	1.96075	1.489625	2.2711	1.9457875	24	-0.17425000000000002	-0.4632	0.17029999999999995	16	8	0	0.1355280876159668				
hotspot_other	reads.all_ratio_mean	reads: placements / max per path	-1	mafft_fftns2__all	24	2.30495	1.6193	2.604475	2.2620125	24	0.05874999999999997	-0.21312500000000006	0.530075	12	12	0	0.2405325174331665				
hotspot_other	reads.all_ratio_mean	reads: placements / max per path	-1	mafft_fftnsi__all	17	2.0923	1.4939	2.8152	2.1498999999999997	17	0.14559999999999995	-0.11580000000000013	0.5372999999999999	7	10	0	0.17425537109375				
hotspot_other	reads.all_ratio_mean	reads: placements / max per path	-1	mafft_linsi	24	1.5444499999999999	1.317125	1.738725	1.5381125000000002	24	-0.5402999999999999	-0.735725	-0.2083250000000001	23	1	0	8.344650268554688e-07				
hotspot_other	reads.all_ratio_mean	reads: placements / max per path	-1	mafft_linsi__all	6	1.49505	1.294975	1.7126	1.5053999999999998	6	-0.39390000000000003	-0.7466250000000001	-0.14242499999999997	6	0	0	0.03125				
hotspot_other	reads.all_ratio_mean	reads: placements / max per path	-1	mafft_einsi	24	1.44535	1.3099500000000002	1.761125	1.5125083333333331	24	-0.50095	-0.8156000000000001	-0.17142499999999988	24	0	0	1.1920928955078125e-07				
hotspot_other	reads.all_ratio_mean	reads: placements / max per path	-1	mafft_einsi__all	4	1.501	1.469375	1.55975	1.528125	4	-0.59685	-0.9311999999999998	-0.1976250000000001	3	1	0	0.25				
hotspot_other	reads.all_ratio_mean	reads: placements / max per path	-1	mafft_ginsi	24	1.5422500000000001	1.325575	1.72365	1.5365291666666667	24	-0.55845	-0.78045	-0.19950000000000007	22	2	0	5.960464477539062e-07				
hotspot_other	reads.all_ratio_mean	reads: placements / max per path	-1	mafft_ginsi__all	4	1.475	1.288625	1.67225	1.485875	4	-0.66915	-0.85875	-0.384625	4	0	0	0.125				
hotspot_other	reads.all_ratio_mean	reads: placements / max per path	-1	poa_abpoa	24	1.85055	1.612525	1.973475	1.7920791666666667	24	-0.24744999999999995	-0.542725	-0.06709999999999977	20	4	0	0.0004298686981201172				
hotspot_other	reads.all_ratio_mean	reads: placements / max per path	-1	poa_abpoa__all	23	2.3404	2.1090999999999998	2.75	2.4847434782608695	23	0.38480000000000003	0.021749999999999936	0.6876	6	17	0	0.0005517005920410156				
hotspot_other	reads.all_ratio_mean	reads: placements / max per path	-1	poa_spoa	24	1.9739	1.7045249999999998	2.119825	1.9152500000000001	24	-0.10719999999999996	-0.35965	0.07902500000000018	15	9	0	0.05642664432525635				
hotspot_other	reads.all_ratio_mean	reads: placements / max per path	-1	poa_spoa__all	22	2.48555	2.286375	2.978075	2.660727272727273	22	0.4497000000000001	0.21004999999999985	1.0041	2	20	0	0.00013971328735351562				
hotspot_other	reads.all_ratio_mean	reads: placements / max per path	-1	poa_abpoa_mc	24	1.6227	1.354075	1.764475	1.595725	24	-0.41900000000000004	-0.6498750000000002	-0.22927499999999995	24	0	0	1.1920928955078125e-07				
hotspot_other	reads.all_ratio_mean	reads: placements / max per path	-1	poa_abpoa_mc__all	24	2.1849499999999997	1.787325	2.24415	2.0372166666666667	24	-0.04870000000000008	-0.11025000000000007	0.10539999999999988	15	9	0	0.6431422233581543				
hotspot_other	reads.all_ratio_mean	reads: placements / max per path	-1	unit_aware	24	2.02365	1.689725	2.1283000000000003	1.9351541666666667	24	-0.07500000000000007	-0.281125	0.09342499999999998	15	9	0	0.11396121978759766				
hotspot_other	reads.all_ratio_mean	reads: placements / max per path	-1	unit_aware__all	24	2.07735	1.870325	2.403525	2.1444958333333335	24	0.0383	-0.15667500000000018	0.31037499999999973	11	13	0	0.35962629318237305				
hotspot_other	reads.mqlt5_redundant_only	reads MAPQ<5: redundant only	-1	mc	24	0.41495000000000004	0.286675	0.4816	0.3878458333333333												
hotspot_other	reads.mqlt5_redundant_only	reads MAPQ<5: redundant only	-1	mafft_fftns2	24	0.2993	0.157525	0.4124	0.2932875	24	-0.06510000000000002	-0.1299	-0.03507500000000001	20	4	0	0.00010764598846435547				
hotspot_other	reads.mqlt5_redundant_only	reads MAPQ<5: redundant only	-1	mafft_fftns2__all	24	0.31875	0.2081	0.420325	0.3185291666666667	24	-0.04685000000000001	-0.12905000000000003	0.01780000000000001	17	7	0	0.007920503616333008				
hotspot_other	reads.mqlt5_redundant_only	reads MAPQ<5: redundant only	-1	mafft_fftnsi__all	17	0.3541	0.1941	0.4167	0.3437294117647059	17	-0.05409999999999998	-0.09519999999999998	-0.005300000000000027	13	3	1	0.00628662109375				
hotspot_other	reads.mqlt5_redundant_only	reads MAPQ<5: redundant only	-1	mafft_linsi	24	0.21475	0.1331	0.272175	0.23194583333333332	24	-0.1588	-0.20484999999999998	-0.07320000000000002	22	0	2	4.76837158203125e-07				
hotspot_other	reads.mqlt5_redundant_only	reads MAPQ<5: redundant only	-1	mafft_linsi__all	6	0.18335	0.162825	0.19465	0.17635	6	-0.1497	-0.25882499999999997	-0.07297500000000001	5	0	1	0.0625				
hotspot_other	reads.mqlt5_redundant_only	reads MAPQ<5: redundant only	-1	mafft_einsi	24	0.2096	0.14015	0.357925	0.23945416666666666	24	-0.14115	-0.19474999999999998	-0.05850000000000002	23	0	1	2.384185791015625e-07				
hotspot_other	reads.mqlt5_redundant_only	reads MAPQ<5: redundant only	-1	mafft_einsi__all	4	0.1912	0.17022500000000002	0.243875	0.2229	4	-0.19875	-0.27732500000000004	-0.099575	4	0	0	0.125				
hotspot_other	reads.mqlt5_redundant_only	reads MAPQ<5: redundant only	-1	mafft_ginsi	24	0.21475	0.1331	0.292025	0.23103333333333334	24	-0.15744999999999998	-0.202075	-0.07485	23	0	1	2.384185791015625e-07				
hotspot_other	reads.mqlt5_redundant_only	reads MAPQ<5: redundant only	-1	mafft_ginsi__all	4	0.18525	0.17804999999999999	0.2061	0.1989	4	-0.24164999999999998	-0.28405	-0.15974999999999998	3	0	1	0.25				
hotspot_other	reads.mqlt5_redundant_only	reads MAPQ<5: redundant only	-1	poa_abpoa	24	0.32165	0.25029999999999997	0.36365000000000003	0.32030833333333336	24	-0.04954999999999999	-0.12394999999999998	-0.013950000000000004	18	5	1	0.006032705307006836				
hotspot_other	reads.mqlt5_redundant_only	reads MAPQ<5: redundant only	-1	poa_abpoa__all	23	0.3976	0.31079999999999997	0.5077	0.4180739130434783	23	0.0252	-0.022799999999999987	0.046599999999999975	7	13	3	0.34881019592285156				
hotspot_other	reads.mqlt5_redundant_only	reads MAPQ<5: redundant only	-1	poa_spoa	24	0.3434	0.26232500000000003	0.42565	0.3415166666666667	24	-0.0242	-0.07652499999999998	0.0038749999999999896	16	7	1	0.011156558990478516				
hotspot_other	reads.mqlt5_redundant_only	reads MAPQ<5: redundant only	-1	poa_spoa__all	22	0.39565	0.303325	0.492875	0.4310363636363636	22	0.033250000000000016	-0.012150000000000022	0.08727500000000002	7	15	0	0.18697643280029297				
hotspot_other	reads.mqlt5_redundant_only	reads MAPQ<5: redundant only	-1	poa_abpoa_mc	24	0.259	0.175825	0.3333	0.2575541666666667	24	-0.10740000000000001	-0.18345	-0.05249999999999999	22	1	1	1.6689300537109375e-06				
hotspot_other	reads.mqlt5_redundant_only	reads MAPQ<5: redundant only	-1	poa_abpoa_mc__all	24	0.3342	0.2077	0.41425	0.34088333333333337	24	-0.02360000000000001	-0.043774999999999994	0.0	16	4	4	0.013616561889648438				
hotspot_other	reads.mqlt5_redundant_only	reads MAPQ<5: redundant only	-1	unit_aware	24	0.33935000000000004	0.238225	0.41137500000000005	0.3439541666666666	24	-0.027150000000000007	-0.06492499999999997	0.0	17	4	3	0.004878997802734375				
hotspot_other	reads.mqlt5_redundant_only	reads MAPQ<5: redundant only	-1	unit_aware__all	24	0.33814999999999995	0.247075	0.43162500000000004	0.36341249999999997	24	-0.020249999999999962	-0.06217499999999998	0.017324999999999993	15	8	1	0.16010499000549316				
hotspot_other	reads.mqlt5_ratio_mean	reads MAPQ<5: placements / max per path	-1	mc	24	2.5797499999999998	2.3659499999999998	3.0878	2.573754166666667												
hotspot_other	reads.mqlt5_ratio_mean	reads MAPQ<5: placements / max per path	-1	mafft_fftns2	24	2.2085999999999997	1.87675	2.78765	2.4092166666666666	24	-0.23544999999999994	-0.713875	0.08662500000000012	16	8	0	0.1355280876159668				
hotspot_other	reads.mqlt5_ratio_mean	reads MAPQ<5: placements / max per path	-1	mafft_fftns2__all	24	2.67815	2.0573	3.3415749999999997	2.8280666666666665	24	0.10739999999999994	-0.24622500000000014	0.790625	11	12	1	0.20015525817871094				
hotspot_other	reads.mqlt5_ratio_mean	reads MAPQ<5: placements / max per path	-1	mafft_fftnsi__all	17	2.514	2.0317	3.337	2.747970588235294	17	0.10940000000000016	-0.2783	0.7952000000000004	7	10	0	0.243499755859375				
hotspot_other	reads.mqlt5_ratio_mean	reads MAPQ<5: placements / max per path	-1	mafft_linsi	24	1.7191	1.5939	2.0145750000000002	1.8120541666666667	24	-0.8211999999999998	-1.139475	-0.3734249999999999	23	1	0	2.384185791015625e-07				
hotspot_other	reads.mqlt5_ratio_mean	reads MAPQ<5: placements / max per path	-1	mafft_linsi__all	6	1.88035	1.6317	2.04215	1.8068	6	-0.4961500000000001	-1.0062250000000001	-0.1957750000000001	6	0	0	0.03125				
hotspot_other	reads.mqlt5_ratio_mean	reads MAPQ<5: placements / max per path	-1	mafft_einsi	24	1.65025	1.5343749999999998	2.0469749999999998	1.7790916666666667	24	-0.7724	-1.3281250000000002	-0.21949999999999997	24	0	0	1.1920928955078125e-07				
hotspot_other	reads.mqlt5_ratio_mean	reads MAPQ<5: placements / max per path	-1	mafft_einsi__all	4	1.85585	1.7335	2.02115	1.8988	4	-0.8605	-1.34515	-0.232875	3	1	0	0.25				
hotspot_other	reads.mqlt5_ratio_mean	reads MAPQ<5: placements / max per path	-1	mafft_ginsi	24	1.7174	1.5084	2.030875	1.8094083333333335	24	-0.8241499999999999	-1.23315	-0.3934749999999999	23	1	0	2.384185791015625e-07				
hotspot_other	reads.mqlt5_ratio_mean	reads MAPQ<5: placements / max per path	-1	mafft_ginsi__all	4	1.86625	1.730475	1.9579499999999999	1.822175	4	-0.9144000000000001	-1.1795250000000002	-0.5290250000000001	4	0	0	0.125				
hotspot_other	reads.mqlt5_ratio_mean	reads MAPQ<5: placements / max per path	-1	poa_abpoa	24	2.1446	1.9419	2.45405	2.1989083333333332	24	-0.39344999999999986	-0.726775	-0.1549999999999997	20	4	0	0.00027811527252197266				
hotspot_other	reads.mqlt5_ratio_mean	reads MAPQ<5: placements / max per path	-1	poa_abpoa__all	23	2.9393	2.6931	3.36145	3.1185260869565217	23	0.49849999999999994	0.016800000000000148	0.7778999999999999	6	17	0	0.0011184215545654297				
hotspot_other	reads.mqlt5_ratio_mean	reads MAPQ<5: placements / max per path	-1	poa_spoa	24	2.4038500000000003	2.1625750000000004	2.6320750000000004	2.3787333333333334	24	-0.057800000000000074	-0.5963	0.06944999999999996	14	10	0	0.08392000198364258				
hotspot_other	reads.mqlt5_ratio_mean	reads MAPQ<5: placements / max per path	-1	poa_spoa__all	22	3.11745	2.9419	3.741025	3.383522727272727	22	0.5303	0.3644749999999999	1.186775	2	20	0	0.00014638900756835938				
hotspot_other	reads.mqlt5_ratio_mean	reads MAPQ<5: placements / max per path	-1	poa_abpoa_mc	24	1.8009	1.6954500000000001	2.18095	1.9095708333333334	24	-0.6579000000000002	-0.9059749999999999	-0.35917499999999986	24	0	0	1.1920928955078125e-07				
hotspot_other	reads.mqlt5_ratio_mean	reads MAPQ<5: placements / max per path	-1	poa_abpoa_mc__all	24	2.54195	2.3523	2.79685	2.5732166666666667	24	-0.03364999999999996	-0.18782500000000002	0.1433500000000001	13	11	0	0.6839864253997803				
hotspot_other	reads.mqlt5_ratio_mean	reads MAPQ<5: placements / max per path	-1	unit_aware	24	2.39015	2.16555	2.6420749999999997	2.401733333333333	24	-0.07340000000000013	-0.43520000000000003	0.11812500000000004	16	7	1	0.06981706619262695				
hotspot_other	reads.mqlt5_ratio_mean	reads MAPQ<5: placements / max per path	-1	unit_aware__all	24	2.5893499999999996	2.3731	2.99945	2.6833916666666666	24	0.03994999999999993	-0.3040750000000001	0.5626249999999999	9	14	1	0.3294053077697754				
hotspot_other	truth.truvari.pooled_raw_f1	pooled truvari F1 raw	1	mc	24	0.308951291967939			0.308951291967939									52	57	53	179
hotspot_other	truth.truvari.pooled_refined_f1	pooled truvari F1 refined	1	mc	24	0.9735655987330978			0.9735655987330978									108	1	222	10
hotspot_other	truth.truvari.pooled_phab_f1	pooled truvari F1 phab	1	mc	24	1.0			1.0									84	0	86	0
hotspot_other	truth.truvari.pooled_raw_f1	pooled truvari F1 raw	1	mafft_fftns2	24	0.31690140845070425			0.31690140845070425									45	64	45	130
hotspot_other	truth.truvari.pooled_refined_f1	pooled truvari F1 refined	1	mafft_fftns2	24	0.954100249663914			0.954100249663914									108	1	161	14
hotspot_other	truth.truvari.pooled_phab_f1	pooled truvari F1 phab	1	mafft_fftns2	24	1.0			1.0									85	0	87	0
hotspot_other	truth.truvari.pooled_raw_f1	pooled truvari F1 raw	1	mafft_fftns2__all	24	0.31114629056630927			0.31114629056630927									47	62	46	143
hotspot_other	truth.truvari.pooled_refined_f1	pooled truvari F1 refined	1	mafft_fftns2__all	24	0.964061005687824			0.964061005687824									107	2	179	10
hotspot_other	truth.truvari.pooled_phab_f1	pooled truvari F1 phab	1	mafft_fftns2__all	24	0.9946524064171123			0.9946524064171123									94	0	93	1
hotspot_other	truth.truvari.pooled_raw_f1	pooled truvari F1 raw	1	mafft_fftnsi__all	17	0.22278849654168184			0.22278849654168184									18	43	17	78
hotspot_other	truth.truvari.pooled_refined_f1	pooled truvari F1 refined	1	mafft_fftnsi__all	17	0.9273420783328682			0.9273420783328682									56	5	89	6
hotspot_other	truth.truvari.pooled_phab_f1	pooled truvari F1 phab	1	mafft_fftnsi__all	17	1.0			1.0									42	0	42	0
hotspot_other	truth.truvari.pooled_raw_f1	pooled truvari F1 raw	1	mafft_linsi	24	0.4007544657716632			0.4007544657716632									42	67	43	60
hotspot_other	truth.truvari.pooled_refined_f1	pooled truvari F1 refined	1	mafft_linsi	24	0.9713002017238217			0.9713002017238217									107	2	99	4
hotspot_other	truth.truvari.pooled_phab_f1	pooled truvari F1 phab	1	mafft_linsi	24	1.0			1.0									87	0	86	0
hotspot_other	truth.truvari.pooled_raw_f1	pooled truvari F1 raw	1	mafft_linsi__all	6	0.32558139534883723			0.32558139534883723									7	11	7	18
hotspot_other	truth.truvari.pooled_refined_f1	pooled truvari F1 refined	1	mafft_linsi__all	6	1.0			1.0									18	0	25	0
hotspot_other	truth.truvari.pooled_phab_f1	pooled truvari F1 phab	1	mafft_linsi__all	6	1.0			1.0									12	0	12	0
hotspot_other	truth.truvari.pooled_raw_f1	pooled truvari F1 raw	1	mafft_einsi	24	0.42340544424044063			0.42340544424044063									52	57	51	83
hotspot_other	truth.truvari.pooled_refined_f1	pooled truvari F1 refined	1	mafft_einsi	24	0.9146428170489841			0.9146428170489841									101	8	121	13
hotspot_other	truth.truvari.pooled_phab_f1	pooled truvari F1 phab	1	mafft_einsi	24	0.9937106918238994			0.9937106918238994									79	1	78	0
hotspot_other	truth.truvari.pooled_raw_f1	pooled truvari F1 raw	1	mafft_einsi__all	4	0.40816326530612246			0.40816326530612246									6	3	5	12
hotspot_other	truth.truvari.pooled_refined_f1	pooled truvari F1 refined	1	mafft_einsi__all	4	1.0			1.0									9	0	17	0
hotspot_other	truth.truvari.pooled_phab_f1	pooled truvari F1 phab	1	mafft_einsi__all	4	1.0			1.0									9	0	9	0
hotspot_other	truth.truvari.pooled_raw_f1	pooled truvari F1 raw	1	mafft_ginsi	24	0.40244969378827644			0.40244969378827644									46	63	45	72
hotspot_other	truth.truvari.pooled_refined_f1	pooled truvari F1 refined	1	mafft_ginsi	24	0.9818733530304241			0.9818733530304241									106	3	116	1
hotspot_other	truth.truvari.pooled_phab_f1	pooled truvari F1 phab	1	mafft_ginsi	24	1.0			1.0									84	0	83	0
hotspot_other	truth.truvari.pooled_raw_f1	pooled truvari F1 raw	1	mafft_ginsi__all	4	0.30769230769230765			0.30769230769230765									4	5	4	13
hotspot_other	truth.truvari.pooled_refined_f1	pooled truvari F1 refined	1	mafft_ginsi__all	4	1.0			1.0									9	0	17	0
hotspot_other	truth.truvari.pooled_phab_f1	pooled truvari F1 phab	1	mafft_ginsi__all	4	1.0			1.0									8	0	9	0
hotspot_other	truth.truvari.pooled_raw_f1	pooled truvari F1 raw	1	poa_abpoa	24	0.3291139240506329			0.3291139240506329									39	70	39	89
hotspot_other	truth.truvari.pooled_refined_f1	pooled truvari F1 refined	1	poa_abpoa	24	0.8459291248571066			0.8459291248571066									90	19	111	17
hotspot_other	truth.truvari.pooled_phab_f1	pooled truvari F1 phab	1	poa_abpoa	24	0.9796831314072693			0.9796831314072693									73	1	72	2
hotspot_other	truth.truvari.pooled_raw_f1	pooled truvari F1 raw	1	poa_abpoa__all	23	0.24355113264370826			0.24355113264370826									30	77	31	113
hotspot_other	truth.truvari.pooled_refined_f1	pooled truvari F1 refined	1	poa_abpoa__all	23	0.8033741715203857			0.8033741715203857									80	27	125	19
hotspot_other	truth.truvari.pooled_phab_f1	pooled truvari F1 phab	1	poa_abpoa__all	23	0.9859154929577465			0.9859154929577465									70	1	70	1
hotspot_other	truth.truvari.pooled_raw_f1	pooled truvari F1 raw	1	poa_spoa	24	0.1927247769389156			0.1927247769389156									26	83	27	140
hotspot_other	truth.truvari.pooled_refined_f1	pooled truvari F1 refined	1	poa_spoa	24	0.8269847038223926			0.8269847038223926									84	25	149	18
hotspot_other	truth.truvari.pooled_phab_f1	pooled truvari F1 phab	1	poa_spoa	24	0.9883720930232558			0.9883720930232558									85	2	87	0
hotspot_other	truth.truvari.pooled_raw_f1	pooled truvari F1 raw	1	poa_spoa__all	22	0.16094674556213018			0.16094674556213018									16	84	17	88
hotspot_other	truth.truvari.pooled_refined_f1	pooled truvari F1 refined	1	poa_spoa__all	22	0.9387341772151898			0.9387341772151898									90	10	103	2
hotspot_other	truth.truvari.pooled_phab_f1	pooled truvari F1 phab	1	poa_spoa__all	22	1.0			1.0									77	0	79	0
hotspot_other	truth.truvari.pooled_raw_f1	pooled truvari F1 raw	1	poa_abpoa_mc	24	0.4310344827586207			0.4310344827586207									50	59	50	73
hotspot_other	truth.truvari.pooled_refined_f1	pooled truvari F1 refined	1	poa_abpoa_mc	24	0.9145745027714379			0.9145745027714379									102	7	110	13
hotspot_other	truth.truvari.pooled_phab_f1	pooled truvari F1 phab	1	poa_abpoa_mc	24	0.9940828402366864			0.9940828402366864									83	0	84	1
hotspot_other	truth.truvari.pooled_raw_f1	pooled truvari F1 raw	1	poa_abpoa_mc__all	24	0.3834586466165414			0.3834586466165414									51	58	51	106
hotspot_other	truth.truvari.pooled_refined_f1	pooled truvari F1 refined	1	poa_abpoa_mc__all	24	0.8900774379839873			0.8900774379839873									99	10	137	20
hotspot_other	truth.truvari.pooled_phab_f1	pooled truvari F1 phab	1	poa_abpoa_mc__all	24	0.9936305732484078			0.9936305732484078									78	1	79	0
hotspot_other	truth.truvari.pooled_raw_f1	pooled truvari F1 raw	1	unit_aware	24	0.20289855072463767			0.20289855072463767									28	81	28	139
hotspot_other	truth.truvari.pooled_refined_f1	pooled truvari F1 refined	1	unit_aware	24	0.8945594902585466			0.8945594902585466									93	16	157	10
hotspot_other	truth.truvari.pooled_phab_f1	pooled truvari F1 phab	1	unit_aware	24	1.0			1.0									81	0	81	0
hotspot_other	truth.truvari.pooled_raw_f1	pooled truvari F1 raw	1	unit_aware__all	24	0.18248175182481752			0.18248175182481752									25	84	25	140
hotspot_other	truth.truvari.pooled_refined_f1	pooled truvari F1 refined	1	unit_aware__all	24	0.9047604450847562			0.9047604450847562									94	15	157	8
hotspot_other	truth.truvari.pooled_phab_f1	pooled truvari F1 phab	1	unit_aware__all	24	1.0			1.0									81	0	82	0
control_nontr_sv	size.nodes_per_kb	nodes / CHM13 kb	-1	mc	20	48.675	33.6825	59.4725	55.947500000000005												
control_nontr_sv	size.nodes_per_kb	nodes / CHM13 kb	-1	mafft_fftns2	20	17.345	9.014999999999999	28.1175	27.419	20	-25.765	-31.575000000000003	-22.619999999999997	20	0	0	1.9073486328125e-06				
control_nontr_sv	size.nodes_per_kb	nodes / CHM13 kb	-1	mafft_fftns2__all	20	17.345	9.014999999999999	29.3275	27.6205	20	-25.765	-31.575000000000003	-21.2625	20	0	0	1.9073486328125e-06				
control_nontr_sv	size.nodes_per_kb	nodes / CHM13 kb	-1	mafft_fftnsi__all	20	17.345	9.014999999999999	29.2125	27.492	20	-25.765	-31.575000000000003	-22.619999999999997	20	0	0	1.9073486328125e-06				
control_nontr_sv	size.nodes_per_kb	nodes / CHM13 kb	-1	mafft_linsi	20	22.91	10.6875	43.875	54.225	20	-23.79	-28.612499999999997	-14.67	17	3	0	0.07427787780761719				
control_nontr_sv	size.nodes_per_kb	nodes / CHM13 kb	-1	mafft_linsi__all	20	22.39	10.6875	43.875	54.157000000000004	20	-23.79	-28.612499999999997	-14.67	17	3	0	0.07427787780761719				
control_nontr_sv	size.nodes_per_kb	nodes / CHM13 kb	-1	mafft_einsi	20	17.665	9.014999999999999	28.5225	27.651	20	-25.765	-31.35	-22.222499999999997	20	0	0	1.9073486328125e-06				
control_nontr_sv	size.nodes_per_kb	nodes / CHM13 kb	-1	mafft_einsi__all	20	17.665	9.014999999999999	28.5225	27.701999999999998	20	-25.765	-31.35	-21.847499999999997	20	0	0	1.9073486328125e-06				
control_nontr_sv	size.nodes_per_kb	nodes / CHM13 kb	-1	mafft_ginsi	20	22.91	10.6875	43.875	54.1105	20	-23.79	-28.612499999999997	-14.67	17	3	0	0.07427787780761719				
control_nontr_sv	size.nodes_per_kb	nodes / CHM13 kb	-1	mafft_ginsi__all	20	22.39	10.6875	43.875	54.096500000000006	20	-23.79	-28.612499999999997	-14.67	17	3	0	0.07427787780761719				
control_nontr_sv	size.nodes_per_kb	nodes / CHM13 kb	-1	poa_abpoa	20	17.665	9.014999999999999	28.5225	27.6505	20	-25.765	-31.35	-22.222499999999997	20	0	0	1.9073486328125e-06				
control_nontr_sv	size.nodes_per_kb	nodes / CHM13 kb	-1	poa_abpoa__all	20	17.665	9.014999999999999	29.6025	27.7965	20	-25.765	-31.35	-22.222499999999997	20	0	0	1.9073486328125e-06				
control_nontr_sv	size.nodes_per_kb	nodes / CHM13 kb	-1	poa_spoa	20	17.665	9.014999999999999	28.5225	27.3885	20	-26.465	-31.35	-22.222499999999997	20	0	0	1.9073486328125e-06				
control_nontr_sv	size.nodes_per_kb	nodes / CHM13 kb	-1	poa_spoa__all	20	17.665	9.014999999999999	29.6025	27.586000000000002	20	-26.465	-31.35	-22.222499999999997	20	0	0	1.9073486328125e-06				
control_nontr_sv	size.nodes_per_kb	nodes / CHM13 kb	-1	poa_abpoa_mc	20	17.665	9.014999999999999	28.5225	27.6505	20	-25.765	-31.35	-22.222499999999997	20	0	0	1.9073486328125e-06				
control_nontr_sv	size.nodes_per_kb	nodes / CHM13 kb	-1	poa_abpoa_mc__all	20	17.665	9.014999999999999	29.9675	27.8695	20	-25.765	-31.35	-22.222499999999997	20	0	0	1.9073486328125e-06				
control_nontr_sv	size.nodes_per_kb	nodes / CHM13 kb	-1	unit_aware	20	22.91	10.6875	43.875	54.225	20	-23.79	-28.612499999999997	-14.67	17	3	0	0.07427787780761719				
control_nontr_sv	size.nodes_per_kb	nodes / CHM13 kb	-1	unit_aware__all	20	22.39	10.6875	43.875	54.157000000000004	20	-23.79	-28.612499999999997	-14.67	17	3	0	0.07427787780761719				
control_nontr_sv	size.node_len_mean	mean node bp	1	mc	20	27.026	20.683500000000002	37.13475	31.886950000000002												
control_nontr_sv	size.node_len_mean	mean node bp	1	mafft_fftns2	20	84.4585	46.10725	143.78175	109.6577	20	57.158500000000004	25.678	97.88375	20	0	0	1.9073486328125e-06				
control_nontr_sv	size.node_len_mean	mean node bp	1	mafft_fftns2__all	20	84.4585	44.33275	143.78175	109.37960000000001	20	57.158500000000004	23.20875	97.88375	20	0	0	1.9073486328125e-06				
control_nontr_sv	size.node_len_mean	mean node bp	1	mafft_fftnsi__all	20	84.4585	44.34475	143.78175	109.5402	20	57.158500000000004	23.9155	97.88375	20	0	0	1.9073486328125e-06				
control_nontr_sv	size.node_len_mean	mean node bp	1	mafft_linsi	20	62.8465	31.025999999999996	112.39275	94.58645	20	39.797000000000004	8.819749999999999	77.3945	17	3	0	0.0007076263427734375				
control_nontr_sv	size.node_len_mean	mean node bp	1	mafft_linsi__all	20	63.4095	31.025999999999996	112.39275	94.51465	20	39.797000000000004	8.819749999999999	77.3945	17	3	0	0.0007076263427734375				
control_nontr_sv	size.node_len_mean	mean node bp	1	mafft_einsi	20	81.6015	46.09525	143.78175	109.09960000000001	20	55.6345	25.252499999999998	97.88375	20	0	0	1.9073486328125e-06				
control_nontr_sv	size.node_len_mean	mean node bp	1	mafft_einsi__all	20	78.6875	46.09525	143.78175	108.44035000000001	20	51.6625	25.252499999999998	97.88375	20	0	0	1.9073486328125e-06				
control_nontr_sv	size.node_len_mean	mean node bp	1	mafft_ginsi	20	62.8465	31.025999999999996	112.39275	94.5917	20	39.797000000000004	8.819749999999999	77.3945	17	3	0	0.0007076263427734375				
control_nontr_sv	size.node_len_mean	mean node bp	1	mafft_ginsi__all	20	63.4095	31.025999999999996	112.39275	94.51675	20	39.797000000000004	8.819749999999999	77.3945	17	3	0	0.0007076263427734375				
control_nontr_sv	size.node_len_mean	mean node bp	1	poa_abpoa	20	82.3765	46.09525	143.78175	108.80924999999999	20	55.3515	25.252499999999998	97.88375	20	0	0	1.9073486328125e-06				
control_nontr_sv	size.node_len_mean	mean node bp	1	poa_abpoa__all	20	82.3765	42.595	143.78175	108.5759	20	55.3515	21.752249999999997	97.88375	20	0	0	1.9073486328125e-06				
control_nontr_sv	size.node_len_mean	mean node bp	1	poa_spoa	20	82.5625	46.09525	143.78175	109.26079999999999	20	57.158500000000004	25.252499999999998	97.88375	20	0	0	1.9073486328125e-06				
control_nontr_sv	size.node_len_mean	mean node bp	1	poa_spoa__all	20	82.3765	42.595	143.78175	108.5847	20	55.3515	21.752249999999997	97.88375	20	0	0	1.9073486328125e-06				
control_nontr_sv	size.node_len_mean	mean node bp	1	poa_abpoa_mc	20	82.3765	46.09525	143.78175	108.80924999999999	20	55.3515	25.252499999999998	97.88375	20	0	0	1.9073486328125e-06				
control_nontr_sv	size.node_len_mean	mean node bp	1	poa_abpoa_mc__all	20	82.3765	41.152	143.78175	108.47970000000001	20	55.3515	20.30925	97.88375	20	0	0	1.9073486328125e-06				
control_nontr_sv	size.node_len_mean	mean node bp	1	unit_aware	20	62.8465	31.025999999999996	112.39275	94.58645	20	39.797000000000004	8.819749999999999	77.3945	17	3	0	0.0007076263427734375				
control_nontr_sv	size.node_len_mean	mean node bp	1	unit_aware__all	20	63.4095	31.025999999999996	112.39275	94.51465	20	39.797000000000004	8.819749999999999	77.3945	17	3	0	0.0007076263427734375				
control_nontr_sv	size.node_len_median	median node bp	1	mc	20	1.0	1.0	2.0	1.95												
control_nontr_sv	size.node_len_median	median node bp	1	mafft_fftns2	20	2.0	1.0	36.625	57.175	20	1.0	0.0	35.625	10	2	8	0.0048828125				
control_nontr_sv	size.node_len_median	median node bp	1	mafft_fftns2__all	20	2.5	1.0	36.5	57.275	20	1.5	0.0	35.5	12	1	7	0.002197265625				
control_nontr_sv	size.node_len_median	median node bp	1	mafft_fftnsi__all	20	2.5	1.0	36.5	57.225	20	1.5	0.0	35.5	12	2	6	0.0032958984375				
control_nontr_sv	size.node_len_median	median node bp	1	mafft_linsi	20	1.75	1.0	36.625	56.925	20	0.5	0.0	35.625	10	2	8	0.0048828125				
control_nontr_sv	size.node_len_median	median node bp	1	mafft_linsi__all	20	2.0	1.0	36.625	56.975	20	1.0	0.0	35.625	11	2	7	0.003173828125				
control_nontr_sv	size.node_len_median	median node bp	1	mafft_einsi	20	2.25	1.0	36.625	57.225	20	1.0	0.0	35.625	10	2	8	0.0048828125				
control_nontr_sv	size.node_len_median	median node bp	1	mafft_einsi__all	20	2.5	1.0	36.625	57.05	20	1.5	0.0	35.625	11	2	7	0.00341796875				
control_nontr_sv	size.node_len_median	median node bp	1	mafft_ginsi	20	1.75	1.0	36.625	56.925	20	0.5	0.0	35.625	10	2	8	0.0048828125				
control_nontr_sv	size.node_len_median	median node bp	1	mafft_ginsi__all	20	2.0	1.0	36.625	56.975	20	1.0	0.0	35.625	11	2	7	0.003173828125				
control_nontr_sv	size.node_len_median	median node bp	1	poa_abpoa	20	2.5	1.0	36.625	57.025	20	1.5	0.0	35.625	11	2	7	0.00341796875				
control_nontr_sv	size.node_len_median	median node bp	1	poa_abpoa__all	20	2.5	1.0	36.625	57.025	20	1.5	0.0	35.625	11	2	7	0.00341796875				
control_nontr_sv	size.node_len_median	median node bp	1	poa_spoa	20	2.5	1.0	36.625	57.275	20	1.5	0.0	35.625	11	2	7	0.00341796875				
control_nontr_sv	size.node_len_median	median node bp	1	poa_spoa__all	20	2.5	1.0	36.625	57.025	20	1.5	0.0	35.625	11	2	7	0.00341796875				
control_nontr_sv	size.node_len_median	median node bp	1	poa_abpoa_mc	20	2.5	1.0	36.625	57.025	20	1.5	0.0	35.625	11	2	7	0.00341796875				
control_nontr_sv	size.node_len_median	median node bp	1	poa_abpoa_mc__all	20	2.5	1.0	36.625	57.025	20	1.5	0.0	35.625	11	2	7	0.00341796875				
control_nontr_sv	size.node_len_median	median node bp	1	unit_aware	20	1.75	1.0	36.625	56.925	20	0.5	0.0	35.625	10	2	8	0.0048828125				
control_nontr_sv	size.node_len_median	median node bp	1	unit_aware__all	20	2.0	1.0	36.625	56.975	20	1.0	0.0	35.625	11	2	7	0.003173828125				
control_nontr_sv	size.node_frac_1bp	frac 1-bp nodes	-1	mc	20	0.5218499999999999	0.47467499999999996	0.573	0.529355												
control_nontr_sv	size.node_frac_1bp	frac 1-bp nodes	-1	mafft_fftns2	20	0.5119	0.44045	0.573275	0.47161	20	-0.03964999999999996	-0.11020000000000002	0.03669999999999993	11	9	0	0.11398696899414062				
control_nontr_sv	size.node_frac_1bp	frac 1-bp nodes	-1	mafft_fftns2__all	20	0.5	0.44045	0.542825	0.46330499999999997	20	-0.04604999999999998	-0.115775	0.031049999999999967	12	8	0	0.05204582214355469				
control_nontr_sv	size.node_frac_1bp	frac 1-bp nodes	-1	mafft_fftnsi__all	20	0.5	0.44045	0.542825	0.46558	20	-0.04604999999999998	-0.115775	0.03669999999999993	12	8	0	0.06817245483398438				
control_nontr_sv	size.node_frac_1bp	frac 1-bp nodes	-1	mafft_linsi	20	0.5	0.4286	0.573275	0.46630000000000005	20	-0.03024999999999997	-0.13295	0.02394999999999997	12	8	0	0.0758514404296875				
control_nontr_sv	size.node_frac_1bp	frac 1-bp nodes	-1	mafft_linsi__all	20	0.5	0.4286	0.581	0.467645	20	-0.03024999999999997	-0.13515000000000002	0.027749999999999997	12	8	0	0.10539817810058594				
control_nontr_sv	size.node_frac_1bp	frac 1-bp nodes	-1	mafft_einsi	20	0.5	0.4286	0.542825	0.4643	20	-0.03964999999999996	-0.13295	0.026100000000000012	12	8	0	0.058258056640625				
control_nontr_sv	size.node_frac_1bp	frac 1-bp nodes	-1	mafft_einsi__all	20	0.5	0.425625	0.542825	0.459135	20	-0.04604999999999998	-0.13515000000000002	0.02394999999999997	13	7	0	0.03276824951171875				
control_nontr_sv	size.node_frac_1bp	frac 1-bp nodes	-1	mafft_ginsi	20	0.5	0.4286	0.573275	0.46609	20	-0.03109999999999999	-0.13295	0.02394999999999997	12	8	0	0.0758514404296875				
control_nontr_sv	size.node_frac_1bp	frac 1-bp nodes	-1	mafft_ginsi__all	20	0.5	0.4286	0.581	0.46756000000000003	20	-0.03109999999999999	-0.13515000000000002	0.027749999999999997	12	8	0	0.10539817810058594				
control_nontr_sv	size.node_frac_1bp	frac 1-bp nodes	-1	poa_abpoa	20	0.5	0.4286	0.573275	0.463655	20	-0.03964999999999996	-0.13515000000000002	0.02394999999999997	12	8	0	0.069580078125				
control_nontr_sv	size.node_frac_1bp	frac 1-bp nodes	-1	poa_abpoa__all	20	0.5	0.4286	0.5714	0.46327999999999997	20	-0.03964999999999996	-0.13515000000000002	0.02394999999999997	12	8	0	0.06372261047363281				
control_nontr_sv	size.node_frac_1bp	frac 1-bp nodes	-1	poa_spoa	20	0.5	0.4286	0.573275	0.46508000000000005	20	-0.03964999999999996	-0.13515000000000002	0.026100000000000012	12	8	0	0.0758514404296875				
control_nontr_sv	size.node_frac_1bp	frac 1-bp nodes	-1	poa_spoa__all	20	0.5	0.4286	0.5714	0.46243	20	-0.03964999999999996	-0.13515000000000002	0.02394999999999997	13	7	0	0.058258056640625				
control_nontr_sv	size.node_frac_1bp	frac 1-bp nodes	-1	poa_abpoa_mc	20	0.5	0.4286	0.542825	0.46102499999999996	20	-0.03964999999999996	-0.13515000000000002	0.02394999999999997	13	7	0	0.04405403137207031				
control_nontr_sv	size.node_frac_1bp	frac 1-bp nodes	-1	poa_abpoa_mc__all	20	0.5	0.4286	0.551975	0.461985	20	-0.03964999999999996	-0.13515000000000002	0.02394999999999997	13	7	0	0.05316925048828125				
control_nontr_sv	size.node_frac_1bp	frac 1-bp nodes	-1	unit_aware	20	0.5	0.4286	0.573275	0.46630000000000005	20	-0.03024999999999997	-0.13295	0.02394999999999997	12	8	0	0.0758514404296875				
control_nontr_sv	size.node_frac_1bp	frac 1-bp nodes	-1	unit_aware__all	20	0.5	0.4286	0.581	0.467645	20	-0.03024999999999997	-0.13515000000000002	0.027749999999999997	12	8	0	0.10539817810058594				
control_nontr_sv	size.edges_per_kb	edges / CHM13 kb	-1	mc	20	55.010000000000005	36.2125	70.0175	65.159												
control_nontr_sv	size.edges_per_kb	edges / CHM13 kb	-1	mafft_fftns2	20	22.375	11.9375	38.055	36.628499999999995	20	-25.475	-31.567500000000003	-22.62	20	0	0	1.9073486328125e-06				
control_nontr_sv	size.edges_per_kb	edges / CHM13 kb	-1	mafft_fftns2__all	20	22.375	11.9375	40.1075	36.8945	20	-25.475	-31.567500000000003	-20.294999999999995	20	0	0	1.9073486328125e-06				
control_nontr_sv	size.edges_per_kb	edges / CHM13 kb	-1	mafft_fftnsi__all	20	22.375	11.9375	38.42	36.701499999999996	20	-25.475	-31.567500000000003	-22.62	20	0	0	1.9073486328125e-06				
control_nontr_sv	size.edges_per_kb	edges / CHM13 kb	-1	mafft_linsi	20	32.36	12.934999999999999	61.3625	72.3895	20	-23.775	-28.61	-14.677499999999998	17	3	0	0.0758514404296875				
control_nontr_sv	size.edges_per_kb	edges / CHM13 kb	-1	mafft_linsi__all	20	31.839999999999996	12.934999999999999	61.3625	72.2675	20	-23.775	-28.61	-14.677499999999998	17	3	0	0.0758514404296875				
control_nontr_sv	size.edges_per_kb	edges / CHM13 kb	-1	mafft_einsi	20	22.375	11.9375	38.055	36.86	20	-25.475	-31.3425	-22.222499999999997	20	0	0	1.9073486328125e-06				
control_nontr_sv	size.edges_per_kb	edges / CHM13 kb	-1	mafft_einsi__all	20	22.375	11.9375	38.055	36.9625	20	-25.080000000000002	-31.3425	-21.0825	20	0	0	1.9073486328125e-06				
control_nontr_sv	size.edges_per_kb	edges / CHM13 kb	-1	mafft_ginsi	20	32.36	12.934999999999999	61.3625	72.221	20	-23.775	-28.61	-14.677499999999998	17	3	0	0.0758514404296875				
control_nontr_sv	size.edges_per_kb	edges / CHM13 kb	-1	mafft_ginsi__all	20	31.839999999999996	12.934999999999999	61.3625	72.20700000000001	20	-23.775	-28.61	-14.677499999999998	17	3	0	0.0758514404296875				
control_nontr_sv	size.edges_per_kb	edges / CHM13 kb	-1	poa_abpoa	20	22.375	11.9375	38.055	36.8595	20	-25.080000000000002	-31.3425	-22.222499999999997	20	0	0	1.9073486328125e-06				
control_nontr_sv	size.edges_per_kb	edges / CHM13 kb	-1	poa_abpoa__all	20	22.375	11.9375	38.7675	37.0785	20	-25.080000000000002	-31.3425	-22.222499999999997	20	0	0	1.9073486328125e-06				
control_nontr_sv	size.edges_per_kb	edges / CHM13 kb	-1	poa_spoa	20	22.375	11.9375	38.055	36.597500000000004	20	-26.465	-31.3425	-22.222499999999997	20	0	0	1.9073486328125e-06				
control_nontr_sv	size.edges_per_kb	edges / CHM13 kb	-1	poa_spoa__all	20	22.375	11.9375	38.7675	36.868	20	-26.465	-31.3425	-22.222499999999997	20	0	0	1.9073486328125e-06				
control_nontr_sv	size.edges_per_kb	edges / CHM13 kb	-1	poa_abpoa_mc	20	22.375	11.9375	38.055	36.8595	20	-25.080000000000002	-31.3425	-22.222499999999997	20	0	0	1.9073486328125e-06				
control_nontr_sv	size.edges_per_kb	edges / CHM13 kb	-1	poa_abpoa_mc__all	20	22.375	11.9375	38.7675	37.1515	20	-25.080000000000002	-31.3425	-22.222499999999997	20	0	0	1.9073486328125e-06				
control_nontr_sv	size.edges_per_kb	edges / CHM13 kb	-1	unit_aware	20	32.36	12.934999999999999	61.3625	72.3895	20	-23.775	-28.61	-14.677499999999998	17	3	0	0.0758514404296875				
control_nontr_sv	size.edges_per_kb	edges / CHM13 kb	-1	unit_aware__all	20	31.839999999999996	12.934999999999999	61.3625	72.2675	20	-23.775	-28.61	-14.677499999999998	17	3	0	0.0758514404296875				
control_nontr_sv	size.bubbles	top-level bubbles	0	mc	20	3.5	2.0	5.5	5.7												
control_nontr_sv	size.bubbles	top-level bubbles	0	mafft_fftns2	20	3.5	2.0	5.5	5.7	20	0.0	0.0	0.0			18	1.0				
control_nontr_sv	size.bubbles	top-level bubbles	0	mafft_fftns2__all	20	3.5	2.0	5.5	5.7	20	0.0	0.0	0.0			18	1.0				
control_nontr_sv	size.bubbles	top-level bubbles	0	mafft_fftnsi__all	20	3.5	2.0	5.5	5.7	20	0.0	0.0	0.0			18	1.0				
control_nontr_sv	size.bubbles	top-level bubbles	0	mafft_linsi	20	4.0	2.75	9.5	14.95	20	0.0	0.0	0.25			14	0.125				
control_nontr_sv	size.bubbles	top-level bubbles	0	mafft_linsi__all	20	4.0	2.75	9.5	14.9	20	0.0	0.0	0.25			14	0.125				
control_nontr_sv	size.bubbles	top-level bubbles	0	mafft_einsi	20	3.5	2.0	5.5	5.7	20	0.0	0.0	0.0			18	1.0				
control_nontr_sv	size.bubbles	top-level bubbles	0	mafft_einsi__all	20	3.5	2.0	5.5	5.7	20	0.0	0.0	0.0			18	1.0				
control_nontr_sv	size.bubbles	top-level bubbles	0	mafft_ginsi	20	4.0	2.75	9.5	14.95	20	0.0	0.0	0.25			14	0.125				
control_nontr_sv	size.bubbles	top-level bubbles	0	mafft_ginsi__all	20	4.0	2.75	9.5	14.9	20	0.0	0.0	0.25			14	0.125				
control_nontr_sv	size.bubbles	top-level bubbles	0	poa_abpoa	20	3.5	2.0	5.5	5.75	20	0.0	0.0	0.0			17	1.0				
control_nontr_sv	size.bubbles	top-level bubbles	0	poa_abpoa__all	20	3.5	2.0	5.5	5.8	20	0.0	0.0	0.0			18	0.5				
control_nontr_sv	size.bubbles	top-level bubbles	0	poa_spoa	20	3.5	2.0	5.5	5.7	20	0.0	0.0	0.0			18	1.0				
control_nontr_sv	size.bubbles	top-level bubbles	0	poa_spoa__all	20	3.5	2.0	5.5	5.8	20	0.0	0.0	0.0			18	0.5				
control_nontr_sv	size.bubbles	top-level bubbles	0	poa_abpoa_mc	20	3.5	2.0	5.5	5.75	20	0.0	0.0	0.0			17	1.0				
control_nontr_sv	size.bubbles	top-level bubbles	0	poa_abpoa_mc__all	20	3.5	2.0	5.5	5.8	20	0.0	0.0	0.0			18	0.5				
control_nontr_sv	size.bubbles	top-level bubbles	0	unit_aware	20	4.0	2.75	9.5	14.95	20	0.0	0.0	0.25			14	0.125				
control_nontr_sv	size.bubbles	top-level bubbles	0	unit_aware__all	20	4.0	2.75	9.5	14.9	20	0.0	0.0	0.25			14	0.125				
control_nontr_sv	size.largest_bubble_alleles	alleles, largest bubble	0	mc	20	3.0	2.0	5.25	3.9												
control_nontr_sv	size.largest_bubble_alleles	alleles, largest bubble	0	mafft_fftns2	20	3.0	2.0	5.25	3.9	20	0.0	0.0	0.0			20					
control_nontr_sv	size.largest_bubble_alleles	alleles, largest bubble	0	mafft_fftns2__all	20	3.0	2.0	5.25	3.9	20	0.0	0.0	0.0			20					
control_nontr_sv	size.largest_bubble_alleles	alleles, largest bubble	0	mafft_fftnsi__all	20	3.0	2.0	5.25	3.9	20	0.0	0.0	0.0			20					
control_nontr_sv	size.largest_bubble_alleles	alleles, largest bubble	0	mafft_linsi	20	3.0	2.0	5.25	3.85	20	0.0	0.0	0.0			19	1.0				
control_nontr_sv	size.largest_bubble_alleles	alleles, largest bubble	0	mafft_linsi__all	20	3.0	2.0	5.25	3.85	20	0.0	0.0	0.0			19	1.0				
control_nontr_sv	size.largest_bubble_alleles	alleles, largest bubble	0	mafft_einsi	20	3.0	2.0	5.25	3.9	20	0.0	0.0	0.0			20					
control_nontr_sv	size.largest_bubble_alleles	alleles, largest bubble	0	mafft_einsi__all	20	3.0	2.0	5.25	3.95	20	0.0	0.0	0.0			19	1.0				
control_nontr_sv	size.largest_bubble_alleles	alleles, largest bubble	0	mafft_ginsi	20	3.0	2.0	5.25	3.85	20	0.0	0.0	0.0			19	1.0				
control_nontr_sv	size.largest_bubble_alleles	alleles, largest bubble	0	mafft_ginsi__all	20	3.0	2.0	5.25	3.85	20	0.0	0.0	0.0			19	1.0				
control_nontr_sv	size.largest_bubble_alleles	alleles, largest bubble	0	poa_abpoa	20	3.0	2.0	5.25	3.85	20	0.0	0.0	0.0			19	1.0				
control_nontr_sv	size.largest_bubble_alleles	alleles, largest bubble	0	poa_abpoa__all	20	3.0	2.0	5.25	3.85	20	0.0	0.0	0.0			19	1.0				
control_nontr_sv	size.largest_bubble_alleles	alleles, largest bubble	0	poa_spoa	20	3.0	2.0	5.25	3.9	20	0.0	0.0	0.0			20					
control_nontr_sv	size.largest_bubble_alleles	alleles, largest bubble	0	poa_spoa__all	20	3.0	2.0	5.25	3.85	20	0.0	0.0	0.0			19	1.0				
control_nontr_sv	size.largest_bubble_alleles	alleles, largest bubble	0	poa_abpoa_mc	20	3.0	2.0	5.25	3.85	20	0.0	0.0	0.0			19	1.0				
control_nontr_sv	size.largest_bubble_alleles	alleles, largest bubble	0	poa_abpoa_mc__all	20	3.0	2.0	5.25	3.85	20	0.0	0.0	0.0			19	1.0				
control_nontr_sv	size.largest_bubble_alleles	alleles, largest bubble	0	unit_aware	20	3.0	2.0	5.25	3.85	20	0.0	0.0	0.0			19	1.0				
control_nontr_sv	size.largest_bubble_alleles	alleles, largest bubble	0	unit_aware__all	20	3.0	2.0	5.25	3.85	20	0.0	0.0	0.0			19	1.0				
control_nontr_sv	size.distinct_walks	distinct walks	0	mc	20	4.5	3.0	7.25	5.3												
control_nontr_sv	size.distinct_walks	distinct walks	0	mafft_fftns2	20	4.5	3.0	7.25	5.3	20	0.0	0.0	0.0			20					
control_nontr_sv	size.distinct_walks	distinct walks	0	mafft_fftns2__all	20	4.5	3.0	7.25	5.3	20	0.0	0.0	0.0			20					
control_nontr_sv	size.distinct_walks	distinct walks	0	mafft_fftnsi__all	20	4.5	3.0	7.25	5.3	20	0.0	0.0	0.0			20					
control_nontr_sv	size.distinct_walks	distinct walks	0	mafft_linsi	20	4.5	3.0	7.25	5.3	20	0.0	0.0	0.0			20					
control_nontr_sv	size.distinct_walks	distinct walks	0	mafft_linsi__all	20	4.5	3.0	7.25	5.3	20	0.0	0.0	0.0			20					
control_nontr_sv	size.distinct_walks	distinct walks	0	mafft_einsi	20	4.5	3.0	7.25	5.3	20	0.0	0.0	0.0			20					
control_nontr_sv	size.distinct_walks	distinct walks	0	mafft_einsi__all	20	4.5	3.0	7.25	5.3	20	0.0	0.0	0.0			20					
control_nontr_sv	size.distinct_walks	distinct walks	0	mafft_ginsi	20	4.5	3.0	7.25	5.3	20	0.0	0.0	0.0			20					
control_nontr_sv	size.distinct_walks	distinct walks	0	mafft_ginsi__all	20	4.5	3.0	7.25	5.3	20	0.0	0.0	0.0			20					
control_nontr_sv	size.distinct_walks	distinct walks	0	poa_abpoa	20	4.5	3.0	7.25	5.3	20	0.0	0.0	0.0			20					
control_nontr_sv	size.distinct_walks	distinct walks	0	poa_abpoa__all	20	4.5	3.0	7.25	5.3	20	0.0	0.0	0.0			20					
control_nontr_sv	size.distinct_walks	distinct walks	0	poa_spoa	20	4.5	3.0	7.25	5.3	20	0.0	0.0	0.0			20					
control_nontr_sv	size.distinct_walks	distinct walks	0	poa_spoa__all	20	4.5	3.0	7.25	5.3	20	0.0	0.0	0.0			20					
control_nontr_sv	size.distinct_walks	distinct walks	0	poa_abpoa_mc	20	4.5	3.0	7.25	5.3	20	0.0	0.0	0.0			20					
control_nontr_sv	size.distinct_walks	distinct walks	0	poa_abpoa_mc__all	20	4.5	3.0	7.25	5.3	20	0.0	0.0	0.0			20					
control_nontr_sv	size.distinct_walks	distinct walks	0	unit_aware	20	4.5	3.0	7.25	5.3	20	0.0	0.0	0.0			20					
control_nontr_sv	size.distinct_walks	distinct walks	0	unit_aware__all	20	4.5	3.0	7.25	5.3	20	0.0	0.0	0.0			20					
control_nontr_sv	alignment.all_cost_over_opt	cost/opt, all pairs	-1	mc	20	1.0000499999999999	1.0	1.001525	1.00176												
control_nontr_sv	alignment.all_cost_over_opt	cost/opt, all pairs	-1	mafft_fftns2	20	1.0	1.0	1.001525	1.002085	20	0.0	0.0	0.0	2	1	17	1.0				
control_nontr_sv	alignment.all_cost_over_opt	cost/opt, all pairs	-1	mafft_fftns2__all	20	1.0	1.0	1.0026249999999999	1.00227	20	0.0	0.0	0.0	2	2	16	0.625				
control_nontr_sv	alignment.all_cost_over_opt	cost/opt, all pairs	-1	mafft_fftnsi__all	20	1.0	1.0	1.001525	1.002085	20	0.0	0.0	0.0	2	1	17	1.0				
control_nontr_sv	alignment.all_cost_over_opt	cost/opt, all pairs	-1	mafft_linsi	20	1.0000499999999999	1.0	1.0042	1.018905	20	0.0	0.0	4.999999999999449e-05	2	5	13	0.09375				
control_nontr_sv	alignment.all_cost_over_opt	cost/opt, all pairs	-1	mafft_linsi__all	20	1.0000499999999999	1.0	1.0042	1.018575	20	0.0	0.0	4.999999999999449e-05	2	5	13	0.09375				
control_nontr_sv	alignment.all_cost_over_opt	cost/opt, all pairs	-1	mafft_einsi	20	1.0	1.0	1.001525	1.002085	20	0.0	0.0	0.0	2	1	17	1.0				
control_nontr_sv	alignment.all_cost_over_opt	cost/opt, all pairs	-1	mafft_einsi__all	20	1.0	1.0	1.001525	1.002085	20	0.0	0.0	0.0	2	1	17	1.0				
control_nontr_sv	alignment.all_cost_over_opt	cost/opt, all pairs	-1	mafft_ginsi	20	1.0000499999999999	1.0	1.0042	1.018905	20	0.0	0.0	4.999999999999449e-05	2	5	13	0.09375				
control_nontr_sv	alignment.all_cost_over_opt	cost/opt, all pairs	-1	mafft_ginsi__all	20	1.0000499999999999	1.0	1.0042	1.018575	20	0.0	0.0	4.999999999999449e-05	2	5	13	0.09375				
control_nontr_sv	alignment.all_cost_over_opt	cost/opt, all pairs	-1	poa_abpoa	20	1.0	1.0	1.001525	1.002095	20	0.0	0.0	0.0	2	2	16	0.75				
control_nontr_sv	alignment.all_cost_over_opt	cost/opt, all pairs	-1	poa_abpoa__all	20	1.0000499999999999	1.0	1.001525	1.0021	20	0.0	0.0	0.0	1	2	17	0.75				
control_nontr_sv	alignment.all_cost_over_opt	cost/opt, all pairs	-1	poa_spoa	20	1.0	1.0	1.001525	1.001745	20	0.0	0.0	0.0	2	0	18	0.5				
control_nontr_sv	alignment.all_cost_over_opt	cost/opt, all pairs	-1	poa_spoa__all	20	1.0000499999999999	1.0	1.001525	1.00176	20	0.0	0.0	0.0	1	1	18	1.0				
control_nontr_sv	alignment.all_cost_over_opt	cost/opt, all pairs	-1	poa_abpoa_mc	20	1.0	1.0	1.001525	1.002095	20	0.0	0.0	0.0	2	2	16	0.75				
control_nontr_sv	alignment.all_cost_over_opt	cost/opt, all pairs	-1	poa_abpoa_mc__all	20	1.0000499999999999	1.0	1.0026249999999999	1.0023300000000002	20	0.0	0.0	0.0	1	3	16	0.375				
control_nontr_sv	alignment.all_cost_over_opt	cost/opt, all pairs	-1	unit_aware	20	1.0000499999999999	1.0	1.0042	1.018905	20	0.0	0.0	4.999999999999449e-05	2	5	13	0.09375				
control_nontr_sv	alignment.all_cost_over_opt	cost/opt, all pairs	-1	unit_aware__all	20	1.0000499999999999	1.0	1.0042	1.018575	20	0.0	0.0	4.999999999999449e-05	2	5	13	0.09375				
control_nontr_sv	alignment.all_pair_ratio_median	cost/opt, median pair	-1	mc	20	1.0	1.0	1.0012	1.00168												
control_nontr_sv	alignment.all_pair_ratio_median	cost/opt, median pair	-1	mafft_fftns2	20	1.0	1.0	1.0012	1.0020250000000002	20	0.0	0.0	0.0	0	1	19	1.0				
control_nontr_sv	alignment.all_pair_ratio_median	cost/opt, median pair	-1	mafft_fftns2__all	20	1.0	1.0	1.0012	1.0020250000000002	20	0.0	0.0	0.0	0	1	19	1.0				
control_nontr_sv	alignment.all_pair_ratio_median	cost/opt, median pair	-1	mafft_fftnsi__all	20	1.0	1.0	1.0012	1.0020250000000002	20	0.0	0.0	0.0	0	1	19	1.0				
control_nontr_sv	alignment.all_pair_ratio_median	cost/opt, median pair	-1	mafft_linsi	20	1.0	1.0	1.0041	1.01884	20	0.0	0.0	0.0	0	4	16	0.125				
control_nontr_sv	alignment.all_pair_ratio_median	cost/opt, median pair	-1	mafft_linsi__all	20	1.0	1.0	1.0041	1.018515	20	0.0	0.0	0.0	0	4	16	0.125				
control_nontr_sv	alignment.all_pair_ratio_median	cost/opt, median pair	-1	mafft_einsi	20	1.0	1.0	1.0012	1.0020250000000002	20	0.0	0.0	0.0	0	1	19	1.0				
control_nontr_sv	alignment.all_pair_ratio_median	cost/opt, median pair	-1	mafft_einsi__all	20	1.0	1.0	1.0012	1.0020250000000002	20	0.0	0.0	0.0	0	1	19	1.0				
control_nontr_sv	alignment.all_pair_ratio_median	cost/opt, median pair	-1	mafft_ginsi	20	1.0	1.0	1.0041	1.01884	20	0.0	0.0	0.0	0	4	16	0.125				
control_nontr_sv	alignment.all_pair_ratio_median	cost/opt, median pair	-1	mafft_ginsi__all	20	1.0	1.0	1.0041	1.018515	20	0.0	0.0	0.0	0	4	16	0.125				
control_nontr_sv	alignment.all_pair_ratio_median	cost/opt, median pair	-1	poa_abpoa	20	1.0	1.0	1.0012	1.0020250000000002	20	0.0	0.0	0.0	0	1	19	1.0				
control_nontr_sv	alignment.all_pair_ratio_median	cost/opt, median pair	-1	poa_abpoa__all	20	1.0	1.0	1.0012	1.0020250000000002	20	0.0	0.0	0.0	0	1	19	1.0				
control_nontr_sv	alignment.all_pair_ratio_median	cost/opt, median pair	-1	poa_spoa	20	1.0	1.0	1.0012	1.00168	20	0.0	0.0	0.0	0	0	20					
control_nontr_sv	alignment.all_pair_ratio_median	cost/opt, median pair	-1	poa_spoa__all	20	1.0	1.0	1.0012	1.00168	20	0.0	0.0	0.0	0	0	20					
control_nontr_sv	alignment.all_pair_ratio_median	cost/opt, median pair	-1	poa_abpoa_mc	20	1.0	1.0	1.0012	1.0020250000000002	20	0.0	0.0	0.0	0	1	19	1.0				
control_nontr_sv	alignment.all_pair_ratio_median	cost/opt, median pair	-1	poa_abpoa_mc__all	20	1.0	1.0	1.0012	1.0020250000000002	20	0.0	0.0	0.0	0	1	19	1.0				
control_nontr_sv	alignment.all_pair_ratio_median	cost/opt, median pair	-1	unit_aware	20	1.0	1.0	1.0041	1.01884	20	0.0	0.0	0.0	0	4	16	0.125				
control_nontr_sv	alignment.all_pair_ratio_median	cost/opt, median pair	-1	unit_aware__all	20	1.0	1.0	1.0041	1.018515	20	0.0	0.0	0.0	0	4	16	0.125				
control_nontr_sv	alignment.all_excess_per_kb	excess edits / kb	-1	mc	20	0.005	0.0	0.6	0.442												
control_nontr_sv	alignment.all_excess_per_kb	excess edits / kb	-1	mafft_fftns2	20	0.0	0.0	0.6	0.5135	20	0.0	0.0	0.0	2	1	17	1.0				
control_nontr_sv	alignment.all_excess_per_kb	excess edits / kb	-1	mafft_fftns2__all	20	0.0	0.0	0.6	0.536	20	0.0	0.0	0.0	2	2	16	0.625				
control_nontr_sv	alignment.all_excess_per_kb	excess edits / kb	-1	mafft_fftnsi__all	20	0.0	0.0	0.6	0.5135	20	0.0	0.0	0.0	2	1	17	1.0				
control_nontr_sv	alignment.all_excess_per_kb	excess edits / kb	-1	mafft_linsi	20	0.01	0.0	1.125	10.65	20	0.0	0.0	0.015	2	5	13	0.078125				
control_nontr_sv	alignment.all_excess_per_kb	excess edits / kb	-1	mafft_linsi__all	20	0.01	0.0	1.125	10.538	20	0.0	0.0	0.015	2	5	13	0.078125				
control_nontr_sv	alignment.all_excess_per_kb	excess edits / kb	-1	mafft_einsi	20	0.0	0.0	0.6	0.5135	20	0.0	0.0	0.0	2	1	17	1.0				
control_nontr_sv	alignment.all_excess_per_kb	excess edits / kb	-1	mafft_einsi__all	20	0.0	0.0	0.6	0.5135	20	0.0	0.0	0.0	2	1	17	1.0				
control_nontr_sv	alignment.all_excess_per_kb	excess edits / kb	-1	mafft_ginsi	20	0.01	0.0	1.125	10.65	20	0.0	0.0	0.015	2	5	13	0.078125				
control_nontr_sv	alignment.all_excess_per_kb	excess edits / kb	-1	mafft_ginsi__all	20	0.01	0.0	1.125	10.538	20	0.0	0.0	0.015	2	5	13	0.078125				
control_nontr_sv	alignment.all_excess_per_kb	excess edits / kb	-1	poa_abpoa	20	0.0	0.0	0.6	0.5165	20	0.0	0.0	0.0	2	2	16	0.625				
control_nontr_sv	alignment.all_excess_per_kb	excess edits / kb	-1	poa_abpoa__all	20	0.005	0.0	0.6	0.517	20	0.0	0.0	0.0	1	2	17	0.5				
control_nontr_sv	alignment.all_excess_per_kb	excess edits / kb	-1	poa_spoa	20	0.0	0.0	0.6	0.44000000000000006	20	0.0	0.0	0.0	2	0	18	0.5				
control_nontr_sv	alignment.all_excess_per_kb	excess edits / kb	-1	poa_spoa__all	20	0.005	0.0	0.6	0.44350000000000006	20	0.0	0.0	0.0	1	1	18	1.0				
control_nontr_sv	alignment.all_excess_per_kb	excess edits / kb	-1	poa_abpoa_mc	20	0.0	0.0	0.6	0.5165	20	0.0	0.0	0.0	2	2	16	0.625				
control_nontr_sv	alignment.all_excess_per_kb	excess edits / kb	-1	poa_abpoa_mc__all	20	0.01	0.0	0.795	0.554	20	0.0	0.0	0.0	1	3	16	0.25				
control_nontr_sv	alignment.all_excess_per_kb	excess edits / kb	-1	unit_aware	20	0.01	0.0	1.125	10.65	20	0.0	0.0	0.015	2	5	13	0.078125				
control_nontr_sv	alignment.all_excess_per_kb	excess edits / kb	-1	unit_aware__all	20	0.01	0.0	1.125	10.538	20	0.0	0.0	0.015	2	5	13	0.078125				
control_nontr_sv	alignment.all_frac_pairs_optimal	frac pairs optimal	1	mc	20	0.9973000000000001	0.334925	1.0	0.72069												
control_nontr_sv	alignment.all_frac_pairs_optimal	frac pairs optimal	1	mafft_fftns2	20	1.0	0.334925	1.0	0.721445	20	0.0	0.0	0.0	2	0	18	0.5				
control_nontr_sv	alignment.all_frac_pairs_optimal	frac pairs optimal	1	mafft_fftns2__all	20	1.0	0.334925	1.0	0.713175	20	0.0	0.0	0.0	2	1	17	1.0				
control_nontr_sv	alignment.all_frac_pairs_optimal	frac pairs optimal	1	mafft_fftnsi__all	20	1.0	0.334925	1.0	0.721445	20	0.0	0.0	0.0	2	0	18	0.5				
control_nontr_sv	alignment.all_frac_pairs_optimal	frac pairs optimal	1	mafft_linsi	20	0.9904999999999999	0.249625	1.0	0.678315	20	0.0	0.0	0.0	2	2	16	0.625				
control_nontr_sv	alignment.all_frac_pairs_optimal	frac pairs optimal	1	mafft_linsi__all	20	0.9904999999999999	0.249625	1.0	0.678315	20	0.0	0.0	0.0	2	2	16	0.625				
control_nontr_sv	alignment.all_frac_pairs_optimal	frac pairs optimal	1	mafft_einsi	20	1.0	0.334925	1.0	0.721445	20	0.0	0.0	0.0	2	0	18	0.5				
control_nontr_sv	alignment.all_frac_pairs_optimal	frac pairs optimal	1	mafft_einsi__all	20	1.0	0.334925	1.0	0.721295	20	0.0	0.0	0.0	2	1	17	0.5				
control_nontr_sv	alignment.all_frac_pairs_optimal	frac pairs optimal	1	mafft_ginsi	20	0.9904999999999999	0.249625	1.0	0.678315	20	0.0	0.0	0.0	2	2	16	0.625				
control_nontr_sv	alignment.all_frac_pairs_optimal	frac pairs optimal	1	mafft_ginsi__all	20	0.9904999999999999	0.249625	1.0	0.678315	20	0.0	0.0	0.0	2	2	16	0.625				
control_nontr_sv	alignment.all_frac_pairs_optimal	frac pairs optimal	1	poa_abpoa	20	1.0	0.334925	1.0	0.718915	20	0.0	0.0	0.0	2	1	17	1.0				
control_nontr_sv	alignment.all_frac_pairs_optimal	frac pairs optimal	1	poa_abpoa__all	20	0.99515	0.334925	1.0	0.71843	20	0.0	0.0	0.0	1	1	18	1.0				
control_nontr_sv	alignment.all_frac_pairs_optimal	frac pairs optimal	1	poa_spoa	20	1.0	0.334925	1.0	0.721445	20	0.0	0.0	0.0	2	0	18	0.5				
control_nontr_sv	alignment.all_frac_pairs_optimal	frac pairs optimal	1	poa_spoa__all	20	0.99515	0.334925	1.0	0.71843	20	0.0	0.0	0.0	1	1	18	1.0				
control_nontr_sv	alignment.all_frac_pairs_optimal	frac pairs optimal	1	poa_abpoa_mc	20	1.0	0.334925	1.0	0.718915	20	0.0	0.0	0.0	2	1	17	1.0				
control_nontr_sv	alignment.all_frac_pairs_optimal	frac pairs optimal	1	poa_abpoa_mc__all	20	0.9904999999999999	0.334925	1.0	0.70435	20	0.0	0.0	0.0	1	2	17	0.5				
control_nontr_sv	alignment.all_frac_pairs_optimal	frac pairs optimal	1	unit_aware	20	0.9904999999999999	0.249625	1.0	0.678315	20	0.0	0.0	0.0	2	2	16	0.625				
control_nontr_sv	alignment.all_frac_pairs_optimal	frac pairs optimal	1	unit_aware__all	20	0.9904999999999999	0.249625	1.0	0.678315	20	0.0	0.0	0.0	2	2	16	0.625				
control_nontr_sv	alignment.ref_cost_over_opt	cost/opt vs CHM13	-1	mc	20	1.0	1.0	1.00155	1.001725												
control_nontr_sv	alignment.ref_cost_over_opt	cost/opt vs CHM13	-1	mafft_fftns2	20	1.0	1.0	1.00155	1.00207	20	0.0	0.0	0.0	0	1	19	1.0				
control_nontr_sv	alignment.ref_cost_over_opt	cost/opt vs CHM13	-1	mafft_fftns2__all	20	1.0	1.0	1.0027	1.0027300000000001	20	0.0	0.0	0.0	0	2	18	0.5				
control_nontr_sv	alignment.ref_cost_over_opt	cost/opt vs CHM13	-1	mafft_fftnsi__all	20	1.0	1.0	1.00155	1.00207	20	0.0	0.0	0.0	0	1	19	1.0				
control_nontr_sv	alignment.ref_cost_over_opt	cost/opt vs CHM13	-1	mafft_linsi	20	1.0	1.0	1.00425	1.019315	20	0.0	0.0	0.0008000000000000229	0	5	15	0.0625				
control_nontr_sv	alignment.ref_cost_over_opt	cost/opt vs CHM13	-1	mafft_linsi__all	20	1.0	1.0	1.00425	1.018985	20	0.0	0.0	0.0008000000000000229	0	5	15	0.0625				
control_nontr_sv	alignment.ref_cost_over_opt	cost/opt vs CHM13	-1	mafft_einsi	20	1.0	1.0	1.00155	1.00207	20	0.0	0.0	0.0	0	1	19	1.0				
control_nontr_sv	alignment.ref_cost_over_opt	cost/opt vs CHM13	-1	mafft_einsi__all	20	1.0	1.0	1.00155	1.0020799999999999	20	0.0	0.0	0.0	0	2	18	0.5				
control_nontr_sv	alignment.ref_cost_over_opt	cost/opt vs CHM13	-1	mafft_ginsi	20	1.0	1.0	1.00425	1.019315	20	0.0	0.0	0.0008000000000000229	0	5	15	0.0625				
control_nontr_sv	alignment.ref_cost_over_opt	cost/opt vs CHM13	-1	mafft_ginsi__all	20	1.0	1.0	1.00425	1.018985	20	0.0	0.0	0.0008000000000000229	0	5	15	0.0625				
control_nontr_sv	alignment.ref_cost_over_opt	cost/opt vs CHM13	-1	poa_abpoa	20	1.0	1.0	1.0027	1.00223	20	0.0	0.0	0.0	0	2	18	0.5				
control_nontr_sv	alignment.ref_cost_over_opt	cost/opt vs CHM13	-1	poa_abpoa__all	20	1.0	1.0	1.0027	1.00223	20	0.0	0.0	0.0	0	2	18	0.5				
control_nontr_sv	alignment.ref_cost_over_opt	cost/opt vs CHM13	-1	poa_spoa	20	1.0	1.0	1.00155	1.001725	20	0.0	0.0	0.0	0	0	20					
control_nontr_sv	alignment.ref_cost_over_opt	cost/opt vs CHM13	-1	poa_spoa__all	20	1.0	1.0	1.0027	1.0018850000000001	20	0.0	0.0	0.0	0	1	19	1.0				
control_nontr_sv	alignment.ref_cost_over_opt	cost/opt vs CHM13	-1	poa_abpoa_mc	20	1.0	1.0	1.0027	1.00223	20	0.0	0.0	0.0	0	2	18	0.5				
control_nontr_sv	alignment.ref_cost_over_opt	cost/opt vs CHM13	-1	poa_abpoa_mc__all	20	1.0	1.0	1.00305	1.002435	20	0.0	0.0	0.0	0	3	17	0.25				
control_nontr_sv	alignment.ref_cost_over_opt	cost/opt vs CHM13	-1	unit_aware	20	1.0	1.0	1.00425	1.019315	20	0.0	0.0	0.0008000000000000229	0	5	15	0.0625				
control_nontr_sv	alignment.ref_cost_over_opt	cost/opt vs CHM13	-1	unit_aware__all	20	1.0	1.0	1.00425	1.018985	20	0.0	0.0	0.0008000000000000229	0	5	15	0.0625				
control_nontr_sv	alignment.affine_all_cost_over_opt	affine cost/opt, all	-1	mc	20	1.0	1.0	1.0	1.000255												
control_nontr_sv	alignment.affine_all_cost_over_opt	affine cost/opt, all	-1	mafft_fftns2	20	1.0	1.0	1.0	1.0	20	0.0	0.0	0.0	3	0	17	0.25				
control_nontr_sv	alignment.affine_all_cost_over_opt	affine cost/opt, all	-1	mafft_fftns2__all	20	1.0	1.0	1.0	1.0004250000000001	20	0.0	0.0	0.0	3	1	16	0.875				
control_nontr_sv	alignment.affine_all_cost_over_opt	affine cost/opt, all	-1	mafft_fftnsi__all	20	1.0	1.0	1.0	1.0	20	0.0	0.0	0.0	3	0	17	0.25				
control_nontr_sv	alignment.affine_all_cost_over_opt	affine cost/opt, all	-1	mafft_linsi	20	1.0	1.0	1.0	1.032775	20	0.0	0.0	0.0	3	4	13	0.40625				
control_nontr_sv	alignment.affine_all_cost_over_opt	affine cost/opt, all	-1	mafft_linsi__all	20	1.0	1.0	1.0	1.032135	20	0.0	0.0	0.0	3	4	13	0.40625				
control_nontr_sv	alignment.affine_all_cost_over_opt	affine cost/opt, all	-1	mafft_einsi	20	1.0	1.0	1.0	1.0	20	0.0	0.0	0.0	3	0	17	0.25				
control_nontr_sv	alignment.affine_all_cost_over_opt	affine cost/opt, all	-1	mafft_einsi__all	20	1.0	1.0	1.0	1.0	20	0.0	0.0	0.0	3	0	17	0.25				
control_nontr_sv	alignment.affine_all_cost_over_opt	affine cost/opt, all	-1	mafft_ginsi	20	1.0	1.0	1.0	1.032775	20	0.0	0.0	0.0	3	4	13	0.40625				
control_nontr_sv	alignment.affine_all_cost_over_opt	affine cost/opt, all	-1	mafft_ginsi__all	20	1.0	1.0	1.0	1.032135	20	0.0	0.0	0.0	3	4	13	0.40625				
control_nontr_sv	alignment.affine_all_cost_over_opt	affine cost/opt, all	-1	poa_abpoa	20	1.0	1.0	1.0	1.00002	20	0.0	0.0	0.0	3	1	16	0.375				
control_nontr_sv	alignment.affine_all_cost_over_opt	affine cost/opt, all	-1	poa_abpoa__all	20	1.0	1.0	1.0	1.0001099999999998	20	0.0	0.0	0.0	2	1	17	0.75				
control_nontr_sv	alignment.affine_all_cost_over_opt	affine cost/opt, all	-1	poa_spoa	20	1.0	1.0	1.0	1.0003	20	0.0	0.0	0.0	2	1	17	1.0				
control_nontr_sv	alignment.affine_all_cost_over_opt	affine cost/opt, all	-1	poa_spoa__all	20	1.0	1.0	1.0	1.00041	20	0.0	0.0	0.0	1	2	17	0.75				
control_nontr_sv	alignment.affine_all_cost_over_opt	affine cost/opt, all	-1	poa_abpoa_mc	20	1.0	1.0	1.0	1.00002	20	0.0	0.0	0.0	3	1	16	0.375				
control_nontr_sv	alignment.affine_all_cost_over_opt	affine cost/opt, all	-1	poa_abpoa_mc__all	20	1.0	1.0	1.0	1.00081	20	0.0	0.0	0.0	2	2	16	1.0				
control_nontr_sv	alignment.affine_all_cost_over_opt	affine cost/opt, all	-1	unit_aware	20	1.0	1.0	1.0	1.032775	20	0.0	0.0	0.0	3	4	13	0.40625				
control_nontr_sv	alignment.affine_all_cost_over_opt	affine cost/opt, all	-1	unit_aware__all	20	1.0	1.0	1.0	1.032135	20	0.0	0.0	0.0	3	4	13	0.40625				
control_nontr_sv	alignment.affine_ref_cost_over_opt	affine cost/opt vs CHM13	-1	mc	20	1.0	1.0	1.0	1.00022												
control_nontr_sv	alignment.affine_ref_cost_over_opt	affine cost/opt vs CHM13	-1	mafft_fftns2	20	1.0	1.0	1.0	1.0	20	0.0	0.0	0.0	2	0	18	0.5				
control_nontr_sv	alignment.affine_ref_cost_over_opt	affine cost/opt vs CHM13	-1	mafft_fftns2__all	20	1.0	1.0	1.0	1.0015100000000001	20	0.0	0.0	0.0	2	1	17	1.0				
control_nontr_sv	alignment.affine_ref_cost_over_opt	affine cost/opt vs CHM13	-1	mafft_fftnsi__all	20	1.0	1.0	1.0	1.0	20	0.0	0.0	0.0	2	0	18	0.5				
control_nontr_sv	alignment.affine_ref_cost_over_opt	affine cost/opt vs CHM13	-1	mafft_linsi	20	1.0	1.0	1.0	1.033555	20	0.0	0.0	0.0	2	4	14	0.15625				
control_nontr_sv	alignment.affine_ref_cost_over_opt	affine cost/opt vs CHM13	-1	mafft_linsi__all	20	1.0	1.0	1.0	1.03292	20	0.0	0.0	0.0	2	4	14	0.15625				
control_nontr_sv	alignment.affine_ref_cost_over_opt	affine cost/opt vs CHM13	-1	mafft_einsi	20	1.0	1.0	1.0	1.0	20	0.0	0.0	0.0	2	0	18	0.5				
control_nontr_sv	alignment.affine_ref_cost_over_opt	affine cost/opt vs CHM13	-1	mafft_einsi__all	20	1.0	1.0	1.0	1.00002	20	0.0	0.0	0.0	2	1	17	0.5				
control_nontr_sv	alignment.affine_ref_cost_over_opt	affine cost/opt vs CHM13	-1	mafft_ginsi	20	1.0	1.0	1.0	1.033555	20	0.0	0.0	0.0	2	4	14	0.15625				
control_nontr_sv	alignment.affine_ref_cost_over_opt	affine cost/opt vs CHM13	-1	mafft_ginsi__all	20	1.0	1.0	1.0	1.03292	20	0.0	0.0	0.0	2	4	14	0.15625				
control_nontr_sv	alignment.affine_ref_cost_over_opt	affine cost/opt vs CHM13	-1	poa_abpoa	20	1.0	1.0	1.0	1.000315	20	0.0	0.0	0.0	2	1	17	1.0				
control_nontr_sv	alignment.affine_ref_cost_over_opt	affine cost/opt vs CHM13	-1	poa_abpoa__all	20	1.0	1.0	1.0	1.00039	20	0.0	0.0	0.0	1	1	18	1.0				
control_nontr_sv	alignment.affine_ref_cost_over_opt	affine cost/opt vs CHM13	-1	poa_spoa	20	1.0	1.0	1.0	1.0003	20	0.0	0.0	0.0	1	1	18	1.0				
control_nontr_sv	alignment.affine_ref_cost_over_opt	affine cost/opt vs CHM13	-1	poa_spoa__all	20	1.0	1.0	1.0	1.00069	20	0.0	0.0	0.0	0	2	18	0.5				
control_nontr_sv	alignment.affine_ref_cost_over_opt	affine cost/opt vs CHM13	-1	poa_abpoa_mc	20	1.0	1.0	1.0	1.000315	20	0.0	0.0	0.0	2	1	17	1.0				
control_nontr_sv	alignment.affine_ref_cost_over_opt	affine cost/opt vs CHM13	-1	poa_abpoa_mc__all	20	1.0	1.0	1.0	1.00102	20	0.0	0.0	0.0	1	2	17	0.5				
control_nontr_sv	alignment.affine_ref_cost_over_opt	affine cost/opt vs CHM13	-1	unit_aware	20	1.0	1.0	1.0	1.033555	20	0.0	0.0	0.0	2	4	14	0.15625				
control_nontr_sv	alignment.affine_ref_cost_over_opt	affine cost/opt vs CHM13	-1	unit_aware__all	20	1.0	1.0	1.0	1.03292	20	0.0	0.0	0.0	2	4	14	0.15625				
control_nontr_sv	alignment.affine_all_excess_per_kb	affine excess / kb	-1	mc	20	0.0	0.0	0.0	0.1115												
control_nontr_sv	alignment.affine_all_excess_per_kb	affine excess / kb	-1	mafft_fftns2	20	0.0	0.0	0.0	0.0	20	0.0	0.0	0.0	3	0	17	0.25				
control_nontr_sv	alignment.affine_all_excess_per_kb	affine excess / kb	-1	mafft_fftns2__all	20	0.0	0.0	0.0	0.1125	20	0.0	0.0	0.0	3	1	16	0.875				
control_nontr_sv	alignment.affine_all_excess_per_kb	affine excess / kb	-1	mafft_fftnsi__all	20	0.0	0.0	0.0	0.0	20	0.0	0.0	0.0	3	0	17	0.25				
control_nontr_sv	alignment.affine_all_excess_per_kb	affine excess / kb	-1	mafft_linsi	20	0.0	0.0	0.0	40.364	20	0.0	0.0	0.0	3	4	13	0.375				
control_nontr_sv	alignment.affine_all_excess_per_kb	affine excess / kb	-1	mafft_linsi__all	20	0.0	0.0	0.0	39.9145	20	0.0	0.0	0.0	3	4	13	0.375				
control_nontr_sv	alignment.affine_all_excess_per_kb	affine excess / kb	-1	mafft_einsi	20	0.0	0.0	0.0	0.0	20	0.0	0.0	0.0	3	0	17	0.25				
control_nontr_sv	alignment.affine_all_excess_per_kb	affine excess / kb	-1	mafft_einsi__all	20	0.0	0.0	0.0	0.0005	20	0.0	0.0	0.0	3	1	16	0.25				
control_nontr_sv	alignment.affine_all_excess_per_kb	affine excess / kb	-1	mafft_ginsi	20	0.0	0.0	0.0	40.364	20	0.0	0.0	0.0	3	4	13	0.375				
control_nontr_sv	alignment.affine_all_excess_per_kb	affine excess / kb	-1	mafft_ginsi__all	20	0.0	0.0	0.0	39.9145	20	0.0	0.0	0.0	3	4	13	0.375				
control_nontr_sv	alignment.affine_all_excess_per_kb	affine excess / kb	-1	poa_abpoa	20	0.0	0.0	0.0	0.0125	20	0.0	0.0	0.0	3	1	16	0.375				
control_nontr_sv	alignment.affine_all_excess_per_kb	affine excess / kb	-1	poa_abpoa__all	20	0.0	0.0	0.0	0.043	20	0.0	0.0	0.0	2	1	17	0.75				
control_nontr_sv	alignment.affine_all_excess_per_kb	affine excess / kb	-1	poa_spoa	20	0.0	0.0	0.0	0.1525	20	0.0	0.0	0.0	2	1	17	1.0				
control_nontr_sv	alignment.affine_all_excess_per_kb	affine excess / kb	-1	poa_spoa__all	20	0.0	0.0	0.0	0.19549999999999998	20	0.0	0.0	0.0	1	2	17	0.5				
control_nontr_sv	alignment.affine_all_excess_per_kb	affine excess / kb	-1	poa_abpoa_mc	20	0.0	0.0	0.0	0.0125	20	0.0	0.0	0.0	3	1	16	0.375				
control_nontr_sv	alignment.affine_all_excess_per_kb	affine excess / kb	-1	poa_abpoa_mc__all	20	0.0	0.0	0.0	0.274	20	0.0	0.0	0.0	2	2	16	0.875				
control_nontr_sv	alignment.affine_all_excess_per_kb	affine excess / kb	-1	unit_aware	20	0.0	0.0	0.0	40.364	20	0.0	0.0	0.0	3	4	13	0.375				
control_nontr_sv	alignment.affine_all_excess_per_kb	affine excess / kb	-1	unit_aware__all	20	0.0	0.0	0.0	39.9145	20	0.0	0.0	0.0	3	4	13	0.375				
control_nontr_sv	alignment.all_U_per_kb	unaligned homology bp / kb	-1	mc	20	0.0	0.0	0.0	0.3675												
control_nontr_sv	alignment.all_U_per_kb	unaligned homology bp / kb	-1	mafft_fftns2	20	0.0	0.0	0.0	0.0	20	0.0	0.0	0.0	1	0	19	1.0				
control_nontr_sv	alignment.all_U_per_kb	unaligned homology bp / kb	-1	mafft_fftns2__all	20	0.0	0.0	0.0	0.0375	20	0.0	0.0	0.0	1	1	18	1.0				
control_nontr_sv	alignment.all_U_per_kb	unaligned homology bp / kb	-1	mafft_fftnsi__all	20	0.0	0.0	0.0	0.0375	20	0.0	0.0	0.0	1	1	18	1.0				
control_nontr_sv	alignment.all_U_per_kb	unaligned homology bp / kb	-1	mafft_linsi	20	0.0	0.0	0.0	0.5545	20	0.0	0.0	0.0	1	3	16	0.875				
control_nontr_sv	alignment.all_U_per_kb	unaligned homology bp / kb	-1	mafft_linsi__all	20	0.0	0.0	0.0	0.5735	20	0.0	0.0	0.0	1	4	15	0.625				
control_nontr_sv	alignment.all_U_per_kb	unaligned homology bp / kb	-1	mafft_einsi	20	0.0	0.0	0.0	0.0005	20	0.0	0.0	0.0	1	1	18	1.0				
control_nontr_sv	alignment.all_U_per_kb	unaligned homology bp / kb	-1	mafft_einsi__all	20	0.0	0.0	0.0	0.020999999999999998	20	0.0	0.0	0.0	1	2	17	1.0				
control_nontr_sv	alignment.all_U_per_kb	unaligned homology bp / kb	-1	mafft_ginsi	20	0.0	0.0	0.0	0.6465	20	0.0	0.0	0.0	1	3	16	0.875				
control_nontr_sv	alignment.all_U_per_kb	unaligned homology bp / kb	-1	mafft_ginsi__all	20	0.0	0.0	0.0	0.553	20	0.0	0.0	0.0	1	4	15	0.625				
control_nontr_sv	alignment.all_U_per_kb	unaligned homology bp / kb	-1	poa_abpoa	20	0.0	0.0	0.0	0.0	20	0.0	0.0	0.0	1	0	19	1.0				
control_nontr_sv	alignment.all_U_per_kb	unaligned homology bp / kb	-1	poa_abpoa__all	20	0.0	0.0	0.0	0.0	20	0.0	0.0	0.0	1	0	19	1.0				
control_nontr_sv	alignment.all_U_per_kb	unaligned homology bp / kb	-1	poa_spoa	20	0.0	0.0	0.0	0.0015	20	0.0	0.0	0.0	1	0	19	1.0				
control_nontr_sv	alignment.all_U_per_kb	unaligned homology bp / kb	-1	poa_spoa__all	20	0.0	0.0	0.0	0.0015	20	0.0	0.0	0.0	1	0	19	1.0				
control_nontr_sv	alignment.all_U_per_kb	unaligned homology bp / kb	-1	poa_abpoa_mc	20	0.0	0.0	0.0	0.0005	20	0.0	0.0	0.0	1	1	18	1.0				
control_nontr_sv	alignment.all_U_per_kb	unaligned homology bp / kb	-1	poa_abpoa_mc__all	20	0.0	0.0	0.0	0.0185	20	0.0	0.0	0.0	1	1	18	1.0				
control_nontr_sv	alignment.all_U_per_kb	unaligned homology bp / kb	-1	unit_aware	20	0.0	0.0	0.0	0.5545	20	0.0	0.0	0.0	1	3	16	0.875				
control_nontr_sv	alignment.all_U_per_kb	unaligned homology bp / kb	-1	unit_aware__all	20	0.0	0.0	0.0	0.5735	20	0.0	0.0	0.0	1	4	15	0.625				
control_nontr_sv	inflation.sv_pieces_median	SV pieces / path (median)	-1	mc	20	1.0	0.0	1.0	0.6												
control_nontr_sv	inflation.sv_pieces_median	SV pieces / path (median)	-1	mafft_fftns2	20	1.0	0.0	1.0	0.6	20	0.0	0.0	0.0	0	0	20					
control_nontr_sv	inflation.sv_pieces_median	SV pieces / path (median)	-1	mafft_fftns2__all	20	1.0	0.0	1.0	0.6	20	0.0	0.0	0.0	0	0	20					
control_nontr_sv	inflation.sv_pieces_median	SV pieces / path (median)	-1	mafft_fftnsi__all	20	1.0	0.0	1.0	0.6	20	0.0	0.0	0.0	0	0	20					
control_nontr_sv	inflation.sv_pieces_median	SV pieces / path (median)	-1	mafft_linsi	20	1.0	0.0	1.0	0.6	20	0.0	0.0	0.0	0	0	20					
control_nontr_sv	inflation.sv_pieces_median	SV pieces / path (median)	-1	mafft_linsi__all	20	1.0	0.0	1.0	0.6	20	0.0	0.0	0.0	0	0	20					
control_nontr_sv	inflation.sv_pieces_median	SV pieces / path (median)	-1	mafft_einsi	20	1.0	0.0	1.0	0.6	20	0.0	0.0	0.0	0	0	20					
control_nontr_sv	inflation.sv_pieces_median	SV pieces / path (median)	-1	mafft_einsi__all	20	1.0	0.0	1.0	0.6	20	0.0	0.0	0.0	0	0	20					
control_nontr_sv	inflation.sv_pieces_median	SV pieces / path (median)	-1	mafft_ginsi	20	1.0	0.0	1.0	0.6	20	0.0	0.0	0.0	0	0	20					
control_nontr_sv	inflation.sv_pieces_median	SV pieces / path (median)	-1	mafft_ginsi__all	20	1.0	0.0	1.0	0.6	20	0.0	0.0	0.0	0	0	20					
control_nontr_sv	inflation.sv_pieces_median	SV pieces / path (median)	-1	poa_abpoa	20	1.0	0.0	1.0	0.6	20	0.0	0.0	0.0	0	0	20					
control_nontr_sv	inflation.sv_pieces_median	SV pieces / path (median)	-1	poa_abpoa__all	20	1.0	0.0	1.0	0.6	20	0.0	0.0	0.0	0	0	20					
control_nontr_sv	inflation.sv_pieces_median	SV pieces / path (median)	-1	poa_spoa	20	1.0	0.0	1.0	0.6	20	0.0	0.0	0.0	0	0	20					
control_nontr_sv	inflation.sv_pieces_median	SV pieces / path (median)	-1	poa_spoa__all	20	1.0	0.0	1.0	0.6	20	0.0	0.0	0.0	0	0	20					
control_nontr_sv	inflation.sv_pieces_median	SV pieces / path (median)	-1	poa_abpoa_mc	20	1.0	0.0	1.0	0.6	20	0.0	0.0	0.0	0	0	20					
control_nontr_sv	inflation.sv_pieces_median	SV pieces / path (median)	-1	poa_abpoa_mc__all	20	1.0	0.0	1.0	0.6	20	0.0	0.0	0.0	0	0	20					
control_nontr_sv	inflation.sv_pieces_median	SV pieces / path (median)	-1	unit_aware	20	1.0	0.0	1.0	0.6	20	0.0	0.0	0.0	0	0	20					
control_nontr_sv	inflation.sv_pieces_median	SV pieces / path (median)	-1	unit_aware__all	20	1.0	0.0	1.0	0.6	20	0.0	0.0	0.0	0	0	20					
control_nontr_sv	inflation.sv_pieces_mean	SV pieces / path (mean)	-1	mc	20	0.5152	0.4545	0.674275	0.56667												
control_nontr_sv	inflation.sv_pieces_mean	SV pieces / path (mean)	-1	mafft_fftns2	20	0.5152	0.4545	0.674275	0.56667	20	0.0	0.0	0.0	0	0	20					
control_nontr_sv	inflation.sv_pieces_mean	SV pieces / path (mean)	-1	mafft_fftns2__all	20	0.5152	0.4545	0.674275	0.56667	20	0.0	0.0	0.0	0	0	20					
control_nontr_sv	inflation.sv_pieces_mean	SV pieces / path (mean)	-1	mafft_fftnsi__all	20	0.5152	0.4545	0.674275	0.56667	20	0.0	0.0	0.0	0	0	20					
control_nontr_sv	inflation.sv_pieces_mean	SV pieces / path (mean)	-1	mafft_linsi	20	0.5152	0.477225	0.795475	0.5894	20	0.0	0.0	0.0	0	1	19	1.0				
control_nontr_sv	inflation.sv_pieces_mean	SV pieces / path (mean)	-1	mafft_linsi__all	20	0.5152	0.477225	0.795475	0.5894	20	0.0	0.0	0.0	0	1	19	1.0				
control_nontr_sv	inflation.sv_pieces_mean	SV pieces / path (mean)	-1	mafft_einsi	20	0.5152	0.4545	0.674275	0.56667	20	0.0	0.0	0.0	0	0	20					
control_nontr_sv	inflation.sv_pieces_mean	SV pieces / path (mean)	-1	mafft_einsi__all	20	0.5152	0.4545	0.674275	0.56667	20	0.0	0.0	0.0	0	0	20					
control_nontr_sv	inflation.sv_pieces_mean	SV pieces / path (mean)	-1	mafft_ginsi	20	0.5152	0.477225	0.795475	0.5894	20	0.0	0.0	0.0	0	1	19	1.0				
control_nontr_sv	inflation.sv_pieces_mean	SV pieces / path (mean)	-1	mafft_ginsi__all	20	0.5152	0.477225	0.795475	0.5894	20	0.0	0.0	0.0	0	1	19	1.0				
control_nontr_sv	inflation.sv_pieces_mean	SV pieces / path (mean)	-1	poa_abpoa	20	0.5152	0.4545	0.674275	0.56667	20	0.0	0.0	0.0	0	0	20					
control_nontr_sv	inflation.sv_pieces_mean	SV pieces / path (mean)	-1	poa_abpoa__all	20	0.5152	0.4545	0.674275	0.56667	20	0.0	0.0	0.0	0	0	20					
control_nontr_sv	inflation.sv_pieces_mean	SV pieces / path (mean)	-1	poa_spoa	20	0.5152	0.4545	0.674275	0.56667	20	0.0	0.0	0.0	0	0	20					
control_nontr_sv	inflation.sv_pieces_mean	SV pieces / path (mean)	-1	poa_spoa__all	20	0.5152	0.4545	0.674275	0.56667	20	0.0	0.0	0.0	0	0	20					
control_nontr_sv	inflation.sv_pieces_mean	SV pieces / path (mean)	-1	poa_abpoa_mc	20	0.5152	0.4545	0.674275	0.56667	20	0.0	0.0	0.0	0	0	20					
control_nontr_sv	inflation.sv_pieces_mean	SV pieces / path (mean)	-1	poa_abpoa_mc__all	20	0.5152	0.4545	0.674275	0.56667	20	0.0	0.0	0.0	0	0	20					
control_nontr_sv	inflation.sv_pieces_mean	SV pieces / path (mean)	-1	unit_aware	20	0.5152	0.477225	0.795475	0.5894	20	0.0	0.0	0.0	0	1	19	1.0				
control_nontr_sv	inflation.sv_pieces_mean	SV pieces / path (mean)	-1	unit_aware__all	20	0.5152	0.477225	0.795475	0.5894	20	0.0	0.0	0.0	0	1	19	1.0				
control_nontr_sv	inflation.anchored_over_free	anchored/free vs CHM13	-1	mc	20	1.0	1.0	1.00155	1.001725												
control_nontr_sv	inflation.anchored_over_free	anchored/free vs CHM13	-1	mafft_fftns2	20	1.0	1.0	1.00155	1.00207	20	0.0	0.0	0.0	0	1	19	1.0				
control_nontr_sv	inflation.anchored_over_free	anchored/free vs CHM13	-1	mafft_fftns2__all	20	1.0	1.0	1.0027	1.0027300000000001	20	0.0	0.0	0.0	0	2	18	0.5				
control_nontr_sv	inflation.anchored_over_free	anchored/free vs CHM13	-1	mafft_fftnsi__all	20	1.0	1.0	1.00155	1.00207	20	0.0	0.0	0.0	0	1	19	1.0				
control_nontr_sv	inflation.anchored_over_free	anchored/free vs CHM13	-1	mafft_linsi	20	1.0	1.0	1.00425	1.019315	20	0.0	0.0	0.0008000000000000229	0	5	15	0.0625				
control_nontr_sv	inflation.anchored_over_free	anchored/free vs CHM13	-1	mafft_linsi__all	20	1.0	1.0	1.00425	1.018985	20	0.0	0.0	0.0008000000000000229	0	5	15	0.0625				
control_nontr_sv	inflation.anchored_over_free	anchored/free vs CHM13	-1	mafft_einsi	20	1.0	1.0	1.00155	1.00207	20	0.0	0.0	0.0	0	1	19	1.0				
control_nontr_sv	inflation.anchored_over_free	anchored/free vs CHM13	-1	mafft_einsi__all	20	1.0	1.0	1.00155	1.0020799999999999	20	0.0	0.0	0.0	0	2	18	0.5				
control_nontr_sv	inflation.anchored_over_free	anchored/free vs CHM13	-1	mafft_ginsi	20	1.0	1.0	1.00425	1.019315	20	0.0	0.0	0.0008000000000000229	0	5	15	0.0625				
control_nontr_sv	inflation.anchored_over_free	anchored/free vs CHM13	-1	mafft_ginsi__all	20	1.0	1.0	1.00425	1.018985	20	0.0	0.0	0.0008000000000000229	0	5	15	0.0625				
control_nontr_sv	inflation.anchored_over_free	anchored/free vs CHM13	-1	poa_abpoa	20	1.0	1.0	1.0027	1.00223	20	0.0	0.0	0.0	0	2	18	0.5				
control_nontr_sv	inflation.anchored_over_free	anchored/free vs CHM13	-1	poa_abpoa__all	20	1.0	1.0	1.0027	1.00223	20	0.0	0.0	0.0	0	2	18	0.5				
control_nontr_sv	inflation.anchored_over_free	anchored/free vs CHM13	-1	poa_spoa	20	1.0	1.0	1.00155	1.001725	20	0.0	0.0	0.0	0	0	20					
control_nontr_sv	inflation.anchored_over_free	anchored/free vs CHM13	-1	poa_spoa__all	20	1.0	1.0	1.0027	1.0018850000000001	20	0.0	0.0	0.0	0	1	19	1.0				
control_nontr_sv	inflation.anchored_over_free	anchored/free vs CHM13	-1	poa_abpoa_mc	20	1.0	1.0	1.0027	1.00223	20	0.0	0.0	0.0	0	2	18	0.5				
control_nontr_sv	inflation.anchored_over_free	anchored/free vs CHM13	-1	poa_abpoa_mc__all	20	1.0	1.0	1.00305	1.002435	20	0.0	0.0	0.0	0	3	17	0.25				
control_nontr_sv	inflation.anchored_over_free	anchored/free vs CHM13	-1	unit_aware	20	1.0	1.0	1.00425	1.019315	20	0.0	0.0	0.0008000000000000229	0	5	15	0.0625				
control_nontr_sv	inflation.anchored_over_free	anchored/free vs CHM13	-1	unit_aware__all	20	1.0	1.0	1.00425	1.018985	20	0.0	0.0	0.0008000000000000229	0	5	15	0.0625				
control_nontr_sv	inflation.indel_bp_ratio	indel bp / net length change	-1	mc	20	1.0	1.0	1.0	1.002515												
control_nontr_sv	inflation.indel_bp_ratio	indel bp / net length change	-1	mafft_fftns2	20	1.0	1.0	1.0	1.002515	20	0.0	0.0	0.0	0	0	20					
control_nontr_sv	inflation.indel_bp_ratio	indel bp / net length change	-1	mafft_fftns2__all	20	1.0	1.0	1.0	1.00322	20	0.0	0.0	0.0	0	1	19	1.0				
control_nontr_sv	inflation.indel_bp_ratio	indel bp / net length change	-1	mafft_fftnsi__all	20	1.0	1.0	1.0	1.002515	20	0.0	0.0	0.0	0	0	20					
control_nontr_sv	inflation.indel_bp_ratio	indel bp / net length change	-1	mafft_linsi	20	1.0	1.0	1.000525	1.0062099999999998	20	0.0	0.0	0.0	0	3	17	0.25				
control_nontr_sv	inflation.indel_bp_ratio	indel bp / net length change	-1	mafft_linsi__all	20	1.0	1.0	1.000525	1.0062099999999998	20	0.0	0.0	0.0	0	3	17	0.25				
control_nontr_sv	inflation.indel_bp_ratio	indel bp / net length change	-1	mafft_einsi	20	1.0	1.0	1.0	1.002515	20	0.0	0.0	0.0	0	0	20					
control_nontr_sv	inflation.indel_bp_ratio	indel bp / net length change	-1	mafft_einsi__all	20	1.0	1.0	1.0	1.002515	20	0.0	0.0	0.0	0	0	20					
control_nontr_sv	inflation.indel_bp_ratio	indel bp / net length change	-1	mafft_ginsi	20	1.0	1.0	1.000525	1.0062099999999998	20	0.0	0.0	0.0	0	3	17	0.25				
control_nontr_sv	inflation.indel_bp_ratio	indel bp / net length change	-1	mafft_ginsi__all	20	1.0	1.0	1.000525	1.0062099999999998	20	0.0	0.0	0.0	0	3	17	0.25				
control_nontr_sv	inflation.indel_bp_ratio	indel bp / net length change	-1	poa_abpoa	20	1.0	1.0	1.0	1.002515	20	0.0	0.0	0.0	0	0	20					
control_nontr_sv	inflation.indel_bp_ratio	indel bp / net length change	-1	poa_abpoa__all	20	1.0	1.0	1.0	1.002515	20	0.0	0.0	0.0	0	0	20					
control_nontr_sv	inflation.indel_bp_ratio	indel bp / net length change	-1	poa_spoa	20	1.0	1.0	1.0	1.002515	20	0.0	0.0	0.0	0	0	20					
control_nontr_sv	inflation.indel_bp_ratio	indel bp / net length change	-1	poa_spoa__all	20	1.0	1.0	1.0	1.002515	20	0.0	0.0	0.0	0	0	20					
control_nontr_sv	inflation.indel_bp_ratio	indel bp / net length change	-1	poa_abpoa_mc	20	1.0	1.0	1.0	1.002515	20	0.0	0.0	0.0	0	0	20					
control_nontr_sv	inflation.indel_bp_ratio	indel bp / net length change	-1	poa_abpoa_mc__all	20	1.0	1.0	1.0	1.00272	20	0.0	0.0	0.0	0	1	19	1.0				
control_nontr_sv	inflation.indel_bp_ratio	indel bp / net length change	-1	unit_aware	20	1.0	1.0	1.000525	1.0062099999999998	20	0.0	0.0	0.0	0	3	17	0.25				
control_nontr_sv	inflation.indel_bp_ratio	indel bp / net length change	-1	unit_aware__all	20	1.0	1.0	1.000525	1.0062099999999998	20	0.0	0.0	0.0	0	3	17	0.25				
control_nontr_sv	inflation.indel_bp_excess_per_kb	excess indel bp / kb	-1	mc	20	0.0	0.0	0.0	0.3295												
control_nontr_sv	inflation.indel_bp_excess_per_kb	excess indel bp / kb	-1	mafft_fftns2	20	0.0	0.0	0.0	0.3295	20	0.0	0.0	0.0	0	0	20					
control_nontr_sv	inflation.indel_bp_excess_per_kb	excess indel bp / kb	-1	mafft_fftns2__all	20	0.0	0.0	0.0	0.382	20	0.0	0.0	0.0	0	1	19	1.0				
control_nontr_sv	inflation.indel_bp_excess_per_kb	excess indel bp / kb	-1	mafft_fftnsi__all	20	0.0	0.0	0.0	0.3295	20	0.0	0.0	0.0	0	0	20					
control_nontr_sv	inflation.indel_bp_excess_per_kb	excess indel bp / kb	-1	mafft_linsi	20	0.0	0.0	0.4925	1.3825	20	0.0	0.0	0.0	0	3	17	0.25				
control_nontr_sv	inflation.indel_bp_excess_per_kb	excess indel bp / kb	-1	mafft_linsi__all	20	0.0	0.0	0.4925	1.3825	20	0.0	0.0	0.0	0	3	17	0.25				
control_nontr_sv	inflation.indel_bp_excess_per_kb	excess indel bp / kb	-1	mafft_einsi	20	0.0	0.0	0.0	0.3295	20	0.0	0.0	0.0	0	0	20					
control_nontr_sv	inflation.indel_bp_excess_per_kb	excess indel bp / kb	-1	mafft_einsi__all	20	0.0	0.0	0.0	0.3295	20	0.0	0.0	0.0	0	0	20					
control_nontr_sv	inflation.indel_bp_excess_per_kb	excess indel bp / kb	-1	mafft_ginsi	20	0.0	0.0	0.4925	1.3825	20	0.0	0.0	0.0	0	3	17	0.25				
control_nontr_sv	inflation.indel_bp_excess_per_kb	excess indel bp / kb	-1	mafft_ginsi__all	20	0.0	0.0	0.4925	1.3825	20	0.0	0.0	0.0	0	3	17	0.25				
control_nontr_sv	inflation.indel_bp_excess_per_kb	excess indel bp / kb	-1	poa_abpoa	20	0.0	0.0	0.0	0.3295	20	0.0	0.0	0.0	0	0	20					
control_nontr_sv	inflation.indel_bp_excess_per_kb	excess indel bp / kb	-1	poa_abpoa__all	20	0.0	0.0	0.0	0.3295	20	0.0	0.0	0.0	0	0	20					
control_nontr_sv	inflation.indel_bp_excess_per_kb	excess indel bp / kb	-1	poa_spoa	20	0.0	0.0	0.0	0.3295	20	0.0	0.0	0.0	0	0	20					
control_nontr_sv	inflation.indel_bp_excess_per_kb	excess indel bp / kb	-1	poa_spoa__all	20	0.0	0.0	0.0	0.3295	20	0.0	0.0	0.0	0	0	20					
control_nontr_sv	inflation.indel_bp_excess_per_kb	excess indel bp / kb	-1	poa_abpoa_mc	20	0.0	0.0	0.0	0.3295	20	0.0	0.0	0.0	0	0	20					
control_nontr_sv	inflation.indel_bp_excess_per_kb	excess indel bp / kb	-1	poa_abpoa_mc__all	20	0.0	0.0	0.0	0.3465	20	0.0	0.0	0.0	0	1	19	1.0				
control_nontr_sv	inflation.indel_bp_excess_per_kb	excess indel bp / kb	-1	unit_aware	20	0.0	0.0	0.4925	1.3825	20	0.0	0.0	0.0	0	3	17	0.25				
control_nontr_sv	inflation.indel_bp_excess_per_kb	excess indel bp / kb	-1	unit_aware__all	20	0.0	0.0	0.4925	1.3825	20	0.0	0.0	0.0	0	3	17	0.25				
control_nontr_sv	redundancy.kmer_frac_extra	k-mer extra positions (frac)	-1	mc	20	0.006920000000000001	0.0	0.0092675	0.005601500000000001												
control_nontr_sv	redundancy.kmer_frac_extra	k-mer extra positions (frac)	-1	mafft_fftns2	20	0.0	0.0	0.0071	0.0026165	20	-0.00022	-0.00683	0.0	10	3	7	0.026611328125				
control_nontr_sv	redundancy.kmer_frac_extra	k-mer extra positions (frac)	-1	mafft_fftns2__all	20	0.0	0.0	0.0079075	0.003934	20	0.0	-0.00683	0.0	9	2	9	0.123046875				
control_nontr_sv	redundancy.kmer_frac_extra	k-mer extra positions (frac)	-1	mafft_fftnsi__all	20	0.0	0.0	0.0079	0.003071	20	0.0	-0.00683	0.0	9	2	9	0.0673828125				
control_nontr_sv	redundancy.kmer_frac_extra	k-mer extra positions (frac)	-1	mafft_linsi	20	0.0	0.0	0.0	0.021719	20	-0.004265	-0.008982500000000001	0.0	11	4	5	0.359130859375				
control_nontr_sv	redundancy.kmer_frac_extra	k-mer extra positions (frac)	-1	mafft_linsi__all	20	0.0	0.0	0.0	0.021581	20	-0.004265	-0.008982500000000001	0.0	11	3	6	0.42626953125				
control_nontr_sv	redundancy.kmer_frac_extra	k-mer extra positions (frac)	-1	mafft_einsi	20	0.0	0.0	0.0	0.0008920000000000001	20	-0.00397	-0.0079075	0.0	13	0	7	0.000244140625				
control_nontr_sv	redundancy.kmer_frac_extra	k-mer extra positions (frac)	-1	mafft_einsi__all	20	0.0	0.0	0.0	0.0008920000000000001	20	-0.00397	-0.0079075	0.0	13	0	7	0.000244140625				
control_nontr_sv	redundancy.kmer_frac_extra	k-mer extra positions (frac)	-1	mafft_ginsi	20	0.0	0.0	0.0	0.021767500000000002	20	-0.004265	-0.008982500000000001	0.0	11	4	5	0.359130859375				
control_nontr_sv	redundancy.kmer_frac_extra	k-mer extra positions (frac)	-1	mafft_ginsi__all	20	0.0	0.0	0.0	0.02157	20	-0.004265	-0.008982500000000001	0.0	11	3	6	0.42626953125				
control_nontr_sv	redundancy.kmer_frac_extra	k-mer extra positions (frac)	-1	poa_abpoa	20	0.0	0.0	0.0	0.000594	20	-0.00587	-0.008982500000000001	0.0	13	1	6	0.0003662109375				
control_nontr_sv	redundancy.kmer_frac_extra	k-mer extra positions (frac)	-1	poa_abpoa__all	20	0.0	0.0	0.0	0.000545	20	-0.00587	-0.008982500000000001	0.0	13	0	7	0.000244140625				
control_nontr_sv	redundancy.kmer_frac_extra	k-mer extra positions (frac)	-1	poa_spoa	20	0.0	0.0	0.0	0.000941	20	-0.00397	-0.0079075	0.0	13	1	6	0.0003662109375				
control_nontr_sv	redundancy.kmer_frac_extra	k-mer extra positions (frac)	-1	poa_spoa__all	20	0.0	0.0	0.0	0.000545	20	-0.00587	-0.008982500000000001	0.0	13	0	7	0.000244140625				
control_nontr_sv	redundancy.kmer_frac_extra	k-mer extra positions (frac)	-1	poa_abpoa_mc	20	0.0	0.0	0.0	0.000545	20	-0.00587	-0.008982500000000001	0.0	13	0	7	0.000244140625				
control_nontr_sv	redundancy.kmer_frac_extra	k-mer extra positions (frac)	-1	poa_abpoa_mc__all	20	0.0	0.0	0.0	0.000886	20	-0.00587	-0.008982500000000001	0.0	13	1	6	0.001220703125				
control_nontr_sv	redundancy.kmer_frac_extra	k-mer extra positions (frac)	-1	unit_aware	20	0.0	0.0	0.0	0.021719	20	-0.004265	-0.008982500000000001	0.0	11	4	5	0.359130859375				
control_nontr_sv	redundancy.kmer_frac_extra	k-mer extra positions (frac)	-1	unit_aware__all	20	0.0	0.0	0.0	0.021581	20	-0.004265	-0.008982500000000001	0.0	11	3	6	0.42626953125				
control_nontr_sv	redundancy.kmer_extra_per_kb	k-mer extra positions / kb	-1	mc	20	7.279999999999999	0.0	11.272499999999999	7.409000000000001												
control_nontr_sv	redundancy.kmer_extra_per_kb	k-mer extra positions / kb	-1	mafft_fftns2	20	0.0	0.0	7.6075	3.6795	20	-0.23	-7.185	0.0	10	3	7	0.039794921875				
control_nontr_sv	redundancy.kmer_extra_per_kb	k-mer extra positions / kb	-1	mafft_fftns2__all	20	0.0	0.0	8.9725	4.814	20	0.0	-7.185	0.0	9	2	9	0.123046875				
control_nontr_sv	redundancy.kmer_extra_per_kb	k-mer extra positions / kb	-1	mafft_fftnsi__all	20	0.0	0.0	8.9725	3.7855	20	0.0	-7.185	0.0	9	2	9	0.0673828125				
control_nontr_sv	redundancy.kmer_extra_per_kb	k-mer extra positions / kb	-1	mafft_linsi	20	0.0	0.0	0.0	44.48350000000001	20	-4.535	-10.2225	0.0	11	4	5	0.359130859375				
control_nontr_sv	redundancy.kmer_extra_per_kb	k-mer extra positions / kb	-1	mafft_linsi__all	20	0.0	0.0	0.0	44.2485	20	-4.535	-10.2225	0.0	11	3	6	0.42626953125				
control_nontr_sv	redundancy.kmer_extra_per_kb	k-mer extra positions / kb	-1	mafft_einsi	20	0.0	0.0	0.0	1.1629999999999998	20	-4.244999999999999	-9.6	0.0	13	0	7	0.000244140625				
control_nontr_sv	redundancy.kmer_extra_per_kb	k-mer extra positions / kb	-1	mafft_einsi__all	20	0.0	0.0	0.0	1.1629999999999998	20	-4.244999999999999	-9.6	0.0	13	0	7	0.000244140625				
control_nontr_sv	redundancy.kmer_extra_per_kb	k-mer extra positions / kb	-1	mafft_ginsi	20	0.0	0.0	0.0	44.5315	20	-4.535	-10.2225	0.0	11	4	5	0.359130859375				
control_nontr_sv	redundancy.kmer_extra_per_kb	k-mer extra positions / kb	-1	mafft_ginsi__all	20	0.0	0.0	0.0	44.1885	20	-4.535	-10.2225	0.0	11	3	6	0.42626953125				
control_nontr_sv	redundancy.kmer_extra_per_kb	k-mer extra positions / kb	-1	poa_abpoa	20	0.0	0.0	0.0	0.876	20	-6.245	-10.2225	0.0	13	1	6	0.0003662109375				
control_nontr_sv	redundancy.kmer_extra_per_kb	k-mer extra positions / kb	-1	poa_abpoa__all	20	0.0	0.0	0.0	0.8029999999999999	20	-6.245	-10.2225	0.0	13	0	7	0.000244140625				
control_nontr_sv	redundancy.kmer_extra_per_kb	k-mer extra positions / kb	-1	poa_spoa	20	0.0	0.0	0.0	1.236	20	-4.244999999999999	-9.6	0.0	13	1	6	0.0003662109375				
control_nontr_sv	redundancy.kmer_extra_per_kb	k-mer extra positions / kb	-1	poa_spoa__all	20	0.0	0.0	0.0	0.8029999999999999	20	-6.245	-10.2225	0.0	13	0	7	0.000244140625				
control_nontr_sv	redundancy.kmer_extra_per_kb	k-mer extra positions / kb	-1	poa_abpoa_mc	20	0.0	0.0	0.0	0.8029999999999999	20	-6.245	-10.2225	0.0	13	0	7	0.000244140625				
control_nontr_sv	redundancy.kmer_extra_per_kb	k-mer extra positions / kb	-1	poa_abpoa_mc__all	20	0.0	0.0	0.0	1.314	20	-6.245	-10.2225	0.0	13	1	6	0.0040283203125				
control_nontr_sv	redundancy.kmer_extra_per_kb	k-mer extra positions / kb	-1	unit_aware	20	0.0	0.0	0.0	44.48350000000001	20	-4.535	-10.2225	0.0	11	4	5	0.359130859375				
control_nontr_sv	redundancy.kmer_extra_per_kb	k-mer extra positions / kb	-1	unit_aware__all	20	0.0	0.0	0.0	44.2485	20	-4.535	-10.2225	0.0	11	3	6	0.42626953125				
control_nontr_sv	truth.d_graph_sum	truth edits to best graph path (h1+h2)	-1	mc	20	0.0	0.0	0.0	0.0												
control_nontr_sv	truth.d_graph_sum	truth edits to best graph path (h1+h2)	-1	mafft_fftns2	20	0.0	0.0	0.0	0.0	20	0.0	0.0	0.0	0	0	20					
control_nontr_sv	truth.d_graph_sum	truth edits to best graph path (h1+h2)	-1	mafft_fftns2__all	20	0.0	0.0	0.0	0.0	20	0.0	0.0	0.0	0	0	20					
control_nontr_sv	truth.d_graph_sum	truth edits to best graph path (h1+h2)	-1	mafft_fftnsi__all	20	0.0	0.0	0.0	0.0	20	0.0	0.0	0.0	0	0	20					
control_nontr_sv	truth.d_graph_sum	truth edits to best graph path (h1+h2)	-1	mafft_linsi	20	0.0	0.0	0.0	0.0	20	0.0	0.0	0.0	0	0	20					
control_nontr_sv	truth.d_graph_sum	truth edits to best graph path (h1+h2)	-1	mafft_linsi__all	20	0.0	0.0	0.0	0.0	20	0.0	0.0	0.0	0	0	20					
control_nontr_sv	truth.d_graph_sum	truth edits to best graph path (h1+h2)	-1	mafft_einsi	20	0.0	0.0	0.0	0.0	20	0.0	0.0	0.0	0	0	20					
control_nontr_sv	truth.d_graph_sum	truth edits to best graph path (h1+h2)	-1	mafft_einsi__all	20	0.0	0.0	0.0	0.0	20	0.0	0.0	0.0	0	0	20					
control_nontr_sv	truth.d_graph_sum	truth edits to best graph path (h1+h2)	-1	mafft_ginsi	20	0.0	0.0	0.0	0.0	20	0.0	0.0	0.0	0	0	20					
control_nontr_sv	truth.d_graph_sum	truth edits to best graph path (h1+h2)	-1	mafft_ginsi__all	20	0.0	0.0	0.0	0.0	20	0.0	0.0	0.0	0	0	20					
control_nontr_sv	truth.d_graph_sum	truth edits to best graph path (h1+h2)	-1	poa_abpoa	20	0.0	0.0	0.0	0.0	20	0.0	0.0	0.0	0	0	20					
control_nontr_sv	truth.d_graph_sum	truth edits to best graph path (h1+h2)	-1	poa_abpoa__all	20	0.0	0.0	0.0	0.0	20	0.0	0.0	0.0	0	0	20					
control_nontr_sv	truth.d_graph_sum	truth edits to best graph path (h1+h2)	-1	poa_spoa	20	0.0	0.0	0.0	0.0	20	0.0	0.0	0.0	0	0	20					
control_nontr_sv	truth.d_graph_sum	truth edits to best graph path (h1+h2)	-1	poa_spoa__all	20	0.0	0.0	0.0	0.0	20	0.0	0.0	0.0	0	0	20					
control_nontr_sv	truth.d_graph_sum	truth edits to best graph path (h1+h2)	-1	poa_abpoa_mc	20	0.0	0.0	0.0	0.0	20	0.0	0.0	0.0	0	0	20					
control_nontr_sv	truth.d_graph_sum	truth edits to best graph path (h1+h2)	-1	poa_abpoa_mc__all	20	0.0	0.0	0.0	0.0	20	0.0	0.0	0.0	0	0	20					
control_nontr_sv	truth.d_graph_sum	truth edits to best graph path (h1+h2)	-1	unit_aware	20	0.0	0.0	0.0	0.0	20	0.0	0.0	0.0	0	0	20					
control_nontr_sv	truth.d_graph_sum	truth edits to best graph path (h1+h2)	-1	unit_aware__all	20	0.0	0.0	0.0	0.0	20	0.0	0.0	0.0	0	0	20					
control_nontr_sv	truth.h1_d_graph	truth h1 edits to graph	-1	mc	20	0.0	0.0	0.0	0.0												
control_nontr_sv	truth.h1_d_graph	truth h1 edits to graph	-1	mafft_fftns2	20	0.0	0.0	0.0	0.0	20	0.0	0.0	0.0	0	0	20					
control_nontr_sv	truth.h1_d_graph	truth h1 edits to graph	-1	mafft_fftns2__all	20	0.0	0.0	0.0	0.0	20	0.0	0.0	0.0	0	0	20					
control_nontr_sv	truth.h1_d_graph	truth h1 edits to graph	-1	mafft_fftnsi__all	20	0.0	0.0	0.0	0.0	20	0.0	0.0	0.0	0	0	20					
control_nontr_sv	truth.h1_d_graph	truth h1 edits to graph	-1	mafft_linsi	20	0.0	0.0	0.0	0.0	20	0.0	0.0	0.0	0	0	20					
control_nontr_sv	truth.h1_d_graph	truth h1 edits to graph	-1	mafft_linsi__all	20	0.0	0.0	0.0	0.0	20	0.0	0.0	0.0	0	0	20					
control_nontr_sv	truth.h1_d_graph	truth h1 edits to graph	-1	mafft_einsi	20	0.0	0.0	0.0	0.0	20	0.0	0.0	0.0	0	0	20					
control_nontr_sv	truth.h1_d_graph	truth h1 edits to graph	-1	mafft_einsi__all	20	0.0	0.0	0.0	0.0	20	0.0	0.0	0.0	0	0	20					
control_nontr_sv	truth.h1_d_graph	truth h1 edits to graph	-1	mafft_ginsi	20	0.0	0.0	0.0	0.0	20	0.0	0.0	0.0	0	0	20					
control_nontr_sv	truth.h1_d_graph	truth h1 edits to graph	-1	mafft_ginsi__all	20	0.0	0.0	0.0	0.0	20	0.0	0.0	0.0	0	0	20					
control_nontr_sv	truth.h1_d_graph	truth h1 edits to graph	-1	poa_abpoa	20	0.0	0.0	0.0	0.0	20	0.0	0.0	0.0	0	0	20					
control_nontr_sv	truth.h1_d_graph	truth h1 edits to graph	-1	poa_abpoa__all	20	0.0	0.0	0.0	0.0	20	0.0	0.0	0.0	0	0	20					
control_nontr_sv	truth.h1_d_graph	truth h1 edits to graph	-1	poa_spoa	20	0.0	0.0	0.0	0.0	20	0.0	0.0	0.0	0	0	20					
control_nontr_sv	truth.h1_d_graph	truth h1 edits to graph	-1	poa_spoa__all	20	0.0	0.0	0.0	0.0	20	0.0	0.0	0.0	0	0	20					
control_nontr_sv	truth.h1_d_graph	truth h1 edits to graph	-1	poa_abpoa_mc	20	0.0	0.0	0.0	0.0	20	0.0	0.0	0.0	0	0	20					
control_nontr_sv	truth.h1_d_graph	truth h1 edits to graph	-1	poa_abpoa_mc__all	20	0.0	0.0	0.0	0.0	20	0.0	0.0	0.0	0	0	20					
control_nontr_sv	truth.h1_d_graph	truth h1 edits to graph	-1	unit_aware	20	0.0	0.0	0.0	0.0	20	0.0	0.0	0.0	0	0	20					
control_nontr_sv	truth.h1_d_graph	truth h1 edits to graph	-1	unit_aware__all	20	0.0	0.0	0.0	0.0	20	0.0	0.0	0.0	0	0	20					
control_nontr_sv	truth.h2_d_graph	truth h2 edits to graph	-1	mc	20	0.0	0.0	0.0	0.0												
control_nontr_sv	truth.h2_d_graph	truth h2 edits to graph	-1	mafft_fftns2	20	0.0	0.0	0.0	0.0	20	0.0	0.0	0.0	0	0	20					
control_nontr_sv	truth.h2_d_graph	truth h2 edits to graph	-1	mafft_fftns2__all	20	0.0	0.0	0.0	0.0	20	0.0	0.0	0.0	0	0	20					
control_nontr_sv	truth.h2_d_graph	truth h2 edits to graph	-1	mafft_fftnsi__all	20	0.0	0.0	0.0	0.0	20	0.0	0.0	0.0	0	0	20					
control_nontr_sv	truth.h2_d_graph	truth h2 edits to graph	-1	mafft_linsi	20	0.0	0.0	0.0	0.0	20	0.0	0.0	0.0	0	0	20					
control_nontr_sv	truth.h2_d_graph	truth h2 edits to graph	-1	mafft_linsi__all	20	0.0	0.0	0.0	0.0	20	0.0	0.0	0.0	0	0	20					
control_nontr_sv	truth.h2_d_graph	truth h2 edits to graph	-1	mafft_einsi	20	0.0	0.0	0.0	0.0	20	0.0	0.0	0.0	0	0	20					
control_nontr_sv	truth.h2_d_graph	truth h2 edits to graph	-1	mafft_einsi__all	20	0.0	0.0	0.0	0.0	20	0.0	0.0	0.0	0	0	20					
control_nontr_sv	truth.h2_d_graph	truth h2 edits to graph	-1	mafft_ginsi	20	0.0	0.0	0.0	0.0	20	0.0	0.0	0.0	0	0	20					
control_nontr_sv	truth.h2_d_graph	truth h2 edits to graph	-1	mafft_ginsi__all	20	0.0	0.0	0.0	0.0	20	0.0	0.0	0.0	0	0	20					
control_nontr_sv	truth.h2_d_graph	truth h2 edits to graph	-1	poa_abpoa	20	0.0	0.0	0.0	0.0	20	0.0	0.0	0.0	0	0	20					
control_nontr_sv	truth.h2_d_graph	truth h2 edits to graph	-1	poa_abpoa__all	20	0.0	0.0	0.0	0.0	20	0.0	0.0	0.0	0	0	20					
control_nontr_sv	truth.h2_d_graph	truth h2 edits to graph	-1	poa_spoa	20	0.0	0.0	0.0	0.0	20	0.0	0.0	0.0	0	0	20					
control_nontr_sv	truth.h2_d_graph	truth h2 edits to graph	-1	poa_spoa__all	20	0.0	0.0	0.0	0.0	20	0.0	0.0	0.0	0	0	20					
control_nontr_sv	truth.h2_d_graph	truth h2 edits to graph	-1	poa_abpoa_mc	20	0.0	0.0	0.0	0.0	20	0.0	0.0	0.0	0	0	20					
control_nontr_sv	truth.h2_d_graph	truth h2 edits to graph	-1	poa_abpoa_mc__all	20	0.0	0.0	0.0	0.0	20	0.0	0.0	0.0	0	0	20					
control_nontr_sv	truth.h2_d_graph	truth h2 edits to graph	-1	unit_aware	20	0.0	0.0	0.0	0.0	20	0.0	0.0	0.0	0	0	20					
control_nontr_sv	truth.h2_d_graph	truth h2 edits to graph	-1	unit_aware__all	20	0.0	0.0	0.0	0.0	20	0.0	0.0	0.0	0	0	20					
control_nontr_sv	truth.d_panel_sum	truth edits to closest panel path (h1+h2)	0	mc	20	0.0	0.0	0.0	0.05												
control_nontr_sv	truth.d_panel_sum	truth edits to closest panel path (h1+h2)	0	mafft_fftns2	20	0.0	0.0	0.0	0.05	20	0.0	0.0	0.0			20					
control_nontr_sv	truth.d_panel_sum	truth edits to closest panel path (h1+h2)	0	mafft_fftns2__all	20	0.0	0.0	0.0	0.05	20	0.0	0.0	0.0			20					
control_nontr_sv	truth.d_panel_sum	truth edits to closest panel path (h1+h2)	0	mafft_fftnsi__all	20	0.0	0.0	0.0	0.05	20	0.0	0.0	0.0			20					
control_nontr_sv	truth.d_panel_sum	truth edits to closest panel path (h1+h2)	0	mafft_linsi	20	0.0	0.0	0.0	0.05	20	0.0	0.0	0.0			20					
control_nontr_sv	truth.d_panel_sum	truth edits to closest panel path (h1+h2)	0	mafft_linsi__all	20	0.0	0.0	0.0	0.05	20	0.0	0.0	0.0			20					
control_nontr_sv	truth.d_panel_sum	truth edits to closest panel path (h1+h2)	0	mafft_einsi	20	0.0	0.0	0.0	0.05	20	0.0	0.0	0.0			20					
control_nontr_sv	truth.d_panel_sum	truth edits to closest panel path (h1+h2)	0	mafft_einsi__all	20	0.0	0.0	0.0	0.05	20	0.0	0.0	0.0			20					
control_nontr_sv	truth.d_panel_sum	truth edits to closest panel path (h1+h2)	0	mafft_ginsi	20	0.0	0.0	0.0	0.05	20	0.0	0.0	0.0			20					
control_nontr_sv	truth.d_panel_sum	truth edits to closest panel path (h1+h2)	0	mafft_ginsi__all	20	0.0	0.0	0.0	0.05	20	0.0	0.0	0.0			20					
control_nontr_sv	truth.d_panel_sum	truth edits to closest panel path (h1+h2)	0	poa_abpoa	20	0.0	0.0	0.0	0.05	20	0.0	0.0	0.0			20					
control_nontr_sv	truth.d_panel_sum	truth edits to closest panel path (h1+h2)	0	poa_abpoa__all	20	0.0	0.0	0.0	0.05	20	0.0	0.0	0.0			20					
control_nontr_sv	truth.d_panel_sum	truth edits to closest panel path (h1+h2)	0	poa_spoa	20	0.0	0.0	0.0	0.05	20	0.0	0.0	0.0			20					
control_nontr_sv	truth.d_panel_sum	truth edits to closest panel path (h1+h2)	0	poa_spoa__all	20	0.0	0.0	0.0	0.05	20	0.0	0.0	0.0			20					
control_nontr_sv	truth.d_panel_sum	truth edits to closest panel path (h1+h2)	0	poa_abpoa_mc	20	0.0	0.0	0.0	0.05	20	0.0	0.0	0.0			20					
control_nontr_sv	truth.d_panel_sum	truth edits to closest panel path (h1+h2)	0	poa_abpoa_mc__all	20	0.0	0.0	0.0	0.05	20	0.0	0.0	0.0			20					
control_nontr_sv	truth.d_panel_sum	truth edits to closest panel path (h1+h2)	0	unit_aware	20	0.0	0.0	0.0	0.05	20	0.0	0.0	0.0			20					
control_nontr_sv	truth.d_panel_sum	truth edits to closest panel path (h1+h2)	0	unit_aware__all	20	0.0	0.0	0.0	0.05	20	0.0	0.0	0.0			20					
control_nontr_sv	truth.truvari.raw_f1	truth-by-graph truvari F1, raw	1	mc	20	1.0	1.0	1.0	1.0												
control_nontr_sv	truth.truvari.raw_f1	truth-by-graph truvari F1, raw	1	mafft_fftns2	20	1.0	1.0	1.0	1.0	20	0.0	0.0	0.0	0	0	20					
control_nontr_sv	truth.truvari.raw_f1	truth-by-graph truvari F1, raw	1	mafft_fftns2__all	20	1.0	1.0	1.0	1.0	20	0.0	0.0	0.0	0	0	20					
control_nontr_sv	truth.truvari.raw_f1	truth-by-graph truvari F1, raw	1	mafft_fftnsi__all	20	1.0	1.0	1.0	1.0	20	0.0	0.0	0.0	0	0	20					
control_nontr_sv	truth.truvari.raw_f1	truth-by-graph truvari F1, raw	1	mafft_linsi	20	1.0	1.0	1.0	0.983335	20	0.0	0.0	0.0	0	1	19	1.0				
control_nontr_sv	truth.truvari.raw_f1	truth-by-graph truvari F1, raw	1	mafft_linsi__all	20	1.0	1.0	1.0	0.983335	20	0.0	0.0	0.0	0	1	19	1.0				
control_nontr_sv	truth.truvari.raw_f1	truth-by-graph truvari F1, raw	1	mafft_einsi	20	1.0	1.0	1.0	1.0	20	0.0	0.0	0.0	0	0	20					
control_nontr_sv	truth.truvari.raw_f1	truth-by-graph truvari F1, raw	1	mafft_einsi__all	20	1.0	1.0	1.0	1.0	20	0.0	0.0	0.0	0	0	20					
control_nontr_sv	truth.truvari.raw_f1	truth-by-graph truvari F1, raw	1	mafft_ginsi	20	1.0	1.0	1.0	0.983335	20	0.0	0.0	0.0	0	1	19	1.0				
control_nontr_sv	truth.truvari.raw_f1	truth-by-graph truvari F1, raw	1	mafft_ginsi__all	20	1.0	1.0	1.0	0.983335	20	0.0	0.0	0.0	0	1	19	1.0				
control_nontr_sv	truth.truvari.raw_f1	truth-by-graph truvari F1, raw	1	poa_abpoa	20	1.0	1.0	1.0	1.0	20	0.0	0.0	0.0	0	0	20					
control_nontr_sv	truth.truvari.raw_f1	truth-by-graph truvari F1, raw	1	poa_abpoa__all	20	1.0	1.0	1.0	1.0	20	0.0	0.0	0.0	0	0	20					
control_nontr_sv	truth.truvari.raw_f1	truth-by-graph truvari F1, raw	1	poa_spoa	20	1.0	1.0	1.0	1.0	20	0.0	0.0	0.0	0	0	20					
control_nontr_sv	truth.truvari.raw_f1	truth-by-graph truvari F1, raw	1	poa_spoa__all	20	1.0	1.0	1.0	1.0	20	0.0	0.0	0.0	0	0	20					
control_nontr_sv	truth.truvari.raw_f1	truth-by-graph truvari F1, raw	1	poa_abpoa_mc	20	1.0	1.0	1.0	1.0	20	0.0	0.0	0.0	0	0	20					
control_nontr_sv	truth.truvari.raw_f1	truth-by-graph truvari F1, raw	1	poa_abpoa_mc__all	20	1.0	1.0	1.0	1.0	20	0.0	0.0	0.0	0	0	20					
control_nontr_sv	truth.truvari.raw_f1	truth-by-graph truvari F1, raw	1	unit_aware	20	1.0	1.0	1.0	0.983335	20	0.0	0.0	0.0	0	1	19	1.0				
control_nontr_sv	truth.truvari.raw_f1	truth-by-graph truvari F1, raw	1	unit_aware__all	20	1.0	1.0	1.0	0.983335	20	0.0	0.0	0.0	0	1	19	1.0				
control_nontr_sv	truth.truvari.refined_f1	truth-by-graph truvari F1, refined	1	mc	20	1.0	1.0	1.0	1.0												
control_nontr_sv	truth.truvari.refined_f1	truth-by-graph truvari F1, refined	1	mafft_fftns2	20	1.0	1.0	1.0	1.0	20	0.0	0.0	0.0	0	0	20					
control_nontr_sv	truth.truvari.refined_f1	truth-by-graph truvari F1, refined	1	mafft_fftns2__all	20	1.0	1.0	1.0	1.0	20	0.0	0.0	0.0	0	0	20					
control_nontr_sv	truth.truvari.refined_f1	truth-by-graph truvari F1, refined	1	mafft_fftnsi__all	20	1.0	1.0	1.0	1.0	20	0.0	0.0	0.0	0	0	20					
control_nontr_sv	truth.truvari.refined_f1	truth-by-graph truvari F1, refined	1	mafft_linsi	20	1.0	1.0	1.0	1.0	20	0.0	0.0	0.0	0	0	20					
control_nontr_sv	truth.truvari.refined_f1	truth-by-graph truvari F1, refined	1	mafft_linsi__all	20	1.0	1.0	1.0	1.0	20	0.0	0.0	0.0	0	0	20					
control_nontr_sv	truth.truvari.refined_f1	truth-by-graph truvari F1, refined	1	mafft_einsi	20	1.0	1.0	1.0	1.0	20	0.0	0.0	0.0	0	0	20					
control_nontr_sv	truth.truvari.refined_f1	truth-by-graph truvari F1, refined	1	mafft_einsi__all	20	1.0	1.0	1.0	1.0	20	0.0	0.0	0.0	0	0	20					
control_nontr_sv	truth.truvari.refined_f1	truth-by-graph truvari F1, refined	1	mafft_ginsi	20	1.0	1.0	1.0	1.0	20	0.0	0.0	0.0	0	0	20					
control_nontr_sv	truth.truvari.refined_f1	truth-by-graph truvari F1, refined	1	mafft_ginsi__all	20	1.0	1.0	1.0	1.0	20	0.0	0.0	0.0	0	0	20					
control_nontr_sv	truth.truvari.refined_f1	truth-by-graph truvari F1, refined	1	poa_abpoa	20	1.0	1.0	1.0	1.0	20	0.0	0.0	0.0	0	0	20					
control_nontr_sv	truth.truvari.refined_f1	truth-by-graph truvari F1, refined	1	poa_abpoa__all	20	1.0	1.0	1.0	1.0	20	0.0	0.0	0.0	0	0	20					
control_nontr_sv	truth.truvari.refined_f1	truth-by-graph truvari F1, refined	1	poa_spoa	20	1.0	1.0	1.0	1.0	20	0.0	0.0	0.0	0	0	20					
control_nontr_sv	truth.truvari.refined_f1	truth-by-graph truvari F1, refined	1	poa_spoa__all	20	1.0	1.0	1.0	1.0	20	0.0	0.0	0.0	0	0	20					
control_nontr_sv	truth.truvari.refined_f1	truth-by-graph truvari F1, refined	1	poa_abpoa_mc	20	1.0	1.0	1.0	1.0	20	0.0	0.0	0.0	0	0	20					
control_nontr_sv	truth.truvari.refined_f1	truth-by-graph truvari F1, refined	1	poa_abpoa_mc__all	20	1.0	1.0	1.0	1.0	20	0.0	0.0	0.0	0	0	20					
control_nontr_sv	truth.truvari.refined_f1	truth-by-graph truvari F1, refined	1	unit_aware	20	1.0	1.0	1.0	1.0	20	0.0	0.0	0.0	0	0	20					
control_nontr_sv	truth.truvari.refined_f1	truth-by-graph truvari F1, refined	1	unit_aware__all	20	1.0	1.0	1.0	1.0	20	0.0	0.0	0.0	0	0	20					
control_nontr_sv	truth.truvari.phab_f1	truth-by-graph truvari F1, whole-span phab	1	mc	20	1.0	1.0	1.0	1.0												
control_nontr_sv	truth.truvari.phab_f1	truth-by-graph truvari F1, whole-span phab	1	mafft_fftns2	20	1.0	1.0	1.0	1.0	20	0.0	0.0	0.0	0	0	20					
control_nontr_sv	truth.truvari.phab_f1	truth-by-graph truvari F1, whole-span phab	1	mafft_fftns2__all	20	1.0	1.0	1.0	1.0	20	0.0	0.0	0.0	0	0	20					
control_nontr_sv	truth.truvari.phab_f1	truth-by-graph truvari F1, whole-span phab	1	mafft_fftnsi__all	20	1.0	1.0	1.0	1.0	20	0.0	0.0	0.0	0	0	20					
control_nontr_sv	truth.truvari.phab_f1	truth-by-graph truvari F1, whole-span phab	1	mafft_linsi	20	1.0	1.0	1.0	1.0	20	0.0	0.0	0.0	0	0	20					
control_nontr_sv	truth.truvari.phab_f1	truth-by-graph truvari F1, whole-span phab	1	mafft_linsi__all	20	1.0	1.0	1.0	1.0	20	0.0	0.0	0.0	0	0	20					
control_nontr_sv	truth.truvari.phab_f1	truth-by-graph truvari F1, whole-span phab	1	mafft_einsi	20	1.0	1.0	1.0	1.0	20	0.0	0.0	0.0	0	0	20					
control_nontr_sv	truth.truvari.phab_f1	truth-by-graph truvari F1, whole-span phab	1	mafft_einsi__all	20	1.0	1.0	1.0	1.0	20	0.0	0.0	0.0	0	0	20					
control_nontr_sv	truth.truvari.phab_f1	truth-by-graph truvari F1, whole-span phab	1	mafft_ginsi	20	1.0	1.0	1.0	1.0	20	0.0	0.0	0.0	0	0	20					
control_nontr_sv	truth.truvari.phab_f1	truth-by-graph truvari F1, whole-span phab	1	mafft_ginsi__all	20	1.0	1.0	1.0	1.0	20	0.0	0.0	0.0	0	0	20					
control_nontr_sv	truth.truvari.phab_f1	truth-by-graph truvari F1, whole-span phab	1	poa_abpoa	20	1.0	1.0	1.0	1.0	20	0.0	0.0	0.0	0	0	20					
control_nontr_sv	truth.truvari.phab_f1	truth-by-graph truvari F1, whole-span phab	1	poa_abpoa__all	20	1.0	1.0	1.0	1.0	20	0.0	0.0	0.0	0	0	20					
control_nontr_sv	truth.truvari.phab_f1	truth-by-graph truvari F1, whole-span phab	1	poa_spoa	20	1.0	1.0	1.0	1.0	20	0.0	0.0	0.0	0	0	20					
control_nontr_sv	truth.truvari.phab_f1	truth-by-graph truvari F1, whole-span phab	1	poa_spoa__all	20	1.0	1.0	1.0	1.0	20	0.0	0.0	0.0	0	0	20					
control_nontr_sv	truth.truvari.phab_f1	truth-by-graph truvari F1, whole-span phab	1	poa_abpoa_mc	20	1.0	1.0	1.0	1.0	20	0.0	0.0	0.0	0	0	20					
control_nontr_sv	truth.truvari.phab_f1	truth-by-graph truvari F1, whole-span phab	1	poa_abpoa_mc__all	20	1.0	1.0	1.0	1.0	20	0.0	0.0	0.0	0	0	20					
control_nontr_sv	truth.truvari.phab_f1	truth-by-graph truvari F1, whole-span phab	1	unit_aware	20	1.0	1.0	1.0	1.0	20	0.0	0.0	0.0	0	0	20					
control_nontr_sv	truth.truvari.phab_f1	truth-by-graph truvari F1, whole-span phab	1	unit_aware__all	20	1.0	1.0	1.0	1.0	20	0.0	0.0	0.0	0	0	20					
control_nontr_sv	truth.truvari.records_sv	truth-by-graph SV records	0	mc	20	1.0	1.0	1.0	1.0												
control_nontr_sv	truth.truvari.records_sv	truth-by-graph SV records	0	mafft_fftns2	20	1.0	1.0	1.0	1.0	20	0.0	0.0	0.0			20					
control_nontr_sv	truth.truvari.records_sv	truth-by-graph SV records	0	mafft_fftns2__all	20	1.0	1.0	1.0	1.0	20	0.0	0.0	0.0			20					
control_nontr_sv	truth.truvari.records_sv	truth-by-graph SV records	0	mafft_fftnsi__all	20	1.0	1.0	1.0	1.0	20	0.0	0.0	0.0			20					
control_nontr_sv	truth.truvari.records_sv	truth-by-graph SV records	0	mafft_linsi	20	1.0	1.0	1.0	1.05	20	0.0	0.0	0.0			19	1.0				
control_nontr_sv	truth.truvari.records_sv	truth-by-graph SV records	0	mafft_linsi__all	20	1.0	1.0	1.0	1.05	20	0.0	0.0	0.0			19	1.0				
control_nontr_sv	truth.truvari.records_sv	truth-by-graph SV records	0	mafft_einsi	20	1.0	1.0	1.0	1.0	20	0.0	0.0	0.0			20					
control_nontr_sv	truth.truvari.records_sv	truth-by-graph SV records	0	mafft_einsi__all	20	1.0	1.0	1.0	1.0	20	0.0	0.0	0.0			20					
control_nontr_sv	truth.truvari.records_sv	truth-by-graph SV records	0	mafft_ginsi	20	1.0	1.0	1.0	1.05	20	0.0	0.0	0.0			19	1.0				
control_nontr_sv	truth.truvari.records_sv	truth-by-graph SV records	0	mafft_ginsi__all	20	1.0	1.0	1.0	1.05	20	0.0	0.0	0.0			19	1.0				
control_nontr_sv	truth.truvari.records_sv	truth-by-graph SV records	0	poa_abpoa	20	1.0	1.0	1.0	1.0	20	0.0	0.0	0.0			20					
control_nontr_sv	truth.truvari.records_sv	truth-by-graph SV records	0	poa_abpoa__all	20	1.0	1.0	1.0	1.0	20	0.0	0.0	0.0			20					
control_nontr_sv	truth.truvari.records_sv	truth-by-graph SV records	0	poa_spoa	20	1.0	1.0	1.0	1.0	20	0.0	0.0	0.0			20					
control_nontr_sv	truth.truvari.records_sv	truth-by-graph SV records	0	poa_spoa__all	20	1.0	1.0	1.0	1.0	20	0.0	0.0	0.0			20					
control_nontr_sv	truth.truvari.records_sv	truth-by-graph SV records	0	poa_abpoa_mc	20	1.0	1.0	1.0	1.0	20	0.0	0.0	0.0			20					
control_nontr_sv	truth.truvari.records_sv	truth-by-graph SV records	0	poa_abpoa_mc__all	20	1.0	1.0	1.0	1.0	20	0.0	0.0	0.0			20					
control_nontr_sv	truth.truvari.records_sv	truth-by-graph SV records	0	unit_aware	20	1.0	1.0	1.0	1.05	20	0.0	0.0	0.0			19	1.0				
control_nontr_sv	truth.truvari.records_sv	truth-by-graph SV records	0	unit_aware__all	20	1.0	1.0	1.0	1.05	20	0.0	0.0	0.0			19	1.0				
control_nontr_sv	reads.all_unique	reads: unique placement	1	mc	20	0.9771000000000001	0.939675	1.0	0.9631700000000001												
control_nontr_sv	reads.all_unique	reads: unique placement	1	mafft_fftns2	20	0.9901500000000001	0.9558	1.0	0.9764950000000001	20	0.0	0.0	0.0	4	2	14	0.15625				
control_nontr_sv	reads.all_unique	reads: unique placement	1	mafft_fftns2__all	20	0.99655	0.9591	1.0	0.978355	20	0.0	0.0	0.009800000000000031	6	1	13	0.046875				
control_nontr_sv	reads.all_unique	reads: unique placement	1	mafft_fftnsi__all	20	0.99655	0.9591	1.0	0.978355	20	0.0	0.0	0.009800000000000031	6	1	13	0.046875				
control_nontr_sv	reads.all_unique	reads: unique placement	1	mafft_linsi	20	0.9742999999999999	0.934475	1.0	0.9658300000000001	20	0.0	-0.002150000000000013	0.0	4	5	11	0.8203125				
control_nontr_sv	reads.all_unique	reads: unique placement	1	mafft_linsi__all	20	0.9742999999999999	0.934475	1.0	0.9658300000000001	20	0.0	-0.002150000000000013	0.0	4	5	11	0.8203125				
control_nontr_sv	reads.all_unique	reads: unique placement	1	mafft_einsi	20	0.9901500000000001	0.9591	1.0	0.975455	20	0.0	0.0	0.0	4	3	13	0.375				
control_nontr_sv	reads.all_unique	reads: unique placement	1	mafft_einsi__all	20	0.9901500000000001	0.9491499999999999	1.0	0.973115	20	0.0	0.0	0.0	3	4	13	0.8125				
control_nontr_sv	reads.all_unique	reads: unique placement	1	mafft_ginsi	20	0.9742999999999999	0.934475	1.0	0.9658300000000001	20	0.0	-0.002150000000000013	0.0	4	5	11	0.8203125				
control_nontr_sv	reads.all_unique	reads: unique placement	1	mafft_ginsi__all	20	0.9742999999999999	0.934475	1.0	0.9658300000000001	20	0.0	-0.002150000000000013	0.0	4	5	11	0.8203125				
control_nontr_sv	reads.all_unique	reads: unique placement	1	poa_abpoa	20	0.9901500000000001	0.95355	1.0	0.9750650000000001	20	0.0	0.0	0.0	4	3	13	0.375				
control_nontr_sv	reads.all_unique	reads: unique placement	1	poa_abpoa__all	20	0.9901500000000001	0.95355	1.0	0.9750650000000001	20	0.0	0.0	0.0	4	3	13	0.375				
control_nontr_sv	reads.all_unique	reads: unique placement	1	poa_spoa	20	0.9901500000000001	0.9591	1.0	0.975455	20	0.0	0.0	0.0	4	3	13	0.375				
control_nontr_sv	reads.all_unique	reads: unique placement	1	poa_spoa__all	20	0.9901500000000001	0.95355	1.0	0.9750650000000001	20	0.0	0.0	0.0	4	3	13	0.375				
control_nontr_sv	reads.all_unique	reads: unique placement	1	poa_abpoa_mc	20	0.9901500000000001	0.95355	1.0	0.9750650000000001	20	0.0	0.0	0.0	4	3	13	0.375				
control_nontr_sv	reads.all_unique	reads: unique placement	1	poa_abpoa_mc__all	20	0.9901500000000001	0.95355	1.0	0.9750650000000001	20	0.0	0.0	0.0	4	3	13	0.375				
control_nontr_sv	reads.all_unique	reads: unique placement	1	unit_aware	20	0.9742999999999999	0.934475	1.0	0.9658300000000001	20	0.0	-0.002150000000000013	0.0	4	5	11	0.8203125				
control_nontr_sv	reads.all_unique	reads: unique placement	1	unit_aware__all	20	0.9742999999999999	0.934475	1.0	0.9658300000000001	20	0.0	-0.002150000000000013	0.0	4	5	11	0.8203125				
control_nontr_sv	reads.all_redundant_only	reads: redundant (cross-walk) only	-1	mc	20	0.0229	0.0	0.060325000000000004	0.03683												
control_nontr_sv	reads.all_redundant_only	reads: redundant (cross-walk) only	-1	mafft_fftns2	20	0.009850000000000001	0.0	0.044199999999999996	0.023505	20	0.0	0.0	0.0	4	2	14	0.15625				
control_nontr_sv	reads.all_redundant_only	reads: redundant (cross-walk) only	-1	mafft_fftns2__all	20	0.00345	0.0	0.040900000000000006	0.021645	20	0.0	-0.009800000000000001	0.0	6	1	13	0.046875				
control_nontr_sv	reads.all_redundant_only	reads: redundant (cross-walk) only	-1	mafft_fftnsi__all	20	0.00345	0.0	0.040900000000000006	0.021645	20	0.0	-0.009800000000000001	0.0	6	1	13	0.046875				
control_nontr_sv	reads.all_redundant_only	reads: redundant (cross-walk) only	-1	mafft_linsi	20	0.0257	0.0	0.065525	0.03417	20	0.0	0.0	0.0021500000000000026	4	5	11	0.8203125				
control_nontr_sv	reads.all_redundant_only	reads: redundant (cross-walk) only	-1	mafft_linsi__all	20	0.0257	0.0	0.065525	0.03417	20	0.0	0.0	0.0021500000000000026	4	5	11	0.8203125				
control_nontr_sv	reads.all_redundant_only	reads: redundant (cross-walk) only	-1	mafft_einsi	20	0.009850000000000001	0.0	0.040900000000000006	0.024545	20	0.0	0.0	0.0	4	3	13	0.375				
control_nontr_sv	reads.all_redundant_only	reads: redundant (cross-walk) only	-1	mafft_einsi__all	20	0.009850000000000001	0.0	0.05085	0.026885000000000003	20	0.0	0.0	0.0	3	4	13	0.8125				
control_nontr_sv	reads.all_redundant_only	reads: redundant (cross-walk) only	-1	mafft_ginsi	20	0.0257	0.0	0.065525	0.03417	20	0.0	0.0	0.0021500000000000026	4	5	11	0.8203125				
control_nontr_sv	reads.all_redundant_only	reads: redundant (cross-walk) only	-1	mafft_ginsi__all	20	0.0257	0.0	0.065525	0.03417	20	0.0	0.0	0.0021500000000000026	4	5	11	0.8203125				
control_nontr_sv	reads.all_redundant_only	reads: redundant (cross-walk) only	-1	poa_abpoa	20	0.009850000000000001	0.0	0.04645	0.024935000000000002	20	0.0	0.0	0.0	4	3	13	0.375				
control_nontr_sv	reads.all_redundant_only	reads: redundant (cross-walk) only	-1	poa_abpoa__all	20	0.009850000000000001	0.0	0.04645	0.024935000000000002	20	0.0	0.0	0.0	4	3	13	0.375				
control_nontr_sv	reads.all_redundant_only	reads: redundant (cross-walk) only	-1	poa_spoa	20	0.009850000000000001	0.0	0.040900000000000006	0.024545	20	0.0	0.0	0.0	4	3	13	0.375				
control_nontr_sv	reads.all_redundant_only	reads: redundant (cross-walk) only	-1	poa_spoa__all	20	0.009850000000000001	0.0	0.04645	0.024935000000000002	20	0.0	0.0	0.0	4	3	13	0.375				
control_nontr_sv	reads.all_redundant_only	reads: redundant (cross-walk) only	-1	poa_abpoa_mc	20	0.009850000000000001	0.0	0.04645	0.024935000000000002	20	0.0	0.0	0.0	4	3	13	0.375				
control_nontr_sv	reads.all_redundant_only	reads: redundant (cross-walk) only	-1	poa_abpoa_mc__all	20	0.009850000000000001	0.0	0.04645	0.024935000000000002	20	0.0	0.0	0.0	4	3	13	0.375				
control_nontr_sv	reads.all_redundant_only	reads: redundant (cross-walk) only	-1	unit_aware	20	0.0257	0.0	0.065525	0.03417	20	0.0	0.0	0.0021500000000000026	4	5	11	0.8203125				
control_nontr_sv	reads.all_redundant_only	reads: redundant (cross-walk) only	-1	unit_aware__all	20	0.0257	0.0	0.065525	0.03417	20	0.0	0.0	0.0021500000000000026	4	5	11	0.8203125				
control_nontr_sv	reads.all_tandem	reads: tandem	0	mc	20	0.0	0.0	0.0	0.0												
control_nontr_sv	reads.all_tandem	reads: tandem	0	mafft_fftns2	20	0.0	0.0	0.0	0.0	20	0.0	0.0	0.0			20					
control_nontr_sv	reads.all_tandem	reads: tandem	0	mafft_fftns2__all	20	0.0	0.0	0.0	0.0	20	0.0	0.0	0.0			20					
control_nontr_sv	reads.all_tandem	reads: tandem	0	mafft_fftnsi__all	20	0.0	0.0	0.0	0.0	20	0.0	0.0	0.0			20					
control_nontr_sv	reads.all_tandem	reads: tandem	0	mafft_linsi	20	0.0	0.0	0.0	0.0	20	0.0	0.0	0.0			20					
control_nontr_sv	reads.all_tandem	reads: tandem	0	mafft_linsi__all	20	0.0	0.0	0.0	0.0	20	0.0	0.0	0.0			20					
control_nontr_sv	reads.all_tandem	reads: tandem	0	mafft_einsi	20	0.0	0.0	0.0	0.0	20	0.0	0.0	0.0			20					
control_nontr_sv	reads.all_tandem	reads: tandem	0	mafft_einsi__all	20	0.0	0.0	0.0	0.0	20	0.0	0.0	0.0			20					
control_nontr_sv	reads.all_tandem	reads: tandem	0	mafft_ginsi	20	0.0	0.0	0.0	0.0	20	0.0	0.0	0.0			20					
control_nontr_sv	reads.all_tandem	reads: tandem	0	mafft_ginsi__all	20	0.0	0.0	0.0	0.0	20	0.0	0.0	0.0			20					
control_nontr_sv	reads.all_tandem	reads: tandem	0	poa_abpoa	20	0.0	0.0	0.0	0.0	20	0.0	0.0	0.0			20					
control_nontr_sv	reads.all_tandem	reads: tandem	0	poa_abpoa__all	20	0.0	0.0	0.0	0.0	20	0.0	0.0	0.0			20					
control_nontr_sv	reads.all_tandem	reads: tandem	0	poa_spoa	20	0.0	0.0	0.0	0.0	20	0.0	0.0	0.0			20					
control_nontr_sv	reads.all_tandem	reads: tandem	0	poa_spoa__all	20	0.0	0.0	0.0	0.0	20	0.0	0.0	0.0			20					
control_nontr_sv	reads.all_tandem	reads: tandem	0	poa_abpoa_mc	20	0.0	0.0	0.0	0.0	20	0.0	0.0	0.0			20					
control_nontr_sv	reads.all_tandem	reads: tandem	0	poa_abpoa_mc__all	20	0.0	0.0	0.0	0.0	20	0.0	0.0	0.0			20					
control_nontr_sv	reads.all_tandem	reads: tandem	0	unit_aware	20	0.0	0.0	0.0	0.0	20	0.0	0.0	0.0			20					
control_nontr_sv	reads.all_tandem	reads: tandem	0	unit_aware__all	20	0.0	0.0	0.0	0.0	20	0.0	0.0	0.0			20					
control_nontr_sv	reads.all_ratio_mean	reads: placements / max per path	-1	mc	20	1.04725	1.0	1.107325	1.066135												
control_nontr_sv	reads.all_ratio_mean	reads: placements / max per path	-1	mafft_fftns2	20	1.0098500000000001	1.0	1.05805	1.0534750000000002	20	0.0	0.0	0.0	4	3	13	0.21875				
control_nontr_sv	reads.all_ratio_mean	reads: placements / max per path	-1	mafft_fftns2__all	20	1.00345	1.0	1.0526	1.051615	20	0.0	-0.009800000000000031	0.0	6	2	12	0.078125				
control_nontr_sv	reads.all_ratio_mean	reads: placements / max per path	-1	mafft_fftnsi__all	20	1.00345	1.0	1.0526	1.051615	20	0.0	-0.009800000000000031	0.0	6	2	12	0.078125				
control_nontr_sv	reads.all_ratio_mean	reads: placements / max per path	-1	mafft_linsi	20	1.0466	1.0	1.083575	1.0641349999999998	20	0.0	0.0	0.0021500000000000408	4	5	11	0.8203125				
control_nontr_sv	reads.all_ratio_mean	reads: placements / max per path	-1	mafft_linsi__all	20	1.0466	1.0	1.083575	1.0641349999999998	20	0.0	0.0	0.0021500000000000408	4	5	11	0.8203125				
control_nontr_sv	reads.all_ratio_mean	reads: placements / max per path	-1	mafft_einsi	20	1.0098500000000001	1.0	1.064675	1.05451	20	0.0	0.0	0.0	4	3	13	0.375				
control_nontr_sv	reads.all_ratio_mean	reads: placements / max per path	-1	mafft_einsi__all	20	1.0098500000000001	1.0	1.07625	1.058025	20	0.0	0.0	0.0	3	4	13	0.8125				
control_nontr_sv	reads.all_ratio_mean	reads: placements / max per path	-1	mafft_ginsi	20	1.0466	1.0	1.083575	1.0641349999999998	20	0.0	0.0	0.0021500000000000408	4	5	11	0.8203125				
control_nontr_sv	reads.all_ratio_mean	reads: placements / max per path	-1	mafft_ginsi__all	20	1.0466	1.0	1.083575	1.0641349999999998	20	0.0	0.0	0.0021500000000000408	4	5	11	0.8203125				
control_nontr_sv	reads.all_ratio_mean	reads: placements / max per path	-1	poa_abpoa	20	1.0098500000000001	1.0	1.064675	1.0549	20	0.0	0.0	0.0	4	3	13	0.375				
control_nontr_sv	reads.all_ratio_mean	reads: placements / max per path	-1	poa_abpoa__all	20	1.0098500000000001	1.0	1.064675	1.0549	20	0.0	0.0	0.0	4	3	13	0.375				
control_nontr_sv	reads.all_ratio_mean	reads: placements / max per path	-1	poa_spoa	20	1.0098500000000001	1.0	1.064675	1.05451	20	0.0	0.0	0.0	4	3	13	0.375				
control_nontr_sv	reads.all_ratio_mean	reads: placements / max per path	-1	poa_spoa__all	20	1.0098500000000001	1.0	1.064675	1.0549	20	0.0	0.0	0.0	4	3	13	0.375				
control_nontr_sv	reads.all_ratio_mean	reads: placements / max per path	-1	poa_abpoa_mc	20	1.0098500000000001	1.0	1.064675	1.0549	20	0.0	0.0	0.0	4	3	13	0.375				
control_nontr_sv	reads.all_ratio_mean	reads: placements / max per path	-1	poa_abpoa_mc__all	20	1.0098500000000001	1.0	1.064675	1.0549	20	0.0	0.0	0.0	4	3	13	0.375				
control_nontr_sv	reads.all_ratio_mean	reads: placements / max per path	-1	unit_aware	20	1.0466	1.0	1.083575	1.0641349999999998	20	0.0	0.0	0.0021500000000000408	4	5	11	0.8203125				
control_nontr_sv	reads.all_ratio_mean	reads: placements / max per path	-1	unit_aware__all	20	1.0466	1.0	1.083575	1.0641349999999998	20	0.0	0.0	0.0021500000000000408	4	5	11	0.8203125				
control_nontr_sv	reads.mqlt5_redundant_only	reads MAPQ<5: redundant only	-1	mc	16	0.0	0.0	0.14615	0.10036875												
control_nontr_sv	reads.mqlt5_redundant_only	reads MAPQ<5: redundant only	-1	mafft_fftns2	16	0.0	0.0	0.0	0.05661875	16	0.0	0.0	0.0	2	0	14	0.5				
control_nontr_sv	reads.mqlt5_redundant_only	reads MAPQ<5: redundant only	-1	mafft_fftns2__all	16	0.0	0.0	0.0	0.05661875	16	0.0	0.0	0.0	2	0	14	0.5				
control_nontr_sv	reads.mqlt5_redundant_only	reads MAPQ<5: redundant only	-1	mafft_fftnsi__all	16	0.0	0.0	0.0	0.05661875	16	0.0	0.0	0.0	2	0	14	0.5				
control_nontr_sv	reads.mqlt5_redundant_only	reads MAPQ<5: redundant only	-1	mafft_linsi	16	0.0	0.0	0.03205	0.07745	16	0.0	0.0	0.0	2	1	13	0.75				
control_nontr_sv	reads.mqlt5_redundant_only	reads MAPQ<5: redundant only	-1	mafft_linsi__all	16	0.0	0.0	0.03205	0.07745	16	0.0	0.0	0.0	2	1	13	0.75				
control_nontr_sv	reads.mqlt5_redundant_only	reads MAPQ<5: redundant only	-1	mafft_einsi	16	0.0	0.0	0.0	0.05661875	16	0.0	0.0	0.0	2	0	14	0.5				
control_nontr_sv	reads.mqlt5_redundant_only	reads MAPQ<5: redundant only	-1	mafft_einsi__all	16	0.0	0.0	0.0	0.05661875	16	0.0	0.0	0.0	2	0	14	0.5				
control_nontr_sv	reads.mqlt5_redundant_only	reads MAPQ<5: redundant only	-1	mafft_ginsi	16	0.0	0.0	0.03205	0.07745	16	0.0	0.0	0.0	2	1	13	0.75				
control_nontr_sv	reads.mqlt5_redundant_only	reads MAPQ<5: redundant only	-1	mafft_ginsi__all	16	0.0	0.0	0.03205	0.07745	16	0.0	0.0	0.0	2	1	13	0.75				
control_nontr_sv	reads.mqlt5_redundant_only	reads MAPQ<5: redundant only	-1	poa_abpoa	16	0.0	0.0	0.0	0.05661875	16	0.0	0.0	0.0	2	0	14	0.5				
control_nontr_sv	reads.mqlt5_redundant_only	reads MAPQ<5: redundant only	-1	poa_abpoa__all	16	0.0	0.0	0.0	0.05661875	16	0.0	0.0	0.0	2	0	14	0.5				
control_nontr_sv	reads.mqlt5_redundant_only	reads MAPQ<5: redundant only	-1	poa_spoa	16	0.0	0.0	0.0	0.05661875	16	0.0	0.0	0.0	2	0	14	0.5				
control_nontr_sv	reads.mqlt5_redundant_only	reads MAPQ<5: redundant only	-1	poa_spoa__all	16	0.0	0.0	0.0	0.05661875	16	0.0	0.0	0.0	2	0	14	0.5				
control_nontr_sv	reads.mqlt5_redundant_only	reads MAPQ<5: redundant only	-1	poa_abpoa_mc	16	0.0	0.0	0.0	0.05661875	16	0.0	0.0	0.0	2	0	14	0.5				
control_nontr_sv	reads.mqlt5_redundant_only	reads MAPQ<5: redundant only	-1	poa_abpoa_mc__all	16	0.0	0.0	0.0	0.05661875	16	0.0	0.0	0.0	2	0	14	0.5				
control_nontr_sv	reads.mqlt5_redundant_only	reads MAPQ<5: redundant only	-1	unit_aware	16	0.0	0.0	0.03205	0.07745	16	0.0	0.0	0.0	2	1	13	0.75				
control_nontr_sv	reads.mqlt5_redundant_only	reads MAPQ<5: redundant only	-1	unit_aware__all	16	0.0	0.0	0.03205	0.07745	16	0.0	0.0	0.0	2	1	13	0.75				
control_nontr_sv	reads.mqlt5_ratio_mean	reads MAPQ<5: placements / max per path	-1	mc	16	1.0	1.0	1.265375	1.218425												
control_nontr_sv	reads.mqlt5_ratio_mean	reads MAPQ<5: placements / max per path	-1	mafft_fftns2	16	1.0	1.0	1.0	1.174675	16	0.0	0.0	0.0	2	0	14	0.5				
control_nontr_sv	reads.mqlt5_ratio_mean	reads MAPQ<5: placements / max per path	-1	mafft_fftns2__all	16	1.0	1.0	1.0	1.174675	16	0.0	0.0	0.0	2	0	14	0.5				
control_nontr_sv	reads.mqlt5_ratio_mean	reads MAPQ<5: placements / max per path	-1	mafft_fftnsi__all	16	1.0	1.0	1.0	1.174675	16	0.0	0.0	0.0	2	0	14	0.5				
control_nontr_sv	reads.mqlt5_ratio_mean	reads MAPQ<5: placements / max per path	-1	mafft_linsi	16	1.0	1.0	1.0833249999999999	1.19550625	16	0.0	0.0	0.0	2	1	13	0.75				
control_nontr_sv	reads.mqlt5_ratio_mean	reads MAPQ<5: placements / max per path	-1	mafft_linsi__all	16	1.0	1.0	1.0833249999999999	1.19550625	16	0.0	0.0	0.0	2	1	13	0.75				
control_nontr_sv	reads.mqlt5_ratio_mean	reads MAPQ<5: placements / max per path	-1	mafft_einsi	16	1.0	1.0	1.0	1.174675	16	0.0	0.0	0.0	2	0	14	0.5				
control_nontr_sv	reads.mqlt5_ratio_mean	reads MAPQ<5: placements / max per path	-1	mafft_einsi__all	16	1.0	1.0	1.0	1.174675	16	0.0	0.0	0.0	2	0	14	0.5				
control_nontr_sv	reads.mqlt5_ratio_mean	reads MAPQ<5: placements / max per path	-1	mafft_ginsi	16	1.0	1.0	1.0833249999999999	1.19550625	16	0.0	0.0	0.0	2	1	13	0.75				
control_nontr_sv	reads.mqlt5_ratio_mean	reads MAPQ<5: placements / max per path	-1	mafft_ginsi__all	16	1.0	1.0	1.0833249999999999	1.19550625	16	0.0	0.0	0.0	2	1	13	0.75				
control_nontr_sv	reads.mqlt5_ratio_mean	reads MAPQ<5: placements / max per path	-1	poa_abpoa	16	1.0	1.0	1.0	1.174675	16	0.0	0.0	0.0	2	0	14	0.5				
control_nontr_sv	reads.mqlt5_ratio_mean	reads MAPQ<5: placements / max per path	-1	poa_abpoa__all	16	1.0	1.0	1.0	1.174675	16	0.0	0.0	0.0	2	0	14	0.5				
control_nontr_sv	reads.mqlt5_ratio_mean	reads MAPQ<5: placements / max per path	-1	poa_spoa	16	1.0	1.0	1.0	1.174675	16	0.0	0.0	0.0	2	0	14	0.5				
control_nontr_sv	reads.mqlt5_ratio_mean	reads MAPQ<5: placements / max per path	-1	poa_spoa__all	16	1.0	1.0	1.0	1.174675	16	0.0	0.0	0.0	2	0	14	0.5				
control_nontr_sv	reads.mqlt5_ratio_mean	reads MAPQ<5: placements / max per path	-1	poa_abpoa_mc	16	1.0	1.0	1.0	1.174675	16	0.0	0.0	0.0	2	0	14	0.5				
control_nontr_sv	reads.mqlt5_ratio_mean	reads MAPQ<5: placements / max per path	-1	poa_abpoa_mc__all	16	1.0	1.0	1.0	1.174675	16	0.0	0.0	0.0	2	0	14	0.5				
control_nontr_sv	reads.mqlt5_ratio_mean	reads MAPQ<5: placements / max per path	-1	unit_aware	16	1.0	1.0	1.0833249999999999	1.19550625	16	0.0	0.0	0.0	2	1	13	0.75				
control_nontr_sv	reads.mqlt5_ratio_mean	reads MAPQ<5: placements / max per path	-1	unit_aware__all	16	1.0	1.0	1.0833249999999999	1.19550625	16	0.0	0.0	0.0	2	1	13	0.75				
control_nontr_sv	truth.truvari.pooled_raw_f1	pooled truvari F1 raw	1	mc	20	1.0			1.0									20	0	20	0
control_nontr_sv	truth.truvari.pooled_refined_f1	pooled truvari F1 refined	1	mc	20	1.0			1.0									20	0	20	0
control_nontr_sv	truth.truvari.pooled_phab_f1	pooled truvari F1 phab	1	mc	20	1.0			1.0									20	0	20	0
control_nontr_sv	truth.truvari.pooled_raw_f1	pooled truvari F1 raw	1	mafft_fftns2	20	1.0			1.0									20	0	20	0
control_nontr_sv	truth.truvari.pooled_refined_f1	pooled truvari F1 refined	1	mafft_fftns2	20	1.0			1.0									20	0	20	0
control_nontr_sv	truth.truvari.pooled_phab_f1	pooled truvari F1 phab	1	mafft_fftns2	20	1.0			1.0									20	0	20	0
control_nontr_sv	truth.truvari.pooled_raw_f1	pooled truvari F1 raw	1	mafft_fftns2__all	20	1.0			1.0									20	0	20	0
control_nontr_sv	truth.truvari.pooled_refined_f1	pooled truvari F1 refined	1	mafft_fftns2__all	20	1.0			1.0									20	0	20	0
control_nontr_sv	truth.truvari.pooled_phab_f1	pooled truvari F1 phab	1	mafft_fftns2__all	20	1.0			1.0									20	0	20	0
control_nontr_sv	truth.truvari.pooled_raw_f1	pooled truvari F1 raw	1	mafft_fftnsi__all	20	1.0			1.0									20	0	20	0
control_nontr_sv	truth.truvari.pooled_refined_f1	pooled truvari F1 refined	1	mafft_fftnsi__all	20	1.0			1.0									20	0	20	0
control_nontr_sv	truth.truvari.pooled_phab_f1	pooled truvari F1 phab	1	mafft_fftnsi__all	20	1.0			1.0									20	0	20	0
control_nontr_sv	truth.truvari.pooled_raw_f1	pooled truvari F1 raw	1	mafft_linsi	20	0.975609756097561			0.975609756097561									20	0	20	1
control_nontr_sv	truth.truvari.pooled_refined_f1	pooled truvari F1 refined	1	mafft_linsi	20	1.0			1.0									20	0	21	0
control_nontr_sv	truth.truvari.pooled_phab_f1	pooled truvari F1 phab	1	mafft_linsi	20	1.0			1.0									20	0	20	0
control_nontr_sv	truth.truvari.pooled_raw_f1	pooled truvari F1 raw	1	mafft_linsi__all	20	0.975609756097561			0.975609756097561									20	0	20	1
control_nontr_sv	truth.truvari.pooled_refined_f1	pooled truvari F1 refined	1	mafft_linsi__all	20	1.0			1.0									20	0	21	0
control_nontr_sv	truth.truvari.pooled_phab_f1	pooled truvari F1 phab	1	mafft_linsi__all	20	1.0			1.0									20	0	20	0
control_nontr_sv	truth.truvari.pooled_raw_f1	pooled truvari F1 raw	1	mafft_einsi	20	1.0			1.0									20	0	20	0
control_nontr_sv	truth.truvari.pooled_refined_f1	pooled truvari F1 refined	1	mafft_einsi	20	1.0			1.0									20	0	20	0
control_nontr_sv	truth.truvari.pooled_phab_f1	pooled truvari F1 phab	1	mafft_einsi	20	1.0			1.0									20	0	20	0
control_nontr_sv	truth.truvari.pooled_raw_f1	pooled truvari F1 raw	1	mafft_einsi__all	20	1.0			1.0									20	0	20	0
control_nontr_sv	truth.truvari.pooled_refined_f1	pooled truvari F1 refined	1	mafft_einsi__all	20	1.0			1.0									20	0	20	0
control_nontr_sv	truth.truvari.pooled_phab_f1	pooled truvari F1 phab	1	mafft_einsi__all	20	1.0			1.0									20	0	20	0
control_nontr_sv	truth.truvari.pooled_raw_f1	pooled truvari F1 raw	1	mafft_ginsi	20	0.975609756097561			0.975609756097561									20	0	20	1
control_nontr_sv	truth.truvari.pooled_refined_f1	pooled truvari F1 refined	1	mafft_ginsi	20	1.0			1.0									20	0	21	0
control_nontr_sv	truth.truvari.pooled_phab_f1	pooled truvari F1 phab	1	mafft_ginsi	20	1.0			1.0									20	0	20	0
control_nontr_sv	truth.truvari.pooled_raw_f1	pooled truvari F1 raw	1	mafft_ginsi__all	20	0.975609756097561			0.975609756097561									20	0	20	1
control_nontr_sv	truth.truvari.pooled_refined_f1	pooled truvari F1 refined	1	mafft_ginsi__all	20	1.0			1.0									20	0	21	0
control_nontr_sv	truth.truvari.pooled_phab_f1	pooled truvari F1 phab	1	mafft_ginsi__all	20	1.0			1.0									20	0	20	0
control_nontr_sv	truth.truvari.pooled_raw_f1	pooled truvari F1 raw	1	poa_abpoa	20	1.0			1.0									20	0	20	0
control_nontr_sv	truth.truvari.pooled_refined_f1	pooled truvari F1 refined	1	poa_abpoa	20	1.0			1.0									20	0	20	0
control_nontr_sv	truth.truvari.pooled_phab_f1	pooled truvari F1 phab	1	poa_abpoa	20	1.0			1.0									20	0	20	0
control_nontr_sv	truth.truvari.pooled_raw_f1	pooled truvari F1 raw	1	poa_abpoa__all	20	1.0			1.0									20	0	20	0
control_nontr_sv	truth.truvari.pooled_refined_f1	pooled truvari F1 refined	1	poa_abpoa__all	20	1.0			1.0									20	0	20	0
control_nontr_sv	truth.truvari.pooled_phab_f1	pooled truvari F1 phab	1	poa_abpoa__all	20	1.0			1.0									20	0	20	0
control_nontr_sv	truth.truvari.pooled_raw_f1	pooled truvari F1 raw	1	poa_spoa	20	1.0			1.0									20	0	20	0
control_nontr_sv	truth.truvari.pooled_refined_f1	pooled truvari F1 refined	1	poa_spoa	20	1.0			1.0									20	0	20	0
control_nontr_sv	truth.truvari.pooled_phab_f1	pooled truvari F1 phab	1	poa_spoa	20	1.0			1.0									20	0	20	0
control_nontr_sv	truth.truvari.pooled_raw_f1	pooled truvari F1 raw	1	poa_spoa__all	20	1.0			1.0									20	0	20	0
control_nontr_sv	truth.truvari.pooled_refined_f1	pooled truvari F1 refined	1	poa_spoa__all	20	1.0			1.0									20	0	20	0
control_nontr_sv	truth.truvari.pooled_phab_f1	pooled truvari F1 phab	1	poa_spoa__all	20	1.0			1.0									20	0	20	0
control_nontr_sv	truth.truvari.pooled_raw_f1	pooled truvari F1 raw	1	poa_abpoa_mc	20	1.0			1.0									20	0	20	0
control_nontr_sv	truth.truvari.pooled_refined_f1	pooled truvari F1 refined	1	poa_abpoa_mc	20	1.0			1.0									20	0	20	0
control_nontr_sv	truth.truvari.pooled_phab_f1	pooled truvari F1 phab	1	poa_abpoa_mc	20	1.0			1.0									20	0	20	0
control_nontr_sv	truth.truvari.pooled_raw_f1	pooled truvari F1 raw	1	poa_abpoa_mc__all	20	1.0			1.0									20	0	20	0
control_nontr_sv	truth.truvari.pooled_refined_f1	pooled truvari F1 refined	1	poa_abpoa_mc__all	20	1.0			1.0									20	0	20	0
control_nontr_sv	truth.truvari.pooled_phab_f1	pooled truvari F1 phab	1	poa_abpoa_mc__all	20	1.0			1.0									20	0	20	0
control_nontr_sv	truth.truvari.pooled_raw_f1	pooled truvari F1 raw	1	unit_aware	20	0.975609756097561			0.975609756097561									20	0	20	1
control_nontr_sv	truth.truvari.pooled_refined_f1	pooled truvari F1 refined	1	unit_aware	20	1.0			1.0									20	0	21	0
control_nontr_sv	truth.truvari.pooled_phab_f1	pooled truvari F1 phab	1	unit_aware	20	1.0			1.0									20	0	20	0
control_nontr_sv	truth.truvari.pooled_raw_f1	pooled truvari F1 raw	1	unit_aware__all	20	0.975609756097561			0.975609756097561									20	0	20	1
control_nontr_sv	truth.truvari.pooled_refined_f1	pooled truvari F1 refined	1	unit_aware__all	20	1.0			1.0									20	0	21	0
control_nontr_sv	truth.truvari.pooled_phab_f1	pooled truvari F1 phab	1	unit_aware__all	20	1.0			1.0									20	0	20	0
