source	chrom	pos	end	id	ref_len	alt_len	len_diff	gt	called	qual	filter	truvari	aardvark	vg_truvari	pg_truvari	applied_h1	applied_h2	in_sv_benchmark	svtype	TRFperiod	MatchId	overlaps_span_edge
truth_stvar	chr10	133306458	133306458	.	1	1	0	1|0	.	.	.	.	.	-	-	yes	ref	1	.	.	.	0
truth_smvar	chr10	133306458	133306458	.	1	1	0	1|0	.	.	.	.	.	-	-	no:duplicate_of_stvar	ref	1	.	.	.	0
vg	chr10	133306458	133306458	>28012705>28012708	1	1	0	0|1	1	121.728	PASS	-	-	.	.	.	.	.	.	.	.	0
pangenie	chr10	133306458	133306458	chr10-133306458-SNV->28260306>28260308>28260309-1	1	1	0	0/1	1	.	PASS	-	-	.	.	.	.	.	.	.	.	0
truth_stvar	chr10	133306668	133306668	.	1	37	36	0|1	.	.	.	.	.	-	-	ref	yes	1	INS	192	.	0
truth_smvar	chr10	133306668	133306668	.	1	37	36	0|1	.	.	.	.	.	-	-	ref	no:duplicate_of_stvar	1	.	192	.	0
pangenie	chr10	133306668	133306792	chr10-133306668-DEL->28260342>28277369-124	125	1	-124	1/0	1	.	PASS	TP	-	.	.	.	.	.	.	.	763.0,763.0	0
truth_stvar	chr10	133306680	133306680	.	1	1	0	0|1	.	.	.	.	.	-	-	ref	yes	1	.	.	.	0
truth_smvar	chr10	133306680	133306680	.	1	1	0	0|1	.	.	.	.	.	-	-	ref	no:duplicate_of_stvar	1	.	.	.	0
vg	chr10	133306680	133306876	>28012742>28032456	197	3597	3400	2|1	1	360.743	PASS	FP	-	.	.	.	.	.	.	.	779.6,779.0	0
vg	chr10	133306680	133306876	>28012742>28032456	197	457	260	2|1	1	360.743	PASS	FP	-	.	.	.	.	.	.	.	779.14,779.1	0
vg	chr10	133306680	133306712	>28012748>28012773	33	17	-16	1|.	1	3.81327e-06	PASS	-	-	.	.	.	.	.	.	.	.	0
pangenie	chr10	133306680	133306756	chr10-133306680-COMPLEX->28260335>28261617>28261818>28261819>28261821>28261822>28261824>28261825>28261827>28261828>28261830>28261832>28261833>28261835>28261836>28261838>28261839>28261847>28261848>28261849>28261852>28261853>28261886>28261887>28261889>28261890>28261892>28261893>28261895>28261896>28261898>28261899>28261902>28261903>28261905>28261906>28261911>28261912>28261914>28261915>28261932>28261933>28261938>28261939>28262199>28262200>28262202>28262204>28262205>28262207>28262208>28262210>28262211>28262213>28262214>28262215>28262216>28262218>28262220>28262222>28262224>28262249>28262250>28262252>28262253>28262255>28262256>28262259>28262260>28262262>28262263>28262264>28262265>28262267>28262269>28262270>28262271>28262273>28262274>28262278>28262279>28262475>28262476>28262478>28262479>28262481>28262482>28262484>28262487>28262488>28262503>28262505>28262510>28262616>28262617>28262619>28262620>28262621>28262622>28262624>28262625>28262627>28262631>28262632>28262634>28262721>28262722>28262724>28262726>28262727>28262728>28262730>28262731>28262733>28262735>28262736>28262738>28262739>28262741>28262742>28262743>28262744>28262746>28262747>28262749>28262751>28262753>28262773>28262774>28262776>28262778>28262779>28262780>28262802>28262803>28262805>28262808>28262809>28262810>28264013>28264231>28264232>28264234>28264235>28264250>28264252>28264253>28264254>28264257>28264258>28264259>28264261>28264526>28264527>28264529>28264534>28264535>28264537>28264538>28264540>28264541>28264543>28264545>28264546>28264548>28264549>28264550>28264551>28264553>28264555>28264557>28264558>28264559>28264560>28264562>28264563>28264565>28264567>28264568>28264569>28264584>28264585>28264586>28264588>28264590>28264597>28264598>28264600>28264601>28264602>28264603>28264605>28264608>28264609>28264610>28264611>28264612>28264614>28264616>28264617>28264618>28264620>28264622>28264624>28264625>28264626>28264628>28264629>28264632>28264633>28264635>28264636>28264638>28264639>28264641>28264642>28264644>28264646>28264647>28264648>28264650>28264652>28264653>28264655>28264658>28264659>28264661>28264662>28264663>28264665>28264666>28264668>28264670>28264672>28264678>28264681>28264709>28264710>28264711>28264713>28264714>28264716>28264718>28264719>28264721>28264722>28264724>28264725>28264727>28264728>28264730>28264731>28264734>28264735>28264736>28264737>28264739>28264740>28264742>28264743>28264745>28264747>28264749>28264750>28264751>28264753>28264755>28264757>28264758>28264761>28264762>28264763>28264764>28264765>28264767>28264769>28264770>28264772>28264773>28264775>28264777>28264778>28264779>28264780>28264781>28264782>28264784>28264787>28264788>28264789>28264790>28264791>28264792>28264793>28264794>28264795>28264797>28264798>28264800>28264802>28264803>28264804>28264805>28264806>28264808>28264813>28264815>28264817>28264818>28264820>28264821>28264823>28264824>28264825>28264827>28264829>28264830>28264832>28264833>28264834>28265381>28265382>28265385>28265387>28265388>28265390>28265392>28265393>28265410>28265412>28265414>28265415>28265416>28265418>28265420>28265424>28265426>28265427>28265429>28265432>28265433>28265434>28265435>28265436>28265437>28265439>28265441>28265442>28265443>28265445>28265447>28265448>28265450>28265451>28265453>28265454>28265457>28265458>28265459>28265461>28265462>28265464>28265466>28265468>28265469>28265471>28265472>28265473>28265474>28265476>28265477>28265479>28265480>28265482>28265491>28265492>28265494>28265495>28265499>28265500>28265502>28265505>28265506>28265507>28265509>28265510>28265512>28265513>28265515>28265516>28265518>28265520>28265521>28265522>28265523>28265525>28265542>28265543>28265545>28265548>28265549>28265550>28265552>28265553>28265555>28265556>28265559>28265560>28265561>28265563>28265567>28265575>28265576>28265578>28265579>28265580>28265582>28265585>28265586>28265587>28265588>28265590>28265591>28265592>28265594>28265595>28265597>28265598>28265600>28265602>28265603>28265605>28265606>28265607>28265608>28265609>28265610>28265612>28265613>28265615>28265618>28265619>28265620>28265621>28265623>28265624>28265626>28265627>28265628>28265630>28265632>28265633>28265635>28265636>28265638>28265639>28265641>28265642>28265841>28265842>28265844>28265862>28265863>28265865>28265868>28265869>28265870>28265871>28265872>28265874>28265875>28265877>28265878>28265879>28265881>28265883>28265885>28265886>28265888>28265889>28265891>28265892>28265894>28265895>28265897>28265898>28265908>28265909>28265910>28265912>28265913>28265914>28265916>28265917>28265920>28265921>28265922>28265924>28265925>28265931>28265932>28265934>28265935>28265937>28265938>28265940>28265943>28265944>28265945>28265947>28265949>28265950>28265951>28265953>28265954>28265956>28265957>28265959>28265960>28265962>28265965>28265966>28265967>28265968>28265970>28265972>28265973>28265974>28265976>28265977>28265979>28265980>28265982>28265984>28265985>28265987>28265989>28265991>28265992>28265994>28265996>28265997>28265998>28266001>28266002>28266003>28266005>28266006>28266007>28266008>28266009>28266011>28266012>28266014>28266017>28266018>28266045>28266046>28266047>28266048>28266050>28266051>28266053>28266055>28266056>28266057>28266060>28266061>28266062>28266065>28266072>28266076>28266080>28266081>28266082>28266083>28266084>28266086>28266087>28266089>28266090>28266092>28266094>28266096>28266097>28266098>28266100>28266101>28266102>28266103>28266105>28266115>28266116>28266117>28266119>28266121>28266122>28266123>28266125>28266126>28266128>28266129>28266130>28266132>28266134>28266136>28266137>28266139>28266141>28266142>28266143>28266145>28266146>28266148>28266150>28266151>28266153>28266154>28266156>28266157>28266159>28266160>28266162>28266165>28266166>28266168>28266169>28266171>28266172>28266174>28266176>28266178>28266179>28266181>28266190>28266193>28266194>28266195>28266196>28266197>28266198>28266200>28266202>28266203>28266204>28266206>28266207>28266209>28266210>28266211>28266212>28266214>28266215>28266217>28266219>28266221>28266222>28266223>28266225>28266226>28266228>28266230>28266231>28266232>28266234>28266237>28266238>28266240>28266241>28266243>28266245>28266248>28266249>28266250>28266252>28266253>28266255>28266256>28266258>28266259>28266261>28266263>28266264>28266265>28266267>28266274>28266276>28266277>28266278>28266280>28266281>28266283>28266284>28266287>28266288>28266289>28266290>28266292>28266294>28266295>28266297>28266298>28266300>28266301>28266303>28266310>28266311>28266313>28266314>28266316>28266318>28266319>28266322>28266323>28266324>28266325>28266326>28266328>28266329>28266331>28266332>28266334>28266336>28266337>28266338>28266339>28266340>28266342>28266345>28266346>28266347>28266349>28266350>28266351>28266353>28266354>28266356>28266358>28266359>28266378>28266386>28266388>28266389>28266391>28266398>28266399>28266400>28266402>28266404>28266406>28266407>28266408>28266409>28266411>28266412>28266414>28266415>28266417>28266420>28266421>28266423>28266424>28266426>28266427>28266429>28266430>28266432>28266433>28266434>28266438>28266439>28266440>28266441>28266443>28266445>28266446>28266447>28266450>28266451>28266452>28266454>28266455>28266456>28266458>28266459>28266461>28266462>28266464>28266466>28266467>28266469>28266470>28266472>28266473>28266475>28266509>28266510>28266526>28266527>28266529>28266530>28266533>28266534>28266535>28266536>28266537>28266538>28266540>28266542>28266543>28266544>28266546>28266548>28266549>28266551>28266552>28266553>28266555>28266556>28266558>28266559>28266561>28266562>28266563>28266567>28266568>28266569>28266570>28266571>28266573>28266575>28266576>28266577>28266579>28266580>28266582>28266583>28266584>28266586>28266587>28266590>28266591>28266592>28266593>28266594>28266595>28266596>28266598>28266599>28266601>28266602>28266604>28266605>28266606>28266607>28266609>28266610>28266611>28266613>28266614>28266615>28266622>28266623>28266625>28266626>28266628>28266634>28266635>28266636>28266638>28266639>28266641>28266642>28266644>28266645>28266648>28266649>28266650>28266662>28266663>28266664>28266666>28266668>28266670>28266671>28266672>28266673>28266674>28266676>28266693>28266694>28266695>28266697>28266699>28266700>28266702>28266704>28266713>28266714>28266716>28266717>28266719>28266720>28266722>28266724>28266725>28266727>28266728>28266730>28266731>28266732>28266734>28266736>28266737>28266739>28266741>28266743>28266745>28266746>28266748>28266749>28266751>28266752>28266754>28266755>28266757>28266759>28266760>28266762>28266767>28266768>28266769>28266770>28266772>28266773>28266775>28266776>28266779>28266780>28266781>28266783>28266784>28266786>28266787>28266789>28266790>28266792>28266793>28266794>28266797>28266798>28266799>28266801>28266803>28266812>28266813>28266816>28266817>28266819>28266820>28266822>28266824>28266825>28266826>28266829>28266830>28266832>28266842>28266844>28266845>28266849>28266850>28266851>28266852>28266854>28266855>28266857>28266859>28266860>28266861>28266863>28266865>28266866>28266868>28266869>28266870>28266872>28266875>28266876>28266878>28266879>28266880>28266882>28266883>28266885>28266886>28266888>28266891>28266892>28266894>28266895>28266897>28266898>28266899>28266900>28266902>28266904>28266906>28266908>28266909>28266910>28266912>28266913>28266915>28266916>28266918>28266919>28266920>28266922>28266924>28266926>28266927>28266929>28266930>28266932>28266933>28266935>28266937>28266938>28266940>28266941>28266942>28266944>28266946>28266947>28266948>28266949>28266952>28266953>28266954>28266955>28266957>28266958>28266959>28266961>28266962>28266965>28266966>28266970>28266973>28266974>28266975>28266979>28266980>28266981>28266982>28266984>28266985>28266987>28266988>28266990>28266991>28266993>28266994>28266996>28266997>28266998>28266999>28267002>28267003>28267005>28267006>28267008>28267009>28267012>28267013>28267015>28267016>28267017>28267019>28267023>28267024>28267026>28267027>28267029>28267031>28267032>28267033>28267035>28267036>28267038>28267039>28267041>28267042>28267043>28267045>28267046>28267048>28267050>28267051>28267056>28267058>28267059>28267061>28267063>28267064>28267065>28267067>28267068>28267070>28267071>28267073>28267075>28267076>28267077>28267078>28267080>28267081>28267082>28267083>28267086>28267092>28267093>28267094>28267095>28267097>28267099>28267100>28267102>28267103>28267105>28267106>28267108>28267109>28267111>28267112>28267115>28267116>28267117>28267119>28267120>28267121>28267123>28267124>28267127>28267128>28267129>28267131>28267133>28267135>28267136>28267138>28267139>28267141>28267142>28267145>28267156>28267157>28267159>28267160>28267162>28267163>28267165>28267166>28267168>28267169>28267171>28267173>28267175>28267176>28267180>28267181>28267182>28267183>28267185>28267186>28267188>28267189>28267191>28267192>28267194>28267195>28267196>28267197>28267198>28267199>28267201>28267211>28267213>28267214>28267216>28267217>28267219>28267220>28267222>28267223>28267225>28267229>28277277>28277278>28277294>28277295>28277296>28277298>28277327>28277328-3361	77	3361	3284	0/1	1	.	PASS	FP	-	.	.	.	.	.	.	.	763.6,763.1	0
truth_stvar	chr10	133306732	133306732	.	1	1	0	0|1	.	.	.	.	.	-	-	ref	yes	1	.	.	.	0
truth_smvar	chr10	133306732	133306732	.	1	1	0	0|1	.	.	.	.	.	-	-	ref	no:duplicate_of_stvar	1	.	.	.	0
truth_stvar	chr10	133306748	133306748	.	1	17	16	0|1	.	.	.	.	.	-	-	ref	yes	1	.	.	.	0
truth_smvar	chr10	133306748	133306748	.	1	17	16	0|1	.	.	.	.	.	-	-	ref	no:duplicate_of_stvar	1	.	.	.	0
truth_stvar	chr10	133306754	133306754	.	1	1	0	1|1	.	.	.	.	.	-	-	yes	yes	1	.	.	.	0
truth_smvar	chr10	133306754	133306754	.	1	1	0	1|1	.	.	.	.	.	-	-	no:duplicate_of_stvar	no:duplicate_of_stvar	1	.	.	.	0
vg	chr10	133306754	133306754	>28029478>28029481	1	1	0	1|1	1	35.8023	PASS	-	-	.	.	.	.	.	.	.	.	0
truth_stvar	chr10	133306756	133306756	.	1	1	0	1|1	.	.	.	.	.	-	-	yes	yes	1	.	.	.	0
truth_smvar	chr10	133306756	133306756	.	1	1	0	1|1	.	.	.	.	.	-	-	no:duplicate_of_stvar	no:duplicate_of_stvar	1	.	.	.	0
vg	chr10	133306756	133306756	>28029481>28029484	1	1	0	1|1	1	33.3729	PASS	-	-	.	.	.	.	.	.	.	.	0
truth_stvar	chr10	133306759	133306759	.	1	1	0	1|0	.	.	.	.	.	-	-	yes	ref	1	.	.	.	0
truth_smvar	chr10	133306759	133306759	.	1	1	0	1|0	.	.	.	.	.	-	-	no:duplicate_of_stvar	ref	1	.	.	.	0
vg	chr10	133306759	133306759	>28029486>28029489	1	1	0	1|1	1	44.9379	PASS	-	-	.	.	.	.	.	.	.	.	0
truth_stvar	chr10	133306764	133306856	.	93	1	92	1|0	.	.	.	.	.	FN	TP	yes	ref	1	DEL	12	.	0
truth_smvar	chr10	133306764	133306856	.	93	1	92	1|0	.	.	.	.	.	-	-	no:duplicate_of_stvar	ref	1	.	12	.	0
vg	chr10	133306768	133306804	>28029495>28029537	37	17	-20	1|2	1	67.2548	PASS	-	-	.	.	.	.	.	.	.	.	0
vg	chr10	133306768	133306804	>28029495>28029537	37	17	-20	1|2	1	67.2548	PASS	-	-	.	.	.	.	.	.	.	.	0
pangenie	chr10	133306768	133306768	chr10-133306768-SNV->28277335>28277340>28277341-1	1	1	0	0/1	1	.	PASS	-	-	.	.	.	.	.	.	.	.	0
truth_stvar	chr10	133306784	133306784	.	1	1	0	1|0	.	.	.	.	.	-	-	no:star_allele	ref	1	.	.	.	0
truth_stvar	chr10	133306784	133306784	.	1	17	16	0|1	.	.	.	.	.	-	-	ref	yes	1	.	.	.	0
truth_smvar	chr10	133306784	133306784	.	1	17,1	16	2|1	.	.	.	.	.	-	-	no:star_allele	no:duplicate_of_stvar	1	.	.	.	0
pangenie	chr10	133306795	133306826	chr10-133306795-COMPLEX->28277371>28277373>28277374>28277376>28277377>28277380>28277386>28277389>28277390>28277392>28277394>28277395>28277396>28277398>28277399>28277401>28277526-32	32	24	-8	0/1	1	.	PASS	-	-	.	.	.	.	.	.	.	.	0
pangenie	chr10	133306804	133306804	chr10-133306804-SNV->28277432>28277435>28277436-1	1	1	0	1/0	1	.	PASS	-	-	.	.	.	.	.	.	.	.	0
truth_stvar	chr10	133306824	133306824	.	1	1	0	1|0	.	.	.	.	.	-	-	no:star_allele	ref	1	.	.	.	0
truth_stvar	chr10	133306824	133306824	.	1	1	0	0|1	.	.	.	.	.	-	-	ref	yes	1	.	.	.	0
truth_smvar	chr10	133306824	133306824	.	1	1,1	0	2|1	.	.	.	.	.	-	-	no:star_allele	no:duplicate_of_stvar	1	.	.	.	0
vg	chr10	133306824	133306824	>28029543>28029547	1	1	0	1|1	1	82.7279	PASS	-	-	.	.	.	.	.	.	.	.	0
pangenie	chr10	133306824	133306824	chr10-133306824-SNV->28277519>28277521>28277522-1	1	1	0	1/0	1	.	PASS	-	-	.	.	.	.	.	.	.	.	0
vg	chr10	133306826	133306826	>28029547>28029550	1	1	0	1|1	1	96.7693	PASS	-	-	.	.	.	.	.	.	.	.	0
pangenie	chr10	133306826	133306826	chr10-133306826-SNV->28277522>28277524>28277525-1	1	1	0	1/0	1	.	PASS	-	-	.	.	.	.	.	.	.	.	0
pangenie	chr10	133306826	133306826	chr10-133306830-INS->28277530>28277531>28277533>28277534>28277536>28277539>28277540>28277541>28277543>28277544-16	1	17	16	1/1	1	.	PASS	-	-	.	.	.	.	.	.	.	.	0
vg	chr10	133306829	133306829	>28029550>28029555	1	1	0	1|0	1	44.6346	PASS	-	-	.	.	.	.	.	.	.	.	0
truth_stvar	chr10	133306832	133306832	.	1	1	0	1|0	.	.	.	.	.	-	-	no:star_allele	ref	1	.	.	.	0
truth_stvar	chr10	133306832	133306832	.	1	5	4	0|1	.	.	.	.	.	-	-	ref	yes	1	.	.	.	0
truth_smvar	chr10	133306832	133306832	.	1	5,1	4	2|1	.	.	.	.	.	-	-	no:star_allele	no:duplicate_of_stvar	1	.	.	.	0
truth_stvar	chr10	133306840	133306840	.	1	1	0	1|0	.	.	.	.	.	-	-	no:star_allele	ref	1	.	.	.	0
truth_stvar	chr10	133306840	133306840	.	1	1	0	0|1	.	.	.	.	.	-	-	ref	yes	1	.	.	.	0
truth_smvar	chr10	133306840	133306840	.	1	1,1	0	2|1	.	.	.	.	.	-	-	no:star_allele	no:duplicate_of_stvar	1	.	.	.	0
pangenie	chr10	133306840	133306876	chr10-133306840-DEL->28277553>28277577>28277580-36	37	1	-36	0/1	1	.	PASS	-	-	.	.	.	.	.	.	.	.	0
truth_stvar	chr10	133306856	133306856	.	1	1	0	1|0	.	.	.	.	.	-	-	no:star_allele	ref	1	.	.	.	0
truth_stvar	chr10	133306856	133306856	.	1	17	16	0|1	.	.	.	.	.	-	-	ref	yes	1	.	.	.	0
truth_smvar	chr10	133306856	133306856	.	1	17,1	16	2|1	.	.	.	.	.	-	-	no:star_allele	no:duplicate_of_stvar	1	.	.	.	0
pangenie	chr10	133306867	133306867	chr10-133306867-SNV->28277572>28277574>28277575-1	1	1	0	1/0	1	.	PASS	-	-	.	.	.	.	.	.	.	.	0
pangenie	chr10	133306873	133306885	chr10-133306875-DEL->28277575>28277584-12	13	1	-12	1/0	1	.	PASS	-	-	.	.	.	.	.	.	.	.	0
truth_stvar	chr10	133306876	133306876	.	1	1	0	0|1	.	.	.	.	.	-	-	ref	yes	1	.	.	.	0
truth_smvar	chr10	133306876	133306876	.	1	1	0	0|1	.	.	.	.	.	-	-	ref	no:duplicate_of_stvar	1	.	.	.	0
pangenie	chr10	133306885	133306893	chr10-133306888-DEL->28277584>28277595-8	9	1	-8	1/0	1	.	PASS	-	-	.	.	.	.	.	.	.	.	0
truth_stvar	chr10	133306892	133306892	.	1	17	16	0|1	.	.	.	.	.	-	-	ref	yes	1	.	.	.	0
truth_stvar	chr10	133306892	133306892	.	1	17	16	1|0	.	.	.	.	.	-	-	yes	ref	1	.	.	.	0
truth_smvar	chr10	133306892	133306892	.	1	17,17	16	2|1	.	.	.	.	.	-	-	no:duplicate_of_stvar	no:duplicate_of_stvar	1	.	.	.	0
truth_stvar	chr10	133306898	133306898	.	1	1	0	1|1	.	.	.	.	.	-	-	yes	yes	1	.	.	.	0
truth_smvar	chr10	133306898	133306898	.	1	1	0	1|1	.	.	.	.	.	-	-	no:duplicate_of_stvar	no:duplicate_of_stvar	1	.	.	.	0
vg	chr10	133306898	133306898	>28029669>28029672	1	1	0	1|1	1	57.6146	PASS	-	-	.	.	.	.	.	.	.	.	0
pangenie	chr10	133306898	133306898	chr10-133306898-SNV->28277595>28277597>28277598-1	1	1	0	1/0	1	.	PASS	-	-	.	.	.	.	.	.	.	.	0
truth_stvar	chr10	133306900	133306900	.	1	1	0	1|1	.	.	.	.	.	-	-	yes	yes	1	.	.	.	0
truth_smvar	chr10	133306900	133306900	.	1	1	0	1|1	.	.	.	.	.	-	-	no:duplicate_of_stvar	no:duplicate_of_stvar	1	.	.	.	0
vg	chr10	133306900	133306900	>28029672>28029742	1	1	0	1|1	1	57.1408	PASS	-	-	.	.	.	.	.	.	.	.	0
pangenie	chr10	133306900	133306900	chr10-133306900-SNV->28277598>28277599>28277602-1	1	1	0	1/1	1	.	PASS	-	-	.	.	.	.	.	.	.	.	0
vg	chr10	133306903	133306903	>28029676>28029679	1	1	0	1|0	1	36.8347	PASS	-	-	.	.	.	.	.	.	.	.	0
pangenie	chr10	133306907	133306907	chr10-133306907-SNV->28277607>28277609>28277610-1	1	1	0	0/1	1	.	PASS	-	-	.	.	.	.	.	.	.	.	0
vg	chr10	133306908	133306908	>28029680>28029684	1	1	0	0|1	1	0.310286	PASS	-	-	.	.	.	.	.	.	.	.	0
vg	chr10	133306911	133306912	>28029672>28029742	2	2	0	1|2	1	57.1408	PASS	-	-	.	.	.	.	.	.	.	.	0
vg	chr10	133306911	133306912	>28029672>28029742	2	2	0	1|2	1	57.1408	PASS	-	-	.	.	.	.	.	.	.	.	0
truth_stvar	chr10	133306912	133306912	.	1	1	0	0|1	.	.	.	.	.	-	-	ref	yes	1	.	.	.	0
truth_smvar	chr10	133306912	133306912	.	1	1	0	0|1	.	.	.	.	.	-	-	ref	no:duplicate_of_stvar	1	.	.	.	0
pangenie	chr10	133306912	133306912	chr10-133306912-INS->28277610>28277611>28277612>28277614>28277615>28277617>28277629>28277630>28277632>28277633>28277635>28277636>28277638>28277641>28277642>28277644>28277645>28277647>28277648>28277673-4	1	5	4	0/1	1	.	PASS	-	-	.	.	.	.	.	.	.	.	0
vg	chr10	133306913	133306913	>28029690>28029721	1	17	16	1|0	1	38.6395	PASS	-	-	.	.	.	.	.	.	.	.	0
pangenie	chr10	133306930	133306930	chr10-133306930-SNV->28277654>28277656>28277657-1	1	1	0	1/0	1	.	PASS	-	-	.	.	.	.	.	.	.	.	0
pangenie	chr10	133306939	133306939	chr10-133306939-SNV->28277665>28277667>28277668-1	1	1	0	1/0	1	.	PASS	-	-	.	.	.	.	.	.	.	.	0
pangenie	chr10	133306948	133306948	chr10-133306948-SNV->28277672>28277676>28277677-1	1	1	0	1/0	1	.	PASS	-	-	.	.	.	.	.	.	.	.	0
pangenie	chr10	133306948	133306964	chr10-133306949-DEL->28277677>28277709-16	17	1	-16	1/0	1	.	PASS	-	-	.	.	.	.	.	.	.	.	0
vg	chr10	133306964	133306964	>28029768>28029772	1	1	0	1|1	1	7.57452	PASS	-	-	.	.	.	.	.	.	.	.	0
pangenie	chr10	133306964	133306964	chr10-133306964-SNV->28277685>28277706>28277707-1	1	1	0	0/1	1	.	PASS	-	-	.	.	.	.	.	.	.	.	0
truth_stvar	chr10	133306980	133306980	.	1	17	16	0|1	.	.	.	.	.	-	-	ref	yes	1	.	.	.	0
truth_smvar	chr10	133306980	133306980	.	1	17	16	0|1	.	.	.	.	.	-	-	ref	no:duplicate_of_stvar	1	.	.	.	0
pangenie	chr10	133306996	133307032	chr10-133306999-DEL->28277739>28277759-36	37	1	-36	0/1	1	.	PASS	-	-	.	.	.	.	.	.	.	.	0
vg	chr10	133307010	133307034	>28029862>28029876	25	1	-24	.|1	1	8.40347	PASS	-	-	.	.	.	.	.	.	.	.	0
truth_stvar	chr10	133307016	133307016	.	1	1	0	0|1	.	.	.	.	.	-	-	ref	yes	1	.	.	.	0
truth_smvar	chr10	133307016	133307016	.	1	1	0	0|1	.	.	.	.	.	-	-	ref	no:duplicate_of_stvar	1	.	.	.	0
pangenie	chr10	133307032	133307048	chr10-133307042-DEL->28277769>28277780-16	17	1	-16	1/1	1	.	PASS	-	-	.	.	.	.	.	.	.	.	0
truth_stvar	chr10	133307034	133307034	.	1	1	0	1|0	.	.	.	.	.	-	-	yes	ref	1	.	.	.	0
truth_smvar	chr10	133307034	133307034	.	1	1	0	1|0	.	.	.	.	.	-	-	no:duplicate_of_stvar	ref	1	.	.	.	0
vg	chr10	133307040	133307535	>28029853>28030366	496	380	-116	1|0	1	93.9339	PASS	FP	-	.	.	.	.	.	.	.	779.2,779.2	0
vg	chr10	133307042	133307058	>28029885>28029895	17	1	-16	1|0	1	31.9156	PASS	-	-	.	.	.	.	.	.	.	.	0
truth_stvar	chr10	133307068	133307068	.	1	1	0	0|1	.	.	.	.	.	-	-	ref	yes	1	.	.	.	0
truth_smvar	chr10	133307068	133307068	.	1	1	0	0|1	.	.	.	.	.	-	-	ref	no:duplicate_of_stvar	1	.	.	.	0
vg	chr10	133307068	133307068	>28029900>28029904	1	1	0	0|1	1	0.748214	PASS	-	-	.	.	.	.	.	.	.	.	0
pangenie	chr10	133307068	133307068	chr10-133307068-SNV->28277789>28277791>28277793-1	1	1	0	1/0	1	.	PASS	-	-	.	.	.	.	.	.	.	.	0
vg	chr10	133307092	133307092	>28029919>28029922	1	1	0	1|0	1	52.8416	PASS	-	-	.	.	.	.	.	.	.	.	0
vg	chr10	133307095	133307095	>28029923>28029926	1	1	0	1|0	1	84.1521	PASS	-	-	.	.	.	.	.	.	.	.	0
pangenie	chr10	133307095	133307095	chr10-133307095-SNV->28277819>28277821>28277822-1	1	1	0	0/1	1	.	PASS	-	-	.	.	.	.	.	.	.	.	0
vg	chr10	133307100	133307100	>28029928>28029933	1	1	0	1|0	1	51.4428	PASS	-	-	.	.	.	.	.	.	.	.	0
pangenie	chr10	133307100	133307100	chr10-133307100-SNV->28277823>28277824>28277827-1	1	1	0	0/1	1	.	PASS	-	-	.	.	.	.	.	.	.	.	0
vg	chr10	133307103	133307104	>28029933>28029939	2	2	0	1|0	1	67.9015	PASS	-	-	.	.	.	.	.	.	.	.	0
pangenie	chr10	133307103	133307208	chr10-133307103-COMPLEX->28277827>28277854>28277900>28277901-106	106	2	-104	0/1	1	.	PASS	FP	-	.	.	.	.	.	.	.	763.1,763.2	0
pangenie	chr10	133307104	133307208	chr10-133307104-DEL->28277828>28277900>28277901-104	105	1	-104	1/0	1	.	PASS	TP	-	.	.	.	.	.	.	.	763.1,763.3	0
vg	chr10	133307106	133307204	>28029939>28030012	99	43	-56	1|2	1	69.3329	PASS	FP	-	.	.	.	.	.	.	.	779.2,779.3	0
vg	chr10	133307106	133307204	>28029939>28030012	99	99	0	1|2	1	69.3329	PASS	FP	-	.	.	.	.	.	.	.	779.1,779.4	0
truth_stvar	chr10	133307120	133307120	.	1	1	0	0|1	.	.	.	.	.	-	-	ref	yes	1	.	.	.	0
truth_stvar	chr10	133307120	133307120	.	1	1	0	1|0	.	.	.	.	.	-	-	yes	ref	1	.	.	.	0
truth_smvar	chr10	133307120	133307120	.	1	1,1	0	2|1	.	.	.	.	.	-	-	no:duplicate_of_stvar	no:duplicate_of_stvar	1	.	.	.	0
truth_stvar	chr10	133307147	133307147	.	1	1	0	1|0	.	.	.	.	.	-	-	yes	ref	1	.	.	.	0
truth_smvar	chr10	133307147	133307147	.	1	1	0	1|0	.	.	.	.	.	-	-	no:duplicate_of_stvar	ref	1	.	.	.	0
truth_stvar	chr10	133307156	133307260	.	105	1	104	1|0	.	.	.	.	.	FN	TP	yes	ref	1	DEL	12	.	0
truth_smvar	chr10	133307156	133307260	.	105	1	104	1|0	.	.	.	.	.	-	-	no:duplicate_of_stvar	ref	1	.	12	.	0
vg	chr10	133307163	133307187	>28029971>28029996	25	1	-24	1|0	1	80.0678	PASS	-	-	.	.	.	.	.	.	.	.	0
truth_stvar	chr10	133307172	133307172	.	1	1	0	1|0	.	.	.	.	.	-	-	no:star_allele	ref	1	.	.	.	0
truth_stvar	chr10	133307172	133307172	.	1	129	128	0|1	.	.	.	.	.	FN	FN	ref	yes	1	INS	192	.	0
truth_smvar	chr10	133307172	133307172	.	1	129,1	128	2|1	.	.	.	.	.	-	-	no:star_allele	no:duplicate_of_stvar	1	.	192	.	0
vg	chr10	133307188	133307204	>28029996>28030011	17	1	-16	1|0	1	77.9891	PASS	-	-	.	.	.	.	.	.	.	.	0
pangenie	chr10	133307188	133307204	chr10-133307209-DEL->28277901>28277915-16	17	1	-16	1/1	1	.	PASS	-	-	.	.	.	.	.	.	.	.	0
truth_stvar	chr10	133307199	133307199	.	1	1	0	1|0	.	.	.	.	.	-	-	no:star_allele	ref	1	.	.	.	0
truth_stvar	chr10	133307199	133307199	.	1	1	0	0|1	.	.	.	.	.	-	-	ref	yes	1	.	.	.	0
truth_smvar	chr10	133307199	133307199	.	1	1,1	0	2|1	.	.	.	.	.	-	-	no:star_allele	no:duplicate_of_stvar	1	.	.	.	0
vg	chr10	133307199	133307199	>28030003>28030006	1	1	0	.|1	1	17.7468	PASS	-	-	.	.	.	.	.	.	.	.	0
vg	chr10	133307213	133307225	>28030020>28030032	13	1	-12	1|0	1	58.9436	PASS	-	-	.	.	.	.	.	.	.	.	0
vg	chr10	133307224	133307224	>28030027>28030031	1	1	0	.|1	1	0.345143	PASS	-	-	.	.	.	.	.	.	.	.	0
pangenie	chr10	133307224	133307224	chr10-133307250-INS->28277939>28277940>28277942>28277943>28277944>28277947>28277948>28277949>28277950>28277954>28277955>28277957>28277959>28277960>28277963>28277964>28277965>28277966>28277967>28277968>28277970>28277971>28277973>28277974>28277976>28277977>28277979>28277980>28277981-52	1	53	52	0/1	1	.	PASS	TP	-	.	.	.	.	.	.	.	763.5,763.4	0
vg	chr10	133307246	133307246	>28030014>28030045	1	1	0	1|1	1	72.8437	PASS	-	-	.	.	.	.	.	.	.	.	0
truth_stvar	chr10	133307251	133307251	.	1	1	0	1|0	.	.	.	.	.	-	-	no:star_allele	ref	1	.	.	.	0
truth_stvar	chr10	133307251	133307251	.	1	1	0	0|1	.	.	.	.	.	-	-	ref	yes	1	.	.	.	0
truth_smvar	chr10	133307251	133307251	.	1	1,1	0	2|1	.	.	.	.	.	-	-	no:star_allele	no:duplicate_of_stvar	1	.	.	.	0
vg	chr10	133307251	133307251	>28030051>28030055	1	1	0	1|1	1	79.8111	PASS	-	-	.	.	.	.	.	.	.	.	0
vg	chr10	133307255	133307255	>28030057>28030062	1	1	0	1|0	1	42.4587	PASS	-	-	.	.	.	.	.	.	.	.	0
truth_stvar	chr10	133307260	133307260	.	1	1	0	1|0	.	.	.	.	.	-	-	no:star_allele	ref	1	.	.	.	0
truth_stvar	chr10	133307260	133307260	.	1	1	0	0|1	.	.	.	.	.	-	-	ref	yes	1	.	.	.	0
truth_smvar	chr10	133307260	133307260	.	1	1,1	0	2|1	.	.	.	.	.	-	-	no:star_allele	no:duplicate_of_stvar	1	.	.	.	0
vg	chr10	133307260	133307260	>28030064>28030070	1	1	0	1|1	1	47.7931	PASS	-	-	.	.	.	.	.	.	.	.	0
pangenie	chr10	133307260	133307260	chr10-133307260-SNV->28277990>28277992>28277993-1	1	1	0	1/1	1	.	PASS	-	-	.	.	.	.	.	.	.	.	0
pangenie	chr10	133307260	133307260	chr10-133307261-INS->28277993>28277995>28277996>28277997-4	1	5	4	0/1	1	.	PASS	-	-	.	.	.	.	.	.	.	.	0
pangenie	chr10	133307260	133307280	chr10-133307261-DEL->28277993>28278072-20	21	1	-20	1/0	1	.	PASS	-	-	.	.	.	.	.	.	.	.	0
vg	chr10	133307262	133307262	>28030070>28030117	1	5	4	1|1	1	42.6708	PASS	-	-	.	.	.	.	.	.	.	.	0
pangenie	chr10	133307263	133307275	chr10-133307266-DEL->28278000>28278018-12	13	1	-12	0/1	1	.	PASS	-	-	.	.	.	.	.	.	.	.	0
pangenie	chr10	133307276	133307292	chr10-133307286-DEL->28278079>28278091-16	17	1	-16	1/0	1	.	PASS	-	-	.	.	.	.	.	.	.	.	0
truth_stvar	chr10	133307312	133307312	.	1	1	0	1|0	.	.	.	.	.	-	-	yes	ref	1	.	.	.	0
truth_smvar	chr10	133307312	133307312	.	1	1	0	1|0	.	.	.	.	.	-	-	no:duplicate_of_stvar	ref	1	.	.	.	0
vg	chr10	133307312	133307312	>28030070>28030117	1	1	0	0|1	1	42.6708	PASS	-	-	.	.	.	.	.	.	.	.	0
pangenie	chr10	133307312	133307312	chr10-133307312-SNV->28278100>28278102>28278105-1	1	1	0	0/1	1	.	PASS	-	-	.	.	.	.	.	.	.	.	0
pangenie	chr10	133307312	133307312	chr10-133307312-SNV->28278100>28278104>28278105-1	1	1	0	1/0	1	.	PASS	-	-	.	.	.	.	.	.	.	.	0
pangenie	chr10	133307328	133307396	chr10-133307337-DEL->28278121>28278181-68	69	1	-68	0/1	1	.	PASS	FP	-	.	.	.	.	.	.	.	763.0,763.5	0
pangenie	chr10	133307330	133307330	chr10-133307330-SNV->28278108>28278110>28278111-1	1	1	0	1/0	1	.	PASS	-	-	.	.	.	.	.	.	.	.	0
truth_stvar	chr10	133307339	133307339	.	1	1	0	0|1	.	.	.	.	.	-	-	ref	yes	1	.	.	.	0
truth_smvar	chr10	133307339	133307339	.	1	1	0	0|1	.	.	.	.	.	-	-	ref	no:duplicate_of_stvar	1	.	.	.	0
vg	chr10	133307339	133307339	>28030133>28030136	1	1	0	1|0	1	8.00271	PASS	-	-	.	.	.	.	.	.	.	.	0
vg	chr10	133307347	133307347	>28030142>28030199	1	37	36	1|0	1	11.3338	PASS	-	-	.	.	.	.	.	.	.	.	0
truth_stvar	chr10	133307364	133307364	.	1	1	0	0|1	.	.	.	.	.	-	-	ref	yes	1	.	.	.	0
truth_smvar	chr10	133307364	133307364	.	1	1	0	0|1	.	.	.	.	.	-	-	ref	no:duplicate_of_stvar	1	.	.	.	0
vg	chr10	133307364	133307364	>28030206>28030231	1	1	0	1|0	1	17.2091	PASS	-	-	.	.	.	.	.	.	.	.	0
truth_stvar	chr10	133307382	133307382	.	1	1	0	1|0	.	.	.	.	.	-	-	yes	ref	1	.	.	.	0
truth_smvar	chr10	133307382	133307382	.	1	1	0	1|0	.	.	.	.	.	-	-	no:duplicate_of_stvar	ref	1	.	.	.	0
pangenie	chr10	133307386	133307386	chr10-133307386-SNV->28278156>28278158>28278159-1	1	1	0	1/0	1	.	PASS	-	-	.	.	.	.	.	.	.	.	0
vg	chr10	133307391	133307391	>28030233>28030236	1	1	0	1|0	1	2.81758	PASS	-	-	.	.	.	.	.	.	.	.	0
pangenie	chr10	133307391	133307391	chr10-133307391-SNV->28278164>28278166>28278167-1	1	1	0	1/0	1	.	PASS	-	-	.	.	.	.	.	.	.	.	0
pangenie	chr10	133307395	133307395	chr10-133307395-SNV->28278167>28278169>28278170-1	1	1	0	1/0	1	.	PASS	-	-	.	.	.	.	.	.	.	.	0
pangenie	chr10	133307404	133307416	chr10-133307410-DEL->28278184>28278201-12	13	1	-12	1/0	1	.	PASS	-	-	.	.	.	.	.	.	.	.	0
pangenie	chr10	133307407	133307407	chr10-133307407-SNV->28278181>28278183>28278184-1	1	1	0	0/1	1	.	PASS	-	-	.	.	.	.	.	.	.	.	0
pangenie	chr10	133307412	133307904	chr10-133307415-DEL->28278192>28278951-492	493	1	-492	0/1	1	.	PASS	FP	-	.	.	.	.	.	.	.	763.6,763.6	0
truth_stvar	chr10	133307416	133307416	.	1	1	0	0|1	.	.	.	.	.	-	-	ref	yes	1	.	.	.	0
truth_stvar	chr10	133307416	133307416	.	1	1	0	1|0	.	.	.	.	.	-	-	yes	ref	1	.	.	.	0
truth_smvar	chr10	133307416	133307416	.	1	1,1	0	2|1	.	.	.	.	.	-	-	no:duplicate_of_stvar	no:duplicate_of_stvar	1	.	.	.	0
vg	chr10	133307416	133307416	>28030252>28030256	1	1	0	1|0	1	7.74662	PASS	-	-	.	.	.	.	.	.	.	.	0
truth_stvar	chr10	133307438	133307438	.	1	1	0	0|1	.	.	.	.	.	-	-	ref	yes	1	.	.	.	0
truth_smvar	chr10	133307438	133307438	.	1	1	0	0|1	.	.	.	.	.	-	-	ref	no:duplicate_of_stvar	1	.	.	.	0
truth_stvar	chr10	133307443	133307443	.	1	1	0	1|1	.	.	.	.	.	-	-	yes	yes	1	.	.	.	0
truth_smvar	chr10	133307443	133307443	.	1	1	0	1|1	.	.	.	.	.	-	-	no:duplicate_of_stvar	no:duplicate_of_stvar	1	.	.	.	0
vg	chr10	133307443	133307443	>28030271>28030274	1	1	0	0|1	1	13.1141	PASS	-	-	.	.	.	.	.	.	.	.	0
truth_stvar	chr10	133307444	133307444	.	1	5	4	0|1	.	.	.	.	.	-	-	ref	yes	1	.	.	.	0
truth_smvar	chr10	133307444	133307444	.	1	5	4	0|1	.	.	.	.	.	-	-	ref	no:duplicate_of_stvar	1	.	.	.	0
vg	chr10	133307451	133307471	>28030280>28030333	21	1	-20	1|1	1	21.0384	PASS	-	-	.	.	.	.	.	.	.	.	0
truth_stvar	chr10	133307452	133307452	.	1	1	0	0|1	.	.	.	.	.	-	-	ref	yes	1	.	.	.	0
truth_stvar	chr10	133307452	133307452	.	1	1	0	1|0	.	.	.	.	.	-	-	yes	ref	1	.	.	.	0
truth_smvar	chr10	133307452	133307452	.	1	1,1	0	2|1	.	.	.	.	.	-	-	no:duplicate_of_stvar	no:duplicate_of_stvar	1	.	.	.	0
pangenie	chr10	133307452	133307452	chr10-133307452-INS->28278224>28278225>28278228>28278229>28278230>28278231>28278233>28278234>28278235>28278238>28278239>28278240>28278244>28278245>28278246>28278247>28278248>28278266>28278267>28278270>28278271>28278272>28278274>28278276>28278277>28278279>28278281>28278283>28278284>28278286>28278288>28278290>28278291>28278292>28278293>28278295>28278297>28278298>28278300>28278301>28278302>28278305>28278306>28278308>28278309>28278310>28278312>28278313>28278316>28278317-88	1	89	88	1/0	1	.	PASS	TP	-	.	.	.	.	.	.	.	763.4,763.7	0
vg	chr10	133307477	133307505	>28030280>28030333	29	1	-28	2|1	1	21.0384	PASS	-	-	.	.	.	.	.	.	.	.	0
vg	chr10	133307477	133307505	>28030280>28030333	29	13	-16	2|1	1	21.0384	PASS	-	-	.	.	.	.	.	.	.	.	0
vg	chr10	133307479	133307479	>28030308>28030311	1	1	0	1|.	1	2.04063	PASS	-	-	.	.	.	.	.	.	.	.	0
pangenie	chr10	133307479	133307479	chr10-133307479-SNV->28278459>28278461>28278462-1	1	1	0	1/0	1	.	PASS	-	-	.	.	.	.	.	.	.	.	0
truth_stvar	chr10	133307486	133307486	.	1	21	20	1|0	.	.	.	.	.	-	-	yes	ref	1	INS	192	.	0
truth_smvar	chr10	133307486	133307486	.	1	21	20	1|0	.	.	.	.	.	-	-	no:duplicate_of_stvar	ref	1	.	192	.	0
pangenie	chr10	133307486	133307574	chr10-133307487-DEL->28278464>28278559-88	89	1	-88	1/0	1	.	PASS	TP	-	.	.	.	.	.	.	.	763.3,763.8	0
truth_stvar	chr10	133307504	133307504	.	1	1	0	0|1	.	.	.	.	.	-	-	ref	yes	1	.	.	.	0
truth_smvar	chr10	133307504	133307504	.	1	1	0	0|1	.	.	.	.	.	-	-	ref	no:duplicate_of_stvar	1	.	.	.	0
truth_stvar	chr10	133307520	133307640	.	121	1	120	1|0	.	.	.	.	.	FN	TP	yes	ref	1	DEL	12	.	0
truth_smvar	chr10	133307520	133307640	.	121	1	120	1|0	.	.	.	.	.	-	-	no:duplicate_of_stvar	ref	1	.	12	.	0
vg	chr10	133307526	133307526	>28030342>28030345	1	1	0	1|0	1	2.68123	PASS	-	-	.	.	.	.	.	.	.	.	0
vg	chr10	133307531	133307531	>28030348>28030351	1	1	0	1|0	1	2.92015	PASS	-	-	.	.	.	.	.	.	.	.	0
vg	chr10	133307535	133307535	>28030353>28030356	1	1	0	1|0	1	2.92526	PASS	-	-	.	.	.	.	.	.	.	.	0
vg	chr10	133307550	133307562	>28030369>28030445	13	1	-12	1|1	1	35.8986	PASS	-	-	.	.	.	.	.	.	.	.	0
truth_stvar	chr10	133307556	133307556	.	1	1	0	1|0	.	.	.	.	.	-	-	no:star_allele	ref	1	.	.	.	0
truth_stvar	chr10	133307556	133307556	.	1	1	0	0|1	.	.	.	.	.	-	-	ref	yes	1	.	.	.	0
truth_smvar	chr10	133307556	133307556	.	1	1,1	0	2|1	.	.	.	.	.	-	-	no:star_allele	no:duplicate_of_stvar	1	.	.	.	0
truth_stvar	chr10	133307572	133307572	.	1	1	0	1|0	.	.	.	.	.	-	-	no:star_allele	ref	1	.	.	.	0
truth_stvar	chr10	133307572	133307572	.	1	69	68	0|1	.	.	.	.	.	FN	TP	ref	yes	1	INS	192	.	0
truth_smvar	chr10	133307572	133307572	.	1	69,1	68	2|1	.	.	.	.	.	-	-	no:star_allele	no:duplicate_of_stvar	1	.	192	.	0
truth_stvar	chr10	133307574	133307574	.	1	1	0	1|0	.	.	.	.	.	-	-	no:star_allele	ref	1	.	.	.	0
truth_stvar	chr10	133307574	133307574	.	1	1	0	0|1	.	.	.	.	.	-	-	ref	yes	1	.	.	.	0
truth_smvar	chr10	133307574	133307574	.	1	1,1	0	2|1	.	.	.	.	.	-	-	no:star_allele	no:duplicate_of_stvar	1	.	.	.	0
vg	chr10	133307574	133307574	>28030381>28030384	1	1	0	1|1	1	22.81	PASS	-	-	.	.	.	.	.	.	.	.	0
truth_stvar	chr10	133307580	133307580	.	1	1	0	1|0	.	.	.	.	.	-	-	no:star_allele	ref	1	.	.	.	0
truth_stvar	chr10	133307580	133307580	.	1	1	0	0|1	.	.	.	.	.	-	-	ref	yes	1	.	.	.	0
truth_smvar	chr10	133307580	133307580	.	1	1,1	0	2|1	.	.	.	.	.	-	-	no:star_allele	no:duplicate_of_stvar	1	.	.	.	0
vg	chr10	133307580	133307580	>28030389>28030392	1	1	0	1|1	1	23.9082	PASS	-	-	.	.	.	.	.	.	.	.	0
pangenie	chr10	133307580	133307580	chr10-133307580-SNV->28278564>28278566>28278567-1	1	1	0	1/0	1	.	PASS	-	-	.	.	.	.	.	.	.	.	0
truth_stvar	chr10	133307583	133307583	.	1	1	0	1|0	.	.	.	.	.	-	-	no:star_allele	ref	1	.	.	.	0
truth_stvar	chr10	133307583	133307583	.	1	1	0	0|1	.	.	.	.	.	-	-	ref	yes	1	.	.	.	0
truth_smvar	chr10	133307583	133307583	.	1	1,1	0	2|1	.	.	.	.	.	-	-	no:star_allele	no:duplicate_of_stvar	1	.	.	.	0
vg	chr10	133307583	133307583	>28030394>28030398	1	1	0	0|1	1	2.57552	PASS	-	-	.	.	.	.	.	.	.	.	0
vg	chr10	133307589	133307589	>28030403>28030417	1	37	36	0|1	1	23.4836	PASS	-	-	.	.	.	.	.	.	.	.	0
pangenie	chr10	133307592	133307592	chr10-133307592-SNV->28278577>28278581>28278582-1	1	1	0	1/0	1	.	PASS	-	-	.	.	.	.	.	.	.	.	0
pangenie	chr10	133307592	133307608	chr10-133307593-DEL->28278582>28278593-16	17	1	-16	1/0	1	.	PASS	-	-	.	.	.	.	.	.	.	.	0
vg	chr10	133307599	133307608	>28030417>28030443	10	26	16	0|1	1	30.6593	PASS	-	-	.	.	.	.	.	.	.	.	0
vg	chr10	133307599	133307599	>28030425>28030428	1	1	0	0|1	1	8.45872	PASS	-	-	.	.	.	.	.	.	.	.	0
truth_stvar	chr10	133307608	133307608	.	1	1	0	1|0	.	.	.	.	.	-	-	no:star_allele	ref	1	.	.	.	0
truth_stvar	chr10	133307608	133307608	.	1	1	0	0|1	.	.	.	.	.	-	-	ref	yes	1	.	.	.	0
truth_smvar	chr10	133307608	133307608	.	1	1,1	0	2|1	.	.	.	.	.	-	-	no:star_allele	no:duplicate_of_stvar	1	.	.	.	0
vg	chr10	133307608	133307608	>28030431>28030435	1	1	0	1|2	1	26.5699	PASS	-	-	.	.	.	.	.	.	.	.	0
vg	chr10	133307608	133307608	>28030431>28030435	1	1	0	1|2	1	26.5699	PASS	-	-	.	.	.	.	.	.	.	.	0
pangenie	chr10	133307626	133307626	chr10-133307626-SNV->28278597>28278599>28278600-1	1	1	0	1/0	1	.	PASS	-	-	.	.	.	.	.	.	.	.	0
vg	chr10	133307635	133307635	>28030463>28030466	1	1	0	0|1	1	15.2634	PASS	-	-	.	.	.	.	.	.	.	.	0
truth_stvar	chr10	133307642	133307642	.	1	1	0	1|0	.	.	.	.	.	-	-	yes	ref	1	.	.	.	0
truth_smvar	chr10	133307642	133307642	.	1	1	0	1|0	.	.	.	.	.	-	-	no:duplicate_of_stvar	ref	1	.	.	.	0
vg	chr10	133307654	133307666	>28030485>28030491	13	1	-12	1|0	1	20.2964	PASS	-	-	.	.	.	.	.	.	.	.	0
truth_stvar	chr10	133307660	133307660	.	1	1	0	0|1	.	.	.	.	.	-	-	ref	yes	1	.	.	.	0
truth_smvar	chr10	133307660	133307660	.	1	1	0	0|1	.	.	.	.	.	-	-	ref	no:duplicate_of_stvar	1	.	.	.	0
vg	chr10	133307660	133307660	>28030486>28030490	1	1	0	.|1	1	9.35372	PASS	-	-	.	.	.	.	.	.	.	.	0
pangenie	chr10	133307660	133307660	chr10-133307660-SNV->28278720>28278724>28278725-1	1	1	0	1/0	1	.	PASS	-	-	.	.	.	.	.	.	.	.	0
truth_stvar	chr10	133307682	133307682	.	1	1	0	0|1	.	.	.	.	.	-	-	ref	yes	1	.	.	.	0
truth_smvar	chr10	133307682	133307682	.	1	1	0	0|1	.	.	.	.	.	-	-	ref	no:duplicate_of_stvar	1	.	.	.	0
vg	chr10	133307682	133307682	>28030500>28030503	1	1	0	1|1	1	67.6387	PASS	-	-	.	.	.	.	.	.	.	.	0
truth_stvar	chr10	133307684	133307684	.	1	1	0	1|0	.	.	.	.	.	-	-	yes	ref	1	.	.	.	0
truth_smvar	chr10	133307684	133307684	.	1	1	0	1|0	.	.	.	.	.	-	-	no:duplicate_of_stvar	ref	1	.	.	.	0
truth_stvar	chr10	133307687	133307687	.	1	69	68	0|1	.	.	.	.	.	FN	TP	ref	yes	1	INS	192	.	0
truth_stvar	chr10	133307687	133307687	.	1	1	0	1|0	.	.	.	.	.	-	-	yes	ref	1	.	.	.	0
truth_smvar	chr10	133307687	133307687	.	1	1,69	68	1|2	.	.	.	.	.	-	-	no:duplicate_of_stvar	no:duplicate_of_stvar	1	.	.	.	0
vg	chr10	133307687	133307687	>28030508>28030519	1	1	0	2|1	1	51.9432	PASS	-	-	.	.	.	.	.	.	.	.	0
vg	chr10	133307687	133307687	>28030508>28030519	1	17	16	2|1	1	51.9432	PASS	-	-	.	.	.	.	.	.	.	.	0
pangenie	chr10	133307687	133307687	chr10-133307687-SNV->28278745>28278747>28278748-1	1	1	0	1/0	1	.	PASS	-	-	.	.	.	.	.	.	.	.	0
pangenie	chr10	133307688	133307688	chr10-133307690-INS->28278748>28278749>28278750-4	1	5	4	1/0	1	.	PASS	-	-	.	.	.	.	.	.	.	.	0
truth_stvar	chr10	133307696	133307696	.	1	1	0	1|1	.	.	.	.	.	-	-	yes	yes	1	.	.	.	0
truth_smvar	chr10	133307696	133307696	.	1	1	0	1|1	.	.	.	.	.	-	-	no:duplicate_of_stvar	no:duplicate_of_stvar	1	.	.	.	0
vg	chr10	133307696	133307696	>28030523>28030540	1	1	0	1|2	1	40.1233	PASS	-	-	.	.	.	.	.	.	.	.	0
vg	chr10	133307696	133307696	>28030523>28030540	1	1	0	1|2	1	40.1233	PASS	-	-	.	.	.	.	.	.	.	.	0
pangenie	chr10	133307696	133307696	chr10-133307696-SNV->28278750>28278753>28278754-1	1	1	0	1/0	1	.	PASS	-	-	.	.	.	.	.	.	.	.	0
truth_stvar	chr10	133307712	133307728	.	17	1	16	1|0	.	.	.	.	.	-	-	yes	ref	1	.	.	.	0
truth_smvar	chr10	133307712	133307728	.	17	1	16	1|0	.	.	.	.	.	-	-	no:duplicate_of_stvar	ref	1	.	.	.	0
vg	chr10	133307718	133307718	>28030540>28030544	1	1	0	1|0	1	18.4082	PASS	-	-	.	.	.	.	.	.	.	.	0
vg	chr10	133307723	133307723	>28030547>28030550	1	1	0	1|1	1	22.873	PASS	-	-	.	.	.	.	.	.	.	.	0
vg	chr10	133307727	133307727	>28030550>28030555	1	1	0	1|0	1	24.0166	PASS	-	-	.	.	.	.	.	.	.	.	0
truth_stvar	chr10	133307730	133307730	.	1	1	0	1|0	.	.	.	.	.	-	-	yes	ref	1	.	.	.	0
truth_smvar	chr10	133307730	133307730	.	1	1	0	1|0	.	.	.	.	.	-	-	no:duplicate_of_stvar	ref	1	.	.	.	0
vg	chr10	133307732	133307800	>28030556>28030654	69	65	-4	1|2	1	45.3962	PASS	-	-	.	.	.	.	.	.	.	.	0
vg	chr10	133307732	133307800	>28030556>28030654	69	69	0	1|2	1	45.3962	PASS	FP	-	.	.	.	.	.	.	.	779.5,779.5	0
vg	chr10	133307739	133307739	>28030580>28030583	1	1	0	1|0	1	0.23719	PASS	-	-	.	.	.	.	.	.	.	.	0
truth_stvar	chr10	133307748	133307748	.	1	1	0	0|1	.	.	.	.	.	-	-	ref	yes	1	.	.	.	0
truth_smvar	chr10	133307748	133307748	.	1	1	0	0|1	.	.	.	.	.	-	-	ref	no:duplicate_of_stvar	1	.	.	.	0
vg	chr10	133307748	133307748	>28030572>28030612	1	1	0	0|1	1	16.5739	PASS	-	-	.	.	.	.	.	.	.	.	0
pangenie	chr10	133307748	133307748	chr10-133307748-SNV->28278793>28278796>28278797-1	1	1	0	1/0	1	.	PASS	-	-	.	.	.	.	.	.	.	.	0
vg	chr10	133307749	133307749	>28030572>28030612	1	17	16	1|0	1	16.5739	PASS	-	-	.	.	.	.	.	.	.	.	0
truth_stvar	chr10	133307766	133307766	.	1	1	0	1|0	.	.	.	.	.	-	-	yes	ref	1	.	.	.	0
truth_smvar	chr10	133307766	133307766	.	1	1	0	1|0	.	.	.	.	.	-	-	no:duplicate_of_stvar	ref	1	.	.	.	0
vg	chr10	133307770	133307770	>28030614>28030617	1	1	0	1|0	1	1.99715	PASS	-	-	.	.	.	.	.	.	.	.	0
truth_stvar	chr10	133307775	133307775	.	1	1	0	1|1	.	.	.	.	.	-	-	yes	yes	1	.	.	.	0
truth_smvar	chr10	133307775	133307775	.	1	1	0	1|1	.	.	.	.	.	-	-	no:duplicate_of_stvar	no:duplicate_of_stvar	1	.	.	.	0
vg	chr10	133307775	133307775	>28030622>28030625	1	1	0	1|0	1	2.8688	PASS	-	-	.	.	.	.	.	.	.	.	0
pangenie	chr10	133307775	133307775	chr10-133307775-SNV->28278813>28278815>28278816-1	1	1	0	1/0	1	.	PASS	-	-	.	.	.	.	.	.	.	.	0
vg	chr10	133307779	133307779	>28030631>28030636	1	1	0	1|0	1	4.20285	PASS	-	-	.	.	.	.	.	.	.	.	0
truth_stvar	chr10	133307780	133307780	.	1	1	0	0|1	.	.	.	.	.	-	-	ref	yes	1	.	.	.	0
truth_smvar	chr10	133307780	133307780	.	1	1	0	0|1	.	.	.	.	.	-	-	ref	no:duplicate_of_stvar	1	.	.	.	0
truth_stvar	chr10	133307783	133307783	.	1	1	0	0|1	.	.	.	.	.	-	-	ref	yes	1	.	.	.	0
truth_smvar	chr10	133307783	133307783	.	1	1	0	0|1	.	.	.	.	.	-	-	ref	no:duplicate_of_stvar	1	.	.	.	0
truth_stvar	chr10	133307784	133307784	.	1	1	0	1|0	.	.	.	.	.	-	-	yes	ref	1	.	.	.	0
truth_smvar	chr10	133307784	133307784	.	1	1	0	1|0	.	.	.	.	.	-	-	no:duplicate_of_stvar	ref	1	.	.	.	0
pangenie	chr10	133307784	133307784	chr10-133307784-INS->28278822>28278823>28278825>28278833>28278834>28278836>28278838>28278839>28278843>28278844-36	1	37	36	1/0	1	.	PASS	-	-	.	.	.	.	.	.	.	.	0
pangenie	chr10	133307804	133307804	chr10-133307804-SNV->28278849>28278851>28278852-1	1	1	0	1/0	1	.	PASS	-	-	.	.	.	.	.	.	.	.	0
truth_stvar	chr10	133307806	133307806	.	1	1	0	1|0	.	.	.	.	.	-	-	yes	ref	1	.	.	.	0
truth_smvar	chr10	133307806	133307806	.	1	1	0	1|0	.	.	.	.	.	-	-	no:duplicate_of_stvar	ref	1	.	.	.	0
pangenie	chr10	133307806	133307806	chr10-133307806-SNV->28278852>28278854>28278855-1	1	1	0	1/0	1	.	PASS	-	-	.	.	.	.	.	.	.	.	0
truth_stvar	chr10	133307808	133307808	.	1	1	0	1|0	.	.	.	.	.	-	-	yes	ref	1	.	.	.	0
truth_smvar	chr10	133307808	133307808	.	1	1	0	1|0	.	.	.	.	.	-	-	no:duplicate_of_stvar	ref	1	.	.	.	0
truth_stvar	chr10	133307811	133307811	.	1	1	0	1|0	.	.	.	.	.	-	-	yes	ref	1	.	.	.	0
truth_smvar	chr10	133307811	133307811	.	1	1	0	1|0	.	.	.	.	.	-	-	no:duplicate_of_stvar	ref	1	.	.	.	0
vg	chr10	133307811	133307811	>28030663>28030666	1	1	0	1|1	1	7.25531	PASS	-	-	.	.	.	.	.	.	.	.	0
pangenie	chr10	133307811	133307811	chr10-133307811-SNV->28278860>28278862>28278863-1	1	1	0	1/0	1	.	PASS	-	-	.	.	.	.	.	.	.	.	0
pangenie	chr10	133307811	133307827	chr10-133307821-DEL->28278869>28278883-16	17	1	-16	1/0	1	.	PASS	-	-	.	.	.	.	.	.	.	.	0
truth_stvar	chr10	133307812	133307816	.	5	1	4	1|0	.	.	.	.	.	-	-	yes	ref	1	.	.	.	0
truth_smvar	chr10	133307812	133307816	.	5	1	4	1|0	.	.	.	.	.	-	-	no:duplicate_of_stvar	ref	1	.	.	.	0
vg	chr10	133307815	133307854	>28030667>28030688	40	12	-28	1|2	1	16.4114	PASS	-	-	.	.	.	.	.	.	.	.	0
vg	chr10	133307815	133307854	>28030667>28030688	40	24	-16	1|2	1	16.4114	PASS	-	-	.	.	.	.	.	.	.	.	0
pangenie	chr10	133307820	133307820	chr10-133307820-SNV->28278866>28278868>28278869-1	1	1	0	1/0	1	.	PASS	-	-	.	.	.	.	.	.	.	.	0
truth_stvar	chr10	133307836	133307836	.	1	1	0	1|0	.	.	.	.	.	-	-	yes	ref	1	.	.	.	0
truth_smvar	chr10	133307836	133307836	.	1	1	0	1|0	.	.	.	.	.	-	-	no:duplicate_of_stvar	ref	1	.	.	.	0
vg	chr10	133307854	133307854	>28030684>28030687	1	1	0	0|1	1	3.52764	PASS	-	-	.	.	.	.	.	.	.	.	0
vg	chr10	133307863	133307863	>28030697>28030700	1	1	0	0|1	1	3.08659	PASS	-	-	.	.	.	.	.	.	.	.	0
pangenie	chr10	133307863	133307863	chr10-133307887-INS->28278933>28278934>28278935>28278937>28278938>28278940>28278941-16	1	17	16	1/0	1	.	PASS	-	-	.	.	.	.	.	.	.	.	0
pangenie	chr10	133307863	133307863	chr10-133307863-SNV->28278898>28278900>28278901-1	1	1	0	1/0	1	.	PASS	-	-	.	.	.	.	.	.	.	.	0
pangenie	chr10	133307868	133307868	chr10-133307871-INS->28278906>28278908>28278911>28278913>28278914>28278916>28278917-20	1	21	20	1/0	1	.	PASS	-	-	.	.	.	.	.	.	.	.	0
vg	chr10	133307872	133307888	>28030709>28030748	17	1	-16	2|1	1	29.5455	PASS	-	-	.	.	.	.	.	.	.	.	0
vg	chr10	133307872	133307888	>28030709>28030748	17	17	0	2|1	1	29.5455	PASS	-	-	.	.	.	.	.	.	.	.	0
truth_stvar	chr10	133307888	133307888	.	1	1	0	0|1	.	.	.	.	.	-	-	ref	yes	1	.	.	.	0
truth_stvar	chr10	133307888	133307888	.	1	1	0	1|0	.	.	.	.	.	-	-	yes	ref	1	.	.	.	0
truth_smvar	chr10	133307888	133307888	.	1	1,1	0	2|1	.	.	.	.	.	-	-	no:duplicate_of_stvar	no:duplicate_of_stvar	1	.	.	.	0
pangenie	chr10	133307904	133308008	chr10-133307909-DEL->28278953>28279094-104	105	1	-104	0/1	1	.	PASS	FP	-	.	.	.	.	.	.	.	763.3,763.9	0
vg	chr10	133307908	133307908	>28030709>28030748	1	1	0	0|1	1	29.5455	PASS	-	-	.	.	.	.	.	.	.	.	0
vg	chr10	133307910	133307910	>28030748>28031449	1	1	0	0|1	1	54.043	PASS	-	-	.	.	.	.	.	.	.	.	0
pangenie	chr10	133307910	133308014	chr10-133307910-DEL->28278953>28279095>28279096-104	105	1	-104	1/0	1	.	PASS	FP	-	.	.	.	.	.	.	.	763.3,763.10	0
truth_stvar	chr10	133307915	133307915	.	1	1	0	1|0	.	.	.	.	.	-	-	yes	ref	1	.	.	.	0
truth_smvar	chr10	133307915	133307915	.	1	1	0	1|0	.	.	.	.	.	-	-	no:duplicate_of_stvar	ref	1	.	.	.	0
vg	chr10	133307915	133307915	>28030757>28030760	1	1	0	0|1	1	7.91484	PASS	-	-	.	.	.	.	.	.	.	.	0
vg	chr10	133307923	133307927	>28030761>28031209	5	1	-4	0|1	1	57.2462	PASS	-	-	.	.	.	.	.	.	.	.	0
truth_stvar	chr10	133307931	133308803	.	873	1	872	1|0	.	.	.	.	.	FN	FN	yes	ref	1	DEL	12	.	0
truth_smvar	chr10	133307931	133308803	.	873	1	872	1|0	.	.	.	.	.	-	-	no:duplicate_of_stvar	ref	1	.	12	.	0
truth_stvar	chr10	133307940	133307940	.	1	1	0	1|0	.	.	.	.	.	-	-	no:star_allele	ref	1	.	.	.	0
truth_stvar	chr10	133307940	133307940	.	1	1	0	0|1	.	.	.	.	.	-	-	ref	yes	1	.	.	.	0
truth_smvar	chr10	133307940	133307940	.	1	1,1	0	2|1	.	.	.	.	.	-	-	no:star_allele	no:duplicate_of_stvar	1	.	.	.	0
vg	chr10	133307940	133307940	>28030776>28030781	1	1	0	2|1	1	20.5861	PASS	-	-	.	.	.	.	.	.	.	.	0
vg	chr10	133307940	133307940	>28030776>28030781	1	1	0	2|1	1	20.5861	PASS	-	-	.	.	.	.	.	.	.	.	0
vg	chr10	133307974	133308010	>28030799>28030842	37	1	-36	2|1	1	50.4159	PASS	-	-	.	.	.	.	.	.	.	.	0
vg	chr10	133307974	133308010	>28030799>28030842	37	53	16	2|1	1	50.4159	PASS	-	-	.	.	.	.	.	.	.	.	0
truth_stvar	chr10	133307975	133307975	.	1	1	0	1|0	.	.	.	.	.	-	-	no:star_allele	ref	1	.	.	.	0
truth_stvar	chr10	133307975	133307975	.	1	53	52	0|1	.	.	.	.	.	FN	FN	ref	yes	1	INS	192	.	0
truth_smvar	chr10	133307975	133307975	.	1	53,1	52	2|1	.	.	.	.	.	-	-	no:star_allele	no:duplicate_of_stvar	1	.	192	.	0
vg	chr10	133307977	133307977	>28030803>28030810	1	17	16	1|.	1	4.93138	PASS	-	-	.	.	.	.	.	.	.	.	0
pangenie	chr10	133308016	133308016	chr10-133308016-SNV->28279096>28279098>28279099-1	1	1	0	1/0	1	.	PASS	-	-	.	.	.	.	.	.	.	.	0
vg	chr10	133308028	133308028	>28030852>28030856	1	1	0	1|1	1	2.58258	PASS	-	-	.	.	.	.	.	.	.	.	0
pangenie	chr10	133308028	133308028	chr10-133308028-SNV->28279112>28279115>28279116-1	1	1	0	1/1	1	.	PASS	-	-	.	.	.	.	.	.	.	.	0
vg	chr10	133308046	133308046	>28030862>28030865	1	1	0	0|1	1	10.2499	PASS	-	-	.	.	.	.	.	.	.	.	0
truth_stvar	chr10	133308053	133308053	.	1	1	0	1|0	.	.	.	.	.	-	-	no:star_allele	ref	1	.	.	.	0
truth_stvar	chr10	133308053	133308053	.	1	1	0	0|1	.	.	.	.	.	-	-	ref	yes	1	.	.	.	0
truth_smvar	chr10	133308053	133308053	.	1	1,1	0	2|1	.	.	.	.	.	-	-	no:star_allele	no:duplicate_of_stvar	1	.	.	.	0
vg	chr10	133308055	133308055	>28030873>28030876	1	1	0	0|1	1	3.81019	PASS	-	-	.	.	.	.	.	.	.	.	0
pangenie	chr10	133308055	133308055	chr10-133308055-SNV->28279136>28279138>28279139-1	1	1	0	0/1	1	.	PASS	-	-	.	.	.	.	.	.	.	.	0
vg	chr10	133308060	133308060	>28030876>28030879	1	1	0	1|0	1	1.65886	PASS	-	-	.	.	.	.	.	.	.	.	0
pangenie	chr10	133308060	133308096	chr10-133308063-DEL->28279144>28279170-36	37	1	-36	1/1	1	.	PASS	-	-	.	.	.	.	.	.	.	.	0
vg	chr10	133308063	133308080	>28030761>28031209	18	18	0	2|1	1	57.2462	PASS	-	-	.	.	.	.	.	.	.	.	0
vg	chr10	133308063	133308080	>28030761>28031209	18	2	-16	2|1	1	57.2462	PASS	-	-	.	.	.	.	.	.	.	.	0
truth_stvar	chr10	133308080	133308080	.	1	1	0	1|0	.	.	.	.	.	-	-	no:star_allele	ref	1	.	.	.	0
truth_stvar	chr10	133308080	133308080	.	1	1	0	0|1	.	.	.	.	.	-	-	ref	yes	1	.	.	.	0
truth_smvar	chr10	133308080	133308080	.	1	1,1	0	2|1	.	.	.	.	.	-	-	no:star_allele	no:duplicate_of_stvar	1	.	.	.	0
pangenie	chr10	133308096	133308112	chr10-133308115-DEL->28279186>28279191-16	17	1	-16	0/1	1	.	PASS	-	-	.	.	.	.	.	.	.	.	0
truth_stvar	chr10	133308098	133308098	.	1	1	0	1|0	.	.	.	.	.	-	-	no:star_allele	ref	1	.	.	.	0
truth_stvar	chr10	133308098	133308098	.	1	1	0	0|1	.	.	.	.	.	-	-	ref	yes	1	.	.	.	0
truth_smvar	chr10	133308098	133308098	.	1	1,1	0	2|1	.	.	.	.	.	-	-	no:star_allele	no:duplicate_of_stvar	1	.	.	.	0
truth_stvar	chr10	133308107	133308107	.	1	1	0	1|0	.	.	.	.	.	-	-	no:star_allele	ref	1	.	.	.	0
truth_stvar	chr10	133308107	133308107	.	1	1	0	0|1	.	.	.	.	.	-	-	ref	yes	1	.	.	.	0
truth_smvar	chr10	133308107	133308107	.	1	1,1	0	2|1	.	.	.	.	.	-	-	no:star_allele	no:duplicate_of_stvar	1	.	.	.	0
vg	chr10	133308107	133308107	>28030911>28030914	1	1	0	1|0	1	5.86271	PASS	-	-	.	.	.	.	.	.	.	.	0
vg	chr10	133308112	133308148	>28030917>28030932	37	1	-36	2|1	1	17.3117	PASS	-	-	.	.	.	.	.	.	.	.	0
vg	chr10	133308112	133308148	>28030917>28030932	37	37	0	2|1	1	17.3117	PASS	-	-	.	.	.	.	.	.	.	.	0
truth_stvar	chr10	133308124	133308124	.	1	1	0	1|0	.	.	.	.	.	-	-	no:star_allele	ref	1	.	.	.	0
truth_stvar	chr10	133308124	133308124	.	1	69	68	0|1	.	.	.	.	.	FN	FN	ref	yes	1	INS	52	.	0
truth_smvar	chr10	133308124	133308124	.	1	69,1	68	2|1	.	.	.	.	.	-	-	no:star_allele	no:duplicate_of_stvar	1	.	52	.	0
truth_stvar	chr10	133308132	133308132	.	1	1	0	1|0	.	.	.	.	.	-	-	no:star_allele	ref	1	.	.	.	0
truth_stvar	chr10	133308132	133308132	.	1	1	0	0|1	.	.	.	.	.	-	-	ref	yes	1	.	.	.	0
truth_smvar	chr10	133308132	133308132	.	1	1,1	0	2|1	.	.	.	.	.	-	-	no:star_allele	no:duplicate_of_stvar	1	.	.	.	0
pangenie	chr10	133308132	133308132	chr10-133308132-SNV->28279190>28279192>28279194-1	1	1	0	1/0	1	.	PASS	-	-	.	.	.	.	.	.	.	.	0
pangenie	chr10	133308132	133308184	chr10-133308264-DEL->28279386>28279424-52	53	1	-52	1/1	1	.	PASS	FP	-	.	.	.	.	.	.	.	763.8,763.11	0
vg	chr10	133308154	133308154	>28030932>28030935	1	1	0	0|1	1	1.61771	PASS	-	-	.	.	.	.	.	.	.	.	0
vg	chr10	133308157	133308225	>28030938>28030999	69	1	-68	0|1	1	16.2803	PASS	FP	-	.	.	.	.	.	.	.	779.8,779.7	0
pangenie	chr10	133308159	133308159	chr10-133308159-SNV->28279213>28279215>28279216-1	1	1	0	1/0	1	.	PASS	-	-	.	.	.	.	.	.	.	.	0
pangenie	chr10	133308164	133308164	chr10-133308167-INS->28279223>28279224>28279227>28279228>28279229>28279231>28279233>28279234>28279235>28279237>28279239>28279240>28279241>28279243>28279244>28279245>28279247>28279248-36	1	37	36	0/1	1	.	PASS	-	-	.	.	.	.	.	.	.	.	0
pangenie	chr10	133308166	133308166	chr10-133308167-INS->28279223>28279224>28279227>28279240>28279241>28279243>28279244>28279246>28279247>28279248-20	1	21	20	1/0	1	.	PASS	-	-	.	.	.	.	.	.	.	.	0
pangenie	chr10	133308170	133308170	chr10-133308170-SNV->28279250>28279252>28279253-1	1	1	0	0/1	1	.	PASS	-	-	.	.	.	.	.	.	.	.	0
truth_stvar	chr10	133308184	133308184	.	1	1	0	1|0	.	.	.	.	.	-	-	no:star_allele	ref	1	.	.	.	0
truth_stvar	chr10	133308184	133308184	.	1	1	0	0|1	.	.	.	.	.	-	-	ref	yes	1	.	.	.	0
truth_smvar	chr10	133308184	133308184	.	1	1,1	0	2|1	.	.	.	.	.	-	-	no:star_allele	no:duplicate_of_stvar	1	.	.	.	0
vg	chr10	133308184	133308184	>28030975>28030995	1	1	0	1|.	1	9.24025	PASS	-	-	.	.	.	.	.	.	.	.	0
pangenie	chr10	133308184	133308184	chr10-133308184-SNV->28279269>28279279>28279280-1	1	1	0	0/1	1	.	PASS	-	-	.	.	.	.	.	.	.	.	0
pangenie	chr10	133308202	133308202	chr10-133308202-SNV->28279315>28279317>28279318-1	1	1	0	0/1	1	.	PASS	-	-	.	.	.	.	.	.	.	.	0
pangenie	chr10	133308206	133308206	chr10-133308206-SNV->28279321>28279322>28279325-1	1	1	0	1/0	1	.	PASS	-	-	.	.	.	.	.	.	.	.	0
pangenie	chr10	133308208	133308208	chr10-133308208-SNV->28279325>28279328>28279329-1	1	1	0	1/0	1	.	PASS	-	-	.	.	.	.	.	.	.	.	0
pangenie	chr10	133308211	133308211	chr10-133308211-SNV->28279330>28279332>28279333-1	1	1	0	1/0	1	.	PASS	-	-	.	.	.	.	.	.	.	.	0
pangenie	chr10	133308219	133308246	chr10-133308219-DEL->28279345>28279362-27	28	1	-27	0/1	1	.	PASS	-	-	.	.	.	.	.	.	.	.	0
pangenie	chr10	133308220	133308236	chr10-133308220-DEL->28279345>28279360>28279361-16	17	1	-16	1/0	1	.	PASS	-	-	.	.	.	.	.	.	.	.	0
truth_stvar	chr10	133308236	133308236	.	1	1	0	1|0	.	.	.	.	.	-	-	no:star_allele	ref	1	.	.	.	0
truth_stvar	chr10	133308236	133308236	.	1	1	0	0|1	.	.	.	.	.	-	-	ref	yes	1	.	.	.	0
truth_smvar	chr10	133308236	133308236	.	1	1,1	0	2|1	.	.	.	.	.	-	-	no:star_allele	no:duplicate_of_stvar	1	.	.	.	0
vg	chr10	133308236	133308236	>28031002>28031024	1	1	0	1|2	1	13.6709	PASS	-	-	.	.	.	.	.	.	.	.	0
vg	chr10	133308236	133308236	>28031002>28031024	1	1	0	1|2	1	13.6709	PASS	-	-	.	.	.	.	.	.	.	.	0
pangenie	chr10	133308236	133308392	chr10-133308323-DEL->28279425>28279644-156	157	1	-156	1/0	1	.	PASS	FP	-	.	.	.	.	.	.	.	763.14,763.12	0
pangenie	chr10	133308246	133308249	chr10-133308248-DEL->28279364>28279369-3	4	1	-3	0/1	1	.	PASS	-	-	.	.	.	.	.	.	.	.	0
pangenie	chr10	133308249	133308255	chr10-133308255-DEL->28279372>28279382-6	7	1	-6	0/1	1	.	PASS	-	-	.	.	.	.	.	.	.	.	0
pangenie	chr10	133308254	133308254	chr10-133308254-SNV->28279369>28279371>28279372-1	1	1	0	1/0	1	.	PASS	-	-	.	.	.	.	.	.	.	.	0
vg	chr10	133308263	133308315	>28030761>28031209	53	69	16	2|1	1	57.2462	PASS	-	-	.	.	.	.	.	.	.	.	0
vg	chr10	133308263	133308315	>28030761>28031209	53	1	-52	2|1	1	57.2462	PASS	FP	-	.	.	.	.	.	.	.	779.8,779.6	0
pangenie	chr10	133308263	133308263	chr10-133308263-SNV->28279382>28279384>28279386-1	1	1	0	1/1	1	.	PASS	-	-	.	.	.	.	.	.	.	.	0
truth_stvar	chr10	133308288	133308288	.	1	1	0	1|0	.	.	.	.	.	-	-	no:star_allele	ref	1	.	.	.	0
truth_stvar	chr10	133308288	133308288	.	1	1	0	0|1	.	.	.	.	.	-	-	ref	yes	1	.	.	.	0
truth_smvar	chr10	133308288	133308288	.	1	1,1	0	2|1	.	.	.	.	.	-	-	no:star_allele	no:duplicate_of_stvar	1	.	.	.	0
vg	chr10	133308288	133308306	>28031078>28031105	19	19	0	.|1	1	7.61461	PASS	-	-	.	.	.	.	.	.	.	.	0
vg	chr10	133308288	133308288	>28031082>28031086	1	1	0	.|1	1	4.70119	PASS	-	-	.	.	.	.	.	.	.	.	0
truth_stvar	chr10	133308304	133308320	.	17	1	0	1|0	.	.	.	.	.	-	-	no:star_allele	ref	1	.	.	.	0
truth_stvar	chr10	133308304	133308320	.	17	1	16	0|1	.	.	.	.	.	-	-	ref	yes	1	.	.	.	0
truth_smvar	chr10	133308304	133308320	.	17	1,1	16	2|1	.	.	.	.	.	-	-	no:star_allele	no:duplicate_of_stvar	1	.	.	.	0
pangenie	chr10	133308314	133308354	chr10-133308323-DEL->28279425>28279455-40	41	1	-40	0/1	1	.	PASS	-	-	.	.	.	.	.	.	.	.	0
vg	chr10	133308320	133308320	>28030761>28031209	1	49	48	0|1	1	57.2462	PASS	-	-	.	.	.	.	.	.	.	.	0
vg	chr10	133308327	133308327	>28030761>28031209	1	25	24	0|1	1	57.2462	PASS	-	-	.	.	.	.	.	.	.	.	0
truth_stvar	chr10	133308328	133308328	.	1	1	0	1|0	.	.	.	.	.	-	-	no:star_allele	ref	1	.	.	.	0
truth_stvar	chr10	133308328	133308328	.	1	1	0	0|1	.	.	.	.	.	-	-	ref	yes	1	.	.	.	0
truth_smvar	chr10	133308328	133308328	.	1	1,1	0	2|1	.	.	.	.	.	-	-	no:star_allele	no:duplicate_of_stvar	1	.	.	.	0
vg	chr10	133308331	133308331	>28031210>28031213	1	1	0	0|1	1	24.9609	PASS	-	-	.	.	.	.	.	.	.	.	0
truth_stvar	chr10	133308336	133308336	.	1	1	0	1|0	.	.	.	.	.	-	-	no:star_allele	ref	1	.	.	.	0
truth_stvar	chr10	133308336	133308336	.	1	1	0	0|1	.	.	.	.	.	-	-	ref	yes	1	.	.	.	0
truth_smvar	chr10	133308336	133308336	.	1	1,1	0	2|1	.	.	.	.	.	-	-	no:star_allele	no:duplicate_of_stvar	1	.	.	.	0
truth_stvar	chr10	133308339	133308339	.	1	1	0	1|0	.	.	.	.	.	-	-	no:star_allele	ref	1	.	.	.	0
truth_stvar	chr10	133308339	133308339	.	1	1	0	0|1	.	.	.	.	.	-	-	ref	yes	1	.	.	.	0
truth_smvar	chr10	133308339	133308339	.	1	1,1	0	2|1	.	.	.	.	.	-	-	no:star_allele	no:duplicate_of_stvar	1	.	.	.	0
truth_stvar	chr10	133308340	133308340	.	1	1	0	1|0	.	.	.	.	.	-	-	no:star_allele	ref	1	.	.	.	0
truth_stvar	chr10	133308340	133308340	.	1	1	0	0|1	.	.	.	.	.	-	-	ref	yes	1	.	.	.	0
truth_smvar	chr10	133308340	133308340	.	1	1,1	0	2|1	.	.	.	.	.	-	-	no:star_allele	no:duplicate_of_stvar	1	.	.	.	0
vg	chr10	133308340	133308471	>28031213>28031374	132	116	-16	1|0	1	39.1068	PASS	-	-	.	.	.	.	.	.	.	.	0
vg	chr10	133308340	133308340	>28031217>28031242	1	1	0	1|2	1	32.9552	PASS	-	-	.	.	.	.	.	.	.	.	0
vg	chr10	133308340	133308340	>28031217>28031242	1	17	16	1|2	1	32.9552	PASS	-	-	.	.	.	.	.	.	.	.	0
vg	chr10	133308356	133308372	>28031246>28031262	17	1	-16	1|1	1	29.7708	PASS	-	-	.	.	.	.	.	.	.	.	0
pangenie	chr10	133308372	133308372	chr10-133308377-INS->28279473>28279474>28279476>28279477>28279479>28279480>28279482>28279483>28279485>28279488>28279489>28279490>28279491>28279492>28279494>28279495>28279497>28279498>28279500>28279501>28279504>28279506>28279507>28279537>28279538>28279540>28279541>28279543>28279544>28279545>28279546>28279549>28279550>28279552>28279560>28279561>28279563>28279564>28279567>28279568-76	1	77	76	0/1	1	.	PASS	TP	-	.	.	.	.	.	.	.	763.9,763.13	0
pangenie	chr10	133308372	133308408	chr10-133308391-DEL->28279583>28279601-36	37	1	-36	0/1	1	.	PASS	-	-	.	.	.	.	.	.	.	.	0
truth_stvar	chr10	133308383	133308383	.	1	1	0	1|0	.	.	.	.	.	-	-	no:star_allele	ref	1	.	.	.	0
truth_stvar	chr10	133308383	133308383	.	1	1	0	0|1	.	.	.	.	.	-	-	ref	yes	1	.	.	.	0
truth_smvar	chr10	133308383	133308383	.	1	1,1	0	2|1	.	.	.	.	.	-	-	no:star_allele	no:duplicate_of_stvar	1	.	.	.	0
vg	chr10	133308383	133308383	>28031275>28031278	1	1	0	1|1	1	26.6218	PASS	-	-	.	.	.	.	.	.	.	.	0
vg	chr10	133308388	133308388	>28031283>28031286	1	1	0	1|0	1	0.399067	PASS	-	-	.	.	.	.	.	.	.	.	0
vg	chr10	133308391	133308444	>28031289>28031362	54	54	0	1|2	1	29.7064	PASS	-	-	.	.	.	.	.	.	.	.	0
vg	chr10	133308391	133308444	>28031289>28031362	54	54	0	1|2	1	29.7064	PASS	FP	-	.	.	.	.	.	.	.	779.7,779.8	0
truth_stvar	chr10	133308392	133308392	.	1	1	0	1|0	.	.	.	.	.	-	-	no:star_allele	ref	1	.	.	.	0
truth_stvar	chr10	133308392	133308392	.	1	1	0	0|1	.	.	.	.	.	-	-	ref	yes	1	.	.	.	0
truth_smvar	chr10	133308392	133308392	.	1	1,1	0	2|1	.	.	.	.	.	-	-	no:star_allele	no:duplicate_of_stvar	1	.	.	.	0
vg	chr10	133308444	133308444	>28031346>28031350	1	1	0	0|1	1	6.79597	PASS	-	-	.	.	.	.	.	.	.	.	0
pangenie	chr10	133308444	133308444	chr10-133308444-SNV->28279609>28279612>28279613-1	1	1	0	0/1	1	.	PASS	-	-	.	.	.	.	.	.	.	.	0
vg	chr10	133308471	133308471	>28031370>28031373	1	1	0	1|0	1	12.0889	PASS	-	-	.	.	.	.	.	.	.	.	0
pangenie	chr10	133308476	133308512	chr10-133308481-DEL->28279645>28279675-36	37	1	-36	0/1	1	.	PASS	-	-	.	.	.	.	.	.	.	.	0
truth_stvar	chr10	133308488	133308488	.	1	1	0	1|0	.	.	.	.	.	-	-	no:star_allele	ref	1	.	.	.	0
truth_stvar	chr10	133308488	133308488	.	1	69	68	0|1	.	.	.	.	.	FN	TP	ref	yes	1	INS	52	.	0
truth_smvar	chr10	133308488	133308488	.	1	69,1	68	2|1	.	.	.	.	.	-	-	no:star_allele	no:duplicate_of_stvar	1	.	52	.	0
truth_stvar	chr10	133308496	133308496	.	1	1	0	1|0	.	.	.	.	.	-	-	no:star_allele	ref	1	.	.	.	0
truth_stvar	chr10	133308496	133308496	.	1	1	0	0|1	.	.	.	.	.	-	-	ref	yes	1	.	.	.	0
truth_smvar	chr10	133308496	133308496	.	1	1,1	0	2|1	.	.	.	.	.	-	-	no:star_allele	no:duplicate_of_stvar	1	.	.	.	0
pangenie	chr10	133308496	133308496	chr10-133308496-SNV->28279656>28279660>28279661-1	1	1	0	1/0	1	.	PASS	-	-	.	.	.	.	.	.	.	.	0
vg	chr10	133308514	133308514	>28031393>28031410	1	1	0	2|1	1	22.569	PASS	-	-	.	.	.	.	.	.	.	.	0
vg	chr10	133308514	133308514	>28031393>28031410	1	17	16	2|1	1	22.569	PASS	-	-	.	.	.	.	.	.	.	.	0
pangenie	chr10	133308518	133308518	chr10-133308518-SNV->28279674>28279676>28279677-1	1	1	0	1/0	1	.	PASS	-	-	.	.	.	.	.	.	.	.	0
pangenie	chr10	133308520	133308520	chr10-133308520-SNV->28279677>28279680>28279681-1	1	1	0	1/0	1	.	PASS	-	-	.	.	.	.	.	.	.	.	0
vg	chr10	133308523	133308523	>28031420>28031423	1	1	0	1|0	1	22.064	PASS	-	-	.	.	.	.	.	.	.	.	0
pangenie	chr10	133308523	133308523	chr10-133308523-SNV->28279682>28279703>28279704-1	1	1	0	1/1	1	.	PASS	-	-	.	.	.	.	.	.	.	.	0
vg	chr10	133308531	133308535	>28030748>28031449	5	1	-4	1|0	1	54.043	PASS	-	-	.	.	.	.	.	.	.	.	0
pangenie	chr10	133308532	133308548	chr10-133308532-DEL->28279706>28279721>28279722-16	17	1	-16	1/1	1	.	PASS	-	-	.	.	.	.	.	.	.	.	0
vg	chr10	133308537	133308537	>28031451>28031456	1	17	16	1|0	1	2.11485	PASS	-	-	.	.	.	.	.	.	.	.	0
truth_stvar	chr10	133308548	133308548	.	1	1	0	1|0	.	.	.	.	.	-	-	no:star_allele	ref	1	.	.	.	0
truth_stvar	chr10	133308548	133308548	.	1	1	0	0|1	.	.	.	.	.	-	-	ref	yes	1	.	.	.	0
truth_smvar	chr10	133308548	133308548	.	1	1,1	0	2|1	.	.	.	.	.	-	-	no:star_allele	no:duplicate_of_stvar	1	.	.	.	0
vg	chr10	133308548	133308548	>28031457>28031461	1	1	0	1|2	1	0.928662	PASS	-	-	.	.	.	.	.	.	.	.	0
vg	chr10	133308548	133308548	>28031457>28031461	1	1	0	1|2	1	0.928662	PASS	-	-	.	.	.	.	.	.	.	.	0
pangenie	chr10	133308566	133308566	chr10-133308566-SNV->28279730>28279732>28279733-1	1	1	0	1/0	1	.	PASS	-	-	.	.	.	.	.	.	.	.	0
vg	chr10	133308570	133308570	>28031471>28031474	1	1	0	1|1	1	17.2507	PASS	-	-	.	.	.	.	.	.	.	.	0
vg	chr10	133308575	133308575	>28031477>28031481	1	1	0	1|1	1	13.6827	PASS	-	-	.	.	.	.	.	.	.	.	0
pangenie	chr10	133308575	133308582	chr10-133308575-COMPLEX->28279743>28279750>28279751>28279752>28279754>28279756>28279757>28279758>28279767>28279768>28279770>28279771>28279772-28	8	28	20	1/0	1	.	PASS	-	-	.	.	.	.	.	.	.	.	0
vg	chr10	133308579	133308579	>28031481>28031484	1	1	0	1|1	1	1.94947	PASS	-	-	.	.	.	.	.	.	.	.	0
vg	chr10	133308583	133308595	>28031456>28032030	13	1	-12	1|1	1	57.0896	PASS	-	-	.	.	.	.	.	.	.	.	0
truth_stvar	chr10	133308600	133308600	.	1	1	0	1|0	.	.	.	.	.	-	-	no:star_allele	ref	1	.	.	.	0
truth_stvar	chr10	133308600	133308600	.	1	1	0	0|1	.	.	.	.	.	-	-	ref	yes	1	.	.	.	0
truth_smvar	chr10	133308600	133308600	.	1	1,1	0	2|1	.	.	.	.	.	-	-	no:star_allele	no:duplicate_of_stvar	1	.	.	.	0
vg	chr10	133308600	133308600	>28031490>28031495	1	1	0	1|1	1	7.7113	PASS	-	-	.	.	.	.	.	.	.	.	0
pangenie	chr10	133308600	133308600	chr10-133308600-SNV->28279809>28279821>28279823-1	1	1	0	0/1	1	.	PASS	-	-	.	.	.	.	.	.	.	.	0
vg	chr10	133308616	133308616	>28031497>28031511	1	17	16	1|1	1	10.9969	PASS	-	-	.	.	.	.	.	.	.	.	0
pangenie	chr10	133308616	133308616	chr10-133308617-INS->28279832>28279833>28279835>28279837>28279838>28279840>28279841>28279843>28279845>28279847>28279848>28279850>28279851-16	1	17	16	1/0	1	.	PASS	-	-	.	.	.	.	.	.	.	.	0
pangenie	chr10	133308620	133308620	chr10-133308620-INS->28279832>28279833>28279835>28279836>28279838>28279839>28279841>28279843>28279845>28279847>28279848>28279854>28279855-12	1	13	12	0/1	1	.	PASS	-	-	.	.	.	.	.	.	.	.	0
pangenie	chr10	133308620	133308627	chr10-133308620-COMPLEX->28279852>28279892>28279893>28279894>28279896>28279912>28279915>28279916>28279918>28279919>28279921>28279922>28279923>28279925>28279930>28279931>28279933>28279934>28279936>28279938>28279939>28279940>28279941-56	8	56	48	1/0	1	.	PASS	-	-	.	.	.	.	.	.	.	.	0
pangenie	chr10	133308623	133308624	chr10-133308623-COMPLEX->28279856>28279861>28279862>28279863-2	2	2	0	0/1	1	.	PASS	-	-	.	.	.	.	.	.	.	.	0
vg	chr10	133308627	133308627	>28031521>28031524	1	1	0	1|1	1	7.99879	PASS	-	-	.	.	.	.	.	.	.	.	0
pangenie	chr10	133308627	133308627	chr10-133308630-INS->28279868>28279878>28279879>28279880>28279881>28279883>28279884>28279885>28279887>28279888>28279890>28279919>28279938>28279939>28279940>28279941-40	1	41	40	0/1	1	.	PASS	-	-	.	.	.	.	.	.	.	.	0
pangenie	chr10	133308627	133308627	chr10-133308627-SNV->28279863>28279865>28279866-1	1	1	0	0/1	1	.	PASS	-	-	.	.	.	.	.	.	.	.	0
truth_stvar	chr10	133308632	133308652	.	21	1	0	1|0	.	.	.	.	.	-	-	no:star_allele	ref	1	DEL	12	.	0
truth_stvar	chr10	133308632	133308652	.	21	1	20	0|1	.	.	.	.	.	-	-	ref	yes	1	DEL	12	.	0
truth_smvar	chr10	133308632	133308652	.	21	1,1	20	2|1	.	.	.	.	.	-	-	no:star_allele	no:duplicate_of_stvar	1	.	12	.	0
vg	chr10	133308636	133308636	>28031456>28032030	1	1	0	1|0	1	57.0896	PASS	-	-	.	.	.	.	.	.	.	.	0
pangenie	chr10	133308636	133308636	chr10-133308636-SNV->28279941>28279944>28279945-1	1	1	0	0/1	1	.	PASS	-	-	.	.	.	.	.	.	.	.	0
vg	chr10	133308652	133308652	>28031537>28031551	1	17	16	1|0	1	14.5311	PASS	-	-	.	.	.	.	.	.	.	.	0
pangenie	chr10	133308652	133308652	chr10-133308662-INS->28279968>28279994>28279996>28279997>28279998-16	1	17	16	0/1	1	.	PASS	-	-	.	.	.	.	.	.	.	.	0
pangenie	chr10	133308654	133308654	chr10-133308654-SNV->28279954>28279956>28279957-1	1	1	0	1/0	1	.	PASS	-	-	.	.	.	.	.	.	.	.	0
pangenie	chr10	133308663	133308663	chr10-133308663-SNV->28279968>28279999>28280000-1	1	1	0	1/0	1	.	PASS	-	-	.	.	.	.	.	.	.	.	0
pangenie	chr10	133308668	133308688	chr10-133308673-DEL->28280009>28280020-20	21	1	-20	1/0	1	.	PASS	-	-	.	.	.	.	.	.	.	.	0
truth_stvar	chr10	133308672	133308672	.	1	1	0	1|0	.	.	.	.	.	-	-	no:star_allele	ref	1	.	.	.	0
truth_stvar	chr10	133308672	133308672	.	1	1	0	0|1	.	.	.	.	.	-	-	ref	yes	1	.	.	.	0
truth_smvar	chr10	133308672	133308672	.	1	1,1	0	2|1	.	.	.	.	.	-	-	no:star_allele	no:duplicate_of_stvar	1	.	.	.	0
vg	chr10	133308672	133308672	>28031456>28032030	1	1	0	1|1	1	57.0896	PASS	-	-	.	.	.	.	.	.	.	.	0
pangenie	chr10	133308688	133308704	chr10-133308698-DEL->28280027>28280039-16	17	1	-16	1/0	1	.	PASS	-	-	.	.	.	.	.	.	.	.	0
vg	chr10	133308694	133308694	>28031584>28031588	1	1	0	0|1	1	0.8636	PASS	-	-	.	.	.	.	.	.	.	.	0
vg	chr10	133308698	133308698	>28031593>28031603	1	17	16	1|0	1	17.1502	PASS	-	-	.	.	.	.	.	.	.	.	0
pangenie	chr10	133308699	133308699	chr10-133308699-SNV->28280027>28280029>28280030-1	1	1	0	0/1	1	.	PASS	-	-	.	.	.	.	.	.	.	.	0
vg	chr10	133308708	133308712	>28031612>28031630	5	1	-4	2|1	1	14.5333	PASS	-	-	.	.	.	.	.	.	.	.	0
vg	chr10	133308708	133308712	>28031612>28031630	5	1	-4	2|1	1	14.5333	PASS	-	-	.	.	.	.	.	.	.	.	0
truth_stvar	chr10	133308712	133308724	.	13	1	0	1|0	.	.	.	.	.	-	-	no:star_allele	ref	1	.	.	.	0
truth_stvar	chr10	133308712	133308724	.	13	1	12	0|1	.	.	.	.	.	-	-	ref	yes	1	.	.	.	0
truth_smvar	chr10	133308712	133308724	.	13	1,1	12	2|1	.	.	.	.	.	-	-	no:star_allele	no:duplicate_of_stvar	1	.	.	.	0
pangenie	chr10	133308715	133308739	chr10-133308718-DEL->28280043>28280060-24	25	1	-24	0/1	1	.	PASS	-	-	.	.	.	.	.	.	.	.	0
vg	chr10	133308716	133308728	>28031642>28031651	13	1	-12	1|1	1	26.736	PASS	-	-	.	.	.	.	.	.	.	.	0
pangenie	chr10	133308724	133308724	chr10-133308724-SNV->28280050>28280053>28280054-1	1	1	0	1/0	1	.	PASS	-	-	.	.	.	.	.	.	.	.	0
vg	chr10	133308748	133308748	>28031667>28031671	1	1	0	1|0	1	23.3642	PASS	-	-	.	.	.	.	.	.	.	.	0
vg	chr10	133308750	133308766	>28031672>28031679	17	1	-16	1|1	1	33.9944	PASS	-	-	.	.	.	.	.	.	.	.	0
vg	chr10	133308772	133308772	>28031679>28031682	1	1	0	0|1	1	22.1351	PASS	-	-	.	.	.	.	.	.	.	.	0
vg	chr10	133308775	133308776	>28031682>28031695	2	2	0	0|1	1	47.3184	PASS	-	-	.	.	.	.	.	.	.	.	0
truth_stvar	chr10	133308776	133308776	.	1	1	0	1|0	.	.	.	.	.	-	-	no:star_allele	ref	1	.	.	.	0
truth_stvar	chr10	133308776	133308776	.	1	1	0	0|1	.	.	.	.	.	-	-	ref	yes	1	.	.	.	0
truth_smvar	chr10	133308776	133308776	.	1	1,1	0	2|1	.	.	.	.	.	-	-	no:star_allele	no:duplicate_of_stvar	1	.	.	.	0
pangenie	chr10	133308776	133308776	chr10-133308776-SNV->28280129>28280131>28280134-1	1	1	0	0/1	1	.	PASS	-	-	.	.	.	.	.	.	.	.	0
pangenie	chr10	133308776	133308776	chr10-133308776-SNV->28280129>28280133>28280134-1	1	1	0	1/0	1	.	PASS	-	-	.	.	.	.	.	.	.	.	0
truth_stvar	chr10	133308794	133308794	.	1	1	0	1|0	.	.	.	.	.	-	-	no:star_allele	ref	1	.	.	.	0
truth_stvar	chr10	133308794	133308794	.	1	1	0	0|1	.	.	.	.	.	-	-	ref	yes	1	.	.	.	0
truth_smvar	chr10	133308794	133308794	.	1	1,1	0	2|1	.	.	.	.	.	-	-	no:star_allele	no:duplicate_of_stvar	1	.	.	.	0
pangenie	chr10	133308794	133308794	chr10-133308794-SNV->28280139>28280141>28280142-1	1	1	0	1/0	1	.	PASS	-	-	.	.	.	.	.	.	.	.	0
pangenie	chr10	133308798	133308798	chr10-133308798-SNV->28280145>28280146>28280149-1	1	1	0	0/1	1	.	PASS	-	-	.	.	.	.	.	.	.	.	0
truth_stvar	chr10	133308803	133308803	.	1	1	0	1|0	.	.	.	.	.	-	-	no:star_allele	ref	1	.	.	.	0
truth_stvar	chr10	133308803	133308803	.	1	1	0	0|1	.	.	.	.	.	-	-	ref	yes	1	.	.	.	0
truth_smvar	chr10	133308803	133308803	.	1	1,1	0	2|1	.	.	.	.	.	-	-	no:star_allele	no:duplicate_of_stvar	1	.	.	.	0
vg	chr10	133308803	133308803	>28031703>28031706	1	1	0	1|0	1	2.39197	PASS	-	-	.	.	.	.	.	.	.	.	0
pangenie	chr10	133308803	133308803	chr10-133308838-INS->28280195>28280196>28280198>28280200>28280201>28280203>28280204>28280207>28280208>28280210>28280211>28280212>28280215>28280216>28280218>28280219>28280221>28280222>28280224>28280226>28280227-36	1	37	36	1/0	1	.	PASS	-	-	.	.	.	.	.	.	.	.	0
pangenie	chr10	133308803	133308803	chr10-133308803-SNV->28280154>28280156>28280157-1	1	1	0	0/1	1	.	PASS	-	-	.	.	.	.	.	.	.	.	0
pangenie	chr10	133308807	133308807	chr10-133308807-SNV->28280159>28280161>28280163-1	1	1	0	0/1	1	.	PASS	-	-	.	.	.	.	.	.	.	.	0
pangenie	chr10	133308811	133308825	chr10-133308811-DEL->28280163>28280177-14	15	1	-14	1/0	1	.	PASS	-	-	.	.	.	.	.	.	.	.	0
truth_stvar	chr10	133308812	133308812	.	1	1	0	1|1	.	.	.	.	.	-	-	yes	yes	1	.	.	.	0
truth_smvar	chr10	133308812	133308812	.	1	1	0	1|1	.	.	.	.	.	-	-	no:duplicate_of_stvar	no:duplicate_of_stvar	1	.	.	.	0
vg	chr10	133308812	133308812	>28031456>28032030	1	17	16	1|2	1	57.0896	PASS	-	-	.	.	.	.	.	.	.	.	0
vg	chr10	133308812	133308812	>28031456>28032030	1	1	0	1|2	1	57.0896	PASS	-	-	.	.	.	.	.	.	.	.	0
pangenie	chr10	133308812	133308812	chr10-133308812-SNV->28280163>28280165>28280167-1	1	1	0	0/1	1	.	PASS	-	-	.	.	.	.	.	.	.	.	0
pangenie	chr10	133308812	133308812	chr10-133308813-INS->28280167>28280168>28280169-4	1	5	4	0/1	1	.	PASS	-	-	.	.	.	.	.	.	.	.	0
pangenie	chr10	133308825	133308831	chr10-133308831-DEL->28280185>28280195-6	7	1	-6	1/0	1	.	PASS	-	-	.	.	.	.	.	.	.	.	0
vg	chr10	133308828	133308828	>28031730>28031770	1	17	16	1|0	1	60.078	PASS	-	-	.	.	.	.	.	.	.	.	0
truth_stvar	chr10	133308830	133308830	.	1	1	0	1|0	.	.	.	.	.	-	-	yes	ref	1	.	.	.	0
truth_smvar	chr10	133308830	133308830	.	1	1	0	1|0	.	.	.	.	.	-	-	no:duplicate_of_stvar	ref	1	.	.	.	0
vg	chr10	133308832	133308936	>28031772>28031976	105	1	-104	0|1	1	25.9675	PASS	FP	-	.	.	.	.	.	.	.	779.1,779.9	0
vg	chr10	133308839	133308839	>28031775>28031916	1	173	172	1|.	1	11.3989	PASS	TP	-	.	.	.	.	.	.	.	779.11,779.10	0
pangenie	chr10	133308844	133308880	chr10-133308847-DEL->28280233>28280295-36	37	1	-36	1/1	1	.	PASS	-	-	.	.	.	.	.	.	.	.	0
vg	chr10	133308848	133308864	>28031916>28031927	17	1	-16	1|.	1	6.06205	PASS	-	-	.	.	.	.	.	.	.	.	0
truth_stvar	chr10	133308856	133308856	.	1	41	40	0|1	.	.	.	.	.	-	-	ref	yes	1	INS	192	.	0
truth_smvar	chr10	133308856	133308856	.	1	41	40	0|1	.	.	.	.	.	-	-	ref	no:duplicate_of_stvar	1	.	192	.	0
truth_stvar	chr10	133308864	133308864	.	1	1	0	0|1	.	.	.	.	.	-	-	ref	yes	1	.	.	.	0
truth_stvar	chr10	133308864	133308864	.	1	1	0	1|0	.	.	.	.	.	-	-	yes	ref	1	.	.	.	0
truth_smvar	chr10	133308864	133308864	.	1	1,1	0	2|1	.	.	.	.	.	-	-	no:duplicate_of_stvar	no:duplicate_of_stvar	1	.	.	.	0
truth_stvar	chr10	133308882	133308882	.	1	1	0	1|0	.	.	.	.	.	-	-	yes	ref	1	.	.	.	0
truth_smvar	chr10	133308882	133308882	.	1	1	0	1|0	.	.	.	.	.	-	-	no:duplicate_of_stvar	ref	1	.	.	.	0
pangenie	chr10	133308891	133308891	chr10-133308891-SNV->28280305>28280307>28280308-1	1	1	0	1/1	1	.	PASS	-	-	.	.	.	.	.	.	.	.	0
pangenie	chr10	133308900	133308916	chr10-133308900-DEL->28280316>28280319>28280325-16	17	1	-16	1/1	1	.	PASS	-	-	.	.	.	.	.	.	.	.	0
truth_stvar	chr10	133308916	133308916	.	1	1	0	0|1	.	.	.	.	.	-	-	ref	yes	1	.	.	.	0
truth_smvar	chr10	133308916	133308916	.	1	1	0	0|1	.	.	.	.	.	-	-	ref	no:duplicate_of_stvar	1	.	.	.	0
vg	chr10	133308916	133308916	>28031957>28031961	1	1	0	1|.	1	6.17435	PASS	-	-	.	.	.	.	.	.	.	.	0
truth_stvar	chr10	133308934	133308934	.	1	1	0	1|0	.	.	.	.	.	-	-	yes	ref	1	.	.	.	0
truth_smvar	chr10	133308934	133308934	.	1	1	0	1|0	.	.	.	.	.	-	-	no:duplicate_of_stvar	ref	1	.	.	.	0
pangenie	chr10	133308934	133308934	chr10-133308934-SNV->28280330>28280332>28280333-1	1	1	0	1/0	1	.	PASS	-	-	.	.	.	.	.	.	.	.	0
vg	chr10	133308940	133308940	>28031456>28032030	1	1	0	0|1	1	57.0896	PASS	-	-	.	.	.	.	.	.	.	.	0
vg	chr10	133308943	133308995	>28031456>28032030	53	53	0	1|2	1	57.0896	PASS	-	-	.	.	.	.	.	.	.	.	0
vg	chr10	133308943	133308995	>28031456>28032030	53	1	-52	1|2	1	57.0896	PASS	FP	-	.	.	.	.	.	.	.	779.7,779.11	0
truth_stvar	chr10	133308968	133308968	.	1	1	0	0|1	.	.	.	.	.	-	-	ref	yes	1	.	.	.	0
truth_stvar	chr10	133308968	133308968	.	1	1	0	1|0	.	.	.	.	.	-	-	yes	ref	1	.	.	.	0
truth_smvar	chr10	133308968	133308968	.	1	1,1	0	2|1	.	.	.	.	.	-	-	no:duplicate_of_stvar	no:duplicate_of_stvar	1	.	.	.	0
vg	chr10	133308968	133308968	>28032009>28032013	1	1	0	1|.	1	7.05829	PASS	-	-	.	.	.	.	.	.	.	.	0
pangenie	chr10	133308968	133308968	chr10-133308968-SNV->28280385>28280387>28280389-1	1	1	0	1/1	1	.	PASS	-	-	.	.	.	.	.	.	.	.	0
pangenie	chr10	133308984	133309000	chr10-133308994-DEL->28280405>28280443-16	17	1	-16	0/1	1	.	PASS	-	-	.	.	.	.	.	.	.	.	0
pangenie	chr10	133308995	133308995	chr10-133308995-SNV->28280405>28280406>28280410-1	1	1	0	1/0	1	.	PASS	-	-	.	.	.	.	.	.	.	.	0
truth_stvar	chr10	133308996	133309000	.	5	1	4	1|0	.	.	.	.	.	-	-	yes	ref	1	.	.	.	0
truth_smvar	chr10	133308996	133309000	.	5	1	4	1|0	.	.	.	.	.	-	-	no:duplicate_of_stvar	ref	1	.	.	.	0
vg	chr10	133309004	133309020	>28032032>28032201	17	13	-4	2|1	1	33.2431	PASS	-	-	.	.	.	.	.	.	.	.	0
vg	chr10	133309004	133309020	>28032032>28032201	17	5	-12	2|1	1	33.2431	PASS	-	-	.	.	.	.	.	.	.	.	0
truth_stvar	chr10	133309008	133309008	.	1	1	0	1|0	.	.	.	.	.	-	-	yes	ref	1	.	.	.	0
truth_smvar	chr10	133309008	133309008	.	1	1	0	1|0	.	.	.	.	.	-	-	no:duplicate_of_stvar	ref	1	.	.	.	0
pangenie	chr10	133309016	133309016	chr10-133309016-SNV->28280447>28280449>28280450-1	1	1	0	0/1	1	.	PASS	-	-	.	.	.	.	.	.	.	.	0
pangenie	chr10	133309019	133309020	chr10-133309019-COMPLEX->28280450>28280453>28280454>28280456-2	2	2	0	0/1	1	.	PASS	-	-	.	.	.	.	.	.	.	.	0
truth_stvar	chr10	133309020	133309020	.	1	1	0	0|1	.	.	.	.	.	-	-	ref	yes	1	.	.	.	0
truth_smvar	chr10	133309020	133309020	.	1	1	0	0|1	.	.	.	.	.	-	-	ref	no:duplicate_of_stvar	1	.	.	.	0
pangenie	chr10	133309020	133309020	chr10-133309020-SNV->28280451>28280455>28280456-1	1	1	0	1/0	1	.	PASS	-	-	.	.	.	.	.	.	.	.	0
vg	chr10	133309036	133309036	>28032067>28032075	1	17	16	1|1	1	33.0744	PASS	-	-	.	.	.	.	.	.	.	.	0
pangenie	chr10	133309036	133309036	chr10-133309037-INS->28280471>28280472>28280474>28280475>28280477>28280478>28280481>28280482>28280483>28280485>28280486-16	1	17	16	0/1	1	.	PASS	-	-	.	.	.	.	.	.	.	.	0
pangenie	chr10	133309036	133309036	chr10-133309037-INS->28280471>28280473>28280474>28280475>28280477>28280478>28280481>28280482>28280483>28280485>28280486-16	1	17	16	1/0	1	.	PASS	-	-	.	.	.	.	.	.	.	.	0
truth_stvar	chr10	133309042	133309042	.	1	1	0	0|1	.	.	.	.	.	-	-	ref	yes	1	.	.	.	0
truth_smvar	chr10	133309042	133309042	.	1	1	0	0|1	.	.	.	.	.	-	-	ref	no:duplicate_of_stvar	1	.	.	.	0
truth_stvar	chr10	133309047	133309047	.	1	1	0	0|1	.	.	.	.	.	-	-	ref	yes	1	.	.	.	0
truth_smvar	chr10	133309047	133309047	.	1	1	0	0|1	.	.	.	.	.	-	-	ref	no:duplicate_of_stvar	1	.	.	.	0
vg	chr10	133309047	133309047	>28032088>28032091	1	1	0	1|1	1	16.7611	PASS	-	-	.	.	.	.	.	.	.	.	0
pangenie	chr10	133309047	133309047	chr10-133309047-SNV->28280498>28280500>28280501-1	1	1	0	1/1	1	.	PASS	-	-	.	.	.	.	.	.	.	.	0
truth_stvar	chr10	133309048	133309048	.	1	73	72	0|1	.	.	.	.	.	TP	TP	ref	yes	1	INS	52	.	0
truth_stvar	chr10	133309048	133309088	.	41	1	40	1|0	.	.	.	.	.	-	-	yes	ref	1	DEL	12	.	0
truth_smvar	chr10	133309048	133309088	.	41	1,113	72	1|2	.	.	.	.	.	-	-	no:duplicate_of_stvar	no:overlaps_applied_stvar	1	.	12	.	0
pangenie	chr10	133309048	133309140	chr10-133309055-DEL->28280507>28280567-92	93	1	-92	0/1	1	.	PASS	FP	-	.	.	.	.	.	.	.	763.10,763.14	0
truth_stvar	chr10	133309056	133309056	.	1	1	0	1|0	.	.	.	.	.	-	-	no:star_allele	ref	1	.	.	.	0
truth_stvar	chr10	133309056	133309056	.	1	1	0	0|1	.	.	.	.	.	-	-	ref	yes	1	.	.	.	0
truth_smvar	chr10	133309056	133309056	.	1	1,1	0	2|1	.	.	.	.	.	-	-	no:star_allele	no:duplicate_of_stvar	1	.	.	.	0
vg	chr10	133309056	133309056	>28032032>28032201	1	1	0	1|0	1	33.2431	PASS	-	-	.	.	.	.	.	.	.	.	0
pangenie	chr10	133309056	133309148	chr10-133309056-DEL->28280507>28280568>28280569-92	93	1	-92	1/0	1	.	PASS	FP	-	.	.	.	.	.	.	.	763.10,763.15	0
vg	chr10	133309074	133309074	>28032032>28032201	1	1	0	1|0	1	33.2431	PASS	-	-	.	.	.	.	.	.	.	.	0
vg	chr10	133309083	133309083	>28032032>28032201	1	53	52	2|1	1	33.2431	PASS	TP	-	.	.	.	.	.	.	.	779.10,779.12	0
vg	chr10	133309083	133309083	>28032032>28032201	1	37	36	2|1	1	33.2431	PASS	-	-	.	.	.	.	.	.	.	.	0
truth_stvar	chr10	133309108	133309108	.	1	1	0	1|1	.	.	.	.	.	-	-	yes	yes	1	.	.	.	0
truth_smvar	chr10	133309108	133309108	.	1	1	0	1|1	.	.	.	.	.	-	-	no:duplicate_of_stvar	no:duplicate_of_stvar	1	.	.	.	0
vg	chr10	133309108	133309108	>28032212>28032305	1	1	0	0|1	1	18.8394	PASS	-	-	.	.	.	.	.	.	.	.	0
vg	chr10	133309143	133309179	>28032373>28032404	37	1	-36	1|1	1	14.6749	PASS	-	-	.	.	.	.	.	.	.	.	0
pangenie	chr10	133309148	133309160	chr10-133309154-DEL->28280572>28280583-12	13	1	-12	1/1	1	.	PASS	-	-	.	.	.	.	.	.	.	.	0
truth_stvar	chr10	133309160	133309160	.	1	1	0	0|1	.	.	.	.	.	-	-	ref	yes	1	.	.	.	0
truth_smvar	chr10	133309160	133309160	.	1	1	0	0|1	.	.	.	.	.	-	-	ref	no:duplicate_of_stvar	1	.	.	.	0
pangenie	chr10	133309178	133309178	chr10-133309178-SNV->28280587>28280589>28280590-1	1	1	0	1/0	1	.	PASS	-	-	.	.	.	.	.	.	.	.	0
truth_stvar	chr10	133309182	133309182	.	1	1	0	1|0	.	.	.	.	.	-	-	yes	ref	1	.	.	.	0
truth_smvar	chr10	133309182	133309182	.	1	1	0	1|0	.	.	.	.	.	-	-	no:duplicate_of_stvar	ref	1	.	.	.	0
vg	chr10	133309186	133309202	>28032414>28032423	17	1	-16	1|0	1	7.96772	PASS	-	-	.	.	.	.	.	.	.	.	0
truth_stvar	chr10	133309187	133309187	.	1	1	0	1|0	.	.	.	.	.	-	-	yes	ref	1	.	.	.	0
truth_smvar	chr10	133309187	133309187	.	1	1	0	1|0	.	.	.	.	.	-	-	no:duplicate_of_stvar	ref	1	.	.	.	0
truth_stvar	chr10	133309191	133309191	.	1	1	0	1|0	.	.	.	.	.	-	-	yes	ref	1	.	.	.	0
truth_smvar	chr10	133309191	133309191	.	1	1	0	1|0	.	.	.	.	.	-	-	no:duplicate_of_stvar	ref	1	.	.	.	0
truth_stvar	chr10	133309200	133309212	.	13	1	12	1|0	.	.	.	.	.	-	-	yes	ref	1	.	.	.	0
truth_smvar	chr10	133309200	133309212	.	13	1	12	1|0	.	.	.	.	.	-	-	no:duplicate_of_stvar	ref	1	.	.	.	0
pangenie	chr10	133309203	133309227	chr10-133309206-DEL->28280778>28280796-24	25	1	-24	0/1	1	.	PASS	-	-	.	.	.	.	.	.	.	.	0
truth_stvar	chr10	133309212	133309212	.	1	1	0	1|0	.	.	.	.	.	-	-	no:star_allele	ref	1	.	.	.	0
truth_stvar	chr10	133309212	133309212	.	1	1	0	0|1	.	.	.	.	.	-	-	ref	yes	1	.	.	.	0
truth_smvar	chr10	133309212	133309212	.	1	1,1	0	2|1	.	.	.	.	.	-	-	no:star_allele	no:duplicate_of_stvar	1	.	.	.	0
pangenie	chr10	133309212	133309212	chr10-133309212-SNV->28280782>28280784>28280786-1	1	1	0	1/0	1	.	PASS	-	-	.	.	.	.	.	.	.	.	0
vg	chr10	133309213	133309213	>28012742>28032456	1	17	16	1|0	1	360.743	PASS	-	-	.	.	.	.	.	.	.	.	0
pangenie	chr10	133309228	133309228	chr10-133309283-INS->28280869>28280873>28280874>28280875>28280877>28280878>28280880>28280881>28280884>28280885>28280887>28280888>28280889>28280890>28280891>28280894>28280895>28280896>28280898>28280899>28280900>28280901>28280902>28280904>28280905>28280908>28280909>28280910>28280912>28280913-88	1	89	88	0/1	1	.	PASS	TP	-	.	.	.	.	.	.	.	763.10,763.16	0
pangenie	chr10	133309230	133309230	chr10-133309230-SNV->28280793>28280795>28280796-1	1	1	0	1/0	1	.	PASS	-	-	.	.	.	.	.	.	.	.	0
pangenie	chr10	133309232	133309232	chr10-133309249-INS->28280816>28280817>28280818>28280820>28280821>28280822>28280825>28280826-16	1	17	16	1/0	1	.	PASS	-	-	.	.	.	.	.	.	.	.	0
vg	chr10	133309234	133309234	>28012742>28032456	1	1	0	1|0	1	360.743	PASS	-	-	.	.	.	.	.	.	.	.	0
vg	chr10	133309239	133309239	>28032461>28032470	1	1	0	0|1	1	7.95595	PASS	-	-	.	.	.	.	.	.	.	.	0
pangenie	chr10	133309239	133309239	chr10-133309239-SNV->28280807>28280809>28280810-1	1	1	0	1/1	1	.	PASS	-	-	.	.	.	.	.	.	.	.	0
vg	chr10	133309240	133309240	>28032470>28032474	1	5	4	1|0	1	3.28687	PASS	-	-	.	.	.	.	.	.	.	.	0
vg	chr10	133309243	133309243	>28032474>28032554	1	17	16	0|1	1	20.3658	PASS	-	-	.	.	.	.	.	.	.	.	0
vg	chr10	133309246	133309282	>28032556>28032589	37	37	0	1|2	1	19.9247	PASS	-	-	.	.	.	.	.	.	.	.	0
vg	chr10	133309246	133309282	>28032556>28032589	37	1	-36	1|2	1	19.9247	PASS	-	-	.	.	.	.	.	.	.	.	0
truth_stvar	chr10	133309247	133309247	.	1	129	128	0|1	.	.	.	.	.	TP	FN	ref	yes	1	INS	192	.	0
truth_smvar	chr10	133309247	133309247	.	1	129	128	0|1	.	.	.	.	.	-	-	ref	no:duplicate_of_stvar	1	.	192	.	0
pangenie	chr10	133309248	133309248	chr10-133309248-SNV->28280813>28280815>28280816-1	1	1	0	1/1	1	.	PASS	-	-	.	.	.	.	.	.	.	.	0
pangenie	chr10	133309248	133309248	chr10-133309249-INS->28280816>28280817>28280818>28280820>28280821>28280824>28280825>28280826-16	1	17	16	0/1	1	.	PASS	-	-	.	.	.	.	.	.	.	.	0
vg	chr10	133309249	133309285	>28032562>28032586	37	1	-36	0|1	1	12.0119	PASS	-	-	.	.	.	.	.	.	.	.	0
pangenie	chr10	133309264	133309264	chr10-133309265-INS->28280829>28280830>28280832>28280833>28280835>28280836>28280838>28280840>28280841>28280842-16	1	17	16	0/1	1	.	PASS	-	-	.	.	.	.	.	.	.	.	0
pangenie	chr10	133309275	133309275	chr10-133309275-SNV->28280859>28280861>28280862-1	1	1	0	1/1	1	.	PASS	-	-	.	.	.	.	.	.	.	.	0
pangenie	chr10	133309280	133309280	chr10-133309284-INS->28280869>28280871>28280890>28280891>28280894>28280900>28280901>28280902>28280904>28280905>28280908>28280909>28280918-20	1	21	20	1/0	1	.	PASS	-	-	.	.	.	.	.	.	.	.	0
vg	chr10	133309293	133309429	>28032596>28032787	137	1	-136	0|1	1	30.5461	PASS	FP	-	.	.	.	.	.	.	.	779.11,779.13	0
vg	chr10	133309300	133309300	>28032600>28032604	1	1	0	1|.	1	8.79003	PASS	-	-	.	.	.	.	.	.	.	.	0
pangenie	chr10	133309300	133309300	chr10-133309300-SNV->28280925>28280950>28280951-1	1	1	0	1/1	1	.	PASS	-	-	.	.	.	.	.	.	.	.	0
pangenie	chr10	133309316	133309332	chr10-133309317-DEL->28280962>28280980-16	17	1	-16	1/1	1	.	PASS	-	-	.	.	.	.	.	.	.	.	0
truth_stvar	chr10	133309322	133309322	.	1	1	0	1|0	.	.	.	.	.	-	-	yes	ref	1	.	.	.	0
truth_smvar	chr10	133309322	133309322	.	1	1	0	1|0	.	.	.	.	.	-	-	no:duplicate_of_stvar	ref	1	.	.	.	0
truth_stvar	chr10	133309327	133309327	.	1	1	0	1|0	.	.	.	.	.	-	-	yes	ref	1	.	.	.	0
truth_smvar	chr10	133309327	133309327	.	1	1	0	1|0	.	.	.	.	.	-	-	no:duplicate_of_stvar	ref	1	.	.	.	0
truth_stvar	chr10	133309331	133309331	.	1	1	0	1|0	.	.	.	.	.	-	-	yes	ref	1	.	.	.	0
truth_smvar	chr10	133309331	133309331	.	1	1	0	1|0	.	.	.	.	.	-	-	no:duplicate_of_stvar	ref	1	.	.	.	0
pangenie	chr10	133309336	133309336	chr10-133309336-SNV->28280981>28280983>28280984-1	1	1	0	1/0	1	.	PASS	-	-	.	.	.	.	.	.	.	.	0
pangenie	chr10	133309338	133309338	chr10-133309338-SNV->28280984>28280986>28280987-1	1	1	0	1/1	1	.	PASS	-	-	.	.	.	.	.	.	.	.	0
truth_stvar	chr10	133309340	133309388	.	49	1	48	1|0	.	.	.	.	.	-	-	yes	ref	1	DEL	12	.	0
truth_smvar	chr10	133309340	133309388	.	49	1	48	1|0	.	.	.	.	.	-	-	no:duplicate_of_stvar	ref	1	.	12	.	0
vg	chr10	133309352	133309388	>28032671>28032755	37	93	56	1|.	1	10.7474	PASS	FP	-	.	.	.	.	.	.	.	779.10,779.14	0
pangenie	chr10	133309352	133309352	chr10-133309352-SNV->28281001>28281005>28281006-1	1	1	0	1/1	1	.	PASS	-	-	.	.	.	.	.	.	.	.	0
pangenie	chr10	133309368	133309368	chr10-133309378-INS->28281024>28281025>28281027>28281028>28281030>28281031-16	1	17	16	0/1	1	.	PASS	-	-	.	.	.	.	.	.	.	.	0
pangenie	chr10	133309370	133309370	chr10-133309370-SNV->28281010>28281012>28281013-1	1	1	0	0/1	1	.	PASS	-	-	.	.	.	.	.	.	.	.	0
pangenie	chr10	133309372	133309372	chr10-133309372-SNV->28281013>28281015>28281016-1	1	1	0	1/0	1	.	PASS	-	-	.	.	.	.	.	.	.	.	0
pangenie	chr10	133309374	133309374	chr10-133309374-SNV->28281016>28281018>28281019-1	1	1	0	1/0	1	.	PASS	-	-	.	.	.	.	.	.	.	.	0
truth_stvar	chr10	133309377	133309377	.	1	1	0	1|0	.	.	.	.	.	-	-	no:star_allele	ref	1	.	.	.	0
truth_stvar	chr10	133309377	133309377	.	1	1	0	0|1	.	.	.	.	.	-	-	ref	yes	1	.	.	.	0
truth_smvar	chr10	133309377	133309377	.	1	1,1	0	2|1	.	.	.	.	.	-	-	no:star_allele	no:duplicate_of_stvar	1	.	.	.	0
vg	chr10	133309379	133309379	>28032692>28032695	1	1	0	1|.	1	14.8902	PASS	-	-	.	.	.	.	.	.	.	.	0
pangenie	chr10	133309379	133309403	chr10-133309387-DEL->28281043>28281079-24	25	1	-24	0/1	1	.	PASS	-	-	.	.	.	.	.	.	.	.	0
truth_stvar	chr10	133309388	133309388	.	1	1	0	1|0	.	.	.	.	.	-	-	no:star_allele	ref	1	.	.	.	0
truth_stvar	chr10	133309388	133309388	.	1	53	52	0|1	.	.	.	.	.	FN	FN	ref	yes	1	INS	52	.	0
truth_smvar	chr10	133309388	133309388	.	1	53,1	52	2|1	.	.	.	.	.	-	-	no:star_allele	no:duplicate_of_stvar	1	.	52	.	0
vg	chr10	133309388	133309388	>28032705>28032718	1	17	16	1|.	1	14.3325	PASS	-	-	.	.	.	.	.	.	.	.	0
pangenie	chr10	133309388	133309388	chr10-133309388-SNV->28281043>28281046>28281048-1	1	1	0	1/0	1	.	PASS	-	-	.	.	.	.	.	.	.	.	0
truth_stvar	chr10	133309415	133309415	.	1	1	0	1|0	.	.	.	.	.	-	-	yes	ref	1	.	.	.	0
truth_smvar	chr10	133309415	133309415	.	1	1	0	1|0	.	.	.	.	.	-	-	no:duplicate_of_stvar	ref	1	.	.	.	0
pangenie	chr10	133309415	133309415	chr10-133309415-INS->28281085>28281086>28281087>28281089>28281090>28281091>28281092-16	1	17	16	0/1	1	.	PASS	-	-	.	.	.	.	.	.	.	.	0
pangenie	chr10	133309415	133309415	chr10-133309415-INS->28281083>28281084>28281086>28281087>28281089>28281090>28281091>28281092-16	1	17	16	1/0	1	.	PASS	-	-	.	.	.	.	.	.	.	.	0
truth_stvar	chr10	133309420	133309420	.	1	1	0	0|1	.	.	.	.	.	-	-	ref	yes	1	.	.	.	0
truth_smvar	chr10	133309420	133309420	.	1	1	0	0|1	.	.	.	.	.	-	-	ref	no:duplicate_of_stvar	1	.	.	.	0
truth_stvar	chr10	133309423	133309423	.	1	1	0	0|1	.	.	.	.	.	-	-	ref	yes	1	.	.	.	0
truth_smvar	chr10	133309423	133309423	.	1	1	0	0|1	.	.	.	.	.	-	-	ref	no:duplicate_of_stvar	1	.	.	.	0
vg	chr10	133309424	133309424	>28032768>28032781	1	17	16	1|.	1	10.4885	PASS	-	-	.	.	.	.	.	.	.	.	0
pangenie	chr10	133309424	133309424	chr10-133309424-SNV->28281097>28281100>28281101-1	1	1	0	0/1	1	.	PASS	-	-	.	.	.	.	.	.	.	.	0
pangenie	chr10	133309446	133309446	chr10-133309446-SNV->28281109>28281111>28281112-1	1	1	0	0/1	1	.	PASS	-	-	.	.	.	.	.	.	.	.	0
truth_stvar	chr10	133309451	133309451	.	1	1	0	1|0	.	.	.	.	.	-	-	yes	ref	1	.	.	.	0
truth_smvar	chr10	133309451	133309451	.	1	1	0	1|0	.	.	.	.	.	-	-	no:duplicate_of_stvar	ref	1	.	.	.	0
vg	chr10	133309451	133309451	>28032805>28032808	1	1	0	1|0	1	3.37645	PASS	-	-	.	.	.	.	.	.	.	.	0
pangenie	chr10	133309451	133309451	chr10-133309451-SNV->28281117>28281119>28281120-1	1	1	0	0/1	1	.	PASS	-	-	.	.	.	.	.	.	.	.	0
pangenie	chr10	133309455	133309476	chr10-133309455-COMPLEX->28281120>28281180>28281181>28281182>28281183>28281185>28281186>28281188>28281191>28281192-22	22	10	-12	0/1	1	.	PASS	-	-	.	.	.	.	.	.	.	.	0
vg	chr10	133309456	133309456	>28032810>28032815	1	1	0	1|0	1	5.17831	PASS	-	-	.	.	.	.	.	.	.	.	0
vg	chr10	133309457	133309457	>28032815>28032848	1	37	36	1|0	1	10.0292	PASS	-	-	.	.	.	.	.	.	.	.	0
vg	chr10	133309461	133309461	>28032827>28032843	1	17	16	1|0	1	4.6498	PASS	-	-	.	.	.	.	.	.	.	.	0
truth_stvar	chr10	133309476	133309476	.	1	1	0	1|0	.	.	.	.	.	-	-	yes	ref	1	.	.	.	0
truth_smvar	chr10	133309476	133309476	.	1	1	0	1|0	.	.	.	.	.	-	-	no:duplicate_of_stvar	ref	1	.	.	.	0
vg	chr10	133309476	133309476	>28032862>28032866	1	1	0	1|1	1	12.7414	PASS	-	-	.	.	.	.	.	.	.	.	0
pangenie	chr10	133309476	133309476	chr10-133309477-INS->28281160>28281162>28281163>28281165>28281167>28281168>28281170>28281171>28281172>28281175>28281176>28281177>28281179>28281180>28281181>28281182>28281183>28281185>28281186>28281188>28281191>28281192-40	1	41	40	1/0	1	.	PASS	-	-	.	.	.	.	.	.	.	.	0
vg	chr10	133309503	133309632	>28032909>28033012	130	6	-124	2|1	1	32.5821	PASS	FP	-	.	.	.	.	.	.	.	779.13,779.16	0
vg	chr10	133309503	133309632	>28032909>28033012	130	78	-52	2|1	1	32.5821	PASS	FP	-	.	.	.	.	.	.	.	779.7,779.15	0
vg	chr10	133309503	133309519	>28032914>28032920	17	1	-16	2|1	1	16.0013	PASS	-	-	.	.	.	.	.	.	.	.	0
vg	chr10	133309503	133309519	>28032914>28032920	17	1	-16	2|1	1	16.0013	PASS	-	-	.	.	.	.	.	.	.	.	0
pangenie	chr10	133309503	133309503	chr10-133309503-SNV->28281206>28281208>28281210-1	1	1	0	1/0	1	.	PASS	-	-	.	.	.	.	.	.	.	.	0
pangenie	chr10	133309512	133309528	chr10-133309512-DEL->28281214>28281225>28281227-16	17	1	-16	1/0	1	.	PASS	-	-	.	.	.	.	.	.	.	.	0
vg	chr10	133309524	133309524	>28032922>28032925	1	1	0	1|0	1	11.6949	PASS	-	-	.	.	.	.	.	.	.	.	0
vg	chr10	133309527	133309560	>28032925>28032952	34	34	0	1|2	1	24.4974	PASS	-	-	.	.	.	.	.	.	.	.	0
vg	chr10	133309527	133309560	>28032925>28032952	34	2	-32	1|2	1	24.4974	PASS	-	-	.	.	.	.	.	.	.	.	0
truth_stvar	chr10	133309528	133309528	.	1	1	0	0|1	.	.	.	.	.	-	-	ref	yes	1	.	.	.	0
truth_stvar	chr10	133309528	133309528	.	1	1	0	1|0	.	.	.	.	.	-	-	yes	ref	1	.	.	.	0
truth_smvar	chr10	133309528	133309528	.	1	1,1	0	2|1	.	.	.	.	.	-	-	no:duplicate_of_stvar	no:duplicate_of_stvar	1	.	.	.	0
pangenie	chr10	133309528	133309528	chr10-133309528-SNV->28281223>28281226>28281227-1	1	1	0	0/1	1	.	PASS	-	-	.	.	.	.	.	.	.	.	0
truth_stvar	chr10	133309544	133309560	.	17	1	16	1|0	.	.	.	.	.	-	-	yes	ref	1	.	.	.	0
truth_smvar	chr10	133309544	133309560	.	17	1	16	1|0	.	.	.	.	.	-	-	no:duplicate_of_stvar	ref	1	.	.	.	0
truth_stvar	chr10	133309562	133309562	.	1	1	0	1|0	.	.	.	.	.	-	-	yes	ref	1	.	.	.	0
truth_smvar	chr10	133309562	133309562	.	1	1	0	1|0	.	.	.	.	.	-	-	no:duplicate_of_stvar	ref	1	.	.	.	0
vg	chr10	133309565	133309581	>28032958>28032973	17	1	-16	1|.	1	3.7018	PASS	-	-	.	.	.	.	.	.	.	.	0
truth_stvar	chr10	133309576	133309576	.	1	1	0	1|0	.	.	.	.	.	-	-	yes	ref	1	.	.	.	0
truth_smvar	chr10	133309576	133309576	.	1	1	0	1|0	.	.	.	.	.	-	-	no:duplicate_of_stvar	ref	1	.	.	.	0
truth_stvar	chr10	133309579	133309579	.	1	1	0	1|0	.	.	.	.	.	-	-	yes	ref	1	.	.	.	0
truth_smvar	chr10	133309579	133309579	.	1	1	0	1|0	.	.	.	.	.	-	-	no:duplicate_of_stvar	ref	1	.	.	.	0
truth_stvar	chr10	133309580	133309580	.	1	1	0	1|1	.	.	.	.	.	-	-	yes	yes	1	.	.	.	0
truth_smvar	chr10	133309580	133309580	.	1	1	0	1|1	.	.	.	.	.	-	-	no:duplicate_of_stvar	no:duplicate_of_stvar	1	.	.	.	0
pangenie	chr10	133309580	133309580	chr10-133309580-SNV->28281260>28281262>28281265-1	1	1	0	0/1	1	.	PASS	-	-	.	.	.	.	.	.	.	.	0
pangenie	chr10	133309580	133309580	chr10-133309599-INS->28281271>28281272>28281274>28281275>28281277>28281278>28281280>28281282>28281283>28281284>28281285>28281288>28281291>28281292>28281295>28281296>28281298>28281299-36	1	37	36	1/0	1	.	PASS	-	-	.	.	.	.	.	.	.	.	0
pangenie	chr10	133309580	133309580	chr10-133309580-SNV->28281260>28281264>28281265-1	1	1	0	1/0	1	.	PASS	-	-	.	.	.	.	.	.	.	.	0
pangenie	chr10	133309596	133309596	chr10-133309599-INS->28281271>28281272>28281274>28281275>28281277>28281278>28281280>28281281>28281283>28281284>28281287>28281288>28281289>28281299-16	1	17	16	0/1	1	.	PASS	-	-	.	.	.	.	.	.	.	.	0
pangenie	chr10	133309598	133309598	chr10-133309598-SNV->28281268>28281270>28281271-1	1	1	0	1/0	1	.	PASS	-	-	.	.	.	.	.	.	.	.	0
truth_stvar	chr10	133309602	133309602	.	1	1	0	1|0	.	.	.	.	.	-	-	yes	ref	1	.	.	.	0
truth_smvar	chr10	133309602	133309602	.	1	1	0	1|0	.	.	.	.	.	-	-	no:duplicate_of_stvar	ref	1	.	.	.	0
pangenie	chr10	133309602	133309602	chr10-133309602-SNV->28281301>28281303>28281304-1	1	1	0	1/0	1	.	PASS	-	-	.	.	.	.	.	.	.	.	0
truth_stvar	chr10	133309604	133309604	.	1	1	0	1|0	.	.	.	.	.	-	-	yes	ref	1	.	.	.	0
truth_smvar	chr10	133309604	133309604	.	1	1	0	1|0	.	.	.	.	.	-	-	no:duplicate_of_stvar	ref	1	.	.	.	0
pangenie	chr10	133309604	133309604	chr10-133309604-SNV->28281304>28281306>28281307-1	1	1	0	1/0	1	.	PASS	-	-	.	.	.	.	.	.	.	.	0
truth_stvar	chr10	133309607	133309607	.	1	1	0	1|1	.	.	.	.	.	-	-	yes	yes	1	.	.	.	0
truth_smvar	chr10	133309607	133309607	.	1	1	0	1|1	.	.	.	.	.	-	-	no:duplicate_of_stvar	no:duplicate_of_stvar	1	.	.	.	0
pangenie	chr10	133309607	133309607	chr10-133309607-SNV->28281307>28281309>28281310-1	1	1	0	1/1	1	.	PASS	-	-	.	.	.	.	.	.	.	.	0
truth_stvar	chr10	133309612	133309612	.	1	1	0	0|1	.	.	.	.	.	-	-	ref	yes	1	.	.	.	0
truth_smvar	chr10	133309612	133309612	.	1	1	0	0|1	.	.	.	.	.	-	-	ref	no:duplicate_of_stvar	1	.	.	.	0
vg	chr10	133309612	133309632	>28032978>28033003	21	1	-20	1|.	1	30.5187	PASS	-	-	.	.	.	.	.	.	.	.	0
truth_stvar	chr10	133309615	133309615	.	1	1	0	0|1	.	.	.	.	.	-	-	ref	yes	1	.	.	.	0
truth_smvar	chr10	133309615	133309615	.	1	1	0	0|1	.	.	.	.	.	-	-	ref	no:duplicate_of_stvar	1	.	.	.	0
pangenie	chr10	133309632	133309648	chr10-133309642-DEL->28281335>28281344-16	17	1	-16	0/1	1	.	PASS	-	-	.	.	.	.	.	.	.	.	0
truth_stvar	chr10	133309643	133309659	.	17	1	16	0|1	.	.	.	.	.	-	-	ref	yes	1	.	.	.	0
truth_smvar	chr10	133309643	133309659	.	17	1	16	0|1	.	.	.	.	.	-	-	ref	no:duplicate_of_stvar	1	.	.	.	0
vg	chr10	133309643	133309643	>28033012>28033015	1	1	0	1|1	1	28.9319	PASS	-	-	.	.	.	.	.	.	.	.	0
pangenie	chr10	133309643	133309659	chr10-133309643-DEL->28281336>28281345-16	17	1	-16	1/0	1	.	PASS	-	-	.	.	.	.	.	.	.	.	0
vg	chr10	133309645	133309801	>28033017>28033386	157	1	-156	2|1	1	61.1618	PASS	FP	-	.	.	.	.	.	.	.	779.13,779.17	0
vg	chr10	133309645	133309801	>28033017>28033386	157	429	272	2|1	1	61.1618	PASS	FP	-	.	.	.	.	.	.	.	779.14,779.18	0
truth_stvar	chr10	133309659	133309747	.	89	1	0	0|1	.	.	.	.	.	-	-	ref	no:star_allele	1	DEL	12	.	0
truth_stvar	chr10	133309659	133309747	.	89	1	88	1|0	.	.	.	.	.	TP	TP	yes	ref	1	DEL	12	.	0
truth_smvar	chr10	133309659	133309747	.	89	1,1	88	1|2	.	.	.	.	.	-	-	no:duplicate_of_stvar	no:star_allele	1	.	12	.	0
truth_stvar	chr10	133309664	133309664	.	1	1	0	1|0	.	.	.	.	.	-	-	no:star_allele	ref	1	.	.	.	0
truth_stvar	chr10	133309664	133309664	.	1	1	0	0|1	.	.	.	.	.	-	-	ref	yes	1	.	.	.	0
truth_smvar	chr10	133309664	133309664	.	1	1,1	0	2|1	.	.	.	.	.	-	-	no:star_allele	no:duplicate_of_stvar	1	.	.	.	0
pangenie	chr10	133309664	133309664	chr10-133309664-SNV->28281347>28281349>28281350-1	1	1	0	0/1	1	.	PASS	-	-	.	.	.	.	.	.	.	.	0
pangenie	chr10	133309664	133309684	chr10-133309667-DEL->28281351>28281363-20	21	1	-20	1/0	1	.	PASS	-	-	.	.	.	.	.	.	.	.	0
truth_stvar	chr10	133309667	133309667	.	1	1	0	1|0	.	.	.	.	.	-	-	no:star_allele	ref	1	.	.	.	0
truth_stvar	chr10	133309667	133309667	.	1	1	0	0|1	.	.	.	.	.	-	-	ref	yes	1	.	.	.	0
truth_smvar	chr10	133309667	133309667	.	1	1,1	0	2|1	.	.	.	.	.	-	-	no:star_allele	no:duplicate_of_stvar	1	.	.	.	0
pangenie	chr10	133309667	133309668	chr10-133309667-COMPLEX->28281350>28281354>28281355>28281356-2	2	2	0	0/1	1	.	PASS	-	-	.	.	.	.	.	.	.	.	0
truth_stvar	chr10	133309668	133309668	.	1	1	0	1|0	.	.	.	.	.	-	-	no:star_allele	ref	1	.	.	.	0
truth_stvar	chr10	133309668	133309668	.	1	1	0	0|1	.	.	.	.	.	-	-	ref	yes	1	.	.	.	0
truth_smvar	chr10	133309668	133309668	.	1	1,1	0	2|1	.	.	.	.	.	-	-	no:star_allele	no:duplicate_of_stvar	1	.	.	.	0
pangenie	chr10	133309684	133309700	chr10-133309694-DEL->28281371>28281379-16	17	1	-16	1/0	1	.	PASS	-	-	.	.	.	.	.	.	.	.	0
vg	chr10	133309695	133309695	>28033050>28033094	1	17	16	1|.	1	32.5026	PASS	-	-	.	.	.	.	.	.	.	.	0
vg	chr10	133309703	133309703	>28033068>28033080	1	21	20	1|.	1	9.19169	PASS	-	-	.	.	.	.	.	.	.	.	0
vg	chr10	133309711	133309711	>28033050>28033094	1	1	0	1|.	1	32.5026	PASS	-	-	.	.	.	.	.	.	.	.	0
pangenie	chr10	133309716	133309736	chr10-133309719-DEL->28281387>28281396-20	21	1	-20	1/0	1	.	PASS	-	-	.	.	.	.	.	.	.	.	0
vg	chr10	133309720	133309720	>28033105>28033331	1	237	236	1|.	1	10.8114	PASS	TP	-	.	.	.	.	.	.	.	779.14,779.19	0
pangenie	chr10	133309720	133309720	chr10-133309720-SNV->28281387>28281389>28281392-1	1	1	0	0/1	1	.	PASS	-	-	.	.	.	.	.	.	.	.	0
pangenie	chr10	133309736	133309752	chr10-133309746-DEL->28281406>28281419-16	17	1	-16	1/0	1	.	PASS	-	-	.	.	.	.	.	.	.	.	0
truth_stvar	chr10	133309745	133309745	.	1	1	0	1|0	.	.	.	.	.	-	-	no:star_allele	ref	1	.	.	.	0
truth_stvar	chr10	133309745	133309745	.	1	1	0	0|1	.	.	.	.	.	-	-	ref	yes	1	.	.	.	0
truth_smvar	chr10	133309745	133309745	.	1	1,1	0	2|1	.	.	.	.	.	-	-	no:star_allele	no:duplicate_of_stvar	1	.	.	.	0
truth_stvar	chr10	133309747	133309747	.	1	1	0	1|0	.	.	.	.	.	-	-	no:star_allele	ref	1	.	.	.	0
truth_stvar	chr10	133309747	133309747	.	1	1	0	0|1	.	.	.	.	.	-	-	ref	yes	1	.	.	.	0
truth_smvar	chr10	133309747	133309747	.	1	1,1	0	2|1	.	.	.	.	.	-	-	no:star_allele	no:duplicate_of_stvar	1	.	.	.	0
truth_stvar	chr10	133309772	133309772	.	1	1	0	0|1	.	.	.	.	.	-	-	ref	yes	1	.	.	.	0
truth_smvar	chr10	133309772	133309772	.	1	1	0	0|1	.	.	.	.	.	-	-	ref	no:duplicate_of_stvar	1	.	.	.	0
vg	chr10	133309772	133309772	>28033337>28033348	1	1	0	1|.	1	5.29868	PASS	-	-	.	.	.	.	.	.	.	.	0
vg	chr10	133309788	133309788	>28033354>28033369	1	17	16	1|.	1	0.573238	PASS	-	-	.	.	.	.	.	.	.	.	0
truth_stvar	chr10	133309790	133309790	.	1	1	0	0|1	.	.	.	.	.	-	-	ref	yes	1	.	.	.	0
truth_smvar	chr10	133309790	133309790	.	1	1	0	0|1	.	.	.	.	.	-	-	ref	no:duplicate_of_stvar	1	.	.	.	0
vg	chr10	133309799	133309799	>28033382>28033385	1	1	0	1|.	1	5.5419	PASS	-	-	.	.	.	.	.	.	.	.	0
vg	chr10	133309806	133309806	>28033389>28033403	1	21	20	1|0	1	3.92304	PASS	-	-	.	.	.	.	.	.	.	.	0
vg	chr10	133309810	133309810	>28033432>28033441	1	17	16	1|0	1	8.77474	PASS	-	-	.	.	.	.	.	.	.	.	0
pangenie	chr10	133309815	133309839	chr10-133309823-DEL->28281864>28281882-24	25	1	-24	0/1	1	.	PASS	-	-	.	.	.	.	.	.	.	.	0
truth_stvar	chr10	133309824	133309824	.	1	1	0	1|1	.	.	.	.	.	-	-	yes	yes	1	.	.	.	0
truth_smvar	chr10	133309824	133309824	.	1	1	0	1|1	.	.	.	.	.	-	-	no:duplicate_of_stvar	no:duplicate_of_stvar	1	.	.	.	0
vg	chr10	133309824	133309824	>28033448>28033548	1	1	0	1|1	1	24.7165	PASS	-	-	.	.	.	.	.	.	.	.	0
pangenie	chr10	133309824	133309824	chr10-133309824-SNV->28281864>28281867>28281869-1	1	1	0	1/0	1	.	PASS	-	-	.	.	.	.	.	.	.	.	0
pangenie	chr10	133309840	133309840	chr10-133309850-INS->28281886>28281887>28281889>28281890>28281892>28281893-16	1	17	16	0/1	1	.	PASS	-	-	.	.	.	.	.	.	.	.	0
truth_stvar	chr10	133309842	133309842	.	1	1	0	1|0	.	.	.	.	.	-	-	yes	ref	1	.	.	.	0
truth_smvar	chr10	133309842	133309842	.	1	1	0	1|0	.	.	.	.	.	-	-	no:duplicate_of_stvar	ref	1	.	.	.	0
pangenie	chr10	133309842	133309842	chr10-133309842-SNV->28281871>28281873>28281874-1	1	1	0	1/0	1	.	PASS	-	-	.	.	.	.	.	.	.	.	0
vg	chr10	133309846	133309846	>28033464>28033467	1	1	0	1|0	1	2.05109	PASS	-	-	.	.	.	.	.	.	.	.	0
vg	chr10	133309851	133309851	>28033472>28033475	1	1	0	0|1	1	7.8368	PASS	-	-	.	.	.	.	.	.	.	.	0
truth_stvar	chr10	133309856	133309856	.	1	1	0	0|1	.	.	.	.	.	-	-	ref	yes	1	.	.	.	0
truth_smvar	chr10	133309856	133309856	.	1	1	0	0|1	.	.	.	.	.	-	-	ref	no:duplicate_of_stvar	1	.	.	.	0
vg	chr10	133309856	133309856	>28033475>28033482	1	1	0	1|1	1	14.8901	PASS	-	-	.	.	.	.	.	.	.	.	0
pangenie	chr10	133309856	133309856	chr10-133309856-SNV->28281896>28281899>28281900-1	1	1	0	0/1	1	.	PASS	-	-	.	.	.	.	.	.	.	.	0
truth_stvar	chr10	133309859	133309859	.	1	1	0	0|1	.	.	.	.	.	-	-	ref	yes	1	.	.	.	0
truth_smvar	chr10	133309859	133309859	.	1	1	0	0|1	.	.	.	.	.	-	-	ref	no:duplicate_of_stvar	1	.	.	.	0
vg	chr10	133309859	133309860	>28033483>28033532	2	18	16	2|1	1	18.607	PASS	-	-	.	.	.	.	.	.	.	.	0
vg	chr10	133309859	133309860	>28033483>28033532	2	34	32	2|1	1	18.607	PASS	-	-	.	.	.	.	.	.	.	.	0
pangenie	chr10	133309859	133309860	chr10-133309859-COMPLEX->28281902>28281904>28281906>28281908-2	2	2	0	0/1	1	.	PASS	-	-	.	.	.	.	.	.	.	.	0
truth_stvar	chr10	133309876	133309892	.	17	1	16	1|0	.	.	.	.	.	-	-	yes	ref	1	.	.	.	0
truth_smvar	chr10	133309876	133309892	.	17	1	16	1|0	.	.	.	.	.	-	-	no:duplicate_of_stvar	ref	1	.	.	.	0
vg	chr10	133309882	133309882	>28033548>28033552	1	1	0	1|0	1	2.28381	PASS	-	-	.	.	.	.	.	.	.	.	0
pangenie	chr10	133309882	133309882	chr10-133309882-SNV->28281916>28281918>28281919-1	1	1	0	1/1	1	.	PASS	-	-	.	.	.	.	.	.	.	.	0
pangenie	chr10	133309884	133309884	chr10-133309884-SNV->28281919>28281921>28281922-1	1	1	0	1/0	1	.	PASS	-	-	.	.	.	.	.	.	.	.	0
vg	chr10	133309887	133309903	>28033557>28033563	17	1	-16	1|2	1	16.7017	PASS	-	-	.	.	.	.	.	.	.	.	0
vg	chr10	133309887	133309903	>28033557>28033563	17	1	-16	1|2	1	16.7017	PASS	-	-	.	.	.	.	.	.	.	.	0
pangenie	chr10	133309887	133309887	chr10-133309887-SNV->28281924>28281926>28281927-1	1	1	0	1/1	1	.	PASS	-	-	.	.	.	.	.	.	.	.	0
pangenie	chr10	133309891	133309891	chr10-133309891-SNV->28281929>28281931>28281932-1	1	1	0	0/1	1	.	PASS	-	-	.	.	.	.	.	.	.	.	0
pangenie	chr10	133309896	133309896	chr10-133309896-SNV->28281932>28281935>28281936-1	1	1	0	1/0	1	.	PASS	-	-	.	.	.	.	.	.	.	.	0
pangenie	chr10	133309896	133309900	chr10-133309897-DEL->28281936>28281938-4	5	1	-4	1/0	1	.	PASS	-	-	.	.	.	.	.	.	.	.	0
truth_stvar	chr10	133309898	133309898	.	1	1	0	1|0	.	.	.	.	.	-	-	yes	ref	1	.	.	.	0
truth_smvar	chr10	133309898	133309898	.	1	1	0	1|0	.	.	.	.	.	-	-	no:duplicate_of_stvar	ref	1	.	.	.	0
truth_stvar	chr10	133309900	133309900	.	1	1	0	1|0	.	.	.	.	.	-	-	yes	ref	1	.	.	.	0
truth_smvar	chr10	133309900	133309900	.	1	1	0	1|0	.	.	.	.	.	-	-	no:duplicate_of_stvar	ref	1	.	.	.	0
truth_stvar	chr10	133309903	133309903	.	1	1	0	1|1	.	.	.	.	.	-	-	yes	yes	1	.	.	.	0
truth_smvar	chr10	133309903	133309903	.	1	1	0	1|1	.	.	.	.	.	-	-	no:duplicate_of_stvar	no:duplicate_of_stvar	1	.	.	.	0
pangenie	chr10	133309903	133309903	chr10-133309903-SNV->28281938>28281940>28281941-1	1	1	0	1/1	1	.	PASS	-	-	.	.	.	.	.	.	.	.	0
pangenie	chr10	133309903	133309915	chr10-133309906-DEL->28281941>28281947-12	13	1	-12	1/1	1	.	PASS	-	-	.	.	.	.	.	.	.	.	0
vg	chr10	133309904	133309956	>28033563>28033649	53	1	-52	2|1	1	28.1463	PASS	FP	-	.	.	.	.	.	.	.	779.7,779.20	0
vg	chr10	133309904	133309956	>28033563>28033649	53	57	4	2|1	1	28.1463	PASS	-	-	.	.	.	.	.	.	.	.	0
vg	chr10	133309907	133309912	>28033566>28033590	6	10	4	1|.	1	12.0117	PASS	-	-	.	.	.	.	.	.	.	.	0
truth_stvar	chr10	133309912	133309912	.	1	1	0	1|1	.	.	.	.	.	-	-	yes	yes	1	.	.	.	0
truth_smvar	chr10	133309912	133309912	.	1	1	0	1|1	.	.	.	.	.	-	-	no:duplicate_of_stvar	no:duplicate_of_stvar	1	.	.	.	0
vg	chr10	133309912	133309912	>28033574>28033578	1	1	0	1|.	1	4.32676	PASS	-	-	.	.	.	.	.	.	.	.	0
pangenie	chr10	133309939	133309939	chr10-133309939-INS->28281963>28281964>28281966>28281967>28281969>28281971>28281973>28281974-16	1	17	16	1/1	1	.	PASS	-	-	.	.	.	.	.	.	.	.	0
pangenie	chr10	133309944	133309944	chr10-133309947-INS->28281974>28281977>28281978>28281979>28281980>28281982>28281983>28281984>28281986>28281987-20	1	21	20	0/1	1	.	PASS	-	-	.	.	.	.	.	.	.	.	0
pangenie	chr10	133309955	133309955	chr10-133309955-SNV->28281997>28281999>28282000-1	1	1	0	0/1	1	.	PASS	-	-	.	.	.	.	.	.	.	.	0
truth_stvar	chr10	133309964	133309964	.	1	21	20	1|0	.	.	.	.	.	-	-	yes	ref	1	INS	192	.	0
truth_smvar	chr10	133309964	133309964	.	1	21	20	1|0	.	.	.	.	.	-	-	no:duplicate_of_stvar	ref	1	.	192	.	0
vg	chr10	133309964	133309964	>28033563>28033649	1	1	0	1|1	1	28.1463	PASS	-	-	.	.	.	.	.	.	.	.	0
pangenie	chr10	133309966	133309999	chr10-133309966-COMPLEX->28282013>28282039>28282040>28282042>28282044>28282045>28282047>28282049>28282050>28282053>28282055>28282056>28282058>28282059>28282061>28282062>28282064>28282065>28282067>28282068>28282072>28282073-50	34	50	16	0/1	1	.	PASS	-	-	.	.	.	.	.	.	.	.	0
pangenie	chr10	133309966	133310000	chr10-133309966-COMPLEX->28282013>28282039>28282040>28282042>28282044>28282045>28282047>28282049>28282050>28282062>28282064>28282065>28282066>28282068>28282069>28282071>28282074-35	35	31	-4	1/0	1	.	PASS	-	-	.	.	.	.	.	.	.	.	0
vg	chr10	133309969	133309969	>28033645>28033648	1	1	0	0|1	1	2.80082	PASS	-	-	.	.	.	.	.	.	.	.	0
truth_stvar	chr10	133309970	133309978	.	9	1	8	1|0	.	.	.	.	.	-	-	yes	ref	1	.	.	.	0
truth_smvar	chr10	133309970	133309978	.	9	1	8	1|0	.	.	.	.	.	-	-	no:duplicate_of_stvar	ref	1	.	.	.	0
truth_stvar	chr10	133309980	133309980	.	1	173	172	0|1	.	.	.	.	.	TP	FN	ref	yes	1	INS	192	.	0
truth_stvar	chr10	133309980	133309980	.	1	1	0	1|0	.	.	.	.	.	-	-	yes	ref	1	.	.	.	0
truth_smvar	chr10	133309980	133309980	.	1	1,173	172	1|2	.	.	.	.	.	-	-	no:duplicate_of_stvar	no:duplicate_of_stvar	1	.	.	.	0
pangenie	chr10	133309980	133309980	chr10-133310322-INS->28282364>28282365>28282367>28282368>28282370>28282371>28282378>28282380>28282382>28282383>28282384>28282386>28282388>28282389>28282423>28282424>28282425>28282427>28282428>28282430>28282492>28282494>28282495>28282497>28282499>28282506>28282508>28282509>28282510>28282512>28282514>28282515>28283045>28283047>28283048>28283050>28283051>28283053>28283055>28283056>28283057>28283060>28283061>28283063>28283064>28283147>28283151>28283152>28283153>28283154>28283156>28283157>28283159>28283160>28283162>28283164>28283165>28283166>28283169>28283170>28283172>28283173>28283174>28283184>28283187>28283188>28283190>28283191>28283193>28283194>28283196>28283197>28283199>28283201>28283202>28283203>28283205>28283217>28283254>28283256>28283257>28283325>28283327>28283336>28283337>28283340>28283341>28283343>28283345>28283346>28283348>28283349>28283351>28283352>28283354>28283355>28283357>28283358>28283359>28283360>28283361>28283363>28283364>28283366>28283367>28283369>28283370>28283372>28283373>28283375>28283376>28283377>28283378>28283380>28283381>28283382>28283383>28283385>28283386>28283388>28283389-477	1	478	477	0/1	1	.	PASS	FP	-	.	.	.	.	.	.	.	763.14,763.17	0
vg	chr10	133309990	133309990	>28033668>28033680	1	17	16	1|0	1	14.4009	PASS	-	-	.	.	.	.	.	.	.	.	0
truth_stvar	chr10	133310000	133310000	.	1	1	0	1|0	.	.	.	.	.	-	-	yes	ref	1	.	.	.	0
truth_smvar	chr10	133310000	133310000	.	1	1	0	1|0	.	.	.	.	.	-	-	no:duplicate_of_stvar	ref	1	.	.	.	0
vg	chr10	133310000	133310114	>28033657>28033905	115	43	-72	2|1	1	21.1904	PASS	TP	-	.	.	.	.	.	.	.	779.13,779.21	0
vg	chr10	133310000	133310114	>28033657>28033905	115	129	14	2|1	1	21.1904	PASS	-	-	.	.	.	.	.	.	.	.	0
vg	chr10	133310020	133310020	>28033726>28033729	1	1	0	1|.	1	8.05982	PASS	-	-	.	.	.	.	.	.	.	.	0
pangenie	chr10	133310020	133310020	chr10-133310020-SNV->28282081>28282083>28282084-1	1	1	0	0/1	1	.	PASS	-	-	.	.	.	.	.	.	.	.	0
pangenie	chr10	133310022	133310022	chr10-133310022-SNV->28282084>28282086>28282087-1	1	1	0	0/1	1	.	PASS	-	-	.	.	.	.	.	.	.	.	0
pangenie	chr10	133310022	133310022	chr10-133310026-INS->28282090>28282091>28282093>28282094>28282096>28282097>28282099>28282100-16	1	17	16	0/1	1	.	PASS	-	-	.	.	.	.	.	.	.	.	0
vg	chr10	133310028	133310028	>28033746>28033750	1	5	4	1|.	1	5.90854	PASS	-	-	.	.	.	.	.	.	.	.	0
vg	chr10	133310041	133310041	>28033807>28033810	1	1	0	1|.	1	8.14848	PASS	-	-	.	.	.	.	.	.	.	.	0
pangenie	chr10	133310041	133310041	chr10-133310041-SNV->28282110>28282112>28282113-1	1	1	0	0/1	1	.	PASS	-	-	.	.	.	.	.	.	.	.	0
vg	chr10	133310063	133310063	>28033823>28033826	1	1	0	1|.	1	3.66342	PASS	-	-	.	.	.	.	.	.	.	.	0
pangenie	chr10	133310063	133310063	chr10-133310063-SNV->28282128>28282130>28282131-1	1	1	0	0/1	1	.	PASS	-	-	.	.	.	.	.	.	.	.	0
pangenie	chr10	133310070	133310087	chr10-133310071-DEL->28282138>28282140-17	18	1	-17	0/1	1	.	PASS	-	-	.	.	.	.	.	.	.	.	0
pangenie	chr10	133310096	133310170	chr10-133310096-DEL->28282150>28282152>28282212-74	75	1	-74	0/1	1	.	PASS	TP	-	.	.	.	.	.	.	.	763.13,763.18	0
vg	chr10	133310142	133310147	>28033880>28033883	6	1	-5	1|0	1	2.45701	PASS	-	-	.	.	.	.	.	.	.	.	0
vg	chr10	133310151	133310151	>28033884>28033887	1	1	0	1|0	1	1.25692	PASS	-	-	.	.	.	.	.	.	.	.	0
vg	chr10	133310154	133310155	>28033657>28033905	2	2	0	1|0	1	21.1904	PASS	-	-	.	.	.	.	.	.	.	.	0
vg	chr10	133310169	133310169	>28033898>28033901	1	1	0	1|0	1	1.67989	PASS	-	-	.	.	.	.	.	.	.	.	0
vg	chr10	133310179	133310179	>28033911>28033914	1	1	0	1|0	1	1.84454	PASS	-	-	.	.	.	.	.	.	.	.	0
pangenie	chr10	133310179	133310179	chr10-133310179-SNV->28282218>28282220>28282221-1	1	1	0	0/1	1	.	PASS	-	-	.	.	.	.	.	.	.	.	0
vg	chr10	133310181	133310181	>28033916>28033928	1	17	16	1|0	1	5.96667	PASS	-	-	.	.	.	.	.	.	.	.	0
pangenie	chr10	133310182	133310182	chr10-133310182-SNV->28282223>28282225>28282226-1	1	1	0	0/1	1	.	PASS	-	-	.	.	.	.	.	.	.	.	0
vg	chr10	133310187	133310229	>28033936>28033949	43	1	-42	1|0	1	7.57866	PASS	-	-	.	.	.	.	.	.	.	.	0
pangenie	chr10	133310191	133310233	chr10-133310191-DEL->28282227>28282232>28282240-42	43	1	-42	0/1	1	.	PASS	-	-	.	.	.	.	.	.	.	.	0
truth_stvar	chr10	133310233	133310233	.	1	1	0	1|0	.	.	.	.	.	-	-	yes	ref	1	.	.	.	0
truth_smvar	chr10	133310233	133310233	.	1	1	0	1|0	.	.	.	.	.	-	-	no:duplicate_of_stvar	ref	1	.	.	.	0
pangenie	chr10	133310233	133310233	chr10-133310233-SNV->28282237>28282239>28282240-1	1	1	0	1/0	1	.	PASS	-	-	.	.	.	.	.	.	.	.	0
pangenie	chr10	133310234	133310236	chr10-133310234-DEL->28282240>28282243-2	3	1	-2	0/1	1	.	PASS	-	-	.	.	.	.	.	.	.	.	0
pangenie	chr10	133310236	133310254	chr10-133310239-DEL->28282243>28282255-18	19	1	-18	0/1	1	.	PASS	-	-	.	.	.	.	.	.	.	.	0
truth_stvar	chr10	133310240	133310240	.	1	1	0	1|0	.	.	.	.	.	-	-	yes	ref	1	.	.	.	0
truth_smvar	chr10	133310240	133310240	.	1	1	0	1|0	.	.	.	.	.	-	-	no:duplicate_of_stvar	ref	1	.	.	.	0
vg	chr10	133310240	133310240	>28033955>28033958	1	1	0	1|0	1	23.567	PASS	-	-	.	.	.	.	.	.	.	.	0
pangenie	chr10	133310240	133310240	chr10-133310240-SNV->28282243>28282245>28282246-1	1	1	0	1/0	1	.	PASS	-	-	.	.	.	.	.	.	.	.	0
vg	chr10	133310250	133310250	>28033963>28035250	1	1266	1265	1|0	1	146.197	PASS	FP	-	.	.	.	.	.	.	.	779.6,779.22	0
vg	chr10	133310261	133310261	>28035224>28035241	1	120	119	1|0	1	43.9726	PASS	FP	-	.	.	.	.	.	.	.	779.3,779.23	0
pangenie	chr10	133310265	133310265	chr10-133310265-SNV->28282263>28282265>28282266-1	1	1	0	0/1	1	.	PASS	-	-	.	.	.	.	.	.	.	.	0
pangenie	chr10	133310268	133310269	chr10-133310268-COMPLEX->28282269>28282271>28282273>28282275-2	2	2	0	0/1	1	.	PASS	-	-	.	.	.	.	.	.	.	.	0
pangenie	chr10	133310287	133310287	chr10-133310287-SNV->28282279>28282281>28282282-1	1	1	0	0/1	1	.	PASS	-	-	.	.	.	.	.	.	.	.	0
pangenie	chr10	133310312	133310312	chr10-133310320-INS->28282333>28282334>28282336>28282338>28282339>28282341>28282342>28282344>28282346>28282347>28282362-12	1	13	12	0/1	1	.	PASS	-	-	.	.	.	.	.	.	.	.	0
pangenie	chr10	133310312	133310312	chr10-133310315-INS->28282308>28282309>28282310>28282312>28282313>28282315>28282318>28282319>28282321>28282322>28282323>28282324>28282326-24	1	25	24	0/1	1	.	PASS	-	-	.	.	.	.	.	.	.	.	0
truth_stvar	chr10	133310328	133310328	.	1	1	0	1|0	.	.	.	.	.	-	-	yes	ref	1	.	.	.	0
truth_smvar	chr10	133310328	133310328	.	1	1	0	1|0	.	.	.	.	.	-	-	no:duplicate_of_stvar	ref	1	.	.	.	0
vg	chr10	133310328	133310328	>28035261>28035264	1	1	0	1|0	1	1.96936	PASS	-	-	.	.	.	.	.	.	.	.	0
pangenie	chr10	133310328	133310328	chr10-133310328-SNV->28283389>28283391>28283392-1	1	1	0	1/0	1	.	PASS	-	-	.	.	.	.	.	.	.	.	0
truth_stvar	chr10	133310455	133310455	.	1	1	0	1|0	.	.	.	.	.	-	-	yes	ref	1	.	.	.	0
truth_smvar	chr10	133310455	133310455	.	1	1	0	1|0	.	.	.	.	.	-	-	no:duplicate_of_stvar	ref	1	.	.	.	0
vg	chr10	133310455	133310455	>28035281>28035284	1	1	0	1|0	1	70.1309	PASS	-	-	.	.	.	.	.	.	.	.	0
pangenie	chr10	133310455	133310455	chr10-133310455-SNV->28283409>28283411>28283412-1	1	1	0	0/1	1	.	PASS	-	-	.	.	.	.	.	.	.	.	0
